ply
format ascii 1.0
element vertex 15970
property float x
property float y
property float z
property uchar red
property uchar green
property uchar blue
end_header
-15.3125 14.5000 4.8550 180 120 60
0.3750 -18.5000 3.8200 180 120 60
7.9375 18.0000 10.3860 34 139 34
24.5000 13.5000 11.8720 34 139 34
24.9375 1.0000 6.5940 255 165 0
20.3125 8.0000 8.2730 34 139 34
-23.6875 -5.5000 3.3150 180 120 60
3.2500 -10.0000 15.2170 34 139 34
-5.6250 12.5000 5.8180 180 120 60
1.1875 -9.5000 5.0970 34 139 34
-8.8750 25.0000 8.5590 34 139 34
-15.5000 -17.5000 3.4730 180 120 60
-19.1875 7.5000 2.9550 180 120 60
24.9375 -9.5000 3.6300 180 120 60
15.6875 -17.0000 7.5000 34 139 34
-2.1875 -3.0000 7.2020 34 139 34
10.1875 -11.0000 3.4410 34 139 34
23.9375 -9.5000 2.5860 180 120 60
-8.7500 -17.0000 3.2380 180 120 60
2.7500 17.5000 12.0370 34 139 34
-3.6250 -23.0000 6.1980 34 139 34
21.1875 -10.5000 2.1320 180 120 60
-6.8750 22.0000 5.4580 180 120 60
3.7500 -8.5000 16.5270 34 139 34
17.6250 20.0000 15.6330 34 139 34
-14.5000 -14.0000 3.2960 180 120 60
6.3125 -15.5000 20.3960 34 139 34
-16.5625 11.0000 6.3710 34 139 34
9.7500 24.5000 3.8830 34 139 34
-21.5625 14.0000 7.8700 34 139 34
3.3125 23.5000 3.7500 180 120 60
2.5625 -12.0000 15.0030 34 139 34
-11.0625 -17.0000 3.2530 180 120 60
6.5000 -23.0000 11.7430 34 139 34
-23.8750 16.0000 6.3450 220 50 50
14.8750 20.5000 12.7470 34 139 34
-14.8125 5.0000 2.9570 180 120 60
8.5625 -0.5000 13.4270 34 139 34
-10.6875 10.0000 9.3870 34 139 34
-3.4375 -22.0000 3.6700 180 120 60
18.0000 -12.5000 0.9070 180 120 60
17.1875 16.0000 17.3650 34 139 34
21.7500 -21.0000 3.1580 34 139 34
-4.0000 -4.5000 3.0900 180 120 60
4.2500 -4.0000 13.8640 34 139 34
-19.2500 2.0000 3.0360 180 120 60
8.6250 -18.0000 2.4790 34 139 34
0.5000 -23.5000 7.0480 220 50 50
-19.3750 6.5000 2.9550 180 120 60
18.8750 18.0000 16.1680 34 139 34
22.5000 21.0000 11.4520 34 139 34
-19.4375 19.5000 5.2270 180 120 60
0.2500 24.5000 8.7100 34 139 34
-9.8750 -21.0000 3.4010 180 120 60
23.1250 24.0000 5.5200 34 139 34
-13.5000 13.0000 4.7310 34 139 34
22.8750 11.0000 13.7660 34 139 34
21.3750 0.5000 6.5010 255 165 0
-14.8750 -8.5000 3.2510 180 120 60
-2.0000 -13.5000 17.8480 34 139 34
1.4375 14.5000 5.9000 180 120 60
-21.1250 -14.5000 3.4280 180 120 60
-6.5000 21.0000 7.1160 34 139 34
7.3125 -11.5000 10.3620 34 139 34
8.1250 -22.0000 9.9710 34 139 34
-6.8125 -21.5000 3.3880 180 120 60
19.0000 -8.5000 1.6390 34 139 34
-3.3750 5.5000 17.4210 34 139 34
-16.5000 5.0000 5.3070 34 139 34
3.0625 -9.0000 10.1640 34 139 34
1.4375 14.0000 5.8740 180 120 60
-20.6875 -13.0000 3.4000 180 120 60
21.6250 9.0000 13.7020 34 139 34
4.8125 -9.5000 16.8570 34 139 34
4.6875 14.5000 6.1310 180 120 60
-12.7500 11.5000 13.7250 34 139 34
2.7500 5.0000 12.3710 34 139 34
-2.8750 23.0000 10.5600 34 139 34
-22.0000 21.0000 5.2030 34 139 34
2.5625 -4.0000 3.1240 180 120 60
5.4375 13.5000 6.1450 180 120 60
2.8750 0.5000 16.1940 34 139 34
8.9375 20.5000 8.6720 34 139 34
-7.8750 -20.5000 3.3800 180 120 60
-7.6875 6.0000 5.9470 34 139 34
19.6250 13.5000 12.7940 34 139 34
-3.5625 -17.5000 14.0460 34 139 34
-21.8125 -17.0000 13.1640 34 139 34
4.4375 -19.5000 21.4870 34 139 34
-0.1250 -20.5000 3.9010 180 120 60
1.2500 -12.5000 16.5350 34 139 34
-19.2500 -11.0000 3.3670 180 120 60
-18.3750 -19.5000 16.0410 34 139 34
-18.4375 -23.0000 6.1310 34 139 34
-11.7500 12.5000 10.2240 34 139 34
10.1250 -13.0000 8.4270 34 139 34
-1.5625 -16.5000 16.1410 34 139 34
20.5000 -3.5000 1.2250 34 139 34
21.2500 -1.5000 6.5040 255 165 0
-7.1250 -11.0000 3.1780 180 120 60
-20.8750 -11.0000 3.3620 180 120 60
11.9375 -13.5000 7.8100 34 139 34
6.9375 -4.5000 12.4060 34 139 34
10.6875 -15.0000 9.5500 34 139 34
17.4375 13.5000 7.3770 34 139 34
1.3750 20.0000 11.6910 34 139 34
12.5000 -15.5000 7.3810 34 139 34
24.2500 -2.5000 6.4760 255 165 0
3.8125 -2.0000 6.6100 34 139 34
25.1875 12.5000 0.3850 34 139 34
16.9375 15.5000 7.5210 34 139 34
22.9375 10.0000 15.0940 34 139 34
12.6875 22.5000 13.3900 34 139 34
0.9375 -24.0000 6.7910 220 50 50
2.0000 -11.5000 14.5890 34 139 34
-3.0000 -14.5000 16.9190 34 139 34
10.3125 21.0000 3.5760 180 120 60
24.5000 6.0000 15.9900 34 139 34
1.3750 -11.5000 15.3580 34 139 34
-5.1875 -23.5000 5.9180 34 139 34
6.4375 -19.0000 22.5010 34 139 34
21.6875 17.0000 17.5530 34 139 34
-4.3125 10.0000 6.3260 34 139 34
-2.9375 -15.5000 16.7550 34 139 34
2.0625 -10.5000 12.4800 34 139 34
-19.8750 -14.5000 3.3840 180 120 60
-20.6250 -16.0000 6.7820 34 139 34
5.8125 -9.0000 17.5060 34 139 34
21.5000 -19.0000 2.5700 180 120 60
24.7500 -24.5000 3.7310 34 139 34
12.1250 17.5000 12.0340 34 139 34
-7.9375 14.5000 5.7230 180 120 60
9.7500 5.0000 6.3020 180 120 60
1.8125 -14.5000 14.7550 34 139 34
21.9375 24.5000 9.3240 34 139 34
-20.9375 -19.5000 20.9130 34 139 34
-16.3750 6.0000 12.9280 34 139 34
-17.6250 5.5000 8.7560 34 139 34
-21.6875 2.0000 3.0660 180 120 60
17.3125 -14.0000 2.4460 34 139 34
-16.7500 -19.0000 3.3590 180 120 60
-1.2500 -6.5000 3.1660 180 120 60
-12.7500 13.0000 6.0160 34 139 34
-11.9375 16.5000 5.5110 180 120 60
5.1875 20.0000 10.8430 34 139 34
19.3750 17.0000 16.2530 34 139 34
8.5625 20.0000 9.1230 34 139 34
13.1875 4.0000 6.3000 180 120 60
-1.1250 -19.0000 14.3310 34 139 34
23.5000 -2.0000 6.5430 255 165 0
-16.6250 -12.5000 3.2850 180 120 60
1.5625 4.5000 15.3360 34 139 34
7.6250 -6.0000 12.9940 34 139 34
-23.7500 4.5000 3.0010 180 120 60
19.8750 -21.5000 3.3410 34 139 34
24.3125 -23.0000 7.1050 34 139 34
-9.6875 0.5000 2.9710 180 120 60
15.9375 3.0000 6.4380 255 165 0
8.5625 6.5000 7.9090 128 128 128
1.1875 -24.0000 6.7010 220 50 50
9.3750 -19.0000 8.0360 34 139 34
-21.3750 17.5000 6.8630 34 139 34
-18.8125 20.0000 5.2020 180 120 60
-17.6250 -22.0000 16.3840 34 139 34
9.4375 8.0000 6.3020 180 120 60
19.3750 17.0000 0.3100 30 144 255
20.4375 -11.5000 2.5800 34 139 34
20.0000 -2.5000 7.4070 128 128 128
10.0000 -14.5000 9.8360 34 139 34
19.6875 24.0000 9.0250 34 139 34
5.3750 -14.0000 18.9080 34 139 34
-9.4375 -3.0000 3.0740 180 120 60
-6.4375 7.5000 4.0810 180 120 60
11.5625 12.5000 9.9640 34 139 34
4.3125 -21.5000 21.7020 34 139 34
9.0000 -10.0000 12.9700 34 139 34
9.9375 10.0000 6.2070 180 120 60
-11.0625 7.5000 5.9800 34 139 34
-23.1875 -9.0000 3.3820 180 120 60
3.1875 9.5000 6.1060 180 120 60
9.2500 -14.0000 15.9630 34 139 34
10.0625 -23.5000 3.0960 34 139 34
4.1875 -9.0000 16.5260 34 139 34
5.5000 -16.5000 19.0380 34 139 34
-14.6250 20.0000 5.4160 180 120 60
1.7500 6.5000 11.4490 34 139 34
-16.7500 -21.5000 16.0720 34 139 34
21.1875 4.0000 6.5070 255 165 0
8.3750 10.0000 6.1990 180 120 60
-23.9375 -22.0000 18.0860 34 139 34
-17.8125 -13.0000 3.3640 180 120 60
3.7500 -9.5000 10.9620 34 139 34
21.8750 -15.5000 2.5810 180 120 60
18.9375 3.5000 6.4610 255 165 0
-24.5625 -7.5000 3.3260 180 120 60
11.1875 4.0000 6.2720 180 120 60
4.0625 19.5000 11.3870 34 139 34
24.6875 -23.0000 3.6100 34 139 34
8.0625 -22.0000 11.7860 34 139 34
-15.1875 -17.5000 3.4820 180 120 60
10.9375 -16.0000 8.1770 34 139 34
25.1250 -5.0000 6.6670 180 120 60
7.5625 3.5000 6.0030 180 120 60
-10.5625 -13.0000 3.2420 180 120 60
-7.5625 -18.5000 6.6750 220 50 50
6.0625 3.0000 5.2380 180 120 60
-18.3125 5.5000 6.0670 34 139 34
-23.3750 -6.0000 3.2890 180 120 60
-20.7500 16.5000 7.7910 34 139 34
4.3125 2.0000 11.1540 34 139 34
9.7500 -0.5000 12.0790 34 139 34
23.5625 2.0000 14.1340 34 139 34
24.7500 0.0000 6.5810 255 165 0
-21.3125 -15.0000 3.4080 180 120 60
7.5000 -14.0000 13.1320 34 139 34
-21.0000 22.0000 5.2510 180 120 60
-21.6250 -22.0000 19.9630 34 139 34
14.6250 -16.0000 6.2310 34 139 34
-8.5000 3.0000 3.3660 34 139 34
-7.8750 3.0000 3.3750 34 139 34
12.6875 24.0000 13.9990 34 139 34
-13.9375 -21.5000 4.8100 34 139 34
7.0000 -16.0000 20.9740 34 139 34
-22.1250 -2.0000 3.1240 180 120 60
-20.0000 -5.0000 3.2100 180 120 60
1.3125 -2.0000 11.2970 34 139 34
-3.8750 4.0000 19.1670 34 139 34
-11.2500 -11.5000 3.2310 180 120 60
24.6250 18.0000 0.2700 30 144 255
-20.1875 20.0000 5.2550 180 120 60
-20.5000 22.0000 5.2370 180 120 60
21.0000 -2.5000 6.6210 255 165 0
7.0000 21.5000 9.1120 34 139 34
20.7500 7.5000 13.7340 34 139 34
-23.9375 -2.5000 3.2370 180 120 60
8.2500 -13.0000 16.3630 34 139 34
-19.1250 -9.0000 3.3390 180 120 60
-23.4375 13.5000 2.9710 180 120 60
24.4375 -23.5000 7.0300 34 139 34
8.6875 -16.0000 16.8720 34 139 34
10.0625 6.5000 7.4200 128 128 128
-3.9375 19.5000 10.2390 34 139 34
-23.8750 19.0000 5.8200 34 139 34
11.9375 -11.5000 4.7360 34 139 34
-8.5000 -12.5000 3.1530 180 120 60
11.8750 19.5000 7.9630 34 139 34
-1.6250 -4.5000 8.1760 34 139 34
-13.4375 22.0000 5.3420 180 120 60
15.7500 -19.0000 0.7520 180 120 60
-16.5000 -24.0000 12.5700 34 139 34
-15.3125 22.5000 5.3160 180 120 60
-21.3125 21.5000 5.2070 180 120 60
-14.3750 -24.0000 4.3310 34 139 34
4.8125 -16.0000 18.6870 34 139 34
10.3750 -4.0000 9.5930 34 139 34
22.9375 18.0000 9.9150 34 139 34
10.3750 -9.5000 8.5680 34 139 34
20.2500 -1.0000 6.4150 255 165 0
-8.1875 19.0000 5.4990 180 120 60
-5.2500 -21.5000 5.7610 220 50 50
18.8750 -15.0000 6.6070 34 139 34
-12.0625 -11.0000 3.2600 180 120 60
18.0625 6.5000 6.5690 255 165 0
6.9375 15.0000 11.4790 34 139 34
8.4375 14.0000 11.4990 34 139 34
-2.5000 -17.0000 14.2030 34 139 34
22.0000 0.0000 6.5310 255 165 0
-8.0625 19.5000 5.4810 180 120 60
-24.6875 19.5000 9.1450 34 139 34
4.2500 22.0000 9.5280 34 139 34
7.8750 -5.5000 12.5310 34 139 34
-23.5000 18.0000 5.2440 34 139 34
-0.8750 -18.0000 13.8140 34 139 34
1.5625 4.5000 15.3590 34 139 34
22.8750 21.0000 3.5690 34 139 34
-0.5625 0.0000 3.7090 34 139 34
-9.0625 24.0000 5.1940 180 120 60
11.6875 19.5000 8.3090 34 139 34
-13.1250 -7.0000 3.1280 180 120 60
24.4375 -8.0000 2.7890 180 120 60
-0.0625 23.0000 9.9660 34 139 34
-23.5000 -2.5000 3.1430 180 120 60
9.9375 -15.0000 10.3380 34 139 34
-15.1250 0.5000 3.0250 180 120 60
5.5625 -10.5000 16.6980 34 139 34
0.1875 -18.5000 14.4760 34 139 34
19.6250 18.0000 11.9470 34 139 34
17.3125 0.0000 6.5590 255 165 0
25.0625 22.5000 6.5060 34 139 34
-16.5625 -15.0000 3.4070 180 120 60
-15.5000 -24.0000 3.5650 180 120 60
24.5000 1.5000 13.1800 34 139 34
14.0000 22.5000 14.8320 34 139 34
-9.8750 23.5000 8.0560 34 139 34
-0.9375 6.0000 10.9950 34 139 34
-1.3750 9.5000 5.8410 180 120 60
-17.4375 -12.0000 3.3070 180 120 60
6.4375 4.0000 5.6040 180 120 60
12.9375 -13.5000 7.0970 34 139 34
-17.4375 7.5000 12.6280 34 139 34
19.9375 22.5000 8.2450 34 139 34
9.5000 -4.0000 8.4720 34 139 34
7.3125 -11.5000 14.8710 34 139 34
-20.3750 -19.5000 19.2720 34 139 34
-4.6250 9.0000 7.1090 34 139 34
20.1250 18.0000 17.5940 34 139 34
-16.0625 -5.0000 3.1890 180 120 60
-24.3750 7.0000 2.9240 180 120 60
2.3750 5.5000 14.6150 34 139 34
9.8750 24.0000 3.6840 180 120 60
9.5000 -4.5000 3.5750 34 139 34
-7.6250 -22.0000 3.4330 180 120 60
-1.5625 -8.5000 13.7980 34 139 34
9.5000 -9.0000 12.1520 34 139 34
-18.4375 25.5000 5.2640 180 120 60
4.7500 15.0000 11.6680 34 139 34
-0.2500 -23.5000 7.2290 220 50 50
-7.6875 -16.5000 3.2110 180 120 60
-23.6875 -2.0000 3.0880 180 120 60
-20.7500 4.0000 3.0300 180 120 60
-3.0625 -16.0000 14.6550 34 139 34
8.3750 -21.5000 2.4950 34 139 34
-1.5000 4.0000 19.6890 34 139 34
12.1875 17.5000 8.8090 34 139 34
0.1250 16.5000 9.1920 34 139 34
-7.0000 16.0000 5.7120 180 120 60
23.1875 24.0000 5.5650 34 139 34
-8.6250 0.5000 3.0610 180 120 60
14.6875 -24.0000 5.9910 34 139 34
9.4375 -21.0000 0.8100 30 144 255
10.8125 12.0000 17.5300 128 128 128
3.4375 -3.5000 5.8060 34 139 34
2.6250 0.5000 17.1020 34 139 34
19.2500 17.5000 4.1240 34 139 34
2.7500 17.5000 11.9580 34 139 34
-9.6875 11.0000 8.4630 34 139 34
4.6875 -11.5000 15.5300 34 139 34
2.9375 -18.0000 3.8920 180 120 60
-0.6875 20.0000 12.4060 34 139 34
22.3750 20.0000 5.8680 34 139 34
7.6250 -1.5000 9.3910 34 139 34
-12.5000 20.5000 5.4330 180 120 60
-4.3750 6.0000 18.3820 34 139 34
-6.1875 7.0000 7.5070 34 139 34
14.1875 22.0000 16.3060 34 139 34
5.8125 -20.5000 21.6610 34 139 34
-1.3125 12.5000 5.9280 180 120 60
3.1250 -23.5000 7.4600 34 139 34
-10.1250 -5.0000 3.0950 180 120 60
24.6875 20.0000 2.2230 34 139 34
-20.0000 10.5000 2.8680 180 120 60
21.5000 24.0000 8.3320 34 139 34
-11.3750 10.0000 3.6440 180 120 60
18.1875 24.5000 5.5820 34 139 34
1.7500 18.5000 11.6590 34 139 34
18.0625 5.5000 6.4120 255 165 0
13.5000 10.5000 8.4840 34 139 34
13.3750 -23.0000 5.8330 34 139 34
22.5000 -11.0000 1.9630 180 120 60
-13.8125 -22.5000 5.6870 34 139 34
21.1875 19.5000 5.7730 34 139 34
-12.1250 10.0000 6.3440 34 139 34
-11.6875 -7.0000 3.1950 180 120 60
0.9375 -5.5000 9.7280 34 139 34
-7.3750 25.0000 4.9960 180 120 60
-20.6875 -6.0000 3.2820 180 120 60
-21.5000 -23.0000 13.8430 34 139 34
18.6250 -12.5000 1.7160 180 120 60
-2.0625 -20.5000 3.8390 180 120 60
7.1875 -6.5000 15.6790 34 139 34
-15.3125 1.5000 3.0400 180 120 60
17.5000 -20.0000 4.2690 34 139 34
-9.0625 11.0000 6.0890 34 139 34
-19.5000 15.5000 7.7200 34 139 34
18.0625 -21.0000 2.0870 34 139 34
19.5000 -10.0000 2.3650 34 139 34
-18.6250 -7.5000 3.2190 180 120 60
-0.8750 -8.0000 3.2980 180 120 60
-9.8750 0.0000 3.0820 180 120 60
-1.3125 -21.0000 4.5630 34 139 34
-14.8750 12.0000 6.6580 34 139 34
-14.3125 13.0000 10.7710 34 139 34
-10.7500 -24.5000 3.5760 180 120 60
4.1250 -13.0000 14.0820 34 139 34
9.1875 -14.0000 16.1370 34 139 34
-6.8750 10.5000 5.6460 34 139 34
-19.3750 17.5000 5.2950 34 139 34
14.8750 7.0000 6.4040 180 120 60
-21.3125 11.0000 2.9830 180 120 60
-3.9375 -9.0000 12.9920 34 139 34
-12.1250 -6.0000 3.1890 180 120 60
13.7500 4.0000 6.3490 255 165 0
10.3750 -4.5000 3.2660 34 139 34
-9.9375 -23.0000 3.5340 180 120 60
5.4375 3.5000 5.7540 34 139 34
6.0625 -5.5000 14.1990 34 139 34
19.1250 14.5000 16.9510 34 139 34
15.6875 10.5000 8.3690 34 139 34
-19.4375 16.5000 6.2900 34 139 34
9.4375 0.5000 13.8540 34 139 34
-5.7500 10.0000 5.4060 180 120 60
8.9375 -9.5000 9.6700 34 139 34
2.2500 -22.5000 6.7250 220 50 50
24.4375 -14.0000 2.2540 180 120 60
1.5000 -20.0000 6.8860 220 50 50
3.4375 20.0000 11.2140 34 139 34
3.0625 -17.0000 16.4870 34 139 34
-24.3750 -19.0000 6.4830 34 139 34
-22.2500 -14.5000 3.4150 180 120 60
-23.9375 10.5000 2.9880 180 120 60
-9.7500 -23.5000 3.5270 180 120 60
-12.0625 -16.0000 3.3660 180 120 60
-18.6250 17.5000 6.2440 34 139 34
-16.0625 -14.0000 3.2980 180 120 60
9.3125 12.0000 10.7040 34 139 34
1.2500 15.0000 5.8390 180 120 60
14.6875 4.5000 6.4050 255 165 0
-15.2500 -22.5000 3.6720 180 120 60
-4.2500 -1.0000 2.9850 180 120 60
-12.5000 -22.0000 3.8860 34 139 34
-5.1875 -24.0000 5.8490 220 50 50
5.0000 14.5000 6.1490 180 120 60
14.0000 18.0000 9.5440 34 139 34
-2.3125 1.5000 15.8690 34 139 34
2.8750 22.5000 9.8050 34 139 34
18.6250 14.0000 14.5660 34 139 34
-14.3750 -8.0000 3.2240 180 120 60
0.4375 -17.5000 15.9540 34 139 34
19.1250 -22.0000 3.3020 34 139 34
-13.8125 12.5000 3.9890 180 120 60
12.8125 0.0000 1.3120 180 120 60
13.8125 -2.5000 0.9630 34 139 34
24.5625 25.0000 0.2790 34 139 34
24.0625 -17.5000 3.2270 180 120 60
-1.3125 -17.0000 15.0610 34 139 34
-23.3125 1.0000 3.0610 180 120 60
-2.5625 12.5000 5.8990 180 120 60
-20.8125 -17.5000 3.3720 180 120 60
-4.3125 -24.0000 6.8390 34 139 34
-5.6875 -9.5000 3.1130 180 120 60
-10.4375 -0.5000 3.0470 180 120 60
-20.3750 5.5000 2.9840 180 120 60
18.5000 22.5000 10.0040 34 139 34
1.1875 -9.5000 5.0710 34 139 34
-18.3125 6.0000 6.5250 34 139 34
-17.1875 24.5000 5.1340 180 120 60
-14.6875 13.5000 11.0290 34 139 34
-17.8750 -7.5000 3.2710 180 120 60
-0.7500 18.5000 11.5280 34 139 34
11.6875 6.5000 6.3410 180 120 60
-21.4375 -10.0000 3.3170 180 120 60
24.8750 -21.5000 3.3280 34 139 34
-15.5000 4.5000 8.2040 34 139 34
7.3125 -3.0000 13.5440 34 139 34
-8.3750 -3.5000 3.3410 128 128 128
4.0625 -8.5000 16.5500 34 139 34
11.6875 -8.0000 6.1920 34 139 34
8.7500 11.0000 6.1880 180 120 60
24.8750 9.0000 18.8680 34 139 34
12.0625 15.0000 12.7790 34 139 34
-19.1250 13.5000 7.8270 34 139 34
21.8125 -1.0000 6.4970 255 165 0
15.1875 -24.5000 6.2520 34 139 34
-10.5000 -10.0000 3.2690 180 120 60
23.0625 4.0000 18.7890 34 139 34
-24.3750 18.5000 5.1460 34 139 34
-0.2500 -1.5000 5.2480 34 139 34
-17.9375 -20.5000 16.1440 34 139 34
22.9375 11.5000 0.8240 30 144 255
-17.7500 23.0000 5.3170 180 120 60
7.4375 -12.0000 14.9460 34 139 34
-20.8125 19.5000 5.1970 180 120 60
-5.5000 -12.0000 11.5200 34 139 34
2.6875 -13.5000 14.3900 34 139 34
-22.3750 -24.0000 19.2360 34 139 34
21.2500 -15.0000 2.6710 34 139 34
17.0625 14.0000 9.8080 34 139 34
10.9375 -6.5000 0.9270 180 120 60
10.3750 18.0000 7.6800 34 139 34
-3.5625 9.0000 7.3130 34 139 34
-5.0000 11.0000 5.7270 180 120 60
-9.4375 -24.0000 3.6520 180 120 60
8.3125 0.0000 10.9990 34 139 34
-13.0625 8.0000 5.8110 34 139 34
-3.0625 -13.5000 16.5180 34 139 34
6.5625 -20.5000 22.0690 34 139 34
21.3125 14.0000 14.7610 34 139 34
-4.5000 -18.5000 14.5590 34 139 34
17.3750 21.5000 3.9430 34 139 34
23.2500 19.5000 5.4670 34 139 34
-1.0000 -17.0000 16.3480 34 139 34
22.5625 17.5000 16.2320 34 139 34
7.5625 -24.5000 6.4120 34 139 34
-1.6250 6.5000 10.8970 34 139 34
-10.6875 -21.0000 3.4060 180 120 60
7.0000 19.5000 11.2130 34 139 34
5.0625 21.5000 9.0050 34 139 34
10.2500 -9.0000 8.4350 34 139 34
9.5625 9.0000 6.2740 180 120 60
-22.6875 15.0000 7.2490 34 139 34
10.8125 5.0000 6.3000 180 120 60
12.9375 20.5000 7.5830 34 139 34
-23.0000 -11.5000 3.4170 180 120 60
-11.8125 18.0000 5.5420 180 120 60
-3.5625 -16.0000 16.7510 34 139 34
1.4375 -16.0000 10.8090 34 139 34
-17.8750 -6.5000 3.2480 180 120 60
-13.9375 -6.5000 3.1250 180 120 60
5.7500 13.5000 6.1660 180 120 60
-4.1875 -21.5000 3.4310 180 120 60
16.8750 20.0000 13.2160 34 139 34
-19.7500 6.5000 2.9560 180 120 60
-18.5000 -4.5000 3.0990 180 120 60
13.8750 18.0000 12.6440 34 139 34
8.7500 5.5000 7.8960 128 128 128
7.6250 -22.0000 8.8520 34 139 34
-22.0000 -8.5000 3.3680 180 120 60
1.0000 -22.0000 6.9520 220 50 50
1.5625 1.5000 18.6510 34 139 34
-2.8125 21.5000 11.6620 34 139 34
10.2500 -8.0000 7.3750 34 139 34
22.1875 22.5000 9.7390 34 139 34
10.5625 -16.0000 8.5900 34 139 34
-8.3125 -13.0000 3.1580 180 120 60
14.9375 20.0000 15.9110 34 139 34
-1.6250 23.0000 11.0040 34 139 34
-19.8750 -9.0000 3.3240 180 120 60
23.6250 21.5000 10.8730 34 139 34
-6.5000 23.0000 7.3510 34 139 34
-18.7500 -2.0000 3.0680 180 120 60
21.6250 13.5000 11.5650 34 139 34
4.0000 -1.0000 14.2860 34 139 34
3.1875 -3.5000 8.5200 34 139 34
-9.5000 -8.5000 3.1970 180 120 60
8.2500 1.5000 10.8350 34 139 34
6.4375 -4.0000 6.4260 34 139 34
8.6875 18.0000 11.2280 34 139 34
-22.0000 19.5000 5.0230 34 139 34
-4.0625 -20.5000 3.3740 180 120 60
9.0000 14.0000 11.0780 34 139 34
-3.0625 3.5000 18.1160 34 139 34
-1.1875 -14.0000 17.2710 34 139 34
19.1250 22.5000 11.8920 34 139 34
9.5625 25.5000 9.7920 34 139 34
-3.6250 -18.0000 15.6380 34 139 34
6.5625 -13.0000 17.1280 34 139 34
24.7500 17.5000 9.6140 34 139 34
7.7500 -5.5000 13.0570 34 139 34
-20.6250 -18.5000 6.0680 34 139 34
18.1875 19.5000 13.1860 34 139 34
-1.1250 -1.0000 5.1080 34 139 34
4.2500 -4.0000 13.8340 34 139 34
-12.5625 -8.0000 3.2060 180 120 60
-18.2500 3.0000 2.9330 180 120 60
-2.0625 -3.0000 3.2290 180 120 60
-5.3750 0.5000 3.1230 180 120 60
21.8125 21.0000 10.0310 34 139 34
-10.6250 -16.5000 3.2330 180 120 60
24.5625 19.5000 9.1180 34 139 34
-23.0000 -9.5000 3.3630 180 120 60
-15.5625 -12.0000 3.3060 180 120 60
-22.3125 -7.0000 3.3370 180 120 60
-12.1875 -13.0000 3.2890 180 120 60
20.5625 7.0000 13.4910 34 139 34
9.6250 22.5000 3.5510 180 120 60
23.5625 10.0000 18.0070 34 139 34
-6.1875 -19.5000 6.4570 220 50 50
5.1875 5.0000 13.1270 34 139 34
11.5000 -3.5000 2.6770 34 139 34
-23.3750 -16.0000 11.8240 34 139 34
21.8125 17.0000 16.5460 34 139 34
-3.9375 8.5000 5.6270 34 139 34
21.3125 21.0000 2.7420 34 139 34
21.3750 -12.5000 2.8760 34 139 34
-5.9375 25.0000 4.8940 180 120 60
13.2500 -16.0000 7.5080 34 139 34
-8.6875 7.5000 6.6950 34 139 34
-13.8750 -20.0000 3.3370 180 120 60
-19.2500 -12.0000 3.3710 180 120 60
-2.8750 -16.5000 14.5290 34 139 34
3.8125 5.0000 14.5900 34 139 34
-6.1875 22.5000 9.1110 34 139 34
-7.1875 -13.0000 3.1660 180 120 60
11.1250 25.0000 15.5660 34 139 34
4.1250 -19.5000 21.4660 34 139 34
6.7500 -16.0000 20.8690 34 139 34
-2.5000 -9.0000 12.9470 34 139 34
20.1250 22.5000 8.3280 34 139 34
5.5000 -3.5000 15.0570 34 139 34
14.9375 -17.5000 7.3030 34 139 34
-7.0625 -15.5000 13.4900 34 139 34
5.5000 -20.5000 20.5970 34 139 34
-20.0625 13.0000 5.5320 34 139 34
-7.3750 -5.5000 3.0730 180 120 60
13.0000 -14.5000 7.1130 34 139 34
5.6250 -1.5000 13.5000 34 139 34
22.6875 8.0000 15.7060 34 139 34
-0.5000 -19.5000 12.4120 34 139 34
-22.3750 -4.0000 3.1690 180 120 60
-1.8750 -23.5000 6.0790 34 139 34
-0.4375 0.5000 16.3430 34 139 34
7.6875 13.5000 10.8030 34 139 34
16.6250 25.0000 6.4370 34 139 34
-3.3125 -23.0000 5.9410 34 139 34
-11.8125 24.5000 9.0990 34 139 34
6.6875 -22.0000 11.2160 34 139 34
4.0625 4.0000 14.9030 34 139 34
9.3750 -0.5000 14.2930 34 139 34
-6.1875 -14.0000 10.0870 34 139 34
-23.6250 -22.5000 20.0330 34 139 34
9.4375 -7.0000 13.6550 34 139 34
13.7500 5.5000 6.4010 180 120 60
7.7500 -19.0000 21.6610 34 139 34
18.3750 -23.0000 3.2520 34 139 34
7.9375 14.5000 6.2650 180 120 60
22.5625 -1.5000 6.5030 255 165 0
22.0625 5.0000 12.4720 34 139 34
6.2500 -3.5000 14.5040 34 139 34
17.4375 21.5000 15.2710 34 139 34
10.4375 -23.0000 3.4350 34 139 34
-21.7500 9.0000 2.9330 180 120 60
0.2500 8.0000 9.6350 34 139 34
18.3750 21.5000 15.1760 34 139 34
5.6875 -9.0000 17.2610 34 139 34
12.3750 23.0000 13.5000 34 139 34
3.7500 -16.0000 18.6110 34 139 34
13.6875 0.0000 5.3950 34 139 34
2.0625 -15.5000 16.0390 34 139 34
-12.0625 8.5000 6.3630 34 139 34
24.9375 -2.0000 6.5060 255 165 0
4.8750 -17.0000 18.8190 34 139 34
24.5000 14.5000 7.1360 34 139 34
0.5000 5.0000 12.8420 34 139 34
20.9375 -4.5000 1.2490 180 120 60
-1.4375 7.5000 5.9090 34 139 34
23.6250 12.5000 0.3260 30 144 255
0.6250 -23.0000 7.0530 220 50 50
10.6875 6.5000 6.3170 180 120 60
23.0625 19.0000 8.6430 34 139 34
17.8125 -18.5000 4.3070 34 139 34
16.7500 21.5000 13.1450 34 139 34
6.6875 -23.0000 11.7140 34 139 34
20.6250 -7.5000 1.7250 34 139 34
23.6875 3.5000 19.3340 34 139 34
-15.6875 5.5000 8.2650 34 139 34
-4.8750 12.5000 5.8520 180 120 60
25.1875 -5.0000 6.6810 180 120 60
1.9375 23.5000 3.8110 180 120 60
-8.5000 2.0000 3.0170 180 120 60
-6.0000 16.5000 5.5870 180 120 60
5.3125 -1.0000 13.6510 34 139 34
-11.4375 8.5000 6.2420 34 139 34
-14.9375 17.5000 5.4470 180 120 60
-19.0625 1.0000 3.0670 180 120 60
7.5000 -17.0000 20.0740 34 139 34
-5.4375 -18.0000 14.2180 34 139 34
12.0625 0.5000 4.2630 180 120 60
-22.6250 13.0000 5.3710 34 139 34
9.3750 25.0000 4.8260 34 139 34
7.9375 20.5000 3.6540 180 120 60
17.8125 -1.5000 6.5880 255 165 0
-8.5625 8.0000 5.9000 34 139 34
5.8750 -17.5000 14.1080 34 139 34
-7.3750 11.5000 5.4930 180 120 60
-12.6250 3.5000 3.0010 180 120 60
-15.7500 -9.0000 3.2920 180 120 60
10.1875 10.0000 6.2640 180 120 60
23.0625 6.5000 13.7600 34 139 34
20.6875 -15.0000 2.7550 34 139 34
4.1250 5.5000 12.8980 34 139 34
-20.3750 3.0000 2.9990 180 120 60
10.6875 -11.5000 4.9120 34 139 34
-23.3125 24.5000 5.2470 180 120 60
5.7500 20.0000 11.3790 34 139 34
-13.1875 -21.5000 5.2650 34 139 34
5.5000 4.5000 5.7730 180 120 60
7.8750 19.5000 10.7110 34 139 34
23.6875 -6.0000 2.5860 34 139 34
18.5625 24.5000 15.6090 34 139 34
-21.0000 9.5000 2.9590 180 120 60
-17.5625 22.0000 5.3750 180 120 60
25.1250 20.0000 4.3750 34 139 34
-9.5625 4.0000 3.0210 180 120 60
9.1250 -5.0000 12.1760 34 139 34
9.6250 15.0000 10.3850 34 139 34
21.3125 -20.5000 2.9940 180 120 60
23.1875 20.5000 10.7700 34 139 34
-3.6250 11.0000 5.8910 180 120 60
15.5625 -15.0000 5.7180 34 139 34
-13.9375 -6.5000 3.2170 180 120 60
23.0625 -6.0000 2.9490 34 139 34
-3.2500 -5.0000 3.0930 180 120 60
-24.4375 -17.5000 6.4350 34 139 34
22.3750 12.0000 12.7000 34 139 34
0.1875 -12.5000 13.1060 34 139 34
-4.1875 2.0000 13.1150 34 139 34
3.6875 -18.0000 6.8550 34 139 34
-21.5000 -16.5000 3.3300 180 120 60
-15.7500 20.5000 5.3930 180 120 60
-18.5000 -22.0000 6.9740 34 139 34
20.3125 23.5000 8.9780 34 139 34
-15.1250 -5.5000 3.1750 180 120 60
5.2500 12.5000 6.0510 180 120 60
-18.0000 1.0000 3.0100 180 120 60
-13.3125 5.5000 2.9160 180 120 60
-9.4375 -12.0000 3.2210 180 120 60
12.0625 -11.0000 4.7460 34 139 34
-2.8750 6.5000 15.5310 34 139 34
-18.0000 19.0000 5.3440 180 120 60
-21.8750 -8.5000 3.2990 180 120 60
-4.0625 -19.0000 15.5420 34 139 34
1.4375 21.5000 11.9580 34 139 34
9.0000 -12.0000 10.0820 34 139 34
-19.8125 -4.5000 3.2380 180 120 60
-0.1250 24.5000 10.1720 34 139 34
8.7500 9.0000 6.1700 180 120 60
-24.3750 7.5000 2.9660 180 120 60
23.6250 15.5000 12.5910 34 139 34
12.1875 -8.5000 5.7220 34 139 34
-9.1875 23.5000 5.2720 180 120 60
-11.4375 12.0000 10.0550 34 139 34
-8.5000 8.5000 3.9630 34 139 34
18.6875 17.0000 16.1170 34 139 34
11.1250 14.0000 8.3660 34 139 34
6.1250 14.0000 11.3880 34 139 34
23.6250 18.0000 9.7890 34 139 34
24.8750 1.5000 13.3240 34 139 34
-20.8125 -23.5000 16.6970 34 139 34
-1.9375 20.0000 12.1570 34 139 34
-14.6875 23.5000 5.2990 180 120 60
-20.6250 -18.5000 3.4030 180 120 60
-22.0000 14.5000 8.0660 34 139 34
9.3750 24.5000 3.6960 180 120 60
9.6250 21.0000 7.7530 34 139 34
0.9375 -23.0000 7.0090 220 50 50
-4.1875 -15.5000 15.8080 34 139 34
-10.8125 -9.0000 3.2270 180 120 60
-9.0000 -3.0000 3.1420 180 120 60
-15.0625 -5.5000 3.2150 180 120 60
18.5625 16.0000 17.7280 34 139 34
-2.7500 2.5000 16.2860 34 139 34
-22.0625 -24.0000 19.2270 34 139 34
3.2500 21.5000 10.7800 34 139 34
-14.1875 -4.5000 3.0430 180 120 60
-4.5625 -10.0000 3.0350 180 120 60
-12.5625 10.0000 8.4490 34 139 34
9.1250 6.0000 6.3640 128 128 128
-6.2500 11.0000 6.2550 34 139 34
4.6250 -5.5000 12.6750 34 139 34
24.1875 12.5000 16.0120 34 139 34
12.1250 17.0000 11.2370 34 139 34
18.6875 -12.0000 2.4400 34 139 34
-10.1250 8.5000 6.3410 34 139 34
-13.8750 -21.5000 4.9710 34 139 34
-14.6875 8.5000 2.8210 180 120 60
-1.9375 -22.0000 3.8950 180 120 60
-3.4375 -21.5000 3.6740 180 120 60
23.8750 9.5000 18.2680 34 139 34
-4.5000 1.5000 15.5620 34 139 34
3.3125 1.0000 16.3360 34 139 34
-1.7500 -13.0000 17.7610 34 139 34
-15.8125 1.0000 3.0050 180 120 60
9.7500 13.0000 10.6760 34 139 34
9.5000 -8.5000 12.0570 34 139 34
-1.4375 17.0000 5.8460 180 120 60
18.0000 13.0000 7.0240 34 139 34
24.2500 -19.5000 3.3680 180 120 60
2.7500 7.0000 5.9820 180 120 60
-8.1875 -14.0000 3.1720 180 120 60
18.9375 -17.0000 7.0380 34 139 34
-20.9375 -4.0000 3.2100 180 120 60
-7.2500 11.5000 5.5150 180 120 60
19.2500 -8.5000 1.3180 34 139 34
4.5000 -14.0000 15.8870 34 139 34
-19.0625 21.5000 5.3170 180 120 60
-21.8750 18.5000 6.0550 34 139 34
-19.1875 5.0000 2.9330 180 120 60
7.1250 -24.0000 6.8950 34 139 34
6.3750 -23.5000 3.3210 180 120 60
-0.9375 9.5000 5.8800 180 120 60
-16.7500 -24.0000 12.2350 34 139 34
19.8750 -2.5000 6.6260 255 165 0
24.8750 25.5000 0.0950 30 144 255
-15.8750 1.5000 2.9700 180 120 60
17.1875 -17.0000 7.5600 34 139 34
-11.4375 24.5000 8.0710 34 139 34
-20.1875 -3.5000 3.2070 180 120 60
-10.4375 4.5000 2.9530 180 120 60
24.6875 17.0000 5.4700 34 139 34
9.7500 -6.0000 3.8450 34 139 34
1.0625 22.5000 10.2870 34 139 34
11.5625 13.5000 10.9520 34 139 34
16.3125 -19.0000 7.2090 34 139 34
-13.0000 -7.0000 3.2120 180 120 60
5.8125 -13.5000 19.3260 34 139 34
2.0000 11.5000 6.0190 180 120 60
-5.5000 -23.5000 3.5090 180 120 60
11.5625 -7.5000 5.7000 34 139 34
-5.8750 23.5000 5.0380 180 120 60
-3.1250 -19.0000 15.7050 34 139 34
5.5625 22.0000 7.5700 34 139 34
-17.5000 -8.0000 3.1630 180 120 60
-14.9375 -19.0000 3.3570 180 120 60
-13.1875 -18.5000 3.3200 180 120 60
-14.1875 -8.5000 3.2650 180 120 60
-11.9375 -19.0000 3.2970 180 120 60
-13.5000 20.0000 5.4390 180 120 60
5.4375 2.5000 12.8870 34 139 34
-16.2500 1.5000 3.0020 180 120 60
-6.0625 22.5000 9.0260 34 139 34
-18.0625 -20.5000 16.2650 34 139 34
22.7500 -2.5000 6.5310 255 165 0
-21.4375 -1.5000 3.1240 180 120 60
10.8125 -14.5000 9.5380 34 139 34
6.8750 -23.5000 8.2150 34 139 34
-20.6250 -4.0000 3.2090 180 120 60
16.3750 15.0000 7.5610 34 139 34
-4.5000 2.5000 15.4880 34 139 34
14.1875 13.0000 11.7800 34 139 34
-17.0000 -4.5000 3.1930 180 120 60
-3.3125 20.0000 11.1890 34 139 34
-5.1875 9.5000 5.4010 180 120 60
-15.1875 -23.5000 5.6520 34 139 34
-2.0625 19.5000 11.9960 34 139 34
3.1875 -9.5000 15.1690 34 139 34
-9.0000 14.5000 5.6790 180 120 60
23.3750 21.5000 9.1670 34 139 34
-13.7500 21.0000 5.3970 180 120 60
-1.6250 -1.0000 5.1170 34 139 34
-13.6250 8.0000 5.0080 34 139 34
-2.6250 -15.0000 16.7430 34 139 34
1.5625 -13.5000 14.9090 34 139 34
19.9375 25.5000 17.3150 34 139 34
-18.8750 15.0000 8.2450 34 139 34
-22.0625 -9.5000 3.3960 180 120 60
7.6250 -0.5000 12.8020 34 139 34
-14.6250 19.5000 5.4290 180 120 60
-2.4375 17.5000 8.1800 34 139 34
-20.1875 -2.5000 3.1020 180 120 60
19.6250 13.5000 10.8780 34 139 34
6.1875 -21.0000 3.8970 180 120 60
-14.4375 -12.5000 3.3290 180 120 60
-4.0000 -5.0000 2.9460 180 120 60
22.6875 -2.0000 6.5050 255 165 0
-20.8750 2.5000 2.9690 180 120 60
0.8750 4.5000 13.1000 34 139 34
20.3750 3.5000 6.5180 255 165 0
14.8125 17.5000 6.9890 34 139 34
-5.1875 -4.0000 3.0230 180 120 60
-19.0625 -19.0000 13.5730 34 139 34
-19.3750 -18.0000 5.5230 34 139 34
22.9375 -21.0000 2.8390 180 120 60
-3.0000 -23.5000 6.2460 34 139 34
-8.8125 -13.5000 3.1570 180 120 60
-17.3750 14.0000 8.1610 34 139 34
-13.3750 3.5000 2.9980 180 120 60
-9.8750 -21.5000 3.4110 180 120 60
-20.8750 -5.5000 3.2760 180 120 60
-7.0625 4.0000 15.1110 34 139 34
-5.3750 -1.0000 3.0520 180 120 60
-11.1250 22.0000 5.4000 180 120 60
0.8750 13.5000 5.9600 180 120 60
13.6250 10.5000 8.4900 34 139 34
3.2500 -16.5000 15.9930 34 139 34
-13.3750 -4.0000 3.1210 180 120 60
7.1250 -10.0000 14.6780 34 139 34
13.6250 0.5000 5.2210 34 139 34
-17.6250 6.5000 6.1190 34 139 34
24.5000 17.5000 0.2860 30 144 255
7.6250 -19.5000 21.4560 34 139 34
15.9375 4.5000 6.4610 255 165 0
0.3125 -1.5000 3.7730 34 139 34
11.1875 -17.5000 7.4880 34 139 34
-16.5000 -21.0000 3.4240 180 120 60
12.6875 -16.5000 7.2320 34 139 34
19.5000 -24.5000 3.7030 34 139 34
4.7500 1.0000 14.7050 34 139 34
17.8125 -19.5000 4.1550 34 139 34
-16.0000 16.5000 5.3200 180 120 60
-7.6875 3.0000 3.4810 34 139 34
7.9375 -16.5000 16.6540 34 139 34
-4.3750 -10.0000 14.6100 34 139 34
17.8125 -24.0000 2.9160 34 139 34
-10.5000 -2.5000 3.1040 180 120 60
3.5000 21.0000 10.9820 34 139 34
-20.0000 -22.0000 19.5580 34 139 34
0.5625 -21.0000 7.1100 220 50 50
-7.8750 -18.0000 6.7090 220 50 50
6.0625 -14.0000 20.3940 34 139 34
-16.5625 -10.0000 3.2630 180 120 60
2.9375 8.0000 6.0130 180 120 60
1.4375 -14.5000 15.4250 34 139 34
-4.4375 25.0000 4.9260 180 120 60
1.7500 -8.5000 4.7040 34 139 34
22.8125 24.0000 7.9460 34 139 34
-0.6875 7.0000 5.3720 180 120 60
7.3750 -9.0000 15.3980 34 139 34
22.9375 21.5000 11.6710 34 139 34
-7.6250 -24.5000 3.5500 180 120 60
4.5000 -19.5000 21.5390 34 139 34
-0.9375 20.5000 13.2110 34 139 34
16.6250 25.5000 6.5630 34 139 34
19.8750 -11.5000 2.4330 34 139 34
-6.6875 10.0000 5.4540 34 139 34
-2.5625 -4.5000 3.2100 180 120 60
2.8125 9.5000 6.0750 180 120 60
-5.5000 6.0000 13.5340 34 139 34
10.5000 11.5000 8.6840 34 139 34
-17.5625 13.5000 7.8980 34 139 34
-8.4375 25.5000 4.8470 180 120 60
3.8750 2.0000 15.3110 34 139 34
20.8125 23.5000 8.3940 34 139 34
7.1875 0.5000 12.7290 34 139 34
-11.1875 18.5000 5.5360 180 120 60
-2.7500 19.0000 9.9900 34 139 34
8.0625 -22.0000 3.2080 34 139 34
-0.1875 -16.5000 14.0160 34 139 34
24.9375 -22.5000 3.2450 34 139 34
6.3125 6.5000 6.1960 180 120 60
1.6250 -1.5000 3.1290 180 120 60
-4.5625 -12.0000 15.3390 34 139 34
-18.1250 25.0000 5.2460 180 120 60
-12.5000 -21.0000 3.3030 180 120 60
5.1250 3.5000 14.4640 34 139 34
-19.0625 -17.0000 11.6160 34 139 34
-17.8125 2.5000 3.0250 180 120 60
-6.2500 24.5000 4.9970 180 120 60
12.4375 0.0000 1.4870 180 120 60
-7.0000 -8.0000 3.1510 180 120 60
-7.5000 21.0000 5.5350 180 120 60
-12.6250 1.5000 3.0280 180 120 60
-6.9375 12.0000 5.6730 180 120 60
-5.8125 -2.5000 3.0890 180 120 60
-23.5625 1.0000 3.0900 180 120 60
7.1250 -23.0000 8.5920 34 139 34
15.7500 3.0000 6.4810 255 165 0
7.8750 -19.0000 17.9570 34 139 34
0.5000 22.5000 12.4200 34 139 34
19.8750 24.0000 9.1260 34 139 34
-8.0000 15.0000 5.6860 180 120 60
-24.3750 -15.0000 8.4010 34 139 34
8.8750 -10.0000 11.3660 34 139 34
12.4375 11.5000 10.4030 34 139 34
-11.0000 -8.5000 3.2220 180 120 60
17.1875 20.5000 15.5230 34 139 34
-12.3125 -6.5000 3.1620 180 120 60
-18.6875 -8.5000 3.2750 180 120 60
-1.6250 -9.0000 14.4680 34 139 34
5.6250 -4.0000 13.9940 34 139 34
-9.1250 -11.5000 3.2270 180 120 60
10.7500 -3.5000 9.2830 34 139 34
-23.8125 -19.0000 4.5000 34 139 34
7.9375 -20.5000 6.7360 34 139 34
4.8125 -6.0000 12.8120 34 139 34
7.4375 -19.5000 11.9950 34 139 34
-2.3750 -7.0000 3.1050 180 120 60
2.3750 2.5000 17.2280 34 139 34
18.0625 13.0000 7.3750 34 139 34
24.7500 7.5000 19.4370 34 139 34
11.8750 20.5000 3.5730 180 120 60
11.6250 12.5000 16.8860 128 128 128
-3.6250 0.5000 14.9330 34 139 34
0.3750 -14.5000 15.5690 34 139 34
-23.6875 24.5000 5.2180 180 120 60
-4.4375 24.5000 9.9570 34 139 34
-10.0625 -19.5000 3.3600 180 120 60
16.5625 12.0000 11.0370 34 139 34
6.6875 -11.0000 14.6340 34 139 34
-11.6875 10.5000 10.9960 34 139 34
-4.2500 -9.0000 2.9790 180 120 60
14.0000 -13.5000 7.5930 34 139 34
-3.4375 -7.0000 3.0150 180 120 60
-1.1875 14.0000 5.8760 180 120 60
-3.1875 17.5000 9.9150 34 139 34
4.8125 5.0000 12.6990 34 139 34
-12.3750 -18.0000 3.2010 180 120 60
-10.1875 14.5000 5.6500 180 120 60
7.6875 -5.0000 12.6120 34 139 34
4.3125 -7.0000 15.2980 34 139 34
21.4375 10.5000 11.8690 34 139 34
10.0625 9.0000 6.2470 180 120 60
21.0000 7.0000 13.9430 34 139 34
7.6875 22.5000 7.4950 34 139 34
-15.1875 11.0000 6.5490 34 139 34
-7.3125 6.0000 7.6960 34 139 34
14.7500 -17.0000 4.8560 34 139 34
-1.6250 7.5000 5.6770 180 120 60
3.6250 6.5000 12.8240 34 139 34
3.5000 9.5000 6.1190 180 120 60
-2.3125 -19.5000 15.4310 34 139 34
-7.7500 22.5000 5.3900 180 120 60
-16.0000 3.0000 2.9810 180 120 60
16.6875 -17.0000 7.7120 34 139 34
19.0625 0.5000 6.4980 255 165 0
9.5625 3.5000 6.2970 180 120 60
7.3750 -21.5000 22.0470 34 139 34
17.8125 12.5000 7.6450 34 139 34
17.3125 7.0000 6.4820 255 165 0
-14.7500 3.5000 2.9890 180 120 60
11.5625 -15.5000 7.6690 34 139 34
17.0000 -1.0000 6.6380 255 165 0
-19.5625 -17.5000 13.1230 34 139 34
-2.0000 11.5000 5.9250 180 120 60
-24.6250 -11.5000 3.4080 180 120 60
16.7500 14.5000 8.2250 34 139 34
9.5000 -17.5000 10.0300 34 139 34
19.0000 5.5000 6.5220 255 165 0
-6.2500 -1.5000 3.0840 180 120 60
18.9375 13.0000 6.6130 34 139 34
-16.3125 22.0000 5.3830 180 120 60
22.0000 25.0000 10.2320 34 139 34
-15.9375 -17.5000 3.4860 180 120 60
8.0625 -1.5000 14.8740 34 139 34
18.0000 11.5000 3.3750 34 139 34
-23.1875 19.5000 5.9950 34 139 34
9.3125 -16.0000 6.7470 34 139 34
22.1875 16.0000 16.1220 34 139 34
22.6250 2.5000 14.6730 34 139 34
-4.9375 -21.5000 5.3230 34 139 34
19.6250 15.5000 2.2450 34 139 34
0.5000 -21.5000 3.8880 180 120 60
11.0000 -0.5000 5.1550 34 139 34
6.7500 1.0000 12.5770 34 139 34
-19.6875 -23.5000 14.2400 34 139 34
24.0000 2.0000 20.1030 34 139 34
-15.4375 -13.5000 3.3540 180 120 60
13.2500 24.0000 6.4640 34 139 34
-21.8750 -20.0000 20.7260 34 139 34
18.9375 -20.5000 2.2100 180 120 60
19.6250 -7.0000 0.8170 30 144 255
12.6875 6.0000 6.4020 180 120 60
-15.6250 25.0000 5.4220 180 120 60
-9.6875 -20.0000 3.3830 180 120 60
-4.5000 25.5000 4.8410 180 120 60
9.8125 0.0000 12.0940 34 139 34
10.6250 -4.0000 2.8680 34 139 34
-7.1250 12.5000 5.7670 180 120 60
-14.6250 -7.0000 3.1490 180 120 60
-6.9375 4.5000 15.1010 34 139 34
3.3125 -9.5000 11.8280 34 139 34
3.6250 2.5000 11.2160 34 139 34
-5.5000 24.5000 7.1800 34 139 34
-16.4375 -17.5000 3.4300 180 120 60
12.3750 -0.5000 1.1180 180 120 60
-19.1875 12.0000 5.2700 34 139 34
-8.3750 -18.5000 3.3550 180 120 60
-16.8125 17.5000 5.2670 180 120 60
-23.1250 16.0000 6.6520 34 139 34
4.9375 21.5000 10.5740 34 139 34
-18.4375 -20.5000 14.0990 34 139 34
24.8750 23.5000 0.1470 30 144 255
24.6250 21.0000 0.1680 30 144 255
5.8750 5.5000 6.1000 180 120 60
-24.4375 5.0000 3.0040 180 120 60
8.4375 -23.5000 10.5830 34 139 34
-16.9375 -12.5000 3.3160 180 120 60
18.5000 21.5000 15.1890 34 139 34
21.1250 -12.5000 2.8410 34 139 34
10.5625 -15.5000 9.3800 34 139 34
-11.8125 9.5000 6.2270 34 139 34
-21.6250 2.5000 3.0470 180 120 60
-19.6875 25.5000 5.2530 180 120 60
-10.0000 -14.5000 3.2330 180 120 60
13.5625 14.5000 12.6150 34 139 34
11.4375 -7.0000 1.2750 34 139 34
-1.0625 -19.5000 12.7850 34 139 34
-17.7500 19.5000 5.2950 180 120 60
6.7500 11.0000 6.1150 180 120 60
0.1250 12.0000 5.9910 180 120 60
2.0625 3.0000 5.9960 34 139 34
-16.6250 9.0000 10.4060 34 139 34
-3.9375 -9.0000 3.0300 180 120 60
20.5000 12.5000 9.3070 34 139 34
-22.1250 13.5000 7.8220 34 139 34
-0.8750 -20.5000 4.5450 34 139 34
11.6875 -12.5000 7.9440 34 139 34
-0.6875 -21.5000 3.9520 180 120 60
-20.8750 -10.5000 3.3170 180 120 60
1.7500 4.0000 10.2020 34 139 34
7.9375 -20.5000 3.1860 34 139 34
7.8750 17.0000 11.5710 34 139 34
-6.1250 1.5000 3.1130 180 120 60
6.2500 19.5000 11.7110 34 139 34
18.5000 18.0000 15.9390 34 139 34
4.4375 24.0000 3.6070 180 120 60
20.5000 21.5000 5.5180 34 139 34
-18.6875 0.5000 2.9800 180 120 60
3.0000 20.0000 11.1710 34 139 34
12.0000 -23.0000 6.2390 34 139 34
-15.8750 -24.0000 10.6920 34 139 34
-7.2500 21.0000 5.5190 180 120 60
-21.2500 -15.5000 3.4600 180 120 60
13.0625 -14.0000 7.0640 34 139 34
14.2500 25.0000 16.9710 34 139 34
12.5000 10.5000 8.7070 34 139 34
-7.3125 3.5000 3.5160 34 139 34
6.5625 -1.5000 11.2990 34 139 34
3.5000 3.0000 10.8410 34 139 34
1.6250 15.0000 9.6250 34 139 34
21.0000 11.5000 10.9290 34 139 34
23.0625 4.0000 18.5740 34 139 34
15.2500 22.5000 15.8720 34 139 34
-22.7500 -20.0000 5.3200 34 139 34
-3.1875 24.0000 10.4370 34 139 34
13.3750 10.0000 9.0110 34 139 34
0.3125 11.5000 5.9660 180 120 60
16.0000 4.5000 6.4500 255 165 0
-16.3125 -17.0000 3.5060 180 120 60
-10.5000 15.5000 5.5590 180 120 60
2.3125 -17.0000 13.6000 34 139 34
1.9375 5.5000 16.2500 34 139 34
-3.9375 0.5000 3.4790 34 139 34
-2.0000 2.5000 17.2720 34 139 34
9.0625 -4.0000 3.4250 34 139 34
-1.8125 -18.5000 14.9470 34 139 34
10.6875 13.5000 9.4020 34 139 34
-15.5000 -14.5000 3.3940 180 120 60
6.4375 19.0000 11.3150 34 139 34
-8.5000 -15.0000 3.1080 180 120 60
6.1250 -9.0000 16.6210 34 139 34
10.1250 24.0000 4.6310 34 139 34
2.8750 4.5000 15.2070 34 139 34
-0.8125 -16.5000 15.2060 34 139 34
-8.4375 -7.0000 3.1370 180 120 60
-23.5625 -11.5000 3.4150 180 120 60
2.8750 3.0000 6.4760 34 139 34
22.0000 7.5000 10.5540 34 139 34
-20.5000 -24.5000 18.8480 34 139 34
8.5625 -12.0000 15.0730 34 139 34
22.0000 -17.0000 3.1600 180 120 60
-23.4375 -19.0000 13.3520 34 139 34
-5.8750 -3.0000 3.0990 180 120 60
-4.8125 -11.0000 14.5160 34 139 34
8.3750 0.5000 13.2250 34 139 34
19.3125 8.0000 5.2190 34 139 34
21.3750 17.5000 16.3890 34 139 34
5.0000 8.5000 6.1890 180 120 60
-13.6250 2.5000 3.0040 180 120 60
-19.0625 -19.0000 15.8470 34 139 34
-11.7500 9.5000 6.3430 34 139 34
-16.6875 -22.0000 12.8440 34 139 34
4.0000 -3.0000 13.5490 34 139 34
23.1875 13.0000 12.9030 34 139 34
23.5625 15.0000 12.4620 34 139 34
-21.8750 4.0000 2.9970 180 120 60
19.0625 -23.5000 3.5360 34 139 34
-13.4375 -8.5000 3.2360 180 120 60
-18.0625 12.0000 7.7320 34 139 34
-24.3125 -9.0000 3.3550 180 120 60
-20.5000 -21.5000 19.2870 34 139 34
12.6875 -2.5000 0.9140 30 144 255
-13.7500 14.5000 5.9190 34 139 34
-10.1875 17.5000 5.5850 180 120 60
13.6875 10.5000 8.4790 34 139 34
23.2500 -18.5000 3.4230 180 120 60
-13.5625 1.5000 3.0260 180 120 60
22.2500 20.5000 11.1530 34 139 34
16.7500 16.5000 17.3790 34 139 34
19.9375 16.0000 10.6450 34 139 34
-4.1875 -7.0000 3.0930 180 120 60
-15.7500 -20.5000 3.3630 180 120 60
18.5000 17.5000 11.6610 34 139 34
-12.9375 -3.0000 3.1080 180 120 60
3.4375 -8.0000 16.8700 34 139 34
6.9375 -17.0000 21.0870 34 139 34
-5.8750 -16.5000 14.7740 34 139 34
6.2500 4.5000 5.8530 180 120 60
0.3125 -2.0000 3.0830 180 120 60
2.8125 23.5000 9.9760 34 139 34
5.6250 -9.0000 17.4280 34 139 34
2.3125 20.0000 11.0170 34 139 34
16.9375 -19.5000 1.9200 34 139 34
0.1250 -11.0000 17.8510 34 139 34
-6.4375 -23.0000 5.2780 220 50 50
6.6250 -3.5000 14.3490 34 139 34
7.5000 -19.0000 11.6730 34 139 34
-8.0625 24.0000 8.7860 34 139 34
-7.7500 -5.0000 3.1190 180 120 60
-24.5000 3.5000 2.9830 180 120 60
-19.8125 -1.0000 3.0160 180 120 60
-18.8125 -23.5000 14.6190 34 139 34
-11.0000 5.0000 2.9380 180 120 60
-13.8125 -12.0000 3.2860 180 120 60
0.9375 24.0000 9.4300 34 139 34
-2.4375 -23.0000 6.0880 34 139 34
17.3125 -13.0000 1.2560 34 139 34
-10.5000 13.5000 5.5010 180 120 60
24.1875 15.5000 12.0640 34 139 34
6.1250 -23.0000 8.2590 34 139 34
9.5625 21.5000 3.5770 180 120 60
9.4375 -3.0000 11.5160 34 139 34
1.2500 -17.0000 15.3770 34 139 34
15.1875 20.5000 16.0850 34 139 34
0.3750 -16.5000 15.7290 34 139 34
-3.8125 7.5000 15.1460 34 139 34
21.1250 -24.0000 3.5620 34 139 34
-5.6250 4.5000 15.0990 34 139 34
17.0625 -23.0000 1.7990 180 120 60
13.8750 25.0000 17.0660 34 139 34
3.6250 -3.0000 3.1580 180 120 60
8.2500 -15.0000 17.2170 34 139 34
6.3125 -21.0000 15.2620 34 139 34
11.5000 0.0000 4.3850 34 139 34
17.1875 22.5000 14.8110 34 139 34
-17.8125 -21.0000 7.6710 34 139 34
-0.2500 12.0000 5.9140 180 120 60
-9.9375 24.5000 8.7100 34 139 34
0.1875 5.0000 10.2440 34 139 34
19.5625 -1.5000 6.5500 255 165 0
-12.5625 4.5000 2.9710 180 120 60
24.0625 24.0000 5.1610 34 139 34
19.3125 19.5000 2.9920 34 139 34
0.6250 7.5000 6.1220 34 139 34
-24.1875 3.0000 3.0630 180 120 60
9.6250 -16.0000 11.8220 34 139 34
7.2500 -2.5000 11.3100 34 139 34
-17.3750 11.0000 5.3570 34 139 34
7.0000 -21.0000 3.6640 34 139 34
-6.1875 2.5000 3.8850 34 139 34
-21.8125 -21.0000 20.0850 34 139 34
23.5000 8.0000 18.1160 34 139 34
-1.4375 -4.5000 3.2210 180 120 60
6.5000 -17.5000 22.3260 34 139 34
-10.4375 15.5000 5.6350 180 120 60
14.0625 -17.5000 3.7910 34 139 34
7.5000 -16.5000 19.1210 34 139 34
-8.8125 19.0000 5.5500 180 120 60
-16.2500 -8.5000 3.2730 180 120 60
-21.7500 23.0000 5.1740 180 120 60
-22.0625 -3.0000 3.2000 180 120 60
3.2500 8.0000 6.0570 180 120 60
22.9375 -7.0000 3.0170 34 139 34
-15.5000 4.0000 6.0850 34 139 34
-6.8125 -23.5000 5.4860 220 50 50
-15.1875 8.0000 8.7800 34 139 34
-9.4375 -5.5000 3.1640 180 120 60
7.9375 -5.0000 10.2600 34 139 34
-18.6250 14.5000 7.8690 34 139 34
-3.7500 -10.5000 14.8090 34 139 34
18.2500 -12.0000 1.0820 180 120 60
-5.6250 -11.5000 3.0780 180 120 60
-1.8125 -12.5000 17.5480 34 139 34
-0.7500 7.0000 5.3720 180 120 60
-20.7500 -20.0000 19.2330 34 139 34
-5.4375 24.0000 5.0260 180 120 60
-15.6875 -7.0000 3.2200 180 120 60
6.2500 24.0000 3.8770 180 120 60
15.9375 -21.0000 2.3670 34 139 34
22.5000 12.5000 13.0470 34 139 34
8.5625 -17.0000 4.1000 34 139 34
-16.8750 19.0000 5.3740 180 120 60
-6.8750 -17.0000 14.3720 34 139 34
-20.0000 10.0000 2.9520 180 120 60
-11.2500 14.0000 5.4620 180 120 60
6.9375 -17.5000 20.8970 34 139 34
-6.3125 24.0000 7.2080 34 139 34
5.1875 1.5000 12.6270 34 139 34
-23.8125 -5.0000 3.3020 180 120 60
-17.8125 13.0000 7.8700 34 139 34
10.3750 -0.5000 11.9170 34 139 34
-24.0000 18.5000 5.8950 34 139 34
0.8125 -4.0000 3.4540 34 139 34
-1.8125 6.5000 15.7310 34 139 34
-1.7500 -15.0000 17.2540 34 139 34
-8.0625 23.5000 5.1740 180 120 60
14.0000 -16.0000 6.2540 34 139 34
19.4375 0.5000 6.4460 255 165 0
21.8750 -12.0000 2.6540 34 139 34
-20.0625 -17.0000 7.1640 34 139 34
5.3125 -21.0000 21.8500 34 139 34
-21.7500 -21.5000 20.2670 34 139 34
-16.0000 -2.0000 3.0830 180 120 60
1.1875 20.5000 11.5030 34 139 34
7.6875 6.0000 7.3860 128 128 128
-4.5000 6.5000 18.3950 34 139 34
12.1875 2.0000 6.5070 180 120 60
-11.3125 -7.5000 3.2050 180 120 60
-13.0625 -18.0000 3.3680 180 120 60
-13.8125 9.5000 6.0630 34 139 34
-10.0000 -2.5000 3.1220 180 120 60
11.8750 -13.0000 8.0170 34 139 34
8.5625 -10.0000 9.5310 34 139 34
-21.6875 9.0000 2.9930 180 120 60
5.6875 16.5000 12.2490 34 139 34
7.4375 -23.0000 3.7730 34 139 34
24.4375 -7.0000 3.4220 34 139 34
-1.5625 15.0000 5.8410 180 120 60
11.2500 -14.5000 8.3690 34 139 34
7.4375 -15.0000 21.1700 34 139 34
-21.4375 17.5000 6.7060 34 139 34
6.1875 -22.0000 19.9460 34 139 34
-17.3125 -15.5000 3.4590 180 120 60
-3.1250 -21.0000 3.7490 34 139 34
6.3125 -14.5000 19.9740 34 139 34
-6.8750 11.0000 5.5230 180 120 60
12.0000 -13.0000 3.5640 34 139 34
-22.0625 -20.0000 17.6890 34 139 34
-15.4375 5.0000 10.5540 34 139 34
7.5000 -19.0000 3.0880 34 139 34
6.6250 17.0000 11.7700 34 139 34
-6.8125 -6.5000 3.1060 180 120 60
14.5000 1.0000 6.5450 255 165 0
17.4375 -14.0000 6.5980 34 139 34
9.8750 12.5000 9.7910 34 139 34
-0.8750 24.5000 10.5320 34 139 34
-13.9375 -5.5000 3.1220 180 120 60
9.3750 -20.0000 2.0150 34 139 34
-12.8750 6.0000 2.8510 180 120 60
23.2500 0.5000 6.5790 255 165 0
5.7500 -22.5000 20.0170 34 139 34
0.8750 -20.5000 7.0450 220 50 50
3.8750 1.5000 16.2180 34 139 34
18.8125 -14.5000 2.0630 34 139 34
-8.0000 9.5000 7.6770 34 139 34
-7.3125 12.0000 5.5350 180 120 60
7.8125 18.5000 11.1130 34 139 34
-4.0000 -3.5000 3.0510 180 120 60
8.4375 -11.5000 11.2080 34 139 34
-6.1250 4.0000 3.7830 34 139 34
-20.5000 25.0000 5.2400 180 120 60
-18.4375 -19.5000 16.0380 34 139 34
10.0000 -9.5000 2.7730 34 139 34
-19.6875 -3.5000 3.1350 180 120 60
9.4375 -6.0000 8.9270 34 139 34
5.5625 11.5000 6.0230 180 120 60
-10.8750 2.0000 3.0190 180 120 60
4.6250 5.5000 14.6180 34 139 34
5.1875 -17.5000 19.1710 34 139 34
2.6250 8.5000 6.0390 180 120 60
-23.8125 9.5000 2.9200 180 120 60
3.7500 14.0000 9.1700 34 139 34
1.1250 4.0000 13.1610 34 139 34
-13.4375 -4.5000 3.1380 180 120 60
14.5625 -23.0000 4.0300 34 139 34
-23.8125 24.0000 5.1480 180 120 60
-18.8125 23.0000 5.3090 180 120 60
16.4375 -16.5000 7.7350 34 139 34
-1.7500 -2.5000 7.4530 34 139 34
15.5000 19.0000 15.4770 34 139 34
-21.4375 24.0000 5.2800 180 120 60
17.4375 7.0000 6.5520 255 165 0
1.6250 -17.5000 13.4880 34 139 34
23.0000 17.5000 13.7010 34 139 34
-6.1250 22.0000 9.1610 34 139 34
-23.9375 -1.5000 3.0910 180 120 60
9.2500 -13.5000 11.0580 34 139 34
10.0625 7.0000 6.3160 180 120 60
12.1250 -16.5000 7.2570 34 139 34
-19.6875 0.5000 3.0750 180 120 60
-13.6250 10.5000 6.3350 34 139 34
-8.3750 1.5000 3.0010 180 120 60
-11.6875 11.5000 11.4640 34 139 34
8.5000 -17.5000 15.5530 34 139 34
-20.4375 -16.0000 6.8740 34 139 34
-23.3750 -16.0000 3.2670 180 120 60
-0.8750 15.5000 5.7650 180 120 60
-3.7500 -19.0000 15.6610 34 139 34
15.0625 2.0000 6.4040 255 165 0
11.4375 12.5000 10.5640 128 128 128
21.7500 13.0000 12.5940 34 139 34
-1.2500 -13.5000 17.1950 34 139 34
-5.3750 23.5000 9.0630 34 139 34
19.6875 -24.0000 3.6390 34 139 34
2.1250 7.5000 9.6230 34 139 34
4.1250 4.0000 16.2630 34 139 34
-3.9375 -14.0000 16.1410 34 139 34
18.7500 16.5000 18.0830 34 139 34
22.6875 18.0000 13.9030 34 139 34
14.5000 8.0000 6.3850 180 120 60
15.0000 18.5000 10.9480 34 139 34
-6.3750 4.0000 15.3560 34 139 34
21.7500 -3.0000 6.6380 255 165 0
14.3750 11.0000 8.5550 34 139 34
-14.9375 25.0000 5.4640 180 120 60
-18.8125 25.5000 5.2560 180 120 60
0.6250 7.5000 6.1420 34 139 34
13.0000 -24.0000 6.1540 34 139 34
-9.2500 9.0000 6.8560 34 139 34
-16.1250 8.0000 8.3090 34 139 34
25.0625 -15.5000 2.5850 180 120 60
-22.6875 7.5000 2.9390 180 120 60
-22.8750 -18.0000 13.8250 34 139 34
8.9375 -7.0000 13.4170 34 139 34
-14.4375 -4.0000 3.0520 180 120 60
-14.6875 -2.5000 3.1300 180 120 60
-6.6250 -5.0000 3.0610 180 120 60
-18.5625 12.5000 7.0370 34 139 34
7.3750 -19.5000 18.2580 34 139 34
-6.7500 10.0000 6.1510 34 139 34
0.8750 -12.0000 16.7370 34 139 34
-19.0625 -7.0000 3.2350 180 120 60
-16.8750 -17.5000 12.5990 34 139 34
-17.5625 -2.0000 3.0680 180 120 60
7.6875 13.0000 10.3610 34 139 34
-16.1250 2.5000 2.9580 180 120 60
24.4375 11.5000 16.6980 34 139 34
7.5000 -22.0000 21.9080 34 139 34
-20.9375 23.0000 5.2890 180 120 60
24.8750 24.5000 6.3160 34 139 34
7.1875 21.0000 8.2900 34 139 34
-21.3125 10.0000 2.9030 180 120 60
10.2500 2.0000 5.9730 180 120 60
4.5625 18.0000 11.6750 34 139 34
-0.4375 18.5000 9.8120 34 139 34
10.2500 11.5000 6.3690 180 120 60
-17.6250 1.0000 3.0430 180 120 60
23.9375 15.0000 11.8950 34 139 34
-14.4375 -18.5000 3.3250 180 120 60
6.1250 -12.0000 13.4620 34 139 34
2.7500 2.5000 17.4280 34 139 34
-17.5000 -22.0000 11.1730 34 139 34
23.3125 -4.5000 2.6870 34 139 34
11.9375 19.5000 5.8200 34 139 34
-2.8750 2.5000 20.4680 34 139 34
20.3750 5.5000 6.6110 255 165 0
-11.4375 10.5000 9.1000 34 139 34
3.7500 -8.0000 16.5690 34 139 34
10.1875 -24.0000 3.0900 34 139 34
-23.3750 9.5000 3.0220 180 120 60
-19.3750 -20.0000 18.8610 34 139 34
4.0000 22.5000 9.6940 34 139 34
-19.5625 -12.5000 3.2900 180 120 60
-5.1875 -10.0000 3.1380 180 120 60
21.8750 19.5000 7.6300 34 139 34
13.4375 7.5000 6.3560 180 120 60
21.3125 20.5000 5.3070 34 139 34
-12.0625 24.0000 7.1510 34 139 34
22.8750 7.0000 15.6870 34 139 34
12.2500 18.0000 8.8620 34 139 34
-2.5000 -9.5000 13.7550 34 139 34
17.1250 -24.0000 2.8420 34 139 34
7.1875 18.0000 11.2830 34 139 34
-20.5000 -23.0000 18.1270 34 139 34
11.5625 21.0000 6.3570 34 139 34
-16.9375 -18.5000 3.3870 180 120 60
2.2500 20.0000 10.7660 34 139 34
22.0625 18.5000 14.2850 34 139 34
-18.1875 -4.0000 3.1230 180 120 60
-2.8750 -12.0000 17.3110 34 139 34
-1.6250 3.5000 19.7390 34 139 34
15.2500 8.5000 8.3950 34 139 34
-2.5000 -2.0000 3.1640 180 120 60
-14.3125 1.5000 3.0320 180 120 60
7.7500 -18.5000 10.7340 34 139 34
-10.2500 -8.5000 3.1880 180 120 60
3.7500 -23.0000 7.7160 34 139 34
-23.3750 3.5000 3.0190 180 120 60
6.3750 14.0000 11.3140 34 139 34
9.8750 22.5000 3.5530 180 120 60
-23.8750 7.0000 2.9790 180 120 60
0.6875 23.0000 9.9680 34 139 34
-10.4375 -17.5000 3.2330 180 120 60
-5.5625 -19.5000 6.6300 220 50 50
-15.8750 10.5000 6.2890 34 139 34
-8.3125 -10.0000 3.1840 180 120 60
7.3750 -10.5000 13.4980 34 139 34
10.5000 -15.0000 8.4380 34 139 34
12.4375 25.0000 15.5850 34 139 34
14.0000 18.0000 12.5860 34 139 34
-7.3125 -14.5000 3.0710 180 120 60
23.1875 11.0000 16.0310 34 139 34
24.5000 -5.5000 6.0650 34 139 34
-14.2500 -12.5000 3.3000 180 120 60
-18.9375 -11.0000 3.3210 180 120 60
10.4375 -8.0000 12.2130 34 139 34
-4.1250 7.5000 15.2240 34 139 34
-8.5000 -16.5000 3.1850 180 120 60
-15.6875 2.0000 2.9980 180 120 60
16.2500 -23.0000 2.3540 34 139 34
22.8750 21.0000 11.1480 34 139 34
-2.1250 20.5000 10.5790 34 139 34
5.2500 -19.5000 22.0440 34 139 34
-8.5000 -5.0000 3.1250 180 120 60
-18.2500 -17.0000 11.5840 34 139 34
-13.4375 -19.0000 3.3140 180 120 60
-12.2500 24.0000 7.6550 34 139 34
-18.8125 0.0000 3.0790 180 120 60
-7.0625 12.5000 5.6980 180 120 60
-1.5625 14.0000 5.8710 180 120 60
22.1875 -1.5000 6.4930 255 165 0
14.8125 -23.5000 4.8660 34 139 34
-1.7500 2.5000 20.0490 34 139 34
6.0625 -24.0000 7.1490 34 139 34
21.0625 -21.0000 3.1640 180 120 60
22.0625 -2.0000 6.4330 255 165 0
4.7500 5.5000 5.9430 180 120 60
18.3125 -24.0000 3.3330 34 139 34
6.6875 -12.5000 17.1130 34 139 34
3.5625 -7.0000 15.2650 34 139 34
18.0625 -19.0000 2.1150 180 120 60
-12.5625 -22.5000 3.8680 34 139 34
-23.4375 -15.0000 3.3610 180 120 60
11.8750 19.5000 7.8340 34 139 34
23.5625 -24.5000 3.4330 34 139 34
-24.5000 3.0000 3.0300 180 120 60
3.6875 -12.0000 13.5950 34 139 34
-14.3750 21.0000 5.4200 180 120 60
-7.3750 -4.0000 4.2740 128 128 128
8.5625 -7.5000 10.1550 34 139 34
-18.4375 22.5000 5.3410 180 120 60
-19.9375 13.5000 6.1470 34 139 34
20.8750 -13.5000 2.7470 34 139 34
-6.9375 24.0000 5.1450 180 120 60
-12.8750 -18.0000 3.3080 180 120 60
-17.3125 -20.5000 16.0570 34 139 34
1.6875 -23.0000 6.8060 220 50 50
20.3750 7.0000 13.3460 34 139 34
18.5625 -12.0000 1.8220 180 120 60
-19.4375 2.5000 3.0330 180 120 60
4.4375 16.5000 12.6610 34 139 34
-6.8750 2.0000 3.0030 180 120 60
11.3750 2.5000 6.3150 180 120 60
-0.8125 -15.5000 15.3190 34 139 34
20.8125 8.0000 13.5700 34 139 34
17.8125 17.5000 15.7640 34 139 34
19.0000 5.5000 6.4370 255 165 0
1.1250 5.5000 13.5070 34 139 34
-17.4375 17.0000 5.0840 180 120 60
-5.8125 -2.5000 3.1050 180 120 60
0.8125 -4.0000 8.7840 34 139 34
-11.0000 -21.5000 3.4070 180 120 60
1.3125 10.0000 6.0440 180 120 60
6.1875 -13.0000 17.1170 34 139 34
-23.6875 7.5000 2.8890 180 120 60
2.3125 10.0000 6.0710 180 120 60
6.1875 -24.0000 3.4360 34 139 34
-19.5625 0.5000 3.0380 180 120 60
-1.9375 -22.0000 5.8700 34 139 34
-8.8125 -16.5000 3.1820 180 120 60
14.1250 17.5000 9.7680 34 139 34
-11.3750 -10.5000 3.2600 180 120 60
-12.3750 -23.0000 5.4110 34 139 34
18.3750 -18.5000 4.5030 34 139 34
-13.8750 -21.0000 5.1960 34 139 34
-6.5000 14.0000 5.7810 180 120 60
11.3750 -4.0000 2.2080 34 139 34
17.6875 1.5000 6.4610 255 165 0
11.5000 -3.5000 0.8200 180 120 60
8.1250 9.5000 6.1950 180 120 60
2.7500 -7.5000 15.0340 34 139 34
21.1250 20.0000 7.6310 34 139 34
23.6875 5.5000 18.6710 34 139 34
-17.9375 -3.5000 3.1860 180 120 60
23.2500 21.0000 11.1710 34 139 34
7.5000 -20.5000 21.7480 34 139 34
-19.3750 14.5000 8.0500 34 139 34
12.6875 13.0000 11.0870 34 139 34
8.7500 -9.0000 13.6190 34 139 34
12.8750 -24.5000 5.8690 34 139 34
-12.6875 7.5000 2.9220 180 120 60
-7.9375 -8.5000 3.1590 180 120 60
20.5000 14.5000 12.8190 34 139 34
5.3125 -7.5000 16.4840 34 139 34
0.8750 -22.5000 7.0260 220 50 50
-22.1875 -6.0000 3.2430 180 120 60
7.2500 -12.5000 17.3620 34 139 34
-20.3125 12.5000 3.4590 34 139 34
-24.3750 2.5000 2.9910 180 120 60
19.1875 15.0000 17.2500 34 139 34
-9.4375 13.0000 5.6670 180 120 60
-6.3125 23.0000 7.3930 34 139 34
17.8750 17.0000 14.7850 34 139 34
20.9375 13.5000 13.9990 34 139 34
-18.4375 -3.0000 3.1630 180 120 60
-3.3750 22.0000 10.7870 34 139 34
8.5625 -24.0000 2.9740 34 139 34
-22.8125 11.0000 2.9740 180 120 60
-13.6875 11.5000 6.2830 34 139 34
-18.7500 5.5000 2.9540 180 120 60
18.0000 11.0000 5.6690 34 139 34
-0.5625 -2.0000 5.2430 34 139 34
16.2500 15.0000 10.6240 34 139 34
1.8750 7.0000 5.6680 180 120 60
-11.6875 -5.0000 3.1490 180 120 60
7.2500 -17.0000 20.8550 34 139 34
-1.6250 -15.0000 16.6670 34 139 34
3.8125 1.5000 17.5420 34 139 34
-1.5625 22.5000 10.9190 34 139 34
7.6875 -20.0000 22.0120 34 139 34
-3.1250 11.0000 5.8180 180 120 60
-0.5625 -8.0000 3.7790 34 139 34
19.3750 -17.0000 7.2310 34 139 34
-9.0625 -7.5000 3.1690 180 120 60
-5.6250 4.5000 15.0830 34 139 34
2.8125 -20.5000 6.5610 220 50 50
-9.9375 -7.0000 3.1900 180 120 60
20.2500 -1.5000 6.6040 255 165 0
-12.0000 10.5000 8.7810 34 139 34
-8.1250 -0.5000 3.0850 180 120 60
16.8125 15.5000 10.9060 34 139 34
-20.8750 -2.5000 3.1690 180 120 60
0.8125 -4.0000 4.5820 34 139 34
19.6250 12.5000 12.2440 34 139 34
1.8125 4.0000 7.8460 34 139 34
-15.2500 18.5000 5.4360 180 120 60
-0.1875 -8.0000 3.8960 34 139 34
-14.5000 21.0000 5.3570 180 120 60
9.2500 7.5000 6.2800 180 120 60
-18.6875 -17.0000 11.5370 34 139 34
-12.4375 3.0000 3.0250 180 120 60
-2.4375 -3.5000 3.3070 34 139 34
1.3125 3.0000 14.6970 34 139 34
-16.1250 16.0000 5.5320 180 120 60
17.1250 6.0000 6.4490 255 165 0
-20.7500 11.5000 3.3560 34 139 34
2.4375 1.0000 18.6850 34 139 34
-19.8125 -24.0000 16.5850 34 139 34
-17.7500 -0.5000 3.0970 180 120 60
-16.6875 -17.5000 3.4810 180 120 60
-0.6250 -20.5000 12.0340 34 139 34
11.5625 3.5000 6.2510 180 120 60
6.8750 -19.0000 22.4790 34 139 34
3.6875 6.0000 5.9310 180 120 60
-12.3750 -17.5000 3.3290 180 120 60
25.0625 1.0000 6.5440 255 165 0
-20.0625 -16.0000 3.3790 180 120 60
-18.6875 -18.5000 13.3190 34 139 34
13.3125 -12.5000 8.0030 34 139 34
-18.9375 -19.5000 3.2930 180 120 60
-13.8125 -23.5000 4.2920 34 139 34
-7.6250 14.5000 5.7160 180 120 60
-15.3750 6.5000 12.0790 34 139 34
7.0625 24.5000 3.5390 180 120 60
-12.0625 3.5000 2.9970 180 120 60
8.7500 -3.5000 12.0740 34 139 34
14.3750 -16.0000 5.9310 34 139 34
-23.8750 -4.0000 3.2980 180 120 60
17.0625 4.5000 6.4700 255 165 0
-2.3750 -14.5000 17.2690 34 139 34
16.3125 23.5000 13.8150 34 139 34
-24.1250 -20.5000 6.1630 34 139 34
-16.8125 12.0000 6.2870 34 139 34
-9.7500 2.5000 2.9890 180 120 60
5.0625 -21.0000 21.9500 34 139 34
-4.2500 13.5000 5.9220 180 120 60
22.0625 20.5000 10.6180 34 139 34
7.1875 -12.0000 15.0280 34 139 34
-7.6250 -8.5000 3.1470 180 120 60
-24.6875 -2.5000 3.2640 180 120 60
6.8750 -8.5000 15.2820 34 139 34
9.3750 -16.0000 10.9730 34 139 34
18.4375 21.0000 13.5930 34 139 34
-10.6875 -22.0000 3.4750 180 120 60
12.9375 25.0000 11.4190 34 139 34
5.2500 -9.5000 17.0720 34 139 34
-24.5000 -16.0000 8.8640 34 139 34
-10.9375 -7.5000 3.2040 180 120 60
-7.1250 5.0000 15.0540 34 139 34
-10.1250 12.5000 7.2650 34 139 34
-11.6875 17.0000 5.5580 180 120 60
-0.1875 3.5000 18.1640 34 139 34
15.8750 -16.5000 7.2370 34 139 34
-2.6250 -9.5000 13.3370 34 139 34
-12.8125 -23.0000 5.4380 34 139 34
-12.0000 25.5000 9.6420 34 139 34
-0.8750 -13.5000 16.9850 34 139 34
-23.1250 8.0000 2.9430 180 120 60
-16.5625 -22.5000 13.9460 34 139 34
-16.4375 5.5000 9.3570 34 139 34
21.7500 20.5000 2.9530 34 139 34
7.3125 -23.5000 7.8350 34 139 34
9.0000 -24.0000 1.7030 34 139 34
15.3125 10.0000 7.1790 34 139 34
2.9375 -14.0000 14.3950 34 139 34
6.1250 20.5000 10.9470 34 139 34
-14.8125 -11.0000 3.3110 180 120 60
18.9375 -8.0000 0.7120 30 144 255
-20.5625 13.0000 5.9810 34 139 34
-21.6250 -17.5000 13.6770 34 139 34
-3.9375 23.0000 10.2810 34 139 34
21.6875 16.0000 17.2660 34 139 34
10.8125 8.5000 6.2090 180 120 60
2.0000 -2.0000 3.1470 180 120 60
-6.6250 5.0000 5.8030 34 139 34
-23.0000 -14.0000 3.2760 180 120 60
2.0625 20.0000 10.9920 34 139 34
6.2500 -20.0000 4.4960 34 139 34
24.9375 -19.0000 3.3300 180 120 60
-0.8750 -19.0000 14.4370 34 139 34
12.8750 18.0000 11.3290 34 139 34
-4.0000 -5.0000 3.0900 180 120 60
-8.1875 -14.0000 3.1920 180 120 60
18.9375 -23.5000 3.4710 34 139 34
-21.1250 14.5000 7.1570 34 139 34
-17.5625 -9.0000 3.2820 180 120 60
-22.1875 -19.0000 13.3960 34 139 34
9.1875 8.5000 6.2500 180 120 60
-6.6875 2.5000 3.9670 34 139 34
18.8750 17.5000 16.1290 34 139 34
-21.3750 -19.0000 8.5640 34 139 34
12.3750 -12.5000 4.7780 34 139 34
-6.5000 7.0000 7.6810 34 139 34
18.6875 -14.5000 2.0860 34 139 34
-1.8125 -8.5000 14.0440 34 139 34
-23.4375 15.5000 6.3960 220 50 50
-23.9375 9.5000 3.1510 34 139 34
-23.5625 4.0000 3.0040 180 120 60
-24.7500 2.5000 3.0420 180 120 60
-1.5625 14.5000 6.8330 128 128 128
-1.1250 -11.0000 16.5550 34 139 34
23.3750 7.5000 11.8650 34 139 34
14.6875 17.5000 12.1120 34 139 34
-23.7500 19.5000 6.8660 34 139 34
20.4375 21.0000 4.6750 34 139 34
-13.5000 -11.0000 3.2980 180 120 60
-17.3750 -10.0000 3.2680 180 120 60
4.5625 12.5000 5.9220 180 120 60
-23.3750 -17.0000 13.0890 34 139 34
13.5625 8.5000 6.4560 180 120 60
4.4375 -1.5000 11.1060 34 139 34
-0.4375 -12.0000 16.9220 34 139 34
1.9375 -15.5000 16.0020 34 139 34
5.2500 -10.0000 17.0420 34 139 34
-4.0000 -19.5000 13.4850 34 139 34
-6.8125 -18.5000 6.7110 220 50 50
-9.5625 12.5000 5.5230 180 120 60
-22.9375 -9.0000 3.3960 180 120 60
-5.8125 -18.0000 13.6960 34 139 34
3.5000 11.5000 6.0370 180 120 60
21.1875 -2.5000 6.6090 255 165 0
-5.6875 18.5000 5.5870 180 120 60
9.1250 -5.5000 12.7580 34 139 34
-4.0000 -19.5000 13.5590 34 139 34
-11.8750 23.0000 5.4760 180 120 60
-0.2500 1.5000 16.1830 34 139 34
-22.1250 6.5000 2.9400 180 120 60
-8.5000 24.5000 5.0110 180 120 60
11.3750 20.0000 3.5810 180 120 60
-3.0625 24.0000 10.4230 34 139 34
-17.0000 12.0000 6.4270 34 139 34
-10.5625 -3.0000 3.0390 180 120 60
3.5625 -14.5000 14.8980 34 139 34
-9.5625 12.5000 6.3840 34 139 34
19.6875 23.0000 7.8810 34 139 34
9.1250 -17.0000 11.9150 34 139 34
7.9375 -10.5000 11.2850 34 139 34
-23.6875 7.5000 2.8820 180 120 60
23.0625 17.0000 13.8180 34 139 34
12.0625 9.0000 6.3320 180 120 60
-19.8125 -4.0000 3.2170 180 120 60
9.4375 3.5000 6.2590 180 120 60
-16.2500 -15.5000 3.4430 180 120 60
-16.6250 -22.5000 3.4360 180 120 60
-22.8125 0.0000 3.1000 180 120 60
-21.8125 1.5000 3.0410 180 120 60
-4.6875 -13.5000 15.2260 34 139 34
-23.6250 -15.5000 3.3240 180 120 60
11.9375 6.0000 6.3840 180 120 60
-10.6250 -12.5000 3.2240 180 120 60
-0.8750 11.0000 5.9640 180 120 60
-0.0625 0.0000 16.8330 34 139 34
15.8125 18.0000 10.9580 34 139 34
7.8750 1.5000 10.7910 34 139 34
23.1250 6.5000 15.6920 34 139 34
3.8125 13.5000 5.9900 180 120 60
-6.3750 22.0000 9.5710 34 139 34
-12.0625 25.0000 9.6290 34 139 34
-10.6250 -16.0000 3.2620 180 120 60
-1.6875 -12.0000 14.9060 34 139 34
12.4375 13.0000 11.2790 34 139 34
6.9375 -13.0000 17.5720 34 139 34
10.0625 0.0000 5.1970 34 139 34
19.2500 -12.5000 2.6460 34 139 34
-18.6250 -8.0000 3.1770 180 120 60
-20.3125 -9.5000 3.2770 180 120 60
-23.5000 -7.5000 3.3800 180 120 60
-0.2500 -16.0000 14.6710 34 139 34
-19.8750 -10.0000 3.3630 180 120 60
-20.8125 -15.0000 3.4130 180 120 60
22.6250 1.5000 15.0930 34 139 34
-18.2500 -15.5000 3.4460 180 120 60
1.8125 22.0000 9.6500 34 139 34
22.0625 8.0000 14.3910 34 139 34
9.5000 -7.5000 8.8280 34 139 34
5.8125 22.0000 8.8160 34 139 34
19.3750 14.0000 12.9900 34 139 34
-4.9375 -16.0000 15.4480 34 139 34
7.6875 -10.0000 13.1740 34 139 34
-14.0000 8.5000 6.7560 34 139 34
-10.0000 9.5000 10.0920 34 139 34
0.6250 6.5000 9.2700 34 139 34
-15.0000 -13.5000 3.3400 180 120 60
-9.7500 22.0000 5.4520 180 120 60
-24.0000 11.0000 3.0330 180 120 60
1.0625 8.0000 10.0410 34 139 34
4.3125 21.0000 11.4420 34 139 34
-1.1250 9.0000 5.8590 180 120 60
17.0000 25.0000 6.7080 34 139 34
15.1250 -19.0000 7.7790 34 139 34
23.4375 -11.0000 2.8710 34 139 34
10.5000 -3.5000 9.5830 34 139 34
18.3125 20.5000 14.2740 34 139 34
23.1250 7.0000 11.1320 34 139 34
-11.5625 13.0000 5.3610 180 120 60
-5.7500 -4.0000 3.0510 180 120 60
-10.8125 -22.5000 3.5370 180 120 60
-21.5625 -5.5000 3.2840 180 120 60
-19.6250 -7.5000 3.1850 180 120 60
-0.1250 -4.5000 3.5270 34 139 34
-1.7500 -19.5000 15.0430 34 139 34
-7.0625 -5.0000 5.3920 128 128 128
-22.3750 17.5000 7.3410 34 139 34
-0.1875 15.5000 5.7940 180 120 60
-4.0000 -10.0000 13.2200 34 139 34
-10.6875 -19.0000 3.2610 180 120 60
-2.9375 -0.5000 3.9970 34 139 34
10.3125 -13.5000 10.0000 34 139 34
-6.3750 9.0000 5.4160 180 120 60
-0.6250 -12.5000 15.3620 34 139 34
-0.8125 5.5000 14.2650 34 139 34
-6.3750 13.0000 5.8060 180 120 60
7.6875 -13.5000 17.4420 34 139 34
24.0625 3.5000 19.1650 34 139 34
-24.2500 -17.0000 8.5890 34 139 34
-18.0000 9.5000 4.5780 34 139 34
4.6875 14.5000 8.3630 34 139 34
23.2500 -11.0000 2.6610 34 139 34
24.1875 -5.5000 3.8470 34 139 34
-20.8750 24.5000 5.2820 180 120 60
-8.2500 -12.0000 3.1800 180 120 60
-24.0000 -14.5000 3.2770 180 120 60
1.0000 18.5000 11.3050 34 139 34
-19.5625 -10.5000 3.3270 180 120 60
22.8125 14.0000 12.2370 34 139 34
15.0625 4.0000 6.4460 255 165 0
2.7500 -7.5000 6.4000 34 139 34
-18.5625 -16.0000 3.4720 180 120 60
5.5000 22.0000 7.8210 34 139 34
-3.5625 17.0000 5.6410 180 120 60
-1.8125 -21.0000 4.5070 34 139 34
23.6875 9.0000 18.0450 34 139 34
-11.4375 0.5000 2.9830 180 120 60
7.8125 -21.5000 21.6610 34 139 34
-1.6875 4.0000 17.0730 34 139 34
-8.8125 9.5000 5.5910 34 139 34
-10.4375 1.5000 2.9370 180 120 60
-4.1250 -1.0000 2.8990 180 120 60
20.7500 -15.5000 2.8430 34 139 34
-0.8125 -8.0000 14.6480 34 139 34
-23.1250 -18.5000 13.4510 34 139 34
2.6875 -2.0000 6.0870 34 139 34
24.0000 -12.5000 2.2850 180 120 60
-11.5625 10.5000 12.9280 34 139 34
23.5625 6.5000 19.8600 34 139 34
-0.0625 -14.0000 16.6380 34 139 34
0.1875 -22.5000 7.1570 220 50 50
-13.0000 20.5000 5.4720 180 120 60
-10.6875 13.0000 6.1680 34 139 34
-23.1250 14.0000 6.8810 34 139 34
11.8125 21.0000 6.4950 34 139 34
21.5625 -12.5000 2.9040 34 139 34
7.8125 4.5000 6.1720 180 120 60
-1.1250 3.0000 19.2650 34 139 34
-18.5000 4.5000 2.9390 180 120 60
2.8750 -21.0000 6.5960 220 50 50
-1.0000 -15.0000 16.8170 34 139 34
-22.4375 3.0000 2.9970 180 120 60
-9.4375 1.0000 3.0450 180 120 60
-15.4375 25.5000 5.4210 180 120 60
-4.1875 4.5000 18.7500 34 139 34
3.3750 16.0000 11.5030 34 139 34
-14.3750 -23.5000 5.3480 34 139 34
19.2500 22.5000 7.9490 34 139 34
-4.4375 -15.5000 16.1420 34 139 34
-4.4375 6.5000 15.5260 34 139 34
19.6250 -12.0000 2.5550 34 139 34
15.2500 6.5000 6.4090 255 165 0
-19.8125 -17.0000 4.3510 34 139 34
8.8750 -2.5000 13.7250 34 139 34
21.7500 -17.5000 2.3920 180 120 60
23.1875 2.0000 18.9120 34 139 34
10.5625 12.5000 17.7120 128 128 128
-5.8750 -24.5000 5.6010 220 50 50
6.7500 -7.0000 15.6630 34 139 34
-18.7500 13.0000 7.4890 34 139 34
4.6875 -14.0000 17.9370 34 139 34
-22.9375 6.5000 2.8750 180 120 60
9.5000 -2.0000 9.9590 34 139 34
-8.6250 2.5000 2.9720 180 120 60
25.1250 -13.0000 3.1230 34 139 34
-1.0625 -3.5000 5.0790 34 139 34
-5.2500 -24.0000 5.9230 220 50 50
0.7500 -9.0000 4.0290 34 139 34
-19.5625 7.5000 2.9200 180 120 60
-9.2500 -22.0000 3.3860 180 120 60
-0.4375 17.5000 10.4810 34 139 34
-20.5000 -8.0000 3.3100 180 120 60
14.0000 17.0000 12.5150 34 139 34
-16.9375 9.0000 7.2210 34 139 34
2.7500 6.0000 14.8070 34 139 34
11.0625 23.5000 3.5600 180 120 60
22.0000 2.5000 14.4520 34 139 34
9.5625 13.0000 10.4070 34 139 34
4.1250 14.5000 8.7160 34 139 34
-21.6250 -16.5000 13.0120 34 139 34
11.4375 -12.5000 8.1690 34 139 34
0.0625 3.0000 15.5870 34 139 34
-15.8125 4.0000 2.9890 180 120 60
-23.8125 -18.0000 6.1720 34 139 34
-1.0000 -2.0000 7.3370 34 139 34
22.6250 17.0000 15.8910 34 139 34
-15.4375 8.5000 9.3750 34 139 34
21.0625 17.5000 17.3160 34 139 34
0.6250 22.0000 12.9600 34 139 34
9.8125 -7.0000 9.1210 34 139 34
-5.3125 -21.0000 6.0660 220 50 50
-2.7500 -19.0000 3.3830 180 120 60
19.6250 22.5000 5.6530 34 139 34
-14.0625 24.0000 5.4490 180 120 60
3.5000 1.0000 11.4350 34 139 34
8.2500 -7.0000 14.8570 34 139 34
-3.5000 7.0000 15.2980 34 139 34
-21.6875 13.0000 5.5230 34 139 34
-14.8125 -5.5000 3.1510 180 120 60
-3.7500 23.0000 10.7230 34 139 34
-12.8750 -17.5000 3.3960 180 120 60
-4.1875 -13.5000 16.4970 34 139 34
11.3750 6.5000 6.2650 180 120 60
12.8750 -22.5000 4.2590 34 139 34
4.1875 -7.5000 16.6920 34 139 34
-14.8125 6.5000 7.1300 34 139 34
-22.7500 -8.0000 3.3250 180 120 60
22.8125 9.0000 11.8320 34 139 34
9.9375 19.5000 3.6920 180 120 60
20.6250 5.0000 6.5730 255 165 0
-24.1250 14.0000 7.1370 220 50 50
-20.3750 -0.5000 3.0620 180 120 60
7.2500 0.0000 10.9520 34 139 34
18.9375 -22.0000 3.4020 34 139 34
3.6875 -22.0000 7.4660 34 139 34
10.1875 -24.5000 2.6070 34 139 34
-9.5625 22.0000 5.4720 180 120 60
-20.3125 20.0000 5.2470 180 120 60
-19.1250 -17.0000 12.8290 34 139 34
-11.9375 -22.5000 3.7180 180 120 60
15.5000 22.5000 15.8860 34 139 34
-17.1250 -22.5000 15.9540 34 139 34
-13.3750 -14.5000 3.3390 180 120 60
-20.1875 -22.5000 19.8100 34 139 34
1.5625 15.0000 5.8730 180 120 60
-13.6250 -21.0000 3.3670 180 120 60
10.1250 24.5000 4.8040 34 139 34
-9.6250 -3.5000 3.1270 180 120 60
4.8750 24.5000 3.8430 34 139 34
12.1250 -12.0000 7.8610 34 139 34
24.1875 -13.5000 2.3670 180 120 60
10.7500 22.0000 3.6020 180 120 60
8.8750 11.5000 6.2520 180 120 60
15.1250 15.0000 12.1350 34 139 34
4.8125 4.0000 14.6790 34 139 34
-24.1875 4.5000 2.9980 180 120 60
11.1875 0.5000 7.1610 34 139 34
1.0000 7.0000 9.5070 34 139 34
11.1875 -7.0000 1.6140 34 139 34
-19.3125 -20.0000 18.8060 34 139 34
-14.1250 -8.5000 3.2300 180 120 60
20.3750 16.5000 17.3830 34 139 34
9.6875 16.0000 9.3440 34 139 34
18.9375 24.5000 16.5560 34 139 34
11.4375 23.5000 3.6390 180 120 60
1.6875 23.5000 7.9750 34 139 34
13.4375 1.5000 6.5360 255 165 0
-7.8125 -1.0000 3.0890 180 120 60
-3.2500 5.5000 15.8270 34 139 34
4.3125 4.5000 13.3460 34 139 34
-0.3125 25.5000 4.0890 180 120 60
4.1875 2.0000 15.0930 34 139 34
8.8750 -20.0000 6.7940 34 139 34
-20.2500 -24.5000 18.9760 34 139 34
11.5000 -5.0000 0.7270 180 120 60
14.8125 8.5000 6.4540 180 120 60
8.5625 7.0000 7.3460 128 128 128
-10.2500 23.0000 5.3730 180 120 60
4.1875 5.5000 14.6280 34 139 34
10.1875 -10.5000 2.5140 34 139 34
3.9375 -1.5000 10.9640 34 139 34
-14.6875 -22.0000 6.7240 34 139 34
-11.6250 -19.0000 3.3030 180 120 60
24.1250 17.0000 5.5780 34 139 34
11.9375 13.5000 10.7980 34 139 34
24.8750 14.5000 8.0070 34 139 34
4.0000 -3.0000 3.2680 34 139 34
0.5625 -17.0000 15.5190 34 139 34
1.9375 15.5000 9.5350 34 139 34
-14.1875 -15.5000 3.3450 180 120 60
12.6875 6.0000 6.3900 180 120 60
6.5000 -1.0000 13.5250 34 139 34
2.5625 23.0000 9.2920 34 139 34
-20.1250 -8.5000 3.3270 180 120 60
-7.9375 -13.5000 3.2190 180 120 60
7.6250 -14.5000 19.1560 34 139 34
24.8125 14.5000 8.0240 34 139 34
-17.7500 -22.5000 14.6240 34 139 34
3.5625 3.5000 12.4550 34 139 34
-6.8750 -4.0000 3.1410 180 120 60
-21.5625 11.5000 2.9030 180 120 60
0.1875 6.5000 5.6880 34 139 34
-16.6250 8.0000 6.2580 34 139 34
17.2500 24.5000 2.8360 34 139 34
13.5000 11.0000 9.8210 34 139 34
11.2500 -4.0000 9.3030 34 139 34
14.9375 13.0000 11.9120 34 139 34
7.2500 0.0000 12.5810 34 139 34
-4.3125 21.0000 11.6010 34 139 34
-18.1875 -13.0000 3.2640 180 120 60
10.8125 0.0000 7.0380 34 139 34
16.6250 -24.5000 5.5970 34 139 34
-17.3125 -13.5000 3.3850 180 120 60
24.0000 -1.5000 6.5490 255 165 0
0.7500 -10.0000 12.4490 34 139 34
-23.5625 18.5000 6.3680 34 139 34
-21.6250 -20.5000 20.1850 34 139 34
-0.6875 14.5000 5.8810 180 120 60
24.8750 3.0000 19.5770 34 139 34
19.9375 -1.0000 6.5570 255 165 0
5.9375 2.5000 5.1250 180 120 60
-0.8750 4.0000 15.7390 34 139 34
-9.1250 -12.5000 3.1870 180 120 60
7.6875 -19.5000 18.7240 34 139 34
2.0625 -19.5000 6.7780 220 50 50
1.8125 -3.0000 4.8230 34 139 34
-19.3125 17.0000 5.2850 34 139 34
-21.4375 12.5000 5.3710 34 139 34
8.5625 -15.5000 2.5600 34 139 34
20.2500 2.5000 6.4970 255 165 0
-3.1250 -1.0000 4.3380 34 139 34
8.6875 -8.5000 7.3310 34 139 34
22.6250 -19.5000 3.3610 180 120 60
7.3125 -14.5000 18.8500 34 139 34
-15.3750 -5.0000 3.2140 180 120 60
-11.8750 12.0000 12.9800 34 139 34
20.5625 -17.5000 4.7090 34 139 34
0.3750 -18.0000 15.2250 34 139 34
15.3750 21.0000 15.6590 34 139 34
-15.1250 0.0000 3.0260 180 120 60
-24.0625 2.0000 3.0370 180 120 60
-10.1250 10.5000 8.9190 34 139 34
-12.0000 -12.5000 3.2610 180 120 60
8.1875 6.5000 7.8590 128 128 128
-4.6250 13.0000 5.9230 180 120 60
6.4375 23.5000 3.6490 180 120 60
15.5000 -22.0000 1.9490 34 139 34
-11.5000 23.5000 8.5810 34 139 34
13.8750 24.0000 14.9940 34 139 34
-18.8750 -10.0000 3.3350 180 120 60
-10.6875 7.5000 6.3290 34 139 34
-11.0000 6.5000 4.2840 34 139 34
-6.5000 15.0000 5.7370 180 120 60
15.0000 15.0000 12.1690 34 139 34
5.6875 4.0000 5.5970 180 120 60
-9.6250 -15.0000 3.2280 180 120 60
8.5000 -8.0000 13.8590 34 139 34
-9.5000 -11.0000 3.1980 180 120 60
14.9375 -17.5000 6.9540 34 139 34
-7.1875 -19.0000 6.5490 220 50 50
-7.6875 -2.0000 3.0820 180 120 60
19.8125 -10.5000 2.0980 34 139 34
15.6875 13.0000 11.5810 34 139 34
-12.3125 -3.5000 3.0630 180 120 60
22.6875 6.0000 16.0330 34 139 34
24.6250 17.0000 5.5090 34 139 34
7.4375 23.0000 3.5980 180 120 60
-5.6250 24.0000 8.6610 34 139 34
16.2500 15.5000 10.6690 34 139 34
-17.5000 10.0000 5.0210 34 139 34
-20.5625 -2.5000 3.1810 180 120 60
11.5000 20.0000 3.5590 180 120 60
-17.6250 -19.0000 14.1290 34 139 34
2.8750 15.5000 10.8210 34 139 34
22.0625 0.0000 6.4970 255 165 0
15.5625 -17.5000 7.6180 34 139 34
-8.1250 -1.0000 3.0460 180 120 60
8.5000 21.0000 8.1720 34 139 34
18.4375 1.5000 6.5000 255 165 0
-7.6250 -8.0000 3.1420 180 120 60
21.6875 6.5000 14.3720 34 139 34
-10.1875 2.0000 3.0290 180 120 60
12.8125 24.5000 14.8660 34 139 34
23.6875 -23.5000 3.7730 34 139 34
-11.1875 -23.0000 3.5670 180 120 60
-19.8750 9.0000 3.0330 180 120 60
-9.3125 23.5000 7.1260 34 139 34
-22.0000 19.5000 6.5690 34 139 34
-3.8750 -8.0000 3.0200 180 120 60
9.0625 -4.0000 10.1910 34 139 34
8.0000 -8.0000 15.6960 34 139 34
-5.9375 -4.0000 3.0840 180 120 60
-8.0000 -21.5000 3.4330 180 120 60
-11.9375 -5.5000 3.1500 180 120 60
10.2500 -2.0000 9.9610 34 139 34
13.5000 24.5000 15.2100 34 139 34
-3.6875 0.5000 5.9820 34 139 34
3.6875 -19.5000 21.0730 34 139 34
22.0625 21.5000 11.6170 34 139 34
20.0625 -23.5000 3.6600 34 139 34
16.8125 22.5000 14.6420 34 139 34
10.2500 3.5000 6.3040 180 120 60
14.5000 1.5000 6.5510 255 165 0
-0.8750 -15.5000 15.3050 34 139 34
-3.5625 21.5000 11.0900 34 139 34
-10.5625 -18.0000 3.2610 180 120 60
7.1250 -9.5000 15.0950 34 139 34
4.6875 -6.5000 12.9310 34 139 34
-0.7500 10.5000 5.9500 180 120 60
21.1250 22.0000 6.0770 34 139 34
-13.4375 -1.0000 3.0680 180 120 60
-13.9375 14.0000 5.0560 34 139 34
-10.4375 10.0000 9.0250 34 139 34
-6.6875 -17.5000 3.3780 180 120 60
5.3125 4.5000 13.2470 34 139 34
16.9375 15.0000 11.5980 34 139 34
1.4375 -8.5000 6.4960 34 139 34
-17.4375 2.0000 3.0130 180 120 60
-1.6250 -22.5000 4.1820 34 139 34
-3.3125 22.0000 10.6510 34 139 34
1.5625 5.0000 15.9450 34 139 34
-11.8750 21.5000 5.3650 180 120 60
-22.6875 -20.0000 6.1710 34 139 34
-0.5625 -13.0000 16.0890 34 139 34
8.5000 5.0000 6.2480 180 120 60
-6.8750 23.0000 5.2220 180 120 60
-8.1875 -18.0000 3.3130 180 120 60
-23.8125 24.0000 5.2300 180 120 60
11.2500 -16.0000 6.0460 34 139 34
-3.4375 -19.5000 16.0420 34 139 34
-6.1250 15.0000 5.7830 180 120 60
-9.1250 16.0000 5.6330 180 120 60
-20.3125 7.5000 2.8910 180 120 60
-5.9375 -17.5000 7.2090 220 50 50
14.1250 9.0000 8.9410 34 139 34
8.3125 -20.5000 11.7070 34 139 34
-15.0625 -5.5000 3.1630 180 120 60
23.1250 15.5000 12.5250 34 139 34
-21.9375 -14.0000 3.3570 180 120 60
-3.2500 22.5000 10.5900 34 139 34
22.0625 0.0000 6.5560 255 165 0
15.1250 -23.0000 0.8930 30 144 255
-6.4375 -6.0000 3.0310 180 120 60
3.1875 4.5000 7.1200 34 139 34
20.2500 6.0000 6.5780 255 165 0
9.4375 -11.5000 8.7190 34 139 34
6.2500 -20.0000 22.1180 34 139 34
1.9375 -12.5000 14.6980 34 139 34
-4.9375 -8.0000 3.0340 180 120 60
-20.9375 -2.0000 3.1200 180 120 60
-18.8125 -20.5000 15.6360 34 139 34
-15.6250 9.0000 7.0060 34 139 34
-6.3750 -22.5000 3.4440 180 120 60
10.8125 -12.0000 5.0000 34 139 34
18.9375 -19.0000 3.9740 34 139 34
-1.7500 23.5000 11.2260 34 139 34
6.5625 -10.5000 16.1490 34 139 34
-13.5625 -21.0000 3.4350 180 120 60
-20.3125 -23.0000 16.0580 34 139 34
9.5625 18.5000 8.7830 34 139 34
-20.1875 -17.5000 12.9990 34 139 34
-1.6875 -15.0000 17.4440 34 139 34
5.4375 -6.0000 12.5660 34 139 34
-13.5000 -7.5000 3.2160 180 120 60
-7.6875 17.5000 5.6420 180 120 60
25.0000 -24.0000 7.4870 34 139 34
-15.6875 4.5000 2.9330 180 120 60
-12.5000 -5.0000 3.1410 180 120 60
-13.3125 -1.0000 2.9940 180 120 60
-19.7500 -10.0000 3.3610 180 120 60
-17.5625 13.0000 7.7880 34 139 34
-6.3125 -17.5000 7.1140 220 50 50
-20.6250 -17.0000 3.3920 180 120 60
-20.3125 14.0000 5.2060 34 139 34
0.1875 22.5000 12.1950 34 139 34
-11.8750 -13.0000 3.2380 180 120 60
11.1250 -9.5000 8.0040 34 139 34
-7.5625 -10.5000 3.1990 180 120 60
-19.4375 19.0000 5.1980 180 120 60
-1.2500 3.5000 18.1940 34 139 34
23.4375 17.0000 13.6370 34 139 34
1.4375 24.0000 3.8610 180 120 60
7.1250 -8.0000 15.9030 34 139 34
25.0625 9.5000 17.5260 34 139 34
6.9375 21.0000 9.1450 34 139 34
9.6875 -7.5000 8.6330 34 139 34
21.3750 -17.0000 2.7230 34 139 34
-23.5000 -8.0000 3.2860 180 120 60
10.5000 -15.0000 9.3610 34 139 34
-2.1250 -20.0000 15.4800 34 139 34
-13.6875 -17.0000 3.4160 180 120 60
12.6875 5.5000 6.3790 180 120 60
-6.9375 18.5000 5.5960 180 120 60
18.9375 19.5000 5.6240 34 139 34
-17.3125 11.0000 6.2240 34 139 34
-10.5000 -20.5000 3.4070 180 120 60
-24.6250 -5.5000 3.3080 180 120 60
-9.1875 3.5000 2.9660 180 120 60
24.8750 21.5000 0.1510 30 144 255
3.6250 8.5000 6.1110 180 120 60
15.9375 -24.0000 5.9310 34 139 34
0.1875 -12.5000 15.4910 34 139 34
10.3750 24.5000 9.0680 34 139 34
21.0000 -3.5000 1.1170 180 120 60
15.8125 15.5000 12.1450 34 139 34
-10.0000 -16.0000 3.2120 180 120 60
-1.8750 -22.0000 3.9260 180 120 60
-23.1250 8.5000 2.8660 180 120 60
11.8125 -13.5000 9.2470 34 139 34
-9.2500 -14.0000 3.2100 180 120 60
7.6875 15.5000 11.4940 34 139 34
-23.4375 19.5000 6.2830 34 139 34
-9.7500 -15.5000 3.2090 180 120 60
25.1875 14.0000 8.0270 34 139 34
24.7500 8.0000 17.6130 34 139 34
-17.6250 21.0000 5.3730 180 120 60
19.9375 -5.5000 2.0840 34 139 34
-20.3125 -16.0000 6.5290 34 139 34
24.6875 8.0000 17.7600 34 139 34
12.3125 6.0000 6.3940 180 120 60
-4.2500 -17.5000 14.2190 34 139 34
3.1250 -18.5000 5.5090 34 139 34
13.8125 19.0000 14.2790 34 139 34
-3.4375 1.5000 13.7550 34 139 34
-13.1875 -21.0000 3.4690 180 120 60
-21.6875 -3.5000 3.2040 180 120 60
-20.1250 -8.0000 3.3100 180 120 60
-13.1875 25.0000 8.6840 34 139 34
-17.5000 24.5000 5.2760 180 120 60
7.5000 -21.5000 6.9230 34 139 34
18.4375 13.0000 8.1640 34 139 34
-14.3125 6.0000 2.9540 34 139 34
23.1250 5.0000 19.0780 34 139 34
-6.8750 -13.0000 8.2170 34 139 34
-19.8125 -23.5000 13.9870 34 139 34
-4.4375 -10.0000 14.3680 34 139 34
-14.4375 12.0000 9.2710 34 139 34
5.9375 -16.5000 19.4210 34 139 34
15.3750 18.5000 11.5520 34 139 34
8.3125 10.5000 6.1620 180 120 60
8.1250 1.0000 6.4390 34 139 34
9.2500 24.0000 3.9120 34 139 34
8.4375 13.0000 11.1260 34 139 34
-19.8125 -20.0000 19.0940 34 139 34
-10.3125 10.0000 8.9700 34 139 34
5.1875 -6.0000 12.8250 34 139 34
8.6875 21.5000 8.3460 34 139 34
-20.2500 22.0000 5.2630 180 120 60
-9.7500 -9.5000 3.2400 180 120 60
11.0625 21.5000 3.5750 180 120 60
21.1250 21.0000 5.3730 34 139 34
1.0625 4.0000 13.2400 34 139 34
24.6875 9.5000 17.8620 34 139 34
20.0000 19.0000 2.9920 34 139 34
7.6875 -11.0000 13.1750 34 139 34
12.2500 23.0000 13.4230 34 139 34
6.0000 14.0000 9.7240 34 139 34
-14.1875 7.0000 7.4890 34 139 34
16.8750 14.5000 8.0630 34 139 34
-2.8125 -12.0000 14.8270 34 139 34
13.8750 8.5000 6.4870 180 120 60
21.5000 -3.5000 1.4410 34 139 34
-22.5625 -21.0000 19.0770 34 139 34
21.0625 -6.5000 1.5940 180 120 60
-7.9375 -4.0000 3.8160 128 128 128
-7.0000 22.0000 5.3760 180 120 60
20.9375 25.0000 12.5850 34 139 34
-4.6875 -20.0000 6.2710 34 139 34
-14.7500 -3.5000 3.1130 180 120 60
-0.2500 5.0000 14.7820 34 139 34
18.1250 15.5000 14.4900 34 139 34
25.1875 7.5000 17.5270 34 139 34
-22.6250 19.0000 6.6830 34 139 34
-19.6875 10.5000 2.9940 180 120 60
-4.1250 -20.5000 3.4290 180 120 60
-17.1875 -19.0000 13.7970 34 139 34
3.7500 -4.0000 3.1420 180 120 60
1.1875 -7.5000 8.7450 34 139 34
5.9375 -12.5000 16.9180 34 139 34
-20.0000 -0.5000 3.0200 180 120 60
11.8750 -24.5000 5.2290 34 139 34
-3.5000 22.5000 10.6720 34 139 34
2.6250 18.5000 10.7620 34 139 34
15.8750 19.0000 15.4860 34 139 34
6.1250 21.5000 8.3810 34 139 34
-12.2500 -14.0000 3.3100 180 120 60
1.5000 4.0000 13.7090 34 139 34
-1.5625 4.5000 18.0170 34 139 34
25.0625 8.0000 19.7410 34 139 34
-23.6875 13.0000 3.0280 180 120 60
15.0000 16.0000 7.8670 34 139 34
20.4375 -3.5000 1.0200 180 120 60
23.8750 21.0000 8.7440 34 139 34
1.7500 -10.5000 15.5890 34 139 34
10.3750 -2.0000 13.1480 34 139 34
-15.6875 15.0000 5.4000 34 139 34
6.3750 15.0000 11.1140 34 139 34
-22.8125 17.0000 7.1150 34 139 34
-18.6875 -10.0000 3.2680 180 120 60
8.1250 -11.5000 10.4020 34 139 34
-16.4375 -20.0000 3.3380 180 120 60
-9.6875 16.0000 5.6540 180 120 60
18.6875 -20.0000 2.3630 34 139 34
-17.0000 5.0000 7.3680 34 139 34
-7.6875 1.5000 3.0350 180 120 60
20.6250 18.5000 17.3170 34 139 34
-4.8750 18.5000 9.9990 34 139 34
5.0000 -23.5000 7.9860 34 139 34
-20.0625 20.0000 5.1880 180 120 60
11.0625 21.0000 3.5790 180 120 60
10.5000 -2.5000 2.5890 34 139 34
-0.5625 17.0000 9.0920 34 139 34
10.6875 5.5000 6.3200 180 120 60
-10.2500 23.5000 8.3440 34 139 34
3.5625 -14.5000 18.7710 34 139 34
-3.7500 8.5000 5.1070 180 120 60
-8.5000 24.0000 5.1350 180 120 60
-0.5000 6.5000 9.1750 34 139 34
2.0625 -15.0000 14.5120 34 139 34
14.8750 16.0000 14.4380 34 139 34
-19.3125 -22.5000 16.6030 34 139 34
-10.1875 8.5000 6.3090 34 139 34
-19.2500 -14.0000 3.3920 180 120 60
-13.8750 15.5000 5.4180 180 120 60
3.7500 -17.0000 13.0180 34 139 34
10.9375 24.0000 3.5990 180 120 60
24.3125 19.0000 4.5820 34 139 34
-20.6875 -13.0000 3.4260 180 120 60
22.6250 20.0000 8.4020 34 139 34
-6.1875 9.0000 5.3370 180 120 60
-15.6875 17.5000 5.4130 180 120 60
23.7500 2.0000 14.9800 34 139 34
15.7500 11.0000 10.0700 34 139 34
13.0000 0.5000 6.3710 34 139 34
-10.0000 -5.5000 3.1460 180 120 60
3.0625 19.0000 11.9140 34 139 34
22.2500 10.0000 14.2830 34 139 34
-3.8750 3.5000 16.5500 34 139 34
20.5000 25.5000 12.8910 34 139 34
9.4375 16.5000 10.3110 34 139 34
-4.7500 19.5000 9.9290 34 139 34
-5.0625 -21.5000 5.1120 34 139 34
5.9375 -1.5000 10.7200 34 139 34
-5.5000 24.0000 8.6370 34 139 34
21.0000 16.5000 17.2540 34 139 34
-16.8750 16.0000 5.8240 34 139 34
19.1875 -13.0000 2.2290 34 139 34
6.5625 21.0000 9.2150 34 139 34
-7.0625 -15.0000 12.9520 34 139 34
3.7500 1.0000 15.6870 34 139 34
-20.8125 -16.5000 3.4390 180 120 60
16.7500 -14.0000 4.9180 34 139 34
-3.1250 -13.0000 13.6610 34 139 34
-15.3750 1.0000 3.0020 180 120 60
4.7500 2.0000 15.6070 34 139 34
7.1875 -13.0000 19.6490 34 139 34
-9.1875 19.0000 5.5330 180 120 60
-6.8750 -22.0000 3.3870 180 120 60
0.7500 -13.0000 12.6700 34 139 34
11.5000 6.0000 7.2650 128 128 128
5.5625 -7.0000 16.0530 34 139 34
-5.4375 -1.5000 3.0810 180 120 60
1.5625 14.0000 5.8380 180 120 60
-18.1875 -21.5000 15.9360 34 139 34
-15.8750 1.5000 3.0280 180 120 60
-9.5000 -1.0000 3.0930 180 120 60
-23.5000 7.0000 2.9870 180 120 60
-17.8750 -23.5000 9.9880 34 139 34
16.6250 12.0000 6.7950 34 139 34
23.3125 -15.5000 2.9120 34 139 34
6.6250 -22.0000 12.1210 34 139 34
23.3125 -19.5000 3.4530 180 120 60
22.2500 22.5000 11.3810 34 139 34
24.8125 -22.5000 7.0740 34 139 34
-24.0000 -23.5000 19.6720 34 139 34
16.1875 15.5000 17.2260 34 139 34
8.0000 -6.0000 12.3930 34 139 34
-18.3125 5.5000 2.9650 180 120 60
-4.4375 11.5000 5.8850 180 120 60
-0.4375 17.0000 5.8760 180 120 60
-22.1875 -1.0000 3.1370 180 120 60
-23.9375 -22.5000 17.6410 34 139 34
12.1250 -23.5000 5.5060 34 139 34
-18.4375 -23.0000 7.6810 34 139 34
-5.5000 2.0000 10.8210 34 139 34
-8.0000 21.5000 5.4500 180 120 60
-12.9375 -22.5000 5.4930 34 139 34
-2.3125 14.5000 5.8640 180 120 60
21.2500 12.5000 13.7490 34 139 34
-16.6875 -16.5000 3.4660 180 120 60
-18.2500 -20.0000 6.1750 34 139 34
-13.5625 -6.5000 3.2060 180 120 60
-21.3125 9.0000 3.0380 180 120 60
-9.6250 -24.0000 3.6160 180 120 60
2.5000 12.5000 6.0140 180 120 60
0.3125 -3.5000 4.5360 34 139 34
4.5000 -4.5000 11.7100 34 139 34
3.6250 -21.5000 21.4380 34 139 34
14.1250 16.0000 13.9330 34 139 34
22.5625 -1.0000 6.5630 255 165 0
-6.9375 24.0000 5.1270 180 120 60
8.1250 4.0000 6.2020 180 120 60
7.6875 6.0000 7.2600 128 128 128
17.1875 24.5000 3.7490 34 139 34
7.0625 -2.0000 13.7110 34 139 34
-14.6875 -7.5000 3.2030 180 120 60
-4.9375 -2.0000 3.0830 180 120 60
-6.4375 5.0000 14.7190 34 139 34
17.7500 12.0000 7.3450 34 139 34
3.6875 -12.0000 13.6860 34 139 34
-1.6875 -14.5000 17.3630 34 139 34
-19.9375 -24.0000 16.4230 34 139 34
4.0000 20.5000 11.1840 34 139 34
22.0000 20.0000 8.0500 34 139 34
-9.3750 21.0000 5.4200 180 120 60
-18.6250 8.5000 2.9190 180 120 60
-2.0625 -1.5000 4.9650 34 139 34
-2.4375 17.5000 5.7000 180 120 60
-19.0000 -22.0000 15.8940 34 139 34
-13.3125 -22.0000 4.5710 34 139 34
24.3125 10.5000 17.7040 34 139 34
-23.3750 -9.5000 3.3930 180 120 60
17.1250 -24.5000 2.9570 34 139 34
-0.2500 -24.5000 4.0210 180 120 60
9.0625 -16.0000 16.6290 34 139 34
-1.1875 20.5000 13.1770 34 139 34
6.6250 4.5000 5.9410 180 120 60
6.0625 3.0000 12.2220 34 139 34
-22.1875 -24.0000 19.3560 34 139 34
23.1250 -2.5000 6.4530 255 165 0
-13.8750 -17.0000 3.4260 180 120 60
-12.0000 8.0000 5.7010 34 139 34
4.1250 20.0000 11.1150 34 139 34
11.4375 19.0000 7.8950 34 139 34
-11.6875 1.5000 2.9790 180 120 60
-24.6875 21.0000 8.3680 34 139 34
3.3125 -8.0000 16.7070 34 139 34
-16.6250 11.0000 5.9400 34 139 34
-16.1875 -0.5000 3.0330 180 120 60
17.6250 23.0000 14.2410 34 139 34
-0.6250 -3.0000 3.1130 180 120 60
7.5000 -2.5000 13.7630 34 139 34
9.4375 -9.5000 13.4630 34 139 34
16.3750 1.5000 6.4190 255 165 0
-2.0625 6.5000 15.3300 34 139 34
10.3125 1.0000 7.4380 34 139 34
5.1250 -13.0000 6.9820 34 139 34
16.6250 16.0000 16.4090 34 139 34
13.8125 19.0000 10.7330 34 139 34
3.1875 15.0000 9.3050 34 139 34
5.5000 -12.0000 14.8230 34 139 34
-8.9375 10.5000 7.3760 34 139 34
13.8125 20.0000 14.3950 34 139 34
-22.1250 -5.0000 3.2060 180 120 60
5.0000 1.0000 14.7620 34 139 34
16.0625 19.0000 12.1390 34 139 34
-8.6875 -5.5000 3.1410 180 120 60
2.8750 -0.5000 16.8970 34 139 34
-23.6875 -16.0000 5.5610 34 139 34
8.8125 22.5000 3.6110 180 120 60
-12.3125 -23.5000 3.8520 180 120 60
-1.4375 -3.5000 6.0240 34 139 34
7.3750 -20.0000 21.2190 34 139 34
9.2500 -2.0000 10.6250 34 139 34
-15.6250 -9.0000 3.1900 180 120 60
-17.3125 22.0000 5.3660 180 120 60
-21.6250 19.5000 5.1830 34 139 34
-11.7500 11.5000 13.5610 34 139 34
17.8750 18.0000 11.7420 34 139 34
24.8750 1.5000 13.2030 34 139 34
-14.7500 20.5000 5.4340 180 120 60
-3.9375 -9.0000 3.0310 180 120 60
4.9375 -21.5000 21.8730 34 139 34
-16.1875 -10.0000 3.2690 180 120 60
11.1250 -9.0000 8.2940 34 139 34
-0.7500 -21.0000 3.9170 180 120 60
13.0625 22.5000 7.7900 34 139 34
-12.0000 -2.0000 3.1220 180 120 60
8.9375 17.0000 11.2860 34 139 34
0.8750 -17.5000 15.5340 34 139 34
-7.8750 -6.0000 3.0730 180 120 60
6.4375 -15.0000 20.1760 34 139 34
14.5000 -23.5000 5.1230 34 139 34
18.8750 -21.5000 3.2730 34 139 34
-18.5000 0.0000 3.0840 180 120 60
3.8750 5.5000 13.3630 34 139 34
16.9375 6.0000 6.3830 255 165 0
5.7500 -13.0000 19.2270 34 139 34
-23.6250 0.5000 3.0890 180 120 60
2.2500 4.0000 16.4560 34 139 34
-20.0625 -12.5000 3.3670 180 120 60
7.4375 10.5000 6.0620 180 120 60
8.0625 0.5000 12.4700 34 139 34
-2.0000 17.5000 9.6850 34 139 34
14.4375 15.5000 13.9770 34 139 34
1.2500 -3.5000 4.4390 34 139 34
22.1250 7.5000 16.0420 34 139 34
19.8750 -16.0000 6.5410 34 139 34
4.3125 -11.5000 15.6520 34 139 34
24.0000 -13.0000 2.4220 180 120 60
22.6250 -16.5000 3.3260 34 139 34
19.3750 11.5000 6.3390 34 139 34
7.8750 -1.5000 14.6360 34 139 34
15.9375 16.0000 8.4300 34 139 34
0.7500 -0.5000 15.6110 34 139 34
0.9375 -4.0000 6.4920 34 139 34
12.0625 -8.5000 6.5040 34 139 34
10.3125 -12.0000 8.0880 34 139 34
4.1875 -22.0000 7.7800 34 139 34
21.5625 -13.0000 2.9830 34 139 34
4.9375 11.5000 6.0800 180 120 60
12.3125 -12.0000 7.3580 34 139 34
20.8125 -24.0000 3.6800 34 139 34
12.3125 -8.5000 6.3450 34 139 34
24.2500 -20.0000 3.3210 34 139 34
2.1250 -4.5000 5.8920 34 139 34
24.7500 22.0000 5.2760 34 139 34
-14.9375 -13.0000 3.3460 180 120 60
20.6875 1.0000 6.5500 255 165 0
12.6875 18.0000 8.6240 34 139 34
-18.0625 8.5000 5.0260 34 139 34
-1.0000 18.0000 9.1210 34 139 34
-19.5000 -17.5000 3.3730 180 120 60
23.4375 15.5000 12.4390 34 139 34
14.9375 0.5000 6.5770 255 165 0
9.7500 24.5000 4.7160 34 139 34
15.4375 12.5000 9.9720 34 139 34
12.6250 14.0000 11.0240 34 139 34
1.7500 -17.5000 13.2960 34 139 34
0.8750 14.0000 5.9270 180 120 60
20.7500 23.5000 8.3560 34 139 34
-12.1875 18.5000 5.4230 180 120 60
2.6875 -17.5000 13.4130 34 139 34
9.6875 -0.5000 13.2260 34 139 34
-24.0625 10.5000 2.9910 180 120 60
7.7500 -20.0000 21.0390 34 139 34
-17.3125 -10.0000 3.2760 180 120 60
3.5000 -6.0000 6.6470 34 139 34
4.8125 -24.0000 7.7660 34 139 34
24.7500 -5.0000 7.5960 128 128 128
24.0625 -5.5000 3.1710 34 139 34
6.0000 9.5000 6.1700 180 120 60
-23.3125 11.5000 3.0230 180 120 60
-18.3750 -16.5000 5.9140 34 139 34
-23.5625 0.5000 3.1130 180 120 60
-5.9375 25.5000 4.8280 180 120 60
17.8750 -18.5000 6.2680 34 139 34
20.6250 -17.5000 4.6890 34 139 34
-23.4375 -16.0000 11.9470 34 139 34
19.1875 12.0000 6.0130 34 139 34
-3.1875 10.5000 5.8590 180 120 60
-21.2500 4.0000 3.0260 180 120 60
16.1875 -19.5000 2.0620 34 139 34
24.1875 -1.5000 6.5100 255 165 0
21.6250 19.5000 5.9110 34 139 34
8.1250 -8.5000 16.1820 34 139 34
5.8750 6.0000 6.1030 180 120 60
1.0625 -7.0000 8.9950 34 139 34
17.5000 -14.5000 3.3110 34 139 34
23.0625 2.5000 15.3270 34 139 34
-16.5625 -6.0000 3.2210 180 120 60
19.3125 -20.5000 2.1880 180 120 60
24.5000 -24.5000 7.8440 34 139 34
1.0625 -1.5000 11.6520 34 139 34
-16.5625 3.0000 3.0020 180 120 60
-12.0000 -23.0000 5.5330 34 139 34
-22.6875 -18.0000 14.1640 34 139 34
-1.0625 -3.5000 7.1150 34 139 34
-21.1250 -19.5000 16.0460 34 139 34
17.7500 16.0000 17.2910 34 139 34
-15.5000 -4.5000 3.1490 180 120 60
10.8125 12.5000 9.9270 34 139 34
-20.8750 7.0000 2.9370 180 120 60
-9.0000 -14.5000 3.2060 180 120 60
5.1875 7.0000 6.1590 180 120 60
-13.8750 -0.5000 3.0730 180 120 60
-9.1250 24.0000 5.1740 180 120 60
7.3125 -2.5000 3.6450 34 139 34
20.9375 24.5000 12.5470 34 139 34
-22.1250 1.0000 3.0370 180 120 60
-18.0000 -19.5000 14.0430 34 139 34
8.8750 -20.0000 2.6260 34 139 34
-8.8750 -19.5000 3.2820 180 120 60
4.1250 2.0000 16.1310 34 139 34
-3.5625 -10.5000 14.7760 34 139 34
-22.6250 -21.0000 13.9380 34 139 34
10.7500 0.0000 5.3390 34 139 34
-0.5000 22.5000 11.0400 34 139 34
-2.7500 4.0000 20.0200 34 139 34
7.7500 17.5000 11.3280 34 139 34
2.4375 -16.0000 13.7970 34 139 34
16.8125 24.0000 13.8720 34 139 34
20.0000 3.5000 6.5110 255 165 0
-2.1875 -9.0000 14.1520 34 139 34
-0.2500 -6.5000 3.1750 180 120 60
4.8750 -21.0000 22.0020 34 139 34
-2.8750 -12.0000 14.9320 34 139 34
1.6875 -2.0000 11.2030 34 139 34
-21.1875 25.5000 5.2310 180 120 60
24.5625 -18.0000 3.3680 180 120 60
-23.0000 15.0000 6.5950 34 139 34
-6.6875 -6.0000 3.1120 180 120 60
2.3125 -17.0000 13.6480 34 139 34
-16.5625 -2.0000 3.0950 180 120 60
6.1250 -1.0000 13.4790 34 139 34
21.6250 -9.0000 1.7850 180 120 60
6.4375 16.0000 11.3710 34 139 34
1.3750 2.5000 14.8890 34 139 34
14.9375 20.5000 12.5750 34 139 34
24.1875 17.5000 9.1660 34 139 34
-5.1875 23.0000 9.0900 34 139 34
-17.8750 25.0000 5.2980 180 120 60
5.1875 -0.5000 12.3230 34 139 34
-0.2500 -3.5000 3.3280 34 139 34
12.3125 -15.0000 7.7670 34 139 34
-8.0625 9.0000 4.8240 34 139 34
2.7500 -9.0000 4.6960 34 139 34
12.1875 12.0000 9.9330 34 139 34
-24.1875 16.0000 6.3820 220 50 50
-6.8750 -4.0000 4.5170 128 128 128
9.5625 25.0000 9.6690 34 139 34
-3.6875 15.0000 5.8220 180 120 60
-8.3750 -15.0000 3.1320 180 120 60
-2.3750 -23.5000 7.0780 34 139 34
-15.5625 24.5000 5.4260 180 120 60
-11.1250 -14.5000 3.2680 180 120 60
-2.1250 -6.0000 3.6930 34 139 34
9.8125 -24.0000 2.4130 34 139 34
13.2500 11.5000 9.6140 34 139 34
-6.7500 0.0000 3.0330 180 120 60
7.3125 -17.5000 20.6520 34 139 34
-13.3125 2.5000 3.0340 180 120 60
11.8125 4.0000 6.3420 180 120 60
10.1875 -4.0000 9.6320 34 139 34
-21.0000 24.5000 5.2790 180 120 60
-10.3750 15.5000 5.5880 180 120 60
2.9375 -7.5000 4.9070 34 139 34
-0.2500 -5.5000 3.1490 180 120 60
-19.5625 -12.5000 3.3230 180 120 60
4.5625 -17.0000 18.7300 34 139 34
-15.0625 -20.5000 6.0910 34 139 34
-19.1250 -18.0000 3.3710 180 120 60
-18.0625 -18.5000 3.3100 180 120 60
7.0000 -23.0000 11.9290 34 139 34
24.3750 -6.0000 4.6020 34 139 34
4.0000 23.5000 3.7130 180 120 60
-3.5625 10.0000 5.7570 180 120 60
1.6875 7.5000 5.9160 180 120 60
9.1250 -14.5000 16.3360 34 139 34
0.3750 21.5000 13.1120 34 139 34
6.5625 -22.0000 21.6600 34 139 34
-13.3125 0.5000 3.0300 180 120 60
-16.6250 -22.0000 6.4800 34 139 34
0.2500 -14.5000 16.2550 34 139 34
20.3750 -8.0000 1.6250 34 139 34
17.1250 1.5000 6.4490 255 165 0
-13.8125 -4.5000 3.1430 180 120 60
9.5625 5.5000 6.2830 180 120 60
-20.0625 -19.5000 16.7250 34 139 34
-2.7500 19.5000 10.5450 34 139 34
-3.1250 2.0000 17.8710 34 139 34
-24.6875 -13.0000 3.3350 180 120 60
-11.0000 -12.0000 3.2210 180 120 60
9.0625 10.0000 6.2070 180 120 60
19.7500 4.0000 6.4930 255 165 0
-5.5625 7.5000 4.4530 180 120 60
15.6875 4.0000 6.4260 255 165 0
8.0625 15.5000 11.6870 34 139 34
16.7500 19.0000 14.6810 34 139 34
19.7500 -18.0000 4.3780 34 139 34
-15.1875 -14.0000 3.3830 180 120 60
12.5625 -11.5000 4.6950 34 139 34
-2.8750 16.5000 6.3950 128 128 128
0.8125 -3.5000 3.2440 180 120 60
-23.1250 -7.0000 3.3590 180 120 60
6.0000 0.5000 12.7680 34 139 34
0.3125 -13.0000 15.8130 34 139 34
-23.8125 21.5000 5.2420 180 120 60
22.4375 20.0000 11.3040 34 139 34
-20.1250 -23.0000 15.4250 34 139 34
6.8750 22.5000 8.1050 34 139 34
5.8125 3.0000 5.4540 180 120 60
-22.1250 -20.0000 15.3960 34 139 34
-21.6875 -4.0000 3.1910 180 120 60
-13.1250 -19.5000 3.2340 180 120 60
23.5625 2.5000 20.0990 34 139 34
-2.8125 20.0000 10.8770 34 139 34
-4.3125 -7.0000 3.0720 180 120 60
-13.0625 -4.5000 3.1510 180 120 60
-3.8125 -8.5000 3.0240 180 120 60
1.3125 12.0000 6.0080 180 120 60
-5.6250 -22.5000 3.4350 180 120 60
-16.6250 5.5000 7.1310 34 139 34
-13.9375 17.5000 5.4810 180 120 60
4.5000 -3.5000 13.7500 34 139 34
1.8125 -18.0000 3.9230 180 120 60
-13.1250 -13.5000 3.3500 180 120 60
-15.3125 -5.0000 3.1140 180 120 60
-23.3125 6.5000 2.9700 180 120 60
2.7500 -5.5000 8.3430 34 139 34
2.8125 -1.5000 6.4980 34 139 34
-12.6250 -1.0000 3.1130 180 120 60
-14.4375 -5.0000 3.0800 180 120 60
-0.4375 -5.0000 3.3470 180 120 60
21.8125 20.0000 7.9010 34 139 34
23.3750 8.5000 17.2700 34 139 34
-0.1875 22.5000 10.8610 34 139 34
5.5625 16.0000 11.3640 34 139 34
-23.5625 -3.0000 3.2480 180 120 60
-17.3750 -13.0000 3.3650 180 120 60
11.0000 24.0000 3.5200 180 120 60
-17.5625 -18.0000 13.1460 34 139 34
7.3750 -20.5000 21.9530 34 139 34
24.8750 -20.5000 2.9330 180 120 60
-23.1250 -1.0000 3.1360 180 120 60
8.3125 25.0000 3.5230 180 120 60
24.3750 -12.0000 2.9390 180 120 60
-9.5625 -16.0000 3.1520 180 120 60
3.9375 -19.0000 21.3370 34 139 34
-13.8125 -7.0000 3.2170 180 120 60
17.0000 -18.5000 7.2770 34 139 34
-4.8125 -17.0000 15.0950 34 139 34
21.8125 -1.5000 6.4670 255 165 0
6.8125 -5.0000 12.1830 34 139 34
7.2500 12.0000 6.1040 180 120 60
8.7500 18.0000 11.2250 34 139 34
4.5000 14.5000 8.7230 34 139 34
-23.6250 -13.5000 3.3040 180 120 60
3.0000 -12.5000 15.2680 34 139 34
12.7500 23.0000 13.6510 34 139 34
1.4375 -9.5000 15.4360 34 139 34
2.7500 9.5000 6.0430 180 120 60
-8.1250 16.0000 5.6640 180 120 60
19.1250 0.0000 6.4390 255 165 0
10.7500 25.0000 9.9510 34 139 34
8.6875 -5.0000 12.6250 34 139 34
-13.0000 -14.0000 3.3320 180 120 60
0.0000 14.0000 5.8810 180 120 60
-16.6875 -21.5000 16.1240 34 139 34
-21.0625 20.5000 5.2250 180 120 60
19.0000 16.0000 17.1270 34 139 34
-12.6250 17.5000 5.4640 180 120 60
12.6875 19.0000 11.6370 34 139 34
-17.1875 -20.5000 13.4120 34 139 34
-23.0625 -18.0000 13.6930 34 139 34
-18.7500 5.0000 2.8810 180 120 60
12.1250 18.5000 11.5890 34 139 34
4.5000 -9.5000 8.8010 34 139 34
21.7500 -12.5000 2.8700 34 139 34
-0.3125 -19.5000 14.2180 34 139 34
13.7500 3.5000 6.3600 255 165 0
-6.6875 19.5000 5.5700 180 120 60
-5.1250 -19.0000 11.9650 34 139 34
1.6250 -2.5000 4.7040 34 139 34
-6.0000 -22.5000 3.4110 180 120 60
19.9375 14.0000 8.9350 34 139 34
7.6250 -11.0000 13.1010 34 139 34
-0.8750 22.0000 12.0510 34 139 34
-17.6875 6.5000 7.2550 34 139 34
-10.1875 3.5000 3.0060 180 120 60
2.5000 15.5000 9.9680 34 139 34
-20.8125 23.5000 5.2240 180 120 60
-14.6875 -11.5000 3.3070 180 120 60
-19.8750 0.0000 3.0600 180 120 60
7.0625 19.0000 11.2890 34 139 34
-0.1250 -0.5000 3.1420 180 120 60
5.7500 -10.0000 17.2070 34 139 34
-4.1875 4.0000 17.5540 34 139 34
-14.2500 4.5000 7.1620 34 139 34
-16.4375 -12.5000 3.3490 180 120 60
-23.3750 18.5000 5.1370 34 139 34
-18.3750 -0.5000 3.0890 180 120 60
-16.7500 24.0000 5.2480 180 120 60
-19.1250 -7.5000 3.2040 180 120 60
9.4375 -14.0000 14.8640 34 139 34
20.5000 -15.0000 2.7600 34 139 34
23.6875 -23.0000 3.9440 34 139 34
12.7500 18.0000 11.0980 34 139 34
7.1875 -10.5000 13.4010 34 139 34
-23.5625 18.0000 6.9230 34 139 34
1.7500 8.0000 5.9650 180 120 60
-24.1875 -15.0000 3.3460 180 120 60
-6.8125 -10.0000 3.1700 180 120 60
13.6250 18.0000 7.6860 34 139 34
-13.6250 7.5000 2.9550 180 120 60
13.0625 16.5000 13.1980 34 139 34
16.4375 25.0000 12.4130 34 139 34
-14.8750 14.0000 5.2500 34 139 34
3.8750 -18.0000 17.6710 34 139 34
-24.3125 -22.5000 17.6640 34 139 34
-11.6875 -21.0000 3.2980 180 120 60
-17.8750 -10.0000 3.2190 180 120 60
4.7500 14.5000 8.3190 34 139 34
-19.0000 -22.5000 16.3340 34 139 34
-2.3750 18.0000 9.9950 34 139 34
1.5625 19.0000 11.1270 34 139 34
19.8750 15.5000 11.0570 34 139 34
8.0000 -18.0000 10.7220 34 139 34
-5.5000 -4.0000 3.0710 180 120 60
-19.5000 -4.0000 3.2020 180 120 60
-2.0625 -19.5000 5.5270 34 139 34
4.5625 -17.0000 17.0820 34 139 34
2.5625 -14.0000 14.3980 34 139 34
11.2500 19.5000 7.5560 34 139 34
7.1875 -2.5000 14.0960 34 139 34
-22.3125 3.5000 3.0040 180 120 60
19.1250 23.0000 11.5590 34 139 34
-6.0625 10.0000 5.4680 180 120 60
-20.8125 -21.0000 20.2430 34 139 34
-9.1875 -4.0000 3.0290 180 120 60
17.7500 19.5000 15.3550 34 139 34
-15.1875 6.5000 10.6360 34 139 34
20.0000 18.5000 17.0280 34 139 34
-10.8750 -11.5000 3.2070 180 120 60
18.1250 -24.0000 3.2190 34 139 34
-3.3750 5.5000 19.0390 34 139 34
2.2500 -9.5000 6.1720 34 139 34
11.3750 11.0000 6.4600 180 120 60
-15.8750 20.5000 5.4310 180 120 60
-13.5000 24.5000 6.7940 34 139 34
13.3125 -13.0000 7.8670 34 139 34
-4.8125 -10.0000 14.0160 34 139 34
-4.0000 -11.0000 15.1610 34 139 34
-15.8750 8.0000 11.0580 34 139 34
-8.3750 21.5000 5.4840 180 120 60
-10.8750 -12.5000 3.2280 180 120 60
-15.4375 11.0000 6.4440 34 139 34
11.6875 15.0000 13.0460 34 139 34
9.3750 -15.5000 11.6330 34 139 34
-4.6875 18.0000 5.5810 180 120 60
8.4375 21.0000 8.3080 34 139 34
23.5000 -24.0000 6.5210 34 139 34
-3.6250 20.5000 11.2010 34 139 34
-18.0625 -23.0000 13.4010 34 139 34
-22.0625 16.0000 7.9100 34 139 34
12.1875 18.0000 11.4350 34 139 34
-24.6250 13.5000 7.3790 220 50 50
-5.8125 -12.5000 11.7350 34 139 34
-9.0000 -3.0000 3.1090 180 120 60
-8.0000 10.0000 6.5040 34 139 34
-13.0625 -1.0000 3.0740 180 120 60
-13.6250 -5.5000 3.1950 180 120 60
-1.0625 -2.0000 7.0400 34 139 34
10.0000 25.0000 9.7020 34 139 34
15.8125 -15.5000 6.6110 34 139 34
10.4375 -10.0000 8.3870 34 139 34
-21.4375 21.0000 5.0810 180 120 60
12.3750 12.5000 10.9670 34 139 34
-0.1250 -10.5000 16.4120 34 139 34
5.3750 5.0000 13.1600 34 139 34
8.8750 -2.0000 4.0300 34 139 34
17.3750 -15.5000 7.1890 34 139 34
2.9375 4.0000 16.3740 34 139 34
-15.1250 3.5000 2.9150 180 120 60
2.0000 7.5000 9.6410 34 139 34
10.5000 -8.5000 7.2310 34 139 34
22.0625 -17.0000 3.1870 34 139 34
-10.0000 11.0000 8.8010 34 139 34
15.1875 -14.5000 5.7700 34 139 34
20.0000 14.5000 14.7440 34 139 34
4.8750 -22.5000 21.5270 34 139 34
7.5625 -19.5000 15.2440 34 139 34
0.1250 -9.5000 16.6280 34 139 34
-9.4375 15.0000 5.6790 180 120 60
10.9375 0.0000 5.4300 34 139 34
3.5625 -19.0000 5.5640 34 139 34
19.6250 -22.0000 3.3110 34 139 34
11.0000 17.0000 9.8740 34 139 34
22.7500 7.0000 15.7230 34 139 34
6.3125 -1.0000 9.0060 34 139 34
-22.9375 -0.5000 3.1210 180 120 60
18.2500 19.0000 5.4120 34 139 34
-15.8125 -4.5000 3.1850 180 120 60
13.0000 8.0000 6.2280 180 120 60
3.7500 6.5000 12.7130 34 139 34
0.9375 -21.5000 7.0390 220 50 50
0.1250 -3.5000 4.7100 34 139 34
4.5000 9.0000 6.1460 180 120 60
-2.0000 -21.5000 3.9450 180 120 60
-11.9375 -19.5000 3.3070 180 120 60
6.8750 0.0000 10.5690 34 139 34
2.6875 1.0000 18.0540 34 139 34
-0.1250 12.5000 5.9770 180 120 60
10.6250 3.0000 6.2830 180 120 60
-10.8750 16.5000 5.5060 180 120 60
15.2500 17.0000 10.4290 34 139 34
24.3750 15.0000 8.4970 34 139 34
-4.1250 18.5000 9.7520 34 139 34
-23.0000 18.5000 5.3400 34 139 34
12.5625 -15.0000 7.1260 34 139 34
-9.8125 -6.0000 3.1800 180 120 60
21.1875 3.5000 6.5240 255 165 0
0.6250 7.5000 6.0620 34 139 34
-7.6250 6.5000 6.0180 34 139 34
4.2500 21.0000 10.5020 34 139 34
7.1875 0.5000 12.5650 34 139 34
6.3125 -21.0000 21.8270 34 139 34
19.3125 16.5000 16.6350 34 139 34
-22.6250 -11.5000 3.4090 180 120 60
-12.7500 -13.5000 3.3080 180 120 60
-11.8125 -7.0000 3.1340 180 120 60
-10.1875 -0.5000 3.0740 180 120 60
-20.2500 0.0000 3.0550 180 120 60
-8.5000 -24.0000 3.5880 180 120 60
0.2500 22.0000 12.6430 34 139 34
-8.1250 -3.5000 3.1110 180 120 60
-19.4375 -13.0000 3.3700 180 120 60
19.1250 22.0000 11.1350 34 139 34
16.3125 4.0000 6.4450 255 165 0
7.3125 -5.0000 11.9310 34 139 34
-12.5000 10.0000 6.4240 34 139 34
-8.1250 8.0000 3.7390 180 120 60
-20.1250 -20.5000 16.6960 34 139 34
-20.8750 -7.0000 3.3040 180 120 60
-3.8125 15.0000 5.7830 180 120 60
-3.3125 14.5000 5.8410 180 120 60
-22.0625 -12.5000 3.4010 180 120 60
19.6875 -19.0000 2.5880 180 120 60
6.7500 -8.5000 16.8130 34 139 34
-12.5000 13.5000 5.1480 180 120 60
-0.0625 -6.5000 8.9530 34 139 34
3.5625 21.5000 10.4250 34 139 34
-1.7500 -18.5000 12.6100 34 139 34
-20.4375 -7.5000 3.2570 180 120 60
20.1250 13.5000 13.9850 34 139 34
-12.0000 15.5000 5.5330 180 120 60
-19.1875 -5.5000 3.2050 180 120 60
-0.8125 7.5000 10.3330 34 139 34
-19.8750 15.5000 6.7810 34 139 34
-18.1250 -22.5000 15.1370 34 139 34
5.6875 -5.0000 12.5960 34 139 34
-20.8125 11.5000 3.0140 180 120 60
-1.1875 14.5000 6.7730 128 128 128
1.1250 6.5000 9.4570 34 139 34
-13.1250 7.5000 6.4120 34 139 34
5.6875 -8.0000 14.0450 34 139 34
1.4375 6.0000 13.5470 34 139 34
-7.0000 5.0000 5.7380 34 139 34
5.6875 7.0000 6.1800 180 120 60
21.1250 12.5000 13.6340 34 139 34
-16.0625 -8.0000 3.2510 180 120 60
24.1250 -17.0000 3.3680 180 120 60
10.0625 -17.0000 6.7070 34 139 34
18.5000 -14.5000 5.8200 34 139 34
-0.3125 3.0000 15.8130 34 139 34
-23.5625 -10.5000 3.3990 180 120 60
-9.1875 -10.0000 3.2280 180 120 60
2.2500 -13.5000 14.4980 34 139 34
-3.6250 22.0000 11.0830 34 139 34
2.2500 11.5000 5.9470 180 120 60
24.4375 11.5000 16.7550 34 139 34
-1.4375 -18.0000 14.8260 34 139 34
-14.4375 -9.0000 3.2530 180 120 60
9.8750 -6.0000 9.2150 34 139 34
-10.8125 7.5000 6.2170 34 139 34
-2.6250 4.5000 18.5380 34 139 34
-21.5625 16.5000 7.5650 34 139 34
-4.8750 15.5000 5.7340 180 120 60
5.8125 -21.0000 21.8820 34 139 34
-11.3750 -7.0000 3.1910 180 120 60
20.2500 16.0000 16.1340 34 139 34
-9.6250 9.0000 6.3860 34 139 34
5.0625 -19.5000 21.8350 34 139 34
6.5000 -10.0000 15.8450 34 139 34
17.4375 -15.5000 7.4030 34 139 34
3.3125 -16.0000 17.5710 34 139 34
25.0625 23.5000 5.5870 34 139 34
3.1250 -4.5000 3.1430 180 120 60
20.5000 -9.5000 2.4820 34 139 34
-12.8750 9.0000 6.3760 34 139 34
-17.5625 -3.0000 3.0700 180 120 60
18.6875 -10.0000 0.9720 180 120 60
8.6250 24.0000 5.6600 34 139 34
11.8125 25.0000 11.1530 34 139 34
22.9375 6.5000 11.2630 34 139 34
-17.6250 -22.0000 9.7330 34 139 34
4.8750 3.0000 6.0280 34 139 34
-17.5000 -24.5000 4.6980 34 139 34
-9.3125 22.5000 5.4760 180 120 60
-16.6875 -1.0000 3.0880 180 120 60
-21.8125 -17.0000 13.0360 34 139 34
22.5000 7.5000 15.8820 34 139 34
22.6875 24.0000 8.4630 34 139 34
-20.8125 23.0000 5.2590 180 120 60
2.3750 24.5000 3.7360 180 120 60
-1.0625 5.5000 16.0100 34 139 34
-10.3750 -4.0000 3.1080 180 120 60
0.0625 -12.5000 13.2300 34 139 34
16.6875 15.5000 8.1360 34 139 34
-19.2500 5.5000 2.9740 180 120 60
1.4375 6.5000 9.6710 34 139 34
-11.3750 -16.5000 3.3230 180 120 60
15.8750 24.5000 12.4650 34 139 34
6.5625 -20.0000 22.2050 34 139 34
-17.2500 -13.5000 3.3780 180 120 60
3.5000 -16.0000 13.6830 34 139 34
-12.8125 -24.0000 5.2630 34 139 34
11.8125 5.0000 6.4090 180 120 60
1.9375 -23.5000 6.6950 220 50 50
6.0625 -0.5000 13.4740 34 139 34
16.7500 0.0000 6.5520 255 165 0
-10.2500 18.0000 5.5490 180 120 60
7.2500 -16.5000 12.9830 34 139 34
-13.1250 -12.0000 3.3070 180 120 60
2.8750 0.5000 18.1720 34 139 34
10.6250 17.0000 9.4830 34 139 34
-23.2500 -0.5000 3.1110 180 120 60
22.5625 1.5000 6.5560 255 165 0
13.6875 -1.0000 0.8000 30 144 255
15.7500 -20.0000 1.6300 34 139 34
-22.8750 -24.5000 19.3590 34 139 34
-18.3750 19.5000 5.2560 180 120 60
-13.3125 -1.0000 3.0760 180 120 60
-9.9375 7.0000 6.0440 34 139 34
-15.9375 8.5000 4.9650 34 139 34
-12.1875 -23.0000 3.8540 34 139 34
24.4375 -7.0000 3.4370 34 139 34
-16.7500 -16.0000 3.4670 180 120 60
-22.1875 -2.0000 3.1340 180 120 60
-1.7500 -19.0000 14.5880 34 139 34
24.1875 -16.0000 3.2640 34 139 34
10.1250 -15.5000 8.0660 34 139 34
-2.6875 13.0000 5.9150 180 120 60
13.6250 -23.0000 3.9570 34 139 34
-12.7500 11.0000 13.3130 34 139 34
1.4375 17.5000 10.8300 34 139 34
23.9375 -4.0000 6.6080 255 165 0
-3.6875 2.5000 18.2120 34 139 34
3.5000 -21.5000 6.4670 220 50 50
-20.1875 -7.5000 3.2370 180 120 60
1.6250 -5.0000 9.2400 34 139 34
-1.0625 -20.0000 4.5540 34 139 34
-22.6875 15.5000 6.9850 34 139 34
-21.5000 -23.0000 20.4740 34 139 34
23.3125 3.0000 6.4820 255 165 0
21.0000 25.0000 9.0720 34 139 34
-24.0000 19.5000 6.9350 34 139 34
-4.0000 -6.5000 3.0640 180 120 60
3.8750 8.0000 6.0480 180 120 60
17.1250 18.5000 14.1770 34 139 34
-0.5625 20.5000 11.7850 34 139 34
-18.1250 -20.5000 13.5530 34 139 34
16.7500 17.5000 11.2820 34 139 34
23.7500 -13.5000 2.7190 34 139 34
17.6875 24.0000 9.7050 34 139 34
-19.0000 -2.0000 3.1160 180 120 60
8.4375 -24.0000 2.8890 34 139 34
-5.0000 -20.0000 6.1660 220 50 50
9.6250 18.5000 9.0690 34 139 34
11.1250 -10.0000 5.7780 34 139 34
9.8125 -1.0000 12.6990 34 139 34
-4.6250 4.5000 17.6690 34 139 34
-24.4375 21.0000 5.8250 34 139 34
4.2500 -23.0000 8.0280 34 139 34
12.6250 -24.5000 5.8570 34 139 34
22.7500 22.5000 10.9950 34 139 34
-16.1875 -8.0000 3.2490 180 120 60
20.8125 -8.0000 1.6550 180 120 60
24.9375 -23.0000 7.6670 34 139 34
-1.0000 -17.0000 16.3590 34 139 34
23.4375 -2.0000 6.5270 255 165 0
6.6875 -10.0000 15.6440 34 139 34
24.3750 -6.0000 4.8020 34 139 34
1.0625 4.5000 16.7870 34 139 34
8.8750 -17.0000 11.6270 34 139 34
7.8750 2.5000 5.5520 180 120 60
12.1875 16.5000 13.4910 34 139 34
16.6250 15.0000 10.6510 34 139 34
4.5000 -5.5000 6.6820 34 139 34
9.3750 -11.0000 4.2620 34 139 34
-1.7500 20.0000 11.8570 34 139 34
-16.8750 -15.0000 3.4290 180 120 60
11.6250 -15.0000 8.0840 34 139 34
24.5000 19.5000 2.4000 34 139 34
-18.3750 -18.5000 14.8270 34 139 34
23.3750 17.5000 9.6700 34 139 34
-17.2500 -6.5000 3.1840 180 120 60
20.8750 19.0000 16.1490 34 139 34
-20.3750 23.5000 5.3180 180 120 60
-17.2500 -14.5000 3.3520 180 120 60
5.8125 -13.5000 19.2880 34 139 34
-12.4375 -22.0000 4.6340 34 139 34
17.6875 20.5000 0.4530 180 120 60
-14.1250 2.0000 3.0170 180 120 60
23.0000 -16.0000 3.2310 34 139 34
6.3750 19.0000 11.4860 34 139 34
7.9375 -23.0000 3.0340 34 139 34
-3.4375 25.0000 7.6570 34 139 34
-16.9375 -19.5000 3.3640 180 120 60
7.8750 -22.5000 3.5200 34 139 34
2.0000 0.5000 15.3620 34 139 34
18.6875 25.5000 12.9940 34 139 34
-21.6250 1.5000 3.0510 180 120 60
-13.6875 8.5000 3.0820 34 139 34
-18.5625 13.5000 7.8440 34 139 34
-6.8750 -1.0000 3.0710 180 120 60
0.5625 -10.0000 16.5620 34 139 34
7.8125 -6.5000 6.9600 34 139 34
-9.0625 17.0000 5.6450 180 120 60
-14.0625 5.0000 6.9400 34 139 34
3.2500 22.5000 9.8380 34 139 34
-16.1875 0.0000 3.0510 180 120 60
3.5000 -7.5000 17.0760 34 139 34
11.0625 25.5000 9.9530 34 139 34
19.1250 -18.0000 5.5120 34 139 34
-20.8125 21.5000 5.1810 180 120 60
0.6250 4.0000 10.3500 34 139 34
-19.8125 -22.5000 19.8950 34 139 34
1.6875 15.0000 5.9150 180 120 60
18.6250 11.5000 5.8320 34 139 34
23.3125 -6.5000 2.7540 34 139 34
3.6250 -21.0000 6.4460 220 50 50
10.5625 -6.0000 1.7340 34 139 34
-11.3750 -8.5000 3.0800 180 120 60
3.9375 -0.5000 11.4200 34 139 34
7.3125 -4.0000 13.8280 34 139 34
16.8750 22.0000 11.5220 34 139 34
8.6250 -16.0000 2.1850 34 139 34
23.6875 -2.5000 6.4910 255 165 0
-0.1250 -22.0000 3.9420 180 120 60
-19.8125 -19.0000 19.7350 34 139 34
24.3125 -23.5000 3.7550 34 139 34
3.7500 2.0000 17.1620 34 139 34
24.8750 -9.0000 3.9130 34 139 34
8.3750 12.5000 9.9560 34 139 34
6.0000 19.0000 11.5300 34 139 34
11.2500 -4.0000 2.2240 34 139 34
-10.2500 3.0000 3.0010 180 120 60
-9.4375 -5.0000 3.1510 180 120 60
-5.4375 -6.5000 3.0430 180 120 60
13.0625 10.0000 6.5170 180 120 60
18.8125 21.0000 5.4100 34 139 34
17.8750 16.0000 17.0510 34 139 34
23.2500 16.0000 12.9610 34 139 34
-19.4375 -21.5000 19.4160 34 139 34
20.1875 20.0000 6.2040 34 139 34
7.0000 -22.0000 21.4040 34 139 34
1.1875 12.5000 5.9620 180 120 60
-9.3125 -2.0000 3.1060 180 120 60
7.8125 -18.0000 18.1240 34 139 34
-23.1250 -8.0000 3.3180 180 120 60
-17.2500 10.0000 2.8250 180 120 60
3.5000 -7.0000 15.2650 34 139 34
-18.0625 -24.5000 13.3740 34 139 34
8.4375 -19.5000 9.8690 34 139 34
22.5000 13.5000 11.4120 34 139 34
-23.2500 -23.0000 20.0280 34 139 34
7.8125 -16.0000 17.2790 34 139 34
7.6250 1.5000 10.8920 34 139 34
5.5625 12.0000 6.0590 180 120 60
-17.7500 -22.5000 11.0880 34 139 34
-17.5000 14.5000 7.2680 34 139 34
5.8750 24.5000 4.5780 34 139 34
9.7500 11.5000 6.3790 180 120 60
5.3750 23.0000 3.7180 180 120 60
-18.7500 16.0000 7.5180 34 139 34
3.0625 -18.0000 3.9490 180 120 60
-3.5625 3.0000 18.9060 34 139 34
-21.1250 -10.5000 3.3980 180 120 60
7.6875 -4.0000 12.4120 34 139 34
2.8125 22.0000 10.2940 34 139 34
18.0625 -22.5000 2.8190 34 139 34
20.1875 13.0000 12.8140 34 139 34
11.8125 25.5000 3.5090 180 120 60
20.5000 -16.5000 4.9050 34 139 34
9.6250 -15.0000 11.0090 34 139 34
19.8125 13.5000 12.6070 34 139 34
-19.6250 -21.0000 17.1110 34 139 34
3.1250 8.5000 6.1140 180 120 60
-24.0625 -15.0000 3.2950 180 120 60
1.6875 -22.5000 6.8270 220 50 50
10.1875 -1.5000 4.2370 34 139 34
-5.0000 13.0000 5.9080 180 120 60
-4.9375 -3.0000 3.0110 180 120 60
24.6250 -4.5000 6.6660 255 165 0
2.9375 -1.0000 13.0780 34 139 34
-21.4375 -3.0000 3.1600 180 120 60
5.0625 -18.0000 19.0050 34 139 34
-14.8125 7.0000 4.8600 34 139 34
7.8750 -16.0000 19.1700 34 139 34
-18.4375 12.5000 6.9470 34 139 34
11.6875 20.0000 5.6950 34 139 34
-23.0625 19.5000 5.8970 34 139 34
-0.3750 21.0000 12.5500 34 139 34
-18.6250 -20.5000 14.0960 34 139 34
-5.3125 18.0000 5.5920 180 120 60
-10.8750 16.0000 5.5900 180 120 60
22.8750 9.0000 16.6790 34 139 34
-8.8750 -3.5000 3.0720 180 120 60
4.6875 4.5000 13.0760 34 139 34
1.0000 -19.0000 4.0280 180 120 60
-0.5000 19.0000 11.3190 34 139 34
12.8750 14.0000 12.4970 34 139 34
21.5625 -2.0000 6.4090 255 165 0
22.3125 23.5000 3.6520 34 139 34
1.3125 10.5000 5.9490 180 120 60
0.3750 -5.5000 9.5760 34 139 34
13.8750 -16.5000 3.3060 34 139 34
8.8125 1.5000 7.9400 34 139 34
-5.3125 -3.0000 3.0790 180 120 60
20.8125 -9.0000 2.4710 34 139 34
-0.1250 -21.5000 3.9320 180 120 60
12.7500 -13.5000 8.4890 34 139 34
12.1250 25.5000 13.6080 34 139 34
15.0000 -17.0000 4.6870 34 139 34
18.6250 -15.5000 7.0610 34 139 34
-19.6250 -19.0000 3.3010 180 120 60
1.1875 15.5000 8.8780 34 139 34
-2.1250 -18.0000 15.5070 34 139 34
10.3125 19.5000 3.6440 180 120 60
7.6875 22.5000 3.5440 180 120 60
18.1250 3.5000 6.5050 255 165 0
5.6875 -2.0000 12.5420 34 139 34
-2.1875 1.0000 9.5450 34 139 34
24.2500 22.5000 8.7820 34 139 34
-9.3750 14.5000 5.6540 180 120 60
15.1250 10.5000 9.5740 34 139 34
-0.8125 -24.0000 3.9920 180 120 60
14.8125 -23.5000 6.0480 34 139 34
-8.1875 10.5000 7.0480 34 139 34
-7.8750 20.0000 5.4960 180 120 60
0.9375 7.0000 5.5940 180 120 60
10.4375 0.5000 7.3780 34 139 34
12.1875 10.5000 6.4610 180 120 60
-23.4375 6.0000 2.9920 180 120 60
-17.0000 -3.5000 3.1320 180 120 60
-3.8125 -15.0000 15.5780 34 139 34
-21.5000 -11.0000 3.3780 180 120 60
-17.7500 18.5000 5.2840 180 120 60
3.2500 -13.5000 13.5370 34 139 34
-7.8750 9.5000 6.6520 34 139 34
-21.3125 -3.0000 3.1760 180 120 60
-10.5000 -7.5000 3.1730 180 120 60
-21.5000 -4.5000 3.2010 180 120 60
-4.4375 2.0000 17.0070 34 139 34
20.2500 -11.0000 2.2390 180 120 60
-11.6250 -2.5000 3.0520 180 120 60
3.5000 -11.5000 14.3790 34 139 34
12.0000 -7.5000 4.4070 34 139 34
-10.0000 -12.5000 3.2000 180 120 60
0.4375 19.0000 12.6970 34 139 34
-4.6250 -13.5000 14.0590 34 139 34
4.4375 14.0000 8.8520 34 139 34
4.0625 -20.5000 21.8560 34 139 34
5.3750 -16.5000 15.2330 34 139 34
16.5000 -22.0000 2.4520 34 139 34
14.5000 16.0000 14.3020 34 139 34
22.8125 -14.5000 2.5940 180 120 60
8.5000 -5.0000 5.0730 34 139 34
-1.1875 23.5000 10.6250 34 139 34
-5.2500 2.5000 12.7150 34 139 34
19.4375 -17.5000 4.7760 34 139 34
-24.5625 -15.5000 8.7120 34 139 34
15.5000 13.0000 12.4350 34 139 34
16.8125 -20.5000 2.3940 34 139 34
-5.1875 2.0000 15.5610 34 139 34
1.0000 -19.5000 4.1100 34 139 34
-5.8125 -11.0000 3.1510 180 120 60
-24.5625 25.5000 5.2490 180 120 60
6.5625 -20.0000 17.3400 34 139 34
25.0000 16.0000 8.3700 34 139 34
-17.4375 9.5000 2.8260 180 120 60
-8.3750 -6.0000 3.0520 180 120 60
6.0625 8.5000 6.1530 180 120 60
13.3750 19.0000 14.3530 34 139 34
-5.9375 24.5000 8.8660 34 139 34
-16.5625 4.0000 2.9540 180 120 60
-19.6250 -12.5000 3.3940 180 120 60
21.6250 22.5000 11.3130 34 139 34
-14.1250 14.5000 4.9910 34 139 34
-15.9375 20.5000 5.3320 180 120 60
-20.1250 4.5000 2.9810 180 120 60
24.7500 -4.0000 6.6590 255 165 0
-18.8750 -16.5000 3.3990 180 120 60
9.1875 20.5000 8.4290 34 139 34
-24.3125 -3.5000 3.3000 180 120 60
12.3750 7.0000 6.2830 180 120 60
-22.6250 5.5000 2.9360 180 120 60
17.3750 -19.0000 6.8650 34 139 34
8.8125 -4.0000 11.6230 34 139 34
-23.3750 0.0000 3.0980 180 120 60
-16.0000 14.0000 6.2000 34 139 34
2.8125 -16.0000 18.7330 34 139 34
12.8125 -12.0000 8.2410 34 139 34
21.1250 -2.5000 6.6210 255 165 0
-2.1875 -24.0000 6.2950 34 139 34
-7.8750 2.5000 3.1510 180 120 60
19.8750 -11.5000 2.4540 34 139 34
19.7500 20.0000 5.6220 34 139 34
9.7500 -4.0000 9.8500 34 139 34
12.5000 10.0000 7.9570 34 139 34
21.5625 24.5000 8.3460 34 139 34
3.0000 -13.5000 14.3300 34 139 34
-3.1250 7.5000 15.8230 34 139 34
11.8750 0.5000 5.7880 34 139 34
24.0625 12.5000 0.3080 30 144 255
8.1875 -4.0000 12.1730 34 139 34
16.0000 1.5000 6.3790 255 165 0
-24.3750 12.5000 3.0320 180 120 60
-13.8750 -11.0000 3.3090 180 120 60
-18.6250 -15.5000 3.4140 180 120 60
4.3125 0.0000 10.9490 34 139 34
-4.6875 6.0000 15.9130 34 139 34
3.8750 -10.5000 14.9240 34 139 34
-17.0625 -14.5000 3.4180 180 120 60
-22.3125 23.0000 5.1450 180 120 60
0.7500 -22.0000 7.0610 220 50 50
10.5000 -7.5000 5.1530 34 139 34
-17.6875 -23.0000 13.5920 34 139 34
-17.0000 12.5000 6.4170 34 139 34
14.6250 15.0000 13.1200 34 139 34
-11.6250 -23.5000 3.7560 180 120 60
-10.4375 7.5000 6.5320 34 139 34
5.0625 -13.0000 5.9180 34 139 34
12.5000 23.0000 5.1610 34 139 34
16.1250 4.0000 6.4260 255 165 0
20.6250 18.5000 17.1980 34 139 34
19.4375 17.0000 17.6450 34 139 34
-13.6250 -9.5000 3.2470 180 120 60
19.4375 19.5000 5.1870 34 139 34
23.6250 -18.0000 3.5660 34 139 34
10.0000 -0.5000 12.8550 34 139 34
24.8125 -16.0000 3.0460 180 120 60
8.5625 -20.0000 11.9650 34 139 34
9.4375 10.0000 6.2300 180 120 60
25.1250 16.5000 8.2460 34 139 34
-13.2500 24.0000 5.4640 180 120 60
-11.2500 -12.5000 3.2240 180 120 60
-7.0625 -18.0000 3.2920 180 120 60
-9.8750 -16.5000 3.1810 180 120 60
-5.6250 2.5000 12.1840 34 139 34
-7.1250 19.0000 5.4510 180 120 60
-18.5625 -11.0000 3.3220 180 120 60
15.0000 9.0000 6.5270 34 139 34
-1.2500 22.5000 10.6740 34 139 34
-18.6250 5.0000 2.9660 180 120 60
8.3125 -7.0000 14.8250 34 139 34
-23.9375 -9.0000 3.3970 180 120 60
7.8750 -4.5000 12.5750 34 139 34
4.5000 -8.0000 15.6750 34 139 34
17.3750 21.0000 15.8690 34 139 34
-3.3750 -22.0000 3.6430 180 120 60
-16.3750 2.5000 3.0220 180 120 60
17.8750 15.0000 16.2260 34 139 34
22.5000 8.0000 16.0570 34 139 34
0.9375 16.5000 9.4300 34 139 34
-0.1875 7.0000 9.9780 34 139 34
4.7500 24.5000 3.7550 180 120 60
-11.6875 22.0000 5.4020 180 120 60
24.8750 18.0000 11.2530 34 139 34
8.4375 12.0000 10.4430 34 139 34
0.8750 4.0000 10.0310 34 139 34
15.0000 -23.0000 4.5460 34 139 34
-23.8750 16.0000 6.3450 220 50 50
8.0000 2.5000 5.6520 180 120 60
-22.9375 -22.5000 16.3600 34 139 34
2.8125 6.5000 12.5860 34 139 34
-15.8125 15.0000 5.5270 34 139 34
-18.6875 -16.5000 3.4150 180 120 60
-8.5625 -23.0000 3.4710 180 120 60
-17.0625 -15.5000 3.3440 180 120 60
-18.8750 -1.0000 3.0580 180 120 60
-24.5000 -5.5000 3.2950 180 120 60
-6.8750 8.0000 5.5140 34 139 34
15.4375 25.0000 16.2300 34 139 34
-17.8750 4.0000 2.9730 180 120 60
22.1250 16.0000 16.6820 34 139 34
3.6250 -8.5000 16.6650 34 139 34
14.6875 14.5000 12.7550 34 139 34
-14.6250 -12.5000 3.3270 180 120 60
-13.4375 14.0000 5.9250 34 139 34
5.3125 -5.0000 12.1780 34 139 34
-10.1875 18.5000 5.5850 180 120 60
-23.6875 19.5000 6.1760 34 139 34
24.8125 23.0000 0.1610 30 144 255
15.3125 18.5000 10.9450 34 139 34
-7.3125 -3.5000 3.0590 180 120 60
-10.1250 13.5000 5.5610 180 120 60
7.9375 -3.5000 10.5600 34 139 34
-6.9375 6.0000 7.4500 34 139 34
-18.7500 -11.0000 3.2740 180 120 60
-10.6875 10.0000 6.9320 34 139 34
-24.6875 15.5000 6.6430 220 50 50
16.6875 21.0000 12.9030 34 139 34
17.0000 14.0000 10.3300 34 139 34
-2.1250 23.0000 10.9240 34 139 34
-23.5000 -1.5000 3.1530 180 120 60
-22.8125 25.0000 5.1810 180 120 60
1.0625 -9.5000 15.7690 34 139 34
13.0625 16.0000 12.5460 34 139 34
12.0000 20.0000 6.9990 34 139 34
10.3125 17.0000 9.4240 34 139 34
-13.6875 -1.5000 3.0670 180 120 60
15.5000 -23.0000 2.0240 34 139 34
16.6875 4.5000 6.4840 255 165 0
0.8125 -23.5000 6.9800 220 50 50
-23.5625 -15.0000 3.2970 180 120 60
11.5000 5.5000 6.3330 180 120 60
17.9375 11.5000 6.1680 34 139 34
-13.6250 -14.5000 3.3660 180 120 60
-6.5000 -6.5000 3.0980 180 120 60
10.8750 10.0000 6.3370 180 120 60
-12.1250 10.0000 6.3970 34 139 34
13.2500 21.5000 6.8220 34 139 34
-16.0000 -16.5000 3.4340 180 120 60
-12.5000 -2.5000 3.1250 180 120 60
-10.7500 -17.5000 3.2580 180 120 60
-12.2500 -9.5000 3.2520 180 120 60
16.6875 -20.5000 2.6840 34 139 34
-12.0000 17.5000 5.5230 180 120 60
-4.7500 12.0000 5.8420 180 120 60
-2.8750 19.5000 11.1240 34 139 34
18.1250 18.0000 15.9400 34 139 34
-10.6250 -24.5000 3.6440 180 120 60
-19.5625 17.0000 7.0600 34 139 34
-10.4375 -19.5000 3.3190 180 120 60
20.0000 -20.5000 3.1240 34 139 34
-10.2500 -7.5000 3.1010 180 120 60
-12.8750 -15.0000 3.3520 180 120 60
-20.9375 -19.5000 20.8600 34 139 34
14.9375 8.5000 6.4990 180 120 60
-22.3750 18.0000 6.3300 34 139 34
-11.1875 -10.0000 3.2300 180 120 60
-19.6250 -4.5000 3.1890 180 120 60
24.9375 10.0000 19.2800 34 139 34
14.1875 4.0000 6.3700 255 165 0
9.0625 -3.0000 14.0340 34 139 34
3.9375 8.5000 6.0320 180 120 60
-8.8125 6.5000 6.6050 34 139 34
6.6875 -11.0000 7.9550 34 139 34
-1.3125 3.0000 20.1130 34 139 34
-11.6875 3.5000 2.9990 180 120 60
-13.1250 18.0000 5.5270 180 120 60
-2.7500 19.5000 9.7580 34 139 34
-19.6875 21.5000 5.1810 180 120 60
-6.6875 8.0000 5.0690 34 139 34
15.1875 1.5000 6.5040 255 165 0
5.2500 18.5000 12.4720 34 139 34
-15.1250 8.5000 9.4010 34 139 34
-1.2500 -5.0000 8.3920 34 139 34
-10.0000 -17.0000 3.1720 180 120 60
21.6250 4.0000 16.0220 34 139 34
-6.2500 8.5000 5.4380 34 139 34
6.3125 -9.5000 8.2560 34 139 34
19.5625 16.0000 2.4800 34 139 34
-21.4375 -1.0000 3.0350 180 120 60
-11.6875 -10.5000 3.2490 180 120 60
5.1250 21.5000 7.8380 34 139 34
4.5625 3.0000 13.5360 34 139 34
-14.5000 -16.0000 3.3870 180 120 60
-13.6250 20.5000 5.3310 180 120 60
-21.0000 -18.0000 13.0930 34 139 34
2.5000 -1.5000 10.9590 34 139 34
-16.6250 15.5000 5.6840 34 139 34
18.1875 -16.5000 6.7740 34 139 34
14.4375 -16.5000 6.3160 34 139 34
20.4375 22.0000 5.4140 34 139 34
-15.2500 -12.0000 3.3110 180 120 60
-10.3125 17.0000 5.5670 180 120 60
5.9375 -14.5000 20.3320 34 139 34
-11.8750 -5.0000 3.1370 180 120 60
-4.1875 21.0000 9.4230 34 139 34
0.1875 3.0000 16.0790 34 139 34
14.6250 6.5000 6.4010 180 120 60
23.1875 -8.0000 2.7530 34 139 34
2.2500 5.0000 15.9750 34 139 34
6.0000 22.0000 3.7690 180 120 60
-24.3750 -13.0000 3.3020 180 120 60
-17.5000 12.5000 7.4520 34 139 34
-4.1250 25.0000 4.8580 180 120 60
-9.9375 -20.5000 3.4130 180 120 60
-23.9375 10.0000 3.1530 34 139 34
11.0000 11.5000 6.4440 180 120 60
10.6875 0.5000 7.4080 34 139 34
23.8125 -18.5000 3.2650 180 120 60
22.7500 18.5000 9.8650 34 139 34
2.9375 24.5000 3.6790 180 120 60
7.2500 -23.5000 7.8160 34 139 34
8.8125 -16.5000 0.8400 180 120 60
18.1250 14.5000 15.2500 34 139 34
4.1250 18.5000 11.5460 34 139 34
5.6250 20.5000 11.3950 34 139 34
8.5000 -3.5000 11.8650 34 139 34
-4.0000 -4.0000 3.0630 180 120 60
6.8125 3.0000 5.5030 180 120 60
6.3750 -21.5000 21.7550 34 139 34
9.5625 -13.0000 10.8590 34 139 34
-23.4375 1.0000 3.0730 180 120 60
-23.8125 -23.5000 20.4840 34 139 34
-22.9375 -22.5000 18.3980 34 139 34
-16.1250 -10.5000 3.2350 180 120 60
24.3750 25.0000 5.9440 34 139 34
-10.5000 14.0000 5.5920 180 120 60
2.9375 4.5000 16.4730 34 139 34
2.7500 2.0000 18.3810 34 139 34
-6.3125 -20.0000 6.3120 220 50 50
-3.8750 1.5000 16.8770 34 139 34
-12.2500 21.5000 5.3760 180 120 60
-11.7500 4.5000 2.9910 180 120 60
6.2500 21.0000 10.5040 34 139 34
23.8125 21.0000 6.8760 34 139 34
5.0000 4.5000 14.4060 34 139 34
1.6875 1.0000 18.1910 34 139 34
-13.3125 18.5000 5.4620 180 120 60
-16.8125 10.0000 4.7840 34 139 34
25.0000 -22.0000 7.0310 34 139 34
1.8750 -20.5000 6.8430 220 50 50
10.7500 5.5000 7.4790 128 128 128
5.3125 9.0000 6.1560 180 120 60
-4.7500 -5.0000 3.1030 180 120 60
1.4375 -3.5000 6.0350 34 139 34
20.0000 -1.0000 6.4370 255 165 0
-1.8750 -23.5000 6.3890 34 139 34
3.4375 -18.0000 16.5600 34 139 34
0.0625 -18.5000 14.0870 34 139 34
5.0000 -8.0000 16.6030 34 139 34
-8.2500 -4.5000 3.0500 180 120 60
0.5625 8.0000 9.7160 34 139 34
10.0625 -7.5000 8.3220 34 139 34
21.6250 0.0000 6.5460 255 165 0
16.6250 6.0000 6.3930 255 165 0
0.3125 20.5000 12.7430 34 139 34
5.6250 25.0000 4.6850 34 139 34
-2.6250 -9.0000 10.3440 34 139 34
7.0625 -20.5000 19.3650 34 139 34
5.7500 18.0000 11.8230 34 139 34
-14.6875 -13.0000 3.3360 180 120 60
-8.3750 11.5000 6.3360 34 139 34
6.7500 -7.5000 16.8060 34 139 34
7.0000 22.5000 3.6360 180 120 60
-1.8125 -24.5000 6.4350 34 139 34
8.1250 -13.5000 17.5230 34 139 34
23.2500 17.5000 13.3730 34 139 34
-16.6875 12.5000 6.4440 34 139 34
-21.7500 19.5000 5.0710 180 120 60
-5.3125 5.0000 15.2000 34 139 34
-9.1250 12.5000 5.4740 180 120 60
-14.0625 -3.0000 3.0800 180 120 60
-1.1875 5.0000 14.1220 34 139 34
-11.1250 -21.0000 3.2890 180 120 60
4.4375 -21.5000 21.7490 34 139 34
4.2500 11.5000 6.1200 180 120 60
-23.0625 8.0000 2.9300 180 120 60
-5.8750 3.0000 14.9700 34 139 34
-19.8750 -17.5000 13.1200 34 139 34
16.2500 14.5000 11.4120 34 139 34
-23.1250 -23.0000 19.6080 34 139 34
16.2500 13.0000 11.0620 34 139 34
-0.5625 -13.5000 16.2210 34 139 34
7.1875 -7.0000 15.8110 34 139 34
-15.6250 5.5000 8.1170 34 139 34
-7.3750 -6.5000 5.2540 128 128 128
12.2500 21.5000 4.4100 34 139 34
-6.0625 6.0000 7.3930 34 139 34
-5.5000 8.0000 4.8000 180 120 60
0.8125 19.5000 11.2910 34 139 34
-10.2500 -8.5000 3.2090 180 120 60
-3.6875 25.5000 4.5800 180 120 60
6.3125 -5.5000 6.1910 34 139 34
-12.8750 17.5000 5.5300 180 120 60
12.0000 12.5000 9.5970 34 139 34
0.3750 4.5000 14.2510 34 139 34
23.9375 -14.0000 2.6510 34 139 34
-16.5000 -3.5000 3.1540 180 120 60
2.2500 14.5000 5.8950 180 120 60
9.1250 -14.0000 14.8790 34 139 34
-4.5000 24.5000 10.0100 34 139 34
15.8750 20.0000 16.3620 34 139 34
23.8125 21.5000 7.0750 34 139 34
-4.1875 7.5000 15.1300 34 139 34
-11.3125 -21.0000 3.3800 180 120 60
-18.3125 -20.5000 13.9260 34 139 34
11.5000 -2.5000 1.6610 34 139 34
1.2500 0.0000 6.0460 34 139 34
-23.3750 17.0000 6.7350 34 139 34
-14.1250 9.0000 5.8470 34 139 34
8.3750 -20.5000 11.9650 34 139 34
24.3125 -23.0000 3.9110 34 139 34
1.5625 3.5000 10.3320 34 139 34
-14.0625 12.0000 6.1610 34 139 34
-3.9375 7.5000 13.5000 34 139 34
-21.8750 -7.0000 3.3290 180 120 60
-24.5625 -5.0000 3.1990 180 120 60
8.0625 21.0000 8.0840 34 139 34
-12.2500 -19.5000 3.3550 180 120 60
12.0000 24.5000 15.2600 34 139 34
-7.8750 12.0000 5.5380 180 120 60
11.4375 -9.0000 8.0870 34 139 34
-21.3750 -22.5000 13.8670 34 139 34
-5.6875 -6.0000 3.1070 180 120 60
22.2500 -23.5000 3.6090 34 139 34
-14.5625 -23.0000 6.7410 34 139 34
-21.4375 -4.0000 3.1300 180 120 60
8.8750 -18.5000 2.0940 34 139 34
-21.0000 5.0000 2.9440 180 120 60
-24.4375 2.0000 3.0920 180 120 60
-6.7500 -15.0000 14.2120 34 139 34
-20.6875 -24.5000 18.8130 34 139 34
2.8750 -7.5000 8.7280 34 139 34
10.3750 -6.5000 5.2810 34 139 34
-23.3125 -11.0000 3.3930 180 120 60
6.1875 4.0000 5.7500 180 120 60
0.7500 0.0000 10.2390 34 139 34
3.3750 16.5000 12.5800 34 139 34
25.0625 21.0000 0.1860 30 144 255
-19.7500 -9.0000 3.2660 180 120 60
-24.0625 -23.5000 20.9380 34 139 34
-16.8125 22.0000 5.3340 180 120 60
13.5000 -13.0000 7.8180 34 139 34
8.3750 -9.0000 13.5870 34 139 34
2.3750 0.0000 16.5670 34 139 34
21.2500 23.0000 4.9270 34 139 34
-7.4375 15.5000 5.6940 180 120 60
20.3750 12.5000 12.0430 34 139 34
-12.2500 -4.5000 3.0350 180 120 60
-19.3125 16.0000 8.0730 34 139 34
24.7500 24.0000 0.1570 30 144 255
-3.4375 10.5000 5.7650 180 120 60
-16.8750 14.5000 6.3790 34 139 34
-11.3750 2.5000 3.0310 180 120 60
-2.9375 23.5000 10.3820 34 139 34
-12.0000 13.0000 7.4750 34 139 34
21.0000 -21.0000 3.2940 34 139 34
-16.7500 -17.5000 3.5100 180 120 60
7.5625 11.0000 6.0990 180 120 60
-10.6250 16.5000 5.5840 180 120 60
4.5000 6.5000 12.5860 34 139 34
0.1875 5.0000 10.3480 34 139 34
-16.2500 14.5000 5.6060 34 139 34
-9.4375 23.5000 5.3680 180 120 60
-8.3750 14.0000 5.7360 180 120 60
-3.0625 20.0000 10.9090 34 139 34
-19.0000 11.5000 2.9630 180 120 60
2.6250 0.0000 16.8090 34 139 34
-4.6250 -16.0000 14.8070 34 139 34
11.8125 24.0000 11.1470 34 139 34
8.0000 18.5000 10.6810 34 139 34
-16.4375 -20.0000 3.2970 180 120 60
-1.6250 -21.5000 4.0020 180 120 60
-8.2500 -3.5000 3.1330 180 120 60
7.5000 -16.0000 19.4530 34 139 34
-5.6250 19.5000 5.6230 180 120 60
-18.1250 -8.0000 3.2600 180 120 60
13.4375 23.0000 13.6620 34 139 34
16.6250 -18.0000 8.4160 34 139 34
-15.1875 -21.5000 6.8110 34 139 34
9.2500 22.5000 3.5450 180 120 60
8.9375 -20.5000 2.0560 34 139 34
0.7500 -1.0000 3.1780 180 120 60
-0.9375 -14.5000 16.9470 34 139 34
4.8125 -12.5000 14.6710 34 139 34
24.9375 -24.0000 3.6030 34 139 34
8.0000 20.5000 9.3680 34 139 34
-17.5625 -6.0000 3.2470 180 120 60
5.0000 22.5000 9.2090 34 139 34
-21.8125 24.0000 5.2920 180 120 60
-1.0000 0.5000 4.1920 34 139 34
-17.8750 8.5000 2.9240 180 120 60
2.1875 4.0000 14.9930 34 139 34
10.0000 -9.5000 7.9630 34 139 34
-11.3750 -6.0000 3.1520 180 120 60
12.6875 7.0000 6.3350 180 120 60
7.2500 10.5000 6.1260 180 120 60
14.0000 23.5000 14.7040 34 139 34
0.3750 24.0000 10.7470 34 139 34
23.2500 21.0000 11.1170 34 139 34
-0.9375 -9.5000 15.8780 34 139 34
18.0625 -13.0000 1.8840 34 139 34
0.3125 8.0000 5.8660 180 120 60
-1.7500 19.0000 11.9210 34 139 34
-3.8125 -16.0000 16.7400 34 139 34
18.3750 15.5000 13.8720 34 139 34
18.6250 -1.5000 6.5890 255 165 0
-3.6875 8.0000 4.7560 180 120 60
-13.5000 3.5000 2.9400 180 120 60
23.4375 -3.5000 6.5430 255 165 0
-18.5000 -21.5000 3.2560 180 120 60
6.3125 -19.5000 4.6690 34 139 34
-17.5000 -1.5000 3.0370 180 120 60
16.8125 -17.5000 7.7240 34 139 34
-5.7500 -12.5000 10.5590 34 139 34
-12.6250 -14.5000 3.2970 180 120 60
-7.5000 -6.5000 3.1150 180 120 60
-20.8750 -14.5000 3.3630 180 120 60
23.8125 13.5000 11.4010 34 139 34
1.8125 -21.0000 6.8110 220 50 50
20.0000 -21.0000 3.1720 34 139 34
-2.3750 17.5000 5.8090 180 120 60
-8.0000 11.0000 6.9780 34 139 34
-23.7500 -16.5000 6.0210 34 139 34
-16.1250 16.5000 5.2300 180 120 60
-3.0000 5.5000 17.7350 34 139 34
0.8125 -12.5000 12.6050 34 139 34
4.6250 5.5000 14.6160 34 139 34
-18.8750 -14.0000 3.3840 180 120 60
11.1250 4.0000 6.3330 180 120 60
1.6250 0.5000 16.9210 34 139 34
-16.8125 8.0000 2.8280 180 120 60
-11.0625 14.5000 5.6540 180 120 60
7.6875 2.0000 10.8530 34 139 34
-1.5000 6.5000 10.8810 34 139 34
20.6250 -10.0000 2.0350 180 120 60
7.9375 -15.0000 14.9940 34 139 34
10.8125 6.5000 6.3210 180 120 60
8.8750 -17.5000 15.6580 34 139 34
3.5000 3.0000 16.1430 34 139 34
-16.8125 16.0000 5.6380 34 139 34
3.6875 4.0000 15.1520 34 139 34
-6.8750 23.0000 5.2400 180 120 60
4.0000 -20.0000 6.3690 220 50 50
22.8125 -4.5000 2.0940 180 120 60
15.6250 22.5000 14.2250 34 139 34
-14.4375 16.0000 5.4620 180 120 60
1.4375 21.5000 10.2260 34 139 34
3.6875 -14.0000 18.5980 34 139 34
-18.1875 -18.0000 14.2690 34 139 34
5.1875 23.5000 7.5400 34 139 34
-23.0625 -16.0000 11.6640 34 139 34
-6.1875 -8.5000 3.1610 180 120 60
3.8125 -2.0000 6.5530 34 139 34
8.6875 -8.5000 9.0230 34 139 34
7.6875 -9.5000 13.4150 34 139 34
-16.1875 -10.5000 3.2310 180 120 60
-0.4375 23.0000 10.4380 34 139 34
-23.1250 -21.5000 9.1170 34 139 34
-15.5625 -14.0000 3.3250 180 120 60
5.3750 -12.0000 15.2180 34 139 34
-20.9375 2.5000 3.0300 180 120 60
-13.0625 -15.5000 3.3420 180 120 60
5.8125 -22.0000 20.0750 34 139 34
-19.3125 24.5000 5.2770 180 120 60
6.8125 -17.0000 13.2750 34 139 34
-20.4375 -1.0000 3.1000 180 120 60
13.6250 20.0000 14.3770 34 139 34
-13.5000 1.5000 3.0220 180 120 60
24.8125 21.5000 0.1950 30 144 255
-16.5000 -17.0000 3.4890 180 120 60
20.1250 -18.5000 2.5770 180 120 60
6.6875 0.5000 12.7150 34 139 34
5.3750 15.5000 11.0000 34 139 34
12.6875 8.5000 6.3030 180 120 60
-19.9375 -23.0000 19.9930 34 139 34
-4.0625 -16.5000 14.7770 34 139 34
2.5000 -3.5000 8.4570 34 139 34
9.6250 -3.0000 2.5790 34 139 34
9.1875 0.5000 7.5180 34 139 34
-5.4375 15.0000 5.7060 180 120 60
7.8750 9.5000 6.1980 180 120 60
-7.6875 -0.5000 3.0020 180 120 60
24.0000 20.0000 3.0020 34 139 34
-8.2500 -19.5000 3.3570 180 120 60
7.0000 -5.0000 12.1560 34 139 34
-20.7500 -4.5000 3.2270 180 120 60
-5.5000 7.5000 4.7080 180 120 60
17.8750 -15.0000 6.6060 34 139 34
-22.0625 11.0000 2.9470 180 120 60
-16.6250 -7.0000 3.2610 180 120 60
-21.9375 23.5000 5.2390 180 120 60
7.1250 -20.5000 19.0280 34 139 34
13.8750 -16.5000 6.3800 34 139 34
22.0625 6.5000 15.3480 34 139 34
1.5000 2.5000 8.4530 34 139 34
-8.4375 -21.0000 3.4080 180 120 60
-21.5625 -21.0000 20.1890 34 139 34
-18.3125 -20.5000 15.8660 34 139 34
-7.6250 -11.0000 3.1750 180 120 60
-8.3125 -20.5000 3.3340 180 120 60
-17.1250 -11.5000 3.2530 180 120 60
2.6250 12.5000 6.0130 180 120 60
-11.6250 21.0000 5.4420 180 120 60
-23.8125 -6.5000 3.2710 180 120 60
-13.5000 -13.5000 3.3190 180 120 60
-11.2500 22.5000 5.4850 180 120 60
16.5625 11.5000 10.3440 34 139 34
-19.9375 -20.5000 20.4020 34 139 34
-24.6250 12.0000 2.9540 180 120 60
10.8750 1.5000 6.1640 34 139 34
17.6875 -19.0000 6.6140 34 139 34
5.7500 -17.0000 13.2710 34 139 34
5.6875 -14.0000 19.4350 34 139 34
8.8125 -13.5000 15.4320 34 139 34
7.9375 -3.5000 4.0800 34 139 34
-14.6875 17.5000 5.3780 180 120 60
-9.8125 8.0000 6.3590 34 139 34
10.2500 -23.5000 3.3450 34 139 34
-4.0625 -19.0000 14.0340 34 139 34
-22.6250 -10.5000 3.3360 180 120 60
13.1875 17.5000 12.4940 34 139 34
15.4375 9.0000 7.4000 34 139 34
-19.2500 -13.5000 3.3770 180 120 60
-24.1875 24.5000 5.1830 180 120 60
-1.3125 2.5000 19.2240 34 139 34
24.1250 16.5000 11.1800 34 139 34
2.3750 -15.0000 15.2590 34 139 34
20.5000 15.5000 17.2040 34 139 34
4.7500 -12.0000 15.2550 34 139 34
5.8750 6.5000 6.1390 180 120 60
-4.8750 -23.5000 7.2570 34 139 34
18.3125 19.0000 5.2570 34 139 34
-9.4375 -19.0000 3.2990 180 120 60
-21.7500 -16.0000 3.3520 180 120 60
-24.3750 17.5000 5.6360 34 139 34
-11.0000 25.0000 8.6440 34 139 34
-1.3125 -15.0000 16.8870 34 139 34
-4.3750 -19.0000 13.6850 34 139 34
-9.5625 -7.5000 3.1580 180 120 60
0.6875 -12.0000 17.2350 34 139 34
-14.8125 -15.0000 3.3940 180 120 60
10.2500 10.5000 6.3500 180 120 60
8.3750 -14.5000 11.8690 34 139 34
3.6250 15.0000 10.6090 34 139 34
1.0000 -2.0000 4.8450 34 139 34
0.5000 -6.0000 8.9580 34 139 34
-16.9375 3.5000 2.9500 180 120 60
-2.9375 -24.0000 6.6370 34 139 34
-20.1875 -20.0000 16.3840 34 139 34
-0.3750 -5.5000 7.9370 34 139 34
8.3125 15.0000 11.7950 34 139 34
20.2500 24.0000 4.4770 34 139 34
24.4375 -5.0000 6.2000 34 139 34
-5.3125 -6.0000 3.0870 180 120 60
-6.5000 -18.5000 6.7070 220 50 50
24.1875 -18.0000 3.1790 180 120 60
16.3125 13.5000 12.0860 34 139 34
2.6875 -17.0000 16.2310 34 139 34
-12.9375 10.5000 10.4160 34 139 34
-15.6250 -18.5000 3.3330 180 120 60
22.9375 -11.5000 1.9640 180 120 60
-6.0625 23.0000 9.2950 34 139 34
-13.0625 23.0000 5.3520 180 120 60
25.1875 5.0000 18.2820 34 139 34
-3.6250 -11.5000 14.7660 34 139 34
21.5625 -19.5000 2.5500 180 120 60
-16.1250 1.5000 3.0390 180 120 60
-0.8750 -1.0000 3.0240 180 120 60
2.5000 -15.0000 14.2860 34 139 34
19.5625 21.5000 5.7750 34 139 34
22.8125 -19.0000 3.4670 34 139 34
-5.2500 -18.0000 14.6660 34 139 34
11.3750 -10.0000 5.8840 34 139 34
21.2500 -5.0000 1.3810 34 139 34
-2.4375 5.0000 18.5960 34 139 34
-17.0000 -24.5000 12.3580 34 139 34
0.5625 -9.5000 16.4330 34 139 34
2.1250 13.5000 5.9340 180 120 60
11.3750 -1.5000 1.6430 34 139 34
17.3750 -14.5000 6.9660 34 139 34
-22.8125 -8.5000 3.3610 180 120 60
9.5625 -16.0000 14.7960 34 139 34
21.5625 -5.5000 2.6940 34 139 34
-20.3750 -6.5000 3.2400 180 120 60
-17.9375 -23.0000 13.0880 34 139 34
16.1250 14.5000 9.5810 34 139 34
-13.5000 3.0000 2.9970 180 120 60
11.3750 14.0000 10.5270 34 139 34
24.5625 -18.0000 3.2500 180 120 60
13.0000 7.5000 6.3690 180 120 60
-11.3125 20.0000 5.4550 180 120 60
-6.8125 3.0000 3.6780 34 139 34
-15.9375 15.0000 5.5770 34 139 34
12.2500 15.5000 10.2480 34 139 34
-23.1875 -21.5000 6.2720 34 139 34
-8.2500 -10.5000 3.1960 180 120 60
17.6250 13.0000 7.4700 34 139 34
13.6875 14.0000 12.7050 34 139 34
-24.2500 -20.5000 9.3170 34 139 34
-1.8125 -8.0000 3.0830 180 120 60
19.0000 15.5000 17.3350 34 139 34
-4.6875 20.0000 10.0920 34 139 34
6.8125 -14.0000 20.5860 34 139 34
-6.8125 -16.0000 13.6610 34 139 34
-1.3125 10.5000 5.8640 180 120 60
1.7500 25.5000 3.8330 180 120 60
5.0625 -5.0000 12.3270 34 139 34
-0.6875 0.0000 4.0410 34 139 34
19.8125 17.5000 4.1050 34 139 34
10.7500 4.5000 6.2970 180 120 60
-18.0625 2.5000 3.0400 180 120 60
15.6875 6.5000 6.4170 255 165 0
23.6875 -14.5000 2.8620 34 139 34
-18.0000 -7.0000 3.2260 180 120 60
10.6875 -3.5000 9.5110 34 139 34
8.3125 8.0000 6.2720 180 120 60
-20.3750 -20.5000 16.3840 34 139 34
-0.2500 -0.5000 3.5790 34 139 34
2.4375 10.5000 6.0540 180 120 60
25.1875 9.5000 17.4660 34 139 34
9.1875 -9.5000 13.3840 34 139 34
-4.6250 -11.0000 12.5310 34 139 34
7.1875 -12.0000 15.0320 34 139 34
17.3125 5.5000 6.4320 255 165 0
15.2500 19.5000 16.1880 34 139 34
8.0000 23.5000 3.8620 180 120 60
3.1250 6.0000 13.7440 34 139 34
-14.6875 5.0000 7.0760 34 139 34
-2.0625 -20.0000 15.3890 34 139 34
-3.6875 2.5000 17.4280 34 139 34
-21.5000 4.0000 3.0020 180 120 60
21.9375 23.5000 8.8030 34 139 34
-15.6250 -20.0000 3.3690 180 120 60
6.1875 3.0000 13.4590 34 139 34
9.1250 5.5000 7.9270 128 128 128
19.9375 -5.5000 1.8740 34 139 34
4.8125 3.0000 12.9580 34 139 34
12.5625 14.0000 11.0300 34 139 34
11.9375 -12.5000 5.7690 34 139 34
-20.3750 -15.5000 6.7530 34 139 34
20.5625 -13.5000 2.7610 34 139 34
14.1875 22.5000 15.9280 34 139 34
19.3750 -18.0000 4.2100 34 139 34
5.0000 1.0000 12.8610 34 139 34
-17.3750 13.0000 7.7430 34 139 34
-1.3750 -9.0000 14.4490 34 139 34
-6.8125 12.5000 5.7890 180 120 60
-14.6250 -12.0000 3.2520 180 120 60
3.1875 22.5000 10.2050 34 139 34
10.4375 -23.0000 3.5810 34 139 34
-1.1250 10.0000 5.9560 180 120 60
-9.3125 25.0000 8.4820 34 139 34
6.9375 4.0000 5.8240 180 120 60
11.4375 0.0000 4.6790 34 139 34
-5.3125 17.0000 5.6490 180 120 60
-12.6875 -2.0000 3.1050 180 120 60
-9.0625 -11.5000 3.2220 180 120 60
-13.1250 25.0000 8.7940 34 139 34
8.1875 -7.0000 8.8230 34 139 34
-4.6875 -23.5000 7.0590 34 139 34
-14.7500 8.0000 9.1380 34 139 34
18.8125 -1.0000 6.5780 255 165 0
24.9375 3.0000 20.2190 34 139 34
19.6250 18.5000 0.3070 30 144 255
10.2500 6.5000 6.2850 180 120 60
0.1250 2.0000 16.5540 34 139 34
-7.3125 -6.5000 3.0340 180 120 60
3.3125 -3.0000 10.7030 34 139 34
-13.9375 -11.0000 3.2300 180 120 60
1.2500 -11.5000 15.4010 34 139 34
11.5625 0.0000 4.4520 34 139 34
-19.8125 6.0000 2.9690 180 120 60
-8.6875 22.0000 5.3780 180 120 60
11.1875 21.0000 3.6140 180 120 60
22.6250 7.5000 15.8020 34 139 34
5.0000 -2.0000 10.7380 34 139 34
21.6250 -9.5000 2.4880 34 139 34
15.1875 10.5000 8.7190 34 139 34
-20.6250 -20.0000 19.2080 34 139 34
7.6875 -17.5000 19.8910 34 139 34
-16.1875 8.5000 7.1780 34 139 34
17.0625 7.0000 6.5580 255 165 0
24.3750 -20.5000 3.0250 180 120 60
-3.8125 25.0000 9.8460 34 139 34
-5.4375 16.0000 5.6940 180 120 60
0.5000 11.0000 6.0230 180 120 60
15.3125 -18.5000 4.4480 34 139 34
-15.1875 -18.5000 3.4380 180 120 60
6.8125 25.0000 5.1580 34 139 34
-18.9375 -6.0000 3.1380 180 120 60
17.1875 18.5000 14.7080 34 139 34
18.6250 17.0000 17.7180 34 139 34
13.7500 15.5000 13.1370 34 139 34
-17.5000 24.0000 5.3020 180 120 60
-15.2500 5.5000 10.1090 34 139 34
7.5000 -18.5000 21.5490 34 139 34
6.2500 -20.0000 21.9120 34 139 34
-21.4375 6.5000 2.9230 180 120 60
-7.0625 -4.5000 3.0860 180 120 60
-6.0000 9.0000 5.4110 180 120 60
12.4375 -21.5000 0.8620 30 144 255
-6.0000 -16.0000 14.7720 34 139 34
-22.6250 14.0000 6.8820 34 139 34
1.3125 9.5000 6.0250 180 120 60
20.6250 -2.5000 6.6090 255 165 0
1.8125 -7.0000 9.5870 34 139 34
-9.0000 -19.5000 3.3830 180 120 60
4.9375 -0.5000 14.3570 34 139 34
6.5625 4.0000 5.7820 180 120 60
16.2500 15.0000 7.9490 34 139 34
-6.6250 0.0000 3.0030 180 120 60
-13.9375 8.0000 2.9430 180 120 60
-15.3125 23.0000 5.3340 180 120 60
23.5000 -8.0000 2.8160 34 139 34
-23.6875 2.0000 3.0230 180 120 60
-15.8750 -8.5000 3.1660 180 120 60
-3.5000 8.0000 15.6910 34 139 34
7.6250 -4.0000 12.6060 34 139 34
18.1875 12.5000 7.7410 34 139 34
6.9375 14.5000 11.8900 34 139 34
10.8125 25.0000 3.6910 34 139 34
-19.6250 22.5000 5.2500 180 120 60
0.4375 -10.5000 17.3990 34 139 34
-14.7500 13.0000 11.0410 34 139 34
-15.6250 -1.0000 3.0810 180 120 60
-6.0000 12.5000 5.8260 180 120 60
22.2500 -0.5000 6.5580 255 165 0
5.5000 -16.5000 19.2190 34 139 34
21.6250 8.0000 15.5330 34 139 34
22.3750 -10.5000 1.9170 180 120 60
1.3750 3.5000 16.5570 34 139 34
8.6875 10.5000 6.1380 180 120 60
-16.2500 -17.5000 3.5020 180 120 60
7.1250 -9.0000 14.9590 34 139 34
8.7500 1.0000 9.6600 34 139 34
1.7500 -16.0000 13.6440 34 139 34
4.6875 6.5000 6.0270 180 120 60
20.6875 -4.5000 1.1580 34 139 34
7.7500 5.0000 6.2310 180 120 60
1.0000 -14.5000 15.6920 34 139 34
-10.6875 -13.0000 3.2190 180 120 60
2.1250 20.5000 11.3510 34 139 34
20.6250 2.5000 6.5540 255 165 0
-7.3750 22.5000 5.3080 180 120 60
-18.6875 -2.0000 3.1490 180 120 60
19.0000 -0.5000 6.4670 255 165 0
19.2500 22.0000 8.0800 34 139 34
-10.2500 21.0000 5.3700 180 120 60
7.7500 9.0000 6.1820 180 120 60
-2.8125 0.5000 14.1520 34 139 34
16.1250 -15.5000 7.2450 34 139 34
18.8125 -17.5000 5.7860 34 139 34
-20.4375 -18.5000 13.1660 34 139 34
8.6250 -11.0000 11.4770 34 139 34
14.3125 4.0000 6.4110 255 165 0
14.1250 21.5000 15.8640 34 139 34
8.4375 20.0000 10.6020 34 139 34
2.8750 -10.0000 14.8430 34 139 34
23.3125 3.0000 19.6060 34 139 34
5.3750 -19.5000 22.1360 34 139 34
-11.8750 23.5000 5.5230 180 120 60
-22.0000 -5.0000 3.2210 180 120 60
13.6875 2.0000 6.4820 255 165 0
0.5625 6.0000 10.2620 34 139 34
-1.8750 22.5000 10.9110 34 139 34
16.5625 21.0000 15.9940 34 139 34
23.7500 15.0000 12.1460 34 139 34
-7.3125 -4.0000 4.3470 128 128 128
0.1875 -4.5000 8.0750 34 139 34
-2.7500 -18.5000 11.6600 34 139 34
6.0625 22.0000 3.6900 180 120 60
13.0625 9.5000 8.6110 34 139 34
23.5625 12.5000 12.5400 34 139 34
-10.0000 14.5000 5.6810 180 120 60
0.6250 -19.0000 3.9050 180 120 60
-12.8750 -10.0000 3.2440 180 120 60
-9.8125 -19.0000 3.3310 34 139 34
9.4375 5.5000 7.9130 128 128 128
-14.3125 12.5000 3.8000 180 120 60
-11.6875 -7.5000 3.1920 180 120 60
-3.7500 -10.5000 14.7530 34 139 34
21.1875 -13.5000 2.8130 34 139 34
-17.8750 -23.5000 12.8610 34 139 34
12.7500 -0.5000 0.8540 180 120 60
-3.7500 -17.5000 14.3180 34 139 34
19.8125 22.0000 3.5400 34 139 34
5.1875 -6.5000 16.2190 34 139 34
-23.9375 -7.5000 3.2620 180 120 60
-15.4375 6.0000 11.5340 34 139 34
-23.0000 -6.5000 3.3240 180 120 60
23.9375 14.0000 0.3010 30 144 255
-16.7500 -6.0000 3.2460 180 120 60
-23.1875 -21.0000 17.0510 34 139 34
-2.1250 -2.5000 4.8570 34 139 34
19.8750 0.5000 6.5190 255 165 0
20.8125 6.0000 14.7160 34 139 34
-2.6250 -17.0000 14.3640 34 139 34
20.5625 -11.5000 2.4670 34 139 34
23.7500 23.5000 8.6960 34 139 34
-2.8750 17.0000 5.6930 180 120 60
-5.6875 -17.0000 15.2080 34 139 34
-21.9375 -1.0000 3.0780 180 120 60
-21.8125 20.0000 5.1450 180 120 60
-18.9375 -22.0000 15.7790 34 139 34
11.6875 22.5000 3.6390 180 120 60
-14.3125 22.5000 5.3000 180 120 60
1.0625 -13.5000 15.5390 34 139 34
2.3125 -4.5000 3.1730 180 120 60
1.7500 -11.0000 14.6750 34 139 34
18.0000 -1.5000 6.6020 255 165 0
18.1250 -22.5000 2.9200 34 139 34
2.3125 1.5000 18.1760 34 139 34
8.1250 2.5000 6.5550 34 139 34
7.1875 -17.0000 12.1720 34 139 34
11.6250 -13.0000 7.9760 34 139 34
-10.3125 24.5000 8.9250 34 139 34
-22.8125 23.5000 5.2250 180 120 60
19.1875 18.5000 16.1420 34 139 34
2.1875 -13.0000 15.1960 34 139 34
21.1875 -24.0000 3.5440 34 139 34
-12.6875 -4.0000 3.1420 180 120 60
-4.5625 -1.0000 3.0060 180 120 60
25.0625 3.0000 19.9780 34 139 34
-21.8125 13.5000 7.3740 34 139 34
-24.1875 22.0000 5.1690 180 120 60
7.1875 4.0000 5.9270 180 120 60
-16.1875 -14.0000 3.3670 180 120 60
-22.1875 21.0000 5.2310 180 120 60
-9.0000 12.0000 6.3630 34 139 34
-0.3750 24.5000 10.3950 34 139 34
-21.0625 0.5000 3.0410 180 120 60
-9.8125 12.0000 7.2990 34 139 34
15.0625 19.0000 16.2650 34 139 34
-5.9375 5.0000 6.4110 34 139 34
18.7500 14.5000 14.9180 34 139 34
-1.8750 -20.0000 15.4740 34 139 34
-4.0000 20.5000 9.9510 34 139 34
-19.6250 4.5000 2.9690 180 120 60
5.5625 2.0000 5.2740 34 139 34
-24.6250 -9.0000 3.2930 180 120 60
-10.5625 6.0000 4.1550 34 139 34
3.8125 -18.5000 17.7050 34 139 34
-2.4375 2.0000 17.6380 34 139 34
-11.6250 -22.0000 3.5780 180 120 60
12.9375 2.0000 6.4660 255 165 0
19.3125 -8.0000 0.8700 180 120 60
21.1875 14.5000 16.0740 34 139 34
2.3750 -20.5000 6.6770 220 50 50
-5.2500 -0.5000 3.0510 180 120 60
0.0625 -24.0000 4.0190 180 120 60
-18.6250 -11.0000 3.2810 180 120 60
-9.9375 -9.0000 3.2370 180 120 60
7.7500 -9.5000 9.1870 34 139 34
7.3750 22.0000 8.8760 34 139 34
16.8125 20.5000 15.1020 34 139 34
-4.6250 23.5000 9.7820 34 139 34
-8.1250 9.0000 6.3250 34 139 34
5.8750 -5.5000 6.6970 34 139 34
4.4375 -17.5000 15.6120 34 139 34
-2.6250 12.5000 5.7980 180 120 60
-18.0625 -8.0000 3.1880 180 120 60
10.8750 -12.0000 8.9680 34 139 34
13.1875 23.5000 13.8850 34 139 34
19.8125 22.5000 0.1340 180 120 60
19.0625 25.5000 13.8910 34 139 34
-1.0000 -17.0000 13.9180 34 139 34
-15.5000 -20.0000 3.3590 180 120 60
10.7500 7.5000 6.3110 180 120 60
17.8125 8.0000 6.5040 255 165 0
-24.5625 4.0000 3.0240 180 120 60
-5.1250 -21.5000 3.3280 180 120 60
13.7500 -23.0000 5.7340 34 139 34
-6.8750 -10.5000 3.1870 180 120 60
21.5000 0.0000 6.4660 255 165 0
8.1875 7.0000 7.8030 128 128 128
21.5000 -23.5000 3.5610 34 139 34
-24.6250 -16.0000 8.9160 34 139 34
3.3125 -20.5000 6.4800 220 50 50
-24.6875 -11.0000 3.3390 180 120 60
11.5000 -13.5000 8.0460 34 139 34
1.2500 22.0000 13.1050 34 139 34
10.5000 20.5000 3.5960 180 120 60
1.1250 -0.5000 11.4920 34 139 34
24.3750 -5.5000 4.6510 34 139 34
8.8125 -5.5000 8.7930 34 139 34
14.0000 16.5000 12.4660 34 139 34
21.1250 23.5000 9.3900 34 139 34
-16.3125 20.5000 5.4110 180 120 60
-21.0625 -2.5000 3.1310 180 120 60
-22.4375 15.5000 7.2640 34 139 34
4.8125 -22.5000 8.0910 34 139 34
-19.1250 20.5000 5.3100 180 120 60
20.5000 -4.0000 1.3960 34 139 34
23.8125 1.0000 6.4800 255 165 0
17.4375 -18.5000 5.4120 34 139 34
6.6250 5.5000 6.1960 180 120 60
18.8125 18.0000 16.1620 34 139 34
-4.5000 -3.0000 3.0560 180 120 60
-18.0000 -23.0000 3.4410 180 120 60
1.9375 -11.0000 14.7180 34 139 34
4.8750 16.5000 13.0950 34 139 34
21.5625 -10.5000 2.2170 34 139 34
-11.8125 -17.0000 3.3640 180 120 60
-16.6250 -16.0000 3.4010 180 120 60
0.9375 -22.5000 6.9930 220 50 50
0.6875 7.0000 5.9690 34 139 34
-12.5625 21.0000 5.4000 180 120 60
-20.2500 9.5000 3.0770 180 120 60
-20.0625 -3.0000 3.0890 180 120 60
-2.1875 6.5000 15.3240 34 139 34
-0.5625 9.5000 5.9710 180 120 60
4.1875 -19.5000 9.2330 34 139 34
12.8125 -12.5000 8.1420 34 139 34
-19.1250 9.5000 2.9120 180 120 60
-18.5625 -21.5000 16.1260 34 139 34
6.7500 -16.0000 19.0770 34 139 34
-15.8750 -16.5000 3.4340 180 120 60
-13.3750 -14.0000 3.3610 180 120 60
-10.9375 12.5000 7.2100 34 139 34
-20.0000 -20.0000 16.3860 34 139 34
-12.5625 -1.5000 3.1140 180 120 60
16.0000 7.5000 6.5230 255 165 0
0.4375 -9.0000 13.6320 34 139 34
-4.0000 -10.0000 14.5810 34 139 34
-21.5625 5.0000 2.9530 180 120 60
-18.4375 -22.0000 15.6800 34 139 34
23.7500 -4.5000 2.7690 180 120 60
6.6875 -23.0000 10.2820 34 139 34
-2.3750 -8.5000 3.0270 180 120 60
-1.5625 17.5000 9.8570 34 139 34
20.1875 -10.0000 2.2990 34 139 34
8.9375 -7.0000 11.5860 34 139 34
-10.0625 19.0000 5.5350 180 120 60
16.3750 5.0000 6.4730 255 165 0
-3.1250 4.0000 18.7060 34 139 34
19.0625 20.0000 5.4570 34 139 34
10.1875 -4.5000 8.8920 34 139 34
4.0625 6.0000 12.8460 34 139 34
15.4375 10.0000 5.6640 180 120 60
23.5625 12.5000 12.6540 34 139 34
10.4375 25.5000 5.8230 34 139 34
16.8125 0.5000 6.5240 255 165 0
-22.5625 12.5000 2.9830 180 120 60
-12.4375 -8.5000 3.1580 180 120 60
0.3750 2.0000 18.0240 34 139 34
-23.7500 19.5000 8.4630 34 139 34
11.6875 -6.0000 0.7970 30 144 255
21.5000 -8.5000 2.0790 34 139 34
10.0625 24.5000 4.9650 34 139 34
-13.8125 9.5000 6.1450 34 139 34
-19.7500 -17.5000 6.6070 34 139 34
22.2500 17.5000 14.1040 34 139 34
-17.8125 16.0000 5.0980 34 139 34
9.5625 -5.0000 3.7270 34 139 34
2.3750 -8.0000 4.1600 34 139 34
2.7500 -12.0000 14.9450 34 139 34
-22.3750 -4.0000 3.2640 180 120 60
4.0000 -10.5000 11.4210 34 139 34
22.7500 -15.5000 2.2260 180 120 60
-20.8750 1.5000 3.0740 180 120 60
12.1875 12.0000 9.7060 34 139 34
-16.5625 -2.5000 3.0700 180 120 60
10.8125 -6.0000 1.2510 34 139 34
18.3125 15.5000 16.4750 34 139 34
-22.8125 -19.5000 3.9680 34 139 34
18.7500 23.0000 11.8290 34 139 34
20.4375 9.0000 8.4840 34 139 34
-11.8125 -21.0000 3.3680 180 120 60
9.6250 -11.5000 9.6590 34 139 34
21.9375 -4.0000 2.0750 34 139 34
17.3750 -21.5000 2.6970 34 139 34
-7.8125 -15.5000 3.1470 180 120 60
24.8125 17.0000 9.8600 34 139 34
20.0625 -16.0000 4.9330 34 139 34
13.0625 0.5000 1.3400 180 120 60
16.3125 -19.5000 6.1110 34 139 34
7.6250 -6.5000 15.4650 34 139 34
-14.8750 -3.0000 3.0590 180 120 60
4.6875 22.5000 10.0590 34 139 34
6.3750 1.0000 13.1180 34 139 34
7.1875 -6.0000 12.9800 34 139 34
2.9375 0.5000 17.8750 34 139 34
6.6250 19.5000 11.5480 34 139 34
-16.9375 7.0000 7.7480 34 139 34
15.1875 -22.0000 0.8590 30 144 255
23.3750 23.5000 8.7740 34 139 34
-17.0625 -21.5000 13.6120 34 139 34
2.5000 -2.5000 3.1370 180 120 60
10.3750 -10.0000 8.2150 34 139 34
-2.2500 24.0000 10.5860 34 139 34
12.9375 22.0000 14.2100 34 139 34
-21.3750 9.5000 3.0010 180 120 60
-14.3750 -18.5000 3.2450 180 120 60
-1.6875 20.5000 12.0500 34 139 34
16.8125 19.5000 15.2140 34 139 34
20.7500 21.0000 5.3850 34 139 34
14.8750 13.5000 12.2400 34 139 34
5.1875 -6.0000 15.6030 34 139 34
-16.8750 -6.0000 3.2360 180 120 60
12.8125 -15.5000 7.2710 34 139 34
24.6875 7.0000 19.7480 34 139 34
10.6875 18.0000 7.7710 34 139 34
-22.4375 0.0000 3.0830 180 120 60
-20.6875 0.5000 3.0480 180 120 60
-18.2500 -6.5000 3.2200 180 120 60
16.5000 0.5000 6.4740 255 165 0
4.6250 16.0000 12.0410 34 139 34
-1.6875 0.0000 4.1800 34 139 34
-7.1250 9.0000 7.8940 34 139 34
12.8750 11.5000 8.2580 34 139 34
4.6250 -17.0000 18.7300 34 139 34
-23.7500 10.0000 3.0250 180 120 60
7.4375 -17.0000 20.9830 34 139 34
-19.6250 10.5000 2.9340 180 120 60
-5.6250 -20.0000 6.3470 220 50 50
14.0000 21.0000 13.1660 34 139 34
21.4375 -14.0000 2.9140 34 139 34
-2.3750 -22.5000 5.9040 34 139 34
-22.6250 -2.0000 3.1160 180 120 60
-1.6250 -11.0000 16.5410 34 139 34
-20.3750 -16.5000 10.4590 34 139 34
-13.5000 8.0000 2.9930 180 120 60
-17.3125 -21.0000 13.7730 34 139 34
20.8750 12.5000 5.1670 34 139 34
-10.1875 -19.0000 3.3020 180 120 60
-12.7500 24.0000 5.4990 180 120 60
3.3750 -12.5000 14.8530 34 139 34
13.9375 9.5000 9.4890 34 139 34
-15.0625 -23.5000 3.6430 180 120 60
-22.0625 -17.5000 13.5400 34 139 34
4.0625 -14.5000 18.7040 34 139 34
-14.9375 -7.0000 3.2180 180 120 60
-5.7500 -2.0000 3.0930 180 120 60
1.5625 11.5000 6.0080 180 120 60
-12.7500 -2.5000 3.0950 180 120 60
3.6875 -13.5000 13.1170 34 139 34
-12.5625 -23.5000 3.8470 180 120 60
22.6875 6.0000 15.4830 34 139 34
21.1250 10.0000 12.0490 34 139 34
-20.1250 -24.0000 13.5790 34 139 34
3.0000 -17.5000 16.4520 34 139 34
5.1250 -23.0000 19.8110 34 139 34
-1.3125 -4.5000 8.3260 34 139 34
11.2500 -23.5000 5.8440 34 139 34
-6.3750 -21.0000 3.3720 180 120 60
-24.5625 -18.0000 7.3680 34 139 34
3.1250 -15.0000 18.9240 34 139 34
-10.0625 -9.5000 3.2370 180 120 60
-22.3125 5.0000 2.9680 180 120 60
20.5000 11.5000 10.6260 34 139 34
18.3125 -14.5000 6.0700 34 139 34
17.8125 -22.0000 2.0800 180 120 60
-6.1875 2.0000 3.5670 34 139 34
-16.6250 8.0000 7.5160 34 139 34
-18.3125 8.0000 4.9030 34 139 34
-1.6250 0.5000 17.1840 34 139 34
9.5625 19.0000 9.2260 34 139 34
-3.5000 -16.0000 14.8510 34 139 34
-19.4375 7.0000 2.9550 180 120 60
18.8125 21.5000 15.4250 34 139 34
-5.5625 -18.0000 14.1120 34 139 34
-14.1250 10.0000 6.2440 34 139 34
-21.7500 8.0000 2.9430 180 120 60
-16.4375 21.5000 5.3740 180 120 60
7.8125 1.0000 11.6340 34 139 34
-21.9375 -20.5000 20.1990 34 139 34
-18.6875 -1.5000 3.0650 180 120 60
-24.3750 -5.0000 3.2810 180 120 60
14.1250 6.0000 6.3770 180 120 60
-5.0625 6.0000 5.0930 34 139 34
7.0625 -0.5000 14.4160 34 139 34
1.6250 -9.0000 5.3750 34 139 34
-13.6250 19.5000 5.4320 180 120 60
-10.8750 0.5000 3.0530 180 120 60
7.4375 -20.5000 17.8870 34 139 34
-0.1250 7.0000 9.8890 34 139 34
-9.3125 -9.0000 3.2190 180 120 60
1.3750 9.0000 6.0070 180 120 60
-3.9375 -7.0000 3.0970 180 120 60
10.8750 20.5000 3.5970 180 120 60
1.5000 22.0000 9.6770 34 139 34
-5.8125 11.0000 5.5520 180 120 60
9.2500 -3.0000 10.5330 34 139 34
23.5000 -1.5000 6.4730 255 165 0
-23.5000 15.0000 6.8290 34 139 34
-12.6250 -19.0000 3.3180 180 120 60
-8.8750 9.0000 5.3850 34 139 34
13.1250 12.5000 11.1860 34 139 34
-7.3750 7.5000 6.0570 34 139 34
-15.6250 3.5000 2.9900 180 120 60
-0.5000 3.5000 16.2170 34 139 34
5.7500 14.0000 10.8900 34 139 34
-19.0625 8.0000 2.9190 180 120 60
-13.5000 -3.5000 3.1200 180 120 60
2.0000 1.0000 17.4970 34 139 34
-4.0625 -15.0000 15.8100 34 139 34
8.4375 -18.0000 9.7720 34 139 34
10.6250 0.0000 5.2680 34 139 34
-19.6875 -10.5000 3.3370 180 120 60
20.8750 -23.0000 3.3430 34 139 34
12.5625 18.0000 11.2760 34 139 34
-8.8750 15.0000 5.6610 180 120 60
-4.1875 25.5000 10.1440 34 139 34
-10.3750 22.0000 5.4300 180 120 60
12.2500 6.0000 6.3490 180 120 60
-19.5000 -1.5000 3.1370 180 120 60
10.3125 -3.5000 9.6950 34 139 34
-6.6875 -10.0000 3.1810 180 120 60
-3.0625 -16.0000 16.5220 34 139 34
6.3750 0.0000 13.2620 34 139 34
-11.2500 -24.0000 3.6160 180 120 60
-1.1875 23.5000 10.3990 34 139 34
-23.0000 22.5000 5.1530 180 120 60
3.2500 -18.5000 3.9900 180 120 60
17.8125 -18.5000 5.1910 34 139 34
11.6250 20.0000 6.8540 34 139 34
-20.1875 17.5000 6.8800 34 139 34
12.7500 21.0000 7.6070 34 139 34
-17.9375 24.5000 5.2760 180 120 60
2.6250 7.5000 6.0600 180 120 60
4.1875 -6.5000 15.3230 34 139 34
9.6250 -0.5000 13.4250 34 139 34
-5.6250 4.0000 14.9720 34 139 34
-20.8125 -23.0000 20.6970 34 139 34
-3.8125 -21.0000 3.4640 180 120 60
4.2500 -2.5000 12.2230 34 139 34
4.5625 5.0000 14.6570 34 139 34
-23.2500 24.5000 5.1330 180 120 60
23.1250 -0.5000 6.5520 255 165 0
8.5000 -19.0000 12.9770 34 139 34
13.0000 8.0000 6.3400 180 120 60
6.3750 -8.5000 15.9620 34 139 34
-8.6875 -7.5000 3.1430 180 120 60
-11.1250 10.5000 9.7680 34 139 34
-3.5000 18.0000 9.8280 34 139 34
-16.3125 24.5000 5.4150 180 120 60
-13.7500 23.0000 5.3300 180 120 60
-6.3125 8.0000 5.2530 34 139 34
11.7500 -1.0000 1.3500 34 139 34
-3.8750 10.5000 5.7820 180 120 60
-23.2500 -16.5000 5.9220 34 139 34
8.0625 -20.0000 11.0600 34 139 34
-11.1875 18.0000 5.5240 180 120 60
-12.6875 14.5000 5.4240 180 120 60
16.6250 -20.0000 2.3100 34 139 34
15.6250 -17.0000 7.5980 34 139 34
-10.5000 -3.5000 3.1110 180 120 60
19.7500 -13.5000 2.8520 34 139 34
-21.0000 0.0000 3.0530 180 120 60
8.5625 -14.5000 14.8860 34 139 34
-0.3125 -3.0000 6.0450 34 139 34
17.0625 5.0000 6.4420 255 165 0
24.8125 19.5000 4.1490 34 139 34
-5.4375 22.5000 10.3140 34 139 34
3.9375 -10.5000 14.7590 34 139 34
-11.7500 -2.5000 3.1120 180 120 60
-0.5000 7.5000 5.6850 180 120 60
1.6875 -21.0000 6.8610 220 50 50
-22.4375 -7.5000 3.3810 180 120 60
10.7500 18.0000 7.7840 34 139 34
3.0625 0.0000 14.5840 34 139 34
24.1875 6.0000 19.7160 34 139 34
-23.5000 9.5000 3.0470 180 120 60
-0.1875 6.5000 5.3530 180 120 60
-12.8750 -21.0000 3.3610 180 120 60
-16.5625 -8.0000 3.2320 180 120 60
-21.3125 -1.0000 3.1090 180 120 60
12.1875 -15.0000 7.3780 34 139 34
-10.5625 8.5000 6.1290 34 139 34
-2.1875 -1.5000 4.9970 34 139 34
23.3750 -16.5000 3.3940 180 120 60
3.6250 14.5000 8.9680 34 139 34
20.2500 14.0000 13.1120 34 139 34
-3.5625 -20.5000 13.6850 34 139 34
-5.3750 17.0000 6.4770 128 128 128
-21.6250 -6.5000 3.3180 180 120 60
-0.0625 24.5000 8.8050 34 139 34
23.5000 1.0000 6.5790 255 165 0
-2.9375 11.0000 5.8540 180 120 60
-4.1250 -22.0000 3.4140 180 120 60
21.5625 24.5000 8.5710 34 139 34
-22.5625 -21.0000 13.9280 34 139 34
-1.7500 8.0000 6.0770 34 139 34
6.3750 2.5000 5.0200 180 120 60
-17.6875 -23.0000 3.4510 180 120 60
-18.3750 -14.5000 3.3950 180 120 60
10.8125 -6.5000 4.3570 34 139 34
-14.7500 8.5000 7.1840 34 139 34
-24.3125 -24.0000 17.4190 34 139 34
3.7500 3.0000 17.9350 34 139 34
-5.0625 -4.5000 3.0930 180 120 60
6.8125 -14.5000 20.5610 34 139 34
22.6875 17.0000 14.1270 34 139 34
-13.9375 -24.0000 5.7870 34 139 34
11.0625 15.0000 9.5890 34 139 34
-15.0625 -14.0000 3.3910 180 120 60
20.5000 17.0000 17.2720 34 139 34
-2.8125 12.5000 5.9070 180 120 60
1.1875 -1.0000 17.2420 34 139 34
-4.8750 9.5000 5.9650 34 139 34
7.0000 -7.5000 15.7710 34 139 34
3.9375 -1.0000 15.3520 34 139 34
11.3750 0.5000 5.7090 180 120 60
-20.1875 7.0000 2.9430 180 120 60
-23.8125 24.5000 5.1900 180 120 60
-21.3125 22.5000 5.2670 180 120 60
-20.3125 11.0000 2.9620 180 120 60
-11.8125 11.5000 12.6800 34 139 34
-7.2500 -19.0000 3.3950 180 120 60
-0.1250 -17.0000 3.5560 180 120 60
20.6250 -11.0000 2.3960 34 139 34
4.9375 -15.5000 18.8430 34 139 34
23.8125 2.5000 19.9740 34 139 34
5.5625 2.5000 12.7480 34 139 34
-0.6250 25.5000 4.0660 180 120 60
21.0625 -22.5000 3.3160 34 139 34
18.8125 1.0000 6.4600 255 165 0
-22.4375 8.0000 2.9450 180 120 60
-12.0000 -6.5000 3.1070 180 120 60
-10.6875 -5.0000 3.0840 180 120 60
-17.6875 -1.0000 3.0390 180 120 60
7.3125 -0.5000 14.2200 34 139 34
13.5000 -23.0000 3.9730 34 139 34
10.7500 -13.5000 10.2690 34 139 34
-17.7500 -14.5000 3.3870 180 120 60
0.3750 6.5000 5.4290 180 120 60
-1.1250 5.0000 17.3950 34 139 34
-0.7500 -5.0000 3.1820 180 120 60
-4.0625 23.0000 10.3740 34 139 34
-20.4375 -12.5000 3.3830 180 120 60
-23.8750 -1.0000 3.1400 180 120 60
24.6875 1.0000 13.2770 34 139 34
14.1875 20.0000 15.1280 34 139 34
6.3750 -2.0000 12.8390 34 139 34
-6.1875 -17.5000 7.1080 220 50 50
11.3125 -11.0000 4.7910 34 139 34
0.6250 8.0000 9.7730 34 139 34
-5.1250 -19.0000 12.8030 34 139 34
1.9375 -1.5000 3.1610 180 120 60
-22.9375 9.0000 2.9660 180 120 60
-11.0000 -1.0000 3.0020 180 120 60
-0.7500 10.0000 6.0100 180 120 60
-5.8125 10.0000 5.3810 180 120 60
-3.5000 22.0000 10.9250 34 139 34
13.4375 6.0000 6.3350 180 120 60
16.6875 22.0000 7.7430 34 139 34
-4.3750 4.0000 15.0950 34 139 34
-20.8750 -18.0000 3.3950 180 120 60
-8.3125 15.0000 5.6770 180 120 60
-4.6250 4.0000 15.6240 34 139 34
12.1875 -13.0000 8.0720 34 139 34
6.8750 -20.0000 10.1610 34 139 34
-11.2500 5.5000 2.9220 180 120 60
-6.6250 25.0000 4.8900 180 120 60
-20.6875 14.0000 5.4840 34 139 34
-24.5000 1.0000 3.0860 180 120 60
5.6875 -7.5000 15.9480 34 139 34
-8.4375 -7.5000 3.1350 180 120 60
12.5000 17.5000 11.9910 34 139 34
-8.1875 20.5000 5.4880 180 120 60
21.9375 -3.5000 7.2360 128 128 128
-7.8750 9.0000 6.4260 34 139 34
20.9375 21.5000 5.3270 34 139 34
17.8125 -0.5000 6.5550 255 165 0
-21.8125 -9.5000 3.3810 180 120 60
12.8750 19.0000 8.5330 34 139 34
8.2500 15.0000 11.8590 34 139 34
15.5000 8.5000 6.5080 180 120 60
17.0000 -15.0000 6.7780 34 139 34
-7.5000 6.5000 7.5290 34 139 34
16.0625 -0.5000 6.6140 255 165 0
18.5000 19.0000 7.0950 34 139 34
-14.0625 -11.0000 3.2830 180 120 60
20.5625 -13.0000 2.6780 34 139 34
-18.6875 -23.0000 14.5620 34 139 34
-1.1250 14.0000 5.9080 180 120 60
0.8125 -16.5000 15.5860 34 139 34
-8.7500 11.0000 8.5930 34 139 34
-19.0000 -21.5000 7.4750 34 139 34
-24.2500 -8.0000 3.3840 180 120 60
-2.9375 -22.0000 3.6040 180 120 60
-14.1250 23.0000 5.2720 180 120 60
9.5000 0.0000 10.3660 34 139 34
5.0625 -2.5000 15.2230 34 139 34
-19.2500 2.5000 3.0110 180 120 60
21.1250 -3.0000 6.6300 255 165 0
7.6875 20.5000 8.4690 34 139 34
10.0625 18.5000 9.0450 34 139 34
19.3750 25.5000 15.9420 34 139 34
18.9375 -20.0000 2.1960 180 120 60
-22.9375 -6.5000 3.3390 180 120 60
8.7500 1.5000 6.6320 34 139 34
0.3750 -9.0000 13.6770 34 139 34
-24.3750 17.0000 6.1150 220 50 50
25.0625 25.5000 6.0800 34 139 34
-3.6875 19.5000 10.8850 34 139 34
-1.6875 -16.5000 16.2410 34 139 34
22.6875 -5.5000 2.6740 34 139 34
-10.6250 -14.0000 3.2660 180 120 60
3.3125 14.0000 9.2250 34 139 34
-10.2500 -6.5000 3.1210 180 120 60
1.3125 -9.5000 15.3240 34 139 34
23.1250 10.0000 15.8160 34 139 34
-20.3750 11.5000 3.1310 180 120 60
-20.9375 -9.0000 3.2990 180 120 60
-9.0000 -14.0000 3.1800 180 120 60
21.3125 8.5000 11.0040 34 139 34
-21.9375 -23.0000 20.3600 34 139 34
16.4375 8.0000 6.4900 255 165 0
19.9375 -15.5000 6.6150 34 139 34
24.0625 -23.0000 3.8520 34 139 34
0.8750 -16.5000 15.5510 34 139 34
8.8750 4.5000 6.3030 180 120 60
21.2500 -3.0000 6.6230 255 165 0
3.9375 21.0000 11.2530 34 139 34
13.6250 2.5000 6.3530 255 165 0
-10.4375 14.0000 5.5800 180 120 60
5.1875 14.5000 10.8820 34 139 34
-12.3125 8.0000 2.9350 180 120 60
-14.2500 -23.5000 4.3560 34 139 34
-23.1875 21.0000 5.2340 180 120 60
13.9375 -23.0000 5.3860 34 139 34
21.2500 1.5000 6.5460 255 165 0
-12.8750 8.0000 6.7670 34 139 34
-17.0625 4.5000 7.3620 34 139 34
-15.5000 9.5000 5.2110 34 139 34
3.1250 5.5000 13.6090 34 139 34
-15.9375 -0.5000 3.0670 180 120 60
21.7500 -17.0000 2.4550 180 120 60
4.6250 6.0000 6.1230 180 120 60
14.5000 9.0000 9.1470 34 139 34
-24.6875 -15.5000 8.5780 34 139 34
-0.4375 -9.0000 14.6240 34 139 34
21.0625 24.5000 9.4040 34 139 34
24.0625 -1.5000 6.5680 255 165 0
4.0625 25.5000 3.5630 180 120 60
21.8750 3.5000 6.5180 255 165 0
3.0000 -7.5000 4.0980 34 139 34
12.8750 15.5000 13.2380 34 139 34
-2.1875 -17.0000 14.6870 34 139 34
7.1875 19.0000 7.9880 34 139 34
-3.9375 -15.5000 15.6490 34 139 34
-1.9375 24.0000 9.4200 34 139 34
-24.0625 14.0000 4.9410 34 139 34
-10.6250 11.0000 10.4710 34 139 34
2.9375 -22.5000 7.1720 34 139 34
7.6875 -12.5000 10.7080 34 139 34
20.2500 -5.5000 2.1460 34 139 34
-8.0000 -15.5000 3.1320 180 120 60
-2.5000 20.0000 11.0170 34 139 34
24.6250 -14.5000 2.6830 34 139 34
5.1875 -21.0000 21.9610 34 139 34
5.8750 3.0000 12.4960 34 139 34
1.5625 8.5000 6.0160 180 120 60
8.2500 -12.0000 10.3470 34 139 34
15.5000 17.0000 10.6610 34 139 34
4.1875 -1.0000 10.9290 34 139 34
10.1875 -24.0000 3.0700 34 139 34
-0.2500 0.0000 15.1300 34 139 34
-0.1875 5.5000 10.1900 34 139 34
-21.2500 -2.0000 3.0510 180 120 60
20.3750 3.0000 6.5010 255 165 0
4.2500 -24.5000 8.1460 34 139 34
23.6250 21.0000 3.0260 34 139 34
-24.3750 2.5000 3.0180 180 120 60
5.8125 24.5000 4.5680 34 139 34
0.5625 5.0000 14.2790 34 139 34
22.5000 7.5000 15.9230 34 139 34
8.6875 2.0000 5.9550 180 120 60
0.1875 -11.5000 17.6740 34 139 34
-14.2500 -4.5000 3.1080 180 120 60
-6.7500 -16.5000 14.0030 34 139 34
19.3750 16.0000 16.8670 34 139 34
-10.7500 23.0000 7.7920 34 139 34
-19.3750 -7.0000 3.2530 180 120 60
1.8125 -11.0000 14.5570 34 139 34
-0.6250 -14.5000 17.1550 34 139 34
-0.6875 -20.0000 12.9820 34 139 34
17.9375 4.5000 6.4720 255 165 0
1.4375 23.5000 3.9260 180 120 60
-6.0000 -13.0000 10.6410 34 139 34
24.0625 7.5000 18.9430 34 139 34
4.4375 -11.0000 14.4740 34 139 34
11.0625 -13.0000 8.7260 34 139 34
-24.5000 15.5000 6.6690 220 50 50
23.8750 -23.5000 6.8460 34 139 34
0.7500 -18.0000 15.9710 34 139 34
3.7500 0.0000 14.8220 34 139 34
-8.8750 24.0000 6.9180 34 139 34
-12.3750 -11.5000 3.2090 180 120 60
16.5625 2.5000 6.4440 255 165 0
0.5625 5.0000 14.4500 34 139 34
-19.8750 -5.0000 3.2330 180 120 60
6.6875 19.0000 11.4340 34 139 34
-7.6250 23.0000 5.2120 180 120 60
-11.5625 13.0000 5.2330 180 120 60
12.5000 20.0000 7.4310 34 139 34
4.9375 19.5000 10.8100 34 139 34
-3.3750 24.5000 8.7150 34 139 34
7.7500 24.0000 4.4850 34 139 34
3.3125 13.5000 5.9470 180 120 60
-17.5000 11.5000 6.0600 34 139 34
22.5625 21.0000 11.3030 34 139 34
-9.6875 8.0000 6.5010 34 139 34
20.5625 -19.0000 2.4390 180 120 60
-6.8125 -12.5000 3.1410 180 120 60
20.3750 -23.5000 3.6720 34 139 34
4.1250 3.0000 16.0480 34 139 34
5.5000 18.5000 12.2790 34 139 34
-17.5000 0.5000 3.0770 180 120 60
21.7500 24.5000 8.5310 34 139 34
-21.4375 3.5000 2.9420 180 120 60
-21.7500 -20.0000 20.6570 34 139 34
10.7500 19.0000 3.6570 180 120 60
-23.0625 15.5000 6.7070 34 139 34
20.5625 -1.5000 6.4580 255 165 0
20.3750 -12.5000 2.7090 34 139 34
10.1250 19.0000 3.6130 180 120 60
-15.1250 -21.0000 6.3510 34 139 34
24.6250 -17.0000 3.4030 180 120 60
2.5000 -7.5000 8.7080 34 139 34
2.8750 -14.5000 14.2350 34 139 34
-19.0625 -12.0000 3.3750 180 120 60
-18.6875 11.5000 2.9750 180 120 60
-24.7500 13.0000 3.1280 180 120 60
-12.8125 -20.5000 3.2590 180 120 60
7.0000 -19.0000 22.3490 34 139 34
7.8750 -24.0000 3.6720 34 139 34
-16.0000 22.5000 5.3390 180 120 60
-5.4375 -20.0000 11.0400 34 139 34
22.5000 -3.5000 6.6320 255 165 0
7.6250 15.0000 11.5790 34 139 34
-2.1250 8.5000 5.5720 180 120 60
14.2500 20.0000 13.8430 34 139 34
20.6250 18.0000 17.4710 34 139 34
-5.2500 16.0000 5.6890 180 120 60
11.1250 -23.0000 3.4630 34 139 34
4.6250 19.5000 11.1040 34 139 34
7.3125 7.0000 7.8230 128 128 128
12.6875 21.5000 6.8490 34 139 34
-22.1875 1.0000 3.0170 180 120 60
23.9375 21.5000 7.1780 34 139 34
19.8125 13.0000 12.3780 34 139 34
-9.1875 -19.0000 3.3570 180 120 60
23.2500 -24.0000 3.6590 34 139 34
0.5625 7.0000 5.5230 180 120 60
2.1250 16.0000 11.5920 34 139 34
-22.8750 19.5000 5.5930 34 139 34
15.3750 16.0000 9.4330 34 139 34
-0.5000 -19.5000 14.2930 34 139 34
-19.0000 -22.0000 19.6500 34 139 34
7.3750 3.5000 5.9410 180 120 60
-18.7500 -14.5000 3.3700 180 120 60
22.2500 16.0000 13.6570 34 139 34
-15.6250 20.5000 5.4200 180 120 60
6.7500 -8.0000 16.8260 34 139 34
18.1250 4.0000 6.4310 255 165 0
2.0625 -10.0000 12.4510 34 139 34
-23.0625 6.0000 2.9720 180 120 60
-24.2500 -16.0000 8.6560 34 139 34
3.0000 -3.5000 3.1540 180 120 60
-16.6250 6.5000 12.9070 34 139 34
-18.6250 -8.0000 3.2400 180 120 60
-22.2500 -1.0000 3.1020 180 120 60
21.7500 16.5000 17.0830 34 139 34
1.5000 -1.0000 11.4420 34 139 34
-24.5625 -15.5000 8.4220 34 139 34
-1.1875 16.5000 5.8770 180 120 60
24.3750 -16.5000 3.2970 180 120 60
25.0625 8.5000 17.3190 34 139 34
-6.0000 23.5000 9.2570 34 139 34
9.0625 -14.0000 17.3790 34 139 34
-23.5000 -24.0000 20.4240 34 139 34
1.5625 -7.5000 8.9710 34 139 34
19.8750 -15.0000 4.7980 34 139 34
-24.3125 13.5000 7.3900 220 50 50
0.5625 1.5000 13.7520 34 139 34
18.3750 3.0000 6.5010 255 165 0
-1.6875 -20.0000 15.3930 34 139 34
-6.8125 23.0000 5.1680 180 120 60
-9.5000 9.5000 6.8060 34 139 34
-16.8750 -17.0000 3.5070 180 120 60
-7.6250 -12.5000 3.2070 180 120 60
5.0625 -4.0000 14.8040 34 139 34
-24.5000 16.5000 6.2770 220 50 50
7.3750 24.0000 4.1950 34 139 34
-16.4375 16.5000 5.4360 180 120 60
3.0000 16.5000 11.9850 34 139 34
10.8125 -15.5000 8.6970 34 139 34
23.9375 -2.5000 6.5430 255 165 0
20.3125 -8.5000 2.2270 34 139 34
-11.3125 23.5000 5.4800 180 120 60
-21.3125 6.0000 2.8890 180 120 60
-11.0000 7.0000 3.0140 180 120 60
25.1875 8.5000 17.2340 34 139 34
-19.3125 -24.0000 16.2810 34 139 34
3.3750 -17.5000 16.7110 34 139 34
-1.2500 1.5000 16.7310 34 139 34
0.5625 14.5000 5.8950 180 120 60
-14.1250 -15.5000 3.3240 180 120 60
5.8750 4.5000 5.8710 180 120 60
-6.6875 1.5000 2.9840 180 120 60
7.2500 -6.5000 5.0820 34 139 34
-12.1250 -24.0000 3.8560 180 120 60
-5.7500 -5.5000 3.1000 180 120 60
-7.6250 -1.5000 3.0680 180 120 60
8.5000 -8.5000 7.5850 34 139 34
-17.3125 -9.0000 3.2190 180 120 60
11.1875 18.5000 8.1800 34 139 34
12.0000 18.0000 11.4040 34 139 34
1.9375 4.5000 14.9370 34 139 34
-9.3750 -6.0000 3.0850 180 120 60
-2.1250 -23.5000 5.9510 34 139 34
18.7500 6.5000 6.5900 255 165 0
11.7500 1.5000 6.2390 180 120 60
18.6250 -23.5000 3.4470 34 139 34
-20.0625 18.0000 5.6750 34 139 34
-3.3750 2.5000 18.7080 34 139 34
4.7500 -16.5000 18.7020 34 139 34
-17.5000 20.5000 5.3810 180 120 60
0.8750 -4.5000 9.0530 34 139 34
17.4375 25.5000 1.9320 34 139 34
-23.8125 18.5000 5.0490 34 139 34
16.4375 18.0000 13.0260 34 139 34
24.8125 3.5000 19.5760 34 139 34
-21.1250 11.5000 2.9880 180 120 60
10.4375 6.5000 7.5820 128 128 128
9.9375 -2.0000 15.0300 34 139 34
23.7500 -16.5000 3.3540 180 120 60
0.8750 -15.0000 15.4870 34 139 34
5.1875 24.5000 4.4260 34 139 34
12.3125 -24.0000 5.6920 34 139 34
-9.5625 -14.0000 3.2240 180 120 60
-17.0000 25.0000 5.2910 180 120 60
3.3750 4.5000 5.5710 34 139 34
22.4375 18.5000 14.1900 34 139 34
24.6250 -2.0000 6.5250 255 165 0
4.5000 1.5000 5.0240 180 120 60
-12.3750 -23.5000 5.4990 34 139 34
-10.8750 -20.5000 3.3770 180 120 60
9.8750 2.5000 5.9680 180 120 60
18.0000 -22.0000 2.2460 180 120 60
-1.3125 4.5000 18.2630 34 139 34
-2.7500 22.5000 10.6990 34 139 34
6.5625 -11.0000 12.9010 34 139 34
-17.6875 -11.0000 3.2420 180 120 60
-24.0000 2.0000 2.9960 180 120 60
-2.0625 -0.5000 13.9730 34 139 34
-12.8125 -10.0000 3.2750 180 120 60
-23.8125 10.0000 3.0160 180 120 60
-2.7500 10.5000 5.8830 180 120 60
-9.1250 -6.5000 3.1670 180 120 60
4.5000 -13.0000 15.5840 34 139 34
9.5000 -3.5000 2.8530 34 139 34
-18.2500 -22.5000 14.9950 34 139 34
12.7500 9.0000 6.3660 180 120 60
6.9375 12.5000 9.5060 34 139 34
2.8750 -10.0000 14.8550 34 139 34
-19.5625 18.5000 5.0940 180 120 60
-22.5625 -22.0000 18.6410 34 139 34
18.0000 12.0000 7.6330 34 139 34
10.6250 18.0000 9.7410 34 139 34
-2.5625 -24.5000 6.2360 220 50 50
-24.1250 -9.5000 3.3830 180 120 60
-19.8750 10.0000 2.9810 180 120 60
-9.1250 -1.0000 3.0760 180 120 60
-13.1875 -13.0000 3.2780 180 120 60
-22.8125 23.0000 5.1370 180 120 60
13.3125 5.0000 6.3900 180 120 60
-19.6250 2.5000 2.9910 180 120 60
-15.4375 -0.5000 2.9530 180 120 60
-7.7500 8.5000 3.7570 180 120 60
15.2500 -14.5000 5.6980 34 139 34
23.5000 4.5000 18.8190 34 139 34
-11.2500 24.5000 8.9280 34 139 34
8.3125 16.5000 11.5020 34 139 34
10.3750 18.5000 9.7110 34 139 34
20.7500 -2.0000 6.6220 255 165 0
-17.0625 -4.0000 3.1450 180 120 60
-13.5625 -4.0000 3.1090 180 120 60
11.0625 -14.5000 8.9790 34 139 34
2.3125 -3.5000 3.1060 180 120 60
24.0000 -5.0000 6.6410 255 165 0
20.1250 -16.0000 4.8870 34 139 34
7.9375 -5.5000 11.0140 34 139 34
-10.9375 -7.0000 3.1730 180 120 60
-17.4375 -8.0000 3.2780 180 120 60
-0.9375 14.5000 5.8620 180 120 60
24.5625 19.0000 11.0130 34 139 34
9.0000 -8.5000 13.1080 34 139 34
-0.3750 -5.0000 3.2630 180 120 60
-7.6875 -23.0000 3.6340 34 139 34
-2.3750 -7.5000 3.0830 180 120 60
3.6875 -19.5000 6.5250 220 50 50
-1.2500 22.5000 10.6610 34 139 34
-12.6875 9.5000 6.3770 34 139 34
0.6875 -15.5000 14.2850 34 139 34
19.3125 -23.0000 3.4040 34 139 34
-9.0625 22.0000 5.4830 180 120 60
17.4375 18.0000 11.5210 34 139 34
-20.6875 -7.0000 3.2820 180 120 60
-1.7500 -23.5000 5.7360 34 139 34
17.8125 17.0000 14.8970 34 139 34
-16.3750 14.0000 5.9690 34 139 34
-14.1875 -23.0000 5.3270 34 139 34
-14.5000 17.0000 5.4680 180 120 60
9.1250 -4.5000 3.8720 34 139 34
9.8125 2.0000 6.0230 34 139 34
-24.1250 -24.5000 15.8230 34 139 34
6.7500 22.5000 3.6670 180 120 60
13.8750 4.0000 6.3580 255 165 0
-23.5000 -21.0000 6.1380 34 139 34
4.5000 19.5000 11.1840 34 139 34
-7.4375 8.0000 4.5990 34 139 34
25.0000 -0.5000 6.5200 255 165 0
-22.7500 -20.5000 6.3080 34 139 34
7.7500 21.0000 8.2140 34 139 34
-14.6875 1.5000 3.0200 180 120 60
-6.3125 9.5000 5.3880 180 120 60
5.6250 -10.0000 17.1470 34 139 34
22.5625 7.0000 15.7040 34 139 34
-15.5625 -3.5000 3.0960 180 120 60
7.5625 -17.5000 16.9660 34 139 34
11.3750 25.5000 15.9030 34 139 34
-4.6875 -18.0000 14.3100 34 139 34
-21.1875 10.5000 2.9680 180 120 60
19.1875 16.5000 16.3900 34 139 34
-13.3750 20.5000 5.4680 180 120 60
14.1875 18.0000 10.4010 34 139 34
-23.4375 -15.5000 3.4090 180 120 60
-24.2500 21.5000 5.2090 180 120 60
24.5625 -4.0000 6.6230 255 165 0
2.3750 23.5000 3.7070 180 120 60
-16.9375 16.0000 5.9570 34 139 34
20.3750 11.5000 10.7470 34 139 34
10.6875 -13.0000 8.6200 34 139 34
-22.6875 19.0000 6.5640 34 139 34
-0.4375 11.5000 5.9630 180 120 60
5.7500 10.5000 6.1330 180 120 60
3.0000 9.0000 6.0870 180 120 60
-18.8750 -23.0000 15.9860 34 139 34
20.8750 2.0000 6.5320 255 165 0
-23.8750 -21.0000 5.5040 34 139 34
19.4375 -12.0000 2.5990 34 139 34
-4.0625 24.5000 9.8460 34 139 34
18.9375 25.0000 13.0810 34 139 34
16.3750 7.5000 6.5130 255 165 0
-8.5625 -14.5000 3.1190 180 120 60
-17.7500 1.5000 2.9690 180 120 60
-15.2500 25.0000 5.3160 180 120 60
-9.7500 -1.5000 3.0830 180 120 60
3.6875 14.0000 9.2150 34 139 34
23.2500 5.5000 6.7220 255 165 0
13.1875 25.0000 15.2140 34 139 34
-5.4375 -4.5000 3.0600 180 120 60
18.3125 23.5000 14.8120 34 139 34
1.8750 23.5000 3.8250 180 120 60
-19.2500 -19.5000 19.8350 34 139 34
-16.0000 -6.0000 3.1940 180 120 60
-16.8750 -22.5000 13.8530 34 139 34
-2.9375 -22.0000 3.6690 180 120 60
-21.1250 0.5000 3.0650 180 120 60
-17.7500 7.5000 8.8560 34 139 34
-16.6250 8.0000 7.2710 34 139 34
-13.5000 13.0000 4.5280 180 120 60
21.5000 8.0000 8.6290 34 139 34
-3.8125 14.5000 5.7900 180 120 60
-14.7500 13.5000 10.3940 34 139 34
-23.5625 17.0000 6.0800 220 50 50
-21.6875 -7.5000 3.3270 180 120 60
22.6875 -4.5000 2.3560 34 139 34
16.6875 3.0000 6.4320 255 165 0
18.7500 21.0000 15.1650 34 139 34
-21.1250 0.5000 2.9940 180 120 60
18.6250 5.5000 6.4570 255 165 0
-6.5625 20.0000 5.5580 180 120 60
1.6250 3.0000 16.8510 34 139 34
-24.5000 16.5000 6.4100 220 50 50
25.0625 20.0000 0.1910 30 144 255
-23.0000 -16.0000 11.7070 34 139 34
-18.7500 -16.0000 3.4740 180 120 60
-24.1875 -23.0000 17.4960 34 139 34
-4.0000 17.0000 5.5720 180 120 60
-5.3750 -10.0000 12.2530 34 139 34
-15.6250 18.5000 5.3520 180 120 60
-19.3125 -20.5000 19.1350 34 139 34
22.7500 -18.5000 3.4620 34 139 34
-13.5625 -24.0000 5.7060 34 139 34
-7.0625 17.0000 5.6940 180 120 60
-15.3750 0.0000 3.0170 180 120 60
17.7500 -24.0000 3.0410 34 139 34
-16.5625 -17.0000 3.4140 180 120 60
8.1875 -4.0000 10.3390 34 139 34
-21.5625 7.0000 2.9190 180 120 60
13.5625 0.0000 5.3310 34 139 34
13.3750 19.0000 7.0420 34 139 34
-2.7500 -17.0000 13.0080 34 139 34
8.1875 -22.0000 10.1960 34 139 34
-17.5625 -14.5000 3.4170 180 120 60
9.1250 -10.0000 12.1620 34 139 34
2.5625 -7.0000 5.9480 34 139 34
4.6250 0.0000 12.3030 34 139 34
8.1875 3.0000 5.9590 180 120 60
22.3125 -7.0000 2.9220 34 139 34
-4.8750 9.5000 7.0300 34 139 34
21.2500 14.5000 13.4950 34 139 34
0.9375 3.0000 15.4000 34 139 34
-10.7500 18.0000 5.5820 180 120 60
19.9375 -7.5000 1.7740 34 139 34
-17.1250 -8.0000 3.2610 180 120 60
-0.1875 -23.5000 3.9710 180 120 60
-17.9375 9.0000 2.8980 180 120 60
24.5625 23.0000 7.7920 34 139 34
-22.1875 7.0000 2.9510 180 120 60
20.1250 1.5000 6.4320 255 165 0
-7.4375 -22.5000 3.3860 180 120 60
9.2500 22.5000 3.5710 180 120 60
13.8125 18.0000 12.6360 34 139 34
12.3125 -14.0000 7.7810 34 139 34
4.6875 0.0000 14.4380 34 139 34
8.5625 22.5000 3.6050 180 120 60
18.6875 16.0000 17.1080 34 139 34
9.8750 2.0000 5.9960 180 120 60
-2.5625 -8.5000 12.5070 34 139 34
2.0625 17.0000 10.7420 34 139 34
9.4375 11.5000 6.2560 180 120 60
18.6875 23.0000 14.2640 34 139 34
-7.7500 20.0000 5.4550 180 120 60
22.8125 -10.0000 2.5000 34 139 34
-20.4375 -21.5000 20.5100 34 139 34
19.5000 18.5000 15.9380 34 139 34
-3.0625 13.5000 5.9190 180 120 60
2.1875 -13.5000 14.3510 34 139 34
-24.6875 20.5000 8.3270 34 139 34
11.8750 10.5000 9.4390 34 139 34
-13.8125 -1.5000 3.0700 180 120 60
-0.8750 22.5000 10.9000 34 139 34
6.3750 10.5000 6.0480 180 120 60
-3.5000 19.0000 10.4520 34 139 34
7.5000 -24.0000 6.0130 34 139 34
-10.9375 24.5000 9.2080 34 139 34
24.6875 23.5000 7.7460 34 139 34
15.0625 24.5000 11.8200 34 139 34
6.5625 -4.5000 9.7090 34 139 34
-10.1250 22.0000 5.4580 180 120 60
-20.5000 13.0000 5.7990 34 139 34
8.1250 -17.0000 11.1190 34 139 34
-18.5000 11.5000 3.4010 34 139 34
-8.7500 2.0000 3.0070 180 120 60
17.0000 15.0000 11.2790 34 139 34
1.6250 -19.5000 6.9010 220 50 50
-21.3750 -6.0000 3.2180 180 120 60
12.0625 18.0000 9.0690 34 139 34
-5.6250 -23.0000 3.4660 180 120 60
17.5000 13.5000 10.9580 34 139 34
-5.1250 15.0000 5.8660 180 120 60
-18.5625 3.0000 3.0150 180 120 60
20.1250 -18.0000 4.5580 34 139 34
-24.6250 6.0000 2.9970 180 120 60
-10.5625 -24.5000 3.6830 180 120 60
-3.0000 -1.0000 4.3690 34 139 34
-11.6875 0.5000 3.0590 180 120 60
-5.5625 8.5000 5.1530 180 120 60
-19.6250 -14.0000 3.3350 180 120 60
0.1250 -2.5000 3.1040 180 120 60
-12.0000 22.5000 5.4550 180 120 60
7.5625 -19.0000 7.5000 34 139 34
-0.5000 17.0000 5.9090 180 120 60
15.4375 2.0000 6.4130 255 165 0
6.6875 -19.0000 22.6050 34 139 34
-1.9375 9.5000 5.8090 180 120 60
-11.8750 25.0000 9.2860 34 139 34
0.6250 23.0000 9.9480 34 139 34
7.8125 -17.5000 19.9960 34 139 34
2.8750 -16.0000 16.6900 34 139 34
17.0625 21.5000 13.0390 34 139 34
19.0625 15.5000 17.3760 34 139 34
9.3125 -13.0000 11.1490 34 139 34
9.0625 -15.0000 17.3170 34 139 34
3.5000 -23.0000 7.6440 34 139 34
14.8750 8.5000 8.7620 34 139 34
8.1875 -21.0000 18.6100 34 139 34
-14.5000 -21.5000 6.5280 34 139 34
23.6875 -6.5000 2.6390 180 120 60
19.3125 -20.0000 2.7420 34 139 34
0.2500 -4.5000 3.5150 34 139 34
-19.5625 5.5000 2.9800 180 120 60
-24.1875 -16.5000 8.7240 34 139 34
-15.3750 11.0000 6.2900 34 139 34
-17.3125 -19.0000 13.9360 34 139 34
-23.5000 -21.5000 13.4020 34 139 34
2.3125 -7.5000 8.7980 34 139 34
1.8750 12.5000 5.9670 180 120 60
21.2500 23.0000 7.8890 34 139 34
-8.4375 -22.5000 3.4840 180 120 60
-11.5625 -7.5000 3.2090 180 120 60
-7.8125 11.5000 5.6050 34 139 34
17.3750 19.0000 14.0810 34 139 34
-9.7500 11.5000 6.7120 34 139 34
-2.0000 -15.5000 17.0610 34 139 34
-2.3125 -15.0000 17.7560 34 139 34
17.4375 21.5000 15.2070 34 139 34
-5.5000 -2.0000 3.0140 180 120 60
-15.5000 -23.5000 5.4600 34 139 34
-18.5000 6.0000 2.9960 180 120 60
24.6250 7.0000 19.8270 34 139 34
2.5625 -11.5000 14.8990 34 139 34
-18.6250 -22.0000 3.3300 180 120 60
7.6875 -16.0000 17.2150 34 139 34
11.1875 -12.0000 8.2180 34 139 34
5.3750 0.5000 12.5160 34 139 34
1.5000 2.5000 7.5460 34 139 34
-17.7500 -8.0000 3.2790 180 120 60
6.8125 13.0000 10.9440 34 139 34
8.5625 14.5000 11.4180 34 139 34
4.9375 25.5000 4.0780 34 139 34
-6.0625 21.5000 7.8780 34 139 34
-12.8750 7.5000 5.8130 34 139 34
-5.5625 0.5000 2.9910 180 120 60
6.7500 12.0000 6.1590 180 120 60
2.7500 4.5000 7.9650 34 139 34
-17.3125 -23.5000 13.3220 34 139 34
7.7500 -14.0000 18.9810 34 139 34
17.6250 5.5000 6.3980 255 165 0
-11.8750 -10.5000 3.1500 180 120 60
4.4375 -19.0000 18.5300 34 139 34
15.9375 15.5000 8.5340 34 139 34
1.8125 9.0000 5.9540 180 120 60
-5.1875 25.0000 4.8900 180 120 60
-19.0625 -10.0000 3.3570 180 120 60
0.0000 -15.0000 16.1910 34 139 34
22.8125 22.5000 0.1160 30 144 255
-21.6250 -16.5000 6.3810 34 139 34
2.7500 6.5000 12.0880 34 139 34
-20.7500 0.5000 3.0620 180 120 60
24.2500 -23.0000 6.9510 34 139 34
-7.0625 22.5000 7.6070 34 139 34
4.3750 -19.0000 18.5690 34 139 34
-22.5000 10.0000 2.9660 180 120 60
20.9375 8.5000 11.1530 34 139 34
-7.8750 -6.0000 3.0990 180 120 60
9.5625 16.5000 11.4440 34 139 34
0.7500 24.0000 10.6360 34 139 34
24.6875 -7.0000 4.9230 34 139 34
21.9375 -10.5000 2.2790 34 139 34
-18.0000 -21.5000 16.1930 34 139 34
10.1250 -1.5000 2.1040 180 120 60
-13.9375 -20.5000 3.3340 180 120 60
1.6875 6.0000 11.6740 34 139 34
-21.0000 7.0000 2.9280 180 120 60
-21.5625 -15.5000 5.6730 34 139 34
-19.3750 -17.0000 11.1540 34 139 34
3.7500 22.5000 9.8240 34 139 34
24.1875 2.0000 19.7730 34 139 34
5.3750 5.0000 5.8540 180 120 60
11.8750 7.0000 6.2480 180 120 60
-9.8125 -8.0000 3.2030 180 120 60
15.8750 18.5000 15.0060 34 139 34
-11.6250 -20.0000 3.3120 180 120 60
1.9375 -3.5000 4.6140 34 139 34
-16.0000 2.5000 3.0080 180 120 60
-8.5625 -13.5000 3.1940 180 120 60
18.3125 15.0000 16.2300 34 139 34
7.6250 3.5000 6.1120 180 120 60
-14.3750 -5.5000 3.1010 180 120 60
21.6250 1.5000 6.5570 255 165 0
-23.5000 22.5000 5.1110 180 120 60
18.9375 22.0000 5.5350 34 139 34
-19.5625 -21.5000 4.9550 34 139 34
2.5625 -10.0000 12.1360 34 139 34
-21.1875 -10.5000 3.3480 180 120 60
23.2500 21.5000 10.6690 34 139 34
21.5000 -15.5000 2.9150 34 139 34
4.1875 10.5000 6.1360 180 120 60
-20.6250 -6.0000 3.2010 180 120 60
-14.8750 24.0000 5.4420 180 120 60
1.3125 10.0000 6.0080 180 120 60
8.4375 0.5000 10.9250 34 139 34
-5.9375 24.5000 8.5790 34 139 34
-13.3750 -21.5000 3.4490 180 120 60
-1.7500 -10.0000 16.4060 34 139 34
-17.6250 9.0000 2.9040 180 120 60
4.5625 -1.5000 10.8210 34 139 34
-6.7500 25.0000 4.9650 180 120 60
-18.5625 -1.0000 3.0620 180 120 60
-4.7500 -4.5000 3.0590 180 120 60
6.7500 23.5000 3.6650 180 120 60
-3.6875 -8.0000 3.0070 180 120 60
12.3750 22.0000 12.4440 34 139 34
-14.6875 6.5000 2.9060 180 120 60
1.9375 5.5000 16.1100 34 139 34
24.9375 -21.5000 3.4650 34 139 34
10.8125 4.0000 6.2850 180 120 60
7.3125 -11.0000 13.3640 34 139 34
20.6875 12.0000 12.1680 34 139 34
11.0625 5.5000 7.4480 128 128 128
-12.7500 14.5000 5.3780 180 120 60
10.0625 -3.0000 13.1650 34 139 34
-17.3125 -12.0000 3.3330 180 120 60
18.1250 -15.0000 6.5790 34 139 34
5.0625 2.5000 13.5370 34 139 34
2.6875 14.0000 5.9140 180 120 60
14.3125 -13.0000 7.7520 34 139 34
7.8750 -22.5000 4.4810 34 139 34
9.9375 -8.5000 12.1090 34 139 34
-8.1875 9.5000 6.3670 34 139 34
-2.2500 -5.5000 4.0230 34 139 34
4.3125 8.5000 6.1340 180 120 60
-7.0000 5.5000 5.7700 34 139 34
-20.5625 3.5000 3.0010 180 120 60
-14.1250 20.0000 5.4730 180 120 60
-21.3125 -7.5000 3.2940 180 120 60
-2.8125 -1.0000 3.1410 180 120 60
-8.3750 6.5000 6.6590 34 139 34
14.1250 6.5000 6.4040 180 120 60
-2.0000 8.5000 5.6090 180 120 60
-18.7500 -9.5000 3.3160 180 120 60
18.9375 -20.5000 2.0820 180 120 60
-18.5000 -20.5000 10.4000 34 139 34
23.8750 -15.5000 3.0400 34 139 34
-21.1875 5.0000 2.9730 180 120 60
-15.6250 11.5000 6.4290 34 139 34
-13.1250 -11.5000 3.2780 180 120 60
0.5625 24.5000 9.6660 34 139 34
-9.0625 15.5000 5.6740 180 120 60
-21.6250 -15.5000 3.3680 180 120 60
-5.7500 -7.5000 3.1060 180 120 60
12.4375 15.0000 12.6510 34 139 34
-20.8750 25.5000 5.1600 180 120 60
-2.7500 -23.0000 5.7650 34 139 34
9.5625 1.0000 7.4020 34 139 34
23.2500 10.5000 16.0370 34 139 34
3.6250 -0.5000 15.4450 34 139 34
17.5000 -14.5000 6.9580 34 139 34
21.2500 -14.5000 2.8760 34 139 34
-10.6250 3.0000 2.9750 180 120 60
-3.3750 25.0000 8.4750 34 139 34
-0.9375 -20.0000 13.9730 34 139 34
3.5000 7.0000 6.0600 180 120 60
4.0000 21.0000 11.2970 34 139 34
15.6250 20.0000 16.4110 34 139 34
-9.8125 18.5000 5.5840 180 120 60
24.9375 -4.0000 6.5190 255 165 0
10.6250 -7.0000 3.4330 34 139 34
24.9375 -18.0000 3.4320 180 120 60
-1.0625 -7.5000 3.1760 180 120 60
-14.5625 21.0000 5.4390 180 120 60
-24.3750 -22.0000 14.0770 34 139 34
-6.5625 -14.0000 9.8380 34 139 34
7.7500 25.5000 5.2040 34 139 34
-17.3125 -19.5000 3.4140 180 120 60
19.8125 14.5000 17.0410 34 139 34
5.7500 -24.0000 7.7670 34 139 34
1.0000 -11.5000 15.3700 34 139 34
-12.9375 3.0000 3.0160 180 120 60
16.0000 15.5000 7.6670 34 139 34
-23.4375 4.0000 3.0070 180 120 60
13.8750 9.5000 9.4080 34 139 34
11.8125 1.5000 6.2650 180 120 60
20.4375 14.0000 2.2840 34 139 34
-20.5000 -15.0000 6.6580 34 139 34
4.5625 3.0000 16.1760 34 139 34
-21.2500 -6.5000 3.2810 180 120 60
21.9375 -9.0000 1.9880 180 120 60
-20.3750 25.5000 5.2780 180 120 60
-14.1875 5.0000 2.9030 180 120 60
-0.8750 -18.5000 13.9530 34 139 34
7.1875 -23.5000 3.8970 34 139 34
-10.3750 3.5000 2.9850 180 120 60
-1.5000 5.0000 17.6470 34 139 34
5.1875 22.0000 8.4620 34 139 34
-7.3125 -18.0000 3.2520 180 120 60
-17.8125 -6.5000 3.1900 180 120 60
-8.0625 -15.0000 3.1040 180 120 60
-5.2500 9.5000 5.6940 34 139 34
0.5000 -6.5000 3.1590 180 120 60
8.3750 -1.0000 12.1780 34 139 34
-7.0625 2.0000 3.0010 180 120 60
2.5625 -14.5000 14.1010 34 139 34
-7.8125 24.5000 5.0510 180 120 60
9.3125 14.0000 11.0410 34 139 34
8.5000 -3.0000 13.3570 34 139 34
-14.9375 -4.0000 3.1660 180 120 60
-0.9375 22.5000 10.4830 34 139 34
-12.2500 10.0000 11.8060 34 139 34
-20.5625 0.0000 3.0710 180 120 60
3.4375 0.0000 16.3430 34 139 34
15.8750 10.5000 10.3650 34 139 34
8.5625 2.5000 5.8540 180 120 60
3.1875 -16.5000 14.9630 34 139 34
-17.2500 10.0000 4.6070 34 139 34
1.6250 11.0000 6.0200 180 120 60
1.3750 20.0000 10.8550 34 139 34
-0.1875 14.0000 5.8310 180 120 60
-20.7500 -14.0000 3.3970 180 120 60
-14.1875 25.5000 6.8140 34 139 34
7.0625 2.5000 5.4700 180 120 60
-11.1875 14.5000 5.6040 180 120 60
-2.1875 19.0000 12.2910 34 139 34
11.8125 10.0000 6.4400 180 120 60
18.1250 1.5000 6.4860 255 165 0
-10.7500 15.0000 5.6290 180 120 60
4.0000 -14.5000 15.1060 34 139 34
20.6250 8.5000 8.2490 34 139 34
2.0625 7.5000 5.9430 180 120 60
-19.6250 24.0000 5.2110 180 120 60
-12.8750 -16.0000 3.3830 180 120 60
-21.8750 -16.5000 3.3750 180 120 60
22.1875 -5.5000 2.5890 34 139 34
-8.1250 8.5000 4.1520 34 139 34
21.8125 -19.0000 2.8650 180 120 60
-0.3125 1.0000 16.4430 34 139 34
-14.0000 -9.5000 3.2000 180 120 60
0.8125 17.5000 9.6940 34 139 34
-22.7500 -1.5000 3.1230 180 120 60
-0.0625 -2.5000 3.0830 180 120 60
16.3125 2.5000 6.4440 255 165 0
-9.0000 -20.5000 3.3310 180 120 60
7.3750 -13.5000 17.6700 34 139 34
-17.1875 17.5000 5.2690 180 120 60
13.6875 13.0000 11.0160 34 139 34
-15.7500 -12.5000 3.3260 180 120 60
4.4375 4.5000 6.4510 34 139 34
7.7500 -11.0000 13.1270 34 139 34
-16.8750 -3.0000 3.1220 180 120 60
21.6875 19.5000 13.7190 34 139 34
-17.3750 25.0000 5.2860 180 120 60
0.5625 -17.5000 15.8880 34 139 34
-6.3750 11.5000 5.7170 180 120 60
-22.6875 16.5000 7.7390 34 139 34
21.3125 15.0000 14.7020 34 139 34
0.5000 -11.0000 17.6250 34 139 34
-22.9375 -22.0000 13.6290 34 139 34
10.0000 -17.0000 8.1220 34 139 34
-8.0000 11.0000 7.0550 34 139 34
22.6250 4.0000 18.4840 34 139 34
-9.0000 6.0000 6.3900 34 139 34
15.9375 14.0000 10.1640 34 139 34
15.1250 19.0000 15.6080 34 139 34
3.6250 3.5000 16.4520 34 139 34
-24.6875 -24.0000 18.3800 34 139 34
10.9375 5.5000 6.2760 180 120 60
-19.9375 -22.0000 17.6720 34 139 34
6.2500 -5.0000 5.9520 34 139 34
-3.3750 9.0000 5.5330 180 120 60
15.3750 13.5000 12.3970 34 139 34
-9.1250 21.0000 5.4530 180 120 60
-12.3125 5.5000 2.9290 180 120 60
22.0000 22.5000 11.4330 34 139 34
19.0000 4.5000 6.4400 255 165 0
5.3125 4.0000 5.5340 180 120 60
20.8125 -16.5000 4.1610 34 139 34
-4.3125 -4.5000 3.0750 180 120 60
-2.5000 6.5000 14.9910 34 139 34
-17.5000 23.5000 5.2490 180 120 60
13.2500 15.0000 11.2420 34 139 34
-19.4375 -16.5000 3.3820 180 120 60
-21.9375 -10.0000 3.3380 180 120 60
-13.9375 -23.5000 4.3630 34 139 34
18.1875 21.5000 14.7290 34 139 34
24.5000 18.5000 9.5880 34 139 34
20.0625 12.5000 10.9910 34 139 34
9.7500 -8.5000 7.7810 34 139 34
-17.4375 -21.0000 16.1760 34 139 34
-14.0000 12.0000 3.7180 180 120 60
20.8125 -0.5000 6.5080 255 165 0
22.8750 14.0000 12.1980 34 139 34
11.7500 11.0000 8.6980 34 139 34
-4.1875 19.5000 10.3690 34 139 34
-24.5625 -18.5000 7.3390 34 139 34
3.6875 -8.5000 16.6050 34 139 34
19.0000 24.0000 9.2930 34 139 34
-20.0625 -12.0000 3.3000 180 120 60
18.4375 0.5000 6.4570 255 165 0
8.2500 24.5000 3.4720 180 120 60
16.2500 23.5000 13.7580 34 139 34
-21.5000 10.0000 2.9920 180 120 60
8.3125 -9.5000 11.2270 34 139 34
6.8750 -20.5000 10.1690 34 139 34
10.3750 -9.0000 8.3670 34 139 34
-7.1250 -19.0000 3.3440 180 120 60
4.3125 -20.0000 21.5960 34 139 34
-14.5000 -6.0000 3.1390 180 120 60
-4.9375 -7.5000 3.0540 180 120 60
13.1875 0.0000 5.3880 34 139 34
-15.7500 19.5000 5.4070 180 120 60
2.8125 6.0000 12.2780 34 139 34
-12.8125 -20.5000 3.3130 180 120 60
-6.4375 -9.5000 3.1420 180 120 60
-23.4375 -21.5000 11.8810 34 139 34
6.6875 22.0000 8.7330 34 139 34
-16.5625 -3.0000 3.1020 180 120 60
17.0000 15.5000 15.1950 34 139 34
22.6250 17.5000 13.9470 34 139 34
2.0625 9.0000 6.0540 180 120 60
0.1875 7.0000 9.7960 34 139 34
8.7500 -11.0000 4.9630 34 139 34
-16.5000 -11.0000 3.3010 180 120 60
21.6875 -8.0000 2.6250 34 139 34
7.3125 21.0000 8.4030 34 139 34
-1.5000 -20.5000 14.0470 34 139 34
1.1250 -20.5000 7.0300 220 50 50
-20.6875 -9.5000 3.3410 180 120 60
24.1250 -22.5000 7.2670 34 139 34
19.8125 -0.5000 6.4690 255 165 0
-13.5625 7.0000 2.9380 180 120 60
9.1250 -8.0000 13.1300 34 139 34
-8.1875 -9.5000 3.1910 180 120 60
-10.1250 -21.0000 3.3330 180 120 60
-17.6875 -15.0000 3.4240 180 120 60
9.0000 -16.5000 16.0880 34 139 34
16.2500 17.0000 16.6640 34 139 34
-1.1250 4.5000 19.8670 34 139 34
-16.1875 -14.5000 3.3520 180 120 60
-4.1875 18.0000 9.7030 34 139 34
1.0625 24.0000 3.8750 180 120 60
-7.6875 -3.5000 3.1440 180 120 60
4.0000 10.5000 6.1030 180 120 60
-8.3750 15.0000 5.6930 180 120 60
8.1875 -15.0000 19.3010 34 139 34
14.8125 -14.5000 5.2430 34 139 34
21.9375 15.5000 16.7410 34 139 34
22.4375 -20.5000 3.3910 34 139 34
-2.3750 -17.5000 15.0900 34 139 34
1.6875 0.0000 16.5360 34 139 34
11.3125 -6.0000 0.8760 180 120 60
-4.6250 -11.5000 12.6930 34 139 34
-23.8125 -24.5000 16.9160 34 139 34
-1.0625 3.0000 18.0730 34 139 34
-22.1250 -21.0000 19.1060 34 139 34
10.5000 2.5000 6.1710 180 120 60
9.3125 6.5000 7.9240 128 128 128
-11.3750 15.5000 5.5540 180 120 60
-15.5625 -20.0000 3.3680 180 120 60
9.6250 11.0000 6.3050 180 120 60
-7.3125 16.0000 5.7130 180 120 60
-7.7500 -5.5000 3.0660 180 120 60
17.7500 -16.0000 7.0020 34 139 34
-2.8750 5.5000 16.3550 34 139 34
-9.8125 0.5000 3.0600 180 120 60
-4.5000 4.0000 15.2820 34 139 34
-2.2500 19.0000 12.3210 34 139 34
-20.5625 9.5000 2.9930 180 120 60
12.3750 22.0000 7.1180 34 139 34
-9.8750 5.0000 3.9920 34 139 34
-6.0000 -6.5000 3.0620 180 120 60
3.3125 4.5000 15.9340 34 139 34
-17.8750 3.5000 3.0110 180 120 60
6.2500 -22.0000 12.2070 34 139 34
-17.6875 -2.0000 3.0500 180 120 60
-20.6250 -14.5000 3.4080 180 120 60
-11.5625 19.0000 5.5480 180 120 60
21.1875 -8.5000 1.7820 180 120 60
-2.6875 20.0000 11.0110 34 139 34
12.6250 11.0000 8.0760 34 139 34
-8.3125 1.5000 3.0240 180 120 60
9.0000 25.0000 5.1140 34 139 34
21.5625 -10.5000 2.4960 34 139 34
-0.4375 17.5000 9.4100 34 139 34
18.1875 19.0000 16.4930 34 139 34
25.1875 2.0000 18.8880 34 139 34
-5.4375 0.0000 3.9800 34 139 34
2.9375 -11.5000 13.8340 34 139 34
-14.0625 -22.5000 5.7070 34 139 34
-18.5625 2.5000 3.0100 180 120 60
4.7500 -4.5000 14.2390 34 139 34
4.7500 -10.0000 17.0450 34 139 34
11.5625 15.0000 12.7700 34 139 34
-0.1875 7.5000 10.0620 34 139 34
14.2500 -16.0000 6.1190 34 139 34
-23.5625 -7.5000 3.3640 180 120 60
21.1875 6.0000 14.6810 34 139 34
3.1250 -9.5000 15.1000 34 139 34
8.6875 -19.5000 18.5710 34 139 34
-1.8750 -19.5000 14.4920 34 139 34
11.1250 0.0000 5.4270 34 139 34
-20.8125 4.0000 2.9300 180 120 60
-17.9375 6.0000 9.5250 34 139 34
-2.9375 18.0000 5.7070 180 120 60
-20.0625 1.0000 3.0370 180 120 60
7.0000 16.5000 11.7290 34 139 34
6.1875 3.5000 13.1500 34 139 34
7.5625 -10.5000 13.2070 34 139 34
-21.2500 15.5000 7.5750 34 139 34
5.6250 3.0000 5.6390 34 139 34
-11.3125 2.0000 3.0660 180 120 60
-10.2500 4.0000 2.9880 180 120 60
-16.5000 -16.5000 3.4900 180 120 60
14.9375 -18.5000 4.3530 34 139 34
-17.8750 -16.0000 3.4650 180 120 60
21.3125 7.0000 14.1830 34 139 34
-4.4375 -19.0000 13.6270 34 139 34
-4.2500 -21.0000 3.4250 180 120 60
-19.9375 3.0000 3.0210 180 120 60
20.8125 6.5000 6.6730 255 165 0
1.4375 -20.5000 6.9130 220 50 50
12.2500 15.5000 12.6420 34 139 34
-11.7500 -9.5000 3.2160 180 120 60
-22.7500 1.5000 3.0500 180 120 60
-21.7500 -13.5000 3.4500 180 120 60
-2.3125 -23.0000 3.7580 180 120 60
-1.5000 20.0000 13.7790 34 139 34
-0.1875 16.5000 9.1510 34 139 34
-21.5625 4.5000 3.0060 180 120 60
-21.8750 -16.5000 3.3500 180 120 60
19.5625 17.5000 16.4440 34 139 34
-11.9375 -9.0000 3.2220 180 120 60
-14.1875 22.5000 5.3160 180 120 60
3.7500 15.5000 11.1110 34 139 34
23.8750 6.0000 19.4410 34 139 34
-9.9375 4.0000 2.9990 180 120 60
-22.8125 0.0000 3.1310 180 120 60
-20.5000 8.0000 3.0100 180 120 60
-14.5000 -18.5000 3.3210 180 120 60
1.3750 7.5000 5.8510 180 120 60
-13.8750 13.5000 5.7610 34 139 34
-23.5000 17.5000 6.8460 34 139 34
-20.6250 -16.0000 6.9540 34 139 34
23.4375 21.0000 9.1160 34 139 34
21.3125 -19.5000 2.4130 180 120 60
23.3125 -21.5000 3.3440 34 139 34
-23.9375 -9.5000 3.3710 180 120 60
24.4375 -18.5000 3.4210 180 120 60
4.1250 18.0000 12.0250 34 139 34
-18.9375 -15.0000 3.4380 180 120 60
22.6250 22.0000 11.2900 34 139 34
20.8750 -8.5000 1.6960 180 120 60
-11.6875 22.5000 12.1510 34 139 34
-18.3125 -5.0000 3.2250 180 120 60
-8.5625 18.5000 5.5820 180 120 60
12.2500 -8.0000 4.1950 34 139 34
-6.9375 -13.5000 3.0820 180 120 60
-4.5000 -24.0000 6.1340 220 50 50
11.5000 -24.5000 5.0230 34 139 34
24.0000 -11.5000 2.8750 34 139 34
-3.5000 12.0000 5.8430 180 120 60
17.8125 24.0000 11.0470 34 139 34
12.6875 22.0000 14.1290 34 139 34
-12.1875 5.5000 2.9000 180 120 60
-19.8125 -8.0000 3.3160 180 120 60
-0.1250 4.0000 14.5460 34 139 34
-13.8750 15.5000 5.5040 180 120 60
3.1250 -14.5000 19.0150 34 139 34
-21.0000 -7.5000 3.3470 180 120 60
17.8125 -17.5000 6.8060 34 139 34
22.5000 -3.0000 6.6210 255 165 0
16.7500 -18.5000 7.1590 34 139 34
11.6875 2.5000 6.3700 180 120 60
-13.3125 1.0000 3.0390 180 120 60
11.8125 22.0000 3.6610 180 120 60
-18.4375 -23.5000 6.4640 34 139 34
5.8125 -14.5000 19.5800 34 139 34
-17.1250 10.0000 4.8520 34 139 34
15.3750 22.0000 15.2160 34 139 34
19.1250 21.5000 11.1090 34 139 34
-15.7500 -24.0000 3.5510 180 120 60
1.5625 -15.5000 13.2890 34 139 34
12.2500 -10.0000 5.2110 34 139 34
-22.1250 2.0000 3.0260 180 120 60
7.3125 -13.5000 19.3410 34 139 34
-10.9375 -20.5000 3.3540 180 120 60
-15.8750 7.5000 9.4630 34 139 34
4.8125 -18.5000 20.7810 34 139 34
-24.6250 0.0000 3.1490 180 120 60
14.3750 25.0000 16.9540 34 139 34
5.3125 -5.0000 11.7750 34 139 34
2.5625 13.5000 5.9050 180 120 60
6.5000 -13.0000 19.5820 34 139 34
-15.2500 9.0000 5.2560 34 139 34
-11.0000 -3.5000 3.0950 180 120 60
-19.8750 -19.0000 3.3390 180 120 60
-0.4375 3.5000 18.0380 34 139 34
15.8125 -16.5000 7.3240 34 139 34
20.5000 -17.5000 4.9070 34 139 34
10.3750 -17.0000 8.0120 34 139 34
-10.0000 0.0000 3.0610 180 120 60
-14.1250 -22.5000 3.8620 34 139 34
12.3125 -9.5000 5.0850 34 139 34
22.1250 6.5000 15.4670 34 139 34
-20.3125 -15.5000 3.3970 180 120 60
-18.1875 -9.5000 3.1870 180 120 60
3.5625 -10.0000 15.1900 34 139 34
0.6250 4.0000 10.3260 34 139 34
2.7500 11.5000 6.0480 180 120 60
-23.1875 -19.0000 5.0610 34 139 34
-21.9375 4.0000 2.9920 180 120 60
-3.0000 -17.0000 14.6850 34 139 34
-19.8750 8.5000 2.9150 180 120 60
3.6250 14.5000 9.1250 34 139 34
-4.2500 21.0000 11.6630 34 139 34
3.0000 -22.0000 6.6780 34 139 34
-22.1250 20.0000 5.0320 180 120 60
21.7500 -2.0000 6.5240 255 165 0
-5.1875 -15.0000 15.6970 34 139 34
1.5000 0.5000 17.0300 34 139 34
23.7500 -7.5000 2.8760 34 139 34
-17.3750 -22.5000 15.8890 34 139 34
8.3125 -2.5000 2.5370 180 120 60
-12.0625 -20.5000 3.3240 180 120 60
20.2500 25.0000 17.0590 34 139 34
-15.8750 -4.0000 3.1050 180 120 60
-13.9375 7.0000 2.8670 180 120 60
8.0000 -14.5000 12.1900 34 139 34
22.1875 16.0000 10.1060 34 139 34
-24.0625 -21.0000 10.3040 34 139 34
1.1875 3.5000 16.5340 34 139 34
10.0000 5.5000 6.2860 180 120 60
-8.3750 -16.0000 3.1700 180 120 60
15.6250 -18.0000 6.9430 34 139 34
-0.1250 -22.5000 3.9680 180 120 60
7.1250 -15.0000 19.9360 34 139 34
7.8125 -6.5000 15.1840 34 139 34
-20.7500 2.0000 3.0280 180 120 60
0.9375 24.0000 9.3720 34 139 34
-21.0625 -24.5000 19.3190 34 139 34
-2.6250 -8.5000 12.9610 34 139 34
-9.0625 -3.5000 3.0620 180 120 60
9.8125 -16.0000 11.5330 34 139 34
-23.8750 -16.5000 12.1110 34 139 34
-6.0000 -5.0000 4.0080 128 128 128
18.4375 15.5000 13.9950 34 139 34
6.5000 9.0000 6.2290 180 120 60
-21.1875 -8.0000 3.3240 180 120 60
5.9375 -20.5000 21.7270 34 139 34
-21.3750 1.0000 2.9740 180 120 60
-2.8750 -6.0000 3.0920 180 120 60
-12.3750 -7.5000 3.1780 180 120 60
2.9375 0.5000 14.9010 34 139 34
19.4375 22.5000 12.0540 34 139 34
9.7500 14.0000 10.3260 34 139 34
-6.0625 -24.5000 5.5270 220 50 50
-8.4375 5.5000 3.1560 180 120 60
-9.5000 4.5000 3.1240 34 139 34
-2.5000 0.5000 14.1600 34 139 34
3.4375 8.5000 6.0490 180 120 60
-6.5625 -17.5000 7.0900 220 50 50
21.3125 20.0000 5.1700 34 139 34
9.5625 -6.0000 4.0070 34 139 34
-9.1875 2.0000 3.0200 180 120 60
-14.8750 17.0000 5.4600 180 120 60
-3.1875 12.5000 5.9370 180 120 60
-12.0000 13.5000 5.2900 180 120 60
16.9375 -19.0000 2.3460 34 139 34
8.5000 -12.0000 15.1960 34 139 34
5.6250 -3.0000 14.9660 34 139 34
-20.0000 23.0000 5.2950 180 120 60
-23.6875 15.5000 6.5130 220 50 50
0.6250 12.0000 5.9910 180 120 60
-20.0000 -20.0000 20.4230 34 139 34
23.1875 7.5000 17.6210 34 139 34
-20.1250 23.5000 5.2590 180 120 60
-6.1250 -7.5000 3.0880 180 120 60
22.5000 -3.0000 6.5610 255 165 0
-1.3750 -2.5000 7.6750 34 139 34
-3.1875 -12.0000 15.1480 34 139 34
-11.0625 24.5000 9.3010 34 139 34
-16.3750 24.5000 5.2850 180 120 60
-20.5000 17.5000 7.3820 34 139 34
15.5000 6.5000 6.3720 255 165 0
-7.2500 11.0000 5.4990 180 120 60
3.5000 2.5000 17.4170 34 139 34
16.5625 22.5000 11.6980 34 139 34
17.1875 0.0000 6.5820 255 165 0
-6.1250 -15.0000 15.1000 34 139 34
-8.3750 -7.0000 3.1290 180 120 60
10.0000 -0.5000 6.2450 34 139 34
0.0625 7.0000 5.6150 34 139 34
-16.5000 -15.5000 3.4010 180 120 60
23.4375 14.5000 12.4890 34 139 34
10.1875 8.0000 6.2920 180 120 60
-11.8750 6.0000 2.9300 180 120 60
4.6875 -3.5000 13.7340 34 139 34
-24.5000 21.5000 5.4380 34 139 34
16.5625 2.0000 6.4360 255 165 0
-19.9375 -1.5000 3.1400 180 120 60
22.8750 7.0000 11.1430 34 139 34
7.7500 9.5000 6.2220 180 120 60
2.2500 1.5000 18.3130 34 139 34
-17.7500 -10.0000 3.3160 180 120 60
12.3125 -12.0000 5.8860 34 139 34
15.3125 20.0000 16.1420 34 139 34
-1.2500 -3.0000 7.2950 34 139 34
0.4375 25.0000 3.9540 180 120 60
3.3750 -19.5000 5.6390 34 139 34
11.5000 -4.5000 2.1500 34 139 34
-17.5000 -17.5000 3.5230 180 120 60
6.4375 -24.0000 8.0720 34 139 34
-23.6250 -3.5000 3.2070 180 120 60
-18.6250 16.0000 5.1990 34 139 34
-21.8125 7.0000 2.9080 180 120 60
23.8750 -3.5000 6.6160 255 165 0
5.5625 22.5000 8.4900 34 139 34
1.1250 -21.0000 6.9960 220 50 50
-3.8125 -14.5000 15.4730 34 139 34
21.5000 14.5000 13.9400 34 139 34
-4.9375 -5.0000 3.0130 180 120 60
11.5625 -13.5000 8.7500 34 139 34
-20.8750 -23.5000 19.3510 34 139 34
-24.3750 -15.0000 3.2340 180 120 60
6.3750 2.0000 4.8480 180 120 60
-16.0625 21.0000 5.3900 180 120 60
-18.2500 22.5000 5.3450 180 120 60
2.3125 9.5000 5.9980 180 120 60
20.6250 21.5000 7.8300 34 139 34
12.0625 -15.0000 7.6300 34 139 34
-14.3750 9.5000 6.2140 34 139 34
10.2500 -1.5000 12.8160 34 139 34
-2.7500 -1.5000 4.1660 34 139 34
20.7500 6.0000 6.5930 255 165 0
-7.0625 -5.0000 5.4540 128 128 128
18.6875 -9.0000 0.7640 30 144 255
9.6875 6.5000 6.2720 180 120 60
-4.8750 -20.5000 3.4090 180 120 60
-11.8750 9.5000 6.3790 34 139 34
1.1250 -16.0000 10.6840 34 139 34
21.8750 -0.5000 6.5370 255 165 0
-13.0000 -22.0000 3.7320 180 120 60
-0.1875 22.0000 13.0240 34 139 34
22.8750 17.0000 10.0080 34 139 34
6.5000 -7.5000 6.4990 34 139 34
4.0625 2.0000 15.7930 34 139 34
-21.8125 14.0000 7.8460 34 139 34
7.6875 -19.0000 12.9450 34 139 34
-17.4375 -11.5000 3.3250 180 120 60
21.6250 5.0000 6.6640 255 165 0
-3.2500 23.0000 10.5230 34 139 34
-0.3125 -8.5000 14.0760 34 139 34
-21.3125 -12.5000 3.3530 180 120 60
2.4375 -7.5000 8.7180 34 139 34
23.0625 -16.5000 3.3110 180 120 60
16.1250 20.0000 15.2070 34 139 34
6.0625 -24.0000 7.8880 34 139 34
-12.9375 17.0000 5.5520 180 120 60
-12.1875 -1.5000 3.0560 180 120 60
-13.1250 -1.5000 3.0650 180 120 60
-14.3125 8.0000 2.9540 180 120 60
-23.2500 -18.0000 13.7510 34 139 34
-17.3125 1.0000 3.0100 180 120 60
6.6250 6.0000 6.2090 180 120 60
21.0625 7.5000 13.9650 34 139 34
-14.4375 5.0000 2.9340 180 120 60
-4.5000 9.5000 7.1860 34 139 34
-13.2500 -18.0000 3.3340 180 120 60
9.1250 20.5000 8.0010 34 139 34
5.3750 -10.0000 17.3720 34 139 34
22.5000 23.5000 8.9360 34 139 34
9.2500 8.0000 6.2690 180 120 60
12.8125 10.5000 8.7760 34 139 34
24.5000 -1.5000 6.5110 255 165 0
16.5625 -0.5000 6.5580 255 165 0
-5.8750 -19.0000 13.3350 34 139 34
5.3750 -24.0000 7.8460 34 139 34
16.3125 23.0000 12.1970 34 139 34
6.9375 -3.5000 12.1610 34 139 34
13.6875 17.5000 9.7290 34 139 34
-16.6250 16.5000 5.8110 34 139 34
18.7500 2.5000 6.4830 255 165 0
9.1250 -21.0000 0.7790 30 144 255
7.3125 5.5000 6.2140 180 120 60
-2.5000 13.5000 5.8510 180 120 60
-7.1875 12.5000 5.7430 180 120 60
-20.1875 -8.5000 3.2130 180 120 60
2.1875 11.0000 6.0620 180 120 60
-23.0000 -6.0000 3.3320 180 120 60
-23.0625 -7.0000 3.2820 180 120 60
12.9375 -13.5000 8.3870 34 139 34
5.9375 23.5000 3.6470 180 120 60
-19.2500 -19.5000 16.2940 34 139 34
13.3125 -24.0000 6.2220 34 139 34
-13.6875 18.0000 5.5030 180 120 60
-6.1250 -9.5000 3.1710 180 120 60
10.0000 -0.5000 5.3290 34 139 34
-6.6250 -21.5000 3.4120 180 120 60
-12.2500 -5.5000 3.1300 180 120 60
-3.5625 18.5000 10.4570 34 139 34
0.6250 12.5000 5.9690 180 120 60
-24.5000 -6.5000 3.3350 180 120 60
0.6875 14.5000 5.8610 180 120 60
4.0625 -3.0000 13.4310 34 139 34
12.8750 24.0000 13.8320 34 139 34
-9.6250 -15.0000 3.2040 180 120 60
21.5625 6.0000 6.6330 255 165 0
23.1250 -13.0000 2.9140 34 139 34
-5.2500 -3.5000 3.0780 180 120 60
-12.7500 -24.0000 3.7810 180 120 60
-16.5000 13.0000 6.4190 34 139 34
-0.7500 -18.5000 14.5700 34 139 34
14.3750 2.5000 6.3800 255 165 0
16.9375 20.0000 12.9580 34 139 34
9.2500 23.0000 3.6640 180 120 60
2.0000 1.0000 19.1100 34 139 34
-6.5000 6.0000 7.4100 34 139 34
-19.4375 -17.5000 13.6670 34 139 34
-0.6250 5.0000 14.4930 34 139 34
-14.6875 18.0000 5.4640 180 120 60
-11.0000 -1.0000 3.0970 180 120 60
18.1875 -23.0000 3.2410 34 139 34
21.1250 23.5000 9.4400 34 139 34
0.2500 23.0000 9.7110 34 139 34
-23.6875 -14.0000 3.3560 180 120 60
21.0625 -9.5000 2.3500 34 139 34
-21.1250 22.5000 5.2780 180 120 60
6.1875 9.5000 6.1580 180 120 60
-19.1250 -18.0000 13.0850 34 139 34
-6.1875 -14.0000 12.6050 34 139 34
18.3750 -18.0000 5.1420 34 139 34
-20.6250 23.5000 5.2700 180 120 60
-18.8125 -24.0000 13.5940 34 139 34
8.8750 16.0000 12.0550 34 139 34
3.1250 -22.5000 7.0560 34 139 34
-13.8125 -16.5000 3.4260 180 120 60
-13.0625 -6.0000 3.1190 180 120 60
-9.3125 -13.5000 3.2290 180 120 60
3.0625 -18.0000 16.3370 34 139 34
-16.8125 22.0000 5.3250 180 120 60
-2.5625 17.0000 5.7150 180 120 60
-1.0000 5.0000 16.1810 34 139 34
-6.6875 23.5000 5.1570 180 120 60
11.8125 -0.5000 1.6210 180 120 60
1.5000 -23.5000 6.8110 220 50 50
-2.8125 14.0000 5.8370 180 120 60
-23.1875 -3.0000 3.2310 180 120 60
-6.0000 13.0000 5.8150 180 120 60
21.8125 25.0000 9.9690 34 139 34
16.8750 -14.5000 6.8090 34 139 34
-1.1250 24.0000 10.2130 34 139 34
14.3750 24.0000 11.6940 34 139 34
1.5000 -21.0000 6.9000 220 50 50
-17.6250 15.0000 7.2030 34 139 34
-17.1875 3.5000 2.9810 180 120 60
22.0000 8.5000 16.0050 34 139 34
-13.2500 -13.0000 3.3180 180 120 60
23.4375 21.5000 11.2600 34 139 34
15.9375 -19.5000 6.0250 34 139 34
3.9375 -4.5000 12.1020 34 139 34
8.1875 -20.5000 18.3090 34 139 34
0.6875 -1.0000 11.6610 34 139 34
0.2500 4.0000 13.3890 34 139 34
7.1875 -18.0000 22.6440 34 139 34
-7.0625 -1.0000 3.0990 180 120 60
-4.1875 21.0000 11.6580 34 139 34
-4.6250 -24.0000 6.8700 34 139 34
-3.4375 -23.5000 6.8950 34 139 34
-8.3750 3.5000 3.4770 34 139 34
-11.6250 8.0000 6.2350 34 139 34
13.5625 23.0000 9.4090 34 139 34
-13.4375 -18.5000 3.2640 180 120 60
7.3750 19.5000 11.0800 34 139 34
12.6250 19.5000 7.8910 34 139 34
-24.0625 -20.5000 6.2070 34 139 34
-0.7500 13.5000 5.9160 180 120 60
24.1875 5.0000 19.3850 34 139 34
-20.8125 -12.5000 3.3810 180 120 60
-1.9375 6.5000 15.7910 34 139 34
6.8750 -6.5000 5.7990 34 139 34
20.0625 -8.5000 2.4010 34 139 34
20.3750 16.0000 16.6170 34 139 34
-15.6250 -7.5000 3.2490 180 120 60
-0.3750 -4.0000 7.6820 34 139 34
21.0000 -16.5000 4.4090 34 139 34
-7.8125 0.0000 3.0430 180 120 60
-6.5625 -9.5000 3.1550 180 120 60
22.6875 5.5000 12.7110 34 139 34
4.1875 -3.5000 13.2310 34 139 34
21.0000 24.0000 9.3070 34 139 34
-20.5625 6.5000 2.9350 180 120 60
-8.0625 8.0000 6.2580 34 139 34
7.0625 4.5000 6.1640 180 120 60
5.5625 16.0000 11.5400 34 139 34
-16.2500 6.0000 12.2390 34 139 34
2.1250 25.0000 3.7800 180 120 60
-8.3750 14.5000 5.6900 180 120 60
18.0625 23.0000 11.9180 34 139 34
23.1875 15.0000 12.4750 34 139 34
-18.8125 -16.5000 10.9810 34 139 34
21.0000 -4.0000 1.2270 180 120 60
-7.8750 0.5000 3.0550 180 120 60
-5.6250 9.0000 5.4020 180 120 60
-17.0625 -12.0000 3.2950 180 120 60
8.3125 1.5000 7.8950 34 139 34
22.1875 25.5000 7.9470 34 139 34
16.1250 17.5000 10.5880 34 139 34
-22.4375 6.0000 3.0000 180 120 60
-18.3125 2.5000 2.9820 180 120 60
-20.2500 8.5000 3.0530 180 120 60
2.0000 6.0000 14.6280 34 139 34
7.6875 -3.0000 13.2960 34 139 34
3.1875 12.0000 6.0440 180 120 60
5.8125 -17.5000 21.7780 34 139 34
22.9375 11.0000 11.5470 34 139 34
-15.9375 7.0000 3.0130 34 139 34
24.1250 21.0000 0.0550 30 144 255
9.0000 18.0000 11.2700 34 139 34
-15.7500 -20.0000 3.2880 180 120 60
21.3750 16.5000 17.2120 34 139 34
13.3125 -13.5000 7.2900 34 139 34
3.6875 9.0000 6.1390 180 120 60
-14.3125 7.0000 4.8260 34 139 34
5.3750 -14.0000 17.4270 34 139 34
-18.8125 -16.5000 10.8020 34 139 34
-24.0000 -15.5000 3.2960 180 120 60
-8.8125 24.5000 8.6620 34 139 34
-11.1875 -4.5000 3.0840 180 120 60
22.4375 15.5000 13.3980 34 139 34
9.8750 -2.5000 12.9730 34 139 34
22.2500 5.5000 12.4680 34 139 34
4.7500 1.5000 13.1550 34 139 34
-15.9375 17.5000 5.3990 180 120 60
-13.4375 -23.5000 5.7290 34 139 34
10.3750 4.5000 6.2900 180 120 60
4.3125 22.5000 9.9300 34 139 34
0.2500 16.0000 8.2640 34 139 34
-13.0625 -2.0000 3.0970 180 120 60
-16.4375 -16.0000 3.4340 180 120 60
-3.4375 1.0000 13.4210 34 139 34
-3.6250 10.0000 5.6170 180 120 60
22.7500 25.5000 4.2800 34 139 34
-12.1875 -23.0000 5.3180 34 139 34
2.5000 25.0000 3.7250 180 120 60
18.2500 23.5000 14.8120 34 139 34
9.6250 6.5000 6.2880 180 120 60
17.1875 23.0000 14.6170 34 139 34
10.9375 -12.5000 8.8690 34 139 34
-8.3750 9.5000 7.3910 34 139 34
-20.0625 -18.5000 19.7800 34 139 34
3.1875 -3.0000 3.1050 180 120 60
-21.5000 13.5000 7.1650 34 139 34
1.9375 1.0000 19.0690 34 139 34
22.7500 11.0000 13.5110 34 139 34
17.4375 2.0000 6.3650 255 165 0
-21.5000 25.5000 5.2640 180 120 60
21.0000 17.0000 17.2440 34 139 34
22.5625 -6.5000 2.9400 34 139 34
15.9375 21.0000 13.5560 34 139 34
-2.7500 -21.5000 3.7150 180 120 60
0.3750 -22.0000 7.1460 220 50 50
-8.5000 24.5000 5.0660 180 120 60
8.4375 1.0000 6.8370 34 139 34
14.4375 6.0000 6.4140 180 120 60
13.5625 20.0000 10.1180 34 139 34
21.6875 -16.5000 2.4160 180 120 60
8.0625 -15.0000 17.1130 34 139 34
-21.1875 24.0000 5.2890 180 120 60
20.1875 -13.0000 2.7450 34 139 34
1.3750 3.0000 17.1970 34 139 34
0.3750 -17.5000 16.0060 34 139 34
-4.6875 17.0000 6.5440 128 128 128
12.6250 0.0000 1.1270 180 120 60
21.1250 2.0000 6.5120 255 165 0
-10.6250 16.0000 5.5880 180 120 60
-13.8750 -3.5000 3.1130 180 120 60
15.8125 21.5000 16.2480 34 139 34
-14.3125 -20.0000 3.3270 180 120 60
-16.1875 18.5000 5.4090 180 120 60
24.3750 3.5000 19.4990 34 139 34
-0.8750 -1.5000 3.1800 34 139 34
-4.3125 -16.5000 11.3310 34 139 34
-14.0000 -14.0000 3.3330 180 120 60
15.4375 -16.0000 6.3940 34 139 34
3.8750 3.0000 16.2120 34 139 34
-10.5625 24.5000 9.0580 34 139 34
-3.2500 -20.0000 15.4360 34 139 34
-0.0625 -14.5000 16.1720 34 139 34
1.6875 -19.5000 6.9320 220 50 50
-14.8750 7.0000 2.8870 180 120 60
17.4375 21.5000 8.5200 34 139 34
17.6875 23.5000 15.2740 34 139 34
-12.1250 -13.5000 3.2760 180 120 60
22.1250 22.5000 11.4920 34 139 34
6.5625 -3.5000 6.3900 34 139 34
11.3750 18.0000 8.6060 34 139 34
2.5625 -17.5000 16.5090 34 139 34
-13.8750 -4.5000 3.1220 180 120 60
2.5625 -0.5000 6.7350 34 139 34
0.8750 16.5000 9.3830 34 139 34
-0.4375 5.5000 14.3940 34 139 34
-17.9375 -18.5000 3.4530 180 120 60
4.3750 -14.0000 18.5670 34 139 34
-1.9375 0.0000 12.6150 34 139 34
-9.0000 -19.5000 3.3790 180 120 60
-22.6250 -15.0000 3.3220 180 120 60
-12.3750 -1.5000 3.0670 180 120 60
23.6250 -1.5000 6.5530 255 165 0
-16.6875 -17.0000 3.4060 180 120 60
-12.6250 -14.0000 3.3130 180 120 60
-1.5000 -17.0000 16.0150 34 139 34
1.3125 2.5000 14.8500 34 139 34
-22.0625 19.5000 4.8800 180 120 60
-23.1875 -4.5000 3.2630 180 120 60
23.1875 -4.5000 7.6650 128 128 128
-1.9375 23.0000 11.3300 34 139 34
-0.4375 6.5000 5.4430 34 139 34
3.6875 -3.0000 12.0380 34 139 34
0.0000 23.0000 10.2770 34 139 34
16.0000 23.0000 8.8010 34 139 34
-21.4375 -18.0000 13.4410 34 139 34
23.6250 13.0000 11.7060 34 139 34
-5.3750 -9.0000 3.1450 180 120 60
18.5000 19.5000 9.9270 34 139 34
3.6875 4.0000 16.4030 34 139 34
-6.4375 -6.5000 3.0880 180 120 60
7.3125 -21.5000 11.4880 34 139 34
4.6250 -22.5000 8.1100 34 139 34
1.5625 -5.5000 9.4380 34 139 34
3.3750 -8.0000 16.8050 34 139 34
-18.0000 16.0000 7.8850 34 139 34
17.8750 -23.0000 2.8680 34 139 34
12.4375 14.0000 11.0970 34 139 34
-19.5000 -14.0000 3.4090 180 120 60
21.3750 4.0000 6.5490 255 165 0
16.8125 5.0000 6.4530 255 165 0
12.5625 2.0000 6.4950 255 165 0
-2.6875 23.5000 10.6410 34 139 34
2.8750 12.0000 6.0060 180 120 60
8.6250 22.0000 3.5530 180 120 60
7.8750 -6.0000 15.2950 34 139 34
-3.9375 -12.0000 15.4480 34 139 34
-6.0000 -4.0000 3.1170 180 120 60
7.4375 -23.0000 10.1230 34 139 34
5.9375 16.5000 11.7880 34 139 34
-20.5000 16.5000 6.5250 34 139 34
4.6875 -2.0000 13.4790 34 139 34
-6.3125 -24.0000 5.5440 220 50 50
21.0625 11.5000 9.7300 34 139 34
15.5625 22.0000 15.5540 34 139 34
16.9375 2.0000 6.4450 255 165 0
-15.5625 18.0000 5.3890 180 120 60
7.0000 13.0000 10.3820 34 139 34
-5.2500 -15.0000 15.7320 34 139 34
-2.1875 -21.0000 3.8290 180 120 60
-14.5000 -1.0000 3.0160 180 120 60
-17.6250 4.0000 2.9940 180 120 60
-23.3125 -19.5000 5.0580 34 139 34
10.0000 15.0000 10.7110 34 139 34
-12.5000 -13.5000 3.2830 180 120 60
3.6250 -18.0000 8.9820 34 139 34
-2.0625 9.5000 5.8040 180 120 60
-15.4375 -17.0000 3.4240 180 120 60
-0.6875 21.0000 12.8210 34 139 34
21.5625 3.5000 6.5200 255 165 0
-5.5000 1.0000 3.0520 180 120 60
-7.5625 13.0000 5.7220 180 120 60
9.3125 -3.5000 12.6940 34 139 34
4.8125 -1.5000 10.8960 34 139 34
18.7500 -13.5000 2.1120 34 139 34
1.9375 -2.5000 4.4500 34 139 34
-14.6875 -6.0000 3.2080 180 120 60
-17.6875 18.5000 5.3330 180 120 60
24.0625 13.0000 0.3010 30 144 255
15.7500 17.5000 11.3330 34 139 34
-4.6875 -16.5000 14.9710 34 139 34
24.2500 -14.5000 2.3660 180 120 60
-1.5625 25.5000 4.5380 34 139 34
-20.5625 -22.5000 20.8230 34 139 34
3.8750 -5.5000 8.6550 34 139 34
-21.5000 3.0000 2.9970 180 120 60
8.9375 -7.0000 9.1130 34 139 34
-15.7500 13.0000 6.3140 34 139 34
0.1250 -3.0000 3.1230 180 120 60
0.8750 -13.0000 15.8440 34 139 34
24.6250 -1.5000 6.5710 255 165 0
-16.4375 9.0000 10.1440 34 139 34
-5.5000 2.5000 4.2540 34 139 34
7.3125 20.0000 11.3290 34 139 34
23.5625 -14.0000 2.9540 34 139 34
8.3750 -21.5000 0.7890 180 120 60
-4.3750 14.5000 5.8430 180 120 60
-2.7500 16.0000 7.1350 128 128 128
8.1250 -8.5000 13.7980 34 139 34
-6.7500 4.0000 15.1270 34 139 34
-14.8750 22.0000 5.3920 180 120 60
9.0625 -12.5000 14.8670 34 139 34
-5.2500 -3.5000 3.0610 180 120 60
10.5000 5.5000 6.2960 180 120 60
-23.0625 -22.0000 15.2660 34 139 34
-7.9375 11.0000 5.2640 180 120 60
-21.5625 -6.5000 3.3190 180 120 60
-19.0625 -4.0000 3.2130 180 120 60
-17.2500 16.0000 5.8180 34 139 34
-13.2500 -9.0000 3.1600 180 120 60
4.3125 23.0000 9.9480 34 139 34
9.7500 -7.5000 12.0080 34 139 34
19.7500 5.0000 6.4500 255 165 0
-19.4375 6.0000 2.9480 180 120 60
19.6250 -10.5000 2.0930 180 120 60
11.5000 -13.5000 8.1470 34 139 34
-13.0000 21.5000 5.3840 180 120 60
-19.7500 20.0000 5.2320 180 120 60
-16.7500 -6.5000 3.2160 180 120 60
6.6875 -17.5000 22.3800 34 139 34
19.5000 -17.5000 4.7880 34 139 34
-17.5625 -11.0000 3.3240 180 120 60
-3.1875 -8.5000 2.9950 180 120 60
-23.5625 -3.0000 3.2260 180 120 60
6.3125 -11.5000 7.9740 34 139 34
-22.4375 22.5000 5.2110 180 120 60
-23.5625 2.5000 3.0380 180 120 60
5.8750 -24.0000 3.4270 180 120 60
-12.6875 -6.5000 3.1590 180 120 60
-21.1875 -11.5000 3.3700 180 120 60
1.8750 -8.0000 8.9060 34 139 34
7.1250 8.5000 6.2520 180 120 60
-21.4375 -17.0000 13.6520 34 139 34
23.9375 11.0000 16.5120 34 139 34
-17.8750 -17.5000 11.2820 34 139 34
12.9375 -13.5000 8.3720 34 139 34
18.6875 -16.0000 6.9300 34 139 34
5.0625 -2.0000 15.0350 34 139 34
9.6875 25.5000 5.4510 34 139 34
-7.2500 11.0000 6.7100 34 139 34
-24.1250 -6.5000 3.3310 180 120 60
-0.2500 -0.5000 3.2320 180 120 60
14.8750 4.5000 6.4480 255 165 0
-0.1250 8.0000 5.8300 180 120 60
-2.1875 -3.0000 7.2630 34 139 34
10.1250 -5.5000 9.1550 34 139 34
12.0625 -8.5000 6.6780 34 139 34
19.2500 19.5000 4.7900 34 139 34
8.1250 -2.0000 3.7400 34 139 34
-1.2500 -24.0000 5.3630 34 139 34
-1.5000 6.0000 15.5690 34 139 34
-12.6250 -11.5000 3.2570 180 120 60
6.1250 13.5000 6.1360 180 120 60
-24.4375 5.5000 3.0150 180 120 60
-22.8125 8.5000 2.9510 180 120 60
-18.6250 21.0000 5.3180 180 120 60
19.4375 21.0000 5.0370 34 139 34
-15.7500 23.0000 5.3500 180 120 60
-9.6875 -0.5000 3.0510 180 120 60
-5.1250 6.5000 15.9510 34 139 34
21.0000 1.5000 6.5630 255 165 0
-22.1250 5.0000 2.9930 180 120 60
15.6250 2.0000 6.4200 255 165 0
-18.3750 19.0000 5.3040 180 120 60
-11.9375 14.0000 5.4590 180 120 60
-3.9375 18.5000 5.7400 180 120 60
-4.7500 10.5000 5.7140 180 120 60
-11.5000 -5.5000 3.1450 180 120 60
15.2500 9.5000 8.7560 34 139 34
-3.0000 9.0000 5.4650 180 120 60
-23.3125 -22.0000 20.1160 34 139 34
0.1875 -9.5000 15.0100 34 139 34
19.3125 25.5000 17.3980 34 139 34
-13.6250 -19.5000 3.3760 180 120 60
25.1250 25.0000 0.1760 30 144 255
9.8750 -5.0000 3.4840 34 139 34
-8.6250 -7.0000 3.1260 180 120 60
4.6250 4.0000 16.2770 34 139 34
-3.5625 -20.5000 3.3990 180 120 60
-4.0000 19.0000 11.2840 34 139 34
-7.1875 -0.5000 3.0120 180 120 60
5.8750 -4.5000 13.0790 34 139 34
-20.6875 -17.5000 7.0000 34 139 34
10.5625 -12.5000 9.6760 34 139 34
0.8750 -10.5000 16.4440 34 139 34
6.0000 -1.0000 8.1720 34 139 34
19.1875 15.5000 15.2850 34 139 34
20.5625 -21.0000 3.3230 34 139 34
-10.7500 15.5000 5.6050 180 120 60
22.0000 11.0000 12.3860 34 139 34
-3.2500 12.0000 5.9190 180 120 60
-21.0000 11.5000 2.9620 180 120 60
21.6875 14.5000 11.6830 34 139 34
-8.8125 -2.0000 3.0870 180 120 60
17.8750 20.5000 10.2680 34 139 34
-5.1250 17.5000 5.5680 180 120 60
7.7500 -7.5000 15.0380 34 139 34
-20.4375 2.0000 3.0380 180 120 60
-14.3750 8.0000 9.1040 34 139 34
4.9375 -17.0000 14.8840 34 139 34
1.3750 -14.0000 15.2360 34 139 34
4.5000 -20.5000 6.2460 220 50 50
2.0000 10.0000 6.0900 180 120 60
-23.1875 -5.0000 3.2310 180 120 60
11.5000 21.0000 3.6170 180 120 60
-3.7500 -13.0000 15.7890 34 139 34
-22.6875 24.0000 5.2140 180 120 60
5.8750 14.5000 6.2070 180 120 60
-7.7500 24.0000 5.0600 180 120 60
9.5625 21.0000 7.5890 34 139 34
-22.8125 20.5000 5.1580 180 120 60
1.7500 -2.5000 4.3120 34 139 34
-23.8750 14.0000 5.3920 34 139 34
-13.0000 -17.0000 3.3810 180 120 60
-23.6875 -22.0000 18.2950 34 139 34
-16.3750 10.0000 5.2430 34 139 34
-1.2500 -5.0000 3.1660 180 120 60
15.4375 15.5000 7.2740 34 139 34
-7.0625 15.5000 5.7180 180 120 60
-18.8125 25.0000 5.1190 180 120 60
9.1250 -5.0000 9.5820 34 139 34
0.4375 -21.0000 7.1970 220 50 50
-15.3125 22.5000 5.2860 180 120 60
-6.2500 -14.0000 12.7620 34 139 34
22.6250 12.0000 12.8190 34 139 34
-9.9375 2.5000 3.0270 180 120 60
7.3125 18.0000 11.1770 34 139 34
-3.6250 -17.0000 14.6280 34 139 34
7.9375 -15.5000 17.3970 34 139 34
-10.6875 22.5000 5.3950 180 120 60
-4.2500 -23.5000 6.4120 34 139 34
2.5625 21.5000 10.2890 34 139 34
14.1875 7.5000 6.3370 180 120 60
-22.1875 -2.5000 3.0860 180 120 60
-10.2500 -12.0000 3.2270 180 120 60
20.8125 21.5000 5.7710 34 139 34
1.1875 21.0000 11.9580 34 139 34
-19.3125 -1.0000 2.9960 180 120 60
-6.2500 -23.0000 5.2980 220 50 50
16.2500 -23.5000 1.6130 180 120 60
14.6875 1.5000 6.4150 255 165 0
-19.7500 22.0000 5.3200 180 120 60
4.2500 3.5000 15.0370 34 139 34
-19.0625 -14.0000 3.3150 180 120 60
-10.9375 2.0000 3.0610 180 120 60
18.3125 4.5000 6.4730 255 165 0
-9.8750 3.0000 3.0180 180 120 60
22.7500 20.5000 9.1770 34 139 34
8.6875 -7.0000 14.6390 34 139 34
-23.1875 9.0000 2.9100 180 120 60
21.1875 -24.5000 3.5100 34 139 34
5.9375 25.0000 4.7750 34 139 34
-8.0625 4.5000 3.2890 34 139 34
-18.8750 0.5000 3.0710 180 120 60
23.6875 24.0000 0.0000 30 144 255
2.0625 -2.5000 3.1450 180 120 60
-7.7500 -17.0000 3.2440 180 120 60
-14.0625 -7.5000 3.2250 180 120 60
-5.8750 10.5000 5.4730 180 120 60
-1.3750 -12.5000 17.4110 34 139 34
2.8750 9.0000 6.0740 180 120 60
9.6250 -5.5000 3.9800 34 139 34
-16.6875 8.0000 11.9670 34 139 34
22.0625 9.5000 14.8230 34 139 34
-21.9375 -15.5000 3.3640 180 120 60
24.1250 -9.0000 2.6930 180 120 60
-16.5000 20.0000 5.2750 180 120 60
2.1875 17.0000 11.3250 34 139 34
-6.8125 18.5000 5.5390 180 120 60
-20.5625 -12.0000 3.3760 180 120 60
-9.2500 9.0000 6.8790 34 139 34
14.6875 15.0000 11.6360 34 139 34
-19.2500 10.5000 2.9810 180 120 60
-14.3125 -21.0000 5.4910 34 139 34
22.0000 15.5000 16.4900 34 139 34
-21.6250 -1.5000 3.1300 180 120 60
-13.8125 7.5000 2.9110 180 120 60
-19.7500 -6.0000 3.2280 180 120 60
-1.3750 25.0000 4.7020 34 139 34
18.1250 -1.0000 6.5780 255 165 0
-6.0000 9.5000 5.4430 180 120 60
24.3750 -22.5000 6.7770 34 139 34
-17.2500 10.0000 4.6960 34 139 34
4.5000 20.5000 11.3200 34 139 34
-20.3750 -22.0000 16.0850 34 139 34
-15.2500 5.0000 8.1130 34 139 34
-12.5625 10.5000 12.4050 34 139 34
2.7500 3.5000 16.5630 34 139 34
4.0625 -22.0000 7.7480 34 139 34
-22.5625 -19.5000 6.0560 34 139 34
-18.1875 -0.5000 3.0830 180 120 60
8.8750 -15.5000 16.6620 34 139 34
-4.7500 -1.5000 2.9980 180 120 60
1.3750 -21.5000 6.8480 220 50 50
23.0625 -10.0000 2.4790 180 120 60
-22.6875 10.5000 2.9710 180 120 60
24.2500 -13.0000 2.7000 34 139 34
-4.5000 4.5000 17.4560 34 139 34
-8.8750 17.5000 5.6380 180 120 60
2.3125 21.5000 9.6610 34 139 34
-2.2500 -1.0000 4.2720 34 139 34
2.0000 1.0000 14.7690 34 139 34
11.2500 5.0000 6.3210 180 120 60
13.7500 24.5000 14.0150 34 139 34
10.8750 -0.5000 5.0570 34 139 34
-13.5625 -3.5000 3.0820 180 120 60
8.5625 3.0000 6.1000 180 120 60
-6.8125 -19.5000 3.3850 180 120 60
-4.1250 24.5000 9.7790 34 139 34
15.8750 -23.0000 2.3950 34 139 34
1.8125 14.5000 5.9040 180 120 60
10.6875 21.5000 3.5350 180 120 60
-0.5000 16.0000 5.8090 180 120 60
21.0625 -5.0000 1.6270 34 139 34
19.5000 22.0000 12.0500 34 139 34
-8.3125 13.0000 5.7500 180 120 60
23.8125 17.5000 9.4870 34 139 34
-1.6250 -19.0000 14.5830 34 139 34
12.3125 22.0000 12.3940 34 139 34
-5.8750 12.0000 5.8030 180 120 60
-12.1875 -1.5000 3.0920 180 120 60
-19.1875 -16.0000 3.4180 180 120 60
11.4375 -17.0000 7.5220 34 139 34
24.4375 5.0000 18.4060 34 139 34
-18.3750 -11.5000 3.2970 180 120 60
-8.8125 -7.5000 3.1560 180 120 60
13.6875 -14.5000 6.8730 34 139 34
-20.6875 11.0000 2.9680 180 120 60
22.1875 23.5000 8.5470 34 139 34
5.3125 -3.5000 14.5610 34 139 34
-13.2500 -16.5000 3.4120 180 120 60
7.6875 -18.0000 3.5230 34 139 34
6.2500 -17.0000 20.0220 34 139 34
8.3750 -18.0000 1.1800 34 139 34
23.9375 16.0000 6.8830 34 139 34
-23.9375 -21.0000 10.2560 34 139 34
8.9375 16.5000 12.1170 34 139 34
-23.3125 2.0000 3.0350 180 120 60
-16.7500 -1.5000 3.0670 180 120 60
16.8750 20.5000 15.1300 34 139 34
6.1250 -11.0000 16.3560 34 139 34
-17.8750 9.5000 4.1640 34 139 34
-18.9375 -23.5000 15.9780 34 139 34
-6.3125 25.5000 4.8090 180 120 60
2.1875 -13.0000 14.6150 34 139 34
2.8125 -4.0000 8.9670 34 139 34
-24.6875 -23.0000 16.9430 34 139 34
-13.7500 -12.5000 3.3090 180 120 60
10.0625 -3.0000 2.9160 34 139 34
8.8125 -6.5000 9.9400 34 139 34
20.2500 -18.5000 2.5210 180 120 60
11.4375 23.0000 4.8260 34 139 34
17.6875 23.0000 12.0640 34 139 34
25.2500 -10.5000 3.7290 34 139 34
7.5000 12.5000 10.4950 34 139 34
21.1875 -19.5000 3.0100 34 139 34
-19.1875 -21.0000 18.9950 34 139 34
-5.5000 3.0000 15.3030 34 139 34
0.6875 9.5000 5.9950 180 120 60
-8.2500 -13.5000 3.1920 180 120 60
8.0625 -16.5000 12.5520 34 139 34
-9.6250 17.5000 5.5560 180 120 60
1.0000 -8.5000 6.2210 34 139 34
-4.0625 -9.5000 13.3990 34 139 34
-10.3125 -16.0000 3.2130 180 120 60
22.7500 6.5000 11.1870 34 139 34
6.2500 -4.5000 6.5150 34 139 34
-8.3125 19.0000 5.5140 180 120 60
-4.8125 -10.0000 3.0350 180 120 60
-8.2500 -15.0000 3.1400 180 120 60
15.4375 10.0000 8.9760 34 139 34
24.5625 10.0000 19.2530 34 139 34
-18.3125 -5.0000 3.2180 180 120 60
-0.6875 -16.5000 14.6840 34 139 34
-11.5625 18.0000 5.5760 180 120 60
21.3125 16.0000 16.9490 34 139 34
-12.0000 -20.5000 3.3450 180 120 60
0.0625 -5.5000 7.9740 34 139 34
-17.9375 18.0000 5.2040 180 120 60
9.8750 -5.5000 12.5250 34 139 34
-17.6875 -23.0000 10.9690 34 139 34
-13.5000 7.5000 5.1130 34 139 34
-2.0625 -21.0000 3.8180 180 120 60
16.6250 23.5000 14.9520 34 139 34
3.6250 -15.5000 18.8940 34 139 34
7.3750 -4.0000 11.9210 34 139 34
15.0000 -17.5000 3.6400 34 139 34
25.0625 4.0000 19.9480 34 139 34
21.7500 9.5000 14.4840 34 139 34
-11.1875 -16.0000 3.2770 180 120 60
-6.2500 0.0000 2.9930 180 120 60
-8.6250 18.0000 5.5770 180 120 60
2.0625 -23.0000 6.7130 220 50 50
-14.1875 -19.0000 3.3490 180 120 60
-17.9375 -0.5000 2.9800 180 120 60
22.1250 17.0000 16.2410 34 139 34
9.8125 -16.0000 9.3670 34 139 34
-11.1250 21.5000 5.3790 180 120 60
-1.9375 12.5000 5.9160 180 120 60
7.3125 6.0000 7.2810 128 128 128
22.3750 -5.5000 2.7720 34 139 34
-0.9375 -20.0000 14.0960 34 139 34
25.1250 3.0000 19.7350 34 139 34
-15.5625 -16.0000 3.3500 180 120 60
4.3125 25.0000 3.5820 180 120 60
-15.6250 -14.5000 3.3430 180 120 60
6.4375 -23.0000 8.5490 34 139 34
0.2500 -24.5000 6.9790 220 50 50
20.5000 -20.0000 3.0780 34 139 34
-1.4375 -3.0000 7.5970 34 139 34
-24.0000 0.5000 3.0850 180 120 60
10.1875 6.0000 6.3170 180 120 60
-20.0000 13.5000 7.8060 34 139 34
-19.4375 13.5000 7.6400 34 139 34
12.5000 12.0000 9.7430 34 139 34
19.8750 1.5000 6.4770 255 165 0
23.6250 3.0000 20.3340 34 139 34
-0.3125 -10.0000 16.7830 34 139 34
-18.0000 -19.5000 14.0260 34 139 34
5.5625 -3.0000 14.9260 34 139 34
17.5000 -14.0000 6.7390 34 139 34
4.8750 -18.0000 18.9260 34 139 34
24.5000 -23.5000 3.8520 34 139 34
9.5625 10.5000 6.2790 180 120 60
10.3125 21.0000 3.6140 180 120 60
1.2500 11.5000 5.9670 180 120 60
2.6250 1.0000 18.1330 34 139 34
6.1875 16.5000 11.9450 34 139 34
5.4375 -21.5000 21.9530 34 139 34
4.0625 -13.5000 14.5960 34 139 34
9.4375 -8.5000 11.9920 34 139 34
13.2500 -24.0000 5.5360 34 139 34
15.9375 -15.5000 3.5020 34 139 34
-19.4375 16.0000 8.1670 34 139 34
-21.9375 -11.0000 3.3320 180 120 60
-20.3750 13.0000 5.7190 34 139 34
18.6875 13.0000 8.3670 34 139 34
-6.1250 -13.0000 9.4610 34 139 34
3.3750 -12.5000 14.7420 34 139 34
-11.3750 -17.5000 3.2260 180 120 60
19.4375 15.0000 17.1430 34 139 34
-16.3750 -16.0000 3.4710 180 120 60
11.8125 17.5000 8.8120 34 139 34
9.8750 10.0000 6.1900 180 120 60
-14.8125 -18.0000 3.4010 180 120 60
5.6250 -11.5000 13.6310 34 139 34
7.8125 -13.0000 15.0160 34 139 34
-10.5000 22.5000 5.4540 180 120 60
-22.8750 20.0000 5.2920 34 139 34
-11.7500 -12.0000 3.2650 180 120 60
-19.6875 -15.0000 6.5770 34 139 34
-5.3750 23.0000 9.1590 34 139 34
6.2500 -14.5000 19.9370 34 139 34
-20.9375 -19.5000 18.7470 34 139 34
22.9375 18.5000 10.0030 34 139 34
24.0000 16.5000 12.7190 34 139 34
5.3750 23.5000 3.5950 180 120 60
-19.0625 -8.5000 3.2970 180 120 60
-20.4375 0.0000 3.0710 180 120 60
23.9375 -18.5000 3.2540 180 120 60
-9.8125 10.5000 8.1370 34 139 34
13.6875 12.0000 9.3400 34 139 34
14.6250 13.0000 11.8230 34 139 34
-21.4375 20.5000 5.2720 180 120 60
11.5000 12.5000 14.9690 128 128 128
-7.1875 -20.0000 3.4070 180 120 60
-15.1250 7.0000 11.2220 34 139 34
-18.5625 -24.5000 16.0810 34 139 34
-21.6875 12.5000 2.9470 180 120 60
-23.9375 2.5000 3.0570 180 120 60
8.0000 -2.5000 14.2780 34 139 34
6.5625 11.0000 6.0830 180 120 60
3.1250 11.5000 6.0800 180 120 60
12.5000 8.0000 6.3450 180 120 60
-4.0000 -20.5000 3.4380 180 120 60
17.9375 25.0000 0.9960 180 120 60
5.4375 23.5000 3.6650 180 120 60
17.9375 20.0000 15.7970 34 139 34
-17.6875 18.5000 5.3150 180 120 60
12.7500 21.5000 12.1480 34 139 34
-23.1250 22.5000 5.1340 180 120 60
-8.5625 -7.0000 3.0960 180 120 60
13.5000 25.0000 13.2440 34 139 34
2.1875 22.5000 9.0930 34 139 34
-23.3125 -11.5000 3.3100 180 120 60
5.9375 -11.5000 7.1610 34 139 34
-16.2500 -21.5000 6.3090 34 139 34
24.8125 20.5000 2.1600 34 139 34
3.6875 -20.0000 6.4350 220 50 50
23.6875 9.0000 18.0820 34 139 34
-15.4375 -19.0000 3.2950 180 120 60
15.2500 -18.5000 7.4990 34 139 34
-9.3125 7.5000 6.4390 34 139 34
-13.8125 14.5000 5.1190 180 120 60
-8.1875 -1.0000 3.0740 180 120 60
-6.7500 19.0000 5.5390 180 120 60
3.5000 5.5000 13.7330 34 139 34
-18.0625 11.0000 5.3370 34 139 34
16.6250 -19.0000 6.5620 34 139 34
-18.8750 -18.0000 13.2460 34 139 34
-0.9375 9.5000 5.9730 180 120 60
-21.2500 -18.5000 14.6860 34 139 34
-1.5000 15.5000 6.8990 128 128 128
12.1875 0.5000 2.8320 180 120 60
-21.4375 -18.0000 13.4710 34 139 34
-9.5625 13.0000 5.5750 180 120 60
8.3125 -6.0000 7.6040 34 139 34
-21.3750 7.0000 2.9440 180 120 60
-21.0625 -14.0000 3.3260 180 120 60
-17.6875 -23.5000 5.2080 34 139 34
21.0000 6.5000 13.8030 34 139 34
-5.6875 -23.0000 3.5050 180 120 60
0.1875 10.5000 5.9980 180 120 60
-9.6250 13.0000 5.5110 180 120 60
-6.0000 18.5000 5.5480 180 120 60
-3.3750 20.0000 11.1900 34 139 34
-18.3750 4.5000 2.9680 180 120 60
-13.4375 -8.0000 3.2020 180 120 60
20.5625 13.0000 12.6560 34 139 34
-1.4375 19.5000 13.6200 34 139 34
5.3750 -10.0000 7.9350 34 139 34
16.5625 16.0000 17.4560 34 139 34
17.8125 18.0000 11.6440 34 139 34
18.3125 -17.0000 6.1630 34 139 34
9.1250 12.5000 10.4280 34 139 34
-6.1875 -12.0000 9.2480 34 139 34
-0.3750 10.0000 5.9790 180 120 60
13.5000 1.0000 1.2350 180 120 60
3.7500 14.0000 6.1070 180 120 60
7.2500 -18.5000 22.5750 34 139 34
3.3125 -22.0000 7.0720 34 139 34
4.0625 -21.0000 6.4040 220 50 50
9.4375 -17.0000 6.9780 34 139 34
-1.6875 2.0000 19.0070 34 139 34
12.3750 18.0000 11.2870 34 139 34
-20.9375 -15.0000 6.7000 34 139 34
18.1875 21.5000 15.0910 34 139 34
-22.8125 -20.0000 19.0620 34 139 34
2.2500 1.0000 19.3060 34 139 34
-5.7500 -20.5000 6.0970 220 50 50
14.8750 -18.0000 7.4730 34 139 34
-0.1250 16.0000 5.8410 180 120 60
20.1875 5.0000 6.5560 255 165 0
-2.1875 13.5000 5.8930 180 120 60
23.1875 -19.0000 3.5240 34 139 34
16.6875 16.0000 16.2510 34 139 34
-2.4375 -2.5000 5.3220 34 139 34
-19.2500 18.5000 5.1670 180 120 60
1.0000 -20.0000 6.9820 220 50 50
-24.4375 16.5000 6.2010 220 50 50
-24.6875 -24.0000 17.3780 34 139 34
12.4375 9.0000 6.3130 180 120 60
16.4375 19.0000 13.0640 34 139 34
19.2500 -18.5000 3.6800 34 139 34
-3.0000 -16.5000 14.6590 34 139 34
12.8125 -13.0000 4.0900 34 139 34
6.1875 -21.0000 21.9440 34 139 34
-1.3750 9.0000 5.8150 180 120 60
17.7500 11.0000 3.1830 180 120 60
-15.1875 -3.0000 3.1140 180 120 60
-1.3125 0.0000 17.2170 34 139 34
-8.4375 -2.0000 3.0740 180 120 60
-23.6250 -6.5000 3.3090 180 120 60
17.6250 11.0000 3.1930 180 120 60
-7.4375 -18.0000 3.2770 180 120 60
7.7500 -13.0000 17.4240 34 139 34
-13.8750 1.5000 3.0120 180 120 60
22.8750 15.0000 11.7250 34 139 34
17.1250 16.5000 17.4200 34 139 34
23.8125 14.5000 0.2760 30 144 255
16.3750 -24.0000 5.3060 34 139 34
-6.2500 -14.0000 3.0930 180 120 60
23.7500 22.0000 9.5080 34 139 34
-15.9375 5.0000 2.9290 180 120 60
10.8750 -12.0000 4.8700 34 139 34
-19.6875 -21.0000 20.3980 34 139 34
-15.3125 -11.0000 3.2760 180 120 60
24.4375 22.0000 8.7120 34 139 34
-22.4375 21.5000 5.1500 180 120 60
10.1250 -1.5000 9.8800 34 139 34
0.8125 -19.5000 7.1260 220 50 50
-21.2500 22.5000 5.2140 180 120 60
5.0000 12.0000 6.0480 180 120 60
-8.9375 -22.5000 3.4560 180 120 60
2.8125 10.5000 6.0320 180 120 60
11.5625 19.5000 8.3790 34 139 34
21.7500 -22.5000 3.6000 34 139 34
-8.0625 25.0000 5.0490 180 120 60
6.5625 22.5000 3.6650 180 120 60
16.0625 21.5000 16.0820 34 139 34
-13.1875 5.5000 2.9360 180 120 60
7.1875 -14.5000 19.4250 34 139 34
24.6250 -19.5000 3.1440 180 120 60
-22.0625 -19.5000 20.8070 34 139 34
-24.5625 21.0000 6.6160 34 139 34
-3.7500 -9.0000 13.1640 34 139 34
-21.9375 23.0000 5.2330 180 120 60
-23.5625 1.5000 2.9630 180 120 60
-3.0000 -22.0000 6.3680 34 139 34
-20.5625 -11.0000 3.3830 180 120 60
-5.3750 -23.0000 3.5100 180 120 60
3.1250 -20.0000 6.5730 220 50 50
-2.1875 13.0000 5.7800 180 120 60
-10.3750 25.5000 8.8610 34 139 34
-14.5625 -7.5000 3.1670 180 120 60
3.5625 -11.5000 14.2060 34 139 34
-0.8125 -15.0000 16.8730 34 139 34
13.1250 25.0000 16.5520 34 139 34
-4.6875 21.5000 9.1580 34 139 34
-12.6875 -17.0000 3.3930 180 120 60
24.3125 -12.5000 2.8150 180 120 60
21.0625 14.5000 15.2780 34 139 34
-1.6875 19.5000 12.0570 34 139 34
0.5625 4.0000 13.3660 34 139 34
-19.1250 -3.5000 3.1910 180 120 60
19.5000 -13.0000 2.6700 34 139 34
-2.2500 -18.5000 15.0690 34 139 34
5.5000 8.0000 7.3270 128 128 128
7.3750 -4.0000 13.8930 34 139 34
-12.1875 -8.5000 3.1750 180 120 60
-21.7500 17.5000 6.3310 34 139 34
-24.1875 21.0000 5.4430 34 139 34
9.1250 -15.5000 16.7030 34 139 34
20.5000 -21.5000 3.3160 34 139 34
7.8125 5.0000 6.1740 180 120 60
-9.8125 -24.0000 3.6510 180 120 60
7.8750 -19.5000 21.6220 34 139 34
7.8125 7.0000 7.3580 128 128 128
18.6875 -17.5000 5.4750 34 139 34
-0.1250 0.5000 15.4370 34 139 34
1.5625 -3.5000 4.7020 34 139 34
19.5000 -16.5000 7.1530 34 139 34
-21.5000 -13.0000 3.3650 180 120 60
-18.6250 9.5000 2.8630 180 120 60
1.0000 -22.5000 6.9290 220 50 50
-22.4375 -5.5000 3.2210 180 120 60
16.0625 22.5000 14.7140 34 139 34
-19.1875 -21.0000 19.0620 34 139 34
-15.1250 20.0000 5.3920 180 120 60
6.1250 0.0000 13.1170 34 139 34
8.1250 -5.5000 10.2870 34 139 34
-6.7500 12.0000 5.7310 180 120 60
16.5625 5.0000 6.4420 255 165 0
2.6875 6.0000 12.3540 34 139 34
20.3125 23.0000 8.1320 34 139 34
5.1250 12.5000 6.0070 180 120 60
23.0000 21.0000 11.1130 34 139 34
8.1250 -2.5000 14.6660 34 139 34
18.1875 24.0000 9.6940 34 139 34
-6.1875 -4.0000 3.0970 180 120 60
6.8750 -6.0000 14.3930 34 139 34
2.9375 -20.5000 6.5860 220 50 50
-7.1250 -6.0000 5.4220 128 128 128
7.4375 -6.5000 12.8090 34 139 34
-17.8750 -8.0000 3.2470 180 120 60
-10.3750 0.5000 2.9870 180 120 60
24.0625 15.5000 11.1430 34 139 34
7.5000 -16.5000 17.1490 34 139 34
22.6875 -4.0000 6.6100 255 165 0
-10.9375 -5.0000 3.1800 180 120 60
-15.4375 8.5000 7.2160 34 139 34
9.6875 -11.0000 3.3960 34 139 34
1.4375 -15.0000 13.2760 34 139 34
8.8125 -10.5000 11.3660 34 139 34
-17.6875 -17.5000 3.4910 180 120 60
1.3125 6.0000 12.3220 34 139 34
-18.9375 -20.5000 16.1990 34 139 34
-10.8750 20.0000 5.4530 180 120 60
-24.0000 -8.0000 3.2920 180 120 60
-16.3125 -20.5000 3.2470 180 120 60
18.5625 -11.5000 1.7330 34 139 34
20.2500 18.0000 17.3840 34 139 34
-1.3125 3.5000 15.4470 34 139 34
2.8750 22.5000 9.6450 34 139 34
11.5000 -10.0000 5.9510 34 139 34
-22.0625 -0.5000 3.1180 180 120 60
-0.5000 24.0000 10.3560 34 139 34
21.0000 3.0000 6.5060 255 165 0
1.5625 17.0000 10.8410 34 139 34
17.9375 8.5000 5.1730 34 139 34
0.7500 8.0000 5.9130 180 120 60
-14.2500 17.0000 5.4810 180 120 60
-4.5000 -6.5000 3.0970 180 120 60
-14.5000 14.5000 5.6620 34 139 34
-6.1250 -14.5000 10.5460 34 139 34
-12.1250 -23.0000 5.4220 34 139 34
-15.2500 -11.5000 3.2670 180 120 60
0.1250 -9.0000 14.8540 34 139 34
-24.6875 4.5000 2.9360 180 120 60
-21.3125 22.0000 5.1840 180 120 60
-10.8125 15.5000 5.5890 180 120 60
7.7500 -23.0000 10.3230 34 139 34
15.8750 23.5000 13.6890 34 139 34
17.0625 -0.5000 6.5410 255 165 0
-11.5000 9.0000 6.2410 34 139 34
8.6250 -15.0000 16.7280 34 139 34
-24.1250 -15.0000 7.0610 34 139 34
14.3750 3.0000 6.3930 255 165 0
0.9375 -21.0000 7.0460 220 50 50
-7.2500 5.0000 3.3980 34 139 34
-19.1875 10.5000 2.9670 180 120 60
-24.0625 -22.0000 17.8310 34 139 34
19.8125 -0.5000 6.4950 255 165 0
0.6875 8.0000 5.9700 34 139 34
-0.3125 10.0000 5.9180 180 120 60
10.0625 2.5000 6.1720 180 120 60
8.3125 -16.5000 16.3840 34 139 34
-13.5625 -21.5000 5.7340 34 139 34
4.5625 -22.0000 7.9170 34 139 34
-23.5000 22.5000 5.1380 180 120 60
17.4375 -20.5000 2.4720 34 139 34
5.0000 -22.0000 21.4610 34 139 34
8.9375 -13.5000 10.9600 34 139 34
-0.5625 8.0000 9.9900 34 139 34
16.1250 -20.0000 2.4910 34 139 34
-8.8750 17.5000 5.6440 180 120 60
-9.1250 -23.5000 3.5670 180 120 60
11.5625 20.0000 3.6270 180 120 60
22.3750 -7.5000 2.9130 34 139 34
-1.7500 -2.5000 8.3590 34 139 34
4.1250 5.0000 5.6000 180 120 60
-9.6250 7.0000 6.3910 34 139 34
-14.7500 5.0000 2.9700 180 120 60
11.5000 19.5000 7.9070 34 139 34
14.3125 21.5000 15.8360 34 139 34
-18.1875 -18.5000 14.3450 34 139 34
17.5000 -24.5000 3.0180 34 139 34
3.0625 3.0000 10.9970 34 139 34
-13.2500 0.5000 3.0340 180 120 60
-12.7500 18.0000 5.5480 180 120 60
1.5625 -21.0000 6.8830 220 50 50
-18.6875 22.0000 5.2990 180 120 60
-19.5000 22.0000 5.3090 180 120 60
2.3125 7.0000 8.9560 34 139 34
15.3125 25.0000 16.6970 34 139 34
-1.0000 -19.0000 14.3860 34 139 34
4.8750 -11.0000 7.4730 34 139 34
9.5625 -17.5000 8.4410 34 139 34
3.0000 -1.0000 10.9950 34 139 34
1.7500 -20.5000 6.8660 220 50 50
5.9375 -23.5000 7.5130 34 139 34
-14.8125 -22.5000 6.4860 34 139 34
18.1250 15.0000 15.3870 34 139 34
-22.1250 14.0000 7.8320 34 139 34
-20.2500 3.5000 2.9950 180 120 60
5.1250 -14.0000 16.9150 34 139 34
19.8125 -16.0000 5.0170 34 139 34
-24.2500 -20.5000 8.3470 34 139 34
-22.1250 4.5000 2.9840 180 120 60
-22.6250 -7.0000 3.3370 180 120 60
-1.9375 11.0000 5.9000 180 120 60
14.2500 -24.5000 5.7420 34 139 34
7.8125 12.5000 10.6150 34 139 34
-7.8125 -4.5000 3.1160 180 120 60
12.1875 5.0000 6.3500 180 120 60
-3.7500 -20.5000 3.4140 180 120 60
13.2500 9.5000 6.4670 180 120 60
-10.1875 -7.5000 3.1790 180 120 60
12.7500 18.5000 8.9600 34 139 34
15.2500 -15.5000 3.2610 34 139 34
-13.8750 7.5000 5.1800 34 139 34
1.5625 2.0000 18.9800 34 139 34
-7.9375 -1.0000 3.0250 180 120 60
-9.9375 -7.5000 3.0430 180 120 60
-0.5625 -1.5000 5.2150 34 139 34
-5.5625 3.0000 14.9600 34 139 34
-15.3750 -2.5000 3.1030 180 120 60
-21.9375 -16.0000 3.3250 180 120 60
-18.2500 10.5000 5.3240 34 139 34
20.1875 -5.0000 1.8080 34 139 34
5.7500 -11.5000 16.1430 34 139 34
-13.0000 9.5000 6.4190 34 139 34
-16.4375 -19.0000 3.3420 180 120 60
-15.3750 7.0000 8.1730 34 139 34
10.4375 -12.0000 5.1620 34 139 34
9.5000 -7.0000 9.2500 34 139 34
-8.0000 1.5000 3.0170 180 120 60
1.3125 12.5000 5.9190 180 120 60
-13.6875 -1.0000 3.0950 180 120 60
-5.3125 -7.5000 3.0920 180 120 60
-19.9375 23.5000 5.2660 180 120 60
17.2500 21.0000 4.9910 34 139 34
4.5625 -17.5000 15.5520 34 139 34
-4.1875 -23.0000 6.3730 34 139 34
9.6250 -2.0000 12.9560 34 139 34
-1.1250 21.0000 13.4570 34 139 34
-6.6875 13.5000 5.7620 180 120 60
19.3125 20.5000 6.5750 34 139 34
6.3125 -12.5000 13.4000 34 139 34
-19.3750 22.5000 5.3150 180 120 60
4.7500 22.0000 8.9690 34 139 34
-1.8125 -2.0000 4.8780 34 139 34
16.3750 11.5000 10.1670 34 139 34
-24.6250 -22.0000 17.6260 34 139 34
-3.8750 5.5000 18.3550 34 139 34
0.4375 -19.5000 3.8860 180 120 60
12.3750 16.0000 12.9570 34 139 34
4.1875 11.5000 6.0670 180 120 60
-3.9375 -9.0000 3.0390 180 120 60
-10.9375 -22.5000 3.4930 180 120 60
12.6875 8.5000 6.3110 180 120 60
-13.6875 -3.0000 3.0960 180 120 60
9.6250 10.0000 6.2000 180 120 60
-23.3125 -16.0000 11.9530 34 139 34
19.6875 23.0000 5.4600 34 139 34
-5.0625 21.5000 8.8950 34 139 34
9.4375 -15.5000 11.7470 34 139 34
-18.0000 5.5000 4.7570 34 139 34
-8.0625 6.5000 6.5280 34 139 34
7.6250 -8.0000 11.6600 34 139 34
-8.1250 11.0000 5.1220 180 120 60
-21.1250 6.5000 2.8290 180 120 60
5.1250 5.5000 6.0090 180 120 60
22.3125 -10.0000 1.9650 180 120 60
4.2500 -16.0000 17.4910 34 139 34
7.9375 8.0000 6.2480 180 120 60
20.0625 19.5000 15.3120 34 139 34
-23.0625 -2.5000 3.1970 180 120 60
-16.9375 -2.0000 3.0570 180 120 60
-22.1250 0.5000 3.0930 180 120 60
-6.1250 -23.5000 5.1760 220 50 50
-5.5000 -17.0000 15.0910 34 139 34
-13.6875 2.5000 3.0230 180 120 60
4.3750 24.0000 3.6610 180 120 60
13.1875 -15.5000 6.7860 34 139 34
20.0625 16.0000 1.5080 34 139 34
-7.7500 -16.5000 3.2350 180 120 60
24.3750 9.0000 19.1880 34 139 34
-17.7500 -21.0000 15.1590 34 139 34
-12.2500 -9.0000 3.1730 180 120 60
-0.8750 3.0000 16.2530 34 139 34
-16.6250 5.5000 7.1700 34 139 34
-11.7500 -13.5000 3.2820 180 120 60
-3.7500 -3.0000 3.0070 180 120 60
-3.8125 15.5000 5.7870 180 120 60
11.7500 8.5000 6.3100 180 120 60
1.8750 -13.5000 14.4450 34 139 34
20.6875 2.0000 6.4070 255 165 0
-6.8750 -16.0000 13.6640 34 139 34
9.0000 -8.5000 13.1330 34 139 34
14.5000 -14.5000 5.3330 34 139 34
-1.2500 22.0000 11.8730 34 139 34
-15.9375 -16.0000 3.4720 180 120 60
15.6875 -16.5000 7.6130 34 139 34
24.8125 0.0000 6.5600 255 165 0
-13.6875 -23.0000 3.8500 180 120 60
4.0625 -19.0000 17.7830 34 139 34
22.2500 -4.0000 1.9750 180 120 60
11.2500 -8.0000 6.6230 34 139 34
-3.0625 -17.5000 14.2450 34 139 34
-6.6875 -0.5000 2.9820 180 120 60
1.2500 11.0000 6.0000 180 120 60
5.0000 -4.0000 9.6420 34 139 34
16.3750 7.5000 6.5330 255 165 0
-4.1875 -17.0000 14.6870 34 139 34
-13.7500 3.5000 2.9960 180 120 60
-0.6250 -18.5000 14.2740 34 139 34
-2.0625 19.5000 12.2110 34 139 34
-1.8750 -17.0000 16.3170 34 139 34
5.5625 -3.5000 14.3430 34 139 34
10.1875 -16.0000 9.3380 34 139 34
15.0625 -18.0000 7.7040 34 139 34
-14.0625 16.0000 5.4750 180 120 60
7.6250 -19.5000 22.2390 34 139 34
-24.1250 -2.0000 3.2000 180 120 60
-6.0625 6.0000 6.0850 34 139 34
21.5625 0.5000 6.5240 255 165 0
-23.4375 -4.5000 3.3130 180 120 60
-1.9375 5.5000 18.1380 34 139 34
-9.0625 -13.0000 3.1800 180 120 60
-7.7500 0.5000 3.0020 180 120 60
-20.5000 5.5000 2.9610 180 120 60
7.4375 2.0000 5.3630 180 120 60
23.3750 10.0000 12.4400 34 139 34
7.6250 -6.5000 10.5760 34 139 34
13.1250 9.5000 6.4990 180 120 60
-13.5000 -14.0000 3.3480 180 120 60
5.0000 -21.0000 5.3570 34 139 34
2.4375 23.0000 9.3630 34 139 34
-15.0625 15.0000 5.1170 180 120 60
7.9375 -2.5000 14.4140 34 139 34
-23.2500 11.5000 3.0390 180 120 60
16.8125 -21.5000 2.6380 34 139 34
-17.7500 -17.5000 13.1630 34 139 34
8.1250 -8.5000 7.4910 34 139 34
-12.3125 -2.0000 3.1160 180 120 60
11.0625 -15.5000 8.7660 34 139 34
-23.4375 8.0000 2.9220 180 120 60
-16.3750 -7.0000 3.2420 180 120 60
-23.4375 -24.0000 20.5280 34 139 34
1.3125 15.0000 5.8470 180 120 60
9.4375 17.5000 11.1930 34 139 34
-19.3125 -9.5000 3.3280 180 120 60
7.6875 19.5000 11.2280 34 139 34
11.6875 20.0000 6.7590 34 139 34
6.2500 15.0000 11.0780 34 139 34
-21.6250 -18.5000 3.5600 34 139 34
3.1875 19.5000 11.5110 34 139 34
-1.2500 5.0000 17.5010 34 139 34
17.3750 -0.5000 6.5630 255 165 0
-0.1875 -2.0000 5.2650 34 139 34
21.2500 -20.0000 3.1270 34 139 34
-0.5000 11.0000 6.0080 180 120 60
-2.7500 4.5000 16.5740 34 139 34
11.2500 15.0000 9.6220 34 139 34
-5.1875 -22.0000 3.4130 180 120 60
-20.6250 -1.0000 3.1060 180 120 60
-21.8750 19.0000 6.2690 34 139 34
18.1875 16.5000 17.3990 34 139 34
20.1250 -9.0000 2.5950 34 139 34
19.1875 16.0000 13.7550 34 139 34
3.8125 3.0000 17.6210 34 139 34
23.8750 -15.0000 2.5290 34 139 34
23.5625 2.5000 19.9830 34 139 34
14.5625 2.5000 6.3680 255 165 0
-12.3750 12.0000 4.8980 34 139 34
15.8125 14.5000 11.6400 34 139 34
4.3125 -14.0000 18.5790 34 139 34
-13.1875 -10.5000 3.2620 180 120 60
24.3125 7.5000 17.4840 34 139 34
18.3750 6.5000 6.5560 255 165 0
2.9375 13.0000 5.8940 180 120 60
21.8125 8.5000 16.1880 34 139 34
11.8125 0.0000 1.6480 180 120 60
5.6875 -7.0000 6.3540 34 139 34
-3.8125 -4.5000 3.0900 180 120 60
-8.2500 -2.0000 3.1160 180 120 60
-0.9375 3.5000 17.8570 34 139 34
9.3125 -20.5000 1.9740 34 139 34
-5.2500 2.5000 12.4140 34 139 34
-20.5625 9.5000 2.9540 180 120 60
-4.5000 1.5000 8.8780 34 139 34
-3.6875 -0.5000 3.2390 180 120 60
-22.4375 -13.5000 3.4120 180 120 60
-4.5625 -12.5000 13.7600 34 139 34
-8.5000 8.5000 5.8990 34 139 34
-16.6875 4.0000 2.9110 180 120 60
23.7500 -2.0000 6.5340 255 165 0
-2.9375 14.0000 5.8970 180 120 60
20.1875 11.5000 10.5230 34 139 34
-23.6250 -22.5000 20.3030 34 139 34
-6.1250 6.0000 7.0470 34 139 34
12.0000 16.0000 11.0680 34 139 34
-5.6250 1.5000 4.1490 34 139 34
10.0000 0.0000 7.7990 34 139 34
21.3750 11.5000 12.4150 34 139 34
24.9375 -17.5000 3.5900 34 139 34
16.1250 22.5000 11.2010 34 139 34
-16.6875 -18.0000 3.4300 180 120 60
3.1250 3.5000 17.1430 34 139 34
17.1875 4.5000 6.4550 255 165 0
4.0000 5.5000 14.7230 34 139 34
-1.5000 -10.5000 16.5630 34 139 34
1.4375 5.0000 15.0370 34 139 34
11.5000 -15.5000 7.8010 34 139 34
21.0625 -1.0000 6.4620 255 165 0
-2.3750 19.5000 9.6400 34 139 34
-15.5625 -7.5000 3.2760 180 120 60
-14.8750 10.0000 6.4060 34 139 34
2.3750 2.5000 17.7810 34 139 34
-23.5625 8.5000 2.9050 180 120 60
24.5000 -13.0000 2.7910 34 139 34
-5.1250 1.0000 4.3780 34 139 34
-1.4375 1.5000 15.2830 34 139 34
-20.0000 12.5000 5.5080 34 139 34
-12.5625 24.5000 7.6910 34 139 34
-20.6250 7.0000 2.9530 180 120 60
21.6250 -20.5000 2.9290 34 139 34
23.1875 7.0000 18.7600 34 139 34
1.2500 -5.5000 9.4040 34 139 34
-24.0000 -2.5000 3.1550 180 120 60
8.3125 -8.5000 13.6460 34 139 34
0.5625 -14.0000 16.5800 34 139 34
-2.7500 -22.5000 6.0810 34 139 34
-17.0625 -3.0000 3.0600 180 120 60
16.3125 1.5000 6.4270 255 165 0
1.6250 -16.5000 13.1510 34 139 34
3.1875 0.5000 14.8560 34 139 34
-3.8125 9.0000 7.5220 34 139 34
-11.0000 10.0000 3.6490 180 120 60
19.5000 2.5000 6.5100 255 165 0
2.6875 22.0000 9.4090 34 139 34
8.5000 -12.5000 16.3340 34 139 34
2.6250 -20.0000 6.6680 220 50 50
10.1250 -4.0000 9.6680 34 139 34
15.7500 5.5000 6.4280 255 165 0
-3.0625 -24.0000 6.5830 34 139 34
7.8750 -8.5000 15.9110 34 139 34
-9.5625 24.5000 8.2910 34 139 34
3.2500 3.0000 6.3410 34 139 34
24.3750 17.0000 5.5550 34 139 34
6.5625 22.5000 7.9700 34 139 34
-24.3125 -23.0000 17.8480 34 139 34
12.0625 11.0000 9.8140 34 139 34
4.7500 -0.5000 12.5400 34 139 34
-9.6875 -21.5000 3.4480 180 120 60
3.1250 -1.0000 6.3610 34 139 34
-14.3750 -11.5000 3.3000 180 120 60
-2.6250 13.0000 5.8720 180 120 60
3.1250 12.0000 6.0560 180 120 60
0.8750 4.5000 13.0520 34 139 34
-15.9375 -14.0000 3.3590 180 120 60
-17.5000 -23.5000 3.4980 180 120 60
22.6250 -22.0000 3.5850 34 139 34
17.1875 9.5000 7.2790 34 139 34
4.2500 -14.0000 18.5220 34 139 34
-13.5000 -12.0000 3.2140 180 120 60
-18.6250 6.0000 2.9090 180 120 60
24.0000 13.0000 11.4770 34 139 34
8.5625 -20.5000 2.8630 34 139 34
22.1250 13.0000 12.6720 34 139 34
21.4375 17.0000 17.4710 34 139 34
25.1875 0.5000 13.0460 34 139 34
-12.0625 2.0000 2.9780 180 120 60
-10.5000 19.0000 5.5000 180 120 60
-2.0000 -19.0000 14.9290 34 139 34
20.6875 15.5000 17.1620 34 139 34
-7.7500 18.0000 5.5250 180 120 60
13.2500 12.0000 9.9680 34 139 34
22.6250 3.0000 6.4860 255 165 0
8.8750 -17.5000 11.1620 34 139 34
-0.1250 -7.0000 3.2280 180 120 60
-6.5000 -12.5000 3.1520 180 120 60
-11.5625 11.5000 12.2530 34 139 34
23.5625 -23.5000 3.8030 34 139 34
19.7500 -21.0000 3.2010 34 139 34
-11.0625 13.0000 5.9940 34 139 34
0.0000 16.5000 9.3890 34 139 34
-7.1875 -19.5000 3.3790 180 120 60
-12.0000 8.5000 6.3070 34 139 34
-12.8125 -6.0000 3.1650 180 120 60
-15.1875 -20.5000 3.3130 180 120 60
-20.6250 2.0000 2.9650 180 120 60
-3.6875 -4.5000 3.0080 180 120 60
-12.5625 2.0000 3.0720 180 120 60
-19.0000 23.5000 5.3120 180 120 60
-16.6875 4.5000 2.9890 180 120 60
20.8750 -4.0000 1.2950 34 139 34
0.6250 -8.0000 3.7260 34 139 34
8.3750 -19.0000 7.9910 34 139 34
-0.0625 -12.5000 17.5830 34 139 34
5.7500 -11.5000 16.1760 34 139 34
24.8125 2.5000 19.4630 34 139 34
-21.7500 -24.0000 19.2230 34 139 34
-22.3750 18.0000 5.1380 34 139 34
-5.6250 1.5000 4.1470 34 139 34
-4.6875 -5.5000 3.0860 180 120 60
22.5000 -6.5000 2.9850 34 139 34
1.0625 -11.0000 16.8000 34 139 34
-12.0625 -1.5000 3.0490 180 120 60
3.6875 -1.5000 6.4690 34 139 34
-3.3125 23.0000 10.7190 34 139 34
6.2500 -1.5000 8.9990 34 139 34
17.8125 -24.0000 3.1070 34 139 34
2.1875 -18.0000 3.9160 180 120 60
8.2500 -12.5000 7.8300 34 139 34
-21.6250 -9.0000 3.3410 180 120 60
-11.8125 -3.0000 3.1090 180 120 60
7.0000 -20.0000 22.0190 34 139 34
1.3750 23.0000 8.9190 34 139 34
-14.5000 -11.0000 3.2660 180 120 60
15.5000 22.0000 15.6650 34 139 34
-1.5625 -17.5000 13.2220 34 139 34
-12.8750 -15.0000 3.3330 180 120 60
-3.5625 3.0000 18.9690 34 139 34
-13.9375 -3.0000 3.0430 180 120 60
-23.8125 22.5000 5.1030 180 120 60
5.8125 20.5000 10.1240 34 139 34
0.3750 2.5000 18.0210 34 139 34
-17.6250 4.5000 2.9390 180 120 60
-21.1250 -13.5000 3.4070 180 120 60
-18.6250 -2.5000 3.1070 180 120 60
9.9375 -3.5000 9.5760 34 139 34
10.8125 -6.5000 1.0410 180 120 60
-19.2500 4.5000 2.9590 180 120 60
-12.1250 17.0000 5.5480 180 120 60
-11.9375 -9.5000 3.2250 180 120 60
14.8125 21.5000 15.9350 34 139 34
15.4375 21.5000 16.0490 34 139 34
20.5000 -12.5000 2.6260 34 139 34
-24.5625 21.0000 8.7820 34 139 34
23.0000 3.0000 6.5140 255 165 0
-2.9375 4.5000 17.9810 34 139 34
12.7500 20.5000 7.3810 34 139 34
17.8750 11.5000 5.7660 34 139 34
18.7500 18.5000 7.5400 34 139 34
5.9375 13.5000 6.1350 180 120 60
-5.8125 13.5000 5.8040 180 120 60
23.6250 0.0000 6.5030 255 165 0
1.9375 10.5000 6.0560 180 120 60
-8.0625 8.5000 4.1370 34 139 34
-11.1875 15.0000 5.6110 180 120 60
7.1875 17.0000 11.1900 34 139 34
24.5625 23.5000 0.1600 30 144 255
5.0625 -4.0000 13.7360 34 139 34
-17.2500 -4.5000 3.2140 34 139 34
6.6875 3.5000 5.5600 180 120 60
-16.7500 -19.5000 14.1480 34 139 34
-23.7500 2.5000 2.9710 180 120 60
-13.8750 5.0000 2.9430 180 120 60
-3.1875 15.5000 5.7360 180 120 60
5.5000 6.5000 6.1730 180 120 60
23.1250 -22.5000 3.7940 34 139 34
-21.1250 3.0000 2.9980 180 120 60
11.2500 7.5000 6.3480 180 120 60
25.1875 -18.5000 3.5330 180 120 60
8.3125 0.0000 11.0930 34 139 34
18.9375 -12.0000 2.4320 34 139 34
-4.8750 -14.0000 15.8380 34 139 34
-11.7500 -10.5000 3.2580 180 120 60
-20.7500 -22.0000 20.3460 34 139 34
-14.1250 -18.5000 3.2940 180 120 60
-2.9375 1.5000 14.5840 34 139 34
4.8750 -22.0000 19.9950 34 139 34
-16.3750 -6.5000 3.2270 180 120 60
-7.4375 -16.0000 12.8680 34 139 34
-10.2500 -12.5000 3.2310 180 120 60
-8.8750 -6.0000 3.0440 180 120 60
-5.5625 20.0000 10.7960 34 139 34
-24.3125 14.0000 5.1130 34 139 34
24.5000 -2.5000 6.5440 255 165 0
17.6875 24.5000 9.7350 34 139 34
25.1250 -22.0000 6.9000 34 139 34
-18.5000 -23.0000 11.9270 34 139 34
19.3750 -1.0000 6.5370 255 165 0
21.9375 6.5000 15.0710 34 139 34
-9.3750 -19.5000 3.2980 180 120 60
-16.5000 0.5000 3.0280 180 120 60
3.3750 -13.0000 13.1210 34 139 34
2.3125 1.0000 19.1500 34 139 34
20.6875 -1.5000 6.5390 255 165 0
-24.5000 -21.0000 14.4340 34 139 34
8.4375 -1.0000 14.5100 34 139 34
-19.8750 9.5000 3.0130 180 120 60
7.4375 -17.5000 20.6680 34 139 34
-0.2500 0.5000 15.4240 34 139 34
-5.1250 -18.0000 7.0140 220 50 50
5.4375 -15.0000 19.6290 34 139 34
7.8750 -19.0000 18.1980 34 139 34
-20.2500 22.0000 5.2700 180 120 60
4.5000 23.0000 7.6980 34 139 34
20.7500 -24.0000 3.6650 34 139 34
18.2500 -18.0000 5.4150 34 139 34
-22.6250 25.5000 5.2570 180 120 60
-13.5625 -15.0000 3.3580 180 120 60
13.9375 18.5000 7.5070 34 139 34
-23.3750 -4.0000 3.2860 180 120 60
21.6875 22.0000 9.5820 34 139 34
-0.0625 -19.5000 11.9810 34 139 34
18.1875 7.5000 6.5460 255 165 0
-5.6250 22.0000 10.4750 34 139 34
22.6250 21.5000 11.5700 34 139 34
11.4375 -5.5000 0.8460 180 120 60
21.8750 -12.5000 2.8970 34 139 34
-23.4375 23.5000 5.0720 180 120 60
-13.9375 9.0000 3.0600 180 120 60
-18.2500 18.0000 5.2370 180 120 60
-20.4375 23.5000 5.2680 180 120 60
23.8750 18.5000 8.5680 34 139 34
-24.5625 -11.0000 3.3750 180 120 60
-12.8125 -12.5000 3.2720 180 120 60
6.6250 2.0000 9.1200 34 139 34
20.9375 23.0000 8.3370 34 139 34
20.6875 -18.5000 2.5040 34 139 34
-6.1250 -19.5000 6.4050 220 50 50
21.3750 -22.0000 3.7250 34 139 34
19.7500 -15.0000 2.7110 34 139 34
-10.1250 1.0000 3.0670 180 120 60
4.6250 5.5000 13.8870 34 139 34
-19.6250 -21.0000 20.3230 34 139 34
21.8750 20.0000 8.0300 34 139 34
12.1875 -1.5000 0.7740 180 120 60
-20.3125 -3.5000 3.1820 180 120 60
-10.0625 24.0000 8.8620 34 139 34
-5.9375 14.5000 5.7960 180 120 60
-16.1250 -23.5000 10.7490 34 139 34
16.2500 4.0000 6.4690 255 165 0
-23.3125 -22.0000 15.0010 34 139 34
-17.5625 1.5000 3.0550 180 120 60
22.6250 15.5000 13.0920 34 139 34
-4.1250 13.0000 5.9170 180 120 60
-9.6250 19.5000 5.4660 180 120 60
9.2500 -9.5000 12.9410 34 139 34
-21.8125 21.0000 5.2680 180 120 60
-13.4375 -6.5000 3.1760 180 120 60
-15.5000 1.5000 3.0320 180 120 60
-0.0625 16.5000 9.4590 34 139 34
7.4375 -4.0000 9.8570 34 139 34
-0.6250 -3.5000 3.2480 180 120 60
23.3125 -1.0000 6.5530 255 165 0
-0.4375 -5.0000 3.2620 180 120 60
-3.8750 11.5000 5.8820 180 120 60
-15.2500 10.0000 6.3590 34 139 34
-7.2500 -15.5000 3.1440 180 120 60
22.3750 -13.5000 2.8920 34 139 34
-1.9375 -23.0000 5.1270 34 139 34
25.1875 -7.0000 5.9100 180 120 60
15.0000 -23.5000 5.9290 34 139 34
0.8750 0.5000 12.7550 34 139 34
-3.3750 14.5000 5.8880 180 120 60
18.6875 -17.0000 5.8180 34 139 34
-9.4375 -1.0000 2.9910 180 120 60
-23.3750 -14.5000 3.3190 180 120 60
-21.7500 -16.0000 6.0630 34 139 34
-23.1875 -9.0000 3.3590 180 120 60
-3.5625 -13.0000 16.1970 34 139 34
24.5000 -13.5000 2.6870 34 139 34
4.0000 24.5000 3.6210 180 120 60
-4.2500 21.5000 11.1880 34 139 34
-20.3750 -9.0000 3.2870 180 120 60
0.8125 15.5000 9.0570 34 139 34
-0.0625 24.5000 9.8870 34 139 34
21.6250 23.5000 2.3720 34 139 34
-4.6875 -19.0000 13.8020 34 139 34
-15.8125 -10.0000 3.2780 180 120 60
5.8750 9.0000 6.1760 180 120 60
11.6250 -4.5000 1.9480 34 139 34
12.3125 -3.5000 0.9140 30 144 255
21.7500 20.5000 8.0530 34 139 34
-4.3750 8.0000 5.0520 180 120 60
-22.0000 -22.0000 19.3690 34 139 34
-2.8750 -21.0000 3.7460 180 120 60
23.8750 17.5000 12.5690 34 139 34
2.3125 8.5000 6.0710 180 120 60
-8.0000 -18.0000 3.3190 180 120 60
-0.8125 -13.0000 16.2960 34 139 34
-0.5625 12.5000 5.8400 180 120 60
-9.6875 9.5000 8.3240 34 139 34
1.1250 21.5000 10.2160 34 139 34
-21.9375 18.5000 6.1660 34 139 34
23.8125 6.5000 20.1100 34 139 34
8.4375 -16.5000 3.7100 34 139 34
-21.8125 -16.0000 12.9060 34 139 34
0.8125 24.0000 9.5820 34 139 34
-2.4375 -20.0000 15.4970 34 139 34
-13.0625 8.0000 7.2340 34 139 34
-22.3125 15.5000 7.7850 34 139 34
-1.5625 -22.5000 4.4360 34 139 34
24.9375 22.0000 5.3930 34 139 34
10.0000 1.0000 7.5060 34 139 34
8.7500 20.0000 10.3100 34 139 34
19.1250 17.0000 15.9590 34 139 34
-4.9375 19.0000 9.7890 34 139 34
-24.2500 -15.0000 8.4070 34 139 34
4.4375 0.0000 15.4680 34 139 34
5.5000 -14.5000 17.6090 34 139 34
-5.3750 19.0000 9.9880 34 139 34
8.0000 -22.5000 5.5370 34 139 34
13.6875 22.0000 14.2180 34 139 34
1.1250 2.0000 18.2050 34 139 34
-16.1875 13.5000 6.3220 34 139 34
17.1250 -23.0000 1.8090 180 120 60
7.7500 -9.0000 6.0270 34 139 34
-19.8125 7.0000 2.9570 180 120 60
12.1875 14.0000 10.9350 34 139 34
-18.3750 25.5000 5.1740 180 120 60
-11.4375 21.0000 5.4180 180 120 60
-22.0625 17.5000 7.6080 34 139 34
-20.1250 24.0000 5.2330 180 120 60
24.1875 12.5000 16.0620 34 139 34
-13.0625 -4.0000 3.1180 180 120 60
5.6250 -22.0000 20.1090 34 139 34
16.5000 16.0000 17.5840 34 139 34
10.9375 2.0000 6.2250 180 120 60
24.1250 4.5000 18.8030 34 139 34
-1.7500 -2.5000 8.4520 34 139 34
-11.0000 14.0000 5.5400 180 120 60
-17.3750 12.0000 6.4790 34 139 34
22.6875 17.0000 13.9950 34 139 34
3.4375 13.5000 5.9380 180 120 60
4.2500 6.5000 6.1440 180 120 60
-14.9375 -17.0000 3.4090 180 120 60
10.3750 -2.0000 13.3450 34 139 34
5.5625 20.0000 10.7020 34 139 34
8.5625 -7.5000 14.1950 34 139 34
6.6875 -21.5000 21.8220 34 139 34
-7.7500 -21.0000 3.4370 180 120 60
15.1250 20.5000 15.9760 34 139 34
-15.3750 -8.0000 3.1810 180 120 60
-11.6875 -4.0000 3.1470 180 120 60
5.5000 5.0000 6.0130 180 120 60
9.4375 14.5000 10.6390 34 139 34
24.5625 -21.0000 3.3180 34 139 34
-12.4375 -6.5000 3.2070 180 120 60
16.3750 6.5000 6.4560 255 165 0
4.2500 -15.5000 17.3350 34 139 34
19.5625 -8.0000 1.8800 34 139 34
15.3125 7.5000 6.4460 180 120 60
-1.1875 -19.5000 12.7880 34 139 34
-21.3125 -13.5000 3.4310 180 120 60
13.0000 -22.5000 5.6610 34 139 34
9.1250 7.5000 6.2790 180 120 60
7.2500 -7.0000 15.7430 34 139 34
-24.4375 -15.5000 8.5960 34 139 34
19.2500 18.0000 16.2210 34 139 34
-17.6875 19.5000 5.3250 180 120 60
18.5000 -22.0000 3.1000 34 139 34
13.0625 21.5000 13.8170 34 139 34
-22.6875 16.0000 7.9580 34 139 34
4.6250 -6.5000 15.9800 34 139 34
-15.4375 -22.0000 6.7910 34 139 34
-1.3750 -13.5000 17.4250 34 139 34
-19.6875 -5.0000 3.2250 180 120 60
18.8750 -19.0000 4.3640 34 139 34
-19.0000 -20.5000 16.4050 34 139 34
-17.3750 -14.0000 3.3270 180 120 60
-19.5625 -18.5000 17.0310 34 139 34
-24.6250 7.0000 2.9750 180 120 60
23.5625 21.0000 0.2000 30 144 255
10.9375 -12.0000 4.9340 34 139 34
-2.3750 2.5000 17.4020 34 139 34
4.0625 -17.5000 18.0840 34 139 34
-5.4375 4.5000 14.8890 34 139 34
-18.5000 -22.0000 7.2710 34 139 34
10.5625 -7.5000 5.3860 34 139 34
20.7500 -21.5000 3.3470 34 139 34
22.7500 20.5000 11.0470 34 139 34
15.5625 -14.5000 5.8790 34 139 34
21.6250 13.0000 13.8320 34 139 34
8.6250 7.5000 7.3760 128 128 128
4.5000 -9.0000 14.4850 34 139 34
14.1250 -17.5000 3.7290 34 139 34
21.6875 18.5000 15.7440 34 139 34
13.6250 17.0000 12.5030 34 139 34
18.8750 0.0000 6.4650 255 165 0
3.2500 -24.5000 7.1550 34 139 34
-7.5000 -11.5000 3.1650 180 120 60
1.8750 0.5000 15.2610 34 139 34
2.1875 -11.0000 11.9290 34 139 34
-24.3125 21.0000 8.1390 34 139 34
-9.3125 0.5000 3.0290 180 120 60
23.3750 4.5000 19.1830 34 139 34
-20.8125 -23.0000 16.4230 34 139 34
22.6250 19.0000 14.1700 34 139 34
4.1875 -15.5000 18.3870 34 139 34
4.0625 -20.0000 21.1890 34 139 34
14.4375 16.5000 12.9590 34 139 34
22.7500 9.5000 17.6610 34 139 34
7.2500 -16.0000 17.4790 34 139 34
-15.0000 -20.5000 3.3670 180 120 60
4.6875 -19.0000 21.6660 34 139 34
15.3750 -18.0000 7.4080 34 139 34
6.0000 -8.0000 16.1250 34 139 34
-13.1250 10.5000 6.3420 34 139 34
4.4375 1.0000 15.8600 34 139 34
-22.4375 21.0000 5.2390 180 120 60
15.7500 -15.0000 4.7350 34 139 34
5.3125 16.5000 12.4970 34 139 34
-7.8125 17.0000 5.6770 180 120 60
-13.1250 -7.5000 3.2160 180 120 60
11.6875 25.0000 15.5860 34 139 34
-2.3750 -16.5000 11.6870 34 139 34
-15.7500 -12.0000 3.2860 180 120 60
-13.1250 -20.5000 3.3530 180 120 60
-2.9375 -21.0000 3.7420 180 120 60
20.1250 -16.5000 6.3950 34 139 34
-8.0625 3.5000 3.4890 34 139 34
7.6875 -5.5000 12.9520 34 139 34
13.1875 24.0000 14.2770 34 139 34
0.5625 -9.5000 14.9410 34 139 34
23.5000 -1.5000 6.5420 255 165 0
-24.6250 -22.0000 14.2850 34 139 34
-14.7500 10.5000 6.4220 34 139 34
-10.1875 -21.0000 3.3820 180 120 60
-22.5000 12.5000 3.0390 180 120 60
12.3125 0.5000 1.5350 180 120 60
4.7500 -21.0000 21.8650 34 139 34
10.3750 -4.0000 3.1650 34 139 34
-19.0625 -18.5000 3.3220 180 120 60
-16.6875 -7.0000 3.1640 180 120 60
-3.6250 9.5000 6.3390 34 139 34
-19.3125 -21.5000 16.6970 34 139 34
18.9375 23.0000 7.7820 34 139 34
10.5625 18.5000 8.9640 34 139 34
-0.2500 4.5000 14.6380 34 139 34
-2.5000 6.5000 15.1820 34 139 34
16.6875 14.5000 8.3130 34 139 34
-4.6875 -8.0000 3.0980 180 120 60
-7.1250 -23.0000 3.4420 180 120 60
-14.6875 14.0000 5.3990 34 139 34
24.3750 25.5000 0.0890 30 144 255
-21.1875 0.5000 3.0690 180 120 60
-19.6250 18.0000 5.6340 34 139 34
-16.2500 -5.5000 3.2200 180 120 60
3.5000 -15.5000 18.8720 34 139 34
8.8125 1.0000 12.7010 34 139 34
-23.4375 -21.5000 7.4480 34 139 34
-22.6875 25.0000 5.2320 180 120 60
-4.6875 -8.0000 3.1140 180 120 60
-1.6250 -2.5000 7.6800 34 139 34
-16.6250 24.5000 5.1750 180 120 60
1.0000 4.0000 10.2040 34 139 34
7.6875 -6.0000 10.5020 34 139 34
18.5000 -23.5000 3.3970 34 139 34
-11.5625 22.0000 5.4940 180 120 60
15.8750 23.0000 13.7130 34 139 34
-8.8750 19.5000 5.5090 180 120 60
-2.6250 0.5000 4.3320 34 139 34
15.9375 25.0000 7.2080 34 139 34
-24.1250 -12.5000 3.3280 180 120 60
2.8750 -2.5000 3.1240 180 120 60
-10.7500 -5.5000 3.1600 180 120 60
9.8750 -8.0000 7.7170 34 139 34
23.6250 -22.5000 3.8710 34 139 34
-19.6250 3.0000 2.9700 180 120 60
-20.4375 10.0000 2.9830 180 120 60
2.8125 24.5000 3.7190 180 120 60
21.1875 -19.5000 2.4450 180 120 60
3.0625 -2.0000 6.2560 34 139 34
-20.0000 12.0000 3.0150 180 120 60
2.7500 -15.5000 16.6720 34 139 34
-3.5000 17.5000 5.7220 180 120 60
17.8125 1.0000 6.3880 255 165 0
3.6875 0.5000 16.3780 34 139 34
17.3125 13.0000 7.2880 34 139 34
5.6875 -5.0000 12.5790 34 139 34
23.7500 -23.5000 3.7450 34 139 34
-10.3750 23.0000 5.5090 180 120 60
17.6875 12.0000 5.9270 34 139 34
-5.2500 1.5000 9.7770 34 139 34
-4.9375 3.5000 15.2360 34 139 34
-1.2500 -22.0000 4.2260 34 139 34
-3.4375 -24.0000 6.6060 34 139 34
8.5000 -3.5000 11.8290 34 139 34
8.0625 13.5000 10.2140 34 139 34
-19.5625 7.0000 2.9510 180 120 60
2.3125 -22.0000 6.6700 220 50 50
14.3750 -16.0000 6.1030 34 139 34
-20.6250 -24.0000 19.5100 34 139 34
8.7500 23.5000 3.8310 180 120 60
11.5000 -12.5000 6.4420 34 139 34
5.0625 22.5000 8.3460 34 139 34
-15.7500 -1.0000 3.0170 180 120 60
-1.6250 -6.5000 3.2150 180 120 60
-8.3750 21.5000 5.5060 180 120 60
-9.0625 12.0000 6.2550 34 139 34
11.6875 22.5000 4.6930 34 139 34
9.8750 -2.5000 9.9460 34 139 34
16.0000 16.0000 8.5030 34 139 34
-5.9375 8.0000 4.6580 180 120 60
11.5625 9.0000 6.2300 180 120 60
9.3125 -11.5000 4.7970 34 139 34
-8.3125 0.0000 3.0780 180 120 60
20.8750 6.0000 13.3970 34 139 34
-20.3750 -10.5000 3.3120 180 120 60
-15.6875 -1.5000 3.0590 180 120 60
-16.8750 -4.5000 3.2220 180 120 60
6.9375 25.0000 5.6090 34 139 34
14.1875 20.0000 10.8530 34 139 34
11.9375 12.0000 15.7260 128 128 128
14.5625 8.0000 6.3640 180 120 60
11.1875 16.5000 9.7510 34 139 34
-23.3125 -19.5000 6.5800 34 139 34
13.8750 -22.5000 3.8380 34 139 34
9.3750 -15.0000 10.7900 34 139 34
19.5625 15.5000 4.6930 34 139 34
23.7500 4.5000 18.8230 34 139 34
23.1875 12.0000 13.1580 34 139 34
22.9375 -14.5000 2.9310 34 139 34
15.2500 14.0000 12.3040 34 139 34
4.5625 2.0000 15.8050 34 139 34
8.6250 -9.0000 13.3200 34 139 34
-8.9375 -23.5000 3.5180 180 120 60
-2.6250 -2.5000 5.2670 34 139 34
23.5000 -19.5000 3.3400 180 120 60
6.1250 -14.5000 6.9610 34 139 34
1.8125 -9.5000 5.2140 34 139 34
17.2500 23.0000 10.9170 34 139 34
-24.7500 -12.0000 3.2810 180 120 60
23.4375 -6.5000 2.6000 34 139 34
4.1875 -15.5000 18.2930 34 139 34
23.1250 -1.0000 6.5420 255 165 0
-5.9375 -15.5000 14.2980 34 139 34
8.1250 25.5000 5.0880 34 139 34
4.3750 -9.5000 14.5120 34 139 34
-4.5000 -13.5000 15.2920 34 139 34
-22.6250 -18.0000 3.5600 180 120 60
23.0625 19.5000 7.9590 34 139 34
17.1250 -15.5000 7.2390 34 139 34
14.6875 8.5000 8.6830 34 139 34
-14.8125 6.0000 2.8710 180 120 60
-22.6250 19.0000 4.5180 180 120 60
21.1875 -2.0000 6.5470 255 165 0
-21.8125 17.5000 6.1600 34 139 34
19.0000 0.0000 6.4470 255 165 0
-16.5625 0.5000 2.9990 180 120 60
-23.9375 -24.0000 20.8770 34 139 34
-6.3750 -23.0000 3.4020 180 120 60
-9.9375 1.0000 3.0410 180 120 60
7.1875 11.0000 6.0910 180 120 60
2.7500 -24.5000 4.2400 180 120 60
-14.0625 2.5000 2.9940 180 120 60
17.5625 -20.5000 2.4650 34 139 34
24.0625 -22.5000 6.8060 34 139 34
-20.3750 -9.5000 3.3760 180 120 60
3.0000 -5.0000 8.6540 34 139 34
-20.6250 -24.0000 16.0660 34 139 34
-3.1250 -12.5000 16.6620 34 139 34
-22.0625 12.5000 3.0070 180 120 60
9.1250 -6.0000 3.8340 34 139 34
7.1875 -20.5000 22.0400 34 139 34
23.7500 11.5000 16.0950 34 139 34
-20.2500 14.0000 6.3310 34 139 34
12.5625 7.0000 6.3380 180 120 60
0.0625 20.5000 12.3110 34 139 34
-19.5000 -16.5000 10.6760 34 139 34
-10.8750 7.0000 3.0810 180 120 60
12.1250 17.5000 11.3570 34 139 34
0.7500 10.5000 6.0080 180 120 60
-8.6875 -19.0000 3.3100 180 120 60
-7.6250 16.5000 5.6170 180 120 60
-2.5000 5.5000 16.0120 34 139 34
-10.5625 -20.5000 3.3270 180 120 60
21.8750 -12.5000 2.9190 34 139 34
17.3750 -14.5000 6.8350 34 139 34
-19.7500 -16.0000 6.9410 34 139 34
21.0625 18.5000 17.1850 34 139 34
-4.7500 -8.5000 3.1190 180 120 60
19.3750 -16.5000 6.2040 34 139 34
-4.0000 -17.0000 14.6450 34 139 34
-0.8750 -6.5000 3.2260 180 120 60
-10.8750 10.5000 10.1100 34 139 34
-19.6875 1.0000 3.0590 180 120 60
7.6875 15.0000 11.4200 34 139 34
4.9375 20.0000 11.9160 34 139 34
-7.0000 5.0000 6.0040 34 139 34
10.1250 25.0000 5.4960 34 139 34
-3.3750 7.5000 15.5780 34 139 34
-6.0000 5.5000 14.4570 34 139 34
-0.2500 2.5000 16.7220 34 139 34
-9.8750 -18.5000 3.3170 180 120 60
20.5625 13.5000 14.1260 34 139 34
-14.6875 1.0000 3.0150 180 120 60
4.6875 -6.5000 6.8100 34 139 34
16.3125 17.0000 10.9910 34 139 34
-20.0625 -7.5000 3.2980 180 120 60
-5.8125 -14.5000 15.0390 34 139 34
0.1250 -23.5000 7.1290 220 50 50
-24.6250 7.5000 2.9690 180 120 60
-4.4375 6.5000 18.4960 34 139 34
7.5625 10.5000 6.1760 180 120 60
-8.1250 12.5000 6.3370 34 139 34
19.1250 3.0000 6.4990 255 165 0
-6.8125 15.0000 5.7470 180 120 60
19.0000 16.5000 14.1640 34 139 34
-14.0625 12.0000 6.3080 34 139 34
-19.4375 -20.5000 20.3340 34 139 34
-10.9375 2.5000 2.9660 180 120 60
-13.6250 7.0000 2.9160 180 120 60
11.1875 21.5000 3.5860 180 120 60
22.0000 19.5000 5.8240 34 139 34
4.2500 -15.5000 15.7860 34 139 34
9.8750 -13.0000 9.9220 34 139 34
-2.5000 -10.5000 14.8050 34 139 34
-8.3750 3.0000 3.1420 34 139 34
12.1875 -8.0000 5.7170 34 139 34
12.8750 20.0000 7.5600 34 139 34
1.6875 -22.5000 6.8000 220 50 50
14.7500 -16.0000 5.9490 34 139 34
-14.0625 15.5000 5.3690 180 120 60
0.2500 6.0000 10.3680 34 139 34
14.0000 11.5000 9.4280 34 139 34
-3.8125 -2.0000 2.9760 180 120 60
-22.8125 16.5000 8.0350 34 139 34
23.7500 13.0000 12.5960 34 139 34
-19.5000 -9.0000 3.3470 180 120 60
8.8750 25.5000 5.2870 34 139 34
-14.5000 7.5000 5.1440 34 139 34
13.3125 8.0000 6.3110 180 120 60
-2.8125 -3.0000 3.1210 180 120 60
18.2500 7.5000 6.5490 255 165 0
6.1250 -22.5000 8.6590 34 139 34
-1.6250 -14.5000 16.9780 34 139 34
17.5625 20.5000 16.4320 34 139 34
-15.7500 -22.0000 6.6250 34 139 34
12.3750 -24.0000 6.9370 34 139 34
9.2500 -15.0000 11.1820 34 139 34
0.8750 12.5000 5.9770 180 120 60
-18.7500 -15.0000 3.4380 180 120 60
-24.6875 -4.5000 3.2760 180 120 60
-5.8125 -23.5000 3.5350 180 120 60
-9.6875 -6.0000 3.0940 180 120 60
-16.4375 17.5000 5.3730 180 120 60
0.5625 9.0000 5.9860 180 120 60
-20.1250 -21.5000 5.2430 34 139 34
4.5000 -3.0000 12.8120 34 139 34
24.5625 17.0000 0.2950 30 144 255
7.7500 -23.5000 5.1910 34 139 34
-1.0000 3.5000 19.8630 34 139 34
-12.1875 18.0000 5.5350 180 120 60
23.8750 -11.5000 2.7750 180 120 60
-22.0625 5.5000 2.9900 180 120 60
-0.6250 -11.5000 16.2880 34 139 34
-20.9375 -19.0000 13.4800 34 139 34
-23.0000 -12.0000 3.3840 180 120 60
-7.3750 13.5000 5.7160 180 120 60
-14.1875 -24.0000 3.8110 180 120 60
-18.8750 -15.0000 3.3820 180 120 60
-19.1875 3.0000 2.9950 180 120 60
13.7500 4.0000 6.4120 255 165 0
-21.5625 -16.0000 3.2950 180 120 60
0.6250 -15.5000 13.9910 34 139 34
-0.9375 -24.5000 5.0210 34 139 34
15.8125 12.0000 10.8550 34 139 34
19.8750 2.5000 6.5330 255 165 0
5.5625 -5.0000 7.0330 34 139 34
-19.3750 -8.5000 3.2920 180 120 60
1.5625 21.5000 10.1930 34 139 34
-3.9375 -10.5000 14.7350 34 139 34
-12.8125 0.0000 3.0590 180 120 60
-3.1875 22.0000 10.9990 34 139 34
24.1250 -22.0000 6.6470 34 139 34
-10.4375 5.5000 3.9040 34 139 34
-20.3750 16.5000 6.5890 34 139 34
6.6875 -9.0000 16.7210 34 139 34
-19.0000 -19.0000 13.6170 34 139 34
-12.8125 4.5000 2.9510 180 120 60
3.6875 11.5000 5.9980 180 120 60
16.1875 -19.0000 1.8110 34 139 34
22.3125 -23.0000 3.5120 34 139 34
-1.9375 -15.5000 17.6370 34 139 34
2.3125 -9.0000 8.0840 34 139 34
9.1250 19.5000 9.7590 34 139 34
-17.6875 -23.0000 13.2290 34 139 34
9.0625 -19.0000 11.1100 34 139 34
-4.6875 1.5000 15.5700 34 139 34
-6.6875 -13.0000 8.6770 34 139 34
0.0625 15.5000 5.8170 180 120 60
-2.8750 9.5000 5.5670 180 120 60
-7.2500 22.0000 5.4490 180 120 60
1.0000 -13.5000 15.8160 34 139 34
-13.7500 23.5000 5.4570 180 120 60
8.3750 14.5000 11.5820 34 139 34
19.7500 -13.0000 2.7060 34 139 34
13.6875 -12.5000 7.7790 34 139 34
22.0625 4.0000 15.9590 34 139 34
-16.5625 -1.5000 3.1000 180 120 60
14.7500 11.0000 10.1570 34 139 34
-18.8125 5.0000 2.9770 180 120 60
20.5000 21.5000 4.5420 34 139 34
15.8125 25.0000 7.8190 34 139 34
1.1250 2.0000 18.1430 34 139 34
-20.2500 9.5000 3.0730 180 120 60
-12.4375 -20.5000 3.3550 180 120 60
-12.1875 -19.0000 3.3040 180 120 60
-4.5625 -17.5000 14.2830 34 139 34
-11.1250 -6.0000 3.1710 180 120 60
16.3125 21.0000 16.3570 34 139 34
-2.8125 -2.5000 5.4230 34 139 34
5.8750 21.0000 9.5800 34 139 34
6.3125 -16.5000 20.5070 34 139 34
4.0625 4.0000 15.0040 34 139 34
-21.7500 -19.0000 14.0890 34 139 34
0.3125 -7.5000 7.0100 34 139 34
-14.7500 6.5000 2.9470 180 120 60
2.0000 5.5000 13.6720 34 139 34
0.1250 -11.0000 17.5270 34 139 34
-2.7500 1.0000 14.5270 34 139 34
20.1875 -14.5000 2.8530 34 139 34
-20.5000 -10.0000 3.3620 180 120 60
21.7500 8.5000 16.0280 34 139 34
13.7500 2.0000 6.3990 255 165 0
-23.7500 -5.5000 3.3160 180 120 60
-5.2500 -13.0000 13.4320 34 139 34
-4.5000 -12.5000 13.6370 34 139 34
5.3125 5.0000 5.8150 180 120 60
17.3125 21.0000 11.0470 34 139 34
0.8750 12.0000 5.9990 180 120 60
-13.7500 -6.0000 3.1680 180 120 60
7.5625 0.0000 12.7260 34 139 34
2.9375 -9.5000 12.1070 34 139 34
-18.1875 -17.5000 10.4340 34 139 34
-2.8125 -3.0000 3.0220 180 120 60
-6.7500 14.5000 5.7090 180 120 60
-2.8750 10.0000 5.8700 180 120 60
-16.6250 -4.5000 3.1940 180 120 60
9.6875 -15.0000 8.9690 34 139 34
21.5000 19.0000 13.8760 34 139 34
-0.2500 16.5000 5.8640 180 120 60
-2.5625 -23.5000 6.6340 34 139 34
1.3750 -2.0000 4.5990 34 139 34
-0.6250 12.0000 5.9720 180 120 60
-18.0000 -3.5000 3.1720 180 120 60
3.1875 -14.5000 18.9310 34 139 34
-18.9375 -22.0000 17.7200 34 139 34
-12.5625 12.0000 13.4400 34 139 34
-17.1250 20.5000 5.3490 180 120 60
-21.1250 18.5000 5.5610 34 139 34
3.6875 -16.0000 17.5980 34 139 34
-23.3125 -10.0000 3.3630 180 120 60
7.3750 13.5000 11.0360 34 139 34
-21.8750 -0.5000 2.9980 180 120 60
24.9375 -8.5000 4.8220 34 139 34
25.1250 20.0000 0.1780 30 144 255
2.0000 -2.0000 11.1410 34 139 34
10.0625 5.5000 6.2230 180 120 60
5.0000 3.5000 5.6680 34 139 34
21.3125 20.0000 5.2550 34 139 34
23.1875 -2.5000 6.5140 255 165 0
-21.5625 -23.5000 18.8610 34 139 34
8.1875 20.5000 3.7360 180 120 60
6.9375 -1.5000 12.8870 34 139 34
17.6875 12.5000 8.7360 34 139 34
14.1250 -24.0000 4.6750 34 139 34
-21.0000 12.5000 3.1320 180 120 60
8.0625 -23.5000 10.6370 34 139 34
18.3750 -1.5000 7.5430 128 128 128
-14.7500 13.5000 10.8650 34 139 34
4.2500 17.0000 12.4330 34 139 34
-0.5625 -5.0000 8.6590 34 139 34
7.5625 20.0000 10.8260 34 139 34
22.3125 -3.5000 6.6480 255 165 0
13.6250 19.5000 14.2260 34 139 34
-23.9375 -9.0000 3.3780 180 120 60
-11.3125 -6.0000 3.1640 180 120 60
23.8750 9.0000 15.9970 34 139 34
-20.1875 -3.5000 3.2010 180 120 60
-11.0000 18.0000 5.5480 180 120 60
14.1250 20.0000 13.9070 34 139 34
-1.6250 -16.5000 16.4550 34 139 34
4.9375 9.0000 6.0690 180 120 60
-3.4375 -11.0000 14.7440 34 139 34
-4.7500 3.5000 15.5860 34 139 34
-0.3750 7.0000 5.3990 180 120 60
22.3750 -17.5000 3.3470 34 139 34
22.3750 -19.5000 3.2370 180 120 60
12.0625 -15.5000 7.6380 34 139 34
-21.8125 -1.5000 3.1150 180 120 60
19.9375 23.5000 8.6210 34 139 34
-0.8125 -3.0000 4.5610 34 139 34
23.3125 -12.0000 2.0750 180 120 60
-21.3125 -24.0000 16.6960 34 139 34
20.3125 23.5000 9.1760 34 139 34
13.1875 12.0000 10.0360 34 139 34
10.6875 7.0000 6.3470 180 120 60
6.3750 23.5000 3.6520 180 120 60
20.1875 16.0000 15.2960 34 139 34
-13.5625 -14.0000 3.3320 180 120 60
-11.9375 -11.0000 3.2170 180 120 60
-13.4375 2.5000 3.0320 180 120 60
-22.1250 5.0000 2.8960 180 120 60
-24.2500 -21.0000 12.6630 34 139 34
16.8750 25.5000 2.4370 34 139 34
21.0000 20.5000 2.6350 34 139 34
6.7500 -18.0000 4.2350 34 139 34
-19.8750 10.0000 2.9440 180 120 60
0.3750 -12.5000 15.9170 34 139 34
-1.0625 -2.5000 7.2500 34 139 34
24.7500 -1.0000 6.5340 255 165 0
-24.1250 11.5000 3.0430 180 120 60
1.0000 24.5000 3.9080 180 120 60
9.2500 -5.0000 3.8700 34 139 34
-10.0000 2.5000 3.0060 180 120 60
9.8750 -3.0000 9.4540 34 139 34
-3.8750 2.0000 17.1800 34 139 34
19.5625 -16.0000 6.7500 34 139 34
-19.1250 -20.5000 16.7410 34 139 34
-1.6875 20.5000 9.2800 34 139 34
-19.3750 15.0000 8.3590 34 139 34
4.8750 24.0000 3.7310 180 120 60
-19.3125 -10.0000 3.3030 180 120 60
7.5000 -15.0000 15.3770 34 139 34
-10.6250 5.5000 2.9470 180 120 60
-21.0000 -17.0000 6.8050 34 139 34
-4.7500 -22.5000 3.4350 180 120 60
-24.0000 20.0000 7.0390 34 139 34
-4.2500 -18.0000 14.1750 34 139 34
2.4375 -4.0000 8.9390 34 139 34
13.8750 24.5000 15.1200 34 139 34
-16.5625 18.0000 5.3770 180 120 60
-20.7500 -6.0000 3.2860 180 120 60
23.6875 -24.0000 6.5450 34 139 34
17.9375 17.0000 12.1500 34 139 34
-18.7500 -1.0000 3.0860 180 120 60
3.6250 -2.0000 12.5330 34 139 34
19.3750 -9.0000 2.1840 34 139 34
-19.1250 10.0000 2.8920 180 120 60
-12.3125 20.0000 5.4510 180 120 60
-4.3125 2.0000 15.5880 34 139 34
23.4375 -15.5000 3.0120 34 139 34
-21.5000 -16.5000 6.3590 34 139 34
4.1875 19.5000 11.2500 34 139 34
-11.7500 6.5000 2.9650 180 120 60
-14.3125 8.0000 6.9910 34 139 34
-22.5000 -9.5000 3.3030 180 120 60
-22.5000 20.0000 4.9730 180 120 60
-10.1875 24.5000 8.8520 34 139 34
-19.6875 -18.5000 16.8140 34 139 34
-12.0000 -21.5000 3.4160 180 120 60
-22.2500 -15.5000 3.3480 180 120 60
9.2500 -23.0000 2.7590 34 139 34
-21.0625 -2.5000 3.1520 180 120 60
-5.4375 8.5000 4.9780 180 120 60
17.1250 14.5000 9.7220 34 139 34
-3.3750 -4.0000 3.0730 180 120 60
-3.9375 4.5000 19.1180 34 139 34
-4.1250 25.0000 7.5290 34 139 34
-0.3125 5.0000 14.5990 34 139 34
2.0625 -15.5000 15.9070 34 139 34
-1.5625 -1.0000 5.0250 34 139 34
2.8125 -11.0000 13.2080 34 139 34
2.6250 -20.0000 6.6540 220 50 50
7.2500 10.0000 6.1690 180 120 60
-1.6250 -2.5000 7.6060 34 139 34
-5.5000 8.0000 4.8150 180 120 60
-8.1875 8.5000 4.2850 34 139 34
6.3125 24.0000 3.8390 180 120 60
4.9375 11.0000 6.0990 180 120 60
15.1250 25.5000 16.5980 34 139 34
13.2500 10.5000 8.8140 34 139 34
-24.6250 21.5000 6.2690 34 139 34
-21.8750 23.0000 5.2280 180 120 60
-13.0625 -18.5000 3.3190 180 120 60
-8.1250 9.0000 4.5060 34 139 34
-12.6250 -9.0000 3.2420 180 120 60
-8.8750 8.5000 6.0540 34 139 34
-1.9375 4.0000 19.6160 34 139 34
-20.6250 12.5000 5.2630 34 139 34
20.6250 -22.5000 3.3630 34 139 34
20.6875 -8.5000 2.4650 34 139 34
8.5625 -19.0000 18.6020 34 139 34
6.9375 18.0000 11.0390 34 139 34
-2.7500 24.0000 9.5970 34 139 34
2.0625 -6.0000 8.7640 34 139 34
-4.5000 -23.0000 6.8590 34 139 34
-2.2500 14.5000 5.7940 180 120 60
3.8125 -23.5000 7.7130 34 139 34
-2.8125 13.5000 5.9100 180 120 60
-24.1875 11.0000 2.9770 180 120 60
6.5000 23.5000 3.6670 180 120 60
-18.8125 12.0000 5.0590 34 139 34
-24.5625 16.0000 6.5960 220 50 50
-5.0000 10.0000 5.5050 180 120 60
-8.0000 16.5000 5.6860 180 120 60
19.9375 -18.5000 2.8810 34 139 34
-19.0000 6.0000 2.9550 180 120 60
-9.8750 3.0000 2.9950 180 120 60
-10.4375 -1.5000 3.0900 180 120 60
18.9375 -8.5000 0.8140 30 144 255
8.8750 16.0000 12.0950 34 139 34
8.0000 -3.0000 13.5600 34 139 34
-7.0000 -12.5000 8.4120 34 139 34
1.8750 -22.5000 6.7130 220 50 50
5.3125 14.5000 11.7760 34 139 34
9.1250 -10.0000 12.2030 34 139 34
-3.7500 8.5000 7.1760 34 139 34
16.6875 17.0000 16.9230 34 139 34
5.4375 19.5000 11.5690 34 139 34
-15.0000 -2.0000 3.1000 180 120 60
-6.6250 -13.0000 8.6030 34 139 34
22.6250 5.5000 15.1290 34 139 34
7.6250 0.5000 12.5340 34 139 34
-14.6875 16.5000 5.4040 180 120 60
13.9375 10.0000 9.4610 34 139 34
10.6875 0.5000 7.1090 34 139 34
-16.3750 9.0000 5.0610 34 139 34
21.3750 -24.0000 3.5100 34 139 34
11.5625 3.5000 6.3160 180 120 60
20.6250 14.5000 12.1220 34 139 34
22.4375 -8.0000 2.5610 180 120 60
3.6875 -21.0000 21.3770 34 139 34
-14.2500 20.0000 5.4330 180 120 60
-21.3750 -3.5000 3.1630 180 120 60
12.0625 21.0000 6.4360 34 139 34
-14.1875 -16.5000 3.4320 180 120 60
1.3750 -7.5000 8.9580 34 139 34
12.6250 8.5000 6.3710 180 120 60
-9.5625 2.0000 3.0350 180 120 60
8.6875 -17.0000 15.6140 34 139 34
16.5625 12.0000 9.8230 34 139 34
3.4375 2.0000 17.4450 34 139 34
-18.0625 8.0000 7.4980 34 139 34
9.6250 -3.5000 9.9530 34 139 34
19.6875 21.5000 5.6790 34 139 34
-1.9375 -22.0000 3.9300 180 120 60
-5.7500 12.0000 5.7880 180 120 60
19.6875 24.0000 16.7240 34 139 34
-10.0000 21.5000 5.3590 180 120 60
-3.8750 25.0000 10.1070 34 139 34
-19.5000 -17.0000 11.0670 34 139 34
-6.8125 13.0000 5.6950 180 120 60
-8.6875 14.5000 5.7280 180 120 60
8.5000 -17.5000 10.9370 34 139 34
-14.7500 11.5000 6.4210 34 139 34
5.3750 -22.5000 21.1600 34 139 34
-0.8750 -18.5000 14.5480 34 139 34
-6.5000 -7.5000 3.0890 180 120 60
18.2500 8.0000 5.1920 34 139 34
9.1250 1.0000 7.5510 34 139 34
0.6250 -20.5000 7.1170 220 50 50
15.5625 10.5000 10.2670 34 139 34
-11.3750 -22.5000 3.5480 180 120 60
9.4375 -23.5000 2.5140 34 139 34
-22.1875 -15.5000 13.3830 34 139 34
24.8750 17.0000 0.2740 30 144 255
25.0000 12.0000 15.9910 34 139 34
4.5000 -10.0000 8.1840 34 139 34
16.3750 6.0000 6.4420 255 165 0
-0.4375 -15.5000 14.9480 34 139 34
-4.6250 -7.5000 3.1020 180 120 60
-13.5000 -24.0000 5.7550 34 139 34
20.0625 18.5000 0.2580 30 144 255
-5.6875 -15.5000 14.4550 34 139 34
-13.9375 -13.0000 3.3350 180 120 60
-7.8750 20.5000 5.4870 180 120 60
23.3750 -16.0000 3.3200 34 139 34
-11.9375 16.0000 5.5820 180 120 60
12.9375 11.5000 10.0520 34 139 34
-2.1250 -5.5000 4.0240 34 139 34
-3.9375 17.0000 6.6400 128 128 128
-14.0625 -23.5000 4.4040 34 139 34
23.3750 -22.0000 3.7230 34 139 34
-19.8125 -4.5000 3.2290 180 120 60
5.8125 17.5000 12.7190 34 139 34
8.3750 12.0000 10.2580 34 139 34
-17.3125 4.0000 2.9580 180 120 60
18.8750 21.0000 14.9710 34 139 34
-14.2500 -5.0000 3.1520 180 120 60
23.5625 -5.5000 2.2770 180 120 60
11.5625 10.5000 6.4240 180 120 60
7.3750 4.0000 6.0350 180 120 60
3.3750 -18.0000 3.9180 180 120 60
8.3125 -19.5000 18.5010 34 139 34
4.6250 19.5000 10.9400 34 139 34
10.3125 -4.5000 3.0040 34 139 34
3.7500 5.0000 14.5790 34 139 34
13.0000 1.0000 5.8270 34 139 34
-3.1250 16.5000 7.0730 128 128 128
3.5000 -6.0000 6.5880 34 139 34
-6.1250 13.0000 5.7940 180 120 60
11.6875 -6.0000 0.8110 30 144 255
-2.4375 22.0000 11.0580 34 139 34
17.0625 -18.5000 5.9530 34 139 34
17.8125 20.0000 9.3810 34 139 34
6.3750 0.5000 13.0880 34 139 34
22.4375 19.0000 14.1840 34 139 34
16.1875 0.0000 6.5770 255 165 0
-24.0000 -3.5000 3.2110 180 120 60
22.5625 16.0000 13.4130 34 139 34
-10.1250 -20.0000 3.3420 180 120 60
5.3125 -12.5000 7.3580 34 139 34
12.8125 10.0000 8.9070 34 139 34
0.0000 -18.5000 14.2770 34 139 34
7.1250 -6.0000 14.3850 34 139 34
19.9375 15.5000 1.8250 34 139 34
-21.3750 -4.0000 3.1980 180 120 60
-1.6875 -12.5000 17.5410 34 139 34
21.8125 -3.0000 7.6280 128 128 128
18.4375 -10.0000 0.8150 180 120 60
21.0000 18.0000 17.0620 34 139 34
16.5000 16.0000 17.2690 34 139 34
-5.5000 10.0000 5.4380 180 120 60
10.5625 1.5000 6.1480 180 120 60
10.0000 6.5000 7.8180 128 128 128
13.4375 16.0000 13.2820 34 139 34
17.5625 -16.5000 6.9740 34 139 34
-10.5000 -14.5000 3.2360 180 120 60
-8.8750 -4.5000 3.1210 180 120 60
7.0625 -22.5000 11.1900 34 139 34
8.0625 0.5000 10.2950 34 139 34
21.5625 5.0000 13.6380 34 139 34
11.6250 20.0000 3.5780 180 120 60
-2.3125 18.0000 10.0450 34 139 34
18.3750 22.0000 12.0280 34 139 34
-14.8750 -21.0000 6.5050 34 139 34
18.0000 22.5000 8.3480 34 139 34
-3.4375 6.5000 15.8280 34 139 34
22.3125 23.0000 8.9910 34 139 34
5.8125 23.0000 3.6710 180 120 60
10.0000 -12.0000 8.2100 34 139 34
19.0000 -9.5000 2.0820 34 139 34
-16.7500 -5.5000 3.1830 180 120 60
-24.7500 13.0000 7.2370 220 50 50
21.3750 14.0000 15.1360 34 139 34
20.6250 24.0000 9.2950 34 139 34
-12.6875 -20.0000 3.2980 180 120 60
11.7500 -2.0000 1.4720 34 139 34
-15.8750 -22.5000 6.6440 34 139 34
8.8750 -1.0000 7.8900 34 139 34
-10.8750 10.0000 9.7640 34 139 34
23.6250 11.5000 14.9980 34 139 34
6.0000 24.0000 4.3580 34 139 34
7.7500 -22.0000 7.0520 34 139 34
19.8750 11.5000 5.9920 34 139 34
24.4375 -24.0000 7.1020 34 139 34
25.1875 8.5000 17.2400 34 139 34
18.4375 2.5000 6.4590 255 165 0
1.2500 -20.0000 7.0120 220 50 50
-16.6875 4.5000 2.9480 180 120 60
24.1875 -23.5000 6.9730 34 139 34
20.5000 -9.5000 2.5020 34 139 34
1.3125 -13.5000 15.5700 34 139 34
-15.4375 -3.0000 3.0800 180 120 60
12.3750 -13.5000 7.7570 34 139 34
-21.3125 -19.0000 14.4750 34 139 34
-9.7500 23.0000 5.3810 180 120 60
17.8125 18.0000 11.9340 34 139 34
24.0625 -22.0000 6.7080 34 139 34
-21.5000 1.0000 3.0650 180 120 60
-14.3750 14.0000 5.3870 34 139 34
-16.7500 -11.5000 3.2950 180 120 60
-0.8125 5.5000 14.1760 34 139 34
-11.5625 -4.5000 3.1610 180 120 60
-10.4375 -4.0000 3.1510 180 120 60
5.4375 -17.5000 19.2540 34 139 34
10.4375 6.5000 6.3720 180 120 60
17.9375 6.5000 6.5550 255 165 0
10.2500 6.5000 6.2970 180 120 60
5.1250 -8.5000 17.5520 34 139 34
8.2500 -15.5000 17.4110 34 139 34
10.4375 -15.0000 9.5140 34 139 34
-0.6875 -8.5000 14.6310 34 139 34
6.0625 11.5000 6.0730 180 120 60
-2.3125 -13.5000 17.3130 34 139 34
-24.0000 -4.5000 3.3080 180 120 60
-22.2500 -20.5000 20.4610 34 139 34
-6.9375 -22.0000 3.4190 180 120 60
-1.9375 0.0000 14.1600 34 139 34
-8.2500 24.5000 5.0560 180 120 60
-20.6875 -20.5000 20.2340 34 139 34
-23.2500 -15.5000 3.2620 180 120 60
5.0000 7.5000 7.1470 128 128 128
7.6250 -15.0000 17.2620 34 139 34
24.0000 18.5000 6.0470 34 139 34
7.9375 -19.0000 11.5400 34 139 34
-9.0000 -13.0000 3.1620 180 120 60
3.1250 11.5000 6.0470 180 120 60
-23.6250 -19.5000 4.5440 34 139 34
11.8750 -23.0000 6.3070 34 139 34
10.7500 11.0000 6.4270 180 120 60
-0.5625 4.0000 14.6830 34 139 34
-15.0625 -14.0000 3.3830 180 120 60
-9.8125 -20.0000 3.3440 180 120 60
-6.4375 12.5000 5.8120 180 120 60
-6.3125 12.0000 5.7010 180 120 60
-21.0625 23.5000 5.1960 180 120 60
19.0000 -21.0000 2.9900 34 139 34
8.6250 -1.5000 14.6980 34 139 34
-8.3750 17.5000 5.6090 180 120 60
7.5000 -23.5000 5.1660 34 139 34
17.1250 14.5000 11.6540 34 139 34
-22.4375 -18.5000 14.6730 34 139 34
2.6875 11.5000 5.9470 180 120 60
5.6875 -5.5000 7.2060 34 139 34
-14.6875 -5.5000 3.2000 180 120 60
-11.0000 -6.5000 3.1840 180 120 60
22.9375 12.5000 0.2960 30 144 255
15.1875 -20.5000 0.9160 30 144 255
-17.6875 -15.0000 3.4170 180 120 60
9.3125 -1.0000 7.8260 34 139 34
8.1250 -3.5000 11.5950 34 139 34
-18.0625 3.5000 2.9730 180 120 60
-10.8125 1.0000 3.0860 180 120 60
-5.9375 2.5000 4.3040 34 139 34
11.6250 -8.5000 4.0320 34 139 34
-11.7500 14.0000 5.5050 180 120 60
-23.6250 -24.0000 19.1390 34 139 34
6.6250 -3.0000 10.9440 34 139 34
-17.1250 15.5000 6.9230 34 139 34
2.6250 9.5000 6.1110 180 120 60
-24.1250 -24.0000 19.1070 34 139 34
4.7500 -10.5000 7.3960 34 139 34
5.1250 9.5000 6.0690 180 120 60
-18.5000 -6.5000 3.2260 180 120 60
-23.5000 -18.0000 13.7860 34 139 34
-20.0625 -6.5000 3.2730 180 120 60
-5.0625 -1.0000 2.9930 180 120 60
25.2500 -10.5000 3.7960 34 139 34
-2.6250 6.0000 15.4110 34 139 34
-13.3125 -20.5000 3.3340 180 120 60
10.6250 -12.0000 5.2060 34 139 34
2.1875 4.0000 15.6620 34 139 34
-4.2500 22.5000 10.7940 34 139 34
24.1250 -5.0000 4.2680 34 139 34
-6.8750 -7.5000 3.1310 180 120 60
24.6875 8.5000 18.8180 34 139 34
1.8750 15.0000 9.4970 34 139 34
6.8125 0.0000 12.4640 34 139 34
-1.0000 22.5000 10.9660 34 139 34
5.3125 -22.0000 21.6170 34 139 34
-1.9375 -21.0000 3.8780 180 120 60
24.9375 20.0000 0.0720 30 144 255
8.3125 17.0000 11.6390 34 139 34
22.6250 25.5000 6.7290 34 139 34
-14.3750 15.0000 5.1030 180 120 60
4.0625 2.0000 13.2000 34 139 34
8.8125 -18.5000 6.7830 34 139 34
10.3750 9.5000 6.2260 180 120 60
1.6250 -12.0000 14.4360 34 139 34
23.9375 15.0000 0.3080 30 144 255
7.1875 2.5000 6.0440 34 139 34
24.8125 -6.0000 6.2030 180 120 60
10.0625 6.0000 7.8730 128 128 128
-10.8125 25.5000 8.3850 34 139 34
22.5000 8.0000 11.5920 34 139 34
-20.4375 -22.5000 16.0310 34 139 34
7.6875 21.0000 8.2010 34 139 34
0.6250 8.0000 9.7210 34 139 34
8.5625 24.5000 5.4660 34 139 34
20.5625 10.5000 12.1570 34 139 34
-12.5625 20.5000 5.4470 180 120 60
5.6875 4.5000 13.4950 34 139 34
9.3750 16.0000 11.3430 34 139 34
23.3750 20.5000 3.3500 34 139 34
5.2500 22.0000 7.9520 34 139 34
0.2500 1.5000 16.8940 34 139 34
-16.1875 3.0000 2.9880 180 120 60
-16.8125 15.0000 6.4610 34 139 34
-9.1250 -17.0000 3.2110 180 120 60
-6.6250 -5.0000 3.0450 180 120 60
6.6250 -16.0000 20.6870 34 139 34
3.6250 -20.0000 6.4970 220 50 50
-18.6875 -14.5000 3.4080 180 120 60
3.3125 4.5000 13.8420 34 139 34
-0.3750 -23.5000 4.0050 180 120 60
-10.5000 10.0000 8.7510 34 139 34
-16.5625 19.5000 5.3420 180 120 60
-15.3125 -16.0000 3.4220 180 120 60
4.3750 -8.5000 15.0960 34 139 34
-11.5625 7.5000 5.6350 34 139 34
4.8750 18.5000 11.2370 34 139 34
-8.8125 2.0000 3.0270 180 120 60
-3.0625 9.0000 5.4600 180 120 60
10.5000 14.0000 8.3540 34 139 34
6.6875 19.0000 11.4980 34 139 34
-21.2500 3.5000 3.0210 180 120 60
2.2500 -12.0000 14.9720 34 139 34
-19.0000 -7.0000 3.2190 180 120 60
2.0625 8.0000 6.0340 180 120 60
7.3750 9.0000 6.2090 180 120 60
-15.4375 -18.0000 3.4530 180 120 60
-2.5000 7.5000 5.1960 34 139 34
7.5000 -7.0000 15.3240 34 139 34
19.2500 15.0000 2.2830 34 139 34
16.0000 25.0000 12.2220 34 139 34
-4.5000 25.0000 10.1930 34 139 34
10.0000 -5.5000 3.6500 34 139 34
7.4375 -18.5000 12.8150 34 139 34
-2.2500 -11.5000 17.3940 34 139 34
-18.8125 1.5000 2.9670 180 120 60
-2.1875 -20.0000 15.5070 34 139 34
-4.3750 15.0000 5.8420 180 120 60
24.8750 -16.0000 3.1700 180 120 60
-18.5000 7.5000 6.5260 34 139 34
-7.5000 -9.5000 3.1390 180 120 60
11.1875 7.0000 6.3280 180 120 60
14.4375 3.5000 6.4070 255 165 0
21.6875 11.5000 12.2450 34 139 34
-22.2500 -22.0000 19.4900 34 139 34
-5.8125 -2.0000 3.0670 180 120 60
19.6875 -11.0000 2.2360 34 139 34
-14.6875 25.0000 5.3330 180 120 60
17.4375 3.0000 6.4440 255 165 0
9.4375 2.5000 6.2940 180 120 60
-21.1875 -15.0000 3.4190 180 120 60
16.2500 7.5000 6.5060 255 165 0
-16.4375 -7.5000 3.2060 180 120 60
21.5000 -6.5000 2.7430 34 139 34
-16.8125 -16.0000 3.4520 180 120 60
8.7500 0.5000 13.5490 34 139 34
-22.8125 -19.5000 4.0140 34 139 34
9.6250 -1.5000 10.3970 34 139 34
15.8750 -20.5000 2.3620 34 139 34
-20.6875 -3.5000 3.1280 180 120 60
23.9375 2.0000 18.2420 34 139 34
-14.0000 6.0000 2.9120 180 120 60
15.2500 11.5000 10.5740 34 139 34
9.1250 -16.5000 11.7400 34 139 34
20.7500 -3.0000 6.6450 255 165 0
6.8750 13.0000 10.9980 34 139 34
8.9375 18.5000 9.5450 34 139 34
-9.8750 21.0000 5.3230 180 120 60
-0.3750 12.0000 5.8990 180 120 60
17.6250 12.0000 7.1610 34 139 34
-6.8125 -23.5000 5.3860 220 50 50
21.3750 5.5000 6.6820 255 165 0
-18.4375 -5.5000 3.2080 180 120 60
-15.1250 15.5000 5.3490 180 120 60
-20.5625 7.0000 2.9310 180 120 60
-15.6250 -3.5000 3.1060 180 120 60
16.2500 5.5000 6.4530 255 165 0
16.1250 16.5000 8.4390 34 139 34
-0.5625 5.0000 14.5880 34 139 34
6.9375 -16.5000 20.5690 34 139 34
11.8750 23.5000 4.8050 34 139 34
25.0625 3.5000 19.5020 34 139 34
-1.3125 0.0000 11.9590 34 139 34
22.1875 0.5000 6.5780 255 165 0
-13.6250 -11.5000 3.2720 180 120 60
-3.6250 -9.0000 13.0220 34 139 34
2.5625 -8.5000 5.0480 34 139 34
-8.1250 -15.0000 3.1570 180 120 60
4.8125 16.0000 12.1300 34 139 34
-8.8125 9.0000 5.5520 34 139 34
0.5000 -8.5000 3.8170 34 139 34
-3.4375 7.5000 15.5230 34 139 34
-10.5000 0.5000 3.0570 180 120 60
8.3750 -18.0000 2.8610 34 139 34
21.3125 22.5000 9.3170 34 139 34
0.6875 13.0000 5.9550 180 120 60
-14.3125 7.0000 7.4440 34 139 34
-18.8125 7.5000 9.2680 34 139 34
5.4375 9.5000 6.1710 180 120 60
10.8125 19.0000 3.6460 180 120 60
8.3750 -17.5000 7.3340 34 139 34
-13.8125 -2.5000 3.1090 180 120 60
11.8750 -9.5000 3.9090 34 139 34
2.9375 13.5000 5.9390 180 120 60
-24.6250 -10.5000 3.4060 180 120 60
8.6875 -4.0000 10.2980 34 139 34
4.1250 -7.5000 16.8400 34 139 34
3.1250 -12.0000 14.8990 34 139 34
-21.0000 19.5000 5.7020 34 139 34
-2.1875 -13.0000 17.4340 34 139 34
11.9375 20.5000 3.5310 180 120 60
23.7500 16.5000 13.5300 34 139 34
4.3750 0.5000 15.9200 34 139 34
2.6250 20.5000 10.1980 34 139 34
-16.6250 22.0000 5.3520 180 120 60
9.3750 -1.5000 4.4260 34 139 34
1.3750 -11.0000 15.4470 34 139 34
-22.4375 -13.0000 3.4390 180 120 60
20.3125 13.5000 14.0400 34 139 34
21.3750 20.5000 5.3210 34 139 34
4.5000 -6.5000 16.0240 34 139 34
13.2500 11.5000 9.7180 34 139 34
-0.6250 -7.0000 7.6520 34 139 34
11.5000 21.0000 5.2060 34 139 34
21.5625 -19.5000 2.5210 180 120 60
21.5000 8.5000 15.5280 34 139 34
-22.1250 -16.5000 13.4310 34 139 34
24.8125 19.0000 10.2660 34 139 34
-2.7500 -13.5000 17.3190 34 139 34
5.1875 -16.0000 18.7870 34 139 34
-24.5000 19.0000 8.1960 34 139 34
-4.8750 -10.5000 14.1620 34 139 34
-18.5000 -8.0000 3.2740 180 120 60
-21.3750 -16.0000 3.3800 180 120 60
-8.5000 6.5000 6.6960 34 139 34
-12.0000 3.5000 3.0170 180 120 60
23.0000 3.5000 19.4930 34 139 34
15.5625 15.5000 10.6880 34 139 34
-3.4375 25.0000 4.5830 180 120 60
-11.3750 14.5000 5.5870 180 120 60
4.7500 3.5000 16.1340 34 139 34
-17.2500 10.0000 5.0220 34 139 34
20.9375 20.5000 5.3650 34 139 34
4.8125 -8.5000 16.5200 34 139 34
9.0625 -0.5000 13.6160 34 139 34
12.9375 10.0000 6.4540 180 120 60
5.2500 0.5000 12.7850 34 139 34
-8.8125 -21.0000 3.4320 180 120 60
0.9375 15.5000 5.8470 180 120 60
22.1875 -3.5000 1.9610 180 120 60
4.1875 17.0000 12.4580 34 139 34
8.2500 19.0000 10.2400 34 139 34
23.1250 -1.5000 6.5480 255 165 0
3.6875 20.0000 11.2360 34 139 34
10.0625 -4.5000 9.2200 34 139 34
-1.6250 -12.0000 15.0190 34 139 34
-15.5625 -11.5000 3.2260 180 120 60
-0.1875 14.5000 5.8730 180 120 60
18.5625 14.0000 14.5870 34 139 34
10.6875 17.0000 9.3000 34 139 34
-10.3750 9.5000 8.9900 34 139 34
6.0625 -7.5000 16.1070 34 139 34
1.8125 16.0000 11.0640 34 139 34
-20.4375 6.5000 2.9440 180 120 60
4.4375 13.5000 8.6610 34 139 34
16.0000 8.5000 6.5280 255 165 0
-4.3750 -12.0000 15.2240 34 139 34
11.1250 -10.0000 8.1500 34 139 34
19.8125 -17.0000 5.1080 34 139 34
1.8125 11.0000 6.0530 180 120 60
21.7500 -14.5000 2.9680 34 139 34
-22.2500 -19.0000 13.4410 34 139 34
2.8750 6.5000 5.9810 180 120 60
-18.1875 -11.5000 3.3330 180 120 60
-19.4375 -14.5000 3.4040 180 120 60
2.6250 20.0000 10.6760 34 139 34
2.3125 14.5000 5.9460 180 120 60
13.6250 -12.0000 0.8030 30 144 255
-5.6875 -2.5000 3.0750 180 120 60
4.0625 10.5000 6.0790 180 120 60
-0.9375 9.0000 5.8690 180 120 60
21.6875 17.5000 16.5030 34 139 34
10.6250 -24.5000 3.0420 34 139 34
2.4375 9.5000 6.0080 180 120 60
-8.9375 -22.5000 3.4870 180 120 60
-17.6875 2.0000 3.0390 180 120 60
6.8750 6.0000 6.1610 180 120 60
5.8750 -20.0000 19.9190 34 139 34
-10.6250 -21.5000 3.4120 180 120 60
6.6875 -20.5000 10.6580 34 139 34
-10.5000 -20.0000 3.3290 180 120 60
24.3750 21.5000 8.4740 34 139 34
-1.3750 11.5000 5.9230 180 120 60
-8.8125 -9.5000 3.2160 180 120 60
1.6250 -1.0000 11.3140 34 139 34
-3.9375 10.0000 6.0590 34 139 34
3.5000 -7.0000 15.2850 34 139 34
-16.2500 -13.0000 3.3600 180 120 60
-22.7500 -5.0000 3.2480 180 120 60
-18.9375 -21.0000 16.0550 34 139 34
20.4375 -6.5000 2.0030 34 139 34
4.0625 20.5000 11.2980 34 139 34
-22.4375 -8.5000 3.3520 180 120 60
-2.0625 17.5000 5.8110 180 120 60
-16.5000 -1.0000 3.1030 180 120 60
13.6875 7.0000 6.3530 180 120 60
-15.6250 12.0000 6.4180 34 139 34
0.1875 11.0000 5.9100 180 120 60
-14.3125 -12.0000 3.3030 180 120 60
16.3750 -21.5000 2.5910 34 139 34
19.7500 12.0000 6.0010 34 139 34
20.8125 25.0000 15.1670 34 139 34
13.2500 18.0000 10.9290 34 139 34
12.5000 0.5000 1.4890 180 120 60
7.9375 -8.5000 6.8740 34 139 34
21.6250 6.5000 6.6110 255 165 0
-18.3125 -3.0000 3.1810 180 120 60
2.4375 25.0000 3.8150 180 120 60
-22.4375 -19.5000 16.5760 34 139 34
-23.3750 -2.0000 3.1620 180 120 60
-8.5000 -17.5000 3.2450 180 120 60
15.0000 -16.0000 5.9960 34 139 34
-12.0000 -17.5000 3.2680 180 120 60
-2.0625 -16.0000 16.8940 34 139 34
-12.3750 5.0000 2.9300 180 120 60
-20.3125 -6.5000 3.2560 180 120 60
-8.8125 9.5000 7.1810 34 139 34
-4.1250 4.5000 18.8120 34 139 34
-15.8750 21.5000 5.4010 180 120 60
19.0625 -14.0000 2.0290 180 120 60
-10.5625 6.0000 4.2290 34 139 34
-0.3125 19.5000 11.3380 34 139 34
2.8750 23.0000 9.8090 34 139 34
3.6875 -19.0000 17.7350 34 139 34
-21.8750 -1.0000 3.1310 180 120 60
0.1250 18.5000 9.7920 34 139 34
-17.5000 -15.5000 3.4380 180 120 60
22.5000 0.5000 6.5720 255 165 0
-10.0625 -13.5000 3.1880 180 120 60
20.0625 18.0000 0.2750 30 144 255
21.1875 -22.0000 3.1140 34 139 34
-5.1875 1.5000 11.0240 34 139 34
-23.0625 12.0000 3.0630 180 120 60
18.6250 4.5000 6.4310 255 165 0
11.1250 4.5000 6.3340 180 120 60
-10.1875 -4.5000 3.1250 180 120 60
20.3750 -0.5000 6.4390 255 165 0
-13.5000 -20.0000 3.3540 180 120 60
-12.7500 -19.5000 3.3350 180 120 60
-5.0000 7.0000 13.3950 34 139 34
-6.5625 -23.0000 5.4110 220 50 50
4.8750 -13.0000 15.6410 34 139 34
-7.3750 -5.0000 3.1480 180 120 60
4.0000 5.5000 13.5360 34 139 34
10.1875 12.0000 7.8460 34 139 34
-8.3125 11.5000 7.5160 34 139 34
4.8750 -15.5000 18.8940 34 139 34
-13.0000 21.5000 5.4010 180 120 60
6.3750 -6.5000 10.5080 34 139 34
-23.5625 12.0000 3.0730 180 120 60
-22.0000 18.0000 5.9550 34 139 34
-11.8750 25.5000 9.0690 34 139 34
-8.6875 16.5000 5.6640 180 120 60
22.4375 -14.0000 2.8860 34 139 34
-14.2500 -23.0000 6.5120 34 139 34
-5.3125 -11.0000 3.0120 180 120 60
-13.1250 -20.0000 3.3460 180 120 60
9.3750 5.0000 6.2660 180 120 60
5.3125 4.5000 13.2810 34 139 34
2.6250 23.0000 3.7850 180 120 60
10.5000 10.0000 6.2470 180 120 60
2.9375 -24.0000 7.0410 34 139 34
17.6875 -14.5000 6.1500 34 139 34
-12.6250 20.5000 5.3770 180 120 60
-2.5000 7.0000 14.9850 34 139 34
-15.5625 4.5000 2.9110 180 120 60
-7.8125 22.0000 5.4620 180 120 60
-21.0625 -13.0000 3.4130 180 120 60
17.6875 5.5000 6.4520 255 165 0
-4.0625 -20.5000 6.0370 34 139 34
17.0000 1.0000 6.3990 255 165 0
18.0625 -15.0000 6.7820 34 139 34
9.4375 5.0000 6.2990 128 128 128
-24.6250 17.5000 5.8890 220 50 50
19.8750 0.5000 6.4610 255 165 0
-19.5625 2.5000 3.0320 180 120 60
-21.1250 22.0000 5.2250 180 120 60
-11.5000 5.5000 2.9330 180 120 60
-0.5625 24.5000 10.5230 34 139 34
-14.3750 -18.0000 3.4810 180 120 60
22.2500 -9.0000 2.6320 180 120 60
4.3125 -3.5000 13.6610 34 139 34
-7.2500 16.5000 5.7260 180 120 60
-1.9375 -15.5000 17.5190 34 139 34
8.5625 1.0000 7.0010 34 139 34
23.2500 -11.5000 2.1610 180 120 60
-9.7500 8.5000 6.3320 34 139 34
5.8125 -13.0000 17.8550 34 139 34
-17.0625 17.0000 5.2330 180 120 60
-20.9375 -3.0000 3.1360 180 120 60
-15.4375 -14.0000 3.4070 180 120 60
6.1250 11.0000 6.0510 180 120 60
15.2500 16.0000 8.1770 34 139 34
-18.6250 18.0000 5.2180 180 120 60
5.5625 -19.5000 22.0430 34 139 34
18.6250 7.0000 6.5490 255 165 0
4.5625 -11.5000 11.3570 34 139 34
1.1250 -0.5000 17.0490 34 139 34
24.8125 5.0000 18.7750 34 139 34
-15.5000 -2.0000 3.0850 180 120 60
-21.5000 -15.5000 3.3810 180 120 60
-16.8125 7.0000 8.5900 34 139 34
-15.4375 -20.5000 6.3090 34 139 34
8.5000 -7.5000 14.4570 34 139 34
21.8750 8.5000 11.0860 34 139 34
20.0625 15.0000 17.2470 34 139 34
-9.3750 -5.5000 3.1290 180 120 60
-15.8750 -2.5000 3.0960 180 120 60
11.8125 -23.0000 6.7540 34 139 34
3.2500 -7.5000 7.8700 34 139 34
8.6250 -19.5000 7.1600 34 139 34
-2.0625 -6.5000 3.4350 34 139 34
-23.0000 11.0000 3.0490 180 120 60
6.8125 0.5000 12.6160 34 139 34
1.8750 -21.5000 6.7840 220 50 50
-0.2500 -10.0000 16.6350 34 139 34
-19.5625 13.5000 7.7570 34 139 34
-18.5625 -10.0000 3.3330 180 120 60
-16.6250 -8.5000 3.2750 180 120 60
-17.5000 -10.5000 3.2950 180 120 60
5.7500 -20.0000 21.5010 34 139 34
6.0625 16.0000 11.1770 34 139 34
-16.6250 19.0000 5.3660 180 120 60
22.4375 6.0000 15.2350 34 139 34
-20.5000 -20.5000 18.6620 34 139 34
-4.6250 2.5000 17.5730 34 139 34
7.9375 -7.5000 15.0350 34 139 34
20.5000 -0.5000 6.4950 255 165 0
-3.3125 -4.5000 3.0670 180 120 60
-17.5000 5.0000 8.4060 34 139 34
10.8125 20.0000 3.6090 180 120 60
20.4375 19.0000 16.8310 34 139 34
-13.3125 -16.0000 3.3590 180 120 60
24.0000 12.5000 16.0620 34 139 34
4.1875 6.5000 12.5220 34 139 34
21.7500 12.5000 12.4320 34 139 34
-5.4375 -9.0000 3.1210 180 120 60
10.3750 21.0000 3.5960 180 120 60
9.0000 -4.5000 12.0500 34 139 34
-2.7500 -20.0000 3.5030 180 120 60
-22.3125 -14.5000 3.3380 180 120 60
-7.3125 1.5000 3.0250 180 120 60
-9.0000 -10.5000 3.2290 180 120 60
-21.3125 -0.5000 3.0990 180 120 60
-18.6250 -24.5000 16.3610 34 139 34
24.5625 -22.0000 6.8610 34 139 34
-18.0000 -4.5000 3.1320 180 120 60
-7.8750 -11.5000 3.1640 180 120 60
10.0625 7.0000 6.2840 180 120 60
11.8125 0.5000 5.3840 34 139 34
-7.2500 -15.0000 3.1440 180 120 60
4.9375 9.0000 6.1530 180 120 60
-17.5000 14.5000 7.4160 34 139 34
-24.0625 -10.0000 3.3670 180 120 60
23.1875 -2.5000 6.4750 255 165 0
3.8750 -11.0000 11.7650 34 139 34
-14.0000 21.5000 5.3530 180 120 60
-13.8750 -16.5000 3.3890 180 120 60
2.9375 -13.5000 14.4460 34 139 34
18.5000 -22.5000 3.0440 34 139 34
24.0625 20.5000 8.0300 34 139 34
0.6875 -24.5000 6.8150 220 50 50
20.6875 8.5000 8.5180 34 139 34
-13.8750 12.5000 3.8470 180 120 60
22.8750 -9.5000 2.5920 34 139 34
-0.8750 7.5000 5.7620 180 120 60
16.0000 6.0000 6.4190 255 165 0
3.2500 23.0000 8.1680 34 139 34
-24.1250 -24.0000 17.1780 34 139 34
18.0000 24.0000 9.5110 34 139 34
-6.1250 -16.0000 14.3840 34 139 34
21.5000 -0.5000 6.5060 255 165 0
7.0000 -20.5000 22.0230 34 139 34
5.5000 5.5000 6.1490 34 139 34
-17.8125 1.5000 3.0050 180 120 60
18.3125 -14.0000 2.2680 34 139 34
-3.8125 4.0000 18.0290 34 139 34
23.8750 3.0000 20.0560 34 139 34
-19.7500 9.0000 2.9020 180 120 60
-14.5000 10.0000 6.3270 34 139 34
0.3125 25.0000 8.7440 34 139 34
-8.6250 -6.0000 3.1590 180 120 60
-20.8125 -8.5000 3.2760 180 120 60
17.9375 16.5000 14.8120 34 139 34
-18.5000 -20.0000 6.5470 34 139 34
-0.5625 16.0000 5.7900 180 120 60
9.8125 -6.0000 6.3210 34 139 34
21.3750 -2.0000 6.4830 255 165 0
-24.1875 -21.5000 12.1950 34 139 34
-5.8750 11.0000 5.6220 180 120 60
-5.1875 3.0000 12.5210 34 139 34
-0.9375 1.5000 17.5570 34 139 34
20.6250 -15.5000 4.7720 34 139 34
-17.4375 -2.5000 3.1080 180 120 60
-3.4375 -15.5000 16.5950 34 139 34
-21.1250 13.5000 7.4180 34 139 34
0.8125 -7.0000 9.0870 34 139 34
15.6250 23.5000 9.7700 34 139 34
15.3750 18.5000 11.5800 34 139 34
-1.3750 3.0000 20.0470 34 139 34
-5.2500 9.5000 5.6380 34 139 34
-19.7500 3.5000 2.9330 180 120 60
-20.0000 1.0000 3.0330 180 120 60
4.9375 -14.5000 16.6650 34 139 34
-16.2500 11.5000 6.4300 34 139 34
18.8750 3.5000 6.4810 255 165 0
-0.6875 -4.0000 3.1520 180 120 60
0.2500 2.5000 16.0900 34 139 34
-14.6875 -6.5000 3.1730 180 120 60
-4.6250 6.0000 18.7210 34 139 34
-0.6250 -4.0000 3.2850 180 120 60
-0.1250 2.5000 16.4780 34 139 34
-8.6875 -4.0000 3.1230 180 120 60
15.1875 -17.5000 7.0720 34 139 34
-22.6875 21.0000 5.2350 180 120 60
-4.5625 4.5000 17.4890 34 139 34
-21.0625 -1.0000 3.1250 180 120 60
0.6250 -14.5000 15.7450 34 139 34
5.7500 9.5000 6.1690 180 120 60
-3.6875 -21.5000 3.5620 180 120 60
12.3125 8.5000 6.3450 180 120 60
-17.9375 4.0000 2.9900 180 120 60
24.1250 -19.5000 3.3700 180 120 60
12.3125 -14.5000 4.8980 34 139 34
17.8750 -16.5000 6.9420 34 139 34
22.5000 -7.0000 2.9850 34 139 34
-22.1875 -11.5000 3.4170 180 120 60
14.6250 24.5000 11.2650 34 139 34
11.0625 3.5000 6.3450 180 120 60
22.1250 24.0000 8.5430 34 139 34
-14.8750 9.0000 5.0750 34 139 34
21.5625 -12.0000 2.8540 34 139 34
-14.2500 -23.5000 5.7620 34 139 34
12.8125 -12.5000 8.0420 34 139 34
2.6875 -3.0000 8.5190 34 139 34
-19.9375 -20.5000 3.3620 180 120 60
7.4375 -15.5000 20.9860 34 139 34
-21.3125 -7.5000 3.3320 180 120 60
-17.9375 22.0000 5.3490 180 120 60
-13.3750 -22.5000 5.5650 34 139 34
16.8750 22.5000 13.0620 34 139 34
-18.1250 -11.5000 3.2790 180 120 60
-21.0000 10.0000 2.9730 180 120 60
-12.5000 -21.5000 3.3810 180 120 60
-20.8750 -21.5000 19.9330 34 139 34
19.2500 -21.0000 2.8960 34 139 34
10.8750 -4.0000 2.5720 34 139 34
-14.5625 11.5000 6.4210 34 139 34
-8.5000 12.5000 8.1920 34 139 34
-2.6250 2.5000 17.4240 34 139 34
1.3125 -0.5000 16.7860 34 139 34
-3.8125 8.5000 5.1920 180 120 60
3.8125 -1.0000 14.3690 34 139 34
-19.7500 21.0000 5.2780 180 120 60
23.5625 16.0000 0.3560 34 139 34
-14.8125 6.5000 6.6930 34 139 34
22.0000 1.5000 6.5590 255 165 0
-17.9375 -14.0000 3.3900 180 120 60
12.1250 14.0000 10.7570 34 139 34
13.1875 20.0000 14.4210 34 139 34
-5.1875 2.0000 12.8160 34 139 34
-5.3750 -19.5000 6.4560 220 50 50
-14.8125 -16.5000 3.4200 180 120 60
-12.6875 -17.5000 3.4000 180 120 60
-7.9375 12.5000 5.6010 180 120 60
-21.3750 -9.0000 3.3210 180 120 60
-9.5000 -6.5000 3.1320 180 120 60
-22.5625 -17.5000 13.2370 34 139 34
-10.9375 15.0000 5.6350 180 120 60
22.0000 -9.0000 2.4580 34 139 34
-9.1250 -14.5000 3.2220 180 120 60
-5.0000 -5.0000 3.0310 180 120 60
24.8125 -23.5000 7.6500 34 139 34
4.8125 24.5000 3.7330 180 120 60
-2.2500 -24.0000 6.4140 34 139 34
-23.6875 1.5000 3.0870 180 120 60
-15.5000 -22.0000 6.7470 34 139 34
-21.3750 8.0000 3.0650 180 120 60
-19.5625 -8.5000 3.3140 180 120 60
-22.8125 6.5000 2.8910 180 120 60
0.9375 2.5000 17.9950 34 139 34
-13.4375 -9.5000 3.2650 180 120 60
-1.6250 3.5000 19.7150 34 139 34
-1.6250 -1.5000 6.2110 34 139 34
1.7500 10.0000 5.9720 180 120 60
21.6250 -20.0000 2.8210 34 139 34
24.8125 15.5000 11.3900 34 139 34
8.5000 -17.5000 5.0070 34 139 34
13.5625 1.5000 6.5470 255 165 0
15.3750 21.5000 15.8010 34 139 34
-12.0625 -22.0000 3.6670 180 120 60
4.1875 -10.0000 11.0580 34 139 34
-20.8125 14.5000 6.9580 34 139 34
-15.1250 17.5000 5.4460 180 120 60
-14.2500 3.5000 2.9920 180 120 60
-13.5625 -12.0000 3.3030 180 120 60
-17.3125 20.5000 5.3500 180 120 60
15.1875 -24.0000 5.9320 34 139 34
20.0000 22.5000 8.3700 34 139 34
-23.9375 19.5000 6.7720 34 139 34
14.2500 12.0000 9.6530 34 139 34
-13.3750 -18.0000 3.3010 180 120 60
-23.5000 -8.5000 3.3380 180 120 60
3.3750 -9.5000 11.5260 34 139 34
23.8125 13.0000 0.2750 30 144 255
-8.8125 -21.0000 3.3940 180 120 60
-24.6250 22.5000 5.2100 34 139 34
11.7500 19.5000 7.1020 34 139 34
0.5625 -12.5000 15.7110 34 139 34
15.2500 -18.5000 6.8220 34 139 34
11.6250 -2.5000 1.4420 34 139 34
-15.3125 -19.5000 3.3600 180 120 60
-11.0000 -18.5000 3.2960 180 120 60
-3.4375 -24.5000 6.3540 220 50 50
12.0625 -5.5000 0.7490 30 144 255
21.5625 -16.0000 2.3820 180 120 60
-12.1875 12.0000 10.4450 34 139 34
-16.5625 5.5000 2.9630 180 120 60
-10.4375 19.0000 5.5810 180 120 60
0.5625 -4.0000 8.9540 34 139 34
11.3750 -3.5000 2.3600 34 139 34
4.5625 1.0000 15.7160 34 139 34
17.5625 -19.0000 5.3330 34 139 34
22.0000 -15.5000 2.4450 180 120 60
8.5000 -17.5000 9.9820 34 139 34
8.5000 16.5000 11.7260 34 139 34
5.0000 -12.0000 15.1900 34 139 34
-9.5000 -13.0000 3.2170 180 120 60
14.8125 18.0000 10.8670 34 139 34
4.1250 -10.5000 14.7250 34 139 34
18.4375 -15.5000 7.9290 34 139 34
9.1875 -0.5000 11.5230 34 139 34
7.9375 -2.0000 14.6640 34 139 34
18.1250 19.0000 7.2200 34 139 34
-11.7500 7.0000 3.0210 180 120 60
-0.2500 1.0000 16.8060 34 139 34
-2.0625 17.5000 8.2420 34 139 34
-21.0000 12.5000 5.5530 34 139 34
-9.7500 -13.5000 3.1900 180 120 60
12.6250 -23.5000 6.2350 34 139 34
-10.6250 -3.0000 3.1130 180 120 60
2.9375 14.5000 9.4400 34 139 34
0.7500 24.5000 3.9840 180 120 60
20.1250 -10.5000 2.3220 34 139 34
14.7500 7.5000 6.3750 180 120 60
-3.4375 -2.0000 2.9670 180 120 60
20.0000 18.0000 16.8840 34 139 34
18.3125 16.0000 6.0690 34 139 34
12.8125 19.5000 9.2270 34 139 34
3.8750 -15.0000 18.5920 34 139 34
-17.1250 -21.5000 16.2670 34 139 34
8.3750 -15.5000 17.3060 34 139 34
3.5625 -13.5000 18.6570 34 139 34
-7.1875 10.5000 6.5700 34 139 34
9.8750 -9.0000 11.9250 34 139 34
-12.8750 19.5000 5.4810 180 120 60
-19.8125 6.0000 2.9760 180 120 60
-16.4375 10.5000 4.8440 34 139 34
22.3750 15.0000 12.0160 34 139 34
-21.6875 -9.5000 3.3780 180 120 60
-5.0000 -2.0000 2.9940 180 120 60
4.1875 21.0000 10.7880 34 139 34
-7.1250 6.5000 7.7600 34 139 34
-12.3750 0.0000 2.9740 180 120 60
1.0000 -16.0000 14.1500 34 139 34
-16.1875 8.0000 2.8260 180 120 60
-5.8125 -23.0000 3.4630 180 120 60
-23.5625 -21.5000 5.1950 180 120 60
4.8750 -18.5000 18.7090 34 139 34
18.2500 -21.0000 2.0480 180 120 60
-12.9375 17.5000 5.5050 180 120 60
-22.3125 -10.5000 3.3810 180 120 60
11.8750 -11.5000 3.4460 34 139 34
-23.9375 5.0000 2.9250 180 120 60
8.6875 -6.0000 7.6830 34 139 34
-7.3750 -3.0000 3.0980 180 120 60
-9.8125 23.5000 5.4670 180 120 60
23.2500 16.5000 6.1730 34 139 34
-18.8750 7.5000 2.9300 180 120 60
-0.0625 -19.0000 3.7800 180 120 60
23.8750 21.0000 8.8120 34 139 34
-14.3125 15.0000 5.2730 180 120 60
11.6875 -12.0000 8.2790 34 139 34
-4.6875 -20.5000 3.4440 180 120 60
5.1250 -17.5000 16.5830 34 139 34
7.1875 -5.0000 12.0890 34 139 34
7.2500 22.0000 8.3460 34 139 34
8.8125 7.0000 7.3200 128 128 128
-21.0000 -19.5000 21.0660 34 139 34
0.6250 14.5000 5.8620 180 120 60
-5.6875 -10.0000 3.1360 180 120 60
-11.4375 7.5000 5.4650 34 139 34
2.4375 17.0000 10.3940 34 139 34
20.6250 24.0000 4.3590 34 139 34
2.6250 25.0000 3.7050 180 120 60
-11.8125 -24.0000 3.7380 180 120 60
22.1875 -24.0000 3.6290 34 139 34
23.9375 -11.5000 2.8640 34 139 34
19.3750 23.0000 5.3870 34 139 34
-21.0625 -19.0000 15.9980 34 139 34
-20.0000 -17.5000 3.2870 180 120 60
-0.5000 11.5000 5.9340 180 120 60
-18.3125 6.5000 6.9220 34 139 34
10.5000 -11.5000 5.0600 34 139 34
11.8750 -23.5000 6.0320 34 139 34
0.5000 4.5000 14.0860 34 139 34
6.2500 -16.0000 20.6040 34 139 34
-15.7500 -6.0000 3.1530 180 120 60
-17.0625 -21.5000 13.6460 34 139 34
3.7500 4.5000 5.3190 180 120 60
-4.3125 -18.0000 14.0890 34 139 34
1.1250 -19.5000 7.0320 220 50 50
-4.3125 7.5000 4.9450 180 120 60
8.0625 14.0000 11.7500 34 139 34
-7.9375 13.0000 5.7620 180 120 60
4.5000 -8.5000 15.7690 34 139 34
-3.7500 7.5000 13.4640 34 139 34
9.8125 -14.0000 9.0850 34 139 34
-2.4375 23.0000 11.2790 34 139 34
9.0000 1.0000 7.9060 34 139 34
7.1875 -17.5000 20.7640 34 139 34
24.3125 -2.5000 6.5120 255 165 0
11.3125 -4.5000 2.0030 34 139 34
-22.4375 -21.5000 17.3500 34 139 34
9.2500 5.0000 6.2810 180 120 60
0.0000 -7.0000 7.5990 34 139 34
3.6250 -9.0000 15.7860 34 139 34
19.6875 6.5000 6.5410 255 165 0
16.2500 -21.0000 2.5410 34 139 34
24.5625 21.5000 8.4310 34 139 34
14.8750 1.5000 6.5430 255 165 0
18.1250 -23.5000 3.3490 34 139 34
-1.0625 2.5000 18.4120 34 139 34
-13.1875 -14.5000 3.3490 180 120 60
-12.4375 1.0000 2.9910 180 120 60
-5.3125 7.5000 14.0470 34 139 34
23.5625 -14.5000 2.9730 34 139 34
4.7500 -14.0000 16.0020 34 139 34
-5.1875 0.5000 3.4940 34 139 34
16.3750 15.0000 7.6820 34 139 34
5.0625 -20.0000 5.3380 34 139 34
2.3750 -10.5000 12.3710 34 139 34
-15.3750 4.5000 2.9120 180 120 60
-21.4375 4.5000 3.0090 180 120 60
22.1875 5.5000 6.6550 255 165 0
7.0625 -8.5000 15.8740 34 139 34
-20.8125 -9.5000 3.2920 180 120 60
8.7500 -6.0000 10.3430 34 139 34
4.3125 -5.0000 6.6530 34 139 34
7.5625 -15.5000 21.0010 34 139 34
11.8125 -14.0000 7.8680 34 139 34
22.1250 -10.5000 2.1440 180 120 60
-8.7500 -1.5000 3.0890 180 120 60
-10.1875 -21.0000 3.3360 180 120 60
-6.9375 -21.0000 3.3360 180 120 60
-1.7500 14.5000 5.7750 180 120 60
-9.9375 17.0000 5.6380 180 120 60
-13.0000 -23.5000 3.9060 180 120 60
-6.5625 1.0000 2.9910 180 120 60
9.3750 19.5000 9.3470 34 139 34
21.0000 14.0000 12.8160 34 139 34
17.8750 25.0000 1.0430 180 120 60
-20.5000 23.0000 5.2000 180 120 60
24.1250 11.5000 16.3280 34 139 34
-17.1875 -6.5000 3.2540 180 120 60
24.2500 -4.5000 6.6730 255 165 0
-17.4375 -24.0000 12.8140 34 139 34
-11.8750 23.5000 8.4610 34 139 34
-4.9375 5.5000 18.6000 34 139 34
-6.5625 19.0000 5.5180 180 120 60
12.8125 13.5000 11.1150 34 139 34
-14.5625 13.0000 10.9790 34 139 34
22.3125 20.5000 9.1210 34 139 34
3.8125 6.5000 12.6550 34 139 34
-1.4375 -4.0000 5.0800 34 139 34
-16.5000 -20.0000 14.1520 34 139 34
22.7500 13.0000 0.2140 30 144 255
-5.5000 12.5000 5.8360 180 120 60
19.0625 16.0000 14.0800 34 139 34
-7.1875 -4.0000 3.1240 180 120 60
-16.7500 -7.5000 3.2680 180 120 60
-11.8125 0.0000 3.0480 180 120 60
8.0000 -13.0000 10.9800 34 139 34
-18.6875 6.5000 2.9600 180 120 60
8.6875 24.5000 3.5220 180 120 60
3.3125 -13.0000 13.2500 34 139 34
3.8750 -24.0000 7.5490 34 139 34
-17.5000 -18.0000 3.4520 180 120 60
7.9375 14.5000 11.5010 34 139 34
-18.8125 22.5000 5.3290 180 120 60
17.0000 -18.0000 7.3010 34 139 34
11.1250 -14.5000 9.6920 34 139 34
-18.0625 -17.0000 3.4160 180 120 60
-1.8125 12.0000 5.9130 180 120 60
-13.3125 -19.0000 3.2790 180 120 60
15.2500 -21.5000 0.8470 30 144 255
7.6875 -11.5000 10.7740 34 139 34
-0.3750 -11.5000 12.8720 34 139 34
-18.0000 -18.5000 11.1910 34 139 34
16.9375 10.0000 7.6770 34 139 34
8.8125 -17.0000 10.3750 34 139 34
-5.9375 -24.0000 5.5080 220 50 50
-2.0625 25.5000 4.2680 180 120 60
-1.7500 -2.0000 6.1990 34 139 34
5.9375 12.0000 6.0760 180 120 60
24.1250 16.5000 9.4470 34 139 34
-21.6875 20.0000 5.1210 180 120 60
13.4375 7.5000 6.3640 180 120 60
-12.1875 -15.5000 3.3690 180 120 60
2.2500 4.0000 16.3780 34 139 34
-22.5000 0.0000 3.0650 180 120 60
-23.7500 6.5000 2.9490 180 120 60
5.0000 4.0000 14.4800 34 139 34
-8.0625 -14.5000 3.1160 180 120 60
14.5625 20.0000 15.1610 34 139 34
9.7500 7.0000 6.3060 180 120 60
21.5000 20.5000 9.2710 34 139 34
6.1875 -18.0000 22.0920 34 139 34
10.8750 -24.0000 3.5430 34 139 34
7.0625 -3.5000 9.6790 34 139 34
-18.0625 -23.0000 15.6110 34 139 34
16.3125 -24.0000 5.6060 34 139 34
25.0625 -22.5000 6.9450 34 139 34
-16.2500 -3.5000 3.1190 180 120 60
9.4375 -6.0000 8.7740 34 139 34
19.9375 -4.0000 0.7590 180 120 60
-9.0625 -6.0000 3.1540 180 120 60
19.7500 -10.0000 2.1610 34 139 34
-3.0625 19.0000 9.7350 34 139 34
11.7500 5.0000 6.3840 180 120 60
-3.5000 -7.5000 3.0530 180 120 60
-15.0625 19.0000 5.4100 180 120 60
12.0625 -2.0000 0.9830 180 120 60
-5.8750 -6.0000 3.0230 180 120 60
18.6250 2.5000 6.5010 255 165 0
-10.6875 -24.0000 3.5960 180 120 60
-14.7500 1.5000 3.0260 180 120 60
-23.8125 -15.5000 3.3920 34 139 34
-5.5625 16.0000 5.7100 180 120 60
0.5625 -24.0000 6.9550 220 50 50
-4.5625 3.5000 15.7550 34 139 34
-19.1250 13.0000 7.8310 34 139 34
10.8750 24.5000 3.6490 180 120 60
3.8750 -11.0000 13.9210 34 139 34
13.1875 -13.0000 8.2410 34 139 34
-1.6875 18.5000 12.0170 34 139 34
-13.0625 10.5000 10.2010 34 139 34
0.3750 7.0000 5.5700 180 120 60
-8.7500 5.5000 6.3260 34 139 34
-6.7500 -3.5000 3.1270 180 120 60
12.0000 -16.0000 5.7300 34 139 34
5.8750 -20.0000 21.8240 34 139 34
-5.0000 11.5000 5.8410 180 120 60
-2.6250 25.5000 8.1110 34 139 34
-12.7500 -19.5000 3.3410 180 120 60
-6.8125 -3.0000 3.0590 180 120 60
-0.5625 14.5000 5.8100 180 120 60
16.8750 23.5000 11.3290 34 139 34
-22.0625 20.0000 5.1110 180 120 60
14.9375 -10.5000 0.8100 30 144 255
-21.5000 12.0000 2.9400 180 120 60
1.0000 16.5000 10.8860 34 139 34
-3.3125 15.0000 5.8500 180 120 60
-19.6250 19.0000 5.2070 180 120 60
8.8750 17.0000 11.4310 34 139 34
5.6250 -15.5000 19.2390 34 139 34
-8.0000 -22.5000 3.4340 180 120 60
7.4375 -22.5000 10.9330 34 139 34
0.0625 8.5000 5.9170 180 120 60
-9.9375 12.0000 7.4210 34 139 34
19.8125 14.0000 12.9360 34 139 34
-11.7500 -1.5000 2.9870 180 120 60
-2.0000 7.0000 5.3400 180 120 60
5.3750 -4.0000 9.9610 34 139 34
-9.7500 -19.0000 3.3270 180 120 60
-15.5625 -3.0000 3.0460 180 120 60
10.0000 24.5000 8.7470 34 139 34
-1.8125 25.0000 8.9660 34 139 34
11.3750 -1.0000 4.1010 34 139 34
22.2500 5.0000 17.0030 34 139 34
-1.8750 2.0000 15.8560 34 139 34
-16.3125 18.5000 5.3060 180 120 60
19.3125 23.5000 9.3380 34 139 34
23.5625 -16.5000 3.3440 180 120 60
-22.0000 2.0000 3.0720 180 120 60
-20.0000 4.0000 2.9940 180 120 60
24.1875 -6.0000 3.6160 34 139 34
-16.7500 17.0000 5.3040 180 120 60
3.8750 -9.0000 15.4210 34 139 34
11.7500 25.5000 15.7200 34 139 34
24.7500 19.5000 4.2840 34 139 34
-20.5625 21.0000 5.2330 180 120 60
10.4375 -0.5000 12.0010 34 139 34
-17.6250 -13.5000 3.3240 180 120 60
-23.1875 -22.0000 15.0690 34 139 34
9.4375 -2.5000 13.0290 34 139 34
-14.6250 -11.5000 3.3180 180 120 60
-24.5000 19.0000 7.3060 34 139 34
5.3125 -20.5000 17.1350 34 139 34
15.8750 17.0000 8.8500 34 139 34
-17.1875 22.0000 5.2960 180 120 60
-0.8750 7.5000 5.5590 180 120 60
-12.8750 -18.0000 3.2550 180 120 60
2.3125 -5.5000 8.8890 34 139 34
20.6250 22.0000 7.8270 34 139 34
-23.0000 22.0000 5.1270 180 120 60
4.8750 15.5000 11.5430 34 139 34
-7.0625 7.5000 6.2990 34 139 34
-15.5625 14.5000 5.2530 34 139 34
-7.5625 -6.0000 3.1190 180 120 60
3.9375 -14.5000 15.1530 34 139 34
11.9375 11.0000 6.4770 180 120 60
-17.3750 -12.5000 3.3630 180 120 60
-15.2500 9.0000 6.7190 34 139 34
21.1875 -10.0000 2.4070 34 139 34
-8.6875 0.0000 3.0430 180 120 60
2.5625 -7.0000 6.4930 34 139 34
19.9375 -16.0000 6.5950 34 139 34
-0.6875 -6.5000 7.7060 34 139 34
-19.5625 -23.5000 15.0890 34 139 34
18.8750 13.5000 11.4540 34 139 34
8.6250 13.0000 10.1150 34 139 34
21.5000 -23.5000 3.5270 34 139 34
24.5625 -16.5000 3.4610 34 139 34
16.3750 3.0000 6.3490 255 165 0
8.3750 0.5000 10.9850 34 139 34
-21.0625 -24.5000 19.2570 34 139 34
3.3125 18.5000 11.8240 34 139 34
23.4375 20.0000 8.5600 34 139 34
-14.5000 -10.0000 3.2570 180 120 60
-15.8750 7.0000 10.8100 34 139 34
-19.1250 -16.5000 6.9250 34 139 34
7.7500 -1.0000 14.1660 34 139 34
-17.1250 -11.5000 3.3030 180 120 60
23.2500 8.0000 11.5240 34 139 34
-20.2500 -12.0000 3.3710 180 120 60
22.4375 11.5000 12.5960 34 139 34
16.6875 19.0000 13.0740 34 139 34
-6.0625 -17.0000 14.1130 34 139 34
2.5625 -2.0000 10.9190 34 139 34
-7.6250 13.5000 5.7370 180 120 60
-13.5625 4.5000 2.9710 180 120 60
6.7500 0.5000 12.5790 34 139 34
4.1875 -19.5000 21.4690 34 139 34
18.1875 16.0000 14.5810 34 139 34
-6.7500 15.0000 5.7540 180 120 60
-0.5625 -17.0000 14.5590 34 139 34
-8.6875 11.0000 7.6440 34 139 34
-0.1250 23.0000 10.5820 34 139 34
-2.1875 -2.5000 7.7110 34 139 34
-4.0625 -5.0000 3.0590 180 120 60
2.5000 0.5000 17.0120 34 139 34
16.3750 -18.5000 7.0550 34 139 34
11.1875 12.0000 15.4010 128 128 128
17.3750 0.5000 6.3480 255 165 0
10.0000 -10.0000 12.0030 34 139 34
-7.9375 13.0000 5.7380 180 120 60
4.4375 -20.0000 6.2750 220 50 50
-0.8125 11.0000 5.9560 180 120 60
-4.7500 -7.0000 2.9990 180 120 60
2.9375 20.0000 11.3240 34 139 34
23.8125 -14.0000 2.7970 34 139 34
3.8125 -13.0000 14.1050 34 139 34
11.5000 -2.0000 1.9250 34 139 34
5.9375 -19.5000 22.1920 34 139 34
7.4375 -19.0000 13.0210 34 139 34
11.9375 -8.0000 4.6180 34 139 34
-16.6875 -14.5000 3.3310 180 120 60
-9.9375 -16.0000 3.1990 180 120 60
-24.6250 18.5000 8.4860 34 139 34
0.5000 1.5000 18.0980 34 139 34
15.3125 -17.0000 7.5680 34 139 34
-12.1875 -22.5000 5.4440 34 139 34
9.4375 8.5000 6.2880 180 120 60
-18.2500 -2.0000 3.0750 180 120 60
-19.8125 8.5000 2.9050 180 120 60
9.4375 -1.0000 13.0070 34 139 34
0.1875 -6.0000 8.8950 34 139 34
17.6875 12.0000 8.7070 34 139 34
-18.3750 2.0000 3.0160 180 120 60
-11.3750 -14.0000 3.2780 180 120 60
-14.6250 -19.5000 3.3680 180 120 60
-8.5000 24.5000 8.6130 34 139 34
-11.1875 14.5000 5.5170 180 120 60
0.3750 -11.5000 17.0540 34 139 34
7.1875 -19.0000 13.3710 34 139 34
-22.6250 -1.5000 3.1640 180 120 60
-10.8750 8.0000 6.2910 34 139 34
-9.1250 -12.0000 3.2130 180 120 60
14.7500 17.0000 11.3810 34 139 34
25.1250 2.0000 17.5890 34 139 34
-13.0000 -24.5000 3.7730 180 120 60
-15.3125 13.0000 3.8880 180 120 60
22.5000 3.0000 18.6770 34 139 34
-0.7500 25.0000 4.1680 180 120 60
-15.5000 -3.5000 3.1170 180 120 60
2.0000 11.5000 6.0420 180 120 60
21.3750 -11.0000 2.4010 34 139 34
15.7500 0.0000 6.5200 255 165 0
-5.6250 24.5000 8.6720 34 139 34
23.3750 13.5000 12.2200 34 139 34
3.1250 5.5000 13.6890 34 139 34
-18.5000 -11.5000 3.3340 180 120 60
-3.6250 6.0000 17.6640 34 139 34
-2.3750 3.0000 19.6260 34 139 34
6.1250 15.5000 11.1740 34 139 34
-19.4375 1.0000 3.0730 180 120 60
-12.6875 -7.0000 3.1940 180 120 60
-1.4375 -7.5000 3.1680 180 120 60
8.6875 -16.5000 15.4490 34 139 34
5.9375 3.0000 13.3440 34 139 34
-8.1875 -5.5000 3.1230 180 120 60
-8.1875 -4.5000 3.0900 180 120 60
2.3750 -22.5000 6.7260 220 50 50
-7.0000 16.0000 5.6940 180 120 60
13.8125 16.5000 12.8620 34 139 34
-11.1875 -19.5000 3.2720 180 120 60
-0.4375 24.0000 10.0660 34 139 34
7.8750 -5.0000 5.7570 34 139 34
-14.4375 -8.0000 3.2320 180 120 60
2.5000 19.0000 11.0600 34 139 34
6.2500 -1.5000 12.7840 34 139 34
11.1250 -15.0000 8.6820 34 139 34
4.3750 21.0000 11.5050 34 139 34
11.9375 12.5000 10.0780 34 139 34
-18.3750 -24.5000 16.1120 34 139 34
2.5625 25.0000 3.7520 180 120 60
13.0625 21.0000 6.7240 34 139 34
-11.4375 -3.0000 3.1030 180 120 60
8.8750 -11.0000 10.3630 34 139 34
16.8750 3.5000 6.4280 255 165 0
24.1875 -1.0000 6.4770 255 165 0
13.8125 6.5000 6.3860 180 120 60
-1.1250 17.5000 5.8690 180 120 60
10.0625 -17.0000 8.2660 34 139 34
16.2500 15.0000 10.4550 34 139 34
15.8125 6.0000 6.4060 255 165 0
-3.8750 24.5000 9.7450 34 139 34
5.1250 -13.5000 17.8540 34 139 34
-4.0000 -12.0000 15.3080 34 139 34
-0.3750 -0.5000 3.7680 34 139 34
23.6250 13.5000 12.4030 34 139 34
-15.5000 -24.5000 3.5570 180 120 60
-5.5000 -7.0000 3.0540 180 120 60
-20.8750 9.5000 2.9810 180 120 60
-20.5625 -5.0000 3.1790 180 120 60
-8.3750 -11.0000 3.2190 180 120 60
7.1250 6.5000 6.0920 180 120 60
-0.2500 -12.5000 15.3160 34 139 34
-2.2500 -20.5000 15.4770 34 139 34
-5.8750 16.5000 5.6860 180 120 60
1.3125 0.0000 17.2740 34 139 34
8.8125 19.0000 9.9830 34 139 34
-22.8125 13.5000 6.3130 34 139 34
-21.2500 -17.5000 13.3720 34 139 34
-19.2500 20.0000 5.2940 180 120 60
8.5000 -12.0000 15.2090 34 139 34
8.8750 -20.0000 2.4730 34 139 34
1.9375 -8.5000 8.5860 34 139 34
9.8750 23.0000 3.6490 180 120 60
20.8750 -15.0000 2.7880 34 139 34
13.4375 -24.5000 7.3100 34 139 34
-10.6250 9.0000 6.0190 34 139 34
-2.5000 -15.5000 14.1300 34 139 34
24.7500 14.0000 11.3620 34 139 34
11.8750 23.0000 13.3060 34 139 34
16.1875 9.0000 7.9680 34 139 34
19.4375 -15.0000 5.2990 34 139 34
-22.8125 7.5000 2.9550 180 120 60
18.6875 2.5000 6.5090 255 165 0
-8.5000 25.0000 7.4220 34 139 34
8.8125 20.0000 8.7990 34 139 34
-0.2500 -8.0000 3.9010 34 139 34
10.1250 -4.5000 9.7160 34 139 34
19.0625 20.0000 6.8640 34 139 34
-0.5000 -12.0000 16.8930 34 139 34
-2.2500 -22.0000 3.8240 180 120 60
1.2500 21.0000 10.0890 34 139 34
6.5625 -17.5000 20.8320 34 139 34
20.5000 24.0000 8.9930 34 139 34
-19.3125 16.5000 6.0960 34 139 34
3.7500 -6.0000 13.1830 34 139 34
8.3125 7.0000 6.6090 128 128 128
5.7500 -3.5000 14.0560 34 139 34
-16.9375 7.5000 7.4460 34 139 34
12.4375 22.0000 7.1160 34 139 34
-13.8125 19.0000 5.4220 180 120 60
-16.1250 -11.5000 3.2240 180 120 60
-23.1250 23.0000 5.1550 180 120 60
-21.4375 -20.5000 20.1560 34 139 34
20.1875 -18.5000 2.5160 34 139 34
0.1875 -7.0000 7.5920 34 139 34
24.6250 2.5000 20.4260 34 139 34
-9.3750 20.5000 5.3960 180 120 60
-12.2500 8.0000 6.2460 34 139 34
3.5000 5.0000 5.5190 180 120 60
-15.4375 5.5000 10.2650 34 139 34
-20.3125 6.5000 2.9270 180 120 60
-10.2500 13.0000 5.5500 180 120 60
0.8125 -19.0000 11.7760 34 139 34
-20.1250 17.5000 5.6760 34 139 34
5.8750 -17.0000 19.5700 34 139 34
18.4375 -2.0000 6.6640 255 165 0
0.6250 -14.5000 15.6650 34 139 34
-19.9375 5.5000 2.9900 180 120 60
-21.0000 3.0000 3.0370 180 120 60
-18.2500 15.5000 7.8440 34 139 34
-22.3125 4.0000 3.0390 180 120 60
2.8750 -1.0000 10.9340 34 139 34
25.1875 17.0000 0.3180 30 144 255
-0.4375 6.0000 5.3140 34 139 34
-11.3125 12.5000 5.8220 34 139 34
23.3125 -3.5000 6.6520 255 165 0
5.6875 -4.5000 13.1270 34 139 34
0.8125 1.5000 18.1340 34 139 34
-19.8125 -9.5000 3.2890 180 120 60
-24.2500 7.5000 2.9850 180 120 60
-10.9375 7.0000 5.9560 34 139 34
8.6875 -8.0000 13.2920 34 139 34
-19.7500 9.0000 2.9370 180 120 60
-0.1250 0.5000 16.0160 34 139 34
8.8750 -16.0000 12.1870 34 139 34
1.4375 -21.0000 6.8750 220 50 50
16.0625 -16.0000 6.7530 34 139 34
-15.0625 8.0000 8.6890 34 139 34
5.5625 -19.0000 10.3270 34 139 34
-22.6250 -11.5000 3.4030 180 120 60
-13.1875 17.0000 5.4790 180 120 60
-7.1250 7.5000 6.0870 34 139 34
7.3125 13.0000 10.2880 34 139 34
3.9375 3.5000 6.1880 34 139 34
10.1875 8.5000 6.2680 180 120 60
12.9375 14.0000 12.5760 34 139 34
-5.3750 -13.0000 13.3030 34 139 34
2.0625 15.5000 9.6710 34 139 34
11.6875 7.5000 6.3390 180 120 60
2.1875 -10.0000 12.3460 34 139 34
23.3125 23.0000 9.8080 34 139 34
0.8750 22.0000 10.9520 34 139 34
-0.3750 24.0000 10.2280 34 139 34
19.4375 15.5000 17.4910 34 139 34
-22.6875 -6.0000 3.2390 180 120 60
19.3125 18.0000 16.1880 34 139 34
-21.3125 0.0000 3.0990 180 120 60
0.3750 16.0000 8.7780 34 139 34
-7.2500 3.5000 3.5420 34 139 34
-10.1250 -24.0000 3.6290 180 120 60
-7.9375 21.0000 5.4920 180 120 60
24.1875 19.5000 9.1200 34 139 34
24.2500 11.5000 16.7690 34 139 34
12.1875 18.5000 9.2120 34 139 34
2.6250 -16.0000 16.7100 34 139 34
7.4375 24.0000 4.0430 34 139 34
5.0000 3.0000 16.2750 34 139 34
18.9375 -2.0000 6.5630 255 165 0
5.5000 -8.0000 16.4500 34 139 34
4.3125 1.5000 15.8460 34 139 34
22.3125 -16.5000 3.2880 34 139 34
12.0000 -2.0000 0.9780 180 120 60
-12.8125 -11.5000 3.2790 180 120 60
-13.8125 -14.5000 3.3650 180 120 60
-19.8750 -6.5000 3.2470 180 120 60
4.1250 -15.5000 18.2750 34 139 34
4.5000 -22.5000 21.4380 34 139 34
-14.0625 -16.0000 3.3950 180 120 60
-13.9375 0.0000 3.0750 180 120 60
4.7500 4.0000 6.1810 34 139 34
-12.8750 6.0000 2.9150 180 120 60
18.5625 19.0000 16.4690 34 139 34
7.1250 24.5000 4.2150 34 139 34
-10.9375 -12.5000 3.2100 180 120 60
-8.5000 16.5000 5.6820 180 120 60
16.6875 13.0000 11.2560 34 139 34
3.5625 23.0000 8.4580 34 139 34
20.0625 14.0000 8.9730 34 139 34
3.8750 -6.0000 8.4620 34 139 34
20.5000 -17.0000 4.7850 34 139 34
-21.5000 -7.0000 3.3350 180 120 60
8.1875 -22.5000 2.5700 34 139 34
6.5625 17.5000 11.7100 34 139 34
-13.5625 -14.5000 3.3520 180 120 60
18.3125 -21.5000 2.7590 34 139 34
-3.6250 10.5000 5.7420 180 120 60
-12.8125 24.5000 7.0820 34 139 34
9.1250 22.5000 3.5500 180 120 60
-6.6250 -24.0000 5.5120 220 50 50
5.3125 -17.0000 19.2620 34 139 34
20.9375 -1.0000 6.4980 255 165 0
-12.2500 10.5000 13.9240 34 139 34
2.6250 15.5000 10.2030 34 139 34
-5.3750 -8.0000 3.1030 180 120 60
-5.1250 0.0000 3.2380 34 139 34
21.5625 4.5000 6.6320 255 165 0
3.0000 -6.5000 8.6810 34 139 34
13.9375 21.5000 16.0260 34 139 34
22.8125 3.5000 17.7400 34 139 34
4.8750 -6.5000 15.9290 34 139 34
-20.3125 -19.0000 19.5470 34 139 34
0.7500 3.5000 15.2100 34 139 34
2.1250 -11.5000 14.7800 34 139 34
-12.5000 -9.0000 3.2210 180 120 60
-4.6875 -4.5000 3.0680 180 120 60
-1.9375 25.0000 9.0450 34 139 34
4.0625 -10.0000 11.0160 34 139 34
2.9375 21.5000 10.7650 34 139 34
-19.9375 -19.0000 16.7190 34 139 34
-7.6875 9.5000 6.3440 34 139 34
24.1875 -21.0000 3.1980 34 139 34
-17.5000 15.0000 7.2690 34 139 34
-1.0000 -17.0000 15.9390 34 139 34
24.1250 15.5000 12.4810 34 139 34
9.6250 2.5000 6.0930 180 120 60
-10.9375 9.0000 6.2300 34 139 34
11.3125 25.0000 15.2430 34 139 34
23.5000 -3.5000 6.6260 255 165 0
3.1250 -14.5000 19.0040 34 139 34
21.1250 7.5000 14.1020 34 139 34
24.7500 18.0000 0.3090 30 144 255
5.5000 -18.0000 21.0920 34 139 34
18.4375 15.0000 16.1110 34 139 34
-19.2500 -1.5000 3.1220 180 120 60
-9.8125 -21.0000 3.4010 180 120 60
-8.0000 20.5000 5.5320 180 120 60
-10.0000 -8.5000 3.2380 180 120 60
-10.6250 19.5000 5.5250 180 120 60
8.6250 -9.0000 13.3540 34 139 34
11.1875 -0.5000 12.3090 34 139 34
-0.5000 -14.5000 16.5940 34 139 34
3.1250 15.5000 10.0350 34 139 34
-21.2500 -15.0000 3.3760 180 120 60
-3.0625 25.0000 8.3840 34 139 34
-2.5000 0.0000 14.1630 34 139 34
-21.1875 -23.5000 16.9430 34 139 34
11.7500 -14.5000 5.0870 34 139 34
-7.6875 19.5000 5.5210 180 120 60
0.4375 0.5000 16.9090 34 139 34
22.1250 2.0000 14.3560 34 139 34
0.5625 3.0000 15.6300 34 139 34
-11.0000 2.5000 3.0290 180 120 60
-3.0625 23.5000 10.5440 34 139 34
-2.1250 11.5000 5.8910 180 120 60
24.1875 -18.5000 3.3480 180 120 60
-1.3750 -3.5000 3.1990 180 120 60
-14.6250 6.0000 7.6900 34 139 34
-21.9375 -17.5000 3.4350 180 120 60
10.1250 -5.0000 9.0640 34 139 34
-9.9375 -19.0000 3.3320 34 139 34
15.0625 1.5000 6.3800 255 165 0
7.8750 16.0000 11.1720 34 139 34
4.4375 23.5000 9.5800 34 139 34
-9.2500 3.5000 3.0860 180 120 60
2.7500 -4.5000 8.6190 34 139 34
19.4375 7.5000 6.5450 255 165 0
1.3750 -23.0000 6.9060 220 50 50
-3.8750 21.5000 11.3870 34 139 34
-24.1250 -17.5000 13.4660 34 139 34
-8.8125 -2.0000 3.0830 180 120 60
5.0625 -12.5000 7.7360 34 139 34
-9.0000 18.5000 5.5310 180 120 60
-17.9375 20.5000 5.3830 180 120 60
7.5000 -24.0000 5.0350 34 139 34
1.1875 4.0000 16.6910 34 139 34
-1.5000 -18.5000 14.8150 34 139 34
14.5625 13.0000 12.1120 34 139 34
-9.1875 -17.0000 3.1910 180 120 60
22.1875 8.5000 11.3730 34 139 34
-20.6875 2.5000 3.0200 180 120 60
-19.3750 -21.0000 3.3620 180 120 60
23.6875 16.5000 13.4480 34 139 34
18.4375 1.5000 6.4830 255 165 0
23.8750 -2.5000 6.5120 255 165 0
6.3125 6.5000 6.1030 180 120 60
7.3125 -11.0000 4.1450 34 139 34
-4.0000 -18.0000 15.7620 34 139 34
-2.0625 15.5000 7.1290 128 128 128
-22.3750 19.0000 4.6060 180 120 60
-14.5000 -5.0000 3.1380 180 120 60
13.6875 11.5000 7.7280 34 139 34
-19.3125 -0.5000 3.0550 180 120 60
-18.1875 11.5000 5.2250 34 139 34
21.6875 18.0000 16.3440 34 139 34
-11.3125 11.0000 12.1790 34 139 34
7.7500 -2.0000 15.3270 34 139 34
14.8125 1.5000 6.4420 255 165 0
21.2500 19.5000 14.2860 34 139 34
19.5625 -9.0000 2.4960 34 139 34
20.6875 -18.5000 2.4580 34 139 34
22.1250 19.0000 13.9630 34 139 34
5.4375 -14.0000 19.4410 34 139 34
-10.2500 23.5000 7.1820 34 139 34
8.5625 -4.5000 11.9620 34 139 34
-4.5000 25.5000 4.8670 180 120 60
8.3750 23.5000 3.6830 180 120 60
14.8125 -24.0000 6.0260 34 139 34
14.7500 4.5000 6.4320 255 165 0
-14.2500 12.5000 9.7750 34 139 34
4.2500 2.5000 15.9650 34 139 34
11.3125 12.5000 18.0150 128 128 128
20.6875 14.5000 16.5560 34 139 34
-22.1250 6.0000 2.9920 180 120 60
-24.6250 2.5000 3.0790 180 120 60
10.4375 -7.0000 4.9720 34 139 34
7.6875 -1.5000 12.1980 34 139 34
7.0625 -9.5000 9.7810 34 139 34
-4.5625 -2.5000 3.0430 180 120 60
-0.8125 21.5000 11.8490 34 139 34
-23.6250 -4.5000 3.2860 180 120 60
1.6875 6.5000 13.5370 34 139 34
6.8125 -13.0000 19.6640 34 139 34
-10.3750 -5.0000 3.1220 180 120 60
20.7500 16.0000 15.2520 34 139 34
-12.9375 -11.0000 3.2170 180 120 60
7.6250 -9.0000 14.9320 34 139 34
-5.9375 -10.0000 3.1410 180 120 60
-14.3125 18.0000 5.4920 180 120 60
-11.2500 -2.0000 3.0650 180 120 60
-11.2500 17.5000 5.5370 180 120 60
-19.1250 8.5000 2.9240 180 120 60
22.3125 25.0000 9.2430 34 139 34
-3.8125 -0.5000 3.0900 180 120 60
25.1875 -17.5000 3.4640 180 120 60
-22.8750 19.5000 5.4760 34 139 34
23.7500 10.5000 18.1910 34 139 34
-0.1875 1.0000 16.4730 34 139 34
12.5000 -12.5000 5.7190 34 139 34
-7.5625 -10.0000 3.1930 180 120 60
-19.4375 -18.5000 13.4950 34 139 34
-12.1875 -22.5000 3.7550 180 120 60
0.5000 0.0000 17.1510 34 139 34
24.8750 -21.5000 3.4080 34 139 34
12.2500 22.0000 12.5630 34 139 34
1.0000 11.5000 5.9810 180 120 60
-20.0625 -2.0000 3.1250 180 120 60
-8.1875 16.5000 5.6080 180 120 60
-5.6875 2.0000 11.0550 34 139 34
7.9375 -14.5000 18.8560 34 139 34
20.1250 19.5000 2.9260 34 139 34
8.6250 15.5000 12.3190 34 139 34
-18.0000 6.5000 6.8750 34 139 34
-18.2500 17.5000 5.9480 34 139 34
4.5625 5.0000 12.3520 34 139 34
-21.0000 -9.0000 3.3640 180 120 60
-21.6875 21.0000 5.2040 180 120 60
9.1875 -17.0000 9.5790 34 139 34
-14.7500 -21.5000 3.5210 180 120 60
8.1250 15.5000 11.5260 34 139 34
18.5625 4.0000 6.4200 255 165 0
19.5000 -8.0000 1.0430 180 120 60
-20.5000 -5.0000 3.2310 180 120 60
10.6250 -9.0000 8.3920 34 139 34
14.5000 5.0000 6.4100 255 165 0
11.5000 19.0000 7.9390 34 139 34
-7.0000 9.0000 6.7730 34 139 34
-4.5625 -23.0000 6.1870 34 139 34
25.0625 -18.5000 3.5470 180 120 60
10.0000 -6.0000 9.1120 34 139 34
10.0000 -17.0000 8.1990 34 139 34
-11.4375 -8.0000 3.1400 180 120 60
3.5000 11.5000 6.0790 180 120 60
15.6250 -23.5000 4.8150 34 139 34
25.0625 2.0000 6.5060 255 165 0
-6.8750 -20.5000 3.3720 180 120 60
7.7500 4.5000 6.1000 180 120 60
4.5625 -6.5000 12.9720 34 139 34
0.6875 -1.5000 11.7190 34 139 34
15.5000 -17.0000 7.4400 34 139 34
17.3750 17.5000 0.3080 180 120 60
-3.4375 24.5000 9.8540 34 139 34
-12.5000 9.0000 6.3670 34 139 34
-21.1250 -0.5000 3.0650 180 120 60
15.6250 -17.5000 7.6700 34 139 34
-8.5000 -14.0000 3.1990 180 120 60
-0.1875 1.0000 17.0500 34 139 34
4.9375 4.5000 13.2690 34 139 34
13.8125 8.0000 6.3730 180 120 60
-16.1250 10.0000 5.1700 34 139 34
7.8750 -14.0000 12.9430 34 139 34
18.6250 7.0000 6.5690 255 165 0
-5.9375 -18.5000 6.8000 220 50 50
-5.6875 14.5000 5.7920 180 120 60
-4.7500 -1.5000 3.0880 180 120 60
16.3750 10.0000 10.1020 34 139 34
-8.9375 -13.5000 3.1760 180 120 60
1.6875 10.0000 6.0630 180 120 60
-12.8750 -22.0000 5.3410 34 139 34
7.8750 17.5000 9.1180 34 139 34
2.4375 -9.5000 12.2920 34 139 34
11.5625 -23.5000 6.3020 34 139 34
8.5625 -17.0000 12.5150 34 139 34
4.5000 -10.0000 17.0840 34 139 34
-3.3750 20.0000 10.0660 34 139 34
-18.0625 11.0000 5.0540 34 139 34
-0.5625 -23.0000 4.0470 180 120 60
-11.0000 -11.5000 3.2180 180 120 60
-3.3750 15.0000 5.7760 180 120 60
19.1875 20.0000 6.7730 34 139 34
15.8750 2.0000 6.4100 255 165 0
7.3125 14.5000 11.6720 34 139 34
12.8750 0.5000 1.2660 180 120 60
-15.8750 -22.0000 6.4790 34 139 34
-21.3750 -17.0000 12.4590 34 139 34
-24.5000 -16.0000 8.7200 34 139 34
6.3125 -22.5000 11.9140 34 139 34
7.0625 19.0000 8.1610 34 139 34
3.8750 3.5000 16.3600 34 139 34
-16.5625 -17.0000 3.5000 180 120 60
0.4375 19.0000 11.3560 34 139 34
19.5625 13.0000 10.5130 34 139 34
-1.3750 25.0000 6.8470 34 139 34
-19.3125 3.5000 2.9860 180 120 60
10.0625 -17.5000 6.0940 34 139 34
-20.8125 -2.0000 3.1400 180 120 60
2.8125 -22.5000 6.8230 34 139 34
19.2500 21.0000 5.3390 34 139 34
15.8750 10.0000 7.7650 34 139 34
-22.4375 13.0000 5.6680 34 139 34
0.5625 22.5000 11.1950 34 139 34
1.9375 7.0000 9.3180 34 139 34
-15.9375 4.5000 2.9680 180 120 60
17.3750 -1.0000 6.5710 255 165 0
7.0000 5.0000 6.2280 180 120 60
-8.6250 12.0000 8.0510 34 139 34
-1.0625 19.0000 9.9690 34 139 34
-4.6250 -19.0000 14.8660 34 139 34
9.2500 -19.0000 8.1560 34 139 34
2.8750 -1.0000 6.5550 34 139 34
0.5000 8.5000 5.9810 180 120 60
-10.1250 12.0000 7.6970 34 139 34
7.5000 -9.0000 15.5420 34 139 34
-13.6250 17.5000 5.4460 180 120 60
24.5000 18.5000 11.3180 34 139 34
5.1250 -5.0000 11.9320 34 139 34
20.3125 20.0000 6.1180 34 139 34
0.3125 24.0000 10.9590 34 139 34
-18.0625 -13.5000 3.3640 180 120 60
0.1875 -4.5000 3.5440 34 139 34
2.7500 -22.0000 6.8710 34 139 34
9.9375 5.5000 6.2990 180 120 60
9.0000 -14.0000 2.0680 34 139 34
14.0625 -15.0000 6.3610 34 139 34
-1.3750 -10.5000 16.3000 34 139 34
-0.6250 -15.0000 16.6520 34 139 34
-15.5625 -23.5000 5.5310 34 139 34
-3.7500 -17.0000 14.7660 34 139 34
-2.8125 7.5000 15.6560 34 139 34
2.3750 1.0000 19.0010 34 139 34
4.8125 -20.5000 21.8100 34 139 34
-21.3750 2.5000 3.0160 180 120 60
3.1250 23.0000 10.0980 34 139 34
-21.1250 2.0000 3.0000 180 120 60
-15.8125 4.0000 2.9560 180 120 60
-18.6250 -5.5000 3.2400 180 120 60
-6.2500 6.0000 14.3090 34 139 34
-13.3125 -14.0000 3.3550 180 120 60
0.5000 7.5000 9.4150 34 139 34
-0.6875 -10.5000 16.1920 34 139 34
-9.5000 21.5000 5.4380 180 120 60
0.7500 13.5000 5.9240 180 120 60
-2.0625 -13.0000 17.8560 34 139 34
-11.6250 22.0000 5.4010 180 120 60
-13.8750 7.0000 4.5450 34 139 34
7.5625 19.5000 11.3660 34 139 34
22.8125 6.0000 16.0630 34 139 34
17.8125 -11.5000 0.8160 180 120 60
-24.0000 -2.5000 3.2110 180 120 60
-24.3125 11.0000 2.9860 180 120 60
22.1250 -11.0000 2.2340 180 120 60
-1.7500 -3.0000 3.1400 180 120 60
-21.6875 -3.5000 3.1740 180 120 60
-24.5625 -15.0000 8.7440 34 139 34
-24.3750 1.0000 3.0330 180 120 60
20.4375 -12.0000 2.5890 34 139 34
-8.3125 -10.5000 3.1950 180 120 60
19.5625 5.5000 6.5750 255 165 0
6.4375 24.5000 4.4540 34 139 34
-17.2500 2.0000 3.0310 180 120 60
17.0625 18.0000 14.8720 34 139 34
19.2500 14.5000 16.8750 34 139 34
9.8125 -14.0000 9.4700 34 139 34
11.4375 -8.0000 6.3310 34 139 34
-16.0000 8.5000 9.5840 34 139 34
21.2500 25.5000 14.7220 34 139 34
16.5625 -24.0000 5.0610 34 139 34
-3.9375 -20.0000 6.3030 34 139 34
-13.3125 19.0000 5.4280 180 120 60
11.5000 19.5000 3.5310 180 120 60
9.0000 -3.5000 11.3990 34 139 34
19.6250 17.5000 4.5900 34 139 34
-4.4375 3.5000 18.2940 34 139 34
24.6875 -22.0000 3.2000 34 139 34
20.3750 -9.5000 2.4460 34 139 34
-4.5000 0.0000 3.4920 34 139 34
-18.9375 23.0000 5.3310 180 120 60
-24.2500 -13.5000 3.3000 180 120 60
11.0625 -14.0000 9.1270 34 139 34
8.6875 -18.0000 0.7980 180 120 60
23.3125 -1.5000 6.4390 255 165 0
1.1875 25.0000 3.9130 180 120 60
14.2500 -16.5000 3.4970 34 139 34
14.6250 19.5000 11.1080 34 139 34
-6.0625 2.5000 11.9960 34 139 34
9.0000 -7.5000 9.2380 34 139 34
8.7500 -2.0000 13.1890 34 139 34
-21.8125 11.5000 2.9850 180 120 60
-13.5625 14.0000 6.2200 34 139 34
9.6250 1.0000 7.6140 34 139 34
3.3750 5.5000 5.6850 180 120 60
-22.0000 -9.0000 3.3480 180 120 60
3.6250 -24.5000 7.1130 34 139 34
-12.1875 7.5000 2.9900 180 120 60
-12.7500 19.5000 5.4980 180 120 60
8.1875 1.5000 7.3120 34 139 34
-17.5625 -20.5000 14.0230 34 139 34
10.1875 -4.5000 3.1940 34 139 34
23.5625 14.5000 0.3000 30 144 255
-15.1875 2.5000 2.9790 180 120 60
-15.6250 24.0000 5.2830 180 120 60
-11.9375 22.5000 5.4700 180 120 60
6.0625 -10.5000 16.3280 34 139 34
-3.0000 24.0000 10.2960 34 139 34
12.3750 -12.5000 8.1670 34 139 34
-12.0625 5.0000 2.9380 180 120 60
21.2500 -7.0000 2.6840 34 139 34
-10.6250 -15.5000 3.2560 180 120 60
-6.6250 -7.0000 3.0550 180 120 60
21.2500 22.5000 5.2370 34 139 34
5.0625 -10.5000 14.7700 34 139 34
3.5000 -17.0000 12.8020 34 139 34
4.0000 -21.0000 21.6870 34 139 34
13.1875 11.0000 9.7470 34 139 34
9.8750 10.5000 6.2750 180 120 60
9.4375 11.5000 12.9190 34 139 34
-2.0625 -2.5000 5.1070 34 139 34
-0.1875 -17.0000 14.6780 34 139 34
18.0625 -1.0000 6.4860 255 165 0
-2.4375 -2.5000 4.0260 34 139 34
0.0625 -18.0000 14.8620 34 139 34
-12.7500 -15.5000 3.3060 180 120 60
-21.1250 -16.0000 3.3660 180 120 60
0.5625 20.0000 12.3160 34 139 34
-10.4375 -5.0000 3.1500 180 120 60
-13.0625 18.0000 5.4940 180 120 60
-19.1875 12.0000 3.3500 34 139 34
11.8125 12.0000 9.8590 34 139 34
-11.5000 -8.0000 3.1580 180 120 60
8.1875 -16.0000 16.7740 34 139 34
25.1875 24.5000 6.0920 34 139 34
24.3125 17.5000 4.8600 34 139 34
5.8750 14.0000 10.9290 34 139 34
-5.5625 24.5000 4.9860 180 120 60
22.5000 6.0000 15.2460 34 139 34
22.3125 -16.0000 2.9960 34 139 34
-16.8750 -1.0000 2.9990 180 120 60
1.8750 20.0000 11.2080 34 139 34
24.7500 15.0000 8.4580 34 139 34
-23.7500 20.5000 5.4130 34 139 34
-17.6875 -9.5000 3.2380 180 120 60
-10.4375 19.0000 5.4870 180 120 60
9.3750 -17.5000 10.9080 34 139 34
-23.8750 -21.5000 17.8860 34 139 34
11.8750 -14.5000 7.7450 34 139 34
3.5000 -12.5000 4.2930 34 139 34
-23.5000 -16.5000 12.0140 34 139 34
16.8125 -16.5000 8.5100 34 139 34
-23.0000 -1.5000 3.1570 180 120 60
-14.3750 8.0000 9.1470 34 139 34
-19.0000 -5.5000 3.2340 180 120 60
-9.5625 10.0000 10.0950 34 139 34
20.9375 14.0000 15.1380 34 139 34
9.1875 -10.0000 8.0540 34 139 34
11.3125 -11.5000 4.6820 34 139 34
-16.5000 0.5000 2.9920 180 120 60
-0.7500 -20.5000 4.5210 34 139 34
15.8750 15.5000 10.9260 34 139 34
-16.7500 -22.5000 13.8950 34 139 34
17.2500 23.5000 15.1660 34 139 34
-16.5000 -10.0000 3.3040 180 120 60
-20.4375 -13.5000 3.3320 180 120 60
-16.9375 7.5000 11.9960 34 139 34
-2.6250 -2.0000 3.0240 180 120 60
-14.1875 -19.0000 3.2420 180 120 60
-7.0625 24.5000 5.0440 180 120 60
-5.5000 -18.5000 14.2640 34 139 34
21.8750 10.0000 11.6270 34 139 34
7.1875 -16.5000 13.1590 34 139 34
-9.1875 -16.5000 3.1520 180 120 60
11.3125 25.0000 15.2050 34 139 34
25.0625 -7.5000 5.5380 34 139 34
4.1875 -6.5000 13.3450 34 139 34
19.0625 -23.0000 3.3670 34 139 34
15.1250 0.0000 6.5210 255 165 0
-10.3750 19.0000 5.5380 180 120 60
2.1875 -1.0000 11.4740 34 139 34
16.8125 8.5000 5.1900 34 139 34
7.7500 14.5000 11.7790 34 139 34
9.7500 -14.5000 9.8580 34 139 34
-21.9375 11.5000 3.0300 180 120 60
-19.0625 -19.5000 16.2860 34 139 34
-2.1875 18.0000 10.0690 34 139 34
7.9375 -20.0000 11.5160 34 139 34
-17.7500 -7.0000 3.2520 180 120 60
-13.8750 3.0000 2.9980 180 120 60
15.5000 18.5000 15.8550 34 139 34
-21.6875 -17.0000 13.5410 34 139 34
14.5000 16.5000 12.8880 34 139 34
-21.2500 -21.5000 20.3090 34 139 34
-4.6250 14.5000 5.8840 180 120 60
-1.6250 25.5000 9.1090 34 139 34
-24.3125 0.5000 3.1480 180 120 60
17.3125 -18.5000 8.7280 34 139 34
-6.5000 4.5000 15.2110 34 139 34
1.4375 23.5000 8.6660 34 139 34
10.9375 -8.0000 6.3410 34 139 34
-17.7500 -0.5000 3.0470 180 120 60
20.8750 -3.0000 6.5330 255 165 0
-11.3125 9.0000 6.1800 34 139 34
-19.2500 -10.5000 3.3310 180 120 60
18.9375 12.5000 10.1630 34 139 34
-17.1875 -12.5000 3.2700 180 120 60
10.7500 20.0000 3.6190 180 120 60
-20.7500 -20.0000 20.1450 34 139 34
-1.1250 -15.0000 16.7370 34 139 34
22.5000 1.0000 6.5380 255 165 0
19.9375 -4.5000 1.8650 34 139 34
-23.4375 24.5000 5.2110 180 120 60
-23.8750 -18.0000 13.5250 34 139 34
16.7500 10.5000 7.5950 34 139 34
-9.3125 -22.5000 3.5070 180 120 60
17.1250 16.0000 17.1340 34 139 34
14.0625 22.0000 15.0770 34 139 34
-18.2500 21.5000 5.3080 180 120 60
5.8750 18.5000 11.5200 34 139 34
20.0625 7.0000 6.5750 255 165 0
-13.1250 -12.5000 3.2160 180 120 60
11.2500 -11.0000 3.9050 34 139 34
-20.0625 22.0000 5.2130 180 120 60
20.7500 15.5000 0.2870 30 144 255
5.0625 -17.5000 19.0010 34 139 34
8.3125 -4.0000 5.8450 34 139 34
-13.6875 2.5000 2.9680 180 120 60
1.3125 -7.5000 8.9030 34 139 34
20.1250 -8.5000 2.4170 34 139 34
9.2500 7.5000 6.2080 180 120 60
-1.0000 22.5000 11.9070 34 139 34
-22.1875 15.0000 7.9130 34 139 34
-1.3125 -18.0000 14.7460 34 139 34
22.8750 11.5000 0.7460 30 144 255
-13.4375 16.5000 5.4970 180 120 60
-0.6250 2.5000 16.3710 34 139 34
7.3125 -1.5000 15.7210 34 139 34
-7.0000 14.0000 5.7480 180 120 60
6.0000 -17.5000 12.6760 34 139 34
-12.3125 15.0000 5.6630 180 120 60
-2.7500 21.5000 10.9400 34 139 34
-1.1875 -10.5000 16.4980 34 139 34
0.9375 7.5000 9.7240 34 139 34
-13.1250 25.0000 7.0850 34 139 34
-21.6875 11.0000 2.9590 180 120 60
0.5000 24.0000 10.4620 34 139 34
11.5000 20.5000 3.6380 180 120 60
-15.3125 1.5000 2.9900 180 120 60
22.9375 1.5000 13.8360 34 139 34
-17.4375 -14.5000 3.4000 180 120 60
-0.1250 11.5000 5.9560 180 120 60
-19.6875 -24.0000 16.3900 34 139 34
-1.5625 -18.0000 15.0160 34 139 34
6.6250 25.0000 5.5380 34 139 34
-1.2500 -10.5000 16.4000 34 139 34
6.3750 -9.5000 13.6510 34 139 34
-8.7500 -0.5000 3.0950 180 120 60
-5.6250 9.5000 5.4710 180 120 60
-20.5625 11.0000 2.9270 180 120 60
4.1250 5.0000 14.7280 34 139 34
-1.2500 9.0000 5.9030 180 120 60
5.6250 23.5000 3.6200 180 120 60
-6.5000 -17.5000 3.3750 180 120 60
-0.3750 -20.5000 3.9010 180 120 60
-9.9375 9.5000 10.1910 34 139 34
1.2500 -22.5000 6.8880 220 50 50
24.5625 -22.0000 6.7850 34 139 34
-20.0625 -22.5000 19.8090 34 139 34
5.1875 5.0000 6.0160 180 120 60
-0.9375 -9.5000 14.3500 34 139 34
-19.1875 -21.0000 16.5030 34 139 34
-19.0000 -21.5000 14.1850 34 139 34
-17.0000 4.5000 7.4980 34 139 34
0.3750 4.5000 13.3570 34 139 34
-1.2500 14.5000 5.8240 180 120 60
19.3125 12.0000 6.4900 34 139 34
19.4375 5.0000 6.4730 255 165 0
10.9375 -8.5000 7.0090 34 139 34
-17.0000 25.0000 5.3320 180 120 60
4.9375 -20.0000 11.1910 34 139 34
-17.2500 22.5000 5.3380 180 120 60
-13.9375 -15.0000 3.3740 180 120 60
-5.4375 -6.0000 3.0310 180 120 60
8.6250 -13.0000 10.9220 34 139 34
1.7500 -1.0000 11.3200 34 139 34
14.6875 9.0000 8.7830 34 139 34
9.1250 -21.0000 1.6710 34 139 34
-0.1875 -7.0000 7.7790 34 139 34
-4.1875 18.0000 5.6390 180 120 60
20.8750 -10.5000 2.0630 180 120 60
16.5000 23.0000 10.9430 34 139 34
0.0000 -11.5000 17.5500 34 139 34
-5.1250 -20.5000 6.1970 220 50 50
-12.5000 -14.5000 3.3310 180 120 60
3.4375 -7.5000 16.5970 34 139 34
-0.3750 -6.5000 8.7950 34 139 34
-23.0000 21.5000 5.0990 180 120 60
19.6875 7.5000 6.5700 255 165 0
-10.3125 -16.0000 3.2570 180 120 60
-23.3125 17.0000 7.0070 34 139 34
3.8750 -3.5000 10.2110 34 139 34
-0.1875 -19.5000 14.2960 34 139 34
22.1875 -21.5000 3.4450 34 139 34
-24.2500 19.0000 8.1580 34 139 34
15.0625 9.5000 9.0140 34 139 34
-13.1875 -12.0000 3.2730 180 120 60
17.0000 -19.0000 7.4030 34 139 34
0.2500 1.5000 17.4440 34 139 34
8.5000 3.0000 6.1160 180 120 60
12.9375 24.0000 13.8240 34 139 34
-3.6875 24.5000 9.8670 34 139 34
-7.8125 10.0000 6.3790 34 139 34
-24.6875 21.5000 6.0800 34 139 34
-9.1250 -17.0000 3.2290 180 120 60
-1.7500 -3.5000 3.3420 34 139 34
18.3750 17.0000 8.4440 34 139 34
-12.5000 3.0000 2.9150 180 120 60
24.6875 18.5000 4.3200 34 139 34
-10.0625 6.0000 4.1640 34 139 34
-21.3125 12.5000 5.2770 34 139 34
-17.6875 -21.0000 15.6110 34 139 34
15.2500 5.5000 6.4040 255 165 0
-11.3125 -20.5000 3.3550 180 120 60
22.4375 17.5000 16.2110 34 139 34
4.6250 0.0000 15.2960 34 139 34
-4.8750 -6.5000 3.0800 180 120 60
-2.5000 20.5000 11.0810 34 139 34
-19.0000 16.0000 8.0040 34 139 34
3.5625 23.5000 8.2940 34 139 34
6.4375 -0.5000 13.6540 34 139 34
14.0000 24.0000 14.8010 34 139 34
-17.1250 15.5000 6.8520 34 139 34
-7.3125 -8.5000 3.1780 180 120 60
15.0625 -22.5000 0.8050 30 144 255
21.3750 -13.0000 2.8310 34 139 34
12.0625 21.0000 7.2660 34 139 34
-17.8750 8.5000 2.9410 180 120 60
-2.3750 19.5000 9.6410 34 139 34
12.5625 -2.5000 0.8880 30 144 255
24.1875 16.0000 11.0410 34 139 34
-17.3125 -6.0000 3.1930 180 120 60
11.8750 23.5000 13.3160 34 139 34
12.8125 21.5000 12.1540 34 139 34
-5.7500 2.0000 11.7780 34 139 34
22.3750 -10.5000 1.9900 180 120 60
-19.6250 -3.0000 3.1920 180 120 60
17.7500 4.0000 6.4790 255 165 0
-10.9375 -20.0000 3.2500 180 120 60
6.0000 -8.0000 17.4330 34 139 34
22.5625 -18.0000 3.4100 34 139 34
-5.3125 -23.0000 3.4790 180 120 60
-22.5625 -11.5000 3.4280 180 120 60
-9.5625 10.5000 10.2740 34 139 34
-4.3750 -20.0000 11.2940 34 139 34
-14.5625 4.5000 2.9730 180 120 60
-0.8125 -14.0000 17.3280 34 139 34
-12.5625 17.0000 5.5440 180 120 60
23.8125 -13.0000 2.2810 180 120 60
19.8125 -14.5000 2.7460 34 139 34
-20.8125 -10.0000 3.3510 180 120 60
16.1875 23.5000 12.3000 34 139 34
-21.2500 -4.5000 3.2450 180 120 60
5.8750 -20.5000 21.6770 34 139 34
23.5625 21.5000 11.4020 34 139 34
1.3750 -15.0000 15.6340 34 139 34
-16.5625 -5.0000 3.1580 180 120 60
-14.8125 -21.5000 6.5200 34 139 34
14.2500 1.5000 6.4260 255 165 0
-9.3125 -8.5000 3.1790 180 120 60
12.9375 -13.0000 7.8280 34 139 34
7.8125 -19.5000 3.7610 34 139 34
-2.5000 25.5000 4.3490 180 120 60
-2.0625 -18.0000 15.0580 34 139 34
-15.7500 -5.5000 3.1970 180 120 60
-2.4375 0.0000 14.1530 34 139 34
-0.8750 17.0000 5.8730 180 120 60
-15.8125 -23.5000 3.4600 180 120 60
-9.4375 -1.5000 3.1090 180 120 60
0.9375 22.0000 10.1260 34 139 34
-8.1875 -4.5000 3.0270 180 120 60
-3.5625 -6.5000 3.0380 180 120 60
22.9375 -5.5000 2.5790 180 120 60
-2.6875 -16.5000 16.2750 34 139 34
22.5625 16.0000 13.4440 34 139 34
-19.8125 20.5000 5.1840 180 120 60
5.8125 23.0000 3.6240 180 120 60
-7.0000 -17.0000 3.2980 180 120 60
3.3125 24.0000 3.6920 180 120 60
4.8125 18.0000 11.4030 34 139 34
17.4375 2.5000 6.3990 255 165 0
9.5000 -16.0000 11.1380 34 139 34
0.1875 8.5000 5.9820 180 120 60
20.4375 -7.0000 1.4560 180 120 60
-13.0000 8.0000 7.0410 34 139 34
6.5000 25.5000 5.6150 34 139 34
1.4375 -16.0000 10.8650 34 139 34
10.1250 2.0000 6.0790 34 139 34
-10.3125 -19.0000 3.2250 180 120 60
10.8750 6.5000 6.3260 180 120 60
-2.1875 -12.5000 17.5830 34 139 34
0.2500 24.5000 3.9600 180 120 60
-22.5000 10.5000 3.0110 180 120 60
12.1875 -11.0000 4.6120 34 139 34
-5.2500 -14.0000 15.7090 34 139 34
-13.6250 7.0000 4.9800 34 139 34
6.0000 -17.0000 15.2880 34 139 34
-23.2500 18.0000 7.0210 34 139 34
-4.6250 1.5000 15.7940 34 139 34
-9.5000 23.5000 7.0380 34 139 34
1.6875 -12.5000 14.5680 34 139 34
19.5625 -4.0000 0.8160 30 144 255
10.7500 -14.5000 9.7340 34 139 34
-21.8125 15.0000 7.9330 34 139 34
-1.8750 -17.5000 14.3820 34 139 34
-16.5000 18.5000 5.3450 180 120 60
23.6250 -2.0000 6.4840 255 165 0
11.0625 -9.5000 8.1990 34 139 34
-14.5625 -8.0000 3.2660 180 120 60
-6.1250 -23.0000 3.4450 180 120 60
-16.0000 24.5000 5.3190 180 120 60
-2.4375 -22.5000 5.9550 34 139 34
20.5000 -13.5000 2.8550 34 139 34
16.5000 25.0000 6.9500 34 139 34
-16.0625 9.0000 5.2210 34 139 34
13.8750 23.0000 11.4470 34 139 34
5.6250 -21.0000 21.9490 34 139 34
-17.3125 -14.0000 3.4120 180 120 60
19.0000 -0.5000 6.4440 255 165 0
18.0000 18.0000 8.4000 34 139 34
-23.0000 -2.0000 3.1880 180 120 60
24.1250 23.5000 8.3750 34 139 34
4.7500 -20.0000 21.5720 34 139 34
8.5625 24.0000 5.5380 34 139 34
-8.5625 -18.0000 3.3030 180 120 60
-8.4375 9.0000 5.1480 34 139 34
-5.3125 14.5000 5.8250 180 120 60
1.4375 21.0000 10.3280 34 139 34
-3.7500 8.0000 13.4320 34 139 34
0.5000 15.0000 5.7790 180 120 60
-24.1250 -9.0000 3.3170 180 120 60
23.4375 -1.0000 6.5340 255 165 0
-13.2500 -18.0000 3.3190 180 120 60
23.0625 3.0000 15.2710 34 139 34
7.1250 -18.5000 12.9540 34 139 34
-7.2500 13.0000 5.7720 180 120 60
-20.1250 -17.5000 6.8640 34 139 34
1.3750 -11.0000 15.4640 34 139 34
3.1875 -4.5000 8.8950 34 139 34
22.2500 18.5000 9.3380 34 139 34
10.5625 8.5000 6.2890 180 120 60
17.8125 19.5000 12.7430 34 139 34
19.2500 -15.5000 5.7540 34 139 34
2.5625 22.5000 9.2320 34 139 34
13.2500 18.0000 12.4650 34 139 34
7.0625 -3.0000 8.5500 34 139 34
22.9375 14.0000 12.4760 34 139 34
7.5000 15.0000 11.6050 34 139 34
4.1875 -15.5000 18.4340 34 139 34
24.7500 -10.0000 3.0040 180 120 60
8.5625 8.0000 6.2460 180 120 60
7.8125 25.0000 5.0050 34 139 34
1.1875 1.5000 17.4440 34 139 34
22.5625 10.0000 11.9490 34 139 34
21.3750 11.5000 12.2610 34 139 34
10.3750 -6.5000 4.6130 34 139 34
-18.3750 8.5000 2.9220 180 120 60
-22.1875 -16.0000 13.1270 34 139 34
-6.1875 3.0000 4.5140 34 139 34
-7.3125 18.5000 5.5740 180 120 60
5.9375 -1.5000 13.1310 34 139 34
-5.8750 -12.0000 10.7560 34 139 34
9.3125 -3.0000 2.4760 34 139 34
-1.9375 16.5000 5.7500 180 120 60
-5.8750 15.0000 5.7940 180 120 60
11.6250 -17.0000 7.2770 34 139 34
-12.9375 -23.5000 5.3370 34 139 34
-1.1250 -19.5000 14.2150 34 139 34
-21.0625 12.0000 3.2650 34 139 34
-15.8750 1.0000 3.0500 180 120 60
22.3125 10.5000 13.5610 34 139 34
19.0000 -12.0000 2.3930 34 139 34
-14.8750 -9.0000 3.2420 180 120 60
2.1875 7.5000 5.9800 180 120 60
3.3750 22.5000 9.9300 34 139 34
-0.3125 -13.0000 15.9830 34 139 34
-16.6875 10.5000 5.9440 34 139 34
-0.1250 -5.5000 3.1530 180 120 60
-20.3750 3.5000 3.0170 180 120 60
6.0000 -8.5000 17.0260 34 139 34
7.6875 -23.5000 0.9050 180 120 60
4.4375 16.0000 12.5050 34 139 34
5.0625 -21.0000 21.9060 34 139 34
-9.5000 4.5000 3.3000 34 139 34
8.2500 0.0000 14.2800 34 139 34
7.7500 21.0000 3.6440 180 120 60
-10.3125 25.0000 8.8000 34 139 34
7.2500 -4.5000 9.7560 34 139 34
-1.7500 -3.5000 3.2180 180 120 60
19.3750 17.0000 17.5460 34 139 34
6.5000 -18.0000 20.9470 34 139 34
3.3750 8.5000 6.1040 180 120 60
21.1250 8.0000 13.7850 34 139 34
-7.7500 17.0000 5.6590 180 120 60
-4.3125 -9.0000 3.0150 180 120 60
-21.0000 -8.0000 3.2810 180 120 60
9.1250 2.0000 5.9380 180 120 60
17.2500 23.5000 14.5990 34 139 34
16.4375 -21.0000 2.6300 34 139 34
-22.9375 2.0000 3.0680 180 120 60
7.6250 -12.5000 17.2390 34 139 34
-19.3750 16.0000 8.2580 34 139 34
-9.0625 12.0000 8.1020 34 139 34
20.0625 20.0000 6.3650 34 139 34
19.4375 22.0000 11.5980 34 139 34
-19.9375 13.5000 5.0430 34 139 34
-10.3125 -24.0000 3.5960 180 120 60
15.6250 5.0000 6.4390 255 165 0
19.5625 24.0000 9.3200 34 139 34
-17.5000 16.5000 5.8030 34 139 34
20.6875 -5.5000 2.2290 34 139 34
-7.6875 -18.0000 3.2990 180 120 60
3.8750 -22.5000 7.7320 34 139 34
8.3750 -22.0000 10.2000 34 139 34
-17.5625 -8.5000 3.2770 180 120 60
19.5000 1.5000 6.4090 255 165 0
14.1250 20.0000 15.0970 34 139 34
13.0625 24.0000 9.9580 34 139 34
-8.3125 21.5000 5.5170 180 120 60
-18.7500 12.0000 6.5780 34 139 34
-20.0000 -19.5000 19.0390 34 139 34
17.8750 16.0000 17.0260 34 139 34
14.8125 -17.5000 7.3420 34 139 34
-3.2500 -11.5000 14.9020 34 139 34
2.6250 -9.5000 4.8130 34 139 34
22.5625 8.0000 13.2240 34 139 34
23.7500 25.0000 6.5780 34 139 34
9.5625 13.5000 10.5260 34 139 34
-18.0625 22.5000 5.3560 180 120 60
6.2500 -12.5000 13.4110 34 139 34
11.5625 17.5000 9.8300 34 139 34
-14.0000 -22.0000 6.4050 34 139 34
-14.8750 14.0000 5.3340 34 139 34
22.5000 -18.0000 3.3670 34 139 34
-0.9375 9.5000 5.9440 180 120 60
14.9375 20.0000 15.9240 34 139 34
22.1250 20.0000 8.1150 34 139 34
24.3750 -11.5000 2.9680 34 139 34
-1.8125 21.0000 11.6150 34 139 34
8.4375 1.0000 10.9280 34 139 34
6.3750 -18.0000 11.0800 34 139 34
-4.5000 -16.0000 15.7580 34 139 34
16.1250 -16.5000 7.6220 34 139 34
-10.8125 -2.0000 3.1100 180 120 60
-10.8750 23.5000 8.8580 34 139 34
13.9375 25.0000 17.0280 34 139 34
-11.3750 17.5000 5.5160 180 120 60
-18.3750 13.0000 7.7870 34 139 34
-2.4375 17.5000 10.4600 34 139 34
-6.5625 17.0000 5.6340 180 120 60
-19.4375 21.0000 5.3030 180 120 60
-5.6250 24.0000 7.1190 34 139 34
7.3750 -21.5000 21.8380 34 139 34
10.5625 9.5000 6.1460 180 120 60
-21.7500 24.5000 5.1910 180 120 60
15.5625 21.0000 15.7120 34 139 34
17.5625 -16.5000 7.2280 34 139 34
3.3750 23.5000 3.7840 180 120 60
-24.5000 8.5000 2.8780 180 120 60
-20.4375 -15.0000 3.3530 180 120 60
-19.8125 2.0000 3.0430 180 120 60
3.6250 -9.5000 8.9430 34 139 34
11.0625 2.5000 6.2490 180 120 60
11.7500 9.0000 6.2910 180 120 60
21.9375 23.0000 9.1480 34 139 34
-9.1875 -8.0000 3.1540 180 120 60
3.3125 -7.5000 15.5940 34 139 34
-1.9375 11.0000 5.9440 180 120 60
-3.9375 -19.5000 13.7060 34 139 34
-7.5000 2.5000 3.2850 34 139 34
8.9375 -7.5000 13.2870 34 139 34
-1.3750 -4.0000 3.3750 34 139 34
16.0625 18.0000 12.9810 34 139 34
-20.0625 19.5000 5.1990 180 120 60
12.6875 5.0000 6.3750 180 120 60
15.7500 -16.0000 6.7080 34 139 34
21.8125 23.5000 8.9910 34 139 34
3.6875 -21.0000 19.6520 34 139 34
-22.3125 16.0000 7.8850 34 139 34
14.4375 -15.0000 5.3880 34 139 34
24.3125 18.0000 9.4180 34 139 34
-18.6250 -20.0000 6.3950 34 139 34
4.8125 -20.5000 21.8230 34 139 34
4.9375 1.0000 12.8320 34 139 34
4.6250 -15.0000 18.3930 34 139 34
-15.1250 19.5000 5.4540 180 120 60
10.1250 -6.0000 3.5780 34 139 34
-24.5625 -10.5000 3.3560 180 120 60
-12.6875 7.5000 5.1570 34 139 34
16.8125 24.5000 9.3400 34 139 34
-16.7500 -22.0000 6.7870 34 139 34
-0.6250 -18.5000 12.5620 34 139 34
-3.3125 18.0000 5.7690 180 120 60
0.2500 -16.0000 14.8320 34 139 34
23.3750 6.5000 15.8870 34 139 34
-20.9375 -24.0000 19.2610 34 139 34
-7.4375 -16.0000 3.1830 180 120 60
-4.8125 -13.0000 13.6980 34 139 34
3.3750 -9.5000 15.9230 34 139 34
-10.9375 -1.0000 3.1030 180 120 60
-20.0625 -24.5000 18.9130 34 139 34
4.9375 -15.5000 17.4820 34 139 34
12.3750 -12.5000 9.0320 34 139 34
14.5000 7.0000 6.3760 180 120 60
-0.1875 16.0000 8.1870 34 139 34
12.9375 24.5000 9.8150 34 139 34
-19.8750 -24.0000 13.5630 34 139 34
-2.5000 0.0000 12.2110 34 139 34
-14.2500 5.0000 7.3280 34 139 34
12.8750 2.0000 6.4730 255 165 0
15.1875 19.0000 16.3710 34 139 34
20.5625 16.5000 17.2570 34 139 34
-5.9375 -14.0000 12.4260 34 139 34
6.2500 -2.5000 12.6830 34 139 34
24.2500 -4.5000 7.3340 128 128 128
24.1875 15.5000 12.1410 34 139 34
16.4375 19.0000 13.0850 34 139 34
-2.7500 -18.5000 15.7690 34 139 34
-4.2500 14.0000 5.9030 180 120 60
9.7500 -16.5000 9.1910 34 139 34
-11.6875 14.0000 5.4600 180 120 60
17.1250 4.0000 6.4810 255 165 0
-1.1875 21.5000 13.2830 34 139 34
-4.1250 -14.5000 15.8430 34 139 34
9.1875 21.0000 7.5670 34 139 34
-5.4375 20.5000 9.1370 34 139 34
23.7500 -16.5000 3.3300 180 120 60
18.3750 -13.0000 2.2620 34 139 34
19.8125 -23.5000 3.5380 34 139 34
-18.9375 -12.0000 3.3380 180 120 60
5.0625 1.5000 12.6480 34 139 34
-14.5625 14.0000 4.8020 180 120 60
6.6250 12.0000 8.9830 34 139 34
24.6875 23.0000 0.1970 30 144 255
11.7500 18.5000 11.6210 34 139 34
22.5625 8.5000 14.3590 34 139 34
22.3750 22.0000 0.1240 30 144 255
-24.5000 -18.5000 7.3000 34 139 34
21.1875 3.0000 6.5400 255 165 0
-17.5000 -4.5000 3.1250 180 120 60
7.2500 10.5000 6.1510 180 120 60
14.3750 20.0000 10.6720 34 139 34
-10.6250 14.0000 5.4870 180 120 60
-23.0000 2.0000 3.0250 180 120 60
-22.4375 -9.0000 3.3140 180 120 60
-21.4375 -23.5000 16.8060 34 139 34
-12.1875 23.5000 5.5210 180 120 60
19.6875 -19.5000 2.7860 34 139 34
-6.8125 5.0000 15.4650 34 139 34
-24.5000 -6.0000 3.3050 180 120 60
-21.1250 12.5000 5.0630 34 139 34
21.8750 7.5000 15.3830 34 139 34
-2.5625 -11.5000 14.8000 34 139 34
-21.9375 20.5000 5.2720 180 120 60
-17.6875 -11.0000 3.2400 180 120 60
21.9375 6.0000 6.6910 255 165 0
2.9375 -20.0000 6.6510 220 50 50
-22.9375 6.5000 2.9550 180 120 60
-22.2500 -18.5000 14.1770 34 139 34
-15.7500 10.5000 6.3030 34 139 34
12.7500 22.5000 4.9740 34 139 34
6.9375 -17.5000 20.9240 34 139 34
-4.8750 -0.5000 3.0450 180 120 60
-8.2500 20.5000 5.4560 180 120 60
-16.4375 -23.0000 3.4350 180 120 60
18.3125 -17.5000 5.5120 34 139 34
-15.1250 21.5000 5.4120 180 120 60
-4.8125 9.0000 5.7910 34 139 34
-4.4375 3.5000 18.1610 34 139 34
-24.6875 -3.0000 3.1950 180 120 60
0.8125 15.0000 5.8600 180 120 60
16.1250 17.0000 16.6960 34 139 34
-20.3125 -1.5000 3.1060 180 120 60
-5.8750 20.5000 8.5980 34 139 34
9.0000 10.0000 6.1310 180 120 60
9.3125 16.5000 12.3200 34 139 34
4.3750 18.0000 12.7440 34 139 34
-18.3125 1.0000 3.0590 180 120 60
20.8750 -16.0000 2.8050 34 139 34
21.3750 -22.0000 3.1590 34 139 34
8.3125 25.0000 3.5230 180 120 60
7.0000 -19.5000 18.6590 34 139 34
-24.4375 2.5000 3.0750 180 120 60
17.5000 23.5000 11.5380 34 139 34
6.3750 16.5000 12.0590 34 139 34
-11.9375 21.0000 5.3290 180 120 60
-11.6250 14.5000 5.5920 180 120 60
-24.2500 14.0000 7.2840 220 50 50
-2.8750 2.0000 17.5160 34 139 34
2.0000 2.5000 18.3170 34 139 34
-1.9375 8.5000 5.5970 180 120 60
9.7500 -2.0000 13.0850 34 139 34
-5.3750 -18.5000 14.4440 34 139 34
21.8125 12.0000 12.3900 34 139 34
-13.3750 18.5000 5.4160 180 120 60
-22.2500 -11.5000 3.4370 180 120 60
-22.0625 7.5000 2.9570 180 120 60
23.6875 16.5000 13.3810 34 139 34
21.5625 9.0000 8.4780 34 139 34
-8.3750 11.0000 5.2310 34 139 34
4.8125 4.0000 13.2970 34 139 34
-8.6250 17.5000 5.6010 180 120 60
-7.6875 12.0000 5.5850 180 120 60
10.2500 -17.0000 5.9320 34 139 34
23.3125 6.5000 19.5040 34 139 34
11.2500 25.0000 3.5480 180 120 60
-23.5625 -21.5000 5.2370 180 120 60
-15.1875 -6.5000 3.1810 180 120 60
5.6875 7.5000 7.7310 128 128 128
16.2500 -19.0000 7.3950 34 139 34
-0.3750 21.5000 12.4760 34 139 34
-23.5000 -19.0000 13.4350 34 139 34
3.8125 22.5000 9.7150 34 139 34
24.0000 1.5000 6.5440 255 165 0
-2.1250 3.0000 19.8780 34 139 34
21.6250 -8.0000 2.5860 34 139 34
0.4375 -0.5000 11.7720 34 139 34
-14.1875 -12.0000 3.2900 180 120 60
-3.7500 -9.0000 12.9780 34 139 34
-0.7500 23.5000 10.5790 34 139 34
7.6250 8.0000 6.2620 180 120 60
-20.4375 24.5000 5.2600 180 120 60
-14.1250 -7.0000 3.2110 180 120 60
-10.4375 24.0000 8.4710 34 139 34
13.0625 -24.5000 6.3040 34 139 34
11.6250 3.5000 6.3300 180 120 60
13.7500 23.0000 14.2680 34 139 34
-14.8750 6.0000 6.7200 34 139 34
-2.2500 2.5000 19.9140 34 139 34
-23.3750 3.0000 3.0300 180 120 60
25.1875 -24.0000 3.4920 34 139 34
-19.6250 -6.5000 3.2310 180 120 60
-15.5000 7.5000 11.0820 34 139 34
9.9375 23.5000 3.6410 180 120 60
-18.6875 -10.5000 3.3480 180 120 60
12.0000 1.0000 6.3400 180 120 60
13.5625 13.5000 12.2460 34 139 34
0.1875 16.0000 8.1640 34 139 34
-3.1875 -8.5000 3.0290 180 120 60
14.1250 4.5000 6.4150 255 165 0
-20.8125 -17.0000 6.8070 34 139 34
-18.6875 -14.0000 3.4080 180 120 60
21.4375 17.0000 17.3780 34 139 34
-4.2500 -7.5000 3.1310 180 120 60
16.1875 -17.0000 7.6400 34 139 34
19.7500 -16.5000 6.4100 34 139 34
-5.6875 -0.5000 3.0450 180 120 60
-3.2500 -19.5000 15.8430 34 139 34
-18.0000 -19.5000 15.6810 34 139 34
18.5000 23.5000 8.7900 34 139 34
5.1875 -4.0000 12.3680 34 139 34
-22.0000 -1.0000 3.1130 180 120 60
5.8750 -18.5000 22.0560 34 139 34
1.0625 1.0000 13.4230 34 139 34
18.8125 22.0000 11.1430 34 139 34
23.7500 -7.5000 2.8080 34 139 34
9.6875 -15.5000 14.5950 34 139 34
-14.8750 -15.0000 3.3860 180 120 60
-20.5000 -20.0000 18.7860 34 139 34
12.8125 9.0000 6.4440 180 120 60
-5.5625 23.0000 9.1180 34 139 34
15.0625 11.5000 11.0870 34 139 34
20.3750 -11.0000 2.3830 34 139 34
13.8125 5.0000 6.3960 180 120 60
0.0625 -14.0000 16.7180 34 139 34
21.5000 -4.0000 1.3950 180 120 60
16.8125 -16.5000 7.6460 34 139 34
-7.3750 5.5000 5.7130 34 139 34
18.6875 23.0000 14.3540 34 139 34
-20.5000 18.5000 5.5220 34 139 34
-23.7500 1.0000 3.0920 180 120 60
-9.5625 24.5000 8.8130 34 139 34
-16.5000 14.5000 6.3480 34 139 34
4.0000 21.5000 10.6550 34 139 34
8.4375 19.0000 9.9080 34 139 34
-19.6250 -18.5000 17.0860 34 139 34
-19.1875 20.5000 5.2730 180 120 60
-11.0625 -18.5000 3.1730 180 120 60
-16.1250 -16.0000 3.4390 180 120 60
-21.9375 17.5000 7.8280 34 139 34
-10.3750 -18.0000 3.2110 180 120 60
19.1250 -19.0000 3.9800 34 139 34
-9.1875 1.5000 3.0240 180 120 60
22.3125 -5.5000 2.8210 34 139 34
21.3750 -23.5000 3.6320 34 139 34
2.5000 4.0000 9.9190 34 139 34
5.6250 12.0000 6.0450 180 120 60
-16.5625 11.5000 6.5560 34 139 34
-12.3750 7.0000 3.1600 34 139 34
-17.8125 24.5000 5.2560 180 120 60
2.1875 23.0000 9.0900 34 139 34
9.1250 11.5000 10.0830 34 139 34
21.8750 -7.0000 2.9390 34 139 34
-1.1875 1.0000 13.3200 34 139 34
-0.4375 -7.5000 3.4790 34 139 34
22.6875 23.0000 6.7710 34 139 34
21.5625 -4.5000 1.5910 180 120 60
-16.2500 12.5000 6.4660 34 139 34
-1.3750 23.5000 9.5780 34 139 34
6.1875 -11.5000 12.8330 34 139 34
20.2500 20.0000 2.7690 34 139 34
-14.3125 16.5000 5.4720 180 120 60
-13.1875 6.5000 5.2730 34 139 34
11.1250 -7.5000 6.2580 34 139 34
9.3125 -4.5000 10.1140 34 139 34
-22.3750 -3.5000 3.1880 180 120 60
11.0625 -2.5000 2.4730 34 139 34
15.3125 9.0000 8.0090 34 139 34
20.0000 17.5000 17.1860 34 139 34
-4.5625 -15.0000 15.9590 34 139 34
-3.0625 15.5000 7.1710 128 128 128
-0.5000 7.0000 10.0340 34 139 34
-5.8125 2.5000 4.2560 34 139 34
3.8750 17.0000 12.4240 34 139 34
-2.4375 16.5000 5.6600 180 120 60
13.5625 18.0000 12.6920 34 139 34
-12.7500 2.5000 3.0470 180 120 60
-7.1250 -20.0000 3.4380 180 120 60
-22.3125 -8.5000 3.3620 180 120 60
-12.0625 4.5000 2.9710 180 120 60
17.1250 19.5000 15.4680 34 139 34
-1.8125 -3.0000 7.2670 34 139 34
14.3125 10.0000 9.3190 34 139 34
-1.8750 -9.0000 14.2310 34 139 34
17.8125 -18.0000 6.4170 34 139 34
20.4375 -22.5000 3.5840 34 139 34
20.2500 -5.5000 2.1180 34 139 34
19.8125 20.5000 6.1360 34 139 34
-20.3750 -23.0000 16.3540 34 139 34
19.6875 24.5000 16.7180 34 139 34
-8.1875 -4.5000 3.0980 180 120 60
-11.0000 -3.0000 3.1330 180 120 60
2.5000 -16.5000 13.8530 34 139 34
21.1250 -22.0000 3.1810 34 139 34
-12.1875 24.0000 5.4630 180 120 60
7.0625 17.0000 11.3610 34 139 34
21.1250 5.5000 13.2700 34 139 34
23.8125 0.5000 6.5530 255 165 0
-14.8125 -8.0000 3.2420 180 120 60
-4.9375 3.5000 12.9930 34 139 34
12.0625 -6.0000 0.8070 30 144 255
10.6250 23.0000 3.6050 180 120 60
23.2500 -7.5000 2.7180 34 139 34
11.6250 16.5000 9.7630 34 139 34
-4.3125 -12.0000 15.2950 34 139 34
15.5625 -20.5000 1.1050 34 139 34
22.4375 -17.5000 3.3900 34 139 34
5.6250 -16.5000 19.0650 34 139 34
1.0000 18.0000 11.1990 34 139 34
6.1250 3.5000 12.3250 34 139 34
17.7500 12.5000 8.7020 34 139 34
17.8750 20.5000 15.5130 34 139 34
-5.9375 7.0000 13.3270 34 139 34
4.3750 12.0000 5.9970 180 120 60
5.9375 -10.5000 16.3360 34 139 34
11.1250 -6.5000 0.9830 180 120 60
-24.0625 -14.0000 3.3110 180 120 60
21.7500 21.5000 10.7840 34 139 34
-16.3750 -20.0000 14.2380 34 139 34
0.0000 -24.0000 7.0740 220 50 50
5.3750 17.5000 12.5360 34 139 34
-0.5000 -19.5000 14.3080 34 139 34
-14.0000 -12.5000 3.3260 180 120 60
13.5000 13.5000 12.2400 34 139 34
5.7500 8.0000 6.1880 180 120 60
-22.7500 -24.0000 19.2370 34 139 34
21.6250 -3.0000 1.3540 180 120 60
-6.3125 -10.0000 3.1860 180 120 60
8.4375 18.0000 10.3040 34 139 34
-11.0625 18.0000 5.5890 180 120 60
-13.6875 -23.0000 5.3530 34 139 34
22.8125 22.0000 10.9430 34 139 34
-8.6875 12.0000 6.4700 34 139 34
-12.6250 -16.0000 3.3050 180 120 60
-12.6875 11.5000 12.3630 34 139 34
19.5625 16.0000 10.9730 34 139 34
-10.0000 19.5000 5.5120 180 120 60
17.0625 -23.5000 1.7850 180 120 60
-11.5000 9.5000 6.2940 34 139 34
-21.1250 22.0000 5.2060 180 120 60
8.1250 21.5000 8.4470 34 139 34
-12.3125 22.5000 5.4470 180 120 60
6.1875 3.5000 13.5060 34 139 34
-4.9375 -0.5000 3.0440 180 120 60
-12.5625 -9.0000 3.2090 180 120 60
23.5000 19.5000 5.1370 34 139 34
1.1875 -0.5000 17.2570 34 139 34
-6.3125 -2.0000 3.0370 180 120 60
-6.5000 -21.5000 3.3990 180 120 60
5.1875 -11.5000 7.1270 34 139 34
-7.9375 -10.5000 3.1820 180 120 60
-12.0000 12.5000 4.9800 34 139 34
16.6875 17.5000 0.3360 180 120 60
18.0000 21.0000 15.2990 34 139 34
-3.9375 1.5000 16.8430 34 139 34
24.6250 16.0000 9.4400 34 139 34
-0.7500 -15.5000 15.1310 34 139 34
6.3125 -11.5000 12.5600 34 139 34
-13.2500 -21.0000 3.3520 180 120 60
6.6250 -21.5000 21.6490 34 139 34
0.7500 17.5000 9.7000 34 139 34
5.8125 4.5000 5.9020 180 120 60
-22.5000 -12.5000 3.4220 180 120 60
-1.0625 5.0000 17.5320 34 139 34
5.5625 -4.0000 13.1240 34 139 34
3.8125 -14.0000 18.6880 34 139 34
-23.6250 -0.5000 3.1820 180 120 60
8.8125 23.0000 3.6430 180 120 60
-5.8750 7.0000 13.3620 34 139 34
1.8125 21.0000 10.1080 34 139 34
-4.0000 -19.5000 15.3660 34 139 34
-7.6875 4.5000 3.3240 34 139 34
-19.5625 -23.0000 14.7710 34 139 34
-2.5625 5.0000 16.0670 34 139 34
-11.4375 -7.5000 3.1650 180 120 60
-20.4375 -11.5000 3.3040 180 120 60
-15.0625 -16.0000 3.3740 180 120 60
24.0625 -6.0000 3.0110 180 120 60
24.6250 -4.5000 6.6420 255 165 0
21.9375 -16.5000 3.0560 34 139 34
3.8750 -10.5000 7.5000 34 139 34
-4.7500 24.5000 9.8940 34 139 34
23.1250 10.5000 15.6850 34 139 34
-3.5625 -14.0000 16.9470 34 139 34
-7.8750 -18.0000 3.3380 180 120 60
8.5000 18.5000 10.8700 34 139 34
7.0000 -20.5000 22.0750 34 139 34
1.7500 -18.5000 5.4840 34 139 34
-0.4375 -22.5000 4.0340 180 120 60
3.2500 -14.0000 14.5070 34 139 34
-16.5625 -18.5000 12.6320 34 139 34
3.5625 -14.0000 18.6600 34 139 34
-18.0625 -17.0000 10.4120 34 139 34
-10.7500 23.0000 5.4590 180 120 60
-3.0625 -21.5000 3.5810 180 120 60
-15.5625 -23.0000 6.5040 34 139 34
-8.6250 12.0000 6.5780 34 139 34
-24.1250 -12.0000 3.3410 180 120 60
5.3125 -16.0000 15.0990 34 139 34
1.0000 16.5000 9.2670 34 139 34
-9.0625 -21.5000 3.3850 180 120 60
-19.0000 -21.5000 16.4090 34 139 34
-12.5625 -10.0000 3.2030 180 120 60
18.8750 -15.0000 5.0230 34 139 34
-8.8750 -4.5000 3.1480 180 120 60
22.6875 2.0000 6.4940 255 165 0
16.3750 17.5000 9.5600 34 139 34
8.5000 -14.5000 17.3610 34 139 34
-21.9375 -24.0000 18.4840 34 139 34
-22.8125 -19.5000 13.7500 34 139 34
13.4375 8.5000 6.4580 180 120 60
17.2500 22.0000 13.8220 34 139 34
-8.7500 -24.5000 3.6140 180 120 60
7.1875 -8.0000 14.4150 34 139 34
24.6250 -8.5000 2.9460 180 120 60
-18.4375 11.5000 6.6380 34 139 34
-6.7500 -6.0000 3.0630 180 120 60
-21.0625 -6.0000 3.2830 180 120 60
-24.6250 20.0000 7.7560 34 139 34
4.1250 -6.0000 13.0470 34 139 34
-15.6250 14.5000 5.1800 34 139 34
-9.9375 -19.5000 3.2750 180 120 60
-10.1250 15.5000 5.6630 180 120 60
8.8750 -3.5000 11.8720 34 139 34
23.1250 -0.5000 6.4800 255 165 0
13.1250 18.0000 10.7080 34 139 34
11.3125 11.5000 8.7410 34 139 34
-1.5000 -15.5000 17.1320 34 139 34
22.6250 25.0000 6.8020 34 139 34
4.6250 5.5000 12.9550 34 139 34
10.1875 -7.0000 7.1930 34 139 34
10.9375 5.0000 7.4290 128 128 128
-2.1250 -14.0000 17.0820 34 139 34
-23.6875 -21.0000 10.0820 34 139 34
3.0625 -7.5000 15.1030 34 139 34
-20.0625 -18.5000 12.9600 34 139 34
8.7500 23.5000 3.7200 180 120 60
-4.3125 -18.0000 11.2900 34 139 34
-22.3750 7.0000 2.9690 180 120 60
-3.1875 -2.0000 3.9120 34 139 34
0.2500 10.0000 5.9180 180 120 60
-21.2500 -19.5000 16.8940 34 139 34
-0.5000 -18.5000 12.7560 34 139 34
16.8125 11.0000 7.4760 34 139 34
11.8125 -13.0000 9.1990 34 139 34
-9.8750 -3.0000 3.1020 180 120 60
-12.5625 1.0000 3.0330 180 120 60
8.6250 -18.0000 2.4850 34 139 34
-20.9375 -12.0000 3.3800 180 120 60
-5.0000 -2.0000 3.0500 180 120 60
19.3125 24.0000 16.7080 34 139 34
20.2500 -23.5000 3.5480 34 139 34
-5.3125 24.0000 9.9910 34 139 34
6.8750 6.0000 6.2230 180 120 60
23.1250 19.5000 5.7750 34 139 34
4.6875 8.5000 6.1470 180 120 60
7.9375 -11.5000 10.7570 34 139 34
4.9375 -2.0000 13.5210 34 139 34
5.9375 5.5000 6.1340 180 120 60
21.9375 -3.0000 6.5640 255 165 0
4.0000 -18.0000 17.6880 34 139 34
-0.0625 -13.0000 16.0870 34 139 34
-23.8125 -16.5000 5.8930 34 139 34
-4.5000 -3.5000 3.0720 180 120 60
-14.5000 -14.5000 3.3230 180 120 60
0.9375 -17.5000 15.4780 34 139 34
-11.3125 12.0000 10.1690 34 139 34
-24.0000 22.0000 5.1360 180 120 60
4.8125 12.5000 6.0270 180 120 60
-14.6875 5.5000 7.0190 34 139 34
6.5625 19.5000 11.5310 34 139 34
14.1250 1.0000 6.5570 255 165 0
6.6875 -12.5000 6.9420 34 139 34
-21.9375 -1.5000 3.1300 180 120 60
-12.4375 15.5000 5.6430 180 120 60
3.1250 -15.5000 18.7400 34 139 34
-10.6250 -2.0000 3.0810 180 120 60
2.8125 -11.0000 15.1170 34 139 34
2.3750 -12.5000 15.3160 34 139 34
-3.8125 3.0000 18.0420 34 139 34
-6.6875 -15.0000 14.1720 34 139 34
18.6250 -0.5000 6.5690 255 165 0
-11.8750 10.5000 9.0720 34 139 34
-15.6250 10.5000 6.3000 34 139 34
4.7500 -13.5000 14.3350 34 139 34
-11.6250 14.0000 5.4640 180 120 60
-16.8750 23.0000 5.3310 180 120 60
-3.3750 23.5000 11.2540 34 139 34
8.6875 -16.5000 7.5950 34 139 34
1.3750 -4.5000 9.1260 34 139 34
24.4375 -23.0000 3.8480 34 139 34
-9.3125 -6.0000 3.1190 180 120 60
-21.3750 14.5000 7.7160 34 139 34
-14.8125 6.5000 7.5070 34 139 34
8.6875 -18.5000 0.7990 180 120 60
8.0000 22.0000 8.2940 34 139 34
-7.5000 -1.0000 3.0340 180 120 60
4.6250 -21.5000 7.6050 34 139 34
9.9375 20.0000 7.6660 34 139 34
22.1875 13.5000 11.4640 34 139 34
-19.7500 -18.5000 6.6820 34 139 34
15.4375 23.5000 14.9260 34 139 34
-4.6250 21.5000 10.4690 34 139 34
-20.6875 8.0000 3.0450 180 120 60
18.0000 18.5000 11.5290 34 139 34
2.5625 24.0000 3.7540 180 120 60
-15.8125 9.5000 5.1580 34 139 34
11.5625 0.0000 2.3430 180 120 60
-24.0000 5.5000 2.9750 180 120 60
22.9375 9.5000 12.0100 34 139 34
20.1875 15.0000 3.8220 34 139 34
16.7500 -21.5000 2.6600 34 139 34
1.2500 -22.0000 6.8940 220 50 50
-23.0000 17.0000 6.9770 34 139 34
-5.6875 -6.0000 3.0800 180 120 60
6.1875 2.0000 11.7290 34 139 34
10.2500 13.5000 9.4310 34 139 34
23.2500 5.0000 19.0130 34 139 34
-15.4375 4.5000 2.9920 180 120 60
-24.6875 9.5000 3.2600 180 120 60
-17.1875 -17.0000 3.4410 180 120 60
19.8125 25.0000 17.5270 34 139 34
18.4375 -15.5000 7.9260 34 139 34
8.6875 -17.0000 7.6860 34 139 34
18.1250 -19.0000 4.3760 34 139 34
-19.6250 4.0000 2.9830 180 120 60
-20.6250 -16.0000 3.3330 180 120 60
0.1250 9.0000 5.9780 180 120 60
-20.8750 -1.5000 3.0700 180 120 60
3.0625 -19.0000 5.6200 34 139 34
-22.6875 -4.5000 3.2520 180 120 60
23.8125 -19.5000 3.4060 180 120 60
25.0000 19.0000 10.8170 34 139 34
21.8750 -19.5000 2.9440 34 139 34
23.1875 17.0000 13.7990 34 139 34
23.8750 -19.5000 3.5050 34 139 34
3.6875 13.5000 5.9870 180 120 60
-10.2500 5.5000 4.1030 34 139 34
-23.7500 -15.5000 3.3490 180 120 60
-4.0625 10.0000 5.7330 34 139 34
22.3125 24.0000 8.6670 34 139 34
-12.0625 -21.5000 3.5710 180 120 60
-9.6250 17.0000 5.6330 180 120 60
24.3750 -2.0000 6.5130 255 165 0
-17.0000 -22.5000 13.8780 34 139 34
-12.6250 -18.5000 3.2550 180 120 60
25.1250 1.0000 13.1430 34 139 34
-19.5000 -19.5000 16.2040 34 139 34
11.5625 20.0000 5.6750 34 139 34
1.6875 20.5000 11.6080 34 139 34
-8.5625 -5.5000 3.1280 180 120 60
16.4375 0.5000 6.5740 255 165 0
0.9375 10.0000 6.0060 180 120 60
0.3750 -13.0000 15.8370 34 139 34
-1.9375 -17.0000 16.5390 34 139 34
22.2500 -6.5000 2.9780 34 139 34
11.3125 1.0000 7.1560 34 139 34
-20.6250 -13.5000 3.3720 180 120 60
9.5000 9.0000 6.2210 180 120 60
8.8750 -6.0000 5.4290 34 139 34
-16.1875 12.5000 6.4490 34 139 34
25.0625 22.0000 0.1080 30 144 255
-10.2500 -11.5000 3.2410 180 120 60
25.0625 8.0000 20.7500 34 139 34
8.5625 -13.0000 10.6140 34 139 34
10.0000 -4.0000 2.9440 34 139 34
-2.0625 -7.5000 3.1160 180 120 60
-2.4375 -20.5000 3.8410 34 139 34
21.1875 -9.5000 2.3840 34 139 34
12.3125 -16.5000 7.1880 34 139 34
23.8125 -10.0000 2.6940 180 120 60
-20.4375 11.0000 2.9750 180 120 60
-15.0625 0.0000 3.0210 180 120 60
3.0625 25.5000 3.6030 180 120 60
25.0000 2.5000 6.6230 255 165 0
-3.5000 2.5000 18.0640 34 139 34
-3.8125 -13.5000 16.2000 34 139 34
-2.7500 -8.5000 3.0370 180 120 60
-18.1875 -4.0000 3.1690 180 120 60
22.8750 1.0000 6.5600 255 165 0
7.5625 5.5000 6.2930 180 120 60
-3.2500 0.5000 6.8060 34 139 34
12.0000 24.0000 4.8260 34 139 34
-2.2500 20.5000 10.5220 34 139 34
-2.1875 5.5000 17.9870 34 139 34
10.1875 -24.5000 4.5400 34 139 34
-18.5000 -18.0000 3.3940 180 120 60
-7.4375 1.0000 2.9850 180 120 60
9.0000 -5.0000 3.9190 34 139 34
-19.0000 14.0000 8.0820 34 139 34
-6.1875 -8.0000 3.1010 180 120 60
-22.8750 10.5000 3.0250 180 120 60
-8.0000 10.0000 7.7460 34 139 34
9.5625 -23.5000 2.6360 34 139 34
-7.5000 -14.0000 3.0770 180 120 60
-3.0000 7.5000 15.7920 34 139 34
16.4375 -19.5000 6.4620 34 139 34
-15.8125 -11.0000 3.3000 180 120 60
-19.7500 -15.5000 6.5940 34 139 34
7.8750 -21.5000 3.3530 34 139 34
8.1875 -18.5000 20.3280 34 139 34
-12.1875 6.5000 2.9050 180 120 60
-11.8750 -19.0000 3.3140 180 120 60
14.0625 12.5000 9.7390 34 139 34
2.5625 -23.5000 7.3870 34 139 34
-19.5000 11.5000 3.0920 180 120 60
-7.5625 14.5000 5.7360 180 120 60
0.5000 25.0000 8.4100 34 139 34
-22.5000 -15.0000 3.3020 180 120 60
-4.8750 9.5000 6.0650 34 139 34
11.0625 -9.0000 8.1870 34 139 34
17.5625 12.5000 8.7410 34 139 34
-3.3750 -20.5000 3.4450 180 120 60
22.0625 6.0000 6.6230 255 165 0
-14.0625 6.5000 6.4970 34 139 34
-3.4375 4.5000 19.1640 34 139 34
-16.5625 9.5000 7.4570 34 139 34
-20.2500 -15.5000 3.4220 180 120 60
5.8125 -4.5000 12.9520 34 139 34
-15.5000 9.0000 5.2240 34 139 34
22.5625 5.0000 6.6760 255 165 0
0.6250 21.0000 12.4230 34 139 34
-18.0625 -19.5000 15.6600 34 139 34
-2.6875 16.5000 7.0830 128 128 128
19.6250 22.0000 7.8740 34 139 34
-21.3750 -22.5000 18.7260 34 139 34
20.6875 -22.5000 3.3960 34 139 34
5.8125 -11.5000 13.0030 34 139 34
-24.0625 11.5000 3.1840 180 120 60
-11.5000 0.0000 3.0280 180 120 60
17.1250 5.0000 6.4020 255 165 0
3.8750 -21.0000 21.9820 34 139 34
-14.3125 1.0000 3.0280 180 120 60
3.0625 -24.0000 7.2580 34 139 34
8.2500 24.5000 3.5720 180 120 60
15.5625 -15.5000 5.2480 34 139 34
-0.4375 -17.0000 14.5760 34 139 34
6.3125 -21.5000 8.3020 34 139 34
-17.0000 25.5000 5.3860 180 120 60
-5.0000 21.0000 9.0690 34 139 34
-5.1250 -5.0000 3.0840 180 120 60
-19.5000 -16.0000 6.6570 34 139 34
-5.0625 25.0000 4.8780 180 120 60
18.0625 12.5000 8.4430 34 139 34
-19.3750 -16.0000 3.4200 180 120 60
6.8125 8.5000 6.2000 180 120 60
2.5000 6.5000 12.2450 34 139 34
-23.8750 24.5000 5.1910 180 120 60
19.7500 -16.5000 6.4730 34 139 34
-4.7500 14.0000 5.8750 180 120 60
7.4375 -18.0000 18.4200 34 139 34
-3.0625 -18.5000 15.7700 34 139 34
-21.0000 -0.5000 3.1020 180 120 60
18.7500 6.0000 6.5240 255 165 0
21.3125 18.0000 16.4780 34 139 34
13.6875 23.0000 11.6670 34 139 34
-4.3750 5.0000 18.2500 34 139 34
-12.1875 7.5000 4.8220 34 139 34
8.5000 18.5000 10.4230 34 139 34
-5.3125 -15.5000 15.3580 34 139 34
2.7500 -16.5000 16.2050 34 139 34
-7.5625 3.5000 3.4830 34 139 34
-1.8750 21.0000 11.7890 34 139 34
19.6250 -24.0000 3.6920 34 139 34
9.8750 1.5000 7.4330 34 139 34
21.5000 -1.0000 6.4830 255 165 0
-16.3125 11.5000 6.4210 34 139 34
5.6875 17.0000 12.0640 34 139 34
8.3125 -4.5000 3.3600 34 139 34
-19.0625 17.0000 5.9220 34 139 34
17.6250 1.0000 6.4350 255 165 0
23.0000 16.0000 0.3050 30 144 255
23.3750 24.0000 5.0670 34 139 34
11.5625 -4.5000 1.9610 34 139 34
-21.7500 -7.0000 3.2850 180 120 60
-11.1250 -17.0000 3.2350 180 120 60
-11.6875 -12.5000 3.2600 180 120 60
-17.1250 4.0000 2.9680 180 120 60
-4.5000 -8.5000 3.0810 180 120 60
2.7500 6.0000 5.8070 180 120 60
19.0625 -21.5000 3.1370 34 139 34
7.0625 2.0000 5.1520 180 120 60
17.3750 20.5000 15.8860 34 139 34
20.2500 -12.5000 2.7320 34 139 34
-6.4375 -19.0000 6.5360 220 50 50
-23.8125 -20.5000 6.4640 34 139 34
-19.6250 -21.0000 16.7150 34 139 34
-17.8125 -18.0000 3.4320 180 120 60
14.3750 2.0000 6.4010 255 165 0
-18.4375 -21.0000 16.1050 34 139 34
2.0000 1.5000 19.0640 34 139 34
22.9375 -23.0000 3.6590 34 139 34
18.1250 13.5000 7.8000 34 139 34
3.5000 2.0000 17.3180 34 139 34
-6.2500 14.0000 5.7950 180 120 60
22.1875 -22.5000 3.5980 34 139 34
9.1250 -13.5000 2.4840 34 139 34
18.6875 18.5000 7.4080 34 139 34
-22.8750 22.5000 5.1070 180 120 60
-6.5000 15.0000 5.6890 180 120 60
-21.4375 -20.0000 20.6420 34 139 34
-20.1250 -13.5000 3.3710 180 120 60
1.5625 2.5000 16.9830 34 139 34
-3.6250 18.0000 9.8320 34 139 34
9.6875 14.5000 10.3480 34 139 34
-13.0625 21.0000 5.4070 180 120 60
8.3750 -17.5000 1.3130 34 139 34
-13.9375 14.0000 5.1750 34 139 34
19.8125 -8.0000 2.2350 34 139 34
6.4375 -3.5000 9.7310 34 139 34
-16.4375 -4.5000 3.1920 180 120 60
23.0000 12.5000 0.4790 30 144 255
9.0625 -2.0000 4.1250 34 139 34
16.0000 -15.0000 6.2540 34 139 34
4.4375 -20.5000 21.8950 34 139 34
-11.9375 13.5000 5.4070 180 120 60
-8.1875 20.0000 5.3880 180 120 60
20.9375 19.5000 2.8650 34 139 34
4.8750 -3.5000 14.4580 34 139 34
-19.3125 25.0000 5.1110 180 120 60
-5.2500 13.0000 5.8230 180 120 60
19.9375 1.5000 6.5250 255 165 0
-0.3750 -12.5000 15.6820 34 139 34
15.4375 17.5000 10.0490 34 139 34
0.8750 -5.0000 7.3540 34 139 34
-7.1875 0.5000 3.0310 180 120 60
21.6875 0.0000 6.4710 255 165 0
-23.6250 4.5000 2.9400 180 120 60
6.9375 -15.0000 20.5880 34 139 34
0.3125 4.0000 10.3040 34 139 34
-5.0625 10.0000 5.3830 180 120 60
1.7500 17.5000 10.7160 34 139 34
-17.6250 -19.5000 16.5140 34 139 34
-7.3125 4.5000 15.2190 34 139 34
-1.7500 -10.5000 16.5950 34 139 34
0.0625 6.5000 10.0920 34 139 34
5.8750 5.5000 6.0950 180 120 60
3.8750 2.5000 17.4470 34 139 34
-10.4375 -16.0000 3.2410 180 120 60
25.0625 15.5000 11.3500 34 139 34
24.6250 -8.5000 3.4360 34 139 34
-17.9375 18.0000 5.2130 180 120 60
7.8125 3.0000 5.7700 180 120 60
23.8125 17.0000 12.8340 34 139 34
-21.9375 -20.5000 20.1480 34 139 34
21.8125 4.5000 6.6030 255 165 0
-12.5000 7.5000 3.0220 180 120 60
1.6250 -24.0000 6.6210 220 50 50
22.1250 25.5000 7.9030 34 139 34
-20.3125 -9.0000 3.2700 180 120 60
-10.2500 -3.0000 3.0940 180 120 60
-19.2500 -23.0000 14.4370 34 139 34
-18.3750 0.5000 3.0460 180 120 60
-9.0000 1.0000 3.0680 180 120 60
6.0625 -14.0000 20.3170 34 139 34
-5.6250 -6.0000 3.0660 180 120 60
13.6250 3.0000 6.3780 255 165 0
10.5625 19.5000 3.6170 180 120 60
8.8125 6.5000 6.1920 180 120 60
19.8750 13.0000 12.6110 34 139 34
-15.7500 16.0000 5.3270 180 120 60
-7.6250 -10.5000 3.1680 180 120 60
-10.6875 22.0000 5.4020 180 120 60
21.1875 24.5000 9.2900 34 139 34
-15.0625 -7.5000 3.2320 180 120 60
17.1250 24.5000 9.4320 34 139 34
17.6250 18.5000 14.2870 34 139 34
6.4375 -17.0000 21.1320 34 139 34
22.7500 0.0000 6.5500 255 165 0
-7.8750 23.0000 5.3120 180 120 60
-14.6250 -5.5000 3.1710 180 120 60
19.1250 12.5000 5.7910 34 139 34
16.6875 12.5000 7.8820 34 139 34
-8.0625 1.5000 3.0410 180 120 60
-2.1250 12.5000 5.8660 180 120 60
9.3750 4.0000 6.3090 180 120 60
0.3750 8.0000 5.8890 180 120 60
22.5625 -3.5000 6.6350 255 165 0
5.3750 -6.0000 15.5710 34 139 34
6.6250 -8.0000 16.9130 34 139 34
-0.8125 0.0000 4.1840 34 139 34
-1.3750 4.5000 19.9060 34 139 34
-19.5625 23.5000 5.2800 180 120 60
-17.5000 20.0000 5.3490 180 120 60
8.1250 -10.0000 11.2710 34 139 34
24.1250 -15.0000 2.4030 180 120 60
-21.5000 -0.5000 3.0850 180 120 60
-21.2500 7.5000 2.9360 180 120 60
4.7500 -7.0000 16.5130 34 139 34
5.8750 -21.5000 21.8040 34 139 34
-16.0000 17.0000 5.3490 180 120 60
19.1250 20.0000 6.8580 34 139 34
-23.2500 23.0000 5.1490 180 120 60
-16.4375 -18.5000 3.4300 180 120 60
-18.0000 -17.5000 3.5070 34 139 34
16.3750 21.0000 14.8370 34 139 34
10.3750 -6.0000 3.2690 34 139 34
20.8125 21.0000 7.7410 34 139 34
0.7500 10.0000 5.9770 180 120 60
4.5625 -1.5000 13.3300 34 139 34
6.5625 2.0000 11.5910 34 139 34
15.1875 7.5000 6.3820 180 120 60
3.5625 -18.5000 4.0340 180 120 60
22.0000 23.0000 7.5650 34 139 34
-13.5625 -10.5000 3.2630 180 120 60
11.1875 5.5000 7.4290 128 128 128
-13.4375 -5.0000 3.1460 180 120 60
11.3125 15.5000 10.2960 34 139 34
11.1250 -16.5000 6.0750 34 139 34
-15.8125 13.5000 6.3100 34 139 34
24.8750 -22.5000 3.4720 34 139 34
7.2500 -15.0000 19.5060 34 139 34
0.3750 10.0000 5.9760 180 120 60
5.8750 2.5000 12.2550 34 139 34
1.6875 7.0000 9.4130 34 139 34
-12.5625 3.0000 3.0120 180 120 60
6.1250 9.0000 6.1980 180 120 60
7.6250 -5.5000 14.9860 34 139 34
-19.6875 0.0000 3.0680 180 120 60
6.8125 -6.0000 14.3890 34 139 34
4.1875 -10.5000 14.7310 34 139 34
5.5000 -16.5000 19.0960 34 139 34
-14.8750 -7.5000 3.2730 180 120 60
19.0625 15.5000 17.2270 34 139 34
6.5625 19.0000 7.3910 34 139 34
-14.8750 9.5000 6.3050 34 139 34
24.2500 -17.0000 3.3810 180 120 60
24.6250 22.5000 0.1790 30 144 255
-16.5000 -3.0000 3.1000 180 120 60
16.9375 -16.5000 8.0950 34 139 34
24.8750 -3.5000 6.5230 255 165 0
21.2500 13.0000 13.8270 34 139 34
-7.0625 14.0000 5.6720 180 120 60
15.6875 25.0000 8.0780 34 139 34
-23.8750 11.0000 3.0320 180 120 60
6.8125 -4.0000 6.0300 34 139 34
-24.4375 -14.5000 7.9940 34 139 34
-19.6875 4.0000 3.0090 180 120 60
-3.1250 -19.5000 15.7780 34 139 34
-2.0625 24.0000 10.5550 34 139 34
5.0625 -0.5000 12.6010 34 139 34
-0.4375 -16.5000 14.3950 34 139 34
20.9375 2.5000 6.5670 255 165 0
20.2500 -7.5000 1.9830 34 139 34
-1.8750 -8.5000 14.0240 34 139 34
-16.1250 -20.5000 3.3410 180 120 60
-21.3125 -4.0000 3.2350 180 120 60
10.5625 7.5000 6.3230 180 120 60
20.3750 22.5000 8.3540 34 139 34
-7.6250 -7.5000 3.1500 180 120 60
-6.0625 -18.5000 13.4770 34 139 34
2.5000 -11.0000 11.5170 34 139 34
-9.6250 -14.0000 3.2080 180 120 60
-10.3750 -24.5000 3.6770 180 120 60
-19.0000 6.5000 2.9360 180 120 60
7.1250 -9.0000 15.1540 34 139 34
19.6875 -8.0000 1.9020 34 139 34
-4.7500 -18.0000 14.6700 34 139 34
-6.6250 -24.5000 5.4920 220 50 50
-16.1250 -23.5000 11.7310 34 139 34
-17.5625 -19.0000 14.0400 34 139 34
-18.3750 -16.5000 3.4280 180 120 60
-21.8125 -19.5000 20.8840 34 139 34
-12.5625 -11.5000 3.2070 180 120 60
22.3750 19.0000 9.4960 34 139 34
-2.8125 -10.0000 14.1520 34 139 34
-3.3125 24.0000 10.7490 34 139 34
-10.4375 -16.0000 3.2140 180 120 60
-2.3750 1.0000 14.6100 34 139 34
-1.3125 6.0000 10.9310 34 139 34
2.0625 21.5000 9.5130 34 139 34
4.2500 -5.5000 6.6650 34 139 34
22.1875 -19.0000 3.2880 180 120 60
-6.1250 16.0000 5.6980 180 120 60
-0.5000 -15.5000 14.8740 34 139 34
9.6250 -2.0000 12.8190 34 139 34
-18.5000 -6.5000 3.2440 180 120 60
8.0625 -13.0000 17.5360 34 139 34
25.1875 9.0000 18.6850 34 139 34
19.6250 14.0000 8.8860 34 139 34
-6.6250 18.0000 5.5480 180 120 60
13.4375 3.5000 6.3660 255 165 0
4.0000 -12.0000 13.3230 34 139 34
13.8750 -2.0000 0.8880 30 144 255
-1.1250 19.0000 12.3250 34 139 34
-2.8125 20.5000 11.4790 34 139 34
-7.8125 6.5000 6.4130 34 139 34
9.8750 -10.5000 2.7730 34 139 34
23.1250 -8.0000 2.6270 180 120 60
-2.1250 10.0000 5.9070 180 120 60
-23.9375 23.5000 5.1070 180 120 60
-6.1250 22.5000 9.3480 34 139 34
19.8125 5.0000 6.4830 255 165 0
16.8750 0.0000 6.5370 255 165 0
-16.4375 -20.0000 3.3720 180 120 60
-23.2500 21.5000 5.2320 180 120 60
20.3125 -6.5000 1.7620 34 139 34
-3.7500 24.0000 10.1130 34 139 34
1.0000 25.0000 3.9670 180 120 60
-1.6250 4.0000 19.6230 34 139 34
19.6250 20.0000 14.9760 34 139 34
-6.0000 3.5000 14.4810 34 139 34
3.3125 -18.0000 3.9220 180 120 60
-0.0625 -13.0000 15.8230 34 139 34
10.2500 -24.5000 2.3410 34 139 34
11.8125 -13.0000 8.0500 34 139 34
9.0000 25.5000 5.2810 34 139 34
18.8750 16.5000 16.8540 34 139 34
8.2500 -9.5000 13.7320 34 139 34
-17.4375 23.0000 5.2970 180 120 60
-18.0000 -18.0000 3.4560 180 120 60
-11.5000 -16.0000 3.3060 180 120 60
-2.4375 15.0000 5.7920 180 120 60
18.9375 16.0000 16.6320 34 139 34
-23.1250 -1.5000 3.1500 180 120 60
-10.6875 -6.5000 3.0820 180 120 60
1.7500 0.0000 16.6290 34 139 34
-21.6250 -10.5000 3.3590 180 120 60
21.3125 -17.0000 2.8700 34 139 34
-15.4375 8.5000 5.0240 34 139 34
-14.0625 -9.0000 3.2070 180 120 60
13.1250 0.5000 1.2920 180 120 60
22.8750 -3.5000 6.5650 255 165 0
12.8125 12.0000 9.7280 34 139 34
7.6875 -2.5000 3.3270 34 139 34
-1.0625 -17.0000 16.3950 34 139 34
-14.1875 23.5000 5.3600 180 120 60
8.5625 25.0000 5.2670 34 139 34
-18.2500 16.5000 7.7080 34 139 34
-8.9375 -15.5000 3.1490 180 120 60
-21.5000 12.0000 3.0210 180 120 60
-19.7500 -15.0000 3.3520 180 120 60
0.8125 18.5000 11.3190 34 139 34
16.2500 -20.5000 2.4340 34 139 34
4.3750 -2.5000 12.8290 34 139 34
-22.0625 -3.0000 3.1990 180 120 60
-23.4375 5.0000 2.9930 180 120 60
12.1875 25.0000 10.6790 34 139 34
-15.3125 2.5000 3.0040 180 120 60
6.0625 4.0000 5.5390 180 120 60
24.8125 -5.5000 6.5320 180 120 60
-12.7500 -7.5000 3.2090 180 120 60
21.1250 -18.0000 2.3780 180 120 60
-0.6250 18.5000 10.4250 34 139 34
-1.0000 24.5000 4.4100 34 139 34
24.0000 6.5000 17.2660 34 139 34
-7.3750 24.5000 5.0700 180 120 60
18.9375 -21.5000 3.2100 34 139 34
-23.8125 -9.0000 3.3870 180 120 60
-11.0625 3.0000 3.0330 180 120 60
-12.6875 0.0000 3.0490 180 120 60
22.0000 -7.0000 2.9030 34 139 34
-24.1250 -15.5000 7.5870 34 139 34
1.2500 16.5000 10.9410 34 139 34
-18.7500 7.5000 2.9130 180 120 60
-23.3750 -11.5000 3.3970 180 120 60
24.5625 18.5000 11.2380 34 139 34
24.7500 -5.0000 6.6890 255 165 0
-16.2500 8.0000 2.8230 180 120 60
-12.6250 21.5000 5.3470 180 120 60
-7.5625 -6.5000 5.4250 128 128 128
-18.2500 8.5000 2.9080 180 120 60
14.6875 12.0000 11.5000 34 139 34
15.8750 -18.0000 7.3780 34 139 34
24.8125 -17.5000 3.4280 180 120 60
-2.0625 17.5000 8.3520 34 139 34
-4.3750 6.0000 15.7180 34 139 34
-12.6875 18.0000 5.5020 180 120 60
-15.6250 8.0000 10.6660 34 139 34
-16.5625 -9.5000 3.2960 180 120 60
22.6250 0.5000 6.5410 255 165 0
-3.9375 3.5000 18.2030 34 139 34
0.8125 -19.5000 4.0130 180 120 60
-15.2500 -6.0000 3.1950 180 120 60
-14.3750 5.0000 2.9790 180 120 60
10.1250 -0.5000 11.2590 34 139 34
1.8750 5.5000 14.6370 34 139 34
-16.3125 -23.0000 6.6510 34 139 34
-24.6250 -17.5000 6.4410 34 139 34
-4.7500 -19.0000 11.9720 34 139 34
8.7500 -15.5000 16.9010 34 139 34
-8.1250 6.0000 6.5000 34 139 34
-0.1875 -17.0000 14.5860 34 139 34
-21.4375 -16.0000 3.2060 180 120 60
20.5000 16.0000 7.3090 34 139 34
-18.3750 -1.0000 3.0810 180 120 60
11.5625 7.0000 6.3400 180 120 60
-4.6875 11.5000 5.7640 180 120 60
22.2500 10.0000 11.8300 34 139 34
-9.0000 -11.0000 3.2160 180 120 60
17.3750 23.5000 14.9260 34 139 34
6.4375 22.5000 3.6700 180 120 60
13.7500 9.0000 9.3530 34 139 34
1.3125 23.5000 9.8780 34 139 34
8.1250 -0.5000 14.5660 34 139 34
-10.6250 -22.0000 3.4840 180 120 60
6.7500 -2.5000 13.9810 34 139 34
22.0625 -0.5000 6.5470 255 165 0
0.4375 5.5000 12.0980 34 139 34
6.0625 -5.0000 12.7220 34 139 34
17.8125 19.0000 14.3460 34 139 34
-22.0000 -20.0000 16.8170 34 139 34
23.0625 4.5000 16.3190 34 139 34
-4.2500 22.0000 10.4670 34 139 34
19.4375 -21.0000 2.8900 34 139 34
-17.7500 24.5000 5.1650 180 120 60
-19.1875 -17.0000 6.2770 34 139 34
-11.0000 -9.5000 3.2500 180 120 60
18.8750 -11.0000 2.1280 34 139 34
-7.6250 10.0000 7.9680 34 139 34
11.0000 19.5000 7.7650 34 139 34
-15.7500 -17.0000 3.4830 180 120 60
1.6875 -9.0000 4.9930 34 139 34
23.2500 1.0000 6.5260 255 165 0
3.9375 19.5000 11.4970 34 139 34
1.8750 21.0000 10.2170 34 139 34
24.9375 -17.0000 3.3760 180 120 60
19.4375 0.5000 6.4900 255 165 0
-5.3750 -8.0000 3.1230 180 120 60
21.3125 -2.5000 6.6270 255 165 0
-4.1250 -3.5000 3.0910 180 120 60
-15.3125 22.0000 5.3260 180 120 60
16.3750 2.5000 6.4310 255 165 0
-18.1250 5.0000 2.9260 180 120 60
20.5625 7.5000 7.4570 128 128 128
-14.9375 -23.5000 3.6380 180 120 60
1.6250 -13.0000 15.4630 34 139 34
-18.1250 23.0000 5.2930 180 120 60
10.5625 5.0000 6.2750 180 120 60
-5.3750 13.5000 5.8630 180 120 60
8.3750 19.0000 9.8710 34 139 34
23.3125 -11.5000 2.4020 34 139 34
-16.3750 -1.5000 3.0220 180 120 60
-9.1250 -15.5000 3.1680 180 120 60
7.9375 -19.5000 16.8320 34 139 34
-11.1875 -0.5000 3.0310 180 120 60
-16.3125 5.5000 12.3380 34 139 34
9.0000 -14.0000 10.3460 34 139 34
0.0625 -24.5000 7.0670 220 50 50
-6.3125 -9.5000 3.1540 180 120 60
-12.1875 1.0000 3.0010 180 120 60
-16.1875 -12.0000 3.2960 180 120 60
-24.6250 -7.5000 3.3740 180 120 60
-24.7500 -14.5000 8.1040 34 139 34
-10.9375 22.0000 5.3750 180 120 60
-23.6250 -16.5000 12.2280 34 139 34
-2.2500 -4.5000 3.2910 180 120 60
16.3125 -14.5000 5.6960 34 139 34
12.0625 23.5000 4.8540 34 139 34
15.1250 11.0000 9.8720 34 139 34
-11.9375 -10.0000 3.2470 180 120 60
23.8125 -7.5000 2.8330 34 139 34
12.0000 9.5000 6.3810 180 120 60
20.8125 15.5000 17.2170 34 139 34
-2.1250 -22.0000 3.8500 180 120 60
16.3125 12.0000 9.7200 34 139 34
-18.8750 -21.5000 3.3490 180 120 60
6.3750 -20.5000 17.4200 34 139 34
-2.3750 24.5000 9.4850 34 139 34
7.0625 -19.0000 22.2930 34 139 34
13.6875 -13.0000 7.8460 34 139 34
-7.4375 20.0000 5.5230 180 120 60
-19.0000 11.5000 5.2160 34 139 34
7.8125 -20.0000 11.4970 34 139 34
0.1875 20.0000 12.7060 34 139 34
-21.0000 14.5000 7.1090 34 139 34
-18.7500 -22.5000 14.8670 34 139 34
-0.9375 -2.5000 7.3990 34 139 34
-21.8750 17.0000 7.9760 34 139 34
17.4375 21.5000 10.2730 34 139 34
8.5000 -10.5000 11.3440 34 139 34
24.1250 21.0000 6.5420 34 139 34
6.5000 -2.5000 11.5350 34 139 34
-19.5000 -13.0000 3.3520 180 120 60
1.8750 19.0000 10.6280 34 139 34
18.2500 20.0000 10.1130 34 139 34
2.9375 -1.5000 6.2460 34 139 34
17.8125 -20.0000 4.2790 34 139 34
23.0625 -11.5000 1.9800 180 120 60
-1.6250 -24.0000 6.6650 34 139 34
3.2500 -21.0000 6.4960 220 50 50
17.3750 6.5000 6.4500 255 165 0
5.5000 -23.0000 7.5230 34 139 34
-11.8125 -10.5000 3.2560 180 120 60
1.6250 -2.0000 4.2620 34 139 34
4.9375 -8.0000 16.4500 34 139 34
20.5000 2.0000 6.5520 255 165 0
-14.1250 -1.5000 3.1150 180 120 60
-22.5625 -15.5000 3.2260 180 120 60
-14.0000 0.5000 3.0350 180 120 60
11.8125 0.5000 3.7440 180 120 60
11.3750 -5.0000 0.8100 180 120 60
-7.1875 -6.5000 3.1140 180 120 60
-15.0625 13.0000 11.0810 34 139 34
10.3125 1.5000 6.6260 34 139 34
-13.5000 7.5000 2.8980 180 120 60
-20.6250 5.5000 2.9870 180 120 60
1.8750 8.5000 5.9750 180 120 60
15.4375 9.5000 8.8890 34 139 34
8.8750 1.5000 7.8010 34 139 34
16.0000 -18.0000 7.3310 34 139 34
-8.0000 2.5000 3.1020 180 120 60
-11.5625 10.0000 12.0550 34 139 34
16.7500 22.0000 14.3510 34 139 34
-17.4375 3.5000 2.9250 180 120 60
17.8750 -17.5000 7.7980 34 139 34
18.1250 3.5000 6.4650 255 165 0
23.6250 15.5000 5.7360 34 139 34
-5.1250 15.0000 5.7990 180 120 60
4.3125 -4.0000 13.9560 34 139 34
0.0000 24.5000 8.7510 34 139 34
-13.6250 -22.0000 4.9740 34 139 34
-14.9375 -5.0000 3.1760 180 120 60
-4.3750 -14.5000 16.1860 34 139 34
-3.1250 -16.0000 16.6420 34 139 34
-19.8125 25.0000 5.1960 180 120 60
9.7500 17.5000 10.3770 34 139 34
13.3125 -14.0000 8.3040 34 139 34
24.7500 -8.0000 4.4970 34 139 34
9.1875 -7.0000 11.5480 34 139 34
-12.2500 18.5000 5.5390 180 120 60
19.5000 24.0000 9.3280 34 139 34
-12.1875 -16.5000 3.3580 180 120 60
-20.0000 13.0000 5.4170 34 139 34
-19.9375 -19.5000 3.3670 180 120 60
11.1875 -15.0000 7.9990 34 139 34
-6.1875 -21.0000 5.8630 220 50 50
22.7500 19.0000 9.9150 34 139 34
-1.0000 -11.5000 15.2290 34 139 34
4.3750 17.5000 12.8380 34 139 34
8.2500 -19.5000 18.8050 34 139 34
-5.5000 16.0000 5.7020 180 120 60
-14.0625 24.5000 5.4330 180 120 60
20.1875 -13.5000 2.8520 34 139 34
-8.2500 12.5000 5.6950 180 120 60
-8.1250 -16.0000 3.1500 180 120 60
20.1250 -18.0000 4.7770 34 139 34
23.1250 18.5000 9.9360 34 139 34
-0.3125 -21.5000 3.9610 180 120 60
8.3125 -12.5000 15.5050 34 139 34
-14.5000 24.0000 5.4460 180 120 60
8.9375 -12.5000 14.8540 34 139 34
-18.7500 10.0000 4.8210 34 139 34
-23.1875 5.0000 2.9220 180 120 60
4.8125 5.5000 6.0980 34 139 34
17.1875 -16.5000 7.4920 34 139 34
3.2500 2.5000 16.2430 34 139 34
-11.4375 -23.5000 3.7090 180 120 60
21.6875 -19.0000 2.7950 180 120 60
7.6875 -19.5000 11.2050 34 139 34
-19.5625 -15.5000 6.7710 34 139 34
7.8750 -21.5000 3.3350 34 139 34
21.9375 11.0000 12.3750 34 139 34
22.6875 22.0000 11.0400 34 139 34
-12.4375 4.5000 2.9610 180 120 60
20.3125 -6.0000 2.1890 34 139 34
-15.2500 24.0000 5.3800 180 120 60
-14.3750 -23.0000 4.0220 34 139 34
-0.8750 18.0000 9.4740 34 139 34
-10.7500 9.5000 6.2290 34 139 34
5.5625 1.0000 12.7380 34 139 34
19.1875 -14.5000 2.2410 34 139 34
7.3750 -11.0000 11.0420 34 139 34
13.5625 2.5000 6.2940 255 165 0
24.0000 18.0000 9.7610 34 139 34
4.8125 -13.5000 15.7150 34 139 34
19.5625 2.0000 6.4630 255 165 0
14.0625 16.0000 12.5770 34 139 34
-6.6250 -18.0000 6.9430 220 50 50
-9.7500 17.0000 5.5670 180 120 60
15.2500 10.0000 7.8460 34 139 34
-4.8750 -12.0000 13.6230 34 139 34
9.9375 20.5000 3.6450 180 120 60
-17.6250 -12.0000 3.3370 180 120 60
16.5625 25.5000 2.6820 34 139 34
-5.1875 -4.5000 3.0180 180 120 60
-2.4375 -3.0000 3.2520 180 120 60
21.3125 -7.0000 2.7790 34 139 34
-14.6250 -11.5000 3.2220 180 120 60
-21.4375 -19.5000 17.5620 34 139 34
-20.3750 -20.5000 20.3490 34 139 34
-10.1250 10.5000 7.8780 34 139 34
18.9375 4.5000 6.4640 255 165 0
-18.9375 -20.5000 19.0370 34 139 34
-6.9375 -5.0000 5.4950 128 128 128
-8.6875 24.0000 5.1830 180 120 60
-5.6250 14.0000 5.8390 180 120 60
15.1250 20.0000 16.4990 34 139 34
8.0625 -19.5000 9.5730 34 139 34
-19.6875 -20.5000 20.5110 34 139 34
-24.3125 -3.0000 3.2810 180 120 60
-22.9375 -17.5000 13.3000 34 139 34
-17.7500 -19.5000 14.0720 34 139 34
1.8750 3.5000 13.1960 34 139 34
19.7500 23.5000 8.9040 34 139 34
-24.0625 -6.0000 3.3350 180 120 60
-24.0625 17.5000 6.7860 34 139 34
-23.6250 -19.5000 4.0390 180 120 60
-5.3750 -14.0000 15.6710 34 139 34
5.5625 13.5000 6.1510 180 120 60
-3.7500 -17.0000 14.3100 34 139 34
16.5625 3.5000 6.4890 255 165 0
-7.5625 -13.0000 3.1940 180 120 60
7.6875 -2.5000 15.0230 34 139 34
9.6875 25.0000 9.0810 34 139 34
-18.3125 6.5000 2.9400 180 120 60
22.0625 16.0000 17.0690 34 139 34
-23.5000 -18.0000 6.0310 34 139 34
2.3125 -13.5000 14.3800 34 139 34
14.0000 24.5000 16.8700 34 139 34
-15.1875 12.5000 7.5460 34 139 34
2.2500 -24.5000 6.2400 220 50 50
-2.4375 -1.0000 4.8190 34 139 34
-1.0625 -19.5000 14.4720 34 139 34
17.3750 18.0000 14.0170 34 139 34
-4.3750 8.0000 4.9960 180 120 60
-14.9375 7.5000 7.5260 34 139 34
-1.2500 -19.5000 14.5560 34 139 34
8.8125 -21.0000 2.0090 34 139 34
-4.3125 -10.5000 14.4210 34 139 34
-10.8125 -0.5000 2.9950 180 120 60
-17.7500 6.5000 9.6500 34 139 34
20.6250 7.5000 13.6340 34 139 34
-23.1250 -4.0000 3.1930 180 120 60
0.3125 -23.0000 7.0870 220 50 50
21.7500 -17.5000 2.3640 180 120 60
-1.0625 -20.0000 12.2760 34 139 34
-19.8125 -0.5000 3.0950 180 120 60
19.8750 19.0000 17.0820 34 139 34
-8.8750 23.5000 7.1000 34 139 34
19.4375 19.5000 15.7090 34 139 34
-21.4375 -17.0000 6.0430 34 139 34
-23.2500 15.0000 6.9170 34 139 34
10.9375 -16.0000 8.2950 34 139 34
9.0000 -9.0000 13.0730 34 139 34
6.0625 -21.0000 15.8330 34 139 34
-0.3750 -18.5000 14.5440 34 139 34
-24.4375 5.0000 2.9770 180 120 60
18.8750 -2.0000 6.5650 255 165 0
8.8750 -5.0000 10.2090 34 139 34
-21.1875 19.5000 5.1830 180 120 60
-6.8750 13.5000 5.7530 180 120 60
3.9375 6.5000 12.4050 34 139 34
7.6875 -22.0000 7.7640 34 139 34
-13.8125 7.0000 7.2300 34 139 34
-4.5000 -20.5000 3.3860 180 120 60
5.1250 -1.0000 11.7600 34 139 34
2.3750 -21.0000 6.7060 220 50 50
9.2500 16.0000 10.0110 34 139 34
-18.8125 7.0000 2.9690 180 120 60
11.8125 -8.5000 2.4470 34 139 34
7.2500 23.5000 3.6570 180 120 60
-19.4375 6.5000 2.9590 180 120 60
12.1250 24.5000 11.2310 34 139 34
9.6250 6.0000 7.9260 128 128 128
-14.5625 22.0000 5.3460 180 120 60
-11.0625 6.0000 4.3120 34 139 34
11.8750 -14.5000 7.9330 34 139 34
21.3750 21.5000 9.0130 34 139 34
-23.1875 10.0000 3.0310 180 120 60
-14.9375 -5.0000 3.1550 180 120 60
21.1250 5.0000 6.5560 255 165 0
-21.2500 14.5000 7.4790 34 139 34
8.0000 -15.5000 12.7210 34 139 34
-2.3125 7.0000 5.0070 180 120 60
-7.5625 -19.5000 3.3770 180 120 60
-6.1250 -20.5000 6.0900 220 50 50
-5.3125 -9.0000 3.1520 180 120 60
-4.0000 7.0000 15.1150 34 139 34
21.3125 22.0000 9.1390 34 139 34
25.0000 -5.0000 7.0840 128 128 128
-23.7500 3.0000 3.0100 180 120 60
-22.8125 -11.5000 3.3330 180 120 60
0.9375 24.5000 7.4340 34 139 34
12.6250 3.0000 6.2670 180 120 60
22.2500 3.0000 6.4680 255 165 0
-19.1250 -11.5000 3.3630 180 120 60
8.1250 4.5000 6.2700 180 120 60
6.2500 5.5000 6.1680 180 120 60
-15.5625 16.0000 5.2030 180 120 60
1.5000 18.0000 10.9790 34 139 34
-21.2500 25.5000 5.2730 180 120 60
21.4375 -6.5000 2.8260 34 139 34
19.3750 25.0000 9.1580 34 139 34
-18.5625 -22.5000 16.4910 34 139 34
-20.3750 1.0000 3.0700 180 120 60
8.0625 -19.0000 20.3850 34 139 34
5.4375 0.5000 12.1590 34 139 34
6.6250 -20.5000 17.4510 34 139 34
11.5000 21.5000 5.9420 34 139 34
20.5000 15.0000 15.8980 34 139 34
-7.0000 9.0000 5.5580 34 139 34
7.2500 -5.0000 6.5380 34 139 34
-18.8750 13.0000 6.8390 34 139 34
21.1250 -5.0000 1.5240 34 139 34
-11.0625 16.5000 5.6020 180 120 60
-2.6875 -23.0000 6.0420 34 139 34
24.1875 7.5000 18.3210 34 139 34
21.5625 -15.5000 2.7450 34 139 34
3.5000 -20.5000 6.4700 220 50 50
1.1250 9.5000 6.0490 180 120 60
15.0000 4.0000 6.4200 255 165 0
-2.5000 4.5000 16.7150 34 139 34
-15.9375 -10.5000 3.2650 180 120 60
7.6875 23.5000 3.6510 180 120 60
7.0000 -6.5000 15.7740 34 139 34
12.5625 16.0000 13.1490 34 139 34
10.7500 -1.0000 4.5140 34 139 34
14.8125 -15.0000 5.2430 34 139 34
-23.1250 -23.5000 19.8830 34 139 34
-13.8750 -16.0000 3.3460 180 120 60
-19.5625 -20.5000 19.1670 34 139 34
9.1250 23.0000 3.6330 180 120 60
-0.6250 -6.5000 3.1530 180 120 60
-24.2500 22.5000 5.0880 180 120 60
4.5625 12.0000 6.0220 180 120 60
3.1875 23.0000 10.1110 34 139 34
22.1250 5.5000 15.0930 34 139 34
-18.1875 -24.0000 11.8950 34 139 34
-8.0625 -7.5000 3.9720 128 128 128
10.0000 11.5000 9.6890 34 139 34
-0.3750 21.5000 12.6820 34 139 34
5.9375 -2.5000 10.9670 34 139 34
-11.7500 17.5000 5.5750 180 120 60
-11.7500 -18.5000 3.2890 180 120 60
5.6250 -7.5000 15.7560 34 139 34
-17.9375 -17.0000 11.6150 34 139 34
15.6250 8.0000 6.4110 255 165 0
2.6875 -24.0000 7.0430 34 139 34
24.5000 -0.5000 6.5760 255 165 0
-14.2500 -23.0000 6.5060 34 139 34
7.6250 -9.0000 15.7240 34 139 34
-0.6875 5.5000 14.5130 34 139 34
2.6250 -2.0000 3.1590 180 120 60
-4.8125 24.5000 9.9540 34 139 34
9.2500 -11.0000 4.9500 34 139 34
-7.5000 -23.0000 3.8200 34 139 34
10.5625 -10.0000 8.4690 34 139 34
14.8750 -23.0000 1.0080 30 144 255
-11.8750 7.5000 2.9510 180 120 60
13.8750 21.0000 15.9570 34 139 34
-20.9375 -8.5000 3.3520 180 120 60
-5.1250 -20.5000 6.1890 220 50 50
-1.6250 -9.5000 15.7310 34 139 34
8.6250 -4.5000 11.9890 34 139 34
12.8750 17.5000 12.1110 34 139 34
2.2500 2.5000 18.0580 34 139 34
1.1250 24.0000 8.4970 34 139 34
-18.0000 -4.5000 3.2050 180 120 60
-16.8125 16.5000 5.7780 34 139 34
-24.5625 22.0000 5.1430 180 120 60
13.0625 -16.0000 7.5170 34 139 34
-9.5000 -4.0000 3.1290 180 120 60
5.5625 -6.5000 10.3000 34 139 34
-11.1875 23.5000 7.8760 34 139 34
9.6875 24.5000 8.9480 34 139 34
6.3750 2.0000 4.7620 34 139 34
3.2500 20.0000 11.4890 34 139 34
-23.8750 -8.0000 3.3690 180 120 60
-22.7500 22.5000 5.1690 180 120 60
-16.7500 -20.0000 3.3070 180 120 60
15.0625 17.0000 11.3860 34 139 34
15.3125 8.0000 6.5050 180 120 60
-9.3125 0.0000 3.0070 180 120 60
-16.5625 -8.5000 3.2280 180 120 60
-2.4375 -1.0000 4.5770 34 139 34
-21.0000 -17.0000 3.3520 180 120 60
-17.7500 12.0000 6.5720 34 139 34
12.0000 -12.5000 9.1040 34 139 34
-19.5625 11.5000 3.3940 34 139 34
10.8750 -3.0000 9.1370 34 139 34
16.9375 -22.0000 2.2900 34 139 34
10.3750 5.5000 6.3210 180 120 60
23.0625 9.0000 14.6140 34 139 34
22.7500 -8.0000 2.8280 34 139 34
7.8125 -17.5000 3.8180 34 139 34
0.6875 -15.0000 14.2180 34 139 34
7.8125 -7.5000 15.1190 34 139 34
-15.3125 5.5000 7.9460 34 139 34
11.5000 2.0000 6.3030 180 120 60
-8.5000 10.5000 6.9030 34 139 34
10.5000 -12.0000 5.1280 34 139 34
-18.3125 -18.5000 14.6610 34 139 34
-11.2500 4.5000 2.9690 180 120 60
-15.2500 -9.0000 3.2570 180 120 60
4.1250 7.5000 6.0980 180 120 60
12.6875 1.0000 5.9610 34 139 34
-10.6250 0.5000 3.0670 180 120 60
5.9375 22.0000 3.7500 180 120 60
-13.3125 6.0000 2.9150 180 120 60
-3.4375 -5.0000 3.0380 180 120 60
19.0000 -9.5000 2.0610 34 139 34
-10.5000 16.0000 5.6320 180 120 60
-12.8125 -11.5000 3.2220 180 120 60
-2.0625 -13.5000 17.8660 34 139 34
-6.1875 11.0000 5.5730 180 120 60
-24.3125 20.5000 6.8340 34 139 34
2.5625 -13.0000 15.3360 34 139 34
19.6875 -12.5000 2.6300 34 139 34
-17.3750 -16.5000 3.5090 180 120 60
-17.1250 0.0000 3.0510 180 120 60
9.3750 -9.5000 12.1850 34 139 34
-6.3750 -16.0000 14.1170 34 139 34
-15.1250 -12.0000 3.3020 180 120 60
-18.8125 0.5000 3.0270 180 120 60
-0.2500 25.5000 4.0340 180 120 60
14.8750 22.5000 15.5950 34 139 34
2.1875 -22.0000 6.6640 220 50 50
18.6250 20.0000 9.9710 34 139 34
20.8125 14.5000 12.8380 34 139 34
-16.0000 -20.0000 3.3480 180 120 60
-20.8125 -23.5000 16.4930 34 139 34
-18.1250 -19.0000 15.9920 34 139 34
13.2500 22.0000 13.9180 34 139 34
-17.9375 -2.5000 3.1240 180 120 60
4.8125 16.0000 12.1020 34 139 34
-0.7500 19.0000 12.2310 34 139 34
1.9375 5.5000 14.7300 34 139 34
0.3750 -18.0000 15.2830 34 139 34
16.1875 23.5000 15.0510 34 139 34
3.4375 -4.5000 9.0690 34 139 34
-16.2500 -6.0000 3.1720 180 120 60
3.1875 -4.0000 6.4640 34 139 34
-16.5625 24.5000 5.2850 180 120 60
-7.0625 -1.5000 2.9970 180 120 60
14.7500 15.5000 14.2480 34 139 34
-17.2500 -4.5000 3.1880 180 120 60
-20.6875 22.5000 5.2120 180 120 60
24.1250 -22.5000 3.9360 34 139 34
-13.0625 -7.5000 3.1410 180 120 60
-14.1250 8.5000 2.9950 180 120 60
24.2500 16.0000 9.7220 34 139 34
15.6875 16.5000 10.3980 34 139 34
-2.0000 -5.0000 3.3500 180 120 60
5.5000 -1.0000 12.2260 34 139 34
9.2500 -3.0000 2.2670 180 120 60
22.2500 -6.0000 2.8440 34 139 34
5.3125 14.0000 6.1400 180 120 60
6.8750 14.5000 10.4910 34 139 34
7.3750 1.0000 12.6680 34 139 34
-13.5625 -10.0000 3.2790 180 120 60
-6.0625 14.5000 5.7840 180 120 60
5.7500 -5.5000 14.0880 34 139 34
-12.3750 18.0000 5.5490 180 120 60
6.8125 -6.0000 14.5470 34 139 34
-0.1875 13.0000 5.9630 180 120 60
-24.1250 -16.5000 6.2950 34 139 34
17.8750 -23.5000 3.1150 34 139 34
-7.4375 9.0000 7.0720 34 139 34
-4.6875 25.0000 4.9150 180 120 60
-8.3750 1.5000 2.9450 180 120 60
19.8750 17.5000 4.1180 34 139 34
8.1875 25.0000 5.0490 34 139 34
8.3125 -0.5000 13.9180 34 139 34
6.6250 -13.0000 17.3490 34 139 34
-7.0625 -16.0000 3.1690 180 120 60
-13.1250 3.0000 3.0100 180 120 60
14.2500 -1.0000 0.8470 30 144 255
18.8125 -15.5000 7.9920 34 139 34
9.4375 13.5000 9.1660 34 139 34
-10.8125 5.5000 3.8150 34 139 34
-10.0625 -10.5000 3.2430 180 120 60
0.6250 -13.5000 16.6420 34 139 34
15.0000 18.5000 10.5650 34 139 34
3.6875 -13.5000 10.9460 34 139 34
17.0625 23.0000 4.9470 34 139 34
15.5000 3.0000 6.4170 255 165 0
-14.5000 9.0000 4.9050 34 139 34
-8.6875 -11.0000 3.2070 180 120 60
8.1250 16.5000 11.8180 34 139 34
-1.8750 18.0000 5.8850 180 120 60
-19.6875 1.5000 3.0290 180 120 60
2.8750 2.0000 16.8390 34 139 34
-0.0625 -5.0000 8.6070 34 139 34
-17.5000 22.5000 5.3410 180 120 60
4.3750 -12.0000 15.3510 34 139 34
-19.6875 -22.5000 14.9160 34 139 34
17.4375 14.0000 14.2800 34 139 34
-2.3750 1.5000 17.6130 34 139 34
-22.8750 18.0000 5.5030 34 139 34
-19.2500 -22.5000 18.3600 34 139 34
21.3125 23.0000 11.4550 34 139 34
-16.7500 -23.5000 12.5660 34 139 34
7.0000 24.0000 3.6740 180 120 60
1.8750 14.5000 9.3580 34 139 34
-13.2500 -20.0000 3.2840 180 120 60
14.8125 9.5000 6.4130 34 139 34
-2.2500 -20.5000 14.9870 34 139 34
11.3750 1.5000 6.1060 180 120 60
8.5000 6.5000 7.3670 128 128 128
13.7500 16.5000 13.8700 34 139 34
6.8125 25.0000 5.6730 34 139 34
-16.3750 25.5000 5.3300 180 120 60
22.1250 9.5000 14.3890 34 139 34
-0.1250 3.5000 18.1810 34 139 34
7.8125 -2.5000 15.2690 34 139 34
4.4375 -4.5000 13.1050 34 139 34
-23.8750 5.5000 2.9850 180 120 60
-5.3125 -21.0000 3.4190 180 120 60
22.1250 7.5000 8.5900 34 139 34
15.4375 24.0000 12.4220 34 139 34
-17.3750 9.0000 7.0430 34 139 34
-11.9375 0.0000 3.0270 180 120 60
12.5625 16.0000 12.9240 34 139 34
-10.1250 -6.0000 3.1510 180 120 60
3.7500 -0.5000 14.9400 34 139 34
22.7500 18.5000 9.8280 34 139 34
18.6250 -19.0000 2.3400 180 120 60
20.5625 -0.5000 6.4370 255 165 0
-9.3125 -23.0000 3.4580 180 120 60
-19.6250 -6.5000 3.2420 180 120 60
19.6250 -16.0000 6.8800 34 139 34
-17.1875 5.5000 4.6690 34 139 34
-11.0000 -11.0000 3.2420 180 120 60
-5.6875 2.0000 3.1090 34 139 34
-8.8125 1.0000 2.9380 180 120 60
-7.3125 6.0000 6.6870 34 139 34
-20.9375 3.0000 3.0200 180 120 60
6.2500 22.0000 3.7750 180 120 60
11.6875 -15.0000 7.9150 34 139 34
-17.9375 2.0000 2.9850 180 120 60
20.2500 16.5000 17.2360 34 139 34
-1.6875 9.5000 5.9060 180 120 60
2.1875 -5.0000 9.6960 34 139 34
23.8750 -19.0000 3.4060 180 120 60
-0.1250 -15.5000 14.8520 34 139 34
23.6875 12.0000 15.4310 34 139 34
12.5625 12.0000 10.4130 34 139 34
16.7500 15.0000 7.7370 34 139 34
7.1875 9.0000 6.1750 180 120 60
4.6250 3.5000 6.0160 34 139 34
0.1875 14.5000 5.8710 180 120 60
-21.7500 6.5000 2.9310 180 120 60
-24.6250 -1.5000 3.1960 180 120 60
-3.0000 0.5000 6.7600 34 139 34
2.0000 -3.0000 3.1180 180 120 60
11.1250 19.0000 3.5720 180 120 60
-7.3125 -24.0000 5.2700 220 50 50
-8.1250 13.5000 5.7130 180 120 60
-21.3750 9.5000 2.9130 180 120 60
23.3125 4.5000 19.3470 34 139 34
22.3750 2.5000 6.5100 255 165 0
12.8125 1.5000 6.5690 255 165 0
-13.3750 -3.0000 3.0290 180 120 60
-5.3125 -1.5000 3.0380 180 120 60
-24.1250 -12.5000 3.3780 180 120 60
20.6875 -1.0000 6.4400 255 165 0
8.5625 19.0000 10.1330 34 139 34
10.0625 22.5000 3.5650 180 120 60
-3.6250 6.5000 15.5900 34 139 34
-1.7500 6.5000 15.2500 34 139 34
17.8125 18.5000 7.8720 34 139 34
-11.6250 12.0000 10.3000 34 139 34
-12.3750 -13.0000 3.2580 180 120 60
9.4375 -11.5000 8.5650 34 139 34
-14.1875 -24.0000 5.5940 34 139 34
14.1875 8.0000 6.4130 180 120 60
3.3125 -13.0000 14.9960 34 139 34
-6.5625 -12.5000 8.2880 34 139 34
21.6250 21.0000 5.1380 34 139 34
-19.1875 -1.5000 3.1200 180 120 60
-7.2500 -2.0000 3.1120 180 120 60
-14.2500 -23.5000 4.3870 34 139 34
1.0625 -1.0000 11.5290 34 139 34
8.3125 -21.0000 2.8450 34 139 34
1.4375 -16.0000 13.3530 34 139 34
-2.4375 2.5000 19.7270 34 139 34
10.2500 -6.0000 9.1290 34 139 34
-10.7500 -4.0000 3.1520 180 120 60
5.1250 -19.5000 5.2900 34 139 34
2.1250 5.0000 15.5650 34 139 34
-20.6250 -23.5000 16.6910 34 139 34
-14.6250 -13.5000 3.3420 180 120 60
-17.9375 -16.5000 5.9080 34 139 34
-17.4375 -4.0000 3.1580 180 120 60
1.0000 20.0000 12.0170 34 139 34
-1.2500 10.0000 5.9570 180 120 60
8.1875 -23.5000 2.7400 34 139 34
20.5625 20.0000 14.8330 34 139 34
-0.0625 -22.5000 3.9400 180 120 60
-9.1875 12.5000 6.4910 34 139 34
17.1875 -20.5000 2.1730 34 139 34
-17.5625 23.5000 5.2930 180 120 60
17.0000 5.0000 6.4170 255 165 0
0.1250 5.0000 14.6820 34 139 34
-12.0000 13.0000 7.5150 34 139 34
-19.9375 8.0000 2.9740 180 120 60
9.0625 8.5000 6.2550 180 120 60
21.4375 22.5000 9.1760 34 139 34
-11.2500 -5.5000 3.1670 180 120 60
-13.9375 -10.5000 3.2800 180 120 60
-4.3125 3.5000 18.1580 34 139 34
-14.3125 -0.5000 3.0690 180 120 60
2.6250 -12.0000 15.6580 34 139 34
-16.6875 -7.0000 3.2670 180 120 60
-11.0000 20.5000 5.4440 180 120 60
24.5000 24.5000 5.8900 34 139 34
-17.1250 5.5000 2.9900 180 120 60
1.3125 -9.0000 4.9450 34 139 34
-17.6250 -20.0000 13.1370 34 139 34
15.3125 9.0000 6.5850 180 120 60
4.5000 1.0000 15.8770 34 139 34
-0.5625 5.0000 10.1100 34 139 34
-8.4375 -8.0000 3.1380 180 120 60
15.8125 1.5000 6.4240 255 165 0
-1.6250 8.0000 6.1510 34 139 34
8.5625 -5.0000 7.9550 34 139 34
-16.5000 -20.0000 14.0640 34 139 34
19.1250 22.5000 11.6820 34 139 34
0.6875 21.5000 13.1400 34 139 34
-21.8750 -23.5000 19.1140 34 139 34
12.1250 24.0000 4.9660 34 139 34
16.6875 24.5000 13.8830 34 139 34
2.7500 -1.0000 11.2500 34 139 34
11.3750 24.5000 11.0670 34 139 34
12.8125 15.5000 13.2170 34 139 34
4.0625 24.5000 3.5590 180 120 60
18.6875 -16.5000 6.9170 34 139 34
5.5000 -5.5000 13.8800 34 139 34
25.0625 17.0000 9.8640 34 139 34
17.1250 1.5000 6.3840 255 165 0
5.5000 22.5000 3.7590 180 120 60
-4.3125 -20.5000 3.3800 180 120 60
18.7500 22.0000 12.0870 34 139 34
-6.7500 -17.5000 12.7850 34 139 34
-19.4375 -19.0000 16.5080 34 139 34
-15.2500 -6.5000 3.2130 180 120 60
6.8750 -3.5000 9.3990 34 139 34
-4.1250 8.5000 4.9600 180 120 60
-14.1250 -8.0000 3.2270 180 120 60
6.1250 -11.0000 16.2460 34 139 34
-12.6250 -23.5000 4.0690 34 139 34
22.3750 5.0000 12.5160 34 139 34
9.1875 23.5000 3.6950 180 120 60
0.5625 7.5000 9.4820 34 139 34
16.0000 21.0000 15.9160 34 139 34
23.2500 2.0000 18.8950 34 139 34
1.0625 -7.0000 9.0700 34 139 34
-20.0625 -18.0000 3.3620 180 120 60
-9.4375 1.5000 3.0460 180 120 60
22.3750 -9.0000 2.6460 34 139 34
-8.1875 8.5000 6.4970 34 139 34
-10.1250 6.5000 3.7460 34 139 34
-5.0000 -16.5000 15.0930 34 139 34
23.0000 -7.5000 2.6940 34 139 34
-6.3750 0.5000 3.0130 180 120 60
22.9375 1.5000 14.9100 34 139 34
9.0000 -8.5000 12.1990 34 139 34
-22.7500 2.0000 3.0540 180 120 60
-23.8750 -3.5000 3.3100 180 120 60
-0.3750 -10.5000 16.8620 34 139 34
11.3125 -24.0000 6.0350 34 139 34
9.1875 19.5000 8.4600 34 139 34
18.4375 12.0000 6.7360 34 139 34
14.1250 5.0000 6.4000 255 165 0
-3.3750 -3.5000 2.9830 180 120 60
10.6875 13.5000 9.9650 34 139 34
2.8750 -14.5000 17.7840 34 139 34
8.4375 -14.5000 12.3780 34 139 34
-2.5625 -21.0000 3.8060 180 120 60
17.5625 24.0000 9.6610 34 139 34
4.0625 18.5000 12.1140 34 139 34
23.1875 20.5000 8.3270 34 139 34
-16.6875 -21.5000 13.2530 34 139 34
7.5000 22.5000 8.1430 34 139 34
-13.6250 24.0000 5.4280 180 120 60
3.0000 -4.5000 3.1470 180 120 60
-18.5625 -24.0000 13.4670 34 139 34
22.2500 -15.5000 2.4980 180 120 60
24.0000 -6.0000 2.5770 180 120 60
-3.3125 -20.0000 16.1550 34 139 34
-22.1250 8.5000 3.0130 180 120 60
6.7500 -12.5000 14.9740 34 139 34
-18.4375 9.5000 2.9030 180 120 60
-12.1250 5.0000 2.9300 180 120 60
24.6875 -12.0000 3.0730 34 139 34
-24.1875 -10.5000 3.3060 180 120 60
4.9375 11.0000 6.1280 180 120 60
-2.4375 4.5000 18.4480 34 139 34
-13.3125 -23.5000 5.7130 34 139 34
15.9375 24.5000 12.3670 34 139 34
24.8125 5.5000 19.2380 34 139 34
-7.8125 24.0000 8.7450 34 139 34
-19.1250 -9.0000 3.2920 180 120 60
10.5000 0.5000 12.2770 34 139 34
-6.6875 -5.0000 3.1450 180 120 60
-24.3750 6.0000 2.9990 180 120 60
9.6875 -0.5000 11.2330 34 139 34
8.5000 -13.5000 10.7730 34 139 34
8.5625 19.0000 10.1610 34 139 34
-18.0000 16.0000 7.9040 34 139 34
23.0625 0.5000 6.5460 255 165 0
4.3750 -10.5000 10.9610 34 139 34
-0.8125 21.5000 13.2980 34 139 34
-9.4375 12.0000 6.4160 34 139 34
-8.7500 -22.0000 3.4180 180 120 60
21.8750 10.5000 9.2850 34 139 34
-18.8750 11.5000 2.9940 180 120 60
18.8750 8.0000 6.4610 255 165 0
-9.3125 20.5000 5.4520 180 120 60
-0.8750 1.0000 17.5740 34 139 34
2.3125 18.5000 10.7370 34 139 34
-10.0000 18.0000 5.5160 180 120 60
4.9375 2.0000 14.9480 34 139 34
-14.5625 -10.5000 3.2800 180 120 60
8.6875 -14.5000 11.6690 34 139 34
-14.5000 -11.0000 3.2460 180 120 60
15.5625 24.0000 12.4450 34 139 34
18.8125 20.0000 7.6030 34 139 34
18.2500 -20.5000 2.0330 180 120 60
-18.8750 -21.5000 16.4680 34 139 34
0.4375 12.0000 5.9110 180 120 60
-3.3125 16.0000 7.1310 128 128 128
7.3750 11.5000 6.1160 180 120 60
14.8125 -18.0000 7.4450 34 139 34
5.4375 5.0000 12.9520 34 139 34
7.6250 -0.5000 14.5290 34 139 34
8.1875 -2.5000 14.2730 34 139 34
-1.5000 25.5000 9.1790 34 139 34
-24.2500 -22.0000 14.5000 34 139 34
7.7500 21.5000 8.4200 34 139 34
8.1875 -17.0000 15.4110 34 139 34
21.5000 15.0000 16.5050 34 139 34
-14.2500 7.5000 4.9050 34 139 34
-2.7500 -1.0000 3.2520 180 120 60
12.3125 -5.5000 0.8300 30 144 255
24.4375 -10.5000 3.0110 180 120 60
-16.8125 9.0000 7.3700 34 139 34
-15.0000 -21.5000 3.5340 180 120 60
1.9375 -5.0000 9.6970 34 139 34
-5.5000 3.5000 15.3160 34 139 34
11.8125 -1.5000 0.9920 180 120 60
4.5000 2.5000 13.4890 34 139 34
4.3750 3.5000 14.5790 34 139 34
0.0625 -17.5000 14.8430 34 139 34
10.0000 20.5000 7.9260 34 139 34
-3.8125 2.5000 17.3760 34 139 34
-21.2500 -6.5000 3.3010 180 120 60
7.8125 21.0000 3.7010 180 120 60
20.3750 4.5000 6.4480 255 165 0
-9.0625 21.0000 5.4730 180 120 60
-5.8750 -5.5000 3.0690 180 120 60
15.0625 14.5000 13.0600 34 139 34
-10.0000 16.0000 5.6490 180 120 60
-6.5625 24.0000 5.1170 180 120 60
-5.8750 5.5000 5.9430 34 139 34
-23.1250 8.0000 2.9640 180 120 60
-12.0625 -7.0000 3.2080 180 120 60
-2.5000 -12.0000 14.9380 34 139 34
22.1250 21.5000 11.1940 34 139 34
16.8125 -14.0000 4.9940 34 139 34
25.0000 17.5000 5.1570 34 139 34
-24.3125 20.5000 6.0570 34 139 34
-15.7500 14.5000 5.2880 34 139 34
8.9375 -19.5000 7.3250 34 139 34
18.8750 -1.5000 6.6270 255 165 0
-6.8750 -20.0000 3.4280 180 120 60
16.8750 -14.0000 3.2340 34 139 34
-6.5625 4.0000 14.8780 34 139 34
12.1250 8.0000 6.3090 180 120 60
-14.1875 -7.0000 3.2010 180 120 60
-18.7500 -20.5000 15.6440 34 139 34
-13.8750 -17.0000 3.3700 180 120 60
-5.1250 8.0000 5.1860 34 139 34
17.8125 -18.5000 6.3360 34 139 34
-21.0625 11.0000 2.9740 180 120 60
2.8750 -19.5000 6.6870 220 50 50
11.5000 19.0000 8.2650 34 139 34
4.3125 -12.0000 15.5970 34 139 34
-23.3125 -17.5000 13.3930 34 139 34
23.1875 10.0000 18.0290 34 139 34
22.9375 16.0000 13.3310 34 139 34
6.0625 -8.5000 16.5750 34 139 34
24.5000 4.0000 17.8480 34 139 34
-18.0625 -17.5000 11.4630 34 139 34
13.3750 15.0000 13.1510 34 139 34
-23.9375 23.0000 5.0870 180 120 60
16.5625 -22.0000 2.4900 34 139 34
6.8750 23.0000 3.6480 180 120 60
-9.0000 -19.0000 3.3270 180 120 60
-18.6875 -6.0000 3.2510 34 139 34
-17.7500 -20.0000 16.1560 34 139 34
-21.9375 10.0000 2.9150 180 120 60
-22.1250 12.5000 5.3760 34 139 34
-1.6875 2.5000 19.0600 34 139 34
12.6875 -24.0000 5.8750 34 139 34
22.9375 7.5000 17.5270 34 139 34
9.5625 -2.5000 13.1800 34 139 34
16.6875 19.0000 14.1350 34 139 34
0.1250 2.0000 16.4200 34 139 34
-10.6250 -16.5000 3.2030 180 120 60
16.5000 13.5000 11.4470 34 139 34
21.5000 22.0000 11.2260 34 139 34
4.3750 -9.5000 15.2350 34 139 34
-21.6250 23.5000 5.2150 180 120 60
3.9375 9.5000 6.0670 180 120 60
2.9375 -4.0000 3.1830 180 120 60
3.0000 -4.0000 6.1150 34 139 34
-13.1875 -6.0000 3.1870 180 120 60
0.5000 2.0000 16.1830 34 139 34
-1.9375 -16.0000 17.6270 34 139 34
2.5625 -7.0000 8.7480 34 139 34
-1.2500 17.5000 5.7700 180 120 60
-24.5000 23.5000 5.0980 180 120 60
4.6875 -12.5000 14.7180 34 139 34
24.3125 24.0000 5.8930 34 139 34
-19.0625 -5.0000 3.2260 180 120 60
-4.8125 -22.0000 3.4530 180 120 60
-20.5000 -18.5000 13.8570 34 139 34
-20.1875 14.5000 7.3350 34 139 34
8.6875 -6.0000 8.6180 34 139 34
-14.6875 -14.5000 3.2880 180 120 60
-22.0000 22.0000 5.1860 180 120 60
-1.0000 -13.5000 16.9830 34 139 34
-14.8750 22.5000 5.2860 180 120 60
-2.3125 3.0000 19.6480 34 139 34
-24.1875 -15.0000 8.5320 34 139 34
-10.4375 22.5000 5.4790 180 120 60
9.0625 -15.5000 8.2740 34 139 34
8.9375 -20.0000 2.0620 34 139 34
17.8125 -21.5000 2.2330 34 139 34
17.8750 -17.0000 6.1590 34 139 34
-18.3750 25.5000 5.2370 180 120 60
-19.4375 -13.5000 3.2980 180 120 60
2.8750 -4.0000 5.8470 34 139 34
-17.1875 2.5000 2.9350 180 120 60
24.5000 24.5000 5.8680 34 139 34
4.1875 14.5000 10.7620 34 139 34
-22.8750 11.5000 3.0360 180 120 60
4.7500 -1.5000 13.1310 34 139 34
-5.6250 -23.0000 3.4750 180 120 60
-5.6875 12.0000 5.8750 180 120 60
-17.8750 14.0000 8.0780 34 139 34
6.6875 24.5000 4.2910 34 139 34
-6.6250 -23.0000 5.6760 220 50 50
-5.0000 -17.5000 14.3490 34 139 34
8.1875 -18.0000 12.6600 34 139 34
-5.6250 -10.0000 3.1400 180 120 60
7.1875 -3.5000 12.2060 34 139 34
-3.3750 17.0000 6.3680 128 128 128
-5.4375 -3.0000 3.0100 180 120 60
1.8750 19.5000 10.7240 34 139 34
24.1875 4.5000 18.9170 34 139 34
3.3750 18.5000 11.5250 34 139 34
-0.5625 -16.5000 14.1310 34 139 34
-14.3125 -13.0000 3.3450 180 120 60
-15.3750 17.0000 5.3540 180 120 60
15.6875 1.5000 6.3100 255 165 0
-1.1250 24.0000 10.0630 34 139 34
16.0000 17.5000 11.2460 34 139 34
-18.6250 -9.0000 3.2030 180 120 60
11.6250 -11.5000 5.9860 34 139 34
-8.8125 -22.5000 3.4630 180 120 60
-12.4375 -15.0000 3.3040 180 120 60
-4.5625 -5.5000 3.0880 180 120 60
-1.5625 -24.0000 6.5060 34 139 34
6.1875 -4.5000 5.2800 34 139 34
10.1250 -3.0000 2.8680 34 139 34
-21.2500 1.5000 3.0150 180 120 60
15.0625 16.0000 8.0280 34 139 34
2.5000 -2.5000 3.1330 180 120 60
0.3750 13.5000 5.9200 180 120 60
-2.2500 -23.5000 4.7820 34 139 34
8.0000 -11.5000 14.9890 34 139 34
2.4375 6.0000 12.3220 34 139 34
2.4375 3.5000 15.0480 34 139 34
22.3750 6.5000 15.7730 34 139 34
15.6250 10.5000 7.6260 34 139 34
-20.7500 11.5000 3.2880 34 139 34
12.9375 18.0000 12.2460 34 139 34
1.8750 -6.0000 8.5920 34 139 34
3.1875 21.5000 10.6220 34 139 34
7.5625 22.5000 7.4230 34 139 34
20.5000 6.5000 6.6390 255 165 0
2.7500 -1.0000 10.9870 34 139 34
-2.3125 -11.0000 14.5790 34 139 34
-2.4375 -7.5000 3.0830 180 120 60
12.0000 22.5000 4.6300 34 139 34
-20.3750 3.5000 2.9480 180 120 60
5.0625 17.0000 12.6920 34 139 34
4.5000 -8.0000 16.4030 34 139 34
9.5625 11.0000 9.8700 34 139 34
12.0000 19.0000 9.2300 34 139 34
-19.9375 -23.5000 16.6350 34 139 34
-12.2500 3.5000 3.0320 180 120 60
-18.5625 -1.5000 3.0820 180 120 60
7.3750 12.0000 9.8750 34 139 34
-19.1875 -23.0000 14.4680 34 139 34
-10.8750 -23.5000 3.5440 180 120 60
1.0625 3.0000 17.8580 34 139 34
-21.3125 -3.5000 3.1940 180 120 60
9.1875 -12.5000 10.3880 34 139 34
2.1875 -24.0000 6.6810 220 50 50
21.8750 -21.5000 3.3700 34 139 34
4.3125 2.0000 11.0700 34 139 34
22.0000 -13.5000 2.7910 34 139 34
7.5625 -1.0000 14.2280 34 139 34
-8.8750 20.5000 5.3770 180 120 60
-19.4375 -21.0000 3.3360 180 120 60
-19.5625 6.5000 2.9830 180 120 60
-2.7500 -19.5000 15.6050 34 139 34
-19.7500 -17.0000 11.1790 34 139 34
21.7500 -7.5000 2.7690 34 139 34
-15.1250 1.5000 2.9460 180 120 60
7.3125 -17.0000 20.9050 34 139 34
-23.7500 -24.0000 20.8410 34 139 34
21.9375 -19.0000 3.1020 180 120 60
23.2500 20.5000 10.8450 34 139 34
10.5625 5.0000 7.4390 128 128 128
16.5625 23.0000 5.0360 34 139 34
-5.7500 -1.0000 3.0770 180 120 60
-8.0000 -22.5000 3.4720 180 120 60
-9.5625 -9.0000 3.2050 180 120 60
-13.9375 -12.0000 3.3210 180 120 60
-8.2500 10.0000 6.7910 34 139 34
22.3750 -4.5000 2.3080 34 139 34
3.0625 1.0000 16.2740 34 139 34
19.7500 7.5000 6.5520 255 165 0
16.0625 3.0000 6.4540 255 165 0
4.0000 -3.5000 13.3660 34 139 34
23.3750 -21.5000 3.0720 180 120 60
20.0625 3.5000 6.4810 255 165 0
-20.3750 4.0000 3.0010 180 120 60
2.2500 -21.0000 6.7260 220 50 50
17.5625 25.5000 1.1740 180 120 60
-7.3750 25.5000 4.9190 180 120 60
-2.0000 -22.5000 3.9750 180 120 60
24.6875 -11.5000 3.1970 34 139 34
-4.5000 20.0000 10.4370 34 139 34
9.5000 -12.5000 10.3780 34 139 34
-3.7500 0.5000 3.4620 34 139 34
21.1250 15.0000 16.7600 34 139 34
-3.7500 -22.0000 3.5610 180 120 60
1.0625 17.0000 9.6180 34 139 34
-7.3750 -0.5000 3.0710 180 120 60
6.8125 -10.5000 15.1550 34 139 34
24.6875 -20.0000 3.0660 180 120 60
-19.3125 -19.5000 19.6890 34 139 34
21.3125 -17.5000 4.0610 34 139 34
-4.1250 2.5000 15.4650 34 139 34
4.1250 -15.0000 18.3630 34 139 34
-20.7500 13.5000 5.7810 34 139 34
-15.6875 25.5000 5.4390 180 120 60
3.1250 0.0000 13.0250 34 139 34
-6.8125 -3.5000 3.0770 180 120 60
7.8125 25.5000 3.4860 180 120 60
21.0000 -8.0000 1.6640 180 120 60
12.3125 9.5000 6.4310 180 120 60
-1.8125 5.5000 16.1850 34 139 34
3.4375 -1.5000 10.1060 34 139 34
0.0000 19.5000 11.9720 34 139 34
23.3125 13.5000 12.3120 34 139 34
-1.1250 -20.0000 4.5270 34 139 34
21.6875 14.5000 15.0390 34 139 34
-23.5625 -15.5000 3.3550 180 120 60
-5.9375 8.5000 5.1740 180 120 60
3.5625 9.0000 6.0720 180 120 60
-5.6875 8.0000 14.1220 34 139 34
12.3750 6.5000 6.2760 180 120 60
-19.0000 17.5000 6.1790 34 139 34
-11.0000 16.5000 5.5690 180 120 60
7.9375 -4.0000 12.2060 34 139 34
4.0000 1.0000 15.7530 34 139 34
-16.6250 -5.5000 3.2220 180 120 60
-11.1875 -2.0000 3.0720 180 120 60
24.7500 -15.5000 2.9920 34 139 34
-10.9375 -6.5000 3.0850 180 120 60
2.6875 -19.0000 5.7050 34 139 34
15.6875 21.5000 16.2360 34 139 34
-18.1250 -15.0000 3.3880 180 120 60
8.9375 21.5000 3.6140 180 120 60
-0.6875 15.5000 5.8180 180 120 60
12.6875 1.0000 1.3450 180 120 60
12.0625 -16.0000 8.5160 34 139 34
20.9375 21.0000 2.6840 34 139 34
13.3125 3.5000 6.3810 255 165 0
-3.3125 -22.5000 6.1400 34 139 34
-22.6250 -14.0000 3.3840 180 120 60
-2.7500 -13.0000 17.2490 34 139 34
-6.3125 8.5000 5.3230 180 120 60
17.0000 14.5000 10.1460 34 139 34
8.8750 6.0000 7.9320 128 128 128
7.9375 -14.5000 19.0120 34 139 34
23.3750 -9.0000 2.5610 180 120 60
-10.1250 -11.5000 3.2000 180 120 60
4.3125 -13.5000 15.4370 34 139 34
-1.5000 -10.0000 16.1730 34 139 34
19.1875 -10.5000 1.7890 34 139 34
-13.9375 6.5000 7.2300 34 139 34
-18.3750 -13.5000 3.3080 180 120 60
-23.1875 19.0000 5.4730 34 139 34
8.3125 -4.5000 6.1260 34 139 34
-0.6250 16.0000 5.8000 180 120 60
8.5000 0.0000 13.0580 34 139 34
-2.3125 13.0000 5.9140 180 120 60
-22.8125 20.0000 5.1640 34 139 34
-23.9375 -16.0000 8.4570 34 139 34
16.6875 23.0000 14.8770 34 139 34
17.0000 -18.5000 7.8330 34 139 34
16.6250 15.0000 10.7100 34 139 34
-6.7500 16.5000 5.7230 180 120 60
-0.1250 -18.0000 14.7110 34 139 34
-22.7500 25.0000 5.2640 180 120 60
4.6250 3.0000 16.1760 34 139 34
11.5625 9.5000 6.3440 180 120 60
-9.2500 -0.5000 3.0840 180 120 60
-6.6875 22.0000 7.7490 34 139 34
15.5000 3.0000 6.4280 255 165 0
23.1250 6.5000 13.9020 34 139 34
3.3125 -4.0000 9.9250 34 139 34
-3.0625 -7.0000 3.0800 180 120 60
-18.1250 12.0000 7.6500 34 139 34
-10.5625 14.5000 5.6220 180 120 60
21.5625 8.0000 8.7370 34 139 34
-0.1875 9.0000 5.9440 180 120 60
-18.0625 25.0000 5.2670 180 120 60
18.0625 6.5000 6.5350 255 165 0
4.8750 -16.0000 18.9690 34 139 34
-2.4375 -13.0000 17.3450 34 139 34
-19.0625 -19.0000 3.2860 180 120 60
7.5625 -18.0000 19.3810 34 139 34
-7.3750 -16.0000 3.1660 180 120 60
17.3125 20.0000 12.8660 34 139 34
20.9375 10.0000 12.0440 34 139 34
3.1250 -24.5000 7.0500 34 139 34
-11.3750 6.5000 3.1230 180 120 60
-8.3125 -12.0000 3.1980 180 120 60
19.3125 22.5000 5.4790 34 139 34
6.5625 -13.0000 19.5200 34 139 34
17.5000 11.5000 7.5960 34 139 34
-1.5000 13.0000 5.9130 180 120 60
-22.0000 -2.0000 3.1730 180 120 60
21.8750 3.0000 6.5300 255 165 0
1.6250 -11.0000 15.2590 34 139 34
7.1250 -4.0000 9.6300 34 139 34
-12.1875 16.0000 5.4800 180 120 60
-20.3125 17.0000 6.9260 34 139 34
-18.8750 23.5000 5.3290 180 120 60
-19.5625 -11.5000 3.3480 180 120 60
-15.0625 -1.5000 3.0600 180 120 60
6.7500 -12.5000 5.2350 34 139 34
-6.9375 3.5000 3.6080 34 139 34
9.0000 -17.0000 7.1060 34 139 34
4.8125 2.5000 6.2720 34 139 34
-9.1250 -7.5000 3.1370 180 120 60
17.7500 -18.5000 6.3700 34 139 34
-1.8125 13.0000 5.8800 180 120 60
11.1250 20.5000 3.6120 180 120 60
-20.1250 10.5000 2.9500 180 120 60
-4.1875 -4.5000 3.0260 180 120 60
17.8125 -14.5000 6.3970 34 139 34
-22.2500 -13.0000 3.3580 180 120 60
-1.1250 19.0000 10.2890 34 139 34
-22.4375 22.0000 5.1380 180 120 60
11.0000 2.5000 6.2550 180 120 60
6.8125 16.0000 11.9440 34 139 34
9.9375 6.0000 6.2940 180 120 60
-8.5625 9.0000 7.3850 34 139 34
-8.6250 4.0000 3.5280 34 139 34
5.8125 6.5000 6.1770 180 120 60
0.4375 -23.0000 7.0880 220 50 50
19.7500 18.0000 0.2510 30 144 255
-12.0000 -14.0000 3.2780 180 120 60
-14.6875 4.5000 2.9860 180 120 60
12.5000 5.5000 6.3000 180 120 60
14.7500 21.0000 16.2430 34 139 34
-0.7500 -4.0000 7.7330 34 139 34
-23.8750 -8.5000 3.3670 180 120 60
0.5000 -7.5000 3.3030 180 120 60
-6.7500 5.0000 15.4680 34 139 34
-23.6875 -16.5000 11.8380 34 139 34
15.1250 -15.0000 5.4670 34 139 34
21.5625 -20.0000 2.8680 34 139 34
-3.2500 16.5000 7.1170 128 128 128
-7.7500 14.0000 5.7670 180 120 60
6.8125 4.0000 5.7760 180 120 60
0.0625 -13.5000 16.5280 34 139 34
5.5625 -2.0000 12.7510 34 139 34
1.1250 -13.0000 15.8240 34 139 34
-10.6250 -23.0000 3.5420 180 120 60
-16.7500 -18.0000 3.4850 180 120 60
18.4375 18.5000 16.2530 34 139 34
-16.7500 19.0000 5.3240 180 120 60
-4.2500 2.0000 16.9340 34 139 34
5.1875 -13.0000 17.2740 34 139 34
-3.5625 18.5000 9.6420 34 139 34
25.0625 15.0000 8.2060 34 139 34
3.3750 -17.0000 16.7240 34 139 34
2.8750 23.0000 9.6900 34 139 34
8.5000 -7.0000 13.3360 34 139 34
18.1875 -15.0000 6.5520 34 139 34
-18.6875 -23.5000 11.0650 34 139 34
-10.5625 11.5000 8.9900 34 139 34
-2.4375 -16.0000 16.5510 34 139 34
-0.7500 -9.0000 14.8990 34 139 34
-5.8125 22.5000 9.0990 34 139 34
-2.7500 -16.0000 14.5320 34 139 34
16.5000 24.5000 14.1610 34 139 34
8.2500 14.0000 10.1430 34 139 34
-17.3750 -6.0000 3.2170 180 120 60
-4.3750 4.0000 17.3890 34 139 34
4.0625 -10.5000 11.2940 34 139 34
-1.1875 -4.5000 3.2410 180 120 60
-8.5625 8.5000 5.0500 34 139 34
-4.5625 -0.5000 3.0390 180 120 60
-4.2500 -13.5000 15.9820 34 139 34
9.7500 19.5000 8.1280 34 139 34
-23.0000 21.5000 5.1340 180 120 60
3.8125 18.0000 12.2930 34 139 34
8.6250 -16.5000 2.2370 34 139 34
-12.0000 15.5000 5.6040 180 120 60
7.9375 -18.5000 17.9250 34 139 34
-21.0000 -21.5000 20.1090 34 139 34
-6.1875 17.0000 5.6880 128 128 128
-12.0625 -18.5000 3.1900 180 120 60
17.0000 -19.0000 7.5450 34 139 34
-3.2500 -10.0000 14.2620 34 139 34
22.8125 5.0000 6.6900 255 165 0
-20.1875 -14.0000 3.3940 180 120 60
25.0000 -13.5000 3.1040 34 139 34
-19.4375 -11.5000 3.3650 180 120 60
7.8750 -12.0000 10.4900 34 139 34
14.1875 18.5000 11.2020 34 139 34
-9.5625 -7.5000 3.1550 180 120 60
24.0625 -6.5000 2.6810 180 120 60
-9.8750 23.5000 8.0720 34 139 34
19.1875 -16.0000 7.0290 34 139 34
21.1250 18.0000 16.2050 34 139 34
18.5625 18.5000 4.9900 34 139 34
21.0000 25.0000 12.5450 34 139 34
-2.2500 -23.5000 6.2210 34 139 34
14.2500 -2.0000 0.8550 30 144 255
-14.3750 19.5000 5.4750 180 120 60
8.8125 -10.0000 12.3940 34 139 34
3.3125 14.5000 9.2450 34 139 34
-12.1250 19.5000 5.4490 180 120 60
9.3125 -7.5000 13.1130 34 139 34
7.6250 -19.5000 17.1960 34 139 34
21.0625 14.0000 15.0050 34 139 34
-7.7500 -0.5000 3.0840 180 120 60
1.2500 -24.0000 6.7610 220 50 50
-15.7500 -15.0000 3.4380 180 120 60
-19.6875 -10.0000 3.3280 180 120 60
23.5625 -14.0000 2.9650 34 139 34
-11.3750 -22.5000 3.5500 180 120 60
1.0625 -12.5000 14.9020 34 139 34
-8.0000 -19.0000 3.3620 180 120 60
15.2500 -22.5000 1.5400 34 139 34
2.6250 6.0000 14.7020 34 139 34
23.4375 -24.0000 3.7270 34 139 34
-18.0625 -21.5000 10.5300 34 139 34
18.8750 11.0000 6.3310 34 139 34
-5.8750 -1.5000 3.0260 180 120 60
6.6250 15.5000 11.9730 34 139 34
-4.6875 -14.0000 15.6530 34 139 34
-20.6875 -19.5000 18.6430 34 139 34
3.5000 -3.5000 3.2460 34 139 34
21.0000 -6.0000 2.6540 34 139 34
11.2500 21.0000 3.5690 180 120 60
-23.7500 -23.5000 20.3970 34 139 34
-12.5625 -19.0000 3.3090 180 120 60
20.3750 -4.0000 1.1670 34 139 34
13.6250 22.5000 14.1470 34 139 34
15.6250 23.0000 8.7660 34 139 34
-11.9375 1.0000 2.9870 180 120 60
5.1875 -22.0000 7.9310 34 139 34
8.0625 -18.0000 12.9240 34 139 34
-16.6875 15.5000 5.8990 34 139 34
8.2500 3.5000 6.1320 180 120 60
-12.6250 9.5000 6.4220 34 139 34
-10.2500 -3.5000 3.1430 180 120 60
1.2500 1.5000 18.4500 34 139 34
12.0000 7.5000 6.3350 180 120 60
-17.8125 9.5000 4.5590 34 139 34
2.2500 21.0000 10.1380 34 139 34
10.5000 -14.5000 9.3940 34 139 34
-15.4375 8.5000 9.0970 34 139 34
-10.0000 5.5000 4.1660 34 139 34
-24.0625 -6.5000 3.3110 180 120 60
-19.9375 7.0000 2.9340 180 120 60
-10.8125 -0.5000 3.0480 180 120 60
12.7500 25.0000 16.7240 34 139 34
-6.9375 -5.5000 3.0940 180 120 60
17.1875 -20.5000 2.5510 34 139 34
-5.3750 -21.0000 6.0550 220 50 50
-24.3125 -12.0000 3.4210 180 120 60
21.4375 10.5000 11.8320 34 139 34
-20.4375 -16.5000 7.1360 34 139 34
11.9375 -5.5000 0.7810 30 144 255
-21.1250 -22.0000 20.4410 34 139 34
-12.3750 -23.5000 5.3080 34 139 34
0.8750 11.0000 5.9860 180 120 60
-9.3125 8.0000 6.6470 34 139 34
21.0000 -10.5000 2.3020 34 139 34
23.2500 14.0000 12.2980 34 139 34
-13.3750 21.0000 5.3970 180 120 60
0.3125 22.0000 12.6550 34 139 34
1.4375 4.5000 16.6410 34 139 34
-16.8750 -3.5000 3.1160 180 120 60
5.8750 -5.5000 9.5050 34 139 34
-5.1250 8.0000 5.0140 180 120 60
17.8750 21.5000 14.0820 34 139 34
18.4375 -15.5000 6.4050 34 139 34
-5.3750 -12.5000 11.7510 34 139 34
-21.5000 -9.0000 3.3770 180 120 60
-13.9375 -3.0000 3.0280 180 120 60
-13.0000 -12.0000 3.2310 180 120 60
-5.3125 -19.5000 6.4970 220 50 50
13.4375 19.0000 14.3410 34 139 34
-19.7500 21.5000 5.2710 180 120 60
23.1250 16.0000 13.0520 34 139 34
-1.3125 2.0000 17.0150 34 139 34
-4.8750 2.5000 16.5190 34 139 34
10.8750 3.5000 6.3210 180 120 60
1.7500 25.0000 3.8080 180 120 60
-17.1250 22.5000 5.3520 180 120 60
-19.1875 -21.5000 19.6630 34 139 34
-22.1875 12.0000 3.0370 180 120 60
6.6250 -18.5000 22.7150 34 139 34
-10.5625 9.5000 6.0990 34 139 34
-2.9375 -12.5000 16.9750 34 139 34
-4.5000 2.5000 17.6060 34 139 34
7.7500 22.0000 8.5440 34 139 34
-12.5625 -21.0000 3.3790 180 120 60
-13.5625 -15.0000 3.3710 180 120 60
3.0000 -8.5000 7.5500 34 139 34
-5.0000 -10.5000 12.8970 34 139 34
0.5625 -8.0000 7.1610 34 139 34
-11.5625 -5.0000 3.1210 180 120 60
-12.3750 -14.0000 3.2870 180 120 60
14.0625 9.0000 6.4200 180 120 60
21.1250 23.5000 8.3370 34 139 34
22.1250 4.0000 6.5630 255 165 0
-4.6875 7.0000 15.3200 34 139 34
23.3750 -9.0000 2.6840 34 139 34
-24.0000 -16.0000 5.3950 34 139 34
-21.3750 -3.5000 3.2240 180 120 60
10.3125 -16.5000 8.3040 34 139 34
5.7500 -0.5000 12.3370 34 139 34
22.2500 19.0000 9.4110 34 139 34
9.4375 -3.5000 12.8400 34 139 34
-3.6250 7.0000 15.2880 34 139 34
-20.5000 16.5000 7.9350 34 139 34
-15.4375 4.5000 5.9910 34 139 34
-20.5000 -1.5000 3.1300 180 120 60
-19.7500 -17.0000 3.5600 34 139 34
1.0625 -14.0000 15.5490 34 139 34
17.8750 -19.5000 2.1400 180 120 60
22.9375 5.0000 19.2640 34 139 34
7.7500 -9.5000 9.3400 34 139 34
-16.5000 -4.5000 3.1000 180 120 60
4.1250 12.0000 5.9600 180 120 60
-8.3750 -10.5000 3.2040 180 120 60
-4.7500 -13.0000 15.0790 34 139 34
9.0000 -12.0000 9.9630 34 139 34
0.9375 -19.5000 3.9080 180 120 60
-17.4375 13.0000 6.9460 34 139 34
-5.8125 -21.0000 4.4940 34 139 34
1.8750 2.0000 18.5490 34 139 34
-17.1875 -18.0000 12.9190 34 139 34
3.7500 4.0000 15.6580 34 139 34
22.6250 17.0000 16.0110 34 139 34
-20.9375 21.5000 5.2060 180 120 60
11.5000 -7.5000 6.0190 34 139 34
4.5625 -4.5000 11.7580 34 139 34
13.1250 13.5000 11.0410 34 139 34
-12.7500 2.0000 2.9790 180 120 60
-1.8750 -1.5000 6.3540 34 139 34
0.9375 -8.0000 7.6900 34 139 34
-12.0625 5.5000 2.9400 180 120 60
-5.8125 -5.0000 3.1230 180 120 60
2.5625 22.5000 8.9290 34 139 34
-14.1250 -14.0000 3.3620 180 120 60
9.5625 16.0000 11.6340 34 139 34
-15.8750 -21.5000 6.5440 34 139 34
9.3750 19.5000 8.5660 34 139 34
21.1875 -16.5000 2.6020 180 120 60
19.0625 22.5000 10.1130 34 139 34
8.0625 -2.5000 2.9120 180 120 60
-24.1250 -16.0000 7.3300 34 139 34
24.1250 -22.0000 6.7820 34 139 34
-18.5625 15.5000 8.1260 34 139 34
4.8750 -10.5000 7.2260 34 139 34
4.6250 3.0000 6.3640 34 139 34
-7.8750 14.5000 5.6680 180 120 60
23.9375 -14.5000 2.7750 34 139 34
1.0000 12.0000 5.9680 180 120 60
-4.2500 2.5000 17.3880 34 139 34
2.0000 2.5000 17.0080 34 139 34
6.3125 19.5000 11.6130 34 139 34
3.1250 0.0000 13.1590 34 139 34
9.7500 -9.5000 12.2300 34 139 34
4.9375 -10.0000 14.7190 34 139 34
-2.0000 0.5000 14.0520 34 139 34
5.8125 -6.5000 15.9610 34 139 34
-17.4375 -3.5000 3.1130 180 120 60
19.0000 22.5000 11.6790 34 139 34
25.0000 -7.0000 5.7420 34 139 34
-18.3750 7.0000 8.4980 34 139 34
-2.1875 6.0000 16.3040 34 139 34
0.3125 -13.5000 16.7340 34 139 34
-1.6250 18.5000 9.7990 34 139 34
8.6875 -4.0000 11.9080 34 139 34
19.0000 -15.5000 5.7160 34 139 34
-0.1875 -5.0000 8.3980 34 139 34
-19.0625 24.0000 5.3130 180 120 60
13.6250 15.5000 13.0960 34 139 34
3.1250 13.5000 5.8900 180 120 60
-3.5625 19.5000 10.6610 34 139 34
-24.5625 -14.5000 8.6360 34 139 34
-4.0625 1.0000 3.6550 34 139 34
23.2500 6.5000 15.9230 34 139 34
-11.3125 4.0000 2.9930 180 120 60
-12.1250 -11.0000 3.2560 180 120 60
-12.8125 -9.0000 3.1690 180 120 60
23.1875 6.5000 13.7680 34 139 34
-16.3750 9.0000 10.0320 34 139 34
18.3750 13.5000 2.1550 180 120 60
5.7500 7.0000 6.1560 180 120 60
-14.9375 9.0000 5.1380 34 139 34
-4.1875 -2.0000 3.0550 180 120 60
-24.7500 -9.5000 3.3760 180 120 60
-20.5000 3.0000 2.9670 180 120 60
3.9375 -19.5000 9.1620 34 139 34
-18.6250 -23.5000 15.0440 34 139 34
3.6875 -2.5000 12.5870 34 139 34
1.0625 15.0000 5.8170 180 120 60
-21.6250 -24.0000 19.2630 34 139 34
5.4375 6.0000 6.1280 180 120 60
9.5625 -6.5000 8.9580 34 139 34
-6.3125 23.5000 5.0980 180 120 60
18.8750 4.0000 6.4930 255 165 0
-16.6250 -10.5000 3.2830 180 120 60
4.5625 -16.0000 14.8130 34 139 34
20.3750 -11.0000 2.2500 180 120 60
8.7500 22.5000 3.5710 180 120 60
-10.3125 -3.0000 3.1350 180 120 60
-14.8750 12.5000 7.4970 34 139 34
-13.7500 -7.5000 3.2260 180 120 60
-2.1875 18.0000 10.0780 34 139 34
3.6250 -11.0000 13.1880 34 139 34
16.5000 14.5000 8.2520 34 139 34
18.7500 10.0000 6.3380 34 139 34
11.6875 4.0000 6.3080 180 120 60
6.6250 -19.5000 22.3280 34 139 34
0.1250 -4.0000 3.4480 34 139 34
18.8125 -13.0000 2.0240 180 120 60
-4.1875 8.5000 7.4310 34 139 34
-16.3125 8.5000 2.9730 34 139 34
3.8125 23.0000 3.8230 34 139 34
25.0625 1.5000 17.3490 34 139 34
0.6875 -23.5000 7.0100 220 50 50
-9.8750 -23.0000 3.4660 180 120 60
11.1250 14.5000 10.0800 34 139 34
-14.0625 -20.0000 3.3570 180 120 60
9.0000 5.5000 6.2330 180 120 60
8.0625 -18.5000 20.5570 34 139 34
11.8750 -14.0000 8.6330 34 139 34
-22.8750 -14.0000 3.3170 180 120 60
-8.8750 5.0000 3.2130 180 120 60
0.5625 5.0000 12.7300 34 139 34
-18.6875 -12.0000 3.3540 180 120 60
-21.1875 -22.5000 16.5910 34 139 34
-18.8125 -1.0000 2.9990 180 120 60
-6.8125 -20.0000 3.4280 180 120 60
-2.6875 23.5000 11.9830 34 139 34
-21.4375 -10.5000 3.4120 180 120 60
-22.0625 16.0000 7.7950 34 139 34
-4.1250 23.5000 10.7510 34 139 34
6.2500 -16.5000 20.3380 34 139 34
25.0625 14.0000 8.1240 34 139 34
8.0000 5.5000 6.2330 180 120 60
-3.8750 1.0000 9.9530 34 139 34
25.1250 1.5000 17.4220 34 139 34
17.5625 -14.5000 6.6290 34 139 34
5.0625 -19.0000 21.8420 34 139 34
-18.0000 -18.5000 14.1280 34 139 34
-2.2500 -13.5000 17.2900 34 139 34
-9.8750 -8.5000 3.2190 180 120 60
-10.1250 -3.5000 3.1060 180 120 60
-11.3750 -23.0000 3.6180 180 120 60
-16.8750 -11.0000 3.3060 180 120 60
-24.6250 14.0000 7.2070 220 50 50
20.5625 -4.5000 1.2500 34 139 34
3.5625 -20.5000 19.5520 34 139 34
-12.1250 7.0000 2.9890 180 120 60
-15.0000 18.5000 5.4270 180 120 60
5.3750 -11.0000 15.8250 34 139 34
-19.1250 -4.0000 3.2100 180 120 60
-14.8125 5.5000 2.9040 180 120 60
-6.2500 5.5000 14.4730 34 139 34
5.0625 1.5000 12.8080 34 139 34
10.0625 20.0000 3.6850 180 120 60
6.9375 -12.0000 17.1610 34 139 34
-11.1875 -17.5000 3.2500 180 120 60
-8.7500 -4.0000 3.1390 180 120 60
8.1875 11.5000 6.2210 180 120 60
-5.0000 -7.5000 3.0950 180 120 60
17.0000 13.0000 8.9780 34 139 34
-9.0000 24.5000 7.1260 34 139 34
21.5000 16.0000 16.9110 34 139 34
-21.3750 21.0000 5.2270 180 120 60
-16.3750 -19.0000 3.2970 180 120 60
2.8125 12.5000 6.0200 180 120 60
8.3125 1.5000 7.7220 34 139 34
-19.5000 -11.5000 3.2680 180 120 60
8.8750 20.5000 8.3920 34 139 34
-22.6875 -1.5000 3.1560 180 120 60
10.3750 19.5000 3.6750 180 120 60
-6.2500 -5.0000 4.3530 128 128 128
24.6875 8.0000 15.7710 34 139 34
24.3750 14.5000 7.1340 34 139 34
-9.4375 14.5000 5.6820 180 120 60
22.6875 18.0000 10.0160 34 139 34
3.6250 -20.0000 20.7500 34 139 34
-2.6250 23.5000 10.7310 34 139 34
-0.0625 -13.0000 16.0330 34 139 34
-14.2500 -24.0000 3.7050 180 120 60
-15.1875 -9.5000 3.2520 180 120 60
-17.5000 8.5000 2.9040 180 120 60
-12.5625 -17.5000 3.3860 180 120 60
-6.6875 -1.0000 3.0570 180 120 60
21.0625 5.5000 14.6610 34 139 34
3.5000 -6.5000 15.2740 34 139 34
-23.1875 -19.0000 3.7850 180 120 60
-6.8125 15.5000 5.7130 180 120 60
-11.2500 10.5000 7.9420 34 139 34
15.2500 -24.5000 6.3900 34 139 34
4.0625 18.0000 12.4690 34 139 34
-3.1875 -17.0000 14.8740 34 139 34
-15.6875 -9.0000 3.2160 180 120 60
-22.2500 1.5000 3.0520 180 120 60
-0.3125 -4.0000 7.7920 34 139 34
-21.3750 -21.5000 20.3230 34 139 34
2.3750 7.0000 8.9760 34 139 34
-7.3750 22.0000 5.4090 180 120 60
-20.3125 4.0000 2.9490 180 120 60
-1.8750 -16.5000 16.8740 34 139 34
-24.1250 -13.5000 3.2980 180 120 60
-8.3750 11.5000 7.5500 34 139 34
1.8125 20.5000 11.8870 34 139 34
-4.5000 3.0000 17.9820 34 139 34
7.3750 -14.5000 17.6580 34 139 34
0.2500 21.0000 12.9210 34 139 34
-7.2500 23.0000 5.1810 180 120 60
-2.8750 -3.0000 3.0520 180 120 60
-18.3750 21.5000 5.3710 180 120 60
-2.6250 25.0000 9.4430 34 139 34
3.0000 1.5000 15.7470 34 139 34
-0.1875 -14.0000 16.5940 34 139 34
-4.2500 -2.0000 3.0450 180 120 60
-21.6250 -5.0000 3.2570 180 120 60
21.5625 16.5000 0.3120 30 144 255
19.5625 6.0000 6.5900 255 165 0
-20.6875 1.5000 3.0130 180 120 60
-17.3750 6.0000 2.9100 180 120 60
9.6250 -2.0000 12.7000 34 139 34
-5.5000 3.0000 12.3610 34 139 34
17.8125 -23.5000 3.0110 34 139 34
-6.0000 -21.0000 5.9410 220 50 50
-1.5625 -23.5000 6.6220 34 139 34
-18.4375 -13.5000 3.3720 180 120 60
-16.8750 -24.0000 3.5640 180 120 60
-17.9375 -8.5000 3.2920 180 120 60
24.3750 -3.0000 6.5030 255 165 0
-4.2500 -16.5000 14.4660 34 139 34
-0.0625 -1.0000 3.1340 180 120 60
21.7500 0.5000 6.5530 255 165 0
6.8125 19.5000 11.3880 34 139 34
1.0000 2.5000 18.0090 34 139 34
6.2500 -12.5000 16.1230 34 139 34
-2.3125 -16.5000 16.3670 34 139 34
20.4375 -21.0000 3.3700 34 139 34
-19.0625 16.5000 6.1490 34 139 34
-16.7500 -19.0000 3.3710 180 120 60
-15.7500 1.0000 3.0440 180 120 60
24.5000 2.5000 20.1540 34 139 34
5.3750 25.0000 4.6170 34 139 34
16.8125 9.5000 6.8950 34 139 34
23.0000 7.5000 15.3630 34 139 34
-7.6875 5.0000 3.5990 34 139 34
-21.7500 9.5000 2.9890 180 120 60
-17.3750 21.0000 5.3090 180 120 60
4.2500 -6.0000 6.9170 34 139 34
-12.6250 -9.0000 3.2520 180 120 60
24.5000 -0.5000 6.4960 255 165 0
19.8750 -4.5000 0.7410 30 144 255
2.7500 5.0000 15.2220 34 139 34
-14.6875 7.0000 7.4120 34 139 34
8.5000 -21.0000 2.2830 34 139 34
6.0625 -9.0000 9.0260 34 139 34
23.4375 23.5000 4.6130 34 139 34
20.2500 1.5000 6.5220 255 165 0
-12.7500 -21.0000 3.3940 180 120 60
15.0000 -15.5000 6.1100 34 139 34
-3.7500 -16.0000 16.8550 34 139 34
10.0625 25.0000 9.0880 34 139 34
-13.2500 -23.5000 5.4680 34 139 34
-6.6250 -8.0000 3.1360 180 120 60
4.7500 -3.0000 13.9530 34 139 34
-19.8125 -21.5000 4.9280 34 139 34
-13.3750 16.0000 5.5240 180 120 60
8.4375 -24.0000 2.9180 34 139 34
-6.0625 -5.5000 3.0730 180 120 60
4.2500 5.0000 13.4640 34 139 34
-8.7500 -7.5000 3.1750 180 120 60
14.6250 12.0000 9.9510 34 139 34
-11.0625 19.0000 5.5440 180 120 60
17.0000 -15.0000 6.8480 34 139 34
6.0625 25.5000 4.7040 34 139 34
-21.8750 -13.5000 3.4040 180 120 60
14.5625 -17.0000 6.9480 34 139 34
11.3125 8.0000 6.3120 180 120 60
-21.5625 25.0000 5.2570 180 120 60
-12.8125 -11.0000 3.2470 180 120 60
11.5000 0.5000 5.6350 180 120 60
20.5625 20.0000 4.3500 34 139 34
-10.0625 -9.0000 3.2650 180 120 60
11.0625 -3.5000 2.7960 34 139 34
-6.8750 9.5000 6.6100 34 139 34
-22.5625 5.5000 2.9110 180 120 60
-18.1250 1.5000 2.9930 180 120 60
22.0625 -18.5000 3.1960 180 120 60
-22.6875 -18.0000 14.0170 34 139 34
-21.6875 3.0000 3.0340 180 120 60
18.3125 18.5000 7.6050 34 139 34
2.6250 21.0000 10.3320 34 139 34
7.3125 -17.0000 17.5180 34 139 34
-7.1250 -23.5000 5.2370 220 50 50
-3.3750 -5.5000 3.0290 180 120 60
8.8125 15.5000 11.8820 34 139 34
2.8750 -14.5000 14.3380 34 139 34
7.3125 13.5000 10.7750 34 139 34
-22.5625 12.0000 3.0270 180 120 60
-4.5000 -21.5000 3.4190 180 120 60
9.5625 -24.0000 2.4650 34 139 34
-5.5000 -20.0000 6.3040 220 50 50
-18.6875 -4.0000 3.2140 180 120 60
-16.6250 6.5000 13.0650 34 139 34
0.2500 -15.0000 16.1300 34 139 34
-16.6250 7.5000 11.9870 34 139 34
3.2500 6.0000 5.9330 180 120 60
-10.2500 7.0000 6.1610 34 139 34
7.4375 -23.0000 8.1240 34 139 34
-20.1875 -21.0000 20.1470 34 139 34
-23.8750 -13.0000 3.2510 180 120 60
19.4375 -18.0000 4.0510 34 139 34
-22.0000 -16.0000 13.1190 34 139 34
2.7500 -14.5000 17.8360 34 139 34
17.1250 -18.0000 6.2080 34 139 34
1.0000 -19.0000 11.8250 34 139 34
15.1250 21.5000 15.8280 34 139 34
7.6875 -17.0000 15.6590 34 139 34
7.7500 -19.5000 10.8860 34 139 34
24.5625 6.0000 19.4620 34 139 34
-0.8125 -5.0000 8.4830 34 139 34
8.5000 -17.0000 1.2540 180 120 60
8.5000 22.0000 3.6510 180 120 60
-16.9375 -11.5000 3.2860 180 120 60
9.8125 3.0000 6.2790 180 120 60
7.3750 17.5000 11.6710 34 139 34
-12.6250 -4.5000 3.1150 180 120 60
4.2500 2.0000 16.1100 34 139 34
-21.3125 -19.0000 18.5380 34 139 34
24.0000 -24.5000 7.0030 34 139 34
-11.7500 10.0000 6.2270 34 139 34
13.6875 13.5000 12.1830 34 139 34
-7.6250 -15.5000 3.1520 180 120 60
23.4375 6.5000 19.6190 34 139 34
9.0625 2.0000 7.8590 34 139 34
-6.1875 -4.5000 3.2020 128 128 128
-11.7500 -19.5000 3.2600 180 120 60
-16.2500 -20.5000 3.2980 180 120 60
7.9375 -9.0000 15.9530 34 139 34
-13.2500 10.5000 6.2520 34 139 34
-16.0625 24.0000 5.2100 180 120 60
3.3125 10.0000 6.0590 180 120 60
-12.0000 -11.5000 3.2310 180 120 60
10.1875 -2.5000 12.9600 34 139 34
-8.7500 -12.5000 3.1780 180 120 60
-11.0625 8.0000 6.4090 34 139 34
-17.2500 -9.0000 3.2840 180 120 60
8.0625 -19.0000 3.0690 34 139 34
-20.6875 -2.0000 3.0850 180 120 60
25.2500 -22.0000 3.5380 34 139 34
25.1875 -1.5000 6.5700 255 165 0
-19.8125 -23.5000 16.6220 34 139 34
20.8750 6.5000 6.5870 255 165 0
-24.6250 -9.0000 3.3710 180 120 60
10.5000 -3.5000 9.4000 34 139 34
-18.0625 -12.0000 3.3370 180 120 60
9.4375 -3.0000 11.3770 34 139 34
9.0000 -10.5000 7.4170 34 139 34
4.8125 1.0000 14.5130 34 139 34
-17.2500 7.5000 8.0480 34 139 34
19.3750 -9.0000 2.1650 34 139 34
23.0000 5.5000 16.2910 34 139 34
-1.0625 18.5000 9.9410 34 139 34
-15.6875 -10.5000 3.2080 180 120 60
-23.8750 20.0000 5.5870 34 139 34
0.2500 -14.5000 16.5570 34 139 34
8.9375 -19.0000 2.2500 34 139 34
-7.1875 -3.0000 3.0780 180 120 60
19.8125 13.5000 2.5700 34 139 34
-6.7500 -14.0000 3.4100 34 139 34
24.9375 -15.0000 2.9010 34 139 34
-7.7500 16.0000 5.7140 180 120 60
-24.4375 16.0000 6.4300 220 50 50
-10.7500 -3.5000 3.0760 180 120 60
1.0625 0.0000 15.8700 34 139 34
-1.6875 15.0000 5.8520 180 120 60
23.3125 -6.0000 1.7880 128 128 128
16.0625 24.5000 14.0580 34 139 34
-7.0625 19.5000 5.4970 180 120 60
11.5625 -1.0000 1.6920 34 139 34
16.7500 -21.5000 2.6700 34 139 34
22.1250 12.5000 12.3680 34 139 34
-9.3750 1.5000 2.9620 180 120 60
-20.2500 21.5000 5.1720 180 120 60
-15.6250 22.5000 5.2770 180 120 60
-15.7500 3.5000 2.9230 180 120 60
-2.6250 -11.0000 14.6650 34 139 34
-18.3750 7.5000 2.9280 180 120 60
23.0000 2.0000 6.5100 255 165 0
-18.5000 -18.5000 14.6660 34 139 34
10.3125 -16.5000 8.1160 34 139 34
-4.5000 -11.5000 15.2780 34 139 34
-17.2500 -9.0000 3.2780 180 120 60
-6.5000 16.5000 5.6890 180 120 60
-20.1250 -19.0000 19.6510 34 139 34
5.5000 5.5000 6.1580 180 120 60
-4.6875 23.0000 10.0840 34 139 34
-1.7500 24.5000 9.3420 34 139 34
-11.5625 18.5000 5.5450 180 120 60
-10.7500 20.5000 5.3590 180 120 60
22.1250 24.0000 3.6910 34 139 34
-0.6250 -8.5000 14.4830 34 139 34
-18.3125 19.5000 5.3110 180 120 60
-20.4375 -4.0000 3.1480 180 120 60
9.0625 21.5000 8.1560 34 139 34
10.6250 3.0000 6.3320 180 120 60
-13.0000 -8.0000 3.2430 180 120 60
-1.4375 -3.5000 6.0310 34 139 34
0.0000 -7.5000 7.1030 34 139 34
1.0625 3.5000 10.4460 34 139 34
23.8750 19.0000 8.1760 34 139 34
1.1250 -0.5000 17.1750 34 139 34
-24.5000 -11.0000 3.4020 180 120 60
-1.8125 1.5000 16.1680 34 139 34
-14.5000 -13.0000 3.2520 180 120 60
-2.5625 4.5000 18.6220 34 139 34
25.0000 18.0000 0.2980 30 144 255
-16.9375 -19.5000 3.3030 180 120 60
10.3750 -7.5000 8.4960 34 139 34
-5.3125 10.0000 5.4310 180 120 60
3.9375 2.5000 8.2430 34 139 34
18.7500 -23.0000 3.3180 34 139 34
7.3750 11.5000 6.0920 180 120 60
-16.9375 3.5000 2.9770 180 120 60
9.1875 -14.0000 9.7210 34 139 34
-5.8750 13.5000 5.8430 180 120 60
-17.3750 -10.5000 3.2910 180 120 60
-2.5000 -17.0000 11.7230 34 139 34
2.1250 4.0000 15.0520 34 139 34
-5.6250 20.0000 10.4930 34 139 34
24.1250 -13.0000 2.3970 180 120 60
-4.2500 14.0000 5.9010 180 120 60
1.5000 19.5000 10.9700 34 139 34
-1.1875 24.5000 4.5190 34 139 34
-15.5000 11.5000 6.5200 34 139 34
-14.6875 8.0000 2.8920 180 120 60
15.6250 12.0000 9.4750 34 139 34
14.1250 12.5000 9.7660 34 139 34
6.8750 10.5000 6.1260 180 120 60
-12.7500 5.0000 2.9450 180 120 60
6.4375 3.0000 5.3750 180 120 60
-22.6875 18.5000 6.4620 34 139 34
-23.1875 13.0000 6.3640 34 139 34
18.8750 -9.0000 0.8090 180 120 60
17.0625 17.5000 11.3890 34 139 34
2.5000 -11.0000 14.8430 34 139 34
-9.0000 13.0000 5.5660 180 120 60
-21.1875 -10.5000 3.3440 180 120 60
-13.1875 -0.5000 3.0930 180 120 60
8.1250 -11.5000 10.4570 34 139 34
-22.3125 -17.5000 3.2890 180 120 60
14.7500 12.5000 11.9400 34 139 34
4.0625 -19.0000 17.9470 34 139 34
-14.1875 8.0000 8.9420 34 139 34
-23.9375 -15.0000 3.3860 34 139 34
3.5000 -1.0000 10.1790 34 139 34
23.5625 2.5000 19.7490 34 139 34
-17.8750 9.5000 2.8740 180 120 60
-6.1875 -24.0000 5.5480 220 50 50
-18.7500 -17.0000 11.1750 34 139 34
8.4375 -22.5000 9.8950 34 139 34
6.0625 -9.0000 16.7200 34 139 34
-14.8125 -15.0000 3.3040 180 120 60
16.7500 2.5000 6.4480 255 165 0
-9.8125 0.0000 3.0400 180 120 60
-4.2500 -14.0000 16.6320 34 139 34
-8.0000 -17.5000 3.2830 180 120 60
2.8750 3.5000 16.3680 34 139 34
18.1875 24.0000 9.5060 34 139 34
8.3750 7.5000 7.4290 128 128 128
12.1875 20.0000 7.0650 34 139 34
-16.3125 -24.0000 11.5620 34 139 34
-5.0000 -14.0000 14.9970 34 139 34
-24.0000 9.0000 2.9340 180 120 60
1.6250 -5.0000 7.0060 34 139 34
9.9375 -11.5000 3.1780 34 139 34
-9.6875 17.5000 5.6020 180 120 60
-0.1875 -12.5000 15.8690 34 139 34
18.9375 7.5000 7.4500 128 128 128
20.0000 -5.5000 2.0780 34 139 34
-4.0625 12.5000 5.8040 180 120 60
-1.6250 -18.0000 14.9980 34 139 34
23.7500 16.0000 12.6970 34 139 34
-8.7500 -11.5000 3.2130 180 120 60
-24.3125 12.5000 3.0450 180 120 60
17.7500 6.0000 6.4350 255 165 0
21.0625 -18.0000 2.8430 34 139 34
-0.1250 3.0000 15.7790 34 139 34
8.3125 -17.0000 11.1260 34 139 34
17.7500 10.5000 7.7040 34 139 34
14.1250 1.0000 6.4350 255 165 0
18.9375 21.0000 9.9110 34 139 34
-7.3125 3.0000 3.4430 34 139 34
-1.4375 -8.5000 13.9830 34 139 34
10.4375 -13.5000 8.1180 34 139 34
1.5625 5.0000 15.0770 34 139 34
-1.6250 11.5000 5.9260 180 120 60
-6.6250 5.0000 5.9120 34 139 34
-0.4375 14.0000 5.8590 180 120 60
-19.6875 -18.0000 16.8100 34 139 34
3.5625 10.5000 6.0680 180 120 60
-12.6875 15.5000 5.5810 180 120 60
-7.0625 -15.5000 13.3630 34 139 34
13.6250 6.5000 6.3620 180 120 60
19.6875 -16.5000 7.4450 34 139 34
7.3125 14.5000 10.1280 34 139 34
-13.7500 12.0000 3.9640 34 139 34
-4.5000 7.5000 14.8710 34 139 34
-9.9375 -20.0000 3.2820 180 120 60
-0.1875 24.0000 10.4000 34 139 34
-9.1875 -13.0000 3.2060 180 120 60
6.7500 18.0000 11.5610 34 139 34
19.0000 -17.0000 5.8660 34 139 34
-15.3750 -23.5000 3.5190 180 120 60
-9.7500 -10.0000 3.2550 180 120 60
-22.8750 9.0000 3.0290 180 120 60
1.3750 6.0000 9.6760 34 139 34
4.6875 -8.5000 17.6450 34 139 34
0.0000 -6.5000 9.0300 34 139 34
8.7500 -13.5000 15.9560 34 139 34
-11.3125 -8.0000 3.2260 180 120 60
21.1250 17.0000 14.0290 34 139 34
-11.5625 -19.0000 3.2650 180 120 60
9.8125 -4.5000 3.4000 34 139 34
-10.3125 -23.0000 3.5150 180 120 60
-3.1250 -17.5000 15.2680 34 139 34
23.6250 21.5000 8.7680 34 139 34
-20.2500 -21.5000 17.2690 34 139 34
0.5000 6.5000 7.9080 34 139 34
24.3125 15.0000 11.9430 34 139 34
6.6250 -24.0000 7.4540 34 139 34
13.0625 8.0000 6.3200 180 120 60
-23.9375 -24.0000 19.1210 34 139 34
-17.0000 7.0000 12.7280 34 139 34
8.1250 -10.5000 10.8540 34 139 34
-14.3125 -19.0000 3.3150 180 120 60
-15.6875 -19.5000 3.3440 180 120 60
-14.6250 6.0000 2.8380 180 120 60
8.1250 -4.0000 12.2210 34 139 34
-14.8750 23.0000 5.3370 180 120 60
16.9375 25.5000 2.2320 34 139 34
25.0625 -16.5000 3.2890 180 120 60
7.3125 -11.0000 13.3870 34 139 34
-18.8750 12.0000 5.2780 34 139 34
-21.3750 8.0000 3.0190 180 120 60
-10.8750 23.5000 8.3650 34 139 34
15.7500 17.5000 10.4380 34 139 34
-1.0625 -20.5000 4.5050 34 139 34
-7.5000 20.5000 5.5240 180 120 60
-3.5000 25.0000 8.5190 34 139 34
3.1250 -17.0000 12.8480 34 139 34
-23.3125 -14.0000 3.3220 180 120 60
15.3125 -23.5000 1.3540 34 139 34
18.9375 -11.5000 2.4050 34 139 34
-20.0000 -4.5000 3.2030 180 120 60
10.2500 -13.5000 9.8780 34 139 34
8.8125 -4.0000 10.0270 34 139 34
22.0000 -9.0000 1.8990 180 120 60
-6.4375 -18.5000 6.7960 220 50 50
20.5000 -17.5000 4.8930 34 139 34
3.7500 -20.5000 21.1040 34 139 34
1.5625 -0.5000 17.3290 34 139 34
11.9375 -1.0000 0.8120 180 120 60
-19.3750 -23.5000 16.2890 34 139 34
9.3750 -24.0000 2.4890 34 139 34
-12.8125 -0.5000 3.0550 180 120 60
3.3750 -2.0000 6.4520 34 139 34
24.2500 8.0000 17.6880 34 139 34
-13.5625 -16.0000 3.3840 180 120 60
7.1875 -24.0000 6.3540 34 139 34
-10.5625 2.5000 3.0180 180 120 60
5.3125 11.5000 6.0440 180 120 60
-8.3750 3.5000 3.4730 34 139 34
3.1250 -5.5000 8.5100 34 139 34
-2.2500 -8.5000 12.7100 34 139 34
22.5625 -21.5000 3.5150 34 139 34
-22.0000 -16.5000 3.3520 180 120 60
-10.5625 2.0000 3.0480 180 120 60
22.6250 -12.5000 2.9230 34 139 34
17.6250 20.0000 15.1490 34 139 34
-24.2500 -14.5000 3.3450 180 120 60
8.1875 -15.5000 19.3120 34 139 34
17.1875 15.5000 15.5050 34 139 34
5.8750 11.0000 6.0650 180 120 60
20.1250 3.0000 6.4780 255 165 0
-22.3750 14.5000 7.4100 34 139 34
-14.5625 -19.5000 3.3210 180 120 60
-2.8125 -18.0000 14.0840 34 139 34
18.6250 -16.0000 6.9580 34 139 34
5.8750 -1.5000 12.2260 34 139 34
-8.4375 -14.5000 3.1720 180 120 60
3.0000 2.5000 5.9060 34 139 34
10.3750 -1.5000 12.7550 34 139 34
5.6250 -6.0000 15.6070 34 139 34
-5.8125 -14.5000 12.7920 34 139 34
-10.5000 2.0000 3.0290 180 120 60
-21.7500 -0.5000 3.0530 180 120 60
-19.0625 14.5000 8.2590 34 139 34
4.3750 -9.5000 15.2270 34 139 34
9.3125 -15.5000 14.8400 34 139 34
-19.6875 -11.0000 3.2860 180 120 60
23.6250 23.5000 4.7510 34 139 34
10.3750 7.0000 6.2740 180 120 60
-0.6250 5.0000 15.8660 34 139 34
-2.8125 2.5000 17.7790 34 139 34
-14.6875 13.5000 10.6630 34 139 34
11.4375 16.5000 9.7020 34 139 34
-0.6250 -11.5000 16.3630 34 139 34
3.8750 -18.0000 4.0330 180 120 60
4.2500 10.0000 6.1110 180 120 60
24.5625 12.0000 16.0340 34 139 34
-0.6875 -16.0000 15.2960 34 139 34
22.5625 -4.0000 2.3900 180 120 60
-19.9375 -23.0000 17.0730 34 139 34
19.4375 -11.5000 2.5280 34 139 34
-9.5625 -4.5000 3.0860 180 120 60
-13.1875 -16.0000 3.3920 180 120 60
22.6875 3.5000 17.0760 34 139 34
-16.1250 7.5000 12.1260 34 139 34
5.1250 -20.5000 21.7430 34 139 34
-12.0625 -4.0000 3.1220 180 120 60
19.0000 13.5000 8.4800 34 139 34
-1.2500 -22.0000 4.0180 180 120 60
-21.4375 -17.5000 13.5710 34 139 34
15.4375 10.5000 10.1440 34 139 34
4.5625 -4.0000 13.7260 34 139 34
20.0000 21.0000 5.8340 34 139 34
-0.5625 -4.5000 8.3260 34 139 34
22.1875 1.0000 6.5050 255 165 0
6.1250 25.5000 4.7050 34 139 34
-2.6250 -4.0000 3.0600 180 120 60
8.8750 21.0000 3.6610 180 120 60
17.7500 -0.5000 6.5650 255 165 0
19.6250 -15.0000 4.6680 34 139 34
-5.8750 -12.0000 11.2880 34 139 34
-20.0625 4.0000 3.0250 180 120 60
5.2500 4.5000 13.1960 34 139 34
-2.8750 -14.5000 17.2040 34 139 34
-10.8750 3.5000 2.9630 180 120 60
-18.1875 -14.0000 3.3790 180 120 60
-2.4375 -3.0000 3.2980 180 120 60
10.0625 -5.0000 8.9980 34 139 34
-4.9375 4.0000 17.3290 34 139 34
7.6250 -9.0000 9.0240 34 139 34
0.5625 13.5000 5.9320 180 120 60
-19.5000 0.0000 3.0590 180 120 60
8.8125 18.5000 10.8430 34 139 34
15.3750 -22.0000 2.0170 34 139 34
9.8750 -2.0000 15.1850 34 139 34
-22.1250 0.5000 3.0020 180 120 60
-4.5625 5.0000 18.2470 34 139 34
5.1875 -7.0000 16.3210 34 139 34
-5.6250 15.0000 5.7660 180 120 60
-20.5625 18.0000 6.8580 34 139 34
9.5000 -3.0000 9.8790 34 139 34
-17.0000 7.0000 13.1020 34 139 34
-2.1250 20.0000 9.7180 34 139 34
-13.5625 -13.0000 3.3440 180 120 60
15.6250 -16.5000 7.6210 34 139 34
22.5625 -18.5000 3.3700 34 139 34
-19.4375 12.0000 5.3830 34 139 34
-13.5625 -19.0000 3.3140 180 120 60
-1.7500 -9.5000 14.4910 34 139 34
11.5625 -8.0000 1.2620 34 139 34
-2.9375 25.5000 4.4480 180 120 60
-13.3750 24.5000 5.5220 180 120 60
20.1250 -12.0000 2.5140 34 139 34
6.2500 21.5000 9.7470 34 139 34
-10.8750 -22.0000 3.3760 180 120 60
-12.5625 11.5000 3.9810 180 120 60
-16.5625 -24.0000 12.5870 34 139 34
-10.8750 23.5000 8.6700 34 139 34
23.6875 3.0000 20.4860 34 139 34
-5.1250 21.5000 10.0480 34 139 34
6.4375 -7.0000 14.4410 34 139 34
15.8750 -23.0000 2.4250 34 139 34
-15.1875 -3.5000 3.1120 180 120 60
-3.3750 -20.0000 11.0950 34 139 34
-5.1875 -24.5000 5.8260 220 50 50
-16.3750 -9.0000 3.2680 180 120 60
2.8125 -20.0000 6.6810 220 50 50
8.8750 -8.0000 8.3070 34 139 34
3.7500 -17.0000 17.3050 34 139 34
9.3750 -0.5000 6.6240 34 139 34
-7.3125 -11.0000 3.1680 180 120 60
10.6250 2.5000 6.1110 180 120 60
-16.5625 -19.0000 3.4000 180 120 60
10.1250 -13.0000 10.2470 34 139 34
11.0000 -0.5000 12.1100 34 139 34
4.4375 10.5000 6.1330 180 120 60
12.0000 22.5000 4.6670 34 139 34
10.6875 12.5000 10.1320 34 139 34
-20.8750 -5.0000 3.2460 180 120 60
8.8750 1.0000 13.4680 34 139 34
-11.4375 -17.0000 3.3440 180 120 60
8.1250 -11.0000 10.5420 34 139 34
-8.6875 21.0000 5.4830 180 120 60
-21.9375 -23.5000 19.1100 34 139 34
19.9375 -12.5000 2.6690 34 139 34
11.3750 15.5000 12.9970 34 139 34
16.0625 -22.5000 2.5180 34 139 34
-3.1250 -8.0000 3.0430 180 120 60
22.7500 3.0000 15.3890 34 139 34
17.0000 21.5000 8.6070 34 139 34
-20.4375 -13.0000 3.3130 180 120 60
-18.6250 -18.0000 13.0600 34 139 34
6.8125 -4.5000 9.8230 34 139 34
1.6250 12.5000 5.9630 180 120 60
11.2500 12.5000 15.7900 128 128 128
-19.3125 -18.5000 16.7530 34 139 34
-9.8125 4.0000 3.0230 180 120 60
-11.3125 5.0000 2.9600 180 120 60
-8.6250 -3.0000 3.1020 180 120 60
-11.9375 20.0000 5.4770 180 120 60
19.3750 25.5000 15.9430 34 139 34
-17.8750 0.0000 3.0150 180 120 60
2.6250 -19.0000 5.6130 34 139 34
-14.6875 -23.0000 6.5630 34 139 34
-11.1875 24.0000 9.2830 34 139 34
0.4375 5.0000 14.5660 34 139 34
-7.4375 0.0000 3.0440 180 120 60
-14.6250 20.5000 5.4330 180 120 60
6.1875 -23.0000 8.5900 34 139 34
20.1250 21.0000 5.5720 34 139 34
-8.0000 17.0000 5.6380 180 120 60
-21.9375 -9.0000 3.2890 180 120 60
0.5000 7.0000 9.8420 34 139 34
1.1250 21.5000 12.0430 34 139 34
-10.0000 21.0000 5.4460 180 120 60
13.7500 19.5000 10.5210 34 139 34
-6.4375 -20.5000 6.1930 220 50 50
-16.9375 -22.0000 16.4190 34 139 34
-13.0625 13.5000 5.0320 180 120 60
3.3750 -8.0000 14.4490 34 139 34
-2.7500 -24.0000 7.2410 34 139 34
13.6250 19.0000 9.9280 34 139 34
9.6250 -11.0000 10.3680 34 139 34
17.1250 24.5000 2.6890 34 139 34
18.4375 -15.0000 6.5870 34 139 34
-19.5000 20.5000 5.2790 180 120 60
7.9375 5.5000 6.2660 180 120 60
-20.3125 -20.0000 9.6130 34 139 34
22.7500 -3.0000 6.6350 255 165 0
-1.2500 -12.0000 16.3900 34 139 34
15.1250 2.5000 6.4300 255 165 0
-23.4375 22.5000 5.0800 180 120 60
-0.7500 -15.0000 16.9040 34 139 34
-6.6250 9.5000 5.4760 34 139 34
-18.4375 21.5000 5.2380 180 120 60
11.2500 -9.0000 7.9090 34 139 34
0.1250 -5.5000 8.2530 34 139 34
5.1250 -14.5000 19.7760 34 139 34
-1.5625 23.5000 11.1970 34 139 34
3.8750 -12.5000 4.0190 34 139 34
5.1250 -12.0000 15.3050 34 139 34
16.9375 2.0000 6.4590 255 165 0
-24.3125 7.0000 2.9530 180 120 60
-16.9375 18.5000 5.3590 180 120 60
11.5625 0.5000 5.7770 180 120 60
9.1250 -8.0000 8.6430 34 139 34
17.1250 -14.0000 2.3490 34 139 34
-18.9375 -8.0000 3.2640 180 120 60
3.5625 12.0000 6.0580 180 120 60
-22.2500 -2.0000 3.1720 180 120 60
-10.4375 -16.5000 3.1860 180 120 60
21.5000 15.5000 17.1050 34 139 34
-22.0625 -12.5000 3.4300 180 120 60
-21.8125 -23.0000 18.3920 34 139 34
12.6250 24.5000 9.6090 34 139 34
21.3750 -4.0000 1.3060 180 120 60
21.5625 11.0000 12.3060 34 139 34
9.0625 3.5000 6.3010 180 120 60
-20.2500 1.5000 3.0370 180 120 60
-11.8125 13.5000 5.4070 180 120 60
5.5000 -6.5000 6.9050 34 139 34
-7.5625 -17.5000 3.2940 180 120 60
23.3750 -22.0000 3.8070 34 139 34
12.2500 13.0000 10.8600 34 139 34
-22.5000 2.5000 2.9760 180 120 60
16.4375 18.5000 13.0750 34 139 34
-21.6250 -9.5000 3.3740 180 120 60
16.2500 11.0000 10.1480 34 139 34
17.5000 -17.5000 7.7460 34 139 34
-16.3125 -13.5000 3.3500 180 120 60
-2.0000 24.0000 9.4890 34 139 34
-14.6250 -9.5000 3.2290 180 120 60
2.0625 -16.0000 13.9430 34 139 34
18.8750 -17.5000 5.1270 34 139 34
-5.5000 -5.0000 3.0830 180 120 60
2.3750 -1.5000 3.2040 180 120 60
14.1250 20.5000 13.3470 34 139 34
-11.5000 23.5000 8.6070 34 139 34
2.3125 -5.5000 9.2820 34 139 34
-2.7500 8.0000 15.8740 34 139 34
23.7500 -4.0000 6.5230 255 165 0
15.3750 12.5000 9.2290 34 139 34
-19.6250 13.5000 7.7940 34 139 34
-4.1250 10.5000 5.7100 180 120 60
6.0625 -22.5000 8.6050 34 139 34
-2.1875 -4.5000 3.3020 180 120 60
1.7500 -12.5000 14.6490 34 139 34
2.3750 5.0000 15.2010 34 139 34
20.0625 22.0000 5.3990 34 139 34
-8.6875 -8.5000 3.1930 180 120 60
-6.9375 -24.0000 5.3700 220 50 50
-9.8125 -7.0000 3.1610 180 120 60
10.5000 0.0000 7.6040 34 139 34
13.0625 1.5000 6.5160 255 165 0
7.9375 -22.5000 1.0680 180 120 60
21.4375 -20.0000 2.8200 34 139 34
6.7500 -7.0000 10.6010 34 139 34
24.0000 -3.5000 6.4850 255 165 0
8.0000 -15.0000 18.6700 34 139 34
3.9375 23.0000 9.7300 34 139 34
-9.2500 24.0000 7.6490 34 139 34
-7.0625 -17.0000 3.3160 180 120 60
22.5000 24.0000 8.1160 34 139 34
19.6875 2.5000 6.4970 255 165 0
-8.6875 -20.0000 3.3830 180 120 60
9.5000 -10.0000 12.1110 34 139 34
-7.8125 -18.0000 3.3280 180 120 60
4.8125 3.5000 14.5610 34 139 34
10.3125 7.5000 6.2070 180 120 60
7.0000 15.5000 11.3220 34 139 34
24.5000 -6.0000 5.2400 180 120 60
-19.3750 17.5000 5.1860 180 120 60
19.5625 5.5000 6.5750 255 165 0
2.3750 -20.0000 6.7200 220 50 50
6.0000 -11.5000 16.0250 34 139 34
13.6875 12.5000 10.1410 34 139 34
20.1250 12.0000 5.0360 34 139 34
8.5625 -17.0000 2.1610 34 139 34
-0.7500 4.5000 16.0640 34 139 34
12.2500 23.5000 13.3930 34 139 34
-16.0625 6.5000 12.1900 34 139 34
3.9375 -20.0000 6.4510 220 50 50
18.7500 -2.0000 6.5840 255 165 0
18.3125 -13.5000 2.3560 34 139 34
8.1250 7.0000 7.0060 128 128 128
-6.4375 -20.5000 3.4160 180 120 60
-20.9375 -15.5000 6.5920 34 139 34
12.6250 15.5000 12.6060 34 139 34
23.2500 16.5000 13.6970 34 139 34
-14.6250 2.5000 2.9760 180 120 60
9.4375 -13.0000 9.8900 34 139 34
-8.8750 14.0000 5.7040 180 120 60
-6.3750 -15.0000 14.0490 34 139 34
11.3125 11.5000 8.7550 34 139 34
22.5625 -11.5000 2.4180 34 139 34
23.7500 -9.5000 2.7030 180 120 60
6.2500 12.5000 6.1230 180 120 60
-9.9375 17.5000 5.5980 180 120 60
-15.0625 -22.0000 6.6350 34 139 34
15.7500 12.5000 9.5340 34 139 34
10.9375 7.5000 6.3190 180 120 60
17.4375 -19.0000 4.4980 34 139 34
9.0000 -18.0000 11.0480 34 139 34
-4.3750 6.0000 18.4140 34 139 34
15.8125 3.0000 6.3790 255 165 0
19.1875 -16.0000 6.9750 34 139 34
19.1875 24.0000 9.3960 34 139 34
8.4375 -19.0000 20.4390 34 139 34
-18.5625 2.0000 2.9890 180 120 60
4.3750 -3.5000 11.9090 34 139 34
10.1875 -6.5000 6.7950 34 139 34
-11.8750 -1.5000 3.0840 180 120 60
14.6875 -23.0000 4.7910 34 139 34
15.9375 7.5000 6.4800 255 165 0
25.2500 21.5000 5.0580 34 139 34
-12.8125 -21.5000 3.4280 180 120 60
3.5000 -12.0000 13.9640 34 139 34
5.5000 -21.5000 21.9890 34 139 34
-1.8750 -18.5000 15.0160 34 139 34
-13.8750 25.0000 5.4570 180 120 60
22.5000 17.5000 16.3300 34 139 34
-3.0000 13.0000 5.9080 180 120 60
24.9375 -14.5000 2.4400 180 120 60
21.6250 7.5000 8.7670 34 139 34
2.1875 -14.5000 14.2750 34 139 34
3.3750 16.0000 11.5760 34 139 34
-1.7500 -18.5000 15.0600 34 139 34
-10.1875 5.0000 3.2750 34 139 34
18.7500 15.5000 16.4540 34 139 34
-19.6875 -23.5000 16.3320 34 139 34
-22.1875 -23.0000 18.4880 34 139 34
23.6875 -10.5000 2.7830 180 120 60
-18.5625 18.0000 5.1210 180 120 60
-1.2500 13.0000 5.9540 180 120 60
-20.2500 -10.0000 3.3710 180 120 60
-17.7500 8.0000 8.3690 34 139 34
3.9375 22.0000 10.6250 34 139 34
24.3750 6.0000 15.8280 34 139 34
1.8750 -21.5000 6.8080 220 50 50
22.0625 0.0000 6.5250 255 165 0
-18.0000 -22.5000 9.8040 34 139 34
-1.0625 -23.5000 3.9100 180 120 60
-17.2500 -1.0000 3.0870 180 120 60
3.5000 3.5000 16.4080 34 139 34
-2.7500 -21.5000 3.8390 180 120 60
-18.3750 -18.0000 5.1990 34 139 34
-11.5000 -6.5000 3.1660 180 120 60
5.3750 11.0000 6.0700 180 120 60
12.1875 6.5000 6.3490 180 120 60
-14.0000 8.0000 8.8500 34 139 34
16.6250 21.5000 15.9240 34 139 34
-10.5625 21.5000 5.3050 180 120 60
-1.2500 -4.5000 3.5110 34 139 34
-16.1875 22.0000 5.2920 180 120 60
-6.5625 15.5000 5.7360 180 120 60
19.9375 25.5000 17.2800 34 139 34
15.5000 10.0000 7.4330 34 139 34
5.7500 1.5000 12.5820 34 139 34
-13.1875 0.0000 3.0110 180 120 60
21.7500 -10.5000 2.3580 34 139 34
6.6250 -13.5000 17.5590 34 139 34
-0.5000 24.5000 9.5640 34 139 34
0.8750 -17.0000 15.5470 34 139 34
-10.5625 -4.0000 3.1390 180 120 60
5.0000 14.5000 8.1860 34 139 34
-19.2500 13.0000 5.0220 34 139 34
-8.5000 -15.5000 3.1670 180 120 60
-19.8750 -16.0000 3.4520 180 120 60
-5.7500 -7.5000 3.0610 180 120 60
-7.1875 22.0000 5.3410 180 120 60
-0.5625 7.5000 5.5100 180 120 60
2.0625 -9.0000 5.1100 34 139 34
24.8750 23.0000 5.5840 34 139 34
23.2500 13.5000 0.3330 30 144 255
23.6875 -1.0000 6.5560 255 165 0
-11.1250 -14.0000 3.2210 180 120 60
3.1250 -23.5000 7.4250 34 139 34
-7.8125 -14.0000 3.1390 180 120 60
12.0625 -14.0000 4.8840 34 139 34
-1.8750 -24.5000 6.2380 220 50 50
0.1250 20.5000 9.8930 34 139 34
22.1875 8.5000 16.2890 34 139 34
21.3750 23.0000 5.2460 34 139 34
15.8750 -19.0000 7.6330 34 139 34
20.3125 -21.5000 3.3230 34 139 34
-16.4375 -16.5000 3.4600 180 120 60
21.7500 0.5000 6.5810 255 165 0
2.0625 -7.5000 8.8410 34 139 34
-19.0625 -3.0000 3.1500 180 120 60
-5.0000 19.0000 9.9470 34 139 34
10.7500 7.0000 6.3410 180 120 60
-7.6250 -12.0000 3.1810 180 120 60
-17.6875 11.5000 6.2170 34 139 34
-14.3125 7.0000 2.9050 180 120 60
-4.8125 1.0000 3.5450 34 139 34
18.5000 7.5000 6.4940 255 165 0
-10.2500 -21.5000 3.4200 180 120 60
-4.2500 -21.5000 3.4150 180 120 60
-8.1250 25.0000 7.2730 34 139 34
15.0000 21.5000 15.8740 34 139 34
-24.6250 22.0000 5.2140 180 120 60
7.9375 -12.0000 10.5130 34 139 34
24.2500 -2.0000 6.5200 255 165 0
-11.7500 -21.5000 3.4770 180 120 60
-20.3125 -17.0000 10.7460 34 139 34
-17.3125 12.5000 6.7170 34 139 34
5.5000 -20.0000 21.4250 34 139 34
-2.0000 12.5000 5.9450 180 120 60
-16.5625 17.5000 5.2500 180 120 60
-11.5000 -4.0000 3.1190 180 120 60
-5.8125 3.5000 12.4150 34 139 34
-3.8125 16.0000 7.0080 128 128 128
-4.7500 -23.5000 7.1260 34 139 34
-10.8125 -9.5000 3.2310 180 120 60
-22.6875 -16.0000 13.2730 34 139 34
23.1875 -20.0000 3.2870 180 120 60
25.0625 1.0000 13.1410 34 139 34
7.2500 -21.0000 21.9280 34 139 34
-18.4375 -1.5000 3.0880 180 120 60
-23.6250 10.0000 2.9250 180 120 60
-20.2500 -1.0000 3.1130 180 120 60
8.4375 -6.0000 8.8400 34 139 34
-5.3750 -21.5000 4.6420 34 139 34
0.6250 23.0000 9.8760 34 139 34
15.6875 0.5000 6.5040 255 165 0
-8.6875 17.0000 5.6490 180 120 60
-2.1875 -20.0000 15.4870 34 139 34
-22.6875 -2.5000 3.1080 180 120 60
18.4375 8.0000 7.4780 128 128 128
12.4375 23.5000 5.2330 34 139 34
1.5000 15.0000 9.5280 34 139 34
-7.6875 9.5000 6.8820 34 139 34
7.6250 -18.5000 22.2790 34 139 34
-16.6875 -20.0000 3.3700 180 120 60
-19.8125 -19.0000 19.7510 34 139 34
-15.1250 -11.0000 3.3110 180 120 60
-16.6250 -21.5000 6.5620 34 139 34
-5.5000 16.5000 6.4630 128 128 128
4.9375 19.5000 10.8850 34 139 34
-0.0625 -15.5000 14.7320 34 139 34
8.5625 -8.5000 13.5760 34 139 34
5.4375 19.5000 11.3790 34 139 34
0.0000 -11.0000 17.2160 34 139 34
-9.9375 0.0000 3.0650 180 120 60
2.1250 12.0000 5.9720 180 120 60
10.8125 3.0000 6.3230 180 120 60
-17.8125 -6.0000 3.1440 180 120 60
22.6250 14.0000 12.2160 34 139 34
9.5000 -1.0000 10.6690 34 139 34
-24.0000 11.5000 3.0940 180 120 60
24.1875 16.0000 9.7090 34 139 34
22.2500 4.5000 15.8400 34 139 34
19.5000 20.0000 5.1750 34 139 34
-3.8125 25.0000 4.5760 180 120 60
7.5625 -6.0000 12.9700 34 139 34
-1.4375 -11.0000 16.0490 34 139 34
10.0625 19.0000 3.6540 180 120 60
0.1250 -24.0000 7.0880 220 50 50
22.6250 -11.0000 1.9610 180 120 60
6.0000 4.0000 5.5710 180 120 60
20.8750 13.0000 13.7560 34 139 34
-10.6250 13.5000 5.4320 180 120 60
-23.6875 14.5000 6.5790 34 139 34
-3.2500 21.5000 11.1800 34 139 34
9.2500 -18.5000 6.6910 34 139 34
-12.1250 12.0000 13.2080 34 139 34
4.3125 -2.0000 12.8610 34 139 34
-15.5000 -14.0000 3.3600 180 120 60
-21.1250 -15.0000 3.4120 180 120 60
-14.4375 4.0000 3.0150 180 120 60
-15.0000 13.0000 10.7730 34 139 34
5.0000 11.5000 6.0740 180 120 60
15.6875 8.5000 7.2480 34 139 34
2.7500 -21.0000 6.6440 220 50 50
19.8750 13.5000 12.7240 34 139 34
-4.1250 23.0000 10.6560 34 139 34
2.7500 -18.5000 5.5080 34 139 34
-9.4375 12.5000 8.0580 34 139 34
-22.1875 -5.5000 3.3070 180 120 60
20.3750 12.5000 11.2770 34 139 34
0.1875 -19.0000 13.9860 34 139 34
11.0000 -5.5000 0.9510 180 120 60
8.1875 -20.5000 21.1250 34 139 34
15.5625 10.0000 7.5640 34 139 34
-20.5000 -19.0000 19.4960 34 139 34
7.5000 -21.5000 5.3030 34 139 34
-2.1875 -17.5000 15.0060 34 139 34
-8.5625 14.5000 5.6860 180 120 60
14.3750 19.0000 11.2670 34 139 34
8.7500 8.0000 6.1920 180 120 60
-10.1250 -20.0000 3.3030 180 120 60
-14.1875 -20.5000 5.3100 34 139 34
11.6875 -8.5000 6.9240 34 139 34
7.7500 -16.0000 20.3880 34 139 34
-15.7500 1.5000 3.0060 180 120 60
-23.1250 -22.5000 20.2900 34 139 34
-3.6875 -18.5000 15.7790 34 139 34
23.0625 -23.0000 3.6850 34 139 34
6.5625 -11.0000 12.8210 34 139 34
19.4375 19.0000 4.0660 34 139 34
-20.3750 8.0000 3.0440 180 120 60
-4.3750 18.5000 9.8070 34 139 34
-4.8125 -6.0000 3.0500 180 120 60
-13.0625 -5.0000 3.0630 180 120 60
-10.3750 10.5000 9.5860 34 139 34
6.1875 -5.5000 13.8250 34 139 34
10.1250 5.0000 7.4270 128 128 128
-3.9375 18.0000 9.8000 34 139 34
8.6875 -19.5000 7.4650 34 139 34
-2.0625 11.0000 5.8730 180 120 60
-10.1250 -10.0000 3.2420 180 120 60
-6.5000 -2.0000 3.0820 180 120 60
2.6250 -22.5000 6.8880 34 139 34
-18.5625 -23.0000 15.5680 34 139 34
-4.0625 18.5000 5.8440 180 120 60
-2.9375 22.5000 10.5210 34 139 34
-14.6250 -19.0000 3.3480 180 120 60
5.1250 9.0000 6.1520 180 120 60
-6.0625 3.5000 15.1250 34 139 34
2.1875 20.5000 10.5920 34 139 34
-6.3750 -3.5000 3.1030 180 120 60
-0.7500 4.5000 14.6070 34 139 34
11.8750 21.0000 3.5690 180 120 60
16.1875 25.5000 5.1020 34 139 34
-19.0625 1.5000 3.0340 180 120 60
-23.9375 16.5000 6.1110 220 50 50
-18.7500 17.0000 6.1690 34 139 34
-17.4375 2.5000 3.0190 180 120 60
-10.8750 7.5000 6.1250 34 139 34
14.5000 4.5000 6.3990 255 165 0
-13.1875 15.0000 5.3970 180 120 60
-18.6875 7.0000 2.9620 180 120 60
24.3750 14.5000 0.3090 30 144 255
6.9375 -19.0000 22.1210 34 139 34
-6.8125 19.5000 5.5730 180 120 60
5.5625 -4.0000 13.9940 34 139 34
-15.3750 -23.0000 5.4670 34 139 34
-16.5000 -9.5000 3.2010 180 120 60
17.9375 18.0000 12.0980 34 139 34
18.0625 3.0000 6.5010 255 165 0
22.0000 -15.0000 2.8300 34 139 34
19.5625 13.5000 12.6950 34 139 34
3.4375 -2.0000 3.2820 180 120 60
1.9375 15.5000 9.5020 34 139 34
-9.4375 -7.0000 3.1680 180 120 60
25.2500 16.5000 9.6700 34 139 34
0.5625 -4.5000 8.5610 34 139 34
7.8125 19.5000 11.0160 34 139 34
22.0000 22.0000 11.3640 34 139 34
15.5000 -16.0000 5.8340 34 139 34
11.5000 -7.5000 5.9790 34 139 34
0.2500 0.5000 16.6710 34 139 34
-11.5625 19.0000 5.4110 180 120 60
0.0625 -2.5000 3.1770 180 120 60
-21.5000 -15.0000 3.4340 180 120 60
13.8750 13.5000 12.5710 34 139 34
9.0000 19.5000 9.9450 34 139 34
-0.7500 -17.0000 15.9110 34 139 34
3.1250 -7.5000 15.0780 34 139 34
-5.8750 24.0000 7.0830 34 139 34
18.7500 17.0000 16.0570 34 139 34
10.0000 11.5000 9.9890 34 139 34
7.3125 -11.0000 14.7360 34 139 34
-5.0625 -21.5000 4.7970 34 139 34
4.6875 -10.5000 14.7320 34 139 34
10.7500 9.0000 6.2550 180 120 60
-2.7500 -6.5000 3.1220 180 120 60
24.9375 -22.0000 7.0720 34 139 34
-0.1250 -13.5000 12.0010 34 139 34
3.0000 -16.0000 17.3650 34 139 34
-3.3750 8.5000 4.8830 180 120 60
3.8750 16.5000 12.2650 34 139 34
18.8125 21.0000 9.9290 34 139 34
-13.5625 0.0000 3.0560 180 120 60
18.0000 21.0000 14.3860 34 139 34
-17.4375 -8.5000 3.2730 180 120 60
-15.4375 11.5000 6.4760 34 139 34
23.3750 -20.5000 3.3620 34 139 34
-0.5625 0.5000 15.0070 34 139 34
5.6875 -17.5000 19.5110 34 139 34
9.0625 -8.5000 12.9520 34 139 34
-18.6250 -16.0000 6.2020 34 139 34
-9.2500 17.0000 5.6400 180 120 60
4.4375 22.0000 10.2000 34 139 34
-3.5000 14.0000 5.9320 180 120 60
-9.5625 10.0000 10.0740 34 139 34
-7.3750 -21.5000 3.4290 180 120 60
-19.3750 5.0000 2.9710 180 120 60
9.0000 15.0000 10.9060 34 139 34
9.5625 -2.5000 9.8510 34 139 34
-12.7500 -16.0000 3.3740 180 120 60
9.3750 25.0000 5.1700 34 139 34
4.7500 18.0000 12.9250 34 139 34
0.8750 -0.5000 15.6140 34 139 34
5.8750 12.5000 6.0480 180 120 60
-20.8125 -16.0000 3.4580 180 120 60
5.4375 3.0000 13.5520 34 139 34
-6.1875 6.0000 13.6400 34 139 34
7.1250 2.5000 5.5310 180 120 60
11.9375 -11.5000 7.2620 34 139 34
-0.1250 16.0000 5.8240 180 120 60
-3.9375 8.5000 15.8800 34 139 34
20.8750 21.5000 7.6970 34 139 34
-18.8125 4.0000 2.9680 180 120 60
18.1875 -14.5000 6.1590 34 139 34
14.4375 18.0000 8.1310 34 139 34
-19.1250 -20.0000 16.2300 34 139 34
3.8125 -10.0000 11.2750 34 139 34
-3.3125 -11.0000 14.4470 34 139 34
10.1875 -6.5000 6.9390 34 139 34
-6.5000 -16.0000 14.0120 34 139 34
-19.8125 6.0000 2.9630 180 120 60
-10.4375 -21.5000 3.4210 180 120 60
6.8125 -2.5000 14.0920 34 139 34
-6.6250 -15.5000 13.8600 34 139 34
-22.5625 12.0000 3.0550 180 120 60
-11.9375 24.5000 7.6970 34 139 34
20.7500 25.0000 12.6200 34 139 34
-16.3125 -18.0000 3.5130 180 120 60
22.8750 9.5000 14.7230 34 139 34
22.3125 -21.0000 2.7790 180 120 60
6.3125 -9.0000 16.7630 34 139 34
11.6875 -1.5000 1.1290 180 120 60
6.2500 14.0000 10.6470 34 139 34
-4.3125 25.5000 4.8580 180 120 60
-4.8750 5.0000 15.4310 34 139 34
-18.0625 16.5000 5.5500 34 139 34
-1.6250 -14.0000 17.3690 34 139 34
5.8125 2.5000 12.4380 34 139 34
-11.1875 7.5000 5.9650 34 139 34
-20.1875 -7.0000 3.2500 180 120 60
24.6875 17.5000 9.5930 34 139 34
-20.0625 24.0000 5.2760 180 120 60
-17.3750 -17.0000 12.9310 34 139 34
-7.2500 -2.0000 3.0230 180 120 60
-17.1875 -2.0000 3.0010 180 120 60
-20.5625 7.5000 2.9410 180 120 60
-12.5625 3.5000 2.9820 180 120 60
23.0625 -14.0000 3.1250 34 139 34
-0.5625 4.0000 15.7120 34 139 34
4.7500 8.5000 6.1250 180 120 60
0.5000 7.5000 9.5380 34 139 34
6.6250 -12.0000 7.1920 34 139 34
25.0625 -19.5000 3.2950 34 139 34
-21.5625 -16.5000 13.0360 34 139 34
-20.6250 16.0000 7.9990 34 139 34
-0.3750 2.0000 16.6150 34 139 34
2.0625 7.0000 5.8170 180 120 60
21.2500 -9.0000 1.7950 180 120 60
18.5000 -19.0000 2.3720 180 120 60
-10.4375 -23.0000 3.5580 180 120 60
9.1875 -11.0000 7.3440 34 139 34
-20.8125 15.5000 7.3850 34 139 34
19.9375 24.0000 9.0900 34 139 34
21.4375 -3.0000 6.6420 255 165 0
-3.8750 -20.5000 11.7350 34 139 34
-20.1875 -9.0000 3.3340 180 120 60
11.0625 10.5000 6.4150 180 120 60
-16.2500 4.0000 2.9790 180 120 60
-19.8125 -18.0000 13.3070 34 139 34
8.8750 -10.5000 7.9760 34 139 34
23.4375 -21.0000 2.9950 180 120 60
7.3750 -20.0000 15.7730 34 139 34
4.0625 -13.5000 5.7190 34 139 34
-24.4375 25.0000 5.2100 180 120 60
9.6875 -15.0000 8.7810 34 139 34
-8.7500 12.5000 5.9150 34 139 34
16.0000 1.0000 6.4480 255 165 0
-4.5625 18.0000 5.6100 180 120 60
-15.9375 -8.5000 3.2350 180 120 60
11.1250 19.5000 3.6090 180 120 60
6.1875 -11.0000 12.9470 34 139 34
-0.2500 -6.0000 7.7660 34 139 34
-13.9375 13.5000 9.0210 34 139 34
7.0625 2.0000 5.3440 34 139 34
22.8750 22.5000 10.8750 34 139 34
18.5000 -16.5000 1.7050 180 120 60
-3.4375 -14.5000 17.1910 34 139 34
1.8125 13.5000 5.9260 180 120 60
-2.9375 18.0000 10.0160 34 139 34
-8.8750 9.0000 7.2380 34 139 34
-20.1250 -18.5000 19.7530 34 139 34
21.8750 -11.5000 2.4130 180 120 60
4.1875 -9.0000 8.2210 34 139 34
-11.1875 24.5000 9.0100 34 139 34
3.4375 23.5000 3.7530 180 120 60
20.2500 22.0000 7.7080 34 139 34
-21.8125 22.0000 5.1290 180 120 60
-18.5625 -23.0000 14.7160 34 139 34
23.6250 3.0000 20.2900 34 139 34
-1.8750 -2.0000 6.2530 34 139 34
9.0000 -3.0000 12.5990 34 139 34
23.3750 4.5000 19.0370 34 139 34
-19.8750 15.5000 7.4730 34 139 34
3.5000 15.5000 10.7350 34 139 34
-7.8125 -22.5000 3.4270 180 120 60
17.5625 -20.5000 2.4400 34 139 34
15.6250 24.5000 7.2790 34 139 34
17.8750 -19.5000 2.2300 34 139 34
3.1250 -2.0000 3.2130 180 120 60
-7.1875 7.5000 7.5320 34 139 34
10.5000 -2.5000 2.4720 34 139 34
3.5000 -17.5000 8.9000 34 139 34
19.2500 11.5000 9.9290 34 139 34
11.1250 18.5000 8.0500 34 139 34
-2.0000 11.0000 5.9460 180 120 60
-13.0625 -22.0000 5.4370 34 139 34
17.5000 5.0000 6.4450 255 165 0
-6.1875 -16.5000 14.5340 34 139 34
1.4375 -0.5000 17.2470 34 139 34
20.5625 19.5000 14.9490 34 139 34
14.5000 19.5000 16.3180 34 139 34
19.7500 -0.5000 6.4560 255 165 0
11.0625 3.5000 6.2540 180 120 60
-7.7500 9.0000 5.1180 34 139 34
21.1250 14.0000 13.6900 34 139 34
20.9375 6.5000 13.7010 34 139 34
22.6250 -7.5000 2.8310 34 139 34
9.1250 18.5000 10.6590 34 139 34
-22.0000 19.0000 6.4640 34 139 34
9.9375 -9.5000 0.8510 180 120 60
-24.4375 -21.5000 17.7060 34 139 34
8.4375 6.0000 7.2660 128 128 128
13.0625 24.5000 16.8630 34 139 34
19.0000 -18.0000 5.2270 34 139 34
7.2500 -17.0000 19.1800 34 139 34
-11.0000 12.0000 6.8460 34 139 34
-1.5625 -22.0000 4.0020 180 120 60
-2.1250 5.0000 18.0760 34 139 34
21.8125 -3.0000 6.6520 255 165 0
-17.1875 -20.5000 15.7840 34 139 34
-11.9375 -22.0000 3.6440 180 120 60
-9.1875 -16.0000 3.1680 180 120 60
-6.8750 -20.0000 3.4020 180 120 60
-0.8125 21.0000 12.3600 34 139 34
16.3125 25.0000 7.0500 34 139 34
17.0000 11.5000 10.4950 34 139 34
8.8125 14.0000 10.9160 34 139 34
-21.7500 2.0000 3.0130 180 120 60
1.1250 -0.5000 15.9730 34 139 34
18.2500 25.0000 0.7120 180 120 60
-12.8750 1.0000 3.0240 180 120 60
15.0000 17.0000 13.3010 34 139 34
15.3750 0.0000 6.6010 255 165 0
-20.7500 2.5000 2.9940 180 120 60
3.8125 -17.0000 14.9130 34 139 34
11.0625 -3.0000 2.7410 34 139 34
-23.3750 16.0000 6.2060 220 50 50
16.6875 18.5000 14.7570 34 139 34
9.8125 -9.5000 4.1590 34 139 34
-3.0625 1.5000 17.6580 34 139 34
12.5000 13.0000 17.5410 128 128 128
15.6250 22.0000 2.7280 34 139 34
-23.9375 17.5000 5.2970 34 139 34
8.1250 21.5000 8.8370 34 139 34
-0.5625 19.5000 12.9980 34 139 34
1.3125 24.5000 3.8170 180 120 60
0.9375 -17.0000 14.0840 34 139 34
-24.5625 2.0000 2.9830 180 120 60
-22.8750 21.5000 5.1890 180 120 60
9.9375 -8.5000 8.0460 34 139 34
-16.3750 -9.0000 3.2330 180 120 60
17.7500 17.0000 16.8570 34 139 34
6.6250 -11.5000 8.1280 34 139 34
9.5000 -1.5000 6.3230 34 139 34
0.2500 4.5000 10.5210 34 139 34
-12.8125 -4.0000 3.1260 180 120 60
4.0000 3.0000 16.0580 34 139 34
-17.9375 -18.5000 14.1670 34 139 34
-15.8125 8.5000 5.0900 34 139 34
-21.6875 -12.5000 3.4200 180 120 60
17.3750 -18.5000 6.6470 34 139 34
11.1250 -4.0000 2.7970 34 139 34
-11.8750 -4.0000 3.1220 180 120 60
24.6875 -4.5000 6.6210 255 165 0
-17.1875 -22.0000 16.2210 34 139 34
25.1875 -22.5000 3.6170 34 139 34
15.8750 24.0000 14.1350 34 139 34
-17.0625 -22.5000 15.9840 34 139 34
-5.6875 -19.5000 6.4640 220 50 50
8.3750 -1.5000 13.4760 34 139 34
23.4375 6.5000 16.0280 34 139 34
16.0000 11.5000 10.1850 34 139 34
8.4375 -18.5000 2.6030 34 139 34
4.3750 23.5000 3.7300 180 120 60
6.4375 7.0000 7.8240 128 128 128
21.6875 20.0000 2.4080 34 139 34
-24.5625 23.0000 5.0880 180 120 60
11.7500 14.5000 12.6460 34 139 34
-7.9375 0.0000 3.0180 180 120 60
12.0000 -7.5000 4.4200 34 139 34
-12.4375 10.5000 14.2100 34 139 34
0.6875 16.0000 8.8990 34 139 34
1.8125 -16.0000 13.6450 34 139 34
10.0625 -12.5000 9.8110 34 139 34
-18.7500 4.5000 2.9780 180 120 60
-3.6875 20.5000 11.0760 34 139 34
-12.1250 -9.5000 3.1700 180 120 60
9.6875 -1.5000 10.0560 34 139 34
4.3750 4.5000 15.9560 34 139 34
-12.0625 -6.5000 3.1860 180 120 60
10.6875 20.5000 3.6090 180 120 60
-22.8750 -19.5000 13.7650 34 139 34
-6.0000 -14.5000 12.6040 34 139 34
5.6875 1.5000 12.3850 34 139 34
-19.9375 7.5000 2.9150 180 120 60
0.1250 -7.5000 3.3780 180 120 60
-0.5000 -9.5000 15.9490 34 139 34
12.8125 6.5000 6.3560 180 120 60
-2.4375 0.5000 7.3660 34 139 34
-2.0625 -12.0000 17.4910 34 139 34
-4.1875 -15.0000 15.8950 34 139 34
-22.3750 5.0000 2.9910 180 120 60
8.3125 7.5000 6.2330 180 120 60
25.0625 -21.5000 3.3810 34 139 34
-1.8125 20.0000 11.8460 34 139 34
-14.3750 -2.0000 3.1040 180 120 60
-19.3750 -15.5000 3.4480 180 120 60
-5.3750 8.5000 4.9940 180 120 60
14.0000 17.5000 8.9260 34 139 34
-15.9375 -22.0000 6.5310 34 139 34
0.6250 -18.5000 15.7720 34 139 34
9.5625 25.5000 9.7700 34 139 34
15.7500 0.5000 6.5580 255 165 0
-17.8750 -24.0000 12.8970 34 139 34
11.0625 11.0000 6.3930 180 120 60
-14.0000 8.0000 6.7480 34 139 34
-8.8750 -1.5000 3.0040 180 120 60
13.9375 15.0000 11.9680 34 139 34
-13.1250 -18.0000 3.2060 180 120 60
-9.6250 14.5000 5.6810 180 120 60
4.6875 25.0000 3.8070 34 139 34
-16.1250 24.5000 5.3360 180 120 60
-23.2500 24.0000 5.1500 180 120 60
7.6875 -20.5000 22.1090 34 139 34
-3.6250 13.0000 5.8890 180 120 60
9.8750 -9.0000 11.8620 34 139 34
9.6250 -1.0000 12.7100 34 139 34
-18.3750 -19.5000 14.1980 34 139 34
-22.8750 -14.0000 3.4030 180 120 60
-15.8125 21.0000 5.3240 180 120 60
-2.4375 -2.5000 4.8290 34 139 34
-21.8750 0.5000 3.0530 180 120 60
7.6250 -21.0000 21.9690 34 139 34
18.0625 25.5000 17.2410 34 139 34
17.3125 2.5000 6.4800 255 165 0
-18.1250 -19.0000 14.3130 34 139 34
0.5000 -11.5000 17.0170 34 139 34
23.5625 -21.5000 3.5040 34 139 34
9.1875 1.0000 12.5720 34 139 34
-22.2500 19.5000 6.5040 34 139 34
-23.8750 -13.5000 3.3190 180 120 60
-3.3750 -5.5000 3.0160 180 120 60
-15.5000 -2.0000 3.0390 180 120 60
-3.5625 3.5000 17.8520 34 139 34
19.1875 6.5000 6.5340 255 165 0
-16.9375 22.0000 5.3650 180 120 60
23.1875 16.0000 0.2540 30 144 255
-4.3125 18.5000 5.7410 180 120 60
8.6875 -12.5000 15.0220 34 139 34
-3.8750 -21.0000 3.4230 180 120 60
6.5625 -11.0000 12.8640 34 139 34
3.7500 6.0000 12.8690 34 139 34
1.3125 1.5000 17.5800 34 139 34
6.6250 -15.5000 20.7800 34 139 34
19.9375 16.5000 17.1430 34 139 34
0.5000 2.0000 18.0970 34 139 34
-11.8750 23.0000 5.4950 180 120 60
20.9375 15.5000 0.3500 34 139 34
16.6875 -23.5000 1.6610 180 120 60
-0.6250 -12.5000 12.5270 34 139 34
-4.0000 -22.5000 3.4870 180 120 60
-9.0000 20.5000 5.4200 180 120 60
-17.3750 23.0000 5.3250 180 120 60
-23.0625 6.0000 2.9050 180 120 60
-4.9375 8.5000 5.7660 34 139 34
-0.1250 18.5000 9.6500 34 139 34
19.5000 -6.5000 0.8140 30 144 255
-6.5625 -8.5000 3.1550 180 120 60
-19.5000 -5.5000 3.2170 180 120 60
21.3750 23.5000 8.7860 34 139 34
-8.3750 -24.0000 3.5490 180 120 60
3.9375 -6.5000 8.2610 34 139 34
-6.7500 -21.0000 3.4210 180 120 60
-17.3750 -21.5000 16.4430 34 139 34
20.1875 -13.0000 2.6850 34 139 34
-14.9375 4.0000 2.8730 180 120 60
-15.3125 3.0000 2.9210 180 120 60
-17.2500 -3.0000 3.1270 180 120 60
-22.3750 -16.0000 13.4060 34 139 34
-24.5625 -20.5000 13.8530 34 139 34
14.1250 24.0000 14.0090 34 139 34
5.1875 -0.5000 12.6990 34 139 34
8.5625 22.0000 3.6600 180 120 60
21.3750 -21.0000 2.9680 180 120 60
-18.0625 -14.0000 3.3920 180 120 60
7.0625 8.5000 6.1880 180 120 60
11.4375 6.0000 6.3150 180 120 60
12.7500 9.5000 6.4650 180 120 60
5.0625 -8.5000 17.5700 34 139 34
-3.6250 -21.0000 3.4380 180 120 60
-15.0000 0.5000 3.0570 180 120 60
-24.0000 7.5000 3.0110 180 120 60
-18.7500 -24.5000 16.3260 34 139 34
11.0625 -13.5000 8.6250 34 139 34
1.5625 15.5000 9.3260 34 139 34
-20.2500 20.5000 5.2130 180 120 60
2.5000 17.5000 11.6370 34 139 34
-4.2500 3.0000 18.1120 34 139 34
-23.3750 -20.0000 6.3330 34 139 34
-18.1250 18.5000 5.2700 180 120 60
-16.1250 -1.5000 3.0880 180 120 60
13.2500 -24.5000 6.3140 34 139 34
24.0625 22.0000 7.2060 34 139 34
-3.5625 0.5000 15.0050 34 139 34
0.5625 -12.5000 13.6490 34 139 34
-16.5000 14.0000 6.0460 34 139 34
18.0000 -1.5000 6.5860 255 165 0
-20.3750 25.5000 5.1370 180 120 60
-5.3750 -7.5000 3.1220 180 120 60
-15.5625 16.0000 5.3450 180 120 60
-6.7500 -0.5000 3.0330 180 120 60
-3.5000 2.0000 17.7090 34 139 34
9.1875 -7.5000 8.5570 34 139 34
22.3125 4.5000 17.7500 34 139 34
-7.8750 -17.5000 3.2830 180 120 60
13.7500 -1.5000 0.9130 30 144 255
-4.0000 5.0000 18.6790 34 139 34
-3.8125 -6.5000 3.0800 180 120 60
-16.2500 5.5000 2.9630 180 120 60
-9.8750 -11.0000 3.2160 180 120 60
17.1250 16.5000 4.5770 34 139 34
-17.1250 20.0000 5.2580 180 120 60
-9.9375 11.5000 6.7060 34 139 34
-6.5000 -12.5000 8.4240 34 139 34
18.3125 23.0000 8.5410 34 139 34
-22.4375 -11.5000 3.3960 180 120 60
3.9375 13.0000 5.8930 180 120 60
12.6250 24.5000 13.7920 34 139 34
-22.8125 22.5000 5.1840 180 120 60
-16.9375 12.5000 6.5650 34 139 34
8.2500 -4.0000 10.3570 34 139 34
7.0625 -15.5000 19.3530 34 139 34
10.1250 -10.0000 12.0870 34 139 34
0.1250 -3.0000 3.1460 180 120 60
-4.3750 -18.5000 14.4460 34 139 34
-24.5625 4.5000 3.0220 180 120 60
-23.0000 1.0000 3.0840 180 120 60
1.2500 16.5000 9.2790 34 139 34
8.3750 -7.0000 14.8300 34 139 34
-20.1250 -24.5000 18.7910 34 139 34
10.0625 -6.0000 6.1000 34 139 34
9.5000 12.0000 8.2020 34 139 34
1.6875 22.5000 9.6410 34 139 34
-19.1250 -21.5000 4.7470 34 139 34
24.6250 18.0000 9.6170 34 139 34
17.1875 13.0000 7.6430 34 139 34
23.6875 0.5000 6.4800 255 165 0
-18.8125 -20.5000 3.3260 180 120 60
-12.6875 22.0000 5.3580 180 120 60
-18.9375 -22.0000 19.5730 34 139 34
13.6250 -22.5000 6.1110 34 139 34
18.2500 -0.5000 6.5750 255 165 0
3.0000 -17.0000 16.6140 34 139 34
-22.6250 -21.0000 18.9880 34 139 34
-23.3750 -18.0000 6.0220 34 139 34
9.3750 -4.0000 11.9380 34 139 34
-21.5000 -5.5000 3.2450 180 120 60
-23.1875 16.5000 6.6360 34 139 34
-21.7500 -17.5000 12.7590 34 139 34
15.4375 10.0000 8.7820 34 139 34
-0.7500 15.0000 5.8410 180 120 60
-11.3750 13.5000 5.4360 180 120 60
-16.0000 9.5000 7.4330 34 139 34
4.6250 -15.0000 16.6400 34 139 34
-6.6250 -4.5000 4.4300 128 128 128
-17.6875 0.0000 3.0350 180 120 60
-4.2500 2.0000 17.3410 34 139 34
6.1875 -13.0000 17.1400 34 139 34
25.0000 -1.0000 6.5960 255 165 0
19.4375 -18.5000 5.7600 34 139 34
2.0625 -9.0000 5.0110 34 139 34
-19.6250 -1.0000 3.0860 180 120 60
-5.8125 -4.5000 3.2070 180 120 60
14.2500 13.0000 12.4500 34 139 34
-20.8125 -21.5000 19.7850 34 139 34
-0.4375 8.5000 9.8560 34 139 34
-7.6875 5.5000 6.4340 34 139 34
21.0000 -22.0000 3.1260 34 139 34
5.6250 -19.0000 22.3700 34 139 34
10.5625 24.0000 3.6430 180 120 60
7.4375 -19.0000 22.4570 34 139 34
19.5625 20.5000 3.5890 34 139 34
-6.6875 23.5000 7.3210 34 139 34
7.7500 4.5000 6.2370 180 120 60
-14.9375 16.0000 5.3960 180 120 60
-14.6250 23.5000 5.3550 180 120 60
-8.8750 9.5000 7.1680 34 139 34
-12.8750 -22.0000 5.4250 34 139 34
6.6250 -20.5000 22.0670 34 139 34
0.9375 13.5000 5.8340 180 120 60
-20.5625 -14.0000 3.4060 180 120 60
12.8750 21.5000 6.7870 34 139 34
-13.5000 22.0000 5.3190 180 120 60
3.0625 -10.0000 15.2390 34 139 34
-9.1250 9.5000 6.7610 34 139 34
18.6875 21.0000 8.7190 34 139 34
9.6875 -4.5000 9.9710 34 139 34
14.1875 -16.5000 5.7490 34 139 34
-10.5625 -15.0000 3.2610 180 120 60
-11.5625 11.5000 9.8610 34 139 34
-12.4375 12.0000 5.2230 34 139 34
8.5000 -5.5000 6.2600 34 139 34
13.5625 12.0000 9.8780 34 139 34
24.9375 -24.5000 7.6490 34 139 34
-2.2500 -8.0000 3.0360 180 120 60
-23.0000 -23.0000 20.2680 34 139 34
8.1875 -24.0000 4.0780 34 139 34
-21.1250 12.5000 3.1360 180 120 60
-17.6250 -17.0000 3.5070 180 120 60
-1.3750 -16.0000 17.0890 34 139 34
17.3750 19.5000 15.4610 34 139 34
7.5625 -23.0000 10.1050 34 139 34
-1.1875 -13.0000 16.8620 34 139 34
5.6875 1.0000 12.7520 34 139 34
-24.1250 -9.5000 3.3370 180 120 60
0.3750 18.5000 10.0410 34 139 34
-18.5000 13.5000 7.7660 34 139 34
19.9375 18.0000 16.7140 34 139 34
11.6875 21.0000 6.3710 34 139 34
-2.8125 1.5000 17.6100 34 139 34
-13.5000 -10.5000 3.2470 180 120 60
-7.6875 7.0000 7.1420 34 139 34
-6.8750 23.0000 7.3090 34 139 34
-3.6250 -19.0000 15.9180 34 139 34
12.3125 -13.5000 4.7730 34 139 34
18.5000 20.5000 10.1650 34 139 34
-16.8750 -19.5000 13.7680 34 139 34
-19.0000 -6.0000 3.2450 180 120 60
-7.5000 -1.0000 3.0680 180 120 60
-13.3750 -7.5000 3.2250 180 120 60
-3.5000 -17.0000 14.9130 34 139 34
-8.3750 2.0000 2.9840 180 120 60
22.6875 14.0000 0.2900 30 144 255
-7.6875 17.5000 5.6260 180 120 60
13.6875 17.0000 12.4710 34 139 34
-8.3750 17.0000 5.6540 180 120 60
-4.0000 -2.5000 3.0510 180 120 60
0.1250 -3.0000 3.8680 34 139 34
2.0000 15.0000 9.4990 34 139 34
-24.6875 8.5000 2.9480 180 120 60
-2.4375 8.0000 5.5060 34 139 34
-17.2500 9.0000 2.8650 180 120 60
10.3750 0.5000 5.4420 34 139 34
4.8750 12.0000 6.0500 180 120 60
9.6250 -11.0000 10.1620 34 139 34
-8.5625 -18.0000 3.3110 180 120 60
6.8125 -7.0000 15.4310 34 139 34
-23.7500 19.5000 7.3630 34 139 34
9.8125 5.5000 7.8500 128 128 128
13.6875 -13.5000 7.7290 34 139 34
20.4375 7.5000 13.6350 34 139 34
-20.5625 7.5000 2.9400 180 120 60
-23.6250 14.5000 6.5550 34 139 34
-7.4375 10.0000 8.0060 34 139 34
13.1875 19.5000 6.7440 34 139 34
-20.5625 -3.0000 3.1970 180 120 60
-14.6250 -20.5000 5.4960 34 139 34
-7.6250 1.5000 3.0010 180 120 60
0.7500 -17.5000 15.7990 34 139 34
24.6250 16.0000 10.8240 34 139 34
3.6250 20.5000 11.5140 34 139 34
9.9375 24.5000 8.7180 34 139 34
12.2500 -13.0000 4.8580 34 139 34
13.0625 13.0000 11.2600 34 139 34
14.8750 19.5000 16.5690 34 139 34
10.0000 -8.0000 12.0440 34 139 34
-13.6875 -3.0000 3.0720 180 120 60
23.4375 -16.0000 3.1370 34 139 34
14.5625 16.0000 12.8240 34 139 34
-9.7500 13.0000 5.5430 180 120 60
-8.5625 -5.0000 3.1170 180 120 60
-6.6875 -1.0000 3.0410 180 120 60
-20.5000 -24.0000 18.8730 34 139 34
-3.1250 11.5000 5.9040 180 120 60
2.3750 15.0000 9.7580 34 139 34
4.6250 9.5000 6.1310 180 120 60
21.8750 -22.5000 3.5460 34 139 34
3.7500 -10.5000 11.5470 34 139 34
20.5625 -23.0000 3.6130 34 139 34
6.1250 -11.0000 16.2160 34 139 34
-22.9375 1.0000 3.0800 180 120 60
6.4375 -10.0000 16.5450 34 139 34
11.8125 11.0000 6.4440 180 120 60
17.5625 7.5000 6.5650 255 165 0
-22.8125 8.5000 2.9030 180 120 60
21.3125 19.0000 16.3060 34 139 34
-18.7500 6.5000 6.5540 34 139 34
-8.0000 -11.5000 3.2250 180 120 60
5.8125 -15.0000 19.8510 34 139 34
-5.3125 -5.5000 3.0560 180 120 60
6.6875 -7.0000 5.5070 34 139 34
6.6250 0.0000 13.2960 34 139 34
-21.0000 -11.0000 3.2820 180 120 60
-1.0625 16.5000 5.8920 180 120 60
7.8125 18.5000 10.8280 34 139 34
-13.5625 -11.5000 3.2990 180 120 60
17.5000 16.5000 16.7670 34 139 34
-9.4375 -8.5000 3.2120 180 120 60
14.0625 2.5000 6.3860 255 165 0
14.9375 23.5000 15.2020 34 139 34
-19.8750 -10.5000 3.2890 180 120 60
10.9375 -1.0000 12.0230 34 139 34
-11.0000 4.0000 2.9780 180 120 60
-4.7500 0.0000 3.3540 34 139 34
-23.5000 19.0000 5.9770 34 139 34
24.9375 11.0000 16.2210 34 139 34
-19.1250 -17.0000 11.4620 34 139 34
10.9375 -24.0000 5.5980 34 139 34
1.3125 -13.0000 15.5470 34 139 34
2.3125 -11.5000 14.8970 34 139 34
8.5000 0.0000 13.7660 34 139 34
-3.8750 -3.5000 2.9640 180 120 60
3.5000 -3.0000 3.1420 180 120 60
12.5625 16.5000 11.9150 34 139 34
7.3125 1.5000 11.1070 34 139 34
2.8750 24.0000 3.7010 180 120 60
-15.0000 -24.5000 3.6210 180 120 60
-4.3750 6.0000 15.5330 34 139 34
-20.0625 -17.0000 10.5850 34 139 34
19.7500 0.5000 6.5050 255 165 0
6.3125 -12.5000 16.9620 34 139 34
-3.8750 11.0000 5.8350 180 120 60
-12.0625 -19.5000 3.2870 180 120 60
6.6875 9.0000 6.1220 180 120 60
19.9375 17.5000 17.5050 34 139 34
16.2500 13.5000 11.1650 34 139 34
15.3750 19.5000 14.6230 34 139 34
18.1875 15.5000 17.0670 34 139 34
16.5625 23.5000 4.7030 34 139 34
-8.1875 -23.0000 3.5100 180 120 60
-14.1875 22.0000 5.3710 180 120 60
17.3125 -18.0000 8.3570 34 139 34
-1.6875 -21.0000 4.5460 34 139 34
-21.7500 24.5000 5.2710 180 120 60
0.4375 24.0000 9.5790 34 139 34
-6.1875 18.0000 5.5700 180 120 60
13.6250 -22.5000 5.7570 34 139 34
-22.9375 -22.5000 16.3810 34 139 34
16.6250 19.0000 15.6330 34 139 34
11.6250 -7.0000 1.3530 34 139 34
6.1875 -7.0000 15.0050 34 139 34
5.5625 -23.5000 7.5700 34 139 34
-8.3125 -6.5000 3.1000 180 120 60
20.8125 -5.0000 1.4030 34 139 34
-19.4375 -23.0000 18.4920 34 139 34
12.8750 7.0000 6.3040 180 120 60
-18.5000 5.5000 2.9660 180 120 60
21.5000 -0.5000 6.4670 255 165 0
4.6250 -1.0000 10.9620 34 139 34
-22.7500 -6.5000 3.2890 180 120 60
-2.1875 24.0000 9.5410 34 139 34
25.2500 -2.5000 6.5180 255 165 0
25.1250 25.0000 6.2340 34 139 34
-16.1875 2.0000 2.9660 180 120 60
5.0000 10.0000 6.1410 180 120 60
-11.8125 -16.5000 3.3410 180 120 60
16.3125 -19.0000 6.6790 34 139 34
-12.0000 17.0000 5.4730 180 120 60
-3.5625 17.5000 9.9550 34 139 34
1.2500 -12.0000 14.7180 34 139 34
-4.1250 0.0000 3.3620 34 139 34
17.5625 -18.0000 7.8060 34 139 34
9.9375 -10.0000 2.2960 34 139 34
7.1875 23.0000 7.1680 34 139 34
-22.5000 -19.5000 13.9640 34 139 34
-4.8750 -22.5000 3.4180 180 120 60
1.9375 0.5000 16.7030 34 139 34
-20.6250 -3.5000 3.2170 180 120 60
-20.6250 -13.5000 3.3800 180 120 60
13.8125 25.5000 16.4400 34 139 34
-15.7500 -12.5000 3.3150 180 120 60
10.0625 -6.5000 7.4960 34 139 34
13.9375 6.5000 6.3150 180 120 60
3.2500 -21.0000 6.5140 220 50 50
-22.7500 -19.5000 5.3880 34 139 34
8.8750 22.5000 3.6580 180 120 60
-15.1250 -7.0000 3.1950 180 120 60
0.0625 2.5000 16.7130 34 139 34
10.6250 -13.5000 10.5220 34 139 34
-18.5625 -23.5000 13.7640 34 139 34
16.6250 12.0000 10.9660 34 139 34
-13.8125 1.0000 3.0110 180 120 60
4.0625 -10.0000 15.0790 34 139 34
24.4375 6.0000 18.6290 34 139 34
-11.5625 21.5000 5.3220 180 120 60
8.1875 -24.0000 4.3430 34 139 34
-7.1875 15.5000 5.7320 180 120 60
-12.0000 -11.0000 3.2600 180 120 60
3.9375 -10.0000 15.3550 34 139 34
-6.9375 19.0000 5.5340 180 120 60
-20.0625 18.5000 5.1750 180 120 60
-16.6250 23.5000 5.3050 180 120 60
-4.6250 -6.0000 3.0980 180 120 60
8.2500 -19.0000 2.7690 34 139 34
2.5000 -15.0000 16.1020 34 139 34
-5.6875 -16.5000 14.9940 34 139 34
-5.8750 24.5000 4.9450 180 120 60
9.4375 -6.0000 11.6500 34 139 34
-14.8750 12.5000 10.8820 34 139 34
19.8125 16.0000 10.6220 34 139 34
-6.6250 -3.0000 3.0960 180 120 60
6.5000 -24.0000 7.4470 34 139 34
-14.0000 -4.0000 3.1230 180 120 60
-13.0000 16.5000 5.5050 180 120 60
-19.5625 8.0000 2.9050 180 120 60
24.5625 24.0000 5.7400 34 139 34
-14.6250 22.5000 5.3630 180 120 60
-4.3125 6.0000 18.3760 34 139 34
8.8750 15.5000 11.8420 34 139 34
-9.7500 10.0000 9.9960 34 139 34
5.2500 -20.0000 17.0280 34 139 34
-15.0000 2.0000 3.0160 180 120 60
17.1875 2.5000 6.4770 255 165 0
-12.8125 15.5000 5.6220 180 120 60
9.1250 0.0000 12.4300 34 139 34
18.1875 20.5000 14.2530 34 139 34
22.1250 -3.5000 7.1870 128 128 128
-24.4375 22.5000 5.1160 180 120 60
-14.0625 -23.5000 5.6340 34 139 34
-18.3750 -20.5000 8.8790 34 139 34
19.0625 -1.0000 6.5170 255 165 0
3.0625 16.0000 10.3120 34 139 34
-17.9375 2.5000 3.0270 180 120 60
-22.3750 -9.0000 3.3830 180 120 60
20.5000 -1.0000 6.5030 255 165 0
16.1875 12.0000 9.5130 34 139 34
9.6875 -9.5000 3.7130 34 139 34
-16.6875 -23.5000 10.6560 34 139 34
2.8125 -8.0000 8.6600 34 139 34
5.1875 12.0000 6.0450 180 120 60
2.6875 5.0000 15.8910 34 139 34
16.7500 -23.5000 1.5780 180 120 60
-0.1875 -14.0000 16.3670 34 139 34
4.8750 -15.5000 17.4250 34 139 34
-21.5625 -11.5000 3.3830 180 120 60
16.1875 6.0000 6.4230 255 165 0
-14.0000 1.5000 2.9730 180 120 60
-0.9375 25.0000 4.2400 180 120 60
16.9375 10.5000 7.5810 34 139 34
-21.3750 16.5000 7.7670 34 139 34
-8.1875 -22.0000 3.4090 180 120 60
-2.7500 12.0000 5.8760 180 120 60
16.5000 24.0000 12.2070 34 139 34
8.6875 -6.5000 14.8180 34 139 34
-2.8125 -20.0000 14.9230 34 139 34
-16.5000 6.0000 2.8980 180 120 60
-16.0000 -3.0000 3.1030 180 120 60
-17.1875 23.5000 5.3190 180 120 60
24.4375 -9.5000 2.8360 180 120 60
-17.7500 -24.0000 12.9330 34 139 34
23.1250 9.5000 17.9260 34 139 34
-15.8750 8.5000 9.1400 34 139 34
9.9375 -9.0000 8.5970 34 139 34
-8.6250 -9.0000 3.1950 180 120 60
19.1250 19.5000 15.6110 34 139 34
-14.3750 20.5000 5.4390 180 120 60
-6.0625 5.0000 15.1390 34 139 34
19.2500 -19.5000 2.7180 34 139 34
-6.5000 -7.5000 3.1080 180 120 60
7.1875 19.5000 11.1820 34 139 34
20.9375 -14.5000 2.8480 34 139 34
9.5625 -11.0000 10.4900 34 139 34
20.0000 -10.0000 2.5950 34 139 34
-13.3750 -12.5000 3.3140 180 120 60
20.7500 23.0000 8.3100 34 139 34
-8.1875 -9.0000 3.1710 180 120 60
-17.2500 19.0000 5.2860 180 120 60
24.9375 15.5000 9.3230 34 139 34
-20.3750 10.5000 2.9540 180 120 60
-24.0000 22.5000 5.0440 180 120 60
-22.6250 3.5000 3.0260 180 120 60
4.3750 -0.5000 14.5420 34 139 34
9.2500 -16.0000 9.2420 34 139 34
7.4375 -12.5000 15.0950 34 139 34
-1.1875 7.0000 5.9940 34 139 34
-19.0000 21.5000 5.2770 180 120 60
-6.7500 -22.5000 3.3710 180 120 60
-12.0625 9.0000 6.2580 34 139 34
-20.1250 2.5000 2.9830 180 120 60
0.2500 -21.5000 7.1350 220 50 50
-7.5000 17.0000 5.6100 180 120 60
-17.0000 -22.0000 16.1590 34 139 34
23.2500 -13.5000 3.0940 34 139 34
4.5625 -15.5000 17.2340 34 139 34
-9.6875 22.5000 5.4750 180 120 60
-19.4375 8.5000 2.9310 180 120 60
-12.0000 22.5000 5.4990 180 120 60
-5.0000 4.5000 16.2970 34 139 34
13.6250 -16.0000 6.4940 34 139 34
1.0625 14.0000 5.8880 180 120 60
24.2500 -18.5000 3.4570 180 120 60
13.0625 -23.0000 5.0250 34 139 34
8.0625 2.0000 10.7420 34 139 34
11.4375 14.5000 12.4970 34 139 34
10.1250 -4.5000 9.6030 34 139 34
-17.0000 -22.5000 3.5010 180 120 60
-11.1875 11.0000 10.1390 34 139 34
7.8125 -9.0000 7.8160 34 139 34
-6.9375 -1.0000 3.0530 180 120 60
-4.1875 -12.5000 13.9140 34 139 34
-16.8750 9.0000 10.1740 34 139 34
6.0000 -1.5000 12.4180 34 139 34
-12.8750 -16.5000 3.3970 180 120 60
9.6875 1.0000 7.5690 34 139 34
-7.6875 18.5000 5.5520 180 120 60
2.0000 -16.5000 13.4990 34 139 34
-11.1250 -22.5000 3.4770 180 120 60
-22.5000 -10.0000 3.3510 180 120 60
4.7500 3.5000 16.1700 34 139 34
1.0000 -11.5000 15.6720 34 139 34
-12.6250 10.5000 14.0710 34 139 34
4.5625 -18.0000 18.4710 34 139 34
-11.3125 -10.5000 3.2520 180 120 60
-18.8750 -24.0000 13.7110 34 139 34
2.3125 14.5000 5.9390 180 120 60
-9.5625 -3.0000 3.1340 180 120 60
-20.1250 -11.5000 3.3330 180 120 60
7.1250 25.5000 5.9170 34 139 34
3.5000 10.0000 6.0360 180 120 60
-16.7500 -7.5000 3.2370 180 120 60
-7.3750 -15.5000 3.1800 180 120 60
-20.1250 -23.0000 19.7500 34 139 34
-21.8125 6.5000 2.9160 180 120 60
2.4375 -1.5000 6.0950 34 139 34
7.1875 8.0000 7.7750 128 128 128
-22.5000 -16.5000 12.8190 34 139 34
-23.1875 20.0000 5.4190 34 139 34
9.8750 12.0000 17.5750 128 128 128
-18.6250 -9.5000 3.2780 180 120 60
5.5000 -18.0000 21.1160 34 139 34
2.9375 18.5000 11.7470 34 139 34
8.8125 1.5000 6.7540 34 139 34
22.5625 -4.0000 2.3960 180 120 60
8.3750 -12.0000 10.2370 34 139 34
19.1250 22.0000 12.0630 34 139 34
2.1250 -22.5000 6.6520 220 50 50
13.5625 15.5000 13.1250 34 139 34
-21.5000 19.0000 6.6980 34 139 34
-7.3750 -17.0000 3.3090 180 120 60
21.7500 3.0000 6.4850 255 165 0
-2.1250 22.0000 11.2800 34 139 34
9.1250 -14.5000 15.7370 34 139 34
5.3125 23.5000 7.4460 34 139 34
-17.9375 -7.5000 3.2430 180 120 60
22.0000 4.0000 17.0970 34 139 34
-7.5625 23.5000 5.1610 180 120 60
-8.5625 11.5000 8.8330 34 139 34
19.3125 23.0000 7.7010 34 139 34
-22.5625 12.5000 3.0290 180 120 60
1.3750 -8.5000 4.9610 34 139 34
-2.3125 -24.0000 6.2040 34 139 34
23.5625 17.5000 9.6660 34 139 34
22.0625 14.5000 13.9190 34 139 34
7.3125 12.0000 9.9910 34 139 34
4.8125 -9.5000 14.3330 34 139 34
8.3125 -6.5000 15.3980 34 139 34
-0.0625 -9.0000 14.7980 34 139 34
-14.5625 -3.5000 3.1040 180 120 60
-23.2500 18.0000 5.9330 34 139 34
6.1250 3.5000 13.3600 34 139 34
-8.5000 14.0000 5.6240 180 120 60
8.3125 20.5000 10.3860 34 139 34
4.9375 -4.5000 13.8590 34 139 34
-3.3125 6.5000 17.4850 34 139 34
9.0625 3.5000 6.2550 180 120 60
12.0625 24.5000 15.4900 34 139 34
-8.5000 9.5000 7.3790 34 139 34
7.3750 -16.5000 20.5330 34 139 34
-8.5625 -22.0000 3.4470 180 120 60
12.0625 18.5000 11.6920 34 139 34
-16.9375 -19.5000 3.3150 180 120 60
-4.6875 22.0000 10.5540 34 139 34
-2.3125 11.0000 5.8580 180 120 60
-6.2500 12.0000 5.7410 180 120 60
10.3750 0.0000 7.8140 34 139 34
2.0625 12.5000 6.0190 180 120 60
-19.8750 -18.5000 19.5930 34 139 34
-18.2500 5.5000 5.8130 34 139 34
-6.1875 -23.5000 5.5310 220 50 50
-9.8750 5.5000 4.2570 34 139 34
-12.0625 -14.5000 3.2740 180 120 60
-4.1875 -22.5000 6.0600 34 139 34
-21.0625 13.5000 5.9170 34 139 34
6.4375 -11.5000 7.5250 34 139 34
-11.5000 21.5000 5.3970 180 120 60
3.1875 14.0000 5.8820 180 120 60
-6.5000 12.5000 5.8230 180 120 60
-3.8750 8.0000 15.8080 34 139 34
24.9375 -10.0000 3.1150 180 120 60
18.2500 25.0000 6.8320 34 139 34
-24.2500 -1.5000 3.1700 180 120 60
1.6250 0.5000 12.5060 34 139 34
-0.7500 21.0000 13.2110 34 139 34
19.7500 6.5000 6.6110 255 165 0
-13.5000 13.0000 5.8130 34 139 34
10.4375 18.0000 9.7490 34 139 34
24.9375 20.0000 3.2930 34 139 34
-8.3125 -3.5000 3.0670 180 120 60
11.6250 17.0000 12.0510 34 139 34
-6.2500 8.0000 4.8060 180 120 60
-15.0625 13.5000 10.7230 34 139 34
13.6250 17.5000 12.4620 34 139 34
-1.6875 -17.0000 12.8160 34 139 34
14.4375 22.0000 15.6990 34 139 34
-15.0625 18.5000 5.4150 180 120 60
-15.6250 -10.0000 3.2790 180 120 60
7.0000 3.5000 5.6400 180 120 60
1.8125 -19.5000 5.3780 34 139 34
5.6875 -15.0000 19.9220 34 139 34
-17.0000 -20.5000 14.0800 34 139 34
10.4375 -17.0000 8.0000 34 139 34
-14.7500 -13.5000 3.3550 180 120 60
6.3750 -5.5000 5.8190 34 139 34
22.6875 9.5000 17.6770 34 139 34
-2.9375 -20.0000 15.6500 34 139 34
-16.7500 8.0000 2.8320 180 120 60
-2.1875 -17.0000 11.9140 34 139 34
-17.5000 -19.0000 3.3310 180 120 60
-10.3750 14.5000 5.6680 180 120 60
-12.5000 18.5000 5.5010 180 120 60
21.0000 -13.0000 2.7090 34 139 34
-20.7500 4.0000 3.0210 180 120 60
-8.9375 -18.0000 3.2790 180 120 60
-8.3750 -7.5000 3.1700 180 120 60
-2.6250 8.0000 15.6640 34 139 34
-19.1875 11.0000 2.9890 180 120 60
-8.5000 -16.5000 3.2200 180 120 60
1.0000 -17.5000 15.3100 34 139 34
-15.5625 -2.5000 3.0320 180 120 60
-0.2500 5.0000 15.9350 34 139 34
0.6250 -21.0000 3.9600 180 120 60
-18.3750 -8.5000 3.2680 180 120 60
-7.0000 -7.0000 3.1030 180 120 60
1.3750 -0.5000 15.2970 34 139 34
-16.8750 5.5000 8.8020 34 139 34
5.6250 -5.5000 13.9920 34 139 34
-13.0625 -23.0000 5.3080 34 139 34
24.8125 -21.0000 3.2010 34 139 34
15.4375 9.5000 7.7490 34 139 34
-23.1875 -17.0000 12.5380 34 139 34
15.6875 -21.5000 2.0960 34 139 34
-12.8750 -18.0000 3.3330 180 120 60
-23.5000 -9.0000 3.3510 180 120 60
-24.1875 14.0000 7.0810 220 50 50
6.5000 1.0000 13.7810 34 139 34
23.9375 6.0000 19.5290 34 139 34
-1.5000 13.5000 5.8920 180 120 60
-15.5625 -16.5000 3.4580 180 120 60
8.8125 -8.5000 8.6880 34 139 34
-3.2500 0.5000 14.6380 34 139 34
21.7500 -3.5000 7.5290 128 128 128
3.0625 -14.0000 14.0960 34 139 34
-5.0625 -14.5000 16.1310 34 139 34
4.0625 3.5000 16.2500 34 139 34
-12.2500 8.0000 6.2380 34 139 34
9.5625 1.5000 7.3760 34 139 34
6.3125 2.5000 5.0840 180 120 60
23.6875 -0.5000 6.5370 255 165 0
3.9375 22.0000 10.5910 34 139 34
-1.8750 22.0000 10.9390 34 139 34
-8.5625 -15.0000 3.1410 180 120 60
-0.7500 14.0000 5.8980 180 120 60
2.0000 -24.0000 6.4520 220 50 50
-22.3125 -10.5000 3.3520 180 120 60
-20.6250 14.0000 5.4760 34 139 34
12.5625 3.5000 6.3440 180 120 60
-13.6250 -2.5000 3.1180 180 120 60
0.7500 4.5000 13.2490 34 139 34
25.2500 1.5000 6.4720 255 165 0
-11.5000 8.5000 6.3130 34 139 34
24.8750 19.0000 10.7290 34 139 34
6.3125 -15.5000 20.3070 34 139 34
0.0000 -20.0000 3.9120 180 120 60
-1.5000 -23.0000 4.8660 34 139 34
1.3750 -11.5000 15.4620 34 139 34
-20.1250 25.0000 5.2630 180 120 60
-11.0625 -21.0000 3.3910 180 120 60
-22.8750 -2.0000 3.1630 180 120 60
7.5625 -22.0000 4.9700 34 139 34
1.1250 15.5000 8.9810 34 139 34
-3.2500 1.0000 14.0660 34 139 34
21.0625 0.5000 6.5330 255 165 0
9.8750 -12.5000 8.4010 34 139 34
5.4375 8.0000 6.1780 180 120 60
21.6875 20.5000 5.1270 34 139 34
11.6250 -23.5000 6.2100 34 139 34
-10.4375 -8.0000 3.0520 180 120 60
-2.6250 4.0000 19.5880 34 139 34
1.5625 -15.5000 13.3490 34 139 34
5.3750 -12.0000 15.2360 34 139 34
-14.6875 -21.0000 3.3120 180 120 60
-13.0625 2.5000 3.0490 180 120 60
-12.7500 -6.0000 3.0700 180 120 60
19.4375 13.0000 12.1590 34 139 34
20.0625 -9.5000 2.6270 34 139 34
20.8125 6.0000 14.7260 34 139 34
-10.5000 -19.0000 3.3320 180 120 60
-13.8750 -13.0000 3.3240 180 120 60
-8.6875 -4.0000 3.0730 180 120 60
-16.1250 -6.0000 3.2270 180 120 60
-21.2500 -2.0000 3.1490 180 120 60
5.0625 9.5000 6.1200 180 120 60
22.0625 -23.5000 3.4910 34 139 34
-14.4375 24.0000 5.4430 180 120 60
25.0000 7.0000 19.9360 34 139 34
-11.7500 14.5000 5.6230 180 120 60
-17.1875 22.0000 5.3650 180 120 60
-17.0625 -17.0000 3.4790 180 120 60
-2.0625 -3.0000 3.1740 180 120 60
-18.8750 -20.0000 16.0230 34 139 34
5.8125 -10.0000 7.7890 34 139 34
21.5625 20.5000 2.4310 34 139 34
-16.3750 15.0000 5.7240 34 139 34
-20.1250 21.5000 5.2600 180 120 60
9.0625 -7.5000 11.9580 34 139 34
0.6875 23.5000 10.8080 34 139 34
-13.4375 -2.0000 3.0670 180 120 60
20.5000 -4.0000 1.3660 34 139 34
6.8125 1.5000 10.8760 34 139 34
11.4375 -16.5000 7.5480 34 139 34
-21.8125 18.5000 6.1350 34 139 34
-24.4375 -15.5000 8.4460 34 139 34
-15.0625 7.0000 8.2190 34 139 34
14.5625 6.5000 6.4030 180 120 60
-6.7500 8.0000 4.6080 34 139 34
-13.1875 12.0000 4.0360 180 120 60
0.3125 4.0000 13.4290 34 139 34
-2.5625 20.0000 11.0620 34 139 34
-12.4375 13.0000 6.0470 34 139 34
6.9375 -16.0000 11.6470 34 139 34
23.0625 18.0000 9.8300 34 139 34
-7.0000 -1.0000 3.0810 180 120 60
-15.0625 5.5000 2.9330 180 120 60
24.8750 12.5000 15.9860 34 139 34
-14.3750 -19.5000 3.3360 180 120 60
-22.5625 -0.5000 3.1040 180 120 60
7.5625 -23.5000 3.5910 34 139 34
20.0625 6.0000 6.5730 255 165 0
-16.2500 -10.5000 3.2740 180 120 60
12.3125 24.0000 13.6660 34 139 34
-6.2500 11.0000 5.6120 180 120 60
-7.5625 19.5000 5.5130 180 120 60
4.6875 5.5000 5.9350 180 120 60
-1.3750 23.0000 10.8270 34 139 34
-10.6250 3.0000 2.9980 180 120 60
-15.3125 12.5000 6.4640 34 139 34
-9.6250 -6.5000 3.0730 180 120 60
8.6875 -3.0000 13.5760 34 139 34
7.0625 14.0000 11.0640 34 139 34
-1.6875 10.5000 5.9150 180 120 60
21.2500 6.5000 6.6010 255 165 0
11.7500 16.5000 11.7590 34 139 34
21.3125 16.5000 17.0150 34 139 34
-0.1875 22.5000 12.8910 34 139 34
-15.9375 16.0000 5.4980 34 139 34
1.6250 -3.5000 3.2040 180 120 60
-15.5000 13.5000 6.2060 34 139 34
-0.9375 -20.0000 12.8950 34 139 34
-22.5000 -4.5000 3.2470 180 120 60
7.0625 9.5000 6.1150 180 120 60
-20.6875 -16.5000 7.0080 34 139 34
-4.1875 -13.5000 15.8130 34 139 34
20.3750 17.5000 10.1700 34 139 34
20.4375 -20.5000 3.0800 34 139 34
-23.3125 -22.5000 20.2140 34 139 34
3.3125 24.0000 3.6770 180 120 60
-0.1250 -12.5000 3.5020 180 120 60
14.3750 -0.5000 0.8500 30 144 255
-20.1875 -18.0000 3.2870 180 120 60
17.3125 0.5000 6.4000 255 165 0
12.2500 17.5000 8.9310 34 139 34
-17.1875 14.5000 6.6770 34 139 34
20.1875 -0.5000 6.4800 255 165 0
14.1250 21.0000 13.3220 34 139 34
-3.4375 4.0000 18.2610 34 139 34
-6.6250 -14.0000 3.1370 180 120 60
-15.8125 7.5000 12.1640 34 139 34
14.3125 18.0000 10.1330 34 139 34
17.6875 10.0000 7.3870 34 139 34
1.5000 6.5000 11.2810 34 139 34
24.6250 12.0000 15.9650 34 139 34
-23.3750 -16.0000 3.4030 180 120 60
-10.2500 0.5000 3.0000 180 120 60
4.1875 7.5000 6.1370 180 120 60
-15.0000 -22.5000 6.5450 34 139 34
-23.7500 -4.0000 3.2940 180 120 60
-18.5000 8.0000 4.8320 34 139 34
-10.3750 21.0000 5.4150 180 120 60
6.3750 2.0000 4.8650 180 120 60
-17.6250 18.5000 5.3520 180 120 60
-11.1875 15.0000 5.6080 180 120 60
-3.1875 25.0000 9.5330 34 139 34
-19.8750 -16.5000 4.8570 34 139 34
1.1250 25.5000 3.8920 180 120 60
-19.3750 22.0000 5.3190 180 120 60
16.1875 10.0000 8.5420 34 139 34
10.9375 -12.5000 8.8580 34 139 34
-3.2500 18.5000 10.8150 34 139 34
16.8125 22.5000 14.3280 34 139 34
-15.2500 -7.5000 3.2580 180 120 60
-6.5000 0.5000 3.0500 180 120 60
6.1250 -7.5000 6.5260 34 139 34
-24.3125 -18.0000 6.0700 34 139 34
2.6875 0.0000 14.9670 34 139 34
-3.6875 0.5000 3.5380 34 139 34
11.8125 18.0000 11.5280 34 139 34
22.6250 20.0000 11.0100 34 139 34
-10.6875 25.5000 8.2190 34 139 34
-0.2500 -18.0000 14.7720 34 139 34
-9.9375 13.0000 7.2770 34 139 34
-12.5000 -16.5000 3.3970 180 120 60
-16.7500 2.5000 2.9810 180 120 60
-22.8125 15.0000 6.8430 34 139 34
20.8750 2.5000 6.4930 255 165 0
6.1875 23.0000 3.6330 180 120 60
23.3125 -8.0000 2.7880 34 139 34
7.6875 6.5000 6.2070 180 120 60
24.5625 -16.0000 3.3140 180 120 60
13.5625 21.5000 7.6430 34 139 34
22.0000 3.0000 13.8870 34 139 34
20.8750 -12.0000 2.6580 34 139 34
4.9375 6.5000 12.8370 34 139 34
-8.1875 -1.0000 3.0830 180 120 60
-16.8125 20.5000 5.3990 180 120 60
9.3125 -2.5000 10.2200 34 139 34
9.0000 2.0000 5.9590 180 120 60
-19.3125 -12.5000 3.3790 180 120 60
-16.3125 7.5000 11.9440 34 139 34
9.0625 10.5000 6.1810 180 120 60
15.0625 20.5000 16.1530 34 139 34
-12.3125 -7.0000 3.1150 180 120 60
-15.8125 -13.5000 3.3300 180 120 60
4.1250 -5.5000 6.5900 34 139 34
3.5625 8.0000 6.1170 180 120 60
-16.0625 17.5000 5.3730 180 120 60
-19.5625 17.0000 5.4450 34 139 34
-1.5625 11.0000 5.8870 180 120 60
24.1875 9.0000 17.2800 34 139 34
19.1250 -12.5000 2.5390 34 139 34
-9.1875 24.0000 7.6250 34 139 34
16.1250 22.5000 12.4620 34 139 34
-17.2500 2.0000 3.0060 180 120 60
-7.3125 -3.0000 3.0540 180 120 60
-0.8750 5.5000 17.3770 34 139 34
18.3125 22.5000 11.9970 34 139 34
20.9375 -18.0000 3.6860 34 139 34
16.3125 15.5000 7.7220 34 139 34
-0.1250 -8.5000 3.9300 34 139 34
-5.6250 23.5000 9.0190 34 139 34
24.1250 -23.0000 3.9800 34 139 34
-18.7500 22.0000 5.3320 180 120 60
-22.1875 -23.0000 20.3350 34 139 34
4.7500 -9.5000 14.9880 34 139 34
12.0000 -11.5000 4.7230 34 139 34
-2.6250 -21.5000 3.6640 180 120 60
24.0000 -23.0000 6.8330 34 139 34
-8.2500 15.5000 5.7220 180 120 60
7.5625 -19.5000 21.1800 34 139 34
-22.3125 3.0000 3.0080 180 120 60
-2.0625 -20.5000 3.8710 180 120 60
-1.0625 0.0000 15.2810 34 139 34
18.5625 0.5000 6.4680 255 165 0
7.8125 -23.5000 3.3620 34 139 34
2.5000 5.0000 15.2900 34 139 34
12.1875 9.0000 6.2290 180 120 60
-1.0625 14.5000 5.8750 180 120 60
8.6250 -6.5000 9.7440 34 139 34
20.9375 -5.0000 1.2860 34 139 34
25.1875 -21.0000 3.5370 34 139 34
4.3125 -11.5000 12.2690 34 139 34
3.6875 -9.0000 16.0000 34 139 34
16.9375 15.5000 17.3220 34 139 34
-7.3125 13.5000 5.6540 180 120 60
4.4375 -20.0000 21.5180 34 139 34
-17.8750 -5.5000 3.1410 180 120 60
23.2500 22.5000 6.9240 34 139 34
-4.5000 23.0000 10.2580 34 139 34
6.8750 3.5000 5.5940 180 120 60
-23.8125 -11.0000 3.3900 180 120 60
-11.2500 16.0000 5.6290 180 120 60
17.8750 21.5000 13.2850 34 139 34
-0.3125 -20.0000 14.2770 34 139 34
21.5000 -2.0000 6.4890 255 165 0
2.3125 15.0000 6.0230 180 120 60
5.1250 -4.5000 12.1640 34 139 34
-9.7500 -7.5000 3.0720 180 120 60
20.0625 -9.0000 2.6260 34 139 34
2.4375 -21.0000 6.7160 220 50 50
-14.1250 -11.5000 3.2350 180 120 60
6.5000 -8.5000 7.2540 34 139 34
1.9375 15.5000 9.7080 34 139 34
-9.9375 1.5000 3.0420 180 120 60
-4.5625 1.5000 15.7210 34 139 34
14.6250 1.0000 6.4720 255 165 0
-14.0000 -24.0000 5.5660 34 139 34
12.9375 10.0000 7.8420 34 139 34
-18.6250 0.5000 3.0680 180 120 60
-11.0000 -17.5000 3.2270 180 120 60
-19.5000 10.0000 2.9830 180 120 60
-2.8125 14.5000 5.7830 180 120 60
13.9375 7.0000 6.3870 180 120 60
-4.9375 4.5000 17.6880 34 139 34
-11.3750 13.0000 5.3190 34 139 34
-24.0000 1.5000 3.0660 180 120 60
-14.1250 18.0000 5.4630 180 120 60
4.0000 12.0000 6.0300 180 120 60
12.4375 -24.5000 7.0110 34 139 34
-23.2500 -18.5000 13.3830 34 139 34
4.7500 4.0000 13.2210 34 139 34
-24.0625 17.0000 6.0030 220 50 50
21.1875 -22.5000 3.3280 34 139 34
-9.0000 12.0000 7.8750 34 139 34
6.3750 -5.5000 14.2570 34 139 34
7.6875 18.5000 10.8650 34 139 34
-16.5000 6.0000 7.0620 34 139 34
-20.2500 19.5000 5.2510 180 120 60
5.8750 1.5000 12.6970 34 139 34
-18.3750 -1.5000 3.0770 180 120 60
-14.7500 7.5000 5.1210 34 139 34
23.1875 2.5000 19.5920 34 139 34
-2.4375 -1.5000 5.0580 34 139 34
16.8750 1.0000 6.4370 255 165 0
-17.1250 -2.5000 3.0220 180 120 60
-11.3750 13.0000 5.5430 34 139 34
0.6250 -11.0000 17.6080 34 139 34
3.5000 -3.0000 3.2760 34 139 34
3.8125 1.0000 16.2740 34 139 34
-20.0000 19.0000 5.2270 180 120 60
-16.8125 -23.5000 3.4930 180 120 60
6.4375 1.5000 13.8100 34 139 34
2.5000 22.5000 8.9730 34 139 34
-21.1250 0.0000 3.0270 180 120 60
6.6250 23.0000 3.6560 180 120 60
7.8125 -20.0000 17.4030 34 139 34
-16.7500 -18.5000 12.7300 34 139 34
0.9375 3.5000 16.6200 34 139 34
-14.9375 7.0000 2.8240 180 120 60
-15.3125 -12.0000 3.3030 180 120 60
-16.5000 5.0000 2.9480 180 120 60
-6.8750 25.5000 4.9010 180 120 60
13.9375 -13.0000 7.6180 34 139 34
-2.6250 24.0000 9.9780 34 139 34
2.8125 7.5000 6.0440 180 120 60
-20.6250 8.0000 3.0860 180 120 60
23.6250 21.5000 0.0580 30 144 255
12.5000 3.0000 6.3780 180 120 60
21.8750 20.0000 5.7930 34 139 34
-24.6875 -11.5000 3.4000 180 120 60
11.6250 -6.0000 0.8270 30 144 255
-21.0625 23.5000 5.2450 180 120 60
5.3750 9.0000 6.1860 180 120 60
15.8750 -18.5000 7.5780 34 139 34
-22.4375 -3.0000 3.1230 180 120 60
11.9375 -16.5000 7.4290 34 139 34
-7.5625 -8.5000 3.1680 180 120 60
-18.8750 -23.0000 15.9180 34 139 34
-22.3750 -23.5000 19.8210 34 139 34
18.3750 20.5000 13.7400 34 139 34
-19.0625 -9.0000 3.3260 180 120 60
7.2500 -5.5000 14.3840 34 139 34
-5.4375 -20.5000 3.3770 180 120 60
-5.0625 10.5000 5.6610 180 120 60
24.3125 14.5000 11.6030 34 139 34
12.1250 12.0000 9.4780 34 139 34
-0.1250 9.5000 5.9850 180 120 60
14.3125 23.0000 14.3610 34 139 34
2.5000 12.5000 5.9110 180 120 60
-7.8750 7.0000 5.9790 34 139 34
5.3750 7.0000 6.1500 180 120 60
11.8125 -8.5000 6.9580 34 139 34
-11.5000 -17.5000 3.2470 180 120 60
-13.5625 21.5000 5.3680 180 120 60
-17.5625 9.5000 2.8280 180 120 60
-6.4375 3.0000 4.4120 34 139 34
-5.5000 -17.5000 14.1580 34 139 34
0.7500 -1.5000 3.1370 180 120 60
-23.2500 20.0000 6.0220 34 139 34
2.8125 -23.5000 7.2250 34 139 34
-14.1875 2.0000 3.0470 180 120 60
-20.9375 -17.5000 6.6530 34 139 34
-15.4375 7.0000 10.6580 34 139 34
-23.0000 -14.5000 3.3460 180 120 60
-18.0625 -17.0000 11.6130 34 139 34
-2.4375 -17.5000 14.3340 34 139 34
-15.2500 -17.5000 3.4530 180 120 60
-9.1875 -21.5000 3.3780 180 120 60
20.8750 24.5000 14.9980 34 139 34
9.8750 0.0000 12.0280 34 139 34
21.5000 5.0000 6.6800 255 165 0
-2.2500 8.0000 5.5710 34 139 34
6.7500 -5.0000 6.4700 34 139 34
-20.6250 -4.0000 3.2040 180 120 60
-1.7500 -6.5000 3.3610 180 120 60
14.6250 19.0000 15.4680 34 139 34
-5.7500 -3.5000 3.0780 180 120 60
9.2500 9.5000 6.2030 180 120 60
-24.5625 -20.0000 6.8160 34 139 34
6.3125 5.0000 6.0780 180 120 60
2.7500 -1.5000 11.1000 34 139 34
24.6250 8.0000 17.7840 34 139 34
15.3125 -21.0000 0.9270 30 144 255
-0.8750 3.5000 17.8950 34 139 34
9.8750 15.5000 9.5280 34 139 34
-14.1875 21.5000 5.4250 180 120 60
-8.1250 7.0000 6.6010 34 139 34
-3.9375 11.0000 5.8970 180 120 60
19.2500 -15.0000 5.0660 34 139 34
5.5625 -17.5000 19.3150 34 139 34
7.1250 2.5000 6.3900 34 139 34
7.3125 -2.5000 14.2920 34 139 34
18.5000 11.0000 6.1490 34 139 34
12.5000 25.5000 13.5850 34 139 34
-20.0625 -23.5000 16.1160 34 139 34
22.2500 24.0000 8.6040 34 139 34
20.3750 -8.5000 2.3380 34 139 34
9.8125 -5.5000 12.5530 34 139 34
10.4375 -24.0000 4.3520 34 139 34
-6.6875 9.0000 7.4440 34 139 34
-9.1875 -15.0000 3.1670 180 120 60
7.1875 -14.5000 19.7620 34 139 34
4.5000 -24.0000 7.9180 34 139 34
20.6875 19.5000 15.9640 34 139 34
-2.5625 -0.5000 4.5000 34 139 34
16.3125 11.0000 8.4600 34 139 34
-19.3750 -7.5000 3.2690 180 120 60
-24.3125 14.5000 6.9490 220 50 50
11.5625 5.5000 6.3160 180 120 60
-5.4375 22.5000 9.1880 34 139 34
6.6875 4.5000 6.1480 180 120 60
-20.6875 -23.0000 20.8230 34 139 34
10.2500 19.5000 3.5860 180 120 60
5.3750 17.0000 12.3560 34 139 34
-13.0000 18.0000 5.4930 180 120 60
-20.1875 11.0000 2.9470 180 120 60
21.4375 24.0000 8.2880 34 139 34
0.3750 23.5000 10.8670 34 139 34
-23.4375 -8.0000 3.3530 180 120 60
-5.3125 21.5000 9.0600 34 139 34
2.3750 9.5000 6.0330 180 120 60
13.8125 14.0000 12.4540 34 139 34
12.4375 23.5000 6.8020 34 139 34
-13.3125 -1.5000 3.0880 180 120 60
11.8750 16.0000 10.2610 34 139 34
-3.6250 -5.0000 3.0900 180 120 60
-5.7500 10.5000 5.4260 180 120 60
-4.8125 7.0000 15.3670 34 139 34
-14.4375 -12.5000 3.2640 180 120 60
20.1250 -5.0000 1.9430 34 139 34
-22.1250 13.5000 6.7420 34 139 34
-2.3125 -14.0000 17.3950 34 139 34
9.8750 -14.0000 14.4930 34 139 34
8.5000 -1.5000 11.7490 34 139 34
-1.7500 -17.0000 14.7880 34 139 34
8.3125 -21.0000 3.1680 34 139 34
-6.9375 24.5000 5.0220 180 120 60
-6.8125 2.5000 3.6500 34 139 34
24.0625 18.0000 8.5600 34 139 34
3.6250 0.5000 15.5630 34 139 34
-2.1250 -15.0000 17.5260 34 139 34
-22.1875 -17.5000 13.5330 34 139 34
9.0625 -10.0000 9.6290 34 139 34
-23.3125 -13.5000 3.3690 180 120 60
10.1250 18.0000 8.9680 34 139 34
8.2500 -7.5000 14.7280 34 139 34
24.3125 -15.0000 2.8480 34 139 34
6.6875 -19.0000 22.4800 34 139 34
23.5000 -2.5000 6.5000 255 165 0
-16.3125 17.0000 5.4150 180 120 60
4.1875 -24.0000 8.1630 34 139 34
-3.3750 13.5000 5.9160 180 120 60
14.4375 -16.0000 4.3800 34 139 34
1.7500 10.5000 6.0590 180 120 60
0.8125 8.5000 10.1070 34 139 34
7.3750 -12.5000 17.3490 34 139 34
21.8750 9.0000 11.3130 34 139 34
8.9375 -13.5000 14.8860 34 139 34
-20.1875 -4.0000 3.1930 180 120 60
-1.6250 22.0000 11.2220 34 139 34
-14.8125 -19.0000 3.3100 180 120 60
3.1875 4.5000 7.1150 34 139 34
-5.2500 4.5000 16.2530 34 139 34
-20.1875 20.5000 5.2110 180 120 60
-3.1250 10.0000 5.8250 180 120 60
-1.6875 10.0000 5.9390 180 120 60
5.1250 24.5000 4.1520 34 139 34
-2.3125 -21.0000 3.8360 180 120 60
17.0000 24.5000 3.6600 34 139 34
7.8750 11.0000 6.0750 180 120 60
-3.3125 -2.0000 2.9960 180 120 60
6.1250 -20.5000 21.8900 34 139 34
-14.3750 7.5000 9.3050 34 139 34
-13.6250 -2.0000 3.1210 180 120 60
-19.1875 15.5000 8.3600 34 139 34
3.8750 0.5000 16.4480 34 139 34
-11.7500 24.0000 8.2060 34 139 34
-22.8750 0.0000 3.0890 180 120 60
12.1250 23.0000 4.7740 34 139 34
14.3125 16.5000 12.9480 34 139 34
3.8125 -22.0000 7.3520 34 139 34
6.5000 -2.5000 12.6950 34 139 34
9.6875 -1.0000 12.6940 34 139 34
0.3125 -4.5000 3.4000 180 120 60
2.1250 7.5000 5.9920 180 120 60
24.0000 -2.0000 6.5190 255 165 0
14.5625 15.0000 12.0570 34 139 34
2.0000 -17.0000 13.4630 34 139 34
20.9375 -16.5000 3.0800 34 139 34
6.4375 -3.0000 14.5150 34 139 34
7.8125 -23.0000 0.9890 180 120 60
23.1250 15.0000 11.4770 34 139 34
-14.3125 -3.0000 3.1050 180 120 60
-11.4375 3.0000 3.0110 180 120 60
-5.5000 -7.5000 3.0530 180 120 60
-8.4375 -20.5000 3.3370 180 120 60
2.0000 9.5000 6.0280 180 120 60
0.8750 -23.5000 6.9620 220 50 50
0.4375 -3.0000 3.1530 180 120 60
-0.7500 7.0000 8.5190 34 139 34
-21.5000 4.0000 2.9890 180 120 60
14.2500 9.0000 8.8320 34 139 34
21.4375 14.0000 13.8760 34 139 34
3.0625 8.0000 6.0960 180 120 60
-14.8750 -3.5000 3.1280 180 120 60
-0.6875 -5.0000 3.1260 180 120 60
-19.5000 18.0000 5.4440 34 139 34
22.8125 5.0000 16.9700 34 139 34
-6.0000 1.5000 3.0460 180 120 60
-22.1250 -0.5000 3.0920 180 120 60
-20.0625 6.5000 2.9180 180 120 60
2.3750 -12.0000 15.2640 34 139 34
-19.1250 -21.5000 16.1520 34 139 34
-24.1875 25.5000 5.2580 180 120 60
-2.7500 19.5000 11.0890 34 139 34
-6.3125 -11.0000 3.1810 180 120 60
-1.2500 -16.5000 16.2440 34 139 34
-16.0000 -24.5000 13.0270 34 139 34
0.7500 -20.5000 7.1130 220 50 50
18.6875 -12.5000 1.8110 180 120 60
11.3750 -5.0000 0.7840 180 120 60
1.7500 -9.0000 5.3430 34 139 34
16.6250 -15.0000 6.3300 34 139 34
3.3125 4.5000 13.8510 34 139 34
-21.6250 19.5000 6.5880 34 139 34
-23.6875 -17.0000 12.4680 34 139 34
-0.3125 13.0000 5.8940 180 120 60
16.7500 17.0000 17.1690 34 139 34
10.2500 -10.5000 3.4750 34 139 34
-15.0000 -20.5000 3.3740 180 120 60
16.2500 24.0000 3.0520 34 139 34
11.9375 -24.0000 6.0590 34 139 34
-20.8125 4.0000 3.0350 180 120 60
-21.8125 -10.0000 3.3610 180 120 60
-4.9375 12.5000 5.8760 180 120 60
-11.2500 -15.0000 3.2650 180 120 60
-13.4375 20.0000 5.4730 180 120 60
-3.9375 6.0000 15.6510 34 139 34
21.6875 -14.0000 2.9040 34 139 34
6.7500 -11.0000 7.9180 34 139 34
-1.8125 14.5000 5.8480 180 120 60
23.9375 6.5000 20.0260 34 139 34
-11.6875 22.5000 12.0320 34 139 34
22.2500 7.5000 15.7450 34 139 34
0.2500 -23.0000 7.1140 220 50 50
9.5000 20.5000 8.2750 34 139 34
17.1875 8.5000 5.1760 34 139 34
-20.6875 6.5000 2.9390 180 120 60
-22.5625 -0.5000 3.1290 180 120 60
22.3125 9.5000 15.5670 34 139 34
-16.0625 9.0000 7.1360 34 139 34
24.5000 25.0000 5.9710 34 139 34
-3.3750 0.5000 12.2780 34 139 34
-16.2500 3.5000 2.9170 180 120 60
-1.4375 6.0000 17.4540 34 139 34
7.9375 2.0000 10.6800 34 139 34
-9.7500 -5.5000 3.1790 180 120 60
-13.4375 6.5000 6.9920 34 139 34
-19.3125 -18.5000 13.2980 34 139 34
1.1875 10.0000 5.9550 180 120 60
5.4375 20.5000 10.6990 34 139 34
-24.0625 18.5000 5.2940 34 139 34
0.6250 15.0000 5.7540 180 120 60
-1.6250 13.0000 5.8360 180 120 60
0.2500 -0.5000 3.1330 180 120 60
22.5625 3.5000 17.1120 34 139 34
-9.0000 4.0000 3.4930 34 139 34
-3.5000 21.0000 10.8950 34 139 34
-1.8125 25.5000 4.4310 180 120 60
16.5625 13.5000 9.8820 34 139 34
-24.3125 -21.0000 12.5330 34 139 34
18.1250 17.0000 15.9670 34 139 34
6.6875 12.5000 9.9560 34 139 34
-13.5625 15.0000 5.3800 180 120 60
14.3750 11.5000 9.5910 34 139 34
24.0000 15.0000 0.3640 34 139 34
-18.6875 11.5000 4.6990 34 139 34
-3.4375 0.5000 14.9550 34 139 34
-14.5625 17.5000 5.4560 180 120 60
-23.6875 -20.5000 6.0100 34 139 34
4.2500 -6.5000 15.2990 34 139 34
19.5625 -7.0000 0.9180 30 144 255
14.0625 2.5000 6.3640 255 165 0
-18.0625 -11.5000 3.3040 180 120 60
23.5000 -5.0000 2.7000 180 120 60
11.6250 -13.0000 7.9450 34 139 34
9.6875 -13.5000 10.2610 34 139 34
0.8750 9.0000 6.0260 180 120 60
1.1250 4.0000 10.1590 34 139 34
12.8125 14.5000 11.8990 34 139 34
16.0625 16.5000 16.8230 34 139 34
20.1250 0.0000 6.4780 255 165 0
22.1875 -14.5000 2.7080 34 139 34
21.1250 25.5000 14.5890 34 139 34
-23.3125 7.5000 2.9660 180 120 60
23.5625 15.0000 12.5000 34 139 34
14.8750 10.5000 8.9700 34 139 34
-20.5000 21.5000 5.2270 180 120 60
23.9375 9.5000 18.2180 34 139 34
6.3125 -12.0000 6.6710 34 139 34
-24.3125 -7.0000 3.3440 180 120 60
-23.7500 -17.5000 13.7610 34 139 34
-17.8125 23.0000 5.3070 180 120 60
20.1250 5.5000 6.5750 255 165 0
10.3125 -9.5000 8.3960 34 139 34
23.6875 -11.0000 2.8670 34 139 34
2.1875 0.0000 17.1100 34 139 34
-0.3750 23.5000 10.5160 34 139 34
4.0625 -22.0000 7.7330 34 139 34
-4.8750 23.0000 10.1350 34 139 34
-13.5000 -14.0000 3.2630 180 120 60
-12.2500 14.5000 5.3860 180 120 60
-17.6250 -21.5000 16.4350 34 139 34
1.3750 7.0000 5.8870 180 120 60
-14.5000 10.0000 6.3060 34 139 34
-7.0625 1.5000 3.0290 180 120 60
18.6875 -17.0000 6.1380 34 139 34
-1.0625 -12.0000 16.2440 34 139 34
-4.2500 -21.0000 3.4020 180 120 60
2.3750 -15.5000 16.3000 34 139 34
6.6875 24.5000 4.4640 34 139 34
-16.6875 23.0000 5.3040 180 120 60
-16.4375 -4.0000 3.1810 180 120 60
17.8750 7.0000 6.5130 255 165 0
19.3125 19.5000 15.7620 34 139 34
12.8125 18.0000 8.6590 34 139 34
-10.2500 9.5000 5.4830 34 139 34
11.7500 6.5000 6.3430 180 120 60
-13.0625 11.0000 8.5910 34 139 34
-11.0000 19.5000 5.5180 180 120 60
10.6875 23.5000 3.5520 180 120 60
12.1875 4.5000 6.3110 180 120 60
10.6250 22.0000 3.5780 180 120 60
23.5625 13.5000 12.4480 34 139 34
15.0625 16.5000 10.9780 34 139 34
-19.5000 -1.0000 3.1080 180 120 60
13.5000 20.5000 10.1350 34 139 34
7.8750 22.5000 7.5520 34 139 34
-16.6250 -12.0000 3.3230 180 120 60
22.8750 5.0000 19.1410 34 139 34
3.3750 21.0000 10.7460 34 139 34
10.1250 5.0000 6.2700 180 120 60
8.6250 21.0000 3.6900 180 120 60
-1.6250 -20.5000 4.4850 34 139 34
-18.0625 -20.5000 9.9090 34 139 34
24.5000 -11.0000 3.0800 180 120 60
-18.0000 -5.0000 3.2160 180 120 60
2.1875 -8.0000 5.3970 34 139 34
-23.0000 19.0000 5.3260 34 139 34
-2.6875 24.5000 9.5370 34 139 34
-12.1875 -15.5000 3.3320 180 120 60
20.6250 -22.0000 3.1220 34 139 34
-2.1250 3.0000 19.2550 34 139 34
-19.6250 22.5000 5.3170 180 120 60
-3.2500 -3.0000 3.0010 180 120 60
18.3125 18.5000 11.5750 34 139 34
-10.2500 18.0000 5.6050 180 120 60
-13.3125 14.0000 6.3750 34 139 34
-14.5000 -15.0000 3.3680 180 120 60
3.2500 15.5000 10.8360 34 139 34
-17.4375 -18.0000 13.0880 34 139 34
-9.0625 24.0000 7.0140 34 139 34
17.7500 -15.5000 7.3470 34 139 34
15.1875 4.5000 6.3890 255 165 0
9.5000 -10.5000 4.8110 34 139 34
11.6875 -16.0000 7.5920 34 139 34
10.2500 0.0000 12.3310 34 139 34
20.1250 -21.0000 3.2760 34 139 34
18.7500 0.0000 6.3750 255 165 0
-17.2500 -22.0000 13.6640 34 139 34
10.8125 -4.0000 9.5370 34 139 34
-4.6250 5.5000 18.3520 34 139 34
4.3750 15.0000 10.7550 34 139 34
21.8750 20.5000 5.1390 34 139 34
-22.6250 -16.5000 12.4360 34 139 34
-15.2500 -18.5000 3.3290 180 120 60
19.0625 -13.5000 2.1830 34 139 34
8.4375 7.0000 7.3300 128 128 128
-13.3750 23.0000 5.4060 180 120 60
-1.0000 -7.0000 3.1430 180 120 60
5.8125 -21.5000 21.7790 34 139 34
-5.6875 4.5000 15.0340 34 139 34
-23.1875 10.5000 3.0040 180 120 60
-21.6875 16.0000 7.6730 34 139 34
0.9375 -16.0000 13.5450 34 139 34
-22.6875 16.0000 7.8300 34 139 34
-19.5625 -23.0000 13.9980 34 139 34
-12.1875 -3.5000 3.1450 180 120 60
21.8125 9.0000 15.5400 34 139 34
-4.0000 -22.5000 5.5950 34 139 34
8.3125 23.5000 5.6530 34 139 34
-2.3125 -8.5000 14.1310 34 139 34
-3.6250 -5.5000 3.0900 180 120 60
-16.8750 5.0000 8.7310 34 139 34
22.2500 5.0000 6.5950 255 165 0
-11.5000 -9.0000 3.2270 180 120 60
-4.1250 -16.0000 15.6140 34 139 34
-19.8125 -22.5000 14.9780 34 139 34
-0.3750 3.0000 15.9980 34 139 34
0.6875 -4.0000 8.9160 34 139 34
-7.6250 5.5000 6.3930 34 139 34
14.1250 24.5000 15.0300 34 139 34
2.9375 7.5000 6.1000 180 120 60
-1.6875 -23.5000 5.0450 34 139 34
20.1250 2.0000 6.4420 255 165 0
4.0625 8.5000 6.0960 180 120 60
-17.0000 16.5000 5.9170 34 139 34
-16.7500 14.0000 7.3980 34 139 34
7.3750 25.0000 5.6610 34 139 34
-1.4375 -19.5000 14.2820 34 139 34
7.3125 -9.5000 13.9060 34 139 34
23.0625 -13.0000 2.9210 34 139 34
-8.8750 -0.5000 3.0760 180 120 60
-15.1875 7.5000 8.7870 34 139 34
-9.3750 22.5000 5.4290 180 120 60
-23.0625 12.0000 2.9860 180 120 60
-8.5000 -3.0000 3.1420 180 120 60
23.8125 23.0000 3.9230 34 139 34
20.2500 6.5000 12.9670 34 139 34
-0.6875 -20.0000 12.0710 34 139 34
1.3125 9.5000 6.0410 180 120 60
-17.5625 -1.0000 3.0410 180 120 60
8.8125 -20.5000 2.6640 34 139 34
6.8750 -18.0000 22.9250 34 139 34
-21.8750 14.0000 7.4750 34 139 34
-19.1875 7.5000 6.5210 34 139 34
12.6250 20.5000 7.4140 34 139 34
-21.2500 -16.0000 6.4640 34 139 34
-18.1875 6.0000 2.9320 180 120 60
-10.9375 2.5000 2.9140 180 120 60
-0.4375 -14.0000 16.6920 34 139 34
-24.0000 -17.0000 6.3510 34 139 34
7.6250 10.5000 6.1420 180 120 60
-21.8125 -20.0000 19.7370 34 139 34
20.3750 21.5000 7.7650 34 139 34
17.5000 12.0000 6.2610 34 139 34
-4.5625 -0.5000 3.0910 180 120 60
-20.7500 -5.5000 3.2500 180 120 60
-1.9375 -12.0000 17.2910 34 139 34
-5.6875 -15.5000 15.5060 34 139 34
-19.9375 -20.0000 16.1580 34 139 34
9.0625 -12.5000 10.1720 34 139 34
11.0625 0.5000 6.9560 34 139 34
-6.8125 -15.5000 13.9450 34 139 34
20.7500 16.0000 17.3150 34 139 34
14.1875 -22.5000 3.9380 34 139 34
-21.1875 10.5000 2.9340 180 120 60
-3.0000 -19.0000 15.4990 34 139 34
8.0000 -22.0000 2.1690 34 139 34
-16.9375 -6.0000 3.2270 180 120 60
22.4375 16.0000 16.4230 34 139 34
-9.7500 22.5000 5.4470 180 120 60
-2.7500 1.5000 17.7960 34 139 34
-1.5625 -9.0000 14.3950 34 139 34
-17.3750 11.5000 6.2620 34 139 34
-11.7500 -4.5000 3.0540 180 120 60
-22.5000 2.0000 3.0190 180 120 60
-7.1875 21.5000 5.4940 180 120 60
20.8125 19.0000 16.2590 34 139 34
22.7500 4.0000 17.6460 34 139 34
-8.3750 -20.0000 3.3900 180 120 60
-4.0000 15.0000 5.8350 180 120 60
6.5000 1.0000 13.3890 34 139 34
14.5625 -16.5000 6.5000 34 139 34
-13.5000 19.0000 5.4990 180 120 60
8.5000 -0.5000 13.6740 34 139 34
-13.1875 -6.5000 3.2140 180 120 60
-8.7500 20.5000 5.4070 180 120 60
16.7500 22.0000 11.0890 34 139 34
16.3750 -18.0000 7.4570 34 139 34
-6.1250 -1.0000 3.0340 180 120 60
-3.2500 -3.5000 3.0360 180 120 60
-22.0625 14.5000 8.1290 34 139 34
10.6250 -0.5000 5.2080 34 139 34
11.2500 -6.5000 1.2880 34 139 34
-2.1250 0.0000 14.1180 34 139 34
14.9375 21.0000 16.0580 34 139 34
0.3125 25.0000 8.7800 34 139 34
-14.7500 8.0000 6.9690 34 139 34
-18.8750 -21.0000 14.1690 34 139 34
-3.1875 3.0000 18.8390 34 139 34
-5.6250 18.5000 5.5160 180 120 60
11.8125 13.0000 11.0390 34 139 34
-5.8125 -14.5000 15.2500 34 139 34
-22.5000 -15.5000 13.3630 34 139 34
-18.3750 -16.0000 3.4620 180 120 60
4.6875 11.0000 6.0800 180 120 60
-20.1250 -3.0000 3.1550 180 120 60
0.4375 -13.0000 15.8050 34 139 34
-22.9375 5.0000 3.0050 180 120 60
-5.4375 0.0000 2.9800 180 120 60
-14.1875 -6.5000 3.1310 180 120 60
-3.5000 8.0000 15.5330 34 139 34
-10.6875 5.0000 2.9420 180 120 60
11.5000 -1.5000 1.3090 34 139 34
-15.4375 -0.5000 3.0250 180 120 60
-19.4375 -24.0000 16.3530 34 139 34
3.0625 -9.0000 8.4150 34 139 34
1.8750 24.0000 3.7570 180 120 60
20.8750 -9.0000 2.4350 34 139 34
16.1875 -17.0000 7.6620 34 139 34
10.1250 9.5000 6.2570 180 120 60
24.6875 25.5000 6.1900 34 139 34
13.3125 23.0000 9.2410 34 139 34
2.3125 22.0000 9.1440 34 139 34
23.2500 -5.5000 2.3260 180 120 60
1.8750 -6.5000 8.5100 34 139 34
3.9375 -18.5000 8.6630 34 139 34
23.5000 6.0000 19.2030 34 139 34
0.5625 8.0000 6.1260 34 139 34
-0.6875 -12.0000 16.5260 34 139 34
10.3750 8.5000 6.3170 180 120 60
-7.6875 -12.5000 3.2000 180 120 60
-8.6250 13.0000 5.6910 34 139 34
-21.9375 9.5000 3.0170 180 120 60
1.8125 -10.5000 15.4960 34 139 34
17.2500 22.0000 13.8820 34 139 34
9.8750 -16.5000 11.5320 34 139 34
0.6250 -0.5000 3.2380 180 120 60
1.6875 1.0000 15.5470 34 139 34
-5.9375 -22.0000 3.3540 180 120 60
-14.1875 7.5000 2.9020 180 120 60
6.0625 -20.0000 21.7600 34 139 34
0.9375 18.0000 11.2810 34 139 34
11.3750 12.5000 15.7020 128 128 128
-13.6250 8.0000 6.6250 34 139 34
10.9375 5.0000 6.3070 180 120 60
21.4375 5.5000 13.9460 34 139 34
-6.3750 -6.0000 3.0730 180 120 60
-0.1875 23.0000 10.3200 34 139 34
7.9375 -14.0000 17.2570 34 139 34
6.4375 21.5000 9.3980 34 139 34
25.1875 19.0000 10.5680 34 139 34
-6.1250 -23.5000 5.2680 220 50 50
-19.3125 -19.0000 16.3370 34 139 34
-12.5000 -3.5000 3.1080 180 120 60
5.2500 5.5000 6.0220 180 120 60
-8.3750 -0.5000 3.0840 180 120 60
-3.0625 -14.5000 17.0240 34 139 34
-0.5625 -9.5000 16.0150 34 139 34
18.5625 17.5000 16.1130 34 139 34
6.6875 -15.5000 20.6860 34 139 34
-21.1875 0.5000 3.0890 180 120 60
9.6250 23.5000 3.6470 180 120 60
2.0000 -10.0000 15.5650 34 139 34
23.8750 -5.5000 2.5430 180 120 60
18.8750 16.5000 17.3310 34 139 34
-8.1250 -4.5000 3.1210 180 120 60
-8.6875 -17.5000 3.2770 180 120 60
24.3125 14.0000 0.2890 30 144 255
-7.6250 -2.0000 3.1150 180 120 60
12.8125 22.0000 5.0920 34 139 34
-19.9375 -9.5000 3.2970 180 120 60
5.1875 19.5000 11.4240 34 139 34
-10.8125 23.0000 8.8950 34 139 34
-19.7500 3.0000 3.0150 180 120 60
8.8750 6.5000 7.9000 128 128 128
-10.6250 18.0000 5.5590 180 120 60
-21.6875 -11.5000 3.3970 180 120 60
-21.9375 -2.0000 3.1860 180 120 60
18.4375 10.0000 6.3370 34 139 34
-9.3750 7.5000 6.3620 34 139 34
-19.4375 17.5000 5.2710 180 120 60
14.8125 -14.5000 5.1310 34 139 34
-13.5000 22.5000 5.3550 180 120 60
0.2500 -2.0000 4.1600 34 139 34
-21.1250 7.0000 2.9320 180 120 60
-14.6875 -2.0000 3.1130 180 120 60
-0.8750 -10.0000 16.0410 34 139 34
-19.9375 24.5000 5.2020 180 120 60
21.0625 22.5000 8.1420 34 139 34
7.0625 -18.0000 3.8520 34 139 34
17.1875 0.0000 6.5110 255 165 0
-3.4375 10.5000 5.8280 180 120 60
-19.3125 14.5000 8.2210 34 139 34
-2.0625 -22.0000 5.8170 34 139 34
-22.2500 -18.0000 13.5720 34 139 34
-18.9375 1.0000 3.0290 180 120 60
20.6875 -18.0000 3.9760 34 139 34
7.3750 6.0000 6.1270 180 120 60
-10.1875 12.0000 7.7450 34 139 34
9.2500 6.5000 7.1870 128 128 128
-24.3125 4.0000 3.0050 180 120 60
16.4375 17.0000 16.6860 34 139 34
-23.5625 4.0000 3.0140 180 120 60
22.7500 24.0000 6.0530 34 139 34
-8.7500 14.5000 5.7150 180 120 60
1.0000 -0.5000 17.1460 34 139 34
-21.3750 3.0000 3.0410 180 120 60
2.8125 5.5000 12.3720 34 139 34
0.7500 14.0000 5.8420 180 120 60
1.3125 3.0000 14.6640 34 139 34
5.7500 3.0000 12.6630 34 139 34
-7.5000 -20.0000 3.4020 180 120 60
2.6875 -11.5000 15.1600 34 139 34
1.2500 9.0000 5.9780 180 120 60
1.4375 14.0000 5.9180 180 120 60
-23.0625 -0.5000 3.0530 180 120 60
5.3125 -1.5000 13.9190 34 139 34
4.8125 -13.0000 15.6070 34 139 34
-5.4375 -11.5000 11.0240 34 139 34
6.6875 25.0000 5.6660 34 139 34
-18.8125 17.0000 6.0270 34 139 34
13.8750 21.0000 14.6450 34 139 34
-19.4375 -19.5000 19.7720 34 139 34
24.6875 -1.0000 6.6070 255 165 0
20.3750 17.5000 17.5200 34 139 34
-14.8750 21.0000 5.4000 180 120 60
0.4375 -17.5000 15.9620 34 139 34
14.0000 -24.0000 4.7960 34 139 34
-20.4375 5.0000 2.9360 180 120 60
18.8125 -19.0000 4.4040 34 139 34
-16.2500 -6.5000 3.1540 180 120 60
0.3125 -12.5000 17.4100 34 139 34
7.3750 -16.5000 11.5900 34 139 34
7.8125 -23.0000 7.5880 34 139 34
-4.0000 -5.5000 3.0820 180 120 60
-10.7500 -8.5000 3.2410 180 120 60
9.2500 -11.5000 10.1440 34 139 34
1.3125 5.0000 13.6670 34 139 34
-20.0000 -14.0000 3.3570 180 120 60
-1.0000 -3.5000 3.1970 180 120 60
-3.7500 -15.5000 14.3660 34 139 34
15.6250 -24.0000 4.6220 34 139 34
-19.1250 -19.0000 7.1240 34 139 34
9.8750 -8.5000 8.0980 34 139 34
-23.1250 19.0000 5.7540 34 139 34
-23.3750 10.5000 2.9530 180 120 60
-7.3125 -2.0000 3.0600 180 120 60
-13.7500 23.0000 5.3190 180 120 60
0.4375 0.5000 15.3330 34 139 34
4.0000 -21.0000 6.4140 220 50 50
9.6875 -13.5000 14.5890 34 139 34
-15.6250 5.5000 8.2260 34 139 34
-10.0625 1.0000 3.0650 180 120 60
-6.2500 17.0000 5.5810 180 120 60
3.6250 -19.0000 4.3560 34 139 34
7.4375 -19.0000 15.5140 34 139 34
-3.0000 -20.0000 15.1190 34 139 34
10.8750 10.5000 6.3780 180 120 60
-3.6250 1.0000 13.3280 34 139 34
-21.8125 12.0000 3.0040 180 120 60
23.0625 -6.5000 2.9400 34 139 34
-3.0000 -23.0000 3.6520 180 120 60
8.1875 18.5000 10.1260 34 139 34
19.8750 -6.5000 0.9250 30 144 255
16.0000 12.0000 10.3420 34 139 34
3.3750 23.5000 8.1550 34 139 34
-5.5000 1.0000 3.0890 180 120 60
1.8125 -4.5000 3.1580 180 120 60
-0.9375 4.0000 16.0220 34 139 34
-18.5625 -19.0000 16.2070 34 139 34
-7.0000 11.5000 5.5990 180 120 60
1.3125 0.0000 16.4400 34 139 34
24.8750 2.5000 18.1720 34 139 34
21.8125 8.0000 15.9400 34 139 34
-23.5000 -17.0000 13.0320 34 139 34
-5.4375 10.5000 5.6320 180 120 60
-12.4375 8.5000 6.2780 34 139 34
2.7500 -23.0000 7.2140 34 139 34
-19.7500 13.0000 5.8470 34 139 34
2.1250 -9.5000 12.3320 34 139 34
-14.5000 16.0000 5.4390 180 120 60
-10.0000 10.0000 10.3060 34 139 34
-22.3750 4.5000 2.9340 180 120 60
5.3750 -16.0000 15.1100 34 139 34
7.4375 19.0000 11.0230 34 139 34
-6.1250 -18.5000 6.6820 220 50 50
-10.8750 2.5000 2.9970 180 120 60
6.5000 5.0000 6.1540 180 120 60
15.9375 -24.0000 5.8190 34 139 34
-9.6875 -19.5000 3.3780 180 120 60
-18.8125 -6.5000 3.2160 180 120 60
-11.4375 -13.5000 3.2660 180 120 60
-10.1250 -13.5000 3.1900 180 120 60
22.8750 0.0000 6.5770 255 165 0
-2.0625 -0.5000 3.2030 180 120 60
10.3125 18.0000 7.6720 34 139 34
10.3125 -3.5000 3.1620 34 139 34
-5.1250 6.0000 15.7180 34 139 34
-11.7500 13.5000 5.3310 180 120 60
9.9375 -2.0000 13.1030 34 139 34
-24.1875 -17.5000 13.4800 34 139 34
8.9375 -4.0000 12.0600 34 139 34
21.1250 23.0000 8.2680 34 139 34
17.9375 12.0000 8.7650 34 139 34
-3.6250 -19.5000 15.8380 34 139 34
-17.0625 -21.0000 13.6740 34 139 34
-12.7500 22.0000 5.3500 180 120 60
11.0625 -4.0000 9.5250 34 139 34
-19.3125 -22.5000 16.7160 34 139 34
17.0000 19.5000 15.3760 34 139 34
15.5000 24.5000 11.8950 34 139 34
-17.4375 -6.5000 3.2600 180 120 60
2.3125 -9.5000 5.0300 34 139 34
22.6875 -22.0000 3.8550 34 139 34
-6.6250 24.0000 5.0330 180 120 60
22.4375 16.0000 16.2460 34 139 34
4.7500 -18.5000 18.7320 34 139 34
-0.4375 21.0000 12.2110 34 139 34
-23.5625 10.0000 3.0270 180 120 60
-14.1250 -8.5000 3.2330 180 120 60
23.0000 -16.5000 3.3210 180 120 60
-8.3750 10.5000 6.9220 34 139 34
6.5625 -21.0000 21.7680 34 139 34
-0.0625 6.0000 6.5460 34 139 34
-21.8750 -11.5000 3.4190 180 120 60
-5.2500 -6.5000 3.0200 180 120 60
3.2500 12.0000 6.0280 180 120 60
20.6875 -24.0000 3.6110 34 139 34
20.0625 20.5000 6.3240 34 139 34
11.5000 23.0000 4.7210 34 139 34
-20.0000 -20.5000 18.6120 34 139 34
-9.6250 5.0000 4.2810 34 139 34
-2.6250 3.0000 16.2370 34 139 34
-23.0000 -8.5000 3.3020 180 120 60
-18.5000 -4.5000 3.2140 180 120 60
-2.8125 0.0000 3.9990 34 139 34
-24.3125 -18.0000 13.6400 34 139 34
-22.7500 -4.0000 3.2400 180 120 60
3.7500 -18.0000 18.0540 34 139 34
12.4375 -10.0000 4.9800 34 139 34
-23.0625 24.0000 5.2490 180 120 60
16.6250 19.5000 15.5180 34 139 34
6.9375 -9.5000 14.9770 34 139 34
14.0000 10.5000 8.3750 34 139 34
-0.2500 -9.0000 14.8680 34 139 34
14.7500 -23.5000 0.7930 30 144 255
17.6250 23.0000 14.9840 34 139 34
-0.5000 18.0000 9.8090 34 139 34
13.0625 6.0000 6.4120 180 120 60
-17.1875 -14.0000 3.3900 180 120 60
17.6875 -17.5000 7.6840 34 139 34
-23.8750 -21.5000 14.5380 34 139 34
-17.5000 -20.5000 15.8570 34 139 34
-15.8750 -4.5000 3.1570 180 120 60
-11.4375 -21.0000 3.3450 180 120 60
-24.1250 -24.0000 19.0280 34 139 34
22.4375 2.5000 14.4740 34 139 34
-5.8750 9.0000 5.3860 180 120 60
7.8750 -3.5000 10.6930 34 139 34
-7.6250 -9.5000 3.1420 180 120 60
-0.1875 -14.5000 16.3310 34 139 34
-15.5625 5.0000 8.2460 34 139 34
25.0625 6.0000 21.5550 34 139 34
-22.2500 13.0000 6.8020 34 139 34
-11.5625 5.5000 2.8960 180 120 60
-22.8750 -4.0000 3.2140 180 120 60
2.7500 11.5000 6.0690 180 120 60
-20.5625 -8.0000 3.3240 180 120 60
16.6250 -23.0000 1.8740 34 139 34
-13.9375 8.5000 6.9100 34 139 34
24.1250 17.0000 9.1570 34 139 34
-17.7500 -4.5000 3.1940 180 120 60
8.5000 -17.0000 3.7620 34 139 34
3.7500 -21.0000 6.4500 220 50 50
11.8750 1.5000 6.3960 180 120 60
-4.3750 20.5000 9.7870 34 139 34
-20.4375 -5.5000 3.2370 180 120 60
7.0625 12.5000 6.1500 180 120 60
0.1875 -8.0000 7.0510 34 139 34
-22.8125 -19.0000 14.1040 34 139 34
20.1250 -1.0000 6.4710 255 165 0
-22.6875 -23.0000 19.7020 34 139 34
9.3750 -8.0000 13.1090 34 139 34
-11.2500 1.0000 3.0670 180 120 60
-14.8750 -16.5000 3.4540 180 120 60
-4.1875 -5.5000 3.0600 180 120 60
21.0625 20.0000 5.2150 34 139 34
-16.3750 9.5000 7.2990 34 139 34
19.0625 -18.5000 5.6670 34 139 34
-16.9375 6.0000 12.5410 34 139 34
11.5625 14.5000 10.4640 34 139 34
-2.9375 24.5000 9.6790 34 139 34
21.8750 -2.5000 6.6190 255 165 0
-7.5625 5.5000 4.9560 34 139 34
18.0625 24.5000 9.0620 34 139 34
13.3125 22.5000 14.1220 34 139 34
20.6250 18.0000 17.4270 34 139 34
6.0000 -21.0000 21.5130 34 139 34
7.3750 -6.5000 15.5120 34 139 34
-18.7500 -16.5000 11.7140 34 139 34
6.3125 -13.0000 17.2220 34 139 34
-15.1875 -21.5000 6.7180 34 139 34
-23.6250 -3.5000 3.2500 180 120 60
4.8750 -8.0000 16.3220 34 139 34
-20.7500 21.5000 5.2320 180 120 60
20.0625 -7.0000 1.2130 180 120 60
16.8750 23.5000 14.1970 34 139 34
-2.3750 9.5000 5.7110 180 120 60
19.8125 -13.5000 2.7630 34 139 34
-15.4375 -2.5000 3.1210 180 120 60
20.7500 6.5000 13.4610 34 139 34
4.5000 -20.5000 21.8540 34 139 34
-7.1250 3.5000 15.2600 34 139 34
-6.0625 -21.0000 6.0600 220 50 50
-14.4375 17.0000 5.4250 180 120 60
3.4375 8.0000 6.1180 180 120 60
-16.6250 25.0000 5.3760 180 120 60
-5.2500 23.0000 10.4370 34 139 34
4.0625 -20.0000 21.1350 34 139 34
-18.8750 2.0000 3.0330 180 120 60
-14.2500 -20.0000 3.3360 180 120 60
21.1875 21.5000 7.7240 34 139 34
23.5000 -4.5000 2.8550 180 120 60
-22.6250 -14.0000 3.4160 180 120 60
-5.0000 -15.0000 15.5750 34 139 34
-4.3750 -9.0000 13.3490 34 139 34
-23.4375 -13.0000 3.3850 180 120 60
10.3750 23.5000 3.6060 180 120 60
-14.5000 6.0000 6.9440 34 139 34
8.2500 -4.5000 11.9040 34 139 34
7.3750 -13.5000 10.3070 34 139 34
9.6875 -17.5000 6.1560 34 139 34
-8.1875 -22.0000 3.4760 180 120 60
-12.9375 0.5000 3.0530 180 120 60
-14.3125 8.0000 2.9430 180 120 60
-10.0625 -18.0000 3.2710 180 120 60
-23.0000 -21.0000 13.8600 34 139 34
10.1250 3.0000 6.3070 180 120 60
7.3125 -15.0000 17.5790 34 139 34
21.2500 -15.0000 2.6540 34 139 34
-20.4375 -16.5000 3.4090 180 120 60
-5.5625 -13.0000 11.2640 34 139 34
14.0000 19.0000 10.9070 34 139 34
-15.7500 14.0000 4.9670 34 139 34
-5.6875 9.5000 5.3680 180 120 60
0.7500 18.5000 10.1200 34 139 34
-20.3125 -19.5000 16.8090 34 139 34
5.6875 -23.5000 7.4410 34 139 34
4.0625 2.5000 16.0970 34 139 34
-20.0625 18.0000 5.9390 34 139 34
13.1875 25.0000 16.5080 34 139 34
-18.0000 -12.5000 3.2500 180 120 60
-18.1250 5.0000 2.9840 180 120 60
-16.0000 -11.5000 3.2960 180 120 60
10.1250 13.0000 9.6450 34 139 34
-17.5625 -23.5000 9.8530 34 139 34
-15.5625 6.5000 12.3300 34 139 34
19.7500 24.0000 4.2350 34 139 34
-7.3125 17.0000 5.6370 180 120 60
-18.7500 -10.5000 3.2850 180 120 60
9.1875 -24.0000 2.0720 34 139 34
3.8750 -16.5000 17.5220 34 139 34
-24.2500 7.0000 3.0110 180 120 60
13.3125 8.5000 6.3660 180 120 60
-12.0000 20.5000 5.4590 180 120 60
12.0625 0.0000 1.6180 180 120 60
10.8750 -0.5000 2.3470 180 120 60
9.1875 -11.0000 5.0750 34 139 34
4.9375 23.0000 3.8050 180 120 60
25.0625 -6.0000 6.4560 180 120 60
-0.1250 -17.0000 14.6230 34 139 34
-17.2500 -9.5000 3.3070 180 120 60
-19.9375 -15.0000 6.5310 34 139 34
-1.1875 10.5000 5.9700 180 120 60
22.9375 -8.0000 2.7580 34 139 34
-10.1875 -6.0000 3.1270 180 120 60
-17.5000 -7.5000 3.2760 180 120 60
22.1250 8.5000 16.1210 34 139 34
6.4375 18.5000 11.6960 34 139 34
4.0625 9.0000 6.0540 180 120 60
-1.7500 0.5000 14.1890 34 139 34
6.0000 -15.0000 19.9530 34 139 34
-0.4375 16.0000 8.1410 34 139 34
-5.4375 14.0000 5.7610 180 120 60
24.6875 21.0000 0.2020 30 144 255
-0.5625 -23.5000 4.0020 180 120 60
-14.9375 -0.5000 3.0430 180 120 60
-16.5000 -12.5000 3.3150 180 120 60
-21.4375 -17.0000 3.3240 180 120 60
-13.4375 14.5000 5.8220 34 139 34
8.4375 -16.0000 4.2980 34 139 34
24.2500 16.0000 9.7010 34 139 34
-15.3125 5.5000 7.9900 34 139 34
-15.3750 5.0000 2.9900 180 120 60
19.1875 2.0000 6.5210 255 165 0
14.0625 -13.5000 7.8150 34 139 34
14.4375 19.0000 15.5080 34 139 34
-22.0000 -8.5000 3.3570 180 120 60
1.6875 -16.0000 13.6900 34 139 34
3.3750 5.0000 16.0340 34 139 34
-10.2500 11.0000 8.4980 34 139 34
1.1250 -1.5000 3.2300 180 120 60
18.1875 2.0000 6.4560 255 165 0
21.7500 12.5000 10.3730 34 139 34
-13.3125 3.5000 3.0170 180 120 60
-12.4375 -11.0000 3.2050 180 120 60
-11.8125 -13.0000 3.2750 180 120 60
22.3750 -19.5000 3.2580 180 120 60
15.1250 10.0000 8.9760 34 139 34
23.3750 13.0000 11.7280 34 139 34
-23.3125 14.5000 6.8280 34 139 34
-20.0000 -2.0000 3.1780 180 120 60
-9.6250 -12.5000 3.1980 180 120 60
7.7500 -4.0000 12.5990 34 139 34
-12.1250 -2.5000 3.0450 180 120 60
-19.8750 -16.5000 6.9510 34 139 34
-8.7500 -16.0000 3.1280 180 120 60
5.0625 -13.0000 16.4330 34 139 34
-4.9375 -22.0000 3.4530 180 120 60
-21.6250 6.5000 2.9540 180 120 60
16.0625 -17.0000 7.6640 34 139 34
22.3750 19.5000 6.0100 34 139 34
-16.4375 -19.5000 3.3120 180 120 60
1.6875 24.0000 6.8340 34 139 34
-4.2500 3.0000 18.0600 34 139 34
-17.3750 7.5000 8.7470 34 139 34
-18.5625 -21.5000 16.1810 34 139 34
18.2500 -19.5000 3.4840 34 139 34
-14.6875 -19.0000 3.2330 180 120 60
3.0000 -4.5000 8.7400 34 139 34
7.1875 -18.5000 16.6950 34 139 34
17.7500 18.5000 14.1860 34 139 34
-15.5625 14.0000 5.1420 34 139 34
22.9375 -11.5000 2.0160 180 120 60
-3.6875 -21.0000 3.4110 180 120 60
-16.2500 25.0000 5.3950 180 120 60
9.6875 -24.5000 2.4880 34 139 34
23.8750 4.0000 18.7750 34 139 34
4.5000 -1.0000 14.2750 34 139 34
6.8125 20.5000 10.3830 34 139 34
2.5625 -7.5000 6.2750 34 139 34
5.6250 -19.5000 20.4070 34 139 34
-5.9375 -17.5000 3.3470 180 120 60
-5.1875 2.0000 10.8300 34 139 34
-2.9375 3.5000 18.2600 34 139 34
8.7500 -1.0000 11.1590 34 139 34
15.6250 14.0000 8.6330 34 139 34
-17.3125 -1.5000 3.0880 180 120 60
22.8750 17.5000 13.2710 34 139 34
-5.9375 -21.5000 5.8470 220 50 50
-10.5000 4.5000 2.9760 180 120 60
-2.5000 18.5000 10.4150 34 139 34
17.5000 16.0000 16.9640 34 139 34
21.4375 18.0000 14.2510 34 139 34
-22.1250 -3.0000 3.1660 180 120 60
-16.0625 16.5000 5.3120 180 120 60
-16.1875 -5.5000 3.2140 180 120 60
20.8750 -18.0000 3.5210 34 139 34
11.1875 3.0000 6.3210 180 120 60
15.5625 7.5000 6.4730 255 165 0
-9.3750 10.5000 8.4140 34 139 34
-3.5000 -14.5000 17.1320 34 139 34
21.8125 17.0000 17.6390 34 139 34
6.7500 17.0000 11.7180 34 139 34
4.6875 15.0000 11.6050 34 139 34
-8.5000 -9.5000 3.1970 180 120 60
20.0625 4.0000 6.4450 255 165 0
1.2500 3.0000 17.0760 34 139 34
-20.5000 3.5000 3.0360 180 120 60
-4.5625 21.0000 9.2740 34 139 34
-5.5000 6.5000 13.6050 34 139 34
0.6250 -23.0000 7.0000 220 50 50
-19.6250 1.0000 3.0460 180 120 60
10.2500 20.0000 7.5970 34 139 34
-16.1875 -13.5000 3.3410 180 120 60
8.6875 -18.0000 6.9180 34 139 34
5.7500 18.0000 11.4740 34 139 34
4.8125 6.0000 6.1110 180 120 60
14.7500 3.0000 6.3460 255 165 0
-11.3125 15.5000 5.5150 180 120 60
-2.0625 18.5000 10.0670 34 139 34
15.9375 -21.5000 2.5260 34 139 34
18.1875 -17.0000 5.8320 34 139 34
-1.1250 13.5000 5.8900 180 120 60
23.7500 23.5000 8.6210 34 139 34
-7.9375 12.0000 5.9870 34 139 34
15.0000 -17.0000 6.9260 34 139 34
8.3125 -0.5000 13.4870 34 139 34
-8.1250 10.5000 5.2860 34 139 34
-13.4375 16.0000 5.5010 180 120 60
-24.0000 6.0000 2.9760 180 120 60
-2.4375 22.5000 11.1740 34 139 34
6.8750 -6.0000 13.0480 34 139 34
-5.0625 -22.5000 3.4380 180 120 60
-9.2500 -16.0000 3.1540 180 120 60
16.6250 13.0000 10.9560 34 139 34
11.8125 -10.0000 6.2600 34 139 34
-3.8125 -9.0000 13.0950 34 139 34
23.1875 21.5000 9.7030 34 139 34
-20.9375 -0.5000 3.0160 180 120 60
6.8125 -17.0000 13.3660 34 139 34
7.8125 -20.5000 18.4150 34 139 34
-21.4375 22.0000 5.1870 180 120 60
6.7500 -17.5000 15.6850 34 139 34
12.1875 9.5000 6.4100 180 120 60
-22.6250 -5.5000 3.2890 180 120 60
0.9375 -8.0000 3.7720 34 139 34
-17.3750 4.5000 2.9720 180 120 60
-23.6250 7.5000 2.9780 180 120 60
0.3750 -20.0000 3.9750 180 120 60
-19.2500 5.5000 2.9520 180 120 60
8.3750 1.0000 10.9090 34 139 34
-18.9375 -15.0000 5.5990 34 139 34
25.0625 -3.5000 6.5550 255 165 0
-23.1250 16.0000 6.7780 220 50 50
-11.1875 14.0000 5.5170 180 120 60
-8.3750 -6.0000 3.0740 180 120 60
-22.0000 7.0000 2.9460 180 120 60
-18.8750 -9.5000 3.2560 180 120 60
21.3750 13.5000 11.7140 34 139 34
-15.8750 11.0000 6.4020 34 139 34
2.1875 3.0000 16.3870 34 139 34
9.3125 0.0000 13.5860 34 139 34
-6.5000 -24.0000 5.4540 220 50 50
-19.9375 20.5000 5.1600 180 120 60
-20.4375 18.0000 6.1860 34 139 34
-3.8750 9.0000 7.4960 34 139 34
6.6875 9.5000 6.2140 180 120 60
-4.5625 -0.5000 3.0580 180 120 60
15.6250 4.5000 6.4050 255 165 0
-8.1875 -15.5000 3.1470 180 120 60
0.6250 -2.0000 4.3060 34 139 34
24.0625 3.0000 19.6660 34 139 34
-15.4375 -11.0000 3.3160 180 120 60
9.4375 -6.5000 9.1130 34 139 34
17.2500 0.0000 6.5260 255 165 0
24.8125 -6.5000 5.9670 34 139 34
-1.5625 -10.0000 16.3200 34 139 34
17.5000 23.0000 14.9900 34 139 34
1.8125 -0.5000 16.5730 34 139 34
-7.3125 4.0000 3.4320 34 139 34
-18.5000 25.0000 5.2360 180 120 60
-18.4375 4.0000 3.0010 180 120 60
5.9375 23.0000 3.6570 180 120 60
8.5000 4.0000 6.2400 180 120 60
-16.8125 4.0000 2.9420 180 120 60
-2.5000 0.5000 14.2080 34 139 34
-8.3125 12.0000 5.6980 180 120 60
-1.7500 -3.0000 3.1200 180 120 60
-23.2500 -24.0000 19.2930 34 139 34
-16.3750 25.0000 5.4010 180 120 60
9.2500 -11.5000 10.1330 34 139 34
5.5000 -20.0000 21.5710 34 139 34
-0.3125 -15.0000 16.3650 34 139 34
-18.2500 -12.0000 3.2540 180 120 60
7.9375 -22.0000 1.2370 180 120 60
10.6250 -8.0000 6.6720 34 139 34
6.9375 -11.0000 14.7470 34 139 34
19.7500 -22.5000 3.4270 34 139 34
15.0000 24.5000 11.6410 34 139 34
9.6875 19.0000 9.3680 34 139 34
-16.9375 -20.5000 13.7110 34 139 34
-17.5000 9.5000 4.9460 34 139 34
-2.3125 -3.0000 3.1880 180 120 60
-17.5625 -5.5000 3.2070 180 120 60
-23.3750 19.5000 6.2600 34 139 34
3.5625 -1.0000 15.4830 34 139 34
-20.3125 2.5000 3.0410 180 120 60
18.5000 2.0000 6.4400 255 165 0
20.3750 25.0000 17.3660 34 139 34
19.3125 -16.5000 7.0520 34 139 34
-5.4375 -24.0000 5.9530 220 50 50
14.3750 24.0000 14.0140 34 139 34
-12.8750 -4.0000 3.0580 180 120 60
-1.8125 4.5000 17.7460 34 139 34
-20.6875 -9.0000 3.3270 180 120 60
10.0000 21.0000 3.6190 180 120 60
7.1250 8.5000 6.1760 180 120 60
19.9375 17.0000 17.5530 34 139 34
21.1250 -24.0000 3.4950 34 139 34
23.6875 13.0000 0.2820 30 144 255
18.2500 -11.5000 0.8770 180 120 60
16.5625 12.0000 10.2200 34 139 34
-1.4375 20.0000 13.6430 34 139 34
16.3125 -24.0000 5.6700 34 139 34
-17.6875 9.0000 5.2450 34 139 34
16.5625 -0.5000 6.5670 255 165 0
12.3125 10.0000 8.2520 34 139 34
18.8125 11.0000 3.1300 34 139 34
23.3750 -19.0000 3.4490 180 120 60
-15.0625 -20.5000 6.3470 34 139 34
2.6250 1.5000 17.0390 34 139 34
-14.0625 4.0000 2.9710 180 120 60
-15.8125 6.0000 11.9130 34 139 34
8.2500 -13.0000 16.4290 34 139 34
8.0000 -20.0000 16.8830 34 139 34
-17.1875 8.5000 7.1610 34 139 34
10.0625 21.5000 3.6220 180 120 60
-10.8750 -24.5000 3.6800 180 120 60
11.6875 19.0000 8.2080 34 139 34
2.6250 6.5000 5.6780 180 120 60
7.8125 -1.5000 15.1140 34 139 34
-1.0625 -9.0000 14.3310 34 139 34
-20.5000 24.0000 5.2850 180 120 60
-7.8125 24.0000 8.6760 34 139 34
16.5000 23.0000 14.9550 34 139 34
-1.3750 -21.0000 4.5530 34 139 34
-9.8750 -16.0000 3.1640 180 120 60
11.8750 20.5000 6.5670 34 139 34
-16.7500 -6.5000 3.2200 180 120 60
-1.0000 5.0000 18.2030 34 139 34
-12.8750 -12.5000 3.2710 180 120 60
21.6875 22.0000 9.5690 34 139 34
22.6875 20.5000 10.9650 34 139 34
-7.1875 -16.0000 12.9870 34 139 34
-17.6250 -16.5000 3.4110 180 120 60
17.0000 25.5000 6.3560 34 139 34
-18.3125 -17.0000 11.5160 34 139 34
-14.5625 -4.5000 3.1570 180 120 60
-7.1875 -24.0000 5.2450 220 50 50
-18.1250 -18.0000 14.3450 34 139 34
4.5625 4.5000 13.2200 34 139 34
3.6250 24.5000 3.7030 180 120 60
9.7500 10.0000 6.1920 180 120 60
4.8125 21.0000 10.4930 34 139 34
15.3125 9.0000 7.5120 34 139 34
-2.0000 -19.5000 15.0900 34 139 34
-8.1875 -18.0000 3.2980 180 120 60
10.6875 19.0000 7.7460 34 139 34
7.3750 -4.5000 9.4280 34 139 34
14.9375 -15.5000 5.8180 34 139 34
-12.0625 6.0000 2.9290 180 120 60
13.7500 -12.5000 0.7960 30 144 255
-17.5625 -7.5000 3.2340 180 120 60
-23.0000 25.0000 5.2430 180 120 60
-2.7500 15.5000 7.1710 128 128 128
4.3750 -10.5000 11.0560 34 139 34
3.8750 -1.0000 10.3040 34 139 34
2.0625 -4.5000 8.9090 34 139 34
-19.7500 -2.0000 3.1380 180 120 60
24.8125 5.5000 19.2040 34 139 34
-3.8125 6.0000 18.4570 34 139 34
-5.0000 16.0000 5.7910 180 120 60
6.5000 20.0000 10.8210 34 139 34
-21.8125 20.5000 5.2240 180 120 60
16.3125 17.0000 3.9290 34 139 34
4.8125 -18.0000 18.4130 34 139 34
7.0625 -1.0000 11.3760 34 139 34
12.0625 19.5000 7.0600 34 139 34
21.1250 -19.0000 2.3600 180 120 60
11.8750 20.0000 6.9930 34 139 34
-13.1250 2.5000 2.9610 180 120 60
-5.0000 -7.5000 3.1090 180 120 60
-7.8125 -21.5000 3.4100 180 120 60
20.7500 19.5000 15.0540 34 139 34
0.5625 -14.5000 15.7610 34 139 34
4.6250 11.0000 6.1430 180 120 60
-19.6875 -1.0000 3.0770 180 120 60
-18.6875 14.5000 7.9600 34 139 34
-0.5000 -16.0000 14.6500 34 139 34
-13.6250 7.0000 2.8880 180 120 60
-13.3125 -8.5000 3.1530 180 120 60
14.9375 8.0000 6.4130 180 120 60
-1.6875 1.5000 16.5080 34 139 34
-4.5625 24.5000 10.0340 34 139 34
-21.9375 25.5000 5.2680 180 120 60
-9.1875 16.5000 5.6590 180 120 60
-4.5000 -6.0000 3.0770 180 120 60
21.9375 -3.5000 6.6320 255 165 0
22.8125 -22.0000 3.8270 34 139 34
9.2500 -2.0000 13.1870 34 139 34
1.5625 19.5000 11.5720 34 139 34
1.0625 17.5000 11.1870 34 139 34
-5.3750 -2.0000 3.0900 180 120 60
1.6875 15.5000 9.5670 34 139 34
22.5625 -12.0000 2.5020 34 139 34
-1.8125 -21.5000 4.5700 34 139 34
-7.6250 -13.5000 3.2120 180 120 60
-1.5000 -6.5000 3.2020 180 120 60
19.6875 23.5000 8.9430 34 139 34
17.5000 0.5000 6.4460 255 165 0
9.8750 0.0000 10.3330 34 139 34
24.6875 11.5000 16.8560 34 139 34
4.5000 -6.0000 12.8970 34 139 34
-6.0625 12.0000 5.8370 180 120 60
-15.3750 -23.0000 6.2700 34 139 34
-2.7500 21.5000 11.8970 34 139 34
-2.5625 23.0000 11.4490 34 139 34
21.1875 21.5000 7.5350 34 139 34
-5.6250 16.5000 5.6700 180 120 60
-0.2500 -3.5000 5.2040 34 139 34
-3.4375 10.0000 5.6850 180 120 60
9.6250 25.5000 5.4410 34 139 34
-3.0625 -2.0000 3.0210 180 120 60
0.1875 19.5000 13.1050 34 139 34
13.4375 13.0000 10.6270 34 139 34
-5.9375 -11.0000 3.1570 180 120 60
12.5000 22.5000 4.7230 34 139 34
11.7500 -5.5000 0.8680 30 144 255
-17.8750 17.0000 5.2540 180 120 60
-5.3125 -1.0000 3.0460 180 120 60
8.7500 3.5000 6.2220 180 120 60
7.9375 16.5000 11.8450 34 139 34
7.0000 -17.0000 21.2890 34 139 34
-20.3125 -9.0000 3.3230 180 120 60
-22.2500 22.5000 5.1710 180 120 60
-20.5000 -10.0000 3.2620 180 120 60
-20.9375 -19.5000 15.8060 34 139 34
5.1250 -6.5000 7.0980 34 139 34
12.0000 -8.0000 5.5430 34 139 34
-14.8125 -19.5000 3.2820 180 120 60
4.3125 20.5000 11.4240 34 139 34
-14.5000 -17.5000 3.4580 180 120 60
-4.2500 0.0000 3.5310 34 139 34
17.5625 -21.0000 2.3480 34 139 34
-0.5000 10.5000 5.9600 180 120 60
-17.6250 -19.5000 15.4740 34 139 34
1.7500 15.5000 10.0870 34 139 34
-3.6250 -15.0000 14.3420 34 139 34
24.6250 0.5000 6.5760 255 165 0
0.2500 4.0000 13.2310 34 139 34
-22.2500 -22.5000 13.7640 34 139 34
23.0000 1.5000 13.8600 34 139 34
-12.3125 8.5000 6.3740 34 139 34
-23.9375 -18.0000 6.1470 34 139 34
-6.8750 15.0000 5.7150 180 120 60
17.4375 21.5000 13.1680 34 139 34
9.6250 -1.0000 12.5750 34 139 34
2.5000 3.0000 16.9520 34 139 34
3.5625 -2.5000 9.7230 34 139 34
8.9375 -12.5000 9.9040 34 139 34
-23.2500 -21.5000 12.2260 34 139 34
23.2500 20.5000 10.9080 34 139 34
-17.5625 8.5000 5.5550 34 139 34
15.8750 3.0000 6.4070 255 165 0
3.8750 5.5000 5.6530 180 120 60
-1.8125 -3.5000 6.1590 34 139 34
3.9375 -9.0000 15.5350 34 139 34
-22.8125 -3.0000 3.2130 180 120 60
-11.3750 17.0000 5.5840 180 120 60
-16.8125 -2.0000 3.0620 180 120 60
-3.9375 5.0000 6.4510 34 139 34
-22.0625 23.5000 5.1840 180 120 60
21.7500 -2.0000 6.4720 255 165 0
8.6250 21.0000 3.6880 180 120 60
14.1875 9.0000 6.5490 180 120 60
12.4375 11.5000 8.5450 34 139 34
23.2500 -3.0000 6.6350 255 165 0
-0.0625 -6.0000 8.6230 34 139 34
8.3750 8.5000 6.2510 180 120 60
-0.6875 6.0000 9.0820 34 139 34
21.1250 -6.5000 2.4770 34 139 34
-14.6250 -5.5000 3.1880 180 120 60
-21.3125 -9.0000 3.3670 180 120 60
-3.1250 22.5000 11.4440 34 139 34
7.8750 -8.0000 13.8140 34 139 34
-21.1250 -11.0000 3.3870 180 120 60
16.8750 3.0000 6.4660 255 165 0
-5.3125 11.0000 5.7900 180 120 60
20.0000 -23.5000 3.6990 34 139 34
22.7500 25.0000 7.0010 34 139 34
0.5625 8.5000 5.9430 180 120 60
-4.5000 23.5000 8.9730 34 139 34
-11.8750 3.0000 2.9970 180 120 60
-5.8125 17.0000 5.6900 180 120 60
-13.4375 5.0000 2.9180 180 120 60
-20.6875 18.5000 6.0300 34 139 34
-16.1250 -11.0000 3.2730 180 120 60
-14.0000 7.0000 7.2940 34 139 34
-22.5000 -23.5000 19.9090 34 139 34
2.8125 -23.0000 7.3940 34 139 34
23.1250 11.0000 14.2440 34 139 34
10.3125 -6.5000 9.4410 34 139 34
20.8125 -11.0000 2.3000 180 120 60
24.5625 -1.0000 6.5780 255 165 0
8.1875 4.5000 6.2500 180 120 60
10.9375 19.5000 3.5720 180 120 60
-4.3750 -7.5000 3.0760 180 120 60
22.8750 -2.5000 6.5100 255 165 0
-15.8750 8.5000 9.2570 34 139 34
-12.6875 10.5000 12.2570 34 139 34
6.6875 -18.5000 22.7960 34 139 34
10.6875 -8.5000 7.2490 34 139 34
-8.7500 -18.5000 3.3600 180 120 60
-7.7500 13.5000 5.7140 180 120 60
-11.9375 -9.0000 3.2540 34 139 34
16.1875 24.5000 14.2110 34 139 34
-0.5625 20.0000 12.8600 34 139 34
5.6250 -18.5000 21.9700 34 139 34
-22.0625 0.0000 3.0790 180 120 60
-17.1875 -11.0000 3.2300 180 120 60
23.4375 -2.0000 6.5200 255 165 0
9.0625 8.5000 6.2430 180 120 60
3.8750 -1.0000 10.2290 34 139 34
-0.5625 22.5000 11.0930 34 139 34
14.4375 12.5000 9.8590 34 139 34
0.2500 -2.0000 3.1150 180 120 60
6.1875 -10.5000 16.2260 34 139 34
24.6875 -17.0000 3.4850 34 139 34
13.9375 12.5000 10.2260 34 139 34
-19.9375 -21.5000 5.0700 34 139 34
7.6875 -23.0000 6.7460 34 139 34
-14.4375 -0.5000 2.9810 180 120 60
-2.6250 -20.0000 15.5690 34 139 34
16.1250 21.0000 2.0550 34 139 34
-14.5625 5.0000 2.9510 180 120 60
-2.5000 15.5000 7.1770 128 128 128
-24.5000 -23.0000 17.8020 34 139 34
5.5625 18.5000 12.1630 34 139 34
16.7500 -24.5000 2.5830 34 139 34
2.0625 17.5000 10.6590 34 139 34
8.3125 -13.5000 17.4680 34 139 34
-10.3125 -5.5000 3.1460 180 120 60
22.5000 7.0000 11.2020 34 139 34
-6.0000 23.0000 9.1960 34 139 34
-18.8125 -22.5000 17.7380 34 139 34
7.3750 -24.0000 6.7470 34 139 34
5.6250 3.5000 13.0410 34 139 34
-4.4375 6.0000 15.7110 34 139 34
-19.6250 18.5000 5.1180 180 120 60
-15.4375 13.5000 4.0920 180 120 60
-12.5000 16.5000 5.4700 180 120 60
0.9375 -21.0000 6.9750 220 50 50
-15.5000 20.5000 5.4050 180 120 60
-15.5625 -0.5000 3.0660 180 120 60
18.0000 -18.0000 5.1690 34 139 34
-22.6250 -5.5000 3.3160 180 120 60
-11.3125 20.5000 5.3970 180 120 60
-4.7500 15.5000 5.7970 180 120 60
-19.3750 -19.5000 16.1040 34 139 34
-1.1875 -1.0000 3.0740 180 120 60
-18.8750 0.0000 3.0600 180 120 60
-22.8125 -22.0000 18.5540 34 139 34
6.6875 -7.5000 15.9810 34 139 34
14.1875 20.0000 15.5820 34 139 34
22.5000 -23.5000 3.4200 180 120 60
-0.1250 -14.5000 16.3000 34 139 34
-20.7500 -0.5000 3.0830 180 120 60
18.0625 -17.5000 6.4800 34 139 34
8.8125 13.0000 9.2030 34 139 34
14.5625 8.0000 6.4360 180 120 60
-14.6875 -13.0000 3.3480 180 120 60
-22.2500 -20.0000 16.7210 34 139 34
1.0000 24.0000 8.5930 34 139 34
24.3750 -4.0000 6.6520 255 165 0
-22.0625 -7.5000 3.3650 180 120 60
-16.9375 7.5000 7.8220 34 139 34
0.9375 -19.5000 7.1150 220 50 50
-20.8750 -1.0000 3.0960 180 120 60
-14.3750 12.5000 10.5990 34 139 34
-3.8750 24.0000 9.9710 34 139 34
1.1875 4.5000 16.7820 34 139 34
8.6250 -13.0000 11.1470 34 139 34
3.3750 24.0000 3.6280 180 120 60
19.5625 -7.5000 1.0270 180 120 60
5.1250 21.0000 10.6340 34 139 34
-12.1875 -9.0000 3.2270 180 120 60
-9.1875 1.0000 3.0560 180 120 60
-18.6875 -13.0000 3.2950 180 120 60
4.6250 -22.0000 21.4520 34 139 34
-24.6875 20.5000 6.7890 34 139 34
22.7500 1.5000 6.4820 255 165 0
-15.1875 -8.5000 3.2350 180 120 60
7.1875 -8.0000 13.2840 34 139 34
-9.0625 4.0000 3.4580 34 139 34
0.1875 -5.5000 9.5100 34 139 34
-17.7500 13.0000 7.5150 34 139 34
3.0000 16.0000 10.3430 34 139 34
-23.0000 -18.0000 5.7840 34 139 34
10.0000 9.5000 6.1500 180 120 60
6.3125 22.0000 8.6240 34 139 34
2.3125 -13.5000 14.4180 34 139 34
17.3750 4.5000 6.4780 255 165 0
8.3750 -4.0000 11.8890 34 139 34
-14.0000 21.0000 5.4250 180 120 60
-17.9375 13.5000 7.9790 34 139 34
-1.3750 -3.0000 7.4870 34 139 34
23.1875 13.5000 12.2730 34 139 34
1.2500 14.0000 5.8880 180 120 60
3.4375 -5.5000 8.6390 34 139 34
-6.1875 5.5000 5.3110 34 139 34
-19.7500 11.0000 2.9680 180 120 60
-14.8750 -18.5000 3.3400 180 120 60
-21.7500 17.0000 7.8920 34 139 34
-12.9375 15.5000 5.5190 180 120 60
20.0625 16.0000 6.7110 34 139 34
-24.5000 -14.5000 3.4480 180 120 60
20.6250 14.0000 14.0920 34 139 34
5.6250 -3.0000 9.0210 34 139 34
20.1250 5.0000 6.5130 255 165 0
19.5625 -1.0000 6.5180 255 165 0
-11.9375 -8.5000 3.2380 180 120 60
10.8750 -12.5000 8.3140 34 139 34
-12.4375 9.0000 6.4060 34 139 34
4.0000 15.0000 10.4610 34 139 34
3.6250 22.0000 10.1230 34 139 34
19.7500 -20.0000 2.2550 180 120 60
-13.2500 23.5000 5.3620 180 120 60
4.8125 18.5000 12.2790 34 139 34
1.1250 -12.5000 17.1900 34 139 34
-0.1875 -22.0000 3.9740 180 120 60
-14.1875 8.5000 7.0490 34 139 34
-13.9375 -5.5000 3.1520 180 120 60
5.3750 11.0000 6.0530 180 120 60
-17.9375 -3.0000 3.1800 180 120 60
-21.4375 -17.0000 12.4080 34 139 34
2.0625 -21.0000 6.7890 220 50 50
-16.1250 14.5000 5.5110 34 139 34
16.4375 4.5000 6.4450 255 165 0
-22.9375 -17.5000 6.1320 34 139 34
24.5625 24.5000 5.8170 34 139 34
-9.6250 -0.5000 3.0690 180 120 60
-4.0000 6.5000 15.2660 34 139 34
-1.4375 7.0000 5.8220 34 139 34
-17.6875 -6.0000 3.2240 180 120 60
4.3125 16.0000 11.5190 34 139 34
21.0625 6.0000 6.6350 255 165 0
11.9375 -23.5000 6.0050 34 139 34
7.9375 -8.0000 14.1070 34 139 34
-21.6250 -8.5000 3.3670 180 120 60
20.6875 22.0000 5.7250 34 139 34
-13.1250 4.0000 2.9590 180 120 60
-18.0000 -14.5000 3.4040 180 120 60
-10.6875 25.0000 8.4740 34 139 34
-23.9375 5.5000 2.9860 180 120 60
10.4375 -14.0000 8.7330 34 139 34
19.0000 -16.5000 7.0480 34 139 34
-22.6250 -7.0000 3.2960 180 120 60
1.3750 11.0000 6.0220 180 120 60
4.9375 -18.5000 18.9110 34 139 34
-5.8750 4.0000 15.1880 34 139 34
-24.6250 -13.5000 3.3470 180 120 60
-23.1250 -19.5000 6.4440 34 139 34
15.5000 2.0000 6.4340 255 165 0
10.6875 -6.0000 3.5840 34 139 34
13.1250 18.0000 11.2920 34 139 34
-15.5000 19.0000 5.4170 180 120 60
-24.1875 21.0000 5.2660 34 139 34
10.4375 21.5000 3.5700 180 120 60
8.0625 -15.0000 19.3680 34 139 34
20.6875 -21.0000 3.3280 34 139 34
21.5000 25.5000 14.7280 34 139 34
-9.6250 17.5000 5.6150 180 120 60
24.1250 -6.0000 2.9110 180 120 60
-24.1250 -18.5000 6.2800 34 139 34
-10.5625 -18.0000 3.2560 180 120 60
-1.2500 0.0000 3.8870 34 139 34
-7.1875 -10.5000 3.1790 180 120 60
-24.1250 -4.0000 3.2730 180 120 60
-15.3750 -22.5000 6.4610 34 139 34
6.8125 -19.0000 18.4160 34 139 34
-1.7500 7.0000 14.7740 34 139 34
18.8750 13.5000 11.3190 34 139 34
-5.1250 -19.5000 12.0870 34 139 34
13.1875 7.0000 6.3850 180 120 60
-1.8750 14.0000 5.8740 180 120 60
9.8750 -6.5000 8.9680 34 139 34
-22.2500 14.0000 7.5550 34 139 34
3.1250 -7.5000 16.7510 34 139 34
-4.5625 11.0000 5.8390 180 120 60
11.9375 9.0000 6.3140 180 120 60
16.3125 -22.0000 2.5270 34 139 34
-13.5625 -15.5000 3.3890 180 120 60
-15.1250 -10.5000 3.2870 180 120 60
-5.5625 -13.5000 10.4640 34 139 34
-18.5000 5.5000 4.5440 34 139 34
-2.5000 2.0000 17.4160 34 139 34
-6.1875 -8.5000 3.1350 180 120 60
-5.8750 17.0000 5.6180 180 120 60
-14.6875 8.5000 5.0780 34 139 34
-17.4375 -21.0000 16.2470 34 139 34
-8.6875 -6.5000 3.0660 180 120 60
-5.3125 -13.0000 13.3690 34 139 34
2.6250 4.0000 15.0700 34 139 34
-8.9375 -19.0000 3.3490 180 120 60
-15.0000 -7.5000 3.1330 180 120 60
3.5000 10.0000 6.1110 180 120 60
6.1875 -2.5000 13.0550 34 139 34
19.3750 -16.5000 7.0870 34 139 34
-6.3125 4.0000 6.3310 34 139 34
-20.8750 25.0000 5.2580 180 120 60
-4.0625 -19.0000 15.3280 34 139 34
5.8125 -9.5000 17.0100 34 139 34
-17.7500 23.5000 5.3030 180 120 60
1.6250 4.5000 13.2340 34 139 34
-12.0625 20.0000 5.4890 180 120 60
-7.1250 22.5000 5.2710 180 120 60
-3.9375 -7.0000 3.0700 180 120 60
5.4375 -4.5000 12.3210 34 139 34
-15.1250 13.0000 6.2900 34 139 34
-8.0625 -16.0000 3.2010 180 120 60
-13.7500 12.0000 6.1120 34 139 34
22.3750 14.5000 13.8720 34 139 34
3.0625 -3.5000 5.7690 34 139 34
-10.6875 7.0000 6.2210 34 139 34
-5.4375 -5.5000 3.0960 180 120 60
-2.0000 2.0000 15.7260 34 139 34
-14.3750 6.0000 6.4560 34 139 34
-0.1250 -10.0000 16.7300 34 139 34
23.6250 4.5000 18.6510 34 139 34
-22.1250 23.0000 5.1810 180 120 60
-16.0000 6.0000 11.8240 34 139 34
14.7500 17.5000 12.0400 34 139 34
-12.3125 19.0000 5.5030 180 120 60
20.7500 21.5000 7.7520 34 139 34
-4.6250 18.0000 5.5810 180 120 60
1.8750 5.5000 15.0310 34 139 34
-7.1250 12.5000 5.7410 180 120 60
8.7500 -20.0000 2.6300 34 139 34
-1.6250 -17.0000 12.5150 34 139 34
10.5625 1.0000 7.4740 34 139 34
-9.1250 11.5000 8.4730 34 139 34
18.7500 15.0000 11.6390 34 139 34
0.4375 -18.5000 15.0280 34 139 34
-20.6250 -9.0000 3.3560 180 120 60
-6.0625 13.5000 5.8140 180 120 60
-23.6250 -2.5000 3.2040 180 120 60
-11.3750 -6.5000 3.2000 180 120 60
-16.3125 -22.0000 6.6020 34 139 34
2.8125 -16.5000 16.8560 34 139 34
-22.3750 21.5000 5.1550 180 120 60
-20.8125 0.0000 3.0680 180 120 60
-12.3125 -8.5000 3.2430 180 120 60
17.5625 -14.0000 2.4520 34 139 34
-23.5000 8.5000 2.9520 180 120 60
-11.0625 9.5000 6.2070 34 139 34
17.5625 -19.0000 6.7850 34 139 34
6.8125 -15.5000 20.8440 34 139 34
2.3750 0.5000 19.3600 34 139 34
18.0625 -18.0000 7.7670 34 139 34
5.3125 18.0000 12.4340 34 139 34
-7.0000 10.5000 6.6980 34 139 34
-17.3125 -10.5000 3.2280 180 120 60
-0.1250 -6.5000 3.0970 180 120 60
18.0625 -22.5000 3.0720 34 139 34
21.8750 21.5000 9.3520 34 139 34
21.2500 21.0000 5.3290 34 139 34
-18.4375 8.5000 2.9040 180 120 60
-16.7500 24.0000 5.3330 180 120 60
8.5625 -17.5000 0.8460 180 120 60
14.0625 7.0000 6.3490 180 120 60
9.0000 -5.5000 12.8020 34 139 34
-12.3125 15.5000 5.5640 180 120 60
-2.3125 8.0000 5.4690 180 120 60
-9.3750 -19.0000 3.3310 180 120 60
-13.1875 20.5000 5.4280 180 120 60
3.6875 -14.0000 14.7520 34 139 34
18.9375 6.5000 6.5890 255 165 0
10.5000 4.0000 6.2940 180 120 60
15.0625 2.0000 6.3680 255 165 0
-6.8125 14.0000 5.7560 180 120 60
-11.3125 21.5000 5.4090 180 120 60
-19.8125 -17.0000 6.8620 34 139 34
18.9375 -19.0000 2.4930 180 120 60
1.6875 12.5000 5.9710 180 120 60
21.7500 6.0000 14.8660 34 139 34
-19.4375 6.0000 2.9740 180 120 60
-12.7500 -24.0000 5.6910 34 139 34
-18.6875 -20.0000 15.2800 34 139 34
-21.0000 18.5000 5.8610 34 139 34
-3.4375 -13.5000 16.2890 34 139 34
-4.8125 2.0000 15.6610 34 139 34
