ply
format ascii 1.0
element vertex 15985
property float x
property float y
property float z
property uchar red
property uchar green
property uchar blue
end_header
-8.1250 7.0000 5.0530 220 50 50
-6.0625 -14.0000 4.4850 220 50 50
-9.3125 2.0000 1.2640 180 120 60
-1.1875 18.5000 2.0940 128 128 128
10.6250 2.5000 4.2270 220 50 50
-17.6250 8.0000 3.0350 128 128 128
3.5000 -15.0000 6.1070 220 50 50
9.5625 16.0000 1.2260 180 120 60
20.9375 -6.5000 2.2790 128 128 128
-12.0625 -17.0000 5.2350 220 50 50
12.4375 2.5000 4.0710 220 50 50
-13.0625 10.0000 1.7930 128 128 128
-6.4375 -4.0000 1.0740 180 120 60
12.0000 -6.0000 4.1810 220 50 50
11.6250 -13.5000 1.0080 180 120 60
13.1875 26.0000 1.1870 128 128 128
-7.1250 -8.5000 1.1460 180 120 60
24.1250 9.5000 0.1560 30 144 255
3.0000 -2.5000 1.1710 180 120 60
-17.4375 -9.0000 3.7110 220 50 50
-18.5625 15.5000 0.1330 180 120 60
-19.3750 1.0000 0.1490 30 144 255
3.2500 11.0000 5.3370 128 128 128
15.6250 -0.5000 4.0940 220 50 50
-9.0000 -7.0000 1.1090 180 120 60
-13.1250 -20.5000 1.1190 180 120 60
4.6250 24.0000 0.1270 180 120 60
-17.9375 26.0000 5.4270 220 50 50
19.0000 -2.5000 4.0470 220 50 50
3.6250 -14.5000 1.3970 128 128 128
-12.7500 -22.0000 4.1960 220 50 50
-24.1875 -14.0000 0.1400 30 144 255
-21.0625 -14.0000 0.5340 128 128 128
17.5625 5.0000 1.6210 128 128 128
-23.1250 -9.5000 0.1670 30 144 255
-4.3125 22.5000 0.1070 180 120 60
-13.3125 -1.5000 1.0430 180 120 60
19.0000 7.0000 1.3190 128 128 128
4.0625 20.5000 1.3140 180 120 60
11.8125 -19.0000 0.9720 180 120 60
-23.7500 20.5000 2.0060 180 120 60
-15.8125 3.5000 1.2930 180 120 60
-11.6875 1.0000 1.2200 180 120 60
-15.6875 -8.0000 1.1570 180 120 60
5.1875 -3.0000 3.9600 220 50 50
-11.0000 -20.5000 4.2110 220 50 50
20.5000 -4.0000 4.0690 220 50 50
17.5000 -5.0000 4.3470 220 50 50
-7.2500 -19.0000 4.2300 220 50 50
22.0000 2.0000 1.0170 180 120 60
-18.2500 -20.0000 1.1310 180 120 60
-9.1250 15.0000 0.9990 180 120 60
15.7500 11.0000 1.0770 180 120 60
6.3125 -16.0000 1.0890 180 120 60
22.9375 4.5000 1.0520 180 120 60
3.1875 18.5000 1.6710 128 128 128
18.2500 -14.5000 1.0720 180 120 60
-8.7500 -13.5000 4.0610 220 50 50
-22.1250 18.0000 1.9360 180 120 60
4.7500 -6.5000 1.1100 180 120 60
18.4375 -13.0000 1.0840 180 120 60
-22.2500 9.0000 0.1510 30 144 255
14.8750 25.0000 0.6510 180 120 60
-15.6875 9.5000 2.0580 255 165 0
-17.6250 10.0000 2.0250 255 165 0
-4.9375 25.5000 0.1310 180 120 60
-2.7500 13.5000 5.5000 220 50 50
4.1250 13.5000 1.2040 180 120 60
13.0625 -11.0000 3.6790 128 128 128
-18.0625 15.0000 0.1420 180 120 60
-21.1250 -23.5000 1.5280 128 128 128
17.6250 -16.0000 1.0080 180 120 60
23.3125 -9.0000 1.7090 128 128 128
1.8750 17.5000 4.5620 128 128 128
3.1250 -8.5000 1.0860 180 120 60
21.5000 -19.5000 0.9830 180 120 60
5.8125 18.5000 3.2450 128 128 128
24.0000 10.0000 0.1320 30 144 255
-9.3750 -8.0000 5.0010 220 50 50
-4.7500 19.5000 0.7200 180 120 60
-8.4375 -9.0000 5.0160 220 50 50
19.9375 1.0000 1.0350 180 120 60
7.2500 7.0000 4.1090 220 50 50
-11.8125 8.0000 1.7350 180 120 60
-2.3125 4.0000 5.3320 220 50 50
2.8125 -12.0000 1.0910 180 120 60
-18.5625 -2.0000 0.1290 30 144 255
6.2500 13.0000 1.1970 180 120 60
17.6875 14.0000 1.0720 180 120 60
-14.1250 14.5000 0.1420 180 120 60
-7.1250 26.0000 0.1460 180 120 60
10.9375 12.5000 1.1230 180 120 60
-1.5000 -19.0000 5.8730 220 50 50
12.0625 1.0000 4.2610 220 50 50
-23.7500 -13.5000 0.1410 30 144 255
-23.2500 -5.0000 0.1290 30 144 255
-21.1875 3.0000 0.1360 30 144 255
-20.6875 3.0000 0.1250 30 144 255
2.9375 -15.5000 6.2440 220 50 50
-15.7500 16.0000 0.1410 180 120 60
-6.8750 0.5000 1.2000 180 120 60
-2.2500 -3.0000 1.1300 180 120 60
-5.9375 -20.0000 4.2380 220 50 50
18.3750 -21.5000 0.9260 180 120 60
12.6875 -1.0000 4.4620 220 50 50
24.0000 -19.0000 5.2940 220 50 50
-8.0000 9.5000 2.0000 128 128 128
10.1250 20.0000 0.2950 128 128 128
9.6875 -13.0000 0.9890 180 120 60
-1.9375 5.5000 5.7610 220 50 50
21.5625 0.0000 1.0250 180 120 60
-22.8125 -9.0000 0.1380 30 144 255
-0.6875 9.5000 5.9230 220 50 50
-15.1250 -3.5000 1.1130 180 120 60
-19.6250 -16.5000 1.0880 180 120 60
-9.2500 -10.0000 5.2990 220 50 50
-20.3125 -16.5000 1.0760 180 120 60
-9.5000 -1.5000 1.1560 180 120 60
23.0625 -0.5000 1.0080 180 120 60
10.6250 15.5000 1.1850 180 120 60
-21.5000 -13.0000 0.3040 128 128 128
17.4375 -13.0000 1.0420 180 120 60
15.0625 -14.5000 1.0540 180 120 60
13.0625 -3.5000 4.6000 220 50 50
-6.5000 7.5000 5.3970 220 50 50
-1.0000 24.5000 0.1580 180 120 60
12.8125 -2.5000 4.5680 220 50 50
-6.5000 -15.0000 4.2240 220 50 50
14.6875 -10.0000 3.9220 220 50 50
-6.1875 -4.5000 1.0940 180 120 60
25.5000 3.5000 1.1300 180 120 60
-0.8750 -11.5000 1.1950 128 128 128
8.3125 -7.0000 1.5020 128 128 128
-13.1875 -5.0000 1.1140 180 120 60
9.0625 -0.5000 4.5940 220 50 50
1.5625 12.5000 4.8880 128 128 128
10.4375 15.0000 2.3920 128 128 128
24.6250 1.0000 0.9440 180 120 60
6.2500 -20.0000 3.7810 220 50 50
-11.6875 -18.5000 1.2920 220 50 50
-10.2500 -7.5000 5.0020 220 50 50
1.2500 5.5000 6.3050 220 50 50
-12.8750 0.0000 1.1590 180 120 60
20.3750 -13.5000 3.8140 220 50 50
-6.7500 -5.5000 1.0690 180 120 60
19.4375 23.0000 0.1250 30 144 255
25.3125 -16.0000 5.3120 220 50 50
21.8125 -8.5000 1.0910 180 120 60
7.1250 -16.0000 1.0550 180 120 60
-5.6250 11.5000 2.0960 220 50 50
-6.8125 21.0000 0.1530 180 120 60
-9.5000 1.0000 1.2190 180 120 60
-14.0625 3.5000 1.5240 180 120 60
14.5625 12.5000 1.1470 180 120 60
21.5000 -21.5000 0.8970 180 120 60
-17.8750 20.0000 0.2040 128 128 128
-16.7500 5.0000 1.0470 180 120 60
20.0625 -7.0000 1.1160 180 120 60
13.8125 18.0000 5.6510 128 128 128
-16.5625 2.0000 1.2760 128 128 128
9.5000 -15.0000 1.0470 180 120 60
2.7500 11.5000 2.2230 128 128 128
24.7500 -14.5000 4.9150 220 50 50
-10.0000 -20.5000 5.2920 220 50 50
10.6875 -23.5000 5.2770 220 50 50
-24.0000 23.5000 1.5220 180 120 60
21.0625 -18.0000 1.0120 180 120 60
19.9375 6.5000 1.2590 128 128 128
-23.6875 -0.5000 0.1390 30 144 255
17.1875 11.0000 1.1160 180 120 60
-23.8750 2.5000 0.1510 30 144 255
-22.6250 -14.5000 0.1280 30 144 255
15.6250 14.5000 0.2030 180 120 60
-23.3125 -23.0000 0.9510 128 128 128
-10.4375 15.5000 0.1240 180 120 60
-5.6875 -18.0000 5.1000 220 50 50
-4.5625 -4.0000 1.1180 180 120 60
-4.6250 26.0000 0.1650 180 120 60
-17.8750 -10.0000 1.8090 220 50 50
18.7500 5.5000 1.1440 180 120 60
22.8125 -9.0000 1.2380 180 120 60
12.8125 10.5000 0.9910 180 120 60
-6.6250 8.5000 5.5630 220 50 50
-24.1250 13.5000 0.3880 128 128 128
14.6875 23.5000 5.3040 128 128 128
-5.2500 16.0000 1.2570 180 120 60
-12.7500 18.5000 0.1570 180 120 60
-4.8125 5.0000 5.2160 220 50 50
24.8125 -22.5000 0.9130 180 120 60
-9.6250 -17.5000 5.0360 220 50 50
20.4375 -6.5000 2.3470 220 50 50
-5.0000 20.5000 0.1540 180 120 60
-9.4375 -10.5000 5.3700 220 50 50
0.6875 9.5000 5.6440 220 50 50
-13.1875 -19.0000 2.2530 128 128 128
7.3125 -18.0000 1.9230 128 128 128
11.6250 -12.0000 3.6420 128 128 128
-20.3750 8.0000 0.1080 30 144 255
3.0000 1.0000 4.3000 220 50 50
-24.1875 20.5000 1.9770 180 120 60
21.3750 15.0000 0.1320 30 144 255
-19.0000 20.0000 1.0010 128 128 128
9.1250 21.5000 1.1270 128 128 128
-24.1250 -12.5000 0.1400 30 144 255
13.2500 -22.0000 3.3550 128 128 128
1.1875 18.5000 1.2100 180 120 60
-21.9375 20.5000 1.2940 180 120 60
-16.3125 -9.5000 3.9890 220 50 50
16.3125 24.5000 0.4260 128 128 128
5.6875 -13.0000 1.0500 180 120 60
22.4375 -9.0000 1.1500 180 120 60
19.3750 -7.0000 4.4790 220 50 50
7.5000 -14.5000 1.0540 180 120 60
23.8125 -9.0000 1.8830 128 128 128
-14.1875 3.5000 1.5760 180 120 60
-13.6875 -1.0000 1.0500 180 120 60
6.4375 24.5000 0.1450 180 120 60
-4.7500 22.0000 0.1180 180 120 60
-3.3750 18.5000 1.1600 180 120 60
-11.8750 0.5000 1.1760 180 120 60
-21.8750 12.0000 3.0320 128 128 128
16.6250 -22.5000 0.9450 180 120 60
-8.8750 -20.5000 5.4090 220 50 50
1.3750 -10.0000 1.1110 180 120 60
2.5625 10.5000 5.1820 220 50 50
-1.6875 3.0000 5.2730 220 50 50
16.9375 4.5000 1.6620 128 128 128
-10.1875 -7.5000 5.0050 220 50 50
11.9375 -11.5000 3.6440 128 128 128
-20.9375 -10.0000 0.2990 128 128 128
-16.7500 -8.0000 3.7690 220 50 50
10.1875 22.0000 1.0890 128 128 128
-16.1875 17.0000 0.1720 180 120 60
-20.1250 9.0000 0.1460 30 144 255
2.6875 10.5000 5.1660 220 50 50
11.4375 9.0000 1.0510 180 120 60
-18.1250 11.0000 2.1000 255 165 0
3.8750 19.5000 1.2700 180 120 60
24.5625 -6.0000 1.1310 180 120 60
0.5000 -18.0000 6.9520 220 50 50
-5.8750 -2.0000 1.1360 180 120 60
22.0625 7.5000 1.1270 180 120 60
-10.7500 7.0000 1.5860 180 120 60
-15.1875 16.5000 0.1340 180 120 60
-14.6875 9.0000 2.0420 255 165 0
-5.5625 -15.0000 5.1640 220 50 50
-22.7500 25.0000 4.6820 220 50 50
-2.1250 -11.0000 4.1060 220 50 50
3.1875 -21.0000 3.8500 220 50 50
6.3750 24.0000 0.1280 180 120 60
-6.9375 -4.5000 1.0810 180 120 60
25.1875 -23.0000 0.9290 180 120 60
-6.0000 22.5000 0.1140 180 120 60
-19.4375 14.5000 2.1000 255 165 0
-18.1875 19.5000 0.1120 180 120 60
19.6250 -8.5000 1.0880 180 120 60
12.2500 -5.0000 4.3060 220 50 50
-12.3125 19.0000 0.1220 180 120 60
-7.5000 16.5000 1.1070 180 120 60
-8.7500 10.0000 1.4050 180 120 60
-2.6250 0.0000 1.2140 180 120 60
-14.1250 -18.0000 1.2160 180 120 60
-0.3750 0.5000 1.2370 180 120 60
-7.3750 -3.0000 1.1210 180 120 60
-14.5625 -8.0000 1.1540 180 120 60
16.2500 -14.0000 1.0900 180 120 60
-0.2500 22.0000 0.7140 180 120 60
5.8125 -12.0000 1.0350 180 120 60
-0.8750 -20.0000 5.8320 220 50 50
23.2500 -21.5000 0.9080 180 120 60
-14.3125 -11.5000 4.5350 220 50 50
22.8125 5.0000 1.0730 180 120 60
-16.7500 -13.5000 4.3070 220 50 50
-10.1875 13.5000 0.8920 180 120 60
11.0000 19.0000 0.6600 180 120 60
-8.2500 -4.0000 1.0710 180 120 60
2.8750 -15.0000 6.1300 220 50 50
-0.8125 -23.0000 5.6900 220 50 50
20.9375 -3.0000 1.1500 180 120 60
23.2500 -10.5000 4.5150 220 50 50
2.8750 -2.0000 3.9000 220 50 50
-7.6250 17.5000 0.5640 180 120 60
0.8125 11.5000 5.2230 220 50 50
-4.8125 -18.5000 5.1940 220 50 50
19.2500 -14.5000 1.1170 180 120 60
-22.7500 -18.5000 0.1470 30 144 255
-6.6250 -18.0000 5.3170 220 50 50
-9.2500 -18.0000 5.1170 220 50 50
17.6250 -5.0000 4.3540 220 50 50
-5.6250 9.0000 5.8500 220 50 50
18.0000 15.5000 0.8940 180 120 60
-22.4375 -14.0000 0.1510 30 144 255
20.3750 15.0000 0.9270 180 120 60
-3.1250 -19.5000 5.7440 220 50 50
-2.5000 7.5000 6.0750 220 50 50
23.2500 0.5000 0.9530 180 120 60
4.4375 14.5000 2.4220 128 128 128
21.3125 0.5000 0.9870 180 120 60
10.8750 -16.5000 1.0050 180 120 60
6.6875 -3.0000 4.0790 220 50 50
-22.4375 -4.0000 0.1060 30 144 255
20.8750 20.5000 0.1440 30 144 255
8.0000 6.0000 4.1030 220 50 50
13.8125 -15.5000 0.9860 180 120 60
-18.6875 -24.0000 0.8190 180 120 60
12.4375 20.5000 1.3260 128 128 128
-19.3125 9.0000 2.1310 255 165 0
22.9375 12.0000 0.1220 30 144 255
4.2500 3.5000 4.6520 220 50 50
19.9375 -6.5000 4.3450 220 50 50
12.3750 -6.0000 4.2290 220 50 50
-18.9375 -8.0000 0.2220 180 120 60
-20.9375 2.0000 0.1360 30 144 255
7.4375 -6.0000 1.5670 128 128 128
-4.2500 -12.5000 5.6030 220 50 50
11.7500 1.5000 4.2580 220 50 50
7.0625 20.5000 0.2990 180 120 60
7.3125 -5.0000 3.9160 220 50 50
-23.3125 -23.0000 0.1670 30 144 255
6.8125 -16.0000 1.0730 180 120 60
-21.0000 -24.0000 1.4670 128 128 128
-18.5000 -13.5000 3.9380 220 50 50
14.6875 11.0000 1.0610 180 120 60
-4.0000 -20.5000 5.6710 220 50 50
19.4375 18.5000 0.2100 128 128 128
-17.1250 -9.5000 3.8130 220 50 50
11.2500 -11.0000 1.0630 180 120 60
19.5625 23.0000 0.1410 30 144 255
-18.4375 -13.0000 3.9530 220 50 50
-13.4375 12.0000 0.4300 180 120 60
-0.3750 12.0000 5.3470 220 50 50
20.3125 1.5000 1.0040 180 120 60
-7.2500 -20.5000 5.0380 220 50 50
-1.9375 1.0000 1.2440 180 120 60
0.8750 -11.5000 1.2310 128 128 128
-23.1250 6.5000 0.1520 30 144 255
-23.9375 -18.5000 0.1390 30 144 255
-14.2500 19.5000 0.1130 180 120 60
0.8125 -9.5000 1.0870 180 120 60
12.3750 17.0000 0.1900 128 128 128
-16.5000 10.5000 2.0570 255 165 0
19.3125 14.0000 1.0790 180 120 60
-10.7500 20.5000 0.1340 180 120 60
9.3750 -5.5000 4.0700 220 50 50
-4.3750 9.5000 6.1770 220 50 50
4.1875 -9.5000 1.0630 180 120 60
11.1250 9.0000 1.0630 180 120 60
-5.5625 18.0000 1.1080 180 120 60
11.3750 -18.5000 0.9850 180 120 60
-8.4375 -17.0000 5.2030 220 50 50
-3.8125 -10.5000 4.3860 220 50 50
-2.8125 -20.0000 5.7610 220 50 50
-1.3125 22.5000 0.2000 180 120 60
-12.1250 -10.0000 5.6230 220 50 50
21.8125 20.5000 0.9130 180 120 60
16.0000 -20.5000 0.9420 180 120 60
15.5625 17.0000 0.2220 128 128 128
21.8750 -17.0000 4.6880 220 50 50
-8.3125 -17.5000 4.2650 220 50 50
-17.8750 19.5000 0.1600 180 120 60
10.0000 4.0000 4.1420 220 50 50
-8.1250 -18.0000 4.2090 220 50 50
-11.1875 -6.0000 1.1030 180 120 60
-15.5625 -5.5000 1.1700 180 120 60
2.8125 -1.5000 1.2910 220 50 50
18.1875 13.5000 1.0800 180 120 60
-17.8750 -12.0000 3.9260 220 50 50
7.2500 23.5000 0.1270 180 120 60
24.7500 -5.5000 1.1060 180 120 60
-4.6250 14.5000 1.7800 128 128 128
-2.7500 -22.0000 5.5550 220 50 50
3.0000 -12.0000 1.0970 180 120 60
-1.8750 -0.5000 1.2060 180 120 60
-5.7500 -19.5000 5.0870 220 50 50
-20.1875 21.5000 1.1560 180 120 60
-16.2500 -18.5000 1.1670 180 120 60
-8.5000 15.0000 1.0930 180 120 60
-15.8125 6.0000 2.0000 255 165 0
20.8750 -2.5000 4.0460 220 50 50
-9.8750 -5.5000 1.0950 180 120 60
-5.3750 9.0000 5.8900 220 50 50
3.6875 -1.0000 4.1020 220 50 50
-12.5000 0.5000 1.1610 180 120 60
21.9375 -4.5000 2.2670 220 50 50
-15.8125 -7.5000 1.1550 180 120 60
14.2500 -4.5000 4.5760 220 50 50
-21.3750 24.0000 4.7360 220 50 50
-19.4375 24.0000 4.9370 220 50 50
-21.8125 -17.5000 1.8300 128 128 128
8.4375 22.5000 0.1000 180 120 60
-22.1250 -4.0000 0.1610 30 144 255
24.0000 -5.5000 1.1460 180 120 60
0.6875 -3.5000 1.1190 180 120 60
-5.0000 5.0000 5.1100 220 50 50
7.0625 -14.0000 1.0390 180 120 60
-15.0000 -2.0000 1.0860 180 120 60
-0.2500 -0.5000 1.2220 180 120 60
5.7500 -3.0000 3.9980 220 50 50
5.4375 12.5000 1.2210 180 120 60
11.3750 -12.0000 3.5820 128 128 128
3.0000 20.0000 1.2440 180 120 60
-17.5000 -6.0000 0.9680 180 120 60
0.5000 -3.5000 1.1400 180 120 60
9.5625 -9.0000 1.0900 180 120 60
-10.9375 2.5000 1.3140 180 120 60
-18.1250 -11.0000 3.8180 220 50 50
-3.4375 8.5000 6.1640 220 50 50
-23.8750 6.5000 0.1350 30 144 255
1.8125 -4.0000 3.0700 128 128 128
14.4375 -1.5000 4.3000 220 50 50
-2.3125 -15.0000 5.1150 220 50 50
4.6875 13.5000 1.3300 128 128 128
-22.0625 -21.0000 0.1370 180 120 60
-1.8750 -10.0000 1.0910 180 120 60
-20.0000 -19.5000 1.0550 180 120 60
-4.8750 -13.0000 4.2500 220 50 50
-22.6250 3.5000 0.1520 30 144 255
-3.5000 -16.5000 5.3650 220 50 50
6.5000 -11.5000 1.0370 180 120 60
10.6875 -3.0000 4.4500 220 50 50
-15.0000 1.0000 1.2290 180 120 60
-13.0625 -14.0000 5.5590 220 50 50
-16.6250 -15.0000 4.9300 220 50 50
-13.2500 -17.0000 5.1220 220 50 50
-3.5000 3.0000 1.4370 220 50 50
-8.8125 -10.0000 5.1920 220 50 50
-11.9375 -9.0000 5.4230 220 50 50
-22.0625 2.5000 0.1380 30 144 255
-3.6250 3.0000 1.3960 180 120 60
9.0625 11.5000 1.2460 180 120 60
0.5000 15.5000 2.7480 128 128 128
15.1250 -1.0000 4.1770 220 50 50
-19.2500 3.5000 0.1550 30 144 255
-12.6250 7.5000 1.7810 180 120 60
-20.1875 10.0000 0.1380 30 144 255
5.9375 -15.0000 1.0520 180 120 60
-13.2500 2.0000 1.3170 180 120 60
-5.1250 -13.5000 4.2390 220 50 50
-7.4375 -6.0000 1.0530 180 120 60
-0.3750 16.0000 2.2190 128 128 128
22.7500 -1.0000 1.0160 180 120 60
8.8750 -21.0000 5.1190 220 50 50
-21.2500 20.5000 1.2260 180 120 60
-10.8125 -7.0000 1.2820 220 50 50
3.1250 -22.5000 3.6640 220 50 50
-7.4375 22.5000 0.1230 180 120 60
5.1250 -11.5000 1.0680 180 120 60
-16.5625 7.5000 2.1010 255 165 0
-15.0000 -13.0000 5.5430 220 50 50
16.8125 -14.0000 1.2200 128 128 128
-20.2500 -5.0000 0.1350 30 144 255
0.6250 2.0000 5.4530 220 50 50
23.5625 -15.0000 4.7360 220 50 50
4.0625 -22.5000 3.4950 220 50 50
-16.9375 24.0000 0.9110 180 120 60
-15.3125 11.0000 3.0350 128 128 128
-19.9375 -21.0000 2.1150 128 128 128
-11.6875 -12.5000 5.9270 220 50 50
21.7500 -7.5000 1.1090 180 120 60
-12.7500 -7.5000 1.1360 180 120 60
-23.4375 23.0000 1.5230 180 120 60
7.4375 -15.5000 1.0410 180 120 60
22.1875 -17.5000 1.0460 180 120 60
-16.1875 25.5000 0.9290 180 120 60
-6.0625 3.5000 1.3140 180 120 60
-5.8125 17.5000 1.1170 180 120 60
-9.8125 -6.0000 1.1060 180 120 60
-21.3750 15.5000 1.9910 255 165 0
14.2500 -18.0000 0.9710 180 120 60
-8.0000 16.5000 1.0900 180 120 60
-17.1250 -7.5000 1.3350 180 120 60
-3.2500 18.0000 1.2410 180 120 60
-6.9375 -13.5000 4.3440 220 50 50
-6.1875 -19.0000 4.9320 220 50 50
-20.1250 1.5000 0.1640 30 144 255
13.5625 -7.5000 4.1360 220 50 50
7.7500 -19.5000 3.8380 220 50 50
2.0000 -18.5000 6.7920 220 50 50
-12.5625 0.5000 1.1790 180 120 60
15.0000 24.5000 0.5610 128 128 128
16.7500 2.0000 1.3670 128 128 128
15.1875 -19.0000 0.9780 180 120 60
-21.3750 -24.0000 1.4130 128 128 128
7.6250 14.0000 5.4790 128 128 128
21.5625 -2.5000 1.0910 180 120 60
-20.8125 -4.5000 0.1400 30 144 255
-23.1250 19.0000 1.9150 180 120 60
-6.4375 -11.5000 3.5980 220 50 50
-2.9375 -3.0000 1.1430 180 120 60
-8.5625 -3.0000 1.1000 180 120 60
3.5000 -11.5000 1.0720 180 120 60
10.2500 -22.0000 5.0620 220 50 50
24.1875 8.5000 0.1440 180 120 60
-3.5000 -22.5000 5.5290 220 50 50
-8.6250 -20.0000 4.2480 220 50 50
10.0625 18.0000 5.1730 128 128 128
-2.3125 14.5000 5.2200 220 50 50
-11.4375 14.0000 0.1490 180 120 60
7.4375 3.0000 4.4210 220 50 50
4.6250 18.5000 1.1400 180 120 60
10.9375 22.0000 1.0360 128 128 128
-0.0625 22.0000 0.9520 180 120 60
-10.1875 20.5000 0.1560 180 120 60
2.7500 -15.5000 6.2500 220 50 50
2.8125 -0.5000 4.0880 220 50 50
-10.1250 -13.5000 6.0110 220 50 50
10.0000 -17.0000 1.0260 180 120 60
-13.5625 1.0000 1.2390 180 120 60
-8.5000 18.5000 0.1320 180 120 60
21.8125 6.5000 1.1020 180 120 60
-17.0625 8.0000 2.0160 255 165 0
11.6875 -23.5000 5.2150 220 50 50
20.0625 -9.0000 1.0690 180 120 60
-5.3125 -4.5000 1.1130 180 120 60
-16.5000 -8.5000 3.8640 220 50 50
-9.8125 0.0000 1.1570 180 120 60
19.2500 19.5000 0.1230 128 128 128
-17.3125 3.0000 0.3260 180 120 60
-20.3125 25.0000 5.0830 220 50 50
25.6875 5.5000 1.1160 180 120 60
0.1250 -1.5000 1.1910 180 120 60
13.6875 -9.0000 3.9300 220 50 50
-12.3750 24.5000 0.1710 180 120 60
2.6875 -22.5000 3.6480 220 50 50
9.1250 17.5000 1.0590 180 120 60
16.9375 -7.5000 4.3900 220 50 50
13.3750 6.0000 1.0700 180 120 60
8.5625 -13.0000 1.0130 180 120 60
2.4375 13.5000 4.6650 128 128 128
7.5625 11.0000 3.3030 128 128 128
23.5625 12.0000 0.1540 30 144 255
3.0625 12.0000 1.2880 180 120 60
-2.6875 -14.5000 5.9550 220 50 50
8.7500 -13.5000 1.0250 180 120 60
10.3125 8.0000 1.1300 180 120 60
3.4375 18.5000 1.7610 128 128 128
-12.7500 -14.5000 5.5870 220 50 50
-9.3750 18.0000 0.1400 180 120 60
20.0625 6.5000 1.1970 180 120 60
-19.7500 -21.0000 2.4390 128 128 128
-8.2500 19.5000 0.1480 180 120 60
14.2500 21.5000 0.5460 128 128 128
19.3750 -19.0000 0.9370 180 120 60
9.6250 -16.0000 1.0190 180 120 60
24.9375 2.5000 1.0230 180 120 60
-1.0625 18.5000 2.0340 128 128 128
-9.6250 7.0000 1.4760 180 120 60
-3.2500 -4.0000 1.0820 180 120 60
8.7500 4.5000 4.1610 220 50 50
-15.5000 10.5000 2.0610 255 165 0
8.3125 -19.5000 3.8450 220 50 50
18.8750 4.5000 1.9500 128 128 128
-0.4375 -5.0000 1.1160 180 120 60
-6.6250 -3.5000 1.1220 180 120 60
1.9375 -21.5000 3.3340 220 50 50
18.6875 -16.0000 1.0350 180 120 60
8.7500 -2.5000 4.3490 220 50 50
-23.0000 -22.0000 1.7830 128 128 128
11.6250 -0.5000 4.4920 220 50 50
-9.8125 -23.5000 4.6150 220 50 50
-16.6875 15.5000 0.1370 180 120 60
3.7500 1.5000 4.3740 220 50 50
-12.1875 9.0000 1.7390 180 120 60
-21.7500 -7.0000 0.1030 30 144 255
-18.5625 -0.5000 0.1450 30 144 255
-11.6875 15.5000 0.2090 180 120 60
13.7500 16.0000 0.1880 180 120 60
-22.6875 3.0000 0.1190 30 144 255
-5.7500 -6.5000 1.3760 128 128 128
6.3125 -18.0000 3.8730 220 50 50
-0.1875 -13.0000 6.2160 220 50 50
9.3750 -3.5000 4.2680 220 50 50
-7.3750 -11.0000 5.2140 220 50 50
-23.1250 -2.5000 0.1900 30 144 255
-8.6875 1.0000 1.2080 180 120 60
-15.0625 22.5000 0.1230 180 120 60
-2.0625 -17.0000 7.0980 220 50 50
-6.3750 17.0000 1.0670 180 120 60
-0.8125 0.5000 1.3720 128 128 128
-1.9375 -23.0000 5.5640 220 50 50
-8.1250 25.0000 0.1510 180 120 60
-7.6875 6.0000 5.0210 220 50 50
-24.0625 1.5000 0.1520 30 144 255
8.1250 10.0000 1.3620 128 128 128
2.6875 20.5000 4.5100 128 128 128
4.5000 14.5000 2.4110 128 128 128
-18.1875 9.5000 2.0660 255 165 0
-20.2500 -8.0000 0.7550 128 128 128
6.9375 24.5000 0.1530 180 120 60
6.6250 5.5000 4.2540 220 50 50
-22.8750 10.5000 0.1360 30 144 255
3.5625 18.0000 1.7030 128 128 128
-8.2500 -13.5000 3.9960 220 50 50
-10.5625 -3.5000 1.0510 180 120 60
10.0625 -18.5000 1.0550 180 120 60
14.6875 -21.5000 0.9960 180 120 60
14.3125 -1.0000 4.2870 220 50 50
-7.2500 16.0000 1.1250 180 120 60
-3.0000 14.0000 5.3900 220 50 50
-8.6250 25.0000 0.1420 180 120 60
-16.5625 -3.5000 1.1770 180 120 60
-11.6250 25.0000 0.1120 180 120 60
15.6250 -15.0000 1.0200 180 120 60
23.0625 -5.5000 1.1280 180 120 60
17.8125 -16.0000 1.0130 180 120 60
16.9375 24.5000 0.4900 128 128 128
-17.9375 -8.5000 1.8750 220 50 50
-7.1875 -2.5000 1.1170 180 120 60
24.8125 -4.5000 1.1240 180 120 60
21.1250 0.0000 1.0300 180 120 60
-12.3125 -20.0000 4.1190 220 50 50
-12.3125 -7.5000 1.1290 180 120 60
18.5000 -18.0000 0.9630 180 120 60
-0.7500 -6.0000 1.0850 180 120 60
-7.4375 22.5000 0.1350 180 120 60
9.9375 -19.0000 1.0620 180 120 60
-5.7500 -22.0000 5.4570 220 50 50
-10.6875 -13.5000 5.8990 220 50 50
17.8125 -10.0000 4.2310 220 50 50
-12.8750 -20.0000 2.7320 128 128 128
-19.1250 9.5000 3.0780 128 128 128
12.8750 13.5000 1.1740 180 120 60
4.1875 -17.0000 4.0350 220 50 50
-14.7500 -15.0000 5.2770 220 50 50
23.2500 6.0000 1.0990 180 120 60
-2.1875 23.5000 0.1550 180 120 60
10.8750 -5.0000 4.2570 220 50 50
21.8750 7.0000 1.1150 180 120 60
-16.6250 6.5000 2.9870 128 128 128
19.5625 -7.0000 4.4400 220 50 50
-5.2500 -4.0000 1.0980 180 120 60
-13.3750 6.0000 1.7560 180 120 60
12.9375 -17.5000 0.9780 180 120 60
-23.0625 22.0000 1.5720 180 120 60
-4.1250 12.5000 5.8830 220 50 50
-14.7500 -17.0000 1.1690 180 120 60
12.5000 13.5000 1.1950 180 120 60
20.5625 6.5000 1.1140 180 120 60
-24.1875 -17.0000 0.1370 30 144 255
0.5625 8.5000 5.9890 220 50 50
-2.1875 9.5000 6.1780 220 50 50
19.2500 22.5000 0.1510 30 144 255
-4.8125 -6.0000 1.0860 180 120 60
-11.1250 21.5000 0.1740 180 120 60
21.3750 8.0000 1.1300 180 120 60
21.3125 18.5000 0.9570 180 120 60
13.3125 -21.5000 3.3540 128 128 128
-6.8125 -5.0000 1.0710 180 120 60
-5.5625 23.0000 0.1230 180 120 60
18.6875 6.0000 1.2090 128 128 128
-14.9375 10.0000 2.0390 255 165 0
21.3750 10.5000 0.1710 180 120 60
-16.1875 7.5000 2.0270 255 165 0
-15.5000 -10.5000 4.1920 220 50 50
-13.7500 15.0000 0.1500 180 120 60
19.6250 4.5000 1.1740 180 120 60
-3.1250 -21.0000 5.6600 220 50 50
1.3750 -6.5000 1.0680 180 120 60
7.2500 -19.0000 3.8560 220 50 50
10.0000 -8.5000 1.1120 180 120 60
-5.7500 -10.5000 1.2250 220 50 50
-13.1250 -20.5000 4.9050 220 50 50
-17.5625 21.0000 0.1180 180 120 60
22.6875 -21.0000 0.9690 180 120 60
-15.2500 12.0000 0.1420 180 120 60
-15.9375 14.5000 0.1270 180 120 60
0.7500 16.5000 2.4210 128 128 128
17.2500 17.5000 0.2570 128 128 128
-5.3125 23.5000 0.1430 180 120 60
-0.8125 25.0000 0.1520 180 120 60
6.0625 5.0000 4.3680 220 50 50
17.0000 12.5000 1.0810 180 120 60
21.8750 -16.0000 4.5480 220 50 50
-12.9375 13.0000 0.1340 180 120 60
22.6875 -13.0000 4.2610 220 50 50
10.1875 -19.5000 1.0880 180 120 60
-7.1875 25.5000 0.1570 180 120 60
-12.0625 -23.5000 4.1990 220 50 50
5.5000 -23.5000 3.0030 220 50 50
-16.1250 -5.0000 1.1400 180 120 60
17.8750 3.5000 2.0790 128 128 128
-1.8750 2.0000 2.9490 220 50 50
-14.3750 -6.5000 1.3190 128 128 128
-17.1250 15.5000 0.1400 180 120 60
20.1875 -6.5000 2.3260 220 50 50
-6.6250 -5.0000 1.0950 180 120 60
14.5625 -10.5000 3.8830 220 50 50
12.6875 -13.5000 1.0100 180 120 60
-13.8125 16.0000 0.1590 180 120 60
20.5625 -24.0000 0.9440 180 120 60
-0.6250 1.0000 1.2790 220 50 50
14.3125 -15.5000 0.9990 180 120 60
9.3750 -7.5000 1.4670 220 50 50
-18.4375 2.5000 0.1430 30 144 255
-5.7500 6.5000 5.3730 220 50 50
2.3750 20.5000 2.5720 128 128 128
11.6875 1.0000 4.3090 220 50 50
3.0000 -8.0000 1.0670 180 120 60
-0.1250 1.5000 5.1760 220 50 50
16.5625 21.0000 0.1980 128 128 128
-1.2500 23.5000 0.1410 180 120 60
14.9375 -17.5000 0.9660 180 120 60
-6.3750 -21.0000 5.4090 220 50 50
-19.6875 -16.0000 2.9650 128 128 128
2.7500 5.5000 6.1940 220 50 50
21.8125 19.0000 0.9610 180 120 60
-19.3125 17.0000 0.1730 180 120 60
23.6875 -17.0000 5.1020 220 50 50
10.8750 14.0000 1.2230 180 120 60
-11.0000 -5.0000 1.0970 180 120 60
8.3750 12.0000 2.3830 128 128 128
13.5625 24.5000 0.5230 180 120 60
-12.3750 -2.0000 1.0410 180 120 60
-11.5000 -12.0000 5.8870 220 50 50
-22.7500 -6.0000 0.1700 30 144 255
0.1875 -13.0000 6.1690 220 50 50
-17.2500 -11.0000 3.9400 220 50 50
-16.5625 -9.0000 3.8700 220 50 50
-18.6875 15.0000 0.1280 180 120 60
17.5625 -20.5000 0.9480 180 120 60
10.6875 -1.5000 4.6620 220 50 50
14.9375 -10.0000 3.9550 220 50 50
-20.4375 8.0000 0.1370 30 144 255
20.3125 7.5000 1.1080 180 120 60
-16.5000 -19.0000 1.1370 180 120 60
18.1875 15.0000 1.0730 180 120 60
12.1250 2.0000 4.1520 220 50 50
-9.9375 -7.5000 5.0180 220 50 50
-0.4375 10.0000 5.7830 220 50 50
20.3750 -23.0000 0.9230 180 120 60
-21.9375 24.0000 4.6440 220 50 50
-18.0000 16.0000 0.1340 180 120 60
10.0000 7.0000 1.1780 180 120 60
-23.5625 -5.0000 0.1330 30 144 255
6.0000 21.0000 0.6150 180 120 60
-22.3125 -15.0000 0.1960 128 128 128
-20.6250 2.0000 0.1240 30 144 255
8.0625 -2.0000 4.3210 220 50 50
12.6250 18.0000 0.4550 128 128 128
1.3125 -2.5000 3.0340 128 128 128
-19.8125 -6.5000 0.1630 30 144 255
-10.1875 -15.5000 5.6940 220 50 50
-0.4375 8.5000 6.1010 220 50 50
12.5000 17.5000 0.1490 30 144 255
2.5625 21.5000 2.0720 128 128 128
-11.0000 11.5000 1.0820 180 120 60
-8.6250 17.5000 0.2700 180 120 60
10.1875 -9.5000 1.0760 180 120 60
-4.8125 2.5000 1.2720 180 120 60
20.7500 22.0000 0.1540 30 144 255
22.0625 2.0000 1.0070 180 120 60
19.1875 -3.5000 4.0880 220 50 50
3.0625 18.5000 2.0730 128 128 128
-17.0000 -9.0000 3.8160 220 50 50
-22.1250 9.5000 0.1570 30 144 255
12.4375 -1.5000 4.4820 220 50 50
-6.2500 9.5000 5.9280 220 50 50
-8.5000 -4.0000 1.0660 180 120 60
10.7500 7.5000 1.1190 180 120 60
-3.2500 -1.5000 1.1530 180 120 60
10.6875 23.0000 1.2060 128 128 128
16.3750 -18.0000 0.9420 180 120 60
7.1250 8.5000 3.8470 128 128 128
-18.2500 -12.5000 1.2580 180 120 60
0.7500 15.0000 4.5640 128 128 128
-6.8750 -15.0000 4.2190 220 50 50
11.5625 13.5000 1.1720 180 120 60
-3.8750 19.0000 1.1580 180 120 60
-4.1250 7.5000 5.8330 220 50 50
-7.5625 13.5000 1.2490 180 120 60
8.3125 8.0000 1.1940 180 120 60
20.6250 -5.0000 4.1440 220 50 50
-8.3125 25.0000 0.1410 180 120 60
-21.5625 13.5000 2.0490 255 165 0
8.5000 4.0000 4.2120 220 50 50
4.8750 19.5000 1.2850 180 120 60
20.1250 -23.5000 0.9430 180 120 60
-10.5625 6.5000 1.5500 180 120 60
-23.4375 -20.0000 0.1460 30 144 255
-12.6250 -11.5000 5.9580 220 50 50
12.9375 -18.0000 0.9840 180 120 60
-10.2500 -17.0000 3.4280 220 50 50
19.5625 4.0000 1.0370 180 120 60
25.1875 3.0000 1.0620 180 120 60
-8.5000 17.0000 0.7190 180 120 60
-15.3750 17.0000 0.1540 180 120 60
14.6875 3.5000 1.9930 128 128 128
10.3750 14.5000 1.2320 180 120 60
16.9375 12.5000 1.1030 180 120 60
18.0000 -17.0000 1.0190 180 120 60
22.7500 -7.5000 1.1130 180 120 60
-14.3750 -2.5000 1.0760 180 120 60
-16.8750 23.0000 0.8400 180 120 60
14.1875 -0.5000 4.2850 220 50 50
14.0625 24.5000 0.5280 180 120 60
24.3750 -14.0000 4.7460 220 50 50
19.3750 22.5000 0.1430 30 144 255
6.4375 -17.0000 1.0710 180 120 60
2.5625 18.0000 2.3580 128 128 128
-4.7500 14.5000 1.6770 128 128 128
8.6250 8.0000 1.1770 180 120 60
-3.4375 -4.5000 1.1120 180 120 60
-15.8125 17.5000 0.1350 180 120 60
16.3125 -16.0000 0.9860 180 120 60
22.0000 -3.0000 1.1240 180 120 60
13.1250 -15.0000 0.9770 180 120 60
-6.2500 -19.5000 4.2820 220 50 50
-12.8750 -15.0000 5.4610 220 50 50
-4.5000 23.0000 0.1430 180 120 60
-16.0625 4.5000 1.3910 180 120 60
22.3125 -1.5000 1.0410 180 120 60
20.2500 13.0000 0.1610 30 144 255
18.1875 16.0000 0.4050 128 128 128
7.4375 11.5000 1.7630 128 128 128
-19.5000 8.0000 0.1390 30 144 255
3.5625 22.5000 0.8510 180 120 60
6.9375 -13.0000 1.0410 180 120 60
2.5000 -7.0000 1.0680 180 120 60
1.6875 14.0000 4.6680 128 128 128
-10.0625 15.5000 0.2710 180 120 60
-6.8750 2.0000 1.2970 180 120 60
-17.8750 -1.0000 0.4130 128 128 128
-4.8750 3.0000 1.2780 180 120 60
10.4375 12.0000 1.1120 180 120 60
1.2500 5.5000 6.2930 220 50 50
2.0000 10.0000 5.3560 220 50 50
-1.8750 -19.0000 5.8780 220 50 50
0.1250 2.5000 5.4100 220 50 50
-21.4375 3.0000 0.1610 30 144 255
20.5625 -5.0000 4.1400 220 50 50
18.0625 16.5000 0.4080 128 128 128
6.0625 7.0000 5.3740 220 50 50
9.1875 0.0000 4.6610 220 50 50
-18.0625 22.0000 0.8710 180 120 60
5.8125 6.5000 5.5310 220 50 50
-22.3125 -21.5000 1.7970 128 128 128
18.3750 -13.5000 1.0730 180 120 60
-2.4375 12.5000 5.6430 220 50 50
-1.5000 16.0000 4.5320 128 128 128
-10.1250 20.5000 0.1170 180 120 60
17.5625 17.5000 0.2670 128 128 128
11.1875 -6.5000 4.0300 220 50 50
15.6250 10.5000 1.0780 180 120 60
6.3125 -12.0000 1.0390 180 120 60
-18.1875 25.0000 1.0080 180 120 60
13.5000 4.5000 1.1530 180 120 60
1.3750 -1.0000 1.2580 180 120 60
3.0000 -1.0000 4.0310 220 50 50
17.0000 12.5000 1.0900 180 120 60
-18.0625 -19.0000 1.3090 128 128 128
11.1250 -2.5000 4.5660 220 50 50
-14.8125 10.5000 2.2000 255 165 0
4.9375 20.5000 1.1380 180 120 60
-11.4375 -19.0000 1.1950 180 120 60
-21.1250 -4.5000 0.1310 30 144 255
4.8750 3.0000 4.6540 220 50 50
-13.4375 -8.0000 1.1260 180 120 60
-20.1875 -17.0000 1.0830 180 120 60
-7.6875 0.5000 1.2560 180 120 60
1.1250 -16.5000 6.6230 220 50 50
2.7500 4.5000 6.4280 220 50 50
-11.0000 -11.0000 5.6930 220 50 50
0.9375 10.0000 5.5510 220 50 50
-11.5000 0.0000 1.1360 180 120 60
-15.5625 -16.5000 1.1800 180 120 60
-18.6875 -6.0000 0.1520 180 120 60
-22.8750 -8.0000 0.1380 30 144 255
6.1875 23.5000 0.1330 180 120 60
-0.7500 4.0000 5.6220 220 50 50
19.0625 -16.0000 4.0170 128 128 128
-12.6250 -17.0000 5.1230 220 50 50
-10.1250 18.0000 0.1580 180 120 60
2.8125 -5.5000 1.0930 180 120 60
-5.3750 25.5000 0.1250 180 120 60
-7.6250 2.5000 1.2860 180 120 60
14.5000 21.5000 0.5390 128 128 128
21.4375 16.5000 1.0080 180 120 60
11.8125 14.5000 2.1220 128 128 128
-17.3125 20.5000 0.1260 180 120 60
-12.3750 -1.5000 1.0560 180 120 60
-10.9375 -11.5000 5.7760 220 50 50
-6.0000 14.5000 1.3530 180 120 60
-16.8125 -11.0000 4.0290 220 50 50
-16.2500 5.0000 1.5460 180 120 60
-10.0625 -3.5000 1.0280 180 120 60
2.0625 13.5000 4.6780 128 128 128
18.7500 -11.0000 4.2040 220 50 50
11.8750 -0.5000 4.4520 220 50 50
-14.5625 20.0000 0.1700 180 120 60
4.8125 1.5000 4.5310 220 50 50
3.0000 -7.5000 1.0840 180 120 60
-7.3750 3.0000 1.2840 180 120 60
12.0625 -13.5000 1.0360 180 120 60
15.0000 25.0000 0.5840 180 120 60
-2.0625 25.5000 0.0490 180 120 60
-22.8750 8.0000 0.1230 30 144 255
-4.5625 19.0000 1.1350 180 120 60
1.6875 -4.5000 3.0800 128 128 128
-4.8750 1.0000 1.2360 180 120 60
21.1250 21.5000 0.1500 30 144 255
-6.2500 -20.5000 4.2250 220 50 50
-9.2500 19.0000 0.1500 180 120 60
-7.9375 -4.5000 1.0530 180 120 60
13.5000 0.0000 4.2640 220 50 50
-14.6875 -5.0000 1.2010 180 120 60
-23.1875 -4.5000 0.1790 30 144 255
-1.1250 -9.5000 1.1160 180 120 60
12.9375 -23.0000 3.2280 220 50 50
-21.0625 -19.5000 1.0700 180 120 60
24.2500 -5.0000 1.1390 180 120 60
-5.4375 -7.0000 1.5850 128 128 128
21.9375 -22.5000 0.8970 180 120 60
5.8125 -17.5000 1.1010 180 120 60
11.5000 -8.0000 3.9200 220 50 50
-17.0625 -12.0000 4.0400 220 50 50
25.6250 3.5000 1.1300 180 120 60
14.1250 15.5000 0.2670 180 120 60
12.5625 23.0000 0.5520 180 120 60
25.3750 -16.5000 5.3870 220 50 50
9.3125 14.0000 2.1330 128 128 128
-3.3125 20.0000 1.1010 180 120 60
12.4375 -23.0000 4.9130 220 50 50
7.5625 6.5000 4.0820 220 50 50
-0.7500 -13.0000 6.2280 220 50 50
18.0625 -2.5000 4.0930 220 50 50
-16.0625 11.0000 2.0710 255 165 0
-17.7500 14.0000 3.0860 128 128 128
-8.0625 -13.0000 3.9350 220 50 50
10.6250 7.0000 1.1400 180 120 60
-17.8750 -7.0000 0.9400 180 120 60
21.6250 -15.0000 4.3630 220 50 50
23.5000 -19.5000 0.9940 180 120 60
-11.5000 6.0000 1.5990 180 120 60
24.2500 -19.0000 5.4760 220 50 50
-2.4375 -8.5000 1.1060 180 120 60
10.0625 5.0000 4.0170 220 50 50
-16.2500 17.5000 0.1380 180 120 60
-10.3750 13.0000 1.0150 180 120 60
22.1250 -22.0000 0.9300 180 120 60
14.2500 -3.0000 4.4780 220 50 50
-21.2500 16.5000 2.1660 255 165 0
-6.8125 23.0000 0.1500 180 120 60
2.3750 -6.5000 1.0830 180 120 60
-6.1250 -1.0000 1.1350 180 120 60
9.1250 -3.5000 4.2360 220 50 50
-9.8125 24.5000 0.1390 180 120 60
5.6875 25.5000 0.1120 180 120 60
-18.3750 3.0000 0.1520 30 144 255
-2.8750 -4.5000 1.1170 180 120 60
-10.9375 -22.0000 4.6830 220 50 50
14.1875 -13.5000 1.0370 180 120 60
18.0000 16.5000 0.3790 128 128 128
-0.3125 6.5000 6.1960 220 50 50
-7.0625 -9.5000 3.0540 220 50 50
22.4375 -4.5000 1.1930 128 128 128
8.5000 4.5000 4.1870 220 50 50
12.1875 20.5000 0.6400 180 120 60
4.6250 -4.0000 3.0210 128 128 128
20.6250 -1.5000 1.1210 180 120 60
-1.1250 -19.5000 7.3260 220 50 50
-0.5625 -2.5000 1.1710 180 120 60
1.0625 16.5000 1.2420 180 120 60
-23.5625 -23.0000 0.1470 30 144 255
-21.3125 20.5000 1.2180 180 120 60
-17.1875 10.0000 2.0480 255 165 0
-16.2500 -18.5000 5.1060 128 128 128
-1.0625 7.5000 6.3600 220 50 50
8.0000 -22.0000 5.3630 220 50 50
9.8750 6.5000 1.2300 180 120 60
14.8750 -21.0000 0.9770 180 120 60
-18.1250 4.0000 0.1480 30 144 255
-16.1250 -2.5000 1.1460 180 120 60
6.9375 24.5000 0.1530 180 120 60
13.9375 -16.0000 0.9830 180 120 60
5.6250 11.0000 1.3090 128 128 128
-12.2500 -18.5000 4.9900 220 50 50
11.4375 10.5000 1.0380 180 120 60
3.2500 7.0000 5.8390 220 50 50
2.6875 -13.0000 1.1330 180 120 60
0.1250 -10.5000 1.1050 180 120 60
24.8750 -22.5000 0.9120 180 120 60
0.1250 -11.0000 1.1040 180 120 60
18.5000 3.5000 1.1120 180 120 60
18.1250 14.5000 1.0580 180 120 60
-22.9375 11.0000 0.1520 30 144 255
-22.3750 -13.5000 0.1990 128 128 128
12.1250 25.5000 0.2500 128 128 128
-21.2500 -19.0000 1.8910 128 128 128
-9.0000 -3.5000 1.0590 180 120 60
-9.0000 10.0000 1.3700 180 120 60
21.1250 -13.5000 3.9780 220 50 50
-2.2500 2.0000 1.3730 180 120 60
-20.5625 14.5000 2.0470 255 165 0
13.2500 3.0000 2.2570 128 128 128
-16.5000 22.5000 0.1370 180 120 60
-22.8750 -23.5000 0.1850 30 144 255
-13.1875 -23.0000 4.1860 220 50 50
-8.0000 -9.5000 5.0610 220 50 50
19.6875 16.0000 1.0460 180 120 60
-15.2500 14.0000 0.1720 180 120 60
-16.3125 9.5000 2.0420 255 165 0
17.1875 6.5000 1.4730 128 128 128
13.0000 3.0000 4.0520 220 50 50
-2.3750 8.0000 6.1760 220 50 50
-14.6250 24.0000 0.0810 180 120 60
-22.0625 -20.0000 1.7990 128 128 128
2.0000 15.5000 4.7060 128 128 128
-8.5000 17.0000 0.5630 180 120 60
17.1250 16.0000 0.3890 128 128 128
-3.5625 -9.5000 4.0810 220 50 50
-19.6250 -19.5000 1.0710 180 120 60
-6.7500 25.5000 0.1240 180 120 60
0.1250 -16.5000 6.7640 220 50 50
7.3125 -13.5000 1.0290 180 120 60
-4.3750 17.5000 1.1500 180 120 60
-8.3125 19.0000 0.1770 180 120 60
2.6250 26.0000 0.1360 180 120 60
4.5000 -6.0000 2.3370 128 128 128
-14.8750 23.0000 5.0000 128 128 128
-19.3125 25.5000 5.2210 220 50 50
-5.1250 16.5000 1.1600 180 120 60
8.1250 10.0000 3.8000 128 128 128
-3.6875 5.5000 5.5030 220 50 50
3.6250 23.0000 0.3360 180 120 60
5.8125 -17.0000 1.1050 180 120 60
-6.4375 3.5000 1.3180 180 120 60
-2.5000 -1.0000 1.1760 180 120 60
16.3750 -16.5000 0.9720 180 120 60
8.6875 16.0000 1.2250 180 120 60
-13.0625 -16.0000 5.2230 220 50 50
-5.9375 18.5000 0.9060 180 120 60
-12.4375 24.0000 0.2170 128 128 128
-24.1250 15.0000 2.0730 255 165 0
21.0625 -21.5000 0.9090 180 120 60
21.0000 4.0000 1.0130 180 120 60
-2.8125 -4.0000 1.1170 180 120 60
-16.2500 23.5000 0.7030 34 139 34
9.8750 -1.5000 4.5470 220 50 50
1.0625 23.5000 0.2510 180 120 60
16.0625 5.5000 1.4220 128 128 128
-7.1875 -14.5000 4.2350 220 50 50
0.1250 -22.0000 3.1310 220 50 50
-12.5625 16.0000 0.1530 180 120 60
25.6250 1.5000 0.9950 180 120 60
-0.3750 -22.0000 5.7440 220 50 50
-10.6250 23.0000 0.1570 180 120 60
-18.5000 -3.5000 0.1540 180 120 60
-9.2500 13.5000 1.1460 180 120 60
-8.1250 -12.5000 5.5580 220 50 50
-21.3750 3.5000 0.1730 30 144 255
-21.0000 -23.0000 0.1640 180 120 60
24.5000 -9.5000 4.3330 220 50 50
1.1875 22.5000 0.7340 180 120 60
-0.1250 13.0000 5.1010 220 50 50
-8.2500 13.0000 1.2800 180 120 60
10.9375 19.0000 0.6600 180 120 60
13.8125 -20.5000 1.0100 180 120 60
17.6250 13.5000 1.1060 180 120 60
-5.4375 -18.5000 5.1850 220 50 50
-15.0000 25.0000 0.3260 180 120 60
-23.3750 -9.0000 0.1450 30 144 255
11.5000 25.5000 0.2530 128 128 128
15.7500 22.5000 0.5090 128 128 128
8.3125 -14.0000 1.0430 180 120 60
-12.3750 9.5000 1.7530 180 120 60
8.4375 10.0000 1.4930 128 128 128
9.1875 -2.0000 4.4200 220 50 50
-23.3125 21.0000 2.4350 34 139 34
12.6250 25.5000 1.3390 128 128 128
-9.5625 1.0000 1.2030 180 120 60
-6.8750 5.5000 1.3750 180 120 60
13.5625 13.5000 1.1600 180 120 60
-1.6250 21.0000 0.8940 180 120 60
-20.4375 15.5000 2.1680 255 165 0
-5.6875 -4.0000 1.0970 180 120 60
8.0000 -16.5000 1.3010 128 128 128
-12.4375 -16.5000 5.2660 220 50 50
-7.8750 18.5000 0.2140 180 120 60
-20.8125 25.0000 5.0460 220 50 50
20.8750 -23.5000 0.9060 180 120 60
8.1250 4.0000 4.2360 220 50 50
15.7500 -6.5000 4.4170 220 50 50
25.5000 -19.5000 0.9800 180 120 60
23.2500 -9.0000 1.7390 128 128 128
21.0625 -5.0000 4.1760 220 50 50
9.5000 -2.0000 4.4490 220 50 50
19.0625 8.5000 1.0730 180 120 60
25.3750 8.0000 0.1620 30 144 255
14.5625 10.0000 1.0020 180 120 60
-12.6250 -18.5000 1.2190 180 120 60
-11.8750 19.0000 0.1320 180 120 60
19.8125 9.5000 1.0390 180 120 60
20.7500 20.5000 0.1480 30 144 255
-23.7500 -17.5000 0.1430 30 144 255
-10.3125 -9.0000 5.2370 220 50 50
12.5000 0.0000 4.3470 220 50 50
0.5000 -15.5000 6.5520 220 50 50
-20.1875 -6.0000 0.1640 30 144 255
-7.0625 22.5000 0.1250 180 120 60
23.3125 0.5000 0.9720 180 120 60
17.3125 -11.0000 4.1090 220 50 50
21.6250 21.0000 0.1600 30 144 255
23.4375 9.5000 0.1560 30 144 255
5.3125 20.0000 1.2390 180 120 60
-10.1250 16.0000 0.1220 180 120 60
5.2500 1.5000 4.5050 220 50 50
-5.2500 -12.0000 4.7910 220 50 50
-16.8750 17.5000 0.1590 180 120 60
3.3125 -21.0000 3.8550 220 50 50
7.3125 -22.5000 5.5950 220 50 50
10.8750 6.5000 1.1460 180 120 60
0.4375 -8.5000 1.1090 180 120 60
-13.5625 3.5000 1.5100 180 120 60
-21.5625 -18.5000 1.9220 128 128 128
-12.4375 12.5000 0.2970 180 120 60
-9.5000 19.0000 0.1480 180 120 60
25.3750 -13.5000 4.8930 220 50 50
11.6250 14.0000 1.1980 180 120 60
3.1250 -5.0000 1.1140 180 120 60
0.2500 -5.5000 1.0980 180 120 60
13.4375 16.0000 0.3360 180 120 60
4.6250 21.0000 1.1420 180 120 60
-5.5000 -10.5000 1.2720 220 50 50
5.2500 21.5000 0.6740 180 120 60
-0.5000 17.0000 4.5320 128 128 128
-20.9375 16.5000 2.8760 128 128 128
-17.3125 -19.5000 1.1140 180 120 60
20.5000 1.5000 1.0160 180 120 60
-4.5625 -9.5000 1.8700 128 128 128
-13.4375 -15.0000 5.3860 220 50 50
-3.0000 -13.0000 4.2480 220 50 50
-11.3125 12.5000 0.5830 180 120 60
13.2500 24.0000 0.4900 128 128 128
-23.9375 -15.0000 0.1250 30 144 255
7.8750 -7.5000 1.1430 180 120 60
-4.5000 -14.0000 4.5010 220 50 50
-15.3125 12.5000 0.1400 180 120 60
-13.6250 -20.0000 2.6460 128 128 128
0.5625 -9.0000 1.0960 180 120 60
-13.9375 17.5000 0.1750 180 120 60
-20.5000 -16.0000 1.2730 128 128 128
-1.8125 15.5000 4.5680 128 128 128
-12.1250 8.5000 1.7250 180 120 60
1.1250 -8.0000 1.1040 180 120 60
-15.5000 -6.0000 1.2470 180 120 60
-10.7500 -12.5000 5.8170 220 50 50
12.1875 4.0000 4.0110 220 50 50
-22.5000 -14.0000 0.1140 30 144 255
-20.3750 22.5000 4.5530 220 50 50
-1.9375 -22.0000 5.6290 220 50 50
-12.3125 13.0000 0.1250 180 120 60
-8.6250 6.0000 1.4260 180 120 60
-13.9375 6.0000 1.8000 180 120 60
-12.0625 -9.5000 5.5400 220 50 50
4.6875 -8.5000 1.0570 180 120 60
-9.1250 16.0000 0.5790 180 120 60
13.5625 16.5000 0.1080 30 144 255
21.3750 16.5000 1.0080 180 120 60
-11.6875 14.5000 0.1540 180 120 60
-17.6250 -17.0000 3.1790 128 128 128
2.3750 -7.5000 1.1150 180 120 60
3.8125 -1.0000 4.0690 220 50 50
4.0625 20.5000 2.4590 128 128 128
24.5000 -22.5000 0.9370 180 120 60
20.3125 -20.5000 0.9520 180 120 60
-5.7500 12.0000 2.1940 128 128 128
-20.6875 -19.5000 1.0580 180 120 60
-12.0625 14.0000 0.1510 180 120 60
-2.6875 1.5000 1.2750 180 120 60
-24.1250 16.5000 1.9640 180 120 60
-9.9375 24.0000 0.1470 180 120 60
-2.8750 -23.0000 5.5080 220 50 50
-21.8125 12.0000 3.0640 128 128 128
-11.6875 -19.5000 1.1980 180 120 60
9.2500 8.5000 1.1410 180 120 60
24.6250 -15.0000 4.9900 220 50 50
-18.1875 -16.0000 1.1630 180 120 60
14.1875 -20.5000 1.0050 180 120 60
7.8125 -22.5000 5.4720 220 50 50
1.5000 -12.5000 1.2860 128 128 128
21.0000 -13.0000 3.8860 220 50 50
-4.8125 -20.0000 5.6680 220 50 50
2.3125 -0.5000 4.0330 220 50 50
20.8125 18.5000 0.9690 180 120 60
10.5625 2.0000 4.2630 220 50 50
3.2500 9.0000 5.3880 220 50 50
-3.8750 6.5000 5.5930 220 50 50
-1.4375 -8.0000 1.0810 180 120 60
-12.0000 -18.0000 5.0500 220 50 50
-4.0625 4.0000 5.0970 220 50 50
6.0000 -4.0000 3.9410 220 50 50
-3.4375 -12.5000 5.5940 220 50 50
-21.8750 -16.0000 2.1980 128 128 128
17.2500 -6.5000 4.5440 220 50 50
3.3750 6.0000 6.0480 220 50 50
7.5625 18.5000 1.2020 180 120 60
-1.1875 0.0000 1.3990 128 128 128
1.2500 13.5000 5.0670 128 128 128
6.6875 -15.5000 1.0630 180 120 60
17.0000 -18.5000 0.9400 180 120 60
-2.3125 19.0000 1.1170 180 120 60
-23.1875 1.5000 0.1440 30 144 255
2.0000 -11.5000 1.0980 180 120 60
-6.3750 5.5000 1.4080 180 120 60
-13.1250 -20.0000 1.1680 180 120 60
-7.1875 -3.0000 1.0990 180 120 60
-9.8750 -7.5000 4.9610 220 50 50
-1.3750 18.0000 2.2070 128 128 128
21.9375 17.5000 0.9650 180 120 60
-4.0625 21.0000 0.3410 180 120 60
-18.6875 -20.0000 2.9490 128 128 128
-2.6250 -22.0000 5.5890 220 50 50
24.3125 -10.5000 4.3900 220 50 50
20.8750 -13.5000 3.9370 220 50 50
-5.1875 11.5000 6.3650 220 50 50
-18.3125 -6.0000 0.3250 180 120 60
-7.8750 17.0000 0.8840 180 120 60
-1.7500 13.5000 5.2170 220 50 50
-14.2500 -8.5000 1.1380 180 120 60
-6.8750 -21.0000 5.2230 220 50 50
-6.6250 4.0000 1.3250 180 120 60
21.0000 3.0000 0.9640 180 120 60
6.0000 -19.5000 3.7820 220 50 50
4.1250 16.5000 1.9690 128 128 128
25.0000 -16.5000 5.2750 220 50 50
21.4375 -5.0000 4.1010 220 50 50
-15.2500 -24.0000 1.1220 180 120 60
-16.0000 -4.0000 1.1100 180 120 60
12.6250 8.0000 0.9940 180 120 60
7.3750 14.0000 5.4450 128 128 128
17.0000 16.0000 0.4360 128 128 128
6.2500 9.0000 3.5940 220 50 50
9.1875 -15.0000 1.0090 180 120 60
-15.2500 -18.0000 4.7840 128 128 128
-4.1875 19.0000 1.1520 180 120 60
-18.1250 17.0000 0.1370 180 120 60
16.8750 -17.5000 0.9520 180 120 60
4.4375 -19.5000 3.8720 220 50 50
4.5000 -16.5000 4.0600 220 50 50
20.1875 -18.5000 0.9780 180 120 60
-7.0000 20.5000 0.1480 180 120 60
2.4375 -16.0000 6.3840 220 50 50
-2.4375 24.0000 0.1460 180 120 60
14.0625 -15.0000 1.0160 180 120 60
25.1250 -17.0000 5.3790 220 50 50
6.0625 12.5000 1.1930 180 120 60
-4.1250 9.0000 6.1870 220 50 50
2.0625 21.5000 1.9440 128 128 128
21.5000 -1.0000 1.0450 180 120 60
-10.7500 11.0000 1.3450 180 120 60
12.4375 25.0000 0.9920 128 128 128
15.2500 -6.0000 4.4450 220 50 50
-4.5625 -12.5000 4.2380 220 50 50
22.1875 18.5000 0.9700 180 120 60
-20.5625 22.0000 1.2000 180 120 60
-21.7500 -21.0000 5.1510 128 128 128
-6.6875 -15.5000 4.1840 220 50 50
-16.5625 -20.5000 1.1330 180 120 60
-16.6875 23.0000 5.2090 128 128 128
-7.8750 -19.0000 4.2450 220 50 50
19.5000 -21.0000 0.9430 180 120 60
-2.2500 -1.5000 1.1520 180 120 60
9.1250 -14.0000 1.0390 180 120 60
18.7500 9.5000 1.0900 180 120 60
-8.1250 14.0000 1.1860 180 120 60
13.8750 25.0000 1.0080 128 128 128
-23.6875 -21.5000 0.1390 30 144 255
-14.9375 3.5000 1.6210 180 120 60
-23.6875 20.5000 2.5010 34 139 34
0.0000 15.5000 2.7130 128 128 128
-7.9375 -13.5000 3.9520 220 50 50
12.8750 11.5000 1.0650 180 120 60
-18.6875 12.0000 2.0610 255 165 0
14.0000 2.0000 4.0120 220 50 50
-7.2500 25.0000 0.1700 180 120 60
9.3125 19.0000 0.4210 128 128 128
7.6875 16.0000 1.2960 180 120 60
1.3750 11.0000 5.3240 220 50 50
-2.4375 14.5000 1.3600 180 120 60
24.3750 4.5000 1.1210 180 120 60
-16.6250 24.5000 0.8950 180 120 60
-3.6250 -12.0000 4.5440 220 50 50
-10.8125 -5.5000 1.1010 180 120 60
19.1875 8.0000 1.0920 180 120 60
13.2500 12.0000 1.1090 180 120 60
-23.0000 -11.5000 0.1630 30 144 255
-2.8750 14.5000 1.3820 180 120 60
15.0000 -7.5000 4.2240 220 50 50
4.6875 1.0000 4.3990 220 50 50
12.6250 -17.0000 0.9790 180 120 60
10.1250 -0.5000 4.5740 220 50 50
-5.5625 7.0000 5.4370 220 50 50
-15.6875 -2.0000 1.1170 180 120 60
-15.5625 18.5000 0.0950 180 120 60
-5.5625 -11.0000 1.1920 220 50 50
-4.3750 16.0000 1.2910 180 120 60
19.8125 -11.5000 1.0940 180 120 60
0.3750 -5.0000 1.0990 180 120 60
-21.3125 23.0000 4.5950 220 50 50
2.6250 -7.5000 1.0800 180 120 60
-8.4375 12.5000 1.3120 180 120 60
24.5625 11.0000 0.1400 30 144 255
-23.3750 -0.5000 0.1500 30 144 255
19.1875 -16.5000 1.0300 180 120 60
16.3125 13.0000 0.5810 180 120 60
-16.1250 21.0000 0.1330 180 120 60
-15.5625 12.5000 0.1570 180 120 60
-9.3125 15.0000 1.0370 180 120 60
-11.8125 -22.0000 4.2240 220 50 50
4.7500 -15.0000 2.1660 128 128 128
14.9375 23.5000 0.5800 128 128 128
-10.3125 -18.0000 5.2170 220 50 50
8.9375 22.0000 0.1380 180 120 60
18.1875 7.5000 1.4510 128 128 128
-6.1875 20.5000 0.1380 180 120 60
21.6250 0.5000 0.9990 180 120 60
6.5625 -20.0000 3.7640 220 50 50
24.2500 -13.0000 4.5840 220 50 50
-23.3125 14.0000 2.2350 255 165 0
3.3750 19.0000 1.7690 128 128 128
-8.3750 16.5000 1.0120 180 120 60
-4.1875 11.5000 6.0930 220 50 50
-18.4375 18.0000 0.1390 180 120 60
-20.8750 -17.0000 1.0770 180 120 60
16.2500 -8.0000 4.2460 220 50 50
14.3125 -4.5000 4.5480 220 50 50
19.6250 -12.0000 1.1270 180 120 60
-17.6875 25.0000 1.0090 180 120 60
12.8750 5.0000 1.1330 180 120 60
12.0000 5.5000 1.1220 180 120 60
12.0000 -17.5000 1.0070 180 120 60
18.9375 -22.5000 0.9540 180 120 60
24.5000 -17.0000 5.2310 220 50 50
-5.1250 -9.0000 1.5860 128 128 128
20.5000 13.0000 0.1470 30 144 255
-13.6875 -22.0000 1.8240 128 128 128
23.7500 -11.0000 4.5040 220 50 50
-19.8125 13.5000 2.0520 255 165 0
10.9375 7.0000 1.1410 180 120 60
-20.3125 12.5000 2.1000 255 165 0
10.5625 13.0000 2.3670 128 128 128
10.6875 -5.5000 4.1390 220 50 50
-2.0625 -8.0000 1.1230 180 120 60
-8.0625 0.0000 1.2020 180 120 60
18.0000 -22.0000 0.9720 180 120 60
1.2500 -5.5000 1.1050 180 120 60
-17.0625 -1.5000 1.1880 128 128 128
-21.0000 -14.0000 0.1430 30 144 255
-21.6875 -15.5000 1.1360 128 128 128
15.8750 -18.0000 0.9420 180 120 60
-8.0000 14.5000 1.1400 180 120 60
23.8750 -18.0000 5.2550 220 50 50
20.4375 10.5000 0.4460 180 120 60
9.1250 -8.0000 1.1230 180 120 60
24.7500 -17.0000 5.2900 220 50 50
-8.3750 -22.5000 4.9750 220 50 50
-7.0000 0.0000 1.1900 180 120 60
1.4375 9.5000 5.6240 220 50 50
-18.8750 9.5000 2.2340 255 165 0
8.1250 15.5000 5.1350 128 128 128
12.6250 -18.5000 0.9800 180 120 60
9.3125 -14.5000 1.0270 180 120 60
-8.3750 4.5000 1.3510 180 120 60
-1.8125 -4.0000 1.0970 180 120 60
-22.6250 10.5000 0.1330 30 144 255
6.7500 -14.0000 1.0650 180 120 60
-3.7500 -13.5000 5.6430 220 50 50
1.6250 -16.5000 6.5350 220 50 50
12.0000 7.0000 1.0590 180 120 60
-21.8125 6.5000 0.1190 30 144 255
-6.3750 4.5000 1.3380 180 120 60
0.8125 5.5000 6.1790 220 50 50
12.0000 -17.5000 1.0070 180 120 60
4.2500 -3.0000 3.9360 220 50 50
-1.8750 25.5000 0.1600 180 120 60
-13.0625 -4.5000 1.1360 180 120 60
-8.6250 19.0000 0.1850 180 120 60
-15.8750 3.5000 1.2930 180 120 60
6.4375 -3.5000 4.0130 220 50 50
0.9375 4.5000 5.9980 220 50 50
-15.4375 -4.0000 1.1420 180 120 60
12.1250 -9.0000 1.1780 180 120 60
13.3750 -17.5000 0.9820 180 120 60
0.8750 5.0000 6.0910 220 50 50
19.8750 13.0000 0.1360 30 144 255
-12.6250 -18.0000 5.0360 220 50 50
4.6875 14.0000 2.1550 128 128 128
5.0000 -9.0000 1.0670 180 120 60
-0.2500 -14.0000 6.3330 220 50 50
-6.5000 -4.5000 1.1070 180 120 60
13.6875 16.5000 0.1410 30 144 255
-6.8750 -9.5000 2.1450 220 50 50
13.3125 17.5000 0.1370 30 144 255
22.8750 -6.5000 1.0930 180 120 60
12.8750 5.0000 1.1520 180 120 60
-13.5000 1.0000 1.2220 180 120 60
-14.4375 9.0000 2.0070 255 165 0
18.9375 22.5000 0.1420 30 144 255
16.3750 -17.5000 0.9500 180 120 60
-6.7500 21.5000 0.1530 180 120 60
-16.7500 -16.5000 3.1260 128 128 128
-12.9375 7.5000 1.8040 180 120 60
-3.0000 15.5000 1.4230 180 120 60
9.3125 5.5000 4.0660 220 50 50
4.8125 24.5000 0.1130 180 120 60
-13.4375 10.5000 1.3350 180 120 60
-22.3125 5.0000 0.1310 30 144 255
-7.9375 -12.0000 5.4370 220 50 50
16.2500 -4.5000 4.4490 220 50 50
8.9375 -2.0000 4.4330 220 50 50
-13.6250 -20.0000 5.0950 128 128 128
-13.5000 -2.0000 1.0230 180 120 60
13.2500 -5.0000 4.4210 220 50 50
5.7500 -11.5000 1.0430 180 120 60
-2.4375 -10.5000 4.0850 220 50 50
22.8750 11.5000 0.1500 30 144 255
-1.8750 9.0000 6.2430 220 50 50
-5.5000 7.5000 5.6300 220 50 50
20.5000 -17.0000 1.0530 180 120 60
0.6875 -19.0000 7.0850 220 50 50
-22.6875 18.0000 1.9980 180 120 60
-6.2500 -10.5000 3.4440 220 50 50
6.8750 17.5000 1.2950 180 120 60
1.7500 1.0000 4.1010 220 50 50
5.4375 17.5000 1.7910 128 128 128
22.3125 -15.5000 4.5560 220 50 50
1.1250 -6.5000 1.0860 180 120 60
14.1875 -4.0000 4.6540 220 50 50
25.5000 9.0000 0.1690 30 144 255
-6.6250 -9.5000 2.8720 220 50 50
-8.9375 -19.0000 5.5440 220 50 50
13.6250 -8.5000 4.0030 220 50 50
10.4375 -11.0000 1.0320 180 120 60
15.4375 8.0000 0.9200 180 120 60
-3.0000 4.0000 5.2270 220 50 50
20.9375 8.5000 1.0230 180 120 60
-14.1875 -12.5000 5.7140 220 50 50
-0.4375 -17.5000 6.9730 220 50 50
-15.4375 7.5000 2.0290 255 165 0
-2.5000 1.0000 1.2190 180 120 60
-1.0625 20.0000 1.1890 180 120 60
17.3750 -11.0000 4.0770 220 50 50
17.3750 -9.0000 4.2730 220 50 50
-22.6250 -10.0000 0.1180 30 144 255
-21.8750 8.5000 0.1400 30 144 255
1.9375 24.5000 0.1490 180 120 60
2.6875 16.0000 4.6320 128 128 128
-6.1250 4.5000 1.3430 180 120 60
-20.7500 -11.0000 0.3330 128 128 128
3.0000 -19.5000 3.9800 220 50 50
9.3125 -9.0000 1.0850 180 120 60
8.3750 5.0000 4.1370 220 50 50
-23.4375 -6.0000 0.1480 30 144 255
-7.8750 -12.5000 5.4990 220 50 50
12.7500 18.5000 0.5700 128 128 128
-2.3750 17.5000 2.0430 128 128 128
4.5000 7.5000 5.5710 220 50 50
-12.6250 -24.0000 4.1750 220 50 50
-6.0000 -5.5000 1.1130 180 120 60
-5.7500 -2.5000 1.1550 180 120 60
-4.2500 -5.0000 1.0950 180 120 60
17.0000 25.5000 0.4850 128 128 128
2.6875 -2.0000 1.1940 180 120 60
-16.3750 -2.5000 1.1180 180 120 60
-19.6875 6.5000 0.1490 30 144 255
-21.3125 11.5000 3.1000 128 128 128
16.5000 -21.5000 0.9620 180 120 60
-4.5625 -15.0000 4.7440 220 50 50
6.1250 -22.0000 3.5710 220 50 50
13.8750 21.5000 0.5640 128 128 128
14.0000 -11.5000 3.6600 128 128 128
-23.9375 23.0000 1.5620 180 120 60
21.4375 20.5000 0.1510 30 144 255
-17.6250 13.0000 2.9580 128 128 128
20.3125 -9.5000 1.0600 180 120 60
-3.3125 -10.0000 4.0860 220 50 50
9.7500 -7.5000 3.8470 220 50 50
22.7500 5.5000 1.0710 180 120 60
-19.5000 24.5000 5.1070 220 50 50
-20.3125 -16.5000 1.0690 180 120 60
22.4375 -3.0000 1.1070 180 120 60
-6.0000 -19.5000 4.2650 220 50 50
20.8125 22.5000 0.1550 30 144 255
3.0000 23.5000 0.3300 180 120 60
18.6250 12.0000 0.3930 180 120 60
18.5000 -22.5000 0.9410 180 120 60
-10.3125 -14.5000 5.8060 220 50 50
-10.1250 -17.5000 5.2300 220 50 50
-22.5000 2.0000 0.1620 30 144 255
-2.8750 -3.5000 1.0860 180 120 60
-3.3750 -13.5000 4.3450 220 50 50
3.2500 11.5000 1.3440 128 128 128
7.8125 -11.0000 1.0400 180 120 60
-9.9375 4.0000 1.3890 180 120 60
17.9375 -21.5000 0.9130 180 120 60
10.6875 -17.5000 1.0130 180 120 60
12.8125 -23.0000 4.9530 220 50 50
20.3750 19.0000 0.1400 128 128 128
-3.6250 -15.0000 4.3830 220 50 50
-15.8125 -8.0000 3.9570 220 50 50
-8.1250 -15.5000 5.0100 220 50 50
-17.0625 6.5000 1.7520 255 165 0
-10.6875 25.5000 0.1510 180 120 60
22.2500 9.5000 0.2570 180 120 60
10.3125 -3.0000 4.4100 220 50 50
0.3125 -20.5000 7.3530 220 50 50
17.2500 13.5000 1.0760 180 120 60
22.1875 9.0000 0.4170 180 120 60
13.5625 -11.5000 3.6660 128 128 128
12.7500 12.5000 1.1270 180 120 60
23.4375 19.0000 0.9110 180 120 60
0.3750 -14.0000 6.3190 220 50 50
-19.8125 -9.0000 0.3300 128 128 128
-5.6875 20.0000 0.2140 180 120 60
-24.1875 -8.0000 0.1530 30 144 255
-20.3750 20.0000 1.1130 180 120 60
-14.9375 19.5000 0.1210 180 120 60
-19.4375 17.5000 0.1490 180 120 60
6.0000 14.5000 1.1080 180 120 60
13.8750 -19.5000 0.9660 180 120 60
1.7500 7.5000 5.9540 220 50 50
22.5000 10.5000 0.1750 30 144 255
-11.9375 4.5000 1.5410 180 120 60
-5.0000 13.0000 1.3420 180 120 60
-12.3750 -11.0000 5.8470 220 50 50
-13.9375 5.5000 1.7410 180 120 60
0.7500 22.0000 1.0430 180 120 60
-3.6875 -23.0000 5.4640 220 50 50
-16.2500 -23.5000 1.0860 180 120 60
5.1875 20.0000 1.2540 180 120 60
9.3750 -23.0000 5.3490 220 50 50
19.0625 -5.0000 4.2320 220 50 50
-15.6250 -14.5000 5.2060 220 50 50
-1.3750 -9.5000 1.1010 180 120 60
-21.1875 7.5000 0.1570 30 144 255
-19.2500 23.5000 1.0510 180 120 60
-13.2500 0.5000 1.1720 180 120 60
11.5625 -9.5000 1.0860 180 120 60
5.8125 -17.0000 3.9420 220 50 50
-15.3750 -0.5000 1.6140 128 128 128
19.3125 -4.0000 4.1240 220 50 50
-8.8750 -20.0000 4.3020 220 50 50
-5.2500 24.0000 0.1220 180 120 60
-15.3125 -12.0000 4.3690 220 50 50
-13.6875 -16.0000 5.1870 220 50 50
4.7500 19.0000 1.1940 180 120 60
24.3125 -14.5000 4.8600 220 50 50
1.3750 8.5000 5.8240 220 50 50
-4.0625 2.0000 1.2630 180 120 60
18.6250 -9.0000 1.0480 180 120 60
-13.5625 8.0000 1.9040 255 165 0
-23.3125 16.5000 2.0020 255 165 0
4.1250 10.0000 5.0990 220 50 50
-20.2500 2.0000 0.1570 30 144 255
-11.4375 18.0000 0.1560 180 120 60
-7.0000 13.5000 1.2760 180 120 60
-6.8125 -2.5000 1.1170 180 120 60
3.8750 5.5000 6.0680 220 50 50
11.1250 11.5000 1.0850 180 120 60
-10.3125 -7.0000 4.9610 220 50 50
-13.8125 4.0000 1.6090 180 120 60
-16.3125 17.0000 0.1260 180 120 60
-5.0625 25.0000 0.1440 180 120 60
16.9375 -18.0000 0.9640 180 120 60
0.0000 1.0000 5.1290 220 50 50
25.2500 -4.5000 1.1300 180 120 60
5.3750 5.0000 4.4130 220 50 50
-5.1250 11.0000 6.3850 220 50 50
-20.8125 9.0000 0.1340 30 144 255
4.6250 -16.5000 2.8710 128 128 128
16.0000 8.5000 0.9620 180 120 60
-20.3750 13.0000 2.0700 255 165 0
-22.5000 1.0000 0.1160 30 144 255
15.7500 9.5000 1.0250 180 120 60
17.4375 18.0000 0.1810 128 128 128
-21.1875 1.0000 0.1400 30 144 255
9.0625 -16.0000 1.0290 180 120 60
2.6250 -9.0000 1.0980 180 120 60
-20.1250 19.0000 1.0860 180 120 60
5.2500 -24.0000 6.1340 220 50 50
16.6875 -12.5000 1.0880 180 120 60
5.9375 -12.0000 1.0250 180 120 60
-22.4375 20.0000 1.4270 180 120 60
-11.3125 -9.0000 5.3580 220 50 50
-10.2500 -18.5000 5.1710 220 50 50
-21.6875 -10.0000 0.3500 128 128 128
9.5000 -21.0000 4.9580 220 50 50
12.3125 8.5000 1.0120 180 120 60
6.8750 20.5000 0.5440 180 120 60
-8.9375 18.5000 0.1380 180 120 60
14.3125 -21.5000 1.0490 180 120 60
22.5625 -22.0000 0.9290 180 120 60
-9.3750 -12.0000 5.6240 220 50 50
25.3750 9.5000 0.1380 30 144 255
-16.6250 24.5000 0.8960 180 120 60
12.9375 21.5000 0.5860 128 128 128
-23.3750 19.5000 1.9190 180 120 60
6.0000 -17.5000 3.9430 220 50 50
-5.8125 25.5000 0.1320 180 120 60
-1.5000 13.0000 5.3620 220 50 50
-7.0625 -11.5000 3.6580 220 50 50
7.4375 8.0000 2.1150 128 128 128
-8.1250 5.5000 1.3890 180 120 60
1.3125 7.5000 6.0720 220 50 50
13.4375 -17.5000 0.9900 180 120 60
-2.3750 8.5000 6.3030 220 50 50
15.6875 -13.0000 2.2650 128 128 128
10.0000 25.0000 0.7720 128 128 128
-8.3750 7.0000 1.4040 180 120 60
-3.0000 1.5000 1.2600 180 120 60
1.5625 18.5000 1.2110 180 120 60
-15.7500 17.0000 0.1370 180 120 60
-9.8125 -7.0000 1.1340 180 120 60
15.5625 22.5000 0.4940 128 128 128
-0.2500 12.5000 5.2420 220 50 50
-2.8750 22.0000 0.1810 180 120 60
-10.9375 -1.5000 1.1190 180 120 60
2.3750 -16.0000 6.3480 220 50 50
17.9375 2.5000 2.0080 128 128 128
21.6875 -6.0000 1.1090 180 120 60
3.5000 -4.5000 3.0840 128 128 128
-23.6250 11.5000 0.1190 30 144 255
7.5000 24.5000 0.1590 180 120 60
-1.7500 -20.5000 5.7650 220 50 50
0.5000 -15.0000 6.4480 220 50 50
-12.7500 -8.5000 1.1660 180 120 60
18.7500 -18.5000 0.9890 180 120 60
-2.0625 18.0000 2.0460 128 128 128
-9.2500 14.5000 1.0780 180 120 60
13.5000 -11.0000 3.6830 128 128 128
21.5000 22.5000 0.1820 30 144 255
6.8750 -14.5000 1.0300 180 120 60
18.7500 -8.5000 4.4930 220 50 50
11.3750 -15.0000 1.0240 180 120 60
7.0625 7.5000 4.0650 220 50 50
-8.4375 5.5000 1.4320 180 120 60
-3.6250 -17.0000 7.2470 220 50 50
-0.3125 -19.5000 7.2900 220 50 50
23.6875 -5.5000 1.1320 180 120 60
23.6875 -9.0000 1.8720 128 128 128
21.5625 2.5000 0.9900 180 120 60
10.1875 -23.5000 5.3500 220 50 50
-7.5000 7.5000 5.2710 220 50 50
19.6250 -7.5000 1.0740 180 120 60
-7.1875 -7.5000 1.1120 180 120 60
-10.4375 -14.5000 5.7850 220 50 50
-3.6250 -13.0000 5.6400 220 50 50
16.5625 -13.5000 1.0520 180 120 60
-5.4375 -9.5000 1.5830 220 50 50
19.8750 -13.0000 3.6610 220 50 50
0.8125 13.0000 5.0780 220 50 50
-9.9375 18.5000 0.1140 180 120 60
19.0625 -1.0000 2.0270 128 128 128
20.1875 -18.5000 1.0120 180 120 60
6.0000 -7.5000 1.1250 180 120 60
-23.8125 -17.0000 0.1490 30 144 255
-16.6250 -16.5000 3.1160 128 128 128
-2.0000 -19.5000 5.8150 220 50 50
10.8125 -20.0000 1.0170 180 120 60
3.6875 4.0000 4.6310 220 50 50
-16.9375 -8.5000 3.8090 220 50 50
-18.0625 17.5000 0.1350 180 120 60
4.1875 -9.0000 1.0640 180 120 60
3.5625 -1.5000 4.0120 220 50 50
9.7500 -7.0000 1.4180 220 50 50
25.5625 -7.5000 4.0290 220 50 50
22.0625 19.5000 0.9480 180 120 60
-15.0000 -8.5000 1.1390 180 120 60
-14.6250 -22.5000 1.1710 180 120 60
-15.1250 -11.5000 4.3320 220 50 50
25.1875 -6.0000 1.1300 180 120 60
-6.2500 -7.5000 1.1120 180 120 60
-7.8750 -10.5000 5.1380 220 50 50
-8.3750 12.0000 1.2680 180 120 60
15.0000 16.0000 0.1470 30 144 255
14.2500 1.0000 4.0940 220 50 50
-10.7500 -11.0000 5.5820 220 50 50
0.8750 2.0000 5.4670 220 50 50
2.8125 16.5000 4.6190 128 128 128
22.2500 11.0000 0.1210 30 144 255
13.6250 -17.0000 0.9890 180 120 60
17.6875 5.5000 1.6800 128 128 128
-22.4375 22.5000 1.5500 180 120 60
7.0625 -22.5000 5.5720 220 50 50
23.8750 2.5000 0.9770 180 120 60
11.0000 -4.0000 4.3770 220 50 50
-3.5625 7.5000 5.8510 220 50 50
-0.6250 -9.5000 1.1200 180 120 60
-8.1875 -14.0000 4.1180 220 50 50
-9.3750 -4.5000 1.0810 180 120 60
-2.3750 -16.5000 7.0020 220 50 50
-20.8125 17.0000 0.2500 128 128 128
20.1250 1.5000 1.0100 180 120 60
9.5625 -19.0000 1.1100 180 120 60
7.6875 25.0000 0.1470 180 120 60
4.6875 5.0000 5.9880 220 50 50
-5.9375 -12.5000 4.3080 220 50 50
4.6875 -17.0000 4.0070 220 50 50
-0.3750 19.0000 1.4660 180 120 60
4.1250 3.5000 4.6530 220 50 50
-7.2500 3.5000 1.3230 180 120 60
23.3125 -20.0000 0.9980 180 120 60
-19.5000 -3.5000 0.1590 30 144 255
11.5625 -1.0000 4.5060 220 50 50
5.7500 11.0000 1.5790 128 128 128
-0.3750 24.5000 0.1610 180 120 60
-0.6875 -1.0000 1.2040 180 120 60
-6.5000 25.0000 0.1240 180 120 60
-22.0625 -21.0000 1.8580 128 128 128
-24.0000 -18.0000 0.1440 30 144 255
-16.0000 3.5000 1.2410 180 120 60
-18.3125 -20.0000 1.1160 180 120 60
7.7500 22.5000 0.1340 180 120 60
15.3125 6.0000 1.4890 128 128 128
4.0625 -15.0000 2.9040 128 128 128
-2.4375 -12.0000 4.2740 220 50 50
-3.1875 11.5000 5.9320 220 50 50
-10.0625 -12.5000 5.7900 220 50 50
-6.7500 -7.0000 1.0690 180 120 60
15.1875 -20.5000 0.9750 180 120 60
-1.6875 6.0000 5.8310 220 50 50
-4.4375 22.5000 0.1430 180 120 60
25.0625 7.5000 0.1240 180 120 60
10.5000 -22.5000 5.1100 220 50 50
-1.6250 21.5000 0.8000 180 120 60
4.1250 -15.0000 2.8670 128 128 128
7.8125 -16.0000 1.0660 180 120 60
7.9375 9.5000 3.8270 128 128 128
0.5000 7.5000 6.2230 220 50 50
6.6250 0.0000 4.4080 220 50 50
-12.3125 9.5000 1.8360 180 120 60
24.5625 -2.0000 1.0540 180 120 60
-9.3750 10.5000 2.4540 128 128 128
-23.5000 -21.5000 0.1390 30 144 255
-10.7500 16.5000 0.1460 180 120 60
10.6250 10.0000 1.0760 180 120 60
-16.1250 -21.5000 1.1130 180 120 60
-19.0625 4.0000 0.1420 30 144 255
6.8750 -17.5000 1.4060 128 128 128
8.1875 -6.0000 1.5370 220 50 50
-2.5625 -7.0000 1.0980 180 120 60
-22.5625 24.0000 1.6270 180 120 60
-20.8750 17.5000 1.7430 128 128 128
-17.0625 -22.5000 1.0860 180 120 60
12.6250 -11.0000 3.6710 128 128 128
-0.7500 8.0000 6.2420 220 50 50
-11.5000 14.0000 0.1870 180 120 60
-2.2500 -6.0000 1.0930 180 120 60
16.2500 -16.5000 1.0020 180 120 60
24.8125 -1.0000 1.0030 180 120 60
23.8750 -16.5000 5.0380 220 50 50
-15.7500 -20.0000 1.1280 180 120 60
9.1875 13.5000 5.5860 128 128 128
12.1875 -6.0000 4.2290 220 50 50
12.1875 -2.5000 4.6820 220 50 50
13.6875 -8.5000 4.0280 220 50 50
-7.1250 15.5000 1.1130 180 120 60
-18.3125 -3.0000 0.1340 180 120 60
20.3750 -13.5000 1.1050 180 120 60
5.1250 9.5000 5.0520 220 50 50
10.3125 -7.0000 3.9090 220 50 50
18.0625 7.0000 1.4740 128 128 128
6.0625 16.5000 1.8230 128 128 128
-20.6250 5.0000 0.1260 30 144 255
-20.1875 -18.0000 1.0460 180 120 60
-14.8750 -2.5000 1.1070 180 120 60
-13.6250 7.5000 1.8950 255 165 0
20.3750 7.5000 1.1240 180 120 60
16.5625 -15.0000 1.0730 180 120 60
-3.1250 -5.5000 1.0710 180 120 60
-15.5000 -15.0000 5.1710 220 50 50
6.9375 22.5000 0.1510 180 120 60
-20.8750 -9.0000 0.6530 128 128 128
16.0000 12.0000 1.1190 180 120 60
4.4375 10.5000 5.4680 128 128 128
-19.1875 14.0000 2.0640 255 165 0
-11.1875 3.0000 1.3530 180 120 60
-17.3125 -12.0000 4.0390 220 50 50
4.0000 -6.5000 1.1020 180 120 60
7.8125 -13.5000 1.0300 180 120 60
-10.2500 9.5000 2.5560 128 128 128
1.4375 8.0000 5.8880 220 50 50
1.4375 -2.0000 1.1820 180 120 60
-4.1875 1.5000 1.2320 180 120 60
-23.3125 4.0000 0.1410 30 144 255
20.5625 16.0000 1.0430 180 120 60
-22.0625 10.5000 0.1530 30 144 255
8.5000 17.5000 1.2030 180 120 60
-23.9375 18.0000 1.9220 180 120 60
-21.9375 -6.0000 0.1760 30 144 255
-9.3125 -19.5000 5.4290 220 50 50
20.3750 3.0000 1.0050 180 120 60
4.0000 -7.0000 1.0800 180 120 60
-3.0625 -9.5000 1.1440 180 120 60
-24.0625 -22.5000 0.1430 30 144 255
8.8750 20.5000 1.1270 128 128 128
-9.6875 17.5000 0.1260 180 120 60
6.5625 9.5000 3.4240 128 128 128
-6.6250 -14.0000 4.2820 220 50 50
7.7500 -9.5000 1.0640 180 120 60
1.3750 -20.5000 7.2190 220 50 50
23.5625 9.5000 0.1540 30 144 255
4.9375 -11.5000 1.0450 180 120 60
5.5000 23.0000 0.1120 180 120 60
14.2500 -10.5000 3.8730 220 50 50
0.1250 19.5000 1.5590 128 128 128
-16.5625 10.0000 2.0680 255 165 0
0.1875 -10.5000 1.1450 180 120 60
2.0625 -1.5000 3.9580 220 50 50
20.1875 21.5000 0.1540 30 144 255
-20.5625 -8.0000 0.1610 30 144 255
-14.3750 -17.5000 1.1900 180 120 60
6.5000 19.0000 1.2500 180 120 60
-18.0000 -17.0000 1.1410 180 120 60
2.8125 -4.0000 3.1020 128 128 128
17.3750 2.5000 2.2380 128 128 128
11.4375 21.0000 0.5960 180 120 60
24.8750 25.0000 0.1350 30 144 255
7.6250 -6.5000 1.2290 128 128 128
-13.5625 -17.5000 1.1800 180 120 60
-5.6875 24.0000 0.1510 180 120 60
15.5000 6.5000 1.0540 180 120 60
19.6250 4.5000 1.0620 180 120 60
-4.0625 -21.5000 5.5350 220 50 50
0.3125 4.0000 5.8070 220 50 50
-18.9375 13.0000 2.0800 255 165 0
-2.6875 2.5000 5.0170 220 50 50
11.4375 1.5000 4.2790 220 50 50
5.2500 6.0000 4.3590 220 50 50
17.8125 2.0000 1.1670 180 120 60
-17.5000 -12.5000 4.0510 220 50 50
-22.4375 21.0000 1.5360 180 120 60
-7.8125 -22.5000 4.2310 220 50 50
18.6250 16.5000 0.3920 128 128 128
6.5625 -9.0000 1.0450 180 120 60
22.3125 5.0000 1.0460 180 120 60
-20.3125 -13.5000 0.1270 180 120 60
-7.5625 -21.5000 5.2150 220 50 50
5.4375 1.0000 4.4390 220 50 50
1.8750 15.5000 4.6860 128 128 128
-9.6875 25.0000 0.1530 180 120 60
-11.1875 6.0000 1.5570 180 120 60
16.5000 5.0000 1.4940 128 128 128
13.0000 25.0000 1.0350 128 128 128
-9.1250 -16.0000 4.2520 220 50 50
-5.9375 4.5000 1.3250 180 120 60
-15.3125 -2.5000 1.1170 180 120 60
25.4375 -20.0000 0.9730 180 120 60
-15.1250 5.0000 1.9200 255 165 0
-11.5000 15.0000 0.1770 180 120 60
-9.5000 11.0000 2.4020 128 128 128
-22.6875 -4.5000 0.1710 30 144 255
20.7500 -23.0000 0.9140 180 120 60
-6.7500 -21.5000 5.3220 220 50 50
-18.3750 -8.5000 1.7980 220 50 50
17.3125 25.5000 0.2340 128 128 128
16.1250 1.5000 1.2180 128 128 128
-8.6250 -5.0000 1.0650 180 120 60
-7.7500 -7.5000 1.0940 180 120 60
2.9375 -14.0000 1.1100 180 120 60
5.5625 -11.0000 1.0220 180 120 60
-22.0000 -20.0000 1.7420 128 128 128
14.3750 -4.0000 4.5690 220 50 50
-12.0000 -5.0000 1.1030 180 120 60
-21.3750 -3.5000 0.0980 30 144 255
13.9375 -13.0000 2.9880 128 128 128
-14.0625 18.5000 0.1050 180 120 60
2.3125 24.0000 0.1340 180 120 60
22.9375 9.5000 0.1520 30 144 255
16.6250 -6.0000 4.5840 220 50 50
-4.1875 16.0000 1.3650 180 120 60
-7.0625 17.0000 0.7610 180 120 60
-23.4375 22.0000 1.5780 180 120 60
-20.2500 22.0000 1.1710 180 120 60
-0.1875 11.0000 5.5000 220 50 50
-8.0625 17.0000 0.9620 180 120 60
-21.1250 11.0000 2.2140 255 165 0
1.4375 12.0000 5.0300 220 50 50
6.6875 22.0000 0.1660 180 120 60
3.3750 7.5000 5.7190 220 50 50
-6.6250 -22.5000 5.3490 220 50 50
-17.0000 -16.5000 3.1070 128 128 128
-1.0000 -14.0000 6.4610 220 50 50
-3.8750 17.5000 1.2140 180 120 60
-3.0000 -19.0000 5.8080 220 50 50
8.4375 4.5000 4.1860 220 50 50
-2.5000 9.0000 6.3660 220 50 50
-23.8125 -13.5000 0.1510 30 144 255
2.3125 23.0000 0.5190 180 120 60
-18.0625 5.5000 0.1910 30 144 255
23.1875 -15.0000 4.6860 220 50 50
-0.1250 24.0000 0.1710 180 120 60
14.3125 -18.5000 0.9650 180 120 60
-21.2500 -14.5000 1.6140 128 128 128
16.5000 3.5000 1.1230 180 120 60
-9.0625 9.0000 1.4220 180 120 60
2.8125 11.0000 5.0790 220 50 50
12.3750 -13.5000 0.9890 180 120 60
17.8750 14.5000 1.0570 180 120 60
-12.8125 19.5000 0.1610 180 120 60
20.3125 -6.0000 4.2590 220 50 50
23.5000 -3.5000 1.0940 180 120 60
-3.0000 10.5000 6.0830 220 50 50
1.8750 -3.5000 3.1050 128 128 128
21.0000 -3.5000 3.9860 220 50 50
8.6250 11.5000 2.3890 128 128 128
-6.8125 18.5000 0.4870 180 120 60
3.0625 -19.5000 3.9920 220 50 50
-14.8125 20.0000 0.0850 180 120 60
-2.3125 -10.5000 1.1380 180 120 60
21.2500 18.5000 0.9940 180 120 60
9.2500 14.5000 1.2140 180 120 60
9.7500 17.0000 1.1620 180 120 60
16.0625 16.5000 0.3140 128 128 128
-24.0625 0.0000 0.2000 128 128 128
16.7500 5.5000 1.4660 128 128 128
22.9375 -20.0000 0.9820 180 120 60
8.3750 -12.0000 0.9890 180 120 60
-5.5000 16.5000 1.1750 180 120 60
6.3125 0.0000 4.4120 220 50 50
-12.4375 10.0000 1.7940 180 120 60
17.2500 -12.5000 3.8760 220 50 50
1.5625 -12.0000 1.2970 128 128 128
-24.1875 -9.0000 0.1400 30 144 255
-5.1875 19.0000 1.0530 180 120 60
-17.5000 22.0000 0.8420 180 120 60
-23.2500 20.0000 2.5220 34 139 34
19.8750 -15.5000 4.4190 128 128 128
-14.0000 -23.5000 1.2230 180 120 60
9.2500 -12.5000 1.0010 180 120 60
15.8750 18.0000 0.1640 128 128 128
-0.9375 14.5000 2.2220 128 128 128
-2.1250 -23.5000 5.5540 220 50 50
16.3750 0.5000 3.9640 220 50 50
4.3750 10.0000 5.0450 220 50 50
-3.3750 -3.0000 1.1080 180 120 60
-3.8750 -18.0000 5.9060 220 50 50
-4.0000 10.0000 6.3530 220 50 50
-1.6250 12.5000 5.5040 220 50 50
-7.7500 8.5000 1.5570 128 128 128
11.8125 -6.5000 4.1070 220 50 50
3.4375 16.0000 4.6260 128 128 128
16.9375 -17.0000 0.9770 180 120 60
12.9375 11.5000 1.0830 180 120 60
-18.2500 5.0000 0.1500 30 144 255
24.3125 -22.0000 0.9680 180 120 60
19.7500 21.5000 0.1370 30 144 255
14.6875 6.5000 1.0130 180 120 60
-1.4375 22.0000 0.5350 180 120 60
10.0625 -12.0000 1.0550 180 120 60
17.1875 25.0000 0.4650 128 128 128
10.6250 -21.0000 1.0260 180 120 60
-12.5625 21.5000 0.1540 180 120 60
-15.7500 -13.0000 4.3840 220 50 50
22.0000 -4.5000 4.0170 220 50 50
19.5625 -13.0000 1.1210 180 120 60
-19.6250 -7.0000 0.1430 30 144 255
19.6250 -20.5000 0.9140 180 120 60
9.2500 -22.5000 5.2940 220 50 50
-10.8750 6.0000 1.5530 180 120 60
-7.9375 2.0000 1.2660 180 120 60
5.8750 9.0000 3.5740 220 50 50
1.0000 19.5000 1.4450 180 120 60
-7.5000 -18.5000 4.2200 220 50 50
11.0000 21.0000 0.5970 180 120 60
-16.1875 2.5000 1.0540 180 120 60
2.7500 21.0000 4.5010 128 128 128
24.8125 1.5000 0.9690 180 120 60
19.6250 -17.5000 1.0010 180 120 60
5.9375 -6.0000 1.1950 180 120 60
19.9375 10.5000 0.6460 180 120 60
-7.6250 -14.5000 5.6090 220 50 50
21.4375 15.5000 0.1330 30 144 255
-14.4375 4.5000 1.7560 180 120 60
16.3750 17.5000 0.1500 128 128 128
25.0625 -17.0000 5.3660 220 50 50
-16.0000 16.5000 0.1550 180 120 60
4.9375 -21.5000 3.6570 220 50 50
-6.6875 -20.0000 4.2290 220 50 50
-23.1250 25.0000 4.6930 220 50 50
12.9375 4.0000 1.1750 180 120 60
-13.9375 -22.5000 1.7500 220 50 50
17.1875 -23.0000 0.9770 180 120 60
9.9375 -16.5000 1.0230 180 120 60
17.8125 -11.5000 4.0740 220 50 50
15.1875 1.0000 4.0800 220 50 50
0.0000 0.5000 1.2490 180 120 60
23.2500 1.0000 1.0040 180 120 60
9.0625 -12.0000 1.0380 180 120 60
3.8750 -20.5000 3.8360 220 50 50
-1.4375 0.0000 1.3800 128 128 128
-3.3125 18.0000 1.1740 180 120 60
11.8750 -15.5000 0.9910 180 120 60
0.0000 -18.0000 7.0040 220 50 50
13.1875 -5.5000 4.3660 220 50 50
7.0000 -7.0000 1.7620 128 128 128
20.0000 -7.5000 4.4400 220 50 50
-6.9375 17.5000 0.7170 180 120 60
-13.8750 11.5000 0.7640 180 120 60
-10.5625 13.5000 0.7960 180 120 60
10.9375 -16.5000 1.0060 180 120 60
-9.1250 0.0000 1.2100 180 120 60
-21.3750 23.0000 4.5400 220 50 50
-2.6250 -9.0000 1.0690 180 120 60
-8.3750 23.5000 0.1340 180 120 60
-15.3750 -12.5000 4.4140 220 50 50
3.1875 -13.0000 1.1170 180 120 60
23.8125 6.5000 0.8950 180 120 60
11.7500 -13.0000 1.0250 180 120 60
1.0625 -20.5000 7.2960 220 50 50
-3.0625 -20.5000 5.6710 220 50 50
-15.4375 -9.5000 4.1090 220 50 50
21.8750 6.0000 1.0970 180 120 60
-0.1250 14.0000 5.1120 220 50 50
-3.3125 22.0000 0.1510 180 120 60
14.8750 -10.0000 3.9380 220 50 50
4.0000 14.0000 1.2190 180 120 60
-16.9375 2.0000 0.6320 180 120 60
-1.1250 2.0000 5.1730 220 50 50
3.9375 -18.0000 4.0040 220 50 50
4.1875 -10.5000 1.0690 180 120 60
16.5625 24.0000 0.7170 128 128 128
-8.7500 -2.0000 1.1150 180 120 60
-12.2500 -15.0000 5.5510 220 50 50
16.6250 3.5000 1.1520 180 120 60
-16.6875 -10.5000 3.9780 220 50 50
0.9375 -8.5000 1.0820 180 120 60
-8.2500 -5.0000 1.0740 180 120 60
1.6875 20.5000 2.3450 128 128 128
-8.3750 13.0000 1.2730 180 120 60
-8.7500 -13.0000 5.7380 220 50 50
22.7500 4.0000 1.0130 180 120 60
1.5000 13.5000 4.6780 128 128 128
-14.1875 -1.5000 1.0200 180 120 60
21.2500 20.0000 0.7280 128 128 128
-19.6875 -15.5000 2.9190 128 128 128
4.2500 -18.0000 3.9890 220 50 50
-8.2500 18.0000 0.3460 180 120 60
-4.9375 5.5000 5.2500 220 50 50
0.7500 -21.0000 1.6990 128 128 128
-8.3750 1.0000 1.2340 180 120 60
-10.5625 10.0000 1.6540 180 120 60
12.1875 -1.5000 4.5340 220 50 50
-15.1875 -16.5000 5.0010 220 50 50
-0.3750 23.0000 0.1500 180 120 60
18.5625 15.0000 1.0510 180 120 60
10.8125 -9.5000 1.0790 180 120 60
12.8125 -10.0000 1.1070 180 120 60
-18.9375 10.0000 2.1110 255 165 0
20.7500 10.5000 0.3210 180 120 60
-16.1875 15.5000 0.1290 180 120 60
-15.0000 6.5000 1.9610 255 165 0
21.0625 21.0000 0.1360 30 144 255
-14.8750 -19.5000 1.1680 180 120 60
14.8750 9.5000 0.9980 180 120 60
-16.7500 -1.0000 1.5870 128 128 128
-0.8750 6.0000 5.9680 220 50 50
18.3750 15.0000 1.0480 180 120 60
12.4375 10.0000 0.9780 180 120 60
20.2500 -9.5000 1.0770 180 120 60
-8.9375 -23.5000 5.0140 220 50 50
-8.8125 -18.5000 5.5420 220 50 50
-15.6875 -18.5000 4.8590 128 128 128
-10.1250 25.0000 0.1570 180 120 60
2.6250 17.0000 1.9870 128 128 128
-14.8750 14.0000 0.1170 180 120 60
5.7500 -5.5000 1.1490 180 120 60
-22.6250 -18.5000 0.9620 128 128 128
-8.5625 13.0000 2.0320 128 128 128
17.9375 2.5000 1.1360 180 120 60
-13.8125 -17.5000 4.9980 220 50 50
5.8750 13.0000 1.2010 180 120 60
-7.0000 -13.0000 4.2190 220 50 50
-11.5000 -17.5000 3.1740 220 50 50
16.9375 -20.5000 0.9720 180 120 60
22.1250 8.5000 0.5950 180 120 60
25.1875 -15.0000 5.1200 220 50 50
-10.1250 -19.5000 4.3660 220 50 50
6.8750 5.0000 4.3080 220 50 50
-11.3125 -18.0000 5.2490 220 50 50
6.6250 22.5000 0.1580 180 120 60
11.5000 23.5000 1.2610 128 128 128
17.5000 12.0000 1.0700 180 120 60
-0.6875 25.0000 0.1720 180 120 60
-10.6250 5.5000 1.5190 180 120 60
22.7500 -19.5000 0.9530 180 120 60
4.9375 -21.0000 3.6980 220 50 50
-22.0000 16.0000 2.0050 255 165 0
-19.6250 -5.5000 0.1460 30 144 255
1.0000 -12.5000 1.2060 128 128 128
14.1875 22.0000 0.5590 128 128 128
-10.0625 -20.0000 4.2480 220 50 50
17.5000 5.0000 1.1270 180 120 60
5.3125 1.0000 4.4720 220 50 50
-0.1875 -22.5000 5.7650 220 50 50
6.1250 11.0000 1.7080 128 128 128
21.0000 -6.5000 1.1210 180 120 60
-17.0625 -24.0000 1.0710 180 120 60
-16.5625 -5.0000 1.1090 180 120 60
6.0000 -17.5000 1.1100 180 120 60
-18.5000 -15.0000 1.1620 180 120 60
24.7500 -22.0000 0.9280 180 120 60
13.7500 9.5000 0.9560 180 120 60
10.2500 -15.5000 1.0130 180 120 60
-17.8125 25.5000 0.9630 180 120 60
13.1250 -17.5000 0.9890 180 120 60
-11.9375 -16.0000 5.4390 220 50 50
-0.2500 21.5000 1.1140 180 120 60
-7.1875 8.5000 1.6230 128 128 128
-14.0625 -15.5000 5.2410 220 50 50
19.8125 12.5000 0.1510 30 144 255
-22.6250 -20.5000 1.0980 128 128 128
21.6250 10.0000 0.2340 180 120 60
-17.1250 8.0000 2.7110 128 128 128
-1.5000 11.5000 5.6370 220 50 50
10.6250 -17.5000 0.9990 180 120 60
8.6250 -0.5000 4.5500 220 50 50
17.0625 -13.0000 1.0770 180 120 60
-1.2500 10.0000 5.9240 220 50 50
2.5625 3.5000 6.1550 220 50 50
-1.8750 22.5000 0.1520 180 120 60
7.5000 5.5000 4.1930 220 50 50
14.1875 13.0000 1.1440 180 120 60
9.1875 -11.5000 1.0640 180 120 60
-21.7500 -14.5000 0.9930 128 128 128
6.4375 13.5000 5.1290 128 128 128
-6.0000 -7.0000 1.3750 128 128 128
0.6250 6.0000 6.2870 220 50 50
-12.6875 12.0000 0.3380 180 120 60
18.8750 -11.5000 1.1090 180 120 60
-9.9375 -22.0000 4.2380 220 50 50
0.8750 7.5000 6.1340 220 50 50
-16.3125 3.0000 0.9430 180 120 60
-9.6250 9.5000 2.4640 128 128 128
4.0000 13.5000 4.5240 128 128 128
19.1250 -14.5000 1.0810 180 120 60
13.5000 -21.0000 1.0470 180 120 60
3.0625 18.0000 4.6700 128 128 128
1.8125 11.0000 5.1810 220 50 50
4.8750 24.0000 0.1240 180 120 60
1.5625 23.0000 0.4120 180 120 60
18.2500 -4.0000 4.1730 220 50 50
-20.6250 1.0000 0.0990 30 144 255
-11.1875 -17.0000 3.2970 220 50 50
-15.0000 5.5000 1.8990 255 165 0
-3.9375 1.5000 1.2680 180 120 60
6.3125 -2.5000 4.0650 220 50 50
6.6250 9.0000 3.6130 128 128 128
6.6875 -10.0000 1.0090 180 120 60
2.6250 6.0000 6.1540 220 50 50
10.0000 23.5000 0.8390 128 128 128
-14.3125 16.5000 0.1370 180 120 60
-18.9375 -19.0000 1.5770 128 128 128
12.7500 9.5000 0.9510 180 120 60
-13.0625 21.5000 0.1290 180 120 60
-1.2500 -19.0000 7.3080 220 50 50
-1.5625 -17.5000 7.1080 220 50 50
-11.3125 19.0000 0.1340 180 120 60
-21.3125 -5.0000 0.0700 30 144 255
11.1250 14.0000 1.3140 180 120 60
9.1250 0.5000 4.5440 220 50 50
-19.0625 -20.5000 2.8060 128 128 128
-1.5000 9.0000 6.1840 220 50 50
2.3750 -18.0000 6.7170 220 50 50
19.2500 11.0000 0.7050 180 120 60
4.4375 -7.0000 1.0940 180 120 60
-0.5625 -21.5000 5.7260 220 50 50
-20.1875 20.5000 1.1280 180 120 60
19.9375 20.0000 0.0950 128 128 128
20.3750 8.5000 1.1090 180 120 60
-10.7500 -16.5000 3.4140 220 50 50
-16.5000 0.5000 1.9670 128 128 128
-17.0625 -13.5000 4.2110 220 50 50
1.1875 11.0000 5.2980 220 50 50
21.8750 -5.5000 2.2810 128 128 128
-22.3750 -8.5000 0.1110 30 144 255
-14.8125 -7.5000 1.1560 180 120 60
-14.3750 -7.5000 1.3060 128 128 128
-4.1250 16.5000 1.3020 180 120 60
21.5000 -1.0000 1.0370 180 120 60
7.3125 -0.5000 4.4420 220 50 50
-13.8750 -21.5000 1.4980 128 128 128
23.8125 5.0000 1.0800 180 120 60
-0.6875 16.0000 2.2030 128 128 128
-3.4375 11.0000 6.0370 220 50 50
8.6250 20.0000 1.1520 128 128 128
21.5000 12.0000 0.1470 30 144 255
24.1250 -5.5000 1.1320 180 120 60
17.1875 -22.0000 0.9660 180 120 60
17.8125 -14.5000 1.2210 128 128 128
18.0625 -6.5000 4.5550 220 50 50
16.1875 23.0000 0.5010 128 128 128
20.4375 18.0000 1.0040 180 120 60
20.9375 -21.0000 0.9280 180 120 60
-8.1875 -21.0000 5.2560 220 50 50
-1.3125 9.0000 6.1770 220 50 50
8.0625 -20.5000 5.1220 220 50 50
15.5000 10.0000 1.0390 180 120 60
19.5625 18.0000 0.2470 128 128 128
19.6875 10.0000 0.8730 180 120 60
-22.6250 -1.0000 0.1170 30 144 255
-1.9375 1.5000 1.4630 128 128 128
13.3750 -19.0000 0.9720 180 120 60
-23.7500 -22.5000 0.1440 30 144 255
-3.2500 21.0000 0.6340 180 120 60
-15.3750 -18.0000 4.7580 128 128 128
-20.6875 -20.0000 1.0520 180 120 60
13.4375 -4.5000 4.5050 220 50 50
2.2500 -6.5000 1.0920 180 120 60
20.3125 12.0000 0.1410 30 144 255
-10.0000 16.5000 0.1040 180 120 60
-22.7500 -4.0000 0.1400 30 144 255
24.0000 -9.5000 4.3450 220 50 50
10.6875 13.0000 2.3830 128 128 128
12.9375 -23.0000 4.9500 220 50 50
-18.1875 7.5000 0.1770 30 144 255
-21.2500 2.5000 0.1630 30 144 255
-4.5000 -7.5000 1.0680 180 120 60
-22.1875 -3.0000 0.1470 30 144 255
6.0000 6.5000 4.2410 220 50 50
5.5000 18.5000 3.2020 128 128 128
-11.5000 8.0000 1.6790 180 120 60
-17.5000 24.5000 0.9700 180 120 60
20.8125 11.5000 0.1490 30 144 255
-17.1875 17.5000 0.1630 180 120 60
-18.8125 5.0000 0.1470 30 144 255
-17.7500 -22.5000 4.8040 128 128 128
-0.2500 -19.5000 7.2890 220 50 50
-9.2500 -21.0000 4.2650 220 50 50
-7.5625 25.5000 0.1320 180 120 60
-6.8125 0.5000 1.2130 180 120 60
9.3125 12.5000 1.7570 128 128 128
-23.5625 13.0000 0.3310 128 128 128
14.8750 -15.0000 1.0080 180 120 60
-5.3125 -17.0000 4.3410 220 50 50
-15.6875 12.0000 3.0950 128 128 128
24.3750 7.5000 0.3180 180 120 60
-9.6250 25.5000 0.1340 180 120 60
-20.0625 -20.0000 1.0420 180 120 60
-24.2500 -3.0000 0.1390 30 144 255
-23.7500 17.0000 1.9840 180 120 60
25.0000 1.5000 0.9780 180 120 60
-13.5625 -8.0000 1.1470 180 120 60
-23.5000 -21.5000 0.1380 30 144 255
-10.1250 12.0000 1.4630 180 120 60
9.6250 -13.0000 1.0030 180 120 60
-2.5000 14.5000 5.2280 220 50 50
-17.6250 -18.0000 3.6540 128 128 128
-15.8125 25.5000 0.9000 180 120 60
12.3125 -17.0000 0.9910 180 120 60
-3.6250 -17.5000 5.9380 220 50 50
9.3125 9.0000 1.1490 180 120 60
12.7500 5.0000 1.1280 180 120 60
4.8750 -12.0000 1.0680 180 120 60
13.2500 -17.0000 1.0110 180 120 60
-23.6875 0.5000 0.1400 30 144 255
-17.8750 18.5000 0.1380 180 120 60
-14.4375 10.0000 3.0140 128 128 128
-1.0625 -5.0000 1.0980 180 120 60
-17.8125 11.0000 2.0600 255 165 0
2.6250 -1.0000 3.9880 220 50 50
-5.6250 18.5000 0.9980 180 120 60
2.1250 -7.5000 1.0980 180 120 60
22.9375 1.5000 1.0130 180 120 60
5.8750 18.5000 3.2690 128 128 128
-18.8125 1.0000 0.1520 30 144 255
5.5625 -20.5000 3.7110 220 50 50
-8.8750 7.0000 1.4290 180 120 60
13.5000 14.0000 1.1430 180 120 60
-14.0625 11.5000 0.6020 180 120 60
-15.7500 -23.5000 1.4160 128 128 128
7.2500 9.0000 1.6150 128 128 128
-13.8750 -18.0000 1.1950 180 120 60
20.5000 14.0000 0.1520 30 144 255
-22.4375 -10.5000 0.1330 30 144 255
-22.2500 -19.0000 1.8740 128 128 128
-0.6875 -5.0000 1.1060 180 120 60
14.5625 -9.0000 4.0210 220 50 50
-17.1250 21.0000 0.1420 180 120 60
-16.2500 -11.5000 4.1690 220 50 50
-1.3750 -20.0000 5.8370 220 50 50
15.6875 5.5000 1.3730 128 128 128
-12.0625 -22.0000 4.1830 220 50 50
5.5625 13.0000 1.1850 180 120 60
-13.8750 -11.0000 5.9850 220 50 50
-20.8750 -15.5000 1.6200 128 128 128
-18.6250 -11.5000 1.3860 220 50 50
-2.5625 -3.0000 1.1360 180 120 60
-16.8750 -8.0000 3.7870 220 50 50
17.7500 17.5000 0.2330 128 128 128
-13.3125 -19.5000 1.1800 180 120 60
6.1250 2.0000 4.6660 220 50 50
-12.3750 18.5000 0.1570 180 120 60
20.8125 -5.5000 2.3300 220 50 50
15.6250 20.5000 5.6690 128 128 128
9.8750 -2.5000 4.4480 220 50 50
-10.7500 -9.5000 5.3930 220 50 50
-19.8125 -14.0000 0.3690 180 120 60
24.3750 10.5000 0.1480 30 144 255
-0.0625 9.5000 5.8490 220 50 50
-8.1250 -11.5000 5.3270 220 50 50
-0.6875 -5.0000 1.0900 180 120 60
3.5000 23.5000 0.1780 180 120 60
14.8125 -15.5000 1.0000 180 120 60
5.8750 -5.5000 1.8600 128 128 128
19.6875 -14.5000 3.6550 128 128 128
-8.3750 -19.0000 4.3080 220 50 50
-0.6250 -2.0000 1.1590 180 120 60
11.1250 -9.5000 1.0880 180 120 60
-6.2500 14.0000 1.3200 180 120 60
-12.1250 -8.0000 1.2530 180 120 60
-0.4375 -8.5000 1.1210 180 120 60
6.3125 -8.0000 1.0820 180 120 60
19.6875 -2.0000 3.9910 220 50 50
23.0000 -11.0000 4.1910 220 50 50
11.6875 11.5000 1.0660 180 120 60
-6.2500 -8.5000 1.4990 128 128 128
17.9375 -2.0000 4.0680 220 50 50
-19.2500 19.5000 1.0150 128 128 128
2.1875 11.0000 5.1710 220 50 50
24.8750 11.0000 0.1440 30 144 255
-12.6250 -20.0000 2.5810 128 128 128
16.8750 -12.5000 3.8620 220 50 50
-0.1875 14.5000 4.6090 128 128 128
-10.5625 -2.0000 1.0860 180 120 60
-12.8750 -17.0000 5.1160 220 50 50
-14.7500 -13.5000 5.5070 220 50 50
17.1875 -2.0000 4.1640 220 50 50
18.3750 -22.5000 0.9520 180 120 60
-0.0625 -10.0000 1.1120 180 120 60
0.7500 20.5000 1.7460 128 128 128
-0.9375 9.0000 6.1310 220 50 50
0.5000 9.5000 5.7170 220 50 50
-21.2500 -22.0000 1.0620 180 120 60
-2.1875 -13.0000 4.2950 220 50 50
-1.2500 -7.5000 1.0940 180 120 60
23.7500 -18.5000 1.0610 180 120 60
-6.6875 16.0000 1.1540 180 120 60
12.6875 0.0000 4.3340 220 50 50
8.2500 -21.5000 5.2110 220 50 50
12.2500 -11.0000 3.6660 128 128 128
6.0625 -20.0000 3.7460 220 50 50
-8.1875 -16.5000 4.8860 220 50 50
4.8750 -1.5000 4.0460 220 50 50
-10.1875 -17.5000 5.1690 220 50 50
13.6875 -3.5000 4.5810 220 50 50
-17.0625 -5.0000 1.0680 180 120 60
12.2500 -0.5000 4.4420 220 50 50
-3.7500 1.0000 1.2290 180 120 60
3.3125 13.0000 2.1600 128 128 128
11.3750 -16.0000 0.9940 180 120 60
2.6250 15.5000 4.6180 128 128 128
-20.0625 -3.5000 0.1430 30 144 255
-8.0000 25.0000 0.1820 180 120 60
-21.3125 -7.0000 0.1420 30 144 255
-4.4375 13.5000 2.1160 128 128 128
-17.3750 -16.0000 1.2190 180 120 60
-2.5000 -5.0000 1.1030 180 120 60
22.2500 10.5000 0.1490 30 144 255
-14.9375 -16.5000 5.0350 220 50 50
18.3750 2.5000 1.0850 180 120 60
-12.2500 -20.5000 4.2340 220 50 50
8.3125 -9.5000 1.0530 180 120 60
4.0000 16.0000 2.0320 128 128 128
18.8750 22.5000 0.1360 30 144 255
-21.6250 20.5000 1.2210 180 120 60
-7.3125 -20.5000 5.2150 220 50 50
19.0000 -22.0000 0.9220 180 120 60
9.9375 -1.5000 4.6100 220 50 50
2.9375 -14.0000 1.1270 180 120 60
-15.6875 4.0000 1.5360 180 120 60
15.7500 -5.5000 4.5720 220 50 50
-6.5625 6.0000 5.1440 220 50 50
12.0625 -16.0000 1.0130 180 120 60
-7.3125 20.5000 0.1590 180 120 60
-4.9375 -2.5000 1.1490 180 120 60
12.4375 20.5000 0.6340 128 128 128
8.0000 -15.0000 1.0330 180 120 60
17.6875 1.5000 1.1470 180 120 60
22.2500 -8.0000 1.1000 180 120 60
20.6250 17.5000 1.0180 180 120 60
2.6250 2.5000 4.3990 220 50 50
-0.1250 17.0000 4.5000 128 128 128
-0.9375 4.0000 5.5390 220 50 50
9.4375 -1.0000 4.5780 220 50 50
-10.3750 21.0000 0.1310 180 120 60
-3.7500 21.5000 0.1480 180 120 60
-10.1875 12.5000 1.1980 180 120 60
-12.7500 8.0000 1.8350 180 120 60
13.2500 20.0000 0.5790 128 128 128
-6.4375 20.5000 0.2150 180 120 60
-15.6250 20.5000 0.1280 180 120 60
-18.4375 23.5000 0.9750 180 120 60
1.0000 25.0000 0.1620 180 120 60
10.8125 -22.5000 5.1150 220 50 50
8.0625 -2.0000 4.2790 220 50 50
13.6875 -16.5000 0.9690 180 120 60
15.2500 -3.0000 4.4170 220 50 50
3.8750 -2.5000 3.9500 220 50 50
14.5625 15.0000 0.3240 180 120 60
-19.1250 -22.0000 1.0500 180 120 60
5.6875 -23.5000 3.0590 220 50 50
-2.8125 -19.5000 5.7670 220 50 50
-22.2500 1.0000 0.0850 30 144 255
-11.6875 11.5000 1.0850 180 120 60
9.5000 11.0000 1.1850 180 120 60
-19.0000 -9.5000 0.3880 180 120 60
-20.6875 0.5000 0.1250 30 144 255
-16.8750 -19.0000 1.1520 180 120 60
-8.0625 -14.0000 4.1070 220 50 50
-15.1875 2.0000 1.4340 180 120 60
-5.7500 -17.5000 5.2480 220 50 50
17.7500 -21.5000 0.9650 180 120 60
-10.7500 -2.5000 1.0810 180 120 60
6.4375 -7.0000 1.8510 128 128 128
5.4375 -11.5000 1.0530 180 120 60
-12.8750 5.0000 1.6130 180 120 60
-14.1875 24.5000 0.0970 180 120 60
10.5000 -11.5000 1.0400 180 120 60
17.1250 21.0000 0.1430 128 128 128
-9.2500 -15.5000 3.7670 220 50 50
16.4375 10.5000 1.0870 180 120 60
24.5000 -3.5000 1.0650 180 120 60
8.7500 -5.5000 4.0190 220 50 50
-12.1875 -20.0000 4.1370 220 50 50
24.3125 -0.5000 0.9880 180 120 60
-5.8125 -10.5000 2.8540 220 50 50
18.4375 5.0000 2.1040 128 128 128
-0.2500 -18.0000 7.0690 220 50 50
3.1875 -8.5000 1.0410 180 120 60
10.6875 -11.0000 1.0440 180 120 60
-1.1875 -23.0000 5.6060 220 50 50
11.5625 23.0000 1.1440 128 128 128
-5.5625 -5.5000 1.0710 180 120 60
-18.1875 -5.5000 0.3330 180 120 60
13.5000 -15.5000 0.9890 180 120 60
-9.4375 15.0000 0.8740 180 120 60
-1.1875 -13.5000 4.8000 220 50 50
-9.6250 -16.5000 4.0310 220 50 50
-5.0625 13.0000 1.4010 180 120 60
20.8750 -5.5000 4.1770 220 50 50
12.5625 -12.0000 3.6390 128 128 128
-1.2500 24.5000 0.1120 180 120 60
-4.1250 9.5000 6.2580 220 50 50
21.5000 7.5000 1.1210 180 120 60
-15.8750 -0.5000 1.7060 128 128 128
10.6250 6.0000 1.2260 180 120 60
-19.6875 11.5000 2.0940 255 165 0
21.0000 -10.5000 3.5450 220 50 50
14.6250 24.5000 0.6750 180 120 60
15.0625 -14.5000 2.0250 128 128 128
-17.1250 9.5000 2.0700 255 165 0
23.6250 -13.5000 4.5070 220 50 50
17.2500 2.0000 1.2250 128 128 128
25.3125 -6.5000 1.1270 180 120 60
-8.1250 -20.0000 4.3120 220 50 50
-1.3125 13.5000 5.1690 220 50 50
21.7500 -21.5000 0.9110 180 120 60
-18.8125 13.0000 2.0620 255 165 0
-14.3125 -13.0000 5.6060 220 50 50
-1.3125 -22.5000 5.6620 220 50 50
2.0000 -10.0000 1.1030 180 120 60
13.0000 15.5000 0.6570 180 120 60
-21.0000 4.0000 0.1420 30 144 255
-5.5000 -20.5000 5.5810 220 50 50
-1.8750 6.5000 5.9760 220 50 50
-12.8750 -1.5000 1.0780 180 120 60
23.3750 -3.5000 1.1040 180 120 60
-17.7500 11.0000 2.0580 255 165 0
-12.6875 -3.0000 1.0740 180 120 60
0.5625 16.0000 1.2430 180 120 60
11.4375 3.0000 4.0800 220 50 50
23.3125 -10.5000 4.5080 220 50 50
5.8125 8.0000 5.1810 220 50 50
7.1875 -3.0000 4.1020 220 50 50
4.7500 -13.5000 1.0570 180 120 60
-22.0000 -5.0000 0.1470 30 144 255
20.7500 -4.5000 4.0690 220 50 50
10.1875 2.0000 4.2980 220 50 50
-10.7500 -18.5000 4.8420 220 50 50
7.4375 2.5000 4.4550 220 50 50
-22.8750 -10.0000 0.1260 30 144 255
9.6875 4.0000 4.1210 220 50 50
-1.2500 15.5000 4.4940 128 128 128
21.1250 16.0000 1.0200 180 120 60
6.3750 23.5000 0.1300 180 120 60
15.0625 -5.5000 4.5470 220 50 50
13.5000 -11.5000 3.6740 128 128 128
-0.5000 10.5000 5.7380 220 50 50
-17.3750 13.0000 2.9970 128 128 128
-6.6250 -11.5000 3.5780 220 50 50
2.8125 -24.0000 3.5250 220 50 50
14.9375 4.0000 1.7730 128 128 128
-23.2500 -4.0000 0.1520 30 144 255
16.3750 13.5000 0.3830 180 120 60
3.0000 19.0000 2.1500 128 128 128
-12.4375 -19.5000 1.2130 180 120 60
-16.0000 25.0000 0.9150 180 120 60
12.2500 -6.0000 4.2060 220 50 50
-2.0625 15.0000 4.6050 128 128 128
-12.0625 11.5000 0.9100 180 120 60
-13.3750 -17.5000 5.0280 220 50 50
-2.5000 -8.5000 1.1020 180 120 60
-15.4375 17.5000 0.1340 180 120 60
6.6250 7.5000 4.0800 220 50 50
3.7500 10.0000 5.1330 220 50 50
15.0000 -15.5000 0.9970 180 120 60
23.0000 -15.5000 4.6950 220 50 50
-13.3125 -18.5000 2.4980 128 128 128
0.0000 -20.5000 5.8530 220 50 50
-4.7500 -13.5000 5.4460 220 50 50
3.9375 12.0000 1.2350 180 120 60
2.3125 -8.0000 1.0980 180 120 60
-0.6875 19.0000 2.0010 128 128 128
12.9375 9.5000 0.9020 180 120 60
14.4375 13.0000 1.1560 180 120 60
-21.5625 -6.0000 0.1710 30 144 255
-0.3125 -18.0000 7.0610 220 50 50
13.8750 4.0000 2.2610 128 128 128
13.1250 4.5000 1.9900 128 128 128
-15.9375 12.5000 0.1530 180 120 60
8.7500 6.5000 1.2830 220 50 50
5.3125 12.5000 1.1910 180 120 60
15.8750 2.5000 1.1710 180 120 60
4.5625 21.0000 1.1790 180 120 60
15.4375 26.0000 0.5140 180 120 60
-19.3750 3.0000 0.1410 30 144 255
23.3750 -16.0000 4.8170 220 50 50
-10.8125 -21.5000 4.9100 220 50 50
-7.6875 -1.5000 1.1500 180 120 60
-0.3750 22.0000 0.6510 180 120 60
9.8750 -12.0000 1.0140 180 120 60
19.3125 -15.0000 4.7240 128 128 128
-12.5625 -24.0000 4.1880 220 50 50
-13.2500 -22.5000 4.2020 220 50 50
-3.8125 -8.0000 1.0720 180 120 60
18.9375 -6.0000 4.3620 220 50 50
7.3750 -3.5000 4.1020 220 50 50
16.9375 8.5000 1.1300 180 120 60
13.0000 23.0000 0.5730 180 120 60
-9.0000 14.5000 1.0910 180 120 60
5.2500 -15.0000 1.2280 128 128 128
11.6875 -23.5000 5.1230 220 50 50
-18.3125 23.5000 0.9990 180 120 60
-16.2500 -19.5000 1.1460 180 120 60
-4.0000 -12.0000 4.3030 220 50 50
-15.6875 -6.5000 2.6540 128 128 128
-23.4375 -3.5000 0.1110 30 144 255
-22.1875 16.0000 2.0070 255 165 0
-10.6250 16.5000 0.1570 180 120 60
-6.6875 25.5000 0.1750 180 120 60
0.8125 -13.5000 6.1580 220 50 50
24.8125 -3.0000 1.0970 180 120 60
-14.0625 16.5000 0.1460 180 120 60
8.7500 9.0000 1.2410 180 120 60
0.1875 16.0000 1.9430 128 128 128
2.0000 -2.5000 3.1160 128 128 128
-8.1875 25.5000 0.1440 180 120 60
16.1875 -10.5000 3.9890 220 50 50
22.8750 -17.5000 1.0280 180 120 60
-11.3750 25.0000 0.1500 180 120 60
-14.1875 -16.5000 5.0950 220 50 50
-3.3125 2.5000 1.3820 180 120 60
5.0000 -5.5000 2.3180 128 128 128
14.6250 23.5000 0.6050 128 128 128
-6.5625 -19.5000 4.2210 220 50 50
-2.9375 12.5000 5.6630 220 50 50
-21.9375 16.0000 1.9960 255 165 0
-3.1250 -12.5000 4.2510 220 50 50
-12.9375 19.5000 0.1460 180 120 60
14.3750 25.0000 0.5400 180 120 60
-12.0000 -6.5000 1.1000 180 120 60
-9.8125 10.5000 2.4820 128 128 128
14.2500 -14.0000 1.0360 180 120 60
-2.3750 15.0000 1.3570 180 120 60
-3.7500 1.5000 1.2700 180 120 60
-1.5625 -7.5000 1.1030 180 120 60
12.3125 2.5000 4.1230 220 50 50
0.6250 14.5000 5.2410 128 128 128
-22.4375 16.0000 2.0440 255 165 0
-20.6875 10.5000 2.2340 255 165 0
0.9375 -1.5000 1.1870 180 120 60
6.5625 7.5000 4.1020 220 50 50
22.5000 21.0000 0.1370 30 144 255
21.7500 -14.5000 4.2790 220 50 50
-0.6875 -15.0000 6.6030 220 50 50
-6.6875 10.0000 2.0230 128 128 128
-19.0625 16.0000 0.1320 180 120 60
11.8125 6.5000 1.0820 180 120 60
-24.0000 25.5000 4.6140 220 50 50
-19.5000 19.0000 0.1580 180 120 60
-5.6250 -5.5000 1.1000 180 120 60
19.0000 -23.0000 0.9470 180 120 60
-8.5000 22.5000 0.1550 180 120 60
-21.0000 7.5000 0.1480 30 144 255
22.0000 4.0000 1.0080 180 120 60
-5.2500 -15.5000 5.2190 220 50 50
16.1875 1.0000 1.3580 128 128 128
-6.1250 -22.0000 5.4220 220 50 50
-19.4375 7.5000 0.1450 30 144 255
-22.1250 9.5000 0.1430 30 144 255
-1.4375 19.5000 1.2090 180 120 60
1.8125 -3.5000 3.1210 128 128 128
4.7500 -17.5000 3.9950 220 50 50
-8.6250 13.5000 1.2380 180 120 60
-12.6875 -18.5000 1.2320 180 120 60
13.3750 -24.0000 3.2770 220 50 50
-8.3125 -5.0000 1.0460 180 120 60
-13.1875 24.0000 0.1230 180 120 60
-8.8750 24.5000 0.1710 180 120 60
14.1875 5.5000 1.0620 180 120 60
-9.4375 -23.5000 4.4890 220 50 50
-18.2500 -22.0000 1.0800 180 120 60
-15.4375 -23.0000 1.2250 180 120 60
-14.6875 8.0000 2.0140 255 165 0
24.3125 -7.0000 1.1740 180 120 60
23.6250 -12.0000 4.3850 220 50 50
-4.3125 -3.5000 1.1180 180 120 60
-7.2500 9.5000 2.4090 128 128 128
-17.6875 -14.5000 2.4810 220 50 50
18.7500 -19.5000 0.9330 180 120 60
7.9375 17.0000 1.2910 180 120 60
18.0000 -2.5000 4.0840 220 50 50
-16.1250 12.0000 3.0710 128 128 128
23.3125 9.0000 0.1650 180 120 60
1.8125 15.0000 4.6500 128 128 128
23.1875 -5.0000 1.1160 180 120 60
19.2500 -10.5000 1.0980 180 120 60
5.8125 8.0000 5.1540 220 50 50
5.8125 23.5000 0.1380 180 120 60
-6.5625 2.0000 1.2300 180 120 60
9.3125 -9.0000 1.0980 180 120 60
2.1250 16.5000 4.5980 128 128 128
-12.9375 -17.5000 5.0500 220 50 50
-23.1250 -5.0000 0.1080 30 144 255
-2.7500 -8.5000 1.0750 180 120 60
-7.6875 -11.0000 5.2150 220 50 50
-14.1875 5.5000 1.7730 180 120 60
12.8750 11.0000 1.0360 180 120 60
13.3125 16.0000 0.2240 180 120 60
-12.2500 -2.0000 1.0450 180 120 60
15.0000 -21.5000 0.9750 180 120 60
-9.3750 23.0000 0.1230 180 120 60
-18.0625 -21.0000 1.0920 180 120 60
14.4375 -11.0000 1.3210 220 50 50
11.6250 18.5000 0.6500 128 128 128
20.2500 -13.0000 3.7450 220 50 50
21.7500 -9.5000 1.1010 180 120 60
21.3125 -10.0000 1.1250 180 120 60
-16.3125 4.0000 1.2670 180 120 60
6.1875 1.0000 4.4970 220 50 50
-19.6250 23.5000 4.8360 220 50 50
24.4375 11.0000 0.1420 30 144 255
-17.0000 -21.0000 1.0880 180 120 60
6.2500 -0.5000 4.3280 220 50 50
-23.8750 -16.5000 0.1090 30 144 255
-17.5625 13.5000 0.1630 180 120 60
-15.6250 -3.0000 1.1190 180 120 60
-4.8750 25.0000 0.1170 180 120 60
-21.6250 -24.0000 0.1680 30 144 255
-0.1875 -20.5000 5.8450 220 50 50
-2.5000 -22.5000 5.5570 220 50 50
15.8750 6.5000 1.3930 128 128 128
-13.0000 -23.0000 4.1960 220 50 50
-16.1250 -11.0000 4.1070 220 50 50
9.6875 9.5000 1.1380 180 120 60
0.1250 18.0000 1.4790 180 120 60
-6.6875 -15.5000 4.1880 220 50 50
-11.4375 12.5000 0.6030 180 120 60
23.1250 -13.5000 4.3930 220 50 50
24.5000 2.0000 0.9700 180 120 60
23.4375 -1.5000 1.0330 180 120 60
23.6250 5.5000 1.1030 180 120 60
6.5625 -22.0000 3.4670 220 50 50
-1.1875 -19.0000 6.1110 220 50 50
21.1875 -21.5000 0.9510 180 120 60
-15.3750 23.5000 0.1690 180 120 60
-10.9375 2.5000 1.3060 180 120 60
-6.9375 -13.5000 4.3350 220 50 50
-13.3125 14.5000 0.0790 180 120 60
1.6250 -7.0000 1.0790 180 120 60
24.5625 -5.0000 1.1220 180 120 60
-2.3125 2.5000 1.4310 220 50 50
10.1250 -1.0000 4.6630 220 50 50
-10.0000 -13.5000 5.9010 220 50 50
10.1875 4.0000 4.0960 220 50 50
5.3750 -14.0000 1.0750 180 120 60
-13.6875 -20.5000 2.6050 128 128 128
-12.0625 -10.0000 5.6700 220 50 50
12.6250 5.0000 1.6900 128 128 128
-8.0625 18.0000 0.3730 180 120 60
10.7500 -1.5000 4.6850 220 50 50
14.9375 -11.0000 3.8300 220 50 50
18.0000 -15.5000 1.4830 128 128 128
10.1875 13.0000 2.1870 128 128 128
15.1250 24.0000 1.2110 128 128 128
14.0000 12.0000 1.1010 180 120 60
1.3750 19.5000 1.9620 128 128 128
-1.5000 -10.5000 1.1100 180 120 60
6.3125 -19.5000 3.7970 220 50 50
18.8125 11.0000 0.6670 180 120 60
18.8125 0.0000 1.1410 180 120 60
17.7500 -6.0000 4.4110 220 50 50
-7.3125 16.5000 1.1280 180 120 60
-23.1250 -8.0000 0.1790 30 144 255
-16.9375 -21.0000 4.8740 128 128 128
14.0625 -17.0000 0.9740 180 120 60
2.0625 12.0000 4.8170 128 128 128
11.8125 -21.5000 1.5070 128 128 128
-22.3750 11.5000 0.1360 30 144 255
5.0625 -23.0000 3.2460 220 50 50
15.3125 -12.0000 3.7530 220 50 50
24.8125 11.0000 0.1470 30 144 255
18.3125 15.5000 1.0450 180 120 60
4.6250 -10.5000 1.0610 180 120 60
-11.1875 14.5000 0.1500 180 120 60
-19.6875 -13.5000 0.4110 180 120 60
24.8750 9.5000 0.1330 30 144 255
-8.6250 -23.5000 5.1030 220 50 50
22.6875 10.0000 0.1540 30 144 255
11.0625 -8.5000 3.8770 220 50 50
12.0000 -5.0000 4.2880 220 50 50
-11.7500 -2.5000 1.0140 180 120 60
-13.7500 -11.5000 5.8640 220 50 50
22.3750 -11.0000 3.8820 220 50 50
7.1875 -23.0000 5.6730 220 50 50
24.5000 9.5000 0.1320 30 144 255
-7.4375 18.5000 0.2240 180 120 60
14.0000 10.0000 0.9990 180 120 60
-6.5000 11.5000 1.3490 180 120 60
11.1250 -16.0000 1.0020 180 120 60
-23.6875 20.5000 2.4430 34 139 34
1.0000 11.5000 5.2160 220 50 50
-3.3125 16.5000 2.0130 128 128 128
-8.3750 -20.5000 5.4340 220 50 50
-12.6875 -23.5000 4.2080 220 50 50
-18.4375 24.5000 1.0160 180 120 60
-15.0625 -8.5000 4.1210 220 50 50
20.3125 7.0000 1.1250 180 120 60
11.3750 -11.0000 1.0590 180 120 60
12.5625 26.0000 1.4110 128 128 128
3.8125 -18.0000 3.9920 220 50 50
-2.6875 -22.5000 5.5640 220 50 50
-19.4375 -22.0000 1.0610 180 120 60
-9.0625 3.0000 1.3040 180 120 60
9.3750 10.5000 1.6860 128 128 128
-12.8750 -9.0000 1.3050 220 50 50
18.1250 -2.0000 4.0360 220 50 50
12.8750 24.5000 1.0640 128 128 128
17.6875 8.0000 1.3500 128 128 128
-19.7500 -6.0000 0.1380 30 144 255
-4.6875 12.0000 1.2770 128 128 128
3.7500 -2.0000 3.9850 220 50 50
16.2500 21.0000 5.5810 128 128 128
5.8125 9.0000 5.3920 128 128 128
12.1250 -23.0000 5.0280 220 50 50
2.8125 12.5000 1.3990 128 128 128
9.9375 3.0000 4.2180 220 50 50
6.6250 4.0000 4.4380 220 50 50
9.5000 4.5000 4.0860 220 50 50
-21.5625 -10.5000 0.3030 128 128 128
20.6250 -18.0000 0.9800 180 120 60
16.1250 -22.0000 0.9710 180 120 60
6.6875 4.5000 4.3970 220 50 50
20.5000 -20.0000 0.9410 180 120 60
-22.2500 19.5000 1.4950 180 120 60
-11.0000 8.0000 1.6320 180 120 60
-5.3125 23.0000 0.1340 180 120 60
17.6250 18.0000 0.1090 30 144 255
-15.2500 25.5000 0.8700 180 120 60
-19.1250 10.5000 2.0680 255 165 0
21.8125 -9.5000 1.0970 180 120 60
9.6250 26.0000 0.1630 30 144 255
-6.8125 23.5000 0.1120 180 120 60
19.3125 1.5000 1.0710 180 120 60
8.1875 8.5000 2.0900 128 128 128
-12.1875 -2.5000 1.0440 180 120 60
-5.3125 8.5000 5.8330 220 50 50
2.2500 12.0000 4.9020 220 50 50
5.5625 16.5000 1.1740 180 120 60
2.8125 -14.5000 2.8540 220 50 50
-14.6250 3.5000 1.5790 180 120 60
-21.7500 7.0000 0.1380 30 144 255
12.3125 22.5000 0.5520 180 120 60
-21.8750 6.5000 0.1330 30 144 255
-5.5625 -19.0000 5.1840 220 50 50
19.8125 18.5000 0.2120 128 128 128
2.6875 2.0000 4.3570 220 50 50
0.3125 13.5000 5.1070 220 50 50
-9.5625 10.0000 1.4840 180 120 60
-19.1875 -8.0000 0.1490 30 144 255
-11.6250 20.5000 0.1470 180 120 60
-8.1250 -17.0000 4.2130 220 50 50
-1.9375 -4.5000 1.0970 180 120 60
14.8750 10.0000 1.0140 180 120 60
4.1875 -19.0000 3.9230 220 50 50
-13.8750 -5.5000 1.1450 180 120 60
19.4375 15.5000 1.0640 180 120 60
-20.1250 -10.5000 0.3130 128 128 128
11.9375 0.5000 4.3390 220 50 50
-23.6250 -8.0000 0.1440 30 144 255
24.7500 7.5000 0.2610 180 120 60
9.1250 -15.0000 1.0140 180 120 60
-10.3750 -15.0000 5.7260 220 50 50
20.5000 14.0000 0.1600 30 144 255
-19.5625 -18.5000 1.0760 180 120 60
-23.0625 -14.0000 0.1330 30 144 255
10.4375 24.5000 0.3320 128 128 128
4.8125 -24.0000 3.1900 220 50 50
-18.8125 -19.5000 3.0640 128 128 128
-13.6875 -7.0000 1.3070 128 128 128
4.6250 5.0000 6.0110 220 50 50
6.0000 2.5000 4.6580 220 50 50
-23.0000 26.0000 4.8290 220 50 50
2.6875 -4.5000 3.0440 128 128 128
18.3125 0.0000 1.5980 128 128 128
21.1875 -13.5000 4.0090 220 50 50
-24.1250 -4.0000 0.1410 30 144 255
3.8750 11.0000 5.3840 128 128 128
-13.9375 -14.0000 5.5260 220 50 50
-0.1250 -0.5000 1.2410 180 120 60
21.1250 4.0000 0.9920 180 120 60
-20.6250 10.0000 0.1550 30 144 255
2.5625 4.0000 6.2200 220 50 50
12.1250 -8.5000 3.8670 220 50 50
10.5625 14.0000 1.2440 180 120 60
10.6875 -21.5000 4.9340 220 50 50
-20.6250 -11.0000 0.3450 128 128 128
-17.5625 16.0000 0.1350 180 120 60
-15.8125 -22.0000 1.1030 180 120 60
-7.6875 -3.5000 1.0730 180 120 60
10.0625 -2.5000 4.4710 220 50 50
2.1250 20.0000 4.4760 128 128 128
-17.4375 -12.5000 4.0260 220 50 50
-2.1875 3.0000 5.1760 220 50 50
2.1250 -21.5000 3.4050 220 50 50
4.3125 4.0000 4.6110 220 50 50
-18.8750 8.5000 2.1480 255 165 0
-10.1875 -19.5000 4.2530 220 50 50
-6.3750 -3.0000 1.1230 180 120 60
-19.0000 3.5000 0.1530 30 144 255
22.2500 -6.5000 1.0980 180 120 60
11.1875 -14.5000 0.9950 180 120 60
-15.2500 7.5000 2.0280 255 165 0
-20.9375 16.5000 3.0100 128 128 128
17.1250 8.0000 1.3350 128 128 128
18.8125 -13.0000 1.0880 180 120 60
-7.8125 -9.0000 4.9840 220 50 50
-1.0000 -21.0000 5.7730 220 50 50
1.7500 -20.5000 3.9910 220 50 50
16.0000 16.5000 0.3360 128 128 128
-3.9375 -22.0000 5.5580 220 50 50
-13.6250 -5.0000 1.1240 180 120 60
-1.7500 -19.5000 5.8250 220 50 50
-6.6250 11.5000 1.3950 180 120 60
-16.6875 26.0000 0.9780 180 120 60
-2.5625 22.5000 0.1140 180 120 60
24.1250 -8.5000 1.6170 128 128 128
-15.8750 -8.5000 3.9600 220 50 50
6.0625 -22.0000 3.5300 220 50 50
-23.8125 4.5000 0.1400 30 144 255
23.4375 -10.0000 1.8860 220 50 50
-12.4375 -23.0000 1.1550 180 120 60
-13.5625 22.5000 0.1530 180 120 60
-7.8750 24.5000 0.1590 180 120 60
-6.5625 -10.5000 3.5090 220 50 50
5.6250 22.5000 0.1550 180 120 60
11.6875 -16.5000 0.9990 180 120 60
-21.5000 -6.5000 0.1590 30 144 255
1.4375 25.0000 0.1440 180 120 60
-5.1250 12.0000 1.7010 128 128 128
2.6875 -5.5000 1.1270 180 120 60
-4.8750 0.0000 1.1810 180 120 60
-22.0625 7.5000 0.1440 30 144 255
19.3750 7.5000 1.2520 128 128 128
-20.5625 -16.0000 1.2010 180 120 60
22.1250 1.0000 0.9670 180 120 60
20.3750 26.0000 0.1150 30 144 255
-0.3125 -9.0000 1.1100 180 120 60
-23.9375 -19.5000 0.1380 30 144 255
21.1250 -14.5000 4.1330 220 50 50
-8.0625 12.5000 1.3010 180 120 60
0.4375 -16.5000 6.6550 220 50 50
6.2500 -16.0000 1.0850 180 120 60
-18.1250 5.5000 0.2260 128 128 128
-0.1250 5.5000 6.0590 220 50 50
19.3750 -11.5000 1.1000 180 120 60
14.1250 -2.5000 4.4340 220 50 50
11.1875 -20.0000 1.0540 180 120 60
0.4375 23.0000 0.2870 180 120 60
21.1875 -1.5000 1.0850 180 120 60
19.6875 -12.0000 3.4700 220 50 50
10.5625 8.0000 1.1180 180 120 60
-12.5000 5.5000 1.6330 180 120 60
-23.0000 20.0000 2.5260 34 139 34
22.1250 10.5000 0.1500 30 144 255
8.6250 -14.0000 1.0070 180 120 60
-8.3125 -23.0000 4.2680 220 50 50
-23.9375 12.5000 0.2480 128 128 128
-21.1875 12.0000 2.0990 255 165 0
6.3125 12.0000 1.2000 180 120 60
-18.3750 -19.0000 3.3580 128 128 128
-12.7500 -22.0000 4.1870 220 50 50
-4.8750 -6.5000 1.0690 180 120 60
14.0625 0.0000 4.2460 220 50 50
6.3125 6.0000 4.2350 220 50 50
12.6875 9.0000 0.9840 180 120 60
7.2500 -12.0000 1.0310 180 120 60
4.0000 -11.5000 1.0480 180 120 60
-2.5000 -6.5000 1.1060 180 120 60
-20.0625 12.0000 2.0780 255 165 0
11.0625 25.0000 0.3020 128 128 128
-6.1875 20.5000 0.1510 180 120 60
-18.1250 -23.5000 5.0680 128 128 128
21.0625 -23.0000 0.9240 180 120 60
-24.1875 10.5000 0.1460 30 144 255
16.0000 24.5000 0.2610 128 128 128
1.5625 21.5000 1.2210 180 120 60
-0.3125 -24.0000 3.2600 220 50 50
15.8125 2.0000 1.2440 128 128 128
11.1875 -7.5000 3.9350 220 50 50
-6.3750 13.0000 1.6160 128 128 128
-18.4375 0.5000 1.2650 128 128 128
14.6250 -3.5000 4.5330 220 50 50
-3.7500 -22.5000 5.4990 220 50 50
5.1875 -8.0000 1.0660 180 120 60
-7.4375 13.0000 1.3110 180 120 60
-8.2500 6.5000 1.4410 180 120 60
-11.6875 2.5000 1.3520 180 120 60
-11.7500 5.0000 1.5450 180 120 60
-21.1250 13.5000 2.0820 255 165 0
12.0625 23.5000 1.0470 128 128 128
-4.5625 21.5000 0.1700 180 120 60
20.8125 -4.0000 4.0420 220 50 50
-21.6250 -13.5000 0.3050 128 128 128
23.5625 -18.5000 1.0410 180 120 60
-9.0625 0.5000 1.2210 180 120 60
7.1875 -13.0000 1.0600 180 120 60
-12.4375 11.0000 1.0260 180 120 60
-11.2500 6.5000 1.6100 180 120 60
-11.7500 -1.5000 1.0720 180 120 60
-6.8750 -10.5000 5.0740 220 50 50
-8.8750 -3.0000 1.0660 180 120 60
14.3125 -6.0000 4.3800 220 50 50
24.5625 -4.5000 1.1340 180 120 60
16.7500 -7.0000 4.4140 220 50 50
-14.0625 24.0000 0.1520 180 120 60
8.6250 -12.0000 1.0390 180 120 60
-22.7500 -7.0000 0.1750 30 144 255
-10.7500 -20.5000 4.2390 220 50 50
23.0000 -19.5000 1.0040 180 120 60
25.6250 2.5000 1.0540 180 120 60
21.2500 4.0000 1.0110 180 120 60
20.6875 22.5000 0.1390 30 144 255
-11.8125 -20.0000 4.1860 220 50 50
-19.5000 -5.0000 0.1250 30 144 255
6.2500 22.0000 0.1720 180 120 60
-0.9375 19.5000 1.2600 180 120 60
5.4375 -15.5000 1.1420 180 120 60
-19.1875 -16.5000 5.0170 128 128 128
-12.0000 -4.5000 1.0820 180 120 60
19.1875 -10.0000 1.1020 180 120 60
2.0625 -22.0000 3.4330 220 50 50
18.8750 -19.5000 0.9390 180 120 60
14.1875 -6.0000 4.3710 220 50 50
16.6250 -15.5000 1.0210 180 120 60
-21.3125 4.5000 0.1450 30 144 255
-21.3125 13.0000 2.0440 255 165 0
-0.2500 -1.5000 1.1980 180 120 60
9.6250 -20.0000 1.8770 220 50 50
14.6250 0.5000 4.1920 220 50 50
-9.3125 21.0000 0.1100 180 120 60
-20.8750 14.5000 2.0560 255 165 0
13.8125 -13.5000 1.0190 180 120 60
4.6875 -17.0000 4.0160 220 50 50
14.3750 -13.0000 2.9360 128 128 128
11.0625 -21.5000 4.8980 220 50 50
17.9375 -15.0000 1.4980 128 128 128
16.8125 2.0000 1.4740 128 128 128
5.3125 25.5000 0.0850 180 120 60
21.0000 16.0000 1.0270 180 120 60
-22.3125 -22.5000 0.1780 30 144 255
-11.1250 -14.0000 5.7990 220 50 50
7.7500 -16.0000 1.1820 128 128 128
-4.8125 6.5000 5.5140 220 50 50
-8.4375 -4.5000 1.0200 180 120 60
10.5000 10.5000 1.0950 180 120 60
0.1875 -1.5000 1.2030 180 120 60
-18.8750 -15.0000 1.2470 180 120 60
16.3125 1.0000 2.8210 220 50 50
-19.6250 12.0000 2.0700 255 165 0
21.0625 -18.0000 0.9700 180 120 60
-3.3125 8.0000 6.0900 220 50 50
-11.8125 15.0000 0.1920 180 120 60
-6.0625 -17.0000 4.1930 220 50 50
8.6250 -6.5000 1.6510 128 128 128
15.1250 5.5000 1.7570 128 128 128
-23.3750 22.0000 1.5820 180 120 60
-8.3125 26.0000 0.1500 180 120 60
15.3750 0.5000 4.0560 220 50 50
-13.3750 20.0000 0.1170 180 120 60
-20.0000 20.0000 1.0940 180 120 60
-13.5625 24.0000 0.1420 180 120 60
12.5000 9.5000 0.9730 180 120 60
17.5625 3.0000 2.1480 128 128 128
-14.3125 15.0000 0.1480 180 120 60
7.4375 -11.5000 1.0380 180 120 60
18.2500 -5.0000 4.3030 220 50 50
-23.6875 15.5000 1.9960 255 165 0
-10.8750 -5.5000 1.1100 180 120 60
11.0625 -22.5000 5.1150 220 50 50
15.2500 10.0000 1.0280 180 120 60
-11.6250 2.5000 1.3170 180 120 60
15.5625 -12.5000 2.3870 128 128 128
24.9375 -6.0000 1.1120 180 120 60
10.6875 19.0000 5.1970 128 128 128
21.8750 -5.0000 2.3950 128 128 128
-7.9375 19.0000 0.1630 180 120 60
13.0000 -5.0000 4.3780 220 50 50
-1.1875 1.5000 1.2200 180 120 60
3.0000 -19.5000 3.9720 220 50 50
-21.5625 12.0000 3.0820 128 128 128
-5.5625 -10.0000 1.3380 220 50 50
18.9375 -15.0000 4.3710 128 128 128
-12.3750 -22.0000 4.1870 220 50 50
12.3125 17.0000 5.5640 128 128 128
-0.8750 7.0000 6.2570 220 50 50
-0.6250 14.5000 2.9230 128 128 128
18.8750 -14.5000 1.0720 180 120 60
-17.3750 -23.5000 1.0700 180 120 60
8.3750 -7.0000 1.6460 128 128 128
2.3750 15.0000 4.6570 128 128 128
25.1875 0.0000 0.9950 180 120 60
-9.2500 3.0000 1.2990 180 120 60
10.9375 -0.5000 4.5290 220 50 50
0.6250 6.5000 6.3890 220 50 50
-3.0625 17.0000 1.9900 128 128 128
19.9375 -4.5000 4.1390 220 50 50
-2.1875 19.0000 1.1360 180 120 60
-3.6250 13.5000 2.2330 220 50 50
-16.2500 -21.0000 1.1080 180 120 60
-20.4375 -10.0000 0.3030 128 128 128
13.0000 -3.5000 4.5830 220 50 50
-13.9375 -11.0000 4.4630 220 50 50
-1.8125 26.0000 0.1250 180 120 60
16.7500 -2.5000 4.2090 220 50 50
11.0000 -8.5000 1.1510 180 120 60
24.6250 -3.5000 1.0930 180 120 60
-21.5000 5.5000 0.1420 30 144 255
13.7500 18.5000 0.1500 30 144 255
-14.5625 16.0000 0.1400 180 120 60
-2.1875 2.0000 1.3730 220 50 50
9.1250 11.5000 1.3690 128 128 128
-22.5000 13.5000 2.0470 255 165 0
-7.8750 18.5000 0.1530 180 120 60
-11.5625 -4.0000 1.0920 180 120 60
15.5625 8.5000 0.9740 180 120 60
13.5625 7.5000 0.9920 180 120 60
-10.1250 -12.0000 5.7250 220 50 50
0.8125 -21.5000 1.7800 128 128 128
13.6875 -18.5000 0.9870 180 120 60
-6.9375 11.0000 2.3060 128 128 128
21.1875 21.5000 0.1310 30 144 255
-21.4375 -4.0000 0.2090 30 144 255
9.8125 6.0000 1.2640 180 120 60
-3.3125 11.0000 6.0880 220 50 50
22.8125 -24.0000 0.8870 180 120 60
-1.8750 -23.5000 5.5450 220 50 50
-7.0000 -21.0000 5.2800 220 50 50
14.6250 -18.5000 0.9460 180 120 60
8.5000 -6.5000 3.8660 220 50 50
-8.8750 -9.5000 5.1550 220 50 50
14.3750 -14.0000 2.5420 128 128 128
-3.0625 23.0000 0.1420 180 120 60
-10.8750 -13.0000 5.9940 220 50 50
-3.9375 -8.5000 1.0830 180 120 60
-7.2500 6.0000 5.0260 220 50 50
-5.5625 -17.0000 4.2160 220 50 50
6.1875 17.5000 2.0470 128 128 128
-18.4375 20.5000 0.1300 180 120 60
13.0000 -15.5000 0.9820 180 120 60
-17.3750 -20.5000 1.0850 180 120 60
8.4375 -14.5000 1.0580 180 120 60
-0.0625 20.0000 1.3250 180 120 60
5.6250 15.5000 1.0550 180 120 60
-22.8125 18.5000 1.9770 180 120 60
-20.1875 -1.0000 0.1260 30 144 255
6.9375 23.0000 0.1220 180 120 60
-19.0625 -11.0000 0.5520 180 120 60
-8.8125 -24.0000 4.2300 220 50 50
-17.6250 -6.0000 0.8400 180 120 60
18.1250 9.0000 1.0620 180 120 60
2.3125 3.5000 6.0760 220 50 50
-13.0625 -10.0000 5.8050 220 50 50
11.7500 -5.5000 4.2390 220 50 50
6.1875 7.0000 5.3730 220 50 50
9.1875 13.5000 2.1390 128 128 128
-21.0000 10.0000 0.1380 30 144 255
-6.2500 -16.0000 4.1790 220 50 50
19.6250 -12.0000 3.4910 220 50 50
8.3125 0.0000 4.6450 220 50 50
7.5625 3.5000 4.3530 220 50 50
-23.6250 -14.5000 0.1350 30 144 255
18.5000 -20.0000 0.9110 180 120 60
4.1875 16.0000 2.0310 128 128 128
-9.5625 -16.0000 3.6740 220 50 50
-16.6250 -16.0000 1.2120 180 120 60
-20.0625 3.0000 0.1480 30 144 255
-16.6875 16.5000 0.1440 180 120 60
-21.5000 21.5000 1.2810 180 120 60
15.4375 -1.0000 4.1710 220 50 50
-17.5000 2.0000 1.1530 128 128 128
3.7500 21.5000 1.0840 180 120 60
19.0000 -14.5000 4.7770 128 128 128
4.8125 6.0000 5.8110 220 50 50
-11.3750 -13.5000 5.8390 220 50 50
1.8125 24.5000 0.1410 180 120 60
-23.0000 6.0000 0.1510 30 144 255
-1.9375 3.0000 5.1830 220 50 50
-5.3750 13.0000 1.3480 180 120 60
-19.9375 -2.0000 0.1410 30 144 255
-17.3125 5.5000 0.7680 180 120 60
5.6875 21.5000 0.5650 180 120 60
-0.2500 -9.0000 1.1030 180 120 60
2.6875 -3.5000 3.1110 128 128 128
15.4375 -8.0000 4.2040 220 50 50
-16.6250 -11.5000 4.0790 220 50 50
11.1250 15.0000 2.4400 128 128 128
-19.4375 6.5000 0.1350 30 144 255
11.1250 3.5000 4.0980 220 50 50
-21.9375 -18.5000 1.9400 128 128 128
-22.6875 10.0000 0.1290 30 144 255
6.6875 12.0000 1.1750 180 120 60
-6.7500 8.0000 5.5380 220 50 50
4.6250 20.5000 1.2340 180 120 60
3.8125 7.5000 5.6260 220 50 50
-11.6875 -0.5000 1.1280 180 120 60
-1.1875 7.0000 6.2180 220 50 50
13.4375 -20.5000 0.9980 180 120 60
-11.8125 21.0000 0.1410 180 120 60
12.1250 -3.0000 4.6030 220 50 50
-16.0625 -9.0000 3.9810 220 50 50
1.1250 8.0000 5.9410 220 50 50
-1.1250 -10.0000 1.1000 180 120 60
-14.0000 5.0000 1.7010 180 120 60
-22.6250 1.5000 0.1360 30 144 255
-23.3750 -16.0000 0.1420 30 144 255
11.5000 2.5000 4.1750 220 50 50
-18.9375 0.5000 0.1160 30 144 255
-13.9375 14.0000 0.1560 180 120 60
-22.1875 25.5000 4.9730 220 50 50
-8.5000 -22.0000 5.0340 220 50 50
-2.1875 7.5000 6.1870 220 50 50
-21.7500 9.5000 0.1550 30 144 255
-7.8125 -1.5000 1.1480 180 120 60
6.5625 0.5000 4.4590 220 50 50
-16.8125 -2.5000 0.8620 180 120 60
13.4375 21.0000 0.5630 128 128 128
9.7500 20.5000 1.0820 128 128 128
-23.1875 -22.5000 0.1630 30 144 255
8.5625 19.5000 1.1660 128 128 128
-14.9375 -16.5000 5.0170 220 50 50
-19.1250 15.5000 3.0450 128 128 128
13.4375 14.0000 1.1690 180 120 60
-5.3125 -6.5000 1.1230 180 120 60
-1.1250 9.5000 6.0300 220 50 50
19.1875 -22.5000 0.9210 180 120 60
16.9375 18.0000 0.1240 128 128 128
8.1875 -20.0000 5.0490 220 50 50
23.6250 -16.5000 5.0390 220 50 50
-6.3125 17.5000 1.0600 180 120 60
11.5000 1.0000 4.2960 220 50 50
20.2500 -18.0000 1.0100 180 120 60
21.1875 16.5000 1.0230 180 120 60
-10.0625 -5.0000 1.0570 180 120 60
-14.0000 -9.5000 1.0850 180 120 60
-21.0000 15.5000 2.0390 255 165 0
-7.8750 -4.0000 1.0800 180 120 60
-3.1250 -24.0000 5.4300 220 50 50
21.5625 -5.5000 2.3210 128 128 128
-1.6250 23.5000 0.1080 180 120 60
-13.5000 -10.0000 4.4420 220 50 50
17.2500 15.5000 0.5040 128 128 128
-11.1250 9.5000 1.6360 180 120 60
13.8125 -13.5000 1.0720 180 120 60
16.6875 -2.0000 4.1680 220 50 50
-1.5000 -5.5000 1.0740 180 120 60
-8.1250 -14.5000 4.1080 220 50 50
-17.6875 19.0000 0.1500 180 120 60
6.4375 -23.0000 5.7440 220 50 50
24.9375 -4.5000 1.1220 180 120 60
-10.8125 1.5000 1.2310 180 120 60
-11.1875 -22.5000 4.2210 220 50 50
3.2500 -9.0000 1.0680 180 120 60
1.4375 -18.5000 6.8800 220 50 50
13.6875 -22.5000 1.8340 128 128 128
-18.6250 24.5000 5.1600 220 50 50
2.8125 1.5000 4.3050 220 50 50
20.9375 12.5000 0.1490 30 144 255
-21.2500 23.5000 4.6360 220 50 50
-6.8125 20.0000 0.1660 180 120 60
3.8750 -22.0000 3.7200 220 50 50
18.1875 9.5000 1.0920 180 120 60
21.8750 16.5000 0.1150 30 144 255
22.8125 -14.5000 4.5260 220 50 50
-6.3750 -21.0000 5.4050 220 50 50
22.6875 -22.5000 0.9070 180 120 60
11.1875 -12.5000 1.0010 180 120 60
0.6875 19.5000 1.4200 180 120 60
8.0000 -11.0000 1.0170 180 120 60
-5.8750 9.0000 5.8950 220 50 50
-3.5625 2.0000 1.3070 180 120 60
21.3125 -19.5000 0.9550 180 120 60
-7.3125 13.5000 1.2610 180 120 60
7.6875 -16.5000 1.4260 128 128 128
-17.1875 22.0000 0.8270 180 120 60
10.2500 10.0000 1.1110 180 120 60
6.0000 18.0000 3.2490 128 128 128
13.6875 12.5000 1.1340 180 120 60
-23.1875 5.0000 0.1340 30 144 255
25.3750 -4.5000 1.1190 180 120 60
3.2500 -6.5000 1.0980 180 120 60
8.3125 -19.5000 4.8810 220 50 50
3.1875 -5.5000 1.1190 180 120 60
-0.0625 -17.5000 6.9120 220 50 50
18.3125 -17.5000 0.9630 180 120 60
-18.7500 25.5000 5.4720 220 50 50
15.0000 8.0000 0.7900 180 120 60
10.1875 -1.5000 4.6440 220 50 50
-10.0000 15.5000 0.2340 180 120 60
9.1250 -12.0000 1.0540 180 120 60
3.8750 -19.5000 3.9140 220 50 50
14.8125 10.5000 1.0240 180 120 60
-7.2500 -23.5000 5.2080 220 50 50
0.9375 -2.5000 1.1700 180 120 60
17.9375 14.5000 1.0620 180 120 60
-12.4375 2.5000 1.3490 180 120 60
17.8750 18.0000 0.1820 128 128 128
10.8125 5.0000 4.0120 220 50 50
3.9375 18.0000 1.3600 128 128 128
-2.8750 -10.0000 1.1630 180 120 60
12.1250 -22.5000 4.9660 220 50 50
12.5000 22.0000 0.5750 180 120 60
12.0000 -13.5000 1.0190 180 120 60
-22.5625 -12.0000 0.1880 30 144 255
19.1875 -1.5000 2.0110 220 50 50
3.1875 11.0000 5.0510 220 50 50
-3.6250 4.0000 5.1120 220 50 50
-24.0000 23.0000 1.5490 180 120 60
3.5625 -13.0000 2.0540 128 128 128
-3.8125 10.5000 6.2310 220 50 50
0.8750 -3.0000 1.1620 180 120 60
-5.6875 17.5000 1.1710 180 120 60
9.1250 -2.5000 4.3870 220 50 50
6.9375 -22.0000 5.5460 220 50 50
13.5000 -6.5000 4.2050 220 50 50
-5.2500 -9.0000 1.3730 128 128 128
8.1875 15.5000 1.2040 180 120 60
-1.8125 19.0000 1.1920 180 120 60
22.6875 -3.0000 1.0830 180 120 60
3.5625 -17.0000 6.4420 220 50 50
7.6250 -20.0000 3.7940 220 50 50
-17.3750 5.0000 0.4610 180 120 60
20.1875 -5.5000 4.2360 220 50 50
21.4375 -12.0000 3.8410 220 50 50
17.7500 -16.5000 0.9790 180 120 60
-24.0000 -8.5000 0.1450 30 144 255
-0.1250 18.5000 2.2570 128 128 128
-12.0625 15.5000 0.1130 180 120 60
4.1250 -4.5000 3.0410 128 128 128
14.7500 -17.0000 0.9410 180 120 60
-11.2500 1.0000 1.2010 180 120 60
-11.2500 5.5000 1.5450 180 120 60
8.8750 -22.0000 5.2750 220 50 50
-13.1875 -9.5000 1.1350 180 120 60
5.3750 2.5000 4.6780 220 50 50
-6.1250 -11.5000 4.1270 220 50 50
-23.3125 24.5000 4.5430 220 50 50
-5.9375 11.0000 1.5190 128 128 128
-20.3750 8.0000 0.1390 30 144 255
-16.3125 6.5000 2.1420 255 165 0
-7.5625 20.5000 0.1440 180 120 60
7.9375 11.0000 1.6480 128 128 128
-8.8750 3.0000 1.3170 180 120 60
19.2500 -14.5000 4.6740 128 128 128
-1.3750 4.0000 5.4620 220 50 50
17.0625 -15.5000 1.0370 180 120 60
19.5625 -14.5000 1.4540 128 128 128
-23.1250 15.5000 2.0190 255 165 0
20.1250 4.0000 1.0390 180 120 60
5.5000 7.0000 5.4910 220 50 50
-10.6250 19.0000 0.1220 180 120 60
-7.2500 -17.5000 4.2090 220 50 50
-23.7500 13.0000 2.0500 128 128 128
-9.1250 17.5000 0.1490 180 120 60
-0.1875 16.0000 2.0550 128 128 128
20.1875 7.0000 1.1360 180 120 60
-20.8750 -14.5000 0.1340 30 144 255
2.7500 -12.0000 1.1020 180 120 60
18.1250 -16.0000 1.1120 180 120 60
16.8125 -13.0000 3.8610 220 50 50
1.4375 -20.0000 4.1000 220 50 50
1.8750 23.5000 0.2100 180 120 60
-1.4375 -15.0000 6.6550 220 50 50
-19.0625 17.0000 0.1240 180 120 60
-13.9375 -24.0000 1.2470 180 120 60
-0.9375 -22.5000 5.6650 220 50 50
-9.5625 6.5000 1.5090 180 120 60
19.3125 3.0000 1.0520 180 120 60
-12.5000 10.0000 1.6600 180 120 60
-13.3750 1.5000 1.2950 180 120 60
-20.3125 4.0000 0.1550 30 144 255
-2.8750 -19.5000 5.7960 220 50 50
-15.8750 -24.0000 1.0680 180 120 60
22.5625 10.5000 0.1440 30 144 255
-0.9375 -14.5000 6.5260 220 50 50
-17.4375 3.0000 0.2130 180 120 60
7.2500 24.5000 0.1120 180 120 60
12.5000 12.0000 1.0730 180 120 60
24.5000 -9.0000 4.2750 220 50 50
17.9375 18.0000 0.1580 128 128 128
0.9375 7.0000 6.1980 220 50 50
-7.1250 17.5000 0.6660 180 120 60
7.5625 0.0000 4.5000 220 50 50
7.5625 9.5000 3.8340 128 128 128
5.6250 9.5000 3.5290 128 128 128
-22.8750 -19.5000 0.1530 30 144 255
-5.1250 22.5000 0.1590 180 120 60
7.4375 18.5000 1.2230 180 120 60
-2.0625 10.5000 5.9320 220 50 50
-22.8125 8.5000 0.1490 30 144 255
-19.0625 26.0000 5.4760 220 50 50
19.1250 -22.0000 0.9500 180 120 60
4.5625 8.0000 5.3870 220 50 50
-9.7500 -10.0000 5.3310 220 50 50
9.6250 -1.5000 4.5240 220 50 50
-3.3125 14.0000 2.0930 128 128 128
-21.5625 4.0000 0.1310 30 144 255
-7.2500 12.0000 1.7230 128 128 128
-9.7500 -10.5000 5.3680 220 50 50
23.3750 3.0000 0.9970 180 120 60
1.8750 -20.0000 4.0380 220 50 50
-1.8125 14.0000 5.1760 220 50 50
-2.1250 21.5000 0.5600 180 120 60
5.4375 -17.5000 3.9340 220 50 50
12.8125 -2.5000 4.5400 220 50 50
-10.1875 -1.0000 1.1220 180 120 60
-5.7500 5.0000 1.4340 220 50 50
-16.2500 -15.0000 5.0930 220 50 50
-7.3125 25.0000 0.1580 180 120 60
-15.8750 3.0000 1.3300 180 120 60
-12.5000 25.0000 0.1270 180 120 60
19.4375 12.5000 0.1460 30 144 255
4.5625 -4.5000 3.0630 128 128 128
-1.4375 16.0000 4.5210 128 128 128
-24.0625 -2.0000 0.1190 30 144 255
-15.2500 6.5000 1.9940 255 165 0
11.1250 17.5000 0.5110 180 120 60
10.6875 25.5000 0.4100 128 128 128
17.0000 7.0000 1.4190 128 128 128
-21.6875 -15.0000 5.1070 128 128 128
19.7500 11.0000 0.4030 180 120 60
-12.6875 16.0000 0.1390 180 120 60
15.8125 14.0000 0.4760 180 120 60
0.1875 17.5000 4.4980 128 128 128
14.9375 2.5000 2.3080 128 128 128
12.4375 -18.0000 1.0030 180 120 60
-7.5000 2.0000 1.2620 180 120 60
9.0000 0.5000 4.5340 220 50 50
0.5000 -11.5000 1.3190 128 128 128
9.0000 6.5000 1.2400 180 120 60
14.4375 -15.5000 1.0070 180 120 60
-15.0000 -14.5000 5.2650 220 50 50
21.5625 -12.5000 3.9610 220 50 50
-9.5000 23.5000 0.1390 180 120 60
14.5000 -9.5000 3.9560 220 50 50
5.3125 8.0000 5.3170 220 50 50
22.1875 6.5000 1.1000 180 120 60
3.6875 2.0000 4.4180 220 50 50
24.8125 -10.0000 4.3120 220 50 50
-7.6875 -18.5000 4.2110 220 50 50
-7.5000 -0.5000 1.1670 180 120 60
5.1875 19.0000 1.2310 180 120 60
20.5000 -22.0000 0.9460 180 120 60
0.0625 18.0000 1.3860 180 120 60
5.0000 10.0000 1.3350 128 128 128
10.1875 -9.0000 1.0960 180 120 60
-19.9375 22.5000 4.5450 220 50 50
-21.1250 1.5000 0.1200 30 144 255
-18.5625 9.5000 2.1640 255 165 0
22.7500 -3.0000 1.1020 180 120 60
-18.2500 -11.5000 3.8750 220 50 50
1.7500 12.5000 4.8350 128 128 128
6.3125 19.5000 1.1710 180 120 60
21.6875 17.0000 1.0040 180 120 60
-1.0625 2.0000 5.1050 220 50 50
-8.8750 -13.0000 5.7160 220 50 50
-19.8125 16.5000 0.1290 180 120 60
3.0000 19.0000 1.1950 180 120 60
22.2500 -15.5000 4.5730 220 50 50
-8.1250 19.5000 0.1630 180 120 60
-5.8750 23.5000 0.1160 180 120 60
-10.9375 -18.5000 4.1850 220 50 50
21.1875 -4.0000 4.0730 220 50 50
14.6875 12.0000 1.1420 180 120 60
8.4375 -9.5000 1.0140 180 120 60
-11.5625 26.0000 0.1370 180 120 60
-7.4375 -6.0000 1.0750 180 120 60
-18.0625 0.0000 1.1470 128 128 128
12.8750 -20.0000 0.9820 180 120 60
-9.5000 0.0000 1.1820 180 120 60
-12.0000 -18.0000 1.2520 180 120 60
6.6250 9.0000 1.6260 128 128 128
19.2500 16.5000 1.0480 180 120 60
20.3125 -23.5000 0.9240 180 120 60
-12.1875 -5.0000 1.1180 180 120 60
14.5625 14.0000 0.7070 180 120 60
-16.9375 18.5000 0.1820 180 120 60
-20.6875 -0.5000 0.1010 30 144 255
-15.8750 20.5000 0.1420 180 120 60
0.4375 14.0000 5.4310 128 128 128
-13.3125 -11.0000 6.0200 220 50 50
9.0625 -9.5000 1.1030 180 120 60
0.9375 3.5000 5.8150 220 50 50
-22.3125 8.5000 0.1400 30 144 255
5.1875 1.5000 4.5290 220 50 50
17.4375 -11.5000 4.0720 220 50 50
16.3750 -1.5000 4.1800 220 50 50
11.1875 4.5000 3.9940 220 50 50
-9.8750 -21.5000 4.3400 220 50 50
19.0625 10.0000 1.0280 180 120 60
-24.0000 -22.0000 0.1430 30 144 255
0.1250 -19.0000 7.2080 220 50 50
11.6875 1.5000 4.2190 220 50 50
11.7500 6.5000 1.0840 180 120 60
-16.1250 6.0000 2.0180 255 165 0
-16.5000 -1.0000 1.7150 128 128 128
22.5625 -19.0000 1.0070 180 120 60
18.8125 -18.5000 0.9780 180 120 60
7.2500 -12.5000 1.0560 180 120 60
-23.8125 9.5000 0.1380 30 144 255
-11.3750 -1.5000 1.0800 180 120 60
-3.0625 -8.5000 1.0640 180 120 60
-3.3750 -7.0000 1.0730 180 120 60
12.1250 18.0000 0.6210 128 128 128
-18.2500 -10.0000 1.9010 220 50 50
-20.6250 11.5000 2.0760 255 165 0
18.1875 -6.0000 4.4140 220 50 50
-2.5625 -4.5000 1.0970 180 120 60
-22.1250 22.0000 1.4850 180 120 60
18.5000 14.5000 1.0620 180 120 60
-23.6250 15.5000 2.0110 255 165 0
9.1875 3.0000 4.2920 220 50 50
11.6250 -19.5000 1.0400 180 120 60
-11.7500 -20.5000 4.2990 220 50 50
20.1875 20.0000 0.1580 128 128 128
3.5625 15.0000 5.7340 128 128 128
-4.1875 -11.0000 4.3840 220 50 50
11.9375 -18.0000 0.9980 180 120 60
10.3750 5.5000 2.0570 220 50 50
-9.2500 1.0000 1.2600 180 120 60
-1.3125 6.0000 5.9840 220 50 50
3.0625 -22.5000 3.6860 220 50 50
15.1250 14.5000 0.3630 180 120 60
-22.5000 -9.0000 0.1520 30 144 255
-4.6250 -9.5000 1.3540 220 50 50
6.3750 22.5000 0.1340 180 120 60
3.7500 4.0000 6.4080 220 50 50
-12.0000 17.5000 0.1680 180 120 60
-1.4375 16.0000 4.5110 128 128 128
14.2500 9.0000 0.9530 180 120 60
-19.5625 -22.0000 2.1130 128 128 128
-22.7500 7.0000 0.1430 30 144 255
-23.8125 6.0000 0.1320 30 144 255
16.1250 7.5000 0.9640 180 120 60
2.5625 2.5000 4.4140 220 50 50
13.5000 0.0000 4.2960 220 50 50
7.9375 -6.0000 1.2320 180 120 60
17.8125 4.5000 1.9440 128 128 128
1.2500 -8.5000 1.0930 180 120 60
-12.0625 8.5000 1.7390 180 120 60
11.3125 3.0000 4.1080 220 50 50
17.5625 14.5000 1.0520 180 120 60
-0.9375 -5.0000 1.0940 180 120 60
1.8750 -12.0000 1.1060 180 120 60
10.8125 20.5000 0.6120 180 120 60
21.0000 -20.0000 0.9710 180 120 60
20.3750 3.5000 1.0030 180 120 60
-12.6875 5.5000 1.6380 180 120 60
-10.1250 -17.0000 3.5060 220 50 50
19.1875 8.5000 1.0880 180 120 60
-20.1875 -16.0000 1.1420 180 120 60
10.8125 10.5000 1.0650 180 120 60
-22.5625 23.0000 1.5150 180 120 60
5.0625 -23.0000 3.3720 220 50 50
17.4375 -13.0000 1.0860 180 120 60
10.9375 5.5000 1.1990 180 120 60
-18.8125 4.0000 0.1490 30 144 255
-5.5000 -21.0000 5.5700 220 50 50
-3.3125 15.5000 1.4560 180 120 60
7.8750 -15.5000 1.0600 180 120 60
8.0000 14.5000 1.1900 180 120 60
-16.0000 -5.0000 1.1180 180 120 60
-18.8750 2.5000 0.1380 30 144 255
19.6875 10.5000 0.6400 180 120 60
-19.4375 12.0000 2.0780 255 165 0
-1.6875 -18.5000 7.2920 220 50 50
1.6875 -7.5000 1.0780 180 120 60
-17.8750 9.0000 2.0600 255 165 0
10.3750 -3.5000 4.3720 220 50 50
6.3750 -11.0000 1.0190 180 120 60
12.3125 1.5000 4.2380 220 50 50
18.7500 17.5000 0.3240 128 128 128
-16.6875 -5.0000 1.1390 180 120 60
7.6875 -5.0000 3.9440 220 50 50
2.3750 11.5000 2.2460 220 50 50
-16.5625 -22.0000 1.0900 180 120 60
11.9375 -3.5000 4.4630 220 50 50
7.5000 12.5000 2.2750 128 128 128
-22.3125 20.5000 1.3960 180 120 60
14.8125 12.5000 1.1420 180 120 60
2.6875 9.0000 5.5330 220 50 50
-19.1875 -3.5000 0.1490 30 144 255
-12.5000 18.0000 0.1390 180 120 60
-0.5625 21.0000 1.2000 180 120 60
16.6875 7.0000 1.3450 128 128 128
1.2500 -18.0000 6.8770 220 50 50
-13.4375 -1.5000 1.0320 180 120 60
-14.0625 15.0000 0.1420 180 120 60
6.3750 8.5000 1.6180 220 50 50
10.8125 9.0000 1.0770 180 120 60
-20.8125 0.5000 0.1070 30 144 255
1.2500 18.5000 1.2120 180 120 60
20.3125 -11.0000 1.0940 180 120 60
23.5625 8.0000 0.4920 180 120 60
-22.4375 -23.0000 0.1850 30 144 255
-16.1250 -15.5000 5.0300 220 50 50
-14.3750 -18.5000 1.1770 180 120 60
-16.5625 1.5000 1.6460 128 128 128
-5.1250 18.0000 1.1150 180 120 60
-15.1875 -12.5000 4.4280 220 50 50
14.6250 4.5000 1.1050 180 120 60
-4.3125 -8.5000 1.1120 180 120 60
-2.0625 -9.0000 1.0780 180 120 60
-18.1250 -5.0000 0.3100 180 120 60
15.5000 12.5000 1.1240 180 120 60
24.4375 6.0000 1.1100 180 120 60
-15.0625 5.0000 1.9100 255 165 0
11.4375 16.5000 0.6950 180 120 60
7.5000 -4.5000 3.9810 220 50 50
-4.8125 17.5000 1.1530 180 120 60
-18.6250 -9.5000 0.7240 180 120 60
25.0000 -6.0000 1.1400 180 120 60
-2.6250 -10.5000 1.1400 180 120 60
11.6250 6.5000 1.0840 180 120 60
-21.5625 10.5000 0.1440 30 144 255
-14.1250 17.0000 0.1360 180 120 60
8.5000 -1.5000 4.4020 220 50 50
-15.9375 -7.5000 1.1270 180 120 60
-20.3750 2.0000 0.1410 30 144 255
1.3750 23.5000 0.3300 180 120 60
12.6875 13.0000 1.1470 180 120 60
10.3125 20.5000 0.4990 128 128 128
13.3125 -4.0000 4.5240 220 50 50
19.9375 -7.5000 1.0980 180 120 60
12.2500 -14.5000 0.9680 180 120 60
-12.5000 3.5000 1.4480 180 120 60
17.1875 -12.5000 3.8760 220 50 50
-0.5625 -16.0000 6.7540 220 50 50
15.3750 -5.0000 4.6240 220 50 50
5.7500 20.5000 0.9660 180 120 60
-4.5000 9.5000 6.2080 220 50 50
-16.6250 -7.0000 1.1840 180 120 60
2.7500 9.0000 5.4680 220 50 50
22.1250 -3.5000 1.1210 180 120 60
5.9375 -18.0000 3.9160 220 50 50
9.0000 17.5000 1.1820 180 120 60
16.1875 7.5000 0.9850 180 120 60
-5.8125 15.0000 1.2900 180 120 60
-19.1250 20.5000 1.0880 180 120 60
23.8125 4.5000 1.0780 180 120 60
-15.3125 -17.0000 1.2070 180 120 60
5.8750 2.5000 4.6450 220 50 50
23.5625 -21.0000 0.9690 180 120 60
10.4375 -15.0000 1.0050 180 120 60
15.8750 -12.5000 1.1020 180 120 60
-5.5625 21.0000 0.1360 180 120 60
20.5000 -1.0000 1.0920 180 120 60
4.5625 7.0000 5.6270 220 50 50
-16.2500 -19.5000 4.7870 128 128 128
-12.5625 25.5000 0.1410 180 120 60
-4.8750 6.0000 5.4260 220 50 50
22.0625 -5.0000 2.3660 128 128 128
-15.7500 6.0000 2.0290 255 165 0
-14.9375 -18.0000 1.2640 180 120 60
-12.5625 22.5000 0.1090 180 120 60
0.8125 -12.0000 1.4140 128 128 128
3.7500 15.0000 4.6790 128 128 128
6.2500 13.5000 5.2110 128 128 128
3.5625 -16.0000 6.2260 220 50 50
7.2500 24.5000 0.1320 180 120 60
-9.3750 20.5000 0.1410 180 120 60
-24.1250 22.5000 1.5750 180 120 60
11.6250 24.5000 0.9250 128 128 128
6.1875 -21.5000 3.6080 220 50 50
14.9375 -11.5000 1.0580 180 120 60
8.8125 -2.5000 4.3240 220 50 50
-11.5000 -21.0000 4.4070 220 50 50
9.8750 16.5000 1.2350 180 120 60
-15.5625 7.0000 2.0100 255 165 0
-20.6250 25.0000 5.0180 220 50 50
-5.1250 -7.5000 1.5500 128 128 128
15.5000 -12.5000 2.2680 128 128 128
20.6875 -12.0000 3.6420 220 50 50
21.5625 9.5000 0.3850 180 120 60
-11.1250 5.0000 1.5390 180 120 60
-15.1250 13.0000 0.1340 180 120 60
-17.3750 -18.0000 3.0150 128 128 128
-13.8125 14.0000 0.1510 180 120 60
-16.1875 13.5000 0.1450 180 120 60
0.0000 -12.5000 2.0110 220 50 50
-10.5000 10.0000 2.2020 128 128 128
-4.2500 15.5000 1.4330 180 120 60
11.5000 -10.0000 1.1030 180 120 60
1.1250 12.0000 5.0670 220 50 50
5.4375 -13.0000 1.0390 180 120 60
17.1250 -9.0000 4.2450 220 50 50
0.5625 -5.5000 1.0630 180 120 60
3.1875 20.5000 1.2050 180 120 60
2.6250 18.5000 4.5540 128 128 128
10.5000 21.5000 0.2090 30 144 255
14.0000 8.0000 0.9420 180 120 60
-22.3125 20.5000 1.3920 180 120 60
6.1250 -17.0000 1.1030 180 120 60
16.5625 25.5000 0.4450 128 128 128
2.3125 4.5000 6.3010 220 50 50
24.6875 7.5000 0.2030 180 120 60
19.6875 -13.5000 1.4870 128 128 128
-10.1250 -4.5000 1.0500 180 120 60
1.5625 17.5000 4.5340 128 128 128
-23.0000 3.5000 0.1430 30 144 255
24.7500 2.0000 0.9930 180 120 60
20.2500 16.0000 1.0440 180 120 60
-3.2500 -23.0000 5.4840 220 50 50
-20.5625 -5.5000 0.1550 30 144 255
-18.1875 -0.5000 0.1500 30 144 255
22.6250 -12.5000 4.1850 220 50 50
-20.0625 13.0000 2.0560 255 165 0
4.5000 13.5000 1.2030 180 120 60
-0.3125 0.5000 5.0340 220 50 50
25.6250 -12.5000 4.4210 220 50 50
6.5625 -7.0000 1.9000 128 128 128
-22.1875 -19.5000 0.1130 30 144 255
22.2500 3.0000 0.9740 180 120 60
-18.5625 14.0000 2.8990 128 128 128
-7.7500 -11.5000 5.3690 220 50 50
-23.3750 -7.0000 0.1460 30 144 255
12.2500 -9.5000 3.8750 220 50 50
1.7500 24.0000 0.1210 180 120 60
-9.8750 -17.5000 5.1580 220 50 50
-20.1250 16.0000 3.0310 128 128 128
-19.8750 -15.5000 2.9290 128 128 128
10.0000 -10.0000 1.0760 180 120 60
-20.9375 -16.5000 2.0650 128 128 128
-4.6875 18.5000 1.1610 180 120 60
9.0625 -4.5000 4.1130 220 50 50
0.5000 24.0000 0.1160 180 120 60
24.6875 0.0000 0.9720 180 120 60
-11.6875 18.0000 0.1300 180 120 60
24.0000 11.5000 0.1330 30 144 255
-3.1250 20.5000 0.7530 180 120 60
-12.8125 20.0000 0.1480 180 120 60
6.2500 16.0000 1.2880 180 120 60
-22.5625 8.5000 0.1470 30 144 255
15.5000 5.5000 1.3680 128 128 128
6.2500 3.0000 4.5640 220 50 50
10.0000 -11.5000 0.9960 180 120 60
3.5000 -11.0000 1.0790 180 120 60
16.7500 21.5000 5.5830 128 128 128
17.1250 1.0000 1.6220 128 128 128
5.1875 -2.0000 4.0550 220 50 50
-20.9375 -19.5000 1.0620 180 120 60
-16.0000 24.5000 5.2490 128 128 128
-16.5625 -15.0000 4.9800 220 50 50
-17.4375 25.0000 5.1860 220 50 50
-3.6875 -10.5000 4.3240 220 50 50
0.9375 -21.5000 3.1620 220 50 50
0.8750 -10.5000 1.1040 180 120 60
-9.2500 -4.0000 1.0540 180 120 60
1.5000 0.5000 4.0860 220 50 50
15.3750 3.5000 1.7540 128 128 128
-24.1250 -18.0000 0.1420 30 144 255
6.1250 -17.0000 1.0960 180 120 60
-9.7500 19.0000 0.1320 180 120 60
-3.8125 24.5000 0.1470 180 120 60
16.8125 -12.0000 3.9070 220 50 50
-22.1875 -21.0000 0.1630 180 120 60
4.8125 -23.5000 3.1860 220 50 50
20.8125 -8.0000 1.0810 180 120 60
-6.8125 13.5000 1.3050 180 120 60
3.0625 4.5000 6.3510 220 50 50
3.0000 3.5000 6.1330 220 50 50
-16.8750 3.5000 0.7350 180 120 60
0.0000 -20.0000 5.9440 220 50 50
-6.3750 -6.0000 1.0710 180 120 60
17.6250 9.5000 1.0750 180 120 60
1.5000 -3.0000 3.1100 128 128 128
25.6250 4.0000 1.1500 180 120 60
-7.7500 23.0000 0.1590 180 120 60
11.8750 -23.0000 5.0520 220 50 50
18.6875 14.0000 1.0940 180 120 60
-9.2500 -2.5000 1.0870 180 120 60
7.3750 -7.0000 1.6970 128 128 128
-16.3125 18.5000 0.1300 180 120 60
18.6250 -6.5000 4.4900 220 50 50
-22.8125 23.0000 1.5490 180 120 60
-19.6875 19.5000 1.0650 180 120 60
-20.5000 3.0000 0.1480 30 144 255
12.0625 19.5000 0.6430 128 128 128
20.6875 5.0000 1.0890 180 120 60
6.4375 19.5000 1.2520 180 120 60
0.6875 -23.0000 3.3700 220 50 50
6.3750 6.5000 4.2110 220 50 50
11.2500 -20.5000 1.0660 180 120 60
8.6875 -13.5000 1.0340 180 120 60
-5.9375 -6.0000 1.0810 180 120 60
19.1250 -15.5000 4.2150 128 128 128
3.0625 14.5000 4.6700 128 128 128
-15.3750 -8.0000 1.1410 180 120 60
25.5000 -8.5000 4.1030 220 50 50
-19.3750 -10.5000 0.2600 180 120 60
-3.6250 -9.5000 4.0380 220 50 50
23.2500 6.5000 1.0890 180 120 60
12.3125 -0.5000 4.4280 220 50 50
-8.8750 -1.5000 1.1400 180 120 60
21.7500 -16.5000 1.0350 180 120 60
-17.2500 -1.5000 1.2820 128 128 128
19.8750 -0.5000 1.7980 128 128 128
9.3750 -20.0000 1.2800 220 50 50
-12.4375 -0.5000 1.1310 180 120 60
21.6250 -8.0000 1.0950 180 120 60
24.4375 -21.5000 0.9690 180 120 60
-9.0000 -2.0000 1.1030 180 120 60
21.6250 11.5000 0.1640 30 144 255
25.7500 -8.5000 4.1030 220 50 50
10.1250 -8.0000 3.8120 220 50 50
-2.8750 16.0000 2.3130 128 128 128
-15.5000 2.0000 1.4000 180 120 60
-22.5000 -22.0000 1.7160 128 128 128
-22.8125 -2.0000 0.1690 30 144 255
17.3125 -20.0000 0.9190 180 120 60
17.4375 -10.5000 4.1510 220 50 50
1.4375 -23.5000 3.5200 220 50 50
19.6250 -2.5000 4.0050 220 50 50
-15.6875 15.5000 0.1490 180 120 60
1.3125 -11.5000 1.2740 128 128 128
19.5000 -17.0000 1.0090 180 120 60
-1.0000 -3.5000 1.1190 180 120 60
-17.3750 -11.0000 3.8940 220 50 50
21.6250 -16.5000 1.1060 220 50 50
19.2500 9.5000 1.1030 180 120 60
-18.5625 -3.5000 0.1270 180 120 60
5.0000 1.0000 4.4340 220 50 50
-23.7500 -3.0000 0.1580 30 144 255
-21.0625 -15.0000 1.6590 128 128 128
-22.1875 -9.0000 0.1260 30 144 255
6.0000 -15.0000 1.0620 180 120 60
14.8125 8.0000 0.8550 180 120 60
-7.7500 -14.0000 4.2100 220 50 50
3.0625 -13.0000 1.0730 180 120 60
20.0625 14.5000 0.9290 180 120 60
-22.7500 -1.5000 0.1370 30 144 255
-3.7500 18.5000 1.1360 180 120 60
9.9375 17.5000 0.7440 180 120 60
-12.5000 -16.0000 5.3500 220 50 50
-20.9375 -16.5000 1.0820 180 120 60
20.2500 19.5000 0.1000 128 128 128
-3.5000 9.0000 6.2260 220 50 50
-6.9375 -5.5000 1.0750 180 120 60
7.2500 -8.5000 1.0680 180 120 60
-15.6875 4.0000 1.4560 180 120 60
-22.0000 -16.5000 1.0540 128 128 128
5.3125 0.0000 4.3090 220 50 50
-2.5000 -9.5000 1.1270 180 120 60
20.3125 17.0000 1.0320 180 120 60
-0.6250 22.0000 0.7320 180 120 60
-11.8125 -16.5000 5.3660 220 50 50
-10.6875 19.5000 0.1490 180 120 60
-4.6250 -1.0000 1.1680 180 120 60
-0.6250 18.0000 2.2260 128 128 128
-2.0000 -8.5000 1.0890 180 120 60
-2.1250 -5.0000 1.1120 180 120 60
-24.0625 -14.5000 0.1440 30 144 255
-9.5625 10.0000 2.4370 128 128 128
1.3125 -20.0000 7.1590 220 50 50
22.5000 -7.5000 1.1090 180 120 60
22.7500 -22.5000 0.9190 180 120 60
11.2500 2.0000 4.2010 220 50 50
11.1875 -6.5000 4.0650 220 50 50
-2.0000 16.0000 1.6700 128 128 128
14.3125 19.0000 5.6760 128 128 128
-12.2500 -0.5000 1.1270 180 120 60
15.0625 -18.5000 0.9440 180 120 60
-15.1250 10.5000 2.1820 255 165 0
-13.0000 4.5000 1.5810 180 120 60
-19.9375 -3.5000 0.1390 30 144 255
1.1250 14.0000 5.2830 128 128 128
-19.3750 13.0000 2.0620 255 165 0
12.0000 -12.0000 3.6510 128 128 128
-15.8750 -1.5000 1.1670 180 120 60
21.1250 -23.5000 0.9210 180 120 60
-16.2500 19.0000 0.1220 180 120 60
-4.2500 -12.5000 4.3390 220 50 50
0.8750 20.5000 1.2080 180 120 60
-10.5000 -13.0000 5.9410 220 50 50
3.5625 21.0000 1.2250 180 120 60
-5.4375 12.5000 1.8450 128 128 128
25.4375 -15.0000 5.1840 220 50 50
4.5000 0.5000 4.3570 220 50 50
-9.5000 9.5000 1.4570 180 120 60
2.5000 21.5000 2.1700 128 128 128
19.8125 12.5000 0.1390 30 144 255
-18.2500 21.5000 0.8220 180 120 60
-8.1250 -20.0000 4.3140 220 50 50
11.6250 -21.0000 1.0780 180 120 60
9.0000 -14.0000 1.0410 180 120 60
9.2500 12.0000 1.7980 128 128 128
10.5625 -10.5000 1.0700 180 120 60
-16.4375 5.0000 1.5090 180 120 60
1.1875 20.0000 1.3920 128 128 128
4.6250 -16.5000 4.0320 220 50 50
25.2500 -17.5000 5.4580 220 50 50
-2.0000 -7.0000 1.0930 180 120 60
-13.1250 14.5000 0.1440 180 120 60
14.3750 18.5000 0.1660 128 128 128
24.3750 -7.5000 1.3270 128 128 128
-1.5000 -4.5000 1.0840 180 120 60
-18.0000 24.0000 0.9910 180 120 60
-14.7500 -18.0000 1.2680 128 128 128
1.2500 12.5000 4.9170 128 128 128
-12.6250 15.0000 0.1520 180 120 60
1.3750 -4.0000 1.1310 180 120 60
-9.5000 6.5000 1.5040 180 120 60
15.1875 16.5000 0.2200 128 128 128
-20.0625 9.5000 2.1070 255 165 0
-3.3750 -20.5000 5.7000 220 50 50
-23.5625 6.0000 0.1280 30 144 255
-4.2500 12.5000 2.2030 220 50 50
0.8125 16.5000 2.3970 128 128 128
-19.3125 9.0000 2.1710 255 165 0
3.9375 -16.5000 6.2380 220 50 50
-2.1250 -8.0000 1.1110 180 120 60
-14.2500 -10.5000 4.4270 220 50 50
-8.6250 6.5000 1.4790 180 120 60
19.1875 -0.5000 1.9380 128 128 128
-20.7500 -2.5000 0.1090 30 144 255
-5.3750 -13.0000 4.3940 220 50 50
-19.3125 -18.5000 1.0840 180 120 60
11.1875 -21.0000 1.1530 180 120 60
-7.7500 22.5000 0.1570 180 120 60
5.3125 -19.5000 3.8360 220 50 50
18.6875 -3.5000 4.1450 220 50 50
14.5000 12.5000 1.1410 180 120 60
23.8125 -20.5000 0.9490 180 120 60
8.9375 2.5000 4.3640 220 50 50
13.6250 -9.5000 3.8900 220 50 50
-17.5625 -3.0000 0.4260 180 120 60
-11.9375 4.5000 1.5240 180 120 60
-7.0625 4.5000 1.3340 180 120 60
-17.7500 -19.5000 1.1180 180 120 60
4.0000 -2.0000 4.0010 220 50 50
3.3125 3.5000 6.2820 220 50 50
-20.5000 -3.5000 0.1380 30 144 255
-8.1875 15.5000 1.1030 180 120 60
-18.5625 -23.0000 1.0490 180 120 60
-20.5000 16.5000 3.0140 128 128 128
6.1250 18.0000 3.2410 128 128 128
25.2500 -16.5000 5.3260 220 50 50
6.8750 -9.5000 1.0380 180 120 60
13.0625 -9.5000 3.8870 220 50 50
-17.6250 22.0000 0.8370 180 120 60
-7.8750 3.0000 1.3080 180 120 60
19.4375 -11.0000 1.1070 180 120 60
9.0000 14.5000 1.2180 180 120 60
-21.1250 24.0000 4.7200 220 50 50
-18.1250 -4.5000 0.2150 180 120 60
-23.9375 -18.0000 0.1540 30 144 255
-2.6875 4.0000 5.2580 220 50 50
22.8125 -1.5000 1.0510 180 120 60
20.3125 -13.5000 3.8010 220 50 50
17.5625 11.0000 1.1180 180 120 60
8.0000 -5.5000 3.9590 220 50 50
21.3125 10.0000 0.2780 180 120 60
21.2500 -18.5000 1.0000 180 120 60
-3.2500 -15.5000 5.2350 220 50 50
-15.8750 -12.5000 4.3400 220 50 50
1.3125 -2.5000 1.2780 128 128 128
19.8750 23.0000 0.1430 30 144 255
13.1875 -16.0000 0.9980 180 120 60
14.1875 -0.5000 4.2350 220 50 50
-8.7500 14.5000 1.1010 180 120 60
-9.5000 -17.0000 5.0910 220 50 50
16.1875 -11.0000 3.9730 220 50 50
22.6875 -3.5000 1.1370 180 120 60
11.3125 -8.0000 3.9190 220 50 50
21.0000 16.0000 1.0420 180 120 60
-22.8750 -21.5000 0.1680 30 144 255
-23.0000 -19.5000 0.1420 30 144 255
6.1875 21.5000 0.2770 180 120 60
16.1250 12.0000 1.1320 180 120 60
1.1875 14.5000 4.6770 128 128 128
3.5000 0.0000 4.2170 220 50 50
-5.5000 17.0000 1.1820 180 120 60
20.7500 6.0000 1.0830 180 120 60
8.2500 -5.0000 4.0100 220 50 50
-18.3750 1.0000 0.2410 128 128 128
6.0625 0.0000 4.3130 220 50 50
2.3750 -12.5000 1.0960 180 120 60
-21.9375 18.0000 1.8420 180 120 60
6.3750 -10.0000 1.0380 180 120 60
1.3750 -20.5000 7.1850 220 50 50
25.1875 -16.5000 5.3510 220 50 50
16.3750 -19.5000 0.9420 180 120 60
10.4375 6.5000 1.2040 180 120 60
23.7500 11.0000 0.1440 30 144 255
7.7500 -4.5000 4.0240 220 50 50
-4.8125 8.5000 5.8950 220 50 50
-20.6875 24.5000 4.9350 220 50 50
6.2500 1.5000 4.5610 220 50 50
-22.0000 17.5000 1.9860 180 120 60
23.3750 -21.5000 0.9540 180 120 60
2.8750 -3.0000 3.0750 128 128 128
-23.3750 -1.5000 0.1640 30 144 255
22.0625 21.5000 0.1750 30 144 255
-15.2500 -17.0000 1.1850 180 120 60
9.7500 2.5000 4.2970 220 50 50
-1.3750 2.0000 5.1120 220 50 50
-9.8125 -11.5000 5.6270 220 50 50
20.2500 -4.5000 4.1140 220 50 50
-10.8125 3.5000 1.4150 180 120 60
2.1875 -19.0000 4.0690 220 50 50
-9.7500 -11.5000 5.5400 220 50 50
-23.3125 7.5000 0.1400 30 144 255
-4.1875 -10.0000 4.3550 220 50 50
20.1250 -4.0000 4.1070 220 50 50
13.3125 -10.0000 1.2320 220 50 50
4.5000 0.5000 4.3110 220 50 50
-7.8125 10.0000 2.0750 128 128 128
-19.1875 -22.0000 1.0510 180 120 60
8.1250 9.0000 2.0730 128 128 128
11.1875 18.5000 0.6400 128 128 128
-6.6250 -12.5000 4.3250 220 50 50
22.3750 18.0000 0.9730 180 120 60
4.6875 17.0000 2.4030 128 128 128
-12.0625 -13.5000 5.7420 220 50 50
1.3750 4.0000 5.9580 220 50 50
4.3750 23.0000 0.1640 180 120 60
5.1250 13.5000 1.1990 180 120 60
23.1875 1.0000 1.0350 180 120 60
-1.3125 -4.0000 1.0930 180 120 60
21.0625 -16.0000 4.3940 220 50 50
-19.2500 11.0000 2.0900 255 165 0
-19.1875 23.0000 0.9990 180 120 60
-20.6250 4.0000 0.1550 30 144 255
18.5000 19.0000 0.1330 128 128 128
0.8750 9.5000 5.6440 220 50 50
-17.9375 10.5000 2.0440 255 165 0
18.2500 -12.5000 3.9850 220 50 50
-24.1875 16.0000 2.0030 180 120 60
-7.5625 3.0000 1.2800 180 120 60
-8.0000 17.5000 0.6650 180 120 60
-2.7500 0.0000 1.2050 180 120 60
-19.2500 5.0000 0.1350 30 144 255
1.6875 16.5000 4.5990 128 128 128
-20.5000 20.5000 1.1530 180 120 60
7.1875 -20.0000 3.7960 220 50 50
-15.0000 -12.5000 5.6280 220 50 50
-10.5625 22.0000 0.1800 180 120 60
11.4375 11.5000 1.0780 180 120 60
0.8750 -21.0000 5.9470 220 50 50
-11.3750 -19.5000 4.1880 220 50 50
-2.5000 -18.5000 5.9270 220 50 50
-7.9375 -6.0000 1.0710 180 120 60
-9.8750 20.5000 0.1790 180 120 60
9.7500 11.5000 2.7070 128 128 128
8.3750 23.0000 0.0310 180 120 60
-23.5625 25.5000 4.7030 220 50 50
-3.4375 21.5000 0.1870 180 120 60
2.4375 -11.5000 1.0820 180 120 60
4.0000 1.0000 4.3540 220 50 50
-19.3125 2.0000 0.1560 30 144 255
-19.5625 26.0000 5.3330 220 50 50
-7.0000 -22.5000 5.3460 220 50 50
4.1250 -3.0000 1.4600 220 50 50
14.0625 6.5000 1.0220 180 120 60
9.8125 22.5000 1.1100 128 128 128
-0.1875 11.5000 5.4570 220 50 50
-6.6875 10.0000 2.0480 128 128 128
17.6250 12.5000 1.0680 180 120 60
3.0000 -3.5000 3.0890 128 128 128
13.7500 12.5000 1.1250 180 120 60
-9.9375 -18.5000 4.4130 220 50 50
-18.6250 20.0000 0.1290 180 120 60
-18.9375 -11.0000 0.6090 180 120 60
12.5625 -22.0000 3.3630 128 128 128
-5.3125 8.5000 5.8110 220 50 50
3.0625 7.0000 5.8480 220 50 50
18.4375 11.5000 0.7360 180 120 60
-7.6250 -6.5000 1.0920 180 120 60
2.9375 -23.0000 3.5900 220 50 50
-16.6875 11.0000 2.0580 255 165 0
19.8125 16.0000 1.0290 180 120 60
17.4375 20.5000 0.1070 128 128 128
17.3750 15.0000 0.1840 128 128 128
1.3125 0.0000 3.9810 220 50 50
-6.0625 -2.5000 1.1190 180 120 60
9.3125 -7.0000 3.8460 220 50 50
2.3750 11.5000 5.0270 220 50 50
-19.8750 -22.5000 0.7460 180 120 60
-19.4375 -13.0000 0.4860 180 120 60
-19.3125 -9.5000 0.5630 128 128 128
-5.0625 -13.5000 4.2310 220 50 50
-15.3750 23.5000 0.0830 180 120 60
-17.0000 -2.0000 0.7790 180 120 60
4.5625 19.5000 2.0230 128 128 128
-4.5000 21.5000 0.1270 180 120 60
-13.1875 7.0000 1.8130 180 120 60
8.8125 2.5000 4.3740 220 50 50
-21.0625 10.5000 0.1440 30 144 255
-7.6250 11.5000 1.6840 128 128 128
-21.8750 22.5000 1.4640 180 120 60
15.6250 -4.5000 4.5220 220 50 50
16.6875 6.5000 1.3990 128 128 128
-9.7500 -8.0000 5.0510 220 50 50
-1.6250 4.5000 5.5650 220 50 50
-12.4375 7.0000 1.7090 180 120 60
4.6250 17.0000 2.3490 128 128 128
-24.0625 -13.0000 0.1840 30 144 255
15.0000 5.0000 1.6470 128 128 128
3.0000 9.0000 5.4780 220 50 50
-16.8125 -23.5000 1.0710 180 120 60
7.5000 -9.0000 1.0790 180 120 60
-12.3750 15.0000 0.1450 180 120 60
23.8125 -7.5000 1.1140 180 120 60
0.8125 10.5000 5.4640 220 50 50
8.6875 -4.0000 4.1740 220 50 50
15.3125 -4.0000 4.4930 220 50 50
16.6875 10.0000 1.0590 180 120 60
15.7500 16.5000 0.3010 128 128 128
11.0000 16.0000 1.1830 180 120 60
-19.0000 -5.5000 0.1400 30 144 255
-21.1250 8.0000 0.1390 30 144 255
-9.0625 19.5000 0.1550 180 120 60
10.6875 12.0000 1.1330 180 120 60
15.9375 6.0000 1.3740 128 128 128
0.3750 16.5000 2.4790 128 128 128
-19.3125 -17.0000 1.1070 180 120 60
3.8750 -13.5000 1.1140 180 120 60
-12.2500 -22.5000 4.2130 220 50 50
-23.5625 -1.0000 0.1250 30 144 255
2.8750 -8.5000 1.0680 180 120 60
-13.7500 -9.0000 1.1280 180 120 60
12.1875 12.0000 1.1060 180 120 60
16.5625 11.0000 1.1390 180 120 60
-16.5000 -1.0000 1.6970 128 128 128
2.8125 -1.0000 4.0110 220 50 50
1.4375 5.0000 6.2140 220 50 50
24.6250 -19.0000 1.0280 180 120 60
25.0625 -9.0000 4.1980 220 50 50
-6.1250 5.0000 1.3580 180 120 60
-21.6875 5.0000 0.1350 30 144 255
-10.0000 -9.0000 5.2280 220 50 50
-20.2500 -22.0000 5.1370 128 128 128
23.0625 10.0000 0.1540 30 144 255
-19.1875 23.5000 4.8510 220 50 50
1.8750 -4.5000 3.0090 128 128 128
-1.7500 -12.5000 4.6410 220 50 50
7.1875 -7.5000 1.7340 128 128 128
-18.5000 8.0000 2.1020 255 165 0
-15.0000 19.5000 0.1320 180 120 60
-1.1250 -7.5000 1.0940 180 120 60
-11.5000 -13.0000 5.8970 220 50 50
6.0000 0.5000 4.3900 220 50 50
8.3750 0.5000 4.6390 220 50 50
13.1250 -24.0000 3.2900 220 50 50
18.5000 -3.0000 4.0930 220 50 50
-9.8750 2.5000 1.3020 180 120 60
-11.4375 0.5000 1.1660 180 120 60
0.3125 -22.0000 3.1010 220 50 50
-9.6250 -6.0000 1.1140 180 120 60
16.6875 -21.0000 0.9430 180 120 60
5.7500 -0.5000 4.2540 220 50 50
-15.3750 -23.5000 1.1350 180 120 60
23.5000 12.0000 0.1410 30 144 255
17.1875 -13.5000 1.0710 180 120 60
-3.3750 -12.0000 5.6260 220 50 50
-16.1875 -5.5000 1.1510 180 120 60
-3.8125 25.5000 0.1100 180 120 60
-16.6250 -20.5000 1.1180 180 120 60
-22.5625 25.5000 4.8130 220 50 50
-10.0000 -11.0000 5.5040 220 50 50
-8.6875 -20.5000 4.2500 220 50 50
10.1875 -10.5000 1.0490 180 120 60
5.5000 -20.5000 3.7530 220 50 50
-0.2500 -22.5000 5.7200 220 50 50
8.5000 22.0000 0.1550 180 120 60
-19.0000 15.0000 3.0660 128 128 128
-0.8750 -18.5000 7.1540 220 50 50
5.0625 15.5000 1.1230 180 120 60
-12.6875 26.0000 0.1520 180 120 60
-1.0000 -16.5000 6.8610 220 50 50
12.6250 -7.0000 4.1340 220 50 50
10.5625 1.0000 4.3550 220 50 50
-15.9375 14.5000 0.1550 180 120 60
15.3750 9.5000 1.0010 180 120 60
13.2500 -13.0000 1.0440 180 120 60
16.3125 -9.0000 4.1810 220 50 50
16.5000 9.0000 1.0240 180 120 60
-20.0000 -12.5000 0.1520 180 120 60
20.5625 9.5000 0.6740 180 120 60
-16.1875 11.5000 2.1240 255 165 0
16.6875 -16.0000 1.0050 180 120 60
-8.6250 13.0000 1.2690 180 120 60
-6.3750 18.5000 0.6570 180 120 60
20.0625 6.0000 1.4950 128 128 128
20.0000 12.0000 0.1340 30 144 255
-3.6875 -21.5000 5.5600 220 50 50
10.8750 -2.5000 4.5720 220 50 50
-18.5000 0.5000 0.1610 30 144 255
-10.1875 -17.5000 3.5200 220 50 50
6.3750 -3.0000 4.0310 220 50 50
-4.1250 -7.5000 1.0750 180 120 60
9.0000 21.5000 1.1150 128 128 128
23.9375 2.5000 0.9740 180 120 60
-13.6250 4.5000 1.6560 180 120 60
25.0000 3.5000 1.1070 180 120 60
-10.0000 13.0000 1.0700 180 120 60
17.1250 -13.5000 1.0770 180 120 60
5.2500 -3.0000 3.9620 220 50 50
20.4375 12.0000 0.1530 30 144 255
-20.4375 -15.5000 1.7000 128 128 128
14.5625 11.5000 1.0950 180 120 60
-11.0625 7.0000 1.6530 180 120 60
5.8125 -4.0000 1.2480 180 120 60
13.0625 -13.5000 3.6290 128 128 128
19.3750 -4.0000 4.1390 220 50 50
-9.9375 -10.5000 5.4480 220 50 50
7.1875 21.5000 0.2020 180 120 60
10.0000 -23.5000 5.3760 220 50 50
-4.3125 -14.0000 4.2350 220 50 50
4.0625 -21.5000 3.7480 220 50 50
8.1875 -17.5000 1.1130 180 120 60
9.5625 3.0000 4.2360 220 50 50
-6.6875 21.5000 0.1250 180 120 60
-19.8125 17.5000 0.1450 180 120 60
8.1250 12.0000 2.3660 128 128 128
-15.8125 -6.5000 1.2110 180 120 60
12.9375 -12.0000 3.6410 128 128 128
-3.5000 -17.0000 5.1980 220 50 50
12.8125 11.5000 1.0560 180 120 60
-5.8125 -20.0000 4.2260 220 50 50
11.1875 -16.5000 1.0090 180 120 60
-6.3750 -23.5000 5.2840 220 50 50
4.3750 14.0000 1.2110 180 120 60
22.0625 -6.0000 1.1280 180 120 60
-20.3750 3.0000 0.1380 30 144 255
6.8125 8.5000 1.7170 220 50 50
-22.1250 11.0000 2.1640 255 165 0
-10.1250 -21.0000 4.3520 220 50 50
-12.2500 -20.0000 4.2040 220 50 50
-5.3750 17.0000 1.1910 180 120 60
-5.8125 10.5000 1.8260 220 50 50
1.1250 -9.5000 1.1010 180 120 60
-20.5000 -13.5000 0.1530 180 120 60
-21.9375 -23.0000 1.0170 128 128 128
6.6250 -4.5000 1.4420 220 50 50
-13.5000 14.0000 0.1720 180 120 60
-4.7500 -20.0000 5.6620 220 50 50
0.3750 13.5000 1.2840 180 120 60
13.3750 -4.0000 4.5540 220 50 50
9.6250 6.5000 1.2340 180 120 60
-16.1250 -13.0000 4.3450 220 50 50
-21.7500 1.0000 0.1800 30 144 255
22.8125 9.5000 0.1340 180 120 60
3.6875 17.0000 2.0200 128 128 128
1.2500 17.0000 1.2330 180 120 60
-12.9375 19.5000 0.1470 180 120 60
-4.1875 23.0000 0.1450 180 120 60
8.3750 9.0000 2.0820 128 128 128
16.6250 -10.5000 4.0510 220 50 50
9.3125 -11.5000 1.0110 180 120 60
-11.1875 -15.5000 5.5490 220 50 50
-0.3125 12.0000 5.4090 220 50 50
25.4375 10.0000 0.1580 30 144 255
-17.1875 0.0000 1.6750 128 128 128
-7.3750 -7.5000 1.1060 180 120 60
-17.3750 -4.5000 0.7790 180 120 60
21.2500 16.0000 0.1500 30 144 255
21.6250 20.0000 0.9590 180 120 60
-5.3125 -23.5000 5.3400 220 50 50
-2.5000 21.5000 0.3470 180 120 60
5.7500 6.5000 5.5650 220 50 50
5.7500 -6.5000 1.9400 128 128 128
-10.6875 15.5000 0.1700 180 120 60
-16.0625 16.5000 0.1410 180 120 60
11.8750 20.0000 0.6650 128 128 128
15.1875 1.0000 4.0800 220 50 50
-0.5000 -3.0000 1.1470 180 120 60
5.0625 15.0000 4.5390 128 128 128
-7.7500 8.5000 2.2540 128 128 128
-3.9375 -11.0000 4.3080 220 50 50
-13.7500 6.0000 1.7820 180 120 60
22.5000 -6.5000 1.0970 180 120 60
-6.3750 8.0000 5.5700 220 50 50
18.4375 -11.0000 4.1580 220 50 50
-21.7500 10.5000 0.1420 30 144 255
18.5000 -21.0000 0.9500 180 120 60
-18.1875 18.0000 0.1400 180 120 60
3.6250 21.0000 1.2100 180 120 60
-15.8750 6.5000 2.0030 255 165 0
20.4375 -19.5000 0.9690 180 120 60
-22.5625 19.5000 1.5870 180 120 60
9.3125 -7.5000 3.8680 220 50 50
18.1875 15.0000 1.0330 180 120 60
16.7500 -6.0000 4.6000 220 50 50
10.0000 11.5000 1.1510 180 120 60
1.3750 15.5000 4.6470 128 128 128
-2.8750 18.0000 1.2020 180 120 60
-3.1250 -11.0000 4.3520 220 50 50
11.4375 -17.5000 1.0090 180 120 60
-22.8750 24.0000 4.5440 220 50 50
20.4375 -9.5000 1.0820 180 120 60
12.5625 -14.0000 1.0090 180 120 60
-5.3125 -21.0000 5.5910 220 50 50
5.3125 -4.5000 2.3630 128 128 128
17.2500 9.5000 1.0810 180 120 60
-18.2500 25.0000 5.3600 220 50 50
12.1250 16.5000 0.5220 180 120 60
-15.8125 24.5000 0.8440 180 120 60
2.8750 21.0000 4.5380 128 128 128
18.1250 -2.5000 4.1060 220 50 50
-15.2500 -13.5000 5.3960 220 50 50
-6.3125 -9.0000 2.8790 220 50 50
-18.9375 -3.0000 0.1400 30 144 255
-16.8125 25.0000 0.9470 180 120 60
-0.6250 -12.5000 4.3460 220 50 50
0.3750 -12.5000 1.9780 220 50 50
-7.0000 7.0000 5.2220 220 50 50
1.3750 14.5000 4.6350 128 128 128
0.5000 25.5000 0.1370 180 120 60
15.6250 -17.0000 0.9550 180 120 60
4.9375 -7.5000 1.1000 180 120 60
11.6875 4.0000 4.0650 220 50 50
8.6875 14.5000 1.1940 180 120 60
-22.1875 -4.0000 0.1540 30 144 255
8.5000 -6.5000 1.5730 220 50 50
19.8750 -4.0000 4.1020 220 50 50
-16.1250 22.5000 0.1780 180 120 60
-8.6250 9.5000 2.2700 128 128 128
3.1250 7.5000 5.7400 220 50 50
5.8125 -16.0000 1.0780 180 120 60
-22.6875 24.5000 4.6590 220 50 50
25.3750 -16.0000 5.2540 220 50 50
19.7500 -17.0000 3.1650 128 128 128
-1.3750 8.0000 6.3720 220 50 50
-13.0000 -19.5000 2.8810 128 128 128
24.0625 -18.5000 1.0130 180 120 60
25.3125 10.0000 0.1370 30 144 255
7.9375 15.0000 1.1970 180 120 60
24.6250 -11.5000 4.4450 220 50 50
-17.3125 -17.0000 3.3440 128 128 128
-7.3750 3.5000 1.3090 180 120 60
23.2500 -16.5000 4.8980 220 50 50
-10.8750 -16.0000 5.5280 220 50 50
18.0000 -17.0000 0.9720 180 120 60
21.6250 -5.5000 2.3240 128 128 128
4.4375 12.5000 1.1990 180 120 60
1.0625 -21.5000 3.1900 220 50 50
-2.5000 18.5000 1.2200 180 120 60
-11.1875 12.0000 0.8780 180 120 60
2.8125 20.0000 1.2180 180 120 60
9.3750 -7.0000 1.4790 220 50 50
-14.6875 5.5000 1.8680 255 165 0
15.6250 24.5000 0.2650 128 128 128
-5.0000 -19.0000 5.2100 220 50 50
10.0000 8.0000 1.1310 180 120 60
-3.2500 0.5000 1.2330 180 120 60
18.5625 -10.5000 1.1400 220 50 50
20.1250 6.0000 1.5140 128 128 128
5.7500 15.5000 1.1310 180 120 60
-7.6875 14.0000 1.1830 180 120 60
14.6875 -8.5000 4.0970 220 50 50
-10.4375 2.0000 1.2490 180 120 60
23.3125 10.5000 0.1430 30 144 255
-15.2500 0.0000 1.3920 128 128 128
4.4375 -23.0000 3.3530 220 50 50
15.5625 -12.5000 1.1020 180 120 60
-15.3125 19.5000 0.1020 180 120 60
-19.0000 9.0000 3.0520 128 128 128
-1.3750 -19.5000 5.8180 220 50 50
-9.5000 13.5000 1.1170 180 120 60
-16.1875 17.5000 0.1470 180 120 60
-14.0625 -4.5000 1.1950 180 120 60
-15.8750 -19.5000 1.1360 180 120 60
-13.5625 -15.5000 5.2970 220 50 50
-16.5000 -19.5000 1.1600 180 120 60
20.8750 6.5000 1.1080 180 120 60
11.6250 -11.0000 1.2570 128 128 128
-12.1875 -22.0000 4.1820 220 50 50
-14.2500 -3.5000 1.0990 180 120 60
6.6875 1.0000 4.5830 220 50 50
-19.2500 -8.5000 0.2020 128 128 128
-17.3750 14.0000 0.1250 180 120 60
-0.0625 7.0000 6.3600 220 50 50
-22.5000 -0.5000 0.1300 30 144 255
24.3125 1.0000 0.9420 180 120 60
-5.4375 2.0000 1.2850 180 120 60
-14.3750 4.5000 1.7370 180 120 60
-12.7500 5.5000 1.6110 180 120 60
10.3125 -14.5000 0.9900 180 120 60
13.1875 12.5000 1.0950 180 120 60
-20.5625 21.0000 1.1700 180 120 60
11.2500 11.0000 1.0620 180 120 60
13.3750 -9.5000 3.8910 220 50 50
-24.0000 -2.0000 0.1240 30 144 255
-10.7500 14.5000 0.3200 180 120 60
-14.9375 -23.5000 1.2510 180 120 60
-20.3125 9.5000 2.1740 255 165 0
-5.8125 6.5000 5.3100 220 50 50
2.7500 -8.5000 1.0650 180 120 60
16.4375 -22.5000 0.9570 180 120 60
-8.8750 -8.5000 4.9770 220 50 50
5.3125 9.5000 1.3100 128 128 128
10.9375 -3.0000 4.4760 220 50 50
-22.5625 2.5000 0.1480 30 144 255
5.7500 -7.5000 1.1060 180 120 60
22.1250 21.0000 0.1500 30 144 255
23.5000 10.0000 0.1480 30 144 255
-23.1875 -9.5000 0.1430 30 144 255
13.0625 1.5000 4.1500 220 50 50
-18.9375 -17.5000 1.1100 180 120 60
-8.2500 -19.0000 4.2990 220 50 50
4.2500 0.5000 4.2780 220 50 50
3.9375 16.5000 4.7120 128 128 128
-11.3125 12.5000 0.7120 180 120 60
-7.0625 -15.5000 4.1760 220 50 50
-1.4375 6.0000 5.9240 220 50 50
-22.0000 12.0000 3.0710 128 128 128
3.8750 16.5000 2.0540 128 128 128
13.5625 2.0000 4.0520 220 50 50
23.7500 3.5000 1.0300 180 120 60
-24.1250 -22.5000 0.1400 30 144 255
17.5000 -1.0000 4.0290 220 50 50
25.6875 -1.5000 1.0460 180 120 60
-2.4375 7.0000 6.0160 220 50 50
20.4375 1.0000 1.0140 180 120 60
20.2500 -3.5000 4.0330 220 50 50
-6.6875 -10.0000 4.9460 220 50 50
1.8750 16.0000 4.6100 128 128 128
-18.5625 10.0000 2.0730 255 165 0
18.8125 -18.0000 0.9980 180 120 60
-16.5000 -14.0000 4.4100 220 50 50
-15.7500 -17.5000 1.2020 180 120 60
1.1250 -7.5000 1.0660 180 120 60
0.0000 16.5000 1.3720 180 120 60
-15.0625 25.0000 0.1580 180 120 60
-24.1875 24.5000 1.7700 220 50 50
-18.5000 -12.5000 1.3040 220 50 50
-6.6250 6.0000 5.0840 220 50 50
15.0625 0.0000 4.0720 220 50 50
-10.0625 7.5000 1.5680 180 120 60
8.1250 -21.0000 5.1830 220 50 50
19.8750 -11.0000 3.4530 220 50 50
7.5625 1.5000 4.5310 220 50 50
-10.8750 -21.5000 4.4090 220 50 50
-11.6250 -8.0000 1.3140 220 50 50
1.3125 19.0000 1.2440 180 120 60
-5.8750 10.0000 6.0910 220 50 50
-21.8125 25.5000 4.9850 220 50 50
-19.8750 9.0000 2.1840 255 165 0
13.8125 -6.5000 4.2830 220 50 50
9.7500 -13.5000 1.0130 180 120 60
19.7500 -19.0000 0.9490 180 120 60
-13.3750 -19.0000 2.7260 128 128 128
11.9375 5.5000 1.1210 180 120 60
-14.7500 0.5000 1.2090 180 120 60
-13.4375 19.0000 0.1450 180 120 60
-9.0000 11.5000 1.3550 180 120 60
24.0625 -7.5000 1.1550 180 120 60
11.7500 22.5000 0.3360 128 128 128
3.0625 24.5000 0.1440 180 120 60
10.3750 18.5000 5.1240 128 128 128
-4.6875 -17.5000 5.0340 220 50 50
-19.5000 -6.0000 0.1420 30 144 255
-15.4375 -7.0000 2.6490 128 128 128
-1.5625 -23.0000 5.5700 220 50 50
-6.1875 18.0000 1.0680 180 120 60
-19.0625 -10.5000 0.4430 180 120 60
10.3750 12.0000 1.1420 180 120 60
5.9375 -21.0000 3.6430 220 50 50
9.1875 -6.5000 1.4360 220 50 50
12.3125 -14.0000 0.9830 180 120 60
23.7500 -21.0000 0.9580 180 120 60
-8.1250 1.0000 1.2280 180 120 60
-1.6250 -8.5000 1.0910 180 120 60
9.6250 -4.5000 4.1840 220 50 50
-22.1250 23.5000 4.5520 220 50 50
15.0625 23.0000 0.5320 128 128 128
-15.9375 7.0000 2.2700 128 128 128
-17.7500 20.5000 0.1380 180 120 60
-14.1875 -9.5000 4.2890 220 50 50
-17.1250 12.0000 2.1020 255 165 0
18.0000 18.5000 0.0620 30 144 255
-10.8750 -22.5000 4.3530 220 50 50
-17.8125 -24.0000 5.0510 128 128 128
-6.3750 3.0000 1.3100 180 120 60
9.3125 -1.5000 4.4840 220 50 50
5.0000 -16.0000 2.0250 128 128 128
1.9375 23.0000 0.4770 180 120 60
-1.0625 -6.5000 1.1130 180 120 60
1.2500 4.5000 6.0500 220 50 50
-5.4375 16.5000 1.1700 180 120 60
13.6250 20.5000 0.5710 128 128 128
-13.0625 13.0000 0.1210 180 120 60
-15.9375 -14.5000 5.2000 220 50 50
2.3125 -21.0000 3.4700 220 50 50
-6.6250 -20.0000 4.2190 220 50 50
11.3750 -9.5000 1.0890 180 120 60
12.7500 0.0000 4.3450 220 50 50
-12.3750 25.5000 0.1470 180 120 60
-3.6875 11.0000 6.0640 220 50 50
-5.2500 -22.5000 5.4250 220 50 50
4.1875 5.0000 6.1260 220 50 50
4.1875 9.5000 5.1580 220 50 50
6.9375 5.5000 4.2790 220 50 50
-14.3750 21.0000 0.1260 180 120 60
11.1875 14.0000 2.3310 128 128 128
-1.0000 13.0000 5.2060 220 50 50
-16.9375 -16.0000 1.1850 180 120 60
5.0000 14.0000 2.1740 128 128 128
19.9375 4.5000 1.1020 180 120 60
-18.4375 -0.5000 0.1380 30 144 255
-21.7500 -23.5000 1.4980 128 128 128
-1.8125 23.5000 0.1360 180 120 60
-22.5625 17.5000 1.9800 180 120 60
-4.7500 4.5000 5.1410 220 50 50
21.9375 -12.5000 4.0530 220 50 50
-7.0625 20.0000 0.1520 180 120 60
-23.2500 25.5000 4.7600 220 50 50
22.6250 4.0000 1.0120 180 120 60
15.9375 13.0000 0.8970 180 120 60
-8.0625 -10.5000 5.1940 220 50 50
-18.3750 13.0000 2.0860 255 165 0
-23.1875 -19.0000 0.1470 30 144 255
-19.3750 7.0000 0.1230 30 144 255
17.9375 -20.5000 0.9220 180 120 60
-12.5000 12.5000 0.2530 180 120 60
8.1875 -11.5000 1.0430 180 120 60
7.5000 8.0000 2.2620 128 128 128
-9.5625 10.0000 1.4320 180 120 60
-24.1875 0.0000 0.1400 30 144 255
-0.5000 1.5000 5.1720 220 50 50
5.5000 -19.5000 3.8070 220 50 50
-10.0625 -7.0000 1.1180 180 120 60
-24.1875 -21.0000 0.1440 30 144 255
-13.8125 21.5000 0.1540 180 120 60
-13.1250 8.0000 1.8690 180 120 60
-12.3125 -1.5000 1.0650 180 120 60
2.8125 -7.0000 1.0750 180 120 60
-9.3125 -9.5000 5.2090 220 50 50
20.5625 19.5000 0.0700 30 144 255
12.2500 -2.5000 4.5970 220 50 50
-20.1875 23.5000 4.7600 220 50 50
-1.9375 -14.5000 6.6810 220 50 50
-8.3125 -12.0000 5.4850 220 50 50
17.9375 -13.0000 3.8800 220 50 50
-8.5625 8.5000 1.4070 180 120 60
23.4375 0.0000 0.9720 180 120 60
13.1875 22.5000 0.5600 180 120 60
9.1875 18.0000 0.8450 180 120 60
20.0000 -23.5000 0.9440 180 120 60
-9.0625 -7.5000 1.1600 180 120 60
-17.1875 -21.5000 1.0880 180 120 60
6.7500 -21.5000 3.6440 220 50 50
-3.3750 25.0000 0.1580 180 120 60
7.2500 9.0000 3.8710 128 128 128
-5.0000 24.5000 0.1970 180 120 60
-12.9375 12.0000 0.3910 180 120 60
-13.9375 -12.0000 5.8080 220 50 50
-2.1250 -0.5000 1.2150 128 128 128
5.8750 -10.5000 1.0190 180 120 60
-12.3125 -13.0000 5.7940 220 50 50
-22.9375 -5.5000 0.1580 30 144 255
15.3125 14.0000 0.6160 180 120 60
8.5625 18.0000 1.0890 180 120 60
-2.0000 14.0000 5.2260 220 50 50
-10.3750 -16.0000 3.5080 220 50 50
-2.8125 -12.5000 4.3680 220 50 50
20.1250 -18.0000 0.9770 180 120 60
-4.3750 -20.0000 5.6580 220 50 50
-3.0000 -7.5000 1.0970 180 120 60
-12.6875 7.0000 1.7840 180 120 60
-12.3125 14.5000 0.1820 180 120 60
-16.5000 0.5000 2.0690 128 128 128
-10.1875 -10.0000 5.3820 220 50 50
10.3125 12.5000 1.1730 180 120 60
6.8750 17.0000 1.2930 180 120 60
0.6875 -7.5000 1.1050 180 120 60
1.6250 7.5000 5.9960 220 50 50
-18.8750 -14.0000 1.0430 180 120 60
18.9375 7.5000 1.1650 180 120 60
-10.8750 9.5000 2.5310 128 128 128
18.9375 5.0000 2.0090 128 128 128
14.0000 23.0000 0.5530 128 128 128
-11.5000 -20.0000 4.2070 220 50 50
-10.1250 4.5000 1.4350 180 120 60
10.5625 25.5000 0.3270 128 128 128
0.4375 0.0000 1.3560 128 128 128
-6.5000 -10.0000 4.9650 220 50 50
-14.9375 -22.5000 1.2840 180 120 60
13.7500 24.0000 0.5350 180 120 60
17.8750 -5.5000 4.3960 220 50 50
-13.0000 6.0000 1.6930 180 120 60
5.1875 10.0000 1.3000 128 128 128
23.6875 19.0000 0.7520 128 128 128
-12.2500 0.5000 1.1770 180 120 60
-16.6875 -17.0000 1.3780 128 128 128
9.8750 -15.0000 1.0110 180 120 60
-13.5000 -6.5000 1.3020 128 128 128
-16.3125 -8.0000 1.1940 180 120 60
12.1875 -10.5000 1.3570 128 128 128
25.1875 -22.5000 0.9320 180 120 60
-4.4375 -4.0000 1.0980 180 120 60
7.9375 9.5000 2.2310 128 128 128
6.4375 22.5000 0.1460 180 120 60
8.0000 7.0000 4.0350 220 50 50
12.0625 -21.5000 1.7800 128 128 128
-15.0625 3.0000 1.5200 180 120 60
7.3125 -1.0000 4.3160 220 50 50
-19.1875 23.5000 4.8650 220 50 50
21.7500 -2.0000 1.0730 180 120 60
-11.8125 -14.5000 5.6790 220 50 50
22.1250 -4.5000 2.1810 220 50 50
14.5000 -5.5000 4.4800 220 50 50
7.1875 11.0000 1.3340 128 128 128
23.8750 3.0000 0.9980 180 120 60
-22.0000 17.5000 2.7380 128 128 128
-5.9375 0.0000 1.1770 180 120 60
-15.1875 -10.5000 4.2570 220 50 50
0.2500 0.5000 5.0490 220 50 50
-3.3750 26.0000 0.1100 180 120 60
21.5000 -9.5000 1.0950 180 120 60
2.5625 -18.0000 6.6490 220 50 50
17.6250 -4.0000 4.2780 220 50 50
-15.4375 25.5000 0.8620 180 120 60
-4.1250 6.0000 5.4440 220 50 50
23.5000 -17.5000 5.1340 220 50 50
-11.0625 -9.5000 5.4250 220 50 50
18.3750 10.0000 1.1160 180 120 60
-5.0000 -11.5000 4.7420 220 50 50
-16.3750 7.5000 2.0310 255 165 0
8.8750 -22.5000 5.3040 220 50 50
5.8750 7.0000 5.4230 220 50 50
19.6875 16.5000 1.0450 180 120 60
-6.0625 7.5000 5.4840 220 50 50
-23.4375 -14.0000 0.1520 30 144 255
-21.3125 -23.0000 1.0330 128 128 128
20.3750 5.0000 1.1010 180 120 60
4.6250 5.0000 4.4640 220 50 50
-16.6875 4.5000 0.9030 180 120 60
-0.6875 15.5000 1.3700 180 120 60
3.2500 -8.5000 1.0490 180 120 60
-14.6875 -12.0000 5.7430 220 50 50
-23.0625 -9.0000 0.1320 30 144 255
-18.4375 12.5000 2.0820 255 165 0
19.8125 -2.0000 1.1530 180 120 60
-13.6875 0.5000 1.1940 180 120 60
-14.2500 -11.5000 4.4810 220 50 50
8.5000 -17.0000 1.3850 128 128 128
-15.0000 15.0000 0.1480 180 120 60
1.8125 -17.5000 6.7160 220 50 50
6.8750 -5.0000 1.7110 220 50 50
3.5000 -17.0000 4.0840 220 50 50
-17.8125 21.5000 0.7450 128 128 128
14.6250 -18.5000 0.9640 180 120 60
-12.9375 17.5000 0.1560 180 120 60
22.9375 7.5000 0.8200 180 120 60
-3.4375 3.0000 5.0070 220 50 50
19.8750 -3.0000 4.0190 220 50 50
-8.5625 -18.0000 5.4880 220 50 50
-7.6875 -0.5000 1.1740 180 120 60
20.8125 0.0000 1.0430 180 120 60
-3.1875 3.5000 5.1330 220 50 50
-8.5000 6.5000 1.3990 180 120 60
-1.3750 -21.5000 5.7180 220 50 50
-23.6875 11.0000 0.1370 30 144 255
4.1250 -12.5000 1.0540 180 120 60
-12.4375 8.0000 1.8010 180 120 60
11.0000 -2.5000 4.5020 220 50 50
-12.1250 25.5000 0.1530 180 120 60
-0.8125 -4.0000 1.1170 180 120 60
-1.1250 15.0000 2.2520 128 128 128
-14.6250 9.5000 2.0170 255 165 0
11.6875 -7.0000 4.0590 220 50 50
25.1875 -3.5000 1.1080 180 120 60
-2.6250 8.0000 6.1200 220 50 50
-13.8750 -17.0000 5.0450 220 50 50
-21.6250 -17.0000 1.1390 128 128 128
-15.2500 -24.0000 3.9150 128 128 128
-20.3750 24.0000 4.8620 220 50 50
-14.8125 26.0000 0.8510 180 120 60
16.5000 -17.5000 0.9300 180 120 60
4.1250 3.0000 4.5730 220 50 50
-13.5000 10.0000 1.7690 255 165 0
-7.2500 10.5000 1.6350 128 128 128
-16.3750 -14.0000 4.4150 220 50 50
-12.2500 -21.5000 4.2250 220 50 50
20.0625 19.5000 0.1310 128 128 128
4.6250 15.5000 1.9630 128 128 128
5.4375 25.0000 0.0880 180 120 60
13.1875 -7.0000 4.1150 220 50 50
-15.6250 18.0000 0.1350 180 120 60
19.1250 -15.5000 1.0370 180 120 60
8.3125 5.0000 4.1750 220 50 50
10.4375 -19.0000 1.0380 180 120 60
12.0625 15.5000 0.9690 180 120 60
-21.0000 2.0000 0.1620 30 144 255
-23.0625 9.5000 0.1270 30 144 255
15.3750 4.5000 1.4140 128 128 128
-8.7500 -11.5000 5.4650 220 50 50
6.4375 -4.0000 3.9680 220 50 50
17.1875 4.5000 1.1070 180 120 60
-13.5000 25.5000 0.1440 180 120 60
24.8750 -17.0000 5.3850 220 50 50
-18.2500 -14.0000 4.0080 220 50 50
-8.2500 24.0000 0.1520 180 120 60
-6.8125 -0.5000 1.1790 180 120 60
21.9375 8.5000 0.6830 180 120 60
-1.6250 -23.0000 5.5930 220 50 50
-9.5625 -7.5000 1.1650 180 120 60
0.5625 -4.5000 1.1240 180 120 60
6.0625 -20.5000 3.6990 220 50 50
21.4375 9.0000 0.7190 180 120 60
-11.9375 -23.0000 4.2260 220 50 50
13.8750 11.5000 1.0680 180 120 60
4.8125 -2.5000 3.9800 220 50 50
20.0000 23.5000 0.1380 30 144 255
5.5000 9.5000 1.4170 128 128 128
12.0000 -8.0000 3.9710 220 50 50
23.0000 -12.5000 4.2450 220 50 50
-2.2500 14.0000 5.3350 220 50 50
-2.7500 16.0000 2.2750 128 128 128
9.6250 -8.5000 1.1110 180 120 60
-19.2500 -6.5000 0.1540 30 144 255
-18.6875 5.5000 0.1490 30 144 255
-21.5625 -14.0000 0.1470 30 144 255
-19.4375 20.5000 1.1040 180 120 60
-16.5625 -15.5000 5.0460 220 50 50
-8.1875 -9.0000 5.0270 220 50 50
-17.4375 -21.0000 1.1040 180 120 60
21.9375 -23.5000 0.8920 180 120 60
-20.0625 -1.5000 0.1410 30 144 255
-7.2500 2.0000 1.2720 180 120 60
-8.5625 -11.0000 5.3290 220 50 50
15.7500 9.0000 1.0040 180 120 60
21.6250 -9.0000 1.0860 180 120 60
-19.7500 -2.5000 0.1480 30 144 255
4.6875 -16.0000 2.8300 128 128 128
16.1875 11.5000 1.1160 180 120 60
0.8750 -16.0000 6.5830 220 50 50
24.2500 -21.5000 0.9620 180 120 60
-19.4375 -11.5000 0.2810 180 120 60
-3.2500 -15.0000 5.1620 220 50 50
-18.1875 24.0000 5.0940 220 50 50
10.8750 -20.5000 1.0520 180 120 60
18.0625 -12.5000 3.9160 220 50 50
-10.3125 1.0000 1.2070 180 120 60
-23.8125 1.5000 0.1390 30 144 255
11.6250 -1.0000 4.5290 220 50 50
-1.8125 -5.0000 1.1030 180 120 60
-1.6250 -14.0000 6.5150 220 50 50
-6.2500 -13.5000 4.5000 220 50 50
-4.5625 9.0000 6.0500 220 50 50
4.3125 5.0000 6.0870 220 50 50
-5.5625 -21.0000 5.5260 220 50 50
5.4375 -17.5000 3.9710 220 50 50
-16.1250 -10.5000 4.0780 220 50 50
19.9375 -11.5000 3.4900 220 50 50
7.0625 -11.0000 1.0040 180 120 60
25.0625 -22.5000 0.9140 180 120 60
25.5625 11.5000 0.1360 30 144 255
13.5625 4.5000 1.1310 180 120 60
-6.0000 -1.5000 1.1690 180 120 60
16.3750 7.5000 1.4800 128 128 128
-3.5000 12.0000 5.9040 220 50 50
-7.5000 -6.5000 1.0560 180 120 60
-20.3125 -6.5000 0.1440 30 144 255
14.3125 21.0000 0.5400 128 128 128
14.3750 -21.0000 0.9800 180 120 60
-2.3125 4.0000 5.3990 220 50 50
-12.6875 0.0000 1.1280 180 120 60
11.9375 12.5000 1.1040 180 120 60
12.3125 -13.0000 1.0230 180 120 60
1.2500 -9.5000 1.0900 180 120 60
-13.2500 -22.5000 4.2130 220 50 50
17.2500 -13.5000 1.0640 180 120 60
-17.1250 -20.5000 4.5120 128 128 128
-16.2500 25.0000 0.9010 180 120 60
-2.3125 11.5000 5.7640 220 50 50
10.3125 18.0000 0.6150 180 120 60
9.9375 -7.0000 3.8790 220 50 50
25.3750 -11.0000 4.3270 220 50 50
11.3750 3.0000 4.1280 220 50 50
-11.5625 19.5000 0.1380 180 120 60
-4.3125 3.0000 1.3640 180 120 60
9.4375 -18.5000 1.0610 180 120 60
4.3125 -23.5000 3.3230 220 50 50
0.1250 -5.0000 1.0910 180 120 60
-14.9375 16.5000 0.1410 180 120 60
-12.1250 23.5000 0.2970 128 128 128
-21.8125 -1.5000 0.1600 30 144 255
6.5625 -2.5000 4.1360 220 50 50
-3.2500 -12.0000 4.3090 220 50 50
-15.1875 -22.5000 1.3230 180 120 60
22.8125 -20.5000 0.9720 180 120 60
-2.3125 5.5000 5.6840 220 50 50
22.7500 11.5000 0.1380 30 144 255
-21.1875 19.0000 1.1570 180 120 60
17.9375 3.5000 2.0880 128 128 128
-21.1250 -21.5000 1.0690 180 120 60
-15.3750 -21.5000 1.1320 180 120 60
-17.8750 -11.0000 3.8190 220 50 50
-1.0625 -15.0000 6.6670 220 50 50
10.1250 1.0000 4.4450 220 50 50
23.1875 -1.5000 1.0350 180 120 60
16.1250 24.0000 0.8780 128 128 128
-18.1250 10.0000 2.0710 255 165 0
3.0000 12.5000 2.2400 128 128 128
21.2500 -1.5000 1.0850 180 120 60
-21.1875 -13.0000 0.2950 128 128 128
-5.9375 -3.5000 1.1260 180 120 60
25.1250 4.5000 1.1330 180 120 60
13.8125 18.0000 0.1310 30 144 255
8.3125 8.5000 1.2980 128 128 128
8.5000 10.5000 2.9650 128 128 128
-20.6250 -23.5000 0.1440 30 144 255
-14.5000 2.5000 1.4220 180 120 60
3.3750 13.5000 4.7040 128 128 128
16.0000 -7.5000 4.2940 220 50 50
10.4375 18.5000 0.6820 180 120 60
-4.4375 10.5000 6.3410 220 50 50
9.2500 -20.5000 4.9710 220 50 50
3.0000 12.0000 1.3170 180 120 60
13.8750 4.0000 1.1380 180 120 60
-19.0000 -17.5000 1.1160 180 120 60
-8.3750 -10.0000 5.1480 220 50 50
11.1250 -17.0000 0.9950 180 120 60
-2.8125 -2.0000 1.1540 180 120 60
-10.2500 -10.0000 5.3950 220 50 50
-12.2500 -5.5000 3.1750 128 128 128
-15.4375 -6.5000 1.2960 180 120 60
-21.3125 -13.5000 0.5890 128 128 128
-19.1875 15.5000 0.1610 180 120 60
12.5000 22.0000 0.5820 180 120 60
11.6875 2.5000 4.1320 220 50 50
16.5625 -2.0000 4.2040 220 50 50
19.5625 -23.0000 0.9440 180 120 60
-23.6875 18.0000 1.9470 180 120 60
-17.0625 21.5000 0.1800 180 120 60
11.5000 -14.0000 0.9740 180 120 60
-7.0000 13.0000 1.7090 128 128 128
-10.4375 12.0000 1.1010 180 120 60
-16.6875 -10.5000 4.0070 220 50 50
-21.6250 17.5000 1.7640 180 120 60
-0.8125 23.0000 0.1350 180 120 60
-11.1875 -7.0000 5.0590 220 50 50
8.1875 -18.5000 1.3620 128 128 128
-11.5625 -2.5000 1.0520 180 120 60
-2.1875 -17.0000 7.0970 220 50 50
15.0625 17.0000 0.1150 30 144 255
-0.2500 14.5000 1.2750 180 120 60
-18.0625 12.0000 2.0910 255 165 0
23.8750 -9.0000 1.9000 128 128 128
-12.1875 18.5000 0.1420 180 120 60
7.6250 -17.5000 1.1650 128 128 128
-22.3125 -17.0000 1.0550 128 128 128
5.4375 -18.5000 3.8990 220 50 50
22.5625 -23.5000 0.9140 180 120 60
-9.3125 -0.5000 1.1560 180 120 60
-20.4375 -23.0000 1.9250 128 128 128
25.5625 -9.0000 4.1340 220 50 50
6.3125 14.0000 1.1870 180 120 60
9.2500 2.5000 4.3110 220 50 50
-12.1250 5.5000 1.6260 180 120 60
-9.5625 8.0000 1.4550 180 120 60
-23.7500 -14.5000 0.1550 30 144 255
-1.7500 -5.5000 1.0840 180 120 60
0.6250 -18.5000 7.0310 220 50 50
11.3125 4.0000 4.0580 220 50 50
-4.1875 4.0000 5.0930 220 50 50
20.7500 9.0000 0.9550 180 120 60
12.6250 -19.5000 0.9940 180 120 60
20.1875 19.0000 0.1490 128 128 128
10.3125 -8.5000 1.1020 180 120 60
18.3125 18.0000 0.1710 128 128 128
-7.5000 26.0000 0.1240 180 120 60
18.6250 -22.0000 0.9120 180 120 60
4.0000 11.0000 5.2800 128 128 128
23.6250 -9.5000 1.9770 220 50 50
-16.3750 14.0000 0.0990 180 120 60
18.0000 -21.0000 0.9380 180 120 60
-8.3750 18.0000 0.2350 180 120 60
-21.8125 -20.0000 1.7800 128 128 128
6.8125 -17.5000 1.0980 180 120 60
-17.9375 7.5000 0.1490 30 144 255
13.3125 23.0000 0.5500 180 120 60
-11.0625 2.0000 1.2820 180 120 60
20.0625 22.5000 0.1450 30 144 255
-21.1250 21.5000 1.2300 180 120 60
-13.0000 -10.0000 5.7480 220 50 50
13.1875 14.5000 1.1490 128 128 128
19.7500 7.5000 1.1460 180 120 60
-6.5625 9.5000 5.8300 220 50 50
18.0000 1.5000 1.1250 180 120 60
-4.1250 -16.5000 5.2840 220 50 50
-19.5625 24.5000 5.0390 220 50 50
-2.2500 2.5000 5.1050 220 50 50
-0.6250 -3.0000 1.1370 180 120 60
18.1250 15.0000 1.0380 180 120 60
-0.4375 -21.5000 5.7660 220 50 50
22.1250 4.0000 1.0130 180 120 60
-12.6875 14.5000 0.1580 180 120 60
23.1875 -6.0000 1.1070 180 120 60
21.5625 -17.5000 1.0560 180 120 60
6.7500 -14.5000 1.0650 180 120 60
-6.1250 24.0000 0.1250 180 120 60
7.1250 19.5000 0.9580 180 120 60
9.0625 17.5000 1.2260 180 120 60
-2.6875 12.0000 5.7050 220 50 50
-10.7500 12.5000 0.9290 180 120 60
16.3750 -3.0000 4.2870 220 50 50
4.2500 -2.0000 4.0180 220 50 50
24.6875 -12.0000 4.5110 220 50 50
-0.7500 25.5000 0.1460 180 120 60
7.0625 6.0000 4.2060 220 50 50
21.1250 -23.5000 0.9270 180 120 60
20.4375 17.0000 1.0200 180 120 60
-20.3750 11.5000 2.1310 255 165 0
2.0625 16.0000 4.5990 128 128 128
-15.3125 23.5000 5.2270 128 128 128
-21.6250 17.5000 3.0060 128 128 128
19.6875 -10.5000 1.0680 180 120 60
-9.7500 9.0000 2.5400 128 128 128
-0.6250 3.5000 5.5180 220 50 50
-18.6875 23.5000 0.9950 180 120 60
23.6250 19.5000 1.0100 180 120 60
1.5625 13.5000 4.7360 128 128 128
-22.1250 3.5000 0.1370 30 144 255
-9.6875 18.0000 0.1370 180 120 60
-6.1250 21.5000 0.1720 180 120 60
21.1250 4.0000 1.0140 180 120 60
-12.0625 -16.0000 5.3790 220 50 50
-10.7500 21.5000 0.1510 180 120 60
-11.1250 -10.0000 5.5230 220 50 50
-19.3750 -17.5000 1.0910 180 120 60
-2.4375 -10.5000 1.1120 180 120 60
19.3125 0.5000 1.1190 180 120 60
16.1875 -14.0000 1.0870 180 120 60
16.1250 25.5000 0.9890 128 128 128
0.9375 16.0000 4.5930 128 128 128
-2.5625 -21.5000 5.6130 220 50 50
-19.3750 -5.5000 0.1470 30 144 255
-11.1875 19.0000 0.2010 180 120 60
-2.9375 -14.0000 4.4900 220 50 50
21.9375 -1.0000 1.0330 180 120 60
-17.0000 11.0000 2.0840 255 165 0
-8.8125 5.0000 1.4090 180 120 60
9.3750 15.5000 1.2040 180 120 60
25.3750 -19.0000 5.7760 220 50 50
-20.5625 -21.0000 1.0470 180 120 60
-9.5000 -5.0000 1.0520 180 120 60
4.4375 6.0000 5.7900 220 50 50
23.6250 9.0000 0.1390 30 144 255
7.8750 8.0000 2.1780 128 128 128
6.4375 -22.5000 3.3790 220 50 50
-24.1250 23.5000 1.5180 180 120 60
-3.7500 -24.0000 5.3890 220 50 50
-9.4375 -18.5000 4.2640 220 50 50
-22.1875 -4.5000 0.1380 30 144 255
0.5000 1.0000 5.1800 220 50 50
-5.4375 11.0000 6.2810 220 50 50
13.5625 17.5000 5.5190 128 128 128
12.1875 6.5000 1.0790 180 120 60
-10.0000 3.5000 1.3880 180 120 60
6.2500 -22.5000 3.3870 220 50 50
10.7500 -7.0000 3.9530 220 50 50
2.2500 -5.0000 1.1200 180 120 60
11.5000 -6.5000 4.0660 220 50 50
-6.4375 -7.5000 1.0950 180 120 60
-1.3125 -7.0000 1.0930 180 120 60
6.5000 13.0000 1.1580 180 120 60
-6.1250 -20.0000 4.2180 220 50 50
-21.6875 21.5000 1.3460 180 120 60
0.1250 16.0000 2.0030 128 128 128
-8.8750 0.0000 1.1800 180 120 60
-20.1875 -19.5000 1.0700 180 120 60
-6.5000 10.5000 1.4280 180 120 60
-9.8125 17.5000 0.2460 180 120 60
10.6250 -21.0000 1.0430 180 120 60
-20.7500 -4.0000 0.1520 30 144 255
19.3750 -1.0000 2.0000 128 128 128
-14.8750 -0.5000 1.0690 180 120 60
-19.6250 19.5000 1.0800 34 139 34
-1.0000 18.0000 2.2920 128 128 128
19.8750 -6.0000 4.3150 220 50 50
-7.5625 -12.5000 3.7890 220 50 50
14.6875 22.5000 0.5350 128 128 128
20.0000 -18.0000 1.0000 180 120 60
10.5625 20.0000 0.6250 180 120 60
15.5000 26.0000 0.4940 128 128 128
6.6250 -4.5000 3.9090 220 50 50
20.8750 -11.0000 3.5700 220 50 50
6.1875 15.5000 5.5560 128 128 128
-6.3750 -22.5000 5.3920 220 50 50
14.5000 -11.0000 3.8710 220 50 50
9.8750 -11.0000 1.0530 180 120 60
-6.3125 -18.5000 5.2760 220 50 50
4.8750 -8.5000 1.0640 180 120 60
-11.2500 -10.0000 5.5520 220 50 50
16.3750 23.5000 0.8570 128 128 128
-0.5625 7.0000 6.3390 220 50 50
-20.9375 17.5000 1.7180 128 128 128
21.0625 -3.0000 3.9910 220 50 50
18.7500 -5.0000 4.2480 220 50 50
-4.2500 -8.0000 1.0840 180 120 60
-2.8750 15.0000 1.4000 180 120 60
10.3125 15.0000 5.5320 128 128 128
17.3125 -3.5000 4.2370 220 50 50
-8.1875 -16.0000 4.3800 220 50 50
11.9375 25.5000 0.2570 128 128 128
-14.8125 -1.5000 1.0490 180 120 60
10.3750 7.5000 1.1180 180 120 60
12.5625 25.5000 1.3300 128 128 128
13.1250 0.0000 4.2800 220 50 50
10.6875 22.0000 1.1780 128 128 128
-9.0625 14.5000 1.0820 180 120 60
-3.0000 7.0000 5.8670 220 50 50
-11.0625 -19.5000 4.1980 220 50 50
-8.5000 11.0000 1.3880 180 120 60
17.6875 -3.5000 4.1970 220 50 50
2.7500 11.0000 5.0470 220 50 50
10.8750 8.0000 1.0920 180 120 60
10.7500 -21.5000 4.9360 220 50 50
-19.8125 8.0000 0.1410 30 144 255
-4.5000 5.5000 5.3140 220 50 50
1.3750 22.0000 1.1580 180 120 60
-12.2500 -3.0000 1.0580 180 120 60
4.8750 -22.5000 3.5310 220 50 50
-23.9375 17.0000 1.9740 180 120 60
-22.0000 -19.5000 1.7870 128 128 128
23.3750 -1.5000 1.0230 180 120 60
10.0625 -4.0000 4.2700 220 50 50
13.5000 -4.5000 4.5260 220 50 50
24.2500 -10.5000 4.4000 220 50 50
14.6875 9.0000 0.9690 180 120 60
3.5000 16.0000 2.1610 128 128 128
-17.6875 -22.0000 4.8310 128 128 128
13.3125 -20.0000 1.0010 180 120 60
-12.0000 -15.5000 5.4340 220 50 50
21.1875 -20.5000 0.9420 180 120 60
19.3125 -11.5000 1.1010 180 120 60
-13.2500 -4.0000 1.1020 180 120 60
-20.3125 -20.5000 1.0490 180 120 60
1.2500 3.0000 5.7770 220 50 50
6.4375 10.0000 3.4860 128 128 128
-9.1250 -5.5000 1.0740 180 120 60
-16.6250 11.5000 2.0480 255 165 0
6.3125 -21.0000 3.6760 220 50 50
3.6250 10.5000 4.9120 220 50 50
-7.2500 -9.0000 2.2030 220 50 50
15.6250 -16.0000 0.9680 180 120 60
8.1250 -0.5000 4.4850 220 50 50
-15.7500 24.0000 0.6520 34 139 34
5.5000 24.5000 0.1530 180 120 60
-8.2500 -10.5000 5.2530 220 50 50
14.3125 2.5000 2.2900 220 50 50
12.6250 -11.0000 3.6730 128 128 128
7.5625 6.5000 4.0920 220 50 50
20.4375 -18.5000 0.9440 180 120 60
15.4375 19.0000 0.1700 128 128 128
23.1250 6.5000 1.1220 180 120 60
0.5625 -5.5000 1.0740 180 120 60
19.5000 9.0000 1.1000 180 120 60
2.8125 22.5000 0.7660 180 120 60
-16.4375 22.5000 0.1460 180 120 60
-11.8125 -19.0000 3.5620 220 50 50
14.4375 24.0000 0.6650 180 120 60
3.4375 8.5000 5.5080 220 50 50
-17.7500 -15.5000 2.4320 128 128 128
18.6875 -1.5000 3.9890 220 50 50
3.2500 -5.0000 3.0570 128 128 128
0.7500 -20.0000 7.3040 220 50 50
-3.6250 18.0000 1.1660 180 120 60
1.0000 18.0000 4.5250 128 128 128
-17.1250 0.5000 1.4990 128 128 128
-21.6875 4.0000 0.1210 30 144 255
7.3750 3.0000 4.4010 220 50 50
-10.7500 -6.5000 4.9600 220 50 50
-6.9375 13.0000 1.4660 180 120 60
24.3125 4.5000 1.0780 180 120 60
-9.4375 5.0000 1.4330 180 120 60
3.6250 8.0000 5.5970 220 50 50
-6.8750 6.0000 5.0620 220 50 50
13.1875 -23.0000 3.1870 220 50 50
-14.0625 -23.5000 1.2990 180 120 60
12.9375 23.0000 0.6230 180 120 60
-6.8125 -12.0000 3.7120 220 50 50
-23.0625 -23.0000 1.0700 128 128 128
18.1875 -13.0000 1.0750 180 120 60
12.2500 14.0000 1.1780 180 120 60
-8.8750 21.0000 0.1690 180 120 60
12.1250 19.5000 0.6220 128 128 128
-16.6875 22.0000 0.1920 128 128 128
-16.6250 23.0000 0.8570 180 120 60
-22.6875 22.0000 1.5290 180 120 60
15.4375 12.0000 1.1210 180 120 60
-12.0000 20.0000 0.1540 180 120 60
-0.5625 1.5000 5.1260 220 50 50
-13.4375 10.0000 3.0650 128 128 128
21.4375 -2.5000 1.0930 180 120 60
14.6875 7.5000 0.9550 180 120 60
19.1250 -12.5000 1.1460 180 120 60
-15.5625 8.5000 2.0200 255 165 0
-24.2500 14.5000 2.9870 128 128 128
3.6250 11.0000 1.2850 128 128 128
-23.6250 19.0000 1.9240 180 120 60
4.0625 -2.0000 3.9890 220 50 50
9.9375 9.0000 1.1210 180 120 60
-8.8750 20.0000 0.1440 180 120 60
1.8125 5.5000 6.4170 220 50 50
16.8125 3.5000 1.1260 180 120 60
-23.2500 5.0000 0.1510 30 144 255
-22.2500 -4.5000 0.1640 30 144 255
-11.9375 20.5000 0.1680 180 120 60
5.1250 12.0000 5.1720 128 128 128
13.6250 6.0000 1.0540 180 120 60
-2.5625 -15.0000 5.1890 220 50 50
10.6875 14.5000 2.4450 128 128 128
5.0000 15.0000 2.0220 128 128 128
8.1250 -18.0000 1.1880 128 128 128
-22.5000 5.5000 0.1380 30 144 255
-23.8125 14.5000 2.1520 255 165 0
18.2500 -12.5000 1.1400 180 120 60
13.9375 -1.0000 4.3010 220 50 50
-18.7500 -12.5000 1.1560 180 120 60
-3.8125 22.0000 0.1170 180 120 60
-20.6875 -23.0000 1.7230 128 128 128
-22.5000 -18.5000 0.9060 128 128 128
18.4375 -6.0000 4.4680 220 50 50
-18.8125 -22.5000 1.0470 180 120 60
-20.9375 7.0000 0.1230 30 144 255
-7.1250 0.5000 1.2100 180 120 60
5.4375 2.0000 4.6360 220 50 50
-4.6250 -20.5000 5.6580 220 50 50
-7.5625 23.0000 0.1550 180 120 60
19.0000 -6.5000 4.4780 220 50 50
-11.7500 25.5000 0.1190 180 120 60
24.5625 -6.0000 1.1180 180 120 60
11.6875 25.0000 0.3150 128 128 128
21.5000 6.0000 1.0960 180 120 60
4.5000 -15.5000 2.8460 128 128 128
-7.6250 -9.0000 1.2320 180 120 60
7.0000 15.5000 1.2870 180 120 60
-18.5000 5.0000 0.1610 30 144 255
4.3125 17.0000 4.6770 128 128 128
25.2500 -9.0000 4.1780 220 50 50
14.3750 16.0000 0.2040 128 128 128
-7.6875 -16.5000 4.2310 220 50 50
8.7500 -19.0000 1.9410 128 128 128
6.1875 15.5000 1.2700 180 120 60
19.5000 -18.0000 0.9540 180 120 60
9.0625 1.0000 4.5230 220 50 50
-14.4375 25.5000 0.1570 180 120 60
18.6875 5.5000 1.1100 180 120 60
14.6250 13.0000 1.1400 180 120 60
16.7500 7.5000 1.3420 128 128 128
10.1875 -3.5000 4.3510 220 50 50
-20.0000 -15.0000 2.9290 128 128 128
12.6250 2.0000 4.1290 220 50 50
-15.0625 17.0000 0.1280 180 120 60
-21.6875 19.5000 1.2090 180 120 60
-11.6250 14.5000 0.1450 180 120 60
21.3750 -14.0000 4.1150 220 50 50
-14.7500 0.5000 1.1570 180 120 60
-11.2500 19.0000 0.1350 180 120 60
-4.2500 21.5000 0.1830 180 120 60
-20.2500 16.0000 3.0040 128 128 128
23.5625 -17.5000 5.1080 220 50 50
-16.1250 -15.5000 5.0320 220 50 50
24.1250 -4.0000 1.0980 180 120 60
19.1875 -3.5000 4.0980 220 50 50
21.8125 18.0000 0.9750 180 120 60
5.6250 17.5000 3.2290 128 128 128
-19.6250 8.5000 0.1340 30 144 255
6.0000 17.0000 3.1850 128 128 128
3.0000 20.0000 1.2000 180 120 60
22.4375 10.0000 0.1550 30 144 255
11.7500 -9.0000 1.2570 220 50 50
-4.1875 -17.0000 5.2080 220 50 50
-7.5625 9.0000 2.1260 128 128 128
2.0000 -4.0000 3.0780 128 128 128
-15.8125 13.5000 0.1500 180 120 60
25.1250 -21.5000 0.9630 180 120 60
-6.8750 13.0000 1.7210 128 128 128
9.0000 -11.5000 1.0380 180 120 60
22.7500 7.5000 0.9660 180 120 60
-7.7500 17.5000 0.8410 180 120 60
16.1875 22.5000 0.5040 128 128 128
-16.5625 -19.0000 1.1560 180 120 60
0.5625 6.0000 6.2660 220 50 50
24.8125 -2.5000 1.0780 180 120 60
-10.7500 -14.0000 5.8410 220 50 50
17.8750 -22.5000 0.9470 180 120 60
19.0000 11.0000 0.6520 180 120 60
20.3750 -7.5000 1.1100 180 120 60
5.2500 5.5000 4.3840 220 50 50
-12.9375 2.0000 1.2980 180 120 60
-12.5000 2.0000 1.3070 180 120 60
3.0625 -18.0000 4.0640 220 50 50
11.3750 -22.5000 5.0700 220 50 50
1.8125 13.5000 2.2990 128 128 128
-18.5625 -18.5000 1.0920 180 120 60
24.0625 -8.5000 1.2070 180 120 60
-2.3750 -18.5000 5.9440 220 50 50
-1.7500 -6.5000 1.0920 180 120 60
11.2500 5.5000 1.1290 180 120 60
-21.1875 9.5000 0.1380 30 144 255
-24.0625 7.0000 0.1240 30 144 255
-17.3750 -22.5000 1.0750 180 120 60
-7.3125 2.5000 1.2990 180 120 60
12.6250 22.5000 0.5530 180 120 60
-6.5625 -6.0000 1.0530 180 120 60
22.1875 7.5000 1.0690 180 120 60
-11.3750 19.5000 0.1510 180 120 60
-22.1875 -22.0000 1.7680 128 128 128
-13.7500 -11.5000 5.9080 220 50 50
-15.2500 17.5000 0.1430 180 120 60
-13.6875 24.5000 0.1580 180 120 60
6.2500 7.5000 4.0860 220 50 50
-16.6250 14.0000 0.1750 180 120 60
4.0000 12.5000 1.2280 180 120 60
16.6875 0.0000 4.0170 220 50 50
-17.1875 -4.5000 0.9140 180 120 60
-2.0625 -21.0000 5.6990 220 50 50
10.1875 14.0000 1.2150 180 120 60
-10.5625 -17.0000 3.4130 220 50 50
9.5000 17.5000 4.9800 128 128 128
-17.9375 -10.0000 3.7980 220 50 50
-1.6250 -10.0000 1.0770 180 120 60
2.1250 6.5000 6.1280 220 50 50
-9.8125 14.5000 0.8850 180 120 60
24.8750 -24.0000 0.9100 180 120 60
1.4375 -11.5000 1.1010 180 120 60
-0.7500 -15.5000 6.6840 220 50 50
-9.0000 -1.0000 1.1670 180 120 60
11.5000 -0.5000 4.5110 220 50 50
-5.0000 9.0000 6.0180 220 50 50
-22.1250 24.5000 4.7320 220 50 50
13.3125 25.5000 1.0040 128 128 128
-12.1875 5.0000 1.5760 180 120 60
-13.6875 14.5000 0.1370 180 120 60
1.6250 -5.5000 1.1180 180 120 60
8.8750 11.5000 1.2430 180 120 60
-6.3125 16.0000 1.1840 180 120 60
-0.1250 10.5000 5.6190 220 50 50
-2.6875 -15.0000 5.3410 220 50 50
21.0625 -14.5000 4.1430 220 50 50
12.8125 20.5000 1.5250 128 128 128
-1.6875 15.0000 1.5570 128 128 128
-20.6250 20.0000 1.1370 180 120 60
-20.5000 -2.0000 0.1540 30 144 255
2.6875 -0.5000 4.0840 220 50 50
3.1250 -13.0000 1.1070 180 120 60
24.4375 -13.0000 4.5810 220 50 50
-11.3125 24.5000 0.1410 180 120 60
1.2500 -19.0000 7.0460 220 50 50
15.0000 9.0000 0.9800 180 120 60
9.3125 6.5000 1.2600 180 120 60
-11.7500 -10.5000 5.7060 220 50 50
8.8125 18.5000 0.9020 180 120 60
4.0625 14.5000 4.7050 128 128 128
-4.3125 -14.0000 5.4280 220 50 50
-0.6875 6.5000 6.1570 220 50 50
11.8750 -1.0000 4.4780 220 50 50
-2.3125 17.0000 2.2500 128 128 128
22.2500 -10.0000 1.3960 128 128 128
-21.6875 -22.5000 1.0140 180 120 60
13.1250 26.0000 1.2290 128 128 128
1.1875 25.5000 0.0940 180 120 60
-16.6875 23.0000 5.2120 128 128 128
18.5625 12.5000 0.3140 180 120 60
-7.0625 12.5000 1.7330 128 128 128
14.4375 19.5000 0.1310 30 144 255
2.5000 22.5000 2.0030 128 128 128
-19.3750 -11.5000 0.3310 180 120 60
14.4375 15.5000 0.2000 180 120 60
-2.3125 2.5000 5.0640 220 50 50
6.8125 -23.0000 5.7120 220 50 50
20.5625 -16.5000 1.0370 180 120 60
-5.8750 5.0000 1.3510 180 120 60
-23.7500 13.0000 0.3530 128 128 128
-5.0000 -18.0000 4.6920 220 50 50
8.8750 -9.0000 1.1110 180 120 60
-5.1875 1.0000 1.2250 180 120 60
-14.5625 -10.5000 4.3550 220 50 50
-4.6875 1.5000 1.2420 180 120 60
-15.4375 -20.5000 1.1380 180 120 60
14.3750 13.5000 1.1030 180 120 60
-18.5000 8.0000 0.1730 30 144 255
-5.1875 -0.5000 1.1800 180 120 60
-11.1250 -21.5000 4.2560 220 50 50
20.9375 -18.5000 1.0160 180 120 60
20.5000 17.5000 0.9970 180 120 60
10.5000 5.5000 2.0170 220 50 50
-9.1875 23.0000 0.1610 180 120 60
-7.5625 8.0000 1.6300 128 128 128
18.1250 16.0000 0.4700 128 128 128
22.5625 -6.0000 1.1130 180 120 60
11.1250 -18.5000 1.0040 180 120 60
-16.3750 -1.0000 1.4310 128 128 128
-10.3750 10.0000 2.5380 128 128 128
-16.8750 -22.0000 1.1030 180 120 60
-14.9375 -9.5000 4.2200 220 50 50
10.6875 4.0000 4.0470 220 50 50
25.3125 -3.0000 1.0940 180 120 60
11.5000 -2.0000 4.6520 220 50 50
13.3750 -22.5000 3.3720 128 128 128
2.8750 2.0000 4.3720 220 50 50
-20.5000 22.5000 4.5870 220 50 50
-21.7500 -5.5000 0.1370 30 144 255
-11.0000 -5.5000 1.1070 180 120 60
19.2500 9.0000 1.0860 180 120 60
-1.0625 23.5000 0.1610 180 120 60
12.6250 -9.5000 3.8330 220 50 50
10.6250 -9.0000 1.1140 180 120 60
-11.3750 7.0000 1.6450 180 120 60
16.3125 -9.5000 4.1100 220 50 50
-13.8125 9.5000 3.0060 128 128 128
17.9375 7.0000 1.4900 128 128 128
-7.0000 -8.0000 1.0920 180 120 60
-14.8750 13.0000 0.1540 180 120 60
24.3125 -19.5000 1.0030 180 120 60
-19.8125 2.5000 0.1410 30 144 255
3.9375 14.0000 4.6840 128 128 128
25.4375 -18.0000 5.6400 220 50 50
8.0625 7.0000 4.0290 220 50 50
6.0000 6.0000 4.2680 220 50 50
11.1875 -11.5000 1.0700 180 120 60
14.6875 20.5000 0.4850 128 128 128
23.5000 -6.0000 1.1080 180 120 60
-6.1250 -7.5000 1.2330 128 128 128
-8.5625 -9.5000 5.1170 220 50 50
24.5625 4.0000 1.0820 180 120 60
-0.8125 -11.5000 4.0880 220 50 50
-13.3125 10.0000 1.6270 180 120 60
-3.5000 -7.0000 1.0920 180 120 60
4.0000 23.0000 0.3720 180 120 60
20.1875 -6.5000 4.3840 220 50 50
25.1250 -24.0000 0.9200 180 120 60
19.3750 16.5000 1.0380 180 120 60
14.6250 -10.0000 3.9330 220 50 50
20.0000 -13.0000 3.6720 220 50 50
12.1875 15.0000 1.1830 180 120 60
-1.1250 -20.5000 5.8190 220 50 50
-4.1875 17.0000 1.1950 180 120 60
-14.8125 16.0000 0.1560 180 120 60
22.1875 -16.0000 4.6680 220 50 50
-8.5000 -6.0000 1.0630 180 120 60
1.0625 15.5000 4.5940 128 128 128
-23.8750 -6.5000 0.1640 30 144 255
21.5000 -23.5000 0.9020 180 120 60
17.7500 6.0000 1.6260 128 128 128
-18.9375 -21.0000 1.0720 180 120 60
-12.9375 -20.0000 1.1500 180 120 60
-15.0000 -20.0000 1.1700 180 120 60
8.4375 -12.5000 1.0090 180 120 60
20.3750 15.0000 0.9200 180 120 60
11.8750 18.5000 0.6410 128 128 128
17.3750 23.5000 0.1110 128 128 128
11.6250 12.5000 1.1090 180 120 60
4.5000 6.0000 5.8550 220 50 50
-5.3125 -5.0000 1.0830 180 120 60
-23.5000 4.0000 0.1510 30 144 255
22.6250 7.5000 0.8420 180 120 60
18.6250 2.0000 1.0970 180 120 60
1.8125 3.5000 5.9780 220 50 50
-19.4375 -20.0000 2.8230 128 128 128
20.4375 19.0000 0.1530 128 128 128
-5.6250 5.5000 5.2120 220 50 50
-11.3750 21.5000 0.0990 180 120 60
11.6875 -2.5000 4.5900 220 50 50
-3.5000 8.5000 6.1610 220 50 50
4.5000 16.5000 1.8050 128 128 128
-2.3125 -7.0000 1.0850 180 120 60
21.9375 -11.0000 3.7920 220 50 50
19.7500 14.0000 1.0460 180 120 60
-18.3750 -8.0000 0.6920 180 120 60
-2.7500 -21.0000 5.6780 220 50 50
-21.5000 3.5000 0.1670 30 144 255
-8.0000 1.5000 1.2230 180 120 60
-18.0000 -14.5000 2.4490 128 128 128
-4.6875 21.0000 0.1580 180 120 60
19.3125 4.5000 1.8460 128 128 128
21.5625 19.0000 0.9550 180 120 60
-9.5625 5.5000 1.4460 180 120 60
8.2500 23.0000 0.1390 180 120 60
8.6250 -20.0000 4.9450 220 50 50
12.8750 24.5000 5.3870 128 128 128
6.4375 -9.0000 1.0670 180 120 60
-6.5000 15.0000 1.2050 180 120 60
-23.3750 18.0000 1.9400 180 120 60
-19.0000 8.5000 2.1730 255 165 0
-8.7500 -22.5000 5.0210 220 50 50
21.3750 -3.0000 3.9850 220 50 50
0.2500 -17.0000 6.8090 220 50 50
-7.9375 -21.5000 5.2260 220 50 50
-3.4375 16.0000 1.9940 128 128 128
-20.1250 12.0000 2.0840 255 165 0
15.9375 -7.5000 4.3110 220 50 50
-1.7500 13.5000 5.2770 220 50 50
24.1250 -11.5000 4.4550 220 50 50
-17.9375 -16.0000 1.1530 180 120 60
-7.2500 13.5000 1.2960 180 120 60
11.8750 -15.5000 0.9990 180 120 60
22.5625 -23.0000 0.9220 180 120 60
-23.0000 16.5000 1.9700 255 165 0
-10.1875 19.0000 0.1500 180 120 60
7.2500 -5.5000 3.8840 220 50 50
22.3750 -14.0000 4.3350 220 50 50
14.1250 4.5000 1.1290 180 120 60
-23.9375 -9.0000 0.1460 30 144 255
6.4375 2.0000 4.6370 220 50 50
-11.4375 22.5000 0.1180 180 120 60
-22.9375 -10.5000 0.1320 30 144 255
-6.5000 -9.0000 2.8710 220 50 50
18.5000 -3.0000 4.0980 220 50 50
-19.3125 -15.0000 2.8910 128 128 128
0.1250 -5.0000 1.0990 180 120 60
6.3750 18.0000 3.2180 128 128 128
13.3750 -14.0000 1.0350 180 120 60
11.1250 -19.0000 1.0070 180 120 60
-9.3750 -23.5000 4.2370 220 50 50
9.6250 1.0000 4.4590 220 50 50
-20.4375 -18.5000 1.0700 180 120 60
21.8125 1.5000 0.9510 180 120 60
4.4375 12.0000 1.2310 180 120 60
22.6875 -9.5000 1.2700 128 128 128
19.1875 11.5000 0.3400 180 120 60
-10.0625 15.5000 0.2280 180 120 60
-20.1250 -21.5000 2.3750 128 128 128
11.8125 -14.0000 0.9870 180 120 60
-19.1875 9.5000 3.0610 128 128 128
-18.2500 23.0000 0.9220 180 120 60
19.4375 -19.0000 0.9680 180 120 60
3.6250 12.5000 2.0870 128 128 128
-1.0000 20.5000 1.1710 180 120 60
-16.3750 1.0000 1.7810 128 128 128
2.1250 22.5000 1.9040 128 128 128
3.5625 -23.0000 3.5310 220 50 50
-6.4375 7.5000 5.4710 220 50 50
-15.9375 -7.5000 1.1580 180 120 60
5.0625 2.5000 4.6040 220 50 50
-7.3750 -7.0000 1.0860 180 120 60
-20.8125 -20.5000 1.0460 180 120 60
18.6250 -9.0000 3.1910 128 128 128
14.3750 9.5000 0.9870 180 120 60
3.6875 -5.0000 3.0670 128 128 128
6.5625 -21.0000 3.6750 220 50 50
2.1875 -23.0000 3.5960 220 50 50
-12.5625 14.0000 0.1380 180 120 60
10.5625 -2.5000 4.4780 220 50 50
19.4375 -11.0000 1.0860 180 120 60
15.1250 2.5000 1.2250 128 128 128
4.6875 13.0000 1.2080 180 120 60
-15.4375 -15.5000 5.1220 220 50 50
19.4375 -7.0000 4.4210 220 50 50
-13.3750 -21.0000 1.4710 128 128 128
7.5000 -20.0000 3.7950 220 50 50
13.8125 -11.0000 3.6790 128 128 128
-22.8125 -5.5000 0.1230 30 144 255
3.2500 8.0000 5.6520 220 50 50
-4.2500 20.5000 0.5670 180 120 60
12.7500 4.0000 2.1130 128 128 128
18.8125 9.5000 1.0880 180 120 60
-13.8750 21.0000 0.1340 180 120 60
10.8750 14.5000 2.4140 128 128 128
-17.6250 24.0000 0.9480 180 120 60
10.5000 -2.5000 4.5120 220 50 50
-20.3125 -12.5000 0.2450 128 128 128
-21.7500 -16.5000 1.0460 128 128 128
-7.3750 18.5000 0.2350 180 120 60
-21.6875 -21.0000 1.0370 180 120 60
-1.1875 4.5000 5.6380 220 50 50
14.5625 20.0000 0.3210 128 128 128
17.4375 11.0000 1.1180 180 120 60
0.0625 14.0000 5.3360 128 128 128
-2.7500 -12.0000 4.2580 220 50 50
12.8125 -1.0000 4.4500 220 50 50
20.4375 -14.0000 4.0770 220 50 50
-2.4375 -5.0000 1.0810 180 120 60
-20.0625 -14.5000 0.2170 180 120 60
-1.1250 -2.5000 1.1580 180 120 60
-12.3750 16.5000 0.1560 180 120 60
20.3750 -19.0000 0.9690 180 120 60
22.2500 -8.5000 1.0950 180 120 60
-22.1250 -9.5000 0.0940 30 144 255
-18.8750 -21.0000 2.7350 128 128 128
11.3750 7.0000 1.1120 180 120 60
-0.1875 -6.0000 1.0680 180 120 60
-5.3125 -14.0000 4.2220 220 50 50
3.6875 -11.5000 1.0820 180 120 60
-21.1875 -4.5000 0.1370 30 144 255
-19.7500 -11.5000 0.1940 180 120 60
20.6875 -6.0000 4.2850 220 50 50
15.4375 8.0000 0.9250 180 120 60
11.8125 19.0000 5.4400 128 128 128
6.8125 1.0000 4.5260 220 50 50
12.4375 -19.0000 0.9790 180 120 60
1.0625 -17.0000 6.7560 220 50 50
-15.6250 -8.5000 1.1910 180 120 60
6.3750 18.0000 1.3840 128 128 128
21.1250 -13.0000 3.9250 220 50 50
-16.1250 -20.5000 1.1220 180 120 60
-5.6250 17.0000 1.2150 180 120 60
25.5000 -1.0000 1.0520 180 120 60
2.6250 -5.0000 1.1080 180 120 60
-19.8125 20.0000 1.1120 180 120 60
-10.1875 -21.0000 4.3600 220 50 50
-19.1875 19.0000 0.1540 180 120 60
6.4375 -3.0000 4.0500 220 50 50
18.6875 -14.0000 1.0790 180 120 60
-17.0000 -3.0000 0.8590 180 120 60
-18.6875 5.0000 0.1320 30 144 255
21.6250 -10.0000 3.5230 220 50 50
6.6250 -5.5000 1.5380 128 128 128
5.8750 14.5000 1.1570 180 120 60
6.0625 15.0000 1.1190 180 120 60
8.6875 -8.0000 1.1100 180 120 60
11.6250 23.5000 1.2010 128 128 128
-14.6875 25.0000 0.1540 180 120 60
19.0000 -0.5000 2.0200 128 128 128
0.0000 -17.0000 6.8460 220 50 50
3.7500 17.5000 1.3310 180 120 60
12.6250 3.0000 4.0130 220 50 50
22.2500 13.0000 0.1390 30 144 255
-20.6250 -18.0000 1.0580 180 120 60
-14.8125 -11.5000 4.4090 220 50 50
11.4375 -2.5000 4.5890 220 50 50
8.5000 9.0000 2.0810 128 128 128
10.3750 7.0000 1.1530 180 120 60
-2.9375 18.0000 1.2420 180 120 60
20.2500 17.5000 1.0020 180 120 60
7.6875 12.0000 1.2430 180 120 60
-13.0625 20.5000 0.1510 180 120 60
-8.1250 -22.5000 5.0580 220 50 50
-5.0625 1.5000 1.2550 180 120 60
-2.8750 4.5000 5.3930 220 50 50
17.3750 -18.5000 0.9330 180 120 60
-2.5625 21.0000 0.5470 180 120 60
9.0000 11.0000 2.9430 128 128 128
5.8125 16.0000 1.2280 180 120 60
-21.3125 7.0000 0.1290 30 144 255
0.4375 -6.5000 1.0940 180 120 60
-6.1875 9.0000 5.8690 220 50 50
-11.7500 -19.5000 4.0870 220 50 50
20.8125 -8.5000 1.0500 180 120 60
-12.3125 -11.5000 5.8680 220 50 50
-6.8125 -20.5000 4.2240 220 50 50
7.5000 -11.5000 1.0120 180 120 60
19.2500 17.5000 0.2710 128 128 128
11.3750 16.0000 0.9060 180 120 60
14.8750 13.5000 0.8370 180 120 60
16.7500 25.0000 0.4920 128 128 128
12.1875 -9.5000 1.0860 180 120 60
-10.6875 6.5000 1.5910 180 120 60
-4.5000 17.0000 1.1960 180 120 60
-14.4375 19.0000 0.1040 180 120 60
-15.8125 -2.5000 1.1060 180 120 60
5.5625 -21.0000 3.6950 220 50 50
-8.0625 -4.5000 1.0710 180 120 60
15.6250 -14.5000 1.0340 180 120 60
-6.3750 -15.0000 4.2080 220 50 50
14.8125 -8.5000 4.0890 220 50 50
-13.9375 16.5000 0.1300 180 120 60
10.5625 -20.5000 1.0510 180 120 60
12.6250 9.5000 0.9560 180 120 60
5.8125 17.5000 3.2190 128 128 128
10.4375 23.0000 1.0580 128 128 128
-21.0625 20.0000 1.1560 180 120 60
-15.1875 18.5000 0.1350 180 120 60
-0.2500 8.0000 6.1950 220 50 50
-14.1250 -6.5000 1.3180 128 128 128
0.9375 14.5000 4.6660 128 128 128
7.6250 11.5000 3.4900 128 128 128
-1.1875 25.5000 0.1210 180 120 60
25.3125 -0.5000 1.0130 180 120 60
18.5000 9.0000 1.0590 180 120 60
-13.5625 19.5000 0.1460 180 120 60
13.4375 1.0000 4.1780 220 50 50
21.1875 -10.0000 3.4630 220 50 50
-12.3750 -7.5000 1.0980 180 120 60
-17.0000 5.0000 0.7530 180 120 60
-22.4375 1.5000 0.1420 30 144 255
4.6875 15.0000 4.6760 128 128 128
14.3750 -24.0000 3.2270 220 50 50
1.1875 -9.0000 1.0900 180 120 60
1.8750 3.5000 5.9510 220 50 50
-22.5625 25.5000 4.8160 220 50 50
21.9375 -14.0000 4.2980 220 50 50
8.7500 -11.0000 1.0360 180 120 60
10.6875 19.5000 5.4160 128 128 128
23.2500 8.5000 0.2790 180 120 60
24.9375 -6.0000 1.1150 180 120 60
17.5625 -6.5000 4.5150 220 50 50
0.2500 24.0000 0.1710 180 120 60
3.8125 -16.0000 6.2390 220 50 50
-21.2500 15.0000 2.0650 255 165 0
-8.6875 23.5000 0.1150 180 120 60
16.3750 -2.0000 4.2240 220 50 50
22.1250 -12.0000 3.9910 220 50 50
9.1250 14.5000 2.1290 128 128 128
-20.5625 -22.0000 5.0900 128 128 128
-20.5625 -19.5000 1.0600 180 120 60
2.4375 -20.5000 3.9900 220 50 50
0.5625 13.0000 5.0620 220 50 50
10.4375 5.0000 1.2070 180 120 60
8.0000 2.5000 4.4210 220 50 50
-16.0000 4.0000 1.3060 180 120 60
-3.0625 -9.0000 1.0720 180 120 60
10.8125 18.5000 0.6850 128 128 128
3.4375 7.0000 5.7910 220 50 50
-17.9375 7.5000 2.0010 255 165 0
-3.1250 -7.0000 1.0940 180 120 60
-3.3125 7.0000 5.8430 220 50 50
21.8125 13.0000 0.1410 30 144 255
4.0625 21.5000 1.0780 180 120 60
9.4375 9.5000 1.1470 180 120 60
10.3125 1.0000 4.3750 220 50 50
-19.3750 18.5000 0.1320 180 120 60
-18.0625 -15.5000 2.4610 128 128 128
20.3750 -22.0000 0.9150 180 120 60
-1.3750 2.0000 5.0900 220 50 50
3.3125 18.0000 1.5000 128 128 128
-4.7500 18.0000 1.1490 180 120 60
16.0625 -4.5000 4.4660 220 50 50
-23.8125 6.0000 0.1450 30 144 255
-13.0625 -19.5000 2.8780 128 128 128
-10.8125 25.0000 0.1310 180 120 60
-23.9375 -5.0000 0.0960 30 144 255
15.6875 -17.0000 0.9360 180 120 60
-16.8750 -20.0000 4.5810 128 128 128
8.3125 12.5000 2.2150 128 128 128
-8.1250 -9.0000 4.9870 220 50 50
11.9375 19.5000 0.9250 128 128 128
-5.7500 -0.5000 1.2030 180 120 60
-18.5625 8.5000 2.9620 128 128 128
5.5000 15.0000 1.1760 180 120 60
16.0625 11.0000 1.0900 180 120 60
23.9375 -14.5000 4.7340 220 50 50
18.0000 -8.0000 4.4320 220 50 50
-23.3750 -10.5000 0.1450 30 144 255
17.8750 -23.5000 0.9580 180 120 60
-2.3125 -9.0000 1.0950 180 120 60
7.0000 3.5000 4.4210 220 50 50
21.5625 -7.0000 1.0940 180 120 60
13.6875 -17.5000 0.9810 180 120 60
-18.9375 9.0000 3.0390 128 128 128
-5.8750 1.0000 1.2430 180 120 60
-5.1875 23.5000 0.1600 180 120 60
-18.4375 -12.0000 3.8980 220 50 50
12.5000 -1.5000 4.5000 220 50 50
9.7500 -18.5000 1.0360 180 120 60
-11.0625 -23.0000 4.1870 220 50 50
-13.6250 -22.5000 4.1600 220 50 50
-18.6875 9.0000 3.0430 128 128 128
5.5000 16.0000 5.4930 128 128 128
3.1250 -3.0000 1.1740 180 120 60
11.7500 -7.0000 4.0630 220 50 50
-8.9375 2.0000 1.2940 180 120 60
-2.8125 22.0000 0.1820 180 120 60
-16.5625 -11.5000 4.0690 220 50 50
-24.1250 -4.5000 0.1580 30 144 255
7.1250 9.5000 1.6970 128 128 128
-24.1875 24.5000 4.4750 220 50 50
8.3750 12.5000 2.3040 128 128 128
-10.0000 -15.0000 5.8180 220 50 50
15.3750 -1.5000 4.1950 220 50 50
18.8125 -15.5000 4.1370 128 128 128
1.0000 -8.5000 1.0850 180 120 60
-19.0000 -7.5000 0.1490 180 120 60
-9.1875 21.0000 0.1770 180 120 60
-10.3750 2.5000 1.3100 180 120 60
-18.2500 1.5000 0.1210 30 144 255
-24.1250 13.5000 1.9930 128 128 128
-1.8750 -7.5000 1.0980 180 120 60
6.5625 -15.0000 1.0620 180 120 60
11.8125 -11.0000 1.2590 128 128 128
1.5000 -16.0000 6.5170 220 50 50
-0.5000 24.0000 0.1500 180 120 60
-3.8125 -5.5000 1.0970 180 120 60
-23.4375 -16.5000 0.1260 30 144 255
-1.1875 -11.5000 1.1810 220 50 50
6.6875 -24.0000 5.8730 220 50 50
3.7500 0.0000 4.2680 220 50 50
-16.8750 5.0000 0.9350 180 120 60
2.1250 14.0000 2.3890 128 128 128
-2.0000 -11.5000 4.3580 220 50 50
-10.9375 -9.5000 5.3820 220 50 50
-0.6875 20.5000 1.1910 180 120 60
-16.3750 16.5000 0.1400 180 120 60
-22.9375 -14.5000 0.1370 30 144 255
-2.8125 14.5000 1.3660 180 120 60
2.1875 22.5000 1.0000 180 120 60
8.6250 -18.5000 1.0770 180 120 60
5.7500 14.0000 1.2090 180 120 60
-15.6875 -18.5000 1.2220 180 120 60
-17.8125 -23.5000 1.0390 180 120 60
14.5000 -3.5000 4.5330 220 50 50
-10.0625 -19.0000 4.8630 220 50 50
21.3125 -6.0000 1.1500 180 120 60
4.4375 -1.0000 4.0950 220 50 50
-19.5000 -21.0000 2.6270 128 128 128
-15.3125 0.5000 1.2780 180 120 60
-12.7500 -11.0000 5.8710 220 50 50
-13.8125 6.5000 1.8350 180 120 60
-17.0000 12.5000 2.1390 255 165 0
-21.5000 9.5000 0.1460 30 144 255
7.0000 10.0000 3.5230 128 128 128
2.6250 -17.0000 6.5110 220 50 50
17.6875 2.5000 2.1020 128 128 128
21.0625 15.5000 0.1640 30 144 255
-20.0000 -8.0000 0.8060 128 128 128
-20.3125 -2.5000 0.1410 30 144 255
13.9375 -3.0000 4.4810 220 50 50
-18.3125 16.0000 0.1400 180 120 60
7.1875 -23.0000 5.6690 220 50 50
4.8125 -22.5000 3.5730 220 50 50
15.3750 -9.5000 4.0030 220 50 50
7.6250 21.5000 0.1810 180 120 60
1.5000 -9.5000 1.0980 180 120 60
-22.6875 16.5000 1.9700 255 165 0
6.5625 -9.5000 1.0310 180 120 60
-2.6875 14.5000 5.2910 220 50 50
11.4375 24.0000 1.0940 128 128 128
-10.0000 -5.5000 1.0770 180 120 60
13.9375 4.5000 1.0990 180 120 60
-5.8750 -23.5000 5.2790 220 50 50
12.1250 4.5000 1.7330 128 128 128
1.0625 -8.0000 1.0920 180 120 60
-17.3750 25.0000 0.9550 180 120 60
8.8125 15.0000 1.2210 180 120 60
-0.3750 -13.0000 6.1800 220 50 50
-18.0000 25.0000 1.0430 180 120 60
-0.1250 21.0000 1.1620 180 120 60
21.8750 -16.0000 4.6030 220 50 50
8.2500 -20.0000 3.7100 220 50 50
1.7500 -1.0000 1.3120 220 50 50
13.0000 -21.5000 3.3730 128 128 128
1.9375 8.5000 5.6570 220 50 50
6.6875 3.0000 4.5020 220 50 50
-5.9375 -17.0000 4.1840 220 50 50
-7.6250 -18.0000 4.1930 220 50 50
-15.2500 9.5000 2.0410 255 165 0
-5.7500 21.5000 0.1660 180 120 60
-19.1250 22.0000 0.8910 180 120 60
8.8750 -11.5000 1.0400 180 120 60
-9.8125 16.5000 0.1660 180 120 60
-14.6875 -12.0000 4.5090 220 50 50
-5.9375 -13.0000 4.6110 220 50 50
2.5625 -9.5000 1.0590 180 120 60
6.8750 -3.0000 4.0680 220 50 50
-19.5625 6.5000 0.1340 30 144 255
12.3125 -4.0000 4.4450 220 50 50
20.7500 -21.5000 0.9360 180 120 60
21.0000 -8.0000 1.1010 180 120 60
-4.3750 -16.0000 4.3820 220 50 50
11.5000 -19.5000 1.0480 180 120 60
-4.1250 20.0000 0.7830 180 120 60
-10.0625 20.0000 0.1440 180 120 60
19.8750 3.0000 1.0360 180 120 60
-11.2500 10.5000 1.4630 180 120 60
1.2500 7.5000 6.0170 220 50 50
1.0000 6.0000 6.3880 220 50 50
-0.0625 -0.5000 1.2290 180 120 60
20.6875 -16.5000 4.0000 128 128 128
2.9375 -5.0000 3.0240 128 128 128
3.4375 13.5000 4.6790 128 128 128
-16.4375 -20.0000 4.8140 128 128 128
-6.4375 -6.5000 1.1130 180 120 60
-9.8125 -21.0000 4.3710 220 50 50
19.0000 -9.5000 3.2050 128 128 128
17.1875 -1.0000 4.0560 220 50 50
-2.6250 7.0000 5.9080 220 50 50
0.1875 23.0000 0.3040 180 120 60
7.3125 -16.0000 1.0600 180 120 60
-5.3750 23.0000 0.1510 180 120 60
1.1875 -5.0000 1.1110 180 120 60
-22.5000 7.0000 0.1390 30 144 255
4.6250 13.0000 1.2140 180 120 60
5.9375 3.0000 4.5840 220 50 50
24.5000 -13.5000 4.7180 220 50 50
-17.5000 13.0000 2.2900 255 165 0
14.3750 3.0000 2.2010 128 128 128
16.4375 3.0000 1.1610 180 120 60
16.0000 9.5000 1.0180 180 120 60
-4.0000 3.5000 5.0020 220 50 50
-15.5625 -11.0000 4.2110 220 50 50
13.7500 5.5000 1.0860 180 120 60
24.9375 10.0000 0.1460 30 144 255
22.1875 -4.0000 1.1120 180 120 60
-1.1875 -3.0000 1.1550 180 120 60
3.2500 -13.5000 1.1710 128 128 128
-1.8750 -1.5000 1.1730 180 120 60
7.6250 -21.5000 5.3150 220 50 50
15.3125 9.5000 1.0010 180 120 60
7.6875 -4.0000 4.0900 220 50 50
12.6250 20.0000 1.1780 128 128 128
-19.1250 -0.5000 0.1410 30 144 255
-17.8125 12.5000 2.0940 255 165 0
-6.3750 -4.0000 1.0760 180 120 60
5.8750 1.0000 4.4670 220 50 50
18.3750 6.5000 1.3670 128 128 128
-12.5000 -5.5000 1.1220 180 120 60
-5.8750 17.5000 1.1400 180 120 60
10.9375 13.0000 2.3590 128 128 128
-21.3750 -7.0000 0.1620 30 144 255
6.8125 -24.0000 5.8840 220 50 50
0.7500 6.5000 6.4370 220 50 50
2.3125 21.5000 1.9260 128 128 128
-3.2500 13.0000 5.6730 220 50 50
0.7500 13.5000 5.3740 128 128 128
-13.4375 25.0000 0.1580 180 120 60
-2.5000 3.5000 5.1820 220 50 50
-9.0000 23.0000 0.1350 180 120 60
-2.8750 -14.0000 4.6940 220 50 50
9.8125 -19.5000 2.0190 128 128 128
7.7500 8.5000 1.9440 128 128 128
20.7500 20.5000 0.1370 30 144 255
-21.4375 10.0000 0.1520 30 144 255
-9.2500 24.0000 0.1190 180 120 60
22.6250 -17.0000 4.8680 220 50 50
-23.1875 -8.5000 0.1500 30 144 255
11.3750 13.0000 1.1590 180 120 60
4.0625 22.0000 0.9300 180 120 60
-19.9375 16.0000 3.0500 128 128 128
-6.6250 -12.0000 3.7070 220 50 50
12.3750 3.0000 4.0700 220 50 50
-3.5000 -22.5000 5.4940 220 50 50
-16.7500 -18.5000 1.1480 180 120 60
-1.8750 -14.0000 5.1340 220 50 50
-7.8750 -17.0000 4.2110 220 50 50
-4.3750 23.5000 0.1240 180 120 60
22.3125 -22.5000 0.9110 180 120 60
-14.3125 -3.5000 1.1170 180 120 60
-15.0625 20.0000 0.1260 180 120 60
18.9375 -19.0000 0.9450 180 120 60
11.2500 -2.0000 4.5920 220 50 50
-0.1875 3.0000 5.5130 220 50 50
-4.6250 8.5000 5.9910 220 50 50
-6.2500 8.5000 5.6480 220 50 50
-14.8125 10.0000 2.0880 255 165 0
2.3750 10.5000 5.2520 220 50 50
-7.3750 5.5000 1.3680 180 120 60
-17.8125 -14.0000 4.1160 220 50 50
-9.4375 -17.0000 5.2870 220 50 50
-23.3125 0.5000 0.0880 30 144 255
9.1250 -24.0000 5.5620 220 50 50
14.3125 -14.0000 1.0170 180 120 60
21.9375 2.5000 0.9890 180 120 60
6.5625 -17.0000 1.0960 180 120 60
15.9375 17.0000 0.2410 128 128 128
-18.5625 12.0000 2.0840 255 165 0
-12.6250 -2.5000 1.0210 180 120 60
16.8125 19.5000 0.1460 128 128 128
7.1250 -19.5000 3.8150 220 50 50
11.3125 -10.5000 1.0650 180 120 60
-15.5000 -7.5000 1.1260 180 120 60
-18.2500 25.5000 5.4920 220 50 50
-18.4375 -13.0000 1.2060 180 120 60
-1.0000 6.5000 6.1070 220 50 50
15.1875 10.0000 1.0120 180 120 60
-0.3750 0.5000 5.0230 220 50 50
-11.1875 -18.0000 3.1570 220 50 50
-19.0625 2.5000 0.1380 30 144 255
-20.5000 -11.5000 0.3300 128 128 128
-16.3125 -13.0000 4.3520 220 50 50
-3.8125 14.0000 1.8500 128 128 128
-18.7500 -0.5000 0.1570 30 144 255
6.5625 13.0000 1.1660 180 120 60
-4.1250 -11.5000 4.2910 220 50 50
-16.5000 -12.5000 4.2310 220 50 50
21.3125 -1.0000 1.0610 180 120 60
-14.3125 -2.0000 1.0450 180 120 60
-5.7500 5.0000 5.0630 220 50 50
-4.8750 -24.0000 5.3010 220 50 50
-19.1250 -23.5000 0.7440 180 120 60
11.5625 -15.5000 0.9780 180 120 60
19.6875 -6.0000 4.2950 220 50 50
16.0625 12.0000 1.1120 180 120 60
-24.1875 13.5000 2.0100 128 128 128
23.9375 0.5000 0.9350 180 120 60
-20.6875 19.5000 1.1400 180 120 60
22.6250 -19.5000 0.9890 180 120 60
18.6250 10.0000 1.1070 180 120 60
-2.0000 9.5000 6.1350 220 50 50
15.0000 -16.0000 0.9800 180 120 60
-7.3125 -2.0000 1.0970 180 120 60
-23.8125 8.0000 0.1680 30 144 255
-20.8750 -22.5000 1.9130 128 128 128
-16.3125 -0.5000 2.2060 128 128 128
8.0000 -6.5000 1.2690 128 128 128
-17.8125 5.5000 0.3520 128 128 128
7.3125 -18.0000 1.8770 128 128 128
23.5000 8.0000 0.3830 180 120 60
-7.6250 -22.0000 5.2150 220 50 50
24.6875 -16.0000 5.1570 220 50 50
13.8125 15.5000 0.3080 180 120 60
5.1250 -23.5000 3.1860 220 50 50
-2.6875 -11.0000 4.3430 220 50 50
25.0000 -10.0000 4.2510 220 50 50
0.0625 -23.0000 3.2050 220 50 50
0.8125 5.0000 6.1500 220 50 50
15.8750 -4.0000 4.4160 220 50 50
22.6875 9.0000 0.2260 180 120 60
7.4375 -8.5000 1.0750 180 120 60
4.1875 -18.0000 3.9540 220 50 50
-7.6250 8.0000 5.4220 220 50 50
-15.2500 25.5000 5.1900 128 128 128
1.6875 18.0000 2.0350 128 128 128
-22.8750 2.5000 0.1170 30 144 255
9.5625 -14.5000 1.0320 180 120 60
5.3750 10.0000 1.3160 128 128 128
7.8125 0.0000 4.5250 220 50 50
16.8750 -16.5000 1.0090 180 120 60
-20.3750 -17.5000 1.0590 180 120 60
21.5000 -16.5000 4.5110 220 50 50
-22.4375 23.5000 1.6490 180 120 60
24.5625 1.5000 0.9610 180 120 60
10.4375 -12.5000 1.0230 180 120 60
-21.3750 -18.0000 1.8400 128 128 128
-0.8750 1.0000 1.2640 180 120 60
15.2500 1.5000 4.0670 220 50 50
10.4375 -9.5000 1.0700 180 120 60
-0.3125 4.0000 5.6760 220 50 50
-21.9375 1.0000 0.1880 30 144 255
-20.0625 -21.5000 2.2440 128 128 128
-11.3750 -9.0000 5.3500 220 50 50
-7.5000 3.5000 1.3100 180 120 60
-18.0625 -21.0000 1.0790 180 120 60
-7.7500 15.5000 1.1270 180 120 60
-3.6250 -23.0000 5.4460 220 50 50
-23.2500 -20.5000 0.1400 30 144 255
-11.5625 -18.5000 1.2460 180 120 60
6.5625 3.5000 4.4750 220 50 50
1.5000 2.5000 5.7030 220 50 50
7.6250 23.5000 0.1220 180 120 60
2.5625 -3.0000 3.1040 128 128 128
-11.5000 19.5000 0.1550 180 120 60
-16.3750 18.5000 0.1320 180 120 60
18.3125 21.5000 0.1210 30 144 255
-15.8750 -23.0000 1.5790 128 128 128
18.5625 -18.0000 0.9990 180 120 60
-12.2500 17.0000 0.1340 180 120 60
8.3750 0.5000 4.6240 220 50 50
-1.5625 -19.0000 5.9360 220 50 50
3.7500 -23.5000 3.3870 220 50 50
9.1875 -10.0000 1.0710 180 120 60
19.4375 1.5000 1.0770 180 120 60
-19.6250 -6.5000 0.1410 30 144 255
5.8125 -8.0000 1.0730 180 120 60
-13.5625 -20.0000 1.1870 180 120 60
0.9375 -22.0000 3.2350 220 50 50
-16.3750 -21.0000 1.1040 180 120 60
1.3750 -13.5000 1.1130 180 120 60
-2.3125 -1.0000 1.1760 180 120 60
-20.3750 21.0000 1.1460 180 120 60
14.2500 -15.0000 0.9800 180 120 60
-3.0625 -12.0000 4.2590 220 50 50
18.3125 3.0000 1.0880 180 120 60
17.8125 16.5000 0.4370 128 128 128
12.5625 -21.5000 1.2060 128 128 128
13.3750 5.5000 1.0970 180 120 60
-7.5625 -22.0000 5.1430 220 50 50
-13.8125 -15.5000 5.2630 220 50 50
20.6875 -10.5000 1.1310 180 120 60
-6.8750 -16.0000 4.2050 220 50 50
23.3750 -18.0000 1.0170 180 120 60
2.5000 25.5000 0.1370 180 120 60
14.3750 -16.0000 0.9980 180 120 60
13.8125 13.0000 1.1420 180 120 60
-7.1250 7.5000 5.2680 220 50 50
-10.6875 4.5000 1.4340 180 120 60
17.6250 -16.5000 1.0050 180 120 60
1.1250 -18.5000 6.9320 220 50 50
-18.8750 16.5000 0.1550 180 120 60
6.1250 -2.5000 4.0370 220 50 50
8.5000 -7.5000 1.1190 180 120 60
-17.6250 9.0000 2.0610 255 165 0
10.0625 13.5000 2.0040 128 128 128
2.4375 -7.0000 1.0420 180 120 60
-13.7500 -23.0000 1.2690 180 120 60
-21.3750 12.5000 2.0460 255 165 0
4.7500 17.5000 2.1030 128 128 128
10.4375 12.5000 2.5560 128 128 128
-6.9375 10.5000 2.2890 128 128 128
-5.3750 -22.5000 5.3970 220 50 50
-13.5000 -5.0000 1.1860 180 120 60
22.3125 -14.5000 4.3570 220 50 50
-5.8125 10.0000 1.6810 128 128 128
20.4375 6.0000 1.1160 180 120 60
25.5625 -11.0000 4.2900 220 50 50
8.1250 25.5000 0.1200 180 120 60
18.2500 -19.0000 0.9430 180 120 60
-9.3125 -5.5000 1.0680 180 120 60
2.0625 14.5000 4.6390 128 128 128
-15.9375 -20.5000 1.1300 180 120 60
1.4375 -23.5000 3.4810 220 50 50
-2.8125 -15.0000 5.3500 220 50 50
20.6250 0.0000 1.0530 180 120 60
-22.6250 16.5000 1.9900 255 165 0
-14.5625 -17.5000 1.1890 180 120 60
21.6250 9.5000 0.2850 180 120 60
-21.6875 -1.0000 0.1620 30 144 255
1.6250 -2.5000 3.1010 128 128 128
-1.7500 8.0000 6.2920 220 50 50
-1.8125 10.0000 5.9650 220 50 50
15.1875 2.5000 2.2480 128 128 128
-8.8750 5.5000 1.4480 180 120 60
23.7500 -11.5000 4.4230 220 50 50
10.1250 -4.5000 4.2480 220 50 50
16.3750 -23.5000 0.9930 180 120 60
-22.4375 -23.0000 1.0170 128 128 128
-17.8750 -21.0000 1.0960 180 120 60
-22.5625 15.5000 1.9940 255 165 0
5.3750 -12.0000 1.0600 180 120 60
-9.6875 19.5000 0.1140 180 120 60
-18.1875 -19.5000 3.2810 128 128 128
15.2500 -12.0000 1.0710 180 120 60
5.5625 9.0000 5.0820 220 50 50
-23.7500 10.5000 0.1480 30 144 255
-15.6875 8.0000 2.0450 255 165 0
-9.1875 18.0000 0.1430 180 120 60
-23.6250 -5.5000 0.1240 30 144 255
-17.4375 -15.0000 2.4220 128 128 128
-6.3125 -19.5000 4.3260 220 50 50
23.6250 -6.5000 1.1130 180 120 60
-0.2500 0.0000 1.2310 180 120 60
3.5625 -17.0000 4.0780 220 50 50
1.1875 6.5000 6.2340 220 50 50
-21.3125 -20.5000 1.0760 180 120 60
21.3125 -10.0000 3.4710 220 50 50
-23.8125 -20.0000 0.1350 30 144 255
11.7500 0.0000 4.4150 220 50 50
21.5000 9.5000 0.5660 180 120 60
-11.4375 -9.5000 5.4540 220 50 50
1.6250 13.5000 4.6630 128 128 128
1.8750 -14.0000 6.0760 220 50 50
-1.7500 6.5000 5.9240 220 50 50
-9.8125 -22.5000 4.2480 220 50 50
6.3750 -9.0000 1.0330 180 120 60
-19.3125 3.0000 0.1450 30 144 255
2.1250 2.0000 4.3320 220 50 50
-14.1875 -19.0000 2.8880 128 128 128
-0.5000 4.5000 5.7770 220 50 50
9.7500 6.5000 1.2590 180 120 60
-7.5625 -14.5000 4.2840 220 50 50
-4.3750 -7.0000 1.0750 180 120 60
10.8125 15.0000 5.4400 128 128 128
-14.0000 0.5000 1.1980 180 120 60
6.3125 25.5000 0.0670 180 120 60
-4.0000 25.0000 0.1400 180 120 60
20.4375 -0.5000 1.0780 180 120 60
-5.5000 15.0000 1.4730 180 120 60
-17.3125 23.5000 0.8960 180 120 60
-17.7500 -1.0000 1.3320 128 128 128
-14.5000 -18.0000 1.1930 180 120 60
11.3750 14.0000 2.0490 128 128 128
4.5000 -3.0000 1.1990 180 120 60
-18.8125 -23.5000 0.8940 180 120 60
20.3750 5.0000 1.2930 128 128 128
6.8750 6.5000 4.1370 220 50 50
-8.0000 20.5000 0.1800 180 120 60
-4.4375 22.0000 0.1300 180 120 60
4.1875 -6.0000 2.3590 128 128 128
-20.8125 18.5000 1.1120 180 120 60
3.8750 22.0000 0.8250 180 120 60
-13.6875 4.5000 1.6640 180 120 60
-4.3125 -18.5000 4.9970 220 50 50
-2.8750 -11.5000 5.5850 220 50 50
16.0000 4.5000 1.4810 128 128 128
8.8125 -15.0000 1.0120 180 120 60
19.8125 -18.5000 0.9720 180 120 60
13.6250 10.5000 1.0110 180 120 60
18.1875 -2.5000 4.0840 220 50 50
-9.5000 -11.5000 5.5170 220 50 50
-1.5000 -14.0000 4.2780 220 50 50
8.3750 10.0000 2.9720 128 128 128
13.0000 -23.5000 3.2700 220 50 50
19.6875 13.5000 0.1530 30 144 255
6.9375 -21.0000 3.6780 220 50 50
-14.1250 -4.5000 1.2090 180 120 60
19.6875 -15.0000 4.2920 128 128 128
20.8125 1.5000 0.9880 180 120 60
0.8125 18.5000 4.5390 128 128 128
-13.8125 19.0000 0.1390 180 120 60
-12.2500 -24.0000 4.1960 220 50 50
-20.8750 2.5000 0.1240 30 144 255
-14.1250 -3.0000 1.0830 180 120 60
-6.0625 15.0000 1.2950 180 120 60
-7.1875 22.0000 0.1440 180 120 60
-0.4375 -6.0000 1.1210 180 120 60
20.9375 19.0000 0.9810 180 120 60
-10.5000 21.5000 0.1400 180 120 60
-1.5625 10.0000 6.0150 220 50 50
13.6875 21.5000 0.5650 128 128 128
6.0000 -7.0000 1.8450 128 128 128
12.7500 5.0000 2.0300 128 128 128
-4.8125 -12.0000 4.3340 220 50 50
2.0625 19.5000 1.1890 180 120 60
-21.0625 23.5000 4.6680 220 50 50
-13.5000 -20.5000 1.1810 180 120 60
5.5000 20.5000 1.0890 180 120 60
-18.0625 -4.0000 0.1870 180 120 60
-8.3750 -15.5000 4.8220 220 50 50
-12.1250 -23.0000 4.2230 220 50 50
-1.3125 0.5000 1.4070 128 128 128
-0.1250 17.0000 2.2870 128 128 128
-22.9375 16.0000 2.0180 255 165 0
-6.8125 3.0000 1.2650 180 120 60
-5.0000 4.0000 1.3980 180 120 60
-18.0000 -10.5000 3.7870 220 50 50
11.5000 -8.0000 3.9540 220 50 50
18.8750 -3.0000 4.0630 220 50 50
13.7500 -11.0000 1.9970 128 128 128
-8.5625 5.0000 1.4120 180 120 60
15.0000 10.5000 1.0390 180 120 60
4.9375 -3.0000 3.9560 220 50 50
19.0625 3.5000 1.0620 180 120 60
20.3750 13.0000 0.1430 30 144 255
-16.4375 12.5000 3.0850 128 128 128
-12.5625 15.0000 0.1300 180 120 60
0.3750 15.0000 4.5890 128 128 128
22.6875 -11.5000 4.0760 220 50 50
13.6875 10.5000 0.9960 180 120 60
-0.2500 2.5000 5.4150 220 50 50
-12.6875 3.0000 1.4260 180 120 60
-4.0000 -18.5000 5.7990 220 50 50
-5.0625 5.5000 5.2480 220 50 50
-0.2500 -11.0000 1.1150 180 120 60
-18.9375 20.0000 1.0750 128 128 128
12.8125 3.5000 4.0130 220 50 50
-11.2500 -17.5000 5.2680 220 50 50
5.2500 22.0000 0.3900 180 120 60
-1.4375 11.0000 5.7560 220 50 50
11.0625 0.0000 4.4990 220 50 50
-1.5000 3.5000 5.3880 220 50 50
9.4375 1.0000 4.4770 220 50 50
6.4375 0.5000 4.4460 220 50 50
5.8750 16.0000 4.6200 128 128 128
5.6250 -21.0000 3.6820 220 50 50
-20.0625 1.5000 0.1490 30 144 255
-20.2500 -15.0000 2.7840 128 128 128
15.1875 7.0000 0.9770 180 120 60
-16.2500 -10.0000 3.9960 220 50 50
-21.3125 -6.5000 0.1970 30 144 255
-11.6875 -15.0000 5.6030 220 50 50
-10.0000 8.0000 1.4780 180 120 60
-17.0625 6.5000 0.6760 180 120 60
10.2500 24.0000 0.7000 128 128 128
-1.3125 12.0000 5.5060 220 50 50
-7.2500 -16.0000 4.1940 220 50 50
16.3750 10.0000 1.0680 180 120 60
13.8750 7.5000 0.9850 180 120 60
10.8125 -2.5000 4.5100 220 50 50
0.0625 -24.0000 3.3400 220 50 50
-9.2500 12.5000 2.1260 128 128 128
8.5000 21.0000 1.1370 128 128 128
13.0000 -10.5000 1.0720 180 120 60
-19.6875 5.0000 0.1590 30 144 255
-20.3125 23.5000 4.8170 220 50 50
-6.3750 -17.0000 4.2380 220 50 50
-0.9375 2.5000 5.2940 220 50 50
8.0625 -19.5000 3.8390 220 50 50
2.6250 -18.5000 6.8310 220 50 50
22.0000 11.5000 0.1500 30 144 255
17.8125 -9.0000 4.3650 220 50 50
7.2500 14.5000 1.1560 180 120 60
4.1875 10.5000 5.2610 128 128 128
-20.5000 12.0000 2.0670 255 165 0
-7.4375 -17.0000 4.1700 220 50 50
-0.1875 -1.5000 1.1860 180 120 60
-8.8750 -14.5000 3.9390 220 50 50
-21.1250 -17.5000 1.7800 128 128 128
7.5000 22.5000 0.0310 180 120 60
-10.6875 11.0000 1.3730 180 120 60
-0.0625 -6.0000 1.1020 180 120 60
-13.6250 -18.5000 1.4040 128 128 128
10.6875 19.5000 0.6510 180 120 60
18.1875 17.0000 0.3180 128 128 128
0.2500 6.5000 6.2730 220 50 50
-14.5000 24.5000 0.1530 180 120 60
-0.0625 20.5000 1.2870 180 120 60
0.6250 -13.0000 6.0750 220 50 50
-13.3125 -17.5000 5.0220 220 50 50
-3.7500 4.0000 5.1750 220 50 50
-21.0625 18.0000 1.9540 128 128 128
-9.6875 23.0000 0.1500 180 120 60
5.1250 6.0000 4.3790 220 50 50
-23.1875 21.0000 2.4370 34 139 34
-5.0000 -17.0000 4.3910 220 50 50
-3.8125 6.0000 5.5270 220 50 50
20.0625 0.5000 1.0710 180 120 60
15.4375 -7.0000 4.3340 220 50 50
21.0625 19.5000 0.9300 180 120 60
15.5625 -15.0000 1.0110 180 120 60
21.1250 2.0000 0.9810 180 120 60
6.1250 -6.5000 1.9040 128 128 128
7.4375 -5.5000 1.5190 220 50 50
-2.6875 -13.0000 4.3750 220 50 50
8.4375 16.5000 1.1970 180 120 60
15.3125 16.0000 0.2540 128 128 128
3.8125 -1.5000 4.0150 220 50 50
9.0000 3.5000 4.2330 220 50 50
-9.5625 -17.0000 4.8940 220 50 50
13.3125 -17.0000 0.9590 180 120 60
-11.1250 -4.0000 1.0690 180 120 60
22.8750 6.5000 1.1250 180 120 60
13.5625 -1.5000 4.3880 220 50 50
17.6250 -6.5000 4.5390 220 50 50
11.0625 13.5000 1.2320 180 120 60
20.1875 2.5000 1.0220 180 120 60
-20.0625 -10.5000 0.3020 128 128 128
9.0000 1.5000 4.4410 220 50 50
0.1875 -19.0000 7.1430 220 50 50
18.1875 -0.5000 1.5140 128 128 128
-20.8125 -7.5000 0.1680 30 144 255
-0.4375 16.5000 3.1340 128 128 128
18.0000 11.0000 0.9120 180 120 60
-14.6250 18.0000 0.1600 180 120 60
-13.5000 -20.0000 1.1800 180 120 60
-20.4375 -21.5000 2.0560 128 128 128
3.1875 -21.0000 3.8310 220 50 50
-8.0000 13.0000 1.2700 180 120 60
13.3125 5.0000 1.8840 128 128 128
-7.3750 -8.5000 1.1500 180 120 60
6.3750 -5.5000 1.9440 128 128 128
-20.0000 6.5000 0.1470 30 144 255
11.0000 -2.0000 4.6080 220 50 50
-18.3125 6.5000 0.2670 128 128 128
-3.5625 23.0000 0.1550 180 120 60
2.0000 19.5000 1.2270 180 120 60
4.6250 22.5000 0.3750 180 120 60
8.9375 7.5000 1.2110 180 120 60
-21.5625 -2.0000 0.1180 30 144 255
-11.9375 6.0000 1.6160 180 120 60
7.2500 21.5000 0.1600 180 120 60
12.8125 25.0000 0.9950 128 128 128
2.4375 -22.0000 3.4830 220 50 50
10.7500 16.5000 1.1420 180 120 60
14.6875 5.0000 1.0880 180 120 60
-16.0000 14.0000 0.1650 180 120 60
-5.8125 -10.5000 1.2740 220 50 50
25.5625 25.5000 0.0880 30 144 255
-15.6875 24.0000 5.2670 128 128 128
-13.1250 9.5000 1.8810 255 165 0
-8.9375 -2.5000 1.0840 180 120 60
-15.2500 -3.5000 1.1130 180 120 60
-11.1875 15.0000 0.1150 180 120 60
2.3125 4.0000 6.1830 220 50 50
-18.8750 20.5000 1.0620 180 120 60
16.6250 -22.0000 0.9680 180 120 60
-0.9375 7.5000 6.3080 220 50 50
23.8750 -23.0000 0.9220 180 120 60
-22.5625 -22.0000 1.7680 128 128 128
-1.1250 12.0000 5.4650 220 50 50
-18.6250 3.5000 0.1390 30 144 255
-6.5000 5.0000 1.3900 180 120 60
-2.4375 -14.0000 4.9630 220 50 50
-8.8125 -19.5000 5.3060 220 50 50
-19.8750 22.0000 1.1490 180 120 60
25.4375 -2.0000 1.0640 180 120 60
-14.7500 -13.0000 5.6130 220 50 50
-21.8750 -0.5000 0.1310 30 144 255
22.4375 -10.5000 1.2200 180 120 60
-9.0000 -14.5000 3.8980 220 50 50
4.6875 22.5000 0.5080 180 120 60
-3.7500 -7.0000 1.1130 180 120 60
-20.8125 18.0000 1.8870 128 128 128
12.3125 -15.0000 0.9790 180 120 60
-19.0000 4.5000 0.1570 30 144 255
-17.0000 23.0000 5.1870 128 128 128
0.2500 -7.5000 1.0850 180 120 60
4.4375 23.5000 0.1650 180 120 60
-8.8750 -6.0000 1.1010 180 120 60
10.2500 -5.0000 4.2100 220 50 50
7.6875 17.5000 1.2080 180 120 60
0.5625 8.5000 5.9790 220 50 50
-14.8750 -11.5000 4.3820 220 50 50
3.2500 7.0000 5.8660 220 50 50
5.0000 -4.0000 1.1640 180 120 60
18.5625 0.0000 1.4460 128 128 128
-6.3750 -11.5000 3.5720 220 50 50
17.8750 -15.0000 1.4100 128 128 128
-14.5000 -4.5000 2.0510 128 128 128
-4.0625 -13.5000 4.2460 220 50 50
12.3750 7.0000 1.0500 180 120 60
-15.4375 -10.0000 4.1700 220 50 50
7.3750 22.5000 0.1330 180 120 60
-6.7500 14.0000 1.3380 180 120 60
19.3750 -11.0000 4.2490 220 50 50
-11.1250 -21.0000 4.2220 220 50 50
-18.9375 -1.5000 0.1340 30 144 255
17.9375 -13.0000 1.1020 180 120 60
14.1875 9.5000 0.9670 180 120 60
10.1875 -2.0000 4.5480 220 50 50
12.7500 -16.5000 0.9590 180 120 60
-7.3125 13.5000 1.2760 180 120 60
-1.5000 -14.0000 6.5720 220 50 50
-21.6250 3.0000 0.1150 30 144 255
3.6250 7.0000 5.8000 220 50 50
24.7500 -3.0000 1.0840 180 120 60
-23.3750 15.0000 1.9910 255 165 0
6.5000 2.5000 4.5790 220 50 50
3.4375 -12.5000 1.0890 180 120 60
-11.6250 16.0000 0.1420 180 120 60
-15.3750 12.0000 0.1480 180 120 60
9.3125 -15.5000 1.0300 180 120 60
-16.0625 -1.0000 1.2940 128 128 128
-7.5000 5.5000 1.3990 180 120 60
14.0000 -10.5000 3.8610 220 50 50
-23.1875 1.0000 0.0970 30 144 255
14.5000 -11.5000 1.0650 180 120 60
12.6250 -2.0000 4.5740 220 50 50
-18.5625 -12.5000 1.3640 220 50 50
21.4375 -19.0000 0.9930 180 120 60
5.8750 26.0000 0.1250 180 120 60
-3.7500 20.0000 0.9940 180 120 60
-1.0625 -14.5000 6.5130 220 50 50
-2.8125 -15.5000 5.3360 220 50 50
18.0625 21.0000 0.1490 128 128 128
6.7500 9.5000 3.5150 128 128 128
-2.9375 3.5000 5.1670 220 50 50
23.0000 -18.5000 1.0310 180 120 60
15.3750 -14.0000 2.0790 128 128 128
12.0000 6.5000 1.0710 180 120 60
-14.3125 21.0000 0.1350 180 120 60
-21.5625 -16.0000 2.2510 128 128 128
17.2500 -18.0000 0.9370 180 120 60
15.1875 -5.5000 4.4790 220 50 50
9.1875 7.5000 1.2170 180 120 60
-15.0625 14.5000 0.1340 180 120 60
4.6875 -11.5000 1.0530 180 120 60
3.0000 -17.0000 6.4650 220 50 50
9.3750 -4.5000 4.1410 220 50 50
-7.1875 -12.5000 3.7880 220 50 50
18.9375 9.0000 1.0900 180 120 60
-10.0625 18.0000 0.1070 180 120 60
7.0000 -0.5000 4.3530 220 50 50
-11.3125 -12.5000 5.8930 220 50 50
14.1875 10.5000 1.0030 180 120 60
-18.0000 0.0000 1.0910 128 128 128
3.1250 20.0000 1.2110 180 120 60
8.0000 -15.0000 1.0330 180 120 60
-1.0000 22.5000 0.4030 180 120 60
2.5625 12.0000 5.4110 128 128 128
12.8750 18.0000 0.1550 30 144 255
-1.5625 15.5000 1.2150 180 120 60
4.2500 12.0000 1.2250 180 120 60
-0.8125 1.0000 1.2330 180 120 60
12.6875 14.5000 1.1900 180 120 60
-9.6875 -4.0000 1.0720 180 120 60
21.9375 -16.5000 4.6480 220 50 50
-6.5625 22.0000 0.1650 180 120 60
-15.6250 19.0000 0.1500 180 120 60
14.7500 8.5000 0.9500 180 120 60
21.0000 2.5000 0.9500 180 120 60
-19.1250 12.0000 2.0950 255 165 0
17.1250 -6.0000 4.4980 220 50 50
5.2500 -24.0000 3.0740 220 50 50
23.5625 6.5000 1.0600 180 120 60
-17.0000 -8.0000 3.7620 220 50 50
-4.0000 12.0000 5.9660 220 50 50
-7.4375 9.5000 2.4030 128 128 128
17.5625 -11.0000 4.1200 220 50 50
-2.0000 -14.0000 4.9360 220 50 50
6.1250 -4.5000 1.2750 220 50 50
24.3750 -10.0000 4.4160 220 50 50
-14.7500 4.5000 1.8090 180 120 60
-8.6875 -20.5000 5.4120 220 50 50
1.2500 10.0000 5.4880 220 50 50
0.1875 17.5000 2.4740 128 128 128
9.5000 14.5000 1.2210 180 120 60
15.5625 -0.5000 4.1100 220 50 50
-11.6250 19.0000 0.1580 180 120 60
5.6250 -13.5000 1.0330 180 120 60
-15.4375 -18.5000 4.8640 128 128 128
-12.3125 0.0000 1.1530 180 120 60
-15.5625 6.5000 1.9900 255 165 0
-15.9375 -3.0000 1.1220 180 120 60
7.4375 8.5000 1.2230 180 120 60
6.8125 15.5000 1.2990 180 120 60
2.3125 13.0000 4.7220 128 128 128
12.3750 20.0000 0.6080 128 128 128
7.6875 8.5000 2.0250 128 128 128
16.3125 18.0000 0.0820 30 144 255
0.7500 -21.0000 1.7340 128 128 128
12.8750 20.5000 0.5940 128 128 128
-2.7500 24.5000 0.1590 180 120 60
17.0000 -13.5000 1.0520 180 120 60
-14.0625 12.0000 0.3910 180 120 60
14.6250 12.0000 1.1200 180 120 60
0.6875 -21.5000 1.6790 128 128 128
23.1250 -7.5000 1.1100 180 120 60
10.1250 8.5000 1.1110 180 120 60
-16.5625 20.0000 0.1490 180 120 60
13.2500 -10.0000 3.8440 220 50 50
2.8750 12.5000 1.3110 180 120 60
13.3125 -13.5000 1.0310 180 120 60
-15.5625 5.5000 1.9710 255 165 0
3.6250 -2.5000 1.6550 220 50 50
14.8125 -22.0000 1.0050 180 120 60
-6.6250 2.0000 1.3050 180 120 60
-14.7500 9.0000 2.0320 255 165 0
23.4375 -10.5000 4.4800 220 50 50
-2.9375 -20.5000 5.7090 220 50 50
-11.5000 -2.5000 1.0500 180 120 60
2.3125 -17.0000 6.5230 220 50 50
22.8125 3.5000 1.0080 180 120 60
19.3125 -1.5000 2.0110 128 128 128
16.3125 0.0000 4.0110 220 50 50
-15.9375 10.5000 2.0440 255 165 0
-22.9375 -23.5000 0.9880 128 128 128
14.5000 20.5000 0.5310 128 128 128
2.3125 25.0000 0.1050 180 120 60
-0.1250 -20.0000 5.8700 220 50 50
-18.6250 25.5000 5.4760 220 50 50
0.9375 -14.5000 6.2760 220 50 50
7.8750 15.5000 5.1800 128 128 128
23.0625 2.5000 0.9630 180 120 60
8.9375 -5.5000 4.0190 220 50 50
11.3125 20.5000 0.6150 180 120 60
-4.3125 8.5000 6.0090 220 50 50
-3.5625 -14.0000 4.4770 220 50 50
21.2500 -19.5000 0.9580 180 120 60
-13.5625 22.0000 0.1660 180 120 60
-21.0000 -13.5000 0.5330 128 128 128
-10.6875 -13.5000 5.8940 220 50 50
-9.6250 -10.0000 5.2940 220 50 50
-5.4375 -3.0000 1.1360 180 120 60
-11.1875 -24.0000 4.1980 220 50 50
-5.3750 -14.5000 4.2130 220 50 50
-8.1250 24.0000 0.1750 180 120 60
21.7500 1.0000 1.0060 180 120 60
-18.9375 14.0000 2.1140 255 165 0
-23.6250 6.5000 0.1560 30 144 255
13.0625 -12.0000 3.6460 128 128 128
-0.5000 -16.0000 6.7570 220 50 50
-20.6250 8.0000 0.1250 30 144 255
-11.0000 -12.5000 5.8950 220 50 50
16.3125 7.0000 1.3620 128 128 128
-5.5000 17.5000 1.1640 180 120 60
2.5625 -15.0000 6.1580 220 50 50
-1.5625 1.5000 5.0530 220 50 50
-21.1250 13.0000 2.0560 255 165 0
-22.0625 -1.0000 0.1910 30 144 255
0.8750 15.5000 1.2420 180 120 60
-8.0000 4.5000 1.3620 180 120 60
-10.1875 21.5000 0.1850 180 120 60
-1.3125 17.5000 2.2920 128 128 128
-8.0625 -16.0000 4.9990 220 50 50
-20.8125 12.0000 2.0880 255 165 0
-22.2500 -16.5000 1.0520 128 128 128
20.1250 -7.0000 2.3510 220 50 50
-11.5625 4.0000 1.4840 180 120 60
-10.5625 -16.0000 5.5820 220 50 50
-7.9375 23.0000 0.1220 180 120 60
-21.7500 -13.0000 0.3020 128 128 128
24.9375 2.0000 1.0140 180 120 60
14.7500 3.0000 2.1420 128 128 128
-12.1875 13.5000 0.1850 30 144 255
-23.0625 -6.5000 0.1180 30 144 255
-20.8125 3.0000 0.1370 30 144 255
9.6875 21.5000 1.1130 128 128 128
21.8125 -16.5000 4.5770 220 50 50
-6.5625 18.0000 0.9740 180 120 60
25.1250 6.0000 1.0760 180 120 60
12.8125 -12.0000 3.6380 128 128 128
-3.8750 -1.0000 1.1810 180 120 60
-8.3750 -12.5000 5.5340 220 50 50
10.4375 -20.5000 1.0570 180 120 60
-13.5000 13.0000 0.1260 180 120 60
15.1875 14.5000 0.3990 180 120 60
25.1875 -7.0000 1.5490 128 128 128
3.1250 24.0000 0.1330 180 120 60
14.7500 -1.0000 4.1940 220 50 50
-4.8750 26.0000 0.1630 180 120 60
0.3125 26.0000 0.1820 180 120 60
7.7500 -22.0000 5.3680 220 50 50
-8.5000 -21.0000 5.4420 220 50 50
25.4375 4.5000 1.1390 180 120 60
-1.4375 -17.5000 7.0600 220 50 50
15.6250 -3.0000 4.3800 220 50 50
18.4375 9.5000 1.0940 180 120 60
-11.6250 23.0000 0.1270 180 120 60
-4.7500 8.0000 5.8480 220 50 50
-12.4375 19.5000 0.1220 180 120 60
-3.8750 7.5000 5.8210 220 50 50
-12.8125 23.5000 0.1220 180 120 60
8.7500 9.0000 2.0680 128 128 128
-2.3750 -6.0000 1.0800 180 120 60
23.4375 4.5000 1.0710 180 120 60
-8.6875 -9.5000 5.1140 220 50 50
0.1875 25.5000 0.1250 180 120 60
5.6250 -4.5000 2.0680 128 128 128
-7.8125 -17.0000 4.1910 220 50 50
-1.0625 -18.0000 7.1600 220 50 50
-7.0000 -9.5000 4.9690 220 50 50
4.1250 14.5000 4.6930 128 128 128
-18.0000 6.0000 0.4330 128 128 128
22.9375 3.0000 0.9840 180 120 60
8.1875 14.0000 5.4380 128 128 128
25.6250 2.5000 1.0550 180 120 60
-1.3125 -18.0000 7.1190 220 50 50
-1.8750 -13.0000 4.2610 220 50 50
9.3750 20.5000 1.1310 128 128 128
23.8125 1.0000 0.9910 180 120 60
1.0000 -13.0000 6.0720 220 50 50
16.1875 -23.0000 0.9560 180 120 60
1.4375 4.0000 5.9610 220 50 50
7.2500 -18.5000 3.9110 220 50 50
-19.0000 -23.0000 1.0200 180 120 60
-16.8125 -1.0000 1.6990 128 128 128
-14.5625 -18.5000 1.1800 180 120 60
-10.7500 -4.0000 1.0500 180 120 60
-7.1875 19.5000 0.1190 180 120 60
11.1875 2.5000 4.1950 220 50 50
1.6875 -17.0000 6.6110 220 50 50
-14.9375 -15.0000 5.2120 220 50 50
-14.5000 -4.0000 1.4480 128 128 128
0.1875 -9.0000 1.1050 180 120 60
-17.8750 -15.0000 2.4100 128 128 128
-11.0000 -10.0000 5.5310 220 50 50
-18.8750 5.5000 0.1520 30 144 255
14.2500 -3.0000 4.4540 220 50 50
-4.0000 11.5000 6.0970 220 50 50
20.5625 20.0000 0.0930 128 128 128
17.6875 11.5000 1.1100 180 120 60
-13.1250 8.5000 1.9160 255 165 0
-21.8750 20.0000 1.2600 180 120 60
-11.3750 -20.5000 4.1920 220 50 50
-18.6250 -7.0000 0.3340 180 120 60
6.7500 18.0000 1.2950 180 120 60
13.6250 18.0000 5.5940 128 128 128
12.8125 15.0000 1.0890 128 128 128
13.0000 17.5000 0.1360 30 144 255
12.1250 19.0000 0.6230 128 128 128
23.0000 4.5000 1.0330 180 120 60
12.5000 6.0000 1.0720 180 120 60
-10.0625 -1.0000 1.1390 180 120 60
18.6250 0.5000 1.1010 180 120 60
-23.6250 13.5000 3.0180 128 128 128
-19.9375 8.5000 0.1300 30 144 255
20.5625 14.5000 0.1310 30 144 255
-21.0000 -23.0000 1.0620 128 128 128
-14.0000 -11.5000 5.8530 220 50 50
-1.3750 9.0000 6.1250 220 50 50
-7.1250 -22.0000 5.2240 220 50 50
-8.8750 -10.0000 5.2620 220 50 50
24.5000 -15.5000 5.0130 220 50 50
14.5625 1.0000 4.0660 220 50 50
-20.5625 3.5000 0.1390 30 144 255
12.6250 -13.5000 1.0270 180 120 60
16.8125 -1.0000 4.1060 220 50 50
-24.1875 19.0000 1.8690 180 120 60
0.0000 -8.0000 1.1040 180 120 60
17.0625 -18.5000 0.9480 180 120 60
8.8125 -15.0000 1.0290 180 120 60
7.9375 12.0000 2.3790 128 128 128
25.6250 -9.0000 4.1200 220 50 50
-1.0000 5.0000 5.8330 220 50 50
19.0625 -8.5000 1.0630 180 120 60
11.4375 -6.0000 4.1180 220 50 50
-11.8125 15.5000 0.1180 180 120 60
23.8125 -10.5000 4.4570 220 50 50
4.1875 0.0000 4.2180 220 50 50
19.9375 17.5000 1.0110 180 120 60
-0.6250 -10.5000 1.1070 180 120 60
-12.8125 2.5000 1.3760 180 120 60
10.3750 -3.0000 4.4290 220 50 50
20.5000 15.0000 1.0210 180 120 60
13.2500 2.0000 4.1190 220 50 50
-15.3750 14.0000 0.1490 180 120 60
-8.3125 11.5000 1.3620 180 120 60
2.4375 -7.0000 1.0490 180 120 60
-1.8125 4.5000 5.5770 220 50 50
-10.8125 21.5000 0.1640 180 120 60
10.9375 19.0000 5.2060 128 128 128
7.2500 26.0000 0.1230 180 120 60
-18.5625 0.5000 0.1990 128 128 128
17.6875 17.5000 0.2650 128 128 128
6.6875 -23.5000 5.8140 220 50 50
-3.3125 -13.0000 4.2230 220 50 50
-3.3125 -4.5000 1.1160 180 120 60
3.6250 2.5000 4.4940 220 50 50
10.8750 -14.0000 0.9790 180 120 60
-3.3125 -14.5000 4.3260 220 50 50
20.6875 -6.0000 2.3790 220 50 50
-16.5625 11.5000 2.0640 255 165 0
3.8125 8.5000 5.3970 220 50 50
-14.3125 -5.5000 1.1230 180 120 60
2.6250 4.5000 6.3480 220 50 50
-24.0625 12.0000 0.1340 30 144 255
-23.2500 10.0000 0.1580 30 144 255
-20.4375 12.5000 2.0670 255 165 0
-16.7500 4.0000 0.6950 180 120 60
-9.6250 -6.5000 1.1260 180 120 60
21.4375 -3.0000 1.1010 180 120 60
-7.9375 -13.0000 3.9430 220 50 50
17.5625 -17.0000 0.9900 180 120 60
-13.6875 10.5000 1.7180 128 128 128
-7.5625 -16.0000 5.3720 220 50 50
6.5625 -22.5000 3.3850 220 50 50
-0.9375 0.0000 1.3560 128 128 128
-7.1250 21.5000 0.1310 180 120 60
-16.5000 24.0000 5.2480 128 128 128
-5.1875 16.5000 1.2060 180 120 60
-9.6250 -16.5000 3.7240 220 50 50
-11.7500 -3.5000 1.0710 180 120 60
-22.0000 11.0000 2.1560 255 165 0
1.0000 12.5000 5.0600 220 50 50
1.3125 -15.5000 6.4280 220 50 50
-11.0625 -22.0000 4.8000 220 50 50
13.4375 18.5000 0.1860 128 128 128
-22.4375 -20.0000 1.7980 128 128 128
-21.3750 1.5000 0.1510 30 144 255
18.1875 2.5000 1.0910 180 120 60
23.4375 -20.0000 0.9650 180 120 60
13.0625 2.5000 4.0570 220 50 50
16.4375 -20.5000 0.9390 180 120 60
6.6250 -23.5000 5.7730 220 50 50
10.0000 2.5000 4.2550 220 50 50
-21.6250 14.5000 2.0230 255 165 0
-23.1875 13.5000 2.7890 128 128 128
-9.2500 -12.5000 5.6790 220 50 50
14.3750 17.5000 0.1320 30 144 255
-21.1250 -16.0000 2.2250 128 128 128
6.1250 2.0000 4.6930 220 50 50
19.5625 -8.0000 4.5100 220 50 50
-7.8750 9.0000 2.1540 128 128 128
-22.2500 10.0000 0.1340 30 144 255
13.1250 -6.0000 4.3200 220 50 50
-13.9375 -9.5000 4.3490 220 50 50
-20.6250 -22.5000 2.0990 128 128 128
2.0000 2.0000 4.2750 220 50 50
-19.8125 22.0000 1.1680 180 120 60
-6.1875 2.5000 1.2740 180 120 60
2.3125 10.0000 5.3410 220 50 50
21.2500 21.0000 0.1190 30 144 255
-22.1250 14.0000 2.0510 255 165 0
4.0000 18.5000 1.3360 180 120 60
-10.1250 2.0000 1.2570 180 120 60
-21.1875 8.0000 0.1580 30 144 255
16.9375 11.0000 1.1130 180 120 60
-2.6875 -5.5000 1.0940 180 120 60
-19.8125 8.5000 0.1330 30 144 255
11.2500 7.5000 1.0990 180 120 60
-18.2500 17.0000 0.1330 180 120 60
6.3750 -13.5000 1.0400 180 120 60
-22.0625 -14.0000 0.1760 30 144 255
0.0000 -21.5000 5.8150 220 50 50
13.0625 5.5000 1.0750 180 120 60
-21.0625 0.0000 0.1760 30 144 255
10.0625 14.5000 1.2070 180 120 60
-10.3125 24.5000 0.1730 180 120 60
25.1875 -21.0000 0.9780 180 120 60
2.5000 -1.5000 3.9620 220 50 50
-3.3125 10.5000 6.1480 220 50 50
11.8125 4.5000 1.9740 128 128 128
8.0625 -8.0000 1.0900 180 120 60
-16.1875 -17.5000 1.1640 180 120 60
-0.5000 18.5000 2.2750 128 128 128
-16.5000 25.5000 0.9710 180 120 60
17.8750 -15.0000 1.4660 128 128 128
-0.9375 7.0000 6.2710 220 50 50
0.2500 0.0000 5.0160 220 50 50
19.3750 4.5000 2.1100 128 128 128
3.5000 2.5000 4.4900 220 50 50
-5.1250 -12.0000 4.8350 220 50 50
14.2500 -1.0000 4.2830 220 50 50
14.1875 -13.0000 3.3410 128 128 128
-2.8125 -6.5000 1.1080 180 120 60
18.6250 -2.5000 4.0450 220 50 50
-16.4375 20.5000 0.0930 180 120 60
-22.4375 24.5000 4.6630 220 50 50
7.1250 14.0000 1.1910 180 120 60
-21.9375 -8.0000 0.1670 30 144 255
1.9375 14.0000 4.6400 128 128 128
-18.6875 20.0000 0.1460 180 120 60
16.2500 -12.0000 3.8360 220 50 50
-17.3750 23.0000 0.8920 180 120 60
3.8750 -12.0000 1.0770 180 120 60
-13.8750 -8.0000 1.2610 180 120 60
12.6875 -3.5000 4.5100 220 50 50
-12.3125 26.0000 0.1340 180 120 60
-17.2500 13.0000 3.0810 128 128 128
-11.7500 -1.0000 1.1170 180 120 60
-2.3125 15.0000 1.4340 180 120 60
11.0000 3.0000 4.1330 220 50 50
18.1875 -15.0000 1.4070 128 128 128
24.2500 6.5000 0.7680 180 120 60
-20.2500 13.0000 2.0640 255 165 0
25.3750 -22.0000 0.9090 180 120 60
9.8750 -15.0000 1.0330 180 120 60
-16.9375 23.0000 0.8850 180 120 60
-14.5000 19.5000 0.1740 180 120 60
21.4375 -12.0000 3.8520 220 50 50
-20.0000 -9.5000 0.3030 128 128 128
9.0625 5.0000 4.1050 220 50 50
-23.9375 8.5000 0.1590 30 144 255
15.0000 13.5000 0.9670 128 128 128
12.7500 1.0000 4.2170 220 50 50
2.4375 -18.5000 4.0500 220 50 50
8.8750 -10.0000 1.0590 180 120 60
5.3125 15.5000 1.0660 180 120 60
2.5625 11.0000 5.1070 220 50 50
-19.8125 4.5000 0.1550 30 144 255
-21.7500 -19.0000 1.8560 128 128 128
-16.7500 -4.0000 1.1030 180 120 60
-0.8750 19.5000 1.2560 180 120 60
4.4375 -15.0000 2.8310 128 128 128
9.6250 -10.0000 1.0810 180 120 60
-23.3125 -20.5000 0.1420 30 144 255
-10.2500 15.5000 0.1750 180 120 60
23.9375 -8.0000 1.1420 180 120 60
-1.2500 -3.0000 1.1070 180 120 60
-10.0625 -20.0000 5.3530 220 50 50
-2.7500 -22.5000 5.5260 220 50 50
-20.9375 4.0000 0.1120 30 144 255
21.3125 1.5000 0.9780 180 120 60
7.6875 7.0000 4.0300 220 50 50
3.3750 -9.5000 1.0530 180 120 60
-15.0000 -4.0000 1.2090 180 120 60
5.7500 6.5000 4.2590 220 50 50
-11.6250 -13.0000 5.8860 220 50 50
8.1875 18.0000 1.2020 180 120 60
-10.5000 -6.5000 1.1190 180 120 60
7.0625 15.0000 1.2670 180 120 60
15.1875 -17.5000 0.9840 180 120 60
3.1250 -7.0000 1.0790 180 120 60
2.3750 0.0000 4.0930 220 50 50
-18.7500 24.5000 5.2250 220 50 50
10.8750 21.5000 0.9870 128 128 128
-15.0000 -18.0000 1.2700 128 128 128
-7.8750 -1.0000 1.1620 180 120 60
21.1250 -12.0000 3.7320 220 50 50
8.5000 -22.5000 5.4530 220 50 50
-8.2500 -8.5000 1.1750 180 120 60
-12.5625 -19.5000 1.1230 180 120 60
25.3750 -7.5000 1.8150 128 128 128
-23.3750 7.5000 0.1500 30 144 255
12.5000 -8.0000 3.9600 220 50 50
-10.8125 -8.5000 5.2520 220 50 50
5.8125 -14.0000 1.0550 180 120 60
8.0000 -5.0000 3.9940 220 50 50
-3.3750 -19.5000 5.7590 220 50 50
9.5000 5.0000 4.0510 220 50 50
12.8125 -2.0000 4.5620 220 50 50
18.6875 9.5000 1.1010 180 120 60
-4.1250 -15.0000 4.4860 220 50 50
11.7500 20.5000 0.6100 180 120 60
-13.7500 -23.0000 4.1740 220 50 50
17.8125 -7.5000 4.5050 220 50 50
25.4375 7.5000 0.1450 30 144 255
10.7500 12.0000 1.1090 180 120 60
17.3750 0.0000 1.6300 128 128 128
9.0000 -10.5000 1.0720 180 120 60
0.9375 13.0000 5.0270 220 50 50
11.3750 15.0000 1.2990 180 120 60
19.0625 11.5000 0.4270 180 120 60
-20.1250 -16.0000 2.9280 128 128 128
13.5000 -21.5000 3.3580 128 128 128
20.9375 15.5000 0.9640 180 120 60
20.8750 7.0000 1.1220 180 120 60
5.5000 0.5000 4.3660 220 50 50
17.5000 0.0000 3.9710 220 50 50
4.5000 -23.5000 3.2720 220 50 50
-2.6875 -4.5000 1.0840 180 120 60
-9.7500 -22.5000 4.2300 220 50 50
-3.8750 -8.5000 1.1100 180 120 60
-3.3750 22.5000 0.1430 180 120 60
6.2500 -8.0000 1.0830 180 120 60
-19.1250 -10.0000 0.3600 180 120 60
9.1250 13.0000 5.6100 128 128 128
2.8750 -18.5000 4.0750 220 50 50
20.1250 -16.0000 1.0040 180 120 60
0.8125 -17.0000 6.7230 220 50 50
-9.8125 9.0000 1.4610 180 120 60
-6.8750 20.5000 0.1290 180 120 60
-13.1875 9.0000 1.9720 255 165 0
14.8125 -19.5000 0.9590 180 120 60
-19.5625 7.0000 0.1430 30 144 255
7.8750 18.5000 1.1770 180 120 60
8.4375 3.0000 4.3400 220 50 50
12.5000 -12.5000 3.6500 128 128 128
-13.8125 -3.5000 1.0800 180 120 60
-19.2500 8.5000 2.1340 255 165 0
10.5625 -8.0000 1.1580 180 120 60
-4.4375 -14.5000 4.3840 220 50 50
-19.3125 -16.5000 1.1260 180 120 60
-21.6875 -12.5000 0.3160 128 128 128
-22.9375 15.5000 1.9920 255 165 0
-11.3125 -1.5000 1.0820 180 120 60
-4.2500 -1.5000 1.1730 180 120 60
-4.5625 -11.0000 4.3620 220 50 50
-19.2500 -9.5000 0.2710 180 120 60
4.4375 20.0000 1.2600 180 120 60
0.8750 1.5000 5.3740 220 50 50
-13.1250 5.0000 1.6530 180 120 60
3.5625 13.5000 2.2550 128 128 128
7.3750 -10.5000 1.0560 180 120 60
17.2500 -23.0000 0.9690 180 120 60
9.9375 -14.0000 0.9870 180 120 60
16.8750 16.5000 0.3410 128 128 128
-10.7500 3.0000 1.3800 180 120 60
15.9375 -22.0000 0.9690 180 120 60
15.4375 -1.0000 4.1520 220 50 50
-18.8750 -18.5000 1.0920 180 120 60
16.5625 -15.0000 1.0520 180 120 60
9.1250 -4.5000 4.1210 220 50 50
-20.4375 4.0000 0.1340 30 144 255
1.3750 7.5000 6.0270 220 50 50
-7.4375 24.5000 0.1350 180 120 60
-22.6875 -17.5000 0.1200 30 144 255
-21.0000 16.5000 3.0150 128 128 128
22.1875 -23.0000 0.9060 180 120 60
-21.6250 -0.5000 0.1190 30 144 255
-3.3750 -16.0000 5.2760 220 50 50
8.4375 19.0000 1.1040 128 128 128
18.0625 -20.0000 0.9160 180 120 60
21.6250 -4.0000 4.0550 220 50 50
11.8750 -11.0000 1.3620 128 128 128
17.8125 10.0000 1.1020 180 120 60
13.9375 -7.5000 4.1660 220 50 50
4.7500 -10.5000 1.0550 180 120 60
3.8125 23.5000 0.2900 180 120 60
22.1875 9.5000 0.2400 180 120 60
7.3125 6.5000 4.1340 220 50 50
17.3750 -15.5000 1.0470 180 120 60
17.1875 15.5000 0.4320 128 128 128
1.4375 25.5000 0.0780 180 120 60
-4.3125 -18.5000 5.8210 220 50 50
10.7500 12.0000 1.1130 180 120 60
-15.7500 21.0000 0.1500 180 120 60
-8.2500 -19.5000 4.3090 220 50 50
12.1875 10.5000 1.0080 180 120 60
15.8750 11.5000 1.1080 180 120 60
14.3750 -8.0000 4.1160 220 50 50
-13.1250 -18.0000 1.2020 180 120 60
-15.6875 25.0000 5.1890 128 128 128
-11.9375 0.0000 1.1410 180 120 60
-21.4375 6.5000 0.1620 30 144 255
-22.9375 -12.0000 0.1420 30 144 255
-22.8125 -1.5000 0.1160 30 144 255
-21.6250 -0.5000 0.1290 30 144 255
-1.2500 25.0000 0.1270 180 120 60
15.4375 -15.5000 1.0080 180 120 60
25.0000 24.5000 0.1450 30 144 255
-9.3125 22.5000 0.1630 180 120 60
18.8125 0.0000 1.1910 180 120 60
19.8125 -7.0000 4.4430 220 50 50
-23.9375 11.5000 0.1490 30 144 255
-2.0625 18.5000 1.1570 180 120 60
24.6875 -5.5000 1.1310 180 120 60
19.4375 -9.5000 1.0800 180 120 60
20.3125 -21.0000 0.9220 180 120 60
-3.6250 -5.0000 1.1100 180 120 60
-13.5000 -6.5000 1.2990 128 128 128
2.6875 -16.5000 6.4390 220 50 50
-19.1250 0.0000 0.1490 30 144 255
16.3750 -15.5000 1.0220 180 120 60
-18.4375 8.0000 0.1550 30 144 255
-9.1875 4.0000 1.3530 180 120 60
-20.1250 -1.0000 0.1290 30 144 255
-15.8125 18.5000 0.1330 180 120 60
-15.5625 -4.5000 1.1550 180 120 60
-7.9375 -23.0000 4.2210 220 50 50
5.4375 6.0000 5.6570 220 50 50
21.6250 5.5000 1.0650 180 120 60
-0.8750 -11.5000 4.0940 220 50 50
-11.8750 0.5000 1.1700 180 120 60
-23.8750 26.0000 4.7790 220 50 50
-17.6875 -9.0000 1.5670 220 50 50
-19.8750 -5.0000 0.1290 30 144 255
21.1250 14.0000 0.1320 30 144 255
-19.5625 21.0000 1.0950 180 120 60
11.1875 22.5000 1.0440 128 128 128
2.3750 16.5000 4.6000 128 128 128
6.4375 14.0000 1.1150 180 120 60
-24.1250 0.0000 0.1590 30 144 255
-2.9375 -8.0000 1.0790 180 120 60
-15.6250 8.0000 2.0180 255 165 0
-14.6250 10.5000 3.0510 128 128 128
-12.4375 1.0000 1.2160 180 120 60
-5.6875 15.5000 1.2550 180 120 60
2.8125 17.5000 1.5140 128 128 128
-13.5000 -10.5000 5.9440 220 50 50
23.8750 -13.0000 4.5020 220 50 50
-0.1875 25.5000 0.1370 180 120 60
-11.0625 -6.5000 1.1230 180 120 60
-8.5000 4.5000 1.3520 180 120 60
1.5625 6.0000 6.3790 220 50 50
3.2500 -4.0000 3.0920 128 128 128
19.1250 -21.5000 0.9140 180 120 60
-7.0625 -14.0000 4.3570 220 50 50
-0.8125 9.0000 6.1150 220 50 50
10.8125 22.5000 1.1310 128 128 128
-15.6250 -12.5000 4.3770 220 50 50
-23.6250 -17.0000 0.1380 30 144 255
-16.0000 -6.5000 1.1940 180 120 60
-8.6875 22.0000 0.1650 180 120 60
-18.4375 4.0000 0.1410 30 144 255
-12.0000 -8.5000 5.3820 220 50 50
13.3125 9.0000 1.0190 180 120 60
-9.4375 -16.5000 4.0270 220 50 50
5.0625 -3.5000 3.9220 220 50 50
12.3750 -1.0000 4.4680 220 50 50
17.8125 -3.5000 4.1830 220 50 50
19.3125 16.0000 1.0510 180 120 60
1.5625 -8.5000 1.0880 180 120 60
-3.8750 8.5000 6.0790 220 50 50
-3.1250 -23.0000 5.5080 220 50 50
16.5625 13.0000 1.0550 180 120 60
-20.3125 -15.0000 1.7630 128 128 128
-20.6250 -13.5000 0.1390 180 120 60
-15.6250 4.0000 1.6000 180 120 60
18.0625 -0.5000 3.9780 220 50 50
-1.9375 20.0000 1.1740 180 120 60
-10.5000 4.0000 1.4380 180 120 60
-6.0000 -11.5000 4.0500 220 50 50
-13.2500 -13.0000 5.7570 220 50 50
18.5625 11.5000 0.5780 180 120 60
-14.6250 -5.0000 1.2260 180 120 60
10.2500 15.0000 1.2320 180 120 60
-12.6250 19.0000 0.1460 180 120 60
11.8125 3.0000 4.0860 220 50 50
-20.6875 -15.5000 1.3420 128 128 128
18.1250 -22.5000 0.9730 180 120 60
18.8750 -21.0000 0.8640 180 120 60
-1.9375 26.0000 0.1750 180 120 60
-10.3750 -3.5000 1.0530 180 120 60
6.8750 8.5000 3.8900 220 50 50
16.8750 5.0000 1.5480 128 128 128
19.3125 22.0000 0.1540 30 144 255
15.5000 -7.0000 4.3260 220 50 50
14.4375 -12.0000 3.5690 128 128 128
5.6875 -0.5000 4.2970 220 50 50
-15.5625 -13.0000 5.3810 220 50 50
-22.1875 -0.5000 0.1590 30 144 255
-3.0000 -20.5000 5.7120 220 50 50
15.8750 -21.5000 0.9780 180 120 60
-6.0000 -17.0000 4.2060 220 50 50
3.6875 -14.0000 1.2160 128 128 128
0.5625 16.0000 2.2880 128 128 128
16.0625 -2.0000 4.2740 220 50 50
14.6250 11.0000 1.0590 180 120 60
-7.9375 0.5000 1.1990 180 120 60
13.0000 1.0000 4.2270 220 50 50
2.7500 -2.5000 1.1770 180 120 60
-21.3125 -19.5000 1.8290 128 128 128
19.6875 23.0000 0.1530 30 144 255
-22.8750 -14.0000 0.1220 30 144 255
-19.8750 2.0000 0.1420 30 144 255
4.4375 18.5000 1.1920 180 120 60
0.5625 -14.5000 6.3290 220 50 50
21.0000 9.5000 0.5110 180 120 60
11.3125 23.0000 1.2360 128 128 128
-20.0000 -6.5000 0.1550 30 144 255
-8.5000 -10.5000 5.2570 220 50 50
-19.0000 12.0000 2.0960 255 165 0
8.8125 -24.0000 5.5790 220 50 50
24.0000 -12.5000 4.4890 220 50 50
-9.5000 -14.5000 3.8590 220 50 50
3.6250 13.0000 1.2940 180 120 60
1.4375 -20.0000 7.1560 220 50 50
1.4375 -2.0000 1.2030 180 120 60
-17.7500 25.0000 0.9940 180 120 60
-7.2500 -12.0000 3.7680 220 50 50
17.7500 2.5000 2.1130 128 128 128
-1.5625 16.5000 1.5550 180 120 60
-6.4375 -5.5000 1.0790 180 120 60
19.9375 11.5000 0.1630 30 144 255
-21.4375 18.0000 1.6970 128 128 128
23.8125 -17.5000 5.1800 220 50 50
-22.0000 -22.0000 1.5050 128 128 128
23.7500 0.0000 0.9810 180 120 60
-15.6250 24.0000 0.3560 34 139 34
-7.0000 -17.5000 5.1990 220 50 50
-10.4375 24.5000 0.1430 180 120 60
-10.8125 -11.0000 5.6250 220 50 50
3.5625 19.5000 1.1940 180 120 60
-2.6875 15.0000 1.4410 180 120 60
-17.3750 -18.0000 1.1550 180 120 60
-5.7500 22.0000 0.1210 180 120 60
-15.8750 -8.5000 1.1670 180 120 60
1.9375 20.0000 4.4970 128 128 128
-4.9375 23.0000 0.1620 180 120 60
-14.9375 -24.0000 3.9050 128 128 128
13.2500 -21.0000 1.0470 180 120 60
-20.2500 -22.5000 2.1800 128 128 128
17.5625 -2.5000 4.1320 220 50 50
-11.3125 5.0000 1.5370 180 120 60
21.2500 -17.0000 1.0440 180 120 60
-20.8750 -21.0000 1.0280 180 120 60
-19.1875 5.5000 0.1280 30 144 255
-21.6875 24.0000 4.6840 220 50 50
-3.2500 -8.0000 1.0910 180 120 60
19.3750 10.5000 0.6460 180 120 60
19.8125 -14.0000 1.4890 128 128 128
19.1875 -23.5000 0.9760 180 120 60
20.1250 -5.0000 4.2050 220 50 50
-15.3125 25.5000 0.8570 180 120 60
-17.8750 -16.5000 1.1320 180 120 60
15.5625 -5.0000 4.6210 220 50 50
-10.8125 7.0000 1.6200 180 120 60
20.8125 -9.5000 1.0960 180 120 60
-0.1875 -18.5000 7.1280 220 50 50
-2.2500 -23.0000 5.5450 220 50 50
0.5000 7.5000 6.1860 220 50 50
19.9375 -16.5000 1.0080 180 120 60
19.0000 -11.5000 4.2040 220 50 50
-14.6875 -21.5000 1.1700 180 120 60
-22.9375 12.0000 0.1510 30 144 255
-16.3750 -21.5000 1.1000 180 120 60
-18.0000 13.0000 2.0970 255 165 0
-17.2500 3.0000 0.4180 180 120 60
-11.5625 13.5000 0.2370 180 120 60
-19.3750 -8.0000 0.8200 128 128 128
0.4375 25.0000 0.1160 180 120 60
-15.0000 13.5000 0.1350 180 120 60
1.2500 -22.5000 3.3700 220 50 50
4.6250 9.5000 5.1290 220 50 50
-19.0000 21.0000 1.1000 180 120 60
8.5625 8.5000 1.1920 180 120 60
-7.9375 12.0000 1.3190 180 120 60
-6.7500 -11.0000 3.5740 220 50 50
22.3750 20.5000 0.8870 180 120 60
8.5000 20.5000 1.1290 128 128 128
-13.5625 -8.5000 1.1130 180 120 60
-10.7500 4.5000 1.4710 180 120 60
23.0625 -13.5000 4.4130 220 50 50
22.5625 -1.5000 1.0400 180 120 60
-10.1250 6.0000 1.4900 180 120 60
-19.8125 -22.0000 2.0920 128 128 128
-10.5000 13.5000 0.7080 180 120 60
11.0000 14.0000 2.4630 128 128 128
8.5625 -15.0000 1.0220 180 120 60
-16.3125 20.5000 0.1430 180 120 60
3.9375 18.0000 1.3740 128 128 128
3.3125 14.0000 4.6830 128 128 128
-6.4375 16.5000 1.1080 180 120 60
19.3750 -7.5000 1.0790 180 120 60
13.0625 -15.0000 0.9680 180 120 60
17.3750 16.0000 0.4640 128 128 128
-13.8125 -5.5000 1.1400 180 120 60
17.3750 -24.0000 0.9550 180 120 60
-20.2500 11.0000 2.3020 255 165 0
3.0000 4.5000 6.4170 220 50 50
2.6875 8.0000 5.7600 220 50 50
22.3125 -7.0000 1.1000 180 120 60
4.5000 -11.0000 1.0440 180 120 60
13.6250 15.0000 0.7720 180 120 60
-13.0625 -12.0000 5.8760 220 50 50
-7.0625 -12.5000 3.7570 220 50 50
-10.5625 20.0000 0.1360 180 120 60
-2.5625 -8.0000 1.0890 180 120 60
11.9375 18.5000 0.6430 128 128 128
2.5625 -23.5000 3.6150 220 50 50
-13.5000 -9.5000 4.4490 220 50 50
-23.7500 -16.0000 0.1440 30 144 255
-14.0625 -19.5000 5.0690 128 128 128
-7.3125 -1.5000 1.1410 180 120 60
-23.4375 -1.5000 0.1520 30 144 255
2.4375 4.5000 6.2280 220 50 50
7.8125 -3.0000 4.1670 220 50 50
0.0625 -7.5000 1.0920 180 120 60
3.5000 11.0000 1.3430 128 128 128
12.5000 11.5000 1.0840 180 120 60
-15.6250 25.0000 0.8560 34 139 34
25.5625 -1.0000 1.0440 180 120 60
12.2500 18.5000 5.4350 128 128 128
-13.3750 -4.0000 1.1140 180 120 60
0.1875 18.5000 1.4860 180 120 60
-3.8750 -16.5000 5.3480 220 50 50
24.0000 -13.5000 4.6470 220 50 50
10.4375 2.0000 4.2960 220 50 50
-20.0625 -23.0000 0.3430 180 120 60
-12.8125 -9.0000 1.3090 220 50 50
24.8125 -7.0000 1.4470 128 128 128
-7.9375 -7.5000 1.1320 180 120 60
-12.9375 -4.0000 1.1030 180 120 60
18.7500 21.5000 0.0970 30 144 255
-19.8750 24.5000 5.0410 220 50 50
-1.0000 -14.0000 6.4830 220 50 50
6.8750 8.5000 1.6520 128 128 128
9.9375 -10.5000 1.0510 180 120 60
24.5000 -5.5000 1.1290 180 120 60
-18.7500 8.0000 0.1430 30 144 255
-4.8125 -3.0000 1.1210 180 120 60
-2.4375 -4.0000 1.1170 180 120 60
18.6250 -14.5000 1.0700 180 120 60
-13.1875 -11.0000 5.9320 220 50 50
17.8125 -16.0000 1.0110 180 120 60
-0.2500 -5.5000 1.0910 180 120 60
9.1250 -21.0000 5.0310 220 50 50
-12.9375 -7.0000 1.1460 180 120 60
-14.1875 -4.0000 1.2660 128 128 128
19.0625 -0.5000 2.0140 128 128 128
5.7500 10.0000 1.3390 128 128 128
-7.0625 -14.5000 4.2410 220 50 50
5.5000 20.5000 0.9700 180 120 60
6.9375 9.0000 1.6290 128 128 128
-8.2500 -9.5000 5.0690 220 50 50
-0.3125 17.5000 1.6840 128 128 128
-20.0000 24.0000 4.8610 220 50 50
10.2500 -14.0000 1.0120 180 120 60
-21.4375 -17.0000 1.7080 128 128 128
15.8750 -1.5000 4.2250 220 50 50
-24.0000 9.5000 0.1370 30 144 255
-22.0000 17.5000 2.6930 128 128 128
-2.1875 13.0000 5.4240 220 50 50
-13.7500 26.0000 4.8790 128 128 128
-3.0000 -3.0000 1.0940 180 120 60
3.7500 3.5000 4.6060 220 50 50
1.9375 -6.0000 1.0760 180 120 60
-18.2500 -5.5000 0.3580 180 120 60
13.9375 6.0000 1.0530 180 120 60
-7.2500 -16.5000 4.2070 220 50 50
16.9375 -1.5000 4.1160 220 50 50
2.5625 -23.0000 3.6540 220 50 50
16.5625 -6.5000 4.4820 220 50 50
-21.1250 -21.5000 5.0810 128 128 128
-19.6250 -4.5000 0.1300 30 144 255
17.0625 16.5000 0.3540 128 128 128
14.5625 18.5000 0.1840 30 144 255
19.6250 -8.0000 4.5270 220 50 50
21.3125 -12.0000 3.7830 220 50 50
-13.5000 -24.0000 1.1220 180 120 60
-3.1250 -8.0000 1.0800 180 120 60
16.1250 6.5000 1.3790 128 128 128
-6.0000 15.5000 1.2060 180 120 60
3.5625 -22.0000 3.7530 220 50 50
-1.0625 13.5000 5.1640 220 50 50
7.9375 14.5000 1.1720 180 120 60
19.7500 8.5000 1.1130 180 120 60
-10.5625 17.5000 0.1490 180 120 60
10.8750 -8.0000 3.8900 220 50 50
10.4375 13.5000 2.1320 128 128 128
-22.1875 6.0000 0.1630 30 144 255
0.0625 23.5000 0.1220 180 120 60
-20.3125 -11.5000 0.3120 128 128 128
13.2500 -14.5000 0.9740 180 120 60
9.5000 -16.0000 1.0180 180 120 60
-18.7500 8.5000 3.0010 128 128 128
-12.7500 12.5000 0.1700 180 120 60
-13.6250 12.5000 0.1750 180 120 60
7.8750 12.5000 2.2640 128 128 128
-2.8125 -0.5000 1.1950 180 120 60
3.8125 -21.0000 3.8260 220 50 50
-18.1875 8.5000 3.0580 128 128 128
-20.8125 -16.0000 1.3700 128 128 128
18.8750 18.5000 0.1510 128 128 128
-17.4375 26.0000 5.2790 220 50 50
-22.1250 8.0000 0.1470 30 144 255
-18.8125 19.0000 0.1430 180 120 60
-12.0000 25.5000 0.1250 180 120 60
23.8125 -1.0000 0.9950 180 120 60
15.6875 23.5000 0.9520 128 128 128
-18.8125 -15.0000 1.0850 180 120 60
13.1875 8.0000 0.9910 180 120 60
23.4375 11.5000 0.1150 30 144 255
21.6875 -18.0000 1.0140 180 120 60
0.6875 2.5000 5.5360 220 50 50
13.3750 -21.5000 3.3010 128 128 128
-12.5625 -22.5000 4.1860 220 50 50
-17.7500 -2.5000 0.2210 180 120 60
6.3125 -6.0000 1.1390 180 120 60
19.5625 13.5000 0.1540 30 144 255
-15.0000 -12.0000 4.3840 220 50 50
-2.7500 -6.0000 1.0870 180 120 60
1.3125 1.5000 5.5000 220 50 50
2.0000 13.0000 4.8810 128 128 128
4.6875 -16.0000 2.8220 128 128 128
-9.4375 -7.5000 1.1640 180 120 60
-22.7500 -19.5000 0.1710 30 144 255
2.8750 -4.0000 3.0790 128 128 128
-12.1875 -16.5000 5.3300 220 50 50
-2.5625 -18.5000 5.8600 220 50 50
-22.3750 -8.0000 0.1480 30 144 255
25.1250 -8.0000 4.1550 220 50 50
-8.3750 17.0000 0.6300 180 120 60
-17.2500 13.5000 0.1500 180 120 60
20.8125 -17.0000 1.0430 180 120 60
10.5000 -16.5000 1.0000 180 120 60
8.5000 7.0000 1.2090 180 120 60
7.3125 -21.5000 5.3960 220 50 50
-17.1250 4.0000 0.4980 180 120 60
-2.5625 24.0000 0.1490 180 120 60
4.7500 -6.0000 1.8060 128 128 128
-1.5000 1.0000 1.2820 180 120 60
3.5000 -13.5000 1.3780 128 128 128
24.4375 -17.0000 5.2630 220 50 50
-5.8750 -1.0000 1.1130 180 120 60
-3.7500 12.5000 5.8910 220 50 50
6.6250 10.5000 1.6580 128 128 128
-16.1875 16.0000 0.1720 180 120 60
-4.8750 21.5000 0.1530 180 120 60
13.5000 11.0000 1.0420 180 120 60
-21.0000 13.5000 2.0710 255 165 0
19.9375 9.0000 1.1030 180 120 60
-7.8750 6.5000 1.4550 180 120 60
12.6250 11.0000 1.0300 180 120 60
-21.0625 8.0000 0.1480 30 144 255
-0.8125 6.0000 5.9840 220 50 50
-11.8750 15.0000 0.2000 180 120 60
23.0625 -12.0000 4.1890 220 50 50
-17.8750 14.5000 0.1360 180 120 60
14.0625 -10.5000 3.8030 220 50 50
-9.0625 -11.0000 5.3600 220 50 50
10.4375 -20.0000 1.0570 180 120 60
24.5625 -14.5000 4.9290 220 50 50
5.0000 -11.5000 1.0230 180 120 60
-18.3750 -13.0000 1.2970 180 120 60
0.0000 24.5000 0.1390 180 120 60
-0.3125 0.5000 1.2610 180 120 60
14.2500 3.5000 1.1450 180 120 60
-0.1250 9.0000 5.9940 220 50 50
-4.5000 20.5000 0.2140 180 120 60
10.0625 -21.0000 4.9690 220 50 50
-3.8750 13.0000 2.4530 220 50 50
17.3750 -3.0000 4.2000 220 50 50
-12.1250 -8.0000 5.3280 220 50 50
-16.7500 11.0000 2.0570 255 165 0
18.1875 9.5000 1.0950 180 120 60
9.8750 10.0000 1.1270 180 120 60
6.3125 -12.0000 1.0350 180 120 60
13.1875 -11.0000 3.6660 128 128 128
-19.4375 -10.0000 0.3940 180 120 60
19.5000 12.0000 0.1490 30 144 255
8.5625 3.0000 4.2830 220 50 50
5.0625 -2.5000 3.9950 220 50 50
-0.8750 8.5000 6.2100 220 50 50
-5.8125 22.0000 0.1400 180 120 60
23.2500 12.5000 0.1030 30 144 255
-13.9375 -17.5000 4.9950 220 50 50
-22.6875 5.0000 0.1450 30 144 255
-8.6250 -22.0000 5.0780 220 50 50
11.8750 -10.5000 1.0950 180 120 60
-11.0000 5.5000 1.5280 180 120 60
13.5000 19.0000 0.5340 128 128 128
-9.6875 6.0000 1.5150 180 120 60
21.0000 -17.5000 1.0290 180 120 60
0.8125 -3.0000 1.1670 180 120 60
-7.6250 8.0000 5.3220 220 50 50
8.0000 5.0000 4.2150 220 50 50
-17.9375 24.0000 0.9960 180 120 60
1.6875 -23.5000 3.5540 220 50 50
23.6875 -22.5000 0.9520 180 120 60
0.0625 -19.5000 7.2740 220 50 50
6.0000 -1.5000 4.1880 220 50 50
11.0000 13.0000 1.1740 180 120 60
6.5000 -2.5000 4.0720 220 50 50
-3.5000 2.5000 1.3520 180 120 60
18.5625 -21.5000 0.8790 180 120 60
-11.0625 -6.5000 1.3450 220 50 50
15.4375 -20.0000 0.9820 180 120 60
21.3125 -17.0000 1.0200 180 120 60
-19.0000 -21.5000 1.0780 180 120 60
-2.8750 24.0000 0.1630 180 120 60
18.2500 15.5000 1.0300 180 120 60
3.0625 -24.0000 3.5030 220 50 50
-4.7500 -1.0000 1.1950 180 120 60
4.6875 -22.0000 3.6160 220 50 50
13.5625 -14.5000 1.0010 180 120 60
-11.5625 -20.0000 4.1940 220 50 50
23.1875 -13.5000 4.4750 220 50 50
8.6875 6.0000 4.0520 220 50 50
-21.8125 -13.0000 0.3070 128 128 128
-21.5000 10.5000 0.1630 30 144 255
-5.0000 1.5000 1.2280 180 120 60
9.3125 11.0000 2.1440 128 128 128
12.1250 -21.5000 1.8550 128 128 128
9.8125 -11.0000 1.0490 180 120 60
14.5000 -22.5000 1.0630 180 120 60
2.3125 11.5000 5.0110 220 50 50
-23.8750 8.5000 0.1410 30 144 255
8.1250 5.5000 4.1610 220 50 50
19.8125 6.5000 1.2580 128 128 128
-14.5000 3.0000 1.4850 180 120 60
-17.7500 0.0000 1.2370 128 128 128
5.5000 17.0000 1.2080 180 120 60
-21.3750 13.0000 2.0340 255 165 0
-16.8125 -10.0000 3.9080 220 50 50
-17.9375 21.5000 0.8160 180 120 60
-12.7500 -3.5000 1.0900 180 120 60
13.5625 -1.5000 4.4080 220 50 50
19.6250 -2.0000 3.9950 220 50 50
-1.6875 -7.0000 1.0830 180 120 60
2.6875 5.5000 6.2040 220 50 50
14.0625 14.0000 1.0730 180 120 60
15.8750 23.0000 0.4970 128 128 128
8.5625 -1.5000 4.4120 220 50 50
-19.8750 -18.0000 1.0860 180 120 60
-16.9375 3.0000 0.6660 180 120 60
-17.3750 18.0000 0.1490 180 120 60
22.9375 -16.0000 4.7420 220 50 50
-7.0625 -7.0000 1.0710 180 120 60
-7.5625 12.5000 1.5480 128 128 128
11.8125 4.5000 1.1710 180 120 60
-17.3125 -6.0000 1.0430 180 120 60
-15.1250 -5.5000 1.1440 180 120 60
7.6875 -12.0000 1.0150 180 120 60
-11.6875 7.0000 1.6760 180 120 60
0.2500 -3.5000 1.1430 180 120 60
24.6875 -4.0000 1.1120 180 120 60
-16.0625 -12.0000 4.2380 220 50 50
6.9375 -22.0000 3.4680 220 50 50
13.4375 -6.0000 4.2680 220 50 50
-18.1875 -19.5000 1.5750 128 128 128
-12.3750 11.5000 0.6080 180 120 60
-16.0625 25.5000 0.9280 180 120 60
-8.2500 12.0000 1.3620 180 120 60
16.3125 24.5000 0.4330 128 128 128
-23.1250 -16.0000 0.1670 30 144 255
24.1875 7.0000 0.5920 180 120 60
13.2500 18.0000 0.1100 30 144 255
4.0000 -3.0000 1.1690 180 120 60
-1.3125 -16.5000 6.9160 220 50 50
12.3125 -11.0000 3.6810 128 128 128
-9.6875 -10.5000 5.4200 220 50 50
-21.5000 3.5000 0.1470 30 144 255
-11.0625 6.0000 1.5580 180 120 60
6.5625 -1.0000 4.2960 220 50 50
18.5625 -12.0000 1.1080 180 120 60
-17.1875 25.0000 0.9730 180 120 60
-1.8125 -3.5000 1.1070 180 120 60
-7.1250 11.5000 1.4910 180 120 60
4.1875 -13.5000 1.0820 180 120 60
11.9375 19.5000 0.7720 128 128 128
12.8750 -12.5000 3.6340 128 128 128
6.5000 -11.0000 1.0220 180 120 60
-17.9375 -19.0000 3.4090 128 128 128
1.7500 -9.0000 1.0970 180 120 60
-14.6875 -9.0000 4.2140 220 50 50
-3.0000 -6.5000 1.0790 180 120 60
7.3750 7.0000 4.0700 220 50 50
24.0625 3.5000 1.0360 180 120 60
-21.7500 -8.5000 0.1470 30 144 255
-8.5000 10.0000 1.5380 180 120 60
13.5000 13.5000 1.1720 180 120 60
20.3125 18.0000 0.9840 180 120 60
-23.0000 11.5000 0.1300 30 144 255
6.0625 7.5000 5.2200 220 50 50
-1.3125 -14.0000 6.5540 220 50 50
-16.9375 17.5000 0.1580 180 120 60
21.5625 6.5000 1.1040 180 120 60
-12.6250 20.0000 0.1450 180 120 60
12.4375 23.5000 0.5410 128 128 128
-19.8750 -15.0000 1.0830 128 128 128
-9.0625 -3.0000 1.0730 180 120 60
24.1250 3.5000 1.0350 180 120 60
0.9375 -10.5000 1.0860 180 120 60
12.7500 -13.0000 3.6600 128 128 128
20.1250 -14.0000 4.5290 220 50 50
8.5625 -13.5000 1.0360 180 120 60
14.7500 -23.0000 1.5300 128 128 128
-16.0000 0.0000 2.2470 128 128 128
-8.8750 18.5000 0.1410 180 120 60
-5.0000 6.0000 5.3350 220 50 50
-14.7500 17.0000 0.1430 180 120 60
-24.1875 21.0000 1.9900 180 120 60
-23.9375 5.0000 0.1500 30 144 255
8.8125 16.5000 1.2240 180 120 60
3.7500 23.0000 0.4440 180 120 60
11.8125 -2.5000 4.6060 220 50 50
-11.5625 -17.5000 5.2020 220 50 50
-23.5000 -9.5000 0.1420 30 144 255
4.4375 1.0000 4.4180 220 50 50
-22.0625 14.0000 2.0690 255 165 0
-5.6250 0.0000 1.1360 180 120 60
-14.0000 -12.0000 5.8290 220 50 50
12.1250 16.0000 0.7690 180 120 60
-8.8125 17.0000 0.3930 180 120 60
11.5625 8.0000 1.0730 180 120 60
5.3125 4.0000 4.5150 220 50 50
-0.8750 22.5000 0.2420 180 120 60
1.8750 -12.0000 1.1190 180 120 60
21.3125 4.5000 1.0370 180 120 60
-23.1250 -0.5000 0.1540 30 144 255
17.6875 -10.5000 4.2050 220 50 50
-13.1875 3.0000 1.4430 180 120 60
0.1875 23.0000 0.3800 180 120 60
-2.9375 16.5000 2.1060 128 128 128
4.0625 17.0000 2.0270 128 128 128
18.9375 0.5000 1.0910 180 120 60
-17.3750 -0.5000 1.5070 128 128 128
-10.9375 23.5000 0.1240 180 120 60
-11.3750 -7.5000 1.2360 180 120 60
17.3750 5.5000 1.5370 128 128 128
11.0000 4.0000 4.0640 220 50 50
7.5625 25.5000 0.1480 180 120 60
-15.6875 -18.5000 1.1780 180 120 60
18.6250 19.0000 0.1200 128 128 128
23.1250 -11.0000 4.5480 220 50 50
2.9375 -10.5000 1.0900 180 120 60
16.1250 -14.0000 1.0910 180 120 60
-6.4375 -9.5000 3.0290 220 50 50
-19.3125 -23.0000 0.9010 180 120 60
10.8125 3.0000 4.1450 220 50 50
-14.4375 -20.5000 2.4940 128 128 128
15.2500 -7.0000 4.2930 220 50 50
-16.6875 13.5000 0.1490 180 120 60
-12.5625 9.5000 1.8690 180 120 60
-7.0625 1.5000 1.2330 180 120 60
24.0000 11.5000 0.1680 30 144 255
-2.0000 -8.5000 1.1080 180 120 60
-16.9375 -17.5000 3.1890 128 128 128
-23.4375 -12.5000 0.1650 30 144 255
-9.0000 -9.0000 5.0850 220 50 50
7.3125 -9.0000 1.0540 180 120 60
6.5625 7.5000 5.1870 220 50 50
4.3125 8.0000 5.4550 220 50 50
-12.3125 5.0000 1.5930 180 120 60
-12.0625 4.0000 1.4800 180 120 60
11.0625 23.5000 1.0090 128 128 128
-11.8750 24.5000 0.1330 180 120 60
-7.3125 21.5000 0.1640 180 120 60
19.4375 17.0000 1.0510 180 120 60
-21.3750 12.0000 3.0320 128 128 128
13.5000 17.0000 0.1380 30 144 255
24.5000 -17.0000 5.2330 220 50 50
22.5000 -16.0000 4.7210 220 50 50
-17.6875 -16.0000 1.1710 180 120 60
-16.1875 -3.0000 1.1210 180 120 60
22.0625 -5.0000 2.3650 128 128 128
7.1875 -4.5000 3.9870 220 50 50
-19.5000 16.0000 0.1340 180 120 60
-16.0000 21.0000 0.1220 180 120 60
9.0000 6.5000 4.0030 220 50 50
-15.6250 16.5000 0.1710 180 120 60
22.0000 -1.5000 1.0520 180 120 60
-10.5625 10.0000 2.5580 128 128 128
-22.5000 25.5000 4.8830 220 50 50
3.8750 21.0000 1.2430 180 120 60
11.0625 -23.5000 5.2490 220 50 50
-19.3750 -3.0000 0.1460 30 144 255
16.5000 16.5000 0.3400 128 128 128
15.1875 -23.0000 1.6590 128 128 128
21.6875 18.0000 0.9650 180 120 60
-20.7500 -19.0000 1.0410 180 120 60
-8.6875 -18.0000 4.2710 220 50 50
1.4375 11.0000 5.2370 220 50 50
12.9375 -23.0000 3.2210 220 50 50
25.3125 -22.0000 0.9420 180 120 60
14.3750 9.0000 0.9110 180 120 60
7.6875 -13.5000 1.0340 180 120 60
13.9375 -20.0000 0.9660 180 120 60
23.6875 -13.0000 4.4360 220 50 50
14.5000 -10.5000 3.8440 220 50 50
22.0625 20.5000 0.9370 180 120 60
22.0000 -22.0000 0.9060 180 120 60
15.1875 11.5000 1.0900 180 120 60
-20.6250 22.0000 1.2010 180 120 60
20.1875 -2.0000 1.1490 180 120 60
1.9375 -14.0000 1.1010 180 120 60
19.5000 -11.5000 1.0840 180 120 60
-9.6875 -20.5000 5.3840 220 50 50
-14.6250 16.5000 0.1350 180 120 60
-18.9375 -4.5000 0.1410 30 144 255
13.5000 -21.5000 2.2260 128 128 128
2.1250 -3.5000 3.1080 128 128 128
-12.5000 2.5000 1.3760 180 120 60
-13.6875 -23.5000 1.1670 180 120 60
-10.4375 0.0000 1.1480 180 120 60
-22.1875 -16.0000 1.0750 128 128 128
-15.0000 -0.5000 1.0520 180 120 60
14.5625 11.5000 1.0720 180 120 60
7.2500 0.5000 4.5120 220 50 50
4.7500 6.5000 5.7280 220 50 50
-15.8125 14.5000 0.1460 180 120 60
15.5000 -14.5000 1.0470 180 120 60
18.2500 8.0000 1.4350 128 128 128
18.0000 -5.5000 4.3810 220 50 50
8.7500 -8.5000 1.0960 180 120 60
-13.1875 9.5000 1.9710 255 165 0
-11.5000 -2.5000 1.0360 180 120 60
7.8750 17.5000 1.2130 180 120 60
-3.3125 3.0000 1.4120 220 50 50
-17.5000 -1.0000 1.4160 128 128 128
-9.8750 -5.0000 1.0480 180 120 60
-6.4375 -1.0000 1.1050 180 120 60
24.1250 11.0000 0.1510 30 144 255
-13.1875 -2.5000 1.0730 180 120 60
25.5625 4.0000 1.1610 180 120 60
1.3750 -12.0000 1.3400 128 128 128
-3.1250 23.0000 0.1550 180 120 60
3.8125 -15.0000 2.9170 128 128 128
-5.5625 -15.0000 4.2410 220 50 50
11.0000 9.5000 1.0680 180 120 60
-9.6875 3.0000 1.3410 180 120 60
13.2500 6.5000 1.0470 180 120 60
-2.4375 -11.0000 4.3510 220 50 50
16.5000 -8.5000 4.2190 220 50 50
6.2500 10.0000 3.3230 128 128 128
15.1875 -15.0000 1.0210 180 120 60
-3.1875 9.0000 6.2890 220 50 50
19.3750 9.0000 1.0880 180 120 60
1.0000 -14.5000 6.2510 220 50 50
-9.0625 16.0000 0.7040 180 120 60
-16.8125 6.0000 1.7870 255 165 0
-11.8125 13.0000 0.1470 180 120 60
10.5625 -0.5000 4.5400 220 50 50
1.1250 4.0000 5.9710 220 50 50
20.5625 -9.0000 1.0290 180 120 60
-19.8750 18.5000 1.0310 128 128 128
5.0625 15.5000 1.9480 128 128 128
10.0625 15.5000 1.2190 180 120 60
16.5625 14.5000 0.1860 30 144 255
1.3125 -7.0000 1.0940 180 120 60
23.1250 4.0000 1.0220 180 120 60
16.8125 -9.0000 4.2350 220 50 50
10.8125 5.0000 1.1930 180 120 60
-2.3125 -23.5000 5.5300 220 50 50
-11.6250 -15.5000 5.5590 220 50 50
17.5000 23.5000 0.1350 30 144 255
11.1875 10.5000 1.0550 180 120 60
6.7500 12.0000 1.1890 180 120 60
12.6250 15.5000 0.7820 180 120 60
13.3125 22.5000 0.5510 180 120 60
-1.3750 -24.0000 2.1110 128 128 128
-5.8125 19.5000 0.5120 180 120 60
16.6250 -12.5000 3.8520 220 50 50
-0.0625 -18.0000 6.9830 220 50 50
-3.2500 6.0000 5.6060 220 50 50
-2.8125 -18.0000 5.9470 220 50 50
-14.6875 -11.0000 4.3590 220 50 50
-1.5625 -17.5000 7.1090 220 50 50
-16.6250 -7.0000 1.2140 180 120 60
-18.3750 17.5000 0.1490 180 120 60
-8.4375 -8.5000 4.9880 220 50 50
12.7500 -15.0000 0.9850 180 120 60
20.3750 -9.0000 1.0650 180 120 60
7.0625 -20.5000 3.7270 220 50 50
5.1250 -7.5000 1.0870 180 120 60
-12.8125 -23.0000 4.1920 220 50 50
17.4375 1.5000 1.1810 180 120 60
-5.1875 13.0000 1.3680 180 120 60
-1.7500 0.0000 1.4120 128 128 128
6.8125 -2.0000 4.1950 220 50 50
0.8750 -4.5000 1.1060 180 120 60
-9.0625 12.0000 1.4100 180 120 60
16.2500 14.0000 0.3230 180 120 60
-18.1875 -23.0000 1.0570 180 120 60
11.0625 19.5000 5.2690 128 128 128
-17.0000 7.0000 1.9870 255 165 0
24.9375 -9.0000 4.2630 220 50 50
4.2500 -20.0000 3.8260 220 50 50
-14.5625 -12.5000 5.6240 220 50 50
3.8125 13.5000 4.6730 128 128 128
-6.8125 -18.5000 5.2490 220 50 50
-11.8125 18.5000 0.0870 180 120 60
-10.8125 14.5000 0.1710 180 120 60
18.3750 11.0000 0.9610 180 120 60
23.0625 -17.0000 4.9340 220 50 50
-15.7500 -2.0000 1.0810 180 120 60
7.2500 -11.5000 1.0230 180 120 60
8.8750 16.5000 5.1570 128 128 128
-13.5000 16.5000 0.1190 180 120 60
23.0000 0.0000 0.9550 180 120 60
-4.5625 2.0000 1.2830 180 120 60
-20.8750 4.5000 0.1740 30 144 255
0.7500 10.5000 5.4800 220 50 50
-20.6875 9.5000 0.1350 30 144 255
-4.5625 -13.0000 5.6460 220 50 50
-15.7500 3.5000 1.3170 180 120 60
17.0625 8.0000 1.3410 128 128 128
0.8750 -12.0000 1.3910 128 128 128
-6.6250 3.0000 1.3020 180 120 60
-8.4375 7.0000 5.0450 220 50 50
14.8125 -9.5000 3.9580 220 50 50
-11.4375 7.5000 1.6940 180 120 60
-5.0625 -17.5000 4.9210 220 50 50
-18.5000 -4.5000 0.1430 180 120 60
-10.6875 8.5000 1.5740 180 120 60
22.5625 3.5000 0.9610 180 120 60
4.5625 2.5000 4.5600 220 50 50
-3.5625 -13.5000 4.2180 220 50 50
-19.6250 -19.5000 1.0700 180 120 60
7.1875 -20.0000 3.7860 220 50 50
4.8125 -16.5000 4.0160 220 50 50
-6.4375 21.0000 0.1540 180 120 60
18.9375 -12.0000 4.1460 220 50 50
-14.7500 9.0000 2.0180 255 165 0
-0.7500 25.0000 0.1670 180 120 60
-11.6875 -21.5000 4.2370 220 50 50
22.4375 19.5000 0.9540 180 120 60
18.7500 -12.5000 1.0760 180 120 60
-16.6875 -7.5000 1.1850 180 120 60
3.5625 15.5000 5.6490 128 128 128
-21.1875 16.5000 2.9830 128 128 128
-9.1250 -14.0000 5.9720 220 50 50
-18.7500 14.5000 3.0820 128 128 128
-6.9375 11.5000 1.4100 180 120 60
-18.3125 -12.0000 3.8640 220 50 50
6.4375 6.5000 4.1800 220 50 50
4.9375 -12.5000 1.0480 180 120 60
11.3750 0.0000 4.4900 220 50 50
-3.3125 1.0000 1.2410 180 120 60
13.6250 17.5000 0.2150 128 128 128
-21.3750 11.0000 0.1600 30 144 255
-13.2500 -5.5000 1.1240 180 120 60
-0.8750 -17.5000 7.0290 220 50 50
13.0000 -4.0000 4.5270 220 50 50
12.4375 11.5000 1.0610 180 120 60
-17.6875 -18.0000 2.9100 128 128 128
-3.4375 -8.5000 1.0790 180 120 60
2.7500 9.0000 5.4540 220 50 50
21.8750 -17.0000 1.0690 180 120 60
21.8125 -4.5000 2.3520 220 50 50
-23.2500 -17.0000 0.1770 30 144 255
10.3750 -12.5000 1.0160 180 120 60
-22.8125 8.5000 0.1450 30 144 255
20.6250 -16.0000 3.1770 128 128 128
22.6250 21.0000 0.1210 30 144 255
-21.1875 13.5000 2.0560 255 165 0
13.1875 -4.5000 4.4350 220 50 50
-7.0625 -18.5000 4.2190 220 50 50
21.3125 -8.0000 1.0740 180 120 60
-19.0000 7.5000 0.1380 30 144 255
-16.2500 -16.0000 2.9970 128 128 128
-19.8125 21.0000 1.1180 180 120 60
15.1250 -1.0000 4.1540 220 50 50
0.6250 17.0000 2.5870 128 128 128
9.9375 10.5000 1.1600 180 120 60
-3.6875 -3.0000 1.1140 180 120 60
24.6250 -17.5000 5.3940 220 50 50
-10.4375 21.5000 0.1040 180 120 60
-19.6875 10.5000 2.2750 255 165 0
-22.5625 -11.5000 0.2510 128 128 128
-19.0000 -11.0000 0.5790 180 120 60
-5.1250 -15.0000 5.1810 220 50 50
-16.1875 4.5000 1.4010 180 120 60
24.3750 -9.5000 4.3480 220 50 50
6.1250 -0.5000 4.3190 220 50 50
23.9375 -4.5000 1.1170 180 120 60
2.4375 -2.5000 1.1610 180 120 60
-20.1875 -11.5000 0.3060 128 128 128
11.6875 13.5000 1.1590 180 120 60
11.0625 3.0000 4.1680 220 50 50
6.9375 13.0000 1.1720 180 120 60
23.1875 7.0000 1.0190 180 120 60
19.0625 -19.5000 0.9230 180 120 60
-19.1875 -5.0000 0.1360 30 144 255
7.5625 -1.0000 4.3990 220 50 50
-0.3750 -19.0000 7.2020 220 50 50
-19.7500 -4.5000 0.1510 30 144 255
-11.6250 -4.5000 1.1100 180 120 60
-14.5625 21.0000 0.1010 180 120 60
-17.4375 -8.0000 1.4120 220 50 50
-12.3125 -20.0000 1.3800 128 128 128
-19.6875 -2.5000 0.1530 30 144 255
-14.5000 -15.0000 5.3160 220 50 50
14.3750 -10.0000 3.9310 220 50 50
-6.9375 16.5000 1.1320 180 120 60
6.6250 -11.0000 1.0360 180 120 60
-19.5000 -12.5000 0.4130 180 120 60
10.3750 -22.0000 5.0220 220 50 50
8.5000 -16.0000 1.0440 180 120 60
-16.0625 -1.5000 1.1190 180 120 60
-1.8750 12.5000 5.4890 220 50 50
23.0625 11.5000 0.1350 30 144 255
20.8750 -14.5000 4.0880 220 50 50
7.3125 -15.5000 1.0470 180 120 60
2.6250 -5.0000 2.8190 128 128 128
-21.3750 5.0000 0.1660 30 144 255
0.6250 18.0000 4.4900 128 128 128
-15.3750 -19.5000 1.1240 180 120 60
-8.7500 -7.0000 1.1240 180 120 60
-0.7500 19.0000 1.9780 128 128 128
-6.9375 19.0000 0.3390 180 120 60
25.4375 3.0000 1.0920 180 120 60
12.6250 -9.5000 1.0990 180 120 60
-8.2500 12.0000 1.3480 180 120 60
-22.6875 -24.0000 0.1600 30 144 255
22.3125 -1.5000 1.0640 180 120 60
0.3125 15.0000 4.4810 128 128 128
-9.5000 25.0000 0.1670 180 120 60
16.1875 12.5000 1.0120 180 120 60
18.2500 -9.5000 3.1760 220 50 50
-2.7500 6.5000 5.8260 220 50 50
-14.5625 -13.5000 5.5200 220 50 50
23.1250 -8.0000 1.1100 180 120 60
-13.2500 25.5000 0.1290 180 120 60
2.4375 -23.5000 3.7010 220 50 50
20.4375 -9.0000 1.0530 180 120 60
12.8750 3.5000 1.1980 180 120 60
19.5625 -16.0000 1.0180 180 120 60
-0.0625 -5.5000 1.1080 180 120 60
1.6250 19.0000 1.2040 180 120 60
-16.3125 13.5000 0.2100 128 128 128
17.1875 -6.5000 4.5700 220 50 50
1.3750 19.0000 4.5090 128 128 128
21.5625 -22.0000 0.9180 180 120 60
-5.0625 15.0000 1.6150 128 128 128
-3.1875 15.5000 1.4480 180 120 60
-2.2500 6.5000 5.9000 220 50 50
5.2500 4.5000 4.4810 220 50 50
9.9375 23.5000 0.7990 128 128 128
-13.0000 4.5000 1.6360 180 120 60
13.9375 14.0000 1.1530 180 120 60
13.9375 -17.5000 0.9750 180 120 60
-9.7500 23.5000 0.1530 180 120 60
6.0000 -11.0000 1.0110 180 120 60
-16.6875 13.5000 0.1390 180 120 60
-14.6250 20.5000 0.1260 180 120 60
21.1250 -7.0000 2.3010 128 128 128
-19.4375 5.5000 0.1390 30 144 255
-24.0000 4.0000 0.1470 30 144 255
-1.1875 14.0000 5.1160 220 50 50
11.0000 -4.5000 4.3840 220 50 50
9.7500 -5.5000 4.0820 220 50 50
4.0625 -5.0000 3.0490 128 128 128
-4.5000 15.5000 1.3320 180 120 60
-10.3750 -3.5000 1.0540 180 120 60
-1.1875 10.5000 5.8420 220 50 50
-11.3125 -6.5000 1.2880 128 128 128
17.5000 -3.5000 4.2420 220 50 50
8.2500 -4.0000 4.1420 220 50 50
-8.3125 22.5000 0.1480 180 120 60
-15.2500 -13.5000 5.4550 220 50 50
-8.1250 -16.5000 4.1970 220 50 50
-0.3750 -12.0000 4.1280 220 50 50
23.8125 -16.5000 5.0230 220 50 50
-16.7500 -18.0000 5.0530 128 128 128
9.1875 -4.5000 4.1410 220 50 50
-15.0000 15.5000 0.1560 180 120 60
-11.1250 -6.5000 1.1790 180 120 60
13.7500 14.5000 0.9000 180 120 60
-13.0000 -2.5000 1.0430 180 120 60
10.4375 13.5000 1.2100 180 120 60
-2.3125 15.0000 4.9360 220 50 50
22.3750 -10.5000 3.7320 220 50 50
7.8750 -1.5000 4.3420 220 50 50
-14.1250 10.5000 0.8530 180 120 60
-18.4375 -18.5000 3.4580 128 128 128
-20.4375 24.0000 4.8530 220 50 50
24.3125 11.5000 0.1150 30 144 255
19.8125 -11.5000 1.0910 180 120 60
25.1875 -4.0000 1.0980 180 120 60
3.5000 -15.0000 2.8840 220 50 50
-3.3125 1.5000 1.2480 180 120 60
-5.6250 21.0000 0.1460 180 120 60
-17.5000 -2.5000 0.4310 180 120 60
8.8125 22.5000 0.1320 180 120 60
-2.4375 18.0000 1.7510 128 128 128
-2.1250 -8.5000 1.1050 180 120 60
-22.6875 -21.5000 1.7390 128 128 128
25.3750 5.5000 1.0750 180 120 60
21.6875 22.0000 0.1100 30 144 255
-13.3125 -6.5000 1.2750 180 120 60
7.6875 -8.0000 1.1180 180 120 60
-4.2500 12.0000 6.0780 220 50 50
17.1875 -21.5000 0.9510 180 120 60
15.8750 0.0000 4.0210 220 50 50
3.0625 13.0000 4.6800 128 128 128
-2.3125 13.5000 5.3810 220 50 50
-4.3125 16.5000 1.2750 180 120 60
22.4375 4.0000 1.0170 180 120 60
-9.8125 19.0000 0.1360 180 120 60
25.6250 -16.5000 5.4170 220 50 50
19.6250 3.5000 1.0290 180 120 60
4.4375 -12.0000 1.0830 180 120 60
0.6875 11.0000 5.3600 220 50 50
-11.7500 18.5000 0.1700 180 120 60
13.3750 13.0000 1.1480 180 120 60
-7.3750 -13.0000 3.9010 220 50 50
-2.0000 8.5000 6.3460 220 50 50
17.3125 20.0000 0.1440 128 128 128
0.8750 24.0000 0.1430 180 120 60
-8.5000 -5.0000 1.0710 180 120 60
-18.1875 -18.0000 3.7120 128 128 128
11.5625 12.0000 1.0900 180 120 60
14.3125 -2.5000 4.4060 220 50 50
11.3125 7.0000 1.1080 180 120 60
16.8750 15.5000 0.4800 128 128 128
10.5625 11.5000 1.1060 180 120 60
-5.0625 20.5000 0.1180 180 120 60
9.1875 17.0000 1.2220 180 120 60
-9.2500 -8.0000 1.1930 180 120 60
-1.4375 7.5000 6.2810 220 50 50
-12.7500 7.0000 1.7590 180 120 60
4.5000 3.0000 4.5720 220 50 50
-24.1875 11.5000 0.1390 30 144 255
15.8125 -17.5000 0.9420 180 120 60
24.7500 -20.0000 0.9980 180 120 60
-6.0000 15.5000 1.2130 180 120 60
0.2500 23.5000 0.1720 180 120 60
10.1875 -7.5000 3.8320 220 50 50
24.2500 -16.5000 5.1200 220 50 50
9.5625 -23.5000 5.4550 220 50 50
-10.8125 -1.0000 1.1180 180 120 60
-17.0000 3.0000 0.5650 180 120 60
20.5625 4.0000 0.9970 180 120 60
2.5000 24.0000 0.1760 180 120 60
-11.6250 6.5000 1.6590 180 120 60
10.1875 -5.0000 4.2040 220 50 50
-11.6250 1.5000 1.2320 180 120 60
-3.6250 -21.5000 5.6010 220 50 50
23.3125 -11.0000 4.5410 220 50 50
0.0000 7.5000 6.2480 220 50 50
15.4375 -17.0000 0.9600 180 120 60
-0.2500 20.5000 1.2320 180 120 60
-17.8125 9.0000 2.0650 255 165 0
-1.1250 11.5000 5.6470 220 50 50
3.8750 15.5000 2.0690 128 128 128
15.5000 -3.5000 4.4320 220 50 50
13.3125 -6.5000 4.2280 220 50 50
25.2500 -9.0000 4.1400 220 50 50
-24.1250 22.5000 1.5730 180 120 60
-5.9375 4.0000 1.3140 180 120 60
4.9375 25.0000 0.0590 180 120 60
-14.0000 -14.5000 5.3660 220 50 50
22.0000 -23.5000 0.9430 180 120 60
-9.5625 -21.0000 4.3200 220 50 50
13.1875 4.5000 1.9530 128 128 128
-14.6875 0.5000 1.2180 180 120 60
-12.5000 11.0000 1.0180 180 120 60
3.6875 15.0000 5.7310 128 128 128
-5.5625 5.5000 5.1550 220 50 50
-0.4375 -17.5000 6.9580 220 50 50
7.5000 -16.5000 1.0690 180 120 60
-20.9375 -11.0000 0.3460 128 128 128
-6.1250 17.5000 1.1150 180 120 60
-21.1250 -23.5000 0.2650 128 128 128
22.1250 -2.0000 1.0640 180 120 60
-0.2500 -22.5000 3.1480 220 50 50
2.9375 0.0000 4.1390 220 50 50
22.9375 -18.5000 1.0310 180 120 60
-23.3750 3.0000 0.1370 30 144 255
-18.9375 -9.5000 0.4210 180 120 60
-7.7500 26.0000 0.1560 180 120 60
24.6250 6.5000 0.6570 180 120 60
-3.9375 7.0000 5.7410 220 50 50
1.3125 -4.0000 1.1340 180 120 60
-9.0625 -14.0000 5.9520 220 50 50
14.3750 -19.0000 0.9620 180 120 60
-12.9375 -15.5000 5.3570 220 50 50
-18.3750 7.0000 0.1970 128 128 128
23.7500 -14.0000 4.6660 220 50 50
11.1250 15.0000 2.4000 128 128 128
12.9375 -1.0000 4.3970 220 50 50
-8.1250 -7.0000 1.0910 180 120 60
-22.5625 20.0000 1.5750 180 120 60
-8.1875 -3.5000 1.0930 180 120 60
-11.8750 -1.0000 1.1120 180 120 60
-16.5000 16.0000 0.1400 180 120 60
-18.5000 26.0000 5.4610 220 50 50
6.9375 13.5000 1.1890 180 120 60
-9.0625 -16.5000 5.2610 220 50 50
-5.5000 -3.5000 1.1400 180 120 60
-20.5000 -22.5000 2.0540 128 128 128
-6.1875 -12.0000 4.3030 220 50 50
20.2500 -21.5000 0.9320 180 120 60
-14.9375 19.5000 0.1400 180 120 60
-4.8750 -14.0000 5.4160 220 50 50
24.5625 2.0000 0.9990 180 120 60
-2.4375 16.5000 2.3290 128 128 128
-11.1250 -16.0000 5.4870 220 50 50
-8.6875 -6.5000 1.0750 180 120 60
4.8125 23.0000 0.1290 180 120 60
23.6875 -18.0000 5.2550 220 50 50
10.8750 17.0000 0.8440 180 120 60
-14.5625 14.0000 0.1380 180 120 60
-13.0000 14.5000 0.1350 180 120 60
-14.3750 14.5000 0.1540 180 120 60
14.3750 -19.5000 0.9830 180 120 60
-23.4375 13.5000 3.0040 128 128 128
23.8125 2.5000 0.9690 180 120 60
6.2500 -20.5000 3.7090 220 50 50
-18.0625 -6.0000 0.5280 180 120 60
-10.6875 -17.5000 3.2970 220 50 50
-5.0625 -5.5000 1.0650 180 120 60
21.1875 -11.5000 3.6790 220 50 50
22.4375 -20.5000 0.9540 180 120 60
-14.2500 4.0000 1.6430 180 120 60
10.5000 1.0000 4.3970 220 50 50
19.8125 14.0000 0.1870 30 144 255
-10.7500 -10.0000 5.4540 220 50 50
6.9375 -1.5000 4.2950 220 50 50
-9.5625 19.0000 0.1520 180 120 60
-7.0000 -19.5000 4.2170 220 50 50
-22.4375 4.0000 0.1270 30 144 255
25.0000 -12.0000 4.4680 220 50 50
-21.2500 -15.5000 2.1880 128 128 128
6.0625 -17.0000 1.1090 180 120 60
5.3125 6.0000 5.6700 220 50 50
0.8750 -7.5000 1.0690 180 120 60
-4.8750 13.0000 1.4120 180 120 60
11.7500 19.0000 0.6500 128 128 128
-9.5000 2.5000 1.3050 180 120 60
-23.5625 17.5000 1.9620 180 120 60
0.6875 15.5000 4.5510 128 128 128
1.2500 -7.0000 1.0670 180 120 60
-23.5625 -22.0000 0.1350 30 144 255
7.6250 26.0000 0.1090 180 120 60
-21.1875 -16.0000 2.2270 128 128 128
-24.1250 13.0000 0.3710 128 128 128
9.6250 4.5000 4.1140 220 50 50
12.5625 -11.5000 3.6570 128 128 128
25.0000 2.0000 1.0170 180 120 60
-19.3750 2.5000 0.1380 30 144 255
16.2500 -17.5000 0.9740 180 120 60
3.2500 -18.5000 4.0250 220 50 50
-23.6250 -16.0000 0.1450 30 144 255
7.8125 26.0000 0.1230 180 120 60
1.7500 3.0000 5.9150 220 50 50
5.3125 6.0000 4.3270 220 50 50
-15.2500 12.5000 0.1530 180 120 60
17.1875 9.0000 1.0360 180 120 60
-2.7500 -11.0000 4.2890 220 50 50
11.6875 25.0000 0.2880 128 128 128
-0.5000 -14.5000 6.4540 220 50 50
-14.0000 7.0000 1.9240 255 165 0
-2.0625 -2.5000 1.1440 180 120 60
9.1875 25.0000 0.1630 180 120 60
4.5625 11.0000 1.2640 180 120 60
14.0625 22.5000 0.5490 128 128 128
-5.5000 -22.5000 5.4130 220 50 50
-16.5000 18.0000 0.1130 180 120 60
19.8750 -13.5000 4.2400 220 50 50
3.1250 -3.0000 3.0990 128 128 128
-5.6875 -20.0000 4.2280 220 50 50
12.6250 0.5000 4.2570 220 50 50
11.9375 -23.5000 5.1650 220 50 50
-18.1875 -14.0000 4.0360 220 50 50
-21.3750 4.0000 0.1120 30 144 255
-14.1250 24.5000 0.1320 180 120 60
-19.5000 -4.5000 0.1350 30 144 255
14.0000 -21.5000 1.9870 128 128 128
-8.0625 -10.0000 5.1270 220 50 50
-13.3125 -9.0000 1.1460 180 120 60
-22.8750 -3.5000 0.1230 30 144 255
-12.4375 -11.0000 5.8190 220 50 50
5.8125 -10.0000 1.0450 180 120 60
-6.4375 11.0000 1.3340 180 120 60
25.3750 -23.5000 0.8590 180 120 60
12.1250 0.5000 4.3650 220 50 50
15.5625 15.0000 0.0860 30 144 255
7.0000 -23.5000 5.8020 220 50 50
-6.3125 20.0000 0.1730 180 120 60
-4.6875 6.0000 5.4270 220 50 50
-0.1250 -12.0000 2.0510 128 128 128
-15.1875 2.5000 1.4840 180 120 60
1.1875 -12.5000 1.3200 128 128 128
-9.4375 22.0000 0.1230 180 120 60
-13.3125 25.5000 0.1700 180 120 60
14.5625 -3.0000 4.4800 220 50 50
-15.0625 10.5000 2.6710 128 128 128
-14.6250 16.0000 0.1390 180 120 60
18.0000 -22.5000 0.9390 180 120 60
18.5625 -2.0000 4.0100 220 50 50
-17.5000 -5.0000 0.7930 180 120 60
-16.3750 23.0000 0.3060 128 128 128
-21.3125 -18.0000 1.8210 128 128 128
7.8125 -6.0000 3.8540 220 50 50
-23.8750 -3.0000 0.1570 30 144 255
24.0625 -15.0000 4.8550 220 50 50
-20.1875 -22.0000 2.1880 128 128 128
12.6875 -3.0000 4.5820 220 50 50
-22.1250 -14.5000 0.1230 30 144 255
11.9375 -10.5000 3.6290 128 128 128
6.0625 -22.5000 3.3800 220 50 50
-21.4375 -14.0000 0.1600 30 144 255
-12.2500 -7.0000 1.1330 180 120 60
-19.8125 5.5000 0.1400 30 144 255
-2.4375 -1.0000 1.1920 180 120 60
2.2500 -15.5000 6.3040 220 50 50
10.3750 12.0000 1.1420 180 120 60
-23.3125 26.0000 4.8180 220 50 50
-17.0000 9.0000 2.0620 255 165 0
12.6875 12.5000 1.1090 180 120 60
-5.0000 -14.5000 5.3030 220 50 50
-22.2500 21.0000 1.4270 180 120 60
17.9375 -2.5000 4.1180 220 50 50
1.7500 11.5000 5.1360 220 50 50
-16.3125 10.5000 2.0500 255 165 0
2.4375 -10.5000 1.0820 180 120 60
-4.4375 -13.0000 4.2390 220 50 50
14.0000 -17.0000 0.9740 180 120 60
17.5625 1.0000 1.5860 128 128 128
5.9375 -7.5000 1.0850 180 120 60
16.3125 0.0000 4.0180 220 50 50
8.8750 -1.5000 4.4510 220 50 50
18.8750 -9.0000 3.1020 128 128 128
11.6875 -19.0000 0.9990 180 120 60
3.5625 12.5000 1.2410 180 120 60
20.5000 -8.5000 1.0660 180 120 60
0.6250 -3.5000 1.1560 180 120 60
4.2500 -6.0000 1.1700 180 120 60
5.5625 19.0000 1.2320 180 120 60
-1.3750 -5.0000 1.1110 180 120 60
15.8750 23.0000 0.5650 128 128 128
1.4375 -5.5000 1.1330 180 120 60
-12.3750 -17.0000 5.2160 220 50 50
6.0625 -18.5000 3.8500 220 50 50
0.6250 10.0000 5.5580 220 50 50
-12.1875 -19.0000 1.2050 180 120 60
5.7500 -15.5000 1.0990 180 120 60
20.5000 -11.0000 1.1210 180 120 60
13.7500 15.0000 0.5450 180 120 60
16.4375 22.0000 5.4440 128 128 128
23.8750 -3.5000 1.0880 180 120 60
-6.1875 25.5000 0.1570 180 120 60
-5.3750 -16.0000 4.1970 220 50 50
-15.1875 -4.5000 1.2130 180 120 60
3.3125 -2.0000 1.4920 220 50 50
1.2500 11.5000 5.2050 220 50 50
-14.9375 -17.0000 1.2020 180 120 60
20.3750 -19.0000 0.9620 180 120 60
0.5625 -17.5000 6.8440 220 50 50
2.0625 20.5000 2.2750 128 128 128
-20.2500 23.0000 4.6940 220 50 50
24.8125 -1.0000 1.0050 180 120 60
9.7500 -7.0000 3.8760 220 50 50
-24.0000 14.0000 0.3830 128 128 128
5.0000 -1.5000 4.0890 220 50 50
-10.2500 -21.5000 4.3240 220 50 50
13.1250 -11.0000 3.6820 128 128 128
-14.7500 4.5000 1.7910 180 120 60
21.6875 -2.0000 1.0810 180 120 60
16.7500 -1.0000 4.0850 220 50 50
-6.3125 -21.0000 5.4150 220 50 50
-0.7500 -17.5000 6.9960 220 50 50
3.5625 6.5000 5.8500 220 50 50
23.3750 7.5000 0.6310 180 120 60
10.1875 17.0000 0.8570 180 120 60
21.8750 -13.0000 4.0850 220 50 50
7.5000 -18.5000 1.6510 220 50 50
19.6875 11.5000 0.3160 180 120 60
3.6250 20.0000 1.2850 180 120 60
-20.5000 -9.0000 0.3160 128 128 128
4.5000 -9.5000 1.0540 180 120 60
-2.4375 -20.0000 5.7700 220 50 50
3.1250 -14.5000 2.3140 128 128 128
1.9375 -20.0000 4.0650 220 50 50
2.3750 -10.0000 1.0710 180 120 60
-18.4375 -15.0000 1.8340 128 128 128
-21.8125 -4.0000 0.1480 30 144 255
-12.1875 -15.0000 5.5430 220 50 50
10.0000 18.0000 0.6330 180 120 60
-4.1250 17.0000 1.1990 180 120 60
-0.3125 -1.0000 1.1720 180 120 60
11.4375 2.5000 4.1600 220 50 50
10.1250 -2.5000 4.4750 220 50 50
19.8750 18.5000 0.1910 128 128 128
-20.4375 19.0000 1.1110 180 120 60
-14.2500 20.5000 0.1400 180 120 60
-1.9375 20.0000 1.1710 180 120 60
2.0000 12.0000 4.9680 220 50 50
5.8125 -13.5000 1.0740 180 120 60
-6.0000 22.5000 0.1600 180 120 60
-22.9375 14.0000 2.0470 255 165 0
10.6875 -8.5000 1.1170 180 120 60
-1.1875 1.0000 1.2790 180 120 60
1.6250 23.0000 0.5600 180 120 60
16.3125 -20.0000 0.9500 180 120 60
-6.6875 2.5000 1.2900 180 120 60
7.3125 -17.0000 1.5190 128 128 128
15.4375 22.5000 0.4990 128 128 128
14.8125 23.0000 0.5420 128 128 128
14.3750 -0.5000 4.2450 220 50 50
-6.1875 23.0000 0.1470 180 120 60
-15.5000 -19.0000 5.0580 128 128 128
-19.5625 -13.5000 0.4450 180 120 60
4.9375 -18.0000 3.9420 220 50 50
-9.6250 -8.5000 5.1040 220 50 50
-19.2500 -4.5000 0.1540 30 144 255
-3.0000 22.5000 0.1480 180 120 60
18.8750 -15.5000 4.3080 128 128 128
-0.1875 -24.0000 3.2970 220 50 50
-12.0625 0.0000 1.1360 180 120 60
-3.1250 -15.0000 5.1500 220 50 50
15.4375 -23.0000 1.3560 128 128 128
6.5625 -20.5000 3.7370 220 50 50
-13.9375 -10.0000 4.3980 220 50 50
-3.7500 -11.5000 4.4460 220 50 50
24.4375 -9.0000 4.2620 220 50 50
-14.5625 -14.0000 5.3990 220 50 50
17.8750 7.5000 1.4450 128 128 128
14.9375 4.0000 1.8150 128 128 128
24.3125 -12.5000 4.5440 220 50 50
-15.8125 9.0000 2.0310 255 165 0
-0.1875 17.0000 2.2640 128 128 128
-13.6250 24.0000 0.0910 180 120 60
-15.4375 3.0000 1.4690 180 120 60
-11.4375 21.0000 0.1310 180 120 60
-22.0000 13.5000 2.0480 255 165 0
16.0000 -11.0000 3.9200 220 50 50
-20.9375 22.0000 1.2580 180 120 60
7.3750 -5.0000 3.9220 220 50 50
-9.6875 0.5000 1.2190 180 120 60
2.8750 12.5000 4.7180 128 128 128
5.6875 -4.5000 1.1940 180 120 60
15.5000 8.5000 0.9620 180 120 60
-21.2500 25.0000 4.8890 220 50 50
-18.6250 14.0000 3.0330 128 128 128
-20.9375 -16.5000 1.1680 180 120 60
14.9375 10.0000 1.0170 180 120 60
-9.3125 -21.5000 4.2210 220 50 50
-15.8750 -18.0000 1.2450 180 120 60
-14.6875 -9.0000 1.1350 180 120 60
-2.9375 -18.5000 5.8490 220 50 50
-11.2500 22.0000 0.1590 180 120 60
8.9375 11.5000 2.3910 128 128 128
-9.0000 18.0000 0.1710 180 120 60
7.9375 15.5000 1.1780 180 120 60
-18.9375 -15.0000 2.9210 128 128 128
15.0000 18.5000 0.1790 128 128 128
18.1250 0.0000 1.6030 128 128 128
-2.6250 0.0000 1.2080 180 120 60
0.1250 -18.0000 6.9430 220 50 50
11.8125 18.5000 0.6380 128 128 128
9.5000 -17.5000 1.0420 180 120 60
-9.8750 -10.0000 5.3230 220 50 50
13.5625 -5.5000 4.3880 220 50 50
20.4375 -13.0000 3.7540 220 50 50
9.4375 20.5000 5.4400 128 128 128
22.6250 -14.0000 4.3930 220 50 50
-21.1250 -14.0000 0.1570 30 144 255
20.5000 22.0000 0.1790 30 144 255
-11.0000 -21.0000 4.2470 220 50 50
-12.2500 3.0000 1.3660 180 120 60
11.5625 -12.0000 3.6330 128 128 128
17.8750 -1.5000 4.0240 220 50 50
5.3750 -20.0000 3.7820 220 50 50
5.3750 14.0000 2.0350 128 128 128
4.6250 -20.5000 3.8070 220 50 50
-14.9375 6.5000 1.9440 255 165 0
-21.3125 4.0000 0.1600 30 144 255
9.2500 15.5000 1.2060 180 120 60
-12.0625 19.0000 0.1670 180 120 60
24.5000 -18.0000 5.3710 220 50 50
0.3125 -1.0000 1.2260 180 120 60
-16.3750 -17.0000 3.0990 128 128 128
7.8750 -5.5000 3.9340 220 50 50
21.5000 19.0000 0.9600 180 120 60
16.0625 14.5000 0.1020 30 144 255
-16.6875 -3.5000 1.1550 180 120 60
-10.7500 -15.5000 5.6380 220 50 50
-21.5000 18.0000 1.7460 128 128 128
-19.8125 23.0000 4.7260 220 50 50
0.8750 -22.5000 3.2710 220 50 50
-7.1875 -20.5000 4.2200 220 50 50
3.3750 -9.0000 1.0680 180 120 60
-15.0000 -17.0000 1.1870 180 120 60
16.8750 -3.5000 4.3000 220 50 50
-8.7500 -4.5000 1.0730 180 120 60
-3.1875 6.0000 5.6040 220 50 50
19.8125 -19.5000 0.9350 180 120 60
0.8125 -11.0000 1.1030 180 120 60
21.5000 -10.5000 3.5850 220 50 50
-18.7500 -16.0000 1.4260 128 128 128
-3.1250 19.0000 1.1520 180 120 60
1.7500 -5.5000 1.1080 180 120 60
10.6875 5.5000 2.0790 128 128 128
11.1875 23.0000 1.1440 128 128 128
-19.1250 17.5000 0.0950 180 120 60
3.6875 23.0000 0.5130 180 120 60
16.6250 -18.5000 0.9300 180 120 60
14.4375 23.0000 0.5250 128 128 128
-8.2500 7.0000 1.3890 180 120 60
1.3125 -4.0000 3.0650 128 128 128
13.5000 2.5000 4.0620 220 50 50
9.3125 -21.5000 5.1210 220 50 50
17.4375 -21.0000 0.9550 180 120 60
-2.0625 9.0000 6.2180 220 50 50
17.1250 -12.5000 3.8420 220 50 50
-15.0625 -5.0000 1.1810 180 120 60
20.8750 -18.0000 1.0190 180 120 60
-16.6250 -9.5000 3.8960 220 50 50
-16.6875 24.0000 0.8850 180 120 60
0.0000 12.5000 5.2060 220 50 50
4.2500 -6.0000 2.1890 128 128 128
16.7500 -8.5000 4.2870 220 50 50
-16.8750 -6.0000 1.1660 180 120 60
-14.6875 -14.5000 5.3500 220 50 50
-21.0625 14.0000 2.0410 255 165 0
-2.3750 14.5000 5.1430 220 50 50
-22.5625 3.5000 0.1450 30 144 255
-1.5000 -18.5000 7.2850 220 50 50
12.7500 16.0000 0.4850 180 120 60
3.4375 21.5000 2.0940 128 128 128
15.3750 11.5000 1.1170 180 120 60
-14.3125 -13.5000 5.4810 220 50 50
17.5625 -12.5000 3.9100 220 50 50
7.6250 12.0000 2.2840 128 128 128
-22.2500 0.5000 0.1380 30 144 255
-5.1875 -6.0000 1.0780 180 120 60
5.5000 -9.5000 1.0560 180 120 60
-6.8125 5.0000 1.3700 180 120 60
5.3125 24.0000 0.1180 180 120 60
14.0625 -10.5000 1.7330 220 50 50
-19.3750 0.5000 0.1440 30 144 255
-14.5625 -20.5000 1.8280 128 128 128
11.0000 -23.5000 5.2140 220 50 50
17.1875 17.5000 0.1960 128 128 128
-18.4375 -19.5000 1.1320 180 120 60
20.5625 -10.0000 1.0760 180 120 60
13.8750 -10.0000 3.8860 220 50 50
-7.2500 -17.5000 4.1990 220 50 50
-10.9375 -3.5000 1.0630 180 120 60
-16.1250 8.0000 2.0780 255 165 0
0.0000 16.5000 2.3370 128 128 128
-2.5625 23.0000 0.1500 180 120 60
2.8750 5.5000 6.2030 220 50 50
-23.8125 7.0000 0.1470 30 144 255
-17.9375 -17.0000 1.1480 180 120 60
-6.4375 1.5000 1.2680 180 120 60
15.8125 -14.5000 1.0320 180 120 60
22.0000 20.0000 0.9220 180 120 60
-23.5625 -6.0000 0.1610 30 144 255
14.0000 10.5000 0.9940 180 120 60
-14.6250 -22.5000 4.1150 220 50 50
-0.0625 15.0000 1.2590 180 120 60
9.5625 13.5000 2.2860 128 128 128
-17.1250 -23.5000 1.0670 180 120 60
-3.5625 17.0000 1.3010 180 120 60
-19.8750 -8.0000 0.8180 128 128 128
-4.9375 -15.5000 5.2070 220 50 50
-10.5000 -4.0000 1.0490 180 120 60
-11.4375 2.0000 1.2850 180 120 60
13.3125 13.0000 1.1350 180 120 60
6.8125 -21.5000 3.5620 220 50 50
-7.8750 8.0000 5.2930 220 50 50
5.3125 -23.5000 5.9600 220 50 50
7.3125 -20.0000 3.7830 220 50 50
-2.3750 -21.5000 5.6510 220 50 50
-7.3125 -10.0000 5.0380 220 50 50
-14.6250 -22.5000 4.1000 220 50 50
14.7500 -18.5000 0.9650 180 120 60
5.6250 -9.5000 1.0180 180 120 60
8.6875 12.5000 1.7110 128 128 128
-4.8750 -16.5000 4.4170 220 50 50
-4.2500 -10.0000 4.3700 220 50 50
-21.6250 5.5000 0.1430 30 144 255
-11.9375 2.5000 1.3090 180 120 60
-12.6250 10.5000 1.2130 180 120 60
-3.6250 19.5000 1.1340 180 120 60
12.1875 18.0000 0.6180 128 128 128
10.8125 -6.5000 3.9990 220 50 50
15.5000 16.5000 0.2780 128 128 128
5.7500 25.5000 0.1270 180 120 60
11.6875 15.0000 1.1770 180 120 60
-11.7500 -13.0000 5.9330 220 50 50
17.0000 -14.0000 1.2270 128 128 128
-10.6250 -4.5000 1.0810 180 120 60
-13.1875 -9.0000 1.1470 180 120 60
-3.8125 -9.5000 1.2020 220 50 50
-14.5625 1.5000 1.2780 180 120 60
-8.6875 -5.5000 1.0930 180 120 60
0.8125 18.5000 4.5110 128 128 128
-2.2500 -23.0000 5.5480 220 50 50
-1.1875 -17.0000 6.9930 220 50 50
-16.7500 7.5000 2.8250 128 128 128
15.2500 -11.5000 3.8350 220 50 50
16.9375 -21.5000 0.9650 180 120 60
-5.5000 -11.5000 4.8690 220 50 50
-18.9375 2.0000 0.1370 30 144 255
12.5625 17.0000 0.1290 30 144 255
-11.0625 -17.0000 5.4070 220 50 50
-18.0625 -4.5000 0.2750 180 120 60
-23.4375 19.5000 1.9270 180 120 60
12.2500 15.0000 1.1650 180 120 60
-12.7500 1.5000 1.2530 180 120 60
-0.0625 -4.0000 1.1450 180 120 60
-0.1250 -21.0000 5.8050 220 50 50
-9.1875 13.0000 2.0920 128 128 128
19.0000 23.0000 0.1530 30 144 255
-2.9375 11.0000 5.9980 220 50 50
-9.9375 -14.5000 5.9000 220 50 50
-23.6875 16.5000 2.0120 180 120 60
-21.6250 11.0000 2.1990 255 165 0
3.6250 -3.5000 3.0680 128 128 128
-4.3750 -14.5000 5.4350 220 50 50
17.5625 -16.0000 1.0070 180 120 60
-13.6875 12.0000 0.2220 180 120 60
-3.5000 -11.0000 4.4310 220 50 50
-16.5625 15.0000 0.1360 180 120 60
-9.6875 10.5000 2.4660 128 128 128
7.1875 8.0000 2.2140 128 128 128
-20.1875 -8.5000 0.7890 128 128 128
-9.1250 6.0000 1.4820 180 120 60
-19.6250 3.5000 0.1460 30 144 255
12.5625 6.0000 1.0830 180 120 60
-16.8125 15.0000 0.1350 180 120 60
0.7500 -14.0000 6.2460 220 50 50
-20.6250 7.0000 0.1600 30 144 255
21.1250 -3.5000 3.9800 220 50 50
17.8750 -6.0000 4.4620 220 50 50
7.3750 -9.5000 1.0430 180 120 60
-23.5625 11.0000 0.1560 30 144 255
1.0000 2.0000 5.5490 220 50 50
10.5000 25.5000 0.5700 128 128 128
6.2500 17.5000 3.2230 128 128 128
-22.7500 3.0000 0.1610 30 144 255
23.3750 1.5000 0.9330 180 120 60
20.0000 -7.5000 1.0830 180 120 60
20.6250 -14.5000 4.0450 220 50 50
-10.5000 -3.0000 1.0660 180 120 60
24.0625 -18.5000 1.0460 180 120 60
-16.7500 6.0000 1.4730 180 120 60
8.3750 -13.0000 1.0240 180 120 60
2.1250 10.5000 5.2440 220 50 50
-20.2500 14.5000 2.0460 255 165 0
11.0625 3.0000 4.1310 220 50 50
-5.1250 19.0000 0.8600 180 120 60
-22.4375 14.0000 2.0250 255 165 0
-1.0000 11.0000 5.6540 220 50 50
9.3125 -16.0000 1.0230 180 120 60
5.7500 -4.0000 3.9060 220 50 50
-17.3750 25.0000 5.2620 220 50 50
5.8750 -15.5000 1.0650 180 120 60
-24.0000 20.5000 1.9220 180 120 60
-19.5625 15.5000 3.0620 128 128 128
-18.8125 -12.5000 1.1100 180 120 60
5.0000 15.5000 1.1610 180 120 60
12.6875 -22.5000 4.8840 220 50 50
20.4375 -3.0000 3.9920 220 50 50
-21.4375 21.0000 1.2310 180 120 60
7.5625 -11.0000 1.0170 180 120 60
-23.9375 -20.5000 0.1450 30 144 255
-18.6875 13.5000 2.0840 255 165 0
-13.6250 18.0000 0.1810 180 120 60
-4.0000 11.0000 6.2040 220 50 50
-2.6875 -15.5000 5.3000 220 50 50
1.2500 0.5000 4.0320 220 50 50
0.7500 -7.0000 1.0780 180 120 60
16.3750 11.0000 1.1210 180 120 60
-19.1250 -7.5000 0.2120 128 128 128
6.0625 -23.0000 3.2980 220 50 50
-1.0625 -14.0000 6.4340 220 50 50
25.3125 -1.5000 1.0480 180 120 60
7.1250 22.5000 0.1470 180 120 60
13.8750 -18.0000 0.9850 180 120 60
2.5625 -11.0000 1.0930 180 120 60
-8.1875 -20.0000 5.4440 220 50 50
-1.9375 13.0000 5.4250 220 50 50
-10.5625 0.0000 1.1710 180 120 60
19.2500 -17.0000 1.0120 180 120 60
-22.2500 -6.0000 0.1440 30 144 255
-11.0625 11.5000 1.2340 180 120 60
10.2500 16.0000 1.2000 180 120 60
24.2500 -14.5000 4.8400 220 50 50
8.2500 -11.5000 1.0090 180 120 60
5.0000 16.5000 1.1950 180 120 60
16.8750 14.5000 0.1470 30 144 255
-7.3750 -15.5000 4.1870 220 50 50
-11.8125 3.0000 1.3780 180 120 60
0.7500 -9.0000 1.0950 180 120 60
-18.7500 13.5000 2.0870 255 165 0
-4.6250 13.5000 2.1830 128 128 128
-4.9375 14.5000 1.4890 180 120 60
-10.1875 -14.5000 5.8790 220 50 50
12.3750 -9.0000 3.8720 220 50 50
19.0000 1.5000 1.0760 180 120 60
10.8125 10.5000 1.0610 180 120 60
16.3750 -3.5000 4.3170 220 50 50
20.2500 -23.5000 0.9350 180 120 60
-4.6875 -13.5000 4.2210 220 50 50
6.7500 15.5000 1.3040 180 120 60
19.0625 -16.5000 1.0380 180 120 60
23.1875 -10.0000 1.8880 128 128 128
9.2500 -13.0000 1.0190 180 120 60
-14.8125 -11.5000 4.4200 220 50 50
-22.3750 -15.5000 0.1750 30 144 255
8.6875 10.5000 2.3840 128 128 128
18.8750 18.0000 0.2480 128 128 128
-0.9375 1.0000 5.0250 220 50 50
14.9375 -22.0000 1.0020 180 120 60
-2.5000 23.0000 0.1590 180 120 60
-14.3125 -17.0000 5.0220 220 50 50
-23.6250 24.5000 1.7440 220 50 50
19.6250 -14.5000 1.3000 128 128 128
-12.0625 15.5000 0.1720 180 120 60
16.7500 1.0000 2.8350 128 128 128
-17.6250 -10.0000 1.3870 220 50 50
-10.3125 11.0000 1.4380 180 120 60
-6.5625 -22.0000 5.4010 220 50 50
-17.2500 -23.5000 1.0530 180 120 60
-10.7500 24.0000 0.1360 180 120 60
8.5625 17.0000 1.1960 180 120 60
-5.2500 -18.0000 5.0950 220 50 50
-19.8125 -1.0000 0.1440 30 144 255
21.0000 -18.5000 0.9890 180 120 60
-15.6875 -1.5000 1.1000 180 120 60
-5.8125 -23.5000 5.3190 220 50 50
15.8750 -19.5000 0.9460 180 120 60
-16.1250 -8.5000 3.9110 220 50 50
13.2500 -18.5000 0.9780 180 120 60
-13.1250 -11.5000 6.0180 220 50 50
-12.8125 21.0000 0.1950 128 128 128
-5.6250 4.5000 5.0270 220 50 50
18.9375 -10.5000 1.1390 128 128 128
9.3125 21.0000 1.1390 128 128 128
-18.0000 -3.0000 0.1490 180 120 60
-18.2500 15.0000 0.1530 180 120 60
-21.8750 13.5000 2.0440 255 165 0
20.5625 8.0000 1.1150 180 120 60
-2.4375 -5.0000 1.0870 180 120 60
13.2500 12.0000 1.1020 180 120 60
-21.6875 -2.5000 0.1330 30 144 255
8.5000 13.0000 1.2030 180 120 60
-6.3750 0.0000 1.2110 180 120 60
-7.0000 -12.0000 3.7050 220 50 50
-5.8750 -20.5000 5.5960 220 50 50
-14.3750 -19.5000 1.1980 180 120 60
1.9375 -18.0000 6.7410 220 50 50
-6.6250 18.0000 0.9890 128 128 128
4.0000 -3.5000 1.1680 180 120 60
3.9375 -6.0000 1.1200 180 120 60
22.8750 11.0000 0.1450 30 144 255
20.8750 21.0000 0.1260 30 144 255
-20.6250 -10.0000 0.3100 128 128 128
19.3750 3.5000 1.0520 180 120 60
-3.5625 15.5000 1.4240 180 120 60
14.8750 -7.5000 4.1690 220 50 50
3.1250 -4.0000 3.1010 128 128 128
-16.0625 9.0000 2.0310 255 165 0
-16.5625 5.0000 1.4800 128 128 128
18.8750 -9.0000 1.0950 180 120 60
-20.8125 -20.0000 1.0340 180 120 60
-1.5000 -13.5000 4.2780 220 50 50
-24.0625 21.0000 2.2590 34 139 34
-13.3750 13.5000 0.2180 180 120 60
2.3125 20.5000 1.2440 180 120 60
-22.2500 5.0000 0.1450 30 144 255
-4.8125 16.0000 1.2800 180 120 60
-23.1250 -3.0000 0.1400 30 144 255
11.3750 5.0000 1.1460 180 120 60
23.2500 -17.0000 5.0130 220 50 50
24.5000 -12.0000 4.5200 220 50 50
-9.2500 15.0000 0.9340 180 120 60
1.0625 -11.5000 1.3100 128 128 128
-14.8125 -7.5000 1.2240 180 120 60
-20.1250 15.5000 2.1570 255 165 0
12.7500 18.5000 0.5950 128 128 128
-13.1250 17.0000 0.1230 180 120 60
-12.6250 -16.0000 5.3410 220 50 50
24.5000 4.0000 1.0960 180 120 60
11.1250 1.0000 4.3460 220 50 50
-5.3750 6.5000 5.4410 220 50 50
25.6250 24.5000 0.1520 30 144 255
7.1875 12.5000 1.2030 180 120 60
-2.3125 11.0000 5.8670 220 50 50
3.5625 -5.0000 3.0430 128 128 128
-8.0625 -22.5000 4.2350 220 50 50
16.9375 14.0000 0.1180 30 144 255
-12.1875 3.0000 1.4450 180 120 60
-23.0625 4.5000 0.1440 30 144 255
-9.3750 -16.5000 4.6960 220 50 50
2.4375 -8.0000 1.0780 180 120 60
-7.5625 -2.5000 1.1220 180 120 60
4.9375 4.5000 4.5220 220 50 50
14.4375 0.5000 4.1900 220 50 50
-11.1875 -1.0000 1.1000 180 120 60
-5.5625 -23.5000 5.3050 220 50 50
-1.0000 13.5000 5.1350 220 50 50
15.7500 -9.0000 4.1230 220 50 50
-21.8750 -20.5000 1.4000 128 128 128
12.1875 -3.0000 4.5350 220 50 50
-12.7500 20.5000 0.1350 180 120 60
7.3125 12.0000 1.1950 180 120 60
-24.0000 -4.0000 0.1440 30 144 255
22.6250 -24.0000 0.9190 180 120 60
14.8125 17.0000 0.1620 128 128 128
-10.6875 3.0000 1.3330 180 120 60
23.3750 5.0000 1.0740 180 120 60
-14.2500 -14.0000 5.4950 220 50 50
0.1875 4.5000 5.8660 220 50 50
-8.3750 6.5000 1.3970 180 120 60
20.0000 -20.0000 0.9480 180 120 60
-10.8125 4.5000 1.4540 180 120 60
25.3125 -7.5000 1.9460 220 50 50
-4.6250 -18.0000 4.8930 220 50 50
20.7500 -6.5000 2.3290 128 128 128
-3.8125 -12.5000 5.6390 220 50 50
-20.0000 -23.0000 0.6210 180 120 60
-13.8125 0.5000 1.2030 180 120 60
-6.5625 13.5000 1.3690 180 120 60
-11.8125 -22.5000 4.2300 220 50 50
7.7500 14.0000 1.1640 180 120 60
9.8750 -20.5000 4.8800 220 50 50
-5.7500 9.5000 6.0190 220 50 50
-23.0000 24.5000 4.5990 220 50 50
24.0625 -17.0000 5.1630 220 50 50
23.6250 11.5000 0.1410 30 144 255
-16.0000 -5.5000 1.2100 180 120 60
-0.8125 -16.0000 6.7300 220 50 50
16.5000 10.0000 1.0750 180 120 60
24.3125 -7.0000 1.1670 180 120 60
-14.5625 -21.5000 1.6200 128 128 128
24.9375 0.0000 0.9950 180 120 60
-15.3750 25.0000 0.8380 34 139 34
1.2500 9.0000 5.7630 220 50 50
4.8125 14.5000 2.1560 128 128 128
1.1875 10.0000 5.5170 220 50 50
-7.2500 -2.5000 1.1300 180 120 60
24.2500 4.0000 1.0800 180 120 60
18.7500 0.5000 1.1100 180 120 60
22.1875 6.0000 1.1110 180 120 60
24.0000 -22.5000 0.8790 180 120 60
1.8125 -12.5000 1.0990 180 120 60
1.1250 19.5000 1.3960 180 120 60
21.9375 -10.0000 1.3810 220 50 50
-0.6875 17.5000 1.7450 128 128 128
21.7500 -20.5000 0.9420 180 120 60
-20.8125 -3.0000 0.1550 30 144 255
16.3750 -10.0000 4.0730 220 50 50
12.4375 -12.5000 3.6350 128 128 128
-12.6875 9.0000 1.8230 180 120 60
-20.6250 -4.5000 0.1270 30 144 255
-0.5625 3.0000 5.4480 220 50 50
-2.6875 11.5000 5.8390 220 50 50
11.8750 2.0000 4.2030 220 50 50
-14.5625 20.5000 0.1480 180 120 60
-20.0000 15.5000 3.0120 128 128 128
22.6250 -17.5000 1.0140 180 120 60
11.5000 24.5000 0.3150 128 128 128
12.0000 11.5000 1.0480 180 120 60
4.3750 18.0000 1.2170 180 120 60
9.6250 -12.0000 1.0270 180 120 60
-3.1875 -11.5000 5.6290 220 50 50
3.5625 21.0000 1.2150 180 120 60
-21.0625 26.0000 5.1410 220 50 50
10.1875 -20.0000 1.0570 180 120 60
-17.9375 0.5000 1.3150 128 128 128
-16.6250 15.0000 0.0850 180 120 60
12.1250 1.0000 4.2890 220 50 50
-14.4375 12.0000 0.2450 180 120 60
-18.0000 -10.5000 1.7230 220 50 50
22.5000 -17.5000 1.0460 180 120 60
-19.3750 8.5000 2.1870 255 165 0
10.0625 19.5000 0.2480 128 128 128
14.5000 22.5000 0.5430 128 128 128
-9.0625 -19.5000 5.4150 220 50 50
21.0625 6.0000 1.0820 180 120 60
-3.4375 20.5000 0.8690 180 120 60
-3.8125 7.0000 5.7510 220 50 50
12.6875 -14.5000 0.9970 180 120 60
11.1875 -3.5000 4.4560 220 50 50
-22.6250 -19.0000 0.2340 128 128 128
-6.5625 19.0000 0.4450 180 120 60
-22.3750 -7.5000 0.1500 30 144 255
11.1875 -13.5000 1.0000 180 120 60
-13.0625 10.5000 1.3620 180 120 60
14.7500 -20.0000 0.9520 180 120 60
9.3125 18.5000 0.6530 180 120 60
-17.6250 20.5000 0.1560 180 120 60
17.3125 18.5000 0.1400 128 128 128
-22.6875 11.5000 0.1670 30 144 255
-4.6875 -13.5000 5.3920 220 50 50
-20.2500 4.5000 0.1500 30 144 255
-19.1250 -9.0000 0.2440 180 120 60
4.0625 -11.0000 1.0750 180 120 60
1.0000 5.5000 6.2200 220 50 50
22.1250 -15.0000 4.4310 220 50 50
9.7500 22.0000 1.0920 128 128 128
-2.1250 19.0000 1.1320 180 120 60
-6.1250 18.5000 1.0120 180 120 60
21.7500 7.5000 1.1170 180 120 60
-16.1250 16.0000 0.1290 180 120 60
-19.2500 25.5000 5.3500 220 50 50
20.6875 -13.0000 3.7960 220 50 50
17.3125 1.0000 1.6090 128 128 128
-10.4375 7.5000 1.5700 180 120 60
22.8125 -9.0000 1.1230 180 120 60
14.1875 -19.0000 0.9600 180 120 60
-5.5625 13.0000 1.4720 180 120 60
7.3750 -15.0000 1.0520 180 120 60
-9.0625 -5.5000 1.0510 180 120 60
-6.2500 -22.0000 5.3890 220 50 50
-5.7500 -6.0000 1.0610 180 120 60
4.2500 18.5000 1.1800 180 120 60
15.1250 9.5000 0.9950 180 120 60
23.5625 19.5000 0.9390 180 120 60
-8.0000 6.0000 1.3920 180 120 60
3.5625 -21.0000 3.8300 220 50 50
3.4375 24.0000 0.1670 180 120 60
18.3750 -14.0000 1.0480 180 120 60
-3.7500 -4.5000 1.0910 180 120 60
-7.8125 24.5000 0.1600 180 120 60
-23.1250 -22.5000 1.0390 128 128 128
10.5000 3.5000 4.1390 220 50 50
13.6250 22.0000 0.5600 128 128 128
21.0000 22.0000 0.1440 30 144 255
3.5625 -17.5000 4.0560 220 50 50
-1.0625 -8.0000 1.0810 180 120 60
-11.5625 16.0000 0.1530 180 120 60
-22.7500 15.5000 2.0110 255 165 0
20.4375 5.0000 1.4920 128 128 128
-6.8125 7.0000 5.3040 220 50 50
13.6250 -5.0000 4.4480 220 50 50
-2.4375 -21.0000 5.6690 220 50 50
12.6250 17.0000 5.6440 128 128 128
-23.9375 -22.0000 0.1460 30 144 255
21.1875 8.5000 0.9610 180 120 60
-15.0625 9.0000 2.0470 255 165 0
-8.5000 12.5000 1.3080 180 120 60
17.0000 3.0000 2.2300 128 128 128
9.0000 11.0000 2.9820 128 128 128
-1.1875 -13.0000 4.6850 220 50 50
-5.4375 6.5000 5.3670 220 50 50
-22.7500 22.5000 1.5540 180 120 60
24.3125 3.0000 1.0140 180 120 60
15.2500 -19.0000 0.9370 180 120 60
-22.1250 -18.0000 1.8000 128 128 128
-12.7500 11.0000 1.0150 180 120 60
7.4375 24.0000 0.1410 180 120 60
10.5625 -13.5000 0.9950 180 120 60
-9.8125 15.0000 0.6960 180 120 60
4.2500 10.5000 1.2630 180 120 60
-6.5000 11.0000 1.3950 180 120 60
-12.9375 6.0000 1.7260 180 120 60
-22.5625 -8.5000 0.1490 30 144 255
-0.1875 25.5000 0.1590 180 120 60
20.2500 15.0000 1.0380 180 120 60
-2.5625 5.0000 5.5800 220 50 50
18.1250 15.5000 0.3520 128 128 128
-17.8125 -6.0000 0.7630 180 120 60
8.4375 -22.5000 5.4080 220 50 50
6.0000 -14.0000 1.0500 180 120 60
13.5625 -11.5000 3.6740 128 128 128
11.4375 0.0000 4.4630 220 50 50
-2.9375 -6.5000 1.0860 180 120 60
-17.5000 -8.5000 1.7220 220 50 50
-5.0000 13.5000 1.3660 180 120 60
-23.8125 14.5000 2.1790 255 165 0
-14.6250 18.5000 0.1230 180 120 60
15.9375 -4.0000 4.4410 220 50 50
9.1875 19.5000 0.2360 180 120 60
-7.4375 -1.5000 1.1200 180 120 60
-1.8750 15.5000 1.5030 128 128 128
-24.1250 25.0000 4.5190 220 50 50
2.6875 15.5000 4.6410 128 128 128
14.3125 -16.0000 0.9610 180 120 60
20.4375 -10.5000 3.5120 220 50 50
-22.5625 -20.0000 1.7870 128 128 128
15.4375 -12.0000 1.0850 180 120 60
24.7500 -11.0000 4.3710 220 50 50
4.3125 9.5000 5.0860 220 50 50
23.5000 11.0000 0.1330 30 144 255
8.3750 18.5000 1.0270 180 120 60
-7.5625 19.5000 0.1440 180 120 60
-7.2500 14.5000 1.1810 180 120 60
-5.5000 -9.0000 2.8150 220 50 50
17.6875 -3.0000 4.1530 220 50 50
-23.6250 13.5000 3.0100 128 128 128
-10.6875 16.5000 0.1450 180 120 60
-17.0625 17.0000 0.1410 180 120 60
22.0625 -17.5000 1.0220 180 120 60
2.8750 -11.5000 1.0950 180 120 60
20.3750 -0.5000 1.7400 128 128 128
-21.4375 -20.5000 1.4640 128 128 128
23.1250 -2.0000 1.0690 180 120 60
22.0625 -2.0000 1.0810 180 120 60
-4.3750 18.0000 1.1580 180 120 60
-21.5625 14.0000 2.0400 255 165 0
-2.0625 -4.0000 1.1030 180 120 60
-8.5000 0.0000 1.2170 180 120 60
-8.6875 0.0000 1.1700 180 120 60
-20.4375 -17.0000 1.0620 180 120 60
13.1875 23.5000 0.5460 180 120 60
-19.1250 -15.0000 2.9080 128 128 128
12.5000 21.0000 1.4720 128 128 128
-23.3750 -9.5000 0.1460 30 144 255
22.8125 -6.5000 1.1270 180 120 60
16.6250 -9.0000 4.1890 220 50 50
16.0625 4.5000 1.4690 128 128 128
-10.2500 11.0000 1.4320 180 120 60
3.6875 -21.0000 3.7710 220 50 50
20.9375 4.0000 0.9990 180 120 60
3.5625 9.0000 5.3120 220 50 50
-16.6875 6.5000 1.9730 255 165 0
-17.1250 -3.5000 0.8440 180 120 60
11.6250 14.0000 1.1680 180 120 60
11.6250 -23.5000 5.1950 220 50 50
-15.2500 -5.5000 1.1490 180 120 60
18.3750 -13.0000 3.9180 220 50 50
1.9375 1.5000 4.2150 220 50 50
9.6875 6.0000 4.0080 220 50 50
-19.6250 25.5000 5.2720 220 50 50
17.1250 -14.5000 1.5170 128 128 128
11.8125 1.5000 4.2460 220 50 50
-21.2500 -2.5000 0.1770 30 144 255
21.4375 3.0000 0.9610 180 120 60
15.4375 23.5000 0.3720 128 128 128
-7.8750 -23.0000 4.2420 220 50 50
21.4375 -3.0000 3.9640 220 50 50
12.4375 17.5000 0.1310 30 144 255
-17.6250 -20.0000 1.1000 180 120 60
4.8750 7.0000 5.6250 220 50 50
2.2500 17.0000 1.2600 180 120 60
11.5625 2.0000 4.2170 220 50 50
-15.1875 17.5000 0.1380 180 120 60
5.0625 -3.5000 3.9320 220 50 50
-15.6875 -8.0000 1.1400 180 120 60
-14.2500 6.5000 1.8410 255 165 0
-4.3125 4.5000 5.1680 220 50 50
14.3125 8.0000 0.9540 180 120 60
5.9375 20.5000 0.9140 180 120 60
9.8125 13.0000 2.1280 128 128 128
8.6250 9.0000 2.0830 128 128 128
14.6250 -17.0000 0.9560 180 120 60
15.3125 -2.5000 4.3720 220 50 50
7.3750 -14.0000 1.0160 180 120 60
2.5000 -15.5000 6.2920 220 50 50
-21.5000 -1.5000 0.1310 30 144 255
4.3750 -11.5000 1.0740 180 120 60
14.0625 -19.0000 0.9870 180 120 60
7.8750 -5.5000 1.4080 220 50 50
-3.3750 -13.0000 4.2610 220 50 50
23.8750 -5.0000 1.1370 180 120 60
20.8750 8.5000 1.0820 180 120 60
-20.3750 16.5000 0.1250 180 120 60
-17.1250 6.0000 0.6970 180 120 60
5.3750 22.5000 0.1410 180 120 60
24.0000 -6.0000 1.1050 180 120 60
15.1875 24.5000 0.2900 128 128 128
-11.2500 -17.5000 3.2360 220 50 50
-13.0625 -2.0000 1.0220 180 120 60
5.6875 9.5000 1.3680 128 128 128
-13.9375 25.0000 0.1520 180 120 60
2.1875 -8.0000 1.0880 180 120 60
1.5000 -6.0000 1.0720 180 120 60
23.3125 -3.0000 1.0920 180 120 60
12.8750 3.5000 4.0300 220 50 50
2.5625 15.0000 4.6440 128 128 128
-3.6875 18.0000 1.1770 180 120 60
15.6250 9.5000 1.0390 180 120 60
-23.8750 10.0000 0.1500 30 144 255
17.4375 -7.5000 4.4900 220 50 50
21.9375 10.5000 0.1650 30 144 255
17.1250 -21.0000 0.9310 180 120 60
-11.1250 -6.5000 1.3730 220 50 50
-15.7500 -9.0000 4.0420 220 50 50
19.8125 -7.0000 1.1390 180 120 60
8.5625 -20.0000 4.9470 220 50 50
-18.1875 -0.5000 0.2020 128 128 128
23.1250 -0.5000 0.9760 180 120 60
-20.0000 -21.0000 2.1810 128 128 128
17.0000 -23.5000 0.9670 180 120 60
-0.1250 -22.5000 1.3420 128 128 128
14.3750 6.5000 1.0430 180 120 60
11.1250 -4.0000 4.3990 220 50 50
1.5625 -12.5000 1.1120 180 120 60
15.3750 -23.0000 1.1590 128 128 128
19.6250 2.0000 1.0540 180 120 60
12.8125 -13.0000 1.0120 180 120 60
0.4375 21.0000 1.5360 128 128 128
20.0625 -10.5000 1.0990 180 120 60
-16.6875 1.0000 1.7690 128 128 128
16.5625 -8.0000 4.3050 220 50 50
-14.3750 -1.0000 1.0090 180 120 60
-7.8750 11.5000 1.9380 128 128 128
3.3125 -7.5000 1.0750 180 120 60
9.1875 -23.5000 5.4900 220 50 50
-6.9375 9.0000 5.6370 220 50 50
1.2500 22.0000 1.1540 180 120 60
8.1875 19.5000 1.1770 180 120 60
-13.6875 5.0000 1.6910 180 120 60
-1.0625 -19.5000 5.8390 220 50 50
1.0000 -1.5000 1.2170 180 120 60
5.1250 -13.0000 1.0360 180 120 60
24.0625 -1.5000 1.0460 180 120 60
14.8125 6.0000 1.0330 180 120 60
-6.0000 5.5000 5.1290 220 50 50
20.7500 10.5000 0.3330 180 120 60
-0.9375 9.5000 5.9410 220 50 50
18.1250 3.0000 2.0280 128 128 128
-7.3750 10.5000 1.9390 128 128 128
13.1250 9.5000 0.9160 180 120 60
23.5625 12.0000 0.1370 30 144 255
5.6875 3.5000 4.5130 220 50 50
-9.8750 -4.5000 1.0450 180 120 60
-10.1250 2.5000 1.2740 180 120 60
16.2500 11.0000 1.1160 180 120 60
-17.5625 25.5000 5.3610 220 50 50
2.5000 -21.5000 3.4580 220 50 50
1.5000 -17.0000 6.6480 220 50 50
-11.5000 -9.5000 5.4860 220 50 50
6.6875 14.5000 1.0860 180 120 60
-19.9375 13.5000 2.0700 255 165 0
19.8750 -8.5000 1.0810 180 120 60
-4.3125 -19.5000 5.7110 220 50 50
-19.2500 -17.5000 1.0740 180 120 60
-8.8750 7.0000 1.4150 180 120 60
5.4375 -1.0000 4.1910 220 50 50
-21.8125 3.5000 0.1540 30 144 255
12.7500 20.5000 0.6150 128 128 128
10.5000 8.0000 1.1210 180 120 60
15.6250 -18.5000 0.9410 180 120 60
25.3125 3.5000 1.1010 180 120 60
-24.1875 7.5000 0.1370 30 144 255
-11.0625 -12.5000 5.8460 220 50 50
-9.2500 -6.0000 1.1140 180 120 60
-0.2500 -6.5000 1.0960 180 120 60
7.6250 -18.0000 1.8110 128 128 128
23.6250 -22.0000 0.9430 180 120 60
5.4375 -21.5000 3.6380 220 50 50
-18.8750 25.5000 5.3110 220 50 50
21.6875 12.0000 0.1540 30 144 255
1.5000 -0.5000 1.3360 220 50 50
15.3125 17.5000 0.1310 30 144 255
-8.2500 16.0000 1.1250 180 120 60
-16.6875 6.5000 1.9090 255 165 0
3.3125 5.5000 6.1460 220 50 50
4.1250 -1.0000 4.0650 220 50 50
-7.6250 9.0000 2.1170 128 128 128
14.5625 -16.5000 0.9380 180 120 60
-23.7500 -22.5000 0.1420 30 144 255
-20.3125 21.5000 1.1410 180 120 60
2.8125 9.5000 5.3740 220 50 50
9.4375 11.5000 2.7930 128 128 128
-4.6875 -7.0000 1.0720 180 120 60
14.4375 11.5000 1.0830 180 120 60
11.1875 -9.0000 1.1260 180 120 60
12.8750 -4.5000 4.4390 220 50 50
22.5625 -20.5000 0.9720 180 120 60
10.2500 -15.0000 1.0110 180 120 60
-10.0000 -8.5000 5.1010 220 50 50
-11.6250 -0.5000 1.1280 180 120 60
-10.3125 -1.5000 1.1100 180 120 60
-22.2500 -17.5000 1.0670 128 128 128
20.3750 -7.5000 2.3000 128 128 128
-5.1250 -10.5000 4.2430 220 50 50
22.8125 13.0000 0.1630 30 144 255
2.5000 -8.0000 1.0510 180 120 60
-7.0000 11.0000 1.4620 180 120 60
-9.0000 25.5000 0.1930 180 120 60
4.8750 12.0000 1.2050 180 120 60
3.7500 -17.0000 6.3360 220 50 50
20.5625 21.5000 0.1550 30 144 255
0.8750 3.0000 5.7030 220 50 50
-13.8125 -9.5000 4.3970 220 50 50
25.5625 8.0000 0.1400 30 144 255
18.1250 14.0000 1.0510 180 120 60
24.6875 -1.5000 1.0240 180 120 60
-21.5000 -12.0000 0.3250 128 128 128
-12.8125 8.0000 1.8560 180 120 60
4.0625 -17.0000 4.0360 220 50 50
-5.6250 -9.0000 1.8700 128 128 128
-20.5625 -21.0000 1.0550 180 120 60
-5.8750 6.0000 5.2080 220 50 50
-1.5625 18.5000 1.2310 180 120 60
11.2500 -11.0000 1.0450 180 120 60
-11.0000 -16.5000 5.4620 220 50 50
-0.9375 -4.5000 1.1070 180 120 60
-13.1250 7.0000 1.8180 180 120 60
-20.8125 13.0000 2.0650 255 165 0
22.9375 -5.0000 1.1310 180 120 60
-1.0000 16.5000 4.5340 128 128 128
-22.9375 15.0000 1.9990 255 165 0
-0.1250 -8.5000 1.1060 180 120 60
13.8125 -0.5000 4.3180 220 50 50
12.2500 4.5000 1.3040 128 128 128
19.0625 6.0000 1.1090 180 120 60
-10.9375 -17.0000 5.3940 220 50 50
19.2500 4.0000 1.0550 180 120 60
-1.8750 -17.5000 7.1860 220 50 50
-18.6875 -4.0000 0.1510 30 144 255
-17.0000 -7.5000 3.7200 220 50 50
-19.5000 23.5000 4.8750 220 50 50
0.5000 -21.0000 5.8640 220 50 50
-17.1875 4.5000 0.6190 180 120 60
11.8750 17.0000 0.4140 180 120 60
-4.3125 -4.0000 1.0900 180 120 60
-23.6875 7.5000 0.1380 30 144 255
11.6875 -15.0000 0.9880 180 120 60
-20.3750 17.0000 0.1680 180 120 60
-23.0000 14.5000 2.0280 255 165 0
-15.1250 24.0000 0.1840 128 128 128
-8.3125 -20.5000 5.4510 220 50 50
-20.2500 -24.0000 0.1400 30 144 255
1.0625 -10.5000 1.1060 180 120 60
-19.3750 10.5000 2.0890 255 165 0
-23.8125 25.0000 1.7130 220 50 50
24.6250 5.5000 1.1230 180 120 60
9.2500 21.0000 1.1490 128 128 128
-8.0625 -21.0000 5.2280 220 50 50
-19.6875 11.0000 2.1000 255 165 0
18.1250 -8.5000 4.4220 220 50 50
-17.9375 -3.0000 0.1660 180 120 60
-18.8750 -10.5000 0.6420 180 120 60
9.9375 13.0000 2.1580 128 128 128
9.7500 -14.5000 1.0150 180 120 60
22.6875 -1.0000 1.0420 180 120 60
-16.2500 1.5000 1.6520 128 128 128
-8.3750 -14.5000 4.0310 220 50 50
-1.3125 15.5000 2.5570 128 128 128
3.7500 -4.0000 3.1000 128 128 128
3.1250 5.0000 6.3090 220 50 50
-23.3750 -15.0000 0.1390 30 144 255
-19.4375 -11.0000 0.2040 180 120 60
-21.6250 4.0000 0.1660 30 144 255
17.2500 -1.0000 4.0690 220 50 50
-23.8125 -18.5000 0.1430 30 144 255
14.7500 -16.0000 1.0180 180 120 60
-21.1250 18.0000 1.7340 128 128 128
-8.6875 -15.0000 3.9490 220 50 50
-19.7500 -10.0000 0.2990 128 128 128
-14.8125 8.5000 2.0280 255 165 0
4.1875 -17.0000 4.0470 220 50 50
-11.3750 -3.0000 1.0380 180 120 60
-12.7500 3.5000 1.5140 180 120 60
23.6250 4.0000 1.0470 180 120 60
-13.1250 -3.0000 1.0870 180 120 60
-7.8125 -7.0000 1.0860 180 120 60
13.0000 -14.5000 1.0030 180 120 60
-7.5000 22.5000 0.1530 180 120 60
-11.8750 -11.0000 5.7610 220 50 50
-8.5000 0.5000 1.2040 180 120 60
13.8125 23.5000 0.5460 180 120 60
3.3750 -2.5000 1.2770 220 50 50
-2.5625 18.0000 1.2140 180 120 60
-21.8125 -3.0000 0.1350 30 144 255
14.5000 19.0000 5.6100 128 128 128
-12.6875 -13.0000 5.7860 220 50 50
-22.3125 4.5000 0.1460 30 144 255
9.0000 -17.0000 1.0190 180 120 60
-1.5000 -11.5000 4.1960 220 50 50
3.7500 -18.0000 4.0080 220 50 50
-22.5000 -11.5000 0.1480 30 144 255
-18.1250 12.0000 2.0940 255 165 0
-14.3125 -17.0000 1.2060 180 120 60
-9.8125 -8.5000 5.1030 220 50 50
-6.0000 -5.5000 1.0720 180 120 60
-19.6250 7.5000 0.1450 30 144 255
12.5625 21.0000 5.1860 128 128 128
-12.8750 8.5000 1.8680 180 120 60
9.8125 17.0000 1.1690 180 120 60
-23.2500 24.5000 1.7620 220 50 50
-13.4375 -11.5000 5.9190 220 50 50
17.3750 17.0000 0.3040 128 128 128
-19.8125 -12.0000 0.1910 180 120 60
-15.7500 -9.5000 4.0570 220 50 50
2.0000 23.0000 0.6040 180 120 60
-15.4375 -14.5000 5.2870 220 50 50
-22.4375 0.5000 0.1790 30 144 255
-7.0000 18.5000 0.3590 180 120 60
1.0625 12.0000 5.1330 220 50 50
10.0000 3.5000 4.1970 220 50 50
13.1250 -13.0000 3.6100 128 128 128
-19.7500 10.5000 2.1150 255 165 0
13.6875 -21.5000 2.2260 128 128 128
-5.1875 4.0000 1.3990 180 120 60
19.0625 -11.0000 4.2290 220 50 50
1.5625 7.0000 6.1410 220 50 50
11.4375 -8.5000 3.8530 220 50 50
20.7500 -16.0000 4.2850 220 50 50
-3.1250 15.0000 1.4010 180 120 60
-21.0625 9.5000 0.1370 30 144 255
2.7500 -2.5000 1.1690 180 120 60
-9.7500 20.0000 0.1380 180 120 60
11.8125 -16.0000 1.0110 180 120 60
-7.3750 17.0000 1.0560 180 120 60
-7.8750 13.5000 1.2280 180 120 60
17.0625 -7.5000 4.4750 220 50 50
19.5625 -20.5000 0.9250 180 120 60
-8.3125 -19.0000 4.3100 220 50 50
13.2500 -20.0000 1.0030 180 120 60
18.7500 -21.5000 0.9290 180 120 60
19.0625 -15.5000 1.0440 180 120 60
-23.8750 1.0000 0.1330 30 144 255
1.1875 -19.5000 7.1240 220 50 50
-5.0625 17.5000 1.1480 180 120 60
14.5000 23.0000 0.5400 128 128 128
11.3750 22.5000 1.0520 128 128 128
-4.0000 -14.5000 4.5280 220 50 50
22.8750 -16.5000 4.8050 220 50 50
1.3125 23.0000 0.5130 180 120 60
-21.2500 3.0000 0.1340 30 144 255
18.5000 -20.5000 0.9080 180 120 60
-13.0000 12.0000 0.2350 180 120 60
-7.1875 6.0000 1.4210 180 120 60
-11.8750 19.5000 0.1240 180 120 60
3.6875 -6.0000 1.1050 180 120 60
-15.1250 -4.5000 1.2000 180 120 60
-23.7500 3.0000 0.1440 30 144 255
-6.8125 -17.0000 4.2020 220 50 50
-3.5625 -1.0000 1.1830 180 120 60
-2.4375 -22.5000 5.5670 220 50 50
-5.1250 -15.0000 5.1960 220 50 50
1.3125 -21.5000 3.2300 220 50 50
-17.7500 26.0000 5.3520 220 50 50
8.6250 -23.5000 5.5300 220 50 50
5.3750 23.5000 0.1560 180 120 60
-4.0000 0.5000 1.2040 180 120 60
6.8750 20.5000 0.4860 180 120 60
3.3125 -11.5000 1.0790 180 120 60
-11.3125 -15.5000 5.5990 220 50 50
5.7500 23.5000 0.1310 180 120 60
0.6875 8.0000 6.0260 220 50 50
0.5000 14.0000 5.4000 128 128 128
-3.8125 12.5000 5.8290 220 50 50
-18.0625 12.5000 2.1000 255 165 0
24.5000 -8.0000 1.5570 128 128 128
-18.7500 0.0000 0.1430 30 144 255
-10.0625 -9.5000 5.2480 220 50 50
-6.2500 18.0000 1.0910 180 120 60
-12.1250 10.0000 1.6220 180 120 60
11.8750 -6.0000 4.1500 220 50 50
-20.9375 17.5000 1.7250 128 128 128
-14.8125 -9.0000 4.1970 220 50 50
7.1250 9.5000 3.5300 128 128 128
-22.2500 -6.0000 0.1750 30 144 255
12.6250 6.5000 1.0520 180 120 60
-5.4375 -2.5000 1.1150 180 120 60
19.7500 11.0000 0.4390 180 120 60
25.5000 -18.5000 5.7530 220 50 50
-13.7500 -10.5000 4.4800 220 50 50
-8.1875 -23.5000 4.2490 220 50 50
-20.2500 7.0000 0.1260 30 144 255
-12.5000 -21.0000 4.2540 220 50 50
19.6875 21.0000 0.1480 30 144 255
22.6875 -6.0000 1.1100 180 120 60
3.6875 -23.0000 3.4670 220 50 50
-19.5625 22.0000 0.9180 180 120 60
-3.5625 3.0000 5.0350 220 50 50
17.9375 4.5000 1.1160 180 120 60
-17.1875 13.0000 3.0980 128 128 128
5.0000 -6.0000 2.0870 128 128 128
12.3125 20.0000 1.2750 128 128 128
-21.6250 21.5000 1.3250 180 120 60
3.3125 -2.5000 1.5440 220 50 50
25.2500 -2.5000 1.0930 180 120 60
3.7500 11.5000 1.2580 180 120 60
-16.6250 23.5000 5.1890 128 128 128
16.1250 23.0000 0.5160 128 128 128
-6.6875 -1.0000 1.1450 180 120 60
-16.3750 -6.5000 1.2900 180 120 60
2.0625 24.0000 0.1460 180 120 60
-9.3750 -6.5000 1.1180 180 120 60
5.2500 -19.5000 3.8130 220 50 50
-17.0625 19.0000 0.1800 180 120 60
-19.6875 18.5000 0.1430 180 120 60
-14.6875 14.5000 0.1500 180 120 60
2.5625 13.5000 4.6830 128 128 128
-1.3750 -3.5000 1.1370 180 120 60
-6.8750 14.5000 1.1910 180 120 60
20.2500 2.5000 0.9920 180 120 60
0.1875 13.0000 5.0830 220 50 50
6.5625 5.0000 4.2920 220 50 50
14.4375 11.5000 1.0960 180 120 60
7.1875 20.0000 0.7450 180 120 60
-10.9375 1.0000 1.2130 180 120 60
-18.6250 -8.0000 0.4690 180 120 60
18.0625 -19.5000 0.9520 180 120 60
-16.6250 -23.5000 1.0690 180 120 60
20.5625 0.0000 1.0400 180 120 60
-8.7500 -19.0000 4.3930 220 50 50
-6.9375 9.0000 1.7820 128 128 128
-14.1250 -19.0000 1.1890 180 120 60
21.2500 22.5000 0.1550 30 144 255
-8.3125 15.0000 1.1080 180 120 60
-19.3750 -6.5000 0.1510 30 144 255
8.1250 19.5000 1.1540 180 120 60
-22.8750 -2.5000 0.1280 30 144 255
7.1250 -4.5000 3.9620 220 50 50
17.6875 0.0000 1.6500 220 50 50
23.3750 11.0000 0.1330 30 144 255
12.2500 -7.0000 4.1200 220 50 50
-8.6875 10.0000 1.4000 180 120 60
-13.1250 -20.5000 1.3100 128 128 128
19.6875 -4.0000 4.0890 220 50 50
22.5625 4.0000 1.0190 180 120 60
-10.3750 14.0000 0.6340 180 120 60
-21.5000 8.0000 0.1380 30 144 255
-22.3125 -9.0000 0.1310 30 144 255
-15.1875 24.0000 0.1230 180 120 60
8.1875 4.5000 4.2420 220 50 50
-19.6875 -8.0000 0.8220 128 128 128
-15.7500 -6.5000 1.3170 180 120 60
23.3125 1.5000 0.9630 180 120 60
15.6250 -13.0000 2.2260 128 128 128
3.6875 14.5000 4.6790 128 128 128
2.4375 -19.5000 4.0480 220 50 50
-16.3125 -14.0000 4.4120 220 50 50
-14.3125 10.0000 2.2000 255 165 0
13.3750 24.0000 0.5410 180 120 60
11.1875 4.5000 1.1050 180 120 60
0.3750 22.0000 0.9150 180 120 60
21.4375 -1.0000 1.0670 180 120 60
-21.5625 1.5000 0.1480 30 144 255
12.6250 -21.0000 1.0940 180 120 60
18.0000 2.5000 1.1660 180 120 60
-0.2500 9.0000 5.9410 220 50 50
18.2500 4.5000 1.9280 128 128 128
-4.4375 19.5000 1.0430 180 120 60
-7.8750 12.5000 1.3160 180 120 60
-21.0000 -3.0000 0.1330 30 144 255
-2.7500 -3.0000 1.1040 180 120 60
-23.5625 -10.0000 0.1670 30 144 255
10.5000 7.0000 1.1610 180 120 60
-0.7500 -7.5000 1.1040 180 120 60
-23.1875 -21.0000 0.1430 30 144 255
-21.9375 21.5000 1.4690 180 120 60
19.7500 6.5000 1.4380 128 128 128
-1.8125 5.0000 5.6140 220 50 50
4.3125 21.5000 0.9610 180 120 60
12.0625 22.5000 0.3400 128 128 128
1.9375 14.0000 4.6520 128 128 128
-3.5000 -11.5000 5.6290 220 50 50
25.2500 -4.5000 1.1100 180 120 60
8.2500 -13.0000 1.0550 180 120 60
17.6875 -19.5000 0.9340 180 120 60
9.8125 24.5000 0.8340 128 128 128
22.3125 -12.5000 4.1490 220 50 50
13.5000 -14.0000 1.0240 180 120 60
-22.2500 17.5000 2.0980 255 165 0
-22.9375 -7.5000 0.1400 30 144 255
19.7500 -3.5000 4.0590 220 50 50
-18.3125 -4.0000 0.1420 180 120 60
-1.8125 6.0000 5.8600 220 50 50
-8.0000 15.0000 1.1110 180 120 60
-10.1875 13.0000 1.0140 180 120 60
-12.7500 -19.0000 1.2280 180 120 60
2.1875 -12.0000 1.0790 180 120 60
4.7500 -15.5000 2.7680 128 128 128
20.6250 -6.5000 2.3910 220 50 50
-5.8750 19.5000 0.5010 180 120 60
-7.4375 -21.5000 5.2840 220 50 50
17.0625 -13.0000 3.8480 220 50 50
-5.3750 -4.5000 1.1050 180 120 60
-19.7500 18.5000 0.1310 180 120 60
-13.9375 -6.5000 1.3110 128 128 128
-8.8125 15.0000 1.0670 180 120 60
15.8125 -16.0000 0.9880 180 120 60
-20.2500 3.5000 0.1520 30 144 255
2.2500 -12.5000 1.0870 180 120 60
-3.6250 -11.5000 5.5850 220 50 50
2.8750 -18.0000 6.6160 220 50 50
-0.3125 2.5000 5.3500 220 50 50
-1.4375 15.0000 4.6090 128 128 128
-3.3750 -10.5000 4.2880 220 50 50
-11.0625 -11.5000 5.7330 220 50 50
-8.6875 -18.0000 4.2510 220 50 50
3.3750 14.5000 4.6530 128 128 128
-6.5625 -11.5000 3.6380 220 50 50
-8.8750 -6.0000 1.0800 180 120 60
-2.1875 23.0000 0.1480 180 120 60
-2.9375 23.5000 0.1480 180 120 60
22.3750 -6.0000 1.1190 180 120 60
-4.4375 10.5000 6.3800 220 50 50
1.0000 -17.5000 6.8060 220 50 50
-0.3750 -20.0000 5.8510 220 50 50
22.3125 3.0000 0.9690 180 120 60
-23.6250 17.0000 1.9510 180 120 60
22.7500 -18.5000 1.0230 180 120 60
-13.2500 2.5000 1.3880 180 120 60
5.3125 21.0000 0.8110 180 120 60
6.8125 19.5000 1.0030 180 120 60
-21.6875 -5.0000 0.1360 30 144 255
18.8125 -14.5000 4.1260 128 128 128
1.0625 4.0000 5.9610 220 50 50
-8.8125 -7.5000 1.1850 180 120 60
-21.4375 4.5000 0.1420 30 144 255
-7.4375 15.5000 1.1320 180 120 60
21.7500 -13.5000 4.1160 220 50 50
4.7500 19.0000 1.2060 180 120 60
6.8125 10.0000 3.4740 128 128 128
-7.6250 -12.0000 5.4160 220 50 50
-3.6250 -13.0000 4.2370 220 50 50
-21.8750 -19.0000 1.9320 128 128 128
19.0625 15.5000 1.0640 180 120 60
-22.0000 0.0000 0.1480 30 144 255
16.6875 25.5000 0.3440 128 128 128
13.9375 -2.5000 4.4450 220 50 50
-19.6250 17.0000 0.1390 180 120 60
15.5000 -12.5000 1.0680 180 120 60
19.5625 -2.0000 3.9880 220 50 50
18.9375 3.0000 1.0790 180 120 60
12.6875 -19.0000 0.9910 180 120 60
4.8750 0.0000 4.2990 220 50 50
-13.1875 5.0000 1.6770 180 120 60
-15.3125 -21.0000 1.1310 180 120 60
-12.2500 -10.0000 5.6750 220 50 50
-24.0000 -20.5000 0.1410 30 144 255
6.1250 -2.0000 4.1180 220 50 50
15.1250 1.5000 1.2140 220 50 50
6.9375 16.5000 1.2820 180 120 60
-21.0625 -1.5000 0.1920 30 144 255
-20.5625 19.0000 1.1050 180 120 60
1.1250 21.5000 1.1780 180 120 60
2.1875 -9.0000 1.0750 180 120 60
8.0625 6.0000 4.1550 220 50 50
19.0625 -8.5000 1.0860 180 120 60
20.8750 23.0000 0.1660 30 144 255
13.1875 -18.5000 0.9830 180 120 60
-20.1875 16.0000 3.0270 128 128 128
-1.0000 11.0000 5.6520 220 50 50
24.0000 2.0000 0.9750 180 120 60
24.1250 2.0000 0.9630 180 120 60
15.6250 1.5000 1.3680 220 50 50
-23.0625 -24.0000 0.9120 128 128 128
-13.3750 15.0000 0.1540 180 120 60
23.0000 -24.0000 0.9420 180 120 60
-16.1875 10.0000 2.0570 255 165 0
-7.8125 21.5000 0.1660 180 120 60
-11.4375 23.5000 0.1400 180 120 60
-23.6250 12.5000 0.2820 128 128 128
-14.8750 -3.0000 1.1110 180 120 60
-23.6875 23.0000 1.5880 180 120 60
24.9375 -16.0000 5.2220 220 50 50
-15.5000 -16.5000 1.2230 180 120 60
2.1875 5.5000 6.4390 220 50 50
-2.3750 -23.5000 5.5090 220 50 50
-18.2500 -3.5000 0.1280 180 120 60
-20.1875 25.0000 5.0860 220 50 50
11.9375 3.5000 4.0340 220 50 50
-7.6875 4.0000 1.3310 180 120 60
16.2500 9.5000 1.0280 180 120 60
-7.1875 8.0000 5.4330 220 50 50
-16.8125 16.0000 0.1260 180 120 60
-17.1250 -15.0000 2.4010 220 50 50
11.3750 9.0000 1.0650 180 120 60
-14.7500 -9.0000 1.1430 180 120 60
9.1875 -17.5000 1.0380 180 120 60
19.5000 1.0000 1.0590 180 120 60
-5.4375 9.0000 5.9400 220 50 50
-23.9375 -23.0000 0.1460 30 144 255
18.5000 1.0000 1.1230 180 120 60
-6.6875 -7.0000 1.0720 180 120 60
-11.5625 -14.0000 5.7280 220 50 50
-22.1875 -22.0000 0.1050 30 144 255
-3.5000 5.0000 5.3390 220 50 50
6.5000 -13.0000 1.0340 180 120 60
22.5000 -9.0000 1.1030 180 120 60
-16.2500 -3.5000 1.1330 180 120 60
-14.6250 14.0000 0.1330 180 120 60
-22.1250 2.0000 0.1020 30 144 255
15.9375 4.0000 1.5030 128 128 128
-7.7500 -15.5000 4.9110 220 50 50
-17.7500 -4.5000 0.5230 180 120 60
-6.5625 0.5000 1.2450 180 120 60
-10.5625 2.5000 1.2800 180 120 60
-24.0000 -1.0000 0.1650 30 144 255
9.8125 2.0000 4.3320 220 50 50
24.4375 1.5000 0.9560 180 120 60
15.6875 13.0000 0.8290 180 120 60
-4.3750 12.5000 2.1540 220 50 50
-12.9375 -10.5000 5.7500 220 50 50
-11.2500 17.0000 0.1880 180 120 60
22.5000 3.5000 0.9760 180 120 60
-17.1875 23.0000 0.8780 180 120 60
-13.1875 -16.5000 5.1370 220 50 50
-6.8125 23.0000 0.1290 180 120 60
16.0625 2.0000 1.2500 128 128 128
-10.4375 -16.5000 5.4870 220 50 50
-8.8125 -11.5000 5.4820 220 50 50
-12.6250 6.0000 1.6610 180 120 60
-2.4375 -6.5000 1.1190 180 120 60
-9.1875 -23.5000 4.2210 220 50 50
18.3750 -11.5000 4.1420 220 50 50
-7.3750 12.5000 1.5170 180 120 60
-5.5000 -17.5000 5.2210 220 50 50
-8.1875 -13.0000 5.6500 220 50 50
-3.1250 -3.5000 1.0980 180 120 60
-11.8750 2.0000 1.2890 180 120 60
20.6875 -22.0000 0.9440 180 120 60
4.0625 15.0000 4.6720 128 128 128
23.3750 3.0000 0.9890 180 120 60
-18.6250 -13.0000 3.8930 220 50 50
20.8125 -15.5000 4.2490 220 50 50
-7.2500 2.0000 1.2910 180 120 60
-22.5000 11.0000 0.1400 30 144 255
23.0000 13.0000 0.1280 30 144 255
-18.8125 -3.0000 0.1260 30 144 255
13.0625 0.0000 4.3000 220 50 50
12.0625 17.5000 0.1680 128 128 128
-5.2500 -1.0000 1.1570 180 120 60
21.4375 -6.5000 2.2970 128 128 128
11.9375 -2.0000 4.6380 220 50 50
-15.6250 -7.5000 1.1430 180 120 60
-22.0625 8.5000 0.1600 30 144 255
-1.5000 -0.5000 1.2020 180 120 60
-20.0625 25.0000 5.1080 220 50 50
25.6250 -2.0000 1.0590 180 120 60
-20.7500 -4.5000 0.1370 30 144 255
-3.1250 2.5000 1.3120 180 120 60
-6.6875 5.5000 5.0320 220 50 50
-12.1250 -13.5000 5.8050 220 50 50
8.3125 17.0000 1.2090 180 120 60
-2.8125 -2.5000 1.1510 180 120 60
-12.0625 24.5000 0.1140 180 120 60
-13.0000 19.0000 0.0000 180 120 60
-3.1250 21.0000 0.3950 180 120 60
-4.3750 -18.0000 5.1070 220 50 50
-7.4375 2.5000 1.2740 180 120 60
-16.6875 -13.5000 4.3020 220 50 50
3.9375 -19.0000 3.9680 220 50 50
13.5000 12.0000 1.1020 180 120 60
-13.6875 -10.5000 4.4720 220 50 50
-16.3125 14.0000 0.1120 180 120 60
-10.6250 -4.5000 1.0790 180 120 60
13.0625 17.0000 0.1590 128 128 128
1.8125 -23.5000 3.5840 220 50 50
21.8750 -20.5000 0.9640 180 120 60
-10.0000 7.0000 1.5530 180 120 60
2.6250 10.0000 5.2290 220 50 50
-23.3125 -9.0000 0.1520 30 144 255
5.2500 10.5000 1.2910 128 128 128
21.8125 3.0000 0.8720 180 120 60
-4.7500 -3.0000 1.0990 180 120 60
-23.0625 10.0000 0.1390 30 144 255
19.8750 22.5000 0.1390 30 144 255
9.3750 4.5000 4.0860 220 50 50
5.8125 17.5000 3.2220 128 128 128
10.3750 18.5000 0.6630 180 120 60
-12.3125 13.0000 0.1710 180 120 60
4.0000 -14.5000 1.0570 180 120 60
-17.3125 15.5000 0.0900 180 120 60
-19.1250 -19.5000 1.1060 180 120 60
-23.0000 22.0000 1.5610 180 120 60
-4.9375 10.5000 6.2900 220 50 50
1.7500 7.0000 6.0940 220 50 50
5.1250 13.0000 1.1990 180 120 60
19.8125 -9.5000 1.0630 180 120 60
-0.1875 -22.5000 3.1200 220 50 50
0.4375 -21.0000 5.8600 220 50 50
-20.6875 13.0000 2.0510 255 165 0
-21.2500 -17.0000 1.0660 180 120 60
7.0625 9.0000 1.6590 128 128 128
7.0000 -4.0000 4.0150 220 50 50
10.9375 -13.5000 0.9980 180 120 60
21.2500 -7.0000 1.0810 180 120 60
18.6250 -10.0000 1.0780 180 120 60
12.2500 12.5000 1.1100 180 120 60
-10.3125 13.0000 1.0560 180 120 60
-4.6875 -22.0000 5.4690 220 50 50
-21.3125 -11.0000 0.3250 128 128 128
-18.7500 -4.5000 0.1180 30 144 255
-4.5000 -0.5000 1.1560 180 120 60
-6.3125 -8.5000 1.2020 128 128 128
-10.5625 -7.5000 5.0770 220 50 50
14.6875 -20.5000 0.9640 180 120 60
-20.1250 -19.0000 1.0630 180 120 60
-10.0625 -10.5000 5.4350 220 50 50
1.1875 -18.5000 6.8970 220 50 50
22.6250 -14.0000 4.4070 220 50 50
22.8750 -9.0000 1.1810 180 120 60
2.9375 -5.0000 1.1150 180 120 60
-4.6875 21.0000 0.1430 180 120 60
7.8125 -15.0000 1.0450 180 120 60
13.5000 -14.5000 1.0350 180 120 60
14.3750 15.0000 0.2960 180 120 60
-17.8125 12.5000 2.0970 255 165 0
-8.1250 15.5000 1.1040 180 120 60
-23.5625 16.5000 1.9730 180 120 60
20.6250 20.0000 0.1790 30 144 255
-18.7500 15.0000 0.1000 180 120 60
-16.9375 11.5000 2.0440 255 165 0
20.4375 3.5000 0.9830 180 120 60
-5.9375 22.5000 0.1170 180 120 60
13.8125 -13.5000 2.8520 128 128 128
-18.4375 14.5000 3.0850 128 128 128
-6.0625 13.5000 1.4020 180 120 60
-9.5000 17.5000 0.1290 180 120 60
12.5625 17.5000 0.1450 30 144 255
25.2500 -20.0000 1.0140 180 120 60
9.6250 20.0000 0.2010 30 144 255
22.4375 2.5000 1.0110 180 120 60
-10.0625 -15.0000 5.7930 220 50 50
-20.4375 24.5000 4.9240 220 50 50
10.6875 19.0000 0.6630 180 120 60
23.3750 -4.5000 1.1320 180 120 60
-23.2500 18.5000 1.9740 180 120 60
23.6250 -21.5000 0.9450 180 120 60
5.4375 4.0000 4.5010 220 50 50
-19.4375 -1.0000 0.1580 30 144 255
-2.0000 15.0000 4.9150 220 50 50
11.4375 25.0000 0.2590 128 128 128
-0.5625 1.5000 5.1030 220 50 50
-16.8125 3.0000 0.7220 180 120 60
-19.4375 -9.0000 0.3380 128 128 128
-18.5000 -12.5000 3.9000 220 50 50
-15.7500 -10.0000 4.1100 220 50 50
13.4375 17.5000 0.1410 30 144 255
-12.4375 8.0000 1.8020 180 120 60
24.3750 -20.0000 0.9690 180 120 60
-7.8125 21.0000 0.0990 180 120 60
5.1250 17.5000 1.9980 128 128 128
-13.4375 -4.5000 1.9970 128 128 128
-18.6875 -14.0000 1.1480 180 120 60
-19.5000 12.0000 2.0690 255 165 0
-21.8750 24.5000 4.7900 220 50 50
-4.3125 6.5000 5.5690 220 50 50
24.5625 -19.0000 1.0290 180 120 60
2.5000 11.0000 5.1100 220 50 50
-13.7500 -0.5000 1.0980 180 120 60
12.3750 25.0000 1.0170 128 128 128
-5.0000 0.0000 1.2390 180 120 60
-2.3125 -15.0000 6.7790 220 50 50
-24.1875 2.5000 0.1250 30 144 255
22.5000 17.5000 0.2830 128 128 128
-22.3125 13.0000 2.1060 255 165 0
-1.6250 1.0000 1.2260 180 120 60
11.8750 -20.5000 1.0520 180 120 60
4.2500 -13.0000 1.0870 180 120 60
10.8125 -20.5000 1.0460 180 120 60
-1.5625 7.0000 6.1730 220 50 50
-8.1250 22.5000 0.1490 180 120 60
-8.4375 1.0000 1.2170 180 120 60
3.0625 -6.5000 1.1250 180 120 60
-17.0000 24.5000 5.0710 128 128 128
11.4375 9.0000 1.0330 180 120 60
2.4375 21.0000 1.9480 128 128 128
22.2500 12.5000 0.1300 30 144 255
0.8750 0.5000 5.1820 220 50 50
22.3750 -0.5000 1.0160 180 120 60
-22.0625 6.0000 0.1460 30 144 255
17.5625 18.5000 0.0640 30 144 255
24.1250 -15.5000 4.9200 220 50 50
16.1875 11.0000 1.1100 180 120 60
17.0000 -5.0000 4.4060 220 50 50
18.5000 -11.5000 4.1170 220 50 50
-14.2500 18.0000 0.1310 180 120 60
11.1875 0.5000 4.3860 220 50 50
14.5000 4.0000 1.1370 180 120 60
-16.6875 23.5000 0.8540 180 120 60
-18.8125 -19.5000 3.1100 128 128 128
13.3125 -5.0000 4.4730 220 50 50
-8.6875 25.0000 0.1020 180 120 60
-9.1250 4.0000 1.3640 180 120 60
-14.8750 -21.0000 1.1370 180 120 60
-22.8750 13.5000 2.0670 255 165 0
-13.3125 14.5000 0.1700 180 120 60
-23.3750 -14.5000 0.1440 30 144 255
-14.8750 -23.5000 3.9220 128 128 128
4.2500 1.5000 4.4510 220 50 50
1.4375 19.5000 1.3870 180 120 60
2.8750 7.0000 5.8670 220 50 50
-2.3125 -9.0000 1.0730 180 120 60
23.3750 -10.0000 4.4920 220 50 50
2.0000 -21.0000 3.3200 220 50 50
1.7500 -2.5000 3.1190 128 128 128
11.3125 15.0000 5.3870 128 128 128
-1.5000 -6.5000 1.1190 180 120 60
-17.5000 6.0000 0.7980 128 128 128
20.1250 21.5000 0.1560 30 144 255
2.1250 -13.0000 1.1320 180 120 60
-16.8750 23.0000 5.1640 128 128 128
6.4375 -20.0000 3.7970 220 50 50
6.8750 -8.0000 1.0690 180 120 60
-7.9375 -2.5000 1.1240 180 120 60
24.6250 -19.0000 5.5530 220 50 50
-19.6250 -24.0000 0.2760 180 120 60
-1.6250 -12.5000 4.4290 220 50 50
-15.7500 2.0000 1.4450 128 128 128
-8.2500 -17.0000 4.2430 220 50 50
24.4375 7.0000 0.3980 180 120 60
-8.1875 15.5000 1.1130 180 120 60
9.3125 -4.0000 4.2120 220 50 50
-8.9375 -13.5000 4.0380 220 50 50
2.3125 -13.5000 1.1290 180 120 60
-3.6250 -6.0000 1.0920 180 120 60
18.5625 19.0000 0.0050 30 144 255
-4.0625 -16.0000 5.3570 220 50 50
11.2500 24.5000 0.2710 128 128 128
-7.5000 14.5000 1.1670 180 120 60
-6.0625 -23.5000 5.2590 220 50 50
3.3125 3.5000 4.6340 220 50 50
-19.8125 -23.0000 0.7540 180 120 60
19.6250 19.5000 0.0780 30 144 255
-15.9375 -18.5000 4.9960 128 128 128
18.8125 7.0000 1.1840 180 120 60
-21.0625 19.5000 1.1610 180 120 60
-11.0625 25.0000 0.1180 180 120 60
12.0625 14.5000 1.1930 180 120 60
20.3750 18.5000 1.0040 180 120 60
-4.8125 25.0000 0.1580 180 120 60
-13.0000 -20.0000 1.0960 180 120 60
-23.6875 13.5000 2.9650 128 128 128
-5.8125 -4.5000 1.0840 180 120 60
-4.8750 -7.0000 1.1860 128 128 128
-3.2500 25.0000 0.1600 180 120 60
-6.6875 17.5000 0.8000 180 120 60
-16.9375 -1.5000 1.6140 128 128 128
-18.8750 23.0000 0.9690 180 120 60
-21.6875 3.5000 0.1720 30 144 255
-10.3750 -7.0000 1.1100 180 120 60
-12.0625 -23.5000 4.2160 220 50 50
16.2500 -8.5000 4.2000 220 50 50
-20.5000 -4.5000 0.1380 30 144 255
-6.6875 -3.0000 1.1410 180 120 60
2.8750 11.5000 1.3390 180 120 60
3.6875 -9.0000 1.0610 180 120 60
17.0000 -6.0000 4.5230 220 50 50
18.8125 -14.5000 1.0590 180 120 60
12.3750 3.0000 4.0530 220 50 50
14.8750 -19.5000 0.9620 180 120 60
-2.5625 3.0000 5.0930 220 50 50
-18.3125 -12.0000 1.2670 180 120 60
4.3750 20.0000 1.9700 128 128 128
23.6875 -9.5000 4.4120 220 50 50
-12.2500 3.5000 1.4240 180 120 60
-5.0625 -17.0000 4.8600 220 50 50
-6.6250 -16.5000 4.1780 220 50 50
-22.3750 19.0000 1.6350 180 120 60
6.1875 -8.5000 1.0690 180 120 60
-10.3125 -3.0000 1.0320 180 120 60
6.7500 10.5000 3.7400 128 128 128
-3.5000 -9.0000 1.1710 180 120 60
16.8125 18.0000 0.1440 128 128 128
12.8750 6.0000 1.0870 180 120 60
-1.3750 -23.0000 5.6000 220 50 50
7.4375 -10.5000 1.0320 180 120 60
-9.4375 -18.0000 5.2850 220 50 50
3.2500 19.5000 1.2200 180 120 60
20.1250 -3.0000 3.9970 220 50 50
7.3750 23.5000 0.1600 180 120 60
-13.6875 -2.0000 1.0470 180 120 60
19.8125 -3.0000 4.0260 220 50 50
18.3125 -8.0000 4.5340 220 50 50
10.6250 -18.0000 1.0200 180 120 60
-10.4375 -16.5000 3.4480 220 50 50
-5.3750 2.5000 1.2960 180 120 60
4.3125 3.0000 4.5660 220 50 50
23.3750 -7.0000 1.1110 180 120 60
-4.6875 0.0000 1.2200 180 120 60
2.9375 14.0000 4.6700 128 128 128
-16.3125 2.5000 1.0790 180 120 60
19.7500 19.5000 0.1380 128 128 128
1.0625 1.0000 5.3210 220 50 50
-10.4375 4.5000 1.4510 180 120 60
5.6250 -14.5000 1.0770 180 120 60
-19.7500 -10.5000 0.2930 128 128 128
11.0000 15.5000 2.4530 128 128 128
22.4375 -2.0000 1.0780 180 120 60
-21.6875 15.5000 1.9930 255 165 0
14.3125 -24.0000 3.2640 220 50 50
-6.7500 -11.0000 5.1660 220 50 50
19.0625 -10.0000 1.1330 128 128 128
-11.8750 20.0000 0.1240 180 120 60
-0.7500 -5.0000 1.0960 180 120 60
17.7500 15.5000 0.5150 128 128 128
-18.7500 3.5000 0.1600 30 144 255
5.9375 -2.5000 4.0450 220 50 50
-1.7500 16.0000 1.7240 128 128 128
-1.0625 -8.0000 1.1080 180 120 60
-9.3750 5.0000 1.4270 180 120 60
15.6250 -2.0000 4.2550 220 50 50
-12.0625 21.5000 0.1230 180 120 60
-19.8750 22.0000 4.5090 220 50 50
15.2500 21.5000 0.5320 128 128 128
19.1250 -10.0000 1.0880 180 120 60
7.7500 13.5000 1.1840 180 120 60
11.8750 -2.5000 4.6700 220 50 50
-13.3125 -13.0000 5.6950 220 50 50
-11.5000 -7.0000 1.2840 128 128 128
-6.5625 -6.0000 1.0580 180 120 60
-3.9375 -6.5000 1.0940 180 120 60
-17.6875 4.0000 0.2630 128 128 128
2.6875 11.5000 5.3710 128 128 128
-17.7500 -22.5000 1.0640 180 120 60
0.4375 -9.5000 1.1070 180 120 60
7.3125 -6.5000 1.5390 128 128 128
19.5625 -3.0000 4.0180 220 50 50
-3.7500 6.5000 5.7050 220 50 50
-14.1250 16.5000 0.1610 180 120 60
19.8125 5.5000 1.7260 128 128 128
-8.3750 -4.5000 1.0490 180 120 60
12.8750 12.0000 1.0890 180 120 60
11.4375 19.0000 0.7730 128 128 128
10.3750 -18.5000 1.0160 180 120 60
-15.9375 17.0000 0.1630 180 120 60
-11.6250 5.5000 1.5490 180 120 60
18.3125 9.5000 1.1060 180 120 60
-16.3125 24.5000 0.8900 180 120 60
-14.2500 -13.0000 5.6700 220 50 50
9.5000 21.0000 1.1060 128 128 128
7.9375 -5.5000 3.9580 220 50 50
-15.6250 -19.0000 5.0370 128 128 128
12.1250 13.0000 1.1560 180 120 60
10.5000 17.0000 0.7600 180 120 60
7.0625 16.5000 1.2730 180 120 60
-18.1250 8.0000 2.1200 255 165 0
-16.3750 -2.5000 1.1140 180 120 60
-3.5000 23.0000 0.1260 180 120 60
11.6875 22.0000 0.4400 128 128 128
7.0625 -12.5000 1.0360 180 120 60
5.5625 5.5000 4.3400 220 50 50
-1.8125 16.5000 1.4230 180 120 60
25.6875 3.5000 1.1180 180 120 60
13.8750 -14.5000 1.0320 180 120 60
-19.4375 -14.5000 0.7710 180 120 60
-17.4375 -19.0000 1.1360 180 120 60
20.0625 -4.0000 4.0660 220 50 50
-19.1250 -12.0000 0.5880 180 120 60
12.5625 14.5000 1.1830 180 120 60
-12.6875 -9.0000 1.2090 180 120 60
10.5000 -12.0000 1.0290 180 120 60
-18.4375 -13.0000 3.8780 220 50 50
-5.0625 -7.5000 1.0810 180 120 60
9.7500 20.0000 5.4100 128 128 128
-12.5000 -3.0000 1.0650 180 120 60
-0.6875 11.0000 5.6320 220 50 50
14.9375 -3.5000 4.4820 220 50 50
-23.9375 -1.5000 0.1520 30 144 255
1.6250 3.0000 5.8340 220 50 50
2.2500 6.0000 6.1750 220 50 50
-23.9375 3.0000 0.1270 30 144 255
0.1875 -22.5000 3.1540 220 50 50
-2.4375 -14.0000 4.9360 220 50 50
-13.3125 3.0000 1.4490 180 120 60
-6.8750 -10.5000 5.0510 220 50 50
-17.3125 7.0000 1.8940 255 165 0
19.6875 -23.5000 0.9620 180 120 60
12.6875 -0.5000 4.3870 220 50 50
-8.0625 -12.5000 5.5050 220 50 50
-19.0625 19.5000 0.1280 180 120 60
-23.1250 -20.0000 0.1400 30 144 255
2.1875 -6.0000 1.0840 180 120 60
-8.0000 -5.0000 1.0450 180 120 60
25.1250 7.0000 0.2480 180 120 60
23.1250 -11.5000 4.1620 220 50 50
-21.5625 16.0000 2.0240 255 165 0
-23.2500 11.0000 0.1400 30 144 255
11.5000 11.0000 1.0560 180 120 60
20.3750 -3.0000 3.9930 220 50 50
-8.3750 -6.0000 1.0690 180 120 60
1.8125 -6.0000 1.1020 180 120 60
8.9375 -3.0000 4.2950 220 50 50
1.2500 -15.0000 6.3020 220 50 50
-9.5625 4.0000 1.4120 180 120 60
6.1250 -10.0000 1.0320 180 120 60
-19.5000 -15.0000 2.9410 128 128 128
19.3750 20.0000 0.1190 128 128 128
1.3125 -19.0000 6.9990 220 50 50
20.4375 11.0000 0.1700 180 120 60
21.3750 1.0000 0.9980 180 120 60
16.1250 3.5000 1.1360 180 120 60
-11.2500 20.5000 0.1420 180 120 60
-21.3750 -5.5000 0.1540 30 144 255
3.4375 1.5000 4.3680 220 50 50
-10.0625 25.5000 0.1380 180 120 60
-3.6250 -19.0000 5.8010 220 50 50
23.6875 -22.5000 0.9130 180 120 60
-16.3125 -6.0000 1.2560 180 120 60
17.7500 9.5000 1.0890 180 120 60
18.5625 -15.0000 1.1590 180 120 60
-24.0000 -0.5000 0.1560 30 144 255
-5.3750 12.0000 2.1000 128 128 128
-23.8750 -4.0000 0.1710 30 144 255
20.9375 -7.0000 1.1120 180 120 60
-13.7500 -14.5000 5.4150 220 50 50
25.0625 -6.5000 1.3500 128 128 128
-13.6250 -11.0000 6.0030 220 50 50
-13.6250 -11.0000 6.0150 220 50 50
-1.0625 8.0000 6.4190 220 50 50
-14.1250 0.0000 1.1370 180 120 60
-20.3125 -7.0000 0.1140 30 144 255
-12.8125 4.0000 1.5430 180 120 60
8.7500 14.0000 1.2090 180 120 60
13.9375 6.0000 1.0470 180 120 60
-22.4375 18.0000 1.9900 180 120 60
-23.7500 -20.5000 0.1400 30 144 255
-3.3750 -17.5000 7.3160 220 50 50
4.5625 -23.5000 3.2680 220 50 50
-19.2500 -6.5000 0.1320 30 144 255
-12.9375 17.5000 0.0880 180 120 60
2.1875 -1.0000 1.3170 220 50 50
23.0000 -4.0000 1.1120 180 120 60
-13.2500 10.0000 1.7930 255 165 0
-3.6875 -5.0000 1.1270 180 120 60
-6.1250 -3.0000 1.1120 180 120 60
13.4375 -15.0000 0.9780 180 120 60
14.3125 15.0000 0.4770 180 120 60
14.5000 -15.0000 1.0030 180 120 60
2.0000 6.0000 6.2150 220 50 50
-16.8125 -5.0000 1.1490 180 120 60
25.1875 -1.5000 1.0370 180 120 60
20.9375 -8.5000 1.0760 180 120 60
4.8125 12.0000 1.2140 180 120 60
-13.0625 -18.5000 1.2370 180 120 60
4.5000 20.0000 2.0420 128 128 128
-2.4375 11.0000 5.9550 220 50 50
6.2500 -6.5000 1.8690 128 128 128
20.6250 14.0000 0.1640 30 144 255
-18.1250 -23.5000 1.0280 180 120 60
8.4375 8.5000 2.0900 128 128 128
-4.0000 -17.5000 5.1280 220 50 50
9.3125 20.0000 1.1130 128 128 128
18.0625 -7.0000 4.5520 220 50 50
16.6875 -3.0000 4.2590 220 50 50
5.4375 9.5000 1.3100 128 128 128
20.9375 -3.5000 3.9950 220 50 50
-8.5625 -18.5000 5.5350 220 50 50
-5.3125 -20.0000 5.6340 220 50 50
4.3750 -3.5000 1.1810 180 120 60
-7.0000 -17.5000 4.2150 220 50 50
-9.4375 22.0000 0.1780 180 120 60
14.1875 3.0000 2.2760 128 128 128
14.5625 -16.5000 0.9510 180 120 60
8.5625 23.0000 0.1190 180 120 60
9.3125 2.0000 4.3810 220 50 50
19.8125 1.0000 1.0450 180 120 60
-14.5000 12.5000 0.1690 180 120 60
1.1875 4.5000 6.1020 220 50 50
21.0625 -20.5000 0.9700 180 120 60
21.8125 -10.5000 3.6850 220 50 50
-21.6875 1.0000 0.1360 30 144 255
10.0000 -0.5000 4.5850 220 50 50
-18.3125 17.5000 0.1600 180 120 60
-21.6250 -3.0000 0.1700 30 144 255
10.1875 -17.0000 1.0300 180 120 60
10.6250 0.0000 4.5030 220 50 50
3.4375 4.5000 6.3800 220 50 50
16.7500 -18.5000 0.9150 180 120 60
-2.0625 -22.5000 5.6030 220 50 50
25.6875 -3.0000 1.1100 180 120 60
0.3750 -10.5000 1.0950 180 120 60
21.0000 -16.5000 4.2830 128 128 128
4.5000 -22.5000 3.4060 220 50 50
-8.4375 -22.5000 4.9560 220 50 50
12.5000 -15.5000 0.9670 180 120 60
2.9375 25.0000 0.1240 180 120 60
-13.3750 -10.0000 4.4580 220 50 50
-17.5625 22.0000 5.1280 128 128 128
-11.3750 11.0000 1.2060 180 120 60
-19.8750 -20.5000 1.2200 128 128 128
-22.6250 -23.0000 1.0760 128 128 128
-7.6250 -16.5000 4.2120 220 50 50
-9.5625 -3.0000 1.0500 180 120 60
-6.9375 19.5000 0.1600 180 120 60
-2.2500 -20.5000 5.7190 220 50 50
20.3125 13.5000 0.1420 30 144 255
-8.0000 5.0000 1.3610 180 120 60
6.1875 -19.0000 3.8530 220 50 50
-12.1875 20.5000 0.1050 180 120 60
12.6875 -19.0000 0.9970 180 120 60
-4.0625 -2.0000 1.1240 180 120 60
-7.5000 8.5000 2.0700 128 128 128
16.8125 -17.5000 0.9470 180 120 60
24.2500 9.0000 0.1310 30 144 255
-21.0000 -24.0000 0.1480 30 144 255
-1.6875 -11.0000 4.0940 220 50 50
-12.5625 13.5000 0.1210 180 120 60
10.0000 16.0000 1.2370 180 120 60
-8.5000 21.0000 0.1390 180 120 60
11.6250 0.5000 4.3550 220 50 50
15.3125 -11.5000 1.0700 180 120 60
-18.8750 -21.0000 1.0760 180 120 60
-7.5000 -11.5000 3.7300 220 50 50
-17.3750 21.5000 0.2950 128 128 128
-0.8125 -1.5000 1.1740 180 120 60
-22.8750 7.5000 0.1520 30 144 255
-17.0625 -13.0000 4.1900 220 50 50
-17.0000 -3.0000 0.8810 180 120 60
-3.3750 6.5000 5.7300 220 50 50
-3.6875 -16.5000 5.3450 220 50 50
-23.6250 1.5000 0.1240 30 144 255
-3.7500 25.0000 0.1340 180 120 60
0.0625 19.5000 1.4960 180 120 60
-16.0625 18.5000 0.1490 180 120 60
9.9375 -24.0000 5.4870 220 50 50
25.5000 -7.0000 1.7000 128 128 128
7.6250 -8.5000 1.0870 180 120 60
-16.1250 -2.5000 1.1270 180 120 60
-7.4375 -22.5000 5.1880 220 50 50
-7.5000 -13.0000 3.9080 220 50 50
-18.8125 2.5000 0.1560 30 144 255
-14.0000 21.5000 0.1970 128 128 128
-6.3125 25.5000 0.1210 180 120 60
24.2500 8.0000 0.2310 180 120 60
25.0625 -13.0000 4.7590 220 50 50
8.3125 14.5000 1.1810 180 120 60
4.4375 8.5000 5.3020 220 50 50
4.5625 -14.0000 1.0810 180 120 60
-10.8750 19.0000 0.1680 180 120 60
-15.8750 13.0000 0.1660 180 120 60
-14.0000 3.0000 1.4590 180 120 60
-5.8125 -10.5000 2.7350 220 50 50
-13.1250 -20.5000 2.5990 128 128 128
19.6875 -17.5000 1.0140 180 120 60
-2.6250 12.5000 5.6300 220 50 50
16.4375 -17.0000 0.9430 180 120 60
7.7500 -10.5000 1.0170 180 120 60
17.6875 0.0000 3.9800 220 50 50
8.8125 22.5000 0.1620 180 120 60
-11.2500 18.0000 0.1540 180 120 60
10.7500 6.5000 1.1770 180 120 60
10.7500 14.5000 2.4330 128 128 128
-0.7500 -23.0000 5.6890 220 50 50
19.6875 6.0000 1.6600 128 128 128
9.0625 16.0000 1.2040 180 120 60
2.0625 12.5000 4.9140 128 128 128
2.4375 3.0000 5.9520 220 50 50
4.6875 -4.0000 1.1710 180 120 60
2.4375 16.0000 4.6080 128 128 128
6.0000 -13.0000 1.0350 180 120 60
2.6250 -1.5000 3.9680 220 50 50
-8.3750 -21.5000 5.2550 220 50 50
-2.5625 17.5000 2.0180 128 128 128
18.1875 3.5000 2.0780 128 128 128
4.0000 -10.5000 1.0550 180 120 60
16.6250 9.5000 1.0470 180 120 60
19.1250 -0.5000 1.9350 128 128 128
-20.3750 10.0000 0.1460 30 144 255
-17.8125 -16.5000 1.1500 180 120 60
15.3750 17.5000 0.1100 30 144 255
21.0000 10.5000 0.1450 180 120 60
10.1250 -12.5000 1.0390 180 120 60
15.7500 13.5000 0.6230 180 120 60
-17.7500 15.0000 0.1700 180 120 60
-24.0000 17.0000 1.9470 180 120 60
8.6875 -2.0000 4.3640 220 50 50
-23.9375 -10.5000 0.1460 30 144 255
18.3750 -9.5000 3.2020 220 50 50
-17.0000 14.5000 0.1660 180 120 60
9.6250 -2.5000 4.4160 220 50 50
15.6875 0.0000 4.0510 220 50 50
23.0000 -10.0000 1.5290 128 128 128
14.1875 3.5000 2.2480 128 128 128
15.7500 6.5000 1.6780 128 128 128
4.3125 23.0000 0.3500 180 120 60
11.8125 25.5000 0.2820 128 128 128
21.2500 -19.5000 0.9740 180 120 60
11.0000 10.0000 1.0660 180 120 60
16.5625 21.5000 0.1750 128 128 128
-13.6250 18.0000 0.0940 180 120 60
-16.0000 -2.5000 1.1090 180 120 60
-22.8750 -1.0000 0.1740 30 144 255
25.5000 10.5000 0.1470 30 144 255
-14.3750 -21.5000 1.5900 128 128 128
24.1875 -9.0000 4.3250 220 50 50
-4.8750 3.0000 1.2780 180 120 60
24.7500 -16.5000 5.1950 220 50 50
-6.3750 -9.5000 2.9220 220 50 50
7.1875 8.0000 4.0310 220 50 50
-17.4375 1.0000 1.3910 128 128 128
13.7500 -16.5000 0.9540 180 120 60
-3.6250 13.0000 5.6220 220 50 50
12.8750 -12.0000 3.6520 128 128 128
10.8125 -8.5000 1.1850 180 120 60
-19.4375 -22.0000 2.1240 128 128 128
17.9375 -4.0000 4.2390 220 50 50
-22.3750 -16.5000 1.0470 128 128 128
18.4375 -7.0000 4.5550 220 50 50
-7.6875 2.5000 1.3010 180 120 60
3.1875 -5.0000 3.0320 128 128 128
-17.5625 0.5000 1.4830 128 128 128
-20.2500 -22.0000 2.0630 128 128 128
5.6875 9.5000 1.4080 128 128 128
25.3750 -15.0000 5.1150 220 50 50
1.3125 11.5000 5.2030 220 50 50
-1.8750 16.5000 1.9600 128 128 128
6.5000 -21.5000 3.6180 220 50 50
7.1875 10.0000 1.7710 128 128 128
-5.6875 10.0000 6.0930 220 50 50
-24.0000 12.0000 0.1970 128 128 128
-15.4375 6.0000 1.9640 255 165 0
5.8750 4.5000 4.4340 220 50 50
-23.1875 -5.5000 0.1360 30 144 255
2.5000 4.0000 6.1300 220 50 50
-3.2500 -18.0000 5.8950 220 50 50
9.1875 -13.5000 1.0220 180 120 60
-16.6250 2.5000 0.8540 180 120 60
-17.5000 4.0000 0.3170 128 128 128
-12.8750 15.5000 0.1790 180 120 60
5.8750 19.0000 1.2470 180 120 60
-20.0000 7.5000 0.1280 30 144 255
-8.0000 -0.5000 1.1780 180 120 60
-18.9375 7.5000 0.1460 30 144 255
-10.6250 11.5000 1.2230 180 120 60
19.3125 -22.0000 0.9120 180 120 60
21.8125 -0.5000 1.0250 180 120 60
2.5000 -6.0000 1.1340 180 120 60
-12.2500 -8.5000 1.3520 220 50 50
-7.6250 12.0000 1.7740 128 128 128
2.2500 -0.5000 4.0150 220 50 50
8.7500 13.5000 2.0660 128 128 128
17.0625 17.5000 0.2500 128 128 128
-15.5000 1.0000 1.5220 128 128 128
18.6250 17.5000 0.2800 128 128 128
3.6875 11.0000 1.3080 128 128 128
18.8750 2.0000 1.1010 180 120 60
-9.6250 -12.0000 5.6770 220 50 50
-11.3750 14.5000 0.1570 180 120 60
5.5625 19.0000 2.2070 128 128 128
-6.1250 6.5000 5.3290 220 50 50
-3.8750 -22.0000 5.5210 220 50 50
12.9375 -14.0000 1.0200 180 120 60
-11.8125 7.5000 1.7260 180 120 60
10.6250 10.0000 1.0900 180 120 60
15.0000 2.0000 2.2580 128 128 128
1.5625 -15.0000 6.3370 220 50 50
11.1875 9.5000 1.0420 180 120 60
20.5625 15.5000 1.0490 180 120 60
11.6875 -14.0000 0.9880 180 120 60
-8.6250 20.0000 0.1140 180 120 60
5.9375 -3.5000 3.9640 220 50 50
12.2500 -7.5000 4.0260 220 50 50
-10.0000 -5.5000 1.0560 180 120 60
20.2500 20.0000 0.1550 128 128 128
-14.2500 -2.5000 1.1010 180 120 60
-9.8750 11.0000 2.4160 128 128 128
-4.1250 -9.5000 4.1350 220 50 50
23.5625 -20.5000 0.9780 180 120 60
16.5000 -7.0000 4.4380 220 50 50
2.9375 1.0000 4.2610 220 50 50
-17.9375 7.5000 2.0540 255 165 0
-4.8125 16.5000 1.1690 180 120 60
3.1875 13.5000 4.6950 128 128 128
-16.5625 13.0000 0.1250 180 120 60
-1.7500 25.5000 0.1070 180 120 60
3.3750 1.5000 4.3590 220 50 50
7.6875 18.0000 1.2090 180 120 60
-24.1250 17.5000 1.9500 180 120 60
7.3125 7.5000 4.0110 220 50 50
2.3750 14.0000 2.6370 128 128 128
7.6250 -11.5000 0.9940 180 120 60
2.6250 5.5000 6.2500 220 50 50
-3.6875 17.0000 1.3510 180 120 60
-17.8125 14.0000 0.1350 180 120 60
-8.1875 13.5000 1.2200 180 120 60
10.4375 24.0000 0.4390 128 128 128
-5.6875 6.0000 5.2800 220 50 50
18.1875 -0.5000 3.9880 220 50 50
0.5625 -20.5000 7.3220 220 50 50
8.3125 16.0000 1.1970 180 120 60
-16.8750 25.0000 4.2700 220 50 50
12.8750 -13.0000 1.0300 180 120 60
-10.9375 -4.5000 1.0940 180 120 60
3.5000 4.5000 6.3050 220 50 50
14.3750 -17.0000 0.9780 180 120 60
14.0625 -9.0000 3.9660 220 50 50
-1.3125 -5.5000 1.1090 180 120 60
-17.9375 -3.0000 0.1610 180 120 60
25.4375 -15.5000 5.2130 220 50 50
17.8125 -15.0000 1.4360 128 128 128
0.3125 -4.0000 1.1230 180 120 60
-3.5625 23.0000 0.1460 180 120 60
1.6250 -10.5000 1.0770 180 120 60
8.3750 10.0000 3.7500 128 128 128
-17.0625 -9.0000 3.7500 220 50 50
11.9375 -16.0000 0.9600 180 120 60
-19.1250 20.5000 1.0900 180 120 60
21.2500 -14.0000 4.1130 220 50 50
-7.3125 -13.5000 4.0300 220 50 50
-8.6250 3.0000 1.3000 180 120 60
1.5000 23.0000 0.6220 180 120 60
1.0625 -14.5000 6.3180 220 50 50
20.4375 -12.0000 3.5720 220 50 50
-11.8750 -13.0000 5.8560 220 50 50
-19.5000 -20.0000 1.2050 128 128 128
-15.5625 -6.5000 1.2320 180 120 60
-22.6250 -20.5000 5.0230 128 128 128
2.2500 -7.5000 1.0940 180 120 60
-6.8125 14.5000 1.2850 180 120 60
2.6875 11.5000 1.3340 180 120 60
-16.8125 18.0000 0.1220 180 120 60
-23.4375 1.5000 0.1480 30 144 255
5.0000 21.0000 0.9970 180 120 60
14.6875 16.5000 0.1980 128 128 128
-4.1875 -12.0000 4.2580 220 50 50
-19.2500 -19.5000 1.1320 180 120 60
4.3750 -12.0000 1.0730 180 120 60
-3.2500 -20.5000 5.7060 220 50 50
20.6250 9.5000 0.7010 180 120 60
4.3125 17.0000 2.1740 128 128 128
-2.6250 17.0000 2.0590 128 128 128
16.1250 -18.5000 0.9050 180 120 60
19.9375 -14.5000 3.5840 220 50 50
-17.6875 -9.5000 3.7560 220 50 50
7.8125 19.0000 1.1880 180 120 60
5.6250 15.0000 1.0250 180 120 60
18.4375 -22.5000 0.9460 180 120 60
-20.6875 16.5000 3.0330 128 128 128
-5.0625 2.5000 1.2780 180 120 60
14.0625 2.5000 2.2950 220 50 50
10.1250 -10.5000 1.0580 180 120 60
-3.0625 1.5000 1.2450 180 120 60
-22.6875 -3.0000 0.1370 30 144 255
22.2500 2.0000 0.9990 180 120 60
-14.8125 -9.0000 1.0680 180 120 60
20.7500 -2.0000 1.1070 180 120 60
-7.6250 -12.0000 5.4280 220 50 50
-12.5000 8.0000 1.8250 180 120 60
-5.3125 13.0000 1.4050 180 120 60
18.4375 4.5000 1.9170 128 128 128
10.5625 23.5000 0.8020 128 128 128
24.3125 2.5000 1.0170 180 120 60
-9.8750 -1.5000 1.1370 180 120 60
-15.9375 -4.5000 1.1260 180 120 60
2.3750 -20.5000 3.9670 220 50 50
-8.4375 8.5000 1.4710 180 120 60
-7.3750 -0.5000 1.1650 180 120 60
11.0625 10.5000 1.0510 180 120 60
12.9375 -10.0000 3.7060 220 50 50
2.3125 -10.5000 1.0870 180 120 60
-16.3750 -15.5000 2.8530 128 128 128
12.4375 19.5000 0.5950 128 128 128
-16.1875 2.0000 1.5520 128 128 128
-10.1875 23.5000 0.1310 180 120 60
8.9375 -14.5000 1.0080 180 120 60
-20.6250 21.5000 1.1900 180 120 60
19.8125 -5.5000 4.2650 220 50 50
-1.2500 -10.0000 1.0880 180 120 60
0.9375 -23.0000 3.3350 220 50 50
16.1875 -5.0000 4.5230 220 50 50
17.5000 2.0000 1.6460 128 128 128
-3.3750 19.5000 1.1690 180 120 60
7.2500 -3.5000 4.0840 220 50 50
-8.4375 -15.5000 4.2620 220 50 50
8.4375 0.5000 4.6760 220 50 50
4.3750 -23.5000 3.3080 220 50 50
-13.3125 -19.5000 2.9100 128 128 128
-13.2500 -21.5000 4.1480 220 50 50
-12.6875 -20.0000 1.0870 180 120 60
-16.8125 -14.5000 4.3870 220 50 50
-7.0000 -11.0000 3.6320 220 50 50
-19.5000 17.5000 0.1610 180 120 60
-20.2500 16.5000 0.1280 180 120 60
23.0000 -8.5000 1.1190 180 120 60
-2.1875 2.0000 2.9560 220 50 50
-11.5625 20.0000 0.1400 180 120 60
-18.5000 -9.5000 1.5990 220 50 50
-13.8125 25.5000 0.1360 180 120 60
20.8125 12.5000 0.1450 30 144 255
7.1250 -17.5000 1.2060 128 128 128
-24.0625 24.5000 1.7010 180 120 60
-9.9375 -12.0000 5.7000 220 50 50
-15.4375 4.5000 1.9530 255 165 0
12.5000 -10.5000 3.6920 128 128 128
24.7500 7.0000 0.3340 180 120 60
-4.1250 -14.5000 4.5800 220 50 50
5.7500 -10.5000 1.0120 180 120 60
-6.3750 -2.5000 1.1190 180 120 60
22.9375 -7.0000 1.1020 180 120 60
-3.6250 14.0000 1.9310 128 128 128
-11.3750 22.5000 0.1490 180 120 60
18.0625 -13.5000 1.0810 180 120 60
9.8750 -19.0000 1.0570 180 120 60
-17.6875 -20.0000 1.1130 180 120 60
-9.5625 -21.5000 4.2320 220 50 50
24.4375 -3.0000 1.0830 180 120 60
22.5000 13.5000 0.1120 30 144 255
-20.3750 18.5000 1.0980 180 120 60
-24.2500 -9.5000 0.1400 30 144 255
-2.6250 14.0000 5.3600 220 50 50
5.8125 14.0000 1.1760 180 120 60
-3.8125 -16.0000 5.2680 220 50 50
6.1250 24.5000 0.1100 180 120 60
11.0625 -0.5000 4.5200 220 50 50
19.6875 22.0000 0.1390 30 144 255
18.6250 -14.5000 1.0660 180 120 60
10.0000 5.5000 4.0160 220 50 50
-24.1875 -21.0000 0.1400 30 144 255
-15.5000 -11.0000 4.2700 220 50 50
13.9375 -21.5000 2.1490 128 128 128
-10.3750 -20.0000 4.2390 220 50 50
-15.0000 3.5000 1.5800 180 120 60
-0.4375 9.0000 5.9730 220 50 50
19.8125 -5.5000 4.2640 220 50 50
7.1875 10.5000 3.8710 128 128 128
17.9375 -6.5000 4.5170 220 50 50
-10.7500 0.5000 1.1830 180 120 60
-10.2500 23.0000 0.1730 180 120 60
1.3125 22.5000 1.0020 180 120 60
5.2500 16.0000 1.1640 180 120 60
-8.6250 -12.5000 5.5870 220 50 50
-9.3125 -12.0000 5.6170 220 50 50
-18.3750 16.5000 0.1360 180 120 60
16.8125 -11.0000 4.0940 220 50 50
12.6250 7.5000 1.0120 180 120 60
-17.5625 25.5000 1.0330 180 120 60
7.0625 -17.0000 1.0920 180 120 60
-8.8125 -0.5000 1.1840 180 120 60
20.6875 2.0000 0.9710 180 120 60
4.2500 -4.0000 3.0890 128 128 128
-6.8125 -19.5000 4.2070 220 50 50
15.6250 1.0000 3.9800 220 50 50
-5.8125 -3.0000 1.1240 180 120 60
9.1875 10.0000 1.2290 180 120 60
-16.2500 6.0000 2.0040 255 165 0
-13.8125 -11.0000 4.4960 220 50 50
-15.7500 -11.5000 4.2240 220 50 50
5.4375 17.5000 3.2300 128 128 128
-6.4375 19.5000 0.2960 180 120 60
14.6875 5.0000 1.0800 180 120 60
-16.0000 -1.5000 1.1800 180 120 60
4.8125 1.5000 4.5020 220 50 50
20.3125 -2.0000 1.1540 180 120 60
16.9375 -6.5000 4.5350 220 50 50
-15.3750 11.5000 0.1000 180 120 60
12.9375 25.5000 1.2490 128 128 128
-10.8750 18.5000 0.1610 180 120 60
2.3125 -11.5000 1.0890 180 120 60
-7.8125 -15.5000 5.6230 220 50 50
-17.1875 -14.0000 4.2590 220 50 50
-19.8125 25.0000 5.1060 220 50 50
-11.8750 -7.5000 1.2730 128 128 128
-15.3750 -8.0000 1.1320 180 120 60
19.6250 -14.5000 4.2240 128 128 128
-19.0625 20.0000 1.0520 34 139 34
9.4375 2.0000 4.3760 220 50 50
-7.1875 0.5000 1.2400 180 120 60
25.1875 -21.5000 0.9370 180 120 60
-10.3125 18.5000 0.1170 180 120 60
17.5000 16.5000 0.3470 128 128 128
20.6250 -3.5000 4.0120 220 50 50
-13.8750 -6.5000 1.3130 128 128 128
9.8125 -6.5000 3.9820 220 50 50
4.4375 -8.0000 1.0690 180 120 60
-3.7500 13.5000 1.8550 128 128 128
-11.4375 14.0000 0.1500 180 120 60
4.5000 -10.5000 1.0590 180 120 60
2.8750 18.0000 1.5260 128 128 128
-14.2500 0.5000 1.2230 180 120 60
-21.5625 -16.0000 2.2370 128 128 128
-16.1875 -16.5000 3.0840 128 128 128
-0.4375 -23.5000 3.1680 220 50 50
-19.0000 9.0000 0.1800 30 144 255
-16.7500 1.5000 1.5850 128 128 128
-19.1250 -6.0000 0.1380 30 144 255
12.5625 -17.0000 0.9960 180 120 60
23.1250 -6.5000 1.1060 180 120 60
18.6250 15.5000 1.0580 180 120 60
-5.9375 -18.0000 5.1860 220 50 50
2.3125 -18.0000 6.6920 220 50 50
15.8125 -6.5000 4.4660 220 50 50
16.1875 21.0000 5.6030 128 128 128
-16.4375 -9.5000 3.9610 220 50 50
0.6250 -23.5000 3.3410 220 50 50
-2.2500 2.0000 2.9690 128 128 128
-19.2500 -22.0000 1.0460 180 120 60
-5.3750 18.0000 1.1120 180 120 60
-2.0000 1.0000 1.2750 180 120 60
-6.9375 5.5000 5.0410 220 50 50
-13.5000 -4.5000 1.1700 180 120 60
-3.4375 4.5000 5.2910 220 50 50
-22.0625 -0.5000 0.1450 30 144 255
-2.5625 9.0000 6.3770 220 50 50
-2.3750 -21.0000 5.6840 220 50 50
-14.5000 26.0000 0.1930 180 120 60
-1.3750 3.0000 5.3360 220 50 50
18.7500 14.0000 1.0700 180 120 60
3.8750 15.5000 4.6770 128 128 128
-0.8125 -15.0000 6.5920 220 50 50
-6.0625 26.0000 0.1640 180 120 60
-8.8125 7.0000 1.4440 180 120 60
-19.5625 18.5000 0.1210 180 120 60
19.1875 -7.0000 4.4610 220 50 50
-7.6875 4.0000 1.3590 180 120 60
12.4375 -23.5000 5.0710 220 50 50
-3.1250 -4.0000 1.0870 180 120 60
-11.1875 -3.5000 1.0640 180 120 60
22.4375 -1.0000 1.0300 180 120 60
2.5000 -0.5000 4.0570 220 50 50
8.4375 15.0000 1.1960 180 120 60
8.1250 20.0000 1.1540 128 128 128
25.3750 -24.0000 0.8850 180 120 60
-17.0625 -18.0000 1.1360 180 120 60
4.0625 -10.5000 1.0580 180 120 60
-11.5000 -17.5000 5.2390 220 50 50
-3.6250 -5.5000 1.0770 180 120 60
-9.1875 15.5000 0.8110 180 120 60
7.0000 -18.5000 3.8690 220 50 50
-13.3125 -17.0000 5.0660 220 50 50
5.3750 20.0000 1.2280 180 120 60
-13.6250 7.0000 1.8650 180 120 60
10.2500 -12.5000 1.0300 180 120 60
-6.8750 21.0000 0.1270 180 120 60
1.1250 -1.0000 1.2170 180 120 60
5.1875 18.5000 2.4440 128 128 128
0.8125 -15.5000 6.4470 220 50 50
-24.1875 -11.5000 0.1510 30 144 255
-12.0625 2.0000 1.3120 180 120 60
-5.8125 3.5000 1.2890 180 120 60
4.0000 -1.5000 4.0160 220 50 50
-2.6250 -17.5000 7.2270 220 50 50
5.2500 -24.0000 6.1610 220 50 50
-8.3750 -3.5000 1.0960 180 120 60
-14.0000 25.0000 0.1300 180 120 60
-19.4375 -2.5000 0.1510 30 144 255
-21.5000 -17.5000 1.8380 128 128 128
13.6250 3.0000 2.2690 128 128 128
6.0625 1.5000 4.5690 220 50 50
13.3750 15.0000 0.7080 180 120 60
-21.2500 -6.5000 0.1580 30 144 255
23.8125 -16.0000 4.9570 220 50 50
25.1250 -23.0000 0.9110 180 120 60
-20.5000 -7.0000 0.1500 30 144 255
-16.8750 19.0000 0.1140 180 120 60
-5.1250 -9.0000 1.5670 128 128 128
17.5000 -23.0000 0.9300 180 120 60
1.5000 -10.5000 1.1050 180 120 60
-10.2500 -17.5000 3.4520 220 50 50
-3.7500 -6.0000 1.0800 180 120 60
-13.7500 16.0000 0.1110 180 120 60
-21.7500 11.0000 0.1670 30 144 255
16.9375 -11.0000 4.0750 220 50 50
17.8750 -13.5000 1.0870 180 120 60
-20.6250 14.0000 2.0480 255 165 0
14.1250 -5.0000 4.5110 220 50 50
-15.6875 1.5000 1.9730 128 128 128
9.1875 -16.0000 1.0410 180 120 60
-23.8125 22.0000 1.7590 180 120 60
4.3750 -16.0000 6.1310 220 50 50
-8.6875 -22.5000 4.9950 220 50 50
-8.1875 24.0000 0.1680 180 120 60
-1.6250 -12.0000 4.3570 220 50 50
-4.7500 20.5000 0.2130 180 120 60
15.3750 -18.5000 0.9600 180 120 60
-0.2500 15.5000 4.5370 128 128 128
12.2500 24.5000 1.0340 128 128 128
-14.5000 7.5000 1.9480 255 165 0
8.6250 15.5000 1.2020 180 120 60
6.7500 -13.5000 1.0360 180 120 60
7.5625 15.0000 1.1780 180 120 60
19.3125 -15.0000 1.0630 180 120 60
5.0000 -17.0000 4.0020 220 50 50
18.4375 -15.0000 3.8650 128 128 128
-12.3125 22.0000 0.1600 180 120 60
0.1875 -3.0000 1.1350 180 120 60
-6.2500 -10.5000 5.0580 220 50 50
23.3125 -5.5000 1.1270 180 120 60
7.1250 15.5000 1.2920 180 120 60
-4.5000 3.5000 4.9860 220 50 50
0.6250 18.0000 1.1850 180 120 60
-12.6875 -18.5000 2.4970 128 128 128
23.4375 3.5000 1.0040 180 120 60
9.5000 14.5000 1.2180 180 120 60
16.0625 1.0000 1.4110 220 50 50
-9.3125 12.5000 2.0950 128 128 128
25.0000 -8.0000 1.8960 128 128 128
-7.0000 -2.5000 1.0950 180 120 60
-13.7500 17.5000 0.1640 180 120 60
0.8125 -23.5000 3.4340 220 50 50
14.6875 13.5000 1.0930 180 120 60
22.5000 10.5000 0.1590 30 144 255
-0.1250 -19.0000 7.1590 220 50 50
-16.5625 17.0000 0.1360 180 120 60
15.8125 15.5000 0.3330 128 128 128
3.8125 -11.0000 1.0690 180 120 60
11.7500 20.5000 0.6200 180 120 60
-17.8125 15.0000 0.1400 180 120 60
-19.3125 -10.0000 0.2920 180 120 60
19.1250 4.0000 1.7580 128 128 128
-17.4375 10.5000 2.0690 255 165 0
-10.3750 3.5000 1.3460 180 120 60
6.3750 1.0000 4.5230 220 50 50
10.5000 -9.0000 1.0810 180 120 60
9.4375 -21.0000 4.9850 220 50 50
6.1875 -10.0000 1.0130 180 120 60
-1.1250 -11.0000 1.1500 180 120 60
14.4375 -9.0000 3.9910 220 50 50
3.4375 14.0000 4.6740 128 128 128
8.9375 -13.0000 1.0330 180 120 60
13.1875 7.0000 1.0350 180 120 60
-6.5625 17.5000 0.9810 180 120 60
-21.8125 -0.5000 0.1240 30 144 255
21.6250 14.0000 0.1690 30 144 255
22.7500 9.5000 0.1330 30 144 255
-21.5000 -23.5000 0.1600 30 144 255
9.6875 13.5000 2.0410 128 128 128
-8.8750 21.5000 0.1560 180 120 60
8.4375 16.5000 1.2320 180 120 60
-22.0625 11.5000 2.1510 255 165 0
-8.0625 7.5000 1.4930 128 128 128
-8.1250 -1.5000 1.1090 180 120 60
4.4375 -9.0000 1.0520 180 120 60
15.5000 -23.5000 1.5500 128 128 128
14.8750 -3.5000 4.4780 220 50 50
-2.0625 -5.0000 1.0940 180 120 60
16.8125 -10.0000 4.1270 220 50 50
25.3750 3.5000 1.1160 180 120 60
24.0625 7.5000 0.3640 180 120 60
14.1250 4.0000 2.0600 128 128 128
24.2500 -1.5000 1.0330 180 120 60
-6.3750 -20.0000 4.2160 220 50 50
-14.6875 13.5000 0.1230 180 120 60
-12.8125 -5.5000 1.1360 180 120 60
-15.5625 0.0000 1.4990 128 128 128
-23.3125 -3.0000 0.1420 30 144 255
2.3750 13.5000 2.3670 128 128 128
6.7500 -4.5000 3.9580 220 50 50
14.8125 -6.0000 4.4000 220 50 50
-16.0000 20.5000 0.1580 180 120 60
4.5000 14.5000 4.5820 128 128 128
-14.9375 -12.5000 4.4770 220 50 50
15.1250 -2.5000 4.3170 220 50 50
-11.4375 9.5000 1.6640 180 120 60
-10.8125 7.5000 1.6240 180 120 60
-2.3750 -18.5000 7.2900 220 50 50
16.8125 12.0000 1.1080 180 120 60
-19.4375 -6.0000 0.1550 30 144 255
-16.4375 15.5000 0.1610 180 120 60
21.6875 -12.0000 3.9230 220 50 50
-9.7500 7.0000 1.5020 180 120 60
8.0625 -19.0000 3.8810 220 50 50
-2.5000 -10.5000 4.1270 220 50 50
-3.8125 -0.5000 1.1780 180 120 60
-4.0000 7.5000 5.8480 220 50 50
0.7500 -11.5000 1.4320 128 128 128
8.0625 4.5000 4.2070 220 50 50
14.4375 6.5000 1.0140 180 120 60
-23.8750 20.0000 1.9630 180 120 60
-15.3125 8.0000 2.0250 255 165 0
25.1875 -12.0000 4.3970 220 50 50
4.1875 -1.0000 4.1020 220 50 50
16.2500 -6.5000 4.4350 220 50 50
-3.5000 -23.5000 5.4090 220 50 50
-7.0625 18.5000 0.2910 180 120 60
-0.6875 16.5000 4.4980 128 128 128
-16.3125 -15.0000 5.1020 220 50 50
1.9375 1.5000 5.6210 220 50 50
7.5000 23.5000 0.1510 180 120 60
-5.3125 1.5000 1.2420 180 120 60
19.3125 -1.5000 3.9620 220 50 50
7.4375 13.0000 1.1670 180 120 60
10.6875 8.5000 1.1060 180 120 60
14.7500 2.0000 4.0140 220 50 50
-9.1875 -17.5000 5.2800 220 50 50
-16.1250 -7.0000 1.1900 180 120 60
-10.6250 -23.5000 4.8320 128 128 128
-3.6250 -20.5000 5.6470 220 50 50
23.0625 -18.5000 1.0190 180 120 60
15.4375 -14.0000 2.1810 128 128 128
-17.8750 -6.5000 0.7590 180 120 60
2.2500 -11.0000 1.0850 180 120 60
-0.6250 23.5000 0.1310 180 120 60
11.4375 -15.5000 0.9940 180 120 60
14.0625 9.0000 0.9010 180 120 60
-6.0000 -13.5000 4.5400 220 50 50
1.7500 -5.0000 1.1200 180 120 60
14.1250 18.5000 5.6670 128 128 128
-13.5625 1.0000 1.2270 180 120 60
13.0000 20.0000 0.5830 128 128 128
-17.3125 -19.5000 1.1180 180 120 60
7.9375 9.5000 3.8240 128 128 128
10.4375 10.5000 1.1080 180 120 60
-6.6875 -16.5000 4.1980 220 50 50
25.6875 -21.5000 0.9420 180 120 60
22.7500 10.5000 0.1440 30 144 255
7.2500 13.5000 1.1840 180 120 60
-2.2500 17.0000 2.1470 128 128 128
-3.2500 16.5000 2.0380 128 128 128
6.8125 16.5000 1.2880 180 120 60
17.5000 -10.5000 4.1950 220 50 50
-3.2500 9.5000 6.3280 220 50 50
-12.8750 8.0000 1.8560 180 120 60
-3.4375 10.5000 6.1510 220 50 50
12.8750 -18.5000 0.9960 180 120 60
-18.0625 20.5000 0.1520 180 120 60
-21.7500 -11.0000 0.3270 128 128 128
16.0000 23.5000 0.9850 128 128 128
16.8125 -11.5000 3.9620 220 50 50
-18.6250 18.5000 0.1520 180 120 60
-5.8125 4.5000 1.3190 180 120 60
-21.8750 -20.5000 1.0630 128 128 128
-8.3750 -4.0000 1.0660 180 120 60
-17.5625 -19.0000 1.1410 180 120 60
-13.2500 -13.5000 5.6680 220 50 50
-0.7500 17.5000 2.1520 128 128 128
-22.1250 -7.0000 0.1250 30 144 255
-7.7500 4.0000 1.3260 180 120 60
-15.2500 -15.0000 5.1810 220 50 50
-14.0000 14.0000 0.1050 180 120 60
-21.6875 5.5000 0.1590 30 144 255
-7.3125 4.0000 1.3440 180 120 60
13.6875 7.0000 1.0100 180 120 60
4.4375 2.5000 4.5240 220 50 50
-13.9375 -5.0000 1.1410 180 120 60
-5.0000 9.5000 6.1550 220 50 50
-6.0625 0.0000 1.2220 180 120 60
7.0625 11.0000 3.2800 128 128 128
8.7500 11.5000 2.3680 128 128 128
-7.5625 -19.0000 4.2120 220 50 50
-19.2500 -18.0000 1.0840 180 120 60
5.2500 -5.5000 2.1610 128 128 128
13.5625 -10.0000 3.8570 220 50 50
6.9375 11.5000 1.2190 180 120 60
2.7500 16.5000 2.2110 128 128 128
-17.8125 -20.0000 1.1010 180 120 60
-1.4375 18.5000 2.0310 128 128 128
16.4375 -11.5000 3.8940 220 50 50
-14.5000 5.0000 1.7800 180 120 60
-3.4375 -18.0000 5.8790 220 50 50
-19.6875 15.5000 3.0220 128 128 128
4.2500 15.5000 4.6920 128 128 128
10.3750 16.5000 1.1680 180 120 60
-20.0000 -2.5000 0.1430 30 144 255
8.1875 -21.5000 5.2450 220 50 50
7.8750 19.0000 1.1790 180 120 60
-15.6250 -9.0000 4.0620 220 50 50
-10.0625 -8.0000 5.0610 220 50 50
-0.6250 -20.0000 5.8830 220 50 50
14.3125 23.5000 5.3080 128 128 128
-21.0625 24.0000 4.7980 220 50 50
-9.6875 -23.0000 4.2400 220 50 50
8.3125 11.0000 1.4510 128 128 128
-0.1875 18.0000 1.8540 128 128 128
3.2500 17.0000 2.0850 128 128 128
2.4375 20.0000 1.1920 180 120 60
-0.3750 4.5000 5.8110 220 50 50
-7.2500 0.5000 1.2210 180 120 60
-19.0000 -22.0000 1.0790 180 120 60
-13.3750 19.0000 0.1650 180 120 60
9.9375 -4.0000 4.3160 220 50 50
24.3750 1.0000 0.9460 180 120 60
3.4375 17.5000 1.3980 128 128 128
-19.2500 -1.5000 0.1580 30 144 255
-3.4375 0.0000 1.1870 180 120 60
15.4375 6.0000 1.5140 128 128 128
16.1250 13.0000 0.8060 180 120 60
-15.4375 -20.0000 1.1380 180 120 60
-13.7500 -23.5000 4.1140 220 50 50
3.1250 8.5000 5.5300 220 50 50
-2.6250 -16.5000 7.0470 220 50 50
-14.7500 -16.0000 5.1020 220 50 50
20.5000 7.5000 1.1140 180 120 60
6.0625 18.0000 3.2460 128 128 128
-8.3125 11.0000 1.4080 180 120 60
23.5000 -2.0000 1.0450 180 120 60
-19.2500 -14.0000 0.7890 180 120 60
13.5625 2.0000 4.0880 220 50 50
21.4375 17.5000 0.9790 180 120 60
1.3125 19.0000 2.6070 128 128 128
-13.0000 21.5000 0.1390 180 120 60
-1.0000 14.5000 2.4330 128 128 128
12.6875 -7.5000 4.0590 220 50 50
-5.8125 -9.0000 2.7880 220 50 50
9.0000 18.5000 0.6510 180 120 60
-10.6875 -8.0000 5.1490 220 50 50
-2.7500 -14.5000 5.0540 220 50 50
-21.1875 -3.0000 0.1390 30 144 255
0.5625 14.0000 5.4910 128 128 128
-14.3125 -19.5000 1.1730 180 120 60
-5.0625 -9.5000 1.4890 220 50 50
16.1250 -10.0000 4.0380 220 50 50
-21.2500 -13.0000 0.3130 128 128 128
19.4375 -14.5000 4.6670 128 128 128
20.1875 0.0000 1.0570 180 120 60
5.0000 11.5000 1.2370 180 120 60
-5.0625 -15.0000 5.1850 220 50 50
-9.3750 25.0000 0.1330 180 120 60
-4.3125 4.5000 5.1300 220 50 50
19.7500 -13.0000 3.6430 220 50 50
-14.3125 12.0000 0.1770 180 120 60
-23.4375 24.0000 1.6240 180 120 60
0.8125 -6.5000 1.1170 180 120 60
16.9375 -15.0000 1.3640 128 128 128
11.8125 -4.0000 4.4130 220 50 50
21.5625 1.5000 0.9630 180 120 60
-10.1875 -14.0000 5.9140 220 50 50
12.3125 -16.0000 0.9670 180 120 60
8.0625 -15.5000 1.0450 180 120 60
-9.3125 20.0000 0.1800 180 120 60
-11.7500 14.0000 0.1250 180 120 60
-0.6875 12.5000 5.3060 220 50 50
3.4375 19.5000 1.1990 180 120 60
-11.1875 -5.0000 1.0760 180 120 60
-3.5000 19.0000 1.1410 180 120 60
5.3750 -4.0000 1.1870 180 120 60
11.6250 5.5000 2.0360 128 128 128
-10.0000 11.5000 1.4880 180 120 60
-8.0625 15.5000 1.1030 180 120 60
-7.8125 -10.0000 5.0900 220 50 50
-11.0000 17.5000 0.1240 180 120 60
3.6875 -15.5000 6.1090 220 50 50
-3.9375 -18.5000 5.8410 220 50 50
15.5000 0.5000 4.0310 220 50 50
-10.7500 -16.5000 5.4780 220 50 50
20.9375 -15.5000 4.2280 220 50 50
-2.6250 -17.5000 7.1970 220 50 50
-2.1250 6.5000 5.9470 220 50 50
-18.6875 4.5000 0.1250 30 144 255
10.1875 -21.0000 4.9480 220 50 50
17.6875 11.5000 1.0560 180 120 60
-14.5625 22.5000 0.1360 180 120 60
-6.6250 -2.5000 1.1100 180 120 60
-22.5000 19.5000 1.4810 180 120 60
-19.6875 22.5000 4.6880 220 50 50
-23.4375 12.0000 0.1370 30 144 255
21.8125 -13.5000 4.1450 220 50 50
-17.5000 -7.0000 1.0310 180 120 60
5.5625 -19.0000 3.8230 220 50 50
25.5000 -2.0000 1.0760 180 120 60
21.5625 -1.5000 1.0720 180 120 60
-8.2500 7.0000 5.0740 220 50 50
17.1875 -10.5000 4.1530 220 50 50
25.4375 3.0000 1.0680 180 120 60
8.8750 -15.0000 1.0540 180 120 60
11.7500 -18.5000 1.0130 180 120 60
12.2500 3.5000 4.0300 220 50 50
-7.5000 20.5000 0.1430 180 120 60
-20.0000 17.0000 0.1500 180 120 60
-1.2500 -16.5000 6.9050 220 50 50
20.6875 -5.0000 4.1800 220 50 50
-11.1250 -17.0000 3.2930 220 50 50
-0.3750 4.0000 5.6900 220 50 50
-20.3125 0.5000 0.1240 30 144 255
-3.6250 6.5000 5.6320 220 50 50
-3.0625 1.0000 1.2410 180 120 60
16.0625 -10.5000 3.9900 220 50 50
24.6875 1.0000 0.9590 180 120 60
0.1875 12.0000 5.3260 220 50 50
-23.0625 -3.0000 0.1630 30 144 255
22.0625 21.5000 0.1290 30 144 255
-4.8125 -2.0000 1.1190 180 120 60
-9.4375 -5.0000 1.0780 180 120 60
3.6875 -22.0000 3.6370 220 50 50
14.0625 -7.5000 4.1110 220 50 50
-9.6250 4.0000 1.3450 180 120 60
-23.0000 -8.5000 0.1650 30 144 255
-21.9375 -21.5000 1.5340 128 128 128
-14.3750 -1.0000 1.0400 180 120 60
10.5000 -5.0000 4.2760 220 50 50
-7.6875 -21.5000 5.2230 220 50 50
-18.8750 0.5000 0.1460 30 144 255
10.2500 12.5000 2.4270 128 128 128
14.0625 4.0000 1.1230 180 120 60
22.0000 -24.0000 0.9350 180 120 60
-14.3125 -23.0000 1.2420 180 120 60
6.9375 17.0000 3.1900 128 128 128
-1.6250 18.0000 2.1070 128 128 128
-20.5000 -23.0000 0.1400 180 120 60
-10.8125 3.0000 1.3390 180 120 60
9.5000 -18.0000 1.0480 180 120 60
-15.6875 7.0000 2.0200 255 165 0
18.8750 1.0000 1.0830 180 120 60
5.0625 -17.0000 3.9860 220 50 50
23.5000 -18.5000 1.0360 180 120 60
18.5000 -1.5000 4.0240 220 50 50
-16.3750 7.0000 2.9990 128 128 128
-13.1875 -24.0000 1.0810 180 120 60
20.4375 15.0000 0.1930 30 144 255
-9.4375 9.5000 1.4470 180 120 60
11.2500 -23.5000 5.2030 220 50 50
-10.8750 -1.0000 1.1240 180 120 60
9.0625 -16.5000 1.0130 180 120 60
-10.3125 -13.0000 5.8760 220 50 50
-21.3125 17.0000 1.7240 128 128 128
-1.1250 -8.5000 1.0940 180 120 60
8.0625 10.0000 1.6600 128 128 128
21.6250 -10.0000 3.5410 220 50 50
14.3750 10.0000 1.0080 180 120 60
14.8750 1.5000 4.0330 220 50 50
12.8750 -6.0000 4.2990 220 50 50
-11.8125 24.0000 0.1810 180 120 60
4.6250 -15.0000 2.4950 128 128 128
14.1250 -8.0000 4.1020 220 50 50
13.3125 -9.0000 3.9070 220 50 50
-16.1250 -12.5000 4.2820 220 50 50
13.8125 25.5000 0.9540 128 128 128
18.9375 -7.0000 4.4790 220 50 50
-22.5000 4.0000 0.1460 30 144 255
21.9375 21.5000 0.1540 30 144 255
-16.3125 6.5000 2.9430 128 128 128
16.3125 1.5000 1.3050 128 128 128
22.7500 12.5000 0.1350 30 144 255
18.6250 4.5000 1.5930 128 128 128
-19.2500 21.0000 1.0850 180 120 60
9.3125 14.0000 1.2080 180 120 60
-17.0000 3.5000 0.4980 180 120 60
-12.9375 22.0000 0.1360 180 120 60
3.2500 -10.0000 1.0690 180 120 60
16.3750 21.5000 5.5370 128 128 128
-19.9375 -13.5000 0.2120 180 120 60
8.7500 -22.0000 5.2250 220 50 50
-12.5625 -21.0000 4.2360 220 50 50
10.2500 14.5000 1.2140 180 120 60
21.3125 -23.0000 0.9220 180 120 60
25.1875 -6.5000 1.4030 128 128 128
-5.0000 7.5000 5.6400 220 50 50
12.5000 -15.5000 0.9530 180 120 60
7.7500 7.5000 2.2380 128 128 128
17.5000 5.0000 1.0950 180 120 60
-8.0625 19.0000 0.1670 180 120 60
24.5625 -15.0000 4.9820 220 50 50
20.0000 -6.0000 4.3310 220 50 50
-2.1250 25.0000 0.1680 180 120 60
-5.6875 -7.0000 1.4920 128 128 128
5.1875 16.0000 1.1640 180 120 60
10.5625 17.5000 0.5760 180 120 60
4.0000 -16.5000 6.2460 220 50 50
9.1875 -10.0000 1.0910 180 120 60
13.8750 -22.0000 2.1800 128 128 128
-5.5625 1.5000 1.2180 180 120 60
-18.4375 8.0000 2.0850 255 165 0
0.5625 1.5000 5.3550 220 50 50
9.4375 11.0000 1.9680 128 128 128
-23.8125 4.0000 0.1540 30 144 255
-20.8750 20.5000 1.1740 180 120 60
-0.1250 4.5000 5.8650 220 50 50
-22.9375 10.5000 0.1590 30 144 255
11.6250 -8.0000 3.8950 220 50 50
-0.2500 -17.0000 6.8930 220 50 50
-23.7500 -23.5000 0.1460 30 144 255
-16.9375 -13.0000 4.1840 220 50 50
0.7500 -21.0000 3.2190 220 50 50
-5.6875 8.5000 5.7370 220 50 50
11.3125 -2.5000 4.5920 220 50 50
-4.8750 -2.5000 1.1550 180 120 60
-4.6875 -11.0000 4.3800 220 50 50
-16.0000 -16.5000 1.2180 180 120 60
7.8750 22.0000 0.1160 180 120 60
-0.3750 25.0000 0.1620 180 120 60
-22.2500 0.0000 0.1470 30 144 255
-11.5625 -15.5000 5.5040 220 50 50
-24.1250 -10.0000 0.1420 30 144 255
-4.5000 -16.5000 5.0140 220 50 50
-15.7500 -11.5000 4.2620 220 50 50
-8.1875 21.5000 0.1570 180 120 60
-4.9375 13.0000 1.3400 180 120 60
3.5625 6.0000 6.0290 220 50 50
-12.9375 -8.5000 1.1210 180 120 60
14.8750 4.5000 1.6850 128 128 128
14.5625 -23.0000 1.9010 128 128 128
-21.8750 -3.5000 0.1430 30 144 255
-21.1875 3.0000 0.1710 30 144 255
3.8125 -5.5000 1.1400 180 120 60
-19.4375 -16.5000 1.1000 180 120 60
14.7500 2.0000 2.2900 220 50 50
20.4375 -11.5000 3.5080 220 50 50
2.7500 7.5000 5.8560 220 50 50
-17.5625 18.0000 0.1130 180 120 60
-10.7500 0.0000 1.1340 180 120 60
-21.3125 10.0000 0.1410 30 144 255
25.1875 2.0000 1.0050 180 120 60
16.3750 12.0000 1.1240 180 120 60
-0.4375 -9.5000 1.1090 180 120 60
9.0000 9.5000 1.8950 128 128 128
14.1875 -8.0000 4.0830 220 50 50
-8.1875 4.5000 1.3760 180 120 60
-11.6875 -2.0000 1.0590 180 120 60
-7.3125 1.0000 1.2040 180 120 60
6.6875 7.5000 4.0600 220 50 50
24.2500 -20.5000 0.9800 180 120 60
-10.7500 -5.5000 1.1030 180 120 60
17.6875 4.5000 1.1210 180 120 60
24.6875 -8.5000 4.2390 220 50 50
-4.0625 -22.0000 5.5170 220 50 50
-11.3125 23.0000 0.1860 180 120 60
-1.3750 -0.5000 1.3960 128 128 128
9.0625 -2.5000 4.3750 220 50 50
20.7500 22.0000 0.1280 30 144 255
3.8125 -4.0000 3.0820 128 128 128
-9.5000 26.0000 0.1370 180 120 60
9.6875 -21.5000 5.0840 220 50 50
13.3125 -15.0000 0.9980 180 120 60
24.5625 -17.5000 5.3160 220 50 50
-1.7500 -22.5000 5.6110 220 50 50
18.8125 -17.0000 0.9920 180 120 60
17.1875 -8.0000 4.3450 220 50 50
6.5625 -15.0000 1.0580 180 120 60
16.8750 -15.5000 1.0370 180 120 60
-21.7500 -16.5000 2.2160 128 128 128
23.1875 -8.0000 1.1030 180 120 60
-3.8750 3.0000 4.9890 220 50 50
10.4375 -1.0000 4.5920 220 50 50
15.6875 22.0000 5.3930 128 128 128
12.4375 4.0000 1.1750 180 120 60
-22.8750 5.5000 0.1440 30 144 255
-2.0625 -18.5000 7.3240 220 50 50
-0.7500 20.0000 1.2200 180 120 60
-3.1875 -16.5000 7.1630 220 50 50
-14.0625 1.5000 1.2820 180 120 60
17.0625 19.5000 0.1150 128 128 128
-2.2500 16.0000 1.6030 180 120 60
-8.9375 6.5000 1.4610 180 120 60
21.1875 10.0000 0.3190 180 120 60
-15.1875 11.5000 3.0440 128 128 128
16.9375 -12.5000 3.8290 220 50 50
-9.2500 -20.5000 4.2900 220 50 50
20.8750 -21.0000 0.9320 180 120 60
7.0625 0.0000 4.4250 220 50 50
-9.3750 -1.0000 1.1820 180 120 60
-8.2500 -17.0000 5.1480 220 50 50
-16.7500 -13.0000 4.2730 220 50 50
17.7500 11.5000 1.0650 180 120 60
-23.6250 -13.0000 0.1470 30 144 255
-4.6875 24.0000 0.1560 180 120 60
-7.2500 20.5000 0.1490 180 120 60
14.1875 -17.0000 0.9810 180 120 60
6.0625 -10.0000 1.0420 180 120 60
3.0000 13.0000 4.6940 128 128 128
16.6875 14.0000 0.2170 180 120 60
-7.5625 4.5000 1.3340 180 120 60
18.8125 -9.5000 1.0300 180 120 60
-12.2500 9.0000 1.7330 180 120 60
5.8750 -1.0000 4.2120 220 50 50
-17.6250 -17.0000 1.1420 180 120 60
2.5000 -22.0000 3.5070 220 50 50
-21.4375 -5.5000 0.1140 30 144 255
-7.0625 -18.0000 4.2300 220 50 50
-22.4375 4.5000 0.1600 30 144 255
-13.4375 -18.0000 1.2260 180 120 60
-12.2500 10.5000 1.5250 180 120 60
4.1250 -7.5000 1.0660 180 120 60
-19.5000 -22.5000 1.0590 180 120 60
18.3750 -2.0000 4.0380 220 50 50
7.6875 -19.5000 3.8320 220 50 50
-14.2500 -11.5000 5.8860 220 50 50
7.7500 6.0000 4.1950 220 50 50
14.1875 19.5000 0.1670 128 128 128
7.3125 -10.0000 1.0220 180 120 60
-12.5625 10.5000 1.5360 128 128 128
20.6250 13.0000 0.1590 30 144 255
22.1250 6.0000 1.1110 180 120 60
-23.0625 1.5000 0.1560 30 144 255
21.6250 7.0000 1.0940 180 120 60
-16.8750 10.5000 2.0470 255 165 0
-21.7500 -22.5000 1.0310 128 128 128
0.2500 16.5000 2.2560 128 128 128
3.1250 19.0000 2.1480 128 128 128
-19.1250 25.0000 5.2330 220 50 50
15.2500 15.5000 0.1090 30 144 255
-5.9375 -21.0000 5.5350 220 50 50
17.6875 -22.0000 0.9660 180 120 60
-20.2500 13.5000 2.0710 255 165 0
-23.4375 -8.5000 0.1500 30 144 255
2.0000 -17.5000 6.6970 220 50 50
18.2500 10.0000 1.1090 180 120 60
-12.8750 16.5000 0.1070 180 120 60
-19.0000 22.5000 0.9360 180 120 60
2.8125 25.5000 0.1500 180 120 60
24.5000 3.0000 1.0300 180 120 60
25.6875 1.0000 0.9850 180 120 60
-12.3750 -15.5000 5.4030 220 50 50
-21.0625 -4.0000 0.0960 30 144 255
16.9375 -23.5000 0.9480 180 120 60
-9.6875 -6.5000 1.1250 180 120 60
-19.8750 11.0000 2.1030 255 165 0
7.6875 25.0000 0.1760 180 120 60
9.0625 -20.0000 4.9020 220 50 50
10.3750 14.5000 2.4150 128 128 128
8.3125 13.5000 5.4700 128 128 128
5.3750 6.0000 4.3190 220 50 50
-6.9375 -17.0000 4.1980 220 50 50
-1.1250 -1.0000 1.2100 180 120 60
-1.1875 1.0000 5.0140 220 50 50
-4.0625 -10.5000 4.3720 220 50 50
-2.5000 -18.5000 7.2830 220 50 50
-7.1875 -15.0000 5.5460 220 50 50
-1.6875 -13.0000 4.4660 220 50 50
17.5625 -11.5000 4.0160 220 50 50
-9.7500 -21.0000 4.3670 220 50 50
-23.0000 -6.0000 0.1410 30 144 255
17.9375 9.0000 1.0620 180 120 60
-9.7500 -21.5000 4.3420 220 50 50
-23.4375 10.0000 0.1380 30 144 255
-8.8750 -8.0000 1.1830 180 120 60
-21.1250 19.5000 1.1670 180 120 60
-1.1875 13.0000 5.3030 220 50 50
-17.2500 -21.5000 1.0920 180 120 60
-23.5625 -0.5000 0.1360 30 144 255
-11.0000 6.5000 1.5840 180 120 60
-15.6875 -12.0000 4.3140 220 50 50
14.7500 7.0000 0.9610 180 120 60
-19.3750 -3.0000 0.1410 30 144 255
-3.0625 -23.0000 5.5010 220 50 50
22.8750 -2.5000 1.0750 180 120 60
-2.9375 9.0000 6.4200 220 50 50
13.5000 -22.0000 3.3590 128 128 128
4.1875 9.5000 5.1660 220 50 50
-14.2500 -18.5000 1.1850 180 120 60
-14.6250 -21.0000 1.1770 180 120 60
-20.0000 -7.0000 0.1380 30 144 255
2.8750 -23.5000 3.5840 220 50 50
-23.0625 -20.5000 0.1460 30 144 255
-5.1250 -23.0000 5.3640 220 50 50
18.0625 -8.5000 4.4310 220 50 50
-3.1875 -7.0000 1.0810 180 120 60
-7.2500 -10.5000 5.1340 220 50 50
1.9375 -11.0000 1.0850 180 120 60
23.3750 -15.5000 4.7760 220 50 50
2.9375 23.0000 0.5810 180 120 60
-15.6250 12.0000 0.1350 180 120 60
8.4375 14.5000 1.1990 180 120 60
-5.2500 22.0000 0.1840 180 120 60
-5.5000 -23.0000 5.3760 220 50 50
-8.3750 -8.0000 1.1530 180 120 60
7.5625 -22.5000 5.5280 220 50 50
-8.5625 -12.5000 5.6200 220 50 50
2.8750 21.0000 1.2530 180 120 60
3.1250 11.5000 5.4510 128 128 128
-11.5000 17.5000 0.1330 180 120 60
-13.1875 25.5000 0.1230 180 120 60
-6.1875 23.5000 0.1400 180 120 60
20.9375 21.0000 0.1320 30 144 255
11.0625 8.0000 1.0850 180 120 60
3.0625 14.0000 4.6850 128 128 128
-8.8125 -22.5000 5.0230 220 50 50
-9.1875 25.5000 0.1450 180 120 60
2.1250 -14.5000 6.1490 220 50 50
-13.6250 25.5000 0.1420 180 120 60
11.9375 11.0000 1.0540 180 120 60
22.3125 -8.5000 1.0790 180 120 60
-11.1250 19.5000 0.1480 180 120 60
-21.5625 2.0000 0.1410 30 144 255
0.5625 23.0000 0.3710 180 120 60
24.0625 -23.5000 0.8870 180 120 60
18.3750 -1.5000 3.9880 220 50 50
-17.0625 23.0000 0.8580 180 120 60
3.3125 22.0000 1.0690 180 120 60
-14.8750 15.0000 0.1120 180 120 60
-21.1875 11.0000 2.2600 255 165 0
15.6875 -23.5000 1.0350 180 120 60
-17.6875 -24.0000 1.0360 180 120 60
-4.3125 -2.5000 1.1280 180 120 60
-22.2500 -10.5000 0.1020 30 144 255
-8.6250 -5.0000 1.0610 180 120 60
22.5000 -13.5000 4.3180 220 50 50
17.8125 16.0000 0.4770 128 128 128
8.8125 -7.5000 1.1230 180 120 60
9.5000 -12.5000 1.0420 180 120 60
6.1875 -8.0000 1.0840 180 120 60
15.0000 -9.5000 3.9740 220 50 50
1.7500 -20.5000 3.2470 220 50 50
-5.3125 12.0000 1.9260 128 128 128
3.9375 -3.0000 3.8860 220 50 50
23.1875 -21.5000 0.9400 180 120 60
21.5000 8.5000 0.8340 180 120 60
11.1250 26.0000 0.3200 128 128 128
16.6250 -17.0000 0.9660 180 120 60
4.2500 4.0000 4.5870 220 50 50
16.2500 -16.5000 0.9880 180 120 60
-21.9375 -12.5000 0.3120 128 128 128
-1.4375 -12.5000 4.7400 220 50 50
-10.3125 16.5000 0.1790 180 120 60
2.0000 10.5000 5.2850 220 50 50
-24.0625 22.0000 1.6430 180 120 60
-22.6875 13.0000 3.0380 128 128 128
13.3125 -15.5000 0.9770 180 120 60
-3.5625 13.0000 2.2370 220 50 50
23.9375 -13.5000 4.5540 220 50 50
-21.6250 -12.5000 0.3160 128 128 128
-14.7500 -20.5000 1.9230 128 128 128
-22.1250 20.0000 1.2900 180 120 60
-13.6250 -1.0000 1.0560 180 120 60
15.8125 -7.0000 4.3740 220 50 50
-1.8750 14.5000 5.1320 220 50 50
-15.9375 12.5000 0.1040 180 120 60
8.7500 3.0000 4.2750 220 50 50
20.6250 12.0000 0.1400 30 144 255
17.3750 -14.5000 1.4220 128 128 128
-23.1875 13.0000 2.9890 128 128 128
-0.2500 16.0000 2.0100 128 128 128
-13.3750 0.5000 1.1850 180 120 60
-17.6875 -6.5000 0.8500 180 120 60
-4.6875 5.0000 5.2220 220 50 50
-0.3125 22.0000 0.9320 180 120 60
-7.5625 15.0000 1.1410 180 120 60
13.5625 0.5000 4.2200 220 50 50
-0.9375 -17.0000 6.9210 220 50 50
11.8750 -14.5000 0.9490 180 120 60
16.0625 -14.5000 1.0490 180 120 60
-8.5000 1.5000 1.2570 180 120 60
21.9375 5.5000 1.0850 180 120 60
6.2500 -23.5000 5.8390 220 50 50
-1.6875 21.0000 1.0660 180 120 60
-5.6875 -8.5000 1.1720 128 128 128
-16.0000 1.5000 1.6780 128 128 128
-20.0000 11.0000 2.9910 128 128 128
10.1875 11.5000 1.0900 180 120 60
-15.9375 23.5000 0.1680 180 120 60
-7.3750 -22.5000 5.3200 220 50 50
-0.0625 8.5000 6.0110 220 50 50
-18.3750 9.0000 2.2200 255 165 0
5.8125 2.0000 4.6660 220 50 50
3.6875 10.5000 5.0490 220 50 50
-15.8750 -23.5000 1.1230 180 120 60
-23.7500 14.5000 2.0190 255 165 0
-7.7500 -18.0000 4.2100 220 50 50
-8.5000 -3.0000 1.0810 180 120 60
10.3750 -2.0000 4.5510 220 50 50
23.6875 -20.0000 1.0040 180 120 60
3.1250 0.5000 4.1700 220 50 50
-17.7500 25.0000 5.3670 220 50 50
1.0625 16.5000 1.2190 180 120 60
-2.0625 -18.0000 7.2590 220 50 50
-21.1875 17.5000 1.7360 128 128 128
-7.0000 -4.5000 1.0860 180 120 60
8.0000 -3.5000 4.1460 220 50 50
19.7500 -7.5000 1.0870 180 120 60
23.5625 -10.0000 4.4730 220 50 50
-2.1875 -20.5000 5.7290 220 50 50
8.9375 -7.5000 1.1390 180 120 60
-6.6250 5.5000 1.3840 180 120 60
-21.0000 -15.0000 1.6520 128 128 128
18.1250 10.0000 1.0970 180 120 60
8.1250 -16.0000 1.0510 180 120 60
-8.1875 -7.5000 1.1110 180 120 60
4.6875 23.5000 0.1440 180 120 60
20.4375 2.0000 0.9930 180 120 60
-21.1875 -15.5000 5.0290 128 128 128
4.8125 -21.5000 3.6930 220 50 50
-22.3125 6.5000 0.1330 30 144 255
18.8750 -17.5000 0.9730 180 120 60
8.4375 -23.5000 5.6090 220 50 50
-19.0625 10.0000 2.0860 255 165 0
8.8750 -5.5000 3.9780 220 50 50
5.1250 -7.0000 1.1080 180 120 60
-14.2500 -12.5000 5.7000 220 50 50
-14.1250 8.5000 1.9910 255 165 0
22.1250 13.5000 0.1700 30 144 255
-20.1875 -14.5000 0.1680 180 120 60
-3.1875 13.5000 5.5540 220 50 50
15.1250 12.5000 1.1320 180 120 60
-13.6875 -22.0000 1.7840 220 50 50
4.0000 20.0000 2.3720 128 128 128
21.4375 2.0000 0.9650 180 120 60
0.8125 -18.5000 6.9580 220 50 50
3.3750 -1.0000 4.0860 220 50 50
-12.0625 12.0000 0.3340 180 120 60
-9.5000 18.0000 0.1410 180 120 60
19.8750 -11.0000 1.0960 180 120 60
-14.8125 -4.0000 1.2760 128 128 128
5.6250 -16.5000 1.0900 180 120 60
-9.7500 -12.0000 5.6090 220 50 50
3.8125 -15.0000 6.0610 220 50 50
-21.8125 15.0000 2.0020 255 165 0
11.8750 -4.5000 4.3340 220 50 50
19.1250 -22.5000 0.9100 180 120 60
-5.5000 -11.5000 4.8770 220 50 50
-17.9375 -0.5000 0.6810 128 128 128
24.3750 -12.5000 4.5440 220 50 50
12.3125 0.0000 4.3650 220 50 50
-4.6875 8.0000 5.7930 220 50 50
19.2500 -13.0000 1.1740 180 120 60
-19.9375 6.0000 0.1450 30 144 255
-3.4375 8.0000 6.0330 220 50 50
18.4375 1.5000 1.1180 180 120 60
10.4375 -8.5000 1.0840 180 120 60
-11.5000 -8.0000 5.2590 220 50 50
-0.5000 21.5000 1.0110 180 120 60
11.0000 -15.5000 1.0000 180 120 60
18.0625 0.0000 1.5960 128 128 128
20.3750 -5.0000 4.1580 220 50 50
-2.8750 -1.0000 1.1700 180 120 60
-1.7500 -3.5000 1.1030 180 120 60
7.1250 -6.0000 1.3320 128 128 128
-12.0625 -21.0000 4.4570 220 50 50
-2.5000 2.0000 1.2610 180 120 60
22.9375 -20.0000 0.9580 180 120 60
-11.5625 21.5000 0.1280 180 120 60
-4.8750 -12.5000 4.3010 220 50 50
8.3750 -5.5000 3.9750 220 50 50
-17.0625 1.5000 1.3380 128 128 128
-2.9375 2.5000 1.3160 180 120 60
-13.1875 -1.5000 1.0330 180 120 60
17.8125 -23.5000 0.9690 180 120 60
4.0625 -12.0000 1.1070 180 120 60
13.3750 -8.0000 4.0420 220 50 50
5.6875 -1.5000 4.1250 220 50 50
9.8750 -7.5000 1.2560 220 50 50
-22.5000 -12.0000 0.3810 128 128 128
9.8750 20.0000 0.1510 30 144 255
-10.1250 -13.5000 5.9660 220 50 50
-16.9375 5.5000 0.9740 180 120 60
-2.1250 -13.5000 4.3110 220 50 50
-2.8125 -17.0000 7.2080 220 50 50
-5.3750 -11.0000 4.2210 220 50 50
-0.9375 -1.0000 1.1900 180 120 60
15.5000 16.5000 0.2880 128 128 128
18.8750 -10.0000 2.0490 128 128 128
-15.5000 -18.0000 1.2810 128 128 128
-7.7500 12.0000 1.8410 128 128 128
7.9375 21.5000 0.1920 180 120 60
24.5625 0.0000 0.9840 180 120 60
11.5000 15.0000 1.1630 180 120 60
6.5625 24.0000 0.1450 180 120 60
-5.1250 4.0000 1.3890 180 120 60
-5.6875 3.0000 1.2790 180 120 60
2.9375 -2.0000 3.9490 220 50 50
-9.6875 11.5000 1.4820 180 120 60
4.3125 24.0000 0.1430 180 120 60
-7.7500 -1.5000 1.1310 180 120 60
-11.0625 1.5000 1.2410 180 120 60
-22.3750 -5.0000 0.1340 30 144 255
-4.9375 11.5000 6.2500 220 50 50
-18.5625 17.0000 0.1450 180 120 60
-0.1250 20.0000 1.3040 180 120 60
-1.8125 13.0000 5.3430 220 50 50
10.6250 -2.0000 4.6050 220 50 50
14.6250 -11.0000 1.2930 220 50 50
4.6875 8.0000 5.4410 220 50 50
-13.8750 -23.5000 1.2600 180 120 60
-7.1250 15.5000 1.1280 180 120 60
-18.9375 18.5000 0.1790 180 120 60
0.9375 20.0000 1.2710 180 120 60
-15.5625 2.5000 1.3930 180 120 60
-2.9375 -17.5000 7.3040 220 50 50
13.6250 -9.0000 3.9480 220 50 50
-16.1250 14.5000 0.1260 180 120 60
-5.6250 -8.0000 1.7640 128 128 128
-2.3750 -15.5000 5.1480 220 50 50
-19.8125 13.0000 2.0740 255 165 0
16.4375 -18.0000 0.9320 180 120 60
5.6250 -2.0000 4.0570 220 50 50
14.2500 -23.5000 1.0900 180 120 60
7.8750 -7.0000 1.1980 180 120 60
-15.1250 14.0000 0.1480 180 120 60
8.9375 20.0000 1.1400 128 128 128
15.5625 4.0000 1.4720 128 128 128
19.4375 -5.0000 4.1870 220 50 50
17.6875 1.5000 1.1410 180 120 60
5.3750 0.5000 4.3670 220 50 50
-16.5625 -11.0000 4.0390 220 50 50
-4.1250 -2.0000 1.1220 180 120 60
7.0625 23.5000 0.1290 180 120 60
3.1875 4.0000 6.3020 220 50 50
-23.0625 17.5000 1.9620 180 120 60
18.6875 15.5000 1.0550 180 120 60
-8.7500 -4.0000 1.0750 180 120 60
10.0000 5.5000 4.0590 220 50 50
-3.9375 0.5000 1.2270 180 120 60
-14.7500 16.0000 0.1530 180 120 60
22.0000 -9.0000 1.0980 180 120 60
-2.5000 -20.0000 5.7450 220 50 50
-2.1875 -15.0000 6.8040 220 50 50
11.0625 -21.5000 1.1130 180 120 60
20.2500 -17.0000 1.0210 180 120 60
23.4375 7.0000 0.9280 180 120 60
-10.0625 -14.0000 5.9470 220 50 50
17.5000 13.0000 1.0970 180 120 60
-7.9375 24.5000 0.1070 180 120 60
-7.5000 17.0000 1.0660 180 120 60
10.6250 -21.0000 4.8900 220 50 50
-11.6875 2.5000 1.3320 180 120 60
-19.1250 23.5000 4.9900 220 50 50
1.6250 4.5000 6.1090 220 50 50
10.7500 4.5000 4.0140 220 50 50
8.2500 -23.0000 5.5370 220 50 50
-6.6875 20.0000 0.1250 180 120 60
5.1250 -8.5000 1.0690 180 120 60
-6.9375 12.5000 1.7270 128 128 128
-17.3125 5.0000 0.6070 180 120 60
23.7500 -19.5000 0.9980 180 120 60
22.8125 -11.0000 1.3880 220 50 50
12.5625 -20.0000 0.9790 180 120 60
2.3750 17.0000 1.4210 180 120 60
20.3750 1.5000 1.0050 180 120 60
15.6875 5.0000 1.4240 128 128 128
-18.0625 -13.0000 3.9890 220 50 50
25.0625 10.0000 0.1600 30 144 255
-15.1250 -10.5000 4.2440 220 50 50
-0.5000 3.0000 5.4690 220 50 50
18.4375 -18.5000 0.9610 180 120 60
7.3125 5.5000 4.1980 220 50 50
-17.9375 -23.0000 1.0710 180 120 60
-6.7500 -12.5000 3.8640 220 50 50
3.3125 -6.0000 1.0970 180 120 60
23.1875 -4.0000 1.1200 180 120 60
-19.8750 -7.5000 0.1470 30 144 255
14.5625 -8.5000 4.0650 220 50 50
-22.0000 9.0000 0.1550 30 144 255
21.2500 13.0000 0.1730 30 144 255
-12.4375 -21.0000 4.3350 220 50 50
-21.5625 -7.5000 0.0990 30 144 255
-4.8750 -3.5000 1.1310 180 120 60
-2.0000 18.5000 1.2670 180 120 60
17.8750 13.0000 1.0820 180 120 60
6.1250 -5.0000 1.1470 180 120 60
4.3750 20.0000 1.2640 180 120 60
0.7500 7.5000 6.0830 220 50 50
-14.3750 -20.5000 1.8950 128 128 128
24.1875 5.0000 1.1340 180 120 60
-21.8750 12.0000 3.0540 128 128 128
7.4375 25.0000 0.1540 180 120 60
-13.1250 -20.0000 2.9510 128 128 128
6.5625 7.0000 4.1410 220 50 50
-4.2500 -9.5000 2.1370 220 50 50
-1.6250 -20.5000 5.7590 220 50 50
-13.8750 -19.0000 1.1520 180 120 60
13.0000 6.0000 1.0700 180 120 60
18.5000 17.5000 0.3190 128 128 128
-14.9375 -12.0000 4.4660 220 50 50
-21.8750 -17.5000 1.7880 128 128 128
11.6250 6.0000 1.1250 180 120 60
21.4375 -5.0000 2.3920 220 50 50
1.9375 6.5000 6.2010 220 50 50
-19.3750 0.0000 0.1560 30 144 255
14.6250 -11.0000 3.8030 220 50 50
11.9375 -12.5000 3.6160 128 128 128
19.8750 14.0000 0.1500 30 144 255
24.4375 -1.0000 0.9960 180 120 60
7.7500 16.0000 1.3060 180 120 60
3.8750 12.0000 1.2350 180 120 60
11.1875 -10.5000 1.0520 180 120 60
15.3125 -8.5000 4.1200 220 50 50
-12.6875 -9.0000 1.2860 180 120 60
-11.5000 -5.0000 1.1120 180 120 60
-4.4375 -24.0000 5.3350 220 50 50
0.4375 -21.5000 1.5600 128 128 128
15.9375 4.0000 1.5030 128 128 128
5.6250 11.5000 1.1930 180 120 60
-23.9375 6.5000 0.1270 30 144 255
5.4375 -2.0000 4.0670 220 50 50
15.5000 24.0000 0.2440 128 128 128
16.0625 9.0000 1.0130 180 120 60
-11.7500 6.5000 1.6560 180 120 60
-19.5000 -14.5000 0.6410 180 120 60
1.4375 -3.0000 3.1100 128 128 128
18.3750 11.0000 0.8440 180 120 60
-8.5000 -20.0000 4.2240 220 50 50
0.4375 -4.0000 1.1480 180 120 60
25.7500 10.0000 0.1610 30 144 255
-14.5000 -7.5000 1.3130 128 128 128
-2.7500 20.0000 1.1350 180 120 60
9.3125 -23.0000 5.3380 220 50 50
-19.9375 -20.5000 1.9830 128 128 128
-5.6250 -11.0000 3.7990 220 50 50
16.0625 3.5000 1.7280 128 128 128
-9.8750 8.0000 1.5090 180 120 60
3.6250 24.5000 0.1370 180 120 60
16.8125 -7.5000 4.4280 220 50 50
-12.4375 -15.5000 5.4380 220 50 50
15.1250 12.5000 1.1510 180 120 60
-2.6250 -2.0000 1.1370 180 120 60
6.0625 -1.5000 4.1530 220 50 50
4.9375 -16.0000 2.3450 128 128 128
7.0625 3.0000 4.4400 220 50 50
5.8750 -4.5000 1.2140 180 120 60
-8.1875 11.0000 1.3640 180 120 60
-16.7500 15.5000 0.1300 180 120 60
-3.3750 -6.0000 1.0980 180 120 60
-22.3125 -23.5000 0.1670 30 144 255
-24.0625 -7.5000 0.1540 30 144 255
5.4375 18.5000 3.2350 128 128 128
-12.9375 6.0000 1.7280 180 120 60
-4.0625 25.5000 0.0280 180 120 60
13.8750 -3.0000 4.4930 220 50 50
6.9375 7.0000 4.1050 220 50 50
-18.0000 16.0000 0.1290 180 120 60
-20.0625 -14.5000 2.7440 128 128 128
-5.9375 -7.5000 1.3150 128 128 128
3.5625 -22.0000 3.7200 220 50 50
-18.8750 19.5000 0.1640 180 120 60
-16.8125 -20.0000 1.1380 180 120 60
-15.8125 -8.0000 1.1320 180 120 60
7.8750 -20.0000 5.1260 220 50 50
-2.5625 -16.0000 6.9950 220 50 50
-18.3750 -14.0000 3.9940 220 50 50
9.8750 -0.5000 4.6140 220 50 50
-5.6250 1.5000 1.2130 180 120 60
-17.6250 21.0000 0.1990 128 128 128
18.0000 -5.0000 4.2900 220 50 50
0.1250 -6.0000 1.1100 180 120 60
-4.5625 11.5000 6.2100 220 50 50
7.8125 -17.5000 1.2950 128 128 128
-15.3750 5.5000 1.9610 255 165 0
15.7500 -13.5000 2.1770 128 128 128
-15.2500 24.5000 0.2040 180 120 60
-13.6875 9.0000 2.1170 255 165 0
10.3125 -5.0000 4.2290 220 50 50
4.4375 -1.5000 4.0610 220 50 50
-20.2500 8.5000 0.1290 30 144 255
-19.6875 -21.5000 2.3060 128 128 128
-9.8750 13.0000 1.1450 180 120 60
7.3125 1.0000 4.6080 220 50 50
-17.8750 22.0000 0.8630 180 120 60
0.9375 -18.0000 6.8780 220 50 50
-5.1875 19.5000 0.6550 180 120 60
-18.3125 -23.5000 1.0410 180 120 60
-18.1250 8.0000 3.0230 128 128 128
16.3750 -9.0000 4.1770 220 50 50
-15.7500 23.5000 0.1750 180 120 60
-9.6250 24.0000 0.1500 180 120 60
-23.0625 5.5000 0.1400 30 144 255
-9.1875 -4.5000 1.0550 180 120 60
6.3750 18.5000 1.2240 180 120 60
2.7500 -9.5000 1.0510 180 120 60
-10.9375 26.0000 0.1460 180 120 60
-1.8125 -20.0000 5.7950 220 50 50
16.5000 -23.0000 0.9390 180 120 60
-21.3125 -9.0000 0.3540 128 128 128
15.7500 1.0000 4.0160 220 50 50
-11.0625 -14.0000 5.8260 220 50 50
-9.1250 -14.5000 6.0030 220 50 50
-17.6250 -10.0000 3.7710 220 50 50
-22.0000 -6.0000 0.1290 30 144 255
-9.2500 -8.0000 4.9850 220 50 50
-4.2500 -15.0000 4.5310 220 50 50
15.4375 25.5000 0.5620 180 120 60
-17.0000 -12.0000 4.0800 220 50 50
-15.1875 23.5000 5.1620 128 128 128
-18.7500 9.0000 3.0260 128 128 128
-2.1875 -3.5000 1.1110 180 120 60
-19.3125 17.0000 0.1350 180 120 60
24.3750 -3.0000 1.0590 180 120 60
2.1250 -5.0000 1.1230 180 120 60
4.6250 -3.0000 1.2750 220 50 50
17.3750 14.5000 1.0760 180 120 60
-7.0625 0.0000 1.1990 180 120 60
-20.8750 26.0000 5.2010 220 50 50
-16.5000 -10.0000 4.0040 220 50 50
19.6875 -9.0000 1.0750 180 120 60
7.5625 -19.0000 3.8770 220 50 50
-9.6250 23.0000 0.1280 180 120 60
-1.2500 2.5000 5.2230 220 50 50
1.2500 -13.5000 6.1580 220 50 50
-9.5000 -21.5000 4.2810 220 50 50
9.1875 -5.0000 4.0740 220 50 50
10.8750 -3.5000 4.4270 220 50 50
-23.6875 22.0000 1.7710 180 120 60
21.2500 -14.0000 4.0520 220 50 50
-24.0625 19.5000 1.8930 180 120 60
-23.2500 12.5000 0.1530 30 144 255
16.7500 -15.5000 1.0120 180 120 60
3.5625 -16.0000 6.2620 220 50 50
18.6875 -23.5000 0.9760 180 120 60
-21.0625 6.5000 0.0860 30 144 255
-0.0625 -3.0000 1.1500 180 120 60
21.6875 -17.0000 1.0730 180 120 60
-16.0000 10.5000 2.0380 255 165 0
-1.1875 -16.5000 6.8470 220 50 50
1.0625 3.0000 5.6800 220 50 50
22.9375 -8.5000 1.1110 180 120 60
20.6875 -23.5000 0.9270 180 120 60
10.0625 -10.0000 1.0470 180 120 60
15.8750 15.5000 0.2920 128 128 128
-16.5000 5.0000 1.3010 180 120 60
12.5625 10.0000 1.0110 180 120 60
2.2500 -23.5000 3.7010 220 50 50
-10.1250 -3.5000 1.0360 180 120 60
6.5625 15.0000 5.3830 128 128 128
-9.5000 -11.5000 5.5100 220 50 50
24.4375 3.5000 1.0570 180 120 60
22.5625 -8.5000 1.1070 180 120 60
-23.3125 -15.0000 0.1260 30 144 255
-21.0625 -10.5000 0.3270 128 128 128
-4.8125 26.0000 0.1300 180 120 60
15.2500 2.5000 1.1710 180 120 60
25.0625 -4.0000 1.1030 180 120 60
11.1875 14.5000 2.4400 128 128 128
-14.5625 18.5000 0.1450 180 120 60
-4.8750 -8.5000 1.1800 180 120 60
22.3750 19.0000 0.9610 180 120 60
-5.9375 16.0000 1.1620 180 120 60
21.3125 22.0000 0.1420 30 144 255
14.4375 -20.0000 0.9600 180 120 60
-22.6875 -6.5000 0.1300 30 144 255
4.2500 -14.5000 2.7880 128 128 128
-2.0000 -2.0000 1.1540 180 120 60
17.8750 -4.0000 4.2300 220 50 50
-23.6875 -17.5000 0.1370 30 144 255
0.0000 5.0000 5.9780 220 50 50
1.5000 4.5000 6.1580 220 50 50
19.7500 -2.5000 3.9930 220 50 50
22.8125 -0.5000 0.9970 180 120 60
-5.3125 0.5000 1.1650 180 120 60
-10.2500 16.5000 0.1540 180 120 60
11.2500 -6.5000 4.0770 220 50 50
-21.3125 17.0000 3.0330 128 128 128
21.9375 13.0000 0.1310 30 144 255
22.0000 -9.5000 1.2250 128 128 128
1.1875 -20.5000 3.1120 220 50 50
-2.3125 -22.0000 5.6260 220 50 50
7.3750 11.5000 1.2340 180 120 60
-22.2500 -7.0000 0.1270 30 144 255
4.3125 23.5000 0.1240 180 120 60
10.0625 9.0000 1.1190 180 120 60
-13.5625 -4.0000 1.1280 180 120 60
-13.0625 9.0000 1.8450 255 165 0
-6.9375 22.5000 0.1260 180 120 60
22.7500 -13.5000 4.3540 220 50 50
-6.5625 -10.5000 4.9770 220 50 50
22.2500 -16.5000 4.7230 220 50 50
2.0000 -16.0000 6.4180 220 50 50
7.8125 14.0000 1.1730 180 120 60
-8.3750 13.5000 1.2820 180 120 60
6.0625 -11.0000 1.0200 180 120 60
-22.5625 -16.0000 0.1690 30 144 255
4.1250 -19.5000 3.9070 220 50 50
14.0625 -21.5000 1.1660 128 128 128
-22.8750 22.5000 1.5390 180 120 60
17.2500 6.0000 1.5010 128 128 128
-4.1875 21.5000 0.1740 180 120 60
17.1875 16.0000 0.4740 128 128 128
10.8750 20.0000 0.6240 180 120 60
2.1250 10.0000 5.3400 220 50 50
-5.0000 4.0000 5.0320 220 50 50
-20.0625 -8.5000 0.3050 128 128 128
0.8750 -7.0000 1.0810 180 120 60
-13.1250 20.5000 0.1690 180 120 60
5.9375 18.5000 3.2290 128 128 128
-11.4375 18.5000 0.1280 180 120 60
-13.7500 2.0000 1.3140 180 120 60
21.3125 -7.5000 1.0900 180 120 60
3.8750 -3.0000 1.4870 220 50 50
-9.6875 -23.0000 4.2270 220 50 50
-17.3125 0.0000 1.7200 128 128 128
-20.6875 8.0000 0.1550 30 144 255
20.1250 -9.5000 1.0850 180 120 60
11.5625 -19.5000 0.9990 180 120 60
-21.1875 -2.0000 0.1440 30 144 255
-23.3750 4.5000 0.1340 30 144 255
8.7500 -7.0000 1.2920 128 128 128
25.6250 -19.5000 5.8620 220 50 50
12.5000 -11.5000 3.6440 128 128 128
-0.6250 2.5000 5.3420 220 50 50
-2.6250 -10.5000 4.0920 220 50 50
-23.1875 -19.5000 0.1540 30 144 255
-3.8750 14.5000 1.9790 128 128 128
4.3125 22.0000 0.7570 180 120 60
-13.6875 -23.5000 4.1530 220 50 50
-15.3125 -8.5000 4.1420 220 50 50
-21.6875 23.0000 1.6080 180 120 60
24.9375 -8.0000 1.8420 128 128 128
14.3125 20.0000 0.4680 128 128 128
-10.4375 -12.5000 5.8420 220 50 50
13.0625 18.5000 0.4270 128 128 128
17.3125 10.0000 1.0860 180 120 60
-9.6250 -15.0000 5.8800 220 50 50
-6.8125 -6.0000 1.0490 180 120 60
22.7500 18.5000 0.9650 180 120 60
-10.8125 13.0000 0.7830 180 120 60
-6.0625 18.5000 0.8070 180 120 60
22.7500 -15.0000 4.5650 220 50 50
-20.0000 21.5000 1.1500 180 120 60
3.4375 7.5000 5.6820 220 50 50
-13.3750 -8.5000 1.1200 180 120 60
3.3125 -22.0000 3.6560 220 50 50
-17.8125 19.5000 0.1160 180 120 60
-18.4375 -12.0000 1.2900 220 50 50
24.3750 -17.5000 5.2900 220 50 50
22.9375 4.5000 1.0320 180 120 60
-0.9375 1.5000 1.2440 180 120 60
-0.5000 -14.5000 6.4390 220 50 50
-2.5625 14.0000 5.3290 220 50 50
-6.0000 7.0000 5.4260 220 50 50
5.5000 -7.5000 1.0690 180 120 60
25.6250 -14.5000 5.1290 220 50 50
-15.4375 -16.0000 1.2230 180 120 60
-6.1875 -13.0000 4.3820 220 50 50
-10.6875 14.0000 0.5300 180 120 60
13.6875 7.0000 1.0130 180 120 60
10.7500 -10.0000 1.0650 180 120 60
20.1875 10.0000 0.6470 180 120 60
10.4375 23.0000 1.0560 128 128 128
-13.1875 18.5000 0.1640 180 120 60
-12.6875 3.5000 1.4450 180 120 60
0.3125 1.5000 5.3510 220 50 50
5.5625 -18.5000 3.9080 220 50 50
2.8125 -16.5000 6.3670 220 50 50
4.6250 18.5000 1.1860 180 120 60
-1.7500 -7.5000 1.0820 180 120 60
-19.5625 20.0000 1.0870 180 120 60
-10.1875 8.0000 1.5360 180 120 60
19.3750 -7.5000 4.5410 220 50 50
3.7500 19.0000 1.8390 128 128 128
14.9375 6.5000 0.9940 180 120 60
20.6250 1.5000 0.9940 180 120 60
-21.2500 -0.5000 0.1560 30 144 255
8.4375 3.5000 4.2910 220 50 50
10.9375 -7.5000 3.9330 220 50 50
19.8750 -17.0000 4.2040 128 128 128
1.9375 2.5000 5.7660 220 50 50
-18.1875 6.0000 0.2650 128 128 128
25.1250 4.5000 1.1390 180 120 60
-11.3750 -10.0000 5.5130 220 50 50
14.3125 17.5000 0.1620 30 144 255
-20.0625 -23.0000 0.3360 180 120 60
12.4375 19.5000 0.6090 128 128 128
-12.8125 -18.5000 2.5560 128 128 128
13.1875 5.5000 1.8840 128 128 128
-13.2500 3.5000 1.4760 180 120 60
13.0000 8.5000 0.9680 180 120 60
-2.1250 16.0000 1.6270 180 120 60
-1.0000 15.0000 2.1190 128 128 128
1.3750 -17.5000 6.7720 220 50 50
-2.3750 -2.0000 1.1410 180 120 60
2.2500 2.0000 5.6910 220 50 50
-13.2500 -19.0000 2.2500 128 128 128
-2.5000 25.0000 0.1410 180 120 60
-19.7500 22.5000 4.5840 220 50 50
-8.8125 24.0000 0.1420 180 120 60
11.4375 -10.0000 1.0800 180 120 60
18.6250 9.0000 1.0710 180 120 60
0.4375 7.0000 6.2890 220 50 50
1.0625 -19.0000 7.0380 220 50 50
24.5625 -15.5000 5.0870 220 50 50
-20.8750 -5.5000 0.1220 30 144 255
-10.1250 -2.5000 1.0550 180 120 60
12.0000 -10.5000 3.6610 128 128 128
14.7500 -19.0000 0.9340 180 120 60
-15.6875 -14.0000 5.3350 220 50 50
2.6250 25.0000 0.1140 180 120 60
11.2500 14.5000 1.2680 180 120 60
-23.2500 -21.5000 0.1420 30 144 255
24.9375 5.5000 1.1330 180 120 60
8.7500 -19.0000 1.0760 180 120 60
-10.5000 18.0000 0.1540 180 120 60
1.8125 19.5000 4.5050 128 128 128
-14.0000 15.0000 0.1610 180 120 60
-11.8125 -12.5000 6.0080 220 50 50
-21.1875 -23.5000 0.1850 30 144 255
-19.8125 16.5000 0.1500 180 120 60
-9.4375 10.0000 1.4630 180 120 60
-22.2500 6.5000 0.1330 30 144 255
-3.3750 8.5000 6.1080 220 50 50
-15.3750 6.0000 1.9350 255 165 0
21.2500 5.0000 1.0520 180 120 60
-21.6250 4.5000 0.1490 30 144 255
12.4375 -15.5000 1.0220 180 120 60
23.0000 0.0000 0.9840 180 120 60
19.2500 2.0000 1.0680 180 120 60
-12.1250 -20.5000 4.5750 220 50 50
-17.8750 1.5000 1.2220 128 128 128
-9.6250 -1.0000 1.1300 180 120 60
1.7500 20.5000 2.3150 128 128 128
-16.5000 -22.5000 1.0950 180 120 60
15.1875 -10.5000 3.9190 220 50 50
8.1875 18.0000 1.2220 180 120 60
-23.8750 18.5000 1.8850 180 120 60
-15.1250 -5.0000 1.1910 180 120 60
13.2500 -1.0000 4.3830 220 50 50
-15.6875 13.5000 0.1530 180 120 60
-4.0625 12.5000 5.9460 220 50 50
-17.6250 -9.0000 1.7570 220 50 50
18.8125 18.0000 0.1930 128 128 128
-1.7500 -17.0000 7.0320 220 50 50
-6.1875 16.5000 1.0980 180 120 60
6.0000 -21.0000 3.6770 220 50 50
8.0625 3.0000 4.3520 220 50 50
-10.7500 -12.0000 5.8210 220 50 50
14.3125 11.5000 1.1030 180 120 60
17.2500 -8.5000 4.3560 220 50 50
-20.8750 -13.0000 0.3230 128 128 128
-0.8750 -22.5000 5.6570 220 50 50
1.5625 1.0000 5.4460 220 50 50
-3.8125 -3.5000 1.1300 180 120 60
-20.6875 -6.5000 0.0650 30 144 255
-12.5000 18.0000 0.1410 180 120 60
-5.0000 -1.5000 1.1340 180 120 60
-19.3125 6.5000 0.1550 30 144 255
22.0625 17.5000 0.9800 180 120 60
1.8125 -5.0000 1.1290 180 120 60
-7.7500 -10.5000 5.1300 220 50 50
-19.5625 17.5000 0.1490 180 120 60
-21.0625 17.0000 3.0070 128 128 128
-13.2500 8.0000 1.9040 180 120 60
-5.0000 -4.0000 1.1020 180 120 60
-17.0000 0.0000 1.8860 128 128 128
11.1875 6.0000 1.1530 180 120 60
-18.1875 24.5000 0.9970 180 120 60
-4.2500 20.0000 0.6770 180 120 60
1.6250 24.5000 0.1200 180 120 60
11.0625 -15.5000 1.0090 180 120 60
-10.7500 1.5000 1.2520 180 120 60
-1.6250 -5.5000 1.0940 180 120 60
19.1875 -10.5000 1.1080 180 120 60
21.8750 9.5000 0.3760 180 120 60
-15.1250 -7.0000 1.1640 180 120 60
-10.4375 -2.5000 1.0580 180 120 60
-10.2500 15.0000 0.4150 180 120 60
-14.2500 8.5000 2.0270 255 165 0
-9.5625 -5.0000 1.0350 180 120 60
19.6250 -14.5000 3.7420 128 128 128
-3.0625 -18.5000 5.8370 220 50 50
-0.1250 20.5000 1.3720 180 120 60
13.5625 4.0000 2.2440 128 128 128
19.8750 5.0000 1.6800 128 128 128
-9.2500 2.0000 1.2660 180 120 60
14.1875 8.0000 0.8840 180 120 60
-3.1250 21.5000 0.2180 180 120 60
-22.0625 -18.0000 1.8250 128 128 128
-8.3750 -17.5000 4.2740 220 50 50
-2.3125 -16.0000 6.9450 220 50 50
-0.6875 1.0000 5.0200 220 50 50
-22.9375 -21.5000 1.7080 128 128 128
3.2500 2.0000 4.4090 220 50 50
-19.6250 -21.5000 2.3570 128 128 128
1.7500 -18.5000 6.8990 220 50 50
-7.9375 0.5000 1.2110 180 120 60
-1.0000 -9.5000 1.1160 180 120 60
-12.5000 -11.0000 5.8880 220 50 50
-10.9375 -4.5000 1.0980 180 120 60
23.5000 -10.5000 4.4970 220 50 50
25.0625 -23.5000 0.8920 180 120 60
-10.3750 1.0000 1.2060 180 120 60
6.7500 -6.5000 1.8030 128 128 128
9.4375 9.5000 1.1530 180 120 60
-16.2500 -7.0000 1.1790 180 120 60
12.5625 4.5000 1.8250 128 128 128
-4.1875 -23.5000 5.3590 220 50 50
22.6250 -1.5000 1.0340 180 120 60
6.5000 -17.0000 1.1070 180 120 60
22.1875 -10.0000 3.7000 220 50 50
10.8750 -11.5000 1.0380 180 120 60
-4.2500 -11.5000 4.3020 220 50 50
10.0000 21.5000 1.1070 128 128 128
5.9375 -23.0000 5.8050 220 50 50
5.6250 -5.5000 1.1340 180 120 60
21.5000 -20.0000 0.9600 180 120 60
25.2500 -7.5000 1.7600 128 128 128
13.3125 3.0000 2.1580 220 50 50
-12.9375 23.5000 0.1000 180 120 60
0.2500 12.0000 5.2420 220 50 50
11.9375 23.0000 1.0470 128 128 128
-8.7500 23.5000 0.1290 180 120 60
-4.3125 20.5000 0.3480 180 120 60
-1.8125 21.0000 1.0930 180 120 60
-22.1875 18.5000 1.8860 180 120 60
-6.4375 -19.0000 5.2240 220 50 50
20.2500 6.5000 1.1370 180 120 60
-6.7500 -4.5000 1.0880 180 120 60
-7.1250 23.0000 0.1810 180 120 60
-21.0000 5.5000 0.1470 30 144 255
14.6875 -10.0000 3.9040 220 50 50
-8.9375 -17.0000 5.4420 220 50 50
18.5000 -13.5000 1.0820 180 120 60
11.8125 7.5000 1.0890 180 120 60
21.8125 -23.0000 0.9070 180 120 60
-3.1875 3.5000 5.1220 220 50 50
3.1250 -17.5000 4.0360 220 50 50
-20.5625 9.5000 0.1260 30 144 255
-7.0000 -23.5000 5.2510 220 50 50
7.8125 -9.0000 1.0550 180 120 60
-12.0000 -9.0000 5.4780 220 50 50
-6.3750 -4.5000 1.0770 180 120 60
-3.1875 9.0000 6.2660 220 50 50
14.8750 19.0000 0.1330 30 144 255
16.9375 2.0000 1.8880 128 128 128
-16.0625 -18.5000 5.0320 128 128 128
18.6250 -12.0000 1.1650 220 50 50
-21.8125 1.5000 0.1400 30 144 255
-8.6875 -21.5000 4.2660 220 50 50
16.3125 1.0000 3.9810 220 50 50
19.2500 7.5000 1.6150 128 128 128
-5.2500 -23.5000 5.3180 220 50 50
-8.0625 -20.0000 5.2580 220 50 50
0.6250 7.0000 6.3140 220 50 50
5.5625 -3.5000 3.9690 220 50 50
20.9375 -10.0000 3.4840 220 50 50
-16.0000 -9.0000 3.9920 220 50 50
-20.9375 -0.5000 0.1300 30 144 255
-18.1875 3.0000 0.1540 30 144 255
9.5625 11.5000 2.8360 128 128 128
-22.0000 22.0000 1.5020 180 120 60
-6.5000 9.0000 5.7960 220 50 50
-4.5625 -18.5000 4.8990 220 50 50
-9.3125 9.0000 1.3970 180 120 60
-17.1875 2.0000 0.4230 180 120 60
4.6875 19.0000 1.2200 180 120 60
15.3125 -19.0000 0.9630 180 120 60
19.3750 -20.5000 0.9000 180 120 60
-3.5625 -15.0000 5.1460 220 50 50
-13.9375 -21.5000 1.7030 128 128 128
14.2500 -8.5000 4.0380 220 50 50
15.6875 -14.5000 1.7430 128 128 128
-5.3125 -11.0000 4.2010 220 50 50
16.6875 13.0000 0.8400 180 120 60
-18.8750 14.5000 3.0510 128 128 128
7.0000 22.5000 0.1460 180 120 60
7.3750 8.5000 3.8160 128 128 128
14.5000 -16.0000 0.9670 180 120 60
4.4375 -8.0000 1.0700 180 120 60
18.8750 -15.0000 1.1110 180 120 60
-3.2500 11.0000 5.9980 220 50 50
19.0000 8.5000 1.0830 180 120 60
14.7500 -24.0000 3.1980 220 50 50
6.1875 -13.5000 1.0500 180 120 60
-20.8750 -19.0000 1.0310 180 120 60
14.3125 6.5000 1.0200 180 120 60
-19.6250 -9.5000 0.3280 128 128 128
-8.8750 -20.5000 4.2130 220 50 50
-16.3750 23.5000 0.8090 180 120 60
-21.9375 -4.5000 0.1720 30 144 255
-19.9375 -11.0000 0.2840 128 128 128
7.5625 -12.5000 1.0360 180 120 60
3.1875 18.5000 1.7140 128 128 128
16.9375 -19.0000 0.9510 180 120 60
-23.5000 -12.5000 0.1790 30 144 255
-6.6250 11.0000 1.3070 180 120 60
4.6875 15.5000 2.0170 128 128 128
3.9375 9.5000 5.2230 220 50 50
-10.3125 -13.5000 5.9460 220 50 50
0.6875 0.5000 5.1910 220 50 50
-5.1875 -3.5000 1.1290 180 120 60
6.6250 -3.5000 4.0120 220 50 50
-13.8125 -19.0000 2.9110 128 128 128
-11.8125 22.5000 0.1630 180 120 60
-11.4375 3.5000 1.4100 180 120 60
-15.6875 13.5000 0.1510 180 120 60
14.2500 -13.0000 3.4560 128 128 128
-5.7500 -4.5000 1.0960 180 120 60
-16.8750 0.0000 2.0040 128 128 128
24.5000 -13.0000 4.6830 220 50 50
3.5000 -3.0000 1.2030 180 120 60
-13.1250 -19.0000 2.3150 128 128 128
16.0625 13.0000 0.6900 180 120 60
25.6250 -4.0000 1.1170 180 120 60
-21.1250 -23.0000 1.6660 128 128 128
-20.0000 3.5000 0.1500 30 144 255
9.8125 -20.0000 2.0570 128 128 128
-2.3125 18.5000 1.2430 180 120 60
22.8750 -17.5000 5.0020 220 50 50
21.6875 -11.5000 3.7740 220 50 50
-12.8125 16.5000 0.1400 180 120 60
8.5000 -13.0000 1.0160 180 120 60
-7.3750 14.5000 1.1700 180 120 60
-8.4375 24.0000 0.1540 180 120 60
-2.6250 8.0000 6.2160 220 50 50
-15.8750 -16.0000 2.9360 128 128 128
16.3125 -3.0000 4.3250 220 50 50
-18.4375 6.5000 0.1820 30 144 255
16.3750 -23.5000 1.0000 180 120 60
19.3125 -15.0000 4.6640 128 128 128
20.3750 0.5000 1.0330 180 120 60
11.6875 7.0000 1.0880 180 120 60
-22.2500 3.0000 0.1230 30 144 255
-14.4375 10.0000 2.9810 128 128 128
14.1250 21.5000 0.5590 128 128 128
20.2500 1.0000 1.0290 180 120 60
2.7500 23.5000 0.3980 180 120 60
-11.5000 -23.5000 4.2160 220 50 50
17.8750 4.5000 1.1280 180 120 60
2.0625 0.5000 4.1140 220 50 50
1.4375 -21.5000 3.2830 220 50 50
8.1875 -7.0000 1.2300 128 128 128
-18.8125 25.0000 5.2790 220 50 50
12.4375 -21.0000 1.7630 128 128 128
-12.0625 3.5000 1.4340 180 120 60
23.0625 1.0000 1.0220 180 120 60
16.5625 26.0000 0.4980 128 128 128
-22.3125 -11.5000 0.2040 128 128 128
9.5000 10.5000 1.2610 180 120 60
-2.8750 12.0000 5.7220 220 50 50
24.5625 -11.5000 4.4580 220 50 50
7.3125 0.5000 4.5880 220 50 50
0.9375 -6.0000 1.0710 180 120 60
23.8750 -16.0000 4.9490 220 50 50
-0.8125 14.5000 4.8500 128 128 128
-22.8125 -22.5000 0.3420 128 128 128
1.3750 3.5000 5.8760 220 50 50
5.8750 19.0000 1.2530 180 120 60
-2.6250 13.5000 5.4300 220 50 50
-14.3125 -19.5000 2.6730 128 128 128
-13.6250 -3.0000 1.0850 180 120 60
-5.1875 10.5000 6.2800 220 50 50
5.3125 -13.5000 1.0590 180 120 60
-24.2500 20.0000 1.9780 180 120 60
12.1875 -21.0000 1.6180 128 128 128
14.8750 -4.5000 4.5680 220 50 50
-1.9375 -18.5000 7.3140 220 50 50
-11.0625 22.5000 0.1030 180 120 60
-15.3750 1.5000 1.4040 180 120 60
10.7500 -12.5000 1.0170 180 120 60
20.1875 15.5000 1.0080 180 120 60
3.9375 -20.0000 3.8390 220 50 50
-6.1875 4.5000 1.3450 180 120 60
-24.2500 14.5000 2.2570 255 165 0
9.8750 -9.0000 1.1100 180 120 60
18.6250 13.5000 1.0910 180 120 60
18.5000 13.0000 1.0910 180 120 60
9.8125 9.0000 1.1360 180 120 60
-9.8125 1.0000 1.2390 180 120 60
23.9375 3.0000 1.0250 180 120 60
5.9375 -23.0000 3.3640 220 50 50
-0.6875 -12.5000 4.3050 220 50 50
-9.6875 7.5000 1.4910 180 120 60
22.1875 1.5000 1.0250 180 120 60
-18.5000 -19.5000 3.1290 128 128 128
-7.1250 4.5000 1.3580 180 120 60
3.1250 7.5000 5.7500 220 50 50
5.1875 -10.5000 1.0520 180 120 60
-11.8750 17.0000 0.1650 180 120 60
9.1250 -19.5000 2.0530 128 128 128
10.1875 18.5000 0.6480 180 120 60
18.8750 8.0000 1.3540 128 128 128
17.1250 10.5000 1.0900 180 120 60
6.3750 -11.5000 1.0470 180 120 60
18.5000 -0.5000 1.2670 128 128 128
-10.5625 20.5000 0.1410 180 120 60
-21.5625 -12.0000 0.3210 128 128 128
12.9375 23.5000 0.5820 180 120 60
21.3750 7.5000 1.1340 180 120 60
-1.5625 14.5000 5.0580 220 50 50
-10.4375 9.0000 2.5650 128 128 128
-20.1250 -18.5000 1.0700 180 120 60
-21.4375 14.5000 2.0380 255 165 0
9.3750 17.0000 5.1040 128 128 128
2.8125 -16.0000 6.2920 220 50 50
4.1250 -9.0000 1.0300 180 120 60
12.4375 3.0000 4.0440 220 50 50
1.3125 -10.0000 1.0740 180 120 60
4.0625 -7.5000 1.0870 180 120 60
19.9375 22.0000 0.1510 30 144 255
17.3125 0.0000 3.9830 220 50 50
-10.8125 -17.5000 3.3500 220 50 50
-15.0000 -4.0000 1.1360 180 120 60
2.1250 20.0000 2.5180 128 128 128
2.2500 -9.0000 1.0830 180 120 60
15.8125 -1.0000 4.1490 220 50 50
-0.4375 -6.0000 1.1040 180 120 60
18.9375 -1.0000 2.0700 128 128 128
0.5000 13.0000 1.2390 180 120 60
22.3125 -22.5000 0.9020 180 120 60
11.2500 16.0000 5.5850 128 128 128
0.5625 18.5000 1.4070 180 120 60
-7.7500 -6.0000 1.0720 180 120 60
-6.5000 -17.5000 4.2290 220 50 50
-18.3125 7.5000 0.1620 30 144 255
19.8750 -7.0000 4.4320 220 50 50
1.8125 -2.0000 1.2260 180 120 60
-4.1875 14.0000 1.7590 128 128 128
14.1250 -13.5000 2.9170 128 128 128
5.6250 20.0000 1.1930 180 120 60
17.8125 13.5000 1.0720 180 120 60
-17.2500 7.5000 3.0170 128 128 128
14.8750 -22.0000 0.9950 180 120 60
-9.5000 5.5000 1.4850 180 120 60
14.3125 22.5000 0.5490 128 128 128
-13.1250 19.5000 0.1220 180 120 60
-1.8125 0.5000 1.2600 180 120 60
-12.5625 25.0000 0.1660 180 120 60
-10.7500 -16.5000 3.4770 220 50 50
7.6250 -12.5000 1.0060 180 120 60
6.1250 8.0000 5.1600 220 50 50
-10.0000 1.5000 1.2340 180 120 60
14.6875 -22.5000 0.9800 180 120 60
24.3750 -2.5000 1.0700 180 120 60
-23.1875 7.0000 0.1420 30 144 255
9.1875 -12.5000 1.0280 180 120 60
9.7500 4.5000 4.0620 220 50 50
6.9375 -20.0000 3.7520 220 50 50
1.6875 12.0000 4.9780 220 50 50
15.8750 -12.0000 3.8140 220 50 50
10.0625 -2.0000 4.5060 220 50 50
25.6875 -19.0000 5.8290 220 50 50
12.7500 -14.5000 0.9800 180 120 60
8.9375 -9.0000 1.0730 180 120 60
10.0000 -6.0000 4.0270 220 50 50
4.1875 -21.0000 3.7110 220 50 50
-1.0000 -2.5000 1.1720 180 120 60
-0.0625 19.0000 1.4930 180 120 60
-3.9375 -23.0000 5.4310 220 50 50
0.0625 -2.5000 1.1730 180 120 60
20.9375 -14.0000 4.0220 220 50 50
17.1875 13.5000 1.0870 180 120 60
-23.5000 21.5000 2.3090 34 139 34
24.2500 -7.5000 1.2240 180 120 60
1.1250 20.5000 1.2630 180 120 60
4.1875 13.0000 1.2130 180 120 60
23.3750 -11.0000 4.5320 220 50 50
14.0625 2.0000 4.0460 220 50 50
-1.2500 6.0000 5.9130 220 50 50
-17.4375 -17.5000 2.9960 128 128 128
24.1875 0.5000 0.9490 180 120 60
-5.7500 7.5000 5.5670 220 50 50
18.3750 -5.0000 4.2870 220 50 50
-23.0625 21.0000 2.4500 34 139 34
16.2500 3.5000 1.3100 128 128 128
-24.1250 -6.0000 0.1410 30 144 255
2.1250 18.0000 2.3040 128 128 128
2.0000 25.0000 0.1340 180 120 60
-15.6875 20.0000 0.1400 180 120 60
-21.0625 14.0000 2.0620 255 165 0
-5.4375 13.0000 1.3710 180 120 60
2.8750 24.0000 0.2080 180 120 60
16.8750 -5.5000 4.4890 220 50 50
-16.8125 13.5000 0.1260 180 120 60
-0.2500 1.0000 5.0930 220 50 50
-13.1250 -4.0000 1.1050 180 120 60
-18.1875 -18.0000 3.7290 128 128 128
-2.8750 -16.0000 5.3370 220 50 50
13.2500 7.5000 1.0040 180 120 60
22.5000 -12.5000 4.1440 220 50 50
16.3125 -7.0000 4.3960 220 50 50
-3.1250 10.5000 6.1610 220 50 50
23.1875 -9.0000 1.7060 128 128 128
5.6250 3.5000 4.5570 220 50 50
14.8125 21.0000 0.5160 128 128 128
-14.6875 14.5000 0.1430 180 120 60
-1.4375 -23.0000 5.5760 220 50 50
13.3750 1.5000 4.1370 220 50 50
-12.6250 -13.5000 5.7490 220 50 50
-21.5000 -7.5000 0.1880 30 144 255
-20.1875 10.5000 3.0950 128 128 128
6.0625 -3.0000 4.0090 220 50 50
-20.3125 15.5000 2.1290 255 165 0
-14.8125 -6.0000 1.1350 180 120 60
-5.1250 -10.0000 4.2090 220 50 50
-21.5000 -14.5000 0.1500 30 144 255
5.6875 -18.0000 3.9190 220 50 50
13.3125 -0.5000 4.3290 220 50 50
10.6875 16.0000 1.2110 180 120 60
25.0000 -17.5000 5.4350 220 50 50
-10.2500 25.0000 0.1690 180 120 60
-3.5625 -15.5000 5.1890 220 50 50
-7.8750 -16.5000 4.2170 220 50 50
-2.4375 -22.5000 5.5950 220 50 50
4.5625 -1.0000 4.0900 220 50 50
24.7500 -15.5000 5.0860 220 50 50
14.8750 -23.0000 1.9020 128 128 128
-13.3125 12.0000 0.3030 180 120 60
-11.3125 -5.5000 1.0760 180 120 60
21.6250 -6.5000 1.0950 180 120 60
-8.1250 -7.0000 1.0830 180 120 60
17.1875 -10.0000 4.2100 220 50 50
24.1250 0.0000 0.9710 180 120 60
-14.3750 2.0000 1.3490 180 120 60
15.9375 6.5000 1.4190 128 128 128
13.7500 -15.0000 0.9700 180 120 60
-20.6250 -8.5000 0.6710 128 128 128
20.7500 -1.5000 1.0690 180 120 60
-18.6875 2.5000 0.1460 30 144 255
-4.9375 -19.5000 5.7000 220 50 50
7.2500 -14.0000 1.0180 180 120 60
-1.8125 -14.5000 4.8460 220 50 50
16.1875 7.0000 1.3460 128 128 128
7.8125 2.5000 4.4000 220 50 50
-6.1875 -22.0000 5.4140 220 50 50
22.3750 8.5000 0.4650 180 120 60
1.8125 -2.5000 3.1170 128 128 128
6.5000 -5.5000 1.1870 180 120 60
-5.3750 20.0000 0.1970 180 120 60
-19.3125 24.0000 5.0340 220 50 50
11.2500 9.5000 1.0530 180 120 60
-10.0000 -1.5000 1.1420 180 120 60
-20.3125 -22.5000 2.0680 128 128 128
6.7500 -1.5000 4.2140 220 50 50
4.4375 -18.5000 3.9610 220 50 50
-14.4375 5.5000 1.8110 180 120 60
20.5000 -5.5000 4.2180 220 50 50
23.1250 8.5000 0.4310 180 120 60
23.6250 -23.0000 0.9280 180 120 60
8.5000 10.5000 1.2260 180 120 60
-8.8750 12.5000 2.0760 128 128 128
-15.7500 13.0000 0.1530 180 120 60
-12.5000 17.0000 0.1710 180 120 60
-6.0000 -8.5000 1.1850 128 128 128
7.6250 2.0000 4.4960 220 50 50
-16.8750 -20.0000 1.1260 180 120 60
-19.5000 11.5000 2.1080 255 165 0
16.7500 19.5000 0.1160 128 128 128
16.0625 11.0000 1.0680 180 120 60
-13.8750 25.0000 0.1560 180 120 60
19.7500 -23.5000 0.9490 180 120 60
-1.9375 8.5000 6.3040 220 50 50
-5.0625 23.5000 0.1890 180 120 60
-21.3125 16.5000 2.9280 128 128 128
-10.6250 -21.5000 4.4890 220 50 50
-16.0625 -5.5000 1.1740 180 120 60
4.7500 5.0000 4.4840 220 50 50
-13.0000 -14.0000 5.5420 220 50 50
7.5000 11.0000 3.3790 128 128 128
14.0625 -20.0000 0.9860 180 120 60
16.1250 14.5000 0.1750 180 120 60
12.2500 26.0000 0.2480 128 128 128
0.8125 14.5000 5.3700 128 128 128
-1.0625 -10.5000 1.1180 180 120 60
10.1250 -9.5000 1.0790 180 120 60
5.2500 0.0000 4.3050 220 50 50
0.1250 5.5000 6.0980 220 50 50
-7.3125 -21.5000 5.3430 220 50 50
20.2500 -7.5000 1.0830 180 120 60
-8.6250 -1.0000 1.1520 180 120 60
-16.5625 12.0000 2.1510 255 165 0
-4.5000 7.0000 5.6620 220 50 50
20.0000 -1.0000 1.1870 180 120 60
8.0625 -14.0000 1.0160 180 120 60
-8.7500 13.5000 1.2090 180 120 60
13.1250 11.0000 1.0320 180 120 60
13.2500 13.0000 1.1510 180 120 60
-10.7500 25.0000 0.1510 180 120 60
17.1250 -22.5000 0.9550 180 120 60
1.1250 16.5000 2.2570 128 128 128
14.1875 -20.5000 0.9880 180 120 60
8.3750 22.0000 0.1160 180 120 60
-3.5625 -4.0000 1.1010 180 120 60
-16.8750 6.5000 1.8920 255 165 0
-22.1875 18.5000 1.8360 180 120 60
-23.3125 -7.5000 0.1510 30 144 255
-23.5625 -8.0000 0.1500 30 144 255
-15.3750 22.5000 0.1280 180 120 60
-1.3750 -1.0000 1.1960 180 120 60
-8.1250 23.5000 0.1420 180 120 60
1.8750 -3.5000 3.0970 128 128 128
-14.8125 -20.5000 1.1960 180 120 60
6.1250 -5.5000 1.1330 180 120 60
-21.7500 13.0000 2.0610 255 165 0
7.8125 -3.0000 4.1730 220 50 50
-10.2500 -10.0000 5.3410 220 50 50
-11.9375 -1.5000 1.0690 180 120 60
-6.6875 -14.5000 4.2190 220 50 50
16.0000 -17.5000 0.9480 180 120 60
1.1250 -0.5000 3.9850 220 50 50
-11.0000 -0.5000 1.1300 180 120 60
-22.5000 -19.5000 1.7470 128 128 128
-11.0625 14.0000 0.2510 180 120 60
2.2500 -21.0000 3.4160 220 50 50
21.6250 17.5000 0.9860 180 120 60
-18.0625 -18.5000 3.4400 128 128 128
6.1875 19.0000 1.2410 180 120 60
3.9375 23.5000 0.2190 180 120 60
-16.8750 -14.0000 4.3120 220 50 50
-15.0625 -7.5000 1.1460 180 120 60
-12.0625 1.0000 1.2100 180 120 60
5.6250 22.5000 0.1490 180 120 60
-2.6875 8.0000 6.1880 220 50 50
-19.0625 15.0000 0.0590 180 120 60
-20.1875 17.5000 0.1500 180 120 60
-19.5000 -7.5000 0.1510 30 144 255
2.6875 1.5000 4.2820 220 50 50
-3.6875 -0.5000 1.2030 180 120 60
-21.5000 8.5000 0.1220 30 144 255
3.3125 19.5000 1.2120 180 120 60
-12.7500 -12.0000 5.8800 220 50 50
-20.6250 -12.0000 0.3010 128 128 128
-1.6875 15.0000 4.5760 128 128 128
-7.6250 -20.5000 4.2760 220 50 50
-22.1875 8.0000 0.1430 30 144 255
17.7500 1.5000 1.1490 180 120 60
16.1875 -16.0000 1.0250 180 120 60
20.6875 -6.0000 2.3450 220 50 50
-0.2500 -2.5000 1.1430 180 120 60
-19.7500 25.0000 5.1650 220 50 50
-12.6250 -3.0000 1.0670 180 120 60
-9.3750 -15.0000 3.7920 220 50 50
11.6875 -11.5000 3.6460 128 128 128
-8.1875 7.0000 1.4610 180 120 60
-18.6875 -2.5000 0.1440 30 144 255
-20.1250 -5.0000 0.1590 30 144 255
15.1250 -17.5000 0.9630 180 120 60
16.4375 22.0000 5.4560 128 128 128
7.0000 -19.5000 3.8170 220 50 50
-4.2500 13.0000 2.7360 128 128 128
19.0625 17.0000 0.3340 128 128 128
-21.3750 -22.5000 1.0130 180 120 60
-15.6250 26.0000 0.9050 180 120 60
6.8125 -0.5000 4.3400 220 50 50
-0.6875 -14.0000 6.4560 220 50 50
-18.3750 3.5000 0.1400 30 144 255
19.1875 -21.0000 0.8860 180 120 60
-17.1250 -13.5000 4.2260 220 50 50
10.6250 17.0000 0.8470 180 120 60
-0.3125 23.5000 0.1490 180 120 60
-4.6250 -8.0000 1.1020 180 120 60
15.5625 0.0000 4.0610 220 50 50
17.2500 -11.0000 4.0710 220 50 50
12.8125 7.0000 1.0400 180 120 60
-20.4375 4.0000 0.1430 30 144 255
-20.9375 20.0000 1.1780 180 120 60
2.3750 -2.0000 1.1820 180 120 60
4.4375 -16.0000 1.5690 220 50 50
-3.1875 22.0000 0.1520 180 120 60
22.7500 20.0000 0.9370 180 120 60
17.8750 1.0000 1.2130 128 128 128
22.5000 11.5000 0.1320 30 144 255
4.3750 -21.5000 3.6740 220 50 50
-7.3750 -19.5000 4.2030 220 50 50
25.1250 -21.0000 0.9810 180 120 60
3.0000 10.0000 5.1570 220 50 50
-7.1250 4.0000 1.3410 180 120 60
-6.4375 -19.0000 4.3380 220 50 50
16.7500 -5.0000 4.4640 220 50 50
0.0625 -6.5000 1.0670 180 120 60
10.6250 -9.5000 1.0870 180 120 60
6.6250 11.5000 1.2080 180 120 60
-19.9375 20.5000 1.1050 180 120 60
21.3125 -6.0000 2.3050 128 128 128
-19.7500 5.5000 0.1400 30 144 255
-3.8750 -12.0000 5.6450 220 50 50
-14.3125 -7.0000 1.3190 128 128 128
-7.3750 1.5000 1.2430 180 120 60
13.1250 -8.5000 3.9710 220 50 50
1.9375 13.0000 4.6830 128 128 128
21.1250 2.0000 0.9740 180 120 60
20.7500 4.5000 1.0310 180 120 60
1.7500 18.0000 2.0040 128 128 128
-10.0625 14.5000 0.7510 180 120 60
-7.3125 -18.0000 4.2090 220 50 50
-12.9375 -6.0000 1.1230 180 120 60
-11.4375 24.0000 0.0990 180 120 60
21.0000 20.5000 0.1370 30 144 255
-16.6875 -15.5000 1.1980 180 120 60
6.1875 -2.5000 4.0890 220 50 50
18.8125 -3.5000 4.1100 220 50 50
20.9375 6.0000 1.1120 180 120 60
-2.8750 -18.5000 5.8800 220 50 50
12.8750 -1.0000 4.3960 220 50 50
20.4375 -16.0000 1.0190 180 120 60
18.7500 13.5000 1.0820 180 120 60
13.8125 -4.5000 4.5690 220 50 50
-14.8750 25.5000 0.6270 128 128 128
0.1250 8.0000 6.0770 220 50 50
4.6250 -9.0000 1.0470 180 120 60
5.7500 18.0000 3.2420 128 128 128
-15.5625 1.0000 1.7050 128 128 128
7.5000 1.5000 4.5770 220 50 50
12.5625 19.5000 0.6050 128 128 128
12.6875 18.0000 5.4280 128 128 128
-17.5625 11.5000 2.0630 255 165 0
12.4375 -4.0000 4.4170 220 50 50
22.9375 -13.0000 4.2630 220 50 50
-9.1875 -18.0000 4.2460 220 50 50
-22.6250 22.5000 1.5190 180 120 60
17.8750 6.0000 1.6770 128 128 128
17.3125 -3.0000 4.1830 220 50 50
2.3125 6.0000 6.2120 220 50 50
-3.9375 10.0000 6.3230 220 50 50
24.1250 -8.0000 1.2250 180 120 60
-9.0625 14.0000 1.1310 180 120 60
3.1250 -13.0000 1.1200 180 120 60
-11.0000 15.5000 0.1650 180 120 60
-5.3125 -18.0000 4.4620 220 50 50
15.3750 -15.5000 0.9790 180 120 60
8.8750 -19.0000 1.0700 180 120 60
-4.1875 -3.0000 1.1100 180 120 60
19.3750 -22.0000 0.9300 180 120 60
-9.9375 -7.5000 1.1520 180 120 60
1.9375 18.5000 2.2160 128 128 128
-17.5000 -17.0000 3.1040 128 128 128
0.4375 24.0000 0.1370 180 120 60
-21.8125 -23.5000 1.1240 128 128 128
3.1875 -7.5000 1.0680 180 120 60
-19.7500 -8.5000 0.7660 128 128 128
-8.3125 8.5000 1.6600 128 128 128
2.7500 -1.5000 4.0020 220 50 50
9.2500 21.0000 1.1380 128 128 128
11.2500 -3.0000 4.5060 220 50 50
4.3125 -16.0000 6.1660 220 50 50
21.1875 8.0000 1.1270 180 120 60
16.9375 21.0000 0.1630 128 128 128
-9.2500 24.5000 0.1680 180 120 60
15.1250 -21.0000 0.9850 180 120 60
-1.0625 24.0000 0.1430 180 120 60
-16.8750 21.5000 0.1070 180 120 60
-18.0625 18.5000 0.1430 180 120 60
13.1250 7.0000 1.0370 180 120 60
-6.6250 -18.5000 5.2550 220 50 50
-21.9375 23.0000 1.5580 180 120 60
15.0000 -20.5000 0.9820 180 120 60
5.4375 22.0000 0.4040 180 120 60
-17.6875 -11.0000 3.8410 220 50 50
13.3750 -10.5000 1.8580 128 128 128
3.3750 19.0000 1.2810 180 120 60
-7.0625 -15.5000 4.1600 220 50 50
4.7500 -14.5000 1.2290 128 128 128
12.8750 -23.5000 3.2570 220 50 50
16.5625 9.0000 0.9940 180 120 60
0.2500 -19.0000 7.1200 220 50 50
23.9375 -10.5000 4.4910 220 50 50
-0.8750 -22.0000 5.7140 220 50 50
18.9375 7.5000 1.1810 180 120 60
19.3750 -6.5000 4.3700 220 50 50
-11.9375 -20.0000 4.1900 220 50 50
22.5625 -3.0000 1.0650 180 120 60
-22.2500 -15.5000 0.9030 128 128 128
2.4375 22.0000 1.9370 128 128 128
3.5625 6.5000 5.8900 220 50 50
11.7500 -7.5000 4.0320 220 50 50
-7.6875 -13.0000 3.9010 220 50 50
-19.7500 -23.0000 0.6460 180 120 60
-0.6875 -9.5000 1.0950 180 120 60
20.4375 16.5000 1.0430 180 120 60
16.6250 5.5000 1.4740 128 128 128
-3.9375 -10.0000 4.3660 220 50 50
-5.8750 -8.0000 1.7320 128 128 128
14.3125 -17.5000 0.9520 180 120 60
-3.1875 -12.5000 4.2250 220 50 50
16.5000 7.5000 1.3530 128 128 128
-14.1875 1.0000 1.2440 180 120 60
-6.7500 6.0000 5.0530 220 50 50
6.9375 10.0000 3.7500 128 128 128
12.8125 -17.0000 1.0020 180 120 60
-18.7500 -14.0000 1.1130 180 120 60
11.9375 -21.0000 1.3620 128 128 128
-2.2500 12.5000 5.5430 220 50 50
1.0625 21.0000 1.7990 128 128 128
-7.8750 -21.5000 5.2190 220 50 50
-18.8125 9.5000 3.0620 128 128 128
-0.8750 15.5000 1.3880 180 120 60
-19.8750 -11.5000 0.2190 180 120 60
-4.1250 -20.0000 5.6630 220 50 50
-11.7500 -19.0000 3.5540 220 50 50
-5.3125 18.5000 1.1080 180 120 60
-14.1250 4.5000 1.6670 180 120 60
-1.0000 -1.0000 1.2040 180 120 60
-2.7500 -21.0000 5.6540 220 50 50
10.6250 11.0000 1.0830 180 120 60
-15.8750 -21.5000 1.1170 180 120 60
21.8125 7.5000 1.1220 180 120 60
19.8125 -14.0000 4.3200 128 128 128
20.6250 18.0000 0.9960 180 120 60
10.6250 -19.5000 1.0680 180 120 60
14.3125 19.0000 5.4900 128 128 128
-12.8125 -10.5000 5.8350 220 50 50
9.6875 17.0000 5.0880 128 128 128
5.6875 -1.0000 4.1900 220 50 50
-1.8125 -13.0000 4.2840 220 50 50
-10.3750 -5.0000 1.0810 180 120 60
-2.9375 1.0000 1.2490 180 120 60
-5.2500 24.5000 0.1550 180 120 60
-9.1875 -20.0000 4.3420 220 50 50
14.8125 18.5000 0.1670 30 144 255
12.5000 -21.5000 3.2170 128 128 128
-22.3750 2.5000 0.1110 30 144 255
10.7500 14.0000 1.2300 180 120 60
-20.0000 -0.5000 0.1130 30 144 255
-18.7500 17.5000 0.1460 180 120 60
-9.9375 12.5000 1.1090 180 120 60
-19.3750 20.0000 1.0860 180 120 60
7.5000 12.5000 1.2140 180 120 60
20.0625 -19.5000 0.9520 180 120 60
-13.5625 18.0000 0.1300 180 120 60
4.5000 -20.0000 3.8110 220 50 50
-20.0625 22.0000 4.5540 220 50 50
2.0000 14.0000 2.3560 128 128 128
-6.3750 9.5000 5.8410 220 50 50
-0.1875 -11.5000 1.1210 180 120 60
-19.3750 10.5000 2.0970 255 165 0
-21.8750 -10.5000 0.6180 128 128 128
-16.6250 -16.0000 2.8610 128 128 128
-19.5625 12.5000 2.0850 255 165 0
15.9375 18.5000 0.2560 128 128 128
3.3750 -22.5000 3.6280 220 50 50
20.5000 18.5000 0.9610 180 120 60
-13.1875 11.0000 1.0270 180 120 60
-18.4375 1.5000 0.1730 30 144 255
-20.8750 24.0000 4.7970 220 50 50
21.6250 -21.5000 0.9180 180 120 60
12.1875 -14.5000 0.9600 180 120 60
-13.8125 -21.0000 1.4600 128 128 128
-16.3125 17.5000 0.1270 180 120 60
12.6875 -2.5000 4.5360 220 50 50
9.3750 14.5000 1.2490 180 120 60
-12.3125 12.0000 0.4740 180 120 60
6.1250 7.0000 4.1810 220 50 50
-20.6250 25.0000 5.0160 220 50 50
2.6875 22.0000 1.9790 128 128 128
-0.4375 15.5000 2.0430 128 128 128
-23.8125 -12.0000 0.1320 30 144 255
15.0625 16.5000 0.2230 128 128 128
-21.1875 -18.0000 1.8200 128 128 128
16.9375 -23.0000 0.9390 180 120 60
-16.0000 10.5000 2.0540 255 165 0
25.0625 -12.5000 4.5280 220 50 50
3.0625 0.5000 4.2060 220 50 50
11.0625 -1.5000 4.6650 220 50 50
-4.0000 2.5000 1.3260 180 120 60
-14.8750 5.5000 1.8740 255 165 0
-23.1875 16.0000 2.0030 255 165 0
-8.6875 -3.5000 1.0550 180 120 60
-17.5625 4.5000 0.2430 128 128 128
-7.6250 2.0000 1.2610 180 120 60
-18.7500 -19.0000 1.5600 128 128 128
9.3750 -20.5000 4.9330 220 50 50
13.3125 -8.5000 4.0100 220 50 50
7.3125 10.0000 3.7260 128 128 128
13.0625 11.5000 1.0610 180 120 60
-2.1875 14.0000 5.2090 220 50 50
19.1250 -10.0000 3.2000 128 128 128
5.3750 -13.5000 1.0560 180 120 60
-17.0000 -17.0000 3.2900 128 128 128
-22.6875 -20.5000 0.1820 30 144 255
5.7500 19.5000 1.2580 180 120 60
-6.2500 -17.5000 5.2560 220 50 50
-12.0000 -0.5000 1.0910 180 120 60
-7.1250 -4.5000 1.0990 180 120 60
7.4375 12.0000 2.2580 128 128 128
-2.5000 -19.5000 5.8070 220 50 50
-23.0000 -0.5000 0.1140 30 144 255
-9.6250 14.0000 1.0670 180 120 60
14.3125 23.0000 5.2460 128 128 128
-16.7500 -18.0000 1.1430 180 120 60
-5.1250 18.0000 1.1240 180 120 60
-5.3750 -5.5000 1.0850 180 120 60
11.9375 15.0000 1.1560 180 120 60
-9.2500 6.5000 1.4820 180 120 60
-9.6250 -15.5000 3.6680 220 50 50
-0.1875 21.5000 1.0960 180 120 60
18.3125 -11.0000 4.1410 220 50 50
6.3125 12.5000 1.1650 180 120 60
19.6250 -3.0000 4.0580 220 50 50
18.3125 8.0000 1.4420 128 128 128
-20.8125 7.5000 0.1260 30 144 255
17.0625 -12.0000 3.9560 220 50 50
-1.1875 24.0000 0.1680 180 120 60
-15.8750 2.5000 1.3900 180 120 60
-20.3750 14.5000 2.0140 255 165 0
5.0000 3.5000 4.6060 220 50 50
3.9375 5.0000 6.1920 220 50 50
8.7500 -10.5000 1.0680 180 120 60
-15.8125 8.5000 2.0490 255 165 0
10.3125 -16.5000 1.0230 180 120 60
13.6875 -6.0000 4.2970 220 50 50
-5.1875 3.0000 1.3160 180 120 60
-3.0000 3.0000 5.0270 220 50 50
-12.5625 3.0000 1.4330 180 120 60
20.7500 15.0000 0.1350 30 144 255
-10.8125 -2.0000 1.0700 180 120 60
-7.9375 -19.0000 4.3020 220 50 50
0.8750 19.0000 4.5190 128 128 128
-9.8750 17.5000 0.1520 180 120 60
22.8125 2.5000 1.0050 180 120 60
23.2500 5.5000 1.0700 180 120 60
11.6875 -10.5000 1.0930 180 120 60
16.3750 2.0000 1.7740 128 128 128
-19.6875 -4.0000 0.1470 30 144 255
17.4375 13.5000 1.0860 180 120 60
7.1875 -12.0000 1.0180 180 120 60
5.3125 6.5000 5.6160 220 50 50
4.1875 23.0000 0.2210 180 120 60
3.5000 16.0000 4.6700 128 128 128
20.6250 7.5000 1.1110 180 120 60
-11.4375 -16.0000 5.4740 220 50 50
23.3125 19.5000 0.9360 180 120 60
-10.1250 -11.5000 5.5800 220 50 50
-14.8125 26.0000 0.7970 128 128 128
18.6250 -1.0000 3.9960 220 50 50
3.3750 -16.5000 6.3660 220 50 50
1.2500 20.5000 1.2440 180 120 60
0.8125 23.0000 0.4760 180 120 60
-5.7500 -20.0000 5.5470 220 50 50
-1.8125 17.5000 2.1130 128 128 128
-7.8750 8.0000 1.5790 128 128 128
22.8750 -14.0000 4.4240 220 50 50
-13.1250 20.0000 0.1290 180 120 60
-13.5000 15.5000 0.1420 180 120 60
22.1250 2.5000 0.9780 180 120 60
-9.1250 -3.5000 1.0670 180 120 60
-18.8750 -10.0000 0.6080 180 120 60
-15.3750 -18.5000 1.2540 180 120 60
13.7500 -18.0000 0.9990 180 120 60
-10.3750 20.0000 0.1350 180 120 60
13.5625 -17.0000 0.9400 180 120 60
7.0625 4.5000 4.3460 220 50 50
8.5625 9.5000 2.0850 128 128 128
4.7500 -19.5000 3.8590 220 50 50
-1.3750 -24.0000 5.6020 220 50 50
3.4375 -8.5000 1.0440 180 120 60
4.9375 -1.0000 4.1350 220 50 50
18.5625 -19.0000 0.9770 180 120 60
-9.6875 13.5000 1.0880 180 120 60
-9.4375 -16.5000 4.1780 220 50 50
10.8125 -10.5000 1.0840 180 120 60
5.0000 -10.0000 1.0430 180 120 60
-6.6875 -21.5000 5.2760 220 50 50
8.0625 13.5000 1.1720 180 120 60
2.4375 8.0000 5.7810 220 50 50
9.6875 11.5000 1.1750 180 120 60
19.6875 -1.0000 1.9750 128 128 128
13.0000 2.0000 4.1170 220 50 50
-19.1875 -6.0000 0.1420 30 144 255
15.6250 13.5000 0.5980 180 120 60
-13.5000 8.5000 1.9490 255 165 0
17.1875 3.5000 1.1490 180 120 60
-12.8750 -21.0000 4.1590 220 50 50
2.2500 23.5000 0.4000 180 120 60
-23.0000 -7.0000 0.1450 30 144 255
1.1250 -3.5000 3.1000 128 128 128
10.3750 7.0000 1.1650 180 120 60
9.7500 -16.0000 1.0230 180 120 60
6.6250 19.5000 1.2100 180 120 60
25.5625 -5.5000 1.0950 180 120 60
-9.5000 1.0000 1.2070 180 120 60
-19.3750 -13.5000 0.6560 180 120 60
-24.0625 -1.0000 0.1210 30 144 255
14.7500 -0.5000 4.2020 220 50 50
-6.3750 0.0000 1.1950 180 120 60
-21.3125 23.5000 4.7070 220 50 50
-16.4375 -8.0000 3.8630 220 50 50
2.4375 -1.0000 1.2280 180 120 60
16.0000 8.0000 0.9550 180 120 60
7.7500 -22.0000 5.4110 220 50 50
-3.5625 19.5000 1.1470 180 120 60
-21.6875 -11.0000 0.3020 128 128 128
24.8125 -6.5000 1.1860 180 120 60
15.1875 3.0000 1.1590 180 120 60
6.3750 21.5000 0.3150 180 120 60
25.1875 10.5000 0.1250 30 144 255
-6.7500 -23.5000 5.2750 220 50 50
0.2500 21.0000 1.5630 128 128 128
-5.0625 -20.5000 5.6270 220 50 50
-11.7500 -18.0000 1.2600 180 120 60
-16.8125 16.5000 0.1340 180 120 60
12.8750 22.5000 0.5570 180 120 60
-19.5625 -7.5000 0.1640 30 144 255
-3.6875 -3.5000 1.1210 180 120 60
3.0625 13.0000 2.1940 128 128 128
9.6875 -9.5000 1.0750 180 120 60
7.8750 -20.0000 3.7810 220 50 50
-22.6875 23.5000 1.5850 180 120 60
-4.6250 -19.5000 5.6950 220 50 50
-0.6875 0.5000 1.2670 128 128 128
3.0625 -1.5000 4.0010 220 50 50
9.6875 12.0000 2.4700 128 128 128
21.7500 -2.0000 1.0820 180 120 60
17.7500 5.5000 1.7840 128 128 128
-11.0000 0.0000 1.1450 180 120 60
0.6250 12.0000 5.2130 220 50 50
24.3750 3.0000 1.0340 180 120 60
-13.6875 9.0000 2.0040 255 165 0
-15.6250 -22.5000 1.8170 128 128 128
-7.5000 8.5000 2.2650 128 128 128
20.6250 8.5000 1.1010 180 120 60
6.3125 -16.5000 1.0700 180 120 60
24.6875 7.0000 0.4230 180 120 60
-18.5625 -17.0000 1.1210 180 120 60
-12.3125 -14.5000 5.6160 220 50 50
19.8125 -11.5000 3.4620 220 50 50
-13.6875 -16.0000 5.2080 220 50 50
5.2500 -4.0000 1.1630 180 120 60
3.2500 22.5000 0.8620 180 120 60
-16.3750 -0.5000 2.0050 128 128 128
-21.6875 -6.0000 0.1670 30 144 255
8.8750 -20.0000 4.9030 220 50 50
23.0625 -17.0000 4.9220 220 50 50
-18.5000 -2.0000 0.1490 30 144 255
-9.5625 23.5000 0.1700 180 120 60
22.0625 -17.0000 4.7260 220 50 50
-9.8125 -15.0000 3.7660 220 50 50
-19.2500 5.5000 0.1530 30 144 255
-19.3750 -16.0000 2.9120 128 128 128
-2.3750 -12.5000 4.7680 220 50 50
-15.9375 9.0000 2.0600 255 165 0
-11.1250 21.0000 0.1300 180 120 60
-11.0625 -5.0000 1.0940 180 120 60
-15.4375 -14.5000 5.2510 220 50 50
6.6875 -22.0000 3.4850 220 50 50
-4.9375 4.0000 1.4060 180 120 60
13.0625 -5.0000 4.4190 220 50 50
6.6875 -22.0000 5.5510 220 50 50
13.4375 9.5000 0.9590 180 120 60
-8.2500 3.0000 1.2760 180 120 60
-0.6250 -14.0000 6.3810 220 50 50
23.8750 -6.5000 1.1320 180 120 60
-8.3750 5.5000 1.4000 180 120 60
-10.9375 14.5000 0.2500 180 120 60
-16.2500 12.0000 2.3170 255 165 0
23.1875 -15.0000 4.6250 220 50 50
0.3125 7.5000 6.2380 220 50 50
-21.3750 -11.5000 0.3270 128 128 128
-19.0625 -14.5000 0.9700 180 120 60
-0.2500 -15.5000 6.5650 220 50 50
-22.8125 4.0000 0.1340 30 144 255
0.8750 22.5000 0.7870 180 120 60
25.5000 25.5000 0.1870 30 144 255
-14.3125 -15.5000 5.2400 220 50 50
2.8750 25.0000 0.1350 180 120 60
-23.3125 15.5000 2.0160 255 165 0
22.0625 6.5000 1.1150 180 120 60
7.3125 2.0000 4.5130 220 50 50
6.5000 -19.0000 3.8490 220 50 50
-6.3125 25.0000 0.0920 180 120 60
6.6250 -4.0000 3.9700 220 50 50
-22.0000 15.5000 1.9880 255 165 0
7.9375 2.5000 4.4460 220 50 50
-13.4375 -17.0000 5.0530 220 50 50
-6.2500 -8.5000 2.8210 220 50 50
-9.5625 17.5000 0.1690 180 120 60
-17.8750 -8.5000 1.8930 220 50 50
24.2500 5.5000 1.1240 180 120 60
12.6875 -5.0000 4.3350 220 50 50
-18.8750 22.0000 0.8880 180 120 60
22.0625 -18.0000 1.0220 180 120 60
2.8750 16.0000 4.6310 128 128 128
5.0000 -23.0000 3.3620 220 50 50
24.5000 -10.0000 4.3850 220 50 50
13.1250 -4.0000 4.5020 220 50 50
17.0000 -7.0000 4.4240 220 50 50
1.5625 -24.0000 3.6090 220 50 50
6.3750 17.0000 3.1740 128 128 128
22.6250 -5.5000 1.1280 180 120 60
13.2500 -10.0000 1.0720 180 120 60
9.5625 -11.5000 1.0450 180 120 60
17.3750 11.5000 1.0870 180 120 60
-16.5000 1.5000 1.4640 128 128 128
14.8125 23.0000 5.4380 128 128 128
-15.6875 -6.5000 1.2690 180 120 60
7.1250 -10.5000 1.0400 180 120 60
0.2500 -22.0000 3.1450 220 50 50
11.8125 22.5000 0.9470 128 128 128
-8.0000 -18.0000 4.2170 220 50 50
-1.8750 -4.0000 1.0820 180 120 60
6.1875 2.5000 4.6320 220 50 50
-23.8125 -5.0000 0.1210 30 144 255
-18.1250 18.5000 0.1430 180 120 60
-21.3750 -5.5000 0.1520 30 144 255
-23.1250 -15.0000 0.1560 30 144 255
-9.0000 -5.0000 1.0420 180 120 60
-5.3125 21.5000 0.1160 180 120 60
17.0625 -10.5000 4.1310 220 50 50
9.4375 19.0000 0.2440 128 128 128
2.3125 1.5000 4.2480 220 50 50
23.1875 22.5000 0.1450 30 144 255
23.6875 -11.0000 4.5410 220 50 50
-20.6875 5.0000 0.1540 30 144 255
5.1250 9.5000 1.3350 128 128 128
12.7500 14.0000 1.1980 180 120 60
-13.4375 -22.0000 4.1730 220 50 50
-21.0000 -15.5000 2.1320 128 128 128
4.3125 -3.0000 1.5200 220 50 50
19.5625 -8.5000 1.0760 180 120 60
21.2500 1.5000 0.9820 180 120 60
10.3125 -22.0000 5.0970 220 50 50
-16.5625 -10.0000 3.9610 220 50 50
20.2500 -20.0000 0.9300 180 120 60
25.0625 -3.0000 1.1070 180 120 60
7.6875 3.5000 4.3160 220 50 50
-19.0625 7.5000 0.1480 30 144 255
16.7500 -20.5000 0.9290 180 120 60
7.3125 -4.0000 4.0200 220 50 50
14.8750 11.5000 1.1000 180 120 60
-12.0625 5.5000 1.5990 180 120 60
1.5625 12.0000 4.9780 220 50 50
-11.3125 -22.5000 4.3490 220 50 50
0.8750 17.0000 2.3430 128 128 128
-6.7500 -3.0000 1.1280 180 120 60
17.7500 -24.0000 0.9680 180 120 60
-11.3125 -13.0000 5.9370 220 50 50
22.8125 22.5000 0.0990 30 144 255
-18.1875 22.5000 0.8940 180 120 60
12.9375 -14.5000 1.0060 180 120 60
4.5625 4.0000 4.5710 220 50 50
7.9375 0.5000 4.6500 220 50 50
-14.6250 5.5000 1.8280 180 120 60
6.0000 -9.0000 1.0510 180 120 60
-4.3125 -1.0000 1.1750 180 120 60
2.4375 25.0000 0.1210 180 120 60
6.6250 -13.5000 1.0320 180 120 60
3.5000 25.0000 0.1540 180 120 60
-14.3750 16.0000 0.1570 180 120 60
-18.6250 -21.5000 1.0590 180 120 60
-21.4375 4.0000 0.1640 30 144 255
-3.0000 -14.5000 5.0750 220 50 50
0.0000 -14.0000 6.3060 220 50 50
16.9375 -20.0000 0.9490 180 120 60
-4.4375 -20.5000 5.6560 220 50 50
13.6875 24.0000 5.3780 128 128 128
19.9375 -9.0000 1.0580 180 120 60
-4.7500 14.0000 1.7010 128 128 128
-12.3125 -5.0000 1.1130 180 120 60
6.1250 -13.0000 1.0350 180 120 60
-22.2500 23.0000 1.5350 180 120 60
-7.4375 -7.5000 1.1150 180 120 60
1.8125 25.0000 0.1710 180 120 60
-21.5625 -10.0000 0.3300 128 128 128
11.8125 -17.0000 0.9950 180 120 60
-13.1875 24.0000 0.1830 180 120 60
3.0000 -12.5000 1.0970 180 120 60
18.5625 -5.5000 4.3400 220 50 50
15.3750 13.5000 0.7310 180 120 60
7.8750 13.5000 1.1750 180 120 60
-12.1875 -10.0000 5.6200 220 50 50
2.7500 -2.5000 3.1040 128 128 128
10.6875 -14.5000 1.0120 180 120 60
-10.6250 -2.0000 1.0670 180 120 60
17.6875 -12.5000 3.9470 220 50 50
-22.6875 10.5000 0.1490 30 144 255
-5.5625 -12.0000 4.8800 220 50 50
2.1250 16.5000 4.6040 128 128 128
8.5625 -10.0000 1.0600 180 120 60
-14.8750 -1.5000 1.0110 180 120 60
-20.3125 2.5000 0.1450 30 144 255
-11.0000 -22.5000 4.8060 220 50 50
18.3125 -1.5000 4.0010 220 50 50
11.0625 12.0000 1.1100 180 120 60
7.6875 10.0000 1.6320 128 128 128
-14.1250 10.0000 3.0310 128 128 128
19.6875 -8.5000 1.0680 180 120 60
14.5625 17.5000 0.1610 128 128 128
7.5625 -16.0000 1.0610 180 120 60
-22.9375 -13.0000 0.1780 30 144 255
-13.2500 6.5000 1.7790 180 120 60
20.9375 -0.5000 1.0480 180 120 60
7.1250 -2.0000 4.2180 220 50 50
-2.4375 -21.5000 5.6560 220 50 50
25.1250 8.5000 0.1300 30 144 255
-17.5625 8.5000 2.0870 255 165 0
2.1875 9.5000 5.4090 220 50 50
0.8125 18.5000 1.5670 128 128 128
-8.6250 -7.0000 1.1100 180 120 60
-3.8125 -15.0000 4.4050 220 50 50
8.8750 15.0000 1.2030 180 120 60
-0.5625 10.0000 5.8530 220 50 50
13.2500 1.0000 4.1870 220 50 50
-21.8750 0.5000 0.1650 30 144 255
9.5000 3.5000 4.1850 220 50 50
-10.3125 -7.0000 1.1390 180 120 60
-3.0000 5.5000 5.5530 220 50 50
1.0625 19.5000 1.7860 128 128 128
-6.9375 -6.0000 1.0250 180 120 60
14.9375 12.0000 1.0990 180 120 60
1.4375 11.0000 5.3160 220 50 50
25.3750 7.0000 1.1120 180 120 60
3.9375 -14.0000 1.0330 180 120 60
9.8750 5.5000 4.0150 220 50 50
-23.6250 2.0000 0.1160 30 144 255
-4.3750 10.0000 6.2480 220 50 50
5.6250 23.5000 0.1500 180 120 60
18.8125 13.5000 1.0860 180 120 60
-16.4375 1.5000 1.5500 128 128 128
-4.3750 12.0000 2.2000 220 50 50
5.9375 -3.5000 3.9740 220 50 50
-22.3750 16.5000 1.9940 255 165 0
-19.1250 23.5000 1.0070 180 120 60
13.6250 -5.0000 4.4760 220 50 50
5.7500 13.5000 1.2040 180 120 60
18.6875 -11.5000 4.1380 220 50 50
17.8125 3.0000 2.0760 128 128 128
5.1250 23.0000 0.1260 180 120 60
-23.1250 4.5000 0.1460 30 144 255
23.1250 -22.5000 0.9130 180 120 60
-10.4375 -22.0000 4.9550 220 50 50
3.4375 -7.5000 1.0710 180 120 60
-20.8125 19.5000 1.1260 180 120 60
0.4375 8.0000 6.0750 220 50 50
14.2500 23.5000 5.4190 128 128 128
13.6250 12.0000 1.1010 180 120 60
10.0000 21.5000 1.0930 128 128 128
-23.9375 -3.5000 0.1880 30 144 255
-20.6875 -6.0000 0.1470 30 144 255
12.1875 0.5000 4.3080 220 50 50
7.5000 3.0000 4.3940 220 50 50
15.0625 9.5000 0.9890 180 120 60
11.6875 4.0000 4.0480 220 50 50
-7.1875 3.5000 1.3160 180 120 60
4.3125 -0.5000 4.1910 220 50 50
16.9375 -13.5000 1.0730 180 120 60
17.1875 -23.5000 0.9710 180 120 60
-4.4375 -16.0000 4.4410 220 50 50
2.1875 14.0000 2.6270 128 128 128
-13.5625 -10.0000 1.1350 180 120 60
13.2500 -13.0000 3.6310 128 128 128
18.1250 12.0000 1.0720 180 120 60
-23.8125 18.5000 1.9270 180 120 60
-9.0625 -22.0000 4.9360 220 50 50
-23.2500 8.5000 0.1430 30 144 255
-18.1875 -8.0000 0.8550 180 120 60
19.8750 5.5000 1.6860 128 128 128
-7.0000 -7.5000 1.0770 180 120 60
-1.8750 10.0000 6.0560 220 50 50
20.3750 22.0000 0.1230 30 144 255
-15.3750 19.0000 0.1530 180 120 60
18.8750 12.0000 0.2380 180 120 60
4.5625 25.0000 0.1250 180 120 60
-17.0625 23.5000 0.8970 180 120 60
-20.6250 -4.0000 0.1490 30 144 255
18.9375 12.0000 0.3320 180 120 60
-9.3750 -17.5000 5.2640 220 50 50
0.0000 22.0000 0.7360 180 120 60
-23.0625 8.0000 0.1470 30 144 255
7.0000 15.0000 1.1940 180 120 60
7.5625 -18.5000 1.7260 128 128 128
25.2500 -1.0000 1.0140 180 120 60
-14.1875 6.5000 1.9330 255 165 0
-19.8750 20.5000 1.1070 180 120 60
1.8125 8.0000 5.8670 220 50 50
-12.1250 -5.5000 1.1420 180 120 60
15.8125 23.5000 0.8480 128 128 128
-12.2500 6.0000 1.6690 180 120 60
-19.0000 -20.5000 2.8000 128 128 128
22.8125 -15.0000 4.5450 220 50 50
-15.1250 -12.5000 4.4770 220 50 50
-5.3125 -8.0000 1.9560 128 128 128
19.3750 -3.5000 4.0730 220 50 50
-16.5000 -20.5000 1.1160 180 120 60
-6.6875 5.5000 1.4120 180 120 60
-18.4375 24.5000 5.2280 220 50 50
9.2500 -17.0000 1.0420 180 120 60
-3.5625 -12.0000 5.2320 220 50 50
24.6875 -17.0000 5.3060 220 50 50
21.8125 -15.0000 4.3680 220 50 50
-10.0000 -20.5000 4.2850 220 50 50
-4.9375 19.0000 1.0570 180 120 60
4.6250 25.0000 0.1480 180 120 60
-13.9375 8.5000 1.9810 255 165 0
2.0000 -21.5000 3.4160 220 50 50
-2.5000 -17.5000 7.2290 220 50 50
-6.0625 -20.5000 4.2550 220 50 50
-21.5000 -13.5000 0.3260 128 128 128
20.1875 4.0000 1.0250 180 120 60
7.4375 7.5000 4.0360 220 50 50
-20.8750 -5.0000 0.1480 30 144 255
1.7500 -10.0000 1.1000 180 120 60
6.9375 -14.5000 1.0590 180 120 60
11.5625 -14.5000 0.9780 180 120 60
-13.9375 1.5000 1.2740 180 120 60
4.5000 6.5000 5.7500 220 50 50
13.1250 23.5000 0.5410 180 120 60
22.1875 -20.5000 0.9430 180 120 60
-13.2500 18.0000 0.2120 180 120 60
-18.2500 -12.5000 1.2940 180 120 60
19.1250 -16.5000 1.0460 180 120 60
-4.1875 18.5000 1.1660 180 120 60
11.0000 23.5000 1.1420 128 128 128
-3.5000 -1.0000 1.1860 180 120 60
3.8125 22.0000 1.0310 180 120 60
21.1250 -16.5000 4.3680 220 50 50
-0.1875 15.5000 2.0320 128 128 128
-3.1875 23.0000 0.1300 180 120 60
-13.8125 8.0000 1.9450 255 165 0
-17.5625 4.5000 0.3030 128 128 128
-10.0625 -1.0000 1.1280 180 120 60
5.5625 4.0000 4.5160 220 50 50
13.5625 -23.0000 3.1930 128 128 128
20.6875 -23.0000 0.9150 180 120 60
19.4375 -2.5000 4.0170 220 50 50
-16.9375 22.5000 0.7870 128 128 128
-6.3750 1.5000 1.2720 180 120 60
8.2500 -8.5000 1.1010 180 120 60
-2.3750 -5.5000 1.0780 180 120 60
23.3125 -18.0000 5.1260 220 50 50
-17.3125 -24.0000 1.0520 180 120 60
-21.2500 -10.5000 0.3170 128 128 128
-6.6250 -7.5000 1.0890 180 120 60
-0.3750 -3.0000 1.1510 180 120 60
8.8125 -16.5000 1.0310 180 120 60
-13.0625 2.5000 1.4170 180 120 60
16.6250 -8.0000 4.3120 220 50 50
7.8125 18.5000 1.2080 180 120 60
-18.9375 -3.5000 0.1340 30 144 255
-21.9375 -2.0000 0.1500 30 144 255
-19.5625 -15.5000 2.9380 128 128 128
-10.6250 8.0000 1.6020 180 120 60
-15.5000 13.0000 0.1160 180 120 60
-22.8125 -8.0000 0.1460 30 144 255
7.4375 18.5000 1.2150 180 120 60
-17.4375 18.0000 0.1220 180 120 60
-9.3750 24.5000 0.1340 180 120 60
2.9375 -9.5000 1.0740 180 120 60
-2.3125 8.0000 6.2570 220 50 50
-11.6875 7.0000 1.6870 180 120 60
-14.0000 11.5000 0.6460 180 120 60
15.8750 -3.0000 4.3510 220 50 50
-5.1875 -14.0000 5.4150 220 50 50
-22.3125 17.5000 1.9980 180 120 60
-14.1875 26.0000 0.1500 180 120 60
18.6250 -4.5000 4.2250 220 50 50
-7.1875 -16.0000 4.1920 220 50 50
10.5000 -10.5000 1.0750 180 120 60
-22.6250 -3.5000 0.1480 30 144 255
-20.8750 -13.0000 0.2960 128 128 128
18.8125 -3.0000 4.0740 220 50 50
-20.3750 -5.5000 0.1280 30 144 255
17.5000 17.5000 0.2210 128 128 128
21.1250 -5.5000 4.2100 220 50 50
-23.5625 10.0000 0.1520 30 144 255
5.0625 13.5000 1.1790 180 120 60
7.5625 18.0000 1.1980 180 120 60
-3.6250 -13.0000 5.6380 220 50 50
22.8125 -21.0000 0.9410 180 120 60
10.4375 -16.0000 1.0110 180 120 60
-16.1250 -14.0000 4.4510 220 50 50
-1.9375 -2.0000 1.1620 180 120 60
-6.9375 13.5000 1.3340 180 120 60
-12.0625 7.0000 1.7350 180 120 60
11.0625 9.5000 1.0630 180 120 60
-3.0000 5.0000 5.4980 220 50 50
15.0000 -14.5000 1.0650 180 120 60
-16.0000 1.0000 1.5510 128 128 128
11.6250 11.0000 1.0640 180 120 60
-8.8125 3.5000 1.3300 180 120 60
7.4375 12.0000 1.2050 180 120 60
-4.7500 -2.0000 1.1380 180 120 60
8.7500 25.0000 0.1430 180 120 60
5.4375 -0.5000 4.2300 220 50 50
-23.1875 -17.0000 0.1530 30 144 255
-9.9375 -7.0000 1.1480 180 120 60
10.2500 8.5000 1.1150 180 120 60
-3.3750 -0.5000 1.2110 180 120 60
-5.5000 -9.0000 1.3110 128 128 128
15.0000 6.5000 0.9900 180 120 60
-17.6250 25.5000 1.0210 180 120 60
22.7500 1.0000 1.0250 180 120 60
21.6250 -21.0000 0.9200 180 120 60
0.5000 24.5000 0.1290 180 120 60
-13.5625 5.5000 1.7360 180 120 60
-15.5000 -18.0000 1.2430 180 120 60
-7.8750 -11.5000 5.3520 220 50 50
2.6875 13.0000 4.6900 128 128 128
9.4375 12.5000 1.3190 128 128 128
13.0625 8.0000 0.9820 180 120 60
1.5000 -18.0000 6.8170 220 50 50
20.6875 17.0000 1.0020 180 120 60
22.5000 6.5000 1.0990 180 120 60
-5.0000 -21.0000 5.6120 220 50 50
-7.2500 23.5000 0.1590 180 120 60
-6.0625 15.0000 1.2820 180 120 60
13.0000 -2.0000 4.5220 220 50 50
-2.8125 7.5000 6.0360 220 50 50
4.8750 2.5000 4.5890 220 50 50
-12.2500 -18.5000 1.2160 180 120 60
-4.0625 23.5000 0.1120 180 120 60
25.4375 7.5000 0.9110 180 120 60
-15.5625 -7.5000 1.1470 180 120 60
-9.0000 9.0000 1.4160 180 120 60
-6.5000 -21.5000 5.4140 220 50 50
-21.0625 -18.5000 1.8550 128 128 128
15.3125 -18.0000 0.9420 180 120 60
8.4375 7.5000 1.2100 180 120 60
-11.8125 -18.5000 5.0570 220 50 50
-6.2500 -6.5000 1.1180 180 120 60
7.6250 7.5000 4.0050 220 50 50
-20.1250 19.5000 1.1110 180 120 60
-22.4375 -18.0000 1.0360 128 128 128
-15.8125 -2.5000 1.1070 180 120 60
10.4375 -10.0000 1.0750 180 120 60
16.6250 0.0000 3.9830 220 50 50
6.2500 14.5000 1.1670 180 120 60
-0.1250 -13.5000 6.2150 220 50 50
13.3125 -0.5000 4.2980 220 50 50
19.5000 -14.0000 3.8290 128 128 128
1.8750 12.0000 4.8710 128 128 128
-13.1875 -14.0000 5.5900 220 50 50
-4.5625 -18.5000 5.1320 220 50 50
10.6875 24.0000 0.3010 128 128 128
4.5625 9.0000 5.2310 220 50 50
5.2500 -17.0000 1.1220 220 50 50
20.8750 15.5000 0.1870 30 144 255
24.7500 8.5000 0.1400 30 144 255
-19.0000 -13.0000 0.9090 180 120 60
14.6250 -22.0000 1.0100 180 120 60
12.1250 22.5000 0.5520 180 120 60
-0.7500 -15.0000 6.6190 220 50 50
16.0000 7.0000 1.4360 128 128 128
-10.3125 -23.5000 4.9690 220 50 50
9.3125 0.5000 4.5300 220 50 50
-20.7500 -16.0000 1.1950 180 120 60
-14.1250 20.0000 0.1230 180 120 60
-21.1875 25.0000 4.9720 220 50 50
-20.0625 25.5000 5.2410 220 50 50
19.8125 1.5000 1.0360 180 120 60
-1.0625 -2.5000 1.1430 180 120 60
-6.9375 8.0000 5.4210 220 50 50
-12.8125 -22.5000 4.2120 220 50 50
-5.4375 -16.0000 4.1890 220 50 50
-20.2500 9.5000 0.1500 30 144 255
15.3750 -3.5000 4.4220 220 50 50
-15.0625 -4.0000 1.1180 180 120 60
0.5625 21.5000 1.5130 128 128 128
9.7500 -17.0000 1.0360 180 120 60
13.2500 13.0000 1.1530 180 120 60
-4.0625 15.0000 1.8110 128 128 128
6.9375 10.0000 3.6320 128 128 128
21.0000 -20.0000 0.9510 180 120 60
23.6875 2.0000 0.9450 180 120 60
-0.4375 24.5000 0.1460 180 120 60
1.3125 9.5000 5.5450 220 50 50
12.3125 -21.0000 1.0910 180 120 60
16.8125 0.5000 3.9640 220 50 50
19.3125 -7.5000 4.5100 220 50 50
24.0625 -17.0000 5.1700 220 50 50
13.7500 -1.0000 4.3640 220 50 50
-7.8750 -23.0000 5.0730 220 50 50
22.1875 0.0000 0.9820 180 120 60
12.5000 23.5000 1.0210 128 128 128
8.8125 -1.0000 4.5240 220 50 50
12.5000 -7.5000 4.0540 220 50 50
17.5000 14.5000 0.1430 30 144 255
-1.7500 2.0000 5.0580 220 50 50
-7.3750 15.5000 1.1430 180 120 60
0.6250 -4.5000 1.1160 180 120 60
11.7500 -22.5000 4.9790 220 50 50
21.9375 -5.5000 2.0740 128 128 128
-8.7500 -14.5000 3.9510 220 50 50
4.4375 16.0000 1.1930 180 120 60
-20.8125 16.5000 0.1500 180 120 60
-14.7500 12.0000 0.2760 128 128 128
17.3125 3.0000 2.2870 128 128 128
11.6875 18.5000 0.6500 128 128 128
12.2500 7.0000 1.0500 180 120 60
-15.1875 -4.5000 1.2320 180 120 60
-23.6250 8.5000 0.1290 30 144 255
-22.0000 -22.0000 1.2820 128 128 128
-24.0000 10.0000 0.1370 30 144 255
-11.1875 16.0000 0.1430 180 120 60
6.0000 11.5000 1.2070 180 120 60
6.0000 4.0000 4.5000 220 50 50
-13.8125 2.5000 1.4000 180 120 60
-16.1875 -17.5000 1.1670 180 120 60
-20.1250 -14.5000 0.1540 180 120 60
25.0625 -0.5000 1.0060 180 120 60
-11.6250 -13.5000 5.7990 220 50 50
-10.6250 14.0000 0.4820 180 120 60
-14.5625 -18.0000 1.2290 180 120 60
7.4375 -22.0000 5.4550 220 50 50
13.7500 24.5000 0.5350 180 120 60
1.4375 8.0000 5.9470 220 50 50
11.1250 -3.0000 4.4940 220 50 50
18.6250 -14.5000 4.4620 128 128 128
-13.3125 -14.5000 5.4750 220 50 50
10.8125 -12.5000 1.0360 180 120 60
-11.4375 -4.0000 1.0600 180 120 60
4.4375 21.5000 1.0330 180 120 60
12.1875 -10.5000 3.6330 128 128 128
-8.6250 -14.5000 3.9830 220 50 50
-23.0000 -2.5000 0.1650 30 144 255
23.8750 9.5000 0.1320 30 144 255
19.1250 -12.5000 3.4540 220 50 50
-14.6875 3.0000 1.5410 180 120 60
14.1250 -2.0000 4.3550 220 50 50
-9.3750 -7.5000 1.1860 180 120 60
-14.1250 7.0000 1.8720 255 165 0
-4.5000 -20.5000 5.6680 220 50 50
15.0625 13.0000 1.1080 180 120 60
8.0000 -0.5000 4.4880 220 50 50
3.5000 8.0000 5.5590 220 50 50
-17.2500 -13.5000 4.2060 220 50 50
-6.5625 4.0000 1.3240 180 120 60
-20.0000 -15.0000 2.9150 128 128 128
25.0000 -2.0000 1.0540 180 120 60
21.2500 17.0000 1.0050 180 120 60
-23.8125 18.0000 1.9600 180 120 60
6.5625 16.5000 1.2820 180 120 60
0.1250 11.5000 5.3380 220 50 50
-1.8750 -11.5000 4.2910 220 50 50
19.2500 12.0000 0.1840 180 120 60
-14.8750 7.5000 1.9780 255 165 0
-20.5625 10.5000 3.1050 128 128 128
21.7500 -8.0000 1.0900 180 120 60
-23.5625 -16.5000 0.1390 30 144 255
-22.5000 6.0000 0.1470 30 144 255
-23.6875 -3.0000 0.1590 30 144 255
20.5000 -16.0000 1.0180 180 120 60
0.2500 24.0000 0.1450 180 120 60
-5.8125 -1.0000 1.1240 180 120 60
8.6250 1.5000 4.5180 220 50 50
1.0625 23.5000 0.2460 180 120 60
6.8125 3.5000 4.4410 220 50 50
-17.1250 -21.0000 1.0950 180 120 60
-22.1875 5.5000 0.1460 30 144 255
5.6250 9.0000 5.0680 220 50 50
-22.1875 11.0000 0.1480 30 144 255
-7.6250 -14.5000 5.6220 220 50 50
-8.0625 -9.0000 4.9990 220 50 50
-13.3125 -7.5000 1.2350 180 120 60
0.1875 -20.0000 7.3100 220 50 50
-18.3125 -8.5000 2.0210 220 50 50
19.3125 -9.0000 1.0930 180 120 60
-19.4375 0.0000 0.1210 30 144 255
22.8750 -1.5000 1.0370 180 120 60
-18.1875 21.5000 0.8320 180 120 60
12.6875 2.5000 4.0850 220 50 50
-13.1875 -20.0000 1.1840 180 120 60
23.6250 6.0000 1.1090 180 120 60
-3.1875 -1.0000 1.1800 180 120 60
1.1875 -17.0000 6.6750 220 50 50
3.5000 10.5000 5.0540 220 50 50
23.1875 -22.0000 0.9350 180 120 60
-1.5000 7.5000 6.2000 220 50 50
-8.1875 -6.5000 1.0780 180 120 60
11.6250 -6.0000 4.1630 220 50 50
-16.0000 -8.0000 1.1590 180 120 60
-16.0000 -0.5000 1.6230 128 128 128
-21.2500 -6.0000 0.1260 30 144 255
6.4375 -1.5000 4.2330 220 50 50
0.5000 -6.0000 1.0800 180 120 60
-9.9375 17.0000 0.1650 180 120 60
17.8750 -18.5000 0.9430 180 120 60
-1.6250 -24.0000 5.5590 220 50 50
16.0625 15.0000 0.1040 30 144 255
6.7500 -8.5000 1.0420 180 120 60
-1.7500 -5.5000 1.0840 180 120 60
10.8750 -16.5000 0.9910 180 120 60
0.0000 -6.5000 1.1080 180 120 60
-12.1250 7.0000 1.7000 180 120 60
-1.4375 -15.5000 6.7760 220 50 50
-19.0625 6.5000 0.1530 30 144 255
4.6250 -3.0000 3.9100 220 50 50
-17.1875 -11.5000 3.9500 220 50 50
17.5000 3.0000 2.2080 128 128 128
5.5625 -13.5000 1.0800 180 120 60
-21.3750 10.0000 0.1400 30 144 255
-5.4375 12.0000 2.1730 220 50 50
3.8750 9.5000 5.1770 220 50 50
14.5000 -14.0000 2.5310 128 128 128
22.8125 -13.0000 4.2920 220 50 50
-9.0625 -1.0000 1.1610 180 120 60
-22.0000 22.0000 1.4970 180 120 60
7.3125 14.5000 5.4550 128 128 128
12.3125 20.5000 1.3220 128 128 128
11.7500 13.0000 1.1240 180 120 60
0.6250 -17.0000 6.7690 220 50 50
-21.5000 2.0000 0.1750 30 144 255
-19.1250 7.0000 0.1360 30 144 255
-9.8750 -15.5000 3.6320 220 50 50
-15.7500 -13.0000 4.4080 220 50 50
11.9375 23.0000 1.0300 128 128 128
23.6250 22.5000 0.1120 30 144 255
1.1250 9.5000 5.5820 220 50 50
-11.3125 20.5000 0.1420 180 120 60
-2.5000 10.5000 6.0440 220 50 50
0.8125 -22.5000 3.2940 220 50 50
0.3750 11.0000 5.4650 220 50 50
7.0625 9.0000 1.6490 128 128 128
10.7500 -9.5000 1.1000 180 120 60
11.8750 11.0000 1.0310 180 120 60
-16.6250 -12.0000 4.1170 220 50 50
0.0625 9.5000 5.8040 220 50 50
-4.1250 -23.5000 5.4080 220 50 50
-22.3750 -22.5000 0.1650 30 144 255
5.5000 8.0000 5.2680 220 50 50
-10.1250 4.5000 1.4460 180 120 60
10.6875 18.0000 0.4010 128 128 128
21.5000 14.5000 0.1250 30 144 255
-18.8125 -15.5000 1.3000 180 120 60
-8.2500 -22.0000 5.1130 220 50 50
-14.0000 12.0000 0.3900 180 120 60
-2.8750 -6.0000 1.1030 180 120 60
22.3750 7.0000 1.1250 180 120 60
14.8125 1.0000 4.0590 220 50 50
-2.3750 -14.5000 5.8730 220 50 50
4.3125 -13.0000 1.0750 180 120 60
-2.6875 -3.5000 1.1350 180 120 60
-14.4375 -10.5000 4.3610 220 50 50
-0.6875 -22.5000 5.7030 220 50 50
-3.2500 22.0000 0.1590 180 120 60
-18.1875 11.5000 2.1080 255 165 0
-13.5000 4.5000 1.6150 180 120 60
20.6250 -10.5000 1.1030 180 120 60
-13.7500 -18.0000 1.2020 180 120 60
16.5625 -1.0000 4.1170 220 50 50
-18.6875 -7.5000 0.2870 180 120 60
-19.2500 10.0000 2.2450 255 165 0
9.9375 -15.5000 1.0250 180 120 60
-15.1875 0.0000 1.3660 128 128 128
-8.7500 -6.0000 1.0640 180 120 60
1.0000 13.5000 5.1570 128 128 128
-15.6875 0.5000 1.9280 128 128 128
-21.5000 -1.0000 0.1510 30 144 255
25.0000 -8.0000 4.1170 220 50 50
7.0625 15.5000 1.2970 180 120 60
7.0000 -17.0000 1.0430 180 120 60
-3.5625 -6.5000 1.1030 180 120 60
20.8750 -17.0000 1.0210 180 120 60
11.8750 14.0000 1.1930 180 120 60
1.9375 17.5000 1.5950 128 128 128
-11.8750 -17.0000 5.2450 220 50 50
18.4375 -9.0000 1.0780 180 120 60
-1.3750 -12.0000 4.2980 220 50 50
14.3750 -14.0000 1.0610 180 120 60
8.5000 -7.5000 1.1380 180 120 60
5.3750 12.5000 1.1980 180 120 60
-15.3125 -8.5000 1.1490 180 120 60
-9.1250 -16.5000 5.3510 220 50 50
14.2500 6.5000 1.0080 180 120 60
19.5625 -18.5000 0.9720 180 120 60
-17.5625 -13.0000 4.0570 220 50 50
-17.9375 14.5000 0.1490 180 120 60
-0.1875 10.0000 5.7510 220 50 50
-8.6875 5.0000 1.3970 180 120 60
5.9375 -17.0000 1.0860 180 120 60
2.0625 14.0000 4.6690 128 128 128
10.1250 0.5000 4.4690 220 50 50
0.6250 3.0000 5.6720 220 50 50
-20.8125 1.5000 0.1420 30 144 255
-10.1250 0.0000 1.1580 180 120 60
21.5000 -22.0000 0.9040 180 120 60
-11.7500 -15.0000 5.5760 220 50 50
17.9375 -17.0000 0.9930 180 120 60
-12.9375 -12.0000 5.8990 220 50 50
-7.9375 -11.0000 5.2680 220 50 50
4.8750 -19.5000 3.8120 220 50 50
24.3750 5.0000 1.1090 180 120 60
-9.3750 -15.5000 3.7580 220 50 50
11.6875 -22.0000 4.9460 220 50 50
-18.0000 24.0000 0.9800 180 120 60
0.8125 19.0000 1.4850 180 120 60
-6.0000 3.0000 1.2880 180 120 60
23.1875 -23.0000 0.8920 180 120 60
-12.5000 -18.0000 1.2340 180 120 60
20.9375 -14.0000 4.0610 220 50 50
10.1875 -7.5000 1.2680 220 50 50
-12.5000 25.0000 0.1350 180 120 60
21.4375 12.5000 0.1330 30 144 255
-4.0000 -16.0000 5.3150 220 50 50
-23.0000 -3.0000 0.1190 30 144 255
21.5000 -6.0000 2.2740 128 128 128
-4.9375 -15.0000 5.2060 220 50 50
5.6875 5.0000 4.3680 220 50 50
19.6875 13.5000 0.9910 180 120 60
-0.0625 23.0000 0.2890 180 120 60
-8.0000 7.5000 5.2890 220 50 50
-10.3750 -23.5000 4.2660 220 50 50
12.1250 -14.5000 0.9790 180 120 60
20.7500 -0.5000 1.0570 180 120 60
-5.5625 -11.5000 4.8810 220 50 50
-22.4375 2.5000 0.1500 30 144 255
21.6250 -16.5000 4.5830 220 50 50
11.3125 20.5000 0.6110 180 120 60
-21.1875 7.5000 0.1630 30 144 255
19.5000 13.0000 0.1420 30 144 255
-7.6250 9.5000 2.2480 128 128 128
-22.5625 -23.0000 1.0520 128 128 128
-20.1250 -8.5000 0.6710 128 128 128
15.6875 9.5000 1.0160 180 120 60
-15.1875 -9.0000 4.1360 220 50 50
-19.8750 -14.0000 0.2550 180 120 60
0.3125 9.0000 5.9110 220 50 50
-14.8125 7.5000 1.9830 255 165 0
-18.0000 -9.5000 1.9050 220 50 50
-0.4375 2.0000 5.2370 220 50 50
10.7500 9.0000 1.0710 180 120 60
-23.8125 16.5000 1.9870 180 120 60
12.5625 -23.5000 3.2980 220 50 50
-0.6250 -21.0000 5.7830 220 50 50
21.7500 9.5000 0.4160 180 120 60
-19.1875 5.5000 0.1440 30 144 255
-6.5625 23.5000 0.1200 180 120 60
13.6875 -13.0000 2.8920 128 128 128
21.7500 22.5000 0.1550 30 144 255
-14.5625 -19.5000 1.1710 180 120 60
-15.1875 -16.0000 1.2120 180 120 60
-17.9375 3.5000 0.2580 128 128 128
-13.7500 -1.5000 1.0170 180 120 60
-23.3125 16.5000 1.9710 255 165 0
-2.2500 -7.5000 1.0890 180 120 60
14.1250 20.5000 0.5600 128 128 128
-19.4375 22.5000 4.1070 220 50 50
-11.5000 25.5000 0.1180 180 120 60
9.3125 -4.5000 4.1630 220 50 50
-18.0000 -10.5000 3.7880 220 50 50
17.0625 -6.5000 4.5720 220 50 50
-21.3750 20.5000 1.2380 180 120 60
8.2500 -20.0000 5.0000 220 50 50
1.7500 22.5000 0.7970 180 120 60
10.7500 4.0000 4.0490 220 50 50
15.9375 -13.5000 2.1740 128 128 128
5.6875 19.5000 1.2530 180 120 60
-1.2500 12.5000 5.3900 220 50 50
9.5625 5.5000 4.0440 220 50 50
20.8750 4.5000 1.0470 180 120 60
-5.6875 -16.0000 4.1990 220 50 50
-21.7500 2.5000 0.1200 30 144 255
-7.8125 20.0000 0.1700 180 120 60
7.6875 -20.5000 3.6310 220 50 50
-21.1875 25.5000 5.0120 220 50 50
23.2500 -10.5000 1.8220 220 50 50
-1.2500 15.5000 4.5200 128 128 128
-7.6250 13.5000 1.2300 180 120 60
6.9375 -1.0000 4.3270 220 50 50
20.8125 -7.0000 2.2880 128 128 128
-13.7500 -4.5000 1.2580 128 128 128
-1.7500 -9.5000 1.0750 180 120 60
19.4375 7.0000 1.4520 128 128 128
-16.1250 -6.5000 1.1840 180 120 60
0.1250 -18.5000 7.0750 220 50 50
4.0625 8.5000 5.3590 220 50 50
-11.6875 -15.0000 5.6230 220 50 50
-6.6250 0.5000 1.2080 180 120 60
-14.9375 -0.5000 1.0750 180 120 60
-12.0000 -21.5000 4.5390 220 50 50
0.1875 -13.0000 6.1370 220 50 50
8.3750 -8.0000 1.1070 180 120 60
8.0625 1.5000 4.5100 220 50 50
1.0625 16.5000 2.3680 128 128 128
-8.6875 -1.5000 1.1420 180 120 60
-2.1875 18.0000 2.0680 128 128 128
-18.8750 8.0000 0.1400 30 144 255
-14.8750 -10.0000 4.2570 220 50 50
20.5000 11.5000 0.1250 30 144 255
6.2500 7.5000 5.2710 220 50 50
-14.5625 -19.5000 2.5280 128 128 128
19.2500 11.5000 0.2800 180 120 60
-15.5625 7.5000 2.0060 255 165 0
10.6250 15.5000 5.4720 128 128 128
-19.0000 -18.5000 1.5130 128 128 128
-17.6250 -6.5000 0.9900 180 120 60
25.6250 5.0000 1.1400 180 120 60
-19.6875 23.5000 4.8530 220 50 50
-17.0625 2.5000 0.5040 180 120 60
-2.6875 21.0000 0.5440 180 120 60
1.3750 3.0000 5.7480 220 50 50
-15.7500 18.5000 0.1580 180 120 60
18.3125 10.5000 1.0720 180 120 60
-23.5000 -4.0000 0.1460 30 144 255
21.5625 -14.0000 4.1370 220 50 50
-17.5000 3.5000 0.2260 180 120 60
-18.5000 23.0000 0.9390 180 120 60
-1.1250 -21.5000 5.6960 220 50 50
2.9375 8.0000 5.6150 220 50 50
4.5625 -22.5000 3.5930 220 50 50
-3.4375 -10.5000 4.3280 220 50 50
-18.5625 -14.5000 1.1800 180 120 60
-18.0000 -1.0000 0.1720 180 120 60
-24.0625 12.0000 0.1850 128 128 128
-17.7500 -7.5000 1.7040 220 50 50
7.3125 13.0000 1.1710 180 120 60
-1.0000 -12.0000 4.3080 220 50 50
-14.5000 8.0000 2.0280 255 165 0
-3.0625 11.0000 5.9880 220 50 50
-7.9375 -20.5000 5.3790 220 50 50
-22.6250 -18.5000 0.1780 30 144 255
3.5625 18.5000 1.7440 128 128 128
23.5000 8.0000 0.4330 180 120 60
18.8750 7.0000 1.3770 128 128 128
-6.9375 -2.0000 1.1560 180 120 60
-17.3125 20.0000 0.1640 180 120 60
-10.0625 20.0000 0.1660 180 120 60
-10.3750 -18.0000 5.1120 220 50 50
-19.1875 -16.5000 1.0930 180 120 60
17.6250 -8.5000 4.3930 220 50 50
-18.3125 21.5000 0.8280 180 120 60
-15.0625 9.0000 2.0430 255 165 0
-21.9375 22.0000 1.4860 180 120 60
2.9375 11.5000 5.4370 128 128 128
-17.0000 24.5000 0.9190 180 120 60
17.0625 7.0000 1.3930 128 128 128
23.8750 -7.5000 1.1210 180 120 60
16.1875 -23.0000 0.9680 180 120 60
-4.6875 15.0000 1.8130 128 128 128
24.3125 8.5000 0.1340 30 144 255
0.3750 19.0000 1.4510 180 120 60
13.5625 8.5000 0.9300 180 120 60
21.9375 -12.5000 4.0100 220 50 50
23.6250 -20.5000 0.9630 180 120 60
19.3125 2.0000 1.0380 180 120 60
-18.1875 3.5000 0.1330 30 144 255
13.5000 8.0000 0.9960 180 120 60
-4.0625 18.5000 1.1700 180 120 60
3.3125 23.0000 0.5230 180 120 60
11.9375 6.0000 1.1060 180 120 60
5.6875 2.0000 4.5830 220 50 50
25.6250 -10.0000 4.2210 220 50 50
13.9375 -15.5000 0.9930 180 120 60
-1.5625 25.5000 0.1370 180 120 60
-19.8750 3.0000 0.1340 30 144 255
-4.5625 7.5000 5.7300 220 50 50
17.1875 2.0000 1.4090 128 128 128
-11.6250 -8.0000 5.2620 220 50 50
11.0000 -6.0000 4.0960 220 50 50
14.3125 1.5000 4.0530 220 50 50
-15.8125 10.0000 2.0440 255 165 0
5.1250 -15.0000 1.2470 128 128 128
4.2500 18.0000 1.2570 180 120 60
8.8750 22.5000 0.1520 180 120 60
14.7500 13.0000 1.1330 180 120 60
-2.0000 -13.5000 4.3070 220 50 50
-11.3750 0.5000 1.1930 180 120 60
-21.6250 -6.5000 0.1420 30 144 255
10.3125 4.5000 4.0480 220 50 50
22.3750 -23.0000 0.9150 180 120 60
-22.8750 21.5000 1.5630 180 120 60
-9.7500 -6.0000 1.0940 180 120 60
25.5625 -17.0000 5.4550 220 50 50
9.5625 -4.0000 4.2180 220 50 50
8.1250 23.5000 0.1920 180 120 60
2.4375 17.5000 1.3450 180 120 60
2.1875 -17.0000 6.5620 220 50 50
-7.0625 8.0000 5.4980 220 50 50
-15.6875 2.0000 1.3830 180 120 60
24.6875 -19.5000 1.0200 180 120 60
-21.8750 -6.0000 0.1860 30 144 255
-20.6875 7.5000 0.1680 30 144 255
-4.8125 -12.0000 4.3900 220 50 50
-16.2500 -23.5000 1.1030 180 120 60
1.7500 1.5000 5.5810 220 50 50
23.6875 -1.0000 1.0100 180 120 60
13.6875 -4.0000 4.5640 220 50 50
20.0625 -22.0000 0.9200 180 120 60
-18.3125 3.0000 0.1420 30 144 255
-6.3125 -14.0000 4.3050 220 50 50
-23.3750 12.5000 0.2140 128 128 128
-18.8750 5.0000 0.1270 30 144 255
15.5625 -8.5000 4.1660 220 50 50
9.2500 16.5000 1.2170 180 120 60
19.6250 2.0000 1.0350 180 120 60
-11.7500 13.0000 0.3050 180 120 60
6.6250 3.5000 4.4710 220 50 50
23.6875 3.5000 1.0290 180 120 60
8.6250 -12.5000 1.0120 180 120 60
0.6250 23.5000 0.2170 180 120 60
-15.5625 -19.0000 1.1570 180 120 60
-23.5625 22.5000 1.5880 180 120 60
-12.3750 13.5000 0.1590 180 120 60
-1.3125 -12.0000 4.2870 220 50 50
21.6250 -14.0000 4.2300 220 50 50
5.9375 13.0000 1.1900 180 120 60
2.4375 -11.5000 1.0870 180 120 60
-20.7500 22.5000 1.3380 180 120 60
-16.2500 -11.0000 4.1380 220 50 50
-3.3125 -21.5000 5.6000 220 50 50
-16.6250 -17.5000 1.2570 180 120 60
-17.6250 -14.5000 2.4330 220 50 50
-22.3125 20.5000 2.4890 34 139 34
16.8750 -18.0000 0.9500 180 120 60
7.3750 -1.5000 4.2870 220 50 50
24.1250 6.0000 1.0430 180 120 60
8.6250 -3.0000 4.2770 220 50 50
24.6875 -2.0000 1.0630 180 120 60
8.4375 -19.5000 1.0850 180 120 60
-18.8750 -1.0000 0.1470 30 144 255
-22.0000 25.0000 4.8300 220 50 50
-7.6250 -9.0000 1.1890 180 120 60
-13.0625 -6.5000 1.1340 180 120 60
24.7500 4.5000 1.1150 180 120 60
-23.3750 14.5000 2.0060 255 165 0
2.9375 19.5000 2.2450 128 128 128
6.1875 -15.0000 1.0740 180 120 60
-4.2500 -13.5000 5.4100 220 50 50
3.7500 24.0000 0.1520 180 120 60
9.3125 20.5000 1.1340 128 128 128
1.5625 -17.0000 6.5910 220 50 50
-1.5625 -4.5000 1.0980 180 120 60
-5.1250 8.0000 5.6950 220 50 50
15.5625 -15.0000 1.0070 180 120 60
-4.5000 -15.5000 4.5730 220 50 50
-18.7500 -10.0000 0.6660 180 120 60
9.1875 22.5000 0.1220 180 120 60
19.1875 -8.0000 4.5710 220 50 50
-18.8125 -10.5000 0.6570 180 120 60
-10.5000 2.5000 1.3030 180 120 60
-14.1250 12.0000 0.1330 180 120 60
-4.9375 0.5000 1.2010 180 120 60
-17.1250 6.0000 1.0030 128 128 128
6.2500 12.0000 1.1940 180 120 60
-5.3750 -8.5000 1.1880 128 128 128
3.6875 -15.0000 6.1010 220 50 50
-20.3125 -14.0000 0.1520 180 120 60
-12.6875 11.5000 0.8260 180 120 60
-6.1250 10.5000 1.7360 220 50 50
7.1250 0.0000 4.4530 220 50 50
12.8750 2.0000 4.0800 220 50 50
17.0625 3.0000 2.2200 128 128 128
5.1875 9.0000 5.0990 220 50 50
1.6875 -22.5000 3.4380 220 50 50
-8.2500 -22.0000 5.1090 220 50 50
6.2500 -16.5000 1.0940 180 120 60
-19.6875 -19.0000 1.0670 180 120 60
21.6875 19.5000 0.9740 180 120 60
18.6875 18.5000 0.1370 128 128 128
20.6875 -15.0000 4.1520 220 50 50
-7.0000 -4.0000 1.0860 180 120 60
13.6875 26.0000 1.0080 128 128 128
15.8750 -15.0000 1.0150 180 120 60
11.1875 11.5000 1.0700 180 120 60
-22.8125 24.5000 4.5950 220 50 50
4.6875 11.5000 5.2580 128 128 128
13.6250 -21.5000 2.2090 128 128 128
20.8125 -19.0000 0.9760 180 120 60
15.7500 -23.0000 0.9940 180 120 60
-19.6250 0.0000 0.1490 30 144 255
-19.5000 22.0000 0.9230 180 120 60
-15.1875 -9.0000 4.1160 220 50 50
-10.3750 -16.5000 3.4690 220 50 50
19.5625 3.0000 1.0440 180 120 60
25.4375 -13.0000 4.5760 220 50 50
-10.6875 3.5000 1.4060 180 120 60
-12.8750 4.0000 1.5530 180 120 60
14.8125 19.5000 5.6220 128 128 128
1.2500 -17.0000 6.6740 220 50 50
-2.9375 2.5000 5.0560 220 50 50
23.6250 -11.0000 4.5330 220 50 50
-4.9375 11.5000 1.2840 180 120 60
-11.5000 -15.5000 5.5710 220 50 50
16.1250 1.5000 1.2290 128 128 128
4.4375 23.5000 0.1310 180 120 60
-20.9375 -4.0000 0.1430 30 144 255
-13.0625 -22.0000 4.1680 220 50 50
25.6250 -21.5000 0.9650 180 120 60
-19.6250 16.0000 3.0920 128 128 128
6.2500 8.5000 5.0800 220 50 50
20.1250 -12.5000 3.6570 220 50 50
1.1875 -22.5000 3.3680 220 50 50
-17.0625 16.5000 0.1150 180 120 60
-18.3125 25.0000 5.3610 220 50 50
14.5000 2.5000 2.3130 128 128 128
-2.4375 12.0000 5.6530 220 50 50
19.5625 15.0000 1.0650 180 120 60
9.1875 8.5000 1.1530 180 120 60
4.6875 -10.0000 1.0090 180 120 60
20.3750 -2.5000 1.1280 180 120 60
-9.6250 18.0000 0.1570 180 120 60
-15.3125 4.0000 1.6240 180 120 60
-2.2500 11.5000 5.7650 220 50 50
-19.6875 -7.0000 0.1520 30 144 255
1.6875 24.5000 0.0340 180 120 60
-5.4375 -23.0000 5.3520 220 50 50
5.8750 24.5000 0.1450 180 120 60
-13.1875 -24.0000 1.0660 180 120 60
-15.3125 6.5000 1.9740 255 165 0
18.2500 -9.5000 4.2220 220 50 50
-6.1250 0.0000 1.1690 180 120 60
8.9375 16.5000 1.2260 180 120 60
23.5000 -5.0000 1.1340 180 120 60
2.9375 -17.5000 6.5230 220 50 50
-14.6250 1.0000 1.2560 180 120 60
-14.3125 -19.5000 5.0220 128 128 128
12.0000 19.0000 0.6330 128 128 128
-9.5000 -24.0000 4.7860 220 50 50
10.7500 -6.0000 4.1010 220 50 50
-9.6250 -23.0000 4.6780 220 50 50
0.1875 -1.5000 1.1820 180 120 60
-24.2500 8.5000 0.1510 30 144 255
12.8750 18.0000 5.3990 128 128 128
1.0625 -22.5000 3.2920 220 50 50
-23.2500 -19.0000 0.1360 30 144 255
-20.2500 8.5000 0.1440 30 144 255
-19.1875 11.0000 2.0570 255 165 0
14.5625 22.5000 0.5450 128 128 128
-17.3750 -8.0000 3.7100 220 50 50
-17.5625 -12.0000 3.9850 220 50 50
-20.3125 -1.0000 0.1250 30 144 255
3.3125 10.5000 5.0520 220 50 50
7.7500 6.0000 4.1470 220 50 50
3.3125 13.0000 2.1630 128 128 128
7.1875 20.5000 0.4810 180 120 60
7.0625 -6.0000 1.2340 128 128 128
-9.0625 -21.5000 4.2790 220 50 50
18.3125 -16.5000 0.9900 180 120 60
19.6250 -22.0000 0.9050 180 120 60
-5.6875 -22.0000 5.4110 220 50 50
-2.0000 -4.5000 1.0620 180 120 60
-17.1875 9.0000 2.0590 255 165 0
-19.5625 -18.0000 1.0830 180 120 60
2.1250 16.5000 1.1580 180 120 60
-4.4375 -13.0000 5.6360 220 50 50
13.7500 -20.0000 0.9680 180 120 60
-3.1250 16.0000 2.2790 128 128 128
-6.1250 -21.5000 5.4660 220 50 50
23.6875 -21.0000 0.9470 180 120 60
17.3750 25.0000 0.4590 128 128 128
-12.0625 20.0000 0.1460 180 120 60
-3.1875 4.5000 5.3170 220 50 50
16.6250 21.0000 0.1510 128 128 128
-15.1250 23.5000 5.1650 128 128 128
20.2500 9.0000 1.0990 180 120 60
3.6250 15.5000 4.6640 128 128 128
-0.8750 11.5000 5.5160 220 50 50
7.8750 -20.0000 3.7480 220 50 50
20.1250 -8.0000 1.0730 180 120 60
14.8125 19.5000 5.7330 128 128 128
-2.3750 -15.5000 6.8410 220 50 50
-23.6250 -20.5000 0.1410 30 144 255
0.9375 23.5000 0.0940 180 120 60
23.8750 -12.0000 4.4290 220 50 50
-3.1875 17.0000 1.9550 128 128 128
-16.4375 -15.5000 2.1500 128 128 128
-13.0625 1.0000 1.2510 180 120 60
-20.8750 3.0000 0.1560 30 144 255
-9.6875 18.5000 0.1090 180 120 60
13.3125 -20.0000 0.9950 180 120 60
19.3125 6.0000 1.1400 180 120 60
-6.9375 6.5000 5.1620 220 50 50
-13.6250 -7.5000 1.3030 128 128 128
-9.6250 18.5000 0.1440 180 120 60
5.1875 -19.0000 3.8310 220 50 50
-14.3125 18.5000 0.1370 180 120 60
5.3125 -7.0000 1.1220 180 120 60
-23.5000 14.0000 2.2670 255 165 0
-11.6250 -16.0000 5.4420 220 50 50
21.9375 -4.5000 4.0290 220 50 50
-9.7500 2.0000 1.2520 180 120 60
9.2500 -11.5000 1.0380 180 120 60
18.8125 14.0000 1.0370 180 120 60
-18.7500 19.5000 0.1750 180 120 60
23.8750 -18.5000 1.0370 180 120 60
15.6875 -8.5000 4.1720 220 50 50
-13.4375 -19.0000 2.3270 128 128 128
15.4375 6.0000 1.5810 128 128 128
-3.5000 -15.0000 4.3380 220 50 50
20.1250 14.0000 0.1500 30 144 255
20.5625 -11.0000 1.1260 180 120 60
2.1875 25.0000 0.1790 180 120 60
17.5000 -10.0000 4.1970 220 50 50
-18.3750 10.0000 2.0710 255 165 0
10.4375 5.0000 4.0350 220 50 50
-15.7500 11.5000 3.0530 128 128 128
3.8750 -7.0000 1.0890 180 120 60
-5.9375 5.0000 5.0550 220 50 50
16.8750 21.0000 1.4310 128 128 128
-9.0625 -10.5000 5.3430 220 50 50
22.5625 8.0000 0.7180 180 120 60
-0.0625 15.0000 2.7100 128 128 128
5.1875 -4.5000 2.3820 128 128 128
-1.8750 18.5000 1.1890 180 120 60
24.1875 -7.5000 1.2910 128 128 128
3.6875 24.5000 0.1310 180 120 60
3.8750 -8.0000 1.0650 180 120 60
-20.5625 -15.5000 1.4490 128 128 128
4.0625 16.0000 2.0590 128 128 128
1.4375 -14.5000 6.2210 220 50 50
21.1875 -4.0000 4.0610 220 50 50
8.5625 15.0000 1.2120 180 120 60
18.8750 17.5000 0.2970 128 128 128
-11.5625 1.0000 1.2110 180 120 60
-8.6250 -20.0000 5.4110 220 50 50
9.1250 -18.0000 1.0310 180 120 60
-7.5625 6.5000 1.4460 180 120 60
10.5000 23.0000 1.0880 128 128 128
-18.6250 13.5000 2.0800 255 165 0
14.3750 11.0000 1.0600 180 120 60
3.5625 1.0000 4.3050 220 50 50
20.3750 -17.5000 1.0330 180 120 60
1.3125 13.0000 4.7640 128 128 128
8.5625 11.0000 1.2540 180 120 60
-7.6250 -12.0000 3.7930 220 50 50
-0.9375 -23.5000 5.6490 220 50 50
-16.0000 2.5000 1.2490 180 120 60
4.5625 7.5000 5.4970 220 50 50
15.6250 -0.5000 4.0840 220 50 50
-15.1250 -16.5000 1.2100 180 120 60
-20.0000 -17.0000 1.0640 180 120 60
14.5625 -5.5000 4.4120 220 50 50
-22.9375 2.5000 0.1490 30 144 255
-4.6875 9.5000 6.1330 220 50 50
-12.2500 -21.5000 4.1890 220 50 50
-16.7500 -8.0000 3.7770 220 50 50
-21.9375 -9.0000 0.1670 30 144 255
5.8750 20.0000 1.0930 180 120 60
-21.4375 16.5000 2.0880 255 165 0
-21.4375 -20.5000 1.0360 180 120 60
11.5000 -6.5000 4.1020 220 50 50
-17.4375 20.5000 0.1680 180 120 60
-17.8125 -3.5000 0.3270 180 120 60
23.4375 -8.5000 1.2910 128 128 128
2.9375 9.0000 5.4390 220 50 50
-13.8125 17.5000 0.1400 180 120 60
-20.2500 1.0000 0.0930 30 144 255
6.3125 -4.0000 3.9330 220 50 50
16.0625 3.0000 1.1450 180 120 60
-0.3125 22.0000 0.9180 180 120 60
-10.9375 16.5000 0.1120 180 120 60
21.2500 -22.5000 0.9150 180 120 60
0.1875 24.0000 0.1300 180 120 60
4.8125 1.0000 4.3720 220 50 50
15.7500 -2.5000 4.2860 220 50 50
-20.3750 -22.0000 5.0700 128 128 128
13.7500 4.0000 2.2590 128 128 128
-16.0625 9.5000 2.0320 255 165 0
-13.3750 -1.0000 1.0800 180 120 60
-18.8125 -22.0000 1.0520 180 120 60
1.1250 -5.5000 1.1090 180 120 60
-23.3750 -19.5000 0.1420 30 144 255
-19.7500 21.0000 1.1010 180 120 60
13.1875 -10.5000 3.7200 220 50 50
-20.0000 21.0000 1.1270 180 120 60
-1.7500 8.0000 6.2900 220 50 50
-22.3750 -21.0000 0.8910 128 128 128
2.5625 17.5000 4.7060 128 128 128
-21.4375 -10.0000 0.4440 128 128 128
-14.9375 5.0000 1.8900 255 165 0
-0.0625 24.0000 0.1360 180 120 60
9.6250 -20.0000 4.8610 220 50 50
-20.4375 -22.0000 2.2300 128 128 128
-12.8125 -18.5000 1.2250 180 120 60
-21.4375 0.0000 0.1310 30 144 255
21.6875 -13.0000 4.0800 220 50 50
17.1250 -17.5000 0.9730 180 120 60
-9.6875 15.5000 0.6060 180 120 60
0.8750 -14.0000 6.2090 220 50 50
20.3750 22.5000 0.1450 30 144 255
-3.7500 -4.5000 1.1050 180 120 60
23.2500 11.0000 0.1390 30 144 255
19.0625 -2.5000 4.0270 220 50 50
-9.9375 -9.0000 5.1710 220 50 50
18.2500 7.5000 1.4530 128 128 128
-10.5625 -11.5000 5.6770 220 50 50
7.9375 13.0000 1.1880 180 120 60
12.1875 17.5000 0.1590 180 120 60
-8.6875 9.0000 2.2620 128 128 128
13.0000 -23.5000 3.2740 220 50 50
23.0625 -23.0000 0.9040 180 120 60
1.6250 -4.5000 1.1140 180 120 60
-14.3750 15.0000 0.1530 180 120 60
13.6875 -2.0000 4.4330 220 50 50
-5.2500 -7.0000 1.6070 128 128 128
-7.0625 -19.5000 4.2180 220 50 50
-4.0000 17.0000 1.2760 180 120 60
13.5625 -16.0000 0.9930 180 120 60
4.5000 14.5000 4.6710 128 128 128
-14.6250 22.5000 0.1160 180 120 60
20.8750 -2.5000 3.9790 220 50 50
21.6250 3.5000 0.9730 180 120 60
10.1250 18.5000 0.6530 180 120 60
-0.8125 16.0000 2.0920 128 128 128
24.5000 -7.5000 1.5490 128 128 128
-17.1875 -15.0000 4.3280 220 50 50
-23.1250 -23.5000 0.8750 128 128 128
-6.6250 -10.5000 5.0010 220 50 50
-19.4375 -15.5000 2.9130 128 128 128
14.0000 -7.5000 4.1480 220 50 50
14.9375 -11.5000 3.7780 220 50 50
-2.5625 1.0000 1.2480 180 120 60
10.0625 -1.0000 4.6420 220 50 50
8.2500 16.5000 1.2200 180 120 60
-2.0000 19.5000 1.1530 180 120 60
-6.8125 -22.0000 5.3780 220 50 50
7.8125 18.0000 1.2040 180 120 60
-22.0625 13.0000 2.0690 255 165 0
4.8750 -16.5000 2.8090 128 128 128
15.6875 7.0000 0.9550 180 120 60
25.6250 10.0000 0.1740 30 144 255
-12.3125 -20.5000 4.2000 220 50 50
-19.9375 -18.0000 1.0630 180 120 60
23.3125 11.5000 0.1210 30 144 255
-22.5000 14.5000 2.0050 255 165 0
-23.6875 26.0000 4.7570 220 50 50
-13.8125 -15.0000 5.3320 220 50 50
-18.1250 -17.5000 1.1500 180 120 60
-14.0625 -8.5000 1.1240 180 120 60
-16.8750 -21.5000 1.0890 180 120 60
-15.0000 8.5000 2.0470 255 165 0
17.8125 -21.5000 0.9150 180 120 60
-19.8750 -1.0000 0.1660 30 144 255
-10.5625 -10.0000 5.4150 220 50 50
22.3750 -1.0000 1.0240 180 120 60
6.1875 14.0000 1.1780 180 120 60
21.1250 -8.5000 1.0910 180 120 60
-15.8125 -20.0000 1.1170 180 120 60
23.9375 -9.0000 1.8460 128 128 128
18.7500 11.5000 0.5990 180 120 60
3.1875 12.5000 4.6490 128 128 128
-4.6875 -7.0000 1.0450 180 120 60
4.8125 4.5000 4.4740 220 50 50
7.1875 -7.0000 1.6750 128 128 128
15.2500 -15.5000 1.0000 180 120 60
-9.1875 9.5000 1.3890 180 120 60
-12.4375 4.0000 1.5220 180 120 60
15.1875 -19.5000 0.9740 180 120 60
3.3125 -0.5000 4.1320 220 50 50
-23.1875 -22.5000 0.1710 30 144 255
15.0625 22.0000 0.5250 128 128 128
1.3125 -18.0000 6.7910 220 50 50
-10.0625 7.5000 1.5190 180 120 60
21.3750 -22.5000 0.8970 180 120 60
10.4375 -21.0000 4.9370 220 50 50
13.8125 22.0000 0.5730 128 128 128
-8.2500 -10.5000 5.2570 220 50 50
18.8750 22.0000 0.1590 30 144 255
21.3125 -13.5000 4.0500 220 50 50
14.3750 -5.5000 4.4410 220 50 50
-20.0000 8.0000 0.1480 30 144 255
-10.5625 -13.0000 5.8960 220 50 50
20.6250 12.0000 0.1330 30 144 255
-14.5000 -0.5000 1.1120 180 120 60
-3.7500 8.0000 5.9670 220 50 50
-0.5000 17.0000 4.5020 128 128 128
-20.5000 10.5000 3.0830 128 128 128
4.5000 1.5000 4.4460 220 50 50
-11.3750 -9.5000 5.4260 220 50 50
-20.3750 -1.0000 0.1220 30 144 255
-22.0000 1.5000 0.1460 30 144 255
1.4375 16.5000 4.5920 128 128 128
17.4375 -19.5000 0.9330 180 120 60
-9.3125 0.0000 1.1940 180 120 60
9.4375 -20.0000 1.9750 128 128 128
-15.8750 -7.5000 2.5810 128 128 128
21.8125 3.0000 0.9510 180 120 60
-4.8750 -18.0000 4.8250 220 50 50
19.9375 -23.0000 0.9450 180 120 60
5.0625 17.0000 1.8020 128 128 128
9.2500 16.0000 1.2310 180 120 60
-7.9375 18.0000 0.3380 180 120 60
1.5000 -2.0000 1.1780 180 120 60
5.0625 23.0000 0.1480 180 120 60
-1.8750 -1.5000 1.1590 180 120 60
-14.3750 -10.0000 4.3210 220 50 50
4.6250 -16.5000 1.2830 128 128 128
5.4375 -9.0000 1.0710 180 120 60
-10.3750 -9.5000 5.3060 220 50 50
13.6875 8.5000 0.8300 180 120 60
21.3125 11.0000 0.1300 30 144 255
13.0000 25.5000 1.3530 128 128 128
15.4375 24.5000 0.2470 128 128 128
11.0000 -12.0000 1.0520 180 120 60
-8.0000 24.0000 0.1550 180 120 60
11.3125 -13.5000 1.0030 180 120 60
-11.3750 -5.5000 1.1040 180 120 60
20.6875 22.0000 0.1700 30 144 255
6.8750 15.0000 1.2170 180 120 60
-22.6875 19.0000 1.8280 180 120 60
14.1250 16.0000 0.1640 180 120 60
-23.9375 25.5000 4.6580 220 50 50
19.1875 -5.5000 4.3030 220 50 50
21.5000 21.5000 0.1350 30 144 255
-17.7500 -10.5000 3.7700 220 50 50
-11.0625 0.5000 1.1710 180 120 60
12.0625 4.0000 1.9110 128 128 128
-3.5000 -8.0000 1.0840 180 120 60
15.2500 -14.5000 1.7020 128 128 128
-6.2500 4.0000 1.3340 180 120 60
3.3125 3.5000 4.5360 220 50 50
-2.1875 -15.5000 6.8630 220 50 50
-22.4375 21.5000 1.5920 180 120 60
-2.8125 24.0000 0.1520 180 120 60
-11.5000 -19.5000 4.1700 220 50 50
-9.9375 -4.0000 1.0520 180 120 60
24.1250 4.5000 1.1040 180 120 60
-23.0000 13.5000 2.2380 255 165 0
17.2500 -5.5000 4.4020 220 50 50
11.2500 10.0000 1.0490 180 120 60
-13.9375 -21.0000 1.5160 128 128 128
8.9375 -16.5000 1.0240 180 120 60
17.9375 5.5000 1.3670 128 128 128
2.6875 -14.0000 1.1220 180 120 60
11.6250 15.5000 1.1750 180 120 60
-6.7500 19.5000 0.1350 180 120 60
9.8750 -6.5000 3.9710 220 50 50
-15.2500 -3.0000 1.1070 180 120 60
9.1875 13.5000 5.6090 128 128 128
10.1250 15.5000 1.2260 180 120 60
7.2500 23.0000 0.1440 180 120 60
7.2500 5.5000 4.2520 220 50 50
-16.5000 11.0000 2.0540 255 165 0
12.7500 11.0000 1.0310 180 120 60
11.6250 -16.0000 1.0030 180 120 60
20.5000 -0.5000 1.0910 180 120 60
-10.1875 -15.5000 3.6260 220 50 50
23.0625 19.0000 0.9440 180 120 60
6.8125 3.0000 4.5030 220 50 50
14.6875 -12.5000 3.1460 128 128 128
17.5625 -0.5000 4.0140 220 50 50
-11.5000 -19.0000 1.1380 180 120 60
-18.5625 24.0000 0.9980 180 120 60
-14.8125 -23.0000 4.0490 128 128 128
4.6250 6.5000 5.7060 220 50 50
-18.9375 -21.0000 2.0090 128 128 128
8.1250 -14.5000 1.0260 180 120 60
-23.3125 -17.5000 0.1550 30 144 255
4.8750 -18.0000 3.9990 220 50 50
10.5000 -20.0000 1.0380 180 120 60
1.2500 -1.0000 1.2300 180 120 60
-20.7500 22.5000 4.5300 220 50 50
-7.6875 10.5000 1.6590 128 128 128
8.8125 4.0000 4.1730 220 50 50
-14.0000 -4.0000 1.2790 128 128 128
17.1875 -11.5000 3.9910 220 50 50
-8.8125 -18.5000 5.5670 220 50 50
14.5625 -24.0000 3.2110 220 50 50
17.5625 -10.0000 4.2360 220 50 50
14.4375 -22.5000 1.2050 128 128 128
-14.3750 9.5000 2.0240 255 165 0
7.1250 21.5000 0.2110 180 120 60
23.1875 4.0000 1.0190 180 120 60
3.1875 24.0000 0.1680 180 120 60
1.5625 -9.5000 1.0800 180 120 60
-23.4375 22.0000 1.6710 180 120 60
-3.1875 -9.5000 1.1610 180 120 60
-11.2500 -12.0000 5.8270 220 50 50
-3.7500 -9.0000 1.2680 128 128 128
-13.4375 8.0000 1.9020 255 165 0
21.4375 -18.0000 1.0040 180 120 60
-0.0625 12.0000 5.3290 220 50 50
-8.5000 14.0000 1.1600 180 120 60
6.4375 -16.0000 1.0630 180 120 60
-22.6250 24.0000 4.5590 220 50 50
-22.5000 -1.0000 0.1490 30 144 255
-10.1875 -20.0000 4.2650 220 50 50
14.7500 1.5000 4.0170 220 50 50
13.0625 -1.5000 4.4850 220 50 50
11.3125 13.0000 1.1610 180 120 60
21.6250 13.0000 0.1410 30 144 255
-19.5625 6.0000 0.1410 30 144 255
-17.3125 24.5000 0.9520 180 120 60
5.0625 -5.0000 2.3560 128 128 128
-11.3125 -0.5000 1.1150 180 120 60
14.3125 23.5000 0.5350 128 128 128
-6.9375 22.0000 0.0560 180 120 60
5.8125 11.5000 1.2370 180 120 60
12.5625 -8.5000 3.9010 220 50 50
22.0000 -12.5000 4.0690 220 50 50
-13.1250 -15.0000 5.4270 220 50 50
-8.1250 10.0000 1.8940 128 128 128
2.2500 20.0000 2.4420 128 128 128
-20.2500 -8.0000 0.1850 30 144 255
-20.5625 10.0000 2.1930 255 165 0
8.1250 0.0000 4.5830 220 50 50
18.5625 15.5000 1.0610 180 120 60
-16.5000 -6.0000 1.1720 180 120 60
22.0625 8.0000 0.9470 180 120 60
2.0625 2.0000 5.7190 220 50 50
3.3125 -8.0000 1.0750 180 120 60
21.7500 18.0000 0.9600 180 120 60
13.0000 17.0000 0.1150 30 144 255
-1.1875 19.5000 1.2350 180 120 60
11.3750 -22.0000 4.9450 220 50 50
-6.1875 -3.5000 1.1220 180 120 60
-1.1875 -22.5000 5.6250 220 50 50
8.3125 14.0000 1.1750 180 120 60
20.3750 -4.0000 4.0450 220 50 50
3.5625 -15.0000 2.9140 220 50 50
25.5625 -15.5000 5.2460 220 50 50
9.8750 -1.5000 4.5890 220 50 50
24.1250 -17.5000 5.2430 220 50 50
-0.1250 -7.0000 1.1150 180 120 60
5.2500 3.0000 4.6090 220 50 50
18.8750 14.5000 1.0620 180 120 60
24.3750 -11.5000 4.4690 220 50 50
-22.7500 -9.0000 0.1300 30 144 255
4.2500 -12.0000 1.0370 180 120 60
-15.5625 24.5000 0.4610 180 120 60
-5.1875 -11.5000 4.8180 220 50 50
-21.6875 0.0000 0.1420 30 144 255
-6.2500 26.0000 0.1580 180 120 60
20.5625 -21.5000 0.9040 180 120 60
-17.3750 -13.5000 4.1700 220 50 50
-2.5625 12.5000 5.5890 220 50 50
9.6250 11.5000 1.1090 180 120 60
-16.3125 -23.5000 1.0890 180 120 60
11.6875 0.0000 4.4210 220 50 50
-3.1875 7.5000 6.0000 220 50 50
19.2500 -21.0000 0.8970 180 120 60
16.0000 -15.0000 1.0040 180 120 60
-24.1250 -21.5000 0.1370 30 144 255
-4.7500 14.0000 1.7160 128 128 128
-21.7500 17.0000 2.0480 255 165 0
7.4375 -9.0000 1.0830 180 120 60
19.0000 -8.0000 4.5810 220 50 50
-5.4375 -9.0000 1.1830 128 128 128
3.8125 -9.5000 1.0740 180 120 60
15.8750 12.5000 1.0690 180 120 60
-10.5625 -21.0000 4.3320 220 50 50
6.8750 0.5000 4.4920 220 50 50
9.7500 -5.0000 4.1650 220 50 50
3.3750 -3.5000 3.0640 128 128 128
2.0625 -23.5000 3.6310 220 50 50
-18.8125 21.5000 0.8600 180 120 60
19.1875 -9.5000 1.0780 180 120 60
-17.3750 2.5000 0.3360 180 120 60
20.7500 3.0000 0.9680 180 120 60
-2.8750 -11.5000 4.3580 220 50 50
-10.0625 2.0000 1.2440 180 120 60
13.9375 -23.5000 3.2550 220 50 50
5.5625 -3.0000 3.9830 220 50 50
-6.6875 0.5000 1.2330 180 120 60
-21.3125 -1.0000 0.1710 30 144 255
3.3750 -6.0000 1.0970 180 120 60
-13.2500 12.5000 0.1760 180 120 60
-18.2500 12.0000 2.0910 255 165 0
-6.0625 -21.0000 5.5070 220 50 50
-20.5625 -12.5000 0.3010 128 128 128
-8.0000 2.0000 1.2760 180 120 60
16.1875 17.5000 0.1550 128 128 128
13.8125 23.0000 0.5560 128 128 128
-5.6250 -2.5000 1.1510 180 120 60
-14.5625 14.5000 0.1560 180 120 60
12.8125 -4.0000 4.4860 220 50 50
-23.9375 -20.0000 0.1410 30 144 255
-18.0000 11.0000 2.0960 255 165 0
14.9375 8.0000 0.8340 180 120 60
21.1875 13.5000 0.1280 30 144 255
8.7500 -18.0000 1.0510 180 120 60
-2.2500 0.0000 1.2030 180 120 60
9.3750 17.5000 1.1800 180 120 60
2.4375 2.0000 4.3550 220 50 50
0.0000 18.5000 1.6670 128 128 128
-11.1250 -1.0000 1.1020 180 120 60
-19.2500 -8.5000 0.1790 30 144 255
-9.9375 9.5000 2.4900 128 128 128
-15.5000 -20.0000 1.1320 180 120 60
12.3125 12.5000 1.1190 180 120 60
15.6250 -12.0000 1.0990 180 120 60
-1.1875 23.0000 0.1360 180 120 60
20.8125 2.5000 0.9720 180 120 60
9.0625 -8.0000 1.1090 180 120 60
23.1250 2.0000 0.9980 180 120 60
-20.5000 -13.0000 0.4440 128 128 128
-23.2500 -14.5000 0.1370 30 144 255
-10.4375 22.5000 0.1270 180 120 60
-2.8125 7.5000 6.0310 220 50 50
19.1250 21.5000 0.1600 30 144 255
1.9375 26.0000 0.1950 180 120 60
-9.7500 -22.5000 4.2440 220 50 50
17.3750 -21.5000 0.9280 180 120 60
2.0000 -20.0000 4.0220 220 50 50
22.7500 -19.0000 0.9770 180 120 60
-11.6250 -2.0000 1.0520 180 120 60
10.9375 5.0000 4.0000 220 50 50
11.1875 15.5000 5.4640 128 128 128
-7.6250 -6.5000 1.0650 180 120 60
23.1875 -19.0000 1.0160 180 120 60
-20.8125 1.5000 0.1520 30 144 255
-23.2500 2.0000 0.1670 30 144 255
11.3125 -5.5000 4.1460 220 50 50
-0.5625 17.0000 4.4890 128 128 128
4.6250 12.5000 1.2150 180 120 60
7.8750 9.0000 3.8280 128 128 128
12.8125 -8.0000 3.9770 220 50 50
20.8125 -21.5000 0.9170 180 120 60
-11.2500 -20.0000 4.2000 220 50 50
16.2500 -3.0000 4.2960 220 50 50
5.0625 -21.5000 3.6670 220 50 50
-10.3750 25.5000 0.1330 180 120 60
-3.9375 16.0000 1.4330 180 120 60
14.0625 -21.5000 2.1660 128 128 128
-21.1875 -12.0000 0.3250 128 128 128
-24.2500 1.5000 0.1620 30 144 255
14.8750 -17.5000 0.9690 180 120 60
-8.1250 11.0000 1.3840 180 120 60
7.4375 0.0000 4.5000 220 50 50
-9.9375 -20.0000 5.4000 220 50 50
2.0000 18.0000 2.1930 128 128 128
2.0000 -10.0000 1.1000 180 120 60
-15.7500 4.5000 1.8130 255 165 0
-21.7500 11.0000 2.1210 255 165 0
1.5625 2.0000 5.6530 220 50 50
-17.4375 2.5000 0.2600 180 120 60
-15.0000 -6.5000 2.6450 128 128 128
-24.1875 17.0000 1.9640 180 120 60
22.0000 8.5000 0.8000 180 120 60
-14.9375 -3.5000 1.1100 180 120 60
17.3750 12.5000 1.0940 180 120 60
25.0000 6.0000 1.1120 180 120 60
-21.2500 21.0000 1.2320 180 120 60
-12.2500 18.0000 0.1420 180 120 60
3.0625 -23.0000 3.6310 220 50 50
15.3125 -11.5000 3.8250 220 50 50
1.5000 12.5000 2.8070 128 128 128
-4.1250 13.5000 2.2520 128 128 128
0.4375 3.5000 5.7520 220 50 50
8.0625 9.0000 2.0860 128 128 128
-3.6250 23.5000 0.1960 180 120 60
-9.8750 16.0000 0.1690 180 120 60
-2.1875 20.0000 1.1540 180 120 60
16.6250 11.0000 1.1280 180 120 60
-14.6875 -2.5000 1.0850 180 120 60
12.5625 -15.0000 0.9790 180 120 60
-6.8750 15.0000 1.1490 180 120 60
18.6250 -20.0000 0.9110 180 120 60
21.9375 -6.5000 1.0860 180 120 60
-5.3750 4.5000 5.0490 220 50 50
4.9375 -5.5000 2.3260 128 128 128
8.3125 2.5000 4.3650 220 50 50
2.0625 -20.5000 3.9890 220 50 50
-16.8125 11.5000 2.0920 255 165 0
23.8750 -0.5000 0.9860 180 120 60
8.5000 3.0000 4.3090 220 50 50
15.0000 -19.0000 0.9350 180 120 60
11.5000 -21.5000 4.9090 220 50 50
0.1250 9.0000 5.9570 220 50 50
14.6875 -14.5000 1.0230 180 120 60
5.8750 14.5000 1.1690 180 120 60
1.3125 -16.0000 6.5290 220 50 50
-6.7500 -22.0000 5.3980 220 50 50
12.5625 -17.0000 0.9950 180 120 60
-22.7500 -19.5000 0.1720 30 144 255
-2.9375 22.0000 0.1480 180 120 60
9.6875 9.5000 1.1370 180 120 60
7.3750 14.5000 5.2670 128 128 128
-24.1250 9.5000 0.1340 30 144 255
13.8750 20.5000 0.5470 128 128 128
-1.6250 17.0000 2.2600 128 128 128
1.3125 6.0000 6.3740 220 50 50
-12.1875 5.5000 1.6280 180 120 60
0.4375 -20.0000 7.2870 220 50 50
-11.1875 -0.5000 1.1030 180 120 60
6.1250 3.5000 4.5500 220 50 50
-8.8125 -17.0000 5.3330 220 50 50
23.5000 -11.5000 4.2870 220 50 50
7.3750 1.0000 4.6600 220 50 50
-15.5000 -19.0000 1.2010 180 120 60
-22.3125 10.5000 0.1440 30 144 255
-16.1250 -11.5000 4.1790 220 50 50
-20.3750 -11.0000 0.3230 128 128 128
12.7500 -18.0000 0.9940 180 120 60
-20.5000 -16.0000 5.1160 128 128 128
-3.5000 22.0000 0.1660 180 120 60
-16.3125 -21.0000 1.0840 180 120 60
21.8750 1.5000 0.9710 180 120 60
0.5000 -21.0000 1.6390 128 128 128
11.7500 -4.0000 4.3770 220 50 50
-10.0000 8.5000 1.4670 180 120 60
-12.7500 15.0000 0.1350 180 120 60
-8.6875 -8.0000 1.1820 180 120 60
-5.1250 13.5000 1.3400 180 120 60
7.6250 -15.5000 1.0480 180 120 60
11.3125 -20.5000 1.0350 180 120 60
9.5625 3.0000 4.2290 220 50 50
22.0000 -11.0000 3.7620 220 50 50
-20.7500 -20.5000 1.0520 180 120 60
-14.1250 26.0000 0.1900 180 120 60
-10.6875 5.0000 1.4700 180 120 60
-10.4375 19.5000 0.1450 180 120 60
-19.1875 -21.0000 2.0870 128 128 128
23.5625 -10.0000 1.8880 220 50 50
-11.4375 0.5000 1.1460 180 120 60
20.1875 -3.0000 3.9990 220 50 50
-13.6875 7.0000 1.8890 180 120 60
7.5000 6.5000 4.1170 220 50 50
20.1875 -22.0000 0.9130 180 120 60
23.6875 -12.5000 4.3780 220 50 50
-3.7500 -10.5000 4.3930 220 50 50
10.1250 -8.5000 1.1280 180 120 60
-0.0625 0.0000 1.2310 180 120 60
4.3750 -7.5000 1.0480 180 120 60
12.6250 4.0000 1.1980 180 120 60
16.3750 -11.5000 3.9340 220 50 50
1.7500 17.0000 4.6010 128 128 128
4.6875 3.5000 4.6210 220 50 50
17.7500 0.0000 1.6190 128 128 128
-7.5625 -20.5000 5.2270 220 50 50
10.0000 1.5000 4.3820 220 50 50
-7.7500 -24.0000 5.1870 220 50 50
20.6875 13.5000 0.1510 30 144 255
-11.0000 0.5000 1.1780 180 120 60
23.5625 -2.0000 1.0310 180 120 60
8.8750 12.5000 1.7290 128 128 128
-18.3125 -10.0000 1.8320 220 50 50
-21.7500 24.5000 4.8000 220 50 50
24.8125 -11.5000 4.3940 220 50 50
4.9375 14.0000 2.1620 128 128 128
-11.2500 -16.0000 5.4670 220 50 50
-8.8750 -13.5000 4.0350 220 50 50
19.5625 0.0000 1.8090 128 128 128
7.8750 -11.5000 1.0220 180 120 60
16.3125 -21.0000 0.9510 180 120 60
3.4375 -20.0000 3.9360 220 50 50
-9.6250 8.0000 1.4940 180 120 60
11.6875 -8.5000 3.8750 220 50 50
11.6250 18.5000 0.6270 128 128 128
-12.0000 -19.5000 4.1480 220 50 50
20.4375 13.5000 0.1460 30 144 255
-1.0625 15.0000 2.2800 128 128 128
-12.8125 0.0000 1.1380 180 120 60
18.6250 -10.0000 3.2030 128 128 128
9.9375 -9.5000 1.0490 180 120 60
-20.6250 -6.5000 0.1270 30 144 255
2.8750 -20.0000 3.9510 220 50 50
10.2500 -18.0000 1.0470 180 120 60
6.8750 -5.0000 3.9010 220 50 50
-19.3750 -14.5000 0.7420 180 120 60
25.6875 -12.0000 4.3890 220 50 50
23.8750 -14.5000 4.7630 220 50 50
-2.0000 11.0000 5.8390 220 50 50
-17.6250 -21.0000 1.0900 180 120 60
23.3125 -6.5000 1.0970 180 120 60
17.4375 20.0000 0.1760 128 128 128
2.3750 -8.5000 1.0630 180 120 60
6.1875 5.5000 4.2700 220 50 50
6.9375 -2.0000 4.1670 220 50 50
1.1875 -21.0000 3.1430 220 50 50
-12.1875 22.5000 0.1350 180 120 60
-15.5625 -7.0000 1.1750 180 120 60
5.1875 -16.5000 1.1540 128 128 128
12.0000 17.0000 0.2600 128 128 128
-20.6875 21.0000 1.1630 180 120 60
-16.5625 -16.5000 3.0920 128 128 128
-20.0000 2.5000 0.1640 30 144 255
-2.8125 9.0000 6.4100 220 50 50
1.7500 11.0000 5.2500 220 50 50
-13.3750 17.5000 0.1510 180 120 60
-12.5000 13.5000 0.1580 180 120 60
-14.1875 -6.5000 1.3160 128 128 128
15.1250 8.5000 0.9700 180 120 60
2.2500 5.0000 6.3790 220 50 50
6.6875 10.0000 3.5190 128 128 128
17.5625 -4.0000 4.3020 220 50 50
25.0625 -23.0000 0.9130 180 120 60
-14.0000 10.5000 1.7810 128 128 128
-17.0000 -18.0000 5.0810 128 128 128
14.9375 -23.0000 1.8410 128 128 128
-23.6875 24.5000 4.5410 220 50 50
21.0625 3.5000 0.9870 180 120 60
-9.1250 8.0000 1.4000 180 120 60
22.5000 -21.5000 0.9380 180 120 60
16.0625 -1.0000 4.1240 220 50 50
-13.6250 17.0000 0.1810 180 120 60
9.4375 0.5000 4.6110 220 50 50
22.5625 -11.0000 3.8950 220 50 50
-10.0625 -2.0000 1.0930 180 120 60
-9.6250 16.0000 0.4160 180 120 60
-15.9375 -22.5000 1.1770 180 120 60
15.1250 1.5000 4.0110 220 50 50
-23.1875 -7.0000 0.1660 30 144 255
-0.6875 15.0000 1.2940 180 120 60
24.7500 -6.5000 1.2340 128 128 128
-4.3125 18.0000 1.1450 180 120 60
-8.0625 -23.5000 5.2190 220 50 50
9.6875 -0.5000 4.6660 220 50 50
-23.9375 -0.5000 0.1670 30 144 255
17.5625 6.5000 1.4720 128 128 128
-14.8125 -8.5000 1.1400 180 120 60
19.0000 12.5000 0.1510 30 144 255
-0.5000 -19.0000 7.2780 220 50 50
0.3750 20.5000 1.2800 180 120 60
-16.5625 18.5000 0.1520 180 120 60
-5.3125 22.0000 0.1330 180 120 60
0.3125 19.0000 1.5620 180 120 60
-5.4375 11.0000 6.3360 220 50 50
-4.6250 -15.0000 4.6620 220 50 50
-11.6250 20.5000 0.1060 180 120 60
-5.1250 -20.5000 5.6220 220 50 50
-21.7500 -13.5000 0.3080 128 128 128
21.1250 22.0000 0.1710 30 144 255
-7.6875 19.5000 0.1540 180 120 60
-15.8750 -13.5000 4.4420 220 50 50
11.7500 22.5000 0.1800 128 128 128
-11.9375 -18.5000 1.2150 180 120 60
-5.3125 0.5000 1.2110 180 120 60
-10.4375 22.0000 0.1470 180 120 60
-3.6250 19.0000 1.1810 180 120 60
15.9375 -3.5000 4.3630 220 50 50
-0.5625 24.0000 0.1680 180 120 60
-20.8750 10.5000 2.3050 255 165 0
-12.8750 -14.0000 5.6370 220 50 50
-12.7500 -9.5000 5.6420 220 50 50
-12.4375 -18.0000 5.0520 220 50 50
0.7500 -21.0000 5.8960 220 50 50
-23.2500 21.0000 2.4340 34 139 34
20.2500 -17.0000 3.7710 128 128 128
15.7500 -6.5000 4.3940 220 50 50
15.3750 0.0000 4.0490 220 50 50
25.0625 -15.0000 5.0960 220 50 50
-16.2500 19.0000 0.1520 180 120 60
4.3750 3.5000 4.6660 220 50 50
-15.3125 21.0000 0.1440 180 120 60
-20.6250 1.0000 0.1990 128 128 128
-5.4375 -15.0000 4.2370 220 50 50
8.8125 13.0000 1.4650 128 128 128
-1.5625 -6.0000 1.1190 180 120 60
-20.3125 19.0000 1.0930 180 120 60
-24.0625 -19.0000 0.1420 30 144 255
-12.9375 -7.5000 1.1190 180 120 60
-1.9375 -8.5000 1.1090 180 120 60
11.3750 -8.5000 3.8830 220 50 50
4.4375 -21.5000 3.7090 220 50 50
7.8750 15.5000 1.1950 180 120 60
-15.1250 -19.5000 1.1520 180 120 60
-20.0625 20.0000 1.1060 180 120 60
-13.6875 -19.5000 2.9420 128 128 128
-11.8125 -9.5000 5.4900 220 50 50
1.8125 1.0000 4.1820 220 50 50
13.2500 18.0000 0.1510 30 144 255
15.2500 7.5000 0.9020 180 120 60
-21.8125 -6.5000 0.1550 30 144 255
13.3125 3.5000 1.8470 128 128 128
-22.6250 6.0000 0.1330 30 144 255
25.5625 -1.5000 1.0480 180 120 60
-12.8125 -15.0000 5.4120 220 50 50
-19.3125 -11.5000 0.4770 180 120 60
-13.6875 -10.5000 5.9590 220 50 50
14.8750 14.0000 0.6640 180 120 60
-17.6250 25.5000 5.3490 220 50 50
-4.5625 18.5000 1.1280 180 120 60
-12.5625 -5.0000 1.1010 180 120 60
10.1875 14.0000 1.2310 180 120 60
11.0000 9.0000 1.0740 180 120 60
-22.6875 -21.5000 0.1290 30 144 255
-13.3750 -6.0000 1.1460 180 120 60
-3.2500 2.0000 1.2910 180 120 60
8.3750 -11.0000 1.0560 180 120 60
-23.3125 15.0000 1.9830 255 165 0
15.5000 3.0000 1.1240 180 120 60
14.5000 -4.0000 4.6120 220 50 50
9.3125 17.5000 4.9930 128 128 128
-12.6250 -6.0000 1.1060 180 120 60
0.6875 -22.0000 3.1620 220 50 50
-18.1250 11.0000 2.0900 255 165 0
-12.8125 -17.0000 5.1730 220 50 50
-10.7500 -8.0000 5.1060 220 50 50
-16.6250 -8.5000 3.8210 220 50 50
-1.8125 -17.5000 7.1200 220 50 50
-20.3750 3.0000 0.1340 30 144 255
0.1875 3.0000 5.5690 220 50 50
-22.7500 -23.0000 1.1160 128 128 128
-16.0000 -16.0000 1.2030 180 120 60
4.5625 -18.5000 3.9270 220 50 50
7.9375 -20.5000 5.1110 220 50 50
-0.5000 -6.0000 1.0910 180 120 60
5.5625 -16.5000 1.0980 180 120 60
22.0000 7.0000 1.1140 180 120 60
-9.9375 20.0000 0.1420 180 120 60
5.0000 19.0000 1.2050 180 120 60
2.6250 -18.5000 4.0950 220 50 50
-15.5000 -12.0000 4.3240 220 50 50
-20.0625 9.0000 0.1070 30 144 255
8.0000 -23.0000 5.5480 220 50 50
1.4375 23.5000 0.1700 180 120 60
-0.6875 14.0000 5.0690 220 50 50
-22.5000 3.0000 0.1400 30 144 255
-5.7500 18.0000 1.1110 180 120 60
-1.6250 -22.5000 5.6270 220 50 50
7.8125 14.0000 5.4930 128 128 128
-8.3750 -10.5000 5.2070 220 50 50
22.4375 5.5000 1.0900 180 120 60
20.0625 18.0000 1.0110 180 120 60
1.6875 -15.5000 6.3560 220 50 50
1.1875 2.0000 5.6020 220 50 50
-3.7500 -1.5000 1.1610 180 120 60
-3.3125 -10.0000 1.1610 180 120 60
-12.3750 -18.0000 1.2150 180 120 60
-12.8125 -24.0000 1.1370 180 120 60
-19.3750 22.5000 0.9890 180 120 60
-3.2500 4.0000 5.1600 220 50 50
-5.0625 12.5000 1.3950 180 120 60
-22.8125 -9.5000 0.1560 30 144 255
10.9375 5.0000 2.1240 128 128 128
21.0000 19.5000 0.1710 30 144 255
20.9375 11.0000 0.1420 30 144 255
14.4375 14.0000 0.8890 180 120 60
8.0000 -16.5000 1.4860 128 128 128
24.6875 3.5000 1.0450 180 120 60
-5.8750 -23.0000 5.3150 220 50 50
-7.0625 -8.5000 2.0730 128 128 128
3.8125 4.5000 6.2770 220 50 50
20.9375 1.5000 0.9820 180 120 60
23.0625 -4.5000 1.1270 180 120 60
-2.6875 -21.5000 5.6390 220 50 50
9.9375 12.5000 2.0990 128 128 128
-11.8125 4.5000 1.5160 180 120 60
3.8125 16.0000 2.1210 128 128 128
-16.5000 25.0000 0.9320 180 120 60
-22.2500 3.0000 0.1170 30 144 255
3.1875 22.5000 0.7750 180 120 60
-20.1250 -7.0000 0.1480 30 144 255
10.4375 21.5000 1.0730 128 128 128
11.4375 16.0000 1.0370 180 120 60
6.1250 -4.0000 1.2480 180 120 60
5.0000 -20.5000 3.7570 220 50 50
-0.1875 14.5000 1.2540 180 120 60
4.4375 12.0000 1.2270 180 120 60
-10.2500 -23.0000 4.9840 220 50 50
-20.6875 -5.0000 0.1540 30 144 255
-1.4375 24.5000 0.1300 180 120 60
-18.1875 7.0000 0.2410 128 128 128
-24.1875 -6.5000 0.1420 30 144 255
-15.0000 -5.5000 1.1360 180 120 60
15.5625 -23.5000 1.8240 128 128 128
25.5000 -10.0000 4.1890 220 50 50
4.5000 -15.5000 1.2310 128 128 128
11.3125 19.5000 5.1510 128 128 128
-11.8125 -11.0000 5.7620 220 50 50
-0.0625 1.5000 5.2090 220 50 50
-11.8750 -4.0000 1.0620 180 120 60
21.3750 13.0000 0.1510 30 144 255
17.7500 -11.5000 4.0680 220 50 50
12.3750 -2.5000 4.5940 220 50 50
23.1875 -22.5000 0.9000 180 120 60
-3.8125 -16.5000 5.3860 220 50 50
-10.2500 2.5000 1.3070 180 120 60
24.0625 -1.5000 1.0370 180 120 60
10.5000 -8.0000 3.8750 220 50 50
-7.3750 -18.5000 4.2060 220 50 50
-23.8750 24.5000 1.7210 220 50 50
-19.1875 13.0000 2.0500 255 165 0
-13.6250 -20.0000 1.1580 180 120 60
7.6250 16.5000 1.3040 180 120 60
-20.7500 -8.0000 0.1710 30 144 255
-20.8750 -10.0000 0.3130 128 128 128
12.3125 -22.5000 4.9090 220 50 50
-0.4375 12.5000 5.2970 220 50 50
9.5000 -0.5000 4.6520 220 50 50
-19.1250 5.0000 0.1320 30 144 255
4.5625 17.5000 2.3700 128 128 128
-22.5625 -23.5000 0.9240 128 128 128
10.2500 24.0000 0.7040 128 128 128
11.5625 10.0000 1.0260 180 120 60
13.2500 15.0000 0.9530 128 128 128
2.2500 -19.5000 4.0980 220 50 50
-0.6250 25.5000 0.1450 180 120 60
0.9375 -17.5000 6.7770 220 50 50
20.3750 -11.5000 3.5400 220 50 50
-20.0000 22.5000 4.6530 220 50 50
-19.9375 24.5000 5.0510 220 50 50
7.5625 21.0000 0.2140 180 120 60
12.0625 2.5000 4.1240 220 50 50
13.0000 14.0000 1.1710 180 120 60
-5.9375 16.5000 1.1550 180 120 60
1.1250 -2.0000 1.1940 180 120 60
-7.3750 20.0000 0.1660 180 120 60
13.7500 -8.0000 4.0810 220 50 50
-10.3125 22.5000 0.1480 180 120 60
19.2500 10.0000 1.0200 180 120 60
-0.4375 -14.0000 6.3990 220 50 50
25.4375 -5.0000 1.0940 180 120 60
-19.0625 20.5000 1.0890 180 120 60
10.1875 -19.5000 2.0670 128 128 128
18.4375 2.5000 1.1020 180 120 60
-18.3750 -3.0000 0.1330 180 120 60
16.3125 -5.5000 4.5670 220 50 50
-3.6875 -17.5000 7.2510 220 50 50
-18.7500 -20.0000 2.9970 128 128 128
-18.7500 -2.5000 0.1500 30 144 255
21.6875 -15.5000 4.4380 220 50 50
-7.6250 -1.0000 1.1760 180 120 60
-5.0000 -11.0000 4.3670 220 50 50
-15.2500 -11.0000 4.2720 220 50 50
-21.0000 0.5000 0.1380 30 144 255
6.9375 -3.5000 4.0570 220 50 50
19.8125 -24.0000 0.9400 180 120 60
-0.6250 0.0000 1.3610 128 128 128
-22.3125 22.0000 1.5370 180 120 60
-9.3750 18.5000 0.1340 180 120 60
24.8750 -23.0000 0.9060 180 120 60
-1.2500 -13.0000 4.2570 220 50 50
-22.4375 -16.0000 0.1640 30 144 255
8.2500 17.5000 1.2210 180 120 60
0.3125 22.5000 0.6740 180 120 60
4.5625 -1.5000 4.0640 220 50 50
-20.3750 -7.5000 0.1130 30 144 255
-6.0625 -9.5000 2.9630 220 50 50
-2.4375 15.0000 1.3360 180 120 60
10.9375 15.5000 5.4420 128 128 128
18.4375 -17.0000 0.9990 180 120 60
-9.1875 -20.0000 5.3910 220 50 50
-11.2500 7.0000 1.6330 180 120 60
19.8125 -13.0000 1.2750 220 50 50
-6.8125 -9.5000 2.9600 220 50 50
1.0000 21.0000 1.8360 128 128 128
5.0625 9.5000 5.3190 128 128 128
3.5625 14.0000 4.7250 128 128 128
14.2500 19.0000 0.1620 128 128 128
12.1250 2.5000 4.1090 220 50 50
-16.7500 0.5000 1.9340 128 128 128
13.8750 -10.0000 3.8590 220 50 50
-11.2500 2.0000 1.2830 180 120 60
18.3750 -13.0000 1.0850 180 120 60
-21.5625 7.5000 0.1350 30 144 255
0.8750 -2.0000 1.1990 180 120 60
-23.8750 -8.5000 0.1340 30 144 255
-4.5000 0.5000 1.1930 180 120 60
14.6250 9.0000 0.9490 180 120 60
14.5625 25.0000 0.6580 180 120 60
9.6250 3.0000 4.2470 220 50 50
-0.3750 -14.5000 6.4710 220 50 50
-14.1875 -11.0000 4.4450 220 50 50
25.6875 -16.5000 5.4010 220 50 50
22.1250 -23.0000 0.9260 180 120 60
13.0625 6.0000 1.0840 180 120 60
21.5625 -3.0000 1.1120 180 120 60
-10.8125 19.0000 0.1330 180 120 60
5.5000 4.5000 4.4810 220 50 50
-6.8750 -19.0000 4.2140 220 50 50
-21.6875 -20.0000 0.1650 180 120 60
11.7500 -21.0000 1.2630 128 128 128
12.1875 9.5000 0.9880 180 120 60
16.5000 -9.5000 4.1460 220 50 50
18.6875 7.5000 1.1040 180 120 60
-13.2500 -2.5000 1.0580 180 120 60
8.3750 6.0000 4.1090 220 50 50
20.9375 -0.5000 1.0710 180 120 60
17.8750 -22.0000 0.9420 180 120 60
14.5625 -22.0000 0.9890 180 120 60
-17.4375 -15.5000 1.1740 180 120 60
24.1875 -22.5000 0.9450 180 120 60
-9.6250 -19.5000 5.4140 220 50 50
-6.5000 -22.0000 5.3970 220 50 50
-6.3125 -7.0000 1.3520 128 128 128
18.1250 -18.5000 0.9380 180 120 60
-12.8750 10.5000 1.2660 180 120 60
6.3125 -9.5000 1.0190 180 120 60
23.3750 -14.5000 4.5740 220 50 50
-21.5000 17.5000 3.0040 128 128 128
1.6250 25.5000 0.1310 180 120 60
12.0625 4.0000 3.9980 220 50 50
21.5625 -4.0000 3.9970 220 50 50
5.6250 -8.5000 1.0520 180 120 60
-18.5625 -13.0000 1.3470 220 50 50
11.8750 -22.5000 4.9780 220 50 50
4.6875 13.5000 2.1380 128 128 128
-20.9375 0.0000 0.1370 30 144 255
20.6875 -9.5000 1.0680 180 120 60
-3.6250 -4.0000 1.0820 180 120 60
-14.3125 25.0000 0.1440 180 120 60
-9.3750 7.5000 1.4500 180 120 60
-1.2500 2.5000 5.1990 220 50 50
19.4375 21.0000 0.0610 30 144 255
21.1250 -3.0000 1.0980 180 120 60
-23.2500 2.5000 0.1490 30 144 255
-2.1875 -6.5000 1.1080 180 120 60
0.0000 -15.0000 6.4640 220 50 50
14.3125 23.5000 0.5530 128 128 128
-16.2500 -15.0000 5.0600 220 50 50
11.1250 18.0000 0.6500 128 128 128
-7.8125 -18.0000 4.1940 220 50 50
10.3750 -16.0000 1.0090 180 120 60
17.1875 -14.5000 1.4710 128 128 128
18.1250 -0.5000 1.6040 128 128 128
4.4375 -13.5000 1.0900 180 120 60
-10.1250 -18.5000 5.0970 220 50 50
-23.6875 -23.0000 0.1390 30 144 255
-10.7500 9.0000 1.5840 180 120 60
-5.5625 -0.5000 1.2110 180 120 60
18.2500 -3.5000 4.1470 220 50 50
4.5625 18.0000 1.1770 180 120 60
5.5625 -5.0000 2.0600 128 128 128
-19.3125 7.5000 0.1600 30 144 255
12.1875 -20.0000 1.0350 180 120 60
8.4375 17.5000 1.2280 180 120 60
6.1875 9.0000 5.4560 220 50 50
9.8750 20.5000 1.0830 128 128 128
-17.9375 -4.5000 0.2840 180 120 60
8.7500 24.5000 0.1430 180 120 60
17.3125 -4.0000 4.2960 220 50 50
-11.2500 -18.5000 4.1280 220 50 50
-7.5625 10.5000 2.0690 128 128 128
10.3750 6.0000 1.2390 180 120 60
7.0000 -6.5000 1.2600 128 128 128
22.1875 21.0000 0.1460 30 144 255
6.5625 -18.5000 3.8560 220 50 50
-5.0625 -3.0000 1.1310 180 120 60
-20.9375 -17.5000 1.8330 128 128 128
6.7500 -1.5000 4.2230 220 50 50
-0.5000 21.0000 1.1580 180 120 60
21.4375 -23.5000 0.9310 180 120 60
-23.8750 14.5000 2.0110 255 165 0
-8.0000 4.0000 1.3070 180 120 60
-20.9375 14.5000 2.0540 255 165 0
15.8750 -11.0000 3.9180 220 50 50
2.0625 0.0000 4.0750 220 50 50
-18.2500 -16.0000 1.2820 180 120 60
-14.6875 -13.0000 5.5480 220 50 50
15.3125 -6.0000 4.4470 220 50 50
7.1875 -6.0000 1.4340 128 128 128
-17.0000 20.0000 0.1670 180 120 60
-23.5000 -23.5000 0.1630 30 144 255
-11.9375 14.5000 0.1270 180 120 60
-2.6250 -16.0000 5.0450 220 50 50
-4.3750 -19.0000 5.7400 220 50 50
-11.1875 12.0000 0.8930 180 120 60
-10.0625 -22.5000 4.2190 220 50 50
-8.1875 -3.0000 1.0830 180 120 60
-15.5625 -15.0000 5.1790 220 50 50
-20.0625 0.0000 0.1510 30 144 255
10.1875 7.5000 1.1360 180 120 60
13.8125 -12.0000 3.6380 128 128 128
18.3750 4.0000 2.0420 128 128 128
14.2500 -22.5000 1.4510 128 128 128
-14.6875 -1.0000 1.0390 180 120 60
19.6250 4.5000 1.8430 128 128 128
-20.1250 -11.5000 0.3270 128 128 128
-7.7500 25.0000 0.1450 180 120 60
3.7500 -6.5000 1.1050 180 120 60
-18.5625 -18.0000 1.0920 180 120 60
16.9375 -17.0000 0.9620 180 120 60
-3.5625 10.0000 6.3830 220 50 50
9.8125 4.0000 4.1180 220 50 50
-5.5000 11.5000 2.2740 220 50 50
-14.8125 17.5000 0.1520 180 120 60
-23.3125 -15.0000 0.1360 30 144 255
1.3125 0.0000 4.0010 220 50 50
-22.9375 -1.5000 0.1880 30 144 255
-12.0625 -15.5000 5.4860 220 50 50
-4.6875 -16.0000 4.5890 220 50 50
-3.8750 -3.0000 1.1340 180 120 60
-4.3750 2.0000 1.2790 180 120 60
-14.4375 16.0000 0.1340 180 120 60
-14.4375 23.0000 0.1190 180 120 60
10.1250 -14.0000 1.0090 180 120 60
15.1250 -18.5000 0.9750 180 120 60
-16.4375 14.5000 0.1340 180 120 60
-17.3750 -7.0000 1.0660 180 120 60
5.2500 25.5000 0.1320 180 120 60
5.0000 -1.0000 4.1180 220 50 50
-4.2500 14.5000 1.8650 128 128 128
8.9375 -18.5000 1.0670 180 120 60
1.6250 -18.5000 6.9150 220 50 50
-12.8750 -21.5000 4.1850 220 50 50
6.5000 -20.5000 3.7500 220 50 50
-24.0000 -21.5000 0.1400 30 144 255
4.9375 -15.5000 2.0680 128 128 128
16.3125 10.0000 1.0510 180 120 60
-18.5625 22.5000 0.9240 180 120 60
14.7500 24.0000 1.2610 128 128 128
9.3125 -24.0000 5.5410 220 50 50
-19.1875 3.0000 0.1530 30 144 255
-16.5000 18.5000 0.1470 180 120 60
3.5000 21.5000 2.2490 128 128 128
15.0625 -17.0000 0.9410 180 120 60
-5.5625 -21.0000 5.5090 220 50 50
2.1875 21.0000 2.1710 128 128 128
9.2500 -14.0000 1.0280 180 120 60
-14.7500 -4.0000 1.1230 180 120 60
-2.3750 22.0000 0.2070 180 120 60
-4.5625 4.5000 5.0880 220 50 50
-16.5625 22.5000 0.1880 128 128 128
2.4375 -4.5000 3.0680 128 128 128
-11.9375 -5.5000 1.1170 180 120 60
-18.3125 -9.5000 1.8570 220 50 50
4.3750 24.0000 0.1380 180 120 60
-4.9375 -7.0000 1.1020 180 120 60
0.9375 -11.5000 1.4190 128 128 128
10.6875 21.0000 0.5880 128 128 128
12.9375 3.0000 4.0010 220 50 50
16.7500 -13.0000 1.0750 180 120 60
-15.2500 -15.5000 5.1200 220 50 50
4.1875 7.5000 5.5680 220 50 50
-14.3750 0.5000 1.2210 180 120 60
11.5000 -14.0000 1.0050 180 120 60
-13.1250 12.5000 0.1580 180 120 60
15.3125 10.0000 1.0240 180 120 60
-10.5625 4.0000 1.4210 180 120 60
10.3125 -22.0000 5.1060 220 50 50
11.4375 -12.5000 1.0310 180 120 60
12.7500 14.5000 1.1760 180 120 60
-17.3125 -4.5000 0.7880 180 120 60
-14.6250 -19.5000 1.1650 180 120 60
-9.0625 -20.5000 4.2370 220 50 50
-21.0000 -19.5000 1.0510 180 120 60
-14.8750 -16.0000 5.0560 220 50 50
16.9375 3.0000 2.0850 128 128 128
-2.7500 -12.0000 5.5030 220 50 50
-3.5625 25.5000 0.1500 180 120 60
-22.8750 24.0000 1.6700 180 120 60
25.3125 -9.0000 4.1780 220 50 50
9.3750 22.5000 0.0870 180 120 60
-5.5625 -18.0000 5.2160 220 50 50
-20.6875 11.5000 2.2410 255 165 0
-1.3125 -15.5000 6.7010 220 50 50
23.5625 5.5000 1.1130 180 120 60
-3.8750 -22.5000 5.4850 220 50 50
2.7500 10.0000 5.2840 220 50 50
-1.1875 23.0000 0.1420 180 120 60
-9.8750 -20.0000 5.4170 220 50 50
20.9375 -17.0000 1.0070 180 120 60
-7.8750 16.5000 1.0780 180 120 60
8.4375 -5.5000 3.9650 220 50 50
4.9375 -10.0000 1.0220 180 120 60
5.2500 -7.5000 1.0690 180 120 60
23.8750 -13.5000 4.5810 220 50 50
19.7500 13.0000 0.1550 30 144 255
10.4375 17.0000 0.9920 180 120 60
-6.4375 -13.5000 4.3420 220 50 50
1.0000 17.5000 1.2290 180 120 60
-23.3750 18.0000 1.9570 180 120 60
21.1875 -17.0000 1.0580 180 120 60
-16.8125 21.0000 0.1720 180 120 60
-18.6875 25.5000 5.3760 220 50 50
1.6250 15.5000 4.6340 128 128 128
6.3125 16.0000 1.2790 180 120 60
11.2500 5.0000 1.9260 128 128 128
0.4375 10.5000 5.4930 220 50 50
19.6250 -9.0000 1.0770 180 120 60
16.3125 -1.5000 4.2070 220 50 50
-19.6250 11.5000 2.0930 255 165 0
-1.4375 25.5000 0.1390 180 120 60
14.2500 12.5000 1.1500 180 120 60
24.9375 1.0000 0.9680 180 120 60
-9.8750 1.0000 1.2310 180 120 60
-14.3125 15.5000 0.1450 180 120 60
12.3750 -2.0000 4.5560 220 50 50
-17.0625 7.0000 3.0080 128 128 128
-13.6875 -11.5000 5.9390 220 50 50
-11.4375 -2.0000 1.0700 180 120 60
-0.2500 -1.0000 1.1860 180 120 60
-3.0625 2.5000 1.3950 180 120 60
-18.4375 -20.5000 1.1100 180 120 60
23.0000 -22.0000 0.9500 180 120 60
22.3125 -6.0000 1.1120 180 120 60
1.0000 19.5000 1.7370 128 128 128
9.9375 -17.0000 1.0230 180 120 60
-15.0000 8.0000 2.0170 255 165 0
-2.0625 3.5000 5.3340 220 50 50
2.6250 -2.0000 1.2070 180 120 60
19.8750 -21.0000 0.8840 180 120 60
5.6875 -16.0000 1.0870 180 120 60
-23.8125 -17.0000 0.1500 30 144 255
-0.6875 3.0000 5.4490 220 50 50
-3.5625 -22.0000 5.5330 220 50 50
16.9375 0.0000 3.9830 220 50 50
13.2500 -4.5000 4.4810 220 50 50
-1.6875 -19.0000 5.8350 220 50 50
-16.4375 -17.0000 3.1160 128 128 128
9.5000 15.5000 1.2080 180 120 60
-15.3750 -0.5000 1.0340 180 120 60
-0.5000 -4.5000 1.1020 180 120 60
7.2500 14.0000 1.1650 180 120 60
-19.0625 18.0000 0.1500 180 120 60
-22.0625 -22.5000 1.0290 128 128 128
-7.6875 10.0000 2.1600 128 128 128
-18.8750 -5.0000 0.1320 30 144 255
23.8125 8.5000 0.1510 180 120 60
15.7500 -10.0000 3.9880 220 50 50
-7.8750 25.5000 0.1090 180 120 60
13.3750 1.0000 4.1560 220 50 50
13.8125 -19.0000 0.9610 180 120 60
-4.3125 21.5000 0.1840 180 120 60
21.8125 20.5000 0.1940 30 144 255
13.0000 8.0000 0.9970 180 120 60
12.2500 -18.5000 0.9590 180 120 60
-9.8750 8.5000 1.4650 180 120 60
-4.6250 4.0000 5.0470 220 50 50
0.8125 -12.5000 1.3540 128 128 128
-3.0625 -7.5000 1.0600 180 120 60
-8.2500 -23.0000 4.2740 220 50 50
1.1250 -20.0000 7.1750 220 50 50
-9.2500 -1.0000 1.1560 180 120 60
-0.1250 -23.0000 3.1760 220 50 50
-15.6875 -1.0000 1.5020 128 128 128
-17.8125 -11.0000 1.5580 220 50 50
6.3750 -4.5000 3.9350 220 50 50
17.8750 2.0000 1.1420 180 120 60
13.0625 -9.5000 3.8860 220 50 50
-19.6875 22.5000 1.0010 180 120 60
9.0625 -6.5000 3.9270 220 50 50
-12.3750 4.5000 1.5540 180 120 60
-15.5625 10.0000 2.0140 255 165 0
17.8125 7.5000 1.4090 128 128 128
2.8125 12.0000 1.3010 180 120 60
-20.3750 6.5000 0.1370 30 144 255
-0.2500 -20.5000 5.8360 220 50 50
-4.7500 23.5000 0.1680 180 120 60
-0.8125 17.0000 4.5950 128 128 128
-13.4375 17.5000 0.1540 180 120 60
4.4375 -16.0000 1.2860 128 128 128
7.5625 -10.0000 1.0510 180 120 60
1.0625 -2.0000 1.1910 180 120 60
5.8125 -20.0000 3.7590 220 50 50
7.3750 8.5000 2.0590 128 128 128
10.5625 18.0000 0.3320 128 128 128
12.3125 11.0000 1.0330 180 120 60
19.1250 0.0000 1.1220 180 120 60
10.5000 -22.5000 5.1840 220 50 50
12.7500 -22.5000 4.8950 220 50 50
18.2500 6.0000 1.5380 128 128 128
-21.0625 -17.0000 1.0690 180 120 60
0.3750 -23.0000 3.2350 220 50 50
-7.8125 22.5000 0.1380 180 120 60
13.3750 -2.0000 4.4500 220 50 50
3.3125 -15.0000 6.1390 220 50 50
2.1250 -9.0000 1.0660 180 120 60
-15.7500 -7.0000 1.3060 180 120 60
-16.1250 24.0000 0.8290 180 120 60
-9.3125 10.5000 1.4080 180 120 60
10.8125 -7.0000 3.9540 220 50 50
-6.5625 -5.0000 1.1020 180 120 60
-4.9375 8.5000 5.8760 220 50 50
0.0625 15.5000 4.4540 128 128 128
-6.8125 -12.5000 4.0860 220 50 50
21.1875 -2.5000 1.0990 180 120 60
13.8125 25.0000 0.5750 180 120 60
-6.7500 18.0000 0.7680 128 128 128
-17.0000 8.5000 2.0340 255 165 0
-0.7500 -1.5000 1.1950 180 120 60
18.8125 -6.0000 4.3550 220 50 50
-23.8125 19.0000 1.9120 180 120 60
-12.0625 -19.0000 1.1880 180 120 60
14.7500 -2.5000 4.4300 220 50 50
-5.1250 -13.5000 5.4130 220 50 50
-16.6250 -19.0000 1.1350 180 120 60
7.4375 -16.5000 1.5330 128 128 128
14.4375 -23.0000 1.0450 180 120 60
22.1875 -4.0000 3.9830 220 50 50
8.2500 4.5000 4.2330 220 50 50
10.6875 -7.0000 3.9870 220 50 50
-9.3750 -11.0000 5.4330 220 50 50
1.8750 3.5000 5.9780 220 50 50
15.5625 1.5000 4.0310 220 50 50
19.4375 -11.0000 4.2370 220 50 50
-4.3750 21.0000 0.1420 180 120 60
12.8125 18.5000 0.5830 128 128 128
-1.1875 17.5000 2.1890 128 128 128
-0.1875 -20.0000 5.9350 220 50 50
13.0000 -18.0000 0.9660 180 120 60
-9.9375 -16.0000 3.5630 220 50 50
10.5625 -7.5000 3.8640 220 50 50
-12.5625 -6.0000 1.1030 180 120 60
-15.3750 12.0000 3.0640 128 128 128
-18.8750 -12.5000 0.9540 180 120 60
19.8750 -21.0000 0.9040 180 120 60
-11.1875 7.5000 1.6290 180 120 60
4.0000 11.0000 1.2910 128 128 128
-21.7500 -20.0000 1.8140 128 128 128
-1.1250 -17.5000 6.9820 220 50 50
2.0000 20.5000 4.5240 128 128 128
8.9375 10.5000 2.9440 128 128 128
25.4375 -22.5000 0.9360 180 120 60
-22.3125 15.5000 2.0270 255 165 0
9.8125 -12.5000 1.0430 180 120 60
16.0625 -20.0000 0.9180 180 120 60
-18.4375 12.5000 2.0800 255 165 0
-21.6875 18.0000 1.6470 180 120 60
-3.3750 3.0000 1.4150 220 50 50
17.5000 6.5000 1.4800 128 128 128
14.3125 26.0000 0.4550 128 128 128
-0.3750 17.5000 4.4770 128 128 128
-2.9375 -10.0000 1.1290 180 120 60
-11.0000 22.5000 0.1420 180 120 60
1.6875 0.5000 4.0780 220 50 50
1.8750 -19.5000 4.0800 220 50 50
7.7500 23.5000 0.1300 180 120 60
23.6875 -4.5000 1.1240 180 120 60
-7.5625 18.0000 0.3260 180 120 60
13.0625 -7.5000 4.0410 220 50 50
21.6875 -3.5000 3.9960 220 50 50
-9.4375 14.5000 1.0500 180 120 60
15.9375 -19.0000 0.9700 180 120 60
19.6875 -14.5000 1.1870 128 128 128
-21.6250 -8.5000 0.2120 30 144 255
11.9375 21.0000 0.6130 180 120 60
-11.8750 15.5000 0.1470 180 120 60
-0.6875 1.5000 5.1490 220 50 50
-3.5625 2.0000 1.2390 180 120 60
-1.0000 23.5000 0.1580 180 120 60
9.3750 -3.5000 4.2530 220 50 50
1.1875 8.5000 5.8450 220 50 50
-6.1875 -10.5000 3.1910 220 50 50
-23.3750 -22.5000 0.1490 30 144 255
8.9375 0.0000 4.5990 220 50 50
0.6250 14.0000 5.4480 128 128 128
-18.6875 -15.5000 1.5370 128 128 128
-12.3125 -18.0000 5.0050 220 50 50
-18.0000 -21.5000 1.0770 180 120 60
20.5625 -3.0000 4.0020 220 50 50
-6.1250 19.5000 0.4060 180 120 60
-8.0625 -20.0000 4.3070 220 50 50
-17.2500 -8.0000 3.6980 220 50 50
2.8750 -5.5000 1.1100 180 120 60
6.5000 -21.5000 3.6140 220 50 50
1.0625 -7.0000 1.0940 180 120 60
-9.0000 20.5000 0.1710 180 120 60
-11.2500 -9.0000 5.3950 220 50 50
-9.3750 -14.0000 5.9250 220 50 50
18.0000 -10.5000 4.1860 220 50 50
-8.5625 26.0000 0.1870 180 120 60
-11.7500 -6.5000 1.1380 180 120 60
-21.6875 11.5000 0.1630 30 144 255
8.3125 2.0000 4.4420 220 50 50
-4.2500 10.0000 6.3180 220 50 50
-10.5000 -5.5000 1.0990 180 120 60
-16.1875 6.5000 2.0410 255 165 0
21.8750 7.5000 1.1310 180 120 60
-1.3125 23.5000 0.1630 180 120 60
-1.8750 -20.0000 5.7800 220 50 50
-8.7500 -10.0000 5.2430 220 50 50
0.1250 -1.5000 1.2050 180 120 60
-17.1250 25.0000 0.9550 180 120 60
4.3125 9.0000 5.2200 220 50 50
23.9375 4.0000 1.0500 180 120 60
10.3750 -21.0000 1.0240 180 120 60
18.0625 1.0000 1.1300 180 120 60
22.2500 20.0000 0.9380 180 120 60
-16.8125 -7.5000 1.2000 180 120 60
-9.1875 14.0000 1.1060 180 120 60
8.5000 1.0000 4.5550 220 50 50
8.5000 -6.0000 3.9290 220 50 50
-13.4375 4.0000 1.5910 180 120 60
-7.8125 -8.0000 1.1770 180 120 60
10.6250 13.5000 1.2180 180 120 60
1.1250 -11.0000 1.0940 180 120 60
-4.7500 6.5000 5.4770 220 50 50
-23.1250 -1.5000 0.0780 30 144 255
-14.3125 4.5000 1.6320 180 120 60
-7.0625 -16.5000 4.1870 220 50 50
-0.0625 -22.0000 1.3610 128 128 128
-0.1875 22.5000 0.4570 180 120 60
6.5625 13.0000 1.1880 180 120 60
-11.1875 9.0000 1.6270 180 120 60
5.6250 10.0000 1.2870 128 128 128
-11.8125 -18.0000 5.1160 220 50 50
3.7500 -12.5000 1.0880 180 120 60
-10.1875 16.0000 0.1400 180 120 60
9.5625 21.0000 1.1200 128 128 128
-22.0000 -2.0000 0.1450 30 144 255
18.5000 8.0000 1.4940 128 128 128
8.6875 4.0000 4.2090 220 50 50
21.4375 -1.5000 1.0520 180 120 60
3.2500 13.0000 4.6630 128 128 128
-0.4375 0.0000 1.3090 128 128 128
22.0625 -3.5000 3.9950 220 50 50
6.8125 18.0000 1.2050 180 120 60
15.3750 -5.5000 4.5060 220 50 50
-3.8750 -21.0000 5.5910 220 50 50
22.6875 20.5000 0.9260 180 120 60
-9.6250 -14.0000 6.0150 220 50 50
-14.5625 26.0000 0.2490 180 120 60
12.1875 5.0000 1.1280 180 120 60
-10.6875 -2.5000 1.0780 180 120 60
-0.4375 21.5000 1.1430 180 120 60
-18.2500 -6.5000 0.5550 180 120 60
1.7500 -1.0000 3.9600 220 50 50
-10.0000 12.0000 1.3700 180 120 60
16.5000 0.0000 3.9820 220 50 50
6.8125 14.0000 1.1650 180 120 60
0.0000 26.0000 0.0840 180 120 60
-15.1875 -1.5000 1.0370 180 120 60
9.9375 23.5000 0.7610 128 128 128
6.8750 16.0000 1.2890 180 120 60
23.6875 -7.5000 1.1050 180 120 60
19.2500 0.5000 1.0840 180 120 60
20.6875 -8.0000 1.1210 180 120 60
-5.9375 1.5000 1.2360 180 120 60
11.7500 5.5000 1.1220 180 120 60
-7.0625 3.0000 1.2830 180 120 60
-19.0625 -19.0000 1.4370 128 128 128
-13.4375 0.0000 1.1630 180 120 60
3.2500 14.5000 4.6800 128 128 128
-23.8750 -12.5000 0.1470 30 144 255
-23.6875 -6.0000 0.1320 30 144 255
10.9375 15.5000 5.4760 128 128 128
3.3125 16.5000 4.6740 128 128 128
-0.2500 -4.0000 1.1320 180 120 60
-23.1250 -16.5000 0.1610 30 144 255
18.6875 -12.5000 1.0970 180 120 60
4.9375 -11.0000 1.0490 180 120 60
7.7500 -5.5000 1.4170 220 50 50
0.3750 18.0000 4.5210 128 128 128
2.3125 13.0000 4.6820 128 128 128
7.5625 13.5000 1.1880 180 120 60
9.1875 18.0000 0.9150 180 120 60
3.0625 -21.0000 3.8820 220 50 50
-10.6250 -8.0000 5.1220 220 50 50
-20.5000 0.0000 0.1510 30 144 255
1.0000 -11.5000 1.4000 128 128 128
7.8750 -19.0000 3.8680 220 50 50
2.9375 17.5000 1.6120 128 128 128
-10.1250 -9.0000 5.2020 220 50 50
-2.7500 -13.0000 4.2690 220 50 50
-9.4375 -9.5000 5.1810 220 50 50
19.3125 -19.5000 0.9460 180 120 60
-20.1250 -21.5000 1.0420 180 120 60
-5.6250 -1.0000 1.1560 180 120 60
4.5625 -9.0000 1.0330 180 120 60
-14.5625 -22.0000 1.1910 180 120 60
-20.8750 10.0000 0.1560 30 144 255
8.1250 10.0000 3.7960 128 128 128
-18.1250 -0.5000 0.4290 128 128 128
2.0625 18.0000 1.5550 128 128 128
22.2500 20.5000 0.1230 30 144 255
-2.2500 -17.5000 7.1460 220 50 50
16.2500 11.5000 1.1190 180 120 60
14.3125 -10.0000 3.9060 220 50 50
-0.1250 6.0000 6.1010 220 50 50
20.2500 -8.5000 1.0740 180 120 60
-2.2500 24.0000 0.1220 180 120 60
-5.3750 3.0000 1.2730 180 120 60
-21.6875 25.0000 4.8540 220 50 50
-4.4375 -5.0000 1.0830 180 120 60
-1.5000 -20.0000 5.8010 220 50 50
10.1250 -5.5000 4.1690 220 50 50
-16.6875 2.5000 0.7810 180 120 60
14.0000 15.0000 0.6000 180 120 60
15.6875 -12.0000 3.8510 220 50 50
-10.4375 10.5000 1.5650 180 120 60
24.6875 -9.0000 4.2290 220 50 50
-3.0000 7.0000 5.8830 220 50 50
-0.2500 -9.5000 1.1140 180 120 60
12.6875 8.5000 1.0020 180 120 60
-15.1250 12.0000 0.1840 180 120 60
-17.4375 21.0000 0.1030 180 120 60
-22.3750 -20.0000 1.7500 128 128 128
-20.0625 9.5000 0.1420 30 144 255
-10.5625 12.0000 1.1760 180 120 60
7.5000 18.0000 1.2090 180 120 60
-5.3750 17.5000 1.1670 180 120 60
-12.5625 -1.0000 1.0660 180 120 60
-21.7500 -2.5000 0.1280 30 144 255
-3.0625 25.0000 0.1750 180 120 60
-13.1875 18.0000 0.1150 180 120 60
18.8750 -4.5000 4.1840 220 50 50
-10.3125 -2.5000 1.1020 180 120 60
-14.1250 -9.0000 1.9890 220 50 50
3.9375 -5.0000 3.0920 128 128 128
-3.4375 -20.0000 5.7210 220 50 50
19.3750 -15.5000 1.0730 180 120 60
0.8750 4.0000 5.9290 220 50 50
-0.8750 -10.0000 1.0900 180 120 60
4.3750 10.5000 5.3930 128 128 128
0.5625 -3.0000 1.1270 180 120 60
10.3750 -5.5000 4.1390 220 50 50
-16.5625 -22.5000 1.1040 180 120 60
14.0625 21.0000 0.5600 128 128 128
0.0000 16.5000 2.0060 128 128 128
13.9375 -4.0000 4.6080 220 50 50
-7.8125 3.5000 1.2940 180 120 60
5.0625 3.5000 4.5610 220 50 50
-20.1250 -23.0000 0.6640 180 120 60
-21.5625 -22.0000 1.0260 180 120 60
-3.8750 26.0000 0.1540 180 120 60
20.3125 6.5000 1.1220 180 120 60
13.0000 -6.0000 4.2880 220 50 50
-10.9375 -11.5000 5.7460 220 50 50
9.3750 -0.5000 4.6810 220 50 50
-8.2500 8.5000 1.5240 180 120 60
-12.9375 -9.0000 1.2270 180 120 60
-19.3750 15.0000 3.0310 128 128 128
-15.1250 6.0000 1.9160 255 165 0
-16.6875 -3.0000 1.0580 180 120 60
-14.8125 15.5000 0.1490 180 120 60
-16.0625 -18.5000 1.1540 180 120 60
-3.7500 -15.0000 4.4160 220 50 50
0.8125 -6.5000 1.0910 180 120 60
19.5625 -14.0000 4.1980 128 128 128
-12.1875 -12.5000 5.9060 220 50 50
18.5625 -14.5000 4.0150 128 128 128
-7.5625 -3.5000 1.1000 180 120 60
-5.0000 -12.0000 4.4210 220 50 50
22.1875 -5.5000 1.1170 180 120 60
4.1875 -15.0000 1.1590 128 128 128
-14.5625 -0.5000 1.0800 180 120 60
-20.0000 10.0000 3.0670 128 128 128
16.8125 -2.0000 4.1600 220 50 50
-7.1250 -6.0000 1.0500 180 120 60
5.2500 -21.5000 3.6470 220 50 50
-0.5000 -12.0000 4.1160 220 50 50
-18.5625 -11.5000 1.6050 220 50 50
0.5000 -4.0000 1.1320 180 120 60
12.1250 22.0000 0.5600 180 120 60
-5.2500 -10.0000 1.3560 220 50 50
5.1250 15.0000 1.8970 128 128 128
25.2500 7.0000 1.1010 180 120 60
2.4375 -5.5000 1.0850 180 120 60
11.8750 -19.0000 1.0220 180 120 60
18.1875 2.0000 1.1080 180 120 60
-4.8125 1.0000 1.1920 180 120 60
-17.8125 -22.0000 1.0940 180 120 60
-8.1875 -4.0000 1.0660 180 120 60
-23.1875 24.0000 1.7580 220 50 50
5.3750 -23.5000 3.2160 220 50 50
-13.1250 -14.0000 5.6200 220 50 50
-14.1250 13.0000 0.1390 180 120 60
3.8125 21.5000 1.1960 180 120 60
-20.3750 22.0000 1.3340 180 120 60
1.9375 24.5000 0.0680 180 120 60
-13.6875 3.0000 1.4570 180 120 60
-0.5000 13.0000 5.1540 220 50 50
17.6250 -5.0000 4.3590 220 50 50
-20.7500 8.0000 0.1650 30 144 255
-20.8125 -13.0000 0.3010 128 128 128
-1.9375 -10.0000 1.1020 180 120 60
6.9375 6.0000 4.1650 220 50 50
12.0000 4.5000 1.2380 180 120 60
-13.5625 17.0000 0.1140 180 120 60
-12.1875 12.5000 0.2230 180 120 60
-15.9375 18.0000 0.1440 180 120 60
21.4375 18.0000 0.9560 180 120 60
-12.5000 -5.5000 1.1350 180 120 60
-10.1250 -22.5000 4.2170 220 50 50
2.8750 21.5000 1.9220 128 128 128
21.5000 -16.0000 4.5130 220 50 50
-2.9375 -4.5000 1.0700 180 120 60
-3.2500 -17.5000 7.2730 220 50 50
6.5625 -17.5000 1.1170 180 120 60
5.6250 14.0000 1.1710 180 120 60
16.6875 3.0000 1.3150 128 128 128
10.0000 4.5000 4.0650 220 50 50
4.9375 11.5000 5.2470 128 128 128
7.9375 0.0000 4.5110 220 50 50
-17.3750 -9.0000 3.7260 220 50 50
-5.5000 23.0000 0.1720 180 120 60
-17.8750 25.5000 5.4850 220 50 50
11.0625 -21.5000 4.8990 220 50 50
6.8750 13.5000 1.1860 180 120 60
1.1875 -24.0000 3.5410 220 50 50
10.5625 4.0000 4.1030 220 50 50
24.8750 -8.0000 4.1540 220 50 50
-7.0625 -17.0000 4.2090 220 50 50
18.7500 6.5000 1.1710 180 120 60
4.1875 5.0000 4.5530 220 50 50
-20.6250 -18.0000 1.0520 180 120 60
-17.5625 14.5000 0.0890 180 120 60
3.9375 6.5000 5.8310 220 50 50
6.6250 17.0000 3.1600 128 128 128
23.0625 2.0000 1.0060 180 120 60
8.9375 -3.0000 4.2840 220 50 50
12.5625 0.5000 4.3070 220 50 50
-23.3750 12.5000 2.0820 255 165 0
-0.0625 16.5000 2.0700 128 128 128
7.3125 14.5000 1.1490 180 120 60
-0.4375 -22.0000 5.7250 220 50 50
13.6875 -22.5000 1.7020 128 128 128
-23.1875 15.0000 1.9750 255 165 0
4.6250 9.0000 5.1460 220 50 50
-14.3750 -20.0000 2.6360 128 128 128
-8.1875 0.0000 1.1840 180 120 60
19.9375 -13.5000 3.6980 220 50 50
7.2500 2.0000 4.5480 220 50 50
20.8750 22.5000 0.1350 30 144 255
-12.1875 -4.0000 1.0740 180 120 60
-14.1875 21.5000 0.1410 180 120 60
12.3125 -15.0000 0.9740 180 120 60
24.3750 -16.0000 5.0430 220 50 50
22.6875 -7.0000 1.0940 180 120 60
-7.0625 -0.5000 1.1700 180 120 60
22.0000 -15.5000 4.5000 220 50 50
14.9375 -20.5000 0.9660 180 120 60
17.9375 11.5000 0.8890 180 120 60
15.8125 10.0000 1.0390 180 120 60
-6.6875 -12.5000 3.8460 220 50 50
-20.5000 -5.0000 0.1480 30 144 255
23.4375 1.0000 0.9930 180 120 60
-6.7500 4.0000 1.3560 180 120 60
11.4375 -11.5000 3.6410 128 128 128
1.8125 -13.5000 6.1070 220 50 50
-9.1250 -18.5000 5.5150 220 50 50
7.0000 14.5000 1.2000 180 120 60
19.8125 8.5000 1.1040 180 120 60
16.6875 -4.5000 4.3810 220 50 50
-17.5000 -18.5000 3.4690 128 128 128
-4.1250 4.0000 1.4520 220 50 50
18.1250 -21.0000 0.9600 180 120 60
19.4375 -20.5000 0.9080 180 120 60
16.8750 -23.0000 0.9350 180 120 60
-19.7500 -13.0000 0.2410 180 120 60
-19.0000 -9.5000 0.3540 180 120 60
16.0625 -13.0000 2.1920 128 128 128
-11.6250 -0.5000 1.1310 180 120 60
-18.3125 2.0000 0.1460 30 144 255
14.1250 5.5000 1.0730 180 120 60
10.2500 -9.0000 1.0780 180 120 60
-4.5000 -10.0000 4.2840 220 50 50
9.1250 9.5000 1.1670 180 120 60
-22.1250 -16.5000 1.0600 128 128 128
21.1250 -4.5000 4.1700 220 50 50
-17.5625 -5.5000 0.7630 180 120 60
-14.7500 -5.5000 1.1390 180 120 60
-17.8125 -15.5000 2.4530 128 128 128
-9.7500 -5.0000 1.0180 180 120 60
-21.7500 14.5000 2.0110 255 165 0
2.0000 -17.0000 6.5390 220 50 50
5.3750 5.0000 4.4350 220 50 50
25.5625 6.5000 1.0970 180 120 60
-21.3750 -16.5000 2.1960 128 128 128
17.6875 -8.0000 4.4610 220 50 50
7.9375 5.5000 4.2180 220 50 50
13.3125 25.5000 1.0310 128 128 128
-17.6250 -10.0000 3.7810 220 50 50
-12.9375 3.0000 1.4460 180 120 60
-0.7500 16.0000 4.4930 128 128 128
10.9375 -12.5000 1.0370 180 120 60
-16.2500 11.5000 2.1800 255 165 0
-10.8125 15.0000 0.1330 180 120 60
-15.5000 -20.5000 1.1440 180 120 60
-15.9375 -0.5000 1.9240 128 128 128
-14.8125 23.0000 0.1400 180 120 60
-22.0625 -21.0000 0.9720 128 128 128
13.3750 21.0000 0.5840 128 128 128
-11.3125 -7.5000 5.1110 220 50 50
-21.1250 9.0000 0.1460 30 144 255
12.9375 -20.0000 0.9990 180 120 60
-12.5000 -5.5000 3.0660 128 128 128
-14.0000 -22.0000 1.7570 128 128 128
-13.3750 -21.5000 1.4710 220 50 50
-0.5625 -8.5000 1.0620 180 120 60
21.8125 5.0000 1.0350 180 120 60
-18.0000 7.0000 0.3860 128 128 128
2.8750 -17.5000 6.5950 220 50 50
13.4375 11.5000 1.0510 180 120 60
-22.1250 -4.0000 0.1680 30 144 255
-15.6250 -15.0000 5.1330 220 50 50
-5.3750 -8.0000 2.0630 128 128 128
-23.1250 -11.5000 0.1210 30 144 255
6.3750 13.5000 1.2060 180 120 60
23.0000 3.0000 0.9680 180 120 60
-15.0000 1.5000 1.3120 180 120 60
-1.8125 11.0000 5.8170 220 50 50
-9.8750 20.5000 0.1580 180 120 60
-2.8750 -10.5000 4.1410 220 50 50
11.1875 6.5000 1.1390 180 120 60
-12.8125 17.0000 0.1590 180 120 60
9.8750 5.5000 4.0120 220 50 50
17.8125 17.5000 0.2390 128 128 128
12.6250 4.5000 2.0620 128 128 128
3.7500 9.0000 5.3490 220 50 50
15.2500 5.5000 1.4690 128 128 128
5.7500 -21.5000 3.6420 220 50 50
-15.0625 7.5000 2.0040 255 165 0
-12.4375 -18.0000 5.0640 220 50 50
-19.8750 23.5000 4.7970 220 50 50
-11.5625 -7.5000 5.1500 220 50 50
6.0625 13.5000 1.1720 180 120 60
-13.2500 7.5000 1.8580 180 120 60
-5.5000 -0.5000 1.2170 180 120 60
15.1250 -15.0000 1.0050 180 120 60
-9.5000 18.5000 0.1750 180 120 60
-3.1875 -20.5000 5.6710 220 50 50
-9.1250 2.5000 1.2770 180 120 60
-4.1250 24.5000 0.1400 180 120 60
-0.5625 -19.5000 5.9350 220 50 50
19.5625 -1.0000 1.9450 128 128 128
14.1875 3.0000 1.1790 180 120 60
15.1250 -6.5000 4.3520 220 50 50
17.0000 0.0000 4.0100 220 50 50
-14.9375 -10.5000 4.3020 220 50 50
-18.3125 -14.5000 1.5150 128 128 128
24.5000 8.0000 0.1320 30 144 255
5.1250 7.0000 5.4780 220 50 50
17.2500 13.0000 1.0790 180 120 60
4.2500 21.0000 1.2470 180 120 60
-8.6875 -13.5000 5.7950 220 50 50
-19.6250 -14.0000 0.4290 180 120 60
-14.0625 -12.0000 5.7710 220 50 50
10.4375 13.0000 2.1330 128 128 128
21.7500 -15.0000 4.3910 220 50 50
-19.6250 10.0000 3.0680 128 128 128
-2.5000 15.0000 1.4410 180 120 60
-23.5625 0.5000 0.1390 30 144 255
-6.3125 -20.0000 4.2360 220 50 50
-0.5625 16.0000 2.1660 128 128 128
-18.6875 21.5000 1.0270 180 120 60
-11.5000 4.5000 1.5020 180 120 60
-15.5000 -8.5000 1.1600 180 120 60
-8.0625 -1.5000 1.1390 180 120 60
13.5625 22.0000 0.5660 128 128 128
18.1250 2.5000 1.1220 180 120 60
22.9375 -14.0000 4.4730 220 50 50
-3.8750 19.5000 1.0200 180 120 60
-21.0625 12.5000 2.0690 255 165 0
13.7500 -5.0000 4.4980 220 50 50
-17.9375 21.5000 5.0690 128 128 128
14.3125 5.0000 1.0690 180 120 60
3.1250 -4.5000 3.0680 128 128 128
19.4375 9.0000 1.1020 180 120 60
24.6875 -14.0000 4.8040 220 50 50
9.3125 -5.5000 4.0250 220 50 50
-15.0625 25.5000 0.8470 180 120 60
0.1250 5.0000 5.9150 220 50 50
17.5000 1.0000 1.3220 128 128 128
7.1875 -17.5000 1.7640 128 128 128
1.7500 -16.0000 6.4620 220 50 50
-22.6875 1.5000 0.1640 30 144 255
7.8750 10.5000 1.6080 128 128 128
2.4375 25.5000 0.1450 180 120 60
0.3750 12.5000 5.1040 220 50 50
20.6875 -2.0000 1.1040 180 120 60
1.0000 -4.5000 1.1390 180 120 60
22.5000 -17.5000 1.0510 180 120 60
6.6250 9.0000 1.7020 128 128 128
20.4375 22.5000 0.1230 30 144 255
13.0000 -17.0000 0.9610 180 120 60
17.1250 -10.0000 4.1710 220 50 50
-21.9375 7.0000 0.1400 30 144 255
-6.7500 2.5000 1.2750 180 120 60
1.3750 17.5000 1.4260 128 128 128
11.0625 -8.0000 3.8790 220 50 50
24.2500 -0.5000 0.9990 180 120 60
-13.6250 -18.5000 1.2290 180 120 60
10.7500 -17.0000 1.0280 180 120 60
-2.9375 21.0000 0.7220 180 120 60
-22.4375 -7.0000 0.1360 30 144 255
22.0625 -0.5000 1.0110 180 120 60
23.8750 8.0000 0.2140 180 120 60
24.6875 12.0000 0.1790 30 144 255
-9.3750 17.0000 0.1230 180 120 60
-4.9375 -22.5000 5.4320 220 50 50
11.3125 9.5000 1.0430 180 120 60
-5.6875 -17.0000 5.2350 220 50 50
8.3125 -13.0000 1.0440 180 120 60
9.2500 10.0000 1.4160 128 128 128
11.0000 17.5000 0.6100 180 120 60
-23.6250 17.5000 1.9670 180 120 60
-21.5625 25.5000 4.9590 220 50 50
-14.3125 10.5000 3.0480 128 128 128
20.2500 -12.0000 3.5770 220 50 50
-13.1250 -8.0000 1.1250 180 120 60
-6.3750 -22.5000 5.3480 220 50 50
15.1875 26.0000 0.4910 180 120 60
18.1875 -23.0000 0.9560 180 120 60
24.0625 7.5000 0.4760 180 120 60
15.2500 -0.5000 4.1260 220 50 50
-20.5625 -23.5000 1.9100 128 128 128
12.5625 11.5000 1.0560 180 120 60
-1.5625 -6.0000 1.1240 180 120 60
-8.6875 13.0000 1.2870 180 120 60
-6.2500 16.5000 1.0860 180 120 60
-8.5625 -1.5000 1.1590 180 120 60
-16.8750 13.0000 3.1170 128 128 128
19.9375 7.0000 1.2730 128 128 128
19.8125 -23.0000 0.9470 180 120 60
1.4375 9.5000 5.5930 220 50 50
-2.2500 -11.5000 4.2330 220 50 50
-8.8750 1.0000 1.2520 180 120 60
-16.8125 -7.5000 3.7210 220 50 50
-23.2500 12.5000 2.0820 255 165 0
-21.3750 -2.5000 0.1640 30 144 255
10.2500 7.0000 1.1730 180 120 60
-17.9375 5.0000 0.1700 30 144 255
-8.3125 -2.5000 1.1070 180 120 60
-5.8750 -10.5000 3.4460 220 50 50
-9.7500 -19.5000 4.2470 220 50 50
-20.7500 -22.0000 5.0950 128 128 128
-16.1875 -11.5000 4.1440 220 50 50
-2.8750 19.5000 1.1550 180 120 60
-1.6250 -3.0000 1.1240 180 120 60
15.8125 -11.5000 3.8670 220 50 50
-12.3125 6.0000 1.6680 180 120 60
18.5000 -1.5000 3.9730 220 50 50
-9.3125 15.0000 1.0060 180 120 60
-9.0625 -12.0000 5.5620 220 50 50
2.6875 -17.0000 6.5320 220 50 50
11.6250 23.0000 1.1390 128 128 128
7.8125 24.0000 0.1220 180 120 60
12.3125 -21.0000 1.0730 180 120 60
19.1250 -8.0000 4.5800 220 50 50
0.2500 -21.5000 5.8610 220 50 50
16.8750 10.5000 1.0940 180 120 60
8.8125 -20.5000 5.0520 220 50 50
19.7500 -17.0000 4.0910 128 128 128
18.6875 -11.0000 4.2150 220 50 50
-3.1875 -18.5000 5.8240 220 50 50
-20.6250 15.5000 2.0690 255 165 0
21.3125 14.5000 0.1630 30 144 255
18.4375 -5.0000 4.2360 220 50 50
-1.4375 -10.0000 1.0920 180 120 60
-9.7500 -15.0000 5.8330 220 50 50
20.0625 -0.5000 1.8000 128 128 128
6.2500 1.5000 4.5670 220 50 50
24.5625 5.5000 1.1400 180 120 60
13.2500 2.0000 4.1050 220 50 50
4.1875 -13.0000 1.0690 180 120 60
8.5625 16.0000 1.2220 180 120 60
8.7500 -16.0000 1.0410 180 120 60
-4.1250 23.0000 0.1480 180 120 60
-16.2500 -7.5000 1.1960 180 120 60
-21.3750 6.5000 0.1340 30 144 255
9.8125 -1.0000 4.6660 220 50 50
-17.1250 21.5000 0.1340 180 120 60
22.8750 22.5000 0.1280 30 144 255
1.7500 -17.0000 6.6390 220 50 50
23.4375 -23.5000 0.8960 180 120 60
21.1875 2.5000 0.9910 180 120 60
-20.7500 17.0000 0.2510 128 128 128
15.7500 7.5000 0.9430 180 120 60
-3.1250 -22.5000 5.5300 220 50 50
13.8125 1.5000 4.0970 220 50 50
2.0000 2.5000 5.8370 220 50 50
21.4375 -5.0000 4.1350 220 50 50
15.8125 -12.5000 1.0900 180 120 60
16.3125 2.5000 1.1980 180 120 60
-12.2500 -6.5000 1.1240 180 120 60
-23.3125 23.0000 1.5800 180 120 60
-18.8125 -21.5000 1.0730 180 120 60
-11.1250 17.0000 0.1610 180 120 60
13.6250 23.0000 0.5510 180 120 60
23.6250 2.0000 0.9770 180 120 60
14.9375 -12.5000 2.9470 128 128 128
-11.9375 -13.0000 5.8840 220 50 50
14.1875 23.5000 0.5570 180 120 60
-12.5000 -17.5000 5.1080 220 50 50
-1.1250 0.5000 1.3790 128 128 128
-11.9375 8.5000 1.7340 180 120 60
-4.0625 -10.0000 4.4110 220 50 50
-0.8125 -20.5000 5.8080 220 50 50
18.9375 -9.0000 1.0970 180 120 60
3.5000 -5.5000 2.9100 128 128 128
-10.9375 0.0000 1.1240 180 120 60
-6.1250 8.0000 5.5270 220 50 50
2.5000 18.0000 2.2900 128 128 128
10.5000 -3.5000 4.3410 220 50 50
5.9375 -1.5000 4.1930 220 50 50
3.1875 8.0000 5.6200 220 50 50
-18.1875 10.0000 2.0800 255 165 0
1.1250 9.5000 5.6390 220 50 50
-8.3125 6.0000 1.4260 180 120 60
2.9375 -6.0000 1.1170 180 120 60
14.0625 4.0000 2.1750 128 128 128
2.8750 6.5000 6.0120 220 50 50
5.9375 6.0000 4.2540 220 50 50
6.0000 -18.0000 3.8960 220 50 50
-23.8125 -8.5000 0.1410 30 144 255
18.6875 -20.5000 0.9130 180 120 60
2.3125 -14.5000 6.1730 220 50 50
7.1875 24.0000 0.1540 180 120 60
-9.0000 -19.5000 5.4650 220 50 50
7.5000 -15.5000 1.0650 180 120 60
-17.8125 -9.0000 1.5890 220 50 50
9.5625 -13.5000 1.0280 180 120 60
-17.0625 10.5000 2.0800 255 165 0
-10.8750 -14.5000 5.7760 220 50 50
-17.1250 19.5000 0.1190 180 120 60
-3.4375 17.0000 1.3070 180 120 60
11.8125 -2.0000 4.5780 220 50 50
23.3125 5.0000 1.0640 180 120 60
-0.8750 -5.5000 1.0730 180 120 60
19.0000 -16.0000 1.0450 180 120 60
17.4375 7.0000 1.4350 128 128 128
14.5625 6.0000 1.0190 180 120 60
6.3125 -1.0000 4.2390 220 50 50
-12.1875 7.0000 1.7230 180 120 60
13.5625 -19.0000 0.9660 180 120 60
-8.2500 -2.0000 1.1250 180 120 60
13.2500 -3.0000 4.5420 220 50 50
-12.5000 0.5000 1.1850 180 120 60
-7.4375 -4.0000 1.0900 180 120 60
16.6875 -18.0000 0.9320 180 120 60
-15.8125 1.0000 1.7950 128 128 128
2.4375 -17.5000 6.6340 220 50 50
-17.3125 1.0000 1.3130 128 128 128
-16.6875 -12.0000 4.1230 220 50 50
-24.1875 7.0000 0.1490 30 144 255
-7.1875 19.5000 0.1380 180 120 60
-4.1250 -21.0000 5.5930 220 50 50
3.9375 -5.5000 2.5270 128 128 128
8.2500 -1.5000 4.4000 220 50 50
5.5000 3.5000 4.5740 220 50 50
15.1250 2.5000 2.2730 128 128 128
-11.8125 -19.0000 1.1830 180 120 60
16.7500 15.0000 0.2420 128 128 128
-23.6250 -4.0000 0.1660 30 144 255
-18.9375 -12.0000 0.8200 180 120 60
25.1875 6.5000 1.0780 180 120 60
3.4375 14.5000 4.7060 128 128 128
-14.0625 -2.5000 1.0750 180 120 60
-0.5625 17.0000 1.7870 128 128 128
-12.6875 -2.0000 1.0300 180 120 60
23.6875 -18.0000 1.9300 220 50 50
-10.3125 5.5000 1.4970 180 120 60
22.3750 -8.5000 1.1010 180 120 60
25.2500 -13.0000 4.8410 220 50 50
22.0000 -12.5000 4.0220 220 50 50
-4.4375 1.0000 1.2440 180 120 60
-8.3125 -13.5000 4.0370 220 50 50
-20.3750 -8.5000 0.4000 128 128 128
14.3750 -3.5000 4.5250 220 50 50
-17.1875 13.5000 0.1460 180 120 60
21.1875 -2.5000 1.1100 180 120 60
23.0000 -5.5000 1.1140 180 120 60
16.8125 16.0000 0.4130 128 128 128
7.7500 -12.0000 1.0240 180 120 60
24.6875 -8.5000 1.3140 220 50 50
0.5625 -10.0000 1.0970 180 120 60
1.1250 -23.0000 3.4050 220 50 50
-16.8125 23.5000 0.9020 180 120 60
-15.5625 -18.0000 1.2560 180 120 60
-3.6875 -9.5000 1.2020 128 128 128
-4.1875 -11.0000 4.3880 220 50 50
-7.5000 21.0000 0.1000 180 120 60
-3.6875 20.5000 0.6600 180 120 60
-6.6250 17.5000 0.8750 180 120 60
14.3750 23.0000 0.5330 128 128 128
1.3125 22.0000 1.0460 180 120 60
22.0625 -10.5000 3.7310 220 50 50
-13.5625 -10.0000 4.4330 220 50 50
0.0625 20.5000 1.2520 180 120 60
-7.2500 10.5000 1.5140 180 120 60
14.0000 22.0000 0.5500 128 128 128
-23.6250 25.5000 4.6790 220 50 50
-21.3125 5.5000 0.1530 30 144 255
-6.8125 25.0000 0.1630 180 120 60
22.3125 22.5000 0.1510 30 144 255
8.0000 -14.0000 1.0250 180 120 60
21.0625 -8.0000 1.1050 180 120 60
21.0625 -6.5000 1.0790 180 120 60
-3.5000 -15.0000 4.8070 220 50 50
-1.8125 -20.5000 5.7520 220 50 50
9.1250 -14.0000 1.0150 180 120 60
-21.2500 16.5000 2.0850 255 165 0
18.8125 12.5000 0.1740 30 144 255
-4.9375 -10.0000 2.1120 220 50 50
16.3750 -7.5000 4.3510 220 50 50
17.2500 19.5000 0.1300 128 128 128
-1.9375 5.0000 5.6800 220 50 50
-20.5000 -15.0000 1.6490 128 128 128
24.5000 5.0000 1.1130 180 120 60
16.1875 -5.0000 4.4730 220 50 50
-22.9375 9.5000 0.1360 30 144 255
5.0625 7.5000 5.4270 220 50 50
-2.3750 2.5000 5.0370 220 50 50
23.6875 -4.0000 1.1010 180 120 60
13.8125 -24.0000 3.2470 220 50 50
-23.8125 13.0000 2.0330 128 128 128
-15.1875 -14.0000 5.3430 220 50 50
-8.5000 25.5000 0.1480 180 120 60
-3.1875 -22.5000 5.5390 220 50 50
21.4375 22.0000 0.1530 30 144 255
22.8125 -7.5000 1.0980 180 120 60
5.3750 -6.0000 1.0950 180 120 60
9.0625 20.0000 1.1270 128 128 128
5.9375 24.0000 0.1380 180 120 60
-18.6875 -1.5000 0.1500 30 144 255
17.2500 3.0000 2.2220 128 128 128
3.9375 -21.5000 3.6920 220 50 50
-22.4375 18.5000 1.9170 180 120 60
-4.0000 -12.5000 5.6420 220 50 50
-15.8750 -11.5000 4.1970 220 50 50
-24.1875 -2.5000 0.0960 30 144 255
10.5625 -9.5000 1.0910 180 120 60
23.5625 -21.5000 0.9390 180 120 60
7.0000 -5.0000 1.6590 220 50 50
25.5000 -21.0000 0.9670 180 120 60
-19.9375 18.5000 0.1670 180 120 60
-14.2500 12.5000 0.1160 180 120 60
-18.5000 -11.5000 1.6030 220 50 50
-3.6250 -7.5000 1.0800 180 120 60
12.0000 9.5000 0.9960 180 120 60
15.9375 -24.0000 0.9730 180 120 60
1.0625 25.5000 0.1740 180 120 60
17.3750 -5.0000 4.3770 220 50 50
18.6875 -8.0000 4.5560 220 50 50
-19.8125 2.5000 0.1340 30 144 255
-9.3125 -16.0000 3.8620 220 50 50
-11.3125 18.5000 0.1310 180 120 60
-14.4375 20.5000 0.1700 180 120 60
6.9375 -19.0000 3.8490 220 50 50
-23.5625 5.0000 0.1570 30 144 255
0.6875 18.0000 4.4180 128 128 128
15.7500 -19.5000 0.9750 180 120 60
18.8125 -23.5000 0.9780 180 120 60
5.8750 10.5000 1.8050 128 128 128
21.8750 -8.5000 1.0870 180 120 60
-12.3125 -22.5000 4.2160 220 50 50
-11.6875 -20.0000 4.2080 220 50 50
-19.0000 19.0000 0.1430 180 120 60
-9.8125 19.0000 0.1340 180 120 60
-8.7500 21.5000 0.1300 180 120 60
0.2500 -7.0000 1.1150 180 120 60
23.1250 -15.0000 4.5960 220 50 50
-7.3750 14.0000 1.2070 180 120 60
-19.3750 19.5000 0.1540 180 120 60
15.2500 -23.5000 1.8920 128 128 128
-23.0625 -8.0000 0.1430 30 144 255
16.3125 2.5000 1.3220 128 128 128
6.6250 -19.0000 3.8480 220 50 50
3.5625 23.5000 0.2290 180 120 60
12.9375 0.5000 4.2470 220 50 50
-15.8125 -20.0000 1.1450 180 120 60
13.0000 -6.5000 4.1900 220 50 50
-0.8750 4.5000 5.6670 220 50 50
-17.3125 12.0000 2.0640 255 165 0
0.4375 24.0000 0.1390 180 120 60
20.0625 9.5000 1.0160 180 120 60
10.1875 25.0000 0.7840 128 128 128
11.5000 -21.5000 1.5450 220 50 50
0.8125 7.5000 6.1410 220 50 50
21.4375 -9.0000 1.0910 180 120 60
4.7500 7.5000 5.5420 220 50 50
19.2500 -3.0000 4.0770 220 50 50
-6.6250 -4.0000 1.1170 180 120 60
-15.1875 -19.0000 5.0480 128 128 128
12.7500 3.0000 4.0610 220 50 50
-21.8750 10.5000 0.1500 30 144 255
-11.2500 -8.5000 5.2970 220 50 50
-17.3125 25.0000 0.9670 180 120 60
-20.7500 -14.0000 0.1370 30 144 255
-3.5000 -18.0000 5.8850 220 50 50
4.8125 -10.5000 1.0480 180 120 60
10.5000 -15.0000 1.0130 180 120 60
12.7500 8.5000 0.9930 180 120 60
1.6875 1.5000 5.5020 220 50 50
-9.6875 -15.5000 5.8310 220 50 50
-5.8750 -7.5000 1.3290 128 128 128
20.8750 -9.5000 1.0860 180 120 60
-0.7500 -19.0000 7.2730 220 50 50
7.8125 24.5000 0.1270 180 120 60
-23.5625 -7.0000 0.1170 30 144 255
-2.0625 -1.0000 1.1950 180 120 60
-21.3750 -2.0000 0.1570 30 144 255
8.5625 1.0000 4.5160 220 50 50
15.5625 -12.5000 2.4960 128 128 128
-15.1250 6.5000 1.9440 255 165 0
15.1250 -22.0000 0.9750 180 120 60
15.1250 -11.0000 3.8670 220 50 50
14.5000 -1.5000 4.3240 220 50 50
14.8750 -11.5000 1.1220 180 120 60
8.1875 14.0000 1.1940 180 120 60
7.5000 -2.0000 4.2900 220 50 50
-12.8125 7.0000 1.7880 180 120 60
-6.8750 -21.5000 5.2640 220 50 50
-3.9375 19.0000 1.1420 180 120 60
21.6250 18.5000 0.9560 180 120 60
18.3125 -20.5000 0.9380 180 120 60
22.3125 10.5000 0.1450 30 144 255
14.9375 26.0000 0.5060 180 120 60
16.1250 9.0000 1.0200 180 120 60
6.6875 -10.5000 1.0330 180 120 60
-0.0625 -7.5000 1.0870 180 120 60
6.6875 21.0000 0.2460 180 120 60
10.6875 7.5000 1.1360 180 120 60
-23.1250 3.5000 0.1640 30 144 255
-1.0625 5.0000 5.8080 220 50 50
-16.2500 -22.0000 1.1140 180 120 60
-21.8750 -5.0000 0.1460 30 144 255
-15.8750 4.5000 1.6830 180 120 60
-6.7500 19.5000 0.1560 180 120 60
3.6875 -15.0000 2.9610 220 50 50
-24.0000 4.5000 0.1380 30 144 255
-9.5000 -6.0000 1.0800 180 120 60
-7.8125 -3.5000 1.1120 180 120 60
-23.7500 -7.5000 0.1470 30 144 255
-14.1250 13.0000 0.1610 180 120 60
20.6250 -6.0000 4.2780 220 50 50
12.9375 -6.5000 4.2420 220 50 50
-16.3125 -18.0000 1.1510 180 120 60
-9.4375 -21.5000 4.2460 220 50 50
-1.9375 16.5000 1.6450 128 128 128
-12.7500 21.5000 0.1620 180 120 60
2.3750 10.5000 5.2420 220 50 50
24.1875 1.5000 0.9590 180 120 60
18.3750 16.5000 0.3910 128 128 128
-5.0000 -2.0000 1.1480 180 120 60
-5.3750 -3.0000 1.1550 180 120 60
12.8750 20.5000 1.3720 128 128 128
-23.5625 -12.5000 0.1530 30 144 255
-1.1250 -19.0000 5.9440 220 50 50
18.6250 -8.5000 4.4810 220 50 50
-23.7500 8.5000 0.1520 30 144 255
-4.2500 -18.0000 5.1210 220 50 50
22.1875 -11.5000 3.9270 220 50 50
19.3750 15.0000 1.0540 180 120 60
3.6250 -6.0000 1.0960 180 120 60
8.3750 -5.5000 3.9760 220 50 50
-0.6250 -17.0000 6.8840 220 50 50
-22.2500 -13.0000 0.5510 128 128 128
-2.8125 26.0000 0.1450 180 120 60
-6.6875 18.5000 0.7690 180 120 60
-0.1875 23.5000 0.1450 180 120 60
-16.1875 23.5000 0.8130 34 139 34
-14.7500 3.5000 1.5840 180 120 60
-15.0625 -22.0000 1.1950 180 120 60
18.9375 -15.0000 4.4930 128 128 128
3.6250 -20.5000 3.8280 220 50 50
-24.1875 9.5000 0.1400 30 144 255
19.3125 10.5000 0.8210 180 120 60
14.8125 -2.0000 4.3400 220 50 50
21.3125 -18.5000 1.0090 180 120 60
-17.6875 -16.5000 1.1330 180 120 60
19.9375 -13.5000 1.4350 220 50 50
3.6250 -13.0000 1.1080 180 120 60
-24.0000 -12.5000 0.1390 30 144 255
-16.5625 24.0000 0.8610 180 120 60
-19.2500 -21.0000 2.6690 128 128 128
-10.3125 9.5000 2.5940 128 128 128
8.0625 13.0000 2.2460 128 128 128
-18.3750 -18.5000 1.1460 180 120 60
8.9375 23.5000 0.1330 180 120 60
-22.3750 -11.0000 0.1640 30 144 255
0.6250 0.0000 1.6070 220 50 50
-2.4375 13.0000 5.4720 220 50 50
25.5625 0.0000 1.0100 180 120 60
-23.1250 8.5000 0.1550 30 144 255
23.1875 -17.5000 5.0180 220 50 50
-19.0625 3.0000 0.1560 30 144 255
-9.2500 15.5000 0.7950 180 120 60
-5.6875 22.5000 0.1440 180 120 60
23.3750 6.5000 1.1160 180 120 60
-6.9375 20.5000 0.1060 180 120 60
-18.5625 25.0000 5.3300 220 50 50
25.5625 2.0000 1.0380 180 120 60
5.3750 9.5000 5.4930 128 128 128
12.7500 -22.5000 3.3800 128 128 128
24.6875 10.0000 0.1700 30 144 255
-15.6250 12.5000 0.1150 180 120 60
1.8125 -19.5000 6.9940 220 50 50
-0.3750 14.0000 5.0410 220 50 50
18.1250 -12.5000 3.9310 220 50 50
-9.0000 -18.0000 4.2090 220 50 50
-6.7500 -14.0000 4.2320 220 50 50
6.5000 -8.5000 1.0770 180 120 60
17.1250 -14.5000 1.5240 128 128 128
-0.3125 18.0000 1.5960 180 120 60
21.2500 0.0000 1.0540 180 120 60
-20.5000 -7.5000 0.1780 30 144 255
-6.0000 -15.0000 4.2460 220 50 50
-6.2500 21.0000 0.1370 180 120 60
-2.0625 -6.5000 1.1040 180 120 60
-4.1875 0.5000 1.2190 180 120 60
-0.3125 16.0000 2.1910 128 128 128
23.5000 -15.0000 4.7340 220 50 50
-5.5000 25.5000 0.1960 180 120 60
13.0625 11.5000 1.0620 180 120 60
15.1250 16.5000 0.1750 128 128 128
-19.5625 1.0000 0.1380 30 144 255
-11.7500 21.0000 0.1420 180 120 60
-21.5000 -11.0000 0.3020 128 128 128
-5.5000 2.0000 1.2540 180 120 60
-17.5625 -2.5000 0.3930 180 120 60
-15.6250 -12.5000 4.3510 220 50 50
-20.9375 23.5000 4.7270 220 50 50
-12.0625 -0.5000 1.1430 180 120 60
-15.8750 -12.0000 4.2850 220 50 50
-18.8125 -9.0000 0.4530 180 120 60
17.9375 -23.0000 0.9250 180 120 60
-0.4375 4.0000 5.6970 220 50 50
-2.7500 20.5000 0.9410 180 120 60
24.8125 0.5000 0.9610 180 120 60
-7.0000 -17.0000 4.2090 220 50 50
-17.8750 -23.0000 1.0390 180 120 60
15.0000 23.0000 5.4170 128 128 128
-9.1250 -14.5000 3.8940 220 50 50
4.5625 13.0000 1.2090 180 120 60
9.8750 -18.0000 1.0330 180 120 60
12.5000 -20.0000 0.9780 180 120 60
-7.3750 5.0000 1.3390 180 120 60
2.4375 6.0000 6.1890 220 50 50
1.1875 -20.5000 1.6750 128 128 128
-1.1875 2.5000 5.2890 220 50 50
-13.7500 12.0000 0.4540 180 120 60
5.5625 -22.5000 3.4780 220 50 50
9.6250 -8.5000 1.1460 180 120 60
11.5625 0.5000 4.4080 220 50 50
-16.0625 18.0000 0.1600 180 120 60
12.6875 10.0000 0.9740 180 120 60
-9.1250 -19.5000 5.4070 220 50 50
-16.3125 21.0000 0.1710 180 120 60
-1.6250 -1.5000 1.1650 180 120 60
0.0000 -23.5000 3.2130 220 50 50
-1.5625 25.5000 0.1370 180 120 60
7.0625 14.0000 5.1750 128 128 128
-11.3125 6.5000 1.6400 180 120 60
7.8750 24.5000 0.1670 180 120 60
3.2500 -23.0000 3.5850 220 50 50
-11.8750 -5.5000 1.1060 180 120 60
7.0625 -13.0000 1.0230 180 120 60
-20.1875 -2.0000 0.1650 30 144 255
-10.9375 24.5000 0.1310 180 120 60
-9.2500 -19.5000 5.4270 220 50 50
17.5625 -22.5000 0.9430 180 120 60
24.9375 -19.5000 5.7280 220 50 50
5.7500 12.5000 1.1810 180 120 60
-14.5000 15.5000 0.1320 180 120 60
3.1250 9.0000 5.4140 220 50 50
-8.8750 13.0000 2.0690 128 128 128
-8.8125 20.5000 0.0440 180 120 60
-17.9375 -15.0000 2.4580 128 128 128
-3.8750 18.0000 1.1320 180 120 60
-9.4375 -12.5000 5.6970 220 50 50
-1.7500 -15.0000 6.6780 220 50 50
-12.7500 4.5000 1.5790 180 120 60
10.7500 8.0000 1.1080 180 120 60
-22.0625 -23.5000 1.4790 128 128 128
23.9375 -22.0000 0.9170 180 120 60
-7.2500 -9.0000 2.1780 128 128 128
-16.7500 22.5000 0.2200 128 128 128
-15.6875 -23.5000 1.0820 180 120 60
1.8750 -8.0000 1.0830 180 120 60
15.0000 3.0000 1.9850 128 128 128
16.8750 4.0000 1.1130 180 120 60
3.1875 13.5000 4.6740 128 128 128
25.6875 -10.5000 4.2190 220 50 50
-16.6250 9.5000 2.0520 255 165 0
1.0625 -15.5000 6.4370 220 50 50
8.7500 -15.0000 1.0380 180 120 60
18.0000 2.5000 1.9630 128 128 128
-1.0000 20.5000 1.1730 180 120 60
-19.1875 1.0000 0.1450 30 144 255
21.3750 -7.5000 1.0960 180 120 60
-15.9375 -15.0000 5.1450 220 50 50
10.9375 20.5000 0.6090 180 120 60
4.4375 14.5000 4.7110 128 128 128
0.1250 23.0000 0.1670 180 120 60
4.1875 -23.0000 3.4320 220 50 50
10.0625 1.5000 4.3420 220 50 50
-13.3750 -16.0000 5.2380 220 50 50
-2.7500 2.5000 1.2730 180 120 60
-14.2500 1.5000 1.2820 180 120 60
-4.0625 -13.5000 5.6330 220 50 50
19.1875 -24.0000 0.9770 180 120 60
17.0625 -13.0000 1.0640 180 120 60
-7.5000 -8.0000 1.1420 180 120 60
17.0625 -20.5000 0.9440 180 120 60
-9.1875 -1.5000 1.1420 180 120 60
20.7500 -19.5000 0.9700 180 120 60
-17.8750 -18.0000 3.5800 128 128 128
5.9375 22.5000 0.1550 180 120 60
-15.6875 -19.5000 1.1570 180 120 60
24.0625 4.5000 1.0720 180 120 60
-6.0625 16.5000 1.1240 180 120 60
-11.5000 24.5000 0.1490 180 120 60
20.0625 4.5000 1.0750 180 120 60
-23.5000 11.5000 0.1490 30 144 255
13.8125 7.0000 1.0200 180 120 60
22.7500 9.0000 0.3100 180 120 60
0.9375 9.0000 5.7610 220 50 50
-11.0625 3.5000 1.4320 180 120 60
20.9375 -11.5000 3.6490 220 50 50
-13.0000 10.0000 1.6690 180 120 60
-0.1875 5.5000 5.9770 220 50 50
15.0000 11.0000 1.0690 180 120 60
-15.4375 16.5000 0.1610 180 120 60
-13.4375 9.5000 2.9600 128 128 128
-2.8750 -5.0000 1.0840 180 120 60
-23.5000 9.5000 0.1690 30 144 255
-10.6250 23.5000 0.1200 180 120 60
-22.6875 6.5000 0.1500 30 144 255
15.5000 -16.5000 0.9750 180 120 60
-11.3125 -21.0000 4.1970 220 50 50
6.8125 12.0000 1.1970 180 120 60
-22.3750 -3.0000 0.1290 30 144 255
13.4375 -12.0000 3.6370 128 128 128
20.2500 -11.0000 1.1050 180 120 60
6.5625 -6.0000 1.1550 180 120 60
5.6875 13.0000 1.1980 180 120 60
24.3125 -1.0000 1.0070 180 120 60
-17.0000 -15.5000 1.1960 180 120 60
-10.3125 8.5000 1.5210 180 120 60
1.7500 -21.5000 3.3310 220 50 50
22.6875 -2.0000 1.0320 180 120 60
-20.3125 20.0000 1.1100 180 120 60
2.1875 -3.5000 3.1250 128 128 128
-10.7500 11.0000 1.4410 180 120 60
19.9375 -21.0000 0.9290 180 120 60
-17.3125 9.0000 2.0420 255 165 0
-6.8125 -4.0000 1.0770 180 120 60
12.5000 -8.5000 3.9410 220 50 50
-9.3750 -3.0000 1.0610 180 120 60
3.4375 -22.0000 3.6780 220 50 50
5.8750 -19.5000 3.8120 220 50 50
-7.3125 9.5000 2.4260 128 128 128
-16.3750 -19.5000 4.8530 128 128 128
3.6875 0.5000 4.2570 220 50 50
-0.3125 -19.0000 7.2440 220 50 50
23.9375 -19.0000 1.0150 180 120 60
-17.2500 19.0000 0.1340 180 120 60
-15.1250 16.0000 0.1390 180 120 60
15.3125 8.5000 0.9410 180 120 60
23.7500 -21.5000 0.9350 180 120 60
12.7500 -18.0000 1.0050 180 120 60
20.6875 -19.5000 0.9830 180 120 60
-0.6875 -21.0000 5.7620 220 50 50
-8.8750 -7.0000 1.1500 180 120 60
-4.7500 12.5000 2.1020 128 128 128
4.8750 14.5000 4.6260 128 128 128
22.8125 -11.0000 4.0660 220 50 50
15.8750 -12.0000 1.1250 180 120 60
13.3125 21.0000 0.5710 128 128 128
22.6875 11.0000 0.1430 30 144 255
-8.1875 12.0000 1.2870 180 120 60
6.9375 -12.5000 1.0580 180 120 60
-10.6250 17.5000 0.1610 180 120 60
21.1250 6.0000 1.0920 180 120 60
4.3125 -8.5000 1.0150 180 120 60
-10.6875 21.0000 0.1150 180 120 60
20.5000 20.0000 0.1220 30 144 255
12.8750 -15.5000 0.9660 180 120 60
-0.4375 -4.0000 1.1110 180 120 60
-6.5000 1.5000 1.2610 180 120 60
-8.7500 -17.5000 5.2650 220 50 50
1.5625 -21.0000 3.1800 220 50 50
14.1875 25.0000 0.5160 180 120 60
-3.5625 -11.0000 4.3320 220 50 50
22.1250 -3.5000 4.0110 220 50 50
-20.0625 5.0000 0.1440 30 144 255
-2.3750 9.5000 6.2750 220 50 50
-0.5625 -23.0000 5.6980 220 50 50
-15.5000 13.0000 0.1020 180 120 60
19.7500 -13.5000 1.4940 220 50 50
-2.2500 -9.5000 1.0850 180 120 60
-17.8125 -22.0000 4.8780 128 128 128
0.6875 -15.0000 6.4090 220 50 50
-2.5000 7.5000 6.0670 220 50 50
-15.5625 -12.5000 4.3660 220 50 50
-18.1250 2.5000 0.1270 30 144 255
-19.6875 -1.0000 0.1270 30 144 255
18.6875 -20.0000 0.9180 180 120 60
1.7500 -23.0000 3.5230 220 50 50
-21.3125 1.0000 0.1560 30 144 255
-22.4375 16.0000 2.0210 255 165 0
-16.8125 12.5000 3.0760 128 128 128
13.3750 -10.5000 3.6920 220 50 50
9.3125 -10.5000 1.0570 180 120 60
-7.1250 18.0000 0.3980 180 120 60
9.0000 -4.5000 4.1490 220 50 50
-11.7500 21.0000 0.1360 180 120 60
10.8750 -1.0000 4.5540 220 50 50
0.7500 -5.0000 1.1110 180 120 60
14.7500 15.0000 0.3450 180 120 60
-15.4375 9.5000 2.0130 255 165 0
9.0625 -10.5000 1.0540 180 120 60
12.5000 5.5000 1.1040 180 120 60
-5.3125 10.0000 6.2060 220 50 50
5.4375 16.0000 1.1340 180 120 60
-7.6875 -5.0000 1.0600 180 120 60
-8.5625 -1.0000 1.1380 180 120 60
-5.0000 16.0000 1.2590 180 120 60
10.2500 -9.5000 1.0900 180 120 60
15.0000 4.5000 1.4500 128 128 128
-18.7500 9.5000 2.1100 255 165 0
7.6250 23.0000 0.1320 180 120 60
-19.6875 -12.0000 0.2270 180 120 60
10.5000 -19.0000 1.0420 180 120 60
17.1250 6.0000 1.5020 128 128 128
21.8750 20.0000 0.9370 180 120 60
-10.0000 10.0000 2.4700 128 128 128
21.1875 20.0000 0.1960 30 144 255
-2.7500 0.5000 1.2430 180 120 60
2.1875 2.5000 5.8160 220 50 50
-18.9375 -22.5000 1.0610 180 120 60
3.8750 -14.0000 1.0920 180 120 60
-14.0625 -13.0000 5.6110 220 50 50
-10.8750 -22.5000 4.2220 220 50 50
19.4375 -8.0000 1.0330 180 120 60
18.1875 -16.0000 1.0180 180 120 60
-8.3125 -17.0000 4.2720 220 50 50
13.3750 4.5000 1.9900 128 128 128
12.7500 -0.5000 4.3460 220 50 50
13.8125 11.0000 1.0800 180 120 60
-8.3750 -2.0000 1.1320 180 120 60
11.8125 -5.0000 4.2440 220 50 50
-8.6250 -2.5000 1.1150 180 120 60
13.5000 25.0000 0.9740 128 128 128
-20.9375 -5.0000 0.1560 30 144 255
17.1250 5.0000 1.5390 128 128 128
-20.5625 -24.0000 0.1480 30 144 255
-16.2500 9.5000 2.0230 255 165 0
2.2500 -3.5000 3.1170 128 128 128
-17.8125 -16.5000 1.1550 180 120 60
-15.0000 5.0000 1.9210 255 165 0
-12.3750 19.0000 0.1550 180 120 60
-6.0000 -17.0000 5.2460 220 50 50
-10.2500 1.5000 1.2430 180 120 60
4.3125 15.0000 4.7020 128 128 128
13.1250 -20.5000 0.9850 180 120 60
24.6875 2.5000 1.0290 180 120 60
7.0625 -7.0000 1.7790 128 128 128
-1.4375 15.0000 3.1410 128 128 128
17.8750 9.5000 1.0730 180 120 60
13.2500 -3.5000 4.6070 220 50 50
-16.3750 -16.5000 3.0920 128 128 128
-16.8125 -15.0000 1.2030 180 120 60
-8.9375 -16.0000 4.2060 220 50 50
-0.8750 -4.5000 1.1070 180 120 60
-22.1250 0.5000 0.1110 30 144 255
22.1250 -16.0000 4.5830 220 50 50
17.0625 -8.5000 4.2910 220 50 50
-8.5625 10.5000 1.3860 180 120 60
-8.4375 -13.0000 3.9390 220 50 50
-8.7500 -19.0000 5.5500 220 50 50
-2.8125 6.0000 5.7310 220 50 50
14.0625 5.5000 1.0590 180 120 60
2.6875 4.5000 6.3280 220 50 50
-23.0625 -18.0000 0.1420 30 144 255
-10.3750 -8.0000 5.0830 220 50 50
-19.3125 5.0000 0.1350 30 144 255
-16.5000 -4.5000 1.1210 180 120 60
1.8750 14.0000 4.6780 128 128 128
-2.8125 2.0000 1.2810 180 120 60
-8.1250 24.5000 0.1470 180 120 60
-5.4375 15.0000 1.3400 180 120 60
9.2500 -19.0000 2.0590 128 128 128
-24.1875 24.5000 1.7440 220 50 50
2.8750 0.5000 4.1610 220 50 50
-18.7500 22.0000 0.8850 180 120 60
-17.3125 -18.0000 2.9230 128 128 128
-17.3125 -7.5000 1.2810 180 120 60
20.8750 -2.5000 1.1100 180 120 60
12.8125 -22.0000 3.3870 128 128 128
24.5625 -8.0000 1.7630 128 128 128
2.1250 8.0000 5.7950 220 50 50
-18.1875 -24.0000 0.9270 180 120 60
17.8750 18.5000 0.0800 30 144 255
-18.5625 -7.5000 0.3940 180 120 60
5.8125 1.0000 4.4710 220 50 50
5.3125 -8.5000 1.0530 180 120 60
-8.8125 3.0000 1.2970 180 120 60
11.3750 15.0000 1.2360 180 120 60
-12.6250 -7.0000 1.1060 180 120 60
9.3750 3.5000 4.2200 220 50 50
3.2500 -2.5000 3.9120 220 50 50
-8.8750 -8.0000 1.1800 180 120 60
-14.0000 5.0000 1.6980 180 120 60
-10.9375 21.0000 0.1470 180 120 60
-15.0000 -22.5000 1.3610 128 128 128
-8.8750 8.5000 1.3640 180 120 60
-1.6875 -11.0000 1.1200 180 120 60
14.6875 -21.0000 0.9720 180 120 60
-14.7500 10.5000 2.9970 128 128 128
12.6250 4.0000 3.9770 220 50 50
9.0625 -20.0000 1.7470 220 50 50
-5.8750 5.0000 5.0660 220 50 50
15.7500 -15.5000 1.0300 180 120 60
-17.3750 -14.0000 4.2630 220 50 50
-10.9375 16.0000 0.1590 180 120 60
-2.6875 23.0000 0.1360 180 120 60
13.9375 -2.0000 4.3780 220 50 50
-3.2500 19.5000 1.1510 180 120 60
3.5000 -22.0000 3.6660 220 50 50
20.3125 -10.0000 1.0870 180 120 60
25.6250 -0.5000 1.0260 180 120 60
-4.0625 -13.0000 5.6320 220 50 50
-17.2500 -18.5000 1.1270 180 120 60
12.7500 3.0000 4.0400 220 50 50
-2.6250 -10.5000 1.1330 180 120 60
3.2500 21.0000 1.2100 180 120 60
8.6875 -21.5000 5.2160 220 50 50
1.3125 -17.5000 6.7370 220 50 50
-14.0000 -12.5000 5.6680 220 50 50
-5.5625 -4.5000 1.1080 180 120 60
-16.8125 -2.5000 0.9730 180 120 60
-16.7500 8.0000 2.0220 255 165 0
21.3750 -15.5000 4.3730 220 50 50
2.6250 20.5000 1.2170 180 120 60
-8.7500 -9.0000 5.0460 220 50 50
8.1875 -4.0000 4.0870 220 50 50
-7.3125 -12.5000 3.8080 220 50 50
-19.0625 -21.5000 1.0620 180 120 60
-14.5625 -14.5000 5.3130 220 50 50
18.5000 7.0000 1.2530 128 128 128
-11.9375 -16.0000 5.4200 220 50 50
-18.3125 11.0000 2.0690 255 165 0
20.0625 17.0000 1.0390 180 120 60
3.5000 -1.5000 4.0060 220 50 50
9.1250 14.0000 2.1190 128 128 128
-18.5000 22.5000 0.8940 180 120 60
8.3750 20.0000 1.1370 128 128 128
5.4375 -7.0000 1.1220 180 120 60
19.1875 -18.0000 0.9800 180 120 60
-1.8750 2.0000 4.9760 220 50 50
-1.6875 20.5000 1.1610 180 120 60
-19.3125 -5.5000 0.1410 30 144 255
-8.6250 2.0000 1.2820 180 120 60
-23.5625 12.0000 0.1310 30 144 255
3.0625 17.5000 1.4940 128 128 128
-17.8750 3.0000 0.1330 30 144 255
23.8750 10.5000 0.1620 30 144 255
-18.9375 -16.5000 1.1340 180 120 60
19.0625 -10.0000 3.1980 128 128 128
16.6875 -3.0000 4.2500 220 50 50
3.6875 4.0000 6.4040 220 50 50
-5.3750 6.0000 5.3270 220 50 50
16.3750 -22.5000 0.9660 180 120 60
-3.8125 -20.0000 5.6920 220 50 50
-20.1250 -16.0000 1.1110 180 120 60
24.5000 -4.0000 1.1160 180 120 60
1.3125 -4.5000 1.1060 180 120 60
-18.8750 3.5000 0.1530 30 144 255
5.1250 19.0000 1.9360 128 128 128
-1.1250 3.5000 5.4170 220 50 50
11.0625 16.0000 1.1060 180 120 60
-3.3125 25.5000 0.1680 180 120 60
4.1250 -11.0000 1.0580 180 120 60
14.1250 7.0000 0.9840 180 120 60
5.6250 -6.5000 1.1960 128 128 128
-16.3750 12.5000 0.1570 180 120 60
7.8750 22.5000 0.1350 180 120 60
-22.0625 -14.0000 0.1220 30 144 255
11.2500 15.5000 1.2000 180 120 60
-23.7500 -5.5000 0.1630 30 144 255
2.2500 1.0000 4.1930 220 50 50
-22.9375 6.0000 0.1510 30 144 255
19.3125 -17.5000 0.9980 180 120 60
-4.5000 8.0000 5.8370 220 50 50
-15.8750 -21.5000 1.1110 180 120 60
10.8750 -23.0000 5.1690 220 50 50
16.4375 -16.0000 1.0060 180 120 60
-19.0000 -15.5000 2.9420 128 128 128
-12.4375 -12.0000 5.9840 220 50 50
-22.6875 -22.0000 1.1240 128 128 128
-7.6250 16.0000 1.1140 180 120 60
-6.8750 -19.0000 5.2820 220 50 50
-22.0625 21.5000 1.5520 180 120 60
-3.9375 12.0000 5.9980 220 50 50
3.3125 3.5000 6.2530 220 50 50
-13.5625 13.5000 0.1610 180 120 60
4.5625 24.0000 0.1420 180 120 60
4.5000 19.0000 1.1920 180 120 60
-13.0625 19.0000 0.1800 180 120 60
4.3750 2.0000 4.5070 220 50 50
19.0625 -14.0000 4.8340 128 128 128
-19.2500 8.5000 0.1580 30 144 255
14.7500 3.5000 1.9120 128 128 128
1.2500 1.0000 5.4160 220 50 50
-20.1250 -6.5000 0.1280 30 144 255
2.0625 18.0000 1.5960 128 128 128
12.0625 2.5000 4.1280 220 50 50
-12.5000 -21.5000 4.1770 220 50 50
-17.0000 -20.5000 4.8830 128 128 128
-6.4375 -18.0000 5.3580 220 50 50
24.2500 -6.5000 1.1080 180 120 60
-13.6875 -10.5000 4.4950 220 50 50
10.1250 -11.0000 1.0430 180 120 60
-20.9375 6.0000 0.1390 30 144 255
-14.6875 22.5000 0.1350 180 120 60
16.6875 12.0000 1.1020 180 120 60
1.0000 16.0000 1.2210 180 120 60
19.6250 16.0000 1.0370 180 120 60
5.4375 20.0000 1.1860 180 120 60
12.1875 7.5000 1.0500 180 120 60
2.8750 -2.0000 1.2300 180 120 60
-11.8125 -18.5000 1.2590 180 120 60
-4.7500 -5.0000 1.0770 180 120 60
7.0000 20.0000 0.6560 180 120 60
-2.0625 1.5000 1.3770 180 120 60
-14.5000 13.5000 0.1320 180 120 60
-7.8125 -19.5000 4.2900 220 50 50
18.3125 16.5000 0.4230 128 128 128
-10.6250 12.5000 1.0450 180 120 60
-14.1875 22.5000 0.1430 180 120 60
14.8125 7.0000 0.9640 180 120 60
-20.3125 20.0000 1.1210 180 120 60
-14.0000 -7.0000 1.3110 128 128 128
13.1875 -19.5000 0.9820 180 120 60
-10.4375 18.0000 0.1650 180 120 60
22.6250 -2.5000 1.0780 180 120 60
16.6250 3.5000 1.1450 180 120 60
6.5625 -23.0000 5.7360 220 50 50
-19.0000 22.0000 0.9010 180 120 60
21.1875 -11.0000 3.6510 220 50 50
4.1875 0.0000 4.2250 220 50 50
-14.6875 4.0000 1.7060 180 120 60
-1.5625 3.0000 5.2870 220 50 50
7.6250 -9.0000 1.0530 180 120 60
-10.5625 21.5000 0.1720 180 120 60
20.5000 19.5000 0.0930 30 144 255
2.6875 17.0000 4.6120 128 128 128
-11.3750 -7.5000 5.1040 220 50 50
6.5000 -7.0000 1.7740 128 128 128
11.5625 -6.5000 4.1140 220 50 50
1.4375 -6.5000 1.0820 180 120 60
-7.0625 -7.5000 1.0650 180 120 60
-7.1875 16.0000 1.1150 180 120 60
-22.0000 2.5000 0.1620 30 144 255
1.0000 1.5000 5.3870 220 50 50
-22.2500 -1.0000 0.1480 30 144 255
6.9375 -11.0000 1.0220 180 120 60
-2.1875 -4.0000 1.1540 180 120 60
-1.8750 -6.5000 1.1230 180 120 60
23.6250 10.5000 0.1480 30 144 255
12.3125 -18.0000 0.9510 180 120 60
-12.1875 -23.5000 4.1900 220 50 50
19.9375 8.0000 1.0990 180 120 60
19.1250 -14.0000 1.1360 180 120 60
-13.3750 -21.0000 1.5770 128 128 128
0.0625 -2.0000 1.1860 180 120 60
20.9375 9.5000 0.5490 180 120 60
15.9375 7.5000 0.9670 180 120 60
21.8125 -4.0000 4.0030 220 50 50
-12.6875 -10.5000 5.7690 220 50 50
-19.0625 -4.0000 0.1340 30 144 255
-14.2500 -17.0000 5.0300 220 50 50
14.3125 21.5000 0.5490 128 128 128
4.0625 19.5000 2.0310 128 128 128
24.5000 25.0000 0.1730 30 144 255
-13.7500 -17.0000 5.0760 220 50 50
-0.5000 -2.5000 1.1490 180 120 60
4.6250 -7.5000 1.0900 180 120 60
18.1875 -1.5000 4.0370 220 50 50
-7.1250 14.0000 1.2530 180 120 60
19.0000 -22.0000 0.9120 180 120 60
15.6875 -4.5000 4.4710 220 50 50
4.6875 15.0000 2.0450 128 128 128
-11.9375 -14.0000 5.7270 220 50 50
-12.9375 4.5000 1.6030 180 120 60
10.6250 -6.0000 4.1040 220 50 50
22.3125 0.5000 0.9670 180 120 60
-15.7500 -19.0000 1.1820 180 120 60
1.6875 2.5000 5.7810 220 50 50
14.6250 -17.0000 0.9580 180 120 60
-13.0000 7.5000 1.8510 180 120 60
1.8125 18.5000 1.2080 180 120 60
1.6875 -13.0000 1.0900 180 120 60
-23.5625 -5.0000 0.1360 30 144 255
21.4375 23.5000 0.1360 30 144 255
20.3125 10.5000 0.4500 180 120 60
-14.1250 -23.5000 1.8510 128 128 128
12.5625 19.0000 0.6060 128 128 128
-7.6875 -12.5000 3.8470 220 50 50
3.2500 2.5000 4.4170 220 50 50
-8.9375 3.5000 1.3290 180 120 60
-16.5625 25.0000 0.9350 180 120 60
-17.0625 15.5000 0.1420 180 120 60
2.1875 -23.5000 3.6420 220 50 50
-14.6250 -19.5000 5.1040 128 128 128
20.5625 -16.5000 4.0820 128 128 128
-19.8125 11.5000 2.1020 255 165 0
-1.5625 -7.0000 1.1050 180 120 60
-19.0000 -20.5000 2.7920 128 128 128
-20.6875 1.5000 0.1480 30 144 255
11.6250 25.5000 0.2410 128 128 128
2.7500 11.5000 1.3360 180 120 60
-17.8125 -4.0000 0.3610 180 120 60
14.9375 25.0000 0.5860 180 120 60
7.6250 1.0000 4.6500 220 50 50
-3.3750 -13.0000 5.6560 220 50 50
25.3125 -5.0000 1.1160 180 120 60
2.0625 8.5000 5.7310 220 50 50
-3.1250 -18.5000 5.8430 220 50 50
-14.5625 7.0000 1.9380 255 165 0
-0.1875 -3.0000 1.1470 180 120 60
-7.7500 3.0000 1.2890 180 120 60
6.1875 -11.0000 1.0220 180 120 60
-6.3125 11.0000 1.3530 180 120 60
-14.3125 -9.5000 4.3020 220 50 50
4.1250 24.5000 0.1560 180 120 60
10.1250 13.5000 1.3320 128 128 128
8.1250 -3.0000 4.1980 220 50 50
15.6250 -1.5000 4.1600 220 50 50
16.1875 -12.0000 1.1030 180 120 60
16.8750 -7.0000 4.4910 220 50 50
-8.6875 -2.5000 1.1000 180 120 60
3.3750 8.5000 5.5140 220 50 50
-0.0625 -16.0000 6.6600 220 50 50
15.3750 -17.5000 0.9480 180 120 60
11.2500 20.0000 0.6160 180 120 60
13.4375 -15.0000 0.9840 180 120 60
-16.5625 3.0000 0.8030 180 120 60
-21.1250 2.5000 0.1380 30 144 255
12.9375 4.5000 1.1260 180 120 60
-20.3125 -9.5000 0.2980 128 128 128
18.1875 -17.5000 0.9780 180 120 60
-23.6250 16.5000 1.9880 180 120 60
-23.8750 23.5000 1.5230 180 120 60
16.0000 -9.0000 4.1240 220 50 50
-1.1250 -15.0000 6.6130 220 50 50
-10.9375 18.5000 0.1480 180 120 60
7.0625 12.0000 1.1930 180 120 60
-23.5000 -22.5000 0.1390 30 144 255
13.8750 -23.5000 3.2120 128 128 128
-0.6875 -18.5000 7.1980 220 50 50
15.0625 -14.5000 1.0280 180 120 60
-12.0000 -19.0000 1.1830 180 120 60
-21.8750 -11.5000 0.3100 128 128 128
-7.4375 -2.5000 1.0950 180 120 60
-3.9375 16.5000 1.3240 180 120 60
21.1250 -2.0000 1.0870 180 120 60
-18.5625 9.5000 3.0180 128 128 128
-14.5625 -16.5000 5.0630 220 50 50
2.8125 -17.5000 6.5690 220 50 50
19.9375 5.0000 1.7220 128 128 128
1.9375 -4.5000 1.1430 180 120 60
10.6875 16.5000 0.9930 180 120 60
-16.7500 21.0000 0.1270 180 120 60
10.7500 17.5000 0.6200 180 120 60
-9.9375 11.5000 1.5940 180 120 60
6.1250 15.5000 1.1640 180 120 60
5.7500 -23.5000 5.9060 220 50 50
25.6250 9.0000 0.1520 30 144 255
-1.0625 16.5000 4.5420 128 128 128
20.6875 -20.5000 0.9440 180 120 60
1.0625 -5.5000 1.1240 180 120 60
3.9375 -2.0000 3.9770 220 50 50
-8.6875 -13.5000 4.1100 220 50 50
5.4375 24.5000 0.1340 180 120 60
-7.5000 -24.0000 5.1970 220 50 50
-6.7500 10.0000 1.9510 128 128 128
22.0625 -14.0000 4.2470 220 50 50
-23.8125 -1.5000 0.1390 30 144 255
-18.0625 -22.5000 1.0890 180 120 60
16.6875 4.5000 1.6830 128 128 128
3.0625 -6.0000 1.1270 180 120 60
12.7500 20.0000 0.6040 128 128 128
-9.6875 -15.0000 3.7290 220 50 50
12.6250 15.5000 0.8820 180 120 60
9.2500 5.5000 4.0280 220 50 50
-13.5625 -21.5000 1.4860 128 128 128
-9.0000 0.5000 1.2010 180 120 60
-5.7500 10.5000 6.1760 220 50 50
-16.3750 15.0000 0.1510 180 120 60
2.6875 -19.0000 4.0270 220 50 50
-5.6250 -15.5000 4.2630 220 50 50
-16.1250 -19.0000 1.1490 180 120 60
3.7500 -7.5000 1.0650 180 120 60
-20.1250 8.0000 0.1370 30 144 255
-22.1875 17.0000 2.0530 255 165 0
-15.6875 10.5000 2.0410 255 165 0
12.0000 24.0000 1.0380 128 128 128
-8.3125 5.0000 1.3630 180 120 60
10.8750 12.5000 2.3420 128 128 128
-9.0625 -5.0000 1.0450 180 120 60
-10.9375 5.5000 1.5300 180 120 60
16.4375 4.0000 1.6630 128 128 128
-3.2500 -6.5000 1.1150 180 120 60
-2.8750 -2.5000 1.1360 180 120 60
19.5625 15.0000 1.0650 180 120 60
-3.7500 2.0000 1.3220 180 120 60
-23.0625 23.5000 1.5750 180 120 60
19.1250 13.0000 1.0540 180 120 60
21.1250 -10.0000 1.1230 180 120 60
25.6875 -20.0000 1.0000 180 120 60
-5.8750 7.5000 5.5910 220 50 50
-23.0625 -1.5000 0.1690 30 144 255
-21.6875 -8.0000 0.2150 30 144 255
-12.8750 -19.0000 2.4610 128 128 128
-8.5000 -17.5000 4.2870 220 50 50
11.4375 -4.5000 4.3120 220 50 50
20.2500 -11.0000 1.0980 180 120 60
-2.3125 -22.5000 5.5690 220 50 50
7.4375 -7.0000 1.6760 128 128 128
-6.4375 0.0000 1.2070 180 120 60
-23.6875 10.5000 0.1500 30 144 255
-22.4375 5.5000 0.1390 30 144 255
4.6875 15.0000 4.7010 128 128 128
25.6875 -19.0000 5.8680 220 50 50
-21.2500 10.5000 2.1560 255 165 0
-22.1875 12.5000 3.0160 128 128 128
14.2500 17.0000 0.1610 128 128 128
16.0625 -9.0000 4.1530 220 50 50
11.4375 13.5000 1.1680 180 120 60
5.5000 13.5000 1.1610 180 120 60
12.1250 13.5000 1.1560 180 120 60
-12.7500 -0.5000 1.1190 180 120 60
-23.2500 5.0000 0.1370 30 144 255
-2.2500 17.0000 2.1450 128 128 128
-4.5625 -3.5000 1.1070 180 120 60
-24.0625 -10.0000 0.1410 30 144 255
-6.7500 0.0000 1.1960 180 120 60
5.8125 4.0000 4.4810 220 50 50
-18.5000 -8.5000 1.9210 220 50 50
