ply
format ascii 1.0
element vertex 15970
property float x
property float y
property float z
property uchar red
property uchar green
property uchar blue
end_header
-15.3125 14.5000 4.8550 131 220 141
0.3750 -18.5000 3.8200 203 211 54
7.9375 18.0000 10.3860 63 73 93
24.5000 13.5000 11.8720 37 160 78
24.9375 1.0000 6.5940 130 217 165
20.3125 8.0000 8.2730 85 114 69
-23.6875 -5.5000 3.3150 193 105 122
3.2500 -10.0000 15.2170 28 67 78
-5.6250 12.5000 5.8180 153 178 157
1.1875 -9.5000 5.0970 97 218 194
-8.8750 25.0000 8.5590 118 104 80
-15.5000 -17.5000 3.4730 205 127 95
-19.1875 7.5000 2.9550 191 88 129
24.9375 -9.5000 3.6300 172 249 14
15.6875 -17.0000 7.5000 33 212 104
-2.1875 -3.0000 7.2020 25 156 227
10.1875 -11.0000 3.4410 182 210 0
23.9375 -9.5000 2.5860 155 195 108
-8.7500 -17.0000 3.2380 227 64 105
2.7500 17.5000 12.0370 78 84 43
-3.6250 -23.0000 6.1980 85 142 226
21.1875 -10.5000 2.1320 161 177 117
-6.8750 22.0000 5.4580 164 177 134
3.7500 -8.5000 16.5270 28 72 87
17.6250 20.0000 15.6330 10 142 66
-14.5000 -14.0000 3.2960 209 76 115
6.3125 -15.5000 20.3960 33 95 52
-16.5625 11.0000 6.3710 58 159 192
9.7500 24.5000 3.8830 175 162 66
-21.5625 14.0000 7.8700 61 141 125
3.3125 23.5000 3.7500 196 169 14
2.5625 -12.0000 15.0030 23 90 63
-11.0625 -17.0000 3.2530 215 74 127
6.5000 -23.0000 11.7430 41 144 73
-23.8750 16.0000 6.3450 96 153 166
14.8750 20.5000 12.7470 14 149 85
-14.8125 5.0000 2.9570 193 78 138
8.5625 -0.5000 13.4270 19 128 64
-10.6875 10.0000 9.3870 43 89 113
-3.4375 -22.0000 3.6700 197 182 72
18.0000 -12.5000 0.9070 156 124 0
17.1875 16.0000 17.3650 22 124 39
21.7500 -21.0000 3.1580 190 172 60
-4.0000 -4.5000 3.0900 184 96 121
4.2500 -4.0000 13.8640 5 84 134
-19.2500 2.0000 3.0360 193 84 142
8.6250 -18.0000 2.4790 147 180 105
0.5000 -23.5000 7.0480 91 138 165
-19.3750 6.5000 2.9550 182 99 143
18.8750 18.0000 16.1680 13 143 63
22.5000 21.0000 11.4520 17 156 94
-19.4375 19.5000 5.2270 168 175 138
0.2500 24.5000 8.7100 68 117 93
-9.8750 -21.0000 3.4010 231 112 119
23.1250 24.0000 5.5200 85 239 143
-13.5000 13.0000 4.7310 154 222 120
22.8750 11.0000 13.7660 25 145 54
21.3750 0.5000 6.5010 129 223 185
-14.8750 -8.5000 3.2510 201 87 114
-2.0000 -13.5000 17.8480 35 34 101
1.4375 14.5000 5.9000 164 146 162
-21.1250 -14.5000 3.4280 202 115 70
-6.5000 21.0000 7.1160 101 124 93
7.3125 -11.5000 10.3620 33 149 74
8.1250 -22.0000 9.9710 29 144 92
-6.8125 -21.5000 3.3880 229 101 95
19.0000 -8.5000 1.6390 150 237 51
-3.3750 5.5000 17.4210 53 41 70
-16.5000 5.0000 5.3070 76 197 242
3.0625 -9.0000 10.1640 23 119 125
1.4375 14.0000 5.8740 165 148 163
-20.6875 -13.0000 3.4000 204 106 82
21.6250 9.0000 13.7020 68 137 24
4.8125 -9.5000 16.8570 28 74 79
4.6875 14.5000 6.1310 138 162 158
-12.7500 11.5000 13.7250 28 63 97
2.7500 5.0000 12.3710 64 84 62
-2.8750 23.0000 10.5600 69 90 68
-22.0000 21.0000 5.2030 169 183 139
2.5625 -4.0000 3.1240 198 71 99
5.4375 13.5000 6.1450 155 143 176
2.8750 0.5000 16.1940 41 61 71
8.9375 20.5000 8.6720 55 91 133
-7.8750 -20.5000 3.3800 226 110 113
-7.6875 6.0000 5.9470 79 162 183
19.6250 13.5000 12.7940 14 157 74
-3.5625 -17.5000 14.0460 50 57 133
-21.8125 -17.0000 13.1640 21 54 145
4.4375 -19.5000 21.4870 67 48 63
-0.1250 -20.5000 3.9010 191 207 65
1.2500 -12.5000 16.5350 37 54 81
-19.2500 -11.0000 3.3670 202 100 96
-18.3750 -19.5000 16.0410 30 21 134
-18.4375 -23.0000 6.1310 78 134 223
-11.7500 12.5000 10.2240 65 86 99
10.1250 -13.0000 8.4270 22 185 95
-1.5625 -16.5000 16.1410 39 70 98
20.5000 -3.5000 1.2250 190 152 63
21.2500 -1.5000 6.5040 113 238 171
-7.1250 -11.0000 3.1780 203 91 115
-20.8750 -11.0000 3.3620 203 95 93
11.9375 -13.5000 7.8100 26 206 103
6.9375 -4.5000 12.4060 10 113 114
10.6875 -15.0000 9.5500 31 166 77
17.4375 13.5000 7.3770 62 181 116
1.3750 20.0000 11.6910 64 80 54
12.5000 -15.5000 7.3810 39 210 115
24.2500 -2.5000 6.4760 132 230 126
3.8125 -2.0000 6.6100 60 134 199
25.1875 12.5000 0.3850 147 111 27
16.9375 15.5000 7.5210 57 179 106
22.9375 10.0000 15.0940 25 129 54
12.6875 22.5000 13.3900 30 65 92
0.9375 -24.0000 6.7910 99 134 166
2.0000 -11.5000 14.5890 24 80 82
-3.0000 -14.5000 16.9190 35 61 120
10.3125 21.0000 3.5760 204 139 22
24.5000 6.0000 15.9900 71 96 15
1.3750 -11.5000 15.3580 32 51 84
-5.1875 -23.5000 5.9180 93 148 232
6.4375 -19.0000 22.5010 52 64 50
21.6875 17.0000 17.5530 11 123 65
-4.3125 10.0000 6.3260 108 117 170
-2.9375 -15.5000 16.7550 31 61 118
2.0625 -10.5000 12.4800 23 90 104
-19.8750 -14.5000 3.3840 197 103 95
-20.6250 -16.0000 6.7820 50 125 224
5.8125 -9.0000 17.5060 19 91 63
21.5000 -19.0000 2.5700 142 155 139
24.7500 -24.5000 3.7310 130 208 48
12.1250 17.5000 12.0340 47 90 84
-7.9375 14.5000 5.7230 152 177 145
9.7500 5.0000 6.3020 132 192 189
1.8125 -14.5000 14.7550 40 79 65
21.9375 24.5000 9.3240 31 184 82
-20.9375 -19.5000 20.9130 36 13 112
-16.3750 6.0000 12.9280 5 99 148
-17.6250 5.5000 8.7560 17 129 187
-21.6875 2.0000 3.0660 202 92 133
17.3125 -14.0000 2.4460 136 225 56
-16.7500 -19.0000 3.3590 214 98 113
-1.2500 -6.5000 3.1660 197 96 99
-12.7500 13.0000 6.0160 100 159 157
-11.9375 16.5000 5.5110 169 180 145
5.1875 20.0000 10.8430 52 75 110
19.3750 17.0000 16.2530 7 140 59
8.5625 20.0000 9.1230 54 89 132
13.1875 4.0000 6.3000 146 185 173
-1.1250 -19.0000 14.3310 54 69 105
23.5000 -2.0000 6.5430 122 227 135
-16.6250 -12.5000 3.2850 207 78 113
1.5625 4.5000 15.3360 70 53 30
7.6250 -6.0000 12.9940 23 92 88
-23.7500 4.5000 3.0010 174 104 163
19.8750 -21.5000 3.3410 185 213 45
24.3125 -23.0000 7.1050 38 186 146
-9.6875 0.5000 2.9710 187 93 154
15.9375 3.0000 6.4380 133 229 170
8.5625 6.5000 7.9090 95 143 142
1.1875 -24.0000 6.7010 102 138 168
9.3750 -19.0000 8.0360 30 201 83
-21.3750 17.5000 6.8630 91 139 133
-18.8125 20.0000 5.2020 176 179 139
-17.6250 -22.0000 16.3840 28 37 131
9.4375 8.0000 6.3020 151 166 191
19.3750 17.0000 0.3100 153 90 21
20.4375 -11.5000 2.5800 141 218 107
20.0000 -2.5000 7.4070 76 194 104
10.0000 -14.5000 9.8360 32 164 79
19.6875 24.0000 9.0250 26 194 82
5.3750 -14.0000 18.9080 42 97 49
-9.4375 -3.0000 3.0740 193 86 149
-6.4375 7.5000 4.0810 178 213 42
11.5625 12.5000 9.9640 84 113 88
4.3125 -21.5000 21.7020 58 30 81
9.0000 -10.0000 12.9700 11 145 51
9.9375 10.0000 6.2070 158 179 177
-11.0625 7.5000 5.9800 68 164 189
-23.1875 -9.0000 3.3820 196 102 102
3.1875 9.5000 6.1060 154 177 170
9.2500 -14.0000 15.9630 21 132 37
10.0625 -23.5000 3.0960 181 174 16
4.1875 -9.0000 16.5260 27 73 83
5.5000 -16.5000 19.0380 43 103 40
-14.6250 20.0000 5.4160 180 162 146
1.7500 6.5000 11.4490 89 64 60
-16.7500 -21.5000 16.0720 25 47 154
21.1875 4.0000 6.5070 155 217 181
8.3750 10.0000 6.1990 159 169 178
-23.9375 -22.0000 18.0860 43 47 133
-17.8125 -13.0000 3.3640 206 100 90
3.7500 -9.5000 10.9620 22 109 113
21.8750 -15.5000 2.5810 150 150 128
18.9375 3.5000 6.4610 145 189 190
-24.5625 -7.5000 3.3260 186 96 122
11.1875 4.0000 6.2720 142 196 169
4.0625 19.5000 11.3870 61 72 73
24.6875 -23.0000 3.6100 149 219 37
8.0625 -22.0000 11.7860 20 145 73
-15.1875 -17.5000 3.4820 204 129 94
10.9375 -16.0000 8.1770 35 161 88
25.1250 -5.0000 6.6670 101 216 122
7.5625 3.5000 6.0030 126 176 144
-10.5625 -13.0000 3.2420 211 83 117
-7.5625 -18.5000 6.6750 76 128 254
6.0625 3.0000 5.2380 137 217 134
-18.3125 5.5000 6.0670 57 164 242
-23.3750 -6.0000 3.2890 195 99 120
-20.7500 16.5000 7.7910 80 129 109
4.3125 2.0000 11.1540 54 93 71
9.7500 -0.5000 12.0790 14 141 61
23.5625 2.0000 14.1340 86 130 64
24.7500 0.0000 6.5810 130 221 159
-21.3125 -15.0000 3.4080 208 111 67
7.5000 -14.0000 13.1320 31 138 46
-21.0000 22.0000 5.2510 184 169 130
-21.6250 -22.0000 19.9630 29 26 121
14.6250 -16.0000 6.2310 54 235 142
-8.5000 3.0000 3.3660 199 141 70
-7.8750 3.0000 3.3750 203 136 54
12.6875 24.0000 13.9990 39 63 90
-13.9375 -21.5000 4.8100 109 214 216
7.0000 -16.0000 20.9740 35 92 43
-22.1250 -2.0000 3.1240 205 85 144
-20.0000 -5.0000 3.2100 195 77 125
1.3125 -2.0000 11.2970 32 97 138
-3.8750 4.0000 19.1670 65 34 58
-11.2500 -11.5000 3.2310 205 89 127
24.6250 18.0000 0.2700 146 107 1
-20.1875 20.0000 5.2550 154 186 138
-20.5000 22.0000 5.2370 187 166 124
21.0000 -2.5000 6.6210 100 228 160
7.0000 21.5000 9.1120 55 80 135
20.7500 7.5000 13.7340 68 126 47
-23.9375 -2.5000 3.2370 191 114 145
8.2500 -13.0000 16.3630 20 127 44
-19.1250 -9.0000 3.3390 201 93 104
-23.4375 13.5000 2.9710 191 77 118
24.4375 -23.5000 7.0300 43 183 140
8.6875 -16.0000 16.8720 28 131 35
10.0625 6.5000 7.4200 132 133 167
-3.9375 19.5000 10.2390 86 98 47
-23.8750 19.0000 5.8200 127 154 143
11.9375 -11.5000 4.7360 92 254 105
-8.5000 -12.5000 3.1530 211 78 127
11.8750 19.5000 7.9630 45 135 141
-1.6250 -4.5000 8.1760 20 150 197
-13.4375 22.0000 5.3420 185 170 153
15.7500 -19.0000 0.7520 144 95 0
-16.5000 -24.0000 12.5700 45 60 133
-15.3125 22.5000 5.3160 191 160 161
-21.3125 21.5000 5.2070 184 167 125
-14.3750 -24.0000 4.3310 134 197 173
4.8125 -16.0000 18.6870 59 64 53
10.3750 -4.0000 9.5930 17 180 94
22.9375 18.0000 9.9150 26 168 103
10.3750 -9.5000 8.5680 22 189 88
20.2500 -1.0000 6.4150 118 232 133
-8.1875 19.0000 5.4990 179 153 157
-5.2500 -21.5000 5.7610 95 149 254
18.8750 -15.0000 6.6070 33 231 154
-12.0625 -11.0000 3.2600 206 97 114
18.0625 6.5000 6.5690 130 231 167
6.9375 15.0000 11.4790 73 88 72
8.4375 14.0000 11.4990 68 108 74
-2.5000 -17.0000 14.2030 42 60 115
22.0000 0.0000 6.5310 116 236 184
-8.0625 19.5000 5.4810 179 153 157
-24.6875 19.5000 9.1450 99 125 106
4.2500 22.0000 9.5280 58 91 103
7.8750 -5.5000 12.5310 19 110 83
-23.5000 18.0000 5.2440 134 189 144
-0.8750 -18.0000 13.8140 52 70 106
1.5625 4.5000 15.3590 70 53 30
22.8750 21.0000 3.5690 175 237 0
-0.5625 0.0000 3.7090 166 208 57
-9.0625 24.0000 5.1940 176 198 126
11.6875 19.5000 8.3090 44 128 134
-13.1250 -7.0000 3.1280 205 88 145
24.4375 -8.0000 2.7890 177 183 81
-0.0625 23.0000 9.9660 59 109 87
-23.5000 -2.5000 3.1430 190 101 155
9.9375 -15.0000 10.3380 31 160 71
-15.1250 0.5000 3.0250 200 75 145
5.5625 -10.5000 16.6980 20 100 58
0.1875 -18.5000 14.4760 48 66 99
19.6250 18.0000 11.9470 19 165 84
17.3125 0.0000 6.5590 112 219 156
25.0625 22.5000 6.5060 65 200 126
-16.5625 -15.0000 3.4070 206 105 93
-15.5000 -24.0000 3.5650 184 149 82
24.5000 1.5000 13.1800 85 137 57
14.0000 22.5000 14.8320 36 64 78
-9.8750 23.5000 8.0560 107 94 99
-0.9375 6.0000 10.9950 74 79 73
-1.3750 9.5000 5.8410 159 157 150
-17.4375 -12.0000 3.3070 202 87 103
6.4375 4.0000 5.6040 145 186 165
12.9375 -13.5000 7.0970 29 221 126
-17.4375 7.5000 12.6280 2 104 142
19.9375 22.5000 8.2450 20 197 108
9.5000 -4.0000 8.4720 16 205 111
7.3125 -11.5000 14.8710 24 109 34
-20.3750 -19.5000 19.2720 39 32 115
-4.6250 9.0000 7.1090 82 107 119
20.1250 18.0000 17.5940 15 138 60
-16.0625 -5.0000 3.1890 202 93 132
-24.3750 7.0000 2.9240 177 106 171
2.3750 5.5000 14.6150 74 64 60
9.8750 24.0000 3.6840 196 148 39
9.5000 -4.5000 3.5750 179 238 0
-7.6250 -22.0000 3.4330 219 109 102
-1.5625 -8.5000 13.7980 33 64 133
9.5000 -9.0000 12.1520 10 150 53
-18.4375 25.5000 5.2640 200 138 130
4.7500 15.0000 11.6680 82 87 35
-0.2500 -23.5000 7.2290 87 135 167
-7.6875 -16.5000 3.2110 223 59 89
-23.6875 -2.0000 3.0880 186 95 168
-20.7500 4.0000 3.0300 185 99 127
-3.0625 -16.0000 14.6550 35 57 123
8.3750 -21.5000 2.4950 152 175 93
-1.5000 4.0000 19.6890 71 51 42
12.1875 17.5000 8.8090 42 130 118
0.1250 16.5000 9.1920 74 99 74
-7.0000 16.0000 5.7120 168 151 163
23.1875 24.0000 5.5650 85 238 140
-8.6250 0.5000 3.0610 208 77 117
14.6875 -24.0000 5.9910 62 240 125
9.4375 -21.0000 0.8100 165 95 12
10.8125 12.0000 17.5300 90 75 54
3.4375 -3.5000 5.8060 64 167 234
2.6250 0.5000 17.1020 44 57 69
19.2500 17.5000 4.1240 131 254 60
2.7500 17.5000 11.9580 78 84 42
-9.6875 11.0000 8.4630 54 112 110
4.6875 -11.5000 15.5300 32 91 42
2.9375 -18.0000 3.8920 194 217 30
-0.6875 20.0000 12.4060 69 76 55
22.3750 20.0000 5.8680 64 238 170
7.6250 -1.5000 9.3910 31 147 106
-12.5000 20.5000 5.4330 186 153 161
-4.3750 6.0000 18.3820 56 51 58
-6.1875 7.0000 7.5070 73 124 127
14.1875 22.0000 16.3060 19 83 73
5.8125 -20.5000 21.6610 46 63 65
-1.3125 12.5000 5.9280 163 167 178
3.1250 -23.5000 7.4600 101 144 145
-10.1250 -5.0000 3.0950 191 101 154
24.6875 20.0000 2.2230 136 159 106
-20.0000 10.5000 2.8680 185 78 156
21.5000 24.0000 8.3320 25 187 117
-11.3750 10.0000 3.6440 192 198 0
18.1875 24.5000 5.5820 78 254 135
1.7500 18.5000 11.6590 62 80 46
18.0625 5.5000 6.4120 145 242 187
13.5000 10.5000 8.4840 91 109 81
13.3750 -23.0000 5.8330 61 254 118
22.5000 -11.0000 1.9630 167 154 91
-13.8125 -22.5000 5.6870 95 153 248
21.1875 19.5000 5.7730 67 245 169
-12.1250 10.0000 6.3440 64 151 172
-11.6875 -7.0000 3.1950 205 102 129
0.9375 -5.5000 9.7280 26 114 173
-7.3750 25.0000 4.9960 166 201 110
-20.6875 -6.0000 3.2820 198 89 110
-21.5000 -23.0000 13.8430 37 69 124
18.6250 -12.5000 1.7160 138 198 73
-2.0625 -20.5000 3.8390 175 190 84
7.1875 -6.5000 15.6790 23 69 68
-15.3125 1.5000 3.0400 201 83 146
17.5000 -20.0000 4.2690 114 254 95
-9.0625 11.0000 6.0890 93 155 156
-19.5000 15.5000 7.7200 57 134 144
18.0625 -21.0000 2.0870 137 144 97
19.5000 -10.0000 2.3650 151 254 91
-18.6250 -7.5000 3.2190 207 81 120
-0.8750 -8.0000 3.2980 198 105 63
-9.8750 0.0000 3.0820 195 95 136
-1.3125 -21.0000 4.5630 135 226 161
-14.8750 12.0000 6.6580 63 127 167
-14.3125 13.0000 10.7710 41 94 84
-10.7500 -24.5000 3.5760 191 151 87
4.1250 -13.0000 14.0820 18 104 59
9.1875 -14.0000 16.1370 25 130 39
-6.8750 10.5000 5.6460 146 184 163
-19.3750 17.5000 5.2950 133 188 157
14.8750 7.0000 6.4040 147 203 142
-21.3125 11.0000 2.9830 210 86 133
-3.9375 -9.0000 12.9920 26 72 155
-12.1250 -6.0000 3.1890 201 102 138
13.7500 4.0000 6.3490 145 183 165
10.3750 -4.5000 3.2660 201 170 0
-9.9375 -23.0000 3.5340 213 153 112
5.4375 3.5000 5.7540 143 164 171
6.0625 -5.5000 14.1990 25 70 92
19.1250 14.5000 16.9510 18 121 49
15.6875 10.5000 8.3690 75 150 75
-19.4375 16.5000 6.2900 91 153 145
9.4375 0.5000 13.8540 27 123 50
-5.7500 10.0000 5.4060 155 191 161
8.9375 -9.5000 9.6700 14 189 75
2.2500 -22.5000 6.7250 107 158 176
24.4375 -14.0000 2.2540 135 144 104
1.5000 -20.0000 6.8860 108 139 174
3.4375 20.0000 11.2140 59 74 78
3.0625 -17.0000 16.4870 51 76 64
-24.3750 -19.0000 6.4830 69 132 203
-22.2500 -14.5000 3.4150 204 110 74
-23.9375 10.5000 2.9880 191 101 160
-9.7500 -23.5000 3.5270 209 146 113
-12.0625 -16.0000 3.3660 215 112 110
-18.6250 17.5000 6.2440 96 150 142
-16.0625 -14.0000 3.2980 211 85 104
9.3125 12.0000 10.7040 101 115 96
1.2500 15.0000 5.8390 165 171 159
14.6875 4.5000 6.4050 134 233 183
-15.2500 -22.5000 3.6720 182 185 79
-4.2500 -1.0000 2.9850 189 79 147
-12.5000 -22.0000 3.8860 165 207 124
-5.1875 -24.0000 5.8490 95 151 227
5.0000 14.5000 6.1490 139 161 157
14.0000 18.0000 9.5440 50 114 106
-2.3125 1.5000 15.8690 43 68 67
2.8750 22.5000 9.8050 55 89 106
18.6250 14.0000 14.5660 11 147 65
-14.3750 -8.0000 3.2240 199 82 118
0.4375 -17.5000 15.9540 54 58 94
19.1250 -22.0000 3.3020 189 209 47
-13.8125 12.5000 3.9890 161 211 28
12.8125 0.0000 1.3120 186 131 31
13.8125 -2.5000 0.9630 191 132 3
24.5625 25.0000 0.2790 117 122 51
24.0625 -17.5000 3.2270 178 171 40
-1.3125 -17.0000 15.0610 36 77 102
-23.3125 1.0000 3.0610 186 102 159
-2.5625 12.5000 5.8990 160 160 175
-20.8125 -17.5000 3.3720 207 113 75
-4.3125 -24.0000 6.8390 76 126 208
-5.6875 -9.5000 3.1130 210 82 118
-10.4375 -0.5000 3.0470 192 89 144
-20.3750 5.5000 2.9840 180 98 138
18.5000 22.5000 10.0040 18 193 76
1.1875 -9.5000 5.0710 97 219 193
-18.3125 6.0000 6.5250 46 155 229
-17.1875 24.5000 5.1340 195 160 136
-14.6875 13.5000 11.0290 37 91 85
-17.8750 -7.5000 3.2710 203 94 112
-0.7500 18.5000 11.5280 75 92 48
11.6875 6.5000 6.3410 154 184 193
-21.4375 -10.0000 3.3170 212 88 94
24.8750 -21.5000 3.3280 176 186 37
-15.5000 4.5000 8.2040 24 133 198
7.3125 -3.0000 13.5440 10 95 110
-8.3750 -3.5000 3.3410 198 136 116
4.0625 -8.5000 16.5500 30 69 87
11.6875 -8.0000 6.1920 60 250 128
8.7500 11.0000 6.1880 157 182 184
24.8750 9.0000 18.8680 62 108 34
12.0625 15.0000 12.7790 58 89 63
-19.1250 13.5000 7.8270 45 127 152
21.8125 -1.0000 6.4970 114 240 178
15.1875 -24.5000 6.2520 57 235 116
-10.5000 -10.0000 3.2690 205 101 125
23.0625 4.0000 18.7890 78 102 51
-24.3750 18.5000 5.1460 137 185 144
-0.2500 -1.5000 5.2480 92 182 222
-17.9375 -20.5000 16.1440 29 39 135
22.9375 11.5000 0.8240 160 102 38
-17.7500 23.0000 5.3170 192 161 151
7.4375 -12.0000 14.9460 24 120 42
-20.8125 19.5000 5.1970 150 197 142
-5.5000 -12.0000 11.5200 35 72 153
2.6875 -13.5000 14.3900 21 96 63
-22.3750 -24.0000 19.2360 48 42 117
21.2500 -15.0000 2.6710 150 156 128
17.0625 14.0000 9.8080 52 164 60
10.9375 -6.5000 0.9270 154 110 31
10.3750 18.0000 7.6800 61 143 134
-3.5625 9.0000 7.3130 86 135 118
-5.0000 11.0000 5.7270 149 180 159
-9.4375 -24.0000 3.6520 192 163 116
8.3125 0.0000 10.9990 29 153 76
-13.0625 8.0000 5.8110 73 166 206
-3.0625 -13.5000 16.5180 32 36 110
6.5625 -20.5000 22.0690 43 60 63
21.3125 14.0000 14.7610 10 149 74
-4.5000 -18.5000 14.5590 53 48 138
17.3750 21.5000 3.9430 125 254 32
23.2500 19.5000 5.4670 74 252 159
-1.0000 -17.0000 16.3480 38 69 97
22.5625 17.5000 16.2320 10 130 68
7.5625 -24.5000 6.4120 75 191 132
-1.6250 6.5000 10.8970 72 77 72
-10.6875 -21.0000 3.4060 226 120 103
7.0000 19.5000 11.2130 47 71 104
5.0625 21.5000 9.0050 48 88 128
10.2500 -9.0000 8.4350 25 185 89
9.5625 9.0000 6.2740 156 162 189
-22.6875 15.0000 7.2490 79 137 149
10.8125 5.0000 6.3000 136 190 180
12.9375 20.5000 7.5830 46 148 154
-23.0000 -11.5000 3.4170 200 107 95
-11.8125 18.0000 5.5420 182 158 146
-3.5625 -16.0000 16.7510 35 61 122
1.4375 -16.0000 10.8090 54 106 124
-17.8750 -6.5000 3.2480 204 91 119
-13.9375 -6.5000 3.1250 202 91 140
5.7500 13.5000 6.1660 152 145 177
-4.1875 -21.5000 3.4310 222 120 87
16.8750 20.0000 13.2160 15 148 70
-19.7500 6.5000 2.9560 181 100 144
-18.5000 -4.5000 3.0990 205 80 144
13.8750 18.0000 12.6440 46 101 70
8.7500 5.5000 7.8960 93 138 145
7.6250 -22.0000 8.8520 46 166 109
-22.0000 -8.5000 3.3680 200 97 96
1.0000 -22.0000 6.9520 86 146 181
1.5625 1.5000 18.6510 45 50 69
-2.8125 21.5000 11.6620 83 79 49
10.2500 -8.0000 7.3750 40 196 108
22.1875 22.5000 9.7390 22 186 74
10.5625 -16.0000 8.5900 28 162 91
-8.3125 -13.0000 3.1580 211 79 124
14.9375 20.0000 15.9110 19 108 72
-1.6250 23.0000 11.0040 77 81 60
-19.8750 -9.0000 3.3240 201 96 109
23.6250 21.5000 10.8730 23 156 96
-6.5000 23.0000 7.3510 86 142 86
-18.7500 -2.0000 3.0680 201 83 143
21.6250 13.5000 11.5650 17 169 96
4.0000 -1.0000 14.2860 22 66 106
3.1875 -3.5000 8.5200 21 136 186
-9.5000 -8.5000 3.1970 199 88 140
8.2500 1.5000 10.8350 63 119 85
6.4375 -4.0000 6.4260 54 178 187
8.6875 18.0000 11.2280 44 75 107
-22.0000 19.5000 5.0230 154 209 143
-4.0625 -20.5000 3.3740 228 106 93
9.0000 14.0000 11.0780 64 114 76
-3.0625 3.5000 18.1160 46 59 77
-1.1875 -14.0000 17.2710 35 56 101
19.1250 22.5000 11.8920 5 172 75
9.5625 25.5000 9.7920 73 70 138
-3.6250 -18.0000 15.6380 49 50 128
6.5625 -13.0000 17.1280 23 108 42
24.7500 17.5000 9.6140 37 166 86
7.7500 -5.5000 13.0570 17 101 83
-20.6250 -18.5000 6.0680 71 147 219
18.1875 19.5000 13.1860 14 155 77
-1.1250 -1.0000 5.1080 100 187 218
4.2500 -4.0000 13.8340 5 84 134
-12.5625 -8.0000 3.2060 204 98 129
-18.2500 3.0000 2.9330 180 83 163
-2.0625 -3.0000 3.2290 186 121 108
-5.3750 0.5000 3.1230 202 91 113
21.8125 21.0000 10.0310 25 201 55
-10.6250 -16.5000 3.2330 217 68 114
24.5625 19.5000 9.1180 41 173 103
-23.0000 -9.5000 3.3630 202 93 98
-15.5625 -12.0000 3.3060 209 86 108
-22.3125 -7.0000 3.3370 204 98 97
-12.1875 -13.0000 3.2890 217 100 120
20.5625 7.0000 13.4910 68 121 49
9.6250 22.5000 3.5510 220 128 22
23.5625 10.0000 18.0070 47 110 50
-6.1875 -19.5000 6.4570 89 135 247
5.1875 5.0000 13.1270 76 79 58
11.5000 -3.5000 2.6770 159 204 92
-23.3750 -16.0000 11.8240 29 69 159
21.8125 17.0000 16.5460 9 127 71
-3.9375 8.5000 5.6270 143 161 160
21.3125 21.0000 2.7420 164 184 79
21.3750 -12.5000 2.8760 171 162 106
-5.9375 25.0000 4.8940 176 168 85
13.2500 -16.0000 7.5080 37 212 108
-8.6875 7.5000 6.6950 61 148 166
-13.8750 -20.0000 3.3370 210 88 113
-19.2500 -12.0000 3.3710 202 99 96
-2.8750 -16.5000 14.5290 39 59 121
3.8125 5.0000 14.5900 69 63 52
-6.1875 22.5000 9.1110 70 109 80
-7.1875 -13.0000 3.1660 210 57 98
11.1250 25.0000 15.5660 52 51 102
4.1250 -19.5000 21.4660 76 39 66
6.7500 -16.0000 20.8690 35 92 45
-2.5000 -9.0000 12.9470 22 71 149
20.1250 22.5000 8.3280 21 197 101
5.5000 -3.5000 15.0570 14 78 112
14.9375 -17.5000 7.3030 31 236 104
-7.0625 -15.5000 13.4900 44 48 156
5.5000 -20.5000 20.5970 45 68 67
-20.0625 13.0000 5.5320 98 188 184
-7.3750 -5.5000 3.0730 181 110 172
13.0000 -14.5000 7.1130 45 213 122
5.6250 -1.5000 13.5000 23 100 86
22.6875 8.0000 15.7060 56 102 26
-0.5000 -19.5000 12.4120 56 78 108
-22.3750 -4.0000 3.1690 206 80 138
-1.8750 -23.5000 6.0790 99 150 200
-0.4375 0.5000 16.3430 43 74 74
7.6875 13.5000 10.8030 88 102 82
16.6250 25.0000 6.4370 73 224 135
-3.3125 -23.0000 5.9410 89 149 228
-11.8125 24.5000 9.0990 121 108 88
6.6875 -22.0000 11.2160 36 142 83
4.0625 4.0000 14.9030 72 60 44
9.3750 -0.5000 14.2930 22 118 52
-6.1875 -14.0000 10.0870 44 106 173
-23.6250 -22.5000 20.0330 46 39 125
9.4375 -7.0000 13.6550 9 143 46
13.7500 5.5000 6.4010 147 180 172
7.7500 -19.0000 21.6610 52 75 43
18.3750 -23.0000 3.2520 181 196 53
7.9375 14.5000 6.2650 121 173 147
22.5625 -1.5000 6.5030 112 239 168
22.0625 5.0000 12.4720 63 132 45
6.2500 -3.5000 14.5040 9 82 115
17.4375 21.5000 15.2710 10 144 70
10.4375 -23.0000 3.4350 185 210 0
-21.7500 9.0000 2.9330 193 97 156
0.2500 8.0000 9.6350 84 90 91
18.3750 21.5000 15.1760 7 151 75
5.6875 -9.0000 17.2610 18 93 64
12.3750 23.0000 13.5000 33 63 93
3.7500 -16.0000 18.6110 52 57 59
13.6875 0.0000 5.3950 135 233 144
2.0625 -15.5000 16.0390 46 75 71
-12.0625 8.5000 6.3630 62 157 188
24.9375 -2.0000 6.5060 137 223 122
4.8750 -17.0000 18.8190 54 95 53
24.5000 14.5000 7.1360 57 203 122
0.5000 5.0000 12.8420 68 75 56
20.9375 -4.5000 1.2490 181 136 46
-1.4375 7.5000 5.9090 134 139 175
23.6250 12.5000 0.3260 144 114 36
0.6250 -23.0000 7.0530 86 142 174
10.6875 6.5000 6.3170 154 161 178
23.0625 19.0000 8.6430 22 190 121
17.8125 -18.5000 4.3070 106 254 98
16.7500 21.5000 13.1450 11 150 77
6.6875 -23.0000 11.7140 41 145 72
20.6250 -7.5000 1.7250 149 231 62
23.6875 3.5000 19.3340 85 94 52
-15.6875 5.5000 8.2650 19 132 197
-4.8750 12.5000 5.8520 156 174 152
25.1875 -5.0000 6.6810 100 216 122
1.9375 23.5000 3.8110 194 176 4
-8.5000 2.0000 3.0170 206 83 123
-6.0000 16.5000 5.5870 172 160 165
5.3125 -1.0000 13.6510 24 100 87
-11.4375 8.5000 6.2420 65 159 185
-14.9375 17.5000 5.4470 162 176 145
-19.0625 1.0000 3.0670 194 87 135
7.5000 -17.0000 20.0740 38 94 39
-5.4375 -18.0000 14.2180 44 54 146
12.0625 0.5000 4.2630 171 254 63
-22.6250 13.0000 5.3710 114 194 192
9.3750 25.0000 4.8260 128 167 167
7.9375 20.5000 3.6540 197 155 25
17.8125 -1.5000 6.5880 110 225 143
-8.5625 8.0000 5.9000 85 164 186
5.8750 -17.5000 14.1080 46 109 63
-7.3750 11.5000 5.4930 151 204 153
-12.6250 3.5000 3.0010 195 84 140
-15.7500 -9.0000 3.2920 201 92 111
10.1875 10.0000 6.2640 156 177 175
23.0625 6.5000 13.7600 74 123 11
20.6875 -15.0000 2.7550 156 178 106
4.1250 5.5000 12.8980 66 82 57
-20.3750 3.0000 2.9990 186 83 135
10.6875 -11.5000 4.9120 93 254 119
-23.3125 24.5000 5.2470 199 147 121
5.7500 20.0000 11.3790 48 69 104
-13.1875 -21.5000 5.2650 102 184 254
5.5000 4.5000 5.7730 142 173 171
7.8750 19.5000 10.7110 53 74 105
23.6875 -6.0000 2.5860 178 210 100
18.5625 24.5000 15.6090 17 142 68
-21.0000 9.5000 2.9590 206 81 139
-17.5625 22.0000 5.3750 188 157 149
25.1250 20.0000 4.3750 112 254 85
-9.5625 4.0000 3.0210 204 81 101
9.1250 -5.0000 12.1760 11 148 83
9.6250 15.0000 10.3850 68 115 81
21.3125 -20.5000 2.9940 178 159 86
23.1875 20.5000 10.7700 18 159 101
-3.6250 11.0000 5.8910 151 164 172
15.5625 -15.0000 5.7180 63 241 163
-13.9375 -6.5000 3.2170 203 107 128
23.0625 -6.0000 2.9490 191 210 97
-3.2500 -5.0000 3.0930 187 94 113
-24.4375 -17.5000 6.4350 64 130 217
22.3750 12.0000 12.7000 26 151 76
0.1875 -12.5000 13.1060 19 94 96
-4.1875 2.0000 13.1150 52 94 99
3.6875 -18.0000 6.8550 105 169 163
-21.5000 -16.5000 3.3300 215 95 69
-15.7500 20.5000 5.3930 182 161 149
-18.5000 -22.0000 6.9740 63 120 219
20.3125 23.5000 8.9780 26 205 92
-15.1250 -5.5000 3.1750 197 89 141
5.2500 12.5000 6.0510 163 146 177
-18.0000 1.0000 3.0100 189 85 144
-13.3125 5.5000 2.9160 187 63 140
-9.4375 -12.0000 3.2210 215 85 122
12.0625 -11.0000 4.7460 92 254 104
-2.8750 6.5000 15.5310 68 46 42
-18.0000 19.0000 5.3440 163 172 133
-21.8750 -8.5000 3.2990 204 82 105
-4.0625 -19.0000 15.5420 52 49 130
1.4375 21.5000 11.9580 74 61 76
9.0000 -12.0000 10.0820 22 171 74
-19.8125 -4.5000 3.2380 195 83 120
-0.1250 24.5000 10.1720 70 101 82
8.7500 9.0000 6.1700 157 176 180
-24.3750 7.5000 2.9660 180 107 165
23.6250 15.5000 12.5910 22 154 76
12.1875 -8.5000 5.7220 73 254 126
-9.1875 23.5000 5.2720 174 200 133
-11.4375 12.0000 10.0550 67 86 97
-8.5000 8.5000 3.9630 163 221 43
18.6875 17.0000 16.1170 7 140 61
11.1250 14.0000 8.3660 70 142 102
6.1250 14.0000 11.3880 80 91 83
23.6250 18.0000 9.7890 29 167 100
24.8750 1.5000 13.3240 87 141 56
-20.8125 -23.5000 16.6970 36 44 124
-1.9375 20.0000 12.1570 84 82 31
-14.6875 23.5000 5.2990 193 154 155
-20.6250 -18.5000 3.4030 209 120 67
-22.0000 14.5000 8.0660 61 134 118
9.3750 24.5000 3.6960 191 144 47
9.6250 21.0000 7.7530 65 99 141
0.9375 -23.0000 7.0090 89 141 171
-4.1875 -15.5000 15.8080 40 67 126
-10.8125 -9.0000 3.2270 201 97 126
-9.0000 -3.0000 3.1420 197 97 139
-15.0625 -5.5000 3.2150 197 95 134
18.5625 16.0000 17.7280 10 132 65
-2.7500 2.5000 16.2860 39 65 71
-22.0625 -24.0000 19.2270 46 41 116
3.2500 21.5000 10.7800 60 77 94
-14.1875 -4.5000 3.0430 193 86 155
-4.5625 -10.0000 3.0350 199 81 126
-12.5625 10.0000 8.4490 42 118 133
9.1250 6.0000 6.3640 134 187 189
-6.2500 11.0000 6.2550 108 150 161
4.6250 -5.5000 12.6750 21 78 118
24.1875 12.5000 16.0120 24 131 57
12.1250 17.0000 11.2370 49 90 95
18.6875 -12.0000 2.4400 132 248 114
-10.1250 8.5000 6.3410 72 152 178
-13.8750 -21.5000 4.9710 103 209 227
-14.6875 8.5000 2.8210 180 84 148
-1.9375 -22.0000 3.8950 173 201 90
-3.4375 -21.5000 3.6740 196 182 72
23.8750 9.5000 18.2680 51 107 42
-4.5000 1.5000 15.5620 27 68 88
3.3125 1.0000 16.3360 56 47 53
-1.7500 -13.0000 17.7610 35 33 100
-15.8125 1.0000 3.0050 196 80 153
9.7500 13.0000 10.6760 70 118 76
9.5000 -8.5000 12.0570 12 150 54
-1.4375 17.0000 5.8460 140 174 145
18.0000 13.0000 7.0240 46 207 132
24.2500 -19.5000 3.3680 174 187 36
2.7500 7.0000 5.9820 150 170 163
-8.1875 -14.0000 3.1720 213 65 108
18.9375 -17.0000 7.0380 29 212 144
-20.9375 -4.0000 3.2100 205 92 127
-7.2500 11.5000 5.5150 157 188 165
19.2500 -8.5000 1.3180 152 181 36
4.5000 -14.0000 15.8870 39 93 47
-19.0625 21.5000 5.3170 187 154 147
-21.8750 18.5000 6.0550 112 147 135
-19.1875 5.0000 2.9330 186 87 144
7.1250 -24.0000 6.8950 69 179 127
6.3750 -23.5000 3.3210 200 161 12
-0.9375 9.5000 5.8800 160 165 171
-16.7500 -24.0000 12.2350 45 62 134
19.8750 -2.5000 6.6260 107 220 122
24.8750 25.5000 0.0950 112 122 51
-15.8750 1.5000 2.9700 195 77 161
17.1875 -17.0000 7.5600 36 204 92
-11.4375 24.5000 8.0710 112 111 94
-20.1875 -3.5000 3.2070 197 95 132
-10.4375 4.5000 2.9530 190 63 118
24.6875 17.0000 5.4700 88 221 139
9.7500 -6.0000 3.8450 142 254 5
1.0625 22.5000 10.2870 61 100 82
11.5625 13.5000 10.9520 72 111 87
16.3125 -19.0000 7.2090 32 234 95
-13.0000 -7.0000 3.2120 205 100 132
5.8125 -13.5000 19.3260 32 99 37
2.0000 11.5000 6.0190 160 158 169
-5.5000 -23.5000 3.5090 204 131 88
11.5625 -7.5000 5.7000 75 254 120
-5.8750 23.5000 5.0380 181 188 116
-3.1250 -19.0000 15.7050 46 50 124
5.5625 22.0000 7.5700 66 101 155
-17.5000 -8.0000 3.1630 199 62 130
-14.9375 -19.0000 3.3570 222 106 111
-13.1875 -18.5000 3.3200 218 93 130
-14.1875 -8.5000 3.2650 198 92 112
-11.9375 -19.0000 3.2970 224 91 130
-13.5000 20.0000 5.4390 186 149 160
5.4375 2.5000 12.8870 47 79 60
-16.2500 1.5000 3.0020 195 79 157
-6.0625 22.5000 9.0260 69 112 80
-18.0625 -20.5000 16.2650 28 37 137
22.7500 -2.5000 6.5310 115 231 138
-21.4375 -1.5000 3.1240 206 87 143
10.8125 -14.5000 9.5380 37 169 77
6.8750 -23.5000 8.2150 61 170 107
-20.6250 -4.0000 3.2090 203 93 128
16.3750 15.0000 7.5610 56 179 109
-4.5000 2.5000 15.4880 41 79 75
14.1875 13.0000 11.7800 52 138 47
-17.0000 -4.5000 3.1930 196 84 129
-3.3125 20.0000 11.1890 81 85 40
-5.1875 9.5000 5.4010 154 170 169
-15.1875 -23.5000 5.6520 82 159 228
-2.0625 19.5000 11.9960 83 82 32
3.1875 -9.5000 15.1690 28 67 82
-9.0000 14.5000 5.6790 151 164 166
23.3750 21.5000 9.1670 25 181 116
-13.7500 21.0000 5.3970 190 160 152
-1.6250 -1.0000 5.1170 88 203 221
-13.6250 8.0000 5.0080 86 216 204
-2.6250 -15.0000 16.7430 32 62 117
1.5625 -13.5000 14.9090 29 86 66
19.9375 25.5000 17.3150 18 154 73
-18.8750 15.0000 8.2450 44 113 144
-22.0625 -9.5000 3.3960 206 105 87
7.6250 -0.5000 12.8020 21 106 79
-14.6250 19.5000 5.4290 177 162 142
-2.4375 17.5000 8.1800 101 118 113
-20.1875 -2.5000 3.1020 198 75 148
19.6250 13.5000 10.8780 16 172 82
6.1875 -21.0000 3.8970 164 243 28
-14.4375 -12.5000 3.3290 209 93 102
-4.0000 -5.0000 2.9460 178 88 153
22.6875 -2.0000 6.5050 112 237 161
-20.8750 2.5000 2.9690 189 88 151
0.8750 4.5000 13.1000 70 77 53
20.3750 3.5000 6.5180 150 185 178
14.8125 17.5000 6.9890 62 196 130
-5.1875 -4.0000 3.0230 185 94 157
-19.0625 -19.0000 13.5730 25 40 153
-19.3750 -18.0000 5.5230 90 163 238
22.9375 -21.0000 2.8390 167 152 103
-3.0000 -23.5000 6.2460 86 140 214
-8.8125 -13.5000 3.1570 213 78 124
-17.3750 14.0000 8.1610 43 118 139
-13.3750 3.5000 2.9980 192 83 145
-9.8750 -21.5000 3.4110 232 118 114
-20.8750 -5.5000 3.2760 200 92 114
-7.0625 4.0000 15.1110 43 53 96
-5.3750 -1.0000 3.0520 200 85 140
-11.1250 22.0000 5.4000 182 166 140
0.8750 13.5000 5.9600 161 151 170
13.6250 10.5000 8.4900 91 109 81
3.2500 -16.5000 15.9930 46 77 62
-13.3750 -4.0000 3.1210 200 90 145
7.1250 -10.0000 14.6780 17 106 50
13.6250 0.5000 5.2210 138 250 140
-17.6250 6.5000 6.1190 59 149 225
24.5000 17.5000 0.2860 147 107 2
7.6250 -19.5000 21.4560 47 79 37
15.9375 4.5000 6.4610 130 241 184
0.3125 -1.5000 3.7730 161 218 55
11.1875 -17.5000 7.4880 39 238 99
-16.5000 -21.0000 3.4240 208 114 95
12.6875 -16.5000 7.2320 41 215 114
19.5000 -24.5000 3.7030 143 241 47
4.7500 1.0000 14.7050 45 67 68
17.8125 -19.5000 4.1550 117 254 80
-16.0000 16.5000 5.3200 155 181 148
-7.6875 3.0000 3.4810 196 164 53
7.9375 -16.5000 16.6540 38 125 23
-4.3750 -10.0000 14.6100 23 58 145
17.8125 -24.0000 2.9160 136 221 97
-10.5000 -2.5000 3.1040 191 105 148
3.5000 21.0000 10.9820 62 65 98
-20.0000 -22.0000 19.5580 29 20 130
0.5625 -21.0000 7.1100 83 144 188
-7.8750 -18.0000 6.7090 75 130 243
6.0625 -14.0000 20.3940 36 94 38
-16.5625 -10.0000 3.2630 201 83 113
2.9375 8.0000 6.0130 152 174 171
1.4375 -14.5000 15.4250 40 79 65
-4.4375 25.0000 4.9260 153 200 95
1.7500 -8.5000 4.7040 99 237 160
22.8125 24.0000 7.9460 29 186 126
-0.6875 7.0000 5.3720 163 178 164
7.3750 -9.0000 15.3980 19 107 46
22.9375 21.5000 11.6710 17 156 90
-7.6250 -24.5000 3.5500 196 139 100
4.5000 -19.5000 21.5390 68 49 61
-0.9375 20.5000 13.2110 75 71 52
16.6250 25.5000 6.5630 74 218 132
19.8750 -11.5000 2.4330 137 227 112
-6.6875 10.0000 5.4540 152 189 162
-2.5625 -4.5000 3.2100 194 115 99
2.8125 9.5000 6.0750 155 175 169
-5.5000 6.0000 13.5340 38 72 101
10.5000 11.5000 8.6840 108 126 116
-17.5625 13.5000 7.8980 44 126 143
-8.4375 25.5000 4.8470 171 201 95
3.8750 2.0000 15.3110 51 51 56
20.8125 23.5000 8.3940 23 203 114
7.1875 0.5000 12.7290 35 106 52
-11.1875 18.5000 5.5360 184 155 143
-2.7500 19.0000 9.9900 85 100 46
8.0625 -22.0000 3.2080 195 142 1
-0.1875 -16.5000 14.0160 39 77 89
24.9375 -22.5000 3.2450 162 177 46
6.3125 6.5000 6.1960 141 178 157
1.6250 -1.5000 3.1290 194 76 105
-4.5625 -12.0000 15.3390 38 39 118
-18.1250 25.0000 5.2460 192 150 134
-12.5000 -21.0000 3.3030 233 72 101
5.1250 3.5000 14.4640 58 54 59
-19.0625 -17.0000 11.6160 26 65 167
-17.8125 2.5000 3.0250 191 86 145
-6.2500 24.5000 4.9970 178 177 105
12.4375 0.0000 1.4870 185 135 36
-7.0000 -8.0000 3.1510 196 104 137
-7.5000 21.0000 5.5350 173 174 148
-12.6250 1.5000 3.0280 202 79 139
-6.9375 12.0000 5.6730 159 186 161
-5.8125 -2.5000 3.0890 188 98 157
-23.5625 1.0000 3.0900 185 106 157
7.1250 -23.0000 8.5920 52 170 109
15.7500 3.0000 6.4810 130 226 170
7.8750 -19.0000 17.9570 37 122 24
0.5000 22.5000 12.4200 67 65 60
19.8750 24.0000 9.1260 28 204 91
-8.0000 15.0000 5.6860 165 156 135
-24.3750 -15.0000 8.4010 52 94 195
8.8750 -10.0000 11.3660 14 152 63
12.4375 11.5000 10.4030 83 131 66
-11.0000 -8.5000 3.2220 198 90 120
17.1875 20.5000 15.5230 12 142 69
-12.3125 -6.5000 3.1620 206 95 138
-18.6875 -8.5000 3.2750 200 80 117
-1.6250 -9.0000 14.4680 36 62 120
5.6250 -4.0000 13.9940 11 91 120
-9.1250 -11.5000 3.2270 211 87 123
10.7500 -3.5000 9.2830 19 188 93
-23.8125 -19.0000 4.5000 120 196 164
7.9375 -20.5000 6.7360 80 208 114
4.8125 -6.0000 12.8120 22 86 117
7.4375 -19.5000 11.9950 47 142 62
-2.3750 -7.0000 3.1050 203 79 100
2.3750 2.5000 17.2280 59 49 60
18.0625 13.0000 7.3750 42 198 124
24.7500 7.5000 19.4370 82 115 29
11.8750 20.5000 3.5730 184 163 16
11.6250 12.5000 16.8860 84 89 62
-3.6250 0.5000 14.9330 24 65 125
0.3750 -14.5000 15.5690 35 71 79
-23.6875 24.5000 5.2180 201 143 116
-4.4375 24.5000 9.9570 74 112 62
-10.0625 -19.5000 3.3600 230 102 116
16.5625 12.0000 11.0370 62 138 54
6.6875 -11.0000 14.6340 22 108 49
-11.6875 10.5000 10.9960 35 95 109
-4.2500 -9.0000 2.9790 202 78 132
14.0000 -13.5000 7.5930 37 182 111
-3.4375 -7.0000 3.0150 197 65 115
-1.1875 14.0000 5.8760 158 153 160
-3.1875 17.5000 9.9150 93 99 84
4.8125 5.0000 12.6990 69 83 50
-12.3750 -18.0000 3.2010 219 72 151
-10.1875 14.5000 5.6500 151 160 164
7.6875 -5.0000 12.6120 17 108 89
4.3125 -7.0000 15.2980 23 67 104
21.4375 10.5000 11.8690 24 159 78
10.0625 9.0000 6.2470 158 160 186
21.0000 7.0000 13.9430 72 128 43
7.6875 22.5000 7.4950 65 98 155
-15.1875 11.0000 6.5490 51 157 192
-7.3125 6.0000 7.6960 67 133 142
14.7500 -17.0000 4.8560 89 254 130
-1.6250 7.5000 5.6770 145 156 143
3.6250 6.5000 12.8240 78 77 64
3.5000 9.5000 6.1190 161 154 171
-2.3125 -19.5000 15.4310 51 51 118
-7.7500 22.5000 5.3900 166 187 125
-16.0000 3.0000 2.9810 191 76 166
16.6875 -17.0000 7.7120 34 205 93
19.0625 0.5000 6.4980 120 227 146
9.5625 3.5000 6.2970 119 187 176
7.3750 -21.5000 22.0470 40 65 54
17.8125 12.5000 7.6450 59 193 102
17.3125 7.0000 6.4820 133 227 160
-14.7500 3.5000 2.9890 199 64 140
11.5625 -15.5000 7.6690 43 202 101
17.0000 -1.0000 6.6380 92 221 159
-19.5625 -17.5000 13.1230 28 54 162
-2.0000 11.5000 5.9250 155 167 169
-24.6250 -11.5000 3.4080 191 107 111
16.7500 14.5000 8.2250 52 168 97
9.5000 -17.5000 10.0300 32 171 69
19.0000 5.5000 6.5220 141 236 184
-6.2500 -1.5000 3.0840 204 86 137
18.9375 13.0000 6.6130 48 218 138
-16.3125 22.0000 5.3830 190 152 160
22.0000 25.0000 10.2320 32 175 74
-15.9375 -17.5000 3.4860 201 129 93
8.0625 -1.5000 14.8740 19 90 71
18.0000 11.5000 3.3750 200 206 0
-23.1875 19.5000 5.9950 118 146 139
9.3125 -16.0000 6.7470 51 209 120
22.1875 16.0000 16.1220 10 131 66
22.6250 2.5000 14.6730 80 112 79
-4.9375 -21.5000 5.3230 106 179 245
19.6250 15.5000 2.2450 157 186 87
0.5000 -21.5000 3.8880 197 215 58
11.0000 -0.5000 5.1550 103 242 133
6.7500 1.0000 12.5770 44 90 54
-19.6875 -23.5000 14.2400 38 64 130
24.0000 2.0000 20.1030 87 93 55
-15.4375 -13.5000 3.3540 210 98 100
13.2500 24.0000 6.4640 88 168 170
-21.8750 -20.0000 20.7260 32 17 126
18.9375 -20.5000 2.2100 140 144 110
19.6250 -7.0000 0.8170 156 123 13
12.6875 6.0000 6.4020 150 181 181
-15.6250 25.0000 5.4220 193 134 143
-9.6875 -20.0000 3.3830 231 107 112
-4.5000 25.5000 4.8410 153 201 90
9.8125 0.0000 12.0940 17 140 60
10.6250 -4.0000 2.8680 178 129 43
-7.1250 12.5000 5.7670 153 178 162
-14.6250 -7.0000 3.1490 203 85 135
-6.9375 4.5000 15.1010 40 52 96
3.3125 -9.5000 11.8280 19 107 100
3.6250 2.5000 11.2160 51 90 74
-5.5000 24.5000 7.1800 97 141 79
-16.4375 -17.5000 3.4300 205 106 92
12.3750 -0.5000 1.1180 188 127 23
-19.1875 12.0000 5.2700 96 211 194
-8.3750 -18.5000 3.3550 233 103 105
-16.8125 17.5000 5.2670 157 194 134
-23.1250 16.0000 6.6520 99 146 133
4.9375 21.5000 10.5740 58 63 86
-18.4375 -20.5000 14.0990 26 55 143
24.8750 23.5000 0.1470 127 108 38
24.6250 21.0000 0.1680 145 114 3
5.8750 5.5000 6.1000 143 170 162
-24.4375 5.0000 3.0040 173 110 147
8.4375 -23.5000 10.5830 36 144 73
-16.9375 -12.5000 3.3160 204 85 113
18.5000 21.5000 15.1890 10 142 61
21.1250 -12.5000 2.8410 168 162 111
10.5625 -15.5000 9.3800 27 168 81
-11.8125 9.5000 6.2270 72 138 178
-21.6250 2.5000 3.0470 199 91 138
-19.6875 25.5000 5.2530 192 154 138
-10.0000 -14.5000 3.2330 215 98 123
13.5625 14.5000 12.6150 65 107 65
11.4375 -7.0000 1.2750 162 149 2
-1.0625 -19.5000 12.7850 53 66 115
-17.7500 19.5000 5.2950 172 174 131
6.7500 11.0000 6.1150 162 156 185
0.1250 12.0000 5.9910 161 172 168
2.0625 3.0000 5.9960 116 174 142
-16.6250 9.0000 10.4060 21 117 148
-3.9375 -9.0000 3.0300 202 65 116
20.5000 12.5000 9.3070 50 195 96
-22.1250 13.5000 7.8220 63 143 128
-0.8750 -20.5000 4.5450 142 216 149
11.6875 -12.5000 7.9440 23 205 102
-0.6875 -21.5000 3.9520 186 211 71
-20.8750 -10.5000 3.3170 208 89 94
1.7500 4.0000 10.2020 79 80 76
7.9375 -20.5000 3.1860 191 157 33
7.8750 17.0000 11.5710 56 95 69
-6.1250 1.5000 3.1130 212 93 82
6.2500 19.5000 11.7110 46 68 97
18.5000 18.0000 15.9390 9 150 63
4.4375 24.0000 3.6070 202 138 26
20.5000 21.5000 5.5180 82 254 129
-18.6875 0.5000 2.9800 187 83 166
3.0000 20.0000 11.1710 59 76 79
12.0000 -23.0000 6.2390 61 254 93
-15.8750 -24.0000 10.6920 49 73 144
-7.2500 21.0000 5.5190 174 176 147
-21.2500 -15.5000 3.4600 205 128 60
13.0625 -14.0000 7.0640 37 214 125
14.2500 25.0000 16.9710 45 90 75
12.5000 10.5000 8.7070 87 109 83
-7.3125 3.5000 3.5160 205 165 35
6.5625 -1.5000 11.2990 23 120 101
3.5000 3.0000 10.8410 54 92 78
1.6250 15.0000 9.6250 95 93 59
21.0000 11.5000 10.9290 24 165 94
23.0625 4.0000 18.5740 79 102 52
15.2500 22.5000 15.8720 13 118 61
-22.7500 -20.0000 5.3200 101 185 214
-3.1875 24.0000 10.4370 75 92 66
13.3750 10.0000 9.0110 86 112 74
0.3125 11.5000 5.9660 159 175 168
16.0000 4.5000 6.4500 130 242 184
-16.3125 -17.0000 3.5060 199 126 91
-10.5000 15.5000 5.5590 171 162 164
2.3125 -17.0000 13.6000 60 91 77
1.9375 5.5000 16.2500 81 51 42
-3.9375 0.5000 3.4790 197 173 51
-2.0000 2.5000 17.2720 41 61 72
9.0625 -4.0000 3.4250 197 199 0
-1.8125 -18.5000 14.9470 48 50 119
10.6875 13.5000 9.4020 76 97 83
-15.5000 -14.5000 3.3940 208 97 101
6.4375 19.0000 11.3150 48 72 103
-8.5000 -15.0000 3.1080 215 65 129
6.1250 -9.0000 16.6210 15 98 60
10.1250 24.0000 4.6310 137 188 158
2.8750 4.5000 15.2070 71 54 50
-0.8125 -16.5000 15.2060 34 76 98
-8.4375 -7.0000 3.1370 198 90 135
-23.5625 -11.5000 3.4150 196 107 102
2.8750 3.0000 6.4760 91 147 147
22.0000 7.5000 10.5540 57 136 48
-20.5000 -24.5000 18.8480 46 30 121
8.5625 -12.0000 15.0730 23 133 47
22.0000 -17.0000 3.1600 185 185 55
-23.4375 -19.0000 13.3520 32 73 138
-5.8750 -3.0000 3.0990 192 98 152
-4.8125 -11.0000 14.5160 41 39 138
8.3750 0.5000 13.2250 32 123 57
19.3125 8.0000 5.2190 152 254 109
21.3750 17.5000 16.3890 13 130 74
5.0000 8.5000 6.1890 149 178 157
-13.6250 2.5000 3.0040 202 76 141
-19.0625 -19.0000 15.8470 28 21 139
-11.7500 9.5000 6.3430 70 135 173
-16.6875 -22.0000 12.8440 30 66 167
4.0000 -3.0000 13.5490 6 84 139
23.1875 13.0000 12.9030 20 161 83
23.5625 15.0000 12.4620 24 155 75
-21.8750 4.0000 2.9970 188 93 135
19.0625 -23.5000 3.5360 167 237 35
-13.4375 -8.5000 3.2360 197 104 134
-18.0625 12.0000 7.7320 40 163 160
-24.3125 -9.0000 3.3550 191 99 112
-20.5000 -21.5000 19.2870 33 33 116
12.6875 -2.5000 0.9140 164 128 23
-13.7500 14.5000 5.9190 112 177 153
-10.1875 17.5000 5.5850 174 156 161
13.6875 10.5000 8.4790 92 109 80
23.2500 -18.5000 3.4230 182 206 28
-13.5625 1.5000 3.0260 191 82 149
22.2500 20.5000 11.1530 14 159 100
16.7500 16.5000 17.3790 25 108 33
19.9375 16.0000 10.6450 19 172 88
-4.1875 -7.0000 3.0930 197 77 110
-15.7500 -20.5000 3.3630 216 98 105
18.5000 17.5000 11.6610 12 165 90
-12.9375 -3.0000 3.1080 199 91 149
3.4375 -8.0000 16.8700 22 65 99
6.9375 -17.0000 21.0870 40 82 38
-5.8750 -16.5000 14.7740 42 47 143
6.2500 4.5000 5.8530 139 171 170
0.3125 -2.0000 3.0830 207 75 114
2.8125 23.5000 9.9760 59 83 107
5.6250 -9.0000 17.4280 21 92 65
2.3125 20.0000 11.0170 62 79 80
16.9375 -19.5000 1.9200 126 227 64
0.1250 -11.0000 17.8510 34 38 94
-6.4375 -23.0000 5.2780 106 178 244
6.6250 -3.5000 14.3490 8 85 115
7.5000 -19.0000 11.6730 45 144 65
-8.0625 24.0000 8.7860 96 127 79
-7.7500 -5.0000 3.1190 189 95 150
-24.5000 3.5000 2.9830 174 103 165
-19.8125 -1.0000 3.0160 193 79 160
-18.8125 -23.5000 14.6190 41 55 131
-11.0000 5.0000 2.9380 185 75 123
-13.8125 -12.0000 3.2860 206 98 115
0.9375 24.0000 9.4300 64 115 89
-2.4375 -23.0000 6.0880 85 147 221
17.3125 -13.0000 1.2560 141 126 48
-10.5000 13.5000 5.5010 150 164 160
24.1875 15.5000 12.0640 27 156 74
6.1250 -23.0000 8.2590 58 171 116
9.5625 21.5000 3.5770 215 130 22
9.4375 -3.0000 11.5160 11 139 96
1.2500 -17.0000 15.3770 53 62 69
15.1875 20.5000 16.0850 19 108 72
0.3750 -16.5000 15.7290 37 72 75
-3.8125 7.5000 15.1460 63 46 52
21.1250 -24.0000 3.5620 160 231 37
-5.6250 4.5000 15.0990 38 52 87
17.0625 -23.0000 1.7990 129 182 65
13.8750 25.0000 17.0660 48 91 77
3.6250 -3.0000 3.1580 195 80 91
8.2500 -15.0000 17.2170 26 118 39
6.3125 -21.0000 15.2620 40 91 65
11.5000 0.0000 4.3850 160 254 77
17.1875 22.5000 14.8110 17 137 57
-17.8125 -21.0000 7.6710 56 106 206
-0.2500 12.0000 5.9140 163 176 172
-9.9375 24.5000 8.7100 111 118 84
0.1875 5.0000 10.2440 70 101 86
19.5625 -1.5000 6.5500 108 230 137
-12.5625 4.5000 2.9710 198 65 127
24.0625 24.0000 5.1610 88 233 140
19.3125 19.5000 2.9920 194 167 61
0.6250 7.5000 6.1220 136 159 168
-24.1875 3.0000 3.0630 180 107 151
9.6250 -16.0000 11.8220 25 133 61
7.2500 -2.5000 11.3100 26 108 94
-17.3750 11.0000 5.3570 84 198 198
7.0000 -21.0000 3.6640 181 222 1
-6.1875 2.5000 3.8850 165 229 61
-21.8125 -21.0000 20.0850 30 25 126
23.5000 8.0000 18.1160 66 107 32
-1.4375 -4.5000 3.2210 190 97 92
6.5000 -17.5000 22.3260 51 68 53
-10.4375 15.5000 5.6350 166 158 166
14.0625 -17.5000 3.7910 144 254 0
7.5000 -16.5000 19.1210 42 97 33
-8.8125 19.0000 5.5500 178 153 162
-16.2500 -8.5000 3.2730 198 101 124
-21.7500 23.0000 5.1740 192 175 133
-22.0625 -3.0000 3.2000 202 89 138
3.2500 8.0000 6.0570 150 175 171
22.9375 -7.0000 3.0170 201 204 86
-15.5000 4.0000 6.0850 59 161 235
-6.8125 -23.5000 5.4860 111 154 242
-15.1875 8.0000 8.7800 17 141 173
-9.4375 -5.5000 3.1640 192 93 144
7.9375 -5.0000 10.2600 24 148 111
-18.6250 14.5000 7.8690 44 123 152
-3.7500 -10.5000 14.8090 29 52 132
18.2500 -12.0000 1.0820 156 132 12
-5.6250 -11.5000 3.0780 202 56 116
-1.8125 -12.5000 17.5480 32 34 104
-0.7500 7.0000 5.3720 163 178 164
-20.7500 -20.0000 19.2330 37 32 113
-5.4375 24.0000 5.0260 179 181 103
-15.6875 -7.0000 3.2200 207 91 124
6.2500 24.0000 3.8770 172 160 62
15.9375 -21.0000 2.3670 128 241 96
22.5000 12.5000 13.0470 19 147 84
8.5625 -17.0000 4.1000 138 254 55
-16.8750 19.0000 5.3740 170 176 146
-6.8750 -17.0000 14.3720 41 60 149
-20.0000 10.0000 2.9520 192 82 136
-11.2500 14.0000 5.4620 145 186 158
6.9375 -17.5000 20.8970 48 77 52
-6.3125 24.0000 7.2080 95 142 82
5.1875 1.5000 12.6270 50 82 64
-23.8125 -5.0000 3.3020 191 104 129
-17.8125 13.0000 7.8700 44 128 143
10.3750 -0.5000 11.9170 17 142 58
-24.0000 18.5000 5.8950 123 156 144
0.8125 -4.0000 3.4540 185 151 67
-1.8125 6.5000 15.7310 58 40 45
-1.7500 -15.0000 17.2540 38 61 108
-8.0625 23.5000 5.1740 174 198 123
14.0000 -16.0000 6.2540 61 229 124
19.4375 0.5000 6.4460 150 216 162
21.8750 -12.0000 2.6540 154 163 128
-20.0625 -17.0000 7.1640 55 106 226
5.3125 -21.0000 21.8500 48 64 66
-21.7500 -21.5000 20.2670 30 23 123
-16.0000 -2.0000 3.0830 201 89 142
1.1875 20.5000 11.5030 64 81 56
7.6875 6.0000 7.3860 107 152 113
-4.5000 6.5000 18.3950 61 36 39
12.1875 2.0000 6.5070 116 207 138
-11.3125 -7.5000 3.2050 201 104 126
-13.0625 -18.0000 3.3680 215 105 124
-13.8125 9.5000 6.0630 75 145 183
-10.0000 -2.5000 3.1220 194 108 143
11.8750 -13.0000 8.0170 22 204 100
8.5625 -10.0000 9.5310 18 191 76
-21.6875 9.0000 2.9930 199 99 143
5.6875 16.5000 12.2490 65 74 58
7.4375 -23.0000 3.7730 171 232 9
24.4375 -7.0000 3.4220 198 226 35
-1.5625 15.0000 5.8410 162 142 165
11.2500 -14.5000 8.3690 40 191 86
7.4375 -15.0000 21.1700 37 93 42
-21.4375 17.5000 6.7060 94 143 136
6.1875 -22.0000 19.9460 35 71 61
-17.3125 -15.5000 3.4590 196 114 74
-3.1250 -21.0000 3.7490 187 189 77
6.3125 -14.5000 19.9740 33 102 53
-6.8750 11.0000 5.5230 155 191 167
12.0000 -13.0000 3.5640 176 254 0
-22.0625 -20.0000 17.6890 27 37 129
-15.4375 5.0000 10.5540 9 103 178
7.5000 -19.0000 3.0880 212 137 28
6.6250 17.0000 11.7700 63 74 59
-6.8125 -6.5000 3.1060 194 95 136
14.5000 1.0000 6.5450 110 212 165
17.4375 -14.0000 6.5980 51 229 113
9.8750 12.5000 9.7910 93 114 80
-0.8750 24.5000 10.5320 66 100 72
-13.9375 -5.5000 3.1220 196 81 142
9.3750 -20.0000 2.0150 156 164 74
-12.8750 6.0000 2.8510 177 64 148
23.2500 0.5000 6.5790 122 224 177
5.7500 -22.5000 20.0170 40 74 62
0.8750 -20.5000 7.0450 89 144 184
3.8750 1.5000 16.2180 54 48 50
18.8125 -14.5000 2.0630 145 156 79
-8.0000 9.5000 7.6770 70 118 114
-7.3125 12.0000 5.5350 166 190 158
7.8125 18.5000 11.1130 62 66 94
-4.0000 -3.5000 3.0510 181 92 133
8.4375 -11.5000 11.2080 22 152 67
-6.1250 4.0000 3.7830 185 201 23
-20.5000 25.0000 5.2400 192 157 138
-18.4375 -19.5000 16.0380 30 21 134
10.0000 -9.5000 2.7730 174 173 70
-19.6875 -3.5000 3.1350 201 84 147
9.4375 -6.0000 8.9270 14 193 96
5.5625 11.5000 6.0230 168 150 189
-10.8750 2.0000 3.0190 193 86 136
4.6250 5.5000 14.6180 75 65 50
5.1875 -17.5000 19.1710 65 82 49
2.6250 8.5000 6.0390 153 171 170
-23.8125 9.5000 2.9200 188 100 167
3.7500 14.0000 9.1700 104 102 101
1.1250 4.0000 13.1610 73 78 51
-13.4375 -4.5000 3.1380 200 91 141
14.5625 -23.0000 4.0300 113 254 25
-23.8125 24.0000 5.1480 202 148 114
-18.8125 23.0000 5.3090 191 162 158
16.4375 -16.5000 7.7350 29 210 102
-1.7500 -2.5000 7.4530 44 125 200
15.5000 19.0000 15.4770 20 115 65
-21.4375 24.0000 5.2800 194 162 133
17.4375 7.0000 6.5520 130 215 161
1.6250 -17.5000 13.4880 63 68 79
23.0000 17.5000 13.7010 14 150 69
-6.1250 22.0000 9.1610 71 106 78
-23.9375 -1.5000 3.0910 183 96 170
9.2500 -13.5000 11.0580 24 162 64
10.0625 7.0000 6.3160 151 164 181
12.1250 -16.5000 7.2570 44 212 113
-19.6875 0.5000 3.0750 190 102 154
-13.6250 10.5000 6.3350 66 158 179
-8.3750 1.5000 3.0010 204 82 125
-11.6875 11.5000 11.4640 37 90 99
8.5000 -17.5000 15.5530 32 139 38
-20.4375 -16.0000 6.8740 49 122 221
-23.3750 -16.0000 3.2670 208 69 90
-0.8750 15.5000 5.7650 160 152 157
-3.7500 -19.0000 15.6610 49 49 128
15.0625 2.0000 6.4040 128 233 169
11.4375 12.5000 10.5640 81 115 83
21.7500 13.0000 12.5940 17 164 91
-1.2500 -13.5000 17.1950 33 34 95
-5.3750 23.5000 9.0630 71 112 74
19.6875 -24.0000 3.6390 151 241 44
2.1250 7.5000 9.6230 100 104 87
4.1250 4.0000 16.2630 76 42 43
-3.9375 -14.0000 16.1410 38 58 128
18.7500 16.5000 18.0830 9 127 68
22.6875 18.0000 13.9030 19 141 68
14.5000 8.0000 6.3850 149 206 145
15.0000 18.5000 10.9480 25 142 95
-6.3750 4.0000 15.3560 41 51 89
21.7500 -3.0000 6.6380 92 229 143
14.3750 11.0000 8.5550 79 154 75
-14.9375 25.0000 5.4640 181 148 131
-18.8125 25.5000 5.2560 195 148 131
0.6250 7.5000 6.1420 135 158 168
13.0000 -24.0000 6.1540 64 254 86
-9.2500 9.0000 6.8560 62 141 155
-16.1250 8.0000 8.3090 21 151 179
25.0625 -15.5000 2.5850 147 157 115
-22.6875 7.5000 2.9390 194 94 153
-22.8750 -18.0000 13.8250 26 65 136
8.9375 -7.0000 13.4170 9 143 51
-14.4375 -4.0000 3.0520 197 86 156
-14.6875 -2.5000 3.1300 205 86 140
-6.6250 -5.0000 3.0610 188 95 153
-18.5625 12.5000 7.0370 52 136 159
7.3750 -19.5000 18.2580 52 90 36
-6.7500 10.0000 6.1510 112 153 155
0.8750 -12.0000 16.7370 36 52 85
-19.0625 -7.0000 3.2350 207 84 120
-16.8750 -17.5000 12.5990 30 62 165
-17.5625 -2.0000 3.0680 200 73 150
7.6875 13.0000 10.3610 92 102 94
-16.1250 2.5000 2.9580 193 75 169
24.4375 11.5000 16.6980 31 128 54
7.5000 -22.0000 21.9080 42 69 50
-20.9375 23.0000 5.2890 188 167 134
24.8750 24.5000 6.3160 84 200 93
7.1875 21.0000 8.2900 65 91 142
-21.3125 10.0000 2.9030 204 83 147
10.2500 2.0000 5.9730 130 209 149
4.5625 18.0000 11.6750 75 64 62
-0.4375 18.5000 9.8120 74 100 68
10.2500 11.5000 6.3690 150 173 171
-17.6250 1.0000 3.0430 189 88 138
23.9375 15.0000 11.8950 29 157 75
-14.4375 -18.5000 3.3250 221 100 117
6.1250 -12.0000 13.4620 21 132 51
2.7500 2.5000 17.4280 55 50 56
-17.5000 -22.0000 11.1730 36 73 158
23.3125 -4.5000 2.6870 187 218 93
11.9375 19.5000 5.8200 89 178 180
-2.8750 2.5000 20.4680 41 39 97
20.3750 5.5000 6.6110 133 242 158
-11.4375 10.5000 9.1000 43 106 122
3.7500 -8.0000 16.5690 24 67 97
10.1875 -24.0000 3.0900 183 168 13
-23.3750 9.5000 3.0220 198 104 147
-19.3750 -20.0000 18.8610 35 22 134
4.0000 22.5000 9.6940 56 88 105
-19.5625 -12.5000 3.2900 206 79 105
-5.1875 -10.0000 3.1380 210 87 107
21.8750 19.5000 7.6300 28 202 146
13.4375 7.5000 6.3560 157 192 170
21.3125 20.5000 5.3070 77 254 167
-12.0625 24.0000 7.1510 123 124 120
22.8750 7.0000 15.6870 63 102 24
12.2500 18.0000 8.8620 39 125 114
-2.5000 -9.5000 13.7550 21 61 140
17.1250 -24.0000 2.8420 127 231 110
7.1875 18.0000 11.2830 60 65 92
-20.5000 -23.0000 18.1270 33 25 127
11.5625 21.0000 6.3570 79 142 178
-16.9375 -18.5000 3.3870 210 103 109
2.2500 20.0000 10.7660 60 84 82
22.0625 18.5000 14.2850 15 139 73
-18.1875 -4.0000 3.1230 206 85 142
-2.8750 -12.0000 17.3110 29 34 113
-1.6250 3.5000 19.7390 63 37 52
15.2500 8.5000 8.3950 83 147 88
-2.5000 -2.0000 3.1640 208 104 102
-14.3125 1.5000 3.0320 195 86 145
7.7500 -18.5000 10.7340 45 159 77
-10.2500 -8.5000 3.1880 195 103 141
3.7500 -23.0000 7.7160 91 146 140
-23.3750 3.5000 3.0190 180 105 155
6.3750 14.0000 11.3140 80 92 83
9.8750 22.5000 3.5530 220 128 21
-23.8750 7.0000 2.9790 184 108 159
0.6875 23.0000 9.9680 59 108 87
-10.4375 -17.5000 3.2330 226 82 137
-5.5625 -19.5000 6.6300 86 130 240
-15.8750 10.5000 6.2890 57 162 197
-8.3125 -10.0000 3.1840 203 88 128
7.3750 -10.5000 13.4980 22 116 56
10.5000 -15.0000 8.4380 30 161 93
12.4375 25.0000 15.5850 53 60 90
14.0000 18.0000 12.5860 46 102 71
-7.3125 -14.5000 3.0710 208 50 118
23.1875 11.0000 16.0310 23 130 59
24.5000 -5.5000 6.0650 108 226 144
-14.2500 -12.5000 3.3000 209 87 104
-18.9375 -11.0000 3.3210 204 90 99
10.4375 -8.0000 12.2130 10 161 45
-4.1250 7.5000 15.2240 65 46 53
-8.5000 -16.5000 3.1850 221 72 109
-15.6875 2.0000 2.9980 199 78 158
16.2500 -23.0000 2.3540 128 240 90
22.8750 21.0000 11.1480 19 155 96
-2.1250 20.5000 10.5790 81 95 37
5.2500 -19.5000 22.0440 52 61 70
-8.5000 -5.0000 3.1250 193 95 134
-18.2500 -17.0000 11.5840 32 61 176
-13.4375 -19.0000 3.3140 216 92 131
-12.2500 24.0000 7.6550 120 120 112
-18.8125 0.0000 3.0790 197 87 149
-7.0625 12.5000 5.6980 158 183 163
-1.5625 14.0000 5.8710 162 157 180
22.1875 -1.5000 6.4930 113 240 170
14.8125 -23.5000 4.8660 87 254 99
-1.7500 2.5000 20.0490 46 49 84
6.0625 -24.0000 7.1490 79 165 121
21.0625 -21.0000 3.1640 187 172 63
22.0625 -2.0000 6.4330 116 243 165
4.7500 5.5000 5.9430 143 182 143
18.3125 -24.0000 3.3330 168 209 35
6.6875 -12.5000 17.1130 22 109 42
3.5625 -7.0000 15.2650 19 65 110
18.0625 -19.0000 2.1150 142 157 92
-12.5625 -22.5000 3.8680 166 201 119
-23.4375 -15.0000 3.3610 203 97 94
11.8750 19.5000 7.8340 46 138 144
23.5625 -24.5000 3.4330 157 196 41
-24.5000 3.0000 3.0300 177 105 157
3.6875 -12.0000 13.5950 16 109 66
-14.3750 21.0000 5.4200 185 147 149
-7.3750 -4.0000 4.2740 115 230 179
8.5625 -7.5000 10.1550 14 178 79
-18.4375 22.5000 5.3410 188 161 156
-19.9375 13.5000 6.1470 70 159 183
20.8750 -13.5000 2.7470 156 172 125
-6.9375 24.0000 5.1450 175 178 121
-12.8750 -18.0000 3.3080 219 91 134
-17.3125 -20.5000 16.0570 36 32 126
1.6875 -23.0000 6.8060 101 136 175
20.3750 7.0000 13.3460 67 119 52
18.5625 -12.0000 1.8220 135 209 79
-19.4375 2.5000 3.0330 190 85 145
4.4375 16.5000 12.6610 79 81 41
-6.8750 2.0000 3.0030 202 77 105
11.3750 2.5000 6.3150 125 204 137
-0.8125 -15.5000 15.3190 37 70 84
20.8125 8.0000 13.5700 72 134 24
17.8125 17.5000 15.7640 19 136 43
19.0000 5.5000 6.4370 145 241 184
1.1250 5.5000 13.5070 69 77 51
-17.4375 17.0000 5.0840 145 202 134
-5.8125 -2.5000 3.1050 189 99 154
0.8125 -4.0000 8.7840 12 128 196
-11.0000 -21.5000 3.4070 225 108 87
1.3125 10.0000 6.0440 156 167 153
6.1875 -13.0000 17.1170 23 108 45
-23.6875 7.5000 2.8890 177 100 176
2.3125 10.0000 6.0710 158 156 174
6.1875 -24.0000 3.4360 190 176 8
-19.5625 0.5000 3.0380 187 98 160
-1.9375 -22.0000 5.8700 89 154 225
-8.8125 -16.5000 3.1820 223 70 111
14.1250 17.5000 9.7680 44 156 89
-11.3750 -10.5000 3.2600 206 100 113
-12.3750 -23.0000 5.4110 98 170 248
18.3750 -18.5000 4.5030 97 254 121
-13.8750 -21.0000 5.1960 101 188 246
-6.5000 14.0000 5.7810 154 183 169
11.3750 -4.0000 2.2080 147 206 94
17.6875 1.5000 6.4610 143 191 179
11.5000 -3.5000 0.8200 160 127 25
8.1250 9.5000 6.1950 156 174 183
2.7500 -7.5000 15.0340 24 65 115
21.1250 20.0000 7.6310 33 205 145
23.6875 5.5000 18.6710 79 104 49
-17.9375 -3.5000 3.1860 204 97 132
23.2500 21.0000 11.1710 21 154 93
7.5000 -20.5000 21.7480 47 82 31
-19.3750 14.5000 8.0500 45 119 149
12.6875 13.0000 11.0870 69 112 84
8.7500 -9.0000 13.6190 16 146 47
12.8750 -24.5000 5.8690 67 250 99
-12.6875 7.5000 2.9220 186 69 115
-7.9375 -8.5000 3.1590 197 78 127
20.5000 14.5000 12.8190 24 173 68
5.3125 -7.5000 16.4840 29 74 80
0.8750 -22.5000 7.0260 87 143 175
-22.1875 -6.0000 3.2430 203 75 117
7.2500 -12.5000 17.3620 25 111 37
-20.3125 12.5000 3.4590 195 165 52
-24.3750 2.5000 2.9910 173 101 159
19.1875 15.0000 17.2500 22 121 49
-9.4375 13.0000 5.6670 141 160 161
-6.3125 23.0000 7.3930 84 142 87
17.8750 17.0000 14.7850 12 143 67
20.9375 13.5000 13.9990 16 162 80
-18.4375 -3.0000 3.1630 202 93 142
-3.3750 22.0000 10.7870 74 86 68
8.5625 -24.0000 2.9740 179 148 32
-22.8125 11.0000 2.9740 208 85 142
-13.6875 11.5000 6.2830 61 154 180
-18.7500 5.5000 2.9540 187 88 141
18.0000 11.0000 5.6690 90 254 125
-0.5625 -2.0000 5.2430 97 184 227
16.2500 15.0000 10.6240 29 175 69
1.8750 7.0000 5.6680 161 170 163
-11.6875 -5.0000 3.1490 200 98 131
7.2500 -17.0000 20.8550 40 86 36
-1.6250 -15.0000 16.6670 36 65 110
3.8125 1.5000 17.5420 52 53 48
-1.5625 22.5000 10.9190 77 83 62
7.6875 -20.0000 22.0120 48 79 33
-3.1250 11.0000 5.8180 157 164 173
-0.5625 -8.0000 3.7790 160 196 72
19.3750 -17.0000 7.2310 34 202 141
-9.0625 -7.5000 3.1690 201 92 129
-5.6250 4.5000 15.0830 38 52 88
2.8125 -20.5000 6.5610 112 162 187
-9.9375 -7.0000 3.1900 201 93 131
20.2500 -1.5000 6.6040 96 227 150
-12.0000 10.5000 8.7810 40 111 129
-8.1250 -0.5000 3.0850 194 101 128
16.8125 15.5000 10.9060 32 168 65
-20.8750 -2.5000 3.1690 204 82 141
0.8125 -4.0000 4.5820 97 231 200
19.6250 12.5000 12.2440 28 152 83
1.8125 4.0000 7.8460 80 106 77
-15.2500 18.5000 5.4360 173 157 134
-0.1875 -8.0000 3.8960 152 203 83
-14.5000 21.0000 5.3570 187 151 148
9.2500 7.5000 6.2800 151 167 188
-18.6875 -17.0000 11.5370 32 61 178
-12.4375 3.0000 3.0250 198 78 145
-2.4375 -3.5000 3.3070 192 141 97
1.3125 3.0000 14.6970 65 57 40
-16.1250 16.0000 5.5320 140 170 147
17.1250 6.0000 6.4490 133 239 165
-20.7500 11.5000 3.3560 207 138 67
2.4375 1.0000 18.6850 43 64 66
-19.8125 -24.0000 16.5850 38 47 123
-17.7500 -0.5000 3.0970 199 92 140
-16.6875 -17.5000 3.4810 200 118 93
-0.6250 -20.5000 12.0340 56 69 119
11.5625 3.5000 6.2510 141 200 160
6.8750 -19.0000 22.4790 51 65 47
3.6875 6.0000 5.9310 144 167 150
-12.3750 -17.5000 3.3290 217 96 133
25.0625 1.0000 6.5440 135 222 162
-20.0625 -16.0000 3.3790 206 95 71
-18.6875 -18.5000 13.3190 24 41 153
13.3125 -12.5000 8.0030 22 204 95
-18.9375 -19.5000 3.2930 217 70 76
-13.8125 -23.5000 4.2920 135 199 172
-7.6250 14.5000 5.7160 153 179 146
-15.3750 6.5000 12.0790 0 108 144
7.0625 24.5000 3.5390 202 118 40
-12.0625 3.5000 2.9970 203 63 131
8.7500 -3.5000 12.0740 8 142 92
14.3750 -16.0000 5.9310 76 230 143
-23.8750 -4.0000 3.2980 190 100 129
17.0625 4.5000 6.4700 133 241 173
-2.3750 -14.5000 17.2690 36 59 114
16.3125 23.5000 13.8150 9 149 72
-24.1250 -20.5000 6.1630 76 142 209
-16.8125 12.0000 6.2870 65 157 167
-9.7500 2.5000 2.9890 205 78 137
5.0625 -21.0000 21.9500 56 44 72
-4.2500 13.5000 5.9220 158 158 181
22.0625 20.5000 10.6180 14 165 106
7.1875 -12.0000 15.0280 23 119 43
-7.6250 -8.5000 3.1470 196 77 129
-24.6875 -2.5000 3.2640 188 118 148
6.8750 -8.5000 15.2820 21 106 50
9.3750 -16.0000 10.9730 29 149 69
18.4375 21.0000 13.5930 11 158 71
-10.6875 -22.0000 3.4750 215 130 101
12.9375 25.0000 11.4190 53 96 107
5.2500 -9.5000 17.0720 20 95 64
-24.5000 -16.0000 8.8640 45 99 177
-10.9375 -7.5000 3.2040 195 92 130
-7.1250 5.0000 15.0540 39 52 99
-10.1250 12.5000 7.2650 74 148 124
-11.6875 17.0000 5.5580 170 177 148
-0.1875 3.5000 18.1640 73 41 47
15.8750 -16.5000 7.2370 35 217 110
-2.6250 -9.5000 13.3370 20 66 146
-12.8125 -23.0000 5.4380 97 167 246
-12.0000 25.5000 9.6420 126 99 81
-0.8750 -13.5000 16.9850 41 50 91
-23.1250 8.0000 2.9430 192 95 156
-16.5625 -22.5000 13.9460 34 54 132
-16.4375 5.5000 9.3570 17 114 188
21.7500 20.5000 2.9530 189 154 76
7.3125 -23.5000 7.8350 56 172 114
9.0000 -24.0000 1.7030 152 127 46
15.3125 10.0000 7.1790 82 161 106
2.9375 -14.0000 14.3950 30 86 66
6.1250 20.5000 10.9470 47 73 109
-14.8125 -11.0000 3.3110 202 89 107
18.9375 -8.0000 0.7120 152 120 2
-20.5625 13.0000 5.9810 88 166 179
-21.6250 -17.5000 13.6770 22 65 134
-3.9375 23.0000 10.2810 72 98 69
21.6875 16.0000 17.2660 12 125 64
10.8125 8.5000 6.2090 159 160 183
2.0000 -2.0000 3.1470 191 77 102
-6.6250 5.0000 5.8030 90 158 201
-23.0000 -14.0000 3.2760 211 83 107
2.0625 20.0000 10.9920 63 80 81
6.2500 -20.0000 4.4960 144 254 111
24.9375 -19.0000 3.3300 170 178 37
-0.8750 -19.0000 14.4370 53 68 104
12.8750 18.0000 11.3290 51 91 90
-4.0000 -5.0000 3.0900 186 103 132
-8.1875 -14.0000 3.1920 213 68 104
18.9375 -23.5000 3.4710 172 227 38
-21.1250 14.5000 7.1570 70 147 150
-17.5625 -9.0000 3.2820 200 84 112
-22.1875 -19.0000 13.3960 21 70 136
9.1875 8.5000 6.2500 154 166 192
-6.6875 2.5000 3.9670 157 232 77
18.8750 17.5000 16.1290 9 141 61
-21.3750 -19.0000 8.5640 31 122 182
12.3750 -12.5000 4.7780 91 254 116
-6.5000 7.0000 7.6810 72 125 122
18.6875 -14.5000 2.0860 145 157 81
-1.8125 -8.5000 14.0440 33 62 132
-23.4375 15.5000 6.3960 91 155 169
-23.9375 9.5000 3.1510 204 114 123
-23.5625 4.0000 3.0040 176 105 161
-24.7500 2.5000 3.0420 175 104 153
-1.5625 14.5000 6.8330 135 126 157
-1.1250 -11.0000 16.5550 37 45 99
23.3750 7.5000 11.8650 59 126 30
14.6875 17.5000 12.1120 25 156 62
-23.7500 19.5000 6.8660 101 135 117
20.4375 21.0000 4.6750 96 254 116
-13.5000 -11.0000 3.2980 202 103 121
-17.3750 -10.0000 3.2680 203 82 108
4.5625 12.5000 5.9220 174 139 175
-23.3750 -17.0000 13.0890 26 64 146
13.5625 8.5000 6.4560 152 187 165
4.4375 -1.5000 11.1060 36 90 127
-0.4375 -12.0000 16.9220 38 49 93
1.9375 -15.5000 16.0020 48 76 72
5.2500 -10.0000 17.0420 20 96 63
-4.0000 -19.5000 13.4850 47 62 140
-6.8125 -18.5000 6.7110 85 131 247
-9.5625 12.5000 5.5230 142 166 165
-22.9375 -9.0000 3.3960 198 101 96
-5.8125 -18.0000 13.6960 42 61 150
3.5000 11.5000 6.0370 161 149 184
21.1875 -2.5000 6.6090 99 229 160
-5.6875 18.5000 5.5870 162 177 129
9.1250 -5.5000 12.7580 3 142 74
-4.0000 -19.5000 13.5590 47 61 140
-11.8750 23.0000 5.4760 177 166 154
-0.2500 1.5000 16.1830 54 57 50
-22.1250 6.5000 2.9400 187 103 157
-8.5000 24.5000 5.0110 181 195 113
11.3750 20.0000 3.5810 188 151 14
-3.0625 24.0000 10.4230 74 93 66
-17.0000 12.0000 6.4270 66 130 175
-10.5625 -3.0000 3.0390 198 85 149
3.5625 -14.5000 14.8980 43 75 65
-9.5625 12.5000 6.3840 104 159 144
19.6875 23.0000 7.8810 21 190 127
9.1250 -17.0000 11.9150 24 130 61
7.9375 -10.5000 11.2850 27 131 67
-23.6875 7.5000 2.8820 176 99 177
23.0625 17.0000 13.8180 13 150 66
12.0625 9.0000 6.3320 160 188 179
-19.8125 -4.0000 3.2170 201 94 133
9.4375 3.5000 6.2590 121 188 176
-16.2500 -15.5000 3.4430 205 109 93
-16.6250 -22.5000 3.4360 205 114 76
-22.8125 0.0000 3.1000 191 106 148
-21.8125 1.5000 3.0410 201 89 138
-4.6875 -13.5000 15.2260 36 32 134
-23.6250 -15.5000 3.3240 203 82 86
11.9375 6.0000 6.3840 152 183 188
-10.6250 -12.5000 3.2240 214 97 129
-0.8750 11.0000 5.9640 159 172 167
-0.0625 0.0000 16.8330 24 64 105
15.8125 18.0000 10.9580 25 157 71
7.8750 1.5000 10.7910 36 139 74
23.1250 6.5000 15.6920 64 91 21
3.8125 13.5000 5.9900 158 162 176
-6.3750 22.0000 9.5710 74 92 76
-12.0625 25.0000 9.6290 122 99 83
-10.6250 -16.0000 3.2620 217 73 110
-1.6875 -12.0000 14.9060 45 48 96
12.4375 13.0000 11.2790 70 109 82
6.9375 -13.0000 17.5720 24 109 37
10.0625 0.0000 5.1970 100 243 149
19.2500 -12.5000 2.6460 137 238 114
-18.6250 -8.0000 3.1770 204 74 126
-20.3125 -9.5000 3.2770 203 81 103
-23.5000 -7.5000 3.3800 191 102 108
-0.2500 -16.0000 14.6710 34 68 85
-19.8750 -10.0000 3.3630 199 97 101
-20.8125 -15.0000 3.4130 206 112 67
22.6250 1.5000 15.0930 78 97 75
-18.2500 -15.5000 3.4460 201 115 73
1.8125 22.0000 9.6500 62 92 86
22.0625 8.0000 14.3910 66 130 27
9.5000 -7.5000 8.8280 15 196 94
5.8125 22.0000 8.8160 53 85 141
19.3750 14.0000 12.9900 13 156 72
-4.9375 -16.0000 15.4480 46 51 132
7.6875 -10.0000 13.1740 22 116 60
-14.0000 8.5000 6.7560 48 155 179
-10.0000 9.5000 10.0920 37 100 101
0.6250 6.5000 9.2700 87 106 86
-15.0000 -13.5000 3.3400 211 96 100
-9.7500 22.0000 5.4520 171 188 138
-24.0000 11.0000 3.0330 198 89 125
1.0625 8.0000 10.0410 88 80 92
4.3125 21.0000 11.4420 63 58 91
-1.1250 9.0000 5.8590 162 162 166
17.0000 25.0000 6.7080 72 217 126
15.1250 -19.0000 7.7790 24 215 99
23.4375 -11.0000 2.8710 163 186 104
10.5000 -3.5000 9.5830 18 178 93
18.3125 20.5000 14.2740 10 150 74
23.1250 7.0000 11.1320 60 129 40
-11.5625 13.0000 5.3610 141 190 159
-5.7500 -4.0000 3.0510 191 95 153
-10.8125 -22.5000 3.5370 202 147 95
-21.5625 -5.5000 3.2840 199 87 113
-19.6250 -7.5000 3.1850 202 74 129
-0.1250 -4.5000 3.5270 177 168 66
-1.7500 -19.5000 15.0430 50 51 113
-7.0625 -5.0000 5.3920 86 191 254
-22.3750 17.5000 7.3410 89 128 126
-0.1875 15.5000 5.7940 158 153 154
-4.0000 -10.0000 13.2200 26 69 152
-10.6875 -19.0000 3.2610 227 74 120
-2.9375 -0.5000 3.9970 133 232 104
10.3125 -13.5000 10.0000 26 172 73
-6.3750 9.0000 5.4160 122 171 170
-0.6250 -12.5000 15.3620 36 56 94
-0.8125 5.5000 14.2650 66 68 54
-6.3750 13.0000 5.8060 151 181 162
7.6875 -13.5000 17.4420 20 109 45
24.0625 3.5000 19.1650 86 96 48
-24.2500 -17.0000 8.5890 42 103 179
-18.0000 9.5000 4.5780 110 237 181
4.6875 14.5000 8.3630 86 141 121
23.2500 -11.0000 2.6610 146 182 129
24.1875 -5.5000 3.8470 171 254 39
-20.8750 24.5000 5.2820 190 155 137
-8.2500 -12.0000 3.1800 207 81 126
-24.0000 -14.5000 3.2770 203 83 113
1.0000 18.5000 11.3050 67 94 52
-19.5625 -10.5000 3.3270 202 89 102
22.8125 14.0000 12.2370 15 166 89
15.0625 4.0000 6.4460 133 234 181
2.7500 -7.5000 6.4000 54 180 197
-18.5625 -16.0000 3.4720 197 124 71
5.5000 22.0000 7.8210 63 98 149
-3.5625 17.0000 5.6410 156 165 160
-1.8125 -21.0000 4.5070 134 214 176
23.6875 9.0000 18.0450 50 109 40
-11.4375 0.5000 2.9830 198 75 145
7.8125 -21.5000 21.6610 42 71 50
-1.6875 4.0000 17.0730 58 54 52
-8.8125 9.5000 5.5910 119 160 172
-10.4375 1.5000 2.9370 186 79 153
-4.1250 -1.0000 2.8990 182 72 161
20.7500 -15.5000 2.8430 162 165 111
-0.8125 -8.0000 14.6480 26 68 134
-23.1250 -18.5000 13.4510 26 71 138
2.6875 -2.0000 6.0870 75 143 218
24.0000 -12.5000 2.2850 140 158 105
-11.5625 10.5000 12.9280 32 73 91
23.5625 6.5000 19.8600 78 110 39
-0.0625 -14.0000 16.6380 40 52 85
0.1875 -22.5000 7.1570 81 142 180
-13.0000 20.5000 5.4720 186 149 162
-10.6875 13.0000 6.1680 108 136 167
-23.1250 14.0000 6.8810 80 144 159
11.8125 21.0000 6.4950 73 143 176
21.5625 -12.5000 2.9040 174 162 102
7.8125 4.5000 6.1720 136 166 144
-1.1250 3.0000 19.2650 78 40 48
-18.5000 4.5000 2.9390 189 85 140
2.8750 -21.0000 6.5960 108 163 188
-1.0000 -15.0000 16.8170 38 61 95
-22.4375 3.0000 2.9970 189 89 151
-9.4375 1.0000 3.0450 208 83 120
-15.4375 25.5000 5.4210 194 130 136
-4.1875 4.5000 18.7500 51 32 67
3.3750 16.0000 11.5030 78 84 37
-14.3750 -23.5000 5.3480 98 172 236
19.2500 22.5000 7.9490 19 194 127
-4.4375 -15.5000 16.1420 45 69 124
-4.4375 6.5000 15.5260 53 49 47
19.6250 -12.0000 2.5550 135 242 114
15.2500 6.5000 6.4090 145 208 146
-19.8125 -17.0000 4.3510 120 204 184
8.8750 -2.5000 13.7250 12 126 63
21.7500 -17.5000 2.3920 134 155 130
23.1875 2.0000 18.9120 75 83 62
10.5625 12.5000 17.7120 87 74 56
-5.8750 -24.5000 5.6010 102 144 223
6.7500 -7.0000 15.6630 23 68 70
-18.7500 13.0000 7.4890 46 132 156
4.6875 -14.0000 17.9370 47 78 49
-22.9375 6.5000 2.8750 178 100 171
9.5000 -2.0000 9.9590 26 158 76
-8.6250 2.5000 2.9720 203 79 135
25.1250 -13.0000 3.1230 162 179 66
-1.0625 -3.5000 5.0790 80 207 236
-5.2500 -24.0000 5.9230 93 149 227
0.7500 -9.0000 4.0290 145 221 92
-19.5625 7.5000 2.9200 185 86 138
-9.2500 -22.0000 3.3860 236 112 110
-0.4375 17.5000 10.4810 74 110 55
-20.5000 -8.0000 3.3100 198 87 103
14.0000 17.0000 12.5150 46 92 72
-16.9375 9.0000 7.2210 34 157 200
2.7500 6.0000 14.8070 77 64 59
11.0625 23.5000 3.5600 207 133 14
22.0000 2.5000 14.4520 81 120 80
9.5625 13.0000 10.4070 72 117 81
4.1250 14.5000 8.7160 105 106 101
-21.6250 -16.5000 13.0120 17 54 147
11.4375 -12.5000 8.1690 24 199 97
0.0625 3.0000 15.5870 54 59 51
-15.8125 4.0000 2.9890 196 76 136
-23.8125 -18.0000 6.1720 70 136 216
-1.0000 -2.0000 7.3370 45 126 210
22.6250 17.0000 15.8910 9 132 66
-15.4375 8.5000 9.3750 15 125 170
21.0625 17.5000 17.3160 15 126 71
0.6250 22.0000 12.9600 68 57 51
9.8125 -7.0000 9.1210 12 196 92
-5.3125 -21.0000 6.0660 91 131 254
-2.7500 -19.0000 3.3830 235 109 58
19.6250 22.5000 5.6530 74 254 130
-14.0625 24.0000 5.4490 182 156 137
3.5000 1.0000 11.4350 54 92 72
8.2500 -7.0000 14.8570 19 123 47
-3.5000 7.0000 15.2980 64 45 48
-21.6875 13.0000 5.5230 106 188 192
-14.8125 -5.5000 3.1510 203 81 140
-3.7500 23.0000 10.7230 73 86 69
-12.8750 -17.5000 3.3960 211 113 121
-4.1875 -13.5000 16.4970 36 42 126
11.3750 6.5000 6.2650 157 183 197
12.8750 -22.5000 4.2590 115 254 34
4.1875 -7.5000 16.6920 21 66 96
-14.8125 6.5000 7.1300 40 149 200
-22.7500 -8.0000 3.3250 201 94 102
22.8125 9.0000 11.8320 44 145 58
9.9375 19.5000 3.6920 190 162 23
20.6250 5.0000 6.5730 138 245 161
-24.1250 14.0000 7.1370 88 131 155
-20.3750 -0.5000 3.0620 195 87 157
7.2500 0.0000 10.9520 26 125 97
18.9375 -22.0000 3.4020 186 225 40
3.6875 -22.0000 7.4660 93 149 159
10.1875 -24.5000 2.6070 153 169 55
-9.5625 22.0000 5.4720 171 185 139
-20.3125 20.0000 5.2470 154 187 137
-19.1250 -17.0000 12.8290 22 57 163
-11.9375 -22.5000 3.7180 186 191 96
15.5000 22.5000 15.8860 12 119 60
-17.1250 -22.5000 15.9540 30 41 133
-13.3750 -14.5000 3.3390 210 104 122
-20.1875 -22.5000 19.8100 32 20 128
1.5625 15.0000 5.8730 167 169 155
-13.6250 -21.0000 3.3670 220 106 106
10.1250 24.5000 4.8040 130 178 166
-9.6250 -3.5000 3.1270 199 92 138
4.8750 24.5000 3.8430 181 158 43
12.1250 -12.0000 7.8610 23 208 103
24.1875 -13.5000 2.3670 134 147 109
10.7500 22.0000 3.6020 212 136 23
8.8750 11.5000 6.2520 154 180 181
15.1250 15.0000 12.1350 41 136 60
4.8125 4.0000 14.6790 72 53 45
-24.1875 4.5000 2.9980 171 106 166
11.1875 0.5000 7.1610 69 149 111
1.0000 7.0000 9.5070 87 93 83
11.1875 -7.0000 1.6140 153 163 40
-19.3125 -20.0000 18.8060 34 21 134
-14.1250 -8.5000 3.2300 197 84 116
20.3750 16.5000 17.3830 14 138 56
9.6875 16.0000 9.3440 44 116 125
18.9375 24.5000 16.5560 15 146 61
11.4375 23.5000 3.6390 201 153 18
1.6875 23.5000 7.9750 70 134 111
13.4375 1.5000 6.5360 113 210 133
-7.8125 -1.0000 3.0890 193 101 127
-3.2500 5.5000 15.8270 44 49 73
4.3125 4.5000 13.3460 67 77 51
-0.3125 25.5000 4.0890 176 182 27
4.1875 2.0000 15.0930 51 53 57
8.8750 -20.0000 6.7940 56 221 125
-20.2500 -24.5000 18.9760 45 31 121
11.5000 -5.0000 0.7270 156 97 12
14.8125 8.5000 6.4540 144 205 142
8.5625 7.0000 7.3460 129 142 169
-10.2500 23.0000 5.3730 175 191 133
4.1875 5.5000 14.6280 72 64 52
10.1875 -10.5000 2.5140 157 164 88
3.9375 -1.5000 10.9640 34 91 133
-14.6875 -22.0000 6.7240 60 131 233
-11.6250 -19.0000 3.3030 224 92 129
24.1250 17.0000 5.5780 83 224 148
11.9375 13.5000 10.7980 69 113 90
24.8750 14.5000 8.0070 49 198 100
4.0000 -3.0000 3.2680 192 107 64
0.5625 -17.0000 15.5190 51 62 74
1.9375 15.5000 9.5350 97 71 58
-14.1875 -15.5000 3.3450 212 90 100
12.6875 6.0000 6.3900 151 181 182
6.5000 -1.0000 13.5250 18 100 80
2.5625 23.0000 9.2920 58 95 111
-20.1250 -8.5000 3.3270 198 95 110
-7.9375 -13.5000 3.2190 209 54 85
7.6250 -14.5000 19.1560 31 113 34
24.8125 14.5000 8.0240 48 199 102
-17.7500 -22.5000 14.6240 31 51 131
3.5625 3.5000 12.4550 49 78 44
-6.8750 -4.0000 3.1410 198 100 142
-21.5625 11.5000 2.9030 204 81 150
0.1875 6.5000 5.6880 147 154 162
-16.6250 8.0000 6.2580 53 159 218
17.2500 24.5000 2.8360 168 181 82
13.5000 11.0000 9.8210 88 131 62
11.2500 -4.0000 9.3030 35 201 85
14.9375 13.0000 11.9120 53 146 50
7.2500 0.0000 12.5810 22 109 81
-4.3125 21.0000 11.6010 87 70 42
-18.1875 -13.0000 3.2640 211 78 103
10.8125 0.0000 7.0380 71 155 119
16.6250 -24.5000 5.5970 75 244 128
-17.3125 -13.5000 3.3850 197 96 99
24.0000 -1.5000 6.5490 127 223 134
0.7500 -10.0000 12.4490 24 81 122
-23.5625 18.5000 6.3680 108 151 133
-21.6250 -20.5000 20.1850 33 25 127
-0.6875 14.5000 5.8810 163 146 178
24.8750 3.0000 19.5770 94 97 46
19.9375 -1.0000 6.5570 111 228 138
5.9375 2.5000 5.1250 135 226 133
-0.8750 4.0000 15.7390 62 55 51
-9.1250 -12.5000 3.1870 216 80 122
7.6875 -19.5000 18.7240 45 90 36
2.0625 -19.5000 6.7780 107 163 186
1.8125 -3.0000 4.8230 82 223 215
-19.3125 17.0000 5.2850 131 191 160
-21.4375 12.5000 5.3710 110 196 182
8.5625 -15.5000 2.5600 148 175 88
20.2500 2.5000 6.4970 145 188 180
-3.1250 -1.0000 4.3380 115 236 173
8.6875 -8.5000 7.3310 38 197 117
22.6250 -19.5000 3.3610 188 197 33
7.3125 -14.5000 18.8500 31 113 33
-15.3750 -5.0000 3.2140 204 99 125
-11.8750 12.0000 12.9800 38 73 90
20.5625 -17.5000 4.7090 87 254 149
0.3750 -18.0000 15.2250 52 61 95
15.3750 21.0000 15.6590 19 114 57
-15.1250 0.0000 3.0260 195 90 152
-24.0625 2.0000 3.0370 179 93 151
-10.1250 10.5000 8.9190 56 104 104
-12.0000 -12.5000 3.2610 217 95 125
8.1875 6.5000 7.8590 98 143 143
-4.6250 13.0000 5.9230 157 174 178
6.4375 23.5000 3.6490 198 147 30
15.5000 -22.0000 1.9490 135 233 86
-11.5000 23.5000 8.5810 118 118 91
13.8750 24.0000 14.9940 43 93 72
-18.8750 -10.0000 3.3350 206 94 97
-10.6875 7.5000 6.3290 67 155 197
-11.0000 6.5000 4.2840 127 219 135
-6.5000 15.0000 5.7370 166 173 157
15.0000 15.0000 12.1690 42 136 62
5.6875 4.0000 5.5970 145 184 165
-9.6250 -15.0000 3.2280 220 78 111
8.5000 -8.0000 13.8590 17 132 45
-9.5000 -11.0000 3.1980 207 90 128
14.9375 -17.5000 6.9540 37 240 110
-7.1875 -19.0000 6.5490 90 134 248
-7.6875 -2.0000 3.0820 188 94 152
19.8125 -10.5000 2.0980 150 254 78
15.6875 13.0000 11.5810 49 150 51
-12.3125 -3.5000 3.0630 201 87 150
22.6875 6.0000 16.0330 70 88 48
24.6250 17.0000 5.5090 86 220 141
7.4375 23.0000 3.5980 204 138 26
-5.6250 24.0000 8.6610 75 121 78
16.2500 15.5000 10.6690 31 176 72
-17.5000 10.0000 5.0210 94 223 190
-20.5625 -2.5000 3.1810 203 86 139
11.5000 20.0000 3.5590 186 156 17
-17.6250 -19.0000 14.1290 26 32 145
2.8750 15.5000 10.8210 90 83 34
22.0625 0.0000 6.4970 118 239 182
15.5625 -17.5000 7.6180 27 214 98
-8.1250 -1.0000 3.0460 192 95 135
8.5000 21.0000 8.1720 61 89 148
18.4375 1.5000 6.5000 139 191 182
-7.6250 -8.0000 3.1420 196 85 130
21.6875 6.5000 14.3720 81 138 49
-10.1875 2.0000 3.0290 205 80 132
12.8125 24.5000 14.8660 44 60 89
23.6875 -23.5000 3.7730 141 242 47
-11.1875 -23.0000 3.5670 196 151 92
-19.8750 9.0000 3.0330 190 102 124
-9.3125 23.5000 7.1260 110 107 110
-22.0000 19.5000 6.5690 97 144 129
-3.8750 -8.0000 3.0200 197 79 120
9.0625 -4.0000 10.1910 18 159 100
8.0000 -8.0000 15.6960 21 97 44
-5.9375 -4.0000 3.0840 195 97 147
-8.0000 -21.5000 3.4330 227 121 108
-11.9375 -5.5000 3.1500 196 98 147
10.2500 -2.0000 9.9610 27 159 72
13.5000 24.5000 15.2100 49 91 74
-3.6875 0.5000 5.9820 80 153 210
3.6875 -19.5000 21.0730 73 39 69
22.0625 21.5000 11.6170 10 167 81
20.0625 -23.5000 3.6600 152 246 43
16.8125 22.5000 14.6420 13 138 61
10.2500 3.5000 6.3040 135 186 154
14.5000 1.5000 6.5510 110 211 170
-0.8750 -15.5000 15.3050 37 70 85
-3.5625 21.5000 11.0900 78 75 52
-10.5625 -18.0000 3.2610 228 89 134
7.1250 -9.5000 15.0950 17 106 47
4.6875 -6.5000 12.9310 26 76 118
-0.7500 10.5000 5.9500 157 173 163
21.1250 22.0000 6.0770 68 241 133
-13.4375 -1.0000 3.0680 199 89 146
-13.9375 14.0000 5.0560 150 219 139
-10.4375 10.0000 9.0250 45 94 115
-6.6875 -17.5000 3.3780 225 97 89
5.3125 4.5000 13.2470 75 77 55
16.9375 15.0000 11.5980 34 149 47
1.4375 -8.5000 6.4960 63 161 187
-17.4375 2.0000 3.0130 188 86 146
-1.6250 -22.5000 4.1820 156 204 126
-3.3125 22.0000 10.6510 72 89 68
1.5625 5.0000 15.9450 72 51 31
-11.8750 21.5000 5.3650 182 170 144
-22.6875 -20.0000 6.1710 75 146 215
-0.5625 -13.0000 16.0890 38 54 92
8.5000 5.0000 6.2480 135 188 186
-6.8750 23.0000 5.2220 174 183 131
-8.1875 -18.0000 3.3130 231 91 109
-23.8125 24.0000 5.2300 199 145 118
11.2500 -16.0000 6.0460 72 229 126
-3.4375 -19.5000 16.0420 50 52 128
-6.1250 15.0000 5.7830 159 178 168
-9.1250 16.0000 5.6330 167 161 156
-20.3125 7.5000 2.8910 177 84 150
-5.9375 -17.5000 7.2090 74 117 232
14.1250 9.0000 8.9410 105 97 70
8.3125 -20.5000 11.7070 54 154 51
-15.0625 -5.5000 3.1630 197 87 143
23.1250 15.5000 12.5250 21 155 79
-21.9375 -14.0000 3.3570 205 95 90
-3.2500 22.5000 10.5900 70 90 69
22.0625 0.0000 6.5560 114 233 184
15.1250 -23.0000 0.8930 147 111 4
-6.4375 -6.0000 3.0310 187 89 152
3.1875 4.5000 7.1200 89 137 116
20.2500 6.0000 6.5780 142 236 145
9.4375 -11.5000 8.7190 24 179 93
6.2500 -20.0000 22.1180 58 71 47
1.9375 -12.5000 14.6980 24 92 68
-4.9375 -8.0000 3.0340 193 72 122
-20.9375 -2.0000 3.1200 201 88 142
-18.8125 -20.5000 15.6360 29 42 137
-15.6250 9.0000 7.0060 36 155 200
-6.3750 -22.5000 3.4440 222 119 87
10.8125 -12.0000 5.0000 85 254 121
18.9375 -19.0000 3.9740 129 254 48
-1.7500 23.5000 11.2260 72 92 65
6.5625 -10.5000 16.1490 16 106 48
-13.5625 -21.0000 3.4350 213 126 98
-20.3125 -23.0000 16.0580 31 50 125
9.5625 18.5000 8.7830 56 98 125
-20.1875 -17.5000 12.9990 27 72 149
-1.6875 -15.0000 17.4440 38 59 107
5.4375 -6.0000 12.5660 28 93 104
-13.5000 -7.5000 3.2160 201 98 132
-7.6875 17.5000 5.6420 169 157 146
25.0000 -24.0000 7.4870 51 169 114
-15.6875 4.5000 2.9330 192 74 145
-12.5000 -5.0000 3.1410 202 94 135
-13.3125 -1.0000 2.9940 196 84 158
-19.7500 -10.0000 3.3610 201 97 99
-17.5625 13.0000 7.7880 45 129 143
-6.3125 -17.5000 7.1140 77 118 236
-20.6250 -17.0000 3.3920 200 108 74
-20.3125 14.0000 5.2060 116 210 172
0.1875 22.5000 12.1950 67 68 62
-11.8750 -13.0000 3.2380 218 92 126
11.1250 -9.5000 8.0040 38 209 78
-7.5625 -10.5000 3.1990 203 78 107
-19.4375 19.0000 5.1980 166 176 134
-1.2500 3.5000 18.1940 76 42 51
23.4375 17.0000 13.6370 15 151 67
1.4375 24.0000 3.8610 185 172 11
7.1250 -8.0000 15.9030 18 95 46
25.0625 9.5000 17.5260 54 118 41
6.9375 21.0000 9.1450 67 81 136
9.6875 -7.5000 8.6330 16 195 96
21.3750 -17.0000 2.7230 158 169 133
-23.5000 -8.0000 3.2860 196 89 113
10.5000 -15.0000 9.3610 28 166 83
-2.1250 -20.0000 15.4800 48 48 115
-13.6875 -17.0000 3.4160 205 117 119
12.6875 5.5000 6.3790 147 183 184
-6.9375 18.5000 5.5960 169 166 146
18.9375 19.5000 5.6240 71 254 166
-17.3125 11.0000 6.2240 62 149 199
-10.5000 -20.5000 3.4070 224 119 107
-24.6250 -5.5000 3.3080 189 105 131
-9.1875 3.5000 2.9660 196 84 130
24.8750 21.5000 0.1510 144 116 6
3.6250 8.5000 6.1110 150 176 171
15.9375 -24.0000 5.9310 60 247 114
0.1875 -12.5000 15.4910 33 55 89
10.3750 24.5000 9.0680 65 105 149
21.0000 -3.5000 1.1170 181 124 49
15.8125 15.5000 12.1450 27 161 55
-10.0000 -16.0000 3.2120 222 73 114
-1.8750 -22.0000 3.9260 171 203 96
-23.1250 8.5000 2.8660 182 95 173
11.8125 -13.5000 9.2470 21 193 88
-9.2500 -14.0000 3.2100 213 83 115
7.6875 15.5000 11.4940 75 86 69
-23.4375 19.5000 6.2830 110 141 127
-9.7500 -15.5000 3.2090 223 73 112
25.1875 14.0000 8.0270 53 198 96
24.7500 8.0000 17.6130 63 120 29
-17.6250 21.0000 5.3730 185 155 133
19.9375 -5.5000 2.0840 171 220 66
-20.3125 -16.0000 6.5290 56 129 223
24.6875 8.0000 17.7600 63 118 29
12.3125 6.0000 6.3940 151 181 184
-4.2500 -17.5000 14.2190 46 55 135
3.1250 -18.5000 5.5090 131 208 173
13.8125 19.0000 14.2790 32 79 82
-3.4375 1.5000 13.7550 44 86 91
-13.1875 -21.0000 3.4690 209 133 87
-21.6875 -3.5000 3.2040 207 89 131
-20.1250 -8.0000 3.3100 197 83 105
-13.1875 25.0000 8.6840 129 107 94
-17.5000 24.5000 5.2760 191 155 139
7.5000 -21.5000 6.9230 69 174 138
18.4375 13.0000 8.1640 37 186 106
-14.3125 6.0000 2.9540 190 79 128
23.1250 5.0000 19.0780 74 99 54
-6.8750 -13.0000 8.2170 52 129 193
-19.8125 -23.5000 13.9870 38 67 132
-4.4375 -10.0000 14.3680 23 60 148
-14.4375 12.0000 9.2710 50 112 119
5.9375 -16.5000 19.4210 38 103 42
15.3750 18.5000 11.5520 18 150 82
8.3125 10.5000 6.1620 159 181 183
8.1250 1.0000 6.4390 90 193 134
9.2500 24.0000 3.9120 174 168 70
8.4375 13.0000 11.1260 87 96 78
-19.8125 -20.0000 19.0940 37 23 135
-10.3125 10.0000 8.9700 58 104 101
5.1875 -6.0000 12.8250 21 86 115
8.6875 21.5000 8.3460 57 82 150
-20.2500 22.0000 5.2630 189 170 143
-9.7500 -9.5000 3.2400 208 96 126
11.0625 21.5000 3.5750 189 150 26
21.1250 21.0000 5.3730 83 254 146
1.0625 4.0000 13.2400 73 78 51
24.6875 9.5000 17.8620 54 113 41
20.0000 19.0000 2.9920 191 168 58
7.6875 -11.0000 13.1750 24 125 44
12.2500 23.0000 13.4230 32 63 94
6.0000 14.0000 9.7240 89 112 102
-14.1875 7.0000 7.4890 31 153 183
16.8750 14.5000 8.0630 54 170 97
-2.8125 -12.0000 14.8270 31 34 112
13.8750 8.5000 6.4870 152 185 157
21.5000 -3.5000 1.4410 179 149 54
-22.5625 -21.0000 19.0770 31 34 129
21.0625 -6.5000 1.5940 163 162 75
-7.9375 -4.0000 3.8160 154 213 127
-7.0000 22.0000 5.3760 169 177 132
20.9375 25.0000 12.5850 21 176 73
-4.6875 -20.0000 6.2710 103 116 236
-14.7500 -3.5000 3.1130 200 92 146
-0.2500 5.0000 14.7820 61 55 45
18.1250 15.5000 14.4900 8 155 59
25.1875 7.5000 17.5270 80 110 24
-22.6250 19.0000 6.6830 98 140 124
-19.6875 10.5000 2.9940 194 78 118
-4.1250 -20.5000 3.4290 224 117 90
-17.1875 -19.0000 13.7970 30 36 144
3.7500 -4.0000 3.1420 200 80 86
1.1875 -7.5000 8.7450 35 125 166
5.9375 -12.5000 16.9180 24 107 48
-20.0000 -0.5000 3.0200 199 86 156
11.8750 -24.5000 5.2290 83 254 112
-3.5000 22.5000 10.6720 72 88 69
2.6250 18.5000 10.7620 68 96 55
15.8750 19.0000 15.4860 20 117 63
6.1250 21.5000 8.3810 58 91 140
-12.2500 -14.0000 3.3100 212 104 117
1.5000 4.0000 13.7090 67 87 62
-1.5625 4.5000 18.0170 62 41 52
25.0625 8.0000 19.7410 70 113 29
-23.6875 13.0000 3.0280 202 90 127
15.0000 16.0000 7.8670 45 190 103
20.4375 -3.5000 1.0200 177 127 56
23.8750 21.0000 8.7440 29 187 110
1.7500 -10.5000 15.5890 28 66 83
10.3750 -2.0000 13.1480 20 136 60
-15.6875 15.0000 5.4000 118 180 171
6.3750 15.0000 11.1140 84 93 84
-22.8125 17.0000 7.1150 92 133 129
-18.6875 -10.0000 3.2680 209 79 107
8.1250 -11.5000 10.4020 30 178 64
-16.4375 -20.0000 3.3380 217 100 116
-9.6875 16.0000 5.6540 165 159 156
18.6875 -20.0000 2.3630 146 160 126
-17.0000 5.0000 7.3680 32 142 208
-7.6875 1.5000 3.0350 195 76 113
20.6250 18.5000 17.3170 9 142 69
-4.8750 18.5000 9.9990 107 93 44
5.0000 -23.5000 7.9860 83 153 118
-20.0625 20.0000 5.1880 174 186 133
11.0625 21.0000 3.5790 202 139 22
10.5000 -2.5000 2.5890 164 134 75
-0.5625 17.0000 9.0920 78 98 75
10.6875 5.5000 6.3200 137 189 182
-10.2500 23.5000 8.3440 111 104 93
3.5625 -14.5000 18.7710 52 57 63
-3.7500 8.5000 5.1070 161 191 151
-8.5000 24.0000 5.1350 176 197 121
-0.5000 6.5000 9.1750 79 100 87
2.0625 -15.0000 14.5120 47 75 75
14.8750 16.0000 14.4380 26 139 48
-19.3125 -22.5000 16.6030 32 35 137
-10.1875 8.5000 6.3090 73 152 179
-19.2500 -14.0000 3.3920 200 105 92
-13.8750 15.5000 5.4180 154 167 134
3.7500 -17.0000 13.0180 63 94 78
10.9375 24.0000 3.5990 200 139 20
24.3125 19.0000 4.5820 103 254 110
-20.6875 -13.0000 3.4260 203 112 80
22.6250 20.0000 8.4020 20 196 130
-6.1875 9.0000 5.3370 124 176 167
-15.6875 17.5000 5.4130 160 176 148
23.7500 2.0000 14.9800 85 106 69
15.7500 11.0000 10.0700 68 145 66
13.0000 0.5000 6.3710 116 197 139
-10.0000 -5.5000 3.1460 193 107 145
3.0625 19.0000 11.9140 61 71 72
22.2500 10.0000 14.2830 25 140 51
-3.8750 3.5000 16.5500 45 66 80
20.5000 25.5000 12.8910 25 179 64
9.4375 16.5000 10.3110 43 95 117
-4.7500 19.5000 9.9290 92 109 43
-5.0625 -21.5000 5.1120 110 194 241
5.9375 -1.5000 10.7200 24 130 110
-5.5000 24.0000 8.6370 75 122 77
21.0000 16.5000 17.2540 16 126 69
-16.8750 16.0000 5.8240 119 160 155
19.1875 -13.0000 2.2290 136 237 102
6.5625 21.0000 9.2150 55 86 121
-7.0625 -15.0000 12.9520 47 48 161
3.7500 1.0000 15.6870 55 51 54
-20.8125 -16.5000 3.4390 204 121 61
16.7500 -14.0000 4.9180 88 254 123
-3.1250 -13.0000 13.6610 26 50 122
-15.3750 1.0000 3.0020 197 81 152
4.7500 2.0000 15.6070 57 52 47
7.1875 -13.0000 19.6490 27 98 33
-9.1875 19.0000 5.5330 179 153 164
-6.8750 -22.0000 3.3870 228 102 94
0.7500 -13.0000 12.6700 22 103 93
11.5000 6.0000 7.2650 131 158 160
5.5625 -7.0000 16.0530 26 70 79
-5.4375 -1.5000 3.0810 201 88 136
1.5625 14.0000 5.8380 166 147 159
-18.1875 -21.5000 15.9360 25 40 132
-15.8750 1.5000 3.0280 200 80 150
-9.5000 -1.0000 3.0930 202 95 131
-23.5000 7.0000 2.9870 187 107 156
-17.8750 -23.5000 9.9880 45 81 162
16.6250 12.0000 6.7950 75 195 128
23.3125 -15.5000 2.9120 171 167 92
6.6250 -22.0000 12.1210 33 141 71
23.3125 -19.5000 3.4530 172 210 35
22.2500 22.5000 11.3810 5 162 87
24.8125 -22.5000 7.0740 41 185 143
-24.0000 -23.5000 19.6720 59 50 123
16.1875 15.5000 17.2260 31 109 30
8.0000 -6.0000 12.3930 11 149 80
-18.3125 5.5000 2.9650 187 89 139
-4.4375 11.5000 5.8850 147 181 160
-0.4375 17.0000 5.8760 146 166 151
-22.1875 -1.0000 3.1370 207 88 144
-23.9375 -22.5000 17.6410 45 54 132
12.1250 -23.5000 5.5060 70 254 116
-18.4375 -23.0000 7.6810 60 109 197
-5.5000 2.0000 10.8210 27 106 138
-8.0000 21.5000 5.4500 174 170 151
-12.9375 -22.5000 5.4930 95 167 251
-2.3125 14.5000 5.8640 160 159 185
21.2500 12.5000 13.7490 24 163 69
-16.6875 -16.5000 3.4660 192 111 86
-18.2500 -20.0000 6.1750 78 115 241
-13.5625 -6.5000 3.2060 199 98 139
-21.3125 9.0000 3.0380 202 102 133
-9.6250 -24.0000 3.6160 184 156 96
2.5000 12.5000 6.0140 158 158 175
0.3125 -3.5000 4.5360 100 232 199
4.5000 -4.5000 11.7100 16 98 136
3.6250 -21.5000 21.4380 54 30 85
14.1250 16.0000 13.9330 36 109 53
22.5625 -1.0000 6.5630 110 235 177
-6.9375 24.0000 5.1270 176 178 121
8.1250 4.0000 6.2020 130 176 173
7.6875 6.0000 7.2600 110 155 113
17.1875 24.5000 3.7490 148 254 0
7.0625 -2.0000 13.7110 22 100 79
-14.6875 -7.5000 3.2030 203 92 123
-4.9375 -2.0000 3.0830 197 77 132
-6.4375 5.0000 14.7190 34 56 100
17.7500 12.0000 7.3450 62 202 102
3.6875 -12.0000 13.6860 16 108 65
-1.6875 -14.5000 17.3630 40 48 94
-19.9375 -24.0000 16.4230 38 50 123
4.0000 20.5000 11.1840 61 73 76
22.0000 20.0000 8.0500 24 201 138
-9.3750 21.0000 5.4200 185 172 143
-18.6250 8.5000 2.9190 188 89 136
-2.0625 -1.5000 4.9650 90 216 220
-2.4375 17.5000 5.7000 151 164 150
-19.0000 -22.0000 15.8940 27 41 134
-13.3125 -22.0000 4.5710 124 210 223
24.3125 10.5000 17.7040 52 117 50
-23.3750 -9.5000 3.3930 196 99 100
17.1250 -24.5000 2.9570 139 224 82
-0.2500 -24.5000 4.0210 166 189 92
9.0625 -16.0000 16.6290 26 132 34
-1.1875 20.5000 13.1770 83 83 35
6.6250 4.5000 5.9410 138 169 167
6.0625 3.0000 12.2220 45 94 54
-22.1875 -24.0000 19.3560 47 41 116
23.1250 -2.5000 6.4530 123 234 138
-13.8750 -17.0000 3.4260 202 113 107
-12.0000 8.0000 5.7010 73 177 204
4.1250 20.0000 11.1150 61 74 76
11.4375 19.0000 7.8950 54 118 137
-11.6875 1.5000 2.9790 197 79 143
-24.6875 21.0000 8.3680 101 95 111
3.3125 -8.0000 16.7070 23 65 100
-16.6250 11.0000 5.9400 70 169 193
-16.1875 -0.5000 3.0330 197 86 155
17.6250 23.0000 14.2410 18 158 44
-0.6250 -3.0000 3.1130 187 76 115
7.5000 -2.5000 13.7630 19 92 76
9.4375 -9.5000 13.4630 10 145 45
16.3750 1.5000 6.4190 128 235 162
-2.0625 6.5000 15.3300 55 44 45
10.3125 1.0000 7.4380 54 172 108
5.1250 -13.0000 6.9820 66 169 130
16.6250 16.0000 16.4090 28 115 29
13.8125 19.0000 10.7330 41 110 103
3.1875 15.0000 9.3050 108 100 99
5.5000 -12.0000 14.8230 25 119 53
-8.9375 10.5000 7.3760 58 138 120
13.8125 20.0000 14.3950 30 76 86
-22.1250 -5.0000 3.2060 206 84 125
5.0000 1.0000 14.7620 45 67 66
16.0625 19.0000 12.1390 10 158 76
-8.6875 -5.5000 3.1410 194 87 143
2.8750 -0.5000 16.8970 28 63 90
-23.6875 -16.0000 5.5610 89 156 232
8.8125 22.5000 3.6110 210 137 29
-12.3125 -23.5000 3.8520 166 187 116
-1.4375 -3.5000 6.0240 48 171 237
7.3750 -20.0000 21.2190 45 79 36
9.2500 -2.0000 10.6250 24 152 72
-15.6250 -9.0000 3.1900 202 72 124
-17.3125 22.0000 5.3660 190 154 143
-21.6250 19.5000 5.1830 148 199 148
-11.7500 11.5000 13.5610 31 66 88
17.8750 18.0000 11.7420 14 166 88
24.8750 1.5000 13.2030 87 138 55
-14.7500 20.5000 5.4340 181 159 146
-3.9375 -9.0000 3.0310 202 65 116
4.9375 -21.5000 21.8730 53 43 70
-16.1875 -10.0000 3.2690 204 85 110
11.1250 -9.0000 8.2940 35 209 76
-0.7500 -21.0000 3.9170 187 205 67
13.0625 22.5000 7.7900 54 140 154
-12.0000 -2.0000 3.1220 205 96 129
8.9375 17.0000 11.2860 46 84 104
0.8750 -17.5000 15.5340 57 61 91
-7.8750 -6.0000 3.0730 187 97 155
6.4375 -15.0000 20.1760 32 99 54
14.5000 -23.5000 5.1230 82 254 112
18.8750 -21.5000 3.2730 188 204 51
-18.5000 0.0000 3.0840 198 89 147
3.8750 5.5000 13.3630 67 78 57
16.9375 6.0000 6.3830 135 245 168
5.7500 -13.0000 19.2270 30 98 38
-23.6250 0.5000 3.0890 186 106 157
2.2500 4.0000 16.4560 80 39 54
-20.0625 -12.5000 3.3670 208 105 95
7.4375 10.5000 6.0620 166 156 177
8.0625 0.5000 12.4700 32 132 57
-2.0000 17.5000 9.6850 95 101 81
14.4375 15.5000 13.9770 44 112 55
1.2500 -3.5000 4.4390 104 225 181
22.1250 7.5000 16.0420 55 98 29
19.8750 -16.0000 6.5410 34 229 145
4.3125 -11.5000 15.6520 30 90 44
24.0000 -13.0000 2.4220 141 164 109
22.6250 -16.5000 3.3260 187 210 38
19.3750 11.5000 6.3390 72 234 114
7.8750 -1.5000 14.6360 19 91 75
15.9375 16.0000 8.4300 39 184 92
0.7500 -0.5000 15.6110 19 73 103
0.9375 -4.0000 6.4920 37 157 232
12.0625 -8.5000 6.5040 53 247 118
10.3125 -12.0000 8.0880 25 188 96
4.1875 -22.0000 7.7800 87 145 142
21.5625 -13.0000 2.9830 180 164 90
4.9375 11.5000 6.0800 157 155 171
12.3125 -12.0000 7.3580 25 223 118
20.8125 -24.0000 3.6800 148 243 42
12.3125 -8.5000 6.3450 64 251 109
24.2500 -20.0000 3.3210 177 179 39
2.1250 -4.5000 5.8920 64 158 227
24.7500 22.0000 5.2760 82 246 143
-14.9375 -13.0000 3.3460 211 97 100
20.6875 1.0000 6.5500 139 194 189
12.6875 18.0000 8.6240 43 131 117
-18.0625 8.5000 5.0260 84 237 225
-1.0000 18.0000 9.1210 78 103 74
-19.5000 -17.5000 3.3730 204 94 80
23.4375 15.5000 12.4390 22 155 78
14.9375 0.5000 6.5770 101 225 172
9.7500 24.5000 4.7160 132 181 164
15.4375 12.5000 9.9720 64 155 56
12.6250 14.0000 11.0240 65 114 86
1.7500 -17.5000 13.2960 61 83 91
0.8750 14.0000 5.9270 162 149 171
20.7500 23.5000 8.3560 22 203 116
-12.1875 18.5000 5.4230 184 153 151
2.6875 -17.5000 13.4130 72 91 80
9.6875 -0.5000 13.2260 14 131 62
-24.0625 10.5000 2.9910 190 101 160
7.7500 -20.0000 21.0390 45 82 34
-17.3125 -10.0000 3.2760 201 84 108
3.5000 -6.0000 6.6470 46 171 198
4.8125 -24.0000 7.7660 88 153 124
24.7500 -5.0000 7.5960 80 196 115
24.0625 -5.5000 3.1710 204 208 50
6.0000 9.5000 6.1700 156 161 180
-23.3125 11.5000 3.0230 205 90 137
-18.3750 -16.5000 5.9140 70 142 242
-23.5625 0.5000 3.1130 187 109 153
-5.9375 25.5000 4.8280 174 161 75
17.8750 -18.5000 6.2680 48 233 150
20.6250 -17.5000 4.6890 87 254 148
-23.4375 -16.0000 11.9470 29 68 158
19.1875 12.0000 6.0130 78 242 120
-3.1875 10.5000 5.8590 151 163 169
-21.2500 4.0000 3.0260 189 96 129
16.1875 -19.5000 2.0620 139 237 81
24.1875 -1.5000 6.5100 131 223 132
21.6250 19.5000 5.9110 62 239 169
8.1250 -8.5000 16.1820 15 122 45
5.8750 6.0000 6.1030 147 171 160
1.0625 -7.0000 8.9950 32 122 166
17.5000 -14.5000 3.3110 176 221 0
23.0625 2.5000 15.3270 78 93 74
-16.5625 -6.0000 3.2210 200 98 130
19.3125 -20.5000 2.1880 141 141 107
24.5000 -24.5000 7.8440 49 166 108
1.0625 -1.5000 11.6520 26 108 123
-16.5625 3.0000 3.0020 186 89 155
-12.0000 -23.0000 5.5330 97 163 249
-22.6875 -18.0000 14.1640 25 58 136
-1.0625 -3.5000 7.1150 35 141 225
-21.1250 -19.5000 16.0460 27 46 125
17.7500 16.0000 17.2910 22 128 41
-15.5000 -4.5000 3.1490 205 91 137
10.8125 12.5000 9.9270 93 116 71
-20.8750 7.0000 2.9370 190 96 146
-9.0000 -14.5000 3.2060 216 76 113
5.1875 7.0000 6.1590 151 178 158
-13.8750 -0.5000 3.0730 204 98 135
-9.1250 24.0000 5.1740 177 198 126
7.3125 -2.5000 3.6450 169 202 21
20.9375 24.5000 12.5470 18 175 72
-22.1250 1.0000 3.0370 199 89 139
-18.0000 -19.5000 14.0430 28 35 146
8.8750 -20.0000 2.6260 161 170 97
-8.8750 -19.5000 3.2820 235 87 113
4.1250 2.0000 16.1310 54 48 49
-3.5625 -10.5000 14.7760 29 52 133
-22.6250 -21.0000 13.9380 33 67 131
10.7500 0.0000 5.3390 127 215 159
-0.5000 22.5000 11.0400 66 85 80
-2.7500 4.0000 20.0200 67 30 51
7.7500 17.5000 11.3280 57 96 72
2.4375 -16.0000 13.7970 49 81 75
16.8125 24.0000 13.8720 16 151 70
20.0000 3.5000 6.5110 149 186 182
-2.1875 -9.0000 14.1520 25 57 137
-0.2500 -6.5000 3.1750 202 77 88
4.8750 -21.0000 22.0020 57 43 73
-2.8750 -12.0000 14.9320 32 33 111
1.6875 -2.0000 11.2030 26 91 143
-21.1875 25.5000 5.2310 193 151 132
24.5625 -18.0000 3.3680 173 191 26
-23.0000 15.0000 6.5950 85 152 165
-6.6875 -6.0000 3.1120 192 98 138
2.3125 -17.0000 13.6480 59 91 76
-16.5625 -2.0000 3.0950 189 102 159
6.1250 -1.0000 13.4790 19 100 82
21.6250 -9.0000 1.7850 165 150 64
6.4375 16.0000 11.3710 67 76 60
1.3750 2.5000 14.8890 53 63 55
14.9375 20.5000 12.5750 14 151 85
24.1875 17.5000 9.1660 35 174 95
-5.1875 23.0000 9.0900 70 111 73
-17.8750 25.0000 5.2980 190 150 135
5.1875 -0.5000 12.3230 25 111 94
-0.2500 -3.5000 3.3280 193 119 81
12.3125 -15.0000 7.7670 39 204 102
-8.0625 9.0000 4.8240 141 207 131
2.7500 -9.0000 4.6960 107 240 149
12.1875 12.0000 9.9330 82 114 84
-24.1875 16.0000 6.3820 96 150 165
-6.8750 -4.0000 4.5170 104 239 216
9.5625 25.0000 9.6690 68 70 142
-3.6875 15.0000 5.8220 155 165 166
-8.3750 -15.0000 3.1320 216 67 124
-2.3750 -23.5000 7.0780 72 126 198
-15.5625 24.5000 5.4260 191 140 152
-11.1250 -14.5000 3.2680 208 94 125
-2.1250 -6.0000 3.6930 161 201 92
9.8125 -24.0000 2.4130 152 182 68
13.2500 11.5000 9.6140 86 127 65
-6.7500 0.0000 3.0330 194 84 147
7.3125 -17.5000 20.6520 40 89 35
-13.3125 2.5000 3.0340 198 77 146
11.8125 4.0000 6.3420 146 182 176
10.1875 -4.0000 9.6320 16 178 95
-21.0000 24.5000 5.2790 197 157 127
-10.3750 15.5000 5.5880 169 160 164
2.9375 -7.5000 4.9070 92 240 190
-0.2500 -5.5000 3.1490 193 91 106
-19.5625 -12.5000 3.3230 204 87 101
4.5625 -17.0000 18.7300 66 69 62
-15.0625 -20.5000 6.0910 75 147 251
-19.1250 -18.0000 3.3710 212 91 76
-18.0625 -18.5000 3.3100 217 75 72
7.0000 -23.0000 11.9290 40 146 69
24.3750 -6.0000 4.6020 130 254 108
4.0000 23.5000 3.7130 199 163 13
-3.5625 10.0000 5.7570 156 159 166
1.6875 7.5000 5.9160 153 159 175
9.1250 -14.5000 16.3360 28 134 40
0.3750 21.5000 13.1120 72 57 46
6.5625 -22.0000 21.6600 39 65 57
-13.3125 0.5000 3.0300 188 96 156
-16.6250 -22.0000 6.4800 68 135 235
0.2500 -14.5000 16.2550 35 70 81
20.3750 -8.0000 1.6250 159 235 36
17.1250 1.5000 6.4490 130 228 154
-13.8125 -4.5000 3.1430 196 86 141
9.5625 5.5000 6.2830 135 192 190
-20.0625 -19.5000 16.7250 27 43 133
-2.7500 19.5000 10.5450 79 96 39
-3.1250 2.0000 17.8710 37 58 82
-24.6875 -13.0000 3.3350 193 94 121
-11.0000 -12.0000 3.2210 208 92 134
9.0625 10.0000 6.2070 157 181 181
19.7500 4.0000 6.4930 145 231 177
-5.5625 7.5000 4.4530 162 227 100
15.6875 4.0000 6.4260 133 241 182
8.0625 15.5000 11.6870 61 90 90
16.7500 19.0000 14.6810 21 136 62
19.7500 -18.0000 4.3780 103 254 103
-15.1875 -14.0000 3.3830 206 104 99
12.5625 -11.5000 4.6950 94 254 101
-2.8750 16.5000 6.3950 129 143 158
0.8125 -3.5000 3.2440 195 102 88
-23.1250 -7.0000 3.3590 198 100 101
6.0000 0.5000 12.7680 35 98 65
0.3125 -13.0000 15.8130 34 55 85
-23.8125 21.5000 5.2420 166 167 139
22.4375 20.0000 11.3040 12 159 99
-20.1250 -23.0000 15.4250 33 54 124
6.8750 22.5000 8.1050 56 93 149
5.8125 3.0000 5.4540 132 202 139
-22.1250 -20.0000 15.3960 30 53 126
-21.6875 -4.0000 3.1910 208 86 131
-13.1250 -19.5000 3.2340 216 78 141
23.5625 2.5000 20.0990 82 90 60
-2.8125 20.0000 10.8770 79 90 39
-4.3125 -7.0000 3.0720 196 74 112
-13.0625 -4.5000 3.1510 203 93 136
-3.8125 -8.5000 3.0240 199 79 115
1.3125 12.0000 6.0080 164 148 159
-5.6250 -22.5000 3.4350 223 117 84
-16.6250 5.5000 7.1310 39 146 216
-13.9375 17.5000 5.4810 170 176 132
4.5000 -3.5000 13.7500 7 85 133
1.8125 -18.0000 3.9230 193 222 45
-13.1250 -13.5000 3.3500 210 110 114
-15.3125 -5.0000 3.1140 201 87 142
-23.3125 6.5000 2.9700 185 107 156
2.7500 -5.5000 8.3430 33 140 179
2.8125 -1.5000 6.4980 65 135 209
-12.6250 -1.0000 3.1130 207 94 134
-14.4375 -5.0000 3.0800 197 72 148
-0.4375 -5.0000 3.3470 190 121 78
21.8125 20.0000 7.9010 26 203 141
23.3750 8.5000 17.2700 59 101 28
-0.1875 22.5000 10.8610 64 89 81
5.5625 16.0000 11.3640 70 76 61
-23.5625 -3.0000 3.2480 191 114 140
-17.3750 -13.0000 3.3650 204 100 91
11.0000 24.0000 3.5200 207 119 18
-17.5625 -18.0000 13.1460 27 42 150
7.3750 -20.5000 21.9530 43 65 57
24.8750 -20.5000 2.9330 160 147 83
-23.1250 -1.0000 3.1360 201 87 148
8.3125 25.0000 3.5230 206 114 43
24.3750 -12.0000 2.9390 163 186 85
-9.5625 -16.0000 3.1520 223 65 121
3.9375 -19.0000 21.3370 71 36 70
-13.8125 -7.0000 3.2170 197 92 131
17.0000 -18.5000 7.2770 31 226 93
-4.8125 -17.0000 15.0950 50 47 130
21.8125 -1.5000 6.4670 114 242 171
6.8125 -5.0000 12.1830 13 117 112
7.2500 12.0000 6.1040 163 151 177
8.7500 18.0000 11.2250 44 75 107
4.5000 14.5000 8.7230 107 106 97
-23.6250 -13.5000 3.3040 205 88 111
3.0000 -12.5000 15.2680 21 88 57
12.7500 23.0000 13.6510 32 64 90
1.4375 -9.5000 15.4360 26 50 96
2.7500 9.5000 6.0430 157 175 169
-8.1250 16.0000 5.6640 168 155 149
19.1250 0.0000 6.4390 119 233 148
10.7500 25.0000 9.9510 67 92 135
8.6875 -5.0000 12.6250 4 141 80
-13.0000 -14.0000 3.3320 212 105 121
0.0000 14.0000 5.8810 162 150 179
-16.6875 -21.5000 16.1240 25 47 154
-21.0625 20.5000 5.2250 156 192 145
19.0000 16.0000 17.1270 9 136 61
-12.6250 17.5000 5.4640 176 179 148
12.6875 19.0000 11.6370 34 104 102
-17.1875 -20.5000 13.4120 36 47 141
-23.0625 -18.0000 13.6930 27 67 137
-18.7500 5.0000 2.8810 184 84 151
12.1250 18.5000 11.5890 47 78 97
4.5000 -9.5000 8.8010 29 145 126
21.7500 -12.5000 2.8700 172 162 106
-0.3125 -19.5000 14.2180 53 71 100
13.7500 3.5000 6.3600 144 191 142
-6.6875 19.5000 5.5700 165 181 142
-5.1250 -19.0000 11.9650 50 68 157
1.6250 -2.5000 4.7040 104 210 193
-6.0000 -22.5000 3.4110 226 111 87
19.9375 14.0000 8.9350 33 195 91
7.6250 -11.0000 13.1010 24 125 46
-0.8750 22.0000 12.0510 74 72 63
-17.6875 6.5000 7.2550 39 146 205
-10.1875 3.5000 3.0060 195 89 129
2.5000 15.5000 9.9680 94 84 47
-20.8125 23.5000 5.2240 194 169 130
-14.6875 -11.5000 3.3070 202 89 108
-19.8750 0.0000 3.0600 198 91 151
7.0625 19.0000 11.2890 49 71 102
-0.1250 -0.5000 3.1420 215 85 101
5.7500 -10.0000 17.2070 17 94 60
-4.1875 4.0000 17.5540 47 42 70
-14.2500 4.5000 7.1620 39 142 212
-16.4375 -12.5000 3.3490 206 95 107
-23.3750 18.5000 5.1370 137 196 142
-18.3750 -0.5000 3.0890 202 88 143
-16.7500 24.0000 5.2480 193 159 139
-19.1250 -7.5000 3.2040 206 77 123
9.4375 -14.0000 14.8640 25 136 42
20.5000 -15.0000 2.7600 156 178 104
23.6875 -23.0000 3.9440 131 254 63
12.7500 18.0000 11.0980 51 91 94
7.1875 -10.5000 13.4010 21 115 58
-23.5625 18.0000 6.9230 100 142 127
1.7500 8.0000 5.9650 145 184 152
-24.1875 -15.0000 3.3460 199 94 103
-6.8125 -10.0000 3.1700 211 83 110
13.6250 18.0000 7.6860 42 174 132
-13.6250 7.5000 2.9550 181 80 125
13.0625 16.5000 13.1980 42 80 68
16.4375 25.0000 12.4130 27 169 66
-14.8750 14.0000 5.2500 119 191 167
3.8750 -18.0000 17.6710 65 76 63
-24.3125 -22.5000 17.6640 51 57 133
-11.6875 -21.0000 3.2980 235 72 103
-17.8750 -10.0000 3.2190 207 72 116
4.7500 14.5000 8.3190 86 141 121
-19.0000 -22.5000 16.3340 31 38 135
-2.3750 18.0000 9.9950 82 106 55
1.5625 19.0000 11.1270 58 82 53
19.8750 15.5000 11.0570 26 167 83
8.0000 -18.0000 10.7220 44 169 66
-5.5000 -4.0000 3.0710 192 97 148
-19.5000 -4.0000 3.2020 204 92 132
-2.0625 -19.5000 5.5270 113 174 210
4.5625 -17.0000 17.0820 62 82 64
2.5625 -14.0000 14.3980 32 86 68
11.2500 19.5000 7.5560 52 144 150
7.1875 -2.5000 14.0960 18 90 80
-22.3125 3.5000 3.0040 186 103 152
19.1250 23.0000 11.5590 7 171 79
-6.0625 10.0000 5.4680 152 191 163
-20.8125 -21.0000 20.2430 34 25 121
-9.1875 -4.0000 3.0290 195 80 150
17.7500 19.5000 15.3550 11 145 74
-15.1875 6.5000 10.6360 18 98 166
20.0000 18.5000 17.0280 14 137 64
-10.8750 -11.5000 3.2070 203 85 128
18.1250 -24.0000 3.2190 166 200 48
-3.3750 5.5000 19.0390 61 33 58
2.2500 -9.5000 6.1720 75 178 178
11.3750 11.0000 6.4600 145 177 157
-15.8750 20.5000 5.4310 181 158 150
-13.5000 24.5000 6.7940 120 135 117
13.3125 -13.0000 7.8670 23 207 98
-4.8125 -10.0000 14.0160 20 86 164
-4.0000 -11.0000 15.1610 40 44 119
-15.8750 8.0000 11.0580 6 103 156
-8.3750 21.5000 5.4840 174 169 156
-10.8750 -12.5000 3.2280 209 94 129
-15.4375 11.0000 6.4440 53 160 194
11.6875 15.0000 13.0460 60 86 63
9.3750 -15.5000 11.6330 26 136 65
-4.6875 18.0000 5.5810 176 174 140
8.4375 21.0000 8.3080 61 83 148
23.5000 -24.0000 6.5210 47 194 151
-3.6250 20.5000 11.2010 84 85 41
-18.0625 -23.0000 13.4010 33 66 137
-22.0625 16.0000 7.9100 81 132 110
12.1875 18.0000 11.4350 49 79 97
-24.6250 13.5000 7.3790 77 140 157
-5.8125 -12.5000 11.7350 33 68 153
-9.0000 -3.0000 3.1090 195 92 143
-8.0000 10.0000 6.5040 80 145 132
-13.0625 -1.0000 3.0740 203 89 142
-13.6250 -5.5000 3.1950 194 109 142
-1.0625 -2.0000 7.0400 50 127 215
10.0000 25.0000 9.7020 69 70 140
15.8125 -15.5000 6.6110 44 237 129
10.4375 -10.0000 8.3870 25 189 90
-21.4375 21.0000 5.0810 184 180 127
12.3750 12.5000 10.9670 74 112 76
-0.1250 -10.5000 16.4120 26 45 100
5.3750 5.0000 13.1600 74 79 57
8.8750 -2.0000 4.0300 151 254 33
17.3750 -15.5000 7.1890 38 215 106
2.9375 4.0000 16.3740 75 39 51
-15.1250 3.5000 2.9150 194 60 154
2.0000 7.5000 9.6410 91 86 84
10.5000 -8.5000 7.2310 42 202 113
22.0625 -17.0000 3.1870 186 188 52
-10.0000 11.0000 8.8010 56 104 107
15.1875 -14.5000 5.7700 64 235 161
20.0000 14.5000 14.7440 16 147 59
4.8750 -22.5000 21.5270 55 48 66
7.5625 -19.5000 15.2440 46 96 49
0.1250 -9.5000 16.6280 23 41 105
-9.4375 15.0000 5.6790 155 162 163
10.9375 0.0000 5.4300 107 225 133
3.5625 -19.0000 5.5640 129 204 170
19.6250 -22.0000 3.3110 188 210 46
11.0000 17.0000 9.8740 52 99 117
22.7500 7.0000 15.7230 61 102 25
6.3125 -1.0000 9.0060 30 153 119
-22.9375 -0.5000 3.1210 201 87 152
18.2500 19.0000 5.4120 77 254 166
-15.8125 -4.5000 3.1850 205 94 131
13.0000 8.0000 6.2280 162 197 181
3.7500 6.5000 12.7130 78 77 63
0.9375 -21.5000 7.0390 85 145 183
0.1250 -3.5000 4.7100 92 230 216
4.5000 9.0000 6.1460 162 152 163
-2.0000 -21.5000 3.9450 169 205 99
-11.9375 -19.5000 3.3070 222 94 129
6.8750 0.0000 10.5690 24 132 102
2.6875 1.0000 18.0540 56 56 54
-0.1250 12.5000 5.9770 158 173 179
10.6250 3.0000 6.2830 136 187 148
-10.8750 16.5000 5.5060 172 174 133
15.2500 17.0000 10.4290 24 171 76
24.3750 15.0000 8.4970 39 200 97
-4.1250 18.5000 9.7520 105 89 43
-23.0000 18.5000 5.3400 135 187 146
12.5625 -15.0000 7.1260 43 213 123
-9.8125 -6.0000 3.1800 195 93 139
21.1875 3.5000 6.5240 144 229 198
0.6250 7.5000 6.0620 138 160 169
-7.6250 6.5000 6.0180 95 142 172
4.2500 21.0000 10.5020 62 71 96
7.1875 0.5000 12.5650 34 108 53
6.3125 -21.0000 21.8270 41 61 62
19.3125 16.5000 16.6350 7 138 60
-22.6250 -11.5000 3.4090 202 107 92
-12.7500 -13.5000 3.3080 214 103 118
-11.8125 -7.0000 3.1340 205 92 139
-10.1875 -0.5000 3.0740 196 92 138
-20.2500 0.0000 3.0550 198 89 152
-8.5000 -24.0000 3.5880 192 146 106
0.2500 22.0000 12.6430 68 62 56
-8.1250 -3.5000 3.1110 192 95 140
-19.4375 -13.0000 3.3700 203 98 94
19.1250 22.0000 11.1350 11 179 79
16.3125 4.0000 6.4450 132 243 179
7.3125 -5.0000 11.9310 19 116 95
-12.5000 10.0000 6.4240 62 148 175
-8.1250 8.0000 3.7390 184 206 11
-20.1250 -20.5000 16.6960 32 54 130
-20.8750 -7.0000 3.3040 204 93 100
-3.8125 15.0000 5.7830 156 166 166
-3.3125 14.5000 5.8410 160 161 189
-22.0625 -12.5000 3.4010 208 106 86
19.6875 -19.0000 2.5880 148 177 112
6.7500 -8.5000 16.8130 17 97 58
-12.5000 13.5000 5.1480 151 203 163
-0.0625 -6.5000 8.9530 30 122 174
3.5625 21.5000 10.4250 58 82 95
-1.7500 -18.5000 12.6100 48 83 124
-20.4375 -7.5000 3.2570 201 82 107
20.1250 13.5000 13.9850 13 161 64
-12.0000 15.5000 5.5330 164 175 136
-19.1875 -5.5000 3.2050 198 97 133
-0.8125 7.5000 10.3330 86 82 91
-19.8750 15.5000 6.7810 63 151 161
-18.1250 -22.5000 15.1370 30 46 128
5.6875 -5.0000 12.5960 17 86 116
-20.8125 11.5000 3.0140 206 91 126
-1.1875 14.5000 6.7730 133 134 144
1.1250 6.5000 9.4570 88 104 85
-13.1250 7.5000 6.4120 61 152 194
5.6875 -8.0000 14.0450 27 80 80
1.4375 6.0000 13.5470 74 60 40
-7.0000 5.0000 5.7380 93 159 201
5.6875 7.0000 6.1800 151 169 151
21.1250 12.5000 13.6340 25 162 70
-16.0625 -8.0000 3.2510 198 100 127
24.1250 -17.0000 3.3680 173 194 27
10.0625 -17.0000 6.7070 62 211 101
18.5000 -14.5000 5.8200 59 249 156
-0.3125 3.0000 15.8130 55 59 51
-23.5625 -10.5000 3.3990 193 103 106
-9.1875 -10.0000 3.2280 210 94 123
2.2500 -13.5000 14.4980 24 95 64
-3.6250 22.0000 11.0830 78 82 65
2.2500 11.5000 5.9470 165 148 182
24.4375 11.5000 16.7550 31 127 54
-1.4375 -18.0000 14.8260 54 68 103
-14.4375 -9.0000 3.2530 199 87 113
9.8750 -6.0000 9.2150 14 193 89
-10.8125 7.5000 6.2170 70 157 199
-2.6250 4.5000 18.5380 59 35 54
-21.5625 16.5000 7.5650 82 128 121
-4.8750 15.5000 5.7340 168 155 155
5.8125 -21.0000 21.8820 44 62 64
-11.3750 -7.0000 3.1910 203 102 130
20.2500 16.0000 16.1340 11 137 62
-9.6250 9.0000 6.3860 74 149 170
5.0625 -19.5000 21.8350 63 41 68
6.5000 -10.0000 15.8450 14 106 49
17.4375 -15.5000 7.4030 36 212 102
3.3125 -16.0000 17.5710 47 65 64
25.0625 23.5000 5.5870 90 219 114
3.1250 -4.5000 3.1430 200 78 86
20.5000 -9.5000 2.4820 143 254 99
-12.8750 9.0000 6.3760 66 152 187
-17.5625 -3.0000 3.0700 195 85 158
18.6875 -10.0000 0.9720 156 119 38
8.6250 24.0000 5.6600 110 136 187
11.8125 25.0000 11.1530 60 85 118
22.9375 6.5000 11.2630 57 118 41
-17.6250 -22.0000 9.7330 39 87 174
4.8750 3.0000 6.0280 109 171 136
-17.5000 -24.5000 4.6980 114 199 185
-9.3125 22.5000 5.4760 168 189 140
-16.6875 -1.0000 3.0880 199 90 147
-21.8125 -17.0000 13.0360 21 55 146
22.5000 7.5000 15.8820 57 100 27
22.6875 24.0000 8.4630 25 188 109
-20.8125 23.0000 5.2590 189 169 133
2.3750 24.5000 3.7360 198 161 9
-1.0625 5.5000 16.0100 72 50 45
-10.3750 -4.0000 3.1080 194 88 142
0.0625 -12.5000 13.2300 19 91 95
16.6875 15.5000 8.1360 51 173 95
-19.2500 5.5000 2.9740 187 90 140
1.4375 6.5000 9.6710 88 101 85
-11.3750 -16.5000 3.3230 215 102 119
15.8750 24.5000 12.4650 11 156 79
6.5625 -20.0000 22.2050 57 71 46
-17.2500 -13.5000 3.3780 197 94 99
3.5000 -16.0000 13.6830 46 84 70
-12.8125 -24.0000 5.2630 106 170 226
11.8125 5.0000 6.4090 146 183 182
1.9375 -23.5000 6.6950 105 141 171
6.0625 -0.5000 13.4740 20 101 81
16.7500 0.0000 6.5520 102 227 158
-10.2500 18.0000 5.5490 182 159 154
7.2500 -16.5000 12.9830 38 139 53
-13.1250 -12.0000 3.3070 210 99 126
2.8750 0.5000 18.1720 42 62 66
10.6250 17.0000 9.4830 47 108 124
-23.2500 -0.5000 3.1110 196 87 156
22.5625 1.5000 6.5560 129 222 200
13.6875 -1.0000 0.8000 187 116 16
15.7500 -20.0000 1.6300 148 206 47
-22.8750 -24.5000 19.3590 56 47 118
-18.3750 19.5000 5.2560 169 178 137
-13.3125 -1.0000 3.0760 202 89 143
-9.9375 7.0000 6.0440 76 160 189
-15.9375 8.5000 4.9650 86 223 220
-12.1875 -23.0000 3.8540 168 196 116
24.4375 -7.0000 3.4370 197 228 34
-16.7500 -16.0000 3.4670 199 114 93
-22.1875 -2.0000 3.1340 205 85 143
-1.7500 -19.0000 14.5880 50 53 119
24.1875 -16.0000 3.2640 174 200 47
10.1250 -15.5000 8.0660 30 163 103
-2.6875 13.0000 5.9150 159 162 183
13.6250 -23.0000 3.9570 129 254 0
-12.7500 11.0000 13.3130 30 66 95
1.4375 17.5000 10.8300 74 103 46
23.9375 -4.0000 6.6080 94 231 127
-3.6875 2.5000 18.2120 40 57 88
3.5000 -21.5000 6.4670 105 165 189
-20.1875 -7.5000 3.2370 201 66 117
1.6250 -5.0000 9.2400 30 122 176
-1.0625 -20.0000 4.5540 143 213 152
-22.6875 15.5000 6.9850 80 144 156
-21.5000 -23.0000 20.4740 39 26 115
23.3125 3.0000 6.4820 146 215 174
21.0000 25.0000 9.0720 28 195 95
-24.0000 19.5000 6.9350 104 138 123
-4.0000 -6.5000 3.0640 196 73 114
3.8750 8.0000 6.0480 152 175 167
17.1250 18.5000 14.1770 16 148 54
-0.5625 20.5000 11.7850 68 81 56
-18.1250 -20.5000 13.5530 27 59 144
16.7500 17.5000 11.2820 23 153 64
23.7500 -13.5000 2.7190 150 153 104
17.6875 24.0000 9.7050 28 198 77
-19.0000 -2.0000 3.1160 203 86 136
8.4375 -24.0000 2.8890 175 148 44
-5.0000 -20.0000 6.1660 102 118 245
9.6250 18.5000 9.0690 55 96 125
11.1250 -10.0000 5.7780 80 233 134
9.8125 -1.0000 12.6990 12 137 63
-4.6250 4.5000 17.6690 46 39 72
-24.4375 21.0000 5.8250 132 137 145
4.2500 -23.0000 8.0280 84 150 126
12.6250 -24.5000 5.8570 67 251 100
22.7500 22.5000 10.9950 7 163 88
-16.1875 -8.0000 3.2490 197 99 129
20.8125 -8.0000 1.6550 174 162 50
24.9375 -23.0000 7.6670 42 174 124
-1.0000 -17.0000 16.3590 38 69 97
23.4375 -2.0000 6.5270 122 228 136
6.6875 -10.0000 15.6440 15 107 46
24.3750 -6.0000 4.8020 124 254 120
1.0625 4.5000 16.7870 76 42 35
8.8750 -17.0000 11.6270 26 132 66
7.8750 2.5000 5.5520 139 233 146
12.1875 16.5000 13.4910 42 76 69
16.6250 15.0000 10.6510 30 174 68
4.5000 -5.5000 6.6820 45 159 188
9.3750 -11.0000 4.2620 123 254 63
-1.7500 20.0000 11.8570 85 83 30
-16.8750 -15.0000 3.4290 204 109 90
11.6250 -15.0000 8.0840 41 198 93
24.5000 19.5000 2.4000 139 158 99
-18.3750 -18.5000 14.8270 24 23 146
23.3750 17.5000 9.6700 24 172 100
-17.2500 -6.5000 3.1840 199 81 130
20.8750 19.0000 16.1490 14 136 77
-20.3750 23.5000 5.3180 188 161 140
-17.2500 -14.5000 3.3520 202 81 92
5.8125 -13.5000 19.2880 32 99 36
-12.4375 -22.0000 4.6340 124 214 232
17.6875 20.5000 0.4530 139 112 41
-14.1250 2.0000 3.0170 192 85 150
23.0000 -16.0000 3.2310 188 196 48
6.3750 19.0000 11.4860 48 70 100
7.9375 -23.0000 3.0340 190 138 28
-3.4375 25.0000 7.6570 87 148 85
-16.9375 -19.5000 3.3640 215 99 106
7.8750 -22.5000 3.5200 176 209 0
2.0000 0.5000 15.3620 45 56 84
18.6875 25.5000 12.9940 29 167 54
-21.6250 1.5000 3.0510 201 90 135
-13.6875 8.5000 3.0820 198 97 83
-18.5625 13.5000 7.8440 43 127 151
-6.8750 -1.0000 3.0710 202 85 141
0.5625 -10.0000 16.5620 24 42 100
7.8125 -6.5000 6.9600 48 168 149
-9.0625 17.0000 5.6450 169 159 163
-14.0625 5.0000 6.9400 41 148 213
3.2500 22.5000 9.8380 55 88 106
-16.1875 0.0000 3.0510 194 89 154
3.5000 -7.5000 17.0760 19 64 99
11.0625 25.5000 9.9530 69 93 134
19.1250 -18.0000 5.5120 68 244 161
-20.8125 21.5000 5.1810 182 172 126
0.6250 4.0000 10.3500 73 99 81
-19.8125 -22.5000 19.8950 33 22 128
1.6875 15.0000 5.9150 168 167 152
18.6250 11.5000 5.8320 83 254 126
23.3125 -6.5000 2.7540 184 212 104
3.6250 -21.0000 6.4460 108 165 189
10.5625 -6.0000 1.7340 148 145 77
-11.3750 -8.5000 3.0800 199 67 138
3.9375 -0.5000 11.4200 32 90 122
7.3125 -4.0000 13.8280 9 95 108
16.8750 22.0000 11.5220 8 157 78
8.6250 -16.0000 2.1850 148 160 74
23.6875 -2.5000 6.4910 126 232 132
-0.1250 -22.0000 3.9420 191 216 66
-19.8125 -19.0000 19.7350 37 26 146
24.3125 -23.5000 3.7550 138 231 46
3.7500 2.0000 17.1620 52 47 50
24.8750 -9.0000 3.9130 160 254 29
8.3750 12.5000 9.9560 100 107 91
6.0000 19.0000 11.5300 49 70 99
11.2500 -4.0000 2.2240 147 206 96
-10.2500 3.0000 3.0010 195 88 130
-9.4375 -5.0000 3.1510 197 95 132
-5.4375 -6.5000 3.0430 191 92 140
13.0625 10.0000 6.5170 131 180 146
18.8125 21.0000 5.4100 82 254 152
17.8750 16.0000 17.0510 13 136 65
23.2500 16.0000 12.9610 18 157 73
-19.4375 -21.5000 19.4160 35 21 142
20.1875 20.0000 6.2040 58 236 148
7.0000 -22.0000 21.4040 38 67 54
1.1875 12.5000 5.9620 165 147 161
-9.3125 -2.0000 3.1060 200 97 130
7.8125 -18.0000 18.1240 50 93 39
-23.1250 -8.0000 3.3180 198 93 106
-17.2500 10.0000 2.8250 169 67 135
3.5000 -7.0000 15.2650 19 65 110
-18.0625 -24.5000 13.3740 51 62 133
8.4375 -19.5000 9.8690 35 175 89
22.5000 13.5000 11.4120 17 169 94
-23.2500 -23.0000 20.0280 45 37 123
7.8125 -16.0000 17.2790 34 111 31
7.6250 1.5000 10.8920 51 115 64
5.5625 12.0000 6.0590 162 149 176
-17.7500 -22.5000 11.0880 38 75 158
-17.5000 14.5000 7.2680 48 133 151
5.8750 24.5000 4.5780 135 172 155
9.7500 11.5000 6.3790 148 176 176
5.3750 23.0000 3.7180 189 152 37
-18.7500 16.0000 7.5180 68 136 118
3.0625 -18.0000 3.9490 190 221 37
-3.5625 3.0000 18.9060 43 57 89
-21.1250 -10.5000 3.3980 205 107 84
7.6875 -4.0000 12.4120 11 112 110
2.8125 22.0000 10.2940 56 84 100
18.0625 -22.5000 2.8190 162 168 102
20.1875 13.0000 12.8140 20 157 72
11.8125 25.5000 3.5090 199 123 28
20.5000 -16.5000 4.9050 88 254 151
9.6250 -15.0000 11.0090 31 149 70
19.8125 13.5000 12.6070 15 157 76
-19.6250 -21.0000 17.1110 33 31 146
3.1250 8.5000 6.1140 150 175 172
-24.0625 -15.0000 3.2950 201 84 108
1.6875 -22.5000 6.8270 100 135 178
10.1875 -1.5000 4.2370 141 254 60
-5.0000 13.0000 5.9080 151 175 158
-4.9375 -3.0000 3.0110 193 75 143
24.6250 -4.5000 6.6660 96 215 124
2.9375 -1.0000 13.0780 26 80 112
-21.4375 -3.0000 3.1600 201 85 145
5.0625 -18.0000 19.0050 65 81 48
-14.8125 7.0000 4.8600 90 225 209
7.8750 -16.0000 19.1700 33 110 26
-18.4375 12.5000 6.9470 53 138 159
11.6875 20.0000 5.6950 96 177 182
-23.0625 19.5000 5.8970 121 150 145
-0.3750 21.0000 12.5500 72 68 40
-18.6250 -20.5000 14.0960 26 55 144
-5.3125 18.0000 5.5920 174 175 150
-10.8750 16.0000 5.5900 167 180 158
22.8750 9.0000 16.6790 42 117 45
-8.8750 -3.5000 3.0720 196 87 145
4.6875 4.5000 13.0760 65 66 51
1.0000 -19.0000 4.0280 185 222 83
-0.5000 19.0000 11.3190 66 83 59
12.8750 14.0000 12.4970 62 105 68
21.5625 -2.0000 6.4090 117 243 165
22.3125 23.5000 3.6520 158 254 0
1.3125 10.5000 5.9490 159 171 154
0.3750 -5.5000 9.5760 30 111 167
13.8750 -16.5000 3.3060 185 208 0
8.8125 1.5000 7.9400 52 156 93
-5.3125 -3.0000 3.0790 187 99 153
20.8125 -9.0000 2.4710 143 254 99
-0.1250 -21.5000 3.9320 191 215 66
12.7500 -13.5000 8.4890 21 196 89
12.1250 25.5000 13.6080 57 63 92
15.0000 -17.0000 4.6870 93 254 121
18.6250 -15.5000 7.0610 26 216 154
-19.6250 -19.0000 3.3010 214 70 82
1.1875 15.5000 8.8780 92 81 80
-2.1250 -18.0000 15.5070 48 50 117
10.3125 19.5000 3.6440 194 154 18
7.6875 22.5000 3.5440 211 124 23
18.1250 3.5000 6.5050 132 231 193
5.6875 -2.0000 12.5420 23 109 92
-2.1875 1.0000 9.5450 54 115 107
24.2500 22.5000 8.7820 35 195 80
-9.3750 14.5000 5.6540 151 164 167
15.1250 10.5000 9.5740 74 151 60
-0.8125 -24.0000 3.9920 167 193 93
14.8125 -23.5000 6.0480 58 241 129
-8.1875 10.5000 7.0480 65 140 122
-7.8750 20.0000 5.4960 179 150 154
0.9375 7.0000 5.5940 157 169 163
10.4375 0.5000 7.3780 59 152 110
12.1875 10.5000 6.4610 140 182 158
-23.4375 6.0000 2.9920 184 109 150
-17.0000 -3.5000 3.1320 205 97 141
-3.8125 -15.0000 15.5780 38 64 125
-21.5000 -11.0000 3.3780 205 102 88
-17.7500 18.5000 5.2840 162 172 126
3.2500 -13.5000 13.5370 17 109 66
-7.8750 9.5000 6.6520 85 125 139
-21.3125 -3.0000 3.1760 201 88 142
-10.5000 -7.5000 3.1730 193 89 133
-21.5000 -4.5000 3.2010 207 86 126
-4.4375 2.0000 17.0070 39 66 76
20.2500 -11.0000 2.2390 137 235 103
-11.6250 -2.5000 3.0520 202 78 143
3.5000 -11.5000 14.3790 21 98 62
12.0000 -7.5000 4.4070 117 254 71
-10.0000 -12.5000 3.2000 215 81 125
0.4375 19.0000 12.6970 68 73 54
-4.6250 -13.5000 14.0590 35 31 141
4.4375 14.0000 8.8520 105 105 99
4.0625 -20.5000 21.8560 61 28 88
5.3750 -16.5000 15.2330 45 107 56
16.5000 -22.0000 2.4520 130 236 95
14.5000 16.0000 14.3020 37 106 51
22.8125 -14.5000 2.5940 146 149 126
8.5000 -5.0000 5.0730 87 254 149
-1.1875 23.5000 10.6250 64 102 73
-5.2500 2.5000 12.7150 21 100 104
19.4375 -17.5000 4.7760 85 254 138
-24.5625 -15.5000 8.7120 43 100 195
15.5000 13.0000 12.4350 47 139 47
16.8125 -20.5000 2.3940 127 238 88
-5.1875 2.0000 15.5610 20 81 85
1.0000 -19.5000 4.1100 178 222 95
-5.8125 -11.0000 3.1510 208 84 103
-24.5625 25.5000 5.2490 205 114 100
6.5625 -20.0000 17.3400 56 93 45
25.0000 16.0000 8.3700 44 192 96
-17.4375 9.5000 2.8260 177 71 144
-8.3750 -6.0000 3.0520 189 81 158
6.0625 8.5000 6.1530 156 170 165
13.3750 19.0000 14.3530 29 77 84
-5.9375 24.5000 8.8660 78 116 73
-16.5625 4.0000 2.9540 181 77 149
-19.6250 -12.5000 3.3940 200 103 95
21.6250 22.5000 11.3130 6 163 89
-14.1250 14.5000 4.9910 151 219 135
-15.9375 20.5000 5.3320 185 163 146
-20.1250 4.5000 2.9810 181 85 141
24.7500 -4.0000 6.6590 100 210 117
-18.8750 -16.5000 3.3990 201 101 77
9.1875 20.5000 8.4290 56 94 134
-24.3125 -3.5000 3.3000 185 118 140
12.3750 7.0000 6.2830 161 195 180
-22.6250 5.5000 2.9360 179 93 154
17.3750 -19.0000 6.8650 29 218 142
8.8125 -4.0000 11.6230 12 141 95
-23.3750 0.0000 3.0980 188 106 153
-16.0000 14.0000 6.2000 79 148 158
2.8125 -16.0000 18.7330 54 55 65
12.8125 -12.0000 8.2410 20 201 93
21.1250 -2.5000 6.6210 99 228 160
-2.1875 -24.0000 6.2950 93 144 196
-7.8750 2.5000 3.1510 204 101 92
19.8750 -11.5000 2.4540 138 226 112
19.7500 20.0000 5.6220 72 254 162
9.7500 -4.0000 9.8500 16 170 97
12.5000 10.0000 7.9570 98 116 98
21.5625 24.5000 8.3460 28 185 114
3.0000 -13.5000 14.3300 20 97 62
-3.1250 7.5000 15.8230 63 41 46
11.8750 0.5000 5.7880 134 203 158
24.0625 12.5000 0.3080 144 112 32
8.1875 -4.0000 12.1730 14 142 92
16.0000 1.5000 6.3790 128 238 165
-24.3750 12.5000 3.0320 203 90 131
-13.8750 -11.0000 3.3090 197 93 106
-18.6250 -15.5000 3.4140 203 106 77
4.3125 0.0000 10.9490 55 99 87
-4.6875 6.0000 15.9130 53 49 45
3.8750 -10.5000 14.9240 30 72 74
-17.0625 -14.5000 3.4180 203 105 94
-22.3125 23.0000 5.1450 193 174 130
0.7500 -22.0000 7.0610 83 145 183
10.5000 -7.5000 5.1530 86 254 123
-17.6875 -23.0000 13.5920 34 66 133
-17.0000 12.5000 6.4170 67 130 173
14.6250 15.0000 13.1200 44 122 58
-11.6250 -23.5000 3.7560 177 180 104
-10.4375 7.5000 6.5320 66 150 177
5.0625 -13.0000 5.9180 85 207 146
12.5000 23.0000 5.1610 116 218 185
16.1250 4.0000 6.4260 133 244 181
20.6250 18.5000 17.1980 8 143 69
19.4375 17.0000 17.6450 8 133 64
-13.6250 -9.5000 3.2470 202 88 125
19.4375 19.5000 5.1870 83 254 164
23.6250 -18.0000 3.5660 163 235 25
10.0000 -0.5000 12.8550 13 135 62
24.8125 -16.0000 3.0460 164 159 65
8.5625 -20.0000 11.9650 30 149 76
9.4375 10.0000 6.2300 156 181 180
25.1250 16.5000 8.2460 48 188 96
-13.2500 24.0000 5.4640 183 157 130
-11.2500 -12.5000 3.2240 214 92 129
-7.0625 -18.0000 3.2920 229 71 96
-9.8750 -16.5000 3.1810 221 68 117
-5.6250 2.5000 12.1840 22 108 106
-7.1250 19.0000 5.4510 169 181 136
-18.5625 -11.0000 3.3220 204 91 98
15.0000 9.0000 6.5270 131 205 137
-1.2500 22.5000 10.6740 76 80 60
-18.6250 5.0000 2.9660 190 87 138
8.3125 -7.0000 14.8250 19 123 47
-23.9375 -9.0000 3.3970 191 105 107
7.8750 -4.5000 12.5750 8 125 96
4.5000 -8.0000 15.6750 34 70 84
17.3750 21.0000 15.8690 13 130 63
-3.3750 -22.0000 3.6430 200 178 71
-16.3750 2.5000 3.0220 195 78 159
17.8750 15.0000 16.2260 14 138 54
22.5000 8.0000 16.0570 53 99 28
0.9375 16.5000 9.4300 75 102 66
-0.1875 7.0000 9.9780 86 87 89
4.7500 24.5000 3.7550 188 152 34
-11.6875 22.0000 5.4020 182 171 148
24.8750 18.0000 11.2530 34 150 78
8.4375 12.0000 10.4430 96 107 89
0.8750 4.0000 10.0310 78 103 83
15.0000 -23.0000 4.5460 98 254 77
-23.8750 16.0000 6.3450 96 153 166
8.0000 2.5000 5.6520 133 229 149
-22.9375 -22.5000 16.3600 34 58 129
2.8125 6.5000 12.5860 76 76 61
-15.8125 15.0000 5.5270 128 172 155
-18.6875 -16.5000 3.4150 201 106 75
-8.5625 -23.0000 3.4710 221 132 107
-17.0625 -15.5000 3.3440 202 84 88
-18.8750 -1.0000 3.0580 202 83 148
-24.5000 -5.5000 3.2950 190 102 131
-6.8750 8.0000 5.5140 116 166 179
15.4375 25.0000 16.2300 45 89 65
-17.8750 4.0000 2.9730 188 86 134
22.1250 16.0000 16.6820 10 127 65
3.6250 -8.5000 16.6650 28 71 89
14.6875 14.5000 12.7550 49 130 49
-14.6250 -12.5000 3.3270 210 93 102
-13.4375 14.0000 5.9250 115 162 159
5.3125 -5.0000 12.1780 20 92 118
-10.1875 18.5000 5.5850 181 155 157
-23.6875 19.5000 6.1760 114 140 128
24.8125 23.0000 0.1610 131 105 36
15.3125 18.5000 10.9450 23 142 92
-7.3125 -3.5000 3.0590 186 92 167
-10.1250 13.5000 5.5610 148 164 163
7.9375 -3.5000 10.5600 16 150 113
-6.9375 6.0000 7.4500 68 130 145
-18.7500 -11.0000 3.2740 206 81 105
-10.6875 10.0000 6.9320 59 137 150
-24.6875 15.5000 6.6430 90 144 167
16.6875 21.0000 12.9030 11 153 77
17.0000 14.0000 10.3300 48 161 59
-2.1250 23.0000 10.9240 74 82 63
-23.5000 -1.5000 3.1530 188 102 157
-22.8125 25.0000 5.1810 203 146 115
1.0625 -9.5000 15.7690 25 49 97
13.0625 16.0000 12.5460 45 91 74
12.0000 20.0000 6.9990 55 164 168
10.3125 17.0000 9.4240 46 111 126
-13.6875 -1.5000 3.0670 195 85 149
15.5000 -23.0000 2.0240 133 235 86
16.6875 4.5000 6.4840 131 241 178
0.8125 -23.5000 6.9800 93 139 164
-23.5625 -15.0000 3.2970 204 85 104
11.5000 5.5000 6.3330 152 181 189
17.9375 11.5000 6.1680 77 243 119
-13.6250 -14.5000 3.3660 205 107 114
-6.5000 -6.5000 3.0980 196 95 135
10.8750 10.0000 6.3370 156 166 178
-12.1250 10.0000 6.3970 62 149 172
13.2500 21.5000 6.8220 69 172 157
-16.0000 -16.5000 3.4340 205 107 91
-12.5000 -2.5000 3.1250 196 95 147
-10.7500 -17.5000 3.2580 226 87 135
-12.2500 -9.5000 3.2520 209 95 117
16.6875 -20.5000 2.6840 134 221 81
-12.0000 17.5000 5.5230 174 177 149
-4.7500 12.0000 5.8420 157 174 148
-2.8750 19.5000 11.1240 80 86 38
18.1250 18.0000 15.9400 11 150 64
-10.6250 -24.5000 3.6440 183 161 89
-19.5625 17.0000 7.0600 77 142 122
-10.4375 -19.5000 3.3190 224 88 113
20.0000 -20.5000 3.1240 180 179 56
-10.2500 -7.5000 3.1010 197 79 143
-12.8750 -15.0000 3.3520 212 105 115
-20.9375 -19.5000 20.8600 36 14 112
14.9375 8.5000 6.4990 140 203 140
-22.3750 18.0000 6.3300 108 161 133
-11.1875 -10.0000 3.2300 206 95 116
-19.6250 -4.5000 3.1890 202 88 133
24.9375 10.0000 19.2800 61 109 42
14.1875 4.0000 6.3700 142 203 184
9.0625 -3.0000 14.0340 12 123 71
3.9375 8.5000 6.0320 154 175 168
-8.8125 6.5000 6.6050 70 140 174
6.6875 -11.0000 7.9550 44 181 112
-1.3125 3.0000 20.1130 63 60 68
-11.6875 3.5000 2.9990 201 66 129
-13.1250 18.0000 5.5270 180 165 153
-2.7500 19.5000 9.7580 85 101 50
-19.6875 21.5000 5.1810 191 170 142
-6.6875 8.0000 5.0690 127 200 166
15.1875 1.5000 6.5040 121 228 161
5.2500 18.5000 12.4720 60 62 68
-15.1250 8.5000 9.4010 15 124 169
-1.2500 -5.0000 8.3920 23 127 196
-10.0000 -17.0000 3.1720 217 73 131
21.6250 4.0000 16.0220 73 88 53
-6.2500 8.5000 5.4380 119 173 176
6.3125 -9.5000 8.2560 36 176 118
19.5625 16.0000 2.4800 176 165 63
-21.4375 -1.0000 3.0350 202 79 161
-11.6875 -10.5000 3.2490 207 97 114
5.1250 21.5000 7.8380 58 117 139
4.5625 3.0000 13.5360 56 60 44
-14.5000 -16.0000 3.3870 211 99 96
-13.6250 20.5000 5.3310 184 163 141
-21.0000 -18.0000 13.0930 20 71 139
2.5000 -1.5000 10.9590 36 91 140
-16.6250 15.5000 5.6840 119 159 153
18.1875 -16.5000 6.7740 32 223 146
14.4375 -16.5000 6.3160 64 229 130
20.4375 22.0000 5.4140 81 254 137
-15.2500 -12.0000 3.3110 209 88 107
-10.3125 17.0000 5.5670 173 159 160
5.9375 -14.5000 20.3320 37 99 57
-11.8750 -5.0000 3.1370 200 96 133
-4.1875 21.0000 9.4230 84 118 65
0.1875 3.0000 16.0790 55 57 49
14.6250 6.5000 6.4010 149 203 149
23.1875 -8.0000 2.7530 178 185 95
2.2500 5.0000 15.9750 77 45 55
6.0000 22.0000 3.7690 188 160 33
-24.3750 -13.0000 3.3020 195 89 123
-17.5000 12.5000 7.4520 54 137 151
-4.1250 25.0000 4.8580 153 204 94
-9.9375 -20.5000 3.4130 226 115 122
-23.9375 10.0000 3.1530 202 113 125
11.0000 11.5000 6.4440 140 189 152
10.6875 0.5000 7.4080 60 150 106
23.8125 -18.5000 3.2650 182 179 40
22.7500 18.5000 9.8650 26 169 107
2.9375 24.5000 3.6790 195 151 19
7.2500 -23.5000 7.8160 56 172 114
8.8125 -16.5000 0.8400 155 88 20
18.1250 14.5000 15.2500 18 138 56
4.1250 18.5000 11.5460 74 66 68
5.6250 20.5000 11.3950 51 68 103
8.5000 -3.5000 11.8650 12 141 95
-4.0000 -4.0000 3.0630 183 93 129
6.8125 3.0000 5.5030 132 205 138
6.3750 -21.5000 21.7550 39 62 59
9.5625 -13.0000 10.8590 20 165 66
-23.4375 1.0000 3.0730 185 104 158
-23.8125 -23.5000 20.4840 62 43 121
-22.9375 -22.5000 18.3980 36 38 126
-16.1250 -10.5000 3.2350 205 78 110
24.3750 25.0000 5.9440 88 213 100
-10.5000 14.0000 5.5920 151 161 163
2.9375 4.5000 16.4730 74 37 54
2.7500 2.0000 18.3810 52 53 55
-6.3125 -20.0000 6.3120 87 133 254
-3.8750 1.5000 16.8770 41 62 82
-12.2500 21.5000 5.3760 182 171 148
-11.7500 4.5000 2.9910 196 73 116
6.2500 21.0000 10.5040 51 76 111
23.8125 21.0000 6.8760 52 200 135
5.0000 4.5000 14.4060 71 55 48
1.6875 1.0000 18.1910 48 52 68
-13.3125 18.5000 5.4620 184 167 154
-16.8125 10.0000 4.7840 101 228 179
25.0000 -22.0000 7.0310 42 186 143
1.8750 -20.5000 6.8430 104 163 172
10.7500 5.5000 7.4790 102 144 138
5.3125 9.0000 6.1560 157 159 175
-4.7500 -5.0000 3.1030 188 88 123
1.4375 -3.5000 6.0350 52 160 239
20.0000 -1.0000 6.4370 115 235 138
-1.8750 -23.5000 6.3890 90 145 200
3.4375 -18.0000 16.5600 66 78 68
0.0625 -18.5000 14.0870 47 70 100
5.0000 -8.0000 16.6030 32 71 83
-8.2500 -4.5000 3.0500 190 87 145
0.5625 8.0000 9.7160 85 88 92
10.0625 -7.5000 8.3220 20 193 97
21.6250 0.0000 6.5460 116 234 185
16.6250 6.0000 6.3930 135 237 177
0.3125 20.5000 12.7430 66 73 53
5.6250 25.0000 4.6850 131 173 160
-2.6250 -9.0000 10.3440 29 95 174
7.0625 -20.5000 19.3650 38 77 51
5.7500 18.0000 11.8230 58 64 70
-14.6875 -13.0000 3.3360 211 95 100
-8.3750 11.5000 6.3360 88 152 148
6.7500 -7.5000 16.8060 22 75 71
7.0000 22.5000 3.6360 203 147 22
-1.8125 -24.5000 6.4350 90 146 191
8.1250 -13.5000 17.5230 20 110 45
23.2500 17.5000 13.3730 17 152 70
-16.6875 12.5000 6.4440 60 152 167
-21.7500 19.5000 5.0710 153 207 144
-5.3125 5.0000 15.2000 39 51 84
-9.1250 12.5000 5.4740 148 168 151
-14.0625 -3.0000 3.0800 199 93 150
-1.1875 5.0000 14.1220 71 73 56
-11.1250 -21.0000 3.2890 232 70 107
4.4375 -21.5000 21.7490 58 30 81
4.2500 11.5000 6.1200 159 148 179
-23.0625 8.0000 2.9300 190 95 159
-5.8750 3.0000 14.9700 24 77 101
-19.8750 -17.5000 13.1200 27 69 148
16.2500 14.5000 11.4120 46 151 51
-23.1250 -23.0000 19.6080 41 38 122
16.2500 13.0000 11.0620 48 158 55
-0.5625 -13.5000 16.2210 41 54 90
7.1875 -7.0000 15.8110 23 71 67
-15.6250 5.5000 8.1170 21 135 200
-7.3750 -6.5000 5.2540 81 210 247
12.2500 21.5000 4.4100 143 236 131
-6.0625 6.0000 7.3930 66 128 159
-5.5000 8.0000 4.8000 144 217 134
0.8125 19.5000 11.2910 61 82 58
-10.2500 -8.5000 3.2090 195 106 138
-3.6875 25.5000 4.5800 160 206 76
6.3125 -5.5000 6.1910 63 187 175
-12.8750 17.5000 5.5300 172 176 150
12.0000 12.5000 9.5970 77 107 88
0.3750 4.5000 14.2510 61 67 48
23.9375 -14.0000 2.6510 146 152 107
-16.5000 -3.5000 3.1540 201 91 144
2.2500 14.5000 5.8950 160 166 177
9.1250 -14.0000 14.8790 29 137 34
-4.5000 24.5000 10.0100 74 110 61
15.8750 20.0000 16.3620 14 108 65
23.8125 21.5000 7.0750 49 196 134
-4.1875 7.5000 15.1300 53 52 61
-11.3125 -21.0000 3.3800 228 96 95
-18.3125 -20.5000 13.9260 26 56 143
11.5000 -2.5000 1.6610 164 141 48
1.2500 0.0000 6.0460 97 139 180
-23.3750 17.0000 6.7350 100 140 131
-14.1250 9.0000 5.8470 78 154 190
8.3750 -20.5000 11.9650 51 153 49
24.3125 -23.0000 3.9110 130 250 58
1.5625 3.5000 10.3320 82 80 78
-14.0625 12.0000 6.1610 83 135 177
-3.9375 7.5000 13.5000 63 59 54
-21.8750 -7.0000 3.3290 206 97 96
-24.5625 -5.0000 3.1990 189 88 147
8.0625 21.0000 8.0840 63 92 149
-12.2500 -19.5000 3.3550 220 104 121
12.0000 24.5000 15.2600 49 48 93
-7.8750 12.0000 5.5380 151 162 135
11.4375 -9.0000 8.0870 38 208 76
-21.3750 -22.5000 13.8670 32 68 125
-5.6875 -6.0000 3.1070 193 100 132
22.2500 -23.5000 3.6090 159 236 40
-14.5625 -23.0000 6.7410 62 130 220
-21.4375 -4.0000 3.1300 206 77 143
8.8750 -18.5000 2.0940 153 163 82
-21.0000 5.0000 2.9440 183 93 145
-24.4375 2.0000 3.0920 197 107 156
-6.7500 -15.0000 14.2120 39 46 155
-20.6875 -24.5000 18.8130 46 30 121
2.8750 -7.5000 8.7280 32 136 162
10.3750 -6.5000 5.2810 82 254 136
-23.3125 -11.0000 3.3930 199 103 100
6.1875 4.0000 5.7500 140 175 167
0.7500 0.0000 10.2390 34 98 147
3.3750 16.5000 12.5800 78 81 44
25.0625 21.0000 0.1860 145 115 3
-19.7500 -9.0000 3.2660 200 75 119
-24.0625 -23.5000 20.9380 65 40 120
-16.8125 22.0000 5.3340 195 159 152
13.5000 -13.0000 7.8180 24 207 97
8.3750 -9.0000 13.5870 20 141 47
2.3750 0.0000 16.5670 44 61 75
21.2500 23.0000 4.9270 87 254 160
-7.4375 15.5000 5.6940 169 168 157
20.3750 12.5000 12.0430 33 152 78
-12.2500 -4.5000 3.0350 199 83 152
-19.3125 16.0000 8.0730 66 130 114
24.7500 24.0000 0.1570 123 111 43
-3.4375 10.5000 5.7650 157 161 171
-16.8750 14.5000 6.3790 69 158 144
-11.3750 2.5000 3.0310 198 84 137
-2.9375 23.5000 10.3820 70 94 67
-12.0000 13.0000 7.4750 72 125 114
21.0000 -21.0000 3.2940 184 193 55
-16.7500 -17.5000 3.5100 197 127 93
7.5625 11.0000 6.0990 166 154 174
-10.6250 16.5000 5.5840 169 180 161
4.5000 6.5000 12.5860 82 75 58
0.1875 5.0000 10.3480 69 99 85
-16.2500 14.5000 5.6060 104 168 176
-9.4375 23.5000 5.3680 170 196 134
-8.3750 14.0000 5.7360 147 161 162
-3.0625 20.0000 10.9090 79 89 40
-19.0000 11.5000 2.9630 192 76 122
2.6250 0.0000 16.8090 34 65 92
-4.6250 -16.0000 14.8070 46 48 136
11.8125 24.0000 11.1470 56 84 115
8.0000 18.5000 10.6810 63 71 95
-16.4375 -20.0000 3.2970 218 93 120
-1.6250 -21.5000 4.0020 164 204 108
-8.2500 -3.5000 3.1330 195 97 136
7.5000 -16.0000 19.4530 33 105 36
-5.6250 19.5000 5.6230 161 181 136
-18.1250 -8.0000 3.2600 202 90 114
13.4375 23.0000 13.6620 32 66 86
16.6250 -18.0000 8.4160 15 202 92
-15.1875 -21.5000 6.8110 59 130 237
9.2500 22.5000 3.5450 220 126 23
8.9375 -20.5000 2.0560 152 166 75
0.7500 -1.0000 3.1780 215 95 92
-0.9375 -14.5000 16.9470 35 58 101
4.8125 -12.5000 14.6710 26 96 53
24.9375 -24.0000 3.6030 139 202 42
8.0000 20.5000 9.3680 63 91 126
-17.5625 -6.0000 3.2470 199 92 124
5.0000 22.5000 9.2090 56 77 110
-21.8125 24.0000 5.2920 193 161 134
-1.0000 0.5000 4.1920 155 235 94
-17.8750 8.5000 2.9240 184 92 131
2.1875 4.0000 14.9930 70 66 31
10.0000 -9.5000 7.9630 28 187 102
-11.3750 -6.0000 3.1520 197 99 143
12.6875 7.0000 6.3350 158 194 175
7.2500 10.5000 6.1260 163 156 176
14.0000 23.5000 14.7040 38 98 73
0.3750 24.0000 10.7470 70 89 80
23.2500 21.0000 11.1170 21 154 94
-0.9375 -9.5000 15.8780 27 49 110
18.0625 -13.0000 1.8840 134 215 82
0.3125 8.0000 5.8660 147 166 174
-1.7500 19.0000 11.9210 88 82 29
-3.8125 -16.0000 16.7400 37 61 123
18.3750 15.5000 13.8720 9 159 60
18.6250 -1.5000 6.5890 107 228 143
-3.6875 8.0000 4.7560 164 209 131
-13.5000 3.5000 2.9400 189 79 153
23.4375 -3.5000 6.5430 95 235 136
-18.5000 -21.5000 3.2560 228 82 98
6.3125 -19.5000 4.6690 136 254 130
-17.5000 -1.5000 3.0370 195 87 148
16.8125 -17.5000 7.7240 32 205 91
-5.7500 -12.5000 10.5590 34 97 170
-12.6250 -14.5000 3.2970 213 93 125
-7.5000 -6.5000 3.1150 193 107 144
-20.8750 -14.5000 3.3630 197 96 83
23.8125 13.5000 11.4010 27 167 88
1.8125 -21.0000 6.8110 102 165 173
20.0000 -21.0000 3.1720 181 192 69
-2.3750 17.5000 5.8090 148 160 150
-8.0000 11.0000 6.9780 68 141 124
-23.7500 -16.5000 6.0210 77 137 229
-16.1250 16.5000 5.2300 160 186 145
-3.0000 5.5000 17.7350 54 40 65
0.8125 -12.5000 12.6050 22 103 94
4.6250 5.5000 14.6160 75 65 50
-18.8750 -14.0000 3.3840 202 103 91
11.1250 4.0000 6.3330 138 196 170
1.6250 0.5000 16.9210 41 60 74
-16.8125 8.0000 2.8280 173 85 155
-11.0625 14.5000 5.6540 137 174 153
7.6875 2.0000 10.8530 52 115 63
-1.5000 6.5000 10.8810 73 77 71
20.6250 -10.0000 2.0350 145 239 99
7.9375 -15.0000 14.9940 28 136 35
10.8125 6.5000 6.3210 154 161 178
8.8750 -17.5000 15.6580 21 150 21
3.5000 3.0000 16.1430 57 47 53
-16.8125 16.0000 5.6380 127 165 158
3.6875 4.0000 15.1520 72 56 45
-6.8750 23.0000 5.2400 173 183 132
4.0000 -20.0000 6.3690 113 164 172
22.8125 -4.5000 2.0940 179 198 95
15.6250 22.5000 14.2250 10 143 72
-14.4375 16.0000 5.4620 151 172 137
1.4375 21.5000 10.2260 67 97 87
3.6875 -14.0000 18.5980 42 67 49
-18.1875 -18.0000 14.2690 24 30 150
5.1875 23.5000 7.5400 72 115 147
-23.0625 -16.0000 11.6640 25 71 161
-6.1875 -8.5000 3.1610 206 89 122
3.8125 -2.0000 6.5530 61 135 202
8.6875 -8.5000 9.0230 15 190 93
7.6875 -9.5000 13.4150 22 115 57
-16.1875 -10.5000 3.2310 204 77 112
-0.4375 23.0000 10.4380 62 98 83
-23.1250 -21.5000 9.1170 40 118 168
-15.5625 -14.0000 3.3250 209 91 103
5.3750 -12.0000 15.2180 28 117 51
-20.9375 2.5000 3.0300 194 92 139
-13.0625 -15.5000 3.3420 214 102 116
5.8125 -22.0000 20.0750 37 71 64
-19.3125 24.5000 5.2770 195 158 137
6.8125 -17.0000 13.2750 39 139 52
-20.4375 -1.0000 3.1000 198 90 148
13.6250 20.0000 14.3770 29 75 87
-13.5000 1.5000 3.0220 196 78 145
24.8125 21.5000 0.1950 145 116 6
-16.5000 -17.0000 3.4890 200 120 92
20.1250 -18.5000 2.5770 146 179 110
6.6875 0.5000 12.7150 34 106 55
5.3750 15.5000 11.0000 85 82 50
12.6875 8.5000 6.3030 160 194 181
-19.9375 -23.0000 19.9930 36 23 127
-4.0625 -16.5000 14.7770 43 59 130
2.5000 -3.5000 8.4570 24 136 188
9.6250 -3.0000 2.5790 158 119 93
9.1875 0.5000 7.5180 53 170 108
-5.4375 15.0000 5.7060 169 158 159
7.8750 9.5000 6.1980 162 159 165
-7.6875 -0.5000 3.0020 199 82 123
24.0000 20.0000 3.0020 181 157 64
-8.2500 -19.5000 3.3570 230 105 107
7.0000 -5.0000 12.1560 14 117 111
-20.7500 -4.5000 3.2270 202 94 122
-5.5000 7.5000 4.7080 148 220 127
17.8750 -15.0000 6.6060 36 232 151
-22.0625 11.0000 2.9470 210 82 143
-16.6250 -7.0000 3.2610 201 95 124
-21.9375 23.5000 5.2390 191 169 135
7.1250 -20.5000 19.0280 40 79 49
13.8750 -16.5000 6.3800 65 222 104
22.0625 6.5000 15.3480 68 94 24
1.5000 2.5000 8.4530 73 109 110
-8.4375 -21.0000 3.4080 229 115 112
-21.5625 -21.0000 20.1890 30 24 125
-18.3125 -20.5000 15.8660 28 40 135
-7.6250 -11.0000 3.1750 199 74 123
-8.3125 -20.5000 3.3340 231 96 118
-17.1250 -11.5000 3.2530 204 80 120
2.6250 12.5000 6.0130 158 158 175
-11.6250 21.0000 5.4420 187 161 157
-23.8125 -6.5000 3.2710 191 78 120
-13.5000 -13.5000 3.3190 209 92 114
-11.2500 22.5000 5.4850 178 164 146
16.5625 11.5000 10.3440 67 146 62
-19.9375 -20.5000 20.4020 42 30 125
-24.6250 12.0000 2.9540 198 82 138
10.8750 1.5000 6.1640 127 209 141
17.6875 -19.0000 6.6140 40 230 141
5.7500 -17.0000 13.2710 42 129 68
5.6875 -14.0000 19.4350 39 99 48
8.8125 -13.5000 15.4320 23 132 41
7.9375 -3.5000 4.0800 139 254 63
-14.6875 17.5000 5.3780 167 178 141
-9.8125 8.0000 6.3590 69 154 181
10.2500 -23.5000 3.3450 185 200 0
-4.0625 -19.0000 14.0340 50 57 134
-22.6250 -10.5000 3.3360 207 89 98
13.1875 17.5000 12.4940 43 89 77
15.4375 9.0000 7.4000 94 158 112
-19.2500 -13.5000 3.3770 203 101 92
-24.1875 24.5000 5.1830 204 136 109
-1.3125 2.5000 19.2240 58 56 59
24.1250 16.5000 11.1800 29 157 83
2.3750 -15.0000 15.2590 45 73 70
20.5000 15.5000 17.2040 23 123 52
4.7500 -12.0000 15.2550 26 106 40
5.8750 6.5000 6.1390 146 178 159
-4.8750 -23.5000 7.2570 70 115 213
18.3125 19.0000 5.2570 80 254 165
-9.4375 -19.0000 3.2990 237 88 113
-21.7500 -16.0000 3.3520 216 99 67
-24.3750 17.5000 5.6360 130 162 147
-11.0000 25.0000 8.6440 115 121 92
-1.3125 -15.0000 16.8870 38 62 96
-4.3750 -19.0000 13.6850 45 54 141
-9.5625 -7.5000 3.1580 201 87 132
0.6875 -12.0000 17.2350 35 49 85
-14.8125 -15.0000 3.3940 210 98 98
10.2500 10.5000 6.3500 152 175 174
8.3750 -14.5000 11.8690 29 146 62
3.6250 15.0000 10.6090 97 95 80
1.0000 -2.0000 4.8450 102 214 200
0.5000 -6.0000 8.9580 30 119 172
-16.9375 3.5000 2.9500 181 85 165
-2.9375 -24.0000 6.6370 82 131 200
-20.1875 -20.0000 16.3840 37 47 121
-0.3750 -5.5000 7.9370 34 139 195
8.3125 15.0000 11.7950 61 90 86
20.2500 24.0000 4.4770 99 254 116
24.4375 -5.0000 6.2000 106 223 138
-5.3125 -6.0000 3.0870 189 99 134
-6.5000 -18.5000 6.7070 83 131 247
24.1875 -18.0000 3.1790 177 166 47
16.3125 13.5000 12.0860 45 143 46
2.6875 -17.0000 16.2310 54 81 63
-12.9375 10.5000 10.4160 34 98 124
-15.6250 -18.5000 3.3330 223 99 115
22.9375 -11.5000 1.9640 146 164 93
-6.0625 23.0000 9.2950 70 104 77
-13.0625 23.0000 5.3520 184 171 157
25.1875 5.0000 18.2820 68 127 41
-3.6250 -11.5000 14.7660 38 42 119
21.5625 -19.5000 2.5500 140 155 135
-16.1250 1.5000 3.0390 199 81 149
-0.8750 -1.0000 3.0240 203 64 131
2.5000 -15.0000 14.2860 45 76 73
19.5625 21.5000 5.7750 71 254 121
22.8125 -19.0000 3.4670 180 220 26
-5.2500 -18.0000 14.6660 47 45 143
11.3750 -10.0000 5.8840 69 251 118
21.2500 -5.0000 1.3810 168 146 77
-2.4375 5.0000 18.5960 59 34 54
-17.0000 -24.5000 12.3580 46 62 135
0.5625 -9.5000 16.4330 23 43 102
2.1250 13.5000 5.9340 161 164 179
11.3750 -1.5000 1.6430 168 113 58
17.3750 -14.5000 6.9660 47 213 124
-22.8125 -8.5000 3.3610 199 99 100
9.5625 -16.0000 14.7960 30 126 35
21.5625 -5.5000 2.6940 171 205 116
-20.3750 -6.5000 3.2400 201 80 113
-17.9375 -23.0000 13.0880 34 69 140
16.1250 14.5000 9.5810 48 169 66
-13.5000 3.0000 2.9970 192 84 145
11.3750 14.0000 10.5270 73 116 93
24.5625 -18.0000 3.2500 175 173 37
13.0000 7.5000 6.3690 156 193 175
-11.3125 20.0000 5.4550 187 151 155
-6.8125 3.0000 3.6780 187 206 36
-15.9375 15.0000 5.5770 126 170 154
12.2500 15.5000 10.2480 59 109 90
-23.1875 -21.5000 6.2720 76 143 217
-8.2500 -10.5000 3.1960 202 90 124
17.6250 13.0000 7.4700 61 180 111
13.6875 14.0000 12.7050 66 106 64
-24.2500 -20.5000 9.3170 43 114 163
-1.8125 -8.0000 3.0830 195 64 102
19.0000 15.5000 17.3350 14 136 60
-4.6875 20.0000 10.0920 90 106 39
6.8125 -14.0000 20.5860 35 94 35
-6.8125 -16.0000 13.6610 42 50 154
-1.3125 10.5000 5.8640 160 174 176
1.7500 25.5000 3.8330 185 164 18
5.0625 -5.0000 12.3270 21 90 120
-0.6875 0.0000 4.0410 140 224 93
19.8125 17.5000 4.1050 132 254 56
10.7500 4.5000 6.2970 134 190 176
-18.0625 2.5000 3.0400 193 86 141
15.6875 6.5000 6.4170 144 209 144
23.6875 -14.5000 2.8620 166 157 90
-18.0000 -7.0000 3.2260 206 85 120
10.6875 -3.5000 9.5110 20 181 92
8.3125 8.0000 6.2720 154 165 189
-20.3750 -20.5000 16.3840 36 49 119
-0.2500 -0.5000 3.5790 186 191 40
2.4375 10.5000 6.0540 159 154 178
25.1875 9.5000 17.4660 54 118 41
9.1875 -9.5000 13.3840 11 145 47
-4.6250 -11.0000 12.5310 33 72 147
7.1875 -12.0000 15.0320 23 119 43
17.3125 5.5000 6.4320 142 242 161
15.2500 19.5000 16.1880 16 107 67
8.0000 23.5000 3.8620 183 169 54
3.1250 6.0000 13.7440 73 77 60
-14.6875 5.0000 7.0760 36 147 217
-2.0625 -20.0000 15.3890 48 48 115
-3.6875 2.5000 17.4280 39 60 83
-21.5000 4.0000 3.0020 188 94 133
21.9375 23.5000 8.8030 22 194 97
-15.6250 -20.0000 3.3690 220 109 109
6.1875 3.0000 13.4590 48 72 57
9.1250 5.5000 7.9270 91 138 144
19.9375 -5.5000 1.8740 169 209 72
4.8125 3.0000 12.9580 54 87 52
12.5625 14.0000 11.0300 65 113 86
11.9375 -12.5000 5.7690 65 235 146
-20.3750 -15.5000 6.7530 51 124 224
20.5625 -13.5000 2.7610 154 171 123
14.1875 22.5000 15.9280 36 63 74
19.3750 -18.0000 4.2100 112 254 85
5.0000 1.0000 12.8610 51 80 66
-17.3750 13.0000 7.7430 46 129 141
-1.3750 -9.0000 14.4490 35 62 119
-6.8125 12.5000 5.7890 153 178 162
-14.6250 -12.0000 3.2520 209 77 111
3.1875 22.5000 10.2050 54 83 103
10.4375 -23.0000 3.5810 173 242 0
-1.1250 10.0000 5.9560 152 175 172
-9.3125 25.0000 8.4820 118 103 83
6.9375 4.0000 5.8240 139 172 163
11.4375 0.0000 4.6790 127 254 100
-5.3125 17.0000 5.6490 171 155 160
-12.6875 -2.0000 3.1050 204 92 134
-9.0625 -11.5000 3.2220 210 86 124
-13.1250 25.0000 8.7940 129 106 91
8.1875 -7.0000 8.8230 20 191 98
-4.6875 -23.5000 7.0590 72 120 214
-14.7500 8.0000 9.1380 17 131 168
18.8125 -1.0000 6.5780 109 229 148
24.9375 3.0000 20.2190 98 91 48
19.6250 18.5000 0.3070 152 100 8
10.2500 6.5000 6.2850 153 163 182
0.1250 2.0000 16.5540 53 51 49
-7.3125 -6.5000 3.0340 184 87 155
3.3125 -3.0000 10.7030 12 96 167
-13.9375 -11.0000 3.2300 200 79 114
1.2500 -11.5000 15.4010 32 50 84
11.5625 0.0000 4.4520 155 254 85
-19.8125 6.0000 2.9690 181 102 141
-8.6875 22.0000 5.3780 167 195 134
11.1875 21.0000 3.6140 198 144 23
22.6250 7.5000 15.8020 57 100 27
5.0000 -2.0000 10.7380 22 105 131
21.6250 -9.5000 2.4880 155 196 132
15.1875 10.5000 8.7190 74 157 64
-20.6250 -20.0000 19.2080 37 32 114
7.6875 -17.5000 19.8910 39 95 34
-16.1875 8.5000 7.1780 33 157 200
17.0625 7.0000 6.5580 130 213 161
24.3750 -20.5000 3.0250 171 148 71
-3.8125 25.0000 9.8460 76 112 60
-5.4375 16.0000 5.6940 169 153 159
0.5000 11.0000 6.0230 155 174 168
15.3125 -18.5000 4.4480 105 254 94
-15.1875 -18.5000 3.4380 214 122 96
6.8125 25.0000 5.1580 122 145 181
-18.9375 -6.0000 3.1380 201 70 143
17.1875 18.5000 14.7080 20 143 49
18.6250 17.0000 17.7180 8 132 68
13.7500 15.5000 13.1370 53 100 62
-17.5000 24.0000 5.3020 190 156 141
-15.2500 5.5000 10.1090 10 105 180
7.5000 -18.5000 21.5490 49 73 45
6.2500 -20.0000 21.9120 57 72 48
-21.4375 6.5000 2.9230 185 84 145
-7.0625 -4.5000 3.0860 190 95 153
-6.0000 9.0000 5.4110 122 171 168
12.4375 -21.5000 0.8620 142 144 23
-6.0000 -16.0000 14.7720 38 46 147
-22.6250 14.0000 6.8820 77 147 162
1.3125 9.5000 6.0250 155 165 149
20.6250 -2.5000 6.6090 111 218 117
1.8125 -7.0000 9.5870 32 111 160
-9.0000 -19.5000 3.3830 231 111 107
4.9375 -0.5000 14.3570 34 86 78
6.5625 4.0000 5.7820 139 174 166
16.2500 15.0000 7.9490 52 175 99
-6.6250 0.0000 3.0030 193 82 151
-13.9375 8.0000 2.9430 192 76 106
-15.3125 23.0000 5.3340 191 157 162
23.5000 -8.0000 2.8160 181 185 84
-23.6875 2.0000 3.0230 184 91 151
-15.8750 -8.5000 3.1660 197 68 132
-3.5000 8.0000 15.6910 63 42 50
7.6250 -4.0000 12.6060 9 109 112
18.1875 12.5000 7.7410 56 192 99
6.9375 14.5000 11.8900 77 87 74
10.8125 25.0000 3.6910 189 153 36
-19.6250 22.5000 5.2500 191 160 153
0.4375 -10.5000 17.3990 29 39 96
-14.7500 13.0000 11.0410 38 92 84
-15.6250 -1.0000 3.0810 205 90 142
-6.0000 12.5000 5.8260 152 178 155
22.2500 -0.5000 6.5580 111 235 181
5.5000 -16.5000 19.2190 42 103 41
21.6250 8.0000 15.5330 59 103 30
22.3750 -10.5000 1.9170 169 150 85
1.3750 3.5000 16.5570 73 42 27
8.6875 10.5000 6.1380 159 183 184
-16.2500 -17.5000 3.5020 200 126 90
7.1250 -9.0000 14.9590 19 105 50
8.7500 1.0000 9.6600 61 137 90
1.7500 -16.0000 13.6440 50 75 90
4.6875 6.5000 6.0270 153 166 145
20.6875 -4.5000 1.1580 171 132 57
7.7500 5.0000 6.2310 136 168 147
1.0000 -14.5000 15.6920 38 72 76
-10.6875 -13.0000 3.2190 211 79 120
2.1250 20.5000 11.3510 65 94 72
20.6250 2.5000 6.5540 135 217 196
-7.3750 22.5000 5.3080 171 178 133
-18.6875 -2.0000 3.1490 204 91 129
19.0000 -0.5000 6.4670 115 235 149
19.2500 22.0000 8.0800 19 198 119
-10.2500 21.0000 5.3700 188 169 144
7.7500 9.0000 6.1820 162 160 166
-2.8125 0.5000 14.1520 18 73 139
16.1250 -15.5000 7.2450 33 218 115
18.8125 -17.5000 5.7860 61 231 157
-20.4375 -18.5000 13.1660 24 69 136
8.6250 -11.0000 11.4770 19 147 63
14.3125 4.0000 6.4110 140 204 184
14.1250 21.5000 15.8640 39 75 68
8.4375 20.0000 10.6020 50 81 126
2.8750 -10.0000 14.8430 27 68 84
23.3125 3.0000 19.6060 86 91 54
5.3750 -19.5000 22.1360 52 60 70
-11.8750 23.5000 5.5230 174 162 152
-22.0000 -5.0000 3.2210 205 86 123
13.6875 2.0000 6.4820 120 207 134
0.5625 6.0000 10.2620 74 99 84
-1.8750 22.5000 10.9110 75 83 63
16.5625 21.0000 15.9940 10 128 67
23.7500 15.0000 12.1460 26 157 75
-7.3125 -4.0000 4.3470 111 234 189
0.1875 -4.5000 8.0750 20 137 205
-2.7500 -18.5000 11.6600 48 90 138
6.0625 22.0000 3.6900 197 154 24
13.0625 9.5000 8.6110 102 97 89
23.5625 12.5000 12.5400 25 151 79
-10.0000 14.5000 5.6810 149 160 165
0.6250 -19.0000 3.9050 196 217 66
-12.8750 -10.0000 3.2440 209 90 118
-9.8125 -19.0000 3.3310 235 95 114
9.4375 5.5000 7.9130 91 138 144
-14.3125 12.5000 3.8000 173 204 7
-11.6875 -7.5000 3.1920 204 100 128
-3.7500 -10.5000 14.7530 29 52 133
21.1875 -13.5000 2.8130 163 161 111
-17.8750 -23.5000 12.8610 45 61 137
12.7500 -0.5000 0.8540 189 117 16
-3.7500 -17.5000 14.3180 50 54 133
19.8125 22.0000 3.5400 166 254 5
5.1875 -6.5000 16.2190 29 72 84
-23.9375 -7.5000 3.2620 191 86 121
-15.4375 6.0000 11.5340 10 99 161
-23.0000 -6.5000 3.3240 199 91 106
23.9375 14.0000 0.3010 150 96 19
-16.7500 -6.0000 3.2460 200 102 127
-23.1875 -21.0000 17.0510 35 53 138
-2.1250 -2.5000 4.8570 97 208 214
19.8750 0.5000 6.5190 147 211 157
20.8125 6.0000 14.7160 86 130 51
-2.6250 -17.0000 14.3640 42 61 119
20.5625 -11.5000 2.4670 133 246 114
23.7500 23.5000 8.6960 30 191 91
-2.8750 17.0000 5.6930 152 165 157
-5.6875 -17.0000 15.2080 48 47 136
-21.9375 -1.0000 3.0780 205 82 154
-21.8125 20.0000 5.1450 154 201 148
-18.9375 -22.0000 15.7790 27 42 132
11.6875 22.5000 3.6390 191 185 17
-14.3125 22.5000 5.3000 192 156 151
1.0625 -13.5000 15.5390 38 59 80
2.3125 -4.5000 3.1730 196 80 86
1.7500 -11.0000 14.6750 27 66 91
18.0000 -1.5000 6.6020 108 225 143
18.1250 -22.5000 2.9200 169 171 94
2.3125 1.5000 18.1760 57 56 58
8.1250 2.5000 6.5550 90 195 150
7.1875 -17.0000 12.1720 42 139 55
11.6250 -13.0000 7.9760 25 203 101
-10.3125 24.5000 8.9250 111 121 86
-22.8125 23.5000 5.2250 192 163 130
19.1875 18.5000 16.1420 10 144 66
2.1875 -13.0000 15.1960 25 90 62
21.1875 -24.0000 3.5440 161 229 37
-12.6875 -4.0000 3.1420 205 94 137
-4.5625 -1.0000 3.0060 190 86 149
25.0625 3.0000 19.9780 97 94 48
-21.8125 13.5000 7.3740 68 146 147
-24.1875 22.0000 5.1690 176 165 134
7.1875 4.0000 5.9270 137 168 159
-16.1875 -14.0000 3.3670 208 95 100
-22.1875 21.0000 5.2310 167 180 140
-9.0000 12.0000 6.3630 90 152 148
-0.3750 24.5000 10.3950 67 100 71
-21.0625 0.5000 3.0410 203 75 150
-9.8125 12.0000 7.2990 72 148 121
15.0625 19.0000 16.2650 19 108 66
-5.9375 5.0000 6.4110 74 149 178
18.7500 14.5000 14.9180 14 142 60
-1.8750 -20.0000 15.4740 49 49 113
-4.0000 20.5000 9.9510 91 99 50
-19.6250 4.5000 2.9690 186 88 138
5.5625 2.0000 5.2740 131 213 140
-24.6250 -9.0000 3.2930 190 91 119
-10.5625 6.0000 4.1550 124 223 141
3.8125 -18.5000 17.7050 64 74 63
-2.4375 2.0000 17.6380 38 59 76
-11.6250 -22.0000 3.5780 204 170 84
12.9375 2.0000 6.4660 119 211 139
19.3125 -8.0000 0.8700 158 128 14
21.1875 14.5000 16.0740 9 129 81
2.3750 -20.5000 6.6770 109 164 180
-5.2500 -0.5000 3.0510 196 87 140
0.0625 -24.0000 4.0190 179 198 79
-18.6250 -11.0000 3.2810 205 82 104
-9.9375 -9.0000 3.2370 203 94 132
7.7500 -9.5000 9.1870 32 157 94
7.3750 22.0000 8.8760 53 82 139
16.8125 20.5000 15.1020 22 125 64
-4.6250 23.5000 9.7820 71 118 66
-8.1250 9.0000 6.3250 93 134 158
5.8750 -5.5000 6.6970 46 180 180
4.4375 -17.5000 15.6120 66 82 57
-2.6250 12.5000 5.7980 164 164 176
-18.0625 -8.0000 3.1880 203 78 124
10.8750 -12.0000 8.9680 20 207 86
13.1875 23.5000 13.8850 34 64 87
19.8125 22.5000 0.1340 134 78 20
19.0625 25.5000 13.8910 32 169 60
-1.0000 -17.0000 13.9180 37 81 107
-15.5000 -20.0000 3.3590 217 104 113
10.7500 7.5000 6.3110 153 161 179
17.8125 8.0000 6.5040 116 246 147
-24.5625 4.0000 3.0240 173 108 162
-5.1250 -21.5000 3.3280 231 89 96
13.7500 -23.0000 5.7340 67 244 133
-6.8750 -10.5000 3.1870 210 84 104
21.5000 0.0000 6.4660 121 241 182
8.1875 7.0000 7.8030 118 135 161
21.5000 -23.5000 3.5610 162 231 42
-24.6250 -16.0000 8.9160 46 99 177
3.3125 -20.5000 6.4800 110 163 188
-24.6875 -11.0000 3.3390 192 99 118
11.5000 -13.5000 8.0460 28 176 101
1.2500 22.0000 13.1050 71 55 46
10.5000 20.5000 3.5960 198 142 23
1.1250 -0.5000 11.4920 26 105 124
24.3750 -5.5000 4.6510 130 254 113
8.8125 -5.5000 8.7930 14 205 101
14.0000 16.5000 12.4660 47 94 71
21.1250 23.5000 9.3900 28 186 81
-16.3125 20.5000 5.4110 182 156 148
-21.0625 -2.5000 3.1310 205 74 146
-22.4375 15.5000 7.2640 78 136 148
4.8125 -22.5000 8.0910 81 151 125
-19.1250 20.5000 5.3100 173 170 144
20.5000 -4.0000 1.3960 168 147 69
23.8125 1.0000 6.4800 132 228 176
17.4375 -18.5000 5.4120 71 254 136
6.6250 5.5000 6.1960 138 173 158
18.8125 18.0000 16.1620 13 143 64
-4.5000 -3.0000 3.0560 189 97 138
-18.0000 -23.0000 3.4410 211 121 71
1.9375 -11.0000 14.7180 28 70 91
4.8750 16.5000 13.0950 67 71 48
21.5625 -10.5000 2.2170 160 178 125
-11.8125 -17.0000 3.3640 214 103 119
-16.6250 -16.0000 3.4010 205 97 97
0.9375 -22.5000 6.9930 87 144 176
0.6875 7.0000 5.9690 141 161 164
-12.5625 21.0000 5.4000 190 166 150
-20.2500 9.5000 3.0770 205 92 112
-20.0625 -3.0000 3.0890 199 83 153
-2.1875 6.5000 15.3240 54 45 47
-0.5625 9.5000 5.9710 154 165 173
4.1875 -19.5000 9.2330 86 135 104
12.8125 -12.5000 8.1420 20 203 96
-19.1250 9.5000 2.9120 182 91 145
-18.5625 -21.5000 16.1260 25 38 135
6.7500 -16.0000 19.0770 33 102 36
-15.8750 -16.5000 3.4340 206 108 90
-13.3750 -14.0000 3.3610 208 108 120
-10.9375 12.5000 7.2100 68 131 117
-20.0000 -20.0000 16.3860 36 36 138
-12.5625 -1.5000 3.1140 206 93 133
16.0000 7.5000 6.5230 136 202 136
0.4375 -9.0000 13.6320 22 63 119
-4.0000 -10.0000 14.5810 28 53 140
-21.5625 5.0000 2.9530 185 92 145
-18.4375 -22.0000 15.6800 26 42 130
23.7500 -4.5000 2.7690 176 218 108
6.6875 -23.0000 10.2820 44 151 88
-2.3750 -8.5000 3.0270 200 68 114
-1.5625 17.5000 9.8570 75 110 72
20.1875 -10.0000 2.2990 150 254 83
8.9375 -7.0000 11.5860 8 152 64
-10.0625 19.0000 5.5350 182 149 164
16.3750 5.0000 6.4730 129 240 183
-3.1250 4.0000 18.7060 61 35 55
19.0625 20.0000 5.4570 76 254 167
10.1875 -4.5000 8.8920 17 202 100
4.0625 6.0000 12.8460 78 77 57
15.4375 10.0000 5.6640 148 250 135
23.5625 12.5000 12.6540 24 149 80
10.4375 25.5000 5.8230 99 161 172
16.8125 0.5000 6.5240 125 217 139
-22.5625 12.5000 2.9830 203 82 125
-12.4375 -8.5000 3.1580 200 78 138
0.3750 2.0000 18.0240 55 41 52
-23.7500 19.5000 8.4630 97 120 94
11.6875 -6.0000 0.7970 163 113 0
21.5000 -8.5000 2.0790 173 188 90
10.0625 24.5000 4.9650 125 172 175
-13.8125 9.5000 6.1450 72 143 183
-19.7500 -17.5000 6.6070 61 119 230
22.2500 17.5000 14.1040 11 146 71
-17.8125 16.0000 5.0980 135 204 141
9.5625 -5.0000 3.7270 162 254 0
2.3750 -8.0000 4.1600 128 231 115
2.7500 -12.0000 14.9450 22 90 62
-22.3750 -4.0000 3.2640 206 96 120
4.0000 -10.5000 11.4210 25 109 101
22.7500 -15.5000 2.2260 139 138 118
-20.8750 1.5000 3.0740 199 95 129
12.1875 12.0000 9.7060 79 109 85
-16.5625 -2.5000 3.0700 189 100 161
10.8125 -6.0000 1.2510 155 123 50
18.3125 15.5000 16.4750 11 136 53
-22.8125 -19.5000 3.9680 141 203 110
18.7500 23.0000 11.8290 6 171 78
20.4375 9.0000 8.4840 90 138 67
-11.8125 -21.0000 3.3680 230 93 94
9.6250 -11.5000 9.6590 23 173 80
21.9375 -4.0000 2.0750 176 204 103
17.3750 -21.5000 2.6970 138 215 80
-7.8125 -15.5000 3.1470 215 69 118
24.8125 17.0000 9.8600 39 164 80
20.0625 -16.0000 4.9330 79 254 137
13.0625 0.5000 1.3400 206 146 18
16.3125 -19.5000 6.1110 41 254 141
7.6250 -6.5000 15.4650 25 70 66
-14.8750 -3.0000 3.0590 195 88 160
4.6875 22.5000 10.0590 60 81 98
6.3750 1.0000 13.1180 46 78 57
7.1875 -6.0000 12.9800 21 91 91
2.9375 0.5000 17.8750 43 61 65
6.6250 19.5000 11.5480 46 69 100
-16.9375 7.0000 7.7480 30 142 193
15.1875 -22.0000 0.8590 148 107 1
23.3750 23.5000 8.7740 26 193 92
-17.0625 -21.5000 13.6120 30 61 136
2.5000 -2.5000 3.1370 196 91 116
10.3750 -10.0000 8.2150 27 188 93
-2.2500 24.0000 10.5860 76 88 63
12.9375 22.0000 14.2100 31 64 87
-21.3750 9.5000 3.0010 212 82 131
-14.3750 -18.5000 3.2450 223 87 129
-1.6875 20.5000 12.0500 86 95 36
16.8125 19.5000 15.2140 21 123 61
20.7500 21.0000 5.3850 82 254 147
14.8750 13.5000 12.2400 49 140 50
5.1875 -6.0000 15.6030 21 77 90
-16.8750 -6.0000 3.2360 200 100 128
12.8125 -15.5000 7.2710 40 213 119
24.6875 7.0000 19.7480 84 115 33
10.6875 18.0000 7.7710 60 140 130
-22.4375 0.0000 3.0830 198 85 160
-20.6875 0.5000 3.0480 200 77 149
-18.2500 -6.5000 3.2200 206 84 123
16.5000 0.5000 6.4740 127 222 140
4.6250 16.0000 12.0410 82 81 33
-1.6875 0.0000 4.1800 149 226 95
-7.1250 9.0000 7.8940 74 119 115
12.8750 11.5000 8.2580 92 111 90
4.6250 -17.0000 18.7300 66 69 62
-23.7500 10.0000 3.0250 196 104 151
7.4375 -17.0000 20.9830 40 85 36
-19.6250 10.5000 2.9340 189 74 134
-5.6250 -20.0000 6.3470 99 117 249
14.0000 21.0000 13.1660 36 86 83
21.4375 -14.0000 2.9140 170 178 102
-2.3750 -22.5000 5.9040 88 153 228
-22.6250 -2.0000 3.1160 193 97 156
-1.6250 -11.0000 16.5410 36 38 105
-20.3750 -16.5000 10.4590 34 84 170
-13.5000 8.0000 2.9930 186 79 109
-17.3125 -21.0000 13.7730 29 58 137
20.8750 12.5000 5.1670 102 254 156
-10.1875 -19.0000 3.3020 233 86 120
-12.7500 24.0000 5.4990 178 157 152
3.3750 -12.5000 14.8530 19 91 59
13.9375 9.5000 9.4890 112 117 61
-15.0625 -23.5000 3.6430 179 170 82
-22.0625 -17.5000 13.5400 22 68 136
4.0625 -14.5000 18.7040 50 69 49
-14.9375 -7.0000 3.2180 205 94 123
-5.7500 -2.0000 3.0930 201 90 135
1.5625 11.5000 6.0080 159 158 168
-12.7500 -2.5000 3.0950 194 105 148
3.6875 -13.5000 13.1170 16 115 70
-12.5625 -23.5000 3.8470 164 186 115
22.6875 6.0000 15.4830 77 96 47
21.1250 10.0000 12.0490 29 158 74
-20.1250 -24.0000 13.5790 40 70 135
3.0000 -17.5000 16.4520 70 79 71
5.1250 -23.0000 19.8110 53 65 62
-1.3125 -4.5000 8.3260 22 129 200
11.2500 -23.5000 5.8440 80 251 115
-6.3750 -21.0000 3.3720 230 96 96
-24.5625 -18.0000 7.3680 59 113 205
3.1250 -15.0000 18.9240 51 54 65
-10.0625 -9.5000 3.2370 207 94 129
-22.3125 5.0000 2.9680 186 92 145
20.5000 11.5000 10.6260 32 186 90
18.3125 -14.5000 6.0700 51 243 155
17.8125 -22.0000 2.0800 136 148 97
-6.1875 2.0000 3.5670 197 187 28
-16.6250 8.0000 7.5160 31 156 192
-18.3125 8.0000 4.9030 87 246 220
-1.6250 0.5000 17.1840 39 64 78
9.5625 19.0000 9.2260 51 95 128
-3.5000 -16.0000 14.8510 37 57 124
-19.4375 7.0000 2.9550 188 88 128
18.8125 21.5000 15.4250 9 140 61
-5.5625 -18.0000 14.1120 43 56 147
-14.1250 10.0000 6.2440 69 159 182
-21.7500 8.0000 2.9430 198 94 151
-16.4375 21.5000 5.3740 194 160 145
7.8125 1.0000 11.6340 42 115 59
-21.9375 -20.5000 20.1990 33 26 127
-18.6875 -1.5000 3.0650 203 83 144
-24.3750 -5.0000 3.2810 188 101 136
14.1250 6.0000 6.3770 148 198 153
-5.0625 6.0000 5.0930 120 189 160
7.0625 -0.5000 14.4160 19 93 82
1.6250 -9.0000 5.3750 87 219 180
-13.6250 19.5000 5.4320 185 149 156
-10.8750 0.5000 3.0530 197 83 134
7.4375 -20.5000 17.8870 42 87 49
-0.1250 7.0000 9.8890 85 88 89
-9.3125 -9.0000 3.2190 204 92 132
1.3750 9.0000 6.0070 154 166 148
-3.9375 -7.0000 3.0970 201 77 106
10.8750 20.5000 3.5970 185 151 18
1.5000 22.0000 9.6770 62 92 87
-5.8125 11.0000 5.5520 155 193 167
9.2500 -3.0000 10.5330 17 150 100
23.5000 -1.5000 6.4730 120 237 158
-23.5000 15.0000 6.8290 84 144 161
-12.6250 -19.0000 3.3180 222 95 127
-8.8750 9.0000 5.3850 102 185 181
13.1250 12.5000 11.1860 78 132 66
-7.3750 7.5000 6.0570 92 141 177
-15.6250 3.5000 2.9900 190 88 154
-0.5000 3.5000 16.2170 63 54 50
5.7500 14.0000 10.8900 85 97 88
-19.0625 8.0000 2.9190 189 87 137
-13.5000 -3.5000 3.1200 199 90 147
2.0000 1.0000 17.4970 48 53 68
-4.0625 -15.0000 15.8100 39 67 126
8.4375 -18.0000 9.7720 44 182 72
10.6250 0.0000 5.2680 101 233 145
-19.6875 -10.5000 3.3370 201 91 101
20.8750 -23.0000 3.3430 185 204 40
12.5625 18.0000 11.2760 51 90 92
-8.8750 15.0000 5.6610 158 163 161
-4.1875 25.5000 10.1440 78 107 58
-10.3750 22.0000 5.4300 185 163 140
12.2500 6.0000 6.3490 153 181 187
-19.5000 -1.5000 3.1370 203 88 135
10.3125 -3.5000 9.6950 17 175 94
-6.6875 -10.0000 3.1810 212 85 107
-3.0625 -16.0000 16.5220 32 63 118
6.3750 0.0000 13.2620 23 102 80
-11.2500 -24.0000 3.6160 186 155 89
-1.1875 23.5000 10.3990 62 107 74
-23.0000 22.5000 5.1530 189 167 126
3.2500 -18.5000 3.9900 189 227 43
17.8125 -18.5000 5.1910 76 254 154
11.6250 20.0000 6.8540 61 163 168
-20.1875 17.5000 6.8800 90 126 115
12.7500 21.0000 7.6070 50 144 152
-17.9375 24.5000 5.2760 197 151 141
2.6250 7.5000 6.0600 148 170 167
4.1875 -6.5000 15.3230 21 66 107
9.6250 -0.5000 13.4250 15 129 61
-5.6250 4.0000 14.9720 39 54 88
-20.8125 -23.0000 20.6970 43 25 110
-3.8125 -21.0000 3.4640 219 130 83
4.2500 -2.5000 12.2230 29 89 119
4.5625 5.0000 14.6570 73 63 48
-23.2500 24.5000 5.1330 204 152 114
23.1250 -0.5000 6.5520 115 234 174
8.5000 -19.0000 12.9770 30 135 60
13.0000 8.0000 6.3400 157 194 178
6.3750 -8.5000 15.9620 19 105 55
-8.6875 -7.5000 3.1430 199 90 132
-11.1250 10.5000 9.7680 43 97 114
-3.5000 18.0000 9.8280 101 90 41
-16.3125 24.5000 5.4150 189 149 135
-13.7500 23.0000 5.3300 189 165 138
-6.3125 8.0000 5.2530 122 188 172
11.7500 -1.0000 1.3500 185 133 31
-3.8750 10.5000 5.7820 156 159 169
-23.2500 -16.5000 5.9220 80 143 230
8.0625 -20.0000 11.0600 35 160 85
-11.1875 18.0000 5.5240 184 157 142
-12.6875 14.5000 5.4240 147 191 166
16.6250 -20.0000 2.3100 121 233 85
15.6250 -17.0000 7.5980 20 226 108
-10.5000 -3.5000 3.1110 194 89 144
19.7500 -13.5000 2.8520 147 221 93
-21.0000 0.0000 3.0530 195 86 162
8.5625 -14.5000 14.8860 33 138 39
-0.3125 -3.0000 6.0450 53 162 248
17.0625 5.0000 6.4420 133 241 175
24.8125 19.5000 4.1490 125 251 57
-5.4375 22.5000 10.3140 72 75 59
3.9375 -10.5000 14.7590 29 73 75
-11.7500 -2.5000 3.1120 205 84 136
-0.5000 7.5000 5.6850 152 165 175
1.6875 -21.0000 6.8610 101 164 172
-22.4375 -7.5000 3.3810 200 108 93
10.7500 18.0000 7.7840 60 139 130
3.0625 0.0000 14.5840 26 60 109
24.1875 6.0000 19.7160 82 112 32
-23.5000 9.5000 3.0470 200 106 142
-0.1875 6.5000 5.3530 162 182 152
-12.8750 -21.0000 3.3610 227 90 94
-16.5625 -8.0000 3.2320 195 96 135
-21.3125 -1.0000 3.1090 205 88 147
12.1875 -15.0000 7.3780 42 206 115
-10.5625 8.5000 6.1290 69 164 159
-2.1875 -1.5000 4.9970 89 217 225
23.3750 -16.5000 3.3940 174 204 28
3.6250 14.5000 8.9680 104 103 103
20.2500 14.0000 13.1120 19 156 68
-3.5625 -20.5000 13.6850 42 54 145
-5.3750 17.0000 6.4770 133 141 151
-21.6250 -6.5000 3.3180 205 95 99
-0.0625 24.5000 8.8050 68 118 92
23.5000 1.0000 6.5790 124 221 179
-2.9375 11.0000 5.8540 155 165 173
-4.1250 -22.0000 3.4140 225 117 85
21.5625 24.5000 8.5710 29 188 105
-22.5625 -21.0000 13.9280 33 67 131
-1.7500 8.0000 6.0770 125 144 151
6.3750 2.5000 5.0200 136 236 128
-17.6875 -23.0000 3.4510 208 123 71
-18.3750 -14.5000 3.3950 201 99 87
10.8125 -6.5000 4.3570 119 254 70
-14.7500 8.5000 7.1840 31 154 194
-24.3125 -24.0000 17.4190 66 66 128
3.7500 3.0000 17.9350 55 54 50
-5.0625 -4.5000 3.0930 190 102 139
6.8125 -14.5000 20.5610 35 97 51
22.6875 17.0000 14.1270 11 146 68
-13.9375 -24.0000 5.7870 95 144 228
11.0625 15.0000 9.5890 66 93 106
-15.0625 -14.0000 3.3910 205 106 98
20.5000 17.0000 17.2720 11 144 62
-2.8125 12.5000 5.9070 160 160 175
1.1875 -1.0000 17.2420 21 62 98
-4.8750 9.5000 5.9650 131 141 154
7.0000 -7.5000 15.7710 25 72 66
3.9375 -1.0000 15.3520 24 61 97
11.3750 0.5000 5.7090 135 200 162
-20.1875 7.0000 2.9430 181 87 138
-23.8125 24.5000 5.1900 203 142 113
-21.3125 22.5000 5.2670 184 170 135
-20.3125 11.0000 2.9620 199 90 134
-11.8125 11.5000 12.6800 33 76 92
-7.2500 -19.0000 3.3950 228 105 93
-0.1250 -17.0000 3.5560 214 163 31
20.6250 -11.0000 2.3960 144 234 115
4.9375 -15.5000 18.8430 50 85 41
23.8125 2.5000 19.9740 84 92 58
5.5625 2.5000 12.7480 45 82 59
-0.6250 25.5000 4.0660 179 185 22
21.0625 -22.5000 3.3160 185 197 46
18.8125 1.0000 6.4600 141 193 180
-22.4375 8.0000 2.9450 197 94 153
-12.0000 -6.5000 3.1070 204 88 147
-10.6875 -5.0000 3.0840 190 85 140
-17.6875 -1.0000 3.0390 197 86 150
7.3125 -0.5000 14.2200 20 96 80
13.5000 -23.0000 3.9730 128 254 0
10.7500 -13.5000 10.2690 28 170 66
-17.7500 -14.5000 3.3870 201 92 89
0.3750 6.5000 5.4290 156 178 163
-1.1250 5.0000 17.3950 82 39 46
-0.7500 -5.0000 3.1820 191 94 105
-4.0625 23.0000 10.3740 74 95 69
-20.4375 -12.5000 3.3830 204 102 86
-23.8750 -1.0000 3.1400 190 89 153
24.6875 1.0000 13.2770 84 139 54
14.1875 20.0000 15.1280 30 93 69
6.3750 -2.0000 12.8390 21 105 87
-6.1875 -17.5000 7.1080 77 119 236
11.3125 -11.0000 4.7910 92 254 112
0.6250 8.0000 9.7730 85 87 92
-5.1250 -19.0000 12.8030 45 65 151
1.9375 -1.5000 3.1610 193 79 99
-22.9375 9.0000 2.9660 195 101 152
-11.0000 -1.0000 3.0020 193 90 149
-0.7500 10.0000 6.0100 154 171 160
-5.8125 10.0000 5.3810 155 193 162
-3.5000 22.0000 10.9250 75 84 67
13.4375 6.0000 6.3350 152 178 179
16.6875 22.0000 7.7430 34 190 125
-4.3750 4.0000 15.0950 38 63 80
-20.8750 -18.0000 3.3950 208 119 70
-8.3125 15.0000 5.6770 165 157 137
-4.6250 4.0000 15.6240 39 58 77
12.1875 -13.0000 8.0720 21 203 99
6.8750 -20.0000 10.1610 51 153 90
-11.2500 5.5000 2.9220 184 74 128
-6.6250 25.0000 4.8900 165 194 101
-20.6875 14.0000 5.4840 108 190 185
-24.5000 1.0000 3.0860 181 107 163
5.6875 -7.5000 15.9480 27 71 75
-8.4375 -7.5000 3.1350 197 90 133
12.5000 17.5000 11.9910 45 91 83
-8.1875 20.5000 5.4880 179 150 158
21.9375 -3.5000 7.2360 67 212 136
-7.8750 9.0000 6.4260 91 131 151
20.9375 21.5000 5.3270 83 254 147
17.8125 -0.5000 6.5550 115 225 151
-21.8125 -9.5000 3.3810 207 102 88
12.8750 19.0000 8.5330 41 127 127
8.2500 15.0000 11.8590 60 90 86
15.5000 8.5000 6.5080 136 206 137
17.0000 -15.0000 6.7780 43 230 117
-7.5000 6.5000 7.5290 68 131 144
16.0625 -0.5000 6.6140 92 225 165
18.5000 19.0000 7.0950 34 219 148
-14.0625 -11.0000 3.2830 199 82 109
20.5625 -13.0000 2.6780 151 168 132
-18.6875 -23.0000 14.5620 32 53 133
-1.1250 14.0000 5.9080 163 145 179
0.8125 -16.5000 15.5860 38 72 73
-8.7500 11.0000 8.5930 56 108 106
-19.0000 -21.5000 7.4750 59 111 212
-24.2500 -8.0000 3.3840 189 105 114
-2.9375 -22.0000 3.6040 205 173 65
-14.1250 23.0000 5.2720 194 154 148
9.5000 0.0000 10.3660 23 149 72
5.0625 -2.5000 15.2230 24 85 108
-19.2500 2.5000 3.0110 189 84 148
21.1250 -3.0000 6.6300 96 227 143
7.6875 20.5000 8.4690 64 99 134
10.0625 18.5000 9.0450 51 118 136
19.3750 25.5000 15.9420 21 153 78
18.9375 -20.0000 2.1960 142 158 96
-22.9375 -6.5000 3.3390 200 96 103
8.7500 1.5000 6.6320 88 194 142
0.3750 -9.0000 13.6770 22 62 118
-24.3750 17.0000 6.1150 119 155 135
25.0625 25.5000 6.0800 94 198 80
-3.6875 19.5000 10.8850 83 90 41
-1.6875 -16.5000 16.2410 39 69 98
22.6875 -5.5000 2.6740 178 220 111
-10.6250 -14.0000 3.2660 211 103 126
3.3125 14.0000 9.2250 104 102 103
-10.2500 -6.5000 3.1210 196 82 146
1.3125 -9.5000 15.3240 26 50 97
23.1250 10.0000 15.8160 26 129 54
-20.3750 11.5000 3.1310 206 103 102
-20.9375 -9.0000 3.2990 205 84 102
-9.0000 -14.0000 3.1800 212 80 120
21.3125 8.5000 11.0040 57 134 44
-21.9375 -23.0000 20.3600 39 27 117
16.4375 8.0000 6.4900 134 207 133
19.9375 -15.5000 6.6150 33 227 147
24.0625 -23.0000 3.8520 136 250 52
0.8750 -16.5000 15.5510 39 72 72
8.8750 4.5000 6.3030 130 188 184
21.2500 -3.0000 6.6230 95 228 144
3.9375 21.0000 11.2530 62 61 95
13.6250 2.5000 6.3530 128 208 137
-10.4375 14.0000 5.5800 151 161 163
5.1875 14.5000 10.8820 83 106 87
-12.3125 8.0000 2.9350 189 72 111
-14.2500 -23.5000 4.3560 134 200 178
-23.1875 21.0000 5.2340 164 173 138
13.9375 -23.0000 5.3860 77 254 125
21.2500 1.5000 6.5460 131 218 203
-12.8750 8.0000 6.7670 54 148 186
-17.0625 4.5000 7.3620 36 127 218
-15.5000 9.5000 5.2110 86 213 183
3.1250 5.5000 13.6090 67 76 59
-15.9375 -0.5000 3.0670 202 89 147
21.7500 -17.0000 2.4550 148 161 135
4.6250 6.0000 6.1230 149 163 143
14.5000 9.0000 9.1470 92 129 54
-24.6875 -15.5000 8.5780 43 101 198
-0.4375 -9.0000 14.6240 25 53 114
21.0625 24.5000 9.4040 27 191 87
24.0625 -1.5000 6.5680 127 221 131
4.0625 25.5000 3.5630 201 124 36
21.8750 3.5000 6.5180 144 232 194
3.0000 -7.5000 4.0980 138 235 104
12.8750 15.5000 13.2380 48 83 65
-2.1875 -17.0000 14.6870 41 59 113
7.1875 19.0000 7.9880 57 113 139
-3.9375 -15.5000 15.6490 37 64 124
-1.9375 24.0000 9.4200 65 130 86
-24.0625 14.0000 4.9410 130 212 167
-10.6250 11.0000 10.4710 51 104 90
2.9375 -22.5000 7.1720 100 150 167
7.6875 -12.5000 10.7080 32 157 69
20.2500 -5.5000 2.1460 169 223 63
-8.0000 -15.5000 3.1320 216 67 121
-2.5000 20.0000 11.0170 79 88 37
24.6250 -14.5000 2.6830 148 155 99
5.1875 -21.0000 21.9610 56 44 73
5.8750 3.0000 12.4960 46 88 55
1.5625 8.5000 6.0160 148 160 161
8.2500 -12.0000 10.3470 29 179 63
15.5000 17.0000 10.6610 23 166 75
4.1875 -1.0000 10.9290 33 91 130
10.1875 -24.0000 3.0700 183 167 15
-0.2500 0.0000 15.1300 25 70 115
-0.1875 5.5000 10.1900 72 102 87
-21.2500 -2.0000 3.0510 200 80 155
20.3750 3.0000 6.5010 141 221 200
4.2500 -24.5000 8.1460 84 155 113
23.6250 21.0000 3.0260 185 146 57
-24.3750 2.5000 3.0180 175 102 155
5.8125 24.5000 4.5680 136 177 152
0.5625 5.0000 14.2790 61 66 48
22.5000 7.5000 15.9230 56 99 27
8.6875 2.0000 5.9550 126 209 159
0.1875 -11.5000 17.6740 38 47 88
-14.2500 -4.5000 3.1080 197 91 143
-6.7500 -16.5000 14.0030 43 51 152
19.3750 16.0000 16.8670 9 137 59
-10.7500 23.0000 7.7920 108 112 97
-19.3750 -7.0000 3.2530 204 86 119
1.8125 -11.0000 14.5570 27 67 92
-0.6250 -14.5000 17.1550 34 58 98
-0.6875 -20.0000 12.9820 44 76 104
17.9375 4.5000 6.4720 142 237 188
1.4375 23.5000 3.9260 184 192 10
-6.0000 -13.0000 10.6410 35 95 171
24.0625 7.5000 18.9430 76 109 26
4.4375 -11.0000 14.4740 27 96 55
11.0625 -13.0000 8.7260 23 165 97
-24.5000 15.5000 6.6690 89 144 166
23.8750 -23.5000 6.8460 41 189 148
0.7500 -18.0000 15.9710 53 58 91
3.7500 0.0000 14.8220 27 60 104
-8.8750 24.0000 6.9180 116 112 105
-12.3750 -11.5000 3.2090 212 83 142
16.5625 2.5000 6.4440 131 231 167
0.5625 5.0000 14.4500 60 61 46
-19.8750 -5.0000 3.2330 194 102 137
6.6875 19.0000 11.4340 48 70 100
-7.6250 23.0000 5.2120 163 209 127
-11.5625 13.0000 5.2330 148 196 157
12.5000 20.0000 7.4310 46 154 161
4.9375 19.5000 10.8100 65 64 79
-3.3750 24.5000 8.7150 77 130 77
7.7500 24.0000 4.4850 134 184 152
3.3125 13.5000 5.9470 159 165 179
-17.5000 11.5000 6.0600 67 154 200
22.5625 21.0000 11.3030 18 156 97
-9.6875 8.0000 6.5010 65 152 176
20.5625 -19.0000 2.4390 136 156 114
-6.8125 -12.5000 3.1410 211 54 102
20.3750 -23.5000 3.6720 150 247 43
4.1250 3.0000 16.0480 58 50 49
5.5000 18.5000 12.2790 58 62 69
-17.5000 0.5000 3.0770 196 79 142
21.7500 24.5000 8.5310 28 187 107
-21.4375 3.5000 2.9420 186 76 143
-21.7500 -20.0000 20.6570 36 17 115
10.7500 19.0000 3.6570 191 153 19
-23.0625 15.5000 6.7070 84 150 162
20.5625 -1.5000 6.4580 101 230 155
20.3750 -12.5000 2.7090 140 228 106
10.1250 19.0000 3.6130 198 151 14
-15.1250 -21.0000 6.3510 68 139 246
24.6250 -17.0000 3.4030 170 200 25
2.5000 -7.5000 8.7080 34 136 162
2.8750 -14.5000 14.2350 45 77 71
-19.0625 -12.0000 3.3750 202 100 94
-18.6875 11.5000 2.9750 194 78 116
-24.7500 13.0000 3.1280 206 107 119
-12.8125 -20.5000 3.2590 230 61 110
7.0000 -19.0000 22.3490 51 66 47
7.8750 -24.0000 3.6720 156 228 1
-16.0000 22.5000 5.3390 191 156 162
-5.4375 -20.0000 11.0400 59 61 172
22.5000 -3.5000 6.6320 87 235 143
7.6250 15.0000 11.5790 74 85 67
-2.1250 8.5000 5.5720 154 166 150
14.2500 20.0000 13.8430 21 131 82
20.6250 18.0000 17.4710 18 138 58
-5.2500 16.0000 5.6890 169 153 157
11.1250 -23.0000 3.4630 180 225 0
4.6250 19.5000 11.1040 64 74 73
7.3125 7.0000 7.8230 114 139 150
12.6875 21.5000 6.8490 71 158 170
-22.1875 1.0000 3.0170 196 87 144
23.9375 21.5000 7.1780 48 194 132
19.8125 13.0000 12.3780 17 159 77
-9.1875 -19.0000 3.3570 235 103 107
23.2500 -24.0000 3.6590 148 229 42
0.5625 7.0000 5.5230 159 173 166
2.1250 16.0000 11.5920 85 84 40
-22.8750 19.5000 5.5930 130 165 154
15.3750 16.0000 9.4330 35 185 78
-0.5000 -19.5000 14.2930 54 70 101
-19.0000 -22.0000 19.6500 34 20 139
7.3750 3.5000 5.9410 128 181 144
-18.7500 -14.5000 3.3700 202 92 91
22.2500 16.0000 13.6570 12 152 70
-15.6250 20.5000 5.4200 181 159 150
6.7500 -8.0000 16.8260 24 77 69
18.1250 4.0000 6.4310 144 238 187
2.0625 -10.0000 12.4510 24 102 99
-23.0625 6.0000 2.9720 185 107 152
-24.2500 -16.0000 8.6560 45 99 179
3.0000 -3.5000 3.1540 199 76 92
-16.6250 6.5000 12.9070 4 99 148
-18.6250 -8.0000 3.2400 204 84 117
-22.2500 -1.0000 3.1020 206 84 151
21.7500 16.5000 17.0830 10 125 66
1.5000 -1.0000 11.4420 29 105 125
-24.5625 -15.5000 8.4220 45 102 200
-1.1875 16.5000 5.8770 155 142 156
24.3750 -16.5000 3.2970 174 182 33
25.0625 8.5000 17.3190 60 120 33
-6.0000 23.5000 9.2570 71 106 76
9.0625 -14.0000 17.3790 24 121 39
-23.5000 -24.0000 20.4240 61 43 119
1.5625 -7.5000 8.9710 36 118 164
19.8750 -15.0000 4.7980 86 254 132
-24.3125 13.5000 7.3900 75 140 156
0.5625 1.5000 13.7520 46 79 77
18.3750 3.0000 6.5010 142 188 190
-1.6875 -20.0000 15.3930 49 49 112
-6.8125 23.0000 5.1680 177 185 129
-9.5000 9.5000 6.8060 58 142 147
-16.8750 -17.0000 3.5070 196 123 95
-7.6250 -12.5000 3.2070 205 86 116
5.0625 -4.0000 14.8040 17 82 117
-24.5000 16.5000 6.2770 101 151 163
7.3750 24.0000 4.1950 152 171 113
-16.4375 16.5000 5.4360 148 171 147
3.0000 16.5000 11.9850 77 84 40
10.8125 -15.5000 8.6970 28 162 88
23.9375 -2.5000 6.5430 124 230 128
20.3125 -8.5000 2.2270 157 254 75
-11.3125 23.5000 5.4800 175 162 143
-21.3125 6.0000 2.8890 174 95 157
-11.0000 7.0000 3.0140 188 74 94
25.1875 8.5000 17.2340 60 120 33
-19.3125 -24.0000 16.2810 41 52 121
3.3750 -17.5000 16.7110 68 78 68
-1.2500 1.5000 16.7310 44 66 69
0.5625 14.5000 5.8950 162 149 173
-14.1250 -15.5000 3.3240 210 86 103
5.8750 4.5000 5.8710 139 170 170
-6.6875 1.5000 2.9840 199 75 108
7.2500 -6.5000 5.0820 89 254 164
-12.1250 -24.0000 3.8560 164 180 118
-5.7500 -5.5000 3.1000 188 101 136
-7.6250 -1.5000 3.0680 188 93 154
8.5000 -8.5000 7.5850 35 196 113
-17.3125 -9.0000 3.2190 199 83 129
11.1875 18.5000 8.1800 55 115 125
12.0000 18.0000 11.4040 50 79 99
1.9375 4.5000 14.9370 67 65 35
-9.3750 -6.0000 3.0850 194 80 153
-2.1250 -23.5000 5.9510 102 152 200
18.7500 6.5000 6.5900 129 230 167
11.7500 1.5000 6.2390 130 209 136
18.6250 -23.5000 3.4470 172 224 40
-20.0625 18.0000 5.6750 138 156 147
-3.3750 2.5000 18.7080 39 55 88
4.7500 -16.5000 18.7020 52 83 51
-17.5000 20.5000 5.3810 176 164 136
0.8750 -4.5000 9.0530 13 124 190
17.4375 25.5000 1.9320 146 173 103
-23.8125 18.5000 5.0490 139 195 139
16.4375 18.0000 13.0260 13 148 58
24.8125 3.5000 19.5760 92 96 49
-21.1250 11.5000 2.9880 206 88 132
10.4375 6.5000 7.5820 131 129 161
9.9375 -2.0000 15.0300 28 115 40
23.7500 -16.5000 3.3540 174 194 30
0.8750 -15.0000 15.4870 35 71 75
5.1875 24.5000 4.4260 143 179 135
12.3125 -24.0000 5.6920 68 254 110
-9.5625 -14.0000 3.2240 215 98 122
-17.0000 25.0000 5.2910 191 153 135
3.3750 4.5000 5.5710 148 184 154
22.4375 18.5000 14.1900 16 140 72
24.6250 -2.0000 6.5250 132 224 126
4.5000 1.5000 5.0240 125 226 133
-12.3750 -23.5000 5.4990 98 158 239
-10.8750 -20.5000 3.3770 225 110 108
9.8750 2.5000 5.9680 129 210 155
18.0000 -22.0000 2.2460 137 153 113
-1.3125 4.5000 18.2630 64 53 42
-2.7500 22.5000 10.6990 70 87 67
6.5625 -11.0000 12.9010 24 118 66
-17.6875 -11.0000 3.2420 203 64 110
-24.0000 2.0000 2.9960 176 91 158
-2.0625 -0.5000 13.9730 14 74 134
-12.8125 -10.0000 3.2750 209 97 115
-23.8125 10.0000 3.0160 195 103 154
-2.7500 10.5000 5.8830 150 165 168
-9.1250 -6.5000 3.1670 200 92 134
4.5000 -13.0000 15.5840 28 91 46
9.5000 -3.5000 2.8530 176 121 54
-18.2500 -22.5000 14.9950 29 47 130
12.7500 9.0000 6.3660 157 189 175
6.9375 12.5000 9.5060 104 112 115
2.8750 -10.0000 14.8550 27 68 84
-19.5625 18.5000 5.0940 160 188 139
-22.5625 -22.0000 18.6410 32 34 127
18.0000 12.0000 7.6330 60 195 100
10.6250 18.0000 9.7410 54 100 130
-2.5625 -24.5000 6.2360 95 142 191
-24.1250 -9.5000 3.3830 188 101 111
-19.8750 10.0000 2.9810 193 84 128
-9.1250 -1.0000 3.0760 201 94 132
-13.1875 -13.0000 3.2780 215 93 127
-22.8125 23.0000 5.1370 194 169 127
13.3125 5.0000 6.3900 145 184 176
-19.6250 2.5000 2.9910 184 84 154
-15.4375 -0.5000 2.9530 193 82 164
-7.7500 8.5000 3.7570 197 197 3
15.2500 -14.5000 5.6980 65 238 161
23.5000 4.5000 18.8190 79 103 49
-11.2500 24.5000 8.9280 115 124 89
8.3125 16.5000 11.5020 51 82 99
10.3750 18.5000 9.7110 54 101 133
20.7500 -2.0000 6.6220 94 225 144
-17.0625 -4.0000 3.1450 197 93 138
-13.5625 -4.0000 3.1090 197 89 148
11.0625 -14.5000 8.9790 37 189 85
2.3125 -3.5000 3.1060 195 68 108
24.0000 -5.0000 6.6410 91 220 132
20.1250 -16.0000 4.8870 81 254 135
7.9375 -5.5000 11.0140 28 117 96
-10.9375 -7.0000 3.1730 197 102 133
-17.4375 -8.0000 3.2780 197 86 115
-0.9375 14.5000 5.8620 164 145 178
24.5625 19.0000 11.0130 35 154 88
9.0000 -8.5000 13.1080 15 135 49
-0.3750 -5.0000 3.2630 193 102 87
-7.6875 -23.0000 3.6340 189 157 102
-2.3750 -7.5000 3.0830 201 77 100
3.6875 -19.5000 6.5250 114 176 167
-1.2500 22.5000 10.6610 76 80 60
-12.6875 9.5000 6.3770 62 162 176
0.6875 -15.5000 14.2850 34 72 83
19.3125 -23.0000 3.4040 181 221 40
-9.0625 22.0000 5.4830 168 187 140
17.4375 18.0000 11.5210 20 153 60
-20.6875 -7.0000 3.2820 203 88 104
-1.7500 -23.5000 5.7360 108 161 197
17.8125 17.0000 14.8970 14 142 67
-16.3750 14.0000 5.9690 87 151 167
-14.1875 -23.0000 5.3270 99 177 244
-14.5000 17.0000 5.4680 159 174 142
9.1250 -4.5000 3.8720 148 254 11
9.8125 2.0000 6.0230 124 209 156
-24.1250 -24.5000 15.8230 71 73 123
6.7500 22.5000 3.6670 199 152 23
13.8750 4.0000 6.3580 146 185 142
-23.5000 -21.0000 6.1380 79 144 206
4.5000 19.5000 11.1840 64 73 73
-7.4375 8.0000 4.5990 149 215 128
25.0000 -0.5000 6.5200 135 223 148
-22.7500 -20.5000 6.3080 72 143 209
7.7500 21.0000 8.2140 67 90 137
-14.6875 1.5000 3.0200 197 84 148
-6.3125 9.5000 5.3880 134 178 161
5.6250 -10.0000 17.1470 18 95 62
22.5625 7.0000 15.7040 61 101 26
-15.5625 -3.5000 3.0960 203 87 151
7.5625 -17.5000 16.9660 45 98 28
11.3750 25.5000 15.9030 53 53 105
-4.6875 -18.0000 14.3100 46 55 136
-21.1875 10.5000 2.9680 210 86 136
19.1875 16.5000 16.3900 7 139 59
-13.3750 20.5000 5.4680 181 156 141
14.1875 18.0000 10.4010 51 109 96
-23.4375 -15.5000 3.4090 200 108 75
-24.2500 21.5000 5.2090 168 166 139
24.5625 -4.0000 6.6230 100 226 116
2.3750 23.5000 3.7070 198 162 13
-16.9375 16.0000 5.9570 112 158 151
20.3750 11.5000 10.7470 31 185 92
10.6875 -13.0000 8.6200 24 180 88
-22.6875 19.0000 6.5640 100 142 125
-0.4375 11.5000 5.9630 160 174 169
5.7500 10.5000 6.1330 161 155 189
3.0000 9.0000 6.0870 154 173 169
-18.8750 -23.0000 15.9860 34 43 129
20.8750 2.0000 6.5320 135 217 204
-23.8750 -21.0000 5.5040 97 166 209
19.4375 -12.0000 2.5990 135 241 115
-4.0625 24.5000 9.8460 73 113 62
18.9375 25.0000 13.0810 28 169 64
16.3750 7.5000 6.5130 135 203 133
-8.5625 -14.5000 3.1190 212 67 129
-17.7500 1.5000 2.9690 185 84 153
-15.2500 25.0000 5.3160 196 138 140
-9.7500 -1.5000 3.0830 200 93 134
3.6875 14.0000 9.2150 104 102 101
23.2500 5.5000 6.7220 130 199 139
13.1875 25.0000 15.2140 53 64 85
-5.4375 -4.5000 3.0600 189 97 147
18.3125 23.5000 14.8120 10 146 64
1.8750 23.5000 3.8250 192 177 6
-19.2500 -19.5000 19.8350 36 22 142
-16.0000 -6.0000 3.1940 201 87 137
-16.8750 -22.5000 13.8530 34 54 133
-2.9375 -22.0000 3.6690 198 184 66
-21.1250 0.5000 3.0650 204 77 147
-17.7500 7.5000 8.8560 20 137 176
-16.6250 8.0000 7.2710 33 157 197
-13.5000 13.0000 4.5280 163 225 99
21.5000 8.0000 8.6290 68 147 74
-3.8125 14.5000 5.7900 162 162 188
-14.7500 13.5000 10.3940 36 99 91
-23.5625 17.0000 6.0800 113 159 146
-21.6875 -7.5000 3.3270 205 96 95
22.6875 -4.5000 2.3560 179 215 108
16.6875 3.0000 6.4320 136 235 176
18.7500 21.0000 15.1650 6 152 74
-21.1250 0.5000 2.9940 200 72 157
18.6250 5.5000 6.4570 143 240 186
-6.5625 20.0000 5.5580 165 181 141
1.6250 3.0000 16.8510 76 41 25
-24.5000 16.5000 6.4100 99 148 161
25.0625 20.0000 0.1910 140 110 0
-23.0000 -16.0000 11.7070 25 70 160
-18.7500 -16.0000 3.4740 197 124 71
-24.1875 -23.0000 17.4960 54 60 132
-4.0000 17.0000 5.5720 160 166 158
-5.3750 -10.0000 12.2530 25 91 171
-15.6250 18.5000 5.3520 176 160 133
-19.3125 -20.5000 19.1350 36 21 145
22.7500 -18.5000 3.4620 181 218 26
-13.5625 -24.0000 5.7060 97 148 228
-7.0625 17.0000 5.6940 170 151 167
-15.3750 0.0000 3.0170 195 88 155
17.7500 -24.0000 3.0410 153 207 70
-16.5625 -17.0000 3.4140 204 101 95
8.1875 -4.0000 10.3390 29 155 103
-21.5625 7.0000 2.9190 192 93 152
13.5625 0.0000 5.3310 121 240 142
13.3750 19.0000 7.0420 49 174 158
-2.7500 -17.0000 13.0080 48 70 124
8.1875 -22.0000 10.1960 28 142 89
-17.5625 -14.5000 3.4170 199 102 86
9.1250 -10.0000 12.1620 11 152 53
2.5625 -7.0000 5.9480 65 188 206
4.6250 0.0000 12.3030 51 94 67
8.1875 3.0000 5.9590 120 214 152
22.3125 -7.0000 2.9220 195 207 98
-4.8750 9.5000 7.0300 83 104 124
21.2500 14.5000 13.4950 17 158 83
0.9375 3.0000 15.4000 55 60 49
-10.7500 18.0000 5.5820 180 155 154
19.9375 -7.5000 1.7740 162 246 64
-17.1250 -8.0000 3.2610 195 84 120
-0.1875 -23.5000 3.9710 183 201 72
-17.9375 9.0000 2.8980 187 75 134
24.5625 23.0000 7.7920 45 183 109
-22.1875 7.0000 2.9510 195 94 147
20.1250 1.5000 6.4320 146 192 176
-7.4375 -22.5000 3.3860 223 99 102
9.2500 22.5000 3.5710 217 132 23
13.8125 18.0000 12.6360 45 101 72
12.3125 -14.0000 7.7810 34 199 101
4.6875 0.0000 14.4380 36 84 80
8.5625 22.5000 3.6050 209 135 31
18.6875 16.0000 17.1080 9 136 62
9.8750 2.0000 5.9960 126 210 154
-2.5625 -8.5000 12.5070 25 80 152
2.0625 17.0000 10.7420 81 97 46
9.4375 11.5000 6.2560 153 180 180
18.6875 23.0000 14.2640 7 154 59
-7.7500 20.0000 5.4550 176 176 143
22.8125 -10.0000 2.5000 158 187 127
-20.4375 -21.5000 20.5100 37 23 116
19.5000 18.5000 15.9380 12 140 62
-3.0625 13.5000 5.9190 157 162 186
2.1875 -13.5000 14.3510 28 88 65
-24.6875 20.5000 8.3270 101 99 108
11.8750 10.5000 9.4390 89 119 75
-13.8125 -1.5000 3.0700 196 85 149
-0.8750 22.5000 10.9000 68 88 80
6.3750 10.5000 6.0480 164 157 188
-3.5000 19.0000 10.4520 84 96 43
7.5000 -24.0000 6.0130 78 196 146
-10.9375 24.5000 9.2080 113 120 87
24.6875 23.5000 7.7460 49 179 106
15.0625 24.5000 11.8200 29 138 77
6.5625 -4.5000 9.7090 19 131 135
-10.1250 22.0000 5.4580 174 184 137
-20.5000 13.0000 5.7990 94 171 179
8.1250 -17.0000 11.1190 33 142 75
-18.5000 11.5000 3.4010 193 161 29
-8.7500 2.0000 3.0070 206 81 127
17.0000 15.0000 11.2790 34 155 52
1.6250 -19.5000 6.9010 104 150 187
-21.3750 -6.0000 3.2180 203 72 120
12.0625 18.0000 9.0690 42 117 113
-5.6250 -23.0000 3.4660 216 124 84
17.5000 13.5000 10.9580 51 147 59
-5.1250 15.0000 5.8660 163 152 157
-18.5625 3.0000 3.0150 188 85 148
20.1250 -18.0000 4.5580 95 254 118
-24.6250 6.0000 2.9970 180 112 155
-10.5625 -24.5000 3.6830 179 165 91
-3.0000 -1.0000 4.3690 113 236 179
-11.6875 0.5000 3.0590 203 80 134
-5.5625 8.5000 5.1530 128 194 160
-19.6250 -14.0000 3.3350 200 96 99
0.1250 -2.5000 3.1040 185 77 116
-12.0000 22.5000 5.4550 180 169 155
7.5625 -19.0000 7.5000 79 167 121
-0.5000 17.0000 5.9090 145 164 151
15.4375 2.0000 6.4130 127 233 169
6.6875 -19.0000 22.6050 51 63 48
-1.9375 9.5000 5.8090 159 158 155
-11.8750 25.0000 9.2860 125 104 84
0.6250 23.0000 9.9480 58 108 87
7.8125 -17.5000 19.9960 40 95 34
2.8750 -16.0000 16.6900 45 72 69
17.0625 21.5000 13.0390 13 152 75
19.0625 15.5000 17.3760 14 136 59
9.3125 -13.0000 11.1490 20 161 64
9.0625 -15.0000 17.3170 27 129 35
3.5000 -23.0000 7.6440 93 147 144
14.8750 8.5000 8.7620 85 148 79
8.1875 -21.0000 18.6100 57 117 5
-14.5000 -21.5000 6.5280 64 135 237
23.6875 -6.5000 2.6390 178 211 102
19.3125 -20.0000 2.7420 150 162 103
0.2500 -4.5000 3.5150 178 165 65
-19.5625 5.5000 2.9800 184 91 140
-24.1875 -16.5000 8.7240 42 101 178
-15.3750 11.0000 6.2900 57 163 195
-17.3125 -19.0000 13.9360 30 35 143
-23.5000 -21.5000 13.4020 40 75 131
2.3125 -7.5000 8.7980 35 135 161
1.8750 12.5000 5.9670 160 156 176
21.2500 23.0000 7.8890 26 189 136
-8.4375 -22.5000 3.4840 222 136 105
-11.5625 -7.5000 3.2090 204 103 126
-7.8125 11.5000 5.6050 126 166 147
17.3750 19.0000 14.0810 15 153 61
-9.7500 11.5000 6.7120 73 150 138
-2.0000 -15.5000 17.0610 33 60 111
-2.3125 -15.0000 17.7560 36 53 111
17.4375 21.5000 15.2070 11 144 70
-5.5000 -2.0000 3.0140 197 82 147
-15.5000 -23.5000 5.4600 87 169 229
-18.5000 6.0000 2.9960 184 93 136
24.6250 7.0000 19.8270 83 115 35
2.5625 -11.5000 14.8990 27 73 82
-18.6250 -22.0000 3.3300 226 97 83
7.6875 -16.0000 17.2150 34 111 31
11.1875 -12.0000 8.2180 22 216 88
5.3750 0.5000 12.5160 37 101 69
1.5000 2.5000 7.5460 71 110 127
-17.7500 -8.0000 3.2790 198 86 115
6.8125 13.0000 10.9440 86 99 88
8.5625 14.5000 11.4180 67 108 74
4.9375 25.5000 4.0780 161 164 85
-6.0625 21.5000 7.8780 79 128 84
-12.8750 7.5000 5.8130 71 167 205
-5.5625 0.5000 2.9910 197 80 138
6.7500 12.0000 6.1590 164 149 178
2.7500 4.5000 7.9650 77 126 92
-17.3125 -23.5000 13.3220 42 57 133
7.7500 -14.0000 18.9810 31 113 34
17.6250 5.5000 6.3980 143 244 161
-11.8750 -10.5000 3.1500 206 79 125
4.4375 -19.0000 18.5300 69 68 57
15.9375 15.5000 8.5340 43 182 86
1.8125 9.0000 5.9540 148 184 155
-5.1875 25.0000 4.8900 156 194 89
-19.0625 -10.0000 3.3570 204 99 96
0.0000 -15.0000 16.1910 33 70 82
22.8125 22.5000 0.1160 137 92 33
-21.6250 -16.5000 6.3810 58 135 230
2.7500 6.5000 12.0880 79 77 62
-20.7500 0.5000 3.0620 201 78 147
24.2500 -23.0000 6.9510 40 188 148
-7.0625 22.5000 7.6070 83 135 84
4.3750 -19.0000 18.5690 69 68 57
-22.5000 10.0000 2.9660 210 86 140
20.9375 8.5000 11.1530 61 133 41
-7.8750 -6.0000 3.0990 188 100 150
9.5625 16.5000 11.4440 44 83 100
0.7500 24.0000 10.6360 69 91 80
24.6875 -7.0000 4.9230 116 254 130
21.9375 -10.5000 2.2790 159 177 129
-18.0000 -21.5000 16.1930 25 38 133
10.1250 -1.5000 2.1040 163 125 93
-13.9375 -20.5000 3.3340 219 96 113
1.6875 6.0000 11.6740 87 84 58
-21.0000 7.0000 2.9280 191 95 148
-21.5625 -15.5000 5.6730 80 162 243
-19.3750 -17.0000 11.1540 29 65 175
3.7500 22.5000 9.8240 55 87 105
24.1875 2.0000 19.7730 88 95 53
5.3750 5.0000 5.8540 144 169 171
11.8750 7.0000 6.2480 163 195 182
-9.8125 -8.0000 3.2030 195 106 139
15.8750 18.5000 15.0060 24 127 62
-11.6250 -20.0000 3.3120 225 79 119
1.9375 -3.5000 4.6140 90 233 201
-16.0000 2.5000 3.0080 197 77 159
-8.5625 -13.5000 3.1940 213 82 116
18.3125 15.0000 16.2300 12 138 53
7.6250 3.5000 6.1120 123 167 145
-14.3750 -5.5000 3.1010 200 75 146
21.6250 1.5000 6.5570 130 218 203
-23.5000 22.5000 5.1110 193 164 120
18.9375 22.0000 5.5350 74 254 135
-19.5625 -21.5000 4.9550 109 189 229
2.5625 -10.0000 12.1360 21 106 99
-21.1875 -10.5000 3.3480 209 96 90
23.2500 21.5000 10.6690 22 159 99
21.5000 -15.5000 2.9150 175 165 100
4.1875 10.5000 6.1360 156 155 179
-20.6250 -6.0000 3.2010 198 72 124
-14.8750 24.0000 5.4420 189 142 153
1.3125 10.0000 6.0080 157 168 152
8.4375 0.5000 10.9250 37 137 67
-5.9375 24.5000 8.5790 79 122 78
-13.3750 -21.5000 3.4490 212 126 84
-1.7500 -10.0000 16.4060 31 55 111
-17.6250 9.0000 2.9040 186 76 132
4.5625 -1.5000 10.8210 37 93 129
-6.7500 25.0000 4.9650 165 194 105
-18.5625 -1.0000 3.0620 203 84 147
-4.7500 -4.5000 3.0590 185 86 128
6.7500 23.5000 3.6650 196 149 32
-3.6875 -8.0000 3.0070 197 77 120
12.3750 22.0000 12.4440 32 80 105
-14.6875 6.5000 2.9060 187 76 136
1.9375 5.5000 16.1100 80 54 42
24.9375 -21.5000 3.4650 170 213 28
10.8125 4.0000 6.2850 138 182 157
7.3125 -11.0000 13.3640 22 125 44
20.6875 12.0000 12.1680 28 165 86
11.0625 5.5000 7.4480 128 158 147
-12.7500 14.5000 5.3780 149 193 166
10.0625 -3.0000 13.1650 9 135 76
-17.3125 -12.0000 3.3330 204 99 107
18.1250 -15.0000 6.5790 35 233 152
5.0625 2.5000 13.5370 50 72 62
2.6875 14.0000 5.9140 159 167 180
14.3125 -13.0000 7.7520 35 179 106
7.8750 -22.5000 4.4810 126 254 110
9.9375 -8.5000 12.1090 12 151 52
-8.1875 9.5000 6.3670 91 132 156
-2.2500 -5.5000 4.0230 134 214 126
4.3125 8.5000 6.1340 151 174 165
-7.0000 5.5000 5.7700 92 157 201
-20.5625 3.5000 3.0010 187 81 133
-14.1250 20.0000 5.4730 179 155 141
-21.3125 -7.5000 3.2940 206 89 99
-2.8125 -1.0000 3.1410 212 98 106
-8.3750 6.5000 6.6590 71 137 167
14.1250 6.5000 6.4040 162 189 147
-2.0000 8.5000 5.6090 152 164 151
-18.7500 -9.5000 3.3160 206 90 101
18.9375 -20.5000 2.0820 140 137 96
-18.5000 -20.5000 10.4000 34 77 171
23.8750 -15.5000 3.0400 171 178 75
-21.1875 5.0000 2.9730 186 94 141
-15.6250 11.5000 6.4290 55 160 192
-13.1250 -11.5000 3.2780 205 100 118
0.5625 24.5000 9.6660 68 111 86
-9.0625 15.5000 5.6740 165 155 149
-21.6250 -15.5000 3.3680 215 102 67
-5.7500 -7.5000 3.1060 197 99 124
12.4375 15.0000 12.6510 57 90 63
-20.8750 25.5000 5.1600 195 157 135
-2.7500 -23.0000 5.7650 92 157 223
9.5625 1.0000 7.4020 53 176 113
23.2500 10.5000 16.0370 26 129 55
3.6250 -0.5000 15.4450 25 61 97
17.5000 -14.5000 6.9580 46 213 125
21.2500 -14.5000 2.8760 167 175 102
-10.6250 3.0000 2.9750 203 71 127
-3.3750 25.0000 8.4750 78 139 77
-0.9375 -20.0000 13.9730 43 75 101
3.5000 7.0000 6.0600 147 172 162
4.0000 21.0000 11.2970 62 60 95
15.6250 20.0000 16.4110 15 106 67
-9.8125 18.5000 5.5840 181 158 157
24.9375 -4.0000 6.5190 106 212 117
10.6250 -7.0000 3.4330 189 216 0
24.9375 -18.0000 3.4320 167 203 23
-1.0625 -7.5000 3.1760 205 79 80
-14.5625 21.0000 5.4390 185 147 151
-24.3750 -22.0000 14.0770 53 72 134
-6.5625 -14.0000 9.8380 49 99 183
7.7500 25.5000 5.2040 113 155 180
-17.3125 -19.5000 3.4140 204 105 83
19.8125 14.5000 17.0410 20 122 46
5.7500 -24.0000 7.7670 88 154 114
1.0000 -11.5000 15.3700 30 50 87
-12.9375 3.0000 3.0160 196 76 149
16.0000 15.5000 7.6670 49 188 103
-23.4375 4.0000 3.0070 178 104 160
13.8750 9.5000 9.4080 110 114 62
11.8125 1.5000 6.2650 128 209 135
20.4375 14.0000 2.2840 161 170 78
-20.5000 -15.0000 6.6580 55 125 225
4.5625 3.0000 16.1760 66 31 35
-21.2500 -6.5000 3.2810 206 87 105
21.9375 -9.0000 1.9880 165 168 99
-20.3750 25.5000 5.2780 191 154 139
-14.1875 5.0000 2.9030 184 78 145
-0.8750 -18.5000 13.9530 51 71 105
7.1875 -23.5000 3.8970 142 236 34
-10.3750 3.5000 2.9850 192 88 134
-1.5000 5.0000 17.6470 61 43 55
5.1875 22.0000 8.4620 56 87 124
-7.3125 -18.0000 3.2520 228 61 102
-17.8125 -6.5000 3.1900 204 80 128
-8.0625 -15.0000 3.1040 211 66 130
-5.2500 9.5000 5.6940 147 160 162
0.5000 -6.5000 3.1590 201 78 85
8.3750 -1.0000 12.1780 20 139 65
-7.0625 2.0000 3.0010 200 77 107
2.5625 -14.5000 14.1010 34 87 68
-7.8125 24.5000 5.0510 165 205 116
9.3125 14.0000 11.0410 63 115 75
8.5000 -3.0000 13.3570 14 129 69
-14.9375 -4.0000 3.1660 205 96 134
-0.9375 22.5000 10.4830 65 98 82
-12.2500 10.0000 11.8060 35 90 98
-20.5625 0.0000 3.0710 201 80 147
3.4375 0.0000 16.3430 30 68 89
15.8750 10.5000 10.3650 68 147 64
8.5625 2.5000 5.8540 132 209 160
3.1875 -16.5000 14.9630 45 75 66
-17.2500 10.0000 4.6070 111 229 170
1.6250 11.0000 6.0200 158 168 158
1.3750 20.0000 10.8550 63 88 59
-0.1875 14.0000 5.8310 164 150 180
-20.7500 -14.0000 3.3970 194 103 81
-14.1875 25.5000 6.8140 119 133 117
7.0625 2.5000 5.4700 131 208 139
-11.1875 14.5000 5.6040 139 179 155
-2.1875 19.0000 12.2910 85 80 34
11.8125 10.0000 6.4400 147 179 159
18.1250 1.5000 6.4860 140 191 181
-10.7500 15.0000 5.6290 165 157 162
4.0000 -14.5000 15.1060 44 76 62
20.6250 8.5000 8.2490 77 163 65
2.0625 7.5000 5.9430 152 167 165
-19.6250 24.0000 5.2110 195 165 139
-12.8750 -16.0000 3.3830 212 114 109
-21.8750 -16.5000 3.3750 212 105 65
22.1875 -5.5000 2.5890 167 230 116
-8.1250 8.5000 4.1520 152 222 69
21.8125 -19.0000 2.8650 164 156 118
-0.3125 1.0000 16.4430 57 55 51
-14.0000 -9.5000 3.2000 198 78 116
0.8125 17.5000 9.6940 74 107 61
-22.7500 -1.5000 3.1230 204 84 147
-0.0625 -2.5000 3.0830 188 81 128
16.3125 2.5000 6.4440 130 231 169
-9.0000 -20.5000 3.3310 235 94 121
7.3750 -13.5000 17.6700 28 111 32
-17.1875 17.5000 5.2690 153 193 134
13.6875 13.0000 11.0160 73 116 81
-15.7500 -12.5000 3.3260 212 92 103
4.4375 4.5000 6.4510 118 144 121
7.7500 -11.0000 13.1270 24 125 44
-16.8750 -3.0000 3.1220 201 96 145
21.6875 19.5000 13.7190 12 143 77
-17.3750 25.0000 5.2860 190 152 135
0.5625 -17.5000 15.8880 55 59 93
-6.3750 11.5000 5.7170 148 183 168
-22.6875 16.5000 7.7390 86 127 117
21.3125 15.0000 14.7020 7 156 77
0.5000 -11.0000 17.6250 33 40 92
-22.9375 -22.0000 13.6290 34 71 129
10.0000 -17.0000 8.1220 42 193 78
-8.0000 11.0000 7.0550 66 140 122
22.6250 4.0000 18.4840 76 99 57
-9.0000 6.0000 6.3900 60 155 204
15.9375 14.0000 10.1640 46 165 64
15.1250 19.0000 15.6080 21 113 68
3.6250 3.5000 16.4520 64 26 46
-24.6875 -24.0000 18.3800 73 63 127
10.9375 5.5000 6.2760 140 190 178
-19.9375 -22.0000 17.6720 36 31 144
6.2500 -5.0000 5.9520 65 187 187
-3.3750 9.0000 5.5330 152 167 157
15.3750 13.5000 12.3970 46 138 48
-9.1250 21.0000 5.4530 183 149 159
-12.3125 5.5000 2.9290 191 67 132
22.0000 22.5000 11.4330 5 163 87
19.0000 4.5000 6.4400 143 239 186
5.3125 4.0000 5.5340 154 181 168
20.8125 -16.5000 4.1610 120 254 79
-4.3125 -4.5000 3.0750 186 87 121
-2.5000 6.5000 14.9910 53 48 48
-17.5000 23.5000 5.2490 196 161 146
13.2500 15.0000 11.2420 60 116 90
-19.4375 -16.5000 3.3820 199 95 85
-21.9375 -10.0000 3.3380 211 92 92
-13.9375 -23.5000 4.3630 134 200 180
18.1875 21.5000 14.7290 9 152 76
24.5000 18.5000 9.5880 35 166 96
20.0625 12.5000 10.9910 36 164 86
9.7500 -8.5000 7.7810 32 186 105
-17.4375 -21.0000 16.1760 29 39 132
-14.0000 12.0000 3.7180 178 200 0
20.8125 -0.5000 6.5080 119 237 178
22.8750 14.0000 12.1980 17 166 89
11.7500 11.0000 8.6980 90 107 85
-4.1875 19.5000 10.3690 89 97 46
-24.5625 -18.5000 7.3390 49 136 210
3.6875 -8.5000 16.6050 28 72 88
19.0000 24.0000 9.2930 24 194 83
-20.0625 -12.0000 3.3000 209 90 107
18.4375 0.5000 6.4570 123 205 162
8.2500 24.5000 3.4720 215 105 42
16.2500 23.5000 13.7580 8 149 72
-21.5000 10.0000 2.9920 212 88 131
8.3125 -9.5000 11.2270 18 153 66
6.8750 -20.5000 10.1690 42 144 96
10.3750 -9.0000 8.3670 26 184 91
-7.1250 -19.0000 3.3440 231 90 92
4.3125 -20.0000 21.5960 67 47 62
-14.5000 -6.0000 3.1390 196 86 144
-4.9375 -7.5000 3.0540 188 95 132
13.1875 0.0000 5.3880 119 234 145
-15.7500 19.5000 5.4070 176 163 145
2.8125 6.0000 12.2780 72 86 64
-12.8125 -20.5000 3.3130 228 75 104
-6.4375 -9.5000 3.1420 212 82 117
-23.4375 -21.5000 11.8810 38 90 141
6.6875 22.0000 8.7330 52 86 142
-16.5625 -3.0000 3.1020 200 94 148
17.0000 15.5000 15.1950 33 126 18
22.6250 17.5000 13.9470 12 148 70
2.0625 9.0000 6.0540 157 169 163
0.1875 7.0000 9.7960 85 90 88
8.7500 -11.0000 4.9630 91 254 132
-16.5000 -11.0000 3.3010 200 92 112
21.6875 -8.0000 2.6250 172 221 109
7.3125 21.0000 8.4030 66 88 139
-1.5000 -20.5000 14.0470 46 67 109
1.1250 -20.5000 7.0300 91 144 182
-20.6875 -9.5000 3.3410 205 93 93
24.1250 -22.5000 7.2670 31 187 152
19.8125 -0.5000 6.4690 116 233 142
-13.5625 7.0000 2.9380 179 79 126
9.1250 -8.0000 13.1300 13 147 51
-8.1875 -9.5000 3.1910 202 90 130
-10.1250 -21.0000 3.3330 236 90 126
-17.6875 -15.0000 3.4240 200 105 81
9.0000 -16.5000 16.0880 31 136 33
16.2500 17.0000 16.6640 24 112 36
-1.1250 4.5000 19.8670 95 35 41
-16.1875 -14.5000 3.3520 210 92 99
-4.1875 18.0000 9.7030 106 90 46
1.0625 24.0000 3.8750 182 172 12
-7.6875 -3.5000 3.1440 196 106 140
4.0000 10.5000 6.1030 157 155 180
-8.3750 15.0000 5.6930 163 157 138
8.1875 -15.0000 19.3010 27 109 45
14.8125 -14.5000 5.2430 75 254 138
21.9375 15.5000 16.7410 15 128 64
22.4375 -20.5000 3.3910 181 212 45
-2.3750 -17.5000 15.0900 49 49 123
1.6875 0.0000 16.5360 33 75 89
11.3125 -6.0000 0.8760 161 116 10
-4.6250 -11.5000 12.6930 35 67 142
-23.8125 -24.5000 16.9160 66 68 125
-1.0625 3.0000 18.0730 76 43 52
-22.1250 -21.0000 19.1060 28 32 127
10.5000 2.5000 6.1710 122 202 148
9.3125 6.5000 7.9240 93 143 141
-11.3750 15.5000 5.5540 159 171 138
-15.5625 -20.0000 3.3680 220 109 109
9.6250 11.0000 6.3050 151 180 180
-7.3125 16.0000 5.7130 171 162 158
-7.7500 -5.5000 3.0660 185 83 154
17.7500 -16.0000 7.0020 31 215 148
-2.8750 5.5000 16.3550 46 44 72
-9.8125 0.5000 3.0600 194 102 138
-4.5000 4.0000 15.2820 38 61 78
-2.2500 19.0000 12.3210 85 80 34
-20.5625 9.5000 2.9930 205 85 131
12.3750 22.0000 7.1180 64 154 177
-9.8750 5.0000 3.9920 150 224 101
-6.0000 -6.5000 3.0620 194 92 139
3.3125 4.5000 15.9340 72 44 47
-17.8750 3.5000 3.0110 193 75 135
6.2500 -22.0000 12.2070 33 140 72
-17.6875 -2.0000 3.0500 199 72 153
-20.6250 -14.5000 3.4080 194 107 79
-11.5625 19.0000 5.5480 182 149 157
21.1875 -8.5000 1.7820 177 166 58
-2.6875 20.0000 11.0110 79 88 38
12.6250 11.0000 8.0760 94 114 97
-8.3125 1.5000 3.0240 204 85 119
9.0000 25.0000 5.1140 117 159 175
21.5625 -10.5000 2.4960 154 190 130
-0.4375 17.5000 9.4100 77 101 69
18.1875 19.0000 16.4930 8 140 73
25.1875 2.0000 18.8880 73 98 45
-5.4375 0.0000 3.9800 127 226 129
2.9375 -11.5000 13.8340 19 104 68
-14.0625 -22.5000 5.7070 95 151 248
-18.5625 2.5000 3.0100 191 84 147
4.7500 -4.5000 14.2390 7 75 127
4.7500 -10.0000 17.0450 28 75 78
11.5625 15.0000 12.7700 62 86 66
-0.1875 7.5000 10.0620 84 85 91
14.2500 -16.0000 6.1190 69 228 140
-23.5625 -7.5000 3.3640 190 99 111
21.1875 6.0000 14.6810 83 131 50
3.1250 -9.5000 15.1000 28 67 82
8.6875 -19.5000 18.5710 29 130 20
-1.8750 -19.5000 14.4920 47 55 114
11.1250 0.0000 5.4270 109 226 131
-20.8125 4.0000 2.9300 179 94 143
-17.9375 6.0000 9.5250 18 116 181
-2.9375 18.0000 5.7070 152 162 146
-20.0625 1.0000 3.0370 190 85 144
7.0000 16.5000 11.7290 66 74 57
6.1875 3.5000 13.1500 50 74 55
7.5625 -10.5000 13.2070 24 117 59
-21.2500 15.5000 7.5750 78 146 117
5.6250 3.0000 5.6390 146 172 168
-11.3125 2.0000 3.0660 199 88 129
-10.2500 4.0000 2.9880 191 87 132
-16.5000 -16.5000 3.4900 198 119 93
14.9375 -18.5000 4.3530 110 254 80
-17.8750 -16.0000 3.4650 198 119 70
21.3125 7.0000 14.1830 76 133 24
-4.4375 -19.0000 13.6270 46 54 141
-4.2500 -21.0000 3.4250 224 114 86
-19.9375 3.0000 3.0210 189 94 136
20.8125 6.5000 6.6730 137 226 141
1.4375 -20.5000 6.9130 105 139 175
12.2500 15.5000 12.6420 56 89 64
-11.7500 -9.5000 3.2160 207 90 120
-22.7500 1.5000 3.0500 198 89 140
-21.7500 -13.5000 3.4500 202 118 79
-2.3125 -23.0000 3.7580 185 188 75
-1.5000 20.0000 13.7790 81 85 34
-0.1875 16.5000 9.1510 76 99 75
-21.5625 4.5000 3.0060 190 94 134
-21.8750 -16.5000 3.3500 213 99 67
19.5625 17.5000 16.4440 9 140 60
-11.9375 -9.0000 3.2220 204 90 124
-14.1875 22.5000 5.3160 192 155 151
3.7500 15.5000 11.1110 77 99 49
23.8750 6.0000 19.4410 78 110 27
-9.9375 4.0000 2.9990 200 79 107
-22.8125 0.0000 3.1310 193 110 143
-20.5000 8.0000 3.0100 197 102 133
-14.5000 -18.5000 3.3210 222 99 118
1.3750 7.5000 5.8510 148 162 162
-13.8750 13.5000 5.7610 109 150 182
-23.5000 17.5000 6.8460 102 144 124
-20.6250 -16.0000 6.9540 48 120 222
23.4375 21.0000 9.1160 24 182 116
21.3125 -19.5000 2.4130 136 155 127
23.3125 -21.5000 3.3440 183 200 39
-23.9375 -9.5000 3.3710 192 92 107
24.4375 -18.5000 3.4210 171 199 31
4.1250 18.0000 12.0250 74 61 63
-18.9375 -15.0000 3.4380 199 112 81
22.6250 22.0000 11.2900 7 163 87
20.8750 -8.5000 1.6960 177 162 50
-11.6875 22.5000 12.1510 107 88 57
-18.3125 -5.0000 3.2250 204 97 121
-8.5625 18.5000 5.5820 177 148 154
12.2500 -8.0000 4.1950 130 254 40
-6.9375 -13.5000 3.0820 207 49 111
-4.5000 -24.0000 6.1340 89 145 221
11.5000 -24.5000 5.0230 87 254 111
24.0000 -11.5000 2.8750 161 186 100
-3.5000 12.0000 5.8430 163 176 179
17.8125 24.0000 11.0470 21 178 62
12.6875 22.0000 14.1290 31 64 88
-12.1875 5.5000 2.9000 188 65 137
-19.8125 -8.0000 3.3160 197 100 118
-0.1250 4.0000 14.5460 64 61 44
-13.8750 15.5000 5.5040 150 163 134
3.1250 -14.5000 19.0150 53 55 66
-21.0000 -7.5000 3.3470 202 102 93
17.8125 -17.5000 6.8060 32 223 139
22.5000 -3.0000 6.6210 93 231 139
16.7500 -18.5000 7.1590 32 231 96
11.6875 2.5000 6.3700 127 207 140
-13.3125 1.0000 3.0390 188 96 158
11.8125 22.0000 3.6610 189 187 19
-18.4375 -23.5000 6.4640 76 125 209
5.8125 -14.5000 19.5800 41 101 52
-17.1250 10.0000 4.8520 99 228 186
15.3750 22.0000 15.2160 17 125 62
19.1250 21.5000 11.1090 15 181 77
-15.7500 -24.0000 3.5510 185 145 83
1.5625 -15.5000 13.2890 45 89 90
12.2500 -10.0000 5.2110 74 254 121
-22.1250 2.0000 3.0260 199 88 142
7.3125 -13.5000 19.3410 31 102 28
-10.9375 -20.5000 3.3540 227 103 111
-15.8750 7.5000 9.4630 15 125 170
4.8125 -18.5000 20.7810 75 46 63
-24.6250 0.0000 3.1490 184 113 155
14.3750 25.0000 16.9540 45 89 75
5.3125 -5.0000 11.7750 20 96 118
2.5625 13.5000 5.9050 161 166 180
6.5000 -13.0000 19.5820 26 97 36
-15.2500 9.0000 5.2560 81 200 222
-11.0000 -3.5000 3.0950 194 95 142
-19.8750 -19.0000 3.3390 211 80 81
-0.4375 3.5000 18.0380 72 42 48
15.8125 -16.5000 7.3240 34 216 110
20.5000 -17.5000 4.9070 82 254 155
10.3750 -17.0000 8.0120 44 196 73
-10.0000 0.0000 3.0610 193 92 140
-14.1250 -22.5000 3.8620 155 194 119
12.3125 -9.5000 5.0850 76 254 118
22.1250 6.5000 15.4670 66 92 25
-20.3125 -15.5000 3.3970 205 109 67
-18.1875 -9.5000 3.1870 208 65 124
3.5625 -10.0000 15.1900 28 68 77
0.6250 4.0000 10.3260 73 100 81
2.7500 11.5000 6.0480 161 149 184
-23.1875 -19.0000 5.0610 102 187 216
-21.9375 4.0000 2.9920 187 93 136
-3.0000 -17.0000 14.6850 43 59 120
-19.8750 8.5000 2.9150 197 95 137
3.6250 14.5000 9.1250 104 102 102
-4.2500 21.0000 11.6630 87 69 41
3.0000 -22.0000 6.6780 104 162 184
-22.1250 20.0000 5.0320 157 208 144
21.7500 -2.0000 6.5240 110 235 165
-5.1875 -15.0000 15.6970 44 50 136
1.5000 0.5000 17.0300 42 59 73
23.7500 -7.5000 2.8760 183 186 75
-17.3750 -22.5000 15.8890 33 44 124
8.3125 -2.5000 2.5370 159 121 115
-12.0625 -20.5000 3.3240 231 79 102
20.2500 25.0000 17.0590 13 149 73
-15.8750 -4.0000 3.1050 204 86 148
-13.9375 7.0000 2.8670 174 74 137
8.0000 -14.5000 12.1900 26 149 66
22.1875 16.0000 10.1060 19 174 98
-24.0625 -21.0000 10.3040 39 100 154
1.1875 3.5000 16.5340 72 42 28
10.0000 5.5000 6.2860 136 192 188
-8.3750 -16.0000 3.1700 222 70 112
15.6250 -18.0000 6.9430 38 239 104
-0.1250 -22.5000 3.9680 188 214 70
7.1250 -15.0000 19.9360 31 102 47
7.8125 -6.5000 15.1840 27 69 67
-20.7500 2.0000 3.0280 194 92 139
0.9375 24.0000 9.3720 64 116 89
-21.0625 -24.5000 19.3190 47 29 120
-2.6250 -8.5000 12.9610 25 71 151
-9.0625 -3.5000 3.0620 196 85 147
9.8125 -16.0000 11.5330 27 137 63
-23.8750 -16.5000 12.1110 31 75 155
-6.0000 -5.0000 4.0080 129 232 129
18.4375 15.5000 13.9950 8 159 60
6.5000 9.0000 6.2290 156 168 163
-21.1875 -8.0000 3.3240 202 95 96
5.9375 -20.5000 21.7270 45 62 64
-21.3750 1.0000 2.9740 193 85 149
-2.8750 -6.0000 3.0920 198 77 107
-12.3750 -7.5000 3.1780 206 95 132
2.9375 0.5000 14.9010 37 54 84
19.4375 22.5000 12.0540 5 172 73
9.7500 14.0000 10.3260 67 116 82
-6.0625 -24.5000 5.5270 104 148 223
-8.4375 5.5000 3.1560 213 101 77
-9.5000 4.5000 3.1240 214 93 82
-2.5000 0.5000 14.1600 36 82 88
3.4375 8.5000 6.0490 152 175 171
-6.5625 -17.5000 7.0900 79 118 237
21.3125 20.0000 5.1700 78 254 167
9.5625 -6.0000 4.0070 131 254 29
-9.1875 2.0000 3.0200 209 80 127
-14.8750 17.0000 5.4600 158 176 146
-3.1875 12.5000 5.9370 155 175 187
-12.0000 13.5000 5.2900 147 196 165
16.9375 -19.0000 2.3460 139 225 89
8.5000 -12.0000 15.1960 23 132 46
5.6250 -3.0000 14.9660 16 79 115
-20.0000 23.0000 5.2950 189 166 140
-23.6875 15.5000 6.5130 89 150 166
0.6250 12.0000 5.9910 161 171 166
-20.0000 -20.0000 20.4230 40 17 139
23.1875 7.5000 17.6210 62 103 31
-20.1250 23.5000 5.2590 191 166 140
-6.1250 -7.5000 3.0880 196 95 130
22.5000 -3.0000 6.5610 96 233 140
-1.3750 -2.5000 7.6750 41 129 190
-3.1875 -12.0000 15.1480 33 33 113
-11.0625 24.5000 9.3010 113 118 86
-16.3750 24.5000 5.2850 193 155 136
-20.5000 17.5000 7.3820 86 126 116
15.5000 6.5000 6.3720 146 209 146
-7.2500 11.0000 5.4990 156 188 165
3.5000 2.5000 17.4170 52 49 51
16.5625 22.5000 11.6980 2 156 79
17.1875 0.0000 6.5820 110 217 157
-6.1250 -15.0000 15.1000 39 46 146
-8.3750 -7.0000 3.1290 198 89 137
10.0000 -0.5000 6.2450 76 189 154
0.0625 7.0000 5.6150 154 168 170
-16.5000 -15.5000 3.4010 207 98 97
23.4375 14.5000 12.4890 20 162 86
10.1875 8.0000 6.2920 152 164 188
-11.8750 6.0000 2.9300 184 74 130
4.6875 -3.5000 13.7340 9 85 132
-24.5000 21.5000 5.4380 156 151 145
16.5625 2.0000 6.4360 129 232 166
-19.9375 -1.5000 3.1400 195 82 136
22.8750 7.0000 11.1430 59 129 41
7.7500 9.5000 6.2220 160 160 166
2.2500 1.5000 18.3130 57 56 58
-17.7500 -10.0000 3.3160 204 92 100
12.3125 -12.0000 5.8860 63 235 143
15.3125 20.0000 16.1420 16 107 69
-1.2500 -3.0000 7.2950 32 143 225
0.4375 25.0000 3.9540 176 173 21
3.3750 -19.5000 5.6390 129 198 169
11.5000 -4.5000 2.1500 148 208 88
-17.5000 -17.5000 3.5230 186 133 79
6.4375 -24.0000 8.0720 68 166 106
-23.6250 -3.5000 3.2070 193 86 141
-18.6250 16.0000 5.1990 128 198 155
-21.8125 7.0000 2.9080 191 93 155
23.8750 -3.5000 6.6160 97 230 127
5.5625 22.5000 8.4900 55 90 145
1.1250 -21.0000 6.9960 89 145 183
-3.8125 -14.5000 15.4730 41 57 129
21.5000 14.5000 13.9400 13 161 78
-4.9375 -5.0000 3.0130 180 80 140
11.5625 -13.5000 8.7500 26 165 91
-20.8750 -23.5000 19.3510 39 23 122
-24.3750 -15.0000 3.2340 198 75 120
6.3750 2.0000 4.8480 137 242 118
-16.0625 21.0000 5.3900 192 162 142
-18.2500 22.5000 5.3450 189 161 156
2.3125 9.5000 5.9980 159 172 167
20.6250 21.5000 7.8300 29 194 128
12.0625 -15.0000 7.6300 40 204 105
-14.3750 9.5000 6.2140 66 144 190
10.2500 -1.5000 12.8160 16 138 61
-2.7500 -1.5000 4.1660 123 232 139
20.7500 6.0000 6.5930 148 230 149
-7.0625 -5.0000 5.4540 84 187 254
18.6875 -9.0000 0.7640 143 109 19
9.6875 6.5000 6.2720 153 165 187
-4.8750 -20.5000 3.4090 220 101 85
-11.8750 9.5000 6.3790 69 134 175
1.1250 -16.0000 10.6840 52 109 126
21.8750 -0.5000 6.5370 113 237 182
-13.0000 -22.0000 3.7320 179 196 100
-0.1875 22.0000 13.0240 69 56 50
22.8750 17.0000 10.0080 19 170 98
6.5000 -7.5000 6.4990 54 181 165
4.0625 2.0000 15.7930 54 49 50
-21.8125 14.0000 7.8460 62 141 126
7.6875 -19.0000 12.9450 42 126 60
-17.4375 -11.5000 3.3250 199 88 102
21.6250 5.0000 6.6640 137 206 161
-3.2500 23.0000 10.5230 70 91 69
-0.3125 -8.5000 14.0760 26 59 119
-21.3125 -12.5000 3.3530 210 97 88
2.4375 -7.5000 8.7180 36 136 162
23.0625 -16.5000 3.3110 184 207 39
16.1250 20.0000 15.2070 18 120 67
6.0625 -24.0000 7.8880 71 164 109
-12.9375 17.0000 5.5520 168 177 150
-12.1875 -1.5000 3.0560 204 89 141
-13.1250 -1.5000 3.0650 202 88 143
-14.3125 8.0000 2.9540 188 91 123
-23.2500 -18.0000 13.7510 29 62 134
-17.3125 1.0000 3.0100 188 73 152
6.6250 6.0000 6.2090 141 173 157
21.0625 7.5000 13.9650 73 135 24
-14.4375 5.0000 2.9340 189 79 141
-4.5000 9.5000 7.1860 83 108 113
-13.2500 -18.0000 3.3340 215 96 131
9.1250 20.5000 8.0010 59 98 138
5.3750 -10.0000 17.3720 21 94 62
22.5000 23.5000 8.9360 24 194 90
9.2500 8.0000 6.2690 152 166 192
12.8125 10.5000 8.7760 85 111 81
24.5000 -1.5000 6.5110 134 221 128
16.5625 -0.5000 6.5580 98 230 161
-5.8750 -19.0000 13.3350 41 62 153
5.3750 -24.0000 7.8460 86 154 116
16.3125 23.0000 12.1970 0 158 79
6.9375 -3.5000 12.1610 8 114 115
13.6875 17.5000 9.7290 47 103 101
-16.6250 16.5000 5.8110 128 161 144
18.7500 2.5000 6.4830 141 191 190
9.1250 -21.0000 0.7790 165 93 13
7.3125 5.5000 6.2140 138 171 153
-2.5000 13.5000 5.8510 161 164 186
-7.1875 12.5000 5.7430 154 178 161
-20.1875 -8.5000 3.2130 201 65 114
2.1875 11.0000 6.0620 160 151 181
-23.0000 -6.0000 3.3320 196 107 113
-23.0625 -7.0000 3.2820 202 81 109
12.9375 -13.5000 8.3870 21 197 89
5.9375 23.5000 3.6470 197 146 31
-19.2500 -19.5000 16.2940 33 21 139
13.3125 -24.0000 6.2220 53 231 124
-13.6875 18.0000 5.5030 181 163 150
-6.1250 -9.5000 3.1710 213 88 108
10.0000 -0.5000 5.3290 96 236 159
-6.6250 -21.5000 3.4120 228 108 92
-12.2500 -5.5000 3.1300 197 94 152
-3.5625 18.5000 10.4570 100 86 32
0.6250 12.5000 5.9690 165 148 165
-24.5000 -6.5000 3.3350 184 106 124
0.6875 14.5000 5.8610 163 149 171
4.0625 -3.0000 13.4310 7 85 138
12.8750 24.0000 13.8320 39 64 89
-9.6250 -15.0000 3.2040 220 74 115
21.5625 6.0000 6.6330 145 207 158
23.1250 -13.0000 2.9140 169 166 96
-5.2500 -3.5000 3.0780 190 99 148
-12.7500 -24.0000 3.7810 167 177 107
-16.5000 13.0000 6.4190 71 147 145
-0.7500 -18.5000 14.5700 51 66 103
14.3750 2.5000 6.3800 131 231 149
16.9375 20.0000 12.9580 14 151 72
9.2500 23.0000 3.6640 204 149 31
2.0000 1.0000 19.1100 46 52 68
-6.5000 6.0000 7.4100 66 128 161
-19.4375 -17.5000 13.6670 26 52 159
-0.6250 5.0000 14.4930 63 62 50
-14.6875 18.0000 5.4640 173 162 126
-11.0000 -1.0000 3.0970 199 98 132
18.1875 -23.0000 3.2410 180 194 55
21.1250 23.5000 9.4400 27 185 80
0.2500 23.0000 9.7110 57 114 90
-23.6875 -14.0000 3.3560 205 97 101
21.0625 -9.5000 2.3500 154 194 134
-21.1250 22.5000 5.2780 184 169 134
6.1875 9.5000 6.1580 156 162 179
-19.1250 -18.0000 13.0850 26 44 156
-6.1875 -14.0000 12.6050 39 52 151
18.3750 -18.0000 5.1420 76 254 158
-20.6250 23.5000 5.2700 192 165 130
-18.8125 -24.0000 13.5940 46 68 133
8.8750 16.0000 12.0550 48 79 92
3.1250 -22.5000 7.0560 100 152 170
-13.8125 -16.5000 3.4260 206 110 102
-13.0625 -6.0000 3.1190 199 89 154
-9.3125 -13.5000 3.2290 216 86 112
3.0625 -18.0000 16.3370 67 79 69
-16.8125 22.0000 5.3250 195 159 151
-2.5625 17.0000 5.7150 151 164 156
-1.0000 5.0000 16.1810 73 48 45
-6.6875 23.5000 5.1570 176 184 127
11.8125 -0.5000 1.6210 185 138 41
1.5000 -23.5000 6.8110 100 136 170
-2.8125 14.0000 5.8370 160 164 189
-23.1875 -3.0000 3.2310 193 112 138
-6.0000 13.0000 5.8150 152 182 162
21.8125 25.0000 9.9690 35 175 75
16.8750 -14.5000 6.8090 49 220 112
-1.1250 24.0000 10.2130 63 108 76
14.3750 24.0000 11.6940 32 135 82
1.5000 -21.0000 6.9000 99 163 172
-17.6250 15.0000 7.2030 60 128 125
-17.1875 3.5000 2.9810 188 75 140
22.0000 8.5000 16.0050 54 99 30
-13.2500 -13.0000 3.3180 212 102 120
23.4375 21.5000 11.2600 21 154 93
15.9375 -19.5000 6.0250 44 254 146
3.9375 -4.5000 12.1020 10 98 138
8.1875 -20.5000 18.3090 56 120 7
0.6875 -1.0000 11.6610 23 107 122
0.2500 4.0000 13.3890 69 79 52
7.1875 -18.0000 22.6440 51 65 48
-7.0625 -1.0000 3.0990 202 89 137
-4.1875 21.0000 11.6580 87 69 41
-4.6250 -24.0000 6.8700 75 125 212
-3.4375 -23.5000 6.8950 77 128 206
-8.3750 3.5000 3.4770 195 165 50
-11.6250 8.0000 6.2350 63 160 190
13.5625 23.0000 9.4090 38 132 115
-13.4375 -18.5000 3.2640 216 82 140
7.3750 19.5000 11.0800 49 72 105
12.6250 19.5000 7.8910 43 138 143
-24.0625 -20.5000 6.2070 74 142 208
-0.7500 13.5000 5.9160 162 149 180
24.1875 5.0000 19.3850 86 106 47
-20.8125 -12.5000 3.3810 207 103 85
-1.9375 6.5000 15.7910 58 39 45
6.8750 -6.5000 5.7990 70 209 181
20.0625 -8.5000 2.4010 159 249 81
20.3750 16.0000 16.6170 12 133 62
-15.6250 -7.5000 3.2490 205 95 118
-0.3750 -4.0000 7.6820 25 138 216
21.0000 -16.5000 4.4090 112 254 127
-7.8125 0.0000 3.0430 197 89 119
-6.5625 -9.5000 3.1550 211 83 115
22.6875 5.5000 12.7110 67 137 44
4.1875 -3.5000 13.2310 5 86 138
21.0000 24.0000 9.3070 26 195 88
-20.5625 6.5000 2.9350 182 86 141
-8.0625 8.0000 6.2580 76 151 170
7.0625 4.5000 6.1640 135 169 151
5.5625 16.0000 11.5400 70 75 60
-16.2500 6.0000 12.2390 4 107 147
2.1250 25.0000 3.7800 191 162 13
-8.3750 14.5000 5.6900 153 163 162
18.0625 23.0000 11.9180 8 170 80
23.1875 15.0000 12.4750 22 156 78
-18.8125 -16.5000 10.9810 31 66 186
21.0000 -4.0000 1.2270 181 135 48
-7.8750 0.5000 3.0550 202 79 115
-5.6250 9.0000 5.4020 123 171 166
-17.0625 -12.0000 3.2950 206 91 112
8.3125 1.5000 7.8950 55 156 93
22.1875 25.5000 7.9470 38 181 119
16.1250 17.5000 10.5880 22 168 75
-22.4375 6.0000 3.0000 191 108 144
-18.3125 2.5000 2.9820 188 83 153
-20.2500 8.5000 3.0530 206 104 112
2.0000 6.0000 14.6280 75 73 54
7.6875 -3.0000 13.2960 11 123 100
3.1875 12.0000 6.0440 163 145 182
5.8125 -17.5000 21.7780 53 72 57
22.9375 11.0000 11.5470 24 158 80
-15.9375 7.0000 3.0130 196 90 113
24.1250 21.0000 0.0550 142 114 5
9.0000 18.0000 11.2700 42 75 106
-15.7500 -20.0000 3.2880 223 96 119
21.3750 16.5000 17.2120 12 125 67
13.3125 -13.5000 7.2900 27 218 118
3.6875 9.0000 6.1390 152 174 168
-14.3125 7.0000 4.8260 92 221 201
5.3750 -14.0000 17.4270 35 110 54
-18.8125 -16.5000 10.8020 30 69 187
-24.0000 -15.5000 3.2960 199 73 94
-8.8125 24.5000 8.6620 114 110 81
-11.1875 -4.5000 3.0840 196 93 141
22.4375 15.5000 13.3980 17 155 71
9.8750 -2.5000 12.9730 20 130 65
22.2500 5.5000 12.4680 63 132 44
4.7500 1.5000 13.1550 49 76 69
-15.9375 17.5000 5.3990 160 176 147
-13.4375 -23.5000 5.7290 97 146 232
10.3750 4.5000 6.2900 132 191 180
4.3125 22.5000 9.9300 57 84 101
0.2500 16.0000 8.2640 82 93 85
-13.0625 -2.0000 3.0970 202 91 138
-16.4375 -16.0000 3.4340 204 106 93
-3.4375 1.0000 13.4210 47 89 95
-3.6250 10.0000 5.6170 162 163 168
22.7500 25.5000 4.2800 110 250 86
-12.1875 -23.0000 5.3180 101 177 248
2.5000 25.0000 3.7250 196 156 13
18.2500 23.5000 14.8120 10 146 64
9.6250 6.5000 6.2880 141 193 177
17.1875 23.0000 14.6170 16 139 60
10.9375 -12.5000 8.8690 25 177 85
-8.3750 9.5000 7.3910 70 121 125
-20.0625 -18.5000 19.7800 38 28 149
3.1875 -3.0000 3.1050 195 71 107
-21.5000 13.5000 7.1650 68 145 155
1.9375 1.0000 19.0690 46 52 68
22.7500 11.0000 13.5110 24 146 59
17.4375 2.0000 6.3650 137 231 157
-21.5000 25.5000 5.2640 200 145 118
21.0000 17.0000 17.2440 15 126 71
22.5625 -6.5000 2.9400 195 207 98
15.9375 21.0000 13.5560 18 146 75
-2.7500 -21.5000 3.7150 193 189 68
0.3750 -22.0000 7.1460 80 144 185
-8.5000 24.5000 5.0660 179 194 114
8.4375 1.0000 6.8370 74 181 121
14.4375 6.0000 6.4140 147 199 151
13.5625 20.0000 10.1180 41 110 111
21.6875 -16.5000 2.4160 142 153 122
8.0625 -15.0000 17.1130 25 119 41
-21.1875 24.0000 5.2890 193 162 132
20.1875 -13.0000 2.7450 142 227 103
1.3750 3.0000 17.1970 76 39 26
0.3750 -17.5000 16.0060 54 58 94
-4.6875 17.0000 6.5440 135 136 138
12.6250 0.0000 1.1270 186 128 25
21.1250 2.0000 6.5120 135 220 205
-10.6250 16.0000 5.5880 168 180 158
-13.8750 -3.5000 3.1130 203 97 143
15.8125 21.5000 16.2480 14 119 57
-14.3125 -20.0000 3.3270 212 86 115
-16.1875 18.5000 5.4090 175 165 148
24.3750 3.5000 19.4990 89 96 50
-0.8750 -1.5000 3.1800 209 90 100
-4.3125 -16.5000 11.3310 52 67 152
-14.0000 -14.0000 3.3330 205 85 111
15.4375 -16.0000 6.3940 48 239 137
3.8750 3.0000 16.2120 57 48 50
-10.5625 24.5000 9.0580 112 122 87
-3.2500 -20.0000 15.4360 47 42 138
-0.0625 -14.5000 16.1720 35 71 83
1.6875 -19.5000 6.9320 103 150 186
-14.8750 7.0000 2.8870 187 83 134
17.4375 21.5000 8.5200 19 188 118
17.6875 23.5000 15.2740 23 137 38
-12.1250 -13.5000 3.2760 216 98 120
22.1250 22.5000 11.4920 4 163 86
6.5625 -3.5000 6.3900 55 178 188
11.3750 18.0000 8.6060 44 132 120
2.5625 -17.5000 16.5090 71 79 73
-13.8750 -4.5000 3.1220 195 84 145
2.5625 -0.5000 6.7350 65 128 192
0.8750 16.5000 9.3830 75 101 67
-0.4375 5.5000 14.3940 63 64 51
-17.9375 -18.5000 3.4530 208 118 67
4.3750 -14.0000 18.5670 48 69 51
-1.9375 0.0000 12.6150 41 96 92
-9.0000 -19.5000 3.3790 232 110 107
-22.6250 -15.0000 3.3220 212 83 82
-12.3750 -1.5000 3.0670 204 89 140
23.6250 -1.5000 6.5530 115 231 159
-16.6875 -17.0000 3.4060 204 100 95
-12.6250 -14.0000 3.3130 214 104 121
-1.5000 -17.0000 16.0150 40 67 103
1.3125 2.5000 14.8500 53 63 56
-22.0625 19.5000 4.8800 161 216 137
-23.1875 -4.5000 3.2630 193 96 131
23.1875 -4.5000 7.6650 61 202 113
-1.9375 23.0000 11.3300 78 78 54
-0.4375 6.5000 5.4430 159 172 157
3.6875 -3.0000 12.0380 9 94 144
0.0000 23.0000 10.2770 60 101 85
16.0000 23.0000 8.8010 20 176 110
-21.4375 -18.0000 13.4410 19 68 136
23.6250 13.0000 11.7060 29 159 83
-5.3750 -9.0000 3.1450 207 89 116
18.5000 19.5000 9.9270 18 184 100
3.6875 4.0000 16.4030 74 39 47
-6.4375 -6.5000 3.0880 195 94 137
7.3125 -21.5000 11.4880 36 141 76
4.6250 -22.5000 8.1100 81 150 126
1.5625 -5.5000 9.4380 29 119 169
3.3750 -8.0000 16.8050 23 65 99
-18.0000 16.0000 7.8850 67 132 112
17.8750 -23.0000 2.8680 136 217 113
12.4375 14.0000 11.0970 66 112 85
-19.5000 -14.0000 3.4090 198 108 92
21.3750 4.0000 6.5490 152 215 178
16.8125 5.0000 6.4530 131 242 180
12.5625 2.0000 6.4950 117 209 139
-2.6875 23.5000 10.6410 71 87 66
2.8750 12.0000 6.0060 165 145 182
8.6250 22.0000 3.5530 215 123 28
7.8750 -6.0000 15.2950 23 99 59
-3.9375 -12.0000 15.4480 36 34 117
-6.0000 -4.0000 3.1170 198 100 141
7.4375 -23.0000 10.1230 46 153 87
5.9375 16.5000 11.7880 65 74 59
-20.5000 16.5000 6.5250 97 149 131
4.6875 -2.0000 13.4790 20 83 109
-6.3125 -24.0000 5.5440 102 151 232
21.0625 11.5000 9.7300 35 184 102
15.5625 22.0000 15.5540 15 122 59
16.9375 2.0000 6.4450 131 230 161
-15.5625 18.0000 5.3890 166 174 142
7.0000 13.0000 10.3820 90 108 92
-5.2500 -15.0000 15.7320 44 50 136
-2.1875 -21.0000 3.8290 178 194 82
-14.5000 -1.0000 3.0160 196 88 149
-17.6250 4.0000 2.9940 188 88 131
-23.3125 -19.5000 5.0580 105 196 205
10.0000 15.0000 10.7110 66 117 76
-12.5000 -13.5000 3.2830 216 98 121
3.6250 -18.0000 8.9820 81 137 113
-2.0625 9.5000 5.8040 159 159 156
-15.4375 -17.0000 3.4240 206 106 93
-0.6875 21.0000 12.8210 74 70 38
21.5625 3.5000 6.5200 144 231 197
-5.5000 1.0000 3.0520 203 88 91
-7.5625 13.0000 5.7220 152 184 170
9.3125 -3.5000 12.6940 4 139 85
4.8125 -1.5000 10.8960 22 100 132
18.7500 -13.5000 2.1120 134 229 93
1.9375 -2.5000 4.4500 120 220 172
-14.6875 -6.0000 3.2080 199 95 131
-17.6875 18.5000 5.3330 160 169 128
24.0625 13.0000 0.3010 143 113 33
15.7500 17.5000 11.3330 22 152 66
-4.6875 -16.5000 14.9710 42 50 136
24.2500 -14.5000 2.3660 136 146 108
-1.5625 25.5000 4.5380 154 198 83
-20.5625 -22.5000 20.8230 41 22 110
3.8750 -5.5000 8.6550 32 135 163
-21.5000 3.0000 2.9970 190 90 148
8.9375 -7.0000 9.1130 13 194 94
-15.7500 13.0000 6.3140 73 149 149
0.1250 -3.0000 3.1230 190 78 111
0.8750 -13.0000 15.8440 35 57 82
24.6250 -1.5000 6.5710 130 219 127
-16.4375 9.0000 10.1440 22 119 147
-5.5000 2.5000 4.2540 137 245 120
7.3125 20.0000 11.3290 49 68 102
23.5625 -14.0000 2.9540 171 159 85
8.3750 -21.5000 0.7890 163 98 19
-4.3750 14.5000 5.8430 157 165 163
-2.7500 16.0000 7.1350 116 126 143
8.1250 -8.5000 13.7980 21 133 47
-6.7500 4.0000 15.1270 41 52 93
-14.8750 22.0000 5.3920 188 154 157
9.0625 -12.5000 14.8670 18 133 45
-5.2500 -3.5000 3.0610 189 97 152
10.5000 5.5000 6.2960 137 191 183
-23.0625 -22.0000 15.2660 35 59 130
-7.9375 11.0000 5.2640 142 185 137
-21.5625 -6.5000 3.3190 205 95 99
-19.0625 -4.0000 3.2130 206 95 128
-17.2500 16.0000 5.8180 117 160 159
-13.2500 -9.0000 3.1600 201 75 138
4.3125 23.0000 9.9480 58 81 103
9.7500 -7.5000 12.0080 7 155 54
19.7500 5.0000 6.4500 147 237 178
-19.4375 6.0000 2.9480 181 100 142
19.6250 -10.5000 2.0930 151 254 80
11.5000 -13.5000 8.1470 28 174 99
-13.0000 21.5000 5.3840 191 164 152
-19.7500 20.0000 5.2320 173 172 140
-16.7500 -6.5000 3.2160 201 88 133
6.6875 -17.5000 22.3800 51 68 52
19.5000 -17.5000 4.7880 85 254 138
-17.5625 -11.0000 3.3240 199 87 102
-3.1875 -8.5000 2.9950 199 63 122
-23.5625 -3.0000 3.2260 191 111 143
6.3125 -11.5000 7.9740 47 172 106
-22.4375 22.5000 5.2110 186 170 132
-23.5625 2.5000 3.0380 180 104 148
5.8750 -24.0000 3.4270 195 157 0
-12.6875 -6.5000 3.1590 206 93 140
-21.1875 -11.5000 3.3700 205 99 93
1.8750 -8.0000 8.9060 28 141 150
7.1250 8.5000 6.2520 153 171 159
-21.4375 -17.0000 13.6520 20 51 139
23.9375 11.0000 16.5120 33 130 56
-17.8750 -17.5000 11.2820 34 63 165
12.9375 -13.5000 8.3720 21 197 90
18.6875 -16.0000 6.9300 26 220 153
5.0625 -2.0000 15.0350 19 73 108
9.6875 25.5000 5.4510 120 133 179
-7.2500 11.0000 6.7100 90 120 143
-24.1250 -6.5000 3.3310 187 105 121
-0.2500 -0.5000 3.2320 217 105 82
14.8750 4.5000 6.4480 132 233 183
-0.1250 8.0000 5.8300 148 165 176
-2.1875 -3.0000 7.2630 24 156 226
10.1250 -5.5000 9.1550 28 186 90
12.0625 -8.5000 6.6780 50 240 115
19.2500 19.5000 4.7900 92 254 151
8.1250 -2.0000 3.7400 161 231 17
-1.2500 -24.0000 5.3630 114 181 186
-1.5000 6.0000 15.5690 59 58 49
-12.6250 -11.5000 3.2570 211 91 135
6.1250 13.5000 6.1360 152 147 175
-24.4375 5.5000 3.0150 178 112 147
-22.8125 8.5000 2.9510 194 96 155
-18.6250 21.0000 5.3180 179 166 140
19.4375 21.0000 5.0370 81 254 142
-15.7500 23.0000 5.3500 191 156 163
-9.6875 -0.5000 3.0510 198 90 139
-5.1250 6.5000 15.9510 50 48 50
21.0000 1.5000 6.5630 133 213 201
-22.1250 5.0000 2.9930 189 93 140
15.6250 2.0000 6.4200 127 234 169
-18.3750 19.0000 5.3040 163 174 135
-11.9375 14.0000 5.4590 144 190 165
-3.9375 18.5000 5.7400 176 175 122
-4.7500 10.5000 5.7140 149 176 151
-11.5000 -5.5000 3.1450 200 93 142
15.2500 9.5000 8.7560 82 132 57
-3.0000 9.0000 5.4650 157 172 155
-23.3125 -22.0000 20.1160 39 33 126
0.1875 -9.5000 15.0100 21 50 106
19.3125 25.5000 17.3980 25 159 73
-13.6250 -19.5000 3.3760 213 101 110
25.1250 25.0000 0.1760 115 124 49
9.8750 -5.0000 3.4840 190 214 0
-8.6250 -7.0000 3.1260 199 87 137
4.6250 4.0000 16.2770 69 28 41
-3.5625 -20.5000 3.3990 226 109 88
-4.0000 19.0000 11.2840 90 84 41
-7.1875 -0.5000 3.0120 194 82 151
5.8750 -4.5000 13.0790 10 101 119
-20.6875 -17.5000 7.0000 53 120 217
10.5625 -12.5000 9.6760 23 173 79
0.8750 -10.5000 16.4440 27 45 94
6.0000 -1.0000 8.1720 38 156 139
19.1875 15.5000 15.2850 17 141 52
20.5625 -21.0000 3.3230 180 211 52
-10.7500 15.5000 5.6050 168 158 164
22.0000 11.0000 12.3860 21 153 77
-3.2500 12.0000 5.9190 155 166 172
-21.0000 11.5000 2.9620 205 86 137
21.6875 14.5000 11.6830 16 167 95
-8.8125 -2.0000 3.0870 198 96 132
17.8750 20.5000 10.2680 19 178 100
-5.1250 17.5000 5.5680 175 155 155
7.7500 -7.5000 15.0380 20 97 52
-20.4375 2.0000 3.0380 192 94 137
-14.3750 8.0000 9.1040 19 131 167
4.9375 -17.0000 14.8840 48 113 62
1.3750 -14.0000 15.2360 39 78 66
4.5000 -20.5000 6.2460 112 162 169
2.0000 10.0000 6.0900 159 172 163
-23.1875 -5.0000 3.2310 196 90 132
11.5000 21.0000 3.6170 189 164 24
-3.7500 -13.0000 15.7890 33 34 113
-22.6875 24.0000 5.2140 197 160 127
5.8750 14.5000 6.2070 146 143 171
-7.7500 24.0000 5.0600 166 208 120
9.5625 21.0000 7.5890 68 104 147
-22.8125 20.5000 5.1580 153 192 143
1.7500 -2.5000 4.3120 120 212 150
-23.8750 14.0000 5.3920 120 184 185
-13.0000 -17.0000 3.3810 210 114 120
-23.6875 -22.0000 18.2950 41 43 132
-16.3750 10.0000 5.2430 86 214 186
-1.2500 -5.0000 3.1660 188 87 96
15.4375 15.5000 7.2740 61 201 121
-7.0625 15.5000 5.7180 167 170 160
-18.8125 25.0000 5.1190 203 150 133
9.1250 -5.0000 9.5820 21 181 97
0.4375 -21.0000 7.1970 81 143 188
-15.3125 22.5000 5.2860 192 162 160
-6.2500 -14.0000 12.7620 38 50 151
22.6250 12.0000 12.8190 26 150 74
-9.9375 2.5000 3.0270 206 81 131
7.3125 18.0000 11.1770 61 66 91
-3.6250 -17.0000 14.6280 40 60 129
7.9375 -15.5000 17.3970 34 112 31
-10.6875 22.5000 5.3950 186 165 141
-4.2500 -23.5000 6.4120 82 137 219
2.5625 21.5000 10.2890 52 90 91
14.1875 7.5000 6.3370 162 191 163
-22.1875 -2.5000 3.0860 194 94 157
-10.2500 -12.0000 3.2270 211 85 127
20.8125 21.5000 5.7710 79 254 135
1.1875 21.0000 11.9580 73 61 75
-19.3125 -1.0000 2.9960 196 78 162
-6.2500 -23.0000 5.2980 105 178 244
16.2500 -23.5000 1.6130 138 197 62
14.6875 1.5000 6.4150 126 232 161
-19.7500 22.0000 5.3200 188 154 151
4.2500 3.5000 15.0370 62 40 40
-19.0625 -14.0000 3.3150 204 95 97
-10.9375 2.0000 3.0610 195 90 129
18.3125 4.5000 6.4730 141 237 188
-9.8750 3.0000 3.0180 201 82 133
22.7500 20.5000 9.1770 18 183 119
8.6875 -7.0000 14.6390 16 125 45
-23.1875 9.0000 2.9100 188 99 163
21.1875 -24.5000 3.5100 164 223 38
5.9375 25.0000 4.7750 128 169 164
-8.0625 4.5000 3.2890 213 125 59
-18.8750 0.5000 3.0710 192 102 150
23.6875 24.0000 0.0000 125 99 41
2.0625 -2.5000 3.1450 195 92 118
-7.7500 -17.0000 3.2440 221 65 101
-14.0625 -7.5000 3.2250 197 92 129
-5.8750 10.5000 5.4730 154 193 165
-1.3750 -12.5000 17.4110 35 36 101
2.8750 9.0000 6.0740 155 173 168
9.6250 -5.5000 3.9800 131 254 27
-16.6875 8.0000 11.9670 7 102 143
22.0625 9.5000 14.8230 29 133 52
-21.9375 -15.5000 3.3640 215 100 68
24.1250 -9.0000 2.6930 173 182 94
-16.5000 20.0000 5.2750 185 163 142
2.1875 17.0000 11.3250 81 87 43
-6.8125 18.5000 5.5390 171 168 146
-20.5625 -12.0000 3.3760 204 101 89
-9.2500 9.0000 6.8790 62 141 154
14.6875 15.0000 11.6360 46 135 68
-19.2500 10.5000 2.9810 195 77 119
-14.3125 -21.0000 5.4910 90 176 249
22.0000 15.5000 16.4900 15 130 65
-21.6250 -1.5000 3.1300 207 87 142
-13.8125 7.5000 2.9110 178 76 133
-19.7500 -6.0000 3.2280 198 82 131
-1.3750 25.0000 4.7020 147 199 100
18.1250 -1.0000 6.5780 110 227 150
-6.0000 9.5000 5.4430 151 187 156
24.3750 -22.5000 6.7770 41 194 154
-17.2500 10.0000 4.6960 107 229 177
4.5000 20.5000 11.3200 65 70 73
-20.3750 -22.0000 16.0850 31 57 120
-15.2500 5.0000 8.1130 22 135 200
-12.5625 10.5000 12.4050 31 80 99
2.7500 3.5000 16.5630 70 41 54
4.0625 -22.0000 7.7480 88 146 144
-22.5625 -19.5000 6.0560 78 148 217
-18.1875 -0.5000 3.0830 202 88 144
8.8750 -15.5000 16.6620 26 132 36
-4.7500 -1.5000 2.9980 186 69 152
1.3750 -21.5000 6.8480 92 147 180
23.0625 -10.0000 2.4790 157 186 124
-22.6875 10.5000 2.9710 210 86 141
24.2500 -13.0000 2.7000 146 171 101
-4.5000 4.5000 17.4560 45 41 72
-8.8750 17.5000 5.6380 171 157 163
2.3125 21.5000 9.6610 53 103 96
-2.2500 -1.0000 4.2720 120 232 152
2.0000 1.0000 14.7690 40 62 83
11.2500 5.0000 6.3210 151 181 187
13.7500 24.5000 14.0150 40 111 81
10.8750 -0.5000 5.0570 106 247 129
-13.5625 -3.5000 3.0820 195 87 154
8.5625 3.0000 6.1000 127 197 169
-6.8125 -19.5000 3.3850 229 103 89
-4.1250 24.5000 9.7790 73 115 63
15.8750 -23.0000 2.3950 127 242 93
1.8125 14.5000 5.9040 158 162 155
10.6875 21.5000 3.5350 208 131 24
-0.5000 16.0000 5.8090 148 170 151
21.0625 -5.0000 1.6270 163 168 89
19.5000 22.0000 12.0500 8 173 71
-8.3125 13.0000 5.7500 140 158 152
23.8125 17.5000 9.4870 32 171 97
-1.6250 -19.0000 14.5830 50 53 119
12.3125 22.0000 12.3940 32 81 105
-5.8750 12.0000 5.8030 147 176 165
-12.1875 -1.5000 3.0920 206 92 135
-19.1875 -16.0000 3.4180 200 107 79
11.4375 -17.0000 7.5220 42 223 97
24.4375 5.0000 18.4060 87 109 43
-18.3750 -11.5000 3.2970 204 84 105
-8.8125 -7.5000 3.1560 200 90 130
13.6875 -14.5000 6.8730 41 217 123
-20.6875 11.0000 2.9680 204 88 134
22.1875 23.5000 8.5470 20 193 109
5.3125 -3.5000 14.5610 15 83 120
-13.2500 -16.5000 3.4120 205 119 110
7.6875 -18.0000 3.5230 195 199 0
6.2500 -17.0000 20.0220 40 102 46
8.3750 -18.0000 1.1800 178 95 29
23.9375 16.0000 6.8830 55 203 131
-23.9375 -21.0000 10.2560 38 101 154
8.9375 16.5000 12.1170 46 78 93
-23.3125 2.0000 3.0350 191 90 146
-16.7500 -1.5000 3.0670 192 82 153
16.8750 20.5000 15.1300 24 125 63
6.1250 -11.0000 16.3560 20 104 50
-17.8750 9.5000 4.1640 126 227 124
-18.9375 -23.5000 15.9780 41 46 127
-6.3125 25.5000 4.8090 163 185 90
2.1875 -13.0000 14.6150 23 93 66
2.8125 -4.0000 8.9670 20 129 182
-24.6875 -23.0000 16.9430 60 66 133
-13.7500 -12.5000 3.3090 209 97 126
10.0625 -3.0000 2.9160 179 125 41
8.8125 -6.5000 9.9400 11 181 84
20.2500 -18.5000 2.5210 144 177 109
11.4375 23.0000 4.8260 126 210 166
17.6875 23.0000 12.0640 11 170 80
25.2500 -10.5000 3.7290 151 254 14
7.5000 12.5000 10.4950 100 104 93
21.1875 -19.5000 3.0100 173 174 87
-19.1875 -21.0000 18.9950 34 20 144
-5.5000 3.0000 15.3030 25 79 91
0.6875 9.5000 5.9950 153 168 154
-8.2500 -13.5000 3.1920 210 83 115
8.0625 -16.5000 12.5520 40 126 39
-9.6250 17.5000 5.5560 174 161 163
1.0000 -8.5000 6.2210 68 164 198
-4.0625 -9.5000 13.3990 26 67 151
-10.3125 -16.0000 3.2130 221 73 116
22.7500 6.5000 11.1870 56 119 43
6.2500 -4.5000 6.5150 53 177 179
-8.3125 19.0000 5.5140 178 152 157
-4.8125 -10.0000 3.0350 201 80 127
-8.2500 -15.0000 3.1400 214 69 122
15.4375 10.0000 8.9760 74 159 56
24.5625 10.0000 19.2530 59 108 43
-18.3125 -5.0000 3.2180 204 96 122
-0.6875 -16.5000 14.6840 40 70 85
-11.5625 18.0000 5.5760 181 156 145
21.3125 16.0000 16.9490 14 126 68
-12.0000 -20.5000 3.3450 230 85 100
0.0625 -5.5000 7.9740 38 130 190
-17.9375 18.0000 5.2040 164 178 126
9.8750 -5.5000 12.5250 9 151 55
-17.6875 -23.0000 10.9690 42 77 158
-13.5000 7.5000 5.1130 83 213 204
-2.0625 -21.0000 3.8180 179 192 79
16.6250 23.5000 14.9520 16 131 61
3.6250 -15.5000 18.8940 51 55 62
7.3750 -4.0000 11.9210 11 116 111
15.0000 -17.5000 3.6400 159 254 0
25.0625 4.0000 19.9480 96 96 52
21.7500 9.5000 14.4840 53 142 39
-11.1875 -16.0000 3.2770 217 93 122
-6.2500 0.0000 2.9930 193 82 152
-8.6250 18.0000 5.5770 175 151 161
2.0625 -23.0000 6.7130 104 140 175
-14.1875 -19.0000 3.3490 219 104 113
-17.9375 -0.5000 2.9800 193 83 162
22.1250 17.0000 16.2410 8 129 69
9.8125 -16.0000 9.3670 24 170 86
-11.1250 21.5000 5.3790 188 162 147
-1.9375 12.5000 5.9160 165 156 161
7.3125 6.0000 7.2810 108 156 116
22.3750 -5.5000 2.7720 176 224 112
-0.9375 -20.0000 14.0960 43 74 102
25.1250 3.0000 19.7350 96 96 47
-15.5625 -16.0000 3.3500 215 90 98
4.3125 25.0000 3.5820 201 129 33
-15.6250 -14.5000 3.3430 210 86 106
6.4375 -23.0000 8.5490 53 169 112
0.2500 -24.5000 6.9790 100 134 153
20.5000 -20.0000 3.0780 175 173 57
-1.4375 -3.0000 7.5970 28 147 217
-24.0000 0.5000 3.0850 184 106 160
10.1875 6.0000 6.3170 138 190 185
-20.0000 13.5000 7.8060 49 129 154
-19.4375 13.5000 7.6400 48 128 155
12.5000 12.0000 9.7430 88 127 67
19.8750 1.5000 6.4770 143 191 179
23.6250 3.0000 20.3340 92 82 55
-0.3125 -10.0000 16.7830 25 40 105
-18.0000 -19.5000 14.0260 28 35 146
5.5625 -3.0000 14.9260 16 79 116
17.5000 -14.0000 6.7390 34 231 135
4.8750 -18.0000 18.9260 65 82 49
24.5000 -23.5000 3.8520 130 234 53
9.5625 10.5000 6.2790 153 181 180
10.3125 21.0000 3.6140 200 146 23
1.2500 11.5000 5.9670 161 170 160
2.6250 1.0000 18.1330 58 57 56
6.1875 16.5000 11.9450 64 74 58
5.4375 -21.5000 21.9530 46 64 64
4.0625 -13.5000 14.5960 24 96 54
9.4375 -8.5000 11.9920 13 150 55
13.2500 -24.0000 5.5360 72 243 117
15.9375 -15.5000 3.5020 179 245 0
-19.4375 16.0000 8.1670 66 128 114
-21.9375 -11.0000 3.3320 208 91 94
-20.3750 13.0000 5.7190 97 175 179
18.6875 13.0000 8.3670 34 190 103
-6.1250 -13.0000 9.4610 40 116 182
3.3750 -12.5000 14.7420 18 92 59
-11.3750 -17.5000 3.2260 215 77 149
19.4375 15.0000 17.1430 23 122 49
-16.3750 -16.0000 3.4710 200 116 91
11.8125 17.5000 8.8120 44 130 118
9.8750 10.0000 6.1900 158 180 177
-14.8125 -18.0000 3.4010 216 113 106
5.6250 -11.5000 13.6310 24 127 58
7.8125 -13.0000 15.0160 26 121 38
-10.5000 22.5000 5.4540 175 182 135
-22.8750 20.0000 5.2920 145 184 149
-11.7500 -12.0000 3.2650 212 97 128
-19.6875 -15.0000 6.5770 60 123 239
-5.3750 23.0000 9.1590 70 109 74
6.2500 -14.5000 19.9370 33 102 53
-20.9375 -19.5000 18.7470 29 27 114
22.9375 18.5000 10.0030 26 167 104
24.0000 16.5000 12.7190 23 157 72
5.3750 23.5000 3.5950 201 135 32
-19.0625 -8.5000 3.2970 202 97 112
-20.4375 0.0000 3.0710 199 81 147
23.9375 -18.5000 3.2540 180 177 42
-9.8125 10.5000 8.1370 54 122 109
13.6875 12.0000 9.3400 76 132 76
14.6250 13.0000 11.8230 52 140 44
-21.4375 20.5000 5.2720 153 189 149
11.5000 12.5000 14.9690 81 104 71
-7.1875 -20.0000 3.4070 227 112 106
-15.1250 7.0000 11.2220 9 102 150
-18.5625 -24.5000 16.0810 52 49 125
-21.6875 12.5000 2.9470 194 71 107
-23.9375 2.5000 3.0570 180 105 146
8.0000 -2.5000 14.2780 22 90 72
6.5625 11.0000 6.0830 163 156 187
3.1250 11.5000 6.0800 159 150 185
12.5000 8.0000 6.3450 157 194 181
-4.0000 -20.5000 3.4380 223 119 89
17.9375 25.0000 0.9960 140 122 53
5.4375 23.5000 3.6650 193 145 36
17.9375 20.0000 15.7970 8 143 75
-17.6875 18.5000 5.3150 161 170 127
12.7500 21.5000 12.1480 35 89 104
-23.1250 22.5000 5.1340 191 168 125
-8.5625 -7.0000 3.0960 198 83 143
13.5000 25.0000 13.2440 41 119 87
2.1875 22.5000 9.0930 60 100 111
-23.3125 -11.5000 3.3100 201 95 107
5.9375 -11.5000 7.1610 61 169 127
-16.2500 -21.5000 6.3090 69 139 243
24.8125 20.5000 2.1600 136 159 104
3.6875 -20.0000 6.4350 113 163 173
23.6875 9.0000 18.0820 50 109 40
-15.4375 -19.0000 3.2950 226 92 120
15.2500 -18.5000 7.4990 28 224 99
-9.3125 7.5000 6.4390 66 154 179
-13.8125 14.5000 5.1190 150 217 142
-8.1875 -1.0000 3.0740 196 98 130
-6.7500 19.0000 5.5390 166 181 139
3.5000 5.5000 13.7330 67 75 57
-18.0625 11.0000 5.3370 87 201 207
16.6250 -19.0000 6.5620 34 245 126
-18.8750 -18.0000 13.2460 25 42 155
-0.9375 9.5000 5.9730 154 164 172
-21.2500 -18.5000 14.6860 23 47 132
-1.5000 15.5000 6.8990 138 106 140
12.1875 0.5000 2.8320 221 175 90
-21.4375 -18.0000 13.4710 20 67 135
-9.5625 13.0000 5.5750 145 164 161
8.3125 -6.0000 7.6040 28 202 111
-21.3750 7.0000 2.9440 195 95 146
-21.0625 -14.0000 3.3260 200 85 88
-17.6875 -23.5000 5.2080 99 180 211
21.0000 6.5000 13.8030 82 139 52
-5.6875 -23.0000 3.5050 212 134 84
0.1875 10.5000 5.9980 155 175 165
-9.6250 13.0000 5.5110 148 168 161
-6.0000 18.5000 5.5480 164 179 132
-3.3750 20.0000 11.1900 82 85 40
-18.3750 4.5000 2.9680 191 86 136
-13.4375 -8.0000 3.2020 196 102 142
20.5625 13.0000 12.6560 13 157 89
-1.4375 19.5000 13.6200 87 83 30
5.3750 -10.0000 7.9350 46 179 120
16.5625 16.0000 17.4560 26 108 32
17.8125 18.0000 11.6440 16 166 89
18.3125 -17.0000 6.1630 44 239 150
9.1250 12.5000 10.4280 91 107 86
-6.1875 -12.0000 9.2480 41 115 185
-0.3750 10.0000 5.9790 155 172 160
13.5000 1.0000 1.2350 213 104 34
3.7500 14.0000 6.1070 152 158 174
7.2500 -18.5000 22.5750 51 66 46
3.3125 -22.0000 7.0720 99 153 174
4.0625 -21.0000 6.4040 108 163 184
9.4375 -17.0000 6.9780 50 192 113
-1.6875 2.0000 19.0070 46 56 75
12.3750 18.0000 11.2870 48 80 98
-20.9375 -15.0000 6.7000 53 125 229
18.1875 21.5000 15.0910 8 151 76
-22.8125 -20.0000 19.0620 33 33 126
2.2500 1.0000 19.3060 40 66 67
-5.7500 -20.5000 6.0970 93 127 254
14.8750 -18.0000 7.4730 32 223 97
-0.1250 16.0000 5.8410 147 169 150
20.1875 5.0000 6.5560 144 228 172
-2.1875 13.5000 5.8930 160 162 184
23.1875 -19.0000 3.5240 172 233 23
16.6875 16.0000 16.2510 29 118 28
-2.4375 -2.5000 5.3220 78 186 234
-19.2500 18.5000 5.1670 158 187 141
1.0000 -20.0000 6.9820 103 138 180
-24.4375 16.5000 6.2010 103 152 164
-24.6875 -24.0000 17.3780 71 70 128
12.4375 9.0000 6.3130 161 190 179
16.4375 19.0000 13.0640 13 151 73
19.2500 -18.5000 3.6800 156 254 14
-3.0000 -16.5000 14.6590 39 58 121
12.8125 -13.0000 4.0900 133 254 31
6.1875 -21.0000 21.9440 42 60 63
-1.3750 9.0000 5.8150 160 157 147
17.7500 11.0000 3.1830 201 178 11
-15.1875 -3.0000 3.1140 200 91 151
-1.3125 0.0000 17.2170 23 66 108
-8.4375 -2.0000 3.0740 194 96 133
-23.6250 -6.5000 3.3090 193 86 114
17.6250 11.0000 3.1930 199 180 12
-7.4375 -18.0000 3.2770 229 74 94
7.7500 -13.0000 17.4240 28 113 33
-13.8750 1.5000 3.0120 190 81 152
22.8750 15.0000 11.7250 25 158 84
17.1250 16.5000 17.4200 28 110 31
23.8125 14.5000 0.2760 157 110 15
16.3750 -24.0000 5.3060 79 253 133
-6.2500 -14.0000 3.0930 207 51 105
23.7500 22.0000 9.5080 32 193 67
-15.9375 5.0000 2.9290 189 76 147
10.8750 -12.0000 4.8700 89 254 116
-19.6875 -21.0000 20.3980 42 18 145
-15.3125 -11.0000 3.2760 204 89 103
24.4375 22.0000 8.7120 35 186 109
-22.4375 21.5000 5.1500 172 185 138
10.1250 -1.5000 9.8800 25 159 75
0.8125 -19.5000 7.1260 85 146 187
-21.2500 22.5000 5.2140 187 173 133
5.0000 12.0000 6.0480 160 151 167
-8.9375 -22.5000 3.4560 226 130 106
2.8125 10.5000 6.0320 159 155 180
11.5625 19.5000 8.3790 46 127 133
21.7500 -22.5000 3.6000 166 249 38
-8.0625 25.0000 5.0490 165 202 111
6.5625 22.5000 3.6650 200 152 23
16.0625 21.5000 16.0820 14 123 54
-13.1875 5.5000 2.9360 188 64 137
7.1875 -14.5000 19.4250 33 105 41
24.6250 -19.5000 3.1440 175 156 54
-22.0625 -19.5000 20.8070 34 14 117
-24.5625 21.0000 6.6160 105 138 132
-3.7500 -9.0000 13.1640 25 69 153
-21.9375 23.0000 5.2330 189 171 136
-23.5625 1.5000 2.9630 176 94 178
-3.0000 -22.0000 6.3680 78 143 233
-20.5625 -11.0000 3.3830 201 100 91
-5.3750 -23.0000 3.5100 210 135 84
3.1250 -20.0000 6.5730 109 171 184
-2.1875 13.0000 5.7800 164 167 182
-10.3750 25.5000 8.8610 114 119 89
-14.5625 -7.5000 3.1670 202 87 129
3.5625 -11.5000 14.2060 20 100 63
-0.8125 -15.0000 16.8730 40 64 89
13.1250 25.0000 16.5520 50 63 90
-4.6875 21.5000 9.1580 86 103 61
-12.6875 -17.0000 3.3930 211 116 115
24.3125 -12.5000 2.8150 152 171 97
21.0625 14.5000 15.2780 11 138 75
-1.6875 19.5000 12.0570 86 82 30
0.5625 4.0000 13.3660 69 79 52
-19.1250 -3.5000 3.1910 205 93 134
19.5000 -13.0000 2.6700 138 235 110
-2.2500 -18.5000 15.0690 46 49 121
5.5000 8.0000 7.3270 117 152 163
7.3750 -4.0000 13.8930 9 94 108
-12.1875 -8.5000 3.1750 201 81 135
-21.7500 17.5000 6.3310 103 157 147
-24.1875 21.0000 5.4430 153 153 146
9.1250 -15.5000 16.7030 25 131 35
20.5000 -21.5000 3.3160 189 204 47
7.8125 5.0000 6.1740 139 168 148
-9.8125 -24.0000 3.6510 182 161 95
7.8750 -19.5000 21.6220 45 88 28
7.8125 7.0000 7.3580 120 145 163
18.6875 -17.5000 5.4750 70 243 158
-0.1250 0.5000 15.4370 44 77 75
1.5625 -3.5000 4.7020 93 220 204
19.5000 -16.5000 7.1530 25 210 146
-21.5000 -13.0000 3.3650 210 100 86
-18.6250 9.5000 2.8630 178 89 150
1.0000 -22.5000 6.9290 88 145 176
-22.4375 -5.5000 3.2210 202 88 124
16.0625 22.5000 14.7140 11 135 64
-19.1875 -21.0000 19.0620 34 20 143
-15.1250 20.0000 5.3920 181 164 147
6.1250 0.0000 13.1170 23 103 82
8.1250 -5.5000 10.2870 17 169 100
-6.7500 12.0000 5.7310 156 183 161
16.5625 5.0000 6.4420 131 243 182
2.6875 6.0000 12.3540 72 86 64
20.3125 23.0000 8.1320 23 189 109
5.1250 12.5000 6.0070 165 146 177
23.0000 21.0000 11.1130 19 155 97
8.1250 -2.5000 14.6660 19 113 63
18.1875 24.0000 9.6940 25 191 82
-6.1875 -4.0000 3.0970 197 97 147
6.8750 -6.0000 14.3930 23 69 84
2.9375 -20.5000 6.5860 110 162 186
-7.1250 -6.0000 5.4220 81 189 254
7.4375 -6.5000 12.8090 21 96 89
-17.8750 -8.0000 3.2470 200 78 120
-10.3750 0.5000 2.9870 185 94 157
24.0625 15.5000 11.1430 32 161 81
7.5000 -16.5000 17.1490 44 102 35
22.6875 -4.0000 6.6100 86 237 142
-10.9375 -5.0000 3.1800 194 98 132
-15.4375 8.5000 7.2160 30 157 199
9.6875 -11.0000 3.3960 191 208 0
1.4375 -15.0000 13.2760 43 88 91
8.8125 -10.5000 11.3660 19 154 62
-17.6875 -17.5000 3.4910 190 124 78
1.3125 6.0000 12.3220 81 62 40
-18.9375 -20.5000 16.1990 28 37 140
-10.8750 20.0000 5.4530 184 156 149
-24.0000 -8.0000 3.2920 192 91 118
-16.3125 -20.5000 3.2470 216 66 119
18.5625 -11.5000 1.7330 136 201 74
20.2500 18.0000 17.3840 16 138 59
-1.3125 3.5000 15.4470 62 57 56
2.8750 22.5000 9.6450 56 91 108
11.5000 -10.0000 5.9510 67 252 118
-22.0625 -0.5000 3.1180 206 87 149
-0.5000 24.0000 10.3560 69 98 82
21.0000 3.0000 6.5060 145 229 196
1.5625 17.0000 10.8410 75 103 45
17.9375 8.5000 5.1730 151 254 112
0.7500 8.0000 5.9130 146 165 171
-14.2500 17.0000 5.4810 159 172 139
-4.5000 -6.5000 3.0970 200 94 112
-14.5000 14.5000 5.6620 108 165 167
-6.1250 -14.5000 10.5460 53 88 170
-12.1250 -23.0000 5.4220 99 170 249
-15.2500 -11.5000 3.2670 207 78 114
0.1250 -9.0000 14.8540 23 51 109
-24.6875 4.5000 2.9360 165 103 175
-21.3125 22.0000 5.1840 187 173 129
-10.8125 15.5000 5.5890 159 167 134
7.7500 -23.0000 10.3230 33 144 85
15.8750 23.5000 13.6890 8 149 75
17.0625 -0.5000 6.5410 102 229 155
-11.5000 9.0000 6.2410 72 139 175
8.6250 -15.0000 16.7280 30 133 40
-24.1250 -15.0000 7.0610 62 111 219
14.3750 3.0000 6.3930 132 227 152
0.9375 -21.0000 7.0460 87 145 185
-7.2500 5.0000 3.3980 221 122 25
-19.1875 10.5000 2.9670 194 76 123
-24.0625 -22.0000 17.8310 45 52 135
19.8125 -0.5000 6.4950 115 232 142
0.6875 8.0000 5.9700 144 164 171
-0.3125 10.0000 5.9180 157 174 159
10.0625 2.5000 6.1720 120 204 153
8.3125 -16.5000 16.3840 39 127 23
-13.5625 -21.5000 5.7340 91 151 254
4.5625 -22.0000 7.9170 85 142 135
-23.5000 22.5000 5.1380 191 163 122
17.4375 -20.5000 2.4720 119 252 110
5.0000 -22.0000 21.4610 52 46 67
8.9375 -13.5000 10.9600 25 164 65
-0.5625 8.0000 9.9900 86 85 94
16.1250 -20.0000 2.4910 125 218 98
-8.8750 17.5000 5.6440 171 156 163
-9.1250 -23.5000 3.5670 205 154 111
11.5625 20.0000 3.6270 179 172 20
22.3750 -7.5000 2.9130 194 207 96
-1.7500 -2.5000 8.3590 34 126 181
4.1250 5.0000 5.6000 150 180 149
-9.6250 7.0000 6.3910 67 155 181
-14.7500 5.0000 2.9700 193 80 135
11.5000 19.5000 7.9070 48 134 140
14.3125 21.5000 15.8360 26 88 69
-18.1875 -18.5000 14.3450 23 29 149
17.5000 -24.5000 3.0180 148 214 71
3.0625 3.0000 10.9970 54 90 78
-13.2500 0.5000 3.0340 189 96 156
-12.7500 18.0000 5.5480 180 165 155
1.5625 -21.0000 6.8830 100 163 173
-18.6875 22.0000 5.2990 189 162 153
-19.5000 22.0000 5.3090 188 157 152
2.3125 7.0000 8.9560 96 108 94
15.3125 25.0000 16.6970 44 89 66
-1.0000 -19.0000 14.3860 55 69 105
4.8750 -11.0000 7.4730 49 167 137
9.5625 -17.5000 8.4410 26 184 79
3.0000 -1.0000 10.9950 32 90 137
1.7500 -20.5000 6.8660 102 163 172
5.9375 -23.5000 7.5130 73 163 123
-14.8125 -22.5000 6.4860 63 139 230
18.1250 15.0000 15.3870 13 143 50
-22.1250 14.0000 7.8320 63 141 126
-20.2500 3.5000 2.9950 183 83 135
5.1250 -14.0000 16.9150 36 113 57
19.8125 -16.0000 5.0170 75 254 145
-24.2500 -20.5000 8.3470 48 129 169
-22.1250 4.5000 2.9840 188 92 139
-22.6250 -7.0000 3.3370 202 96 99
-1.9375 11.0000 5.9000 155 165 165
14.2500 -24.5000 5.7420 69 244 123
7.8125 12.5000 10.6150 100 102 89
-7.8125 -4.5000 3.1160 191 93 153
12.1875 5.0000 6.3500 147 184 187
-3.7500 -20.5000 3.4140 225 114 87
13.2500 9.5000 6.4670 149 175 150
-10.1875 -7.5000 3.1790 198 90 133
12.7500 18.5000 8.9600 45 122 117
15.2500 -15.5000 3.2610 196 196 0
-13.8750 7.5000 5.1800 84 205 214
1.5625 2.0000 18.9800 60 45 47
-7.9375 -1.0000 3.0250 188 94 138
-9.9375 -7.5000 3.0430 197 73 151
-0.5625 -1.5000 5.2150 94 182 221
-5.5625 3.0000 14.9600 24 77 99
-15.3750 -2.5000 3.1030 196 91 155
-21.9375 -16.0000 3.3250 217 91 71
-18.2500 10.5000 5.3240 87 203 211
20.1875 -5.0000 1.8080 168 201 75
5.7500 -11.5000 16.1430 18 116 48
-13.0000 9.5000 6.4190 62 158 178
-16.4375 -19.0000 3.3420 218 96 115
-15.3750 7.0000 8.1730 23 153 178
10.4375 -12.0000 5.1620 81 254 129
9.5000 -7.0000 9.2500 11 195 91
-8.0000 1.5000 3.0170 202 85 120
1.3125 12.5000 5.9190 167 147 159
-13.6875 -1.0000 3.0950 199 91 143
-5.3125 -7.5000 3.0920 194 98 125
-19.9375 23.5000 5.2660 192 166 140
17.2500 21.0000 4.9910 86 254 143
4.5625 -17.5000 15.5520 67 82 55
-4.1875 -23.0000 6.3730 80 138 227
9.6250 -2.0000 12.9560 17 136 65
-1.1250 21.0000 13.4570 77 80 30
-6.6875 13.5000 5.7620 153 184 165
19.3125 20.5000 6.5750 47 229 149
6.3125 -12.5000 13.4000 19 133 50
-19.3750 22.5000 5.3150 189 158 155
4.7500 22.0000 8.9690 57 81 113
-1.8125 -2.0000 4.8780 98 203 210
16.3750 11.5000 10.1670 67 145 64
-24.6250 -22.0000 17.6260 54 59 137
-3.8750 5.5000 18.3550 61 39 65
0.4375 -19.5000 3.8860 198 213 64
12.3750 16.0000 12.9570 44 82 74
4.1875 11.5000 6.0670 161 148 181
-3.9375 -9.0000 3.0390 202 66 115
-10.9375 -22.5000 3.4930 210 135 98
12.6875 8.5000 6.3110 159 194 180
-13.6875 -3.0000 3.0960 200 96 148
9.6250 10.0000 6.2000 157 181 180
-23.3125 -16.0000 11.9530 26 68 158
19.6875 23.0000 5.4600 77 254 131
-5.0625 21.5000 8.8950 82 104 70
9.4375 -15.5000 11.7470 25 135 64
-18.0000 5.5000 4.7570 90 228 221
-8.0625 6.5000 6.5280 77 137 164
7.6250 -8.0000 11.6600 25 129 72
-8.1250 11.0000 5.1220 145 194 136
-21.1250 6.5000 2.8290 173 84 159
5.1250 5.5000 6.0090 144 180 143
22.3125 -10.0000 1.9650 169 156 95
4.2500 -16.0000 17.4910 49 70 59
7.9375 8.0000 6.2480 155 167 150
20.0625 19.5000 15.3120 11 146 62
-23.0625 -2.5000 3.1970 194 108 142
-16.9375 -2.0000 3.0570 191 81 154
-22.1250 0.5000 3.0930 194 106 145
-6.1250 -23.5000 5.1760 108 178 232
-5.5000 -17.0000 15.0910 48 46 135
-13.6875 2.5000 3.0230 203 78 139
4.3750 24.0000 3.6610 196 146 26
13.1875 -15.5000 6.7860 46 224 127
20.0625 16.0000 1.5080 175 143 9
-7.7500 -16.5000 3.2350 223 63 86
24.3750 9.0000 19.1880 58 107 35
-17.7500 -21.0000 15.1590 28 43 132
-12.2500 -9.0000 3.1730 205 80 131
-0.8750 3.0000 16.2530 65 55 53
-16.6250 5.5000 7.1700 38 145 215
-11.7500 -13.5000 3.2820 214 101 119
-3.7500 -3.0000 3.0070 178 88 141
-3.8125 15.5000 5.7870 156 165 168
11.7500 8.5000 6.3100 161 191 184
1.8750 -13.5000 14.4450 28 87 66
20.6875 2.0000 6.4070 139 226 205
-6.8750 -16.0000 13.6640 42 50 154
9.0000 -8.5000 13.1330 15 135 49
14.5000 -14.5000 5.3330 74 254 139
-1.2500 22.0000 11.8730 81 57 49
-15.9375 -16.0000 3.4720 204 118 88
15.6875 -16.5000 7.6130 30 212 106
24.8125 0.0000 6.5600 131 223 158
-13.6875 -23.0000 3.8500 155 190 115
4.0625 -19.0000 17.7830 66 75 59
22.2500 -4.0000 1.9750 178 192 93
11.2500 -8.0000 6.6230 52 239 121
-3.0625 -17.5000 14.2450 47 55 130
-6.6875 -0.5000 2.9820 197 78 154
1.2500 11.0000 6.0000 158 171 160
5.0000 -4.0000 9.6420 16 114 155
16.3750 7.5000 6.5330 134 201 133
-4.1875 -17.0000 14.6870 44 60 132
-13.7500 3.5000 2.9960 191 84 147
-0.6250 -18.5000 14.2740 50 68 104
-2.0625 19.5000 12.2110 84 81 33
-1.8750 -17.0000 16.3170 39 64 108
5.5625 -3.5000 14.3430 12 85 120
10.1875 -16.0000 9.3380 25 170 84
15.0625 -18.0000 7.7040 25 214 100
-14.0625 16.0000 5.4750 157 192 152
7.6250 -19.5000 22.2390 49 75 37
-24.1250 -2.0000 3.2000 188 110 154
-6.0625 6.0000 6.0850 84 148 188
21.5625 0.5000 6.5240 126 222 187
-23.4375 -4.5000 3.3130 190 105 127
-1.9375 5.5000 18.1380 61 39 55
-9.0625 -13.0000 3.1800 216 80 122
-7.7500 0.5000 3.0020 198 72 122
-20.5000 5.5000 2.9610 179 97 142
7.4375 2.0000 5.3630 133 214 135
23.3750 10.0000 12.4400 32 150 67
7.6250 -6.5000 10.5760 24 123 105
13.1250 9.5000 6.4990 147 173 152
-13.5000 -14.0000 3.3480 209 106 122
5.0000 -21.0000 5.3570 123 213 171
2.4375 23.0000 9.3630 59 94 111
-15.0625 15.0000 5.1170 128 197 157
7.9375 -2.5000 14.4140 22 89 71
-23.2500 11.5000 3.0390 206 91 134
16.8125 -21.5000 2.6380 135 223 87
-17.7500 -17.5000 13.1630 33 36 155
8.1250 -8.5000 7.4910 38 196 116
-12.3125 -2.0000 3.1160 205 95 131
11.0625 -15.5000 8.7660 32 162 81
-23.4375 8.0000 2.9220 185 96 162
-16.3750 -7.0000 3.2420 203 92 125
-23.4375 -24.0000 20.5280 62 42 119
1.3125 15.0000 5.8470 165 171 159
9.4375 17.5000 11.1930 45 86 106
-19.3125 -9.5000 3.3280 204 90 102
7.6875 19.5000 11.2280 52 70 102
11.6875 20.0000 6.7590 62 166 170
6.2500 15.0000 11.0780 84 93 84
-21.6250 -18.5000 3.5600 187 167 51
3.1875 19.5000 11.5110 60 73 75
-1.2500 5.0000 17.5010 85 40 47
17.3750 -0.5000 6.5630 110 221 155
-0.1875 -2.0000 5.2650 91 179 219
21.2500 -20.0000 3.1270 182 183 66
-0.5000 11.0000 6.0080 156 174 170
-2.7500 4.5000 16.5740 48 42 69
11.2500 15.0000 9.6220 64 103 102
-5.1875 -22.0000 3.4130 226 110 85
-20.6250 -1.0000 3.1060 200 90 147
-21.8750 19.0000 6.2690 104 146 133
18.1875 16.5000 17.3990 10 135 67
20.1250 -9.0000 2.5950 151 254 83
19.1875 16.0000 13.7550 11 152 63
3.8125 3.0000 17.6210 55 52 50
23.8750 -15.0000 2.5290 141 149 111
23.5625 2.5000 19.9830 82 91 60
14.5625 2.5000 6.3680 132 228 169
-12.3750 12.0000 4.8980 120 225 154
15.8125 14.5000 11.6400 46 148 51
4.3125 -14.0000 18.5790 48 69 51
-13.1875 -10.5000 3.2620 205 92 118
24.3125 7.5000 17.4840 74 104 25
18.3750 6.5000 6.5560 131 234 167
2.9375 13.0000 5.8940 162 166 178
21.8125 8.5000 16.1880 54 98 32
11.8125 0.0000 1.6480 175 139 61
5.6875 -7.0000 6.3540 57 188 174
-3.8125 -4.5000 3.0900 186 95 120
-8.2500 -2.0000 3.1160 194 90 133
-0.9375 3.5000 17.8570 73 44 50
9.3125 -20.5000 1.9740 155 162 66
-5.2500 2.5000 12.4140 23 105 104
-20.5625 9.5000 2.9540 202 82 139
-4.5000 1.5000 8.8780 38 103 153
-3.6875 -0.5000 3.2390 209 116 91
-22.4375 -13.5000 3.4120 203 107 87
-4.5625 -12.5000 13.7600 37 40 139
-8.5000 8.5000 5.8990 88 162 182
-16.6875 4.0000 2.9110 178 76 156
23.7500 -2.0000 6.5340 125 227 133
-2.9375 14.0000 5.8970 158 161 189
20.1875 11.5000 10.5230 49 156 69
-23.6250 -22.5000 20.3030 48 36 124
-6.1250 6.0000 7.0470 69 133 162
12.0000 16.0000 11.0680 52 93 97
-5.6250 1.5000 4.1490 144 246 109
10.0000 0.0000 7.7990 48 160 107
21.3750 11.5000 12.4150 24 154 78
24.9375 -17.5000 3.5900 154 234 20
16.1250 22.5000 11.2010 7 151 86
-16.6875 -18.0000 3.4300 207 116 91
3.1250 3.5000 17.1430 68 44 50
17.1875 4.5000 6.4550 134 241 173
4.0000 5.5000 14.7230 72 62 52
-1.5000 -10.5000 16.5630 28 52 108
1.4375 5.0000 15.0370 65 53 36
11.5000 -15.5000 7.8010 42 201 97
21.0625 -1.0000 6.4620 118 242 176
-2.3750 19.5000 9.6400 86 101 51
-15.5625 -7.5000 3.2760 205 100 115
-14.8750 10.0000 6.4060 54 158 189
2.3750 2.5000 17.7810 58 54 59
-23.5625 8.5000 2.9050 183 99 158
24.5000 -13.0000 2.7910 148 160 93
-5.1250 1.0000 4.3780 121 225 148
-1.4375 1.5000 15.2830 46 73 71
-20.0000 12.5000 5.5080 92 188 196
-12.5625 24.5000 7.6910 124 118 109
-20.6250 7.0000 2.9530 190 98 142
21.6250 -20.5000 2.9290 173 156 95
23.1875 7.0000 18.7600 67 102 33
1.2500 -5.5000 9.4040 28 120 172
-24.0000 -2.5000 3.1550 188 103 158
8.3125 -8.5000 13.6460 20 134 47
0.5625 -14.0000 16.5800 39 53 81
-2.7500 -22.5000 6.0810 84 148 229
-17.0625 -3.0000 3.0600 199 88 154
16.3125 1.5000 6.4270 127 234 162
1.6250 -16.5000 13.1510 53 77 96
3.1875 0.5000 14.8560 36 55 83
-3.8125 9.0000 7.5220 85 129 112
-11.0000 10.0000 3.6490 189 201 14
19.5000 2.5000 6.5100 140 190 188
2.6875 22.0000 9.4090 57 97 108
8.5000 -12.5000 16.3340 18 127 43
2.6250 -20.0000 6.6680 108 167 185
10.1250 -4.0000 9.6680 16 177 95
15.7500 5.5000 6.4280 131 238 186
-3.0625 -24.0000 6.5830 83 132 202
7.8750 -8.5000 15.9110 21 100 37
-9.5625 24.5000 8.2910 112 99 91
3.2500 3.0000 6.3410 95 153 147
24.3750 17.0000 5.5550 84 219 144
6.5625 22.5000 7.9700 57 96 151
-24.3125 -23.0000 17.8480 55 57 131
12.0625 11.0000 9.8140 88 129 70
4.7500 -0.5000 12.5400 32 89 105
-9.6875 -21.5000 3.4480 229 130 111
3.1250 -1.0000 6.3610 67 138 213
-14.3750 -11.5000 3.3000 202 87 108
-2.6250 13.0000 5.8720 160 164 183
3.1250 12.0000 6.0560 163 145 182
0.8750 4.5000 13.0520 70 77 53
-15.9375 -14.0000 3.3590 210 95 98
-17.5000 -23.5000 3.4980 197 134 79
22.6250 -22.0000 3.5850 169 248 35
17.1875 9.5000 7.2790 86 177 100
4.2500 -14.0000 18.5220 48 69 51
-13.5000 -12.0000 3.2140 211 80 144
-18.6250 6.0000 2.9090 178 90 148
24.0000 13.0000 11.4770 32 159 83
8.5625 -20.5000 2.8630 173 165 76
22.1250 13.0000 12.6720 16 163 89
21.4375 17.0000 17.4710 13 124 68
25.1875 0.5000 13.0460 86 136 49
-12.0625 2.0000 2.9780 199 77 147
-10.5000 19.0000 5.5000 191 147 157
-2.0000 -19.0000 14.9290 48 50 121
20.6875 15.5000 17.1620 14 128 73
-7.7500 18.0000 5.5250 176 151 150
13.2500 12.0000 9.9680 81 144 69
22.6250 3.0000 6.4860 139 223 198
8.8750 -17.5000 11.1620 38 152 71
-0.1250 -7.0000 3.2280 205 89 73
-6.5000 -12.5000 3.1520 214 56 97
-11.5625 11.5000 12.2530 35 83 91
23.5625 -23.5000 3.8030 139 247 49
19.7500 -21.0000 3.2010 183 195 64
-11.0625 13.0000 5.9940 108 157 148
0.0000 16.5000 9.3890 75 103 71
-7.1875 -19.5000 3.3790 226 107 108
-12.0000 8.5000 6.3070 63 158 189
-12.8125 -6.0000 3.1650 201 95 145
-15.1875 -20.5000 3.3130 219 85 111
-20.6250 2.0000 2.9650 189 88 151
-3.6875 -4.5000 3.0080 181 86 131
-12.5625 2.0000 3.0720 204 83 134
-19.0000 23.5000 5.3120 192 158 157
-16.6875 4.5000 2.9890 190 77 140
20.8750 -4.0000 1.2950 180 142 49
0.6250 -8.0000 3.7260 167 191 53
8.3750 -19.0000 7.9910 37 200 86
-0.0625 -12.5000 17.5830 34 45 87
5.7500 -11.5000 16.1760 18 116 49
24.8125 2.5000 19.4630 96 99 43
-21.7500 -24.0000 19.2230 46 40 114
-22.3750 18.0000 5.1380 136 207 140
-5.6250 1.5000 4.1470 145 246 108
-4.6875 -5.5000 3.0860 188 87 126
22.5000 -6.5000 2.9850 198 206 93
1.0625 -11.0000 16.8000 37 42 86
-12.0625 -1.5000 3.0490 203 89 141
3.6875 -1.5000 6.4690 62 137 207
-3.3125 23.0000 10.7190 71 86 68
6.2500 -1.5000 8.9990 31 154 119
17.8125 -24.0000 3.1070 159 203 62
2.1875 -18.0000 3.9160 190 213 41
8.2500 -12.5000 7.8300 36 192 101
-21.6250 -9.0000 3.3410 206 91 96
-11.8125 -3.0000 3.1090 198 94 145
7.0000 -20.0000 22.0190 47 74 39
1.3750 23.0000 8.9190 59 121 93
-14.5000 -11.0000 3.2660 201 78 110
15.5000 22.0000 15.6650 15 121 58
-1.5625 -17.5000 13.2220 50 65 105
-12.8750 -15.0000 3.3330 213 100 118
-3.5625 3.0000 18.9690 43 56 89
-13.9375 -3.0000 3.0430 198 90 155
-23.8125 22.5000 5.1030 194 159 116
5.8125 20.5000 10.1240 50 81 116
0.3750 2.5000 18.0210 56 41 52
-17.6250 4.5000 2.9390 186 85 140
-21.1250 -13.5000 3.4070 204 108 81
-18.6250 -2.5000 3.1070 197 86 155
9.9375 -3.5000 9.5760 15 179 98
10.8125 -6.5000 1.0410 156 115 38
-19.2500 4.5000 2.9590 188 87 138
-12.1250 17.0000 5.5480 170 178 150
-11.9375 -9.5000 3.2250 208 91 119
14.8125 21.5000 15.9350 19 110 60
15.4375 21.5000 16.0490 16 120 59
20.5000 -12.5000 2.6260 141 228 112
-24.5625 21.0000 8.7820 103 88 104
23.0000 3.0000 6.5140 138 219 193
-2.9375 4.5000 17.9810 55 38 60
12.7500 20.5000 7.3810 47 156 162
17.8750 11.5000 5.7660 86 254 125
18.7500 18.5000 7.5400 29 213 141
5.9375 13.5000 6.1350 153 146 176
-5.8125 13.5000 5.8040 153 183 165
23.6250 0.0000 6.5030 129 229 170
1.9375 10.5000 6.0560 160 172 166
-8.0625 8.5000 4.1370 153 222 67
-11.1875 15.0000 5.6110 155 167 138
7.1875 17.0000 11.1900 66 76 61
24.5625 23.5000 0.1600 128 105 39
5.0625 -4.0000 13.7360 14 94 121
-17.2500 -4.5000 3.2140 196 87 126
6.6875 3.5000 5.5600 143 208 138
-16.7500 -19.5000 14.1480 31 51 149
-23.7500 2.5000 2.9710 176 99 157
-13.8750 5.0000 2.9430 195 76 126
-3.1875 15.5000 5.7360 157 168 166
5.5000 6.5000 6.1730 144 176 159
23.1250 -22.5000 3.7940 146 254 47
-21.1250 3.0000 2.9980 188 91 147
11.2500 7.5000 6.3480 162 178 188
25.1875 -18.5000 3.5330 176 243 17
8.3125 0.0000 11.0930 29 151 76
18.9375 -12.0000 2.4320 133 247 113
-4.8750 -14.0000 15.8380 45 52 128
-11.7500 -10.5000 3.2580 207 99 113
-20.7500 -22.0000 20.3460 36 24 116
-14.1250 -18.5000 3.2940 218 94 122
-2.9375 1.5000 14.5840 41 73 81
4.8750 -22.0000 19.9950 48 58 67
-16.3750 -6.5000 3.2270 202 90 130
-7.4375 -16.0000 12.8680 34 72 166
-10.2500 -12.5000 3.2310 214 85 122
-8.8750 -6.0000 3.0440 191 78 159
-5.5625 20.0000 10.7960 85 94 44
-24.3125 14.0000 5.1130 128 199 176
24.5000 -2.5000 6.5440 130 228 122
17.6875 24.5000 9.7350 29 198 77
25.1250 -22.0000 6.9000 47 186 140
-18.5000 -23.0000 11.9270 36 78 150
19.3750 -1.0000 6.5370 111 232 144
21.9375 6.5000 15.0710 75 120 49
-9.3750 -19.5000 3.2980 235 89 115
-16.5000 0.5000 3.0280 187 94 165
3.3750 -13.0000 13.1210 12 113 74
2.3125 1.0000 19.1500 40 66 67
20.6875 -1.5000 6.5390 98 228 153
-24.5000 -21.0000 14.4340 47 68 133
8.4375 -1.0000 14.5100 29 115 56
-19.8750 9.5000 3.0130 189 100 130
7.4375 -17.5000 20.6680 40 89 35
-0.2500 0.5000 15.4240 44 76 76
-5.1250 -18.0000 7.0140 78 121 227
5.4375 -15.0000 19.6290 38 103 53
7.8750 -19.0000 18.1980 38 117 23
-20.2500 22.0000 5.2700 188 170 144
4.5000 23.0000 7.6980 68 109 131
20.7500 -24.0000 3.6650 150 243 41
18.2500 -18.0000 5.4150 71 249 160
-22.6250 25.5000 5.2570 201 138 116
-13.5625 -15.0000 3.3580 208 106 114
13.9375 18.5000 7.5070 47 179 130
-23.3750 -4.0000 3.2860 196 98 126
21.6875 22.0000 9.5820 24 191 75
-0.0625 -19.5000 11.9810 57 80 109
18.1875 7.5000 6.5460 117 244 150
-5.6250 22.0000 10.4750 73 71 58
22.6250 21.5000 11.5700 11 166 81
11.4375 -5.5000 0.8460 158 106 6
21.8750 -12.5000 2.8970 174 162 102
-23.4375 23.5000 5.0720 202 162 117
-13.9375 9.0000 3.0600 194 93 88
-18.2500 18.0000 5.2370 143 190 144
-20.4375 23.5000 5.2680 190 164 140
23.8750 18.5000 8.5680 35 180 112
-24.5625 -11.0000 3.3750 191 103 114
-12.8125 -12.5000 3.2720 216 93 127
6.6250 2.0000 9.1200 59 123 92
20.9375 23.0000 8.3370 24 192 118
20.6875 -18.5000 2.5040 133 161 138
-6.1250 -19.5000 6.4050 90 136 247
21.3750 -22.0000 3.7250 152 254 47
19.7500 -15.0000 2.7110 157 186 93
-10.1250 1.0000 3.0670 207 84 120
4.6250 5.5000 13.8870 74 75 51
-19.6250 -21.0000 20.3230 41 19 146
21.8750 20.0000 8.0300 24 202 138
12.1875 -1.5000 0.7740 186 118 12
-20.3125 -3.5000 3.1820 197 91 137
-10.0625 24.0000 8.8620 111 122 84
-5.9375 14.5000 5.7960 156 181 169
-16.1250 -23.5000 10.7490 45 71 147
16.2500 4.0000 6.4690 132 242 179
-23.3125 -22.0000 15.0010 38 60 132
-17.5625 1.5000 3.0550 192 88 136
22.6250 15.5000 13.0920 18 151 77
-4.1250 13.0000 5.9170 158 159 179
-9.6250 19.5000 5.4660 183 155 167
9.2500 -9.5000 12.9410 9 145 50
-21.8125 21.0000 5.2680 168 179 141
-13.4375 -6.5000 3.1760 201 94 142
-15.5000 1.5000 3.0320 201 81 148
-0.0625 16.5000 9.4590 76 104 70
7.4375 -4.0000 9.8570 18 127 131
-0.6250 -3.5000 3.2480 194 99 92
23.3125 -1.0000 6.5530 114 233 168
-0.4375 -5.0000 3.2620 194 102 87
-3.8750 11.5000 5.8820 155 163 172
-15.2500 10.0000 6.3590 55 160 193
-7.2500 -15.5000 3.1440 222 36 97
22.3750 -13.5000 2.8920 171 163 98
-1.9375 -23.0000 5.1270 116 193 195
25.1875 -7.0000 5.9100 94 203 149
15.0000 -23.5000 5.9290 63 243 127
0.8750 0.5000 12.7550 37 93 78
-3.3750 14.5000 5.8880 158 159 189
18.6875 -17.0000 5.8180 55 237 148
-9.4375 -1.0000 2.9910 193 83 148
-23.3750 -14.5000 3.3190 207 90 101
-21.7500 -16.0000 6.0630 67 145 238
-23.1875 -9.0000 3.3590 197 99 103
-3.5625 -13.0000 16.1970 32 35 115
24.5000 -13.5000 2.6870 144 156 101
4.0000 24.5000 3.6210 201 143 19
-4.2500 21.5000 11.1880 83 73 53
-20.3750 -9.0000 3.2870 202 82 105
0.8125 15.5000 9.0570 90 84 82
-0.0625 24.5000 9.8870 69 107 84
21.6250 23.5000 2.3720 150 179 61
-4.6875 -19.0000 13.8020 49 60 142
-15.8125 -10.0000 3.2780 206 88 106
5.8750 9.0000 6.1760 158 166 165
11.6250 -4.5000 1.9480 152 197 61
12.3125 -3.5000 0.9140 171 122 22
21.7500 20.5000 8.0530 26 201 137
-4.3750 8.0000 5.0520 156 203 133
-22.0000 -22.0000 19.3690 28 30 122
-2.8750 -21.0000 3.7460 188 189 75
23.8750 17.5000 12.5690 29 151 66
2.3125 8.5000 6.0710 152 170 169
-8.0000 -18.0000 3.3190 229 92 109
-0.8125 -13.0000 16.2960 40 53 93
-0.5625 12.5000 5.8400 167 173 177
-9.6875 9.5000 8.3240 46 124 120
1.1250 21.5000 10.2160 67 98 89
-21.9375 18.5000 6.1660 109 144 130
23.8125 6.5000 20.1100 81 110 41
8.4375 -16.5000 3.7100 167 249 0
-21.8125 -16.0000 12.9060 14 53 151
0.8125 24.0000 9.5820 64 113 88
-2.4375 -20.0000 15.4970 47 47 118
-13.0625 8.0000 7.2340 45 149 175
-22.3125 15.5000 7.7850 71 127 126
-1.5625 -22.5000 4.4360 146 206 149
24.9375 22.0000 5.3930 81 239 143
10.0000 1.0000 7.5060 52 172 107
8.7500 20.0000 10.3100 47 84 128
19.1250 17.0000 15.9590 8 141 58
-4.9375 19.0000 9.7890 93 110 47
-24.2500 -15.0000 8.4070 51 94 195
4.4375 0.0000 15.4680 42 61 63
5.5000 -14.5000 17.6090 37 109 53
-5.3750 19.0000 9.9880 88 110 50
8.0000 -22.5000 5.5370 87 217 162
13.6875 22.0000 14.2180 34 67 81
1.1250 2.0000 18.2050 57 43 49
-16.1875 13.5000 6.3220 73 149 151
17.1250 -23.0000 1.8090 129 184 66
7.7500 -9.0000 6.0270 66 207 142
-19.8125 7.0000 2.9570 182 88 135
12.1875 14.0000 10.9350 66 113 88
-18.3750 25.5000 5.1740 202 142 128
-11.4375 21.0000 5.4180 188 161 155
-22.0625 17.5000 7.6080 84 126 121
-20.1250 24.0000 5.2330 193 164 139
24.1875 12.5000 16.0620 24 131 57
-13.0625 -4.0000 3.1180 203 90 143
5.6250 -22.0000 20.1090 39 71 64
16.5000 16.0000 17.5840 26 107 33
10.9375 2.0000 6.2250 121 200 138
24.1250 4.5000 18.8030 85 100 54
-1.7500 -2.5000 8.4520 34 123 180
-11.0000 14.0000 5.5400 141 180 155
-17.3750 12.0000 6.4790 63 130 180
22.6875 17.0000 13.9950 11 148 68
3.4375 13.5000 5.9380 159 165 179
4.2500 6.5000 6.1440 148 164 149
-14.9375 -17.0000 3.4090 208 110 107
10.3750 -2.0000 13.3450 21 134 59
5.5625 20.0000 10.7020 48 76 112
8.5625 -7.5000 14.1950 19 134 45
6.6875 -21.5000 21.8220 39 63 57
-7.7500 -21.0000 3.4370 225 125 109
15.1250 20.5000 15.9760 19 108 72
-15.3750 -8.0000 3.1810 203 85 128
-11.6875 -4.0000 3.1470 203 99 133
5.5000 5.0000 6.0130 144 167 164
9.4375 14.5000 10.6390 64 118 79
24.5625 -21.0000 3.3180 175 177 39
-12.4375 -6.5000 3.2070 206 102 132
16.3750 6.5000 6.4560 130 234 170
4.2500 -15.5000 17.3350 47 71 61
19.5625 -8.0000 1.8800 160 254 71
15.3125 7.5000 6.4460 142 205 142
-1.1875 -19.5000 12.7880 52 66 117
-21.3125 -13.5000 3.4310 203 113 79
13.0000 -22.5000 5.6610 64 254 127
9.1250 7.5000 6.2790 151 167 188
7.2500 -7.0000 15.7430 24 71 66
-24.4375 -15.5000 8.5960 54 94 185
19.2500 18.0000 16.2210 11 139 61
-17.6875 19.5000 5.3250 170 172 132
18.5000 -22.0000 3.1000 183 182 76
13.0625 21.5000 13.8170 35 69 85
-22.6875 16.0000 7.9580 84 132 109
4.6250 -6.5000 15.9800 22 71 99
-15.4375 -22.0000 6.7910 59 131 235
-1.3750 -13.5000 17.4250 33 33 95
-19.6875 -5.0000 3.2250 195 101 137
18.8750 -19.0000 4.3640 105 254 107
-19.0000 -20.5000 16.4050 29 35 143
-17.3750 -14.0000 3.3270 204 75 96
-19.5625 -18.5000 17.0310 32 19 145
-24.6250 7.0000 2.9750 181 110 163
23.5625 21.0000 0.2000 147 112 3
10.9375 -12.0000 4.9340 88 254 118
-2.3750 2.5000 17.4020 39 60 75
4.0625 -17.5000 18.0840 69 74 62
-5.4375 4.5000 14.8890 37 54 89
-18.5000 -22.0000 7.2710 60 115 214
10.5625 -7.5000 5.3860 78 249 128
20.7500 -21.5000 3.3470 182 204 50
22.7500 20.5000 11.0470 15 159 100
15.5625 -14.5000 5.8790 59 237 158
21.6250 13.0000 13.8320 16 163 77
8.6250 7.5000 7.3760 127 143 172
4.5000 -9.0000 14.4850 31 76 79
14.1250 -17.5000 3.7290 149 254 0
21.6875 18.5000 15.7440 14 135 69
13.6250 17.0000 12.5030 44 90 74
18.8750 0.0000 6.4650 118 232 149
3.2500 -24.5000 7.1550 110 141 142
-7.5000 -11.5000 3.1650 205 79 117
1.8750 0.5000 15.2610 45 55 85
2.1875 -11.0000 11.9290 21 112 99
-24.3125 21.0000 8.1390 99 104 112
-9.3125 0.5000 3.0290 189 93 140
23.3750 4.5000 19.1830 78 100 52
-20.8125 -23.0000 16.4230 35 57 118
22.6250 19.0000 14.1700 11 138 73
4.1875 -15.5000 18.3870 51 59 58
4.0625 -20.0000 21.1890 65 49 59
14.4375 16.5000 12.9590 32 123 59
22.7500 9.5000 17.6610 42 112 50
7.2500 -16.0000 17.4790 31 110 33
-15.0000 -20.5000 3.3670 216 101 104
4.6875 -19.0000 21.6660 78 41 63
15.3750 -18.0000 7.4080 31 226 97
6.0000 -8.0000 16.1250 28 74 73
-13.1250 10.5000 6.3420 65 151 181
4.4375 1.0000 15.8600 44 57 63
-22.4375 21.0000 5.2390 166 179 140
15.7500 -15.0000 4.7350 89 254 133
5.3125 16.5000 12.4970 68 73 59
-7.8125 17.0000 5.6770 170 152 153
-13.1250 -7.5000 3.2160 204 99 130
11.6875 25.0000 15.5860 52 49 98
-2.3750 -16.5000 11.6870 50 87 129
-15.7500 -12.0000 3.2860 210 81 110
-13.1250 -20.5000 3.3530 223 87 100
-2.9375 -21.0000 3.7420 188 188 74
20.1250 -16.5000 6.3950 48 204 140
-8.0625 3.5000 3.4890 193 167 48
7.6875 -5.5000 12.9520 17 103 84
13.1875 24.0000 14.2770 39 63 88
0.5625 -9.5000 14.9410 21 50 104
23.5000 -1.5000 6.5420 115 232 159
-24.6250 -22.0000 14.2850 56 70 135
-14.7500 10.5000 6.4220 54 158 190
-10.1875 -21.0000 3.3820 230 104 124
-22.5000 12.5000 3.0390 207 88 119
12.3125 0.5000 1.5350 181 131 52
4.7500 -21.0000 21.8650 58 45 73
10.3750 -4.0000 3.1650 201 146 0
-19.0625 -18.5000 3.3220 217 76 76
-16.6875 -7.0000 3.1640 201 80 139
-3.6250 9.5000 6.3390 111 143 156
-19.3125 -21.5000 16.6970 28 32 142
18.9375 23.0000 7.7820 20 192 136
10.5625 18.5000 8.9640 52 118 132
-0.2500 4.5000 14.6380 62 58 45
-2.5000 6.5000 15.1820 53 46 48
16.6875 14.5000 8.3130 52 166 96
-4.6875 -8.0000 3.0980 195 79 113
-7.1250 -23.0000 3.4420 213 112 97
-14.6875 14.0000 5.3990 115 181 170
24.3750 25.5000 0.0890 113 117 52
-21.1875 0.5000 3.0690 205 77 147
-19.6250 18.0000 5.6340 139 160 147
-16.2500 -5.5000 3.2200 197 107 136
3.5000 -15.5000 18.8720 51 55 62
8.8125 1.0000 12.7010 47 108 58
-23.4375 -21.5000 7.4480 56 132 192
-22.6875 25.0000 5.2320 201 145 118
-4.6875 -8.0000 3.1140 196 81 111
-1.6250 -2.5000 7.6800 39 130 192
-16.6250 24.5000 5.1750 195 159 135
1.0000 4.0000 10.2040 76 100 81
7.6875 -6.0000 10.5020 18 166 100
18.5000 -23.5000 3.3970 174 216 44
-11.5625 22.0000 5.4940 179 165 150
15.8750 23.0000 13.7130 6 149 74
-8.8750 19.5000 5.5090 179 155 165
-2.6250 0.5000 4.3320 140 234 127
15.9375 25.0000 7.2080 63 190 124
-24.1250 -12.5000 3.3280 193 84 116
2.8750 -2.5000 3.1240 197 91 115
-10.7500 -5.5000 3.1600 191 111 148
9.8750 -8.0000 7.7170 28 194 103
23.6250 -22.5000 3.8710 138 254 55
-19.6250 3.0000 2.9700 179 95 153
-20.4375 10.0000 2.9830 202 92 130
2.8125 24.5000 3.7190 191 154 22
21.1875 -19.5000 2.4450 137 154 129
3.0625 -2.0000 6.2560 69 140 215
-20.0000 12.0000 3.0150 200 86 107
2.7500 -15.5000 16.6720 44 72 71
-3.5000 17.5000 5.7220 153 162 157
17.8125 1.0000 6.3880 128 203 169
3.6875 0.5000 16.3780 40 54 65
17.3125 13.0000 7.2880 64 184 117
5.6875 -5.0000 12.5790 17 86 116
23.7500 -23.5000 3.7450 143 240 45
-10.3750 23.0000 5.5090 172 177 136
17.6875 12.0000 5.9270 79 251 111
-5.2500 1.5000 9.7770 33 109 150
-4.9375 3.5000 15.2360 42 60 78
-1.2500 -22.0000 4.2260 154 207 129
-3.4375 -24.0000 6.6060 82 132 201
8.5000 -3.5000 11.8290 12 141 95
8.0625 13.5000 10.2140 91 102 93
-19.5625 7.0000 2.9510 186 88 130
2.3125 -22.0000 6.6700 107 161 183
14.3750 -16.0000 6.1030 70 228 141
-20.6250 -24.0000 19.5100 42 26 121
8.7500 23.5000 3.8310 182 164 58
11.5000 -12.5000 6.4420 46 230 133
5.0625 22.5000 8.3460 59 91 144
-15.7500 -1.0000 3.0170 200 85 153
-1.6250 -6.5000 3.2150 198 103 91
-8.3750 21.5000 5.5060 175 167 156
-9.0625 12.0000 6.2550 94 153 151
11.6875 22.5000 4.6930 131 233 161
9.8750 -2.5000 9.9460 29 164 84
16.0000 16.0000 8.5030 38 184 91
-5.9375 8.0000 4.6580 150 224 125
11.5625 9.0000 6.2300 153 181 179
9.3125 -11.5000 4.7970 94 254 120
-8.3125 0.0000 3.0780 191 101 129
20.8750 6.0000 13.3970 79 133 53
-20.3750 -10.5000 3.3120 205 89 95
-15.6875 -1.5000 3.0590 203 87 144
-16.8750 -4.5000 3.2220 195 89 123
6.9375 25.0000 5.6090 107 129 180
14.1875 20.0000 10.8530 31 151 104
11.9375 12.0000 15.7260 82 95 62
14.5625 8.0000 6.3640 150 207 146
11.1875 16.5000 9.7510 50 91 112
-23.3125 -19.5000 6.5800 63 140 209
13.8750 -22.5000 3.8380 129 254 0
9.3750 -15.0000 10.7900 32 154 71
19.5625 15.5000 4.6930 107 254 119
23.7500 4.5000 18.8230 81 105 47
23.1875 12.0000 13.1580 21 145 77
22.9375 -14.5000 2.9310 176 156 88
15.2500 14.0000 12.3040 45 139 49
4.5625 2.0000 15.8050 56 51 47
8.6250 -9.0000 13.3200 17 144 50
-8.9375 -23.5000 3.5180 211 141 110
-2.6250 -2.5000 5.2670 70 215 247
23.5000 -19.5000 3.3400 180 183 41
6.1250 -14.5000 6.9610 73 192 128
1.8125 -9.5000 5.2140 90 227 175
17.2500 23.0000 10.9170 19 182 63
-24.7500 -12.0000 3.2810 191 93 123
23.4375 -6.5000 2.6000 179 212 106
4.1875 -15.5000 18.2930 51 60 59
23.1250 -1.0000 6.5420 114 235 170
-5.9375 -15.5000 14.2980 37 47 149
8.1250 25.5000 5.0880 115 161 178
4.3750 -9.5000 14.5120 28 75 78
-4.5000 -13.5000 15.2920 37 34 132
-22.6250 -18.0000 3.5600 182 163 59
23.0625 19.5000 7.9590 26 196 132
17.1250 -15.5000 7.2390 36 215 107
14.6875 8.5000 8.6830 87 147 80
-14.8125 6.0000 2.8710 176 82 152
-22.6250 19.0000 4.5180 176 217 105
21.1875 -2.0000 6.5470 104 231 167
-21.8125 17.5000 6.1600 108 163 152
19.0000 0.0000 6.4470 119 233 149
-16.5625 0.5000 2.9990 184 92 171
-23.9375 -24.0000 20.8770 67 43 119
-6.3750 -23.0000 3.4020 222 108 92
-9.9375 1.0000 3.0410 207 82 123
7.1875 11.0000 6.0910 164 155 180
2.7500 -24.5000 4.2400 149 215 101
-14.0625 2.5000 2.9940 190 83 156
17.5625 -20.5000 2.4650 120 250 111
24.0625 -22.5000 6.8060 38 195 157
-20.3750 -9.5000 3.3760 202 101 89
3.0000 -5.0000 8.6540 26 135 178
-20.6250 -24.0000 16.0660 38 55 123
-3.1250 -12.5000 16.6620 28 33 113
-22.0625 12.5000 3.0070 205 85 120
9.1250 -6.0000 3.8340 143 254 9
7.1875 -20.5000 22.0400 43 63 59
23.7500 11.5000 16.0950 31 131 56
-20.2500 14.0000 6.3310 81 154 168
12.5625 7.0000 6.3380 158 194 177
0.0625 20.5000 12.3110 65 77 54
-19.5000 -16.5000 10.6760 33 72 187
-10.8750 7.0000 3.0810 195 86 82
12.1250 17.5000 11.3570 49 89 93
0.7500 10.5000 6.0080 155 173 162
-8.6875 -19.0000 3.3100 236 93 108
-7.6250 16.5000 5.6170 175 169 160
-2.5000 5.5000 16.0120 45 48 68
-10.5625 -20.5000 3.3270 230 97 115
21.8750 -12.5000 2.9190 176 163 100
17.3750 -14.5000 6.8350 46 218 126
-19.7500 -16.0000 6.9410 54 111 231
21.0625 18.5000 17.1850 11 135 71
-4.7500 -8.5000 3.1190 197 83 110
19.3750 -16.5000 6.2040 42 235 147
-4.0000 -17.0000 14.6450 43 60 131
-0.8750 -6.5000 3.2260 199 84 83
-10.8750 10.5000 10.1100 36 82 110
-19.6875 1.0000 3.0590 187 100 157
7.6875 15.0000 11.4200 76 88 67
4.9375 20.0000 11.9160 55 73 77
-7.0000 5.0000 6.0040 86 151 196
10.1250 25.0000 5.4960 109 171 169
-3.3750 7.5000 15.5780 63 43 48
-6.0000 5.5000 14.4570 32 60 101
-0.2500 2.5000 16.7220 56 49 52
-9.8750 -18.5000 3.3170 235 91 115
20.5625 13.5000 14.1260 9 163 73
-14.6875 1.0000 3.0150 195 85 147
4.6875 -6.5000 6.8100 46 170 180
16.3125 17.0000 10.9910 22 158 70
-20.0625 -7.5000 3.2980 198 80 107
-5.8125 -14.5000 15.0390 41 46 146
0.1250 -23.5000 7.1290 89 137 166
-24.6250 7.5000 2.9690 180 108 165
-4.4375 6.5000 18.4960 62 35 39
7.5625 10.5000 6.1760 162 155 173
-8.1250 12.5000 6.3370 101 138 145
19.1250 3.0000 6.4990 141 189 190
-6.8125 15.0000 5.7470 165 170 157
19.0000 16.5000 14.1640 8 149 63
-14.0625 12.0000 6.3080 77 132 172
-19.4375 -20.5000 20.3340 39 18 139
-10.9375 2.5000 2.9660 206 70 129
-13.6250 7.0000 2.9160 177 78 129
11.1875 21.5000 3.5860 188 153 26
22.0000 19.5000 5.8240 64 241 170
4.2500 -15.5000 15.7860 43 79 58
9.8750 -13.0000 9.9220 21 173 77
-2.5000 -10.5000 14.8050 28 51 125
-8.3750 3.0000 3.1420 205 98 98
12.1875 -8.0000 5.7170 74 254 116
12.8750 20.0000 7.5600 44 150 155
1.6875 -22.5000 6.8000 101 135 178
14.7500 -16.0000 5.9490 57 235 155
-14.0625 15.5000 5.3690 155 170 136
0.2500 6.0000 10.3680 73 97 83
14.0000 11.5000 9.4280 87 118 64
-3.8125 -2.0000 2.9760 175 93 161
-22.8125 16.5000 8.0350 84 133 110
23.7500 13.0000 12.5960 26 152 82
-19.5000 -9.0000 3.3470 198 94 106
8.8750 25.5000 5.2870 115 148 176
-14.5000 7.5000 5.1440 83 209 217
13.3125 8.0000 6.3110 159 194 174
-2.8125 -3.0000 3.1210 187 100 121
18.2500 7.5000 6.5490 117 245 151
6.1250 -22.5000 8.6590 51 168 115
-1.6250 -14.5000 16.9780 39 49 96
17.5625 20.5000 16.4320 8 141 68
-15.7500 -22.0000 6.6250 62 135 237
12.3750 -24.0000 6.9370 53 227 69
9.2500 -15.0000 11.1820 30 145 70
0.8750 12.5000 5.9770 165 148 162
-18.7500 -15.0000 3.4380 200 112 80
-24.6875 -4.5000 3.2760 185 101 141
-5.8125 -23.5000 3.5350 202 137 89
-9.6875 -6.0000 3.0940 194 80 152
-16.4375 17.5000 5.3730 160 173 144
0.5625 9.0000 5.9860 149 163 170
-20.1250 -21.5000 5.2430 110 165 228
4.5000 -3.0000 12.8120 30 83 111
24.5625 17.0000 0.2950 147 107 3
7.7500 -23.5000 5.1910 93 238 147
-1.0000 3.5000 19.8630 77 40 52
-12.1875 18.0000 5.5350 177 172 147
23.8750 -11.5000 2.7750 153 184 114
-22.0625 5.5000 2.9900 187 94 142
-0.6250 -11.5000 16.2880 38 47 94
-20.9375 -19.0000 13.4800 23 66 133
-23.0000 -12.0000 3.3840 200 102 97
-7.3750 13.5000 5.7160 155 185 173
-14.1875 -24.0000 3.8110 157 184 110
-18.8750 -15.0000 3.3820 203 96 86
-19.1875 3.0000 2.9950 184 85 152
13.7500 4.0000 6.4120 143 184 162
-21.5625 -16.0000 3.2950 219 84 74
0.6250 -15.5000 13.9910 34 76 86
-0.9375 -24.5000 5.0210 121 193 172
15.8125 12.0000 10.8550 68 144 53
19.8750 2.5000 6.5330 140 188 184
5.5625 -5.0000 7.0330 43 173 175
-19.3750 -8.5000 3.2920 200 95 115
1.5625 21.5000 10.1930 68 97 86
-3.9375 -10.5000 14.7350 30 52 134
-12.8125 0.0000 3.0590 197 91 147
-3.1875 22.0000 10.9990 75 83 66
24.1250 -22.0000 6.6470 39 201 163
-10.4375 5.5000 3.9040 151 214 93
-20.3750 16.5000 6.5890 95 146 130
6.6875 -9.0000 16.7210 14 97 57
-19.0000 -19.0000 13.6170 25 39 153
-12.8125 4.5000 2.9510 195 62 132
3.6875 11.5000 5.9980 163 148 183
16.1875 -19.0000 1.8110 143 220 64
22.3125 -23.0000 3.5120 173 227 36
-1.9375 -15.5000 17.6370 37 55 106
2.3125 -9.0000 8.0840 38 152 146
9.1250 19.5000 9.7590 48 90 129
-17.6875 -23.0000 13.2290 35 68 138
9.0625 -19.0000 11.1100 34 153 71
-4.6875 1.5000 15.5700 26 68 89
-6.6875 -13.0000 8.6770 46 124 189
0.0625 15.5000 5.8170 147 168 144
-2.8750 9.5000 5.5670 166 163 159
-7.2500 22.0000 5.4490 164 175 135
1.0000 -13.5000 15.8160 38 58 80
-13.7500 23.5000 5.4570 183 159 137
8.3750 14.5000 11.5820 61 111 77
19.7500 -13.0000 2.7060 140 231 108
13.6875 -12.5000 7.7790 25 208 96
22.0625 4.0000 15.9590 72 89 50
-16.5625 -1.5000 3.1000 194 85 147
14.7500 11.0000 10.1570 77 141 65
-18.8125 5.0000 2.9770 191 88 137
20.5000 21.5000 4.5420 103 254 109
15.8125 25.0000 7.8190 48 179 115
1.1250 2.0000 18.1430 57 43 49
-20.2500 9.5000 3.0730 205 92 113
-12.4375 -20.5000 3.3550 227 88 98
-12.1875 -19.0000 3.3040 224 92 129
-4.5625 -17.5000 14.2830 47 56 137
-11.1250 -6.0000 3.1710 199 101 138
16.3125 21.0000 16.3570 10 125 67
-2.8125 -2.5000 5.4230 66 207 250
5.8750 21.0000 9.5800 42 80 122
6.3125 -16.5000 20.5070 38 96 48
4.0625 4.0000 15.0040 73 58 44
-21.7500 -19.0000 14.0890 22 58 132
0.3125 -7.5000 7.0100 48 149 206
-14.7500 6.5000 2.9470 190 78 129
2.0000 5.5000 13.6720 74 83 46
0.1250 -11.0000 17.5270 32 40 95
-2.7500 1.0000 14.5270 43 75 81
20.1875 -14.5000 2.8530 162 175 86
-20.5000 -10.0000 3.3620 204 98 89
21.7500 8.5000 16.0280 54 99 31
13.7500 2.0000 6.3990 124 209 134
-23.7500 -5.5000 3.3160 193 105 122
-5.2500 -13.0000 13.4320 32 42 144
-4.5000 -12.5000 13.6370 30 59 128
5.3125 5.0000 5.8150 144 171 172
17.3125 21.0000 11.0470 19 156 88
0.8750 12.0000 5.9990 164 149 162
-13.7500 -6.0000 3.1680 200 98 138
7.5625 0.0000 12.7260 37 106 48
2.9375 -9.5000 12.1070 19 106 99
-18.1875 -17.5000 10.4340 33 74 178
-2.8125 -3.0000 3.0220 181 89 134
-6.7500 14.5000 5.7090 159 185 168
-2.8750 10.0000 5.8700 149 162 164
-16.6250 -4.5000 3.1940 194 86 129
9.6875 -15.0000 8.9690 23 165 96
21.5000 19.0000 13.8760 14 142 77
-0.2500 16.5000 5.8640 146 168 152
-2.5625 -23.5000 6.6340 78 135 205
1.3750 -2.0000 4.5990 109 211 182
-0.6250 12.0000 5.9720 159 173 174
-18.0000 -3.5000 3.1720 205 94 135
3.1875 -14.5000 18.9310 53 55 65
-18.9375 -22.0000 17.7200 29 27 140
-12.5625 12.0000 13.4400 35 67 95
-17.1250 20.5000 5.3490 186 165 129
-21.1250 18.5000 5.5610 127 161 148
3.6875 -16.0000 17.5980 47 66 62
-23.3125 -10.0000 3.3630 201 93 100
7.3750 13.5000 11.0360 84 98 83
-21.8750 -0.5000 2.9980 199 77 171
24.9375 -8.5000 4.8220 112 254 134
25.1250 20.0000 0.1780 139 110 0
2.0000 -2.0000 11.1410 26 91 143
10.0625 5.5000 6.2230 140 194 185
5.0000 3.5000 5.6680 147 167 171
21.3125 20.0000 5.2550 78 254 168
23.1875 -2.5000 6.5140 119 232 135
-21.5625 -23.5000 18.8610 41 38 116
8.1875 20.5000 3.7360 190 163 30
6.9375 -1.5000 12.8870 19 104 83
17.6875 12.5000 8.7360 45 184 91
14.1250 -24.0000 4.6750 94 254 81
-21.0000 12.5000 3.1320 210 87 95
8.0625 -23.5000 10.6370 36 143 74
18.3750 -1.5000 7.5430 66 179 129
-14.7500 13.5000 10.8650 36 93 86
4.2500 17.0000 12.4330 77 82 40
-0.5625 -5.0000 8.6590 24 128 187
7.5625 20.0000 10.8260 49 73 107
22.3125 -3.5000 6.6480 86 234 144
13.6250 19.5000 14.2260 29 78 85
-23.9375 -9.0000 3.3780 192 102 108
-11.3125 -6.0000 3.1640 196 101 141
23.8750 9.0000 15.9970 46 120 40
-20.1875 -3.5000 3.2010 197 94 133
-11.0000 18.0000 5.5480 183 155 140
14.1250 20.0000 13.9070 22 129 83
-1.6250 -16.5000 16.4550 39 67 98
4.9375 9.0000 6.0690 154 176 160
-3.4375 -11.0000 14.7440 36 44 119
-4.7500 3.5000 15.5860 43 60 75
-0.3750 7.0000 5.3990 162 178 165
22.3750 -17.5000 3.3470 186 192 37
22.3750 -19.5000 3.2370 191 177 44
12.0625 -15.5000 7.6380 39 206 105
-21.8125 -1.5000 3.1150 207 85 145
19.9375 23.5000 8.6210 22 196 91
-0.8125 -3.0000 4.5610 113 213 190
23.3125 -12.0000 2.0750 142 155 103
-21.3125 -24.0000 16.6960 44 58 116
20.3125 23.5000 9.1760 26 203 89
13.1875 12.0000 10.0360 87 130 63
10.6875 7.0000 6.3470 152 160 176
6.3750 23.5000 3.6520 197 147 30
20.1875 16.0000 15.2960 17 141 49
-13.5625 -14.0000 3.3320 209 103 126
-11.9375 -11.0000 3.2170 206 90 118
-13.4375 2.5000 3.0320 196 77 148
-22.1250 5.0000 2.8960 179 90 156
-24.2500 -21.0000 12.6630 40 87 132
16.8750 25.5000 2.4370 139 185 119
21.0000 20.5000 2.6350 157 153 123
6.7500 -18.0000 4.2350 151 254 76
-19.8750 10.0000 2.9440 190 82 137
0.3750 -12.5000 15.9170 34 55 86
-1.0625 -2.5000 7.2500 46 128 209
24.7500 -1.0000 6.5340 129 223 142
-24.1250 11.5000 3.0430 200 89 125
1.0000 24.5000 3.9080 177 169 19
9.2500 -5.0000 3.8700 148 254 8
-10.0000 2.5000 3.0060 204 79 136
9.8750 -3.0000 9.4540 17 180 98
-3.8750 2.0000 17.1800 40 61 83
19.5625 -16.0000 6.7500 29 225 149
-19.1250 -20.5000 16.7410 30 31 144
-1.6875 20.5000 9.2800 81 132 66
-19.3750 15.0000 8.3590 53 122 128
4.8750 24.0000 3.7310 192 154 30
-19.3125 -10.0000 3.3030 206 85 104
7.5000 -15.0000 15.3770 34 116 35
-10.6250 5.5000 2.9470 196 83 107
-21.0000 -17.0000 6.8050 55 123 221
-4.7500 -22.5000 3.4350 212 119 80
-24.0000 20.0000 7.0390 100 136 117
-4.2500 -18.0000 14.1750 45 56 134
2.4375 -4.0000 8.9390 23 129 182
13.8750 24.5000 15.1200 46 92 73
-16.5625 18.0000 5.3770 173 164 145
-20.7500 -6.0000 3.2860 198 90 110
23.6875 -24.0000 6.5450 48 192 148
17.9375 17.0000 12.1500 14 166 87
-18.7500 -1.0000 3.0860 204 86 142
3.6250 -2.0000 12.5330 29 88 118
19.3750 -9.0000 2.1840 151 254 85
-19.1250 10.0000 2.8920 187 71 139
-12.3125 20.0000 5.4510 185 155 162
-4.3125 2.0000 15.5880 45 70 80
23.4375 -15.5000 3.0120 176 174 80
-21.5000 -16.5000 6.3590 58 136 230
4.1875 19.5000 11.2500 61 73 74
-11.7500 6.5000 2.9650 191 74 107
-14.3125 8.0000 6.9910 35 152 195
-22.5000 -9.5000 3.3030 210 81 101
-22.5000 20.0000 4.9730 158 209 140
-10.1875 24.5000 8.8520 111 121 86
-19.6875 -18.5000 16.8140 32 19 145
-12.0000 -21.5000 3.4160 226 113 82
-22.2500 -15.5000 3.3480 215 95 71
9.2500 -23.0000 2.7590 165 179 66
-21.0625 -2.5000 3.1520 205 78 143
-5.4375 8.5000 4.9780 135 205 146
17.1250 14.5000 9.7220 34 198 70
-3.3750 -4.0000 3.0730 188 92 122
-3.9375 4.5000 19.1180 63 33 58
-4.1250 25.0000 7.5290 87 155 90
-0.3125 5.0000 14.5990 61 58 47
2.0625 -15.5000 15.9070 46 75 70
-1.5625 -1.0000 5.0250 91 210 218
2.8125 -11.0000 13.2080 16 93 90
2.6250 -20.0000 6.6540 108 168 185
7.2500 10.0000 6.1690 162 156 173
-1.6250 -2.5000 7.6060 41 129 195
-5.5000 8.0000 4.8150 143 216 135
-8.1875 8.5000 4.2850 146 226 91
6.3125 24.0000 3.8390 175 158 57
4.9375 11.0000 6.0990 156 157 172
15.1250 25.5000 16.5980 47 90 69
13.2500 10.5000 8.8140 85 112 77
-24.6250 21.5000 6.2690 115 136 141
-21.8750 23.0000 5.2280 189 171 136
-13.0625 -18.5000 3.3190 220 94 129
-8.1250 9.0000 4.5060 153 215 105
-12.6250 -9.0000 3.2420 205 91 124
-8.8750 8.5000 6.0540 81 159 183
-1.9375 4.0000 19.6160 69 33 43
-20.6250 12.5000 5.2630 104 191 196
20.6250 -22.5000 3.3630 186 210 41
20.6875 -8.5000 2.4650 158 219 114
8.5625 -19.0000 18.6020 27 130 22
6.9375 18.0000 11.0390 59 69 94
-2.7500 24.0000 9.5970 70 118 70
2.0625 -6.0000 8.7640 30 144 171
-4.5000 -23.0000 6.8590 72 124 222
-2.2500 14.5000 5.7940 162 162 186
3.8125 -23.5000 7.7130 95 143 133
-2.8125 13.5000 5.9100 158 162 186
-24.1875 11.0000 2.9770 194 84 131
6.5000 23.5000 3.6670 196 149 32
-18.8125 12.0000 5.0590 96 218 197
-24.5625 16.0000 6.5960 94 146 163
-5.0000 10.0000 5.5050 154 186 155
-8.0000 16.5000 5.6860 168 155 153
19.9375 -18.5000 2.8810 159 188 92
-19.0000 6.0000 2.9550 181 92 143
-9.8750 3.0000 2.9950 200 80 138
-10.4375 -1.5000 3.0900 197 88 140
18.9375 -8.5000 0.8140 143 115 22
8.8750 16.0000 12.0950 48 78 92
8.0000 -3.0000 13.5600 11 120 96
-7.0000 -12.5000 8.4120 51 125 192
1.8750 -22.5000 6.7130 103 138 180
5.3125 14.5000 11.7760 85 86 79
9.1250 -10.0000 12.2030 10 152 53
-3.7500 8.5000 7.1760 86 125 119
16.6875 17.0000 16.9230 26 111 34
5.4375 19.5000 11.5690 51 69 100
-15.0000 -2.0000 3.1000 203 93 135
-6.6250 -13.0000 8.6030 47 125 190
22.6250 5.5000 15.1290 79 104 46
7.6250 0.5000 12.5340 36 108 50
-14.6875 16.5000 5.4040 157 177 142
13.9375 10.0000 9.4610 85 127 52
10.6875 0.5000 7.1090 68 151 117
-16.3750 9.0000 5.0610 90 224 200
21.3750 -24.0000 3.5100 164 222 37
11.5625 3.5000 6.3160 137 199 159
20.6250 14.5000 12.1220 23 178 74
22.4375 -8.0000 2.5610 176 215 106
3.6875 -21.0000 21.3770 56 30 85
-14.2500 20.0000 5.4330 180 159 142
-21.3750 -3.5000 3.1630 206 83 139
12.0625 21.0000 6.4360 74 145 176
-14.1875 -16.5000 3.4320 203 113 105
1.3750 -7.5000 8.9580 36 122 162
12.6250 8.5000 6.3710 156 192 180
-9.5625 2.0000 3.0350 209 81 127
8.6875 -17.0000 15.6140 29 139 34
16.5625 12.0000 9.8230 62 152 66
3.4375 2.0000 17.4450 52 50 52
-18.0625 8.0000 7.4980 29 148 209
9.6250 -3.5000 9.9530 16 165 99
19.6875 21.5000 5.6790 74 254 132
-1.9375 -22.0000 3.9300 170 203 96
-5.7500 12.0000 5.7880 149 176 164
19.6875 24.0000 16.7240 12 146 53
-10.0000 21.5000 5.3590 188 170 142
-3.8750 25.0000 10.1070 77 106 56
-19.5000 -17.0000 11.0670 30 65 176
-6.8125 13.0000 5.6950 155 186 160
-8.6875 14.5000 5.7280 150 162 164
8.5000 -17.5000 10.9370 32 148 73
-14.7500 11.5000 6.4210 56 157 188
5.3750 -22.5000 21.1600 54 53 64
-0.8750 -18.5000 14.5480 52 66 104
-6.5000 -7.5000 3.0890 196 94 133
18.2500 8.0000 5.1920 152 254 113
9.1250 1.0000 7.5510 52 171 106
0.6250 -20.5000 7.1170 86 144 187
15.5625 10.5000 10.2670 70 145 66
-11.3750 -22.5000 3.5480 206 157 83
9.4375 -23.5000 2.5140 154 183 75
-22.1875 -15.5000 13.3830 15 48 149
24.8750 17.0000 0.2740 146 109 3
25.0000 12.0000 15.9910 31 131 50
4.5000 -10.0000 8.1840 35 156 130
16.3750 6.0000 6.4420 133 234 178
-0.4375 -15.5000 14.9480 34 68 85
-4.6250 -7.5000 3.1020 198 84 108
-13.5000 -24.0000 5.7550 98 144 226
20.0625 18.5000 0.2580 149 101 7
-5.6875 -15.5000 14.4550 37 46 147
-13.9375 -13.0000 3.3350 209 93 113
-7.8750 20.5000 5.4870 176 171 143
23.3750 -16.0000 3.3200 183 210 40
-11.9375 16.0000 5.5820 163 177 143
12.9375 11.5000 10.0520 84 131 64
-2.1250 -5.5000 4.0240 133 213 125
-3.9375 17.0000 6.6400 125 136 152
-14.0625 -23.5000 4.4040 133 200 183
23.3750 -22.0000 3.7230 152 254 41
-19.8125 -4.5000 3.2290 195 82 122
5.8125 17.5000 12.7190 64 75 60
8.3750 12.0000 10.2580 99 108 90
-17.3125 4.0000 2.9580 182 78 148
18.8750 21.0000 14.9710 10 146 71
-14.2500 -5.0000 3.1520 198 83 138
23.5625 -5.5000 2.2770 174 200 88
11.5625 10.5000 6.4240 148 180 161
7.3750 4.0000 6.0350 136 166 151
3.3750 -18.0000 3.9180 192 219 30
8.3125 -19.5000 18.5010 30 130 30
4.6250 19.5000 10.9400 63 77 74
10.3125 -4.5000 3.0040 191 131 19
3.7500 5.0000 14.5790 69 63 52
13.0000 1.0000 5.8270 141 202 154
-3.1250 16.5000 7.0730 116 129 146
3.5000 -6.0000 6.5880 47 173 199
-6.1250 13.0000 5.7940 153 183 162
11.6875 -6.0000 0.8110 163 114 0
-2.4375 22.0000 11.0580 75 82 63
17.0625 -18.5000 5.9530 48 248 143
17.8125 20.0000 9.3810 23 187 107
6.3750 0.5000 13.0880 26 104 81
22.4375 19.0000 14.1840 11 138 74
16.1875 0.0000 6.5770 98 226 162
-24.0000 -3.5000 3.2110 186 105 145
22.5625 16.0000 13.4130 13 154 71
-10.1250 -20.0000 3.3420 233 96 117
5.3125 -12.5000 7.3580 59 166 123
12.8125 10.0000 8.9070 86 111 79
0.0000 -18.5000 14.2770 48 68 101
7.1250 -6.0000 14.3850 23 70 82
19.9375 15.5000 1.8250 169 183 65
-21.3750 -4.0000 3.1980 208 88 129
-1.6875 -12.5000 17.5410 34 35 102
21.8125 -3.0000 7.6280 65 198 121
18.4375 -10.0000 0.8150 149 112 22
21.0000 18.0000 17.0620 13 136 73
16.5000 16.0000 17.2690 27 108 31
-5.5000 10.0000 5.4380 155 190 159
10.5625 1.5000 6.1480 120 204 141
10.0000 6.5000 7.8180 128 128 157
13.4375 16.0000 13.2820 44 82 64
17.5625 -16.5000 6.9740 33 220 127
-10.5000 -14.5000 3.2360 213 98 127
-8.8750 -4.5000 3.1210 198 93 135
7.0625 -22.5000 11.1900 39 145 80
8.0625 0.5000 10.2950 38 143 75
21.5625 5.0000 13.6380 77 133 55
11.6250 20.0000 3.5780 184 161 18
-2.3125 18.0000 10.0450 82 106 52
18.3750 22.0000 12.0280 8 172 77
-14.8750 -21.0000 6.5050 66 135 243
18.0000 22.5000 8.3480 21 203 110
-3.4375 6.5000 15.8280 60 51 46
22.3125 23.0000 8.9910 22 196 88
5.8125 23.0000 3.6710 196 150 30
10.0000 -12.0000 8.2100 23 187 97
19.0000 -9.5000 2.0820 153 254 83
-16.7500 -5.5000 3.1830 194 102 145
-24.7500 13.0000 7.2370 76 141 166
21.3750 14.0000 15.1360 9 141 74
20.6250 24.0000 9.2950 26 199 89
-12.6875 -20.0000 3.2980 225 91 115
11.7500 -2.0000 1.4720 165 132 44
-15.8750 -22.5000 6.6440 63 135 229
8.8750 -1.0000 7.8900 43 165 111
-10.8750 10.0000 9.7640 40 84 112
23.6250 11.5000 14.9980 29 131 54
6.0000 24.0000 4.3580 145 177 134
7.7500 -22.0000 7.0520 68 174 133
19.8750 11.5000 5.9920 80 241 116
24.4375 -24.0000 7.1020 45 178 133
25.1875 8.5000 17.2400 60 120 33
18.4375 2.5000 6.4590 143 192 189
1.2500 -20.0000 7.0120 104 136 176
-16.6875 4.5000 2.9480 186 76 148
24.1875 -23.5000 6.9730 42 185 144
20.5000 -9.5000 2.5020 143 254 99
1.3125 -13.5000 15.5700 39 60 78
-15.4375 -3.0000 3.0800 198 87 157
12.3750 -13.5000 7.7570 25 208 104
-21.3125 -19.0000 14.4750 23 50 131
-9.7500 23.0000 5.3810 171 196 136
17.8125 18.0000 11.9340 15 166 87
24.0625 -22.0000 6.7080 38 200 163
-21.5000 1.0000 3.0650 200 92 132
-14.3750 14.0000 5.3870 117 180 167
-16.7500 -11.5000 3.2950 200 90 112
-0.8125 5.5000 14.1760 67 70 55
-11.5625 -4.5000 3.1610 202 100 129
-10.4375 -4.0000 3.1510 196 94 138
5.4375 -17.5000 19.2540 54 94 55
10.4375 6.5000 6.3720 151 162 181
17.9375 6.5000 6.5550 131 232 167
10.2500 6.5000 6.2970 153 163 182
5.1250 -8.5000 17.5520 27 84 80
8.2500 -15.5000 17.4110 32 131 37
10.4375 -15.0000 9.5140 28 166 82
-0.6875 -8.5000 14.6310 26 68 131
6.0625 11.5000 6.0730 165 152 188
-2.3125 -13.5000 17.3130 32 36 104
-24.0000 -4.5000 3.3080 187 105 133
-22.2500 -20.5000 20.4610 35 24 128
-6.9375 -22.0000 3.4190 226 111 92
-1.9375 0.0000 14.1600 39 81 85
-8.2500 24.5000 5.0560 165 205 114
-20.6875 -20.5000 20.2340 42 25 112
-23.2500 -15.5000 3.2620 211 66 92
5.0000 7.5000 7.1470 104 153 161
7.6250 -15.0000 17.2620 32 110 34
24.0000 18.5000 6.0470 67 204 148
7.9375 -19.0000 11.5400 41 142 72
-9.0000 -13.0000 3.1620 216 77 125
3.1250 11.5000 6.0470 161 150 185
-23.6250 -19.5000 4.5440 118 204 169
11.8750 -23.0000 6.3070 60 254 90
10.7500 11.0000 6.4270 150 171 168
-0.5625 4.0000 14.6830 67 59 45
-15.0625 -14.0000 3.3830 206 104 99
-9.8125 -20.0000 3.3440 234 98 115
-6.4375 12.5000 5.8120 152 178 163
-6.3125 12.0000 5.7010 152 183 167
-21.0625 23.5000 5.1960 195 171 130
19.0000 -21.0000 2.9900 177 174 90
8.6250 -1.5000 14.6980 29 114 53
-8.3750 17.5000 5.6090 172 158 160
7.5000 -23.5000 5.1660 94 237 148
17.1250 14.5000 11.6540 24 169 55
-22.4375 -18.5000 14.6730 24 50 135
2.6875 11.5000 5.9470 164 149 184
5.6875 -5.5000 7.2060 41 171 166
-14.6875 -5.5000 3.2000 202 91 133
-11.0000 -6.5000 3.1840 198 103 133
22.9375 12.5000 0.2960 142 115 39
15.1875 -20.5000 0.9160 141 119 7
-17.6875 -15.0000 3.4170 200 103 81
9.3125 -1.0000 7.8260 43 166 111
8.1250 -3.5000 11.5950 15 140 100
-18.0625 3.5000 2.9730 192 73 140
-10.8125 1.0000 3.0860 197 90 124
-5.9375 2.5000 4.3040 133 248 131
11.6250 -8.5000 4.0320 130 254 28
-11.7500 14.0000 5.5050 141 187 163
-23.6250 -24.0000 19.1390 59 51 122
6.6250 -3.0000 10.9440 15 114 126
-17.1250 15.5000 6.9230 67 132 117
2.6250 9.5000 6.1110 153 174 170
-24.1250 -24.0000 19.1070 64 55 123
4.7500 -10.5000 7.3960 50 167 143
5.1250 9.5000 6.0690 161 156 181
-18.5000 -6.5000 3.2260 206 84 122
-23.5000 -18.0000 13.7860 30 62 135
-20.0625 -6.5000 3.2730 201 100 115
-5.0625 -1.0000 2.9930 194 82 152
25.2500 -10.5000 3.7960 145 254 21
-2.6250 6.0000 15.4110 45 52 71
-13.3125 -20.5000 3.3340 220 94 111
10.6250 -12.0000 5.2060 80 254 127
2.1875 4.0000 15.6620 72 63 23
-4.2500 22.5000 10.7940 78 86 69
24.1250 -5.0000 4.2680 147 254 95
-6.8750 -7.5000 3.1310 196 98 128
24.6875 8.5000 18.8180 64 110 30
1.8750 15.0000 9.4970 97 71 59
6.8125 0.0000 12.4640 20 110 85
-1.0000 22.5000 10.9660 70 87 80
5.3125 -22.0000 21.6170 46 66 62
-1.9375 -21.0000 3.8780 173 195 88
24.9375 20.0000 0.0720 137 111 1
8.3125 17.0000 11.6390 51 80 99
22.6250 25.5000 6.7290 58 195 120
-14.3750 15.0000 5.1030 163 189 135
4.0625 2.0000 13.2000 47 77 67
8.8125 -18.5000 6.7830 56 225 110
10.3750 9.5000 6.2260 163 156 182
1.6250 -12.0000 14.4360 22 82 85
23.9375 15.0000 0.3080 157 114 15
7.1875 2.5000 6.0440 103 190 148
24.8125 -6.0000 6.2030 106 223 138
10.0625 6.0000 7.8730 96 134 138
-10.8125 25.5000 8.3850 113 115 93
22.5000 8.0000 11.5920 53 127 35
-20.4375 -22.5000 16.0310 29 49 126
7.6875 21.0000 8.2010 67 91 137
0.6250 8.0000 9.7210 85 88 92
8.5625 24.5000 5.4660 114 144 184
20.5625 10.5000 12.1570 24 160 66
-12.5625 20.5000 5.4470 186 152 162
5.6875 4.5000 13.4950 73 72 55
9.3750 16.0000 11.3430 46 84 101
23.3750 20.5000 3.3500 197 193 4
5.2500 22.0000 7.9520 63 96 146
0.2500 1.5000 16.8940 55 49 48
-16.1875 3.0000 2.9880 187 88 155
-16.8125 15.0000 6.4610 83 149 135
-9.1250 -17.0000 3.2110 221 74 108
-6.6250 -5.0000 3.0450 186 93 156
6.6250 -16.0000 20.6870 35 93 48
3.6250 -20.0000 6.4970 112 163 173
-18.6875 -14.5000 3.4080 200 102 87
3.3125 4.5000 13.8420 65 73 54
-0.3750 -23.5000 4.0050 166 193 94
-10.5000 10.0000 8.7510 45 100 118
-16.5625 19.5000 5.3420 179 159 139
-15.3125 -16.0000 3.4220 211 106 91
4.3750 -8.5000 15.0960 35 68 85
-11.5625 7.5000 5.6350 74 181 200
4.8750 18.5000 11.2370 72 60 72
-8.8125 2.0000 3.0270 209 82 124
-3.0625 9.0000 5.4600 157 172 155
10.5000 14.0000 8.3540 80 104 100
6.6875 19.0000 11.4980 48 70 99
-21.2500 3.5000 3.0210 192 80 130
2.2500 -12.0000 14.9720 24 91 64
-19.0000 -7.0000 3.2190 207 81 123
2.0625 8.0000 6.0340 152 168 168
7.3750 9.0000 6.2090 160 162 168
-15.4375 -18.0000 3.4530 210 124 95
-2.5000 7.5000 5.1960 159 187 146
7.5000 -7.0000 15.3240 26 69 66
19.2500 15.0000 2.2830 159 167 87
16.0000 25.0000 12.2220 19 158 78
-4.5000 25.0000 10.1930 77 106 58
10.0000 -5.5000 3.6500 160 252 0
7.4375 -18.5000 12.8150 39 128 62
-2.2500 -11.5000 17.3940 33 37 110
-18.8125 1.5000 2.9670 188 81 154
-2.1875 -20.0000 15.5070 47 48 117
-4.3750 15.0000 5.8420 158 162 161
24.8750 -16.0000 3.1700 167 169 48
-18.5000 7.5000 6.5260 42 166 228
-7.5000 -9.5000 3.1390 205 79 125
11.1875 7.0000 6.3280 163 180 188
14.4375 3.5000 6.4070 131 214 175
21.6875 11.5000 12.2450 22 155 79
-22.2500 -22.0000 19.4900 29 31 123
-5.8125 -2.0000 3.0670 201 86 140
19.6875 -11.0000 2.2360 138 241 106
-14.6875 25.0000 5.3330 186 153 129
17.4375 3.0000 6.4440 143 230 174
9.4375 2.5000 6.2940 111 202 155
-21.1875 -15.0000 3.4190 207 114 67
16.2500 7.5000 6.5060 135 203 133
-16.4375 -7.5000 3.2060 202 85 129
21.5000 -6.5000 2.7430 175 225 114
-16.8125 -16.0000 3.4520 195 107 87
8.7500 0.5000 13.5490 30 123 54
-22.8125 -19.5000 4.0140 138 205 116
9.6250 -1.5000 10.3970 22 154 73
15.8750 -20.5000 2.3620 127 242 94
-20.6875 -3.5000 3.1280 200 81 147
23.9375 2.0000 18.2420 85 93 60
-14.0000 6.0000 2.9120 186 77 134
15.2500 11.5000 10.5740 69 143 61
9.1250 -16.5000 11.7400 30 135 62
20.7500 -3.0000 6.6450 94 234 127
6.8750 13.0000 10.9980 86 99 86
8.9375 18.5000 9.5450 47 89 123
-9.8750 21.0000 5.3230 188 172 141
-0.3750 12.0000 5.8990 164 175 172
17.6250 12.0000 7.1610 63 210 102
-6.8125 -23.5000 5.3860 113 161 240
21.3750 5.5000 6.6820 137 203 156
-18.4375 -5.5000 3.2080 198 82 134
-15.1250 15.5000 5.3490 151 176 136
-20.5625 7.0000 2.9310 188 97 146
-15.6250 -3.5000 3.1060 203 87 149
16.2500 5.5000 6.4530 130 239 182
16.1250 16.5000 8.4390 37 184 93
-0.5625 5.0000 14.5880 63 59 49
6.9375 -16.5000 20.5690 38 96 44
11.8750 23.5000 4.8050 129 229 166
25.0625 3.5000 19.5020 93 98 46
-1.3125 0.0000 11.9590 31 110 117
22.1875 0.5000 6.5780 114 229 186
-13.6250 -11.5000 3.2720 203 98 123
-3.6250 -9.0000 13.0220 24 71 154
2.5625 -8.5000 5.0480 94 232 176
-8.1250 -15.0000 3.1570 213 71 118
4.8125 16.0000 12.1300 66 78 38
-8.8125 9.0000 5.5520 98 175 183
0.5000 -8.5000 3.8170 161 207 64
-3.4375 7.5000 15.5230 63 43 48
-10.5000 0.5000 3.0570 191 101 144
8.3750 -18.0000 2.8610 178 151 67
21.3125 22.5000 9.3170 25 194 80
0.6875 13.0000 5.9550 161 151 170
-14.3125 7.0000 7.4440 31 153 184
-18.8125 7.5000 9.2680 18 132 179
5.4375 9.5000 6.1710 156 157 180
10.8125 19.0000 3.6460 192 151 18
8.3750 -17.5000 7.3340 45 193 119
-13.8125 -2.5000 3.1090 198 86 141
11.8750 -9.5000 3.9090 138 254 0
2.9375 13.5000 5.9390 159 166 180
-24.6250 -10.5000 3.4060 188 105 114
8.6875 -4.0000 10.2980 21 156 101
4.1250 -7.5000 16.8400 21 66 96
3.1250 -12.0000 14.8990 21 91 60
-21.0000 19.5000 5.7020 125 165 151
-2.1875 -13.0000 17.4340 30 33 106
11.9375 20.5000 3.5310 188 151 15
23.7500 16.5000 13.5300 19 153 64
4.3750 0.5000 15.9200 41 58 62
2.6250 20.5000 10.1980 58 93 86
-16.6250 22.0000 5.3520 192 150 158
9.3750 -1.5000 4.4260 128 254 94
1.3750 -11.0000 15.4470 33 49 88
-22.4375 -13.0000 3.4390 203 115 84
20.3125 13.5000 14.0400 15 160 63
21.3750 20.5000 5.3210 77 254 167
4.5000 -6.5000 16.0240 22 70 99
13.2500 11.5000 9.7180 87 129 64
-0.6250 -7.0000 7.6520 44 139 198
11.5000 21.0000 5.2060 111 200 178
21.5625 -19.5000 2.5210 139 155 134
21.5000 8.5000 15.5280 59 104 31
-22.1250 -16.5000 13.4310 18 51 145
24.8125 19.0000 10.2660 37 160 91
-2.7500 -13.5000 17.3190 31 35 107
5.1875 -16.0000 18.7870 44 103 43
-24.5000 19.0000 8.1960 99 129 119
-4.8750 -10.5000 14.1620 23 85 160
-18.5000 -8.0000 3.2740 203 92 112
-21.3750 -16.0000 3.3800 214 106 64
-8.5000 6.5000 6.6960 70 137 166
-12.0000 3.5000 3.0170 204 64 128
23.0000 3.5000 19.4930 82 91 58
15.5625 15.5000 10.6880 31 167 69
-3.4375 25.0000 4.5830 161 208 78
-11.3750 14.5000 5.5870 140 181 158
4.7500 3.5000 16.1340 67 30 35
-17.2500 10.0000 5.0220 93 224 197
20.9375 20.5000 5.3650 78 254 166
4.8125 -8.5000 16.5200 33 70 81
9.0625 -0.5000 13.6160 17 127 60
12.9375 10.0000 6.4540 137 183 153
5.2500 0.5000 12.7850 38 97 68
-8.8125 -21.0000 3.4320 228 122 112
0.9375 15.5000 5.8470 162 170 162
22.1875 -3.5000 1.9610 176 193 94
4.1875 17.0000 12.4580 77 82 41
8.2500 19.0000 10.2400 44 77 101
23.1250 -1.5000 6.5480 112 233 164
3.6875 20.0000 11.2360 59 73 76
10.0625 -4.5000 9.2200 17 194 96
-1.6250 -12.0000 15.0190 45 47 95
-15.5625 -11.5000 3.2260 208 68 119
-0.1875 14.5000 5.8730 162 148 178
18.5625 14.0000 14.5870 11 147 65
10.6875 17.0000 9.3000 48 113 124
-10.3750 9.5000 8.9900 45 111 116
6.0625 -7.5000 16.1070 25 72 73
1.8125 16.0000 11.0640 81 80 41
-20.4375 6.5000 2.9440 181 88 139
4.4375 13.5000 8.6610 107 108 103
16.0000 8.5000 6.5280 133 206 134
-4.3750 -12.0000 15.2240 38 37 117
11.1250 -10.0000 8.1500 22 203 88
19.8125 -17.0000 5.1080 76 254 157
1.8125 11.0000 6.0530 157 160 167
21.7500 -14.5000 2.9680 174 169 95
-22.2500 -19.0000 13.4410 21 70 136
2.8750 6.5000 5.9810 148 159 161
-18.1875 -11.5000 3.3330 202 92 100
-19.4375 -14.5000 3.4040 199 108 91
2.6250 20.0000 10.6760 59 85 82
2.3125 14.5000 5.9460 158 165 177
13.6250 -12.0000 0.8030 132 95 39
-5.6875 -2.5000 3.0750 203 75 137
4.0625 10.5000 6.0790 158 154 178
-0.9375 9.0000 5.8690 161 164 168
21.6875 17.5000 16.5030 10 128 72
10.6250 -24.5000 3.0420 182 166 14
2.4375 9.5000 6.0080 158 172 167
-8.9375 -22.5000 3.4870 223 139 106
-17.6875 2.0000 3.0390 192 87 141
6.8750 6.0000 6.1610 143 172 156
5.8750 -20.0000 19.9190 44 77 60
-10.6250 -21.5000 3.4120 226 115 122
6.6875 -20.5000 10.6580 40 142 91
-10.5000 -20.0000 3.3290 233 92 121
24.3750 21.5000 8.4740 33 190 109
-1.3750 11.5000 5.9230 157 178 151
-8.8125 -9.5000 3.2160 207 92 126
1.6250 -1.0000 11.3140 30 104 129
-3.9375 10.0000 6.0590 132 162 155
3.5000 -7.0000 15.2850 19 65 109
-16.2500 -13.0000 3.3600 207 99 103
-22.7500 -5.0000 3.2480 199 93 125
-18.9375 -21.0000 16.0550 26 39 138
20.4375 -6.5000 2.0030 158 254 69
4.0625 20.5000 11.2980 62 71 75
-22.4375 -8.5000 3.3520 202 98 97
-2.0625 17.5000 5.8110 148 158 145
-16.5000 -1.0000 3.1030 202 91 143
13.6875 7.0000 6.3530 160 190 162
-15.6250 12.0000 6.4180 58 158 186
0.1875 11.0000 5.9100 160 177 167
-14.3125 -12.0000 3.3030 205 88 107
16.3750 -21.5000 2.5910 133 230 91
19.7500 12.0000 6.0010 81 206 146
20.8125 25.0000 15.1670 14 142 68
13.2500 18.0000 10.9290 47 107 97
12.5000 0.5000 1.4890 183 128 48
7.9375 -8.5000 6.8740 67 172 130
21.6250 6.5000 6.6110 141 231 145
-18.3125 -3.0000 3.1810 201 96 138
2.4375 25.0000 3.8150 187 163 17
-22.4375 -19.5000 16.5760 26 45 130
-23.3750 -2.0000 3.1620 190 104 154
-8.5000 -17.5000 3.2450 230 76 118
15.0000 -16.0000 5.9960 55 236 154
-12.0000 -17.5000 3.2680 218 83 143
-2.0625 -16.0000 16.8940 34 61 110
-12.3750 5.0000 2.9300 193 64 133
-20.3125 -6.5000 3.2560 198 84 111
-8.8125 9.5000 7.1810 71 123 132
-4.1250 4.5000 18.8120 64 36 61
-15.8750 21.5000 5.4010 188 150 155
19.0625 -14.0000 2.0290 134 219 82
-10.5625 6.0000 4.2290 118 225 151
-0.3125 19.5000 11.3380 62 83 60
2.8750 23.0000 9.8090 56 87 108
3.6875 -19.0000 17.7350 65 75 62
-21.8750 -1.0000 3.1310 208 88 144
0.1250 18.5000 9.7920 70 103 67
-17.5000 -15.5000 3.4380 199 110 75
22.5000 0.5000 6.5720 120 228 186
-10.0625 -13.5000 3.1880 213 79 124
20.0625 18.0000 0.2750 151 101 6
21.1875 -22.0000 3.1140 189 166 63
-5.1875 1.5000 11.0240 29 107 132
-23.0625 12.0000 3.0630 206 91 118
18.6250 4.5000 6.4310 143 240 188
11.1250 4.5000 6.3340 139 196 174
-10.1875 -4.5000 3.1250 196 90 138
20.3750 -0.5000 6.4390 119 231 134
-13.5000 -20.0000 3.3540 218 100 112
-12.7500 -19.5000 3.3350 219 99 124
-5.0000 7.0000 13.3950 51 61 77
-6.5625 -23.0000 5.4110 104 168 247
4.8750 -13.0000 15.6410 30 92 43
-7.3750 -5.0000 3.1480 190 100 143
4.0000 5.5000 13.5360 68 77 56
10.1875 12.0000 7.8460 95 107 109
-8.3125 11.5000 7.5160 60 132 114
4.8750 -15.5000 18.8940 50 85 41
-13.0000 21.5000 5.4010 191 163 153
6.3750 -6.5000 10.5080 21 122 114
-23.5625 12.0000 3.0730 205 94 121
-22.0000 18.0000 5.9550 120 170 140
-11.8750 25.5000 9.0690 123 119 90
-8.6875 16.5000 5.6640 167 159 158
22.4375 -14.0000 2.8860 168 164 97
-14.2500 -23.0000 6.5120 78 118 233
-5.3125 -11.0000 3.0120 203 49 121
-13.1250 -20.0000 3.3460 221 99 110
9.3750 5.0000 6.2660 134 192 189
5.3125 4.5000 13.2810 75 77 55
2.6250 23.0000 3.7850 192 172 17
10.5000 10.0000 6.2470 158 175 171
2.9375 -24.0000 7.0410 105 133 152
17.6875 -14.5000 6.1500 51 239 133
-12.6250 20.5000 5.3770 188 155 160
-2.5000 7.0000 14.9850 62 47 45
-15.5625 4.5000 2.9110 189 74 150
-7.8125 22.0000 5.4620 165 183 128
-21.0625 -13.0000 3.4130 206 110 80
17.6875 5.5000 6.4520 145 238 186
-4.0625 -20.5000 6.0370 104 137 234
17.0000 1.0000 6.3990 134 224 137
18.0625 -15.0000 6.7820 32 226 152
9.4375 5.0000 6.2990 132 191 189
-24.6250 17.5000 5.8890 124 158 144
19.8750 0.5000 6.4610 151 213 157
-19.5625 2.5000 3.0320 188 85 146
-21.1250 22.0000 5.2250 185 170 130
-11.5000 5.5000 2.9330 186 73 127
-0.5625 24.5000 10.5230 66 99 71
-14.3750 -18.0000 3.4810 205 130 95
22.2500 -9.0000 2.6320 159 202 119
4.3125 -3.5000 13.6610 6 85 135
-7.2500 16.5000 5.7260 169 149 165
-1.9375 -15.5000 17.5190 36 57 107
8.5625 1.0000 7.0010 67 180 117
23.2500 -11.5000 2.1610 142 169 107
-9.7500 8.5000 6.3320 71 153 178
5.8125 -13.0000 17.8550 27 105 42
-17.0625 17.0000 5.2330 154 196 133
-20.9375 -3.0000 3.1360 197 84 150
-15.4375 -14.0000 3.4070 204 110 98
6.1250 11.0000 6.0510 164 155 189
15.2500 16.0000 8.1770 41 187 96
-18.6250 18.0000 5.2180 141 191 146
5.5625 -19.5000 22.0430 51 61 69
18.6250 7.0000 6.5490 120 246 149
4.5625 -11.5000 11.3570 35 111 88
1.1250 -0.5000 17.0490 21 64 98
24.8125 5.0000 18.7750 86 113 19
-15.5000 -2.0000 3.0850 203 90 139
-21.5000 -15.5000 3.3810 213 106 65
-16.8125 7.0000 8.5900 23 132 177
-15.4375 -20.5000 6.3090 72 138 247
8.5000 -7.5000 14.4570 20 129 45
21.8750 8.5000 11.0860 53 132 43
20.0625 15.0000 17.2470 22 123 50
-9.3750 -5.5000 3.1290 191 87 149
-15.8750 -2.5000 3.0960 194 103 152
11.8125 -23.0000 6.7540 67 220 83
3.2500 -7.5000 7.8700 38 148 170
8.6250 -19.5000 7.1600 54 209 120
-2.0625 -6.5000 3.4350 190 156 78
-23.0000 11.0000 3.0490 211 90 129
6.8125 0.5000 12.6160 34 108 55
1.8750 -21.5000 6.7840 109 156 179
-0.2500 -10.0000 16.6350 25 41 105
-19.5625 13.5000 7.7570 49 126 153
-18.5625 -10.0000 3.3330 206 94 97
-16.6250 -8.5000 3.2750 196 101 127
-17.5000 -10.5000 3.2950 202 88 103
5.7500 -20.0000 21.5010 48 65 66
6.0625 16.0000 11.1770 68 78 61
-16.6250 19.0000 5.3660 171 176 145
22.4375 6.0000 15.2350 80 101 47
-20.5000 -20.5000 18.6620 39 34 112
-4.6250 2.5000 17.5730 28 58 86
7.9375 -7.5000 15.0350 20 98 51
20.5000 -0.5000 6.4950 118 244 167
-3.3125 -4.5000 3.0670 188 91 119
-17.5000 5.0000 8.4060 19 136 189
10.8125 20.0000 3.6090 197 145 21
20.4375 19.0000 16.8310 5 142 71
-13.3125 -16.0000 3.3590 212 106 115
24.0000 12.5000 16.0620 23 131 58
4.1875 6.5000 12.5220 80 76 62
21.7500 12.5000 12.4320 21 165 83
-5.4375 -9.0000 3.1210 207 86 121
10.3750 21.0000 3.5960 202 143 23
9.0000 -4.5000 12.0500 9 146 87
-2.7500 -20.0000 3.5030 218 142 62
-22.3125 -14.5000 3.3380 210 88 81
-7.3125 1.5000 3.0250 199 80 105
-9.0000 -10.5000 3.2290 209 95 121
-21.3125 -0.5000 3.0990 203 88 151
-18.6250 -24.5000 16.3610 52 46 126
24.5625 -22.0000 6.8610 40 193 153
-18.0000 -4.5000 3.1320 205 85 137
-7.8750 -11.5000 3.1640 201 74 126
10.0625 7.0000 6.2840 152 165 181
11.8125 0.5000 5.3840 141 222 160
-7.2500 -15.0000 3.1440 215 41 101
4.9375 9.0000 6.1530 152 176 159
-17.5000 14.5000 7.4160 48 130 149
-24.0625 -10.0000 3.3670 185 95 114
23.1875 -2.5000 6.4750 122 234 137
3.8750 -11.0000 11.7650 28 115 89
-14.0000 21.5000 5.3530 188 149 144
-13.8750 -16.5000 3.3890 210 102 105
2.9375 -13.5000 14.4460 21 96 61
18.5000 -22.5000 3.0440 178 178 81
24.0625 20.5000 8.0300 36 194 112
0.6875 -24.5000 6.8150 99 133 160
20.6875 8.5000 8.5180 77 161 59
-13.8750 12.5000 3.8470 170 206 12
22.8750 -9.5000 2.5920 159 195 119
-0.8750 7.5000 5.7620 149 160 173
16.0000 6.0000 6.4190 133 234 181
3.2500 23.0000 8.1680 59 106 126
-24.1250 -24.0000 17.1780 63 66 127
18.0000 24.0000 9.5110 29 198 79
-6.1250 -16.0000 14.3840 37 47 149
21.5000 -0.5000 6.5060 116 239 181
7.0000 -20.5000 22.0230 42 62 60
5.5000 5.5000 6.1490 143 169 159
-17.8125 1.5000 3.0050 189 85 146
18.3125 -14.0000 2.2680 135 224 100
-3.8125 4.0000 18.0290 61 41 65
23.8750 3.0000 20.0560 92 88 53
-19.7500 9.0000 2.9020 180 92 148
-14.5000 10.0000 6.3270 57 158 186
0.3125 25.0000 8.7440 75 114 89
-8.6250 -6.0000 3.1590 194 94 139
-20.8125 -8.5000 3.2760 203 79 107
17.9375 16.5000 14.8120 13 142 65
-18.5000 -20.0000 6.5470 70 118 221
-0.5625 16.0000 5.7900 148 170 151
9.8125 -6.0000 6.3210 59 211 135
21.3750 -2.0000 6.4830 114 238 165
-24.1875 -21.5000 12.1950 48 91 138
-5.8750 11.0000 5.6220 152 190 167
-5.1875 3.0000 12.5210 26 102 103
-0.9375 1.5000 17.5570 61 45 55
20.6250 -15.5000 4.7720 78 254 138
-17.4375 -2.5000 3.1080 202 80 146
-3.4375 -15.5000 16.5950 33 62 122
-21.1250 13.5000 7.4180 66 145 143
0.8125 -7.0000 9.0870 30 121 168
15.6250 23.5000 9.7700 22 160 90
15.3750 18.5000 11.5800 18 151 81
-1.3750 3.0000 20.0470 62 60 69
-5.2500 9.5000 5.6380 148 162 164
-19.7500 3.5000 2.9330 176 93 160
-20.0000 1.0000 3.0330 190 85 145
4.9375 -14.5000 16.6650 38 94 51
-16.2500 11.5000 6.4300 56 159 191
18.8750 3.5000 6.4810 144 188 190
-0.6875 -4.0000 3.1520 194 80 103
0.2500 2.5000 16.0900 52 56 47
-14.6875 -6.5000 3.1730 202 89 132
-4.6250 6.0000 18.7210 61 36 40
-0.6250 -4.0000 3.2850 194 107 86
-0.1250 2.5000 16.4780 54 52 51
-8.6875 -4.0000 3.1230 198 94 136
15.1875 -17.5000 7.0720 41 234 96
-22.6875 21.0000 5.2350 166 178 139
-4.5625 4.5000 17.4890 45 41 72
-21.0625 -1.0000 3.1250 205 90 144
0.6250 -14.5000 15.7450 36 72 78
5.7500 9.5000 6.1690 156 160 180
-3.6875 -21.5000 3.5620 208 161 73
12.3125 8.5000 6.3450 158 192 182
-17.9375 4.0000 2.9900 189 87 132
24.1250 -19.5000 3.3700 174 188 37
12.3125 -14.5000 4.8980 104 254 117
17.8750 -16.5000 6.9420 27 224 145
22.5000 -7.0000 2.9850 200 205 91
-22.1875 -11.5000 3.4170 201 108 93
14.6250 24.5000 11.2650 34 136 85
11.0625 3.5000 6.3450 137 182 146
22.1250 24.0000 8.5430 24 189 108
-14.8750 9.0000 5.0750 85 209 215
21.5625 -12.0000 2.8540 169 164 109
-14.2500 -23.5000 5.7620 94 145 235
12.8125 -12.5000 8.0420 20 205 98
2.6875 -3.0000 8.5190 24 133 187
-19.9375 -20.5000 3.3620 215 113 89
7.4375 -15.5000 20.9860 36 93 42
-21.3125 -7.5000 3.3320 204 98 95
-17.9375 22.0000 5.3490 189 159 150
-13.3750 -22.5000 5.5650 97 161 247
16.8750 22.5000 13.0620 4 157 73
-18.1250 -11.5000 3.2790 203 81 108
-21.0000 10.0000 2.9730 208 88 134
-12.5000 -21.5000 3.3810 228 100 85
-20.8750 -21.5000 19.9330 31 27 119
19.2500 -21.0000 2.8960 172 168 96
10.8750 -4.0000 2.5720 159 138 77
-14.5625 11.5000 6.4210 56 157 188
-8.5000 12.5000 8.1920 78 102 116
-2.6250 2.5000 17.4240 38 59 77
1.3125 -0.5000 16.7860 22 67 97
-3.8125 8.5000 5.1920 159 183 154
3.8125 -1.0000 14.3690 21 64 107
-19.7500 21.0000 5.2780 186 165 145
23.5625 16.0000 0.3560 154 100 7
-14.8125 6.5000 6.6930 48 145 205
22.0000 1.5000 6.5590 129 220 203
-17.9375 -14.0000 3.3900 201 94 90
12.1250 14.0000 10.7570 66 115 90
13.1875 20.0000 14.4210 27 74 89
-5.1875 2.0000 12.8160 20 98 105
-5.3750 -19.5000 6.4560 89 133 241
-14.8125 -16.5000 3.4200 209 106 94
-12.6875 -17.5000 3.4000 212 114 120
-7.9375 12.5000 5.6010 149 159 137
-21.3750 -9.0000 3.3210 207 87 98
-9.5000 -6.5000 3.1320 200 85 141
-22.5625 -17.5000 13.2370 22 64 138
-10.9375 15.0000 5.6350 155 165 135
22.0000 -9.0000 2.4580 155 197 131
-9.1250 -14.5000 3.2220 217 79 110
-5.0000 -5.0000 3.0310 184 80 137
24.8125 -23.5000 7.6500 44 172 121
4.8125 24.5000 3.7330 190 151 33
-2.2500 -24.0000 6.4140 90 142 196
-23.6875 1.5000 3.0870 183 105 157
-15.5000 -22.0000 6.7470 60 132 235
-21.3750 8.0000 3.0650 210 100 122
-19.5625 -8.5000 3.3140 199 99 114
-22.8125 6.5000 2.8910 180 101 168
0.9375 2.5000 17.9950 57 42 49
-13.4375 -9.5000 3.2650 204 93 121
-1.6250 3.5000 19.7150 63 37 52
-1.6250 -1.5000 6.2110 60 146 223
1.7500 10.0000 5.9720 163 175 161
21.6250 -20.0000 2.8210 159 165 115
24.8125 15.5000 11.3900 34 157 75
8.5000 -17.5000 5.0070 97 254 115
13.5625 1.5000 6.5470 113 209 131
15.3750 21.5000 15.8010 18 122 58
-12.0625 -22.0000 3.6670 192 190 90
4.1875 -10.0000 11.0580 24 109 108
-20.8125 14.5000 6.9580 71 148 155
-15.1250 17.5000 5.4460 161 176 146
-14.2500 3.5000 2.9920 196 66 138
-13.5625 -12.0000 3.3030 205 102 114
-17.3125 20.5000 5.3500 185 164 129
15.1875 -24.0000 5.9320 65 240 121
20.0000 22.5000 8.3700 20 199 102
-23.9375 19.5000 6.7720 103 134 116
14.2500 12.0000 9.6530 78 163 53
-13.3750 -18.0000 3.3010 214 88 138
-23.5000 -8.5000 3.3380 197 96 107
3.3750 -9.5000 11.5260 21 106 105
23.8125 13.0000 0.2750 142 113 34
-8.8125 -21.0000 3.3940 232 112 113
-24.6250 22.5000 5.2100 178 156 133
11.7500 19.5000 7.1020 54 162 164
0.5625 -12.5000 15.7110 34 55 85
15.2500 -18.5000 6.8220 37 245 112
11.6250 -2.5000 1.4420 164 135 43
-15.3125 -19.5000 3.3600 220 106 111
-11.0000 -18.5000 3.2960 219 90 132
-3.4375 -24.5000 6.3540 88 138 201
12.0625 -5.5000 0.7490 161 90 0
21.5625 -16.0000 2.3820 139 152 128
-12.1875 12.0000 10.4450 37 94 118
-16.5625 5.5000 2.9630 183 81 144
-10.4375 19.0000 5.5810 189 144 158
0.5625 -4.0000 8.9540 11 125 195
11.3750 -3.5000 2.3600 147 204 103
4.5625 1.0000 15.7160 45 58 62
17.5625 -19.0000 5.3330 74 254 158
22.0000 -15.5000 2.4450 143 148 131
8.5000 -17.5000 9.9820 29 170 73
8.5000 16.5000 11.7260 49 80 97
5.0000 -12.0000 15.1900 26 106 39
-9.5000 -13.0000 3.2170 218 84 117
14.8125 18.0000 10.8670 29 142 94
4.1250 -10.5000 14.7250 30 74 74
18.4375 -15.5000 7.9290 22 194 131
9.1875 -0.5000 11.5230 18 138 66
7.9375 -2.0000 14.6640 21 91 75
18.1250 19.0000 7.2200 32 217 148
-11.7500 7.0000 3.0210 194 90 93
-0.2500 1.0000 16.8060 58 50 51
-2.0625 17.5000 8.2420 101 116 107
-21.0000 12.5000 5.5530 98 173 198
-9.7500 -13.5000 3.1900 215 80 121
12.6250 -23.5000 6.2350 62 254 87
-10.6250 -3.0000 3.1130 201 96 141
2.9375 14.5000 9.4400 105 100 101
0.7500 24.5000 3.9840 177 184 24
20.1250 -10.5000 2.3220 149 254 83
14.7500 7.5000 6.3750 149 205 145
-3.4375 -2.0000 2.9670 190 76 141
20.0000 18.0000 16.8840 13 137 61
18.3125 16.0000 6.0690 68 219 157
12.8125 19.5000 9.2270 40 121 121
3.8750 -15.0000 18.5920 51 58 61
-17.1250 -21.5000 16.2670 32 40 129
8.3750 -15.5000 17.3060 31 131 37
3.5625 -13.5000 18.6570 39 64 51
-7.1875 10.5000 6.5700 93 125 147
9.8750 -9.0000 11.9250 11 151 52
-12.8750 19.5000 5.4810 183 153 161
-19.8125 6.0000 2.9760 181 102 140
-16.4375 10.5000 4.8440 96 231 183
22.3750 15.0000 12.0160 18 166 91
-21.6875 -9.5000 3.3780 207 101 88
-5.0000 -2.0000 2.9940 194 68 148
4.1875 21.0000 10.7880 62 66 97
-7.1250 6.5000 7.7600 65 133 140
-12.3750 0.0000 2.9740 193 87 160
1.0000 -16.0000 14.1500 36 75 82
-16.1875 8.0000 2.8260 179 83 153
-5.8125 -23.0000 3.4630 217 124 85
-23.5625 -21.5000 5.1950 102 186 205
4.8750 -18.5000 18.7090 63 88 50
18.2500 -21.0000 2.0480 139 141 94
-12.9375 17.5000 5.5050 173 177 149
-22.3125 -10.5000 3.3810 206 101 90
11.8750 -11.5000 3.4460 185 231 0
-23.9375 5.0000 2.9250 165 97 159
8.6875 -6.0000 7.6830 29 193 114
-7.3750 -3.0000 3.0980 191 102 154
-9.8125 23.5000 5.4670 168 186 135
23.2500 16.5000 6.1730 62 216 154
-18.8750 7.5000 2.9300 189 87 132
-0.0625 -19.0000 3.7800 206 205 50
23.8750 21.0000 8.8120 28 186 110
-14.3125 15.0000 5.2730 157 177 137
11.6875 -12.0000 8.2790 22 198 95
-4.6875 -20.5000 3.4440 221 115 85
5.1250 -17.5000 16.5830 66 87 61
7.1875 -5.0000 12.0890 15 118 109
7.2500 22.0000 8.3460 56 89 142
8.8125 7.0000 7.3200 128 142 171
-21.0000 -19.5000 21.0660 36 11 113
0.6250 14.5000 5.8620 163 149 173
-5.6875 -10.0000 3.1360 212 84 109
-11.4375 7.5000 5.4650 77 194 197
2.4375 17.0000 10.3940 80 100 49
20.6250 24.0000 4.3590 109 254 101
2.6250 25.0000 3.7050 198 154 13
-11.8125 -24.0000 3.7380 175 173 102
22.1875 -24.0000 3.6290 153 234 43
23.9375 -11.5000 2.8640 160 186 101
19.3750 23.0000 5.3870 77 254 136
-21.0625 -19.0000 15.9980 23 45 127
-20.0000 -17.5000 3.2870 214 87 92
-0.5000 11.5000 5.9340 161 174 169
-18.3125 6.5000 6.9220 44 149 215
10.5000 -11.5000 5.0600 89 254 126
11.8750 -23.5000 6.0320 80 247 99
0.5000 4.5000 14.0860 62 71 49
6.2500 -16.0000 20.6040 35 93 50
-15.7500 -6.0000 3.1530 201 82 143
-17.0625 -21.5000 13.6460 30 60 135
3.7500 4.5000 5.3190 156 193 150
-4.3125 -18.0000 14.0890 45 58 134
1.1250 -19.5000 7.0320 88 148 184
-4.3125 7.5000 4.9450 138 205 139
8.0625 14.0000 11.7500 61 109 75
-7.9375 13.0000 5.7620 148 181 171
4.5000 -8.5000 15.7690 34 72 79
-3.7500 7.5000 13.4640 61 59 53
9.8125 -14.0000 9.0850 26 176 88
-2.4375 23.0000 11.2790 75 79 58
9.0000 1.0000 7.9060 52 157 92
7.1875 -17.5000 20.7640 48 79 51
24.3125 -2.5000 6.5120 130 229 125
11.3125 -4.5000 2.0030 145 179 74
-22.4375 -21.5000 17.3500 27 46 132
9.2500 5.0000 6.2810 133 191 189
0.0000 -7.0000 7.5990 41 140 200
3.6250 -9.0000 15.7860 29 70 80
19.6875 6.5000 6.5410 139 240 150
16.2500 -21.0000 2.5410 130 233 93
24.5625 21.5000 8.4310 35 190 108
14.8750 1.5000 6.5430 119 226 159
18.1250 -23.5000 3.3490 172 214 34
-1.0625 2.5000 18.4120 62 42 62
-13.1875 -14.5000 3.3490 210 106 119
-12.4375 1.0000 2.9910 198 78 143
-5.3125 7.5000 14.0470 45 57 77
23.5625 -14.5000 2.9730 174 161 81
4.7500 -14.0000 16.0020 40 94 47
-5.1875 0.5000 3.4940 187 181 57
16.3750 15.0000 7.6820 55 178 105
5.0625 -20.0000 5.3380 125 217 159
2.3750 -10.5000 12.3710 25 105 97
-15.3750 4.5000 2.9120 190 74 148
-21.4375 4.5000 3.0090 190 94 133
22.1875 5.5000 6.6550 135 207 157
7.0625 -8.5000 15.8740 18 97 42
-20.8125 -9.5000 3.2920 209 83 99
8.7500 -6.0000 10.3430 11 172 80
4.3125 -5.0000 6.6530 46 154 192
7.5625 -15.5000 21.0010 37 94 40
11.8125 -14.0000 7.8680 35 196 100
22.1250 -10.5000 2.1440 164 169 118
-8.7500 -1.5000 3.0890 199 97 130
-10.1875 -21.0000 3.3360 234 90 128
-6.9375 -21.0000 3.3360 231 86 104
-1.7500 14.5000 5.7750 165 159 179
-9.9375 17.0000 5.6380 169 157 163
-13.0000 -23.5000 3.9060 149 186 122
-6.5625 1.0000 2.9910 197 76 107
9.3750 19.5000 9.3470 50 93 130
21.0000 14.0000 12.8160 19 158 91
17.8750 25.0000 1.0430 139 126 53
-20.5000 23.0000 5.2000 194 169 125
24.1250 11.5000 16.3280 30 131 52
-17.1875 -6.5000 3.2540 199 94 119
24.2500 -4.5000 6.6730 95 216 126
-17.4375 -24.0000 12.8140 45 60 135
-11.8750 23.5000 8.4610 117 120 95
-4.9375 5.5000 18.6000 47 39 74
-6.5625 19.0000 5.5180 166 182 139
12.8125 13.5000 11.1150 67 112 84
-14.5625 13.0000 10.9790 38 92 84
22.3125 20.5000 9.1210 18 186 121
3.8125 6.5000 12.6550 78 77 64
-1.4375 -4.0000 5.0800 73 218 230
-16.5000 -20.0000 14.1520 30 60 163
22.7500 13.0000 0.2140 151 92 18
-5.5000 12.5000 5.8360 154 177 157
19.0625 16.0000 14.0800 10 151 61
-7.1875 -4.0000 3.1240 193 97 150
-16.7500 -7.5000 3.2680 195 86 117
-11.8125 0.0000 3.0480 197 93 145
8.0000 -13.0000 10.9800 25 147 70
-18.6875 6.5000 2.9600 183 100 138
8.6875 24.5000 3.5220 210 117 42
3.3125 -13.0000 13.2500 13 111 71
3.8750 -24.0000 7.5490 95 150 137
-17.5000 -18.0000 3.4520 204 116 71
7.9375 14.5000 11.5010 62 112 79
-18.8125 22.5000 5.3290 188 161 157
17.0000 -18.0000 7.3010 32 222 92
11.1250 -14.5000 9.6920 34 188 78
-18.0625 -17.0000 3.4160 198 102 81
-1.8125 12.0000 5.9130 166 158 158
-13.3125 -19.0000 3.2790 218 85 135
15.2500 -21.5000 0.8470 147 104 0
7.6875 -11.5000 10.7740 34 139 69
-0.3750 -11.5000 12.8720 24 90 113
-18.0000 -18.5000 11.1910 31 64 168
16.9375 10.0000 7.6770 84 143 78
8.8125 -17.0000 10.3750 27 163 70
-5.9375 -24.0000 5.5080 102 154 230
-2.0625 25.5000 4.2680 167 192 47
-1.7500 -2.0000 6.1990 67 131 222
5.9375 12.0000 6.0760 161 150 174
24.1250 16.5000 9.4470 32 177 93
-21.6875 20.0000 5.1210 155 203 147
13.4375 7.5000 6.3640 157 192 170
-12.1875 -15.5000 3.3690 215 112 109
2.2500 4.0000 16.3780 79 40 54
-22.5000 0.0000 3.0650 197 84 164
-23.7500 6.5000 2.9490 181 107 161
5.0000 4.0000 14.4800 72 55 46
-8.0625 -14.5000 3.1160 211 60 118
14.5625 20.0000 15.1610 25 117 76
9.7500 7.0000 6.3060 151 166 183
21.5000 20.5000 9.2710 19 185 121
6.1875 -18.0000 22.0920 50 68 55
10.8750 -24.0000 3.5430 170 236 0
7.0625 -3.5000 9.6790 18 130 135
-18.0625 -23.0000 15.6110 34 46 124
16.3125 -24.0000 5.6060 74 243 132
25.0625 -22.5000 6.9450 48 183 136
-16.2500 -3.5000 3.1190 201 88 149
9.4375 -6.0000 8.7740 15 192 99
19.9375 -4.0000 0.7590 173 106 24
-9.0625 -6.0000 3.1540 195 91 141
19.7500 -10.0000 2.1610 151 254 82
-3.0625 19.0000 9.7350 88 100 51
11.7500 5.0000 6.3840 147 183 184
-3.5000 -7.5000 3.0530 199 71 107
-15.0625 19.0000 5.4100 176 162 140
12.0625 -2.0000 0.9830 189 127 13
-5.8750 -6.0000 3.0230 187 90 150
18.6250 2.5000 6.5010 140 190 190
-10.6875 -24.0000 3.5960 190 155 89
-14.7500 1.5000 3.0260 198 84 147
-23.8125 -15.5000 3.3920 196 101 81
-5.5625 16.0000 5.7100 168 153 161
0.5625 -24.0000 6.9550 97 137 158
-4.5625 3.5000 15.7550 42 61 74
-19.1250 13.0000 7.8310 46 128 150
10.8750 24.5000 3.6490 195 149 27
3.8750 -11.0000 13.9210 24 108 58
13.1875 -13.0000 8.2410 20 200 92
-1.6875 18.5000 12.0170 79 99 22
-13.0625 10.5000 10.2010 36 97 126
0.3750 7.0000 5.5700 157 171 168
-8.7500 5.5000 6.3260 61 157 205
-6.7500 -3.5000 3.1270 197 98 146
12.0000 -16.0000 5.7300 80 246 129
5.8750 -20.0000 21.8240 48 62 67
-5.0000 11.5000 5.8410 145 172 160
-2.6250 25.5000 8.1110 87 136 94
-12.7500 -19.5000 3.3410 219 100 123
-6.8125 -3.0000 3.0590 187 92 167
-0.5625 14.5000 5.8100 165 147 178
16.8750 23.5000 11.3290 10 151 80
-22.0625 20.0000 5.1110 154 203 147
14.9375 -10.5000 0.8100 134 171 2
-21.5000 12.0000 2.9400 201 85 142
1.0000 16.5000 10.8860 72 104 50
-3.3125 15.0000 5.8500 160 156 186
-19.6250 19.0000 5.2070 166 174 133
8.8750 17.0000 11.4310 45 83 102
5.6250 -15.5000 19.2390 37 102 45
-8.0000 -22.5000 3.4340 218 111 106
7.4375 -22.5000 10.9330 40 147 81
0.0625 8.5000 5.9170 147 165 175
-9.9375 12.0000 7.4210 71 144 119
19.8125 14.0000 12.9360 14 156 72
-11.7500 -1.5000 2.9870 196 86 151
-2.0000 7.0000 5.3400 155 175 141
5.3750 -4.0000 9.9610 22 125 139
-9.7500 -19.0000 3.3270 236 95 112
-15.5625 -3.0000 3.0460 196 84 164
10.0000 24.5000 8.7470 64 86 156
-1.8125 25.0000 8.9660 72 131 89
11.3750 -1.0000 4.1010 153 254 29
22.2500 5.0000 17.0030 66 84 54
-1.8750 2.0000 15.8560 45 68 64
-16.3125 18.5000 5.3060 179 171 145
19.3125 23.5000 9.3380 22 194 81
23.5625 -16.5000 3.3440 176 193 31
-22.0000 2.0000 3.0720 202 91 133
-20.0000 4.0000 2.9940 182 86 137
24.1875 -6.0000 3.6160 187 254 22
-16.7500 17.0000 5.3040 159 176 144
3.8750 -9.0000 15.4210 31 70 78
11.7500 25.5000 15.7200 54 52 100
24.7500 19.5000 4.2840 117 252 73
-20.5625 21.0000 5.2330 177 170 127
10.4375 -0.5000 12.0010 17 142 58
-17.6250 -13.5000 3.3240 205 92 94
-23.1875 -22.0000 15.0690 38 60 131
9.4375 -2.5000 13.0290 11 135 83
-14.6250 -11.5000 3.3180 202 92 107
-24.5000 19.0000 7.3060 101 136 126
5.3125 -20.5000 17.1350 53 86 64
15.8750 17.0000 8.8500 33 184 90
-17.1875 22.0000 5.2960 192 158 142
-0.8750 7.5000 5.5590 158 167 172
-12.8750 -18.0000 3.2550 219 80 143
2.3125 -5.5000 8.8890 30 133 172
20.6250 22.0000 7.8270 27 193 133
-23.0000 22.0000 5.1270 189 167 123
4.8750 15.5000 11.5430 87 78 46
-7.0625 7.5000 6.2990 91 132 165
-15.5625 14.5000 5.2530 119 192 172
-7.5625 -6.0000 3.1190 190 105 146
3.9375 -14.5000 15.1530 44 76 62
11.9375 11.0000 6.4770 139 181 156
-17.3750 -12.5000 3.3630 203 99 92
-15.2500 9.0000 6.7190 41 154 205
21.1875 -10.0000 2.4070 153 192 134
-8.6875 0.0000 3.0430 192 95 136
2.5625 -7.0000 6.4930 51 176 202
19.9375 -16.0000 6.5950 33 228 145
-0.6875 -6.5000 7.7060 42 137 198
-19.5625 -23.5000 15.0890 38 58 125
18.8750 13.5000 11.4540 15 161 79
8.6250 13.0000 10.1150 81 112 85
21.5000 -23.5000 3.5270 165 226 42
24.5625 -16.5000 3.4610 162 214 24
16.3750 3.0000 6.3490 138 234 170
8.3750 0.5000 10.9850 37 136 66
-21.0625 -24.5000 19.2570 47 29 120
3.3125 18.5000 11.8240 65 74 70
23.4375 20.0000 8.5600 23 190 121
-14.5000 -10.0000 3.2570 204 88 105
-15.8750 7.0000 10.8100 10 107 158
-19.1250 -16.5000 6.9250 54 111 232
7.7500 -1.0000 14.1660 22 97 77
-17.1250 -11.5000 3.3030 203 92 113
23.2500 8.0000 11.5240 57 127 35
-20.2500 -12.0000 3.3710 206 104 97
22.4375 11.5000 12.5960 22 151 75
16.6875 19.0000 13.0740 15 151 71
-6.0625 -17.0000 14.1130 45 52 147
2.5625 -2.0000 10.9190 38 91 141
-7.6250 13.5000 5.7370 152 183 174
-13.5625 4.5000 2.9710 191 64 138
6.7500 0.5000 12.5790 34 108 55
4.1875 -19.5000 21.4690 76 39 66
18.1875 16.0000 14.5810 13 145 64
-6.7500 15.0000 5.7540 165 171 157
-0.5625 -17.0000 14.5590 33 77 101
-8.6875 11.0000 7.6440 57 132 114
-0.1250 23.0000 10.5820 62 94 83
-2.1875 -2.5000 7.7110 36 134 199
-4.0625 -5.0000 3.0590 184 99 137
2.5000 0.5000 17.0120 44 57 70
16.3750 -18.5000 7.0550 33 236 100
11.1875 12.0000 15.4010 96 81 71
17.3750 0.5000 6.3480 137 228 133
10.0000 -10.0000 12.0030 10 153 51
-7.9375 13.0000 5.7380 150 183 171
4.4375 -20.0000 6.2750 114 163 169
-0.8125 11.0000 5.9560 159 172 167
-4.7500 -7.0000 2.9990 182 90 145
2.9375 20.0000 11.3240 60 74 78
23.8125 -14.0000 2.7970 159 154 97
3.8125 -13.0000 14.1050 16 102 61
11.5000 -2.0000 1.9250 162 148 60
5.9375 -19.5000 22.1920 56 69 50
7.4375 -19.0000 13.0210 40 124 61
11.9375 -8.0000 4.6180 104 254 88
-16.6875 -14.5000 3.3310 208 87 103
-9.9375 -16.0000 3.1990 223 71 114
-24.6250 18.5000 8.4860 97 129 118
0.5000 1.5000 18.0980 56 42 51
15.3125 -17.0000 7.5680 21 227 108
-12.1875 -22.5000 5.4440 98 172 254
9.4375 8.5000 6.2880 153 165 192
-18.2500 -2.0000 3.0750 201 86 141
-19.8125 8.5000 2.9050 196 95 139
9.4375 -1.0000 13.0070 12 133 64
0.1875 -6.0000 8.8950 30 120 175
17.6875 12.0000 8.7070 47 187 90
-18.3750 2.0000 3.0160 193 84 145
-11.3750 -14.0000 3.2780 210 93 123
-14.6250 -19.5000 3.3680 218 108 110
-8.5000 24.5000 8.6130 114 108 79
-11.1875 14.5000 5.5170 145 184 156
0.3750 -11.5000 17.0540 37 51 89
7.1875 -19.0000 13.3710 40 117 60
-22.6250 -1.5000 3.1640 205 89 139
-10.8750 8.0000 6.2910 64 156 179
-9.1250 -12.0000 3.2130 214 85 122
14.7500 17.0000 11.3810 28 151 66
25.1250 2.0000 17.5890 64 119 56
-13.0000 -24.5000 3.7730 160 176 101
-15.3125 13.0000 3.8880 179 214 11
22.5000 3.0000 18.6770 76 83 70
-0.7500 25.0000 4.1680 173 191 37
-15.5000 -3.5000 3.1170 204 89 147
2.0000 11.5000 6.0420 159 158 169
21.3750 -11.0000 2.4010 156 162 126
15.7500 0.0000 6.5200 101 232 161
-5.6250 24.5000 8.6720 79 120 75
23.3750 13.5000 12.2200 21 166 86
3.1250 5.5000 13.6890 67 75 59
-18.5000 -11.5000 3.3340 202 92 100
-3.6250 6.0000 17.6640 65 43 41
-2.3750 3.0000 19.6260 42 51 85
6.1250 15.5000 11.1740 73 78 59
-19.4375 1.0000 3.0730 189 101 153
-12.6875 -7.0000 3.1940 207 98 132
-1.4375 -7.5000 3.1680 205 78 84
8.6875 -16.5000 15.4490 34 132 36
5.9375 3.0000 13.3440 48 72 58
-8.1875 -5.5000 3.1230 192 86 145
-8.1875 -4.5000 3.0900 192 91 139
2.3750 -22.5000 6.7260 107 158 176
-7.0000 16.0000 5.6940 169 151 163
13.8125 16.5000 12.8620 45 87 69
-11.1875 -19.5000 3.2720 225 67 125
-0.4375 24.0000 10.0660 67 104 84
7.8750 -5.0000 5.7570 75 203 168
-14.4375 -8.0000 3.2320 198 83 117
2.5000 19.0000 11.0600 63 81 78
6.2500 -1.5000 12.7840 18 105 87
11.1250 -15.0000 8.6820 37 190 85
4.3750 21.0000 11.5050 62 58 91
11.9375 12.5000 10.0780 81 115 86
-18.3750 -24.5000 16.1120 52 49 124
2.5625 25.0000 3.7520 193 158 14
13.0625 21.0000 6.7240 70 173 159
-11.4375 -3.0000 3.1030 195 96 145
8.8750 -11.0000 10.3630 14 167 74
16.8750 3.5000 6.4280 137 235 175
24.1875 -1.0000 6.4770 127 233 154
13.8125 6.5000 6.3860 162 190 152
-1.1250 17.5000 5.8690 141 173 143
10.0625 -17.0000 8.2660 41 189 76
16.2500 15.0000 10.4550 29 178 72
15.8125 6.0000 6.4060 134 233 182
-3.8750 24.5000 9.7450 73 115 62
5.1250 -13.5000 17.8540 31 89 46
-4.0000 -12.0000 15.3080 38 34 118
-0.3750 -0.5000 3.7680 161 218 59
23.6250 13.5000 12.4030 22 165 85
-15.5000 -24.5000 3.5570 180 143 86
-5.5000 -7.0000 3.0540 193 93 136
-20.8750 9.5000 2.9810 206 83 134
-20.5625 -5.0000 3.1790 200 68 128
-8.3750 -11.0000 3.2190 206 80 119
7.1250 6.5000 6.0920 157 174 150
-0.2500 -12.5000 15.3160 34 55 92
-2.2500 -20.5000 15.4770 45 39 134
-5.8750 16.5000 5.6860 168 155 165
1.3125 0.0000 17.2740 40 59 73
8.8125 19.0000 9.9830 49 89 127
-22.8125 13.5000 6.3130 86 154 183
-21.2500 -17.5000 13.3720 22 69 136
-19.2500 20.0000 5.2940 170 171 143
8.5000 -12.0000 15.2090 23 132 46
8.8750 -20.0000 2.4730 156 171 100
1.9375 -8.5000 8.5860 31 147 149
9.8750 23.0000 3.6490 207 148 28
20.8750 -15.0000 2.7880 157 163 119
13.4375 -24.5000 7.3100 44 200 92
-10.6250 9.0000 6.0190 73 164 156
-2.5000 -15.5000 14.1300 35 61 121
24.7500 14.0000 11.3620 43 159 68
11.8750 23.0000 13.3060 35 64 98
16.1875 9.0000 7.9680 87 148 95
19.4375 -15.0000 5.2990 70 254 155
-22.8125 7.5000 2.9550 194 94 150
18.6875 2.5000 6.5090 139 190 190
-8.5000 25.0000 7.4220 114 114 80
8.8125 20.0000 8.7990 54 92 133
-0.2500 -8.0000 3.9010 151 204 83
10.1250 -4.5000 9.7160 18 177 93
19.0625 20.0000 6.8640 38 223 149
-0.5000 -12.0000 16.8930 38 49 93
-2.2500 -22.0000 3.8240 181 199 80
1.2500 21.0000 10.0890 66 100 86
6.5625 -17.5000 20.8320 48 77 54
20.5000 24.0000 8.9930 27 201 94
-19.3125 16.5000 6.0960 99 156 155
3.7500 -6.0000 13.1830 20 73 125
8.3125 7.0000 6.6090 140 161 161
5.7500 -3.5000 14.0560 10 89 120
-16.9375 7.5000 7.4460 31 144 201
12.4375 22.0000 7.1160 64 154 177
-13.8125 19.0000 5.4220 184 165 148
-16.1250 -11.5000 3.2240 205 78 112
-23.1250 23.0000 5.1550 194 166 126
-21.4375 -20.5000 20.1560 33 26 126
20.1875 -18.5000 2.5160 145 176 112
0.1875 -7.0000 7.5920 41 140 199
24.6250 2.5000 20.4260 101 89 46
-9.3750 20.5000 5.3960 186 155 165
-12.2500 8.0000 6.2460 63 158 195
3.5000 5.0000 5.5190 152 186 156
-15.4375 5.5000 10.2650 9 105 179
-20.3125 6.5000 2.9270 178 88 142
-10.2500 13.0000 5.5500 146 162 158
0.8125 -19.0000 11.7760 56 80 107
-20.1250 17.5000 5.6760 120 166 145
5.8750 -17.0000 19.5700 46 94 54
18.4375 -2.0000 6.6640 104 221 137
0.6250 -14.5000 15.6650 36 72 78
-19.9375 5.5000 2.9900 189 98 128
-21.0000 3.0000 3.0370 191 94 140
-18.2500 15.5000 7.8440 69 130 109
-22.3125 4.0000 3.0390 190 95 130
2.8750 -1.0000 10.9340 32 90 138
25.1875 17.0000 0.3180 146 111 4
-0.4375 6.0000 5.3140 149 195 148
-11.3125 12.5000 5.8220 119 151 155
23.3125 -3.5000 6.6520 90 232 135
5.6875 -4.5000 13.1270 11 100 119
0.8125 1.5000 18.1340 56 42 50
-19.8125 -9.5000 3.2890 202 79 112
-24.2500 7.5000 2.9850 182 108 161
-10.9375 7.0000 5.9560 78 164 198
8.6875 -8.0000 13.2920 15 133 49
-19.7500 9.0000 2.9370 183 94 142
-0.1250 0.5000 16.0160 43 77 71
8.8750 -16.0000 12.1870 26 129 61
1.4375 -21.0000 6.8750 94 146 181
16.0625 -16.0000 6.7530 41 232 122
-15.0625 8.0000 8.6890 18 143 173
5.5625 -19.0000 10.3270 60 169 85
-22.6250 -11.5000 3.4030 202 106 93
-13.1875 17.0000 5.4790 172 177 147
-7.1250 7.5000 6.0870 98 137 171
7.3125 13.0000 10.2880 93 109 91
3.9375 3.5000 6.1880 134 134 141
10.1875 8.5000 6.2680 154 162 188
12.9375 14.0000 12.5760 62 104 68
-5.3750 -13.0000 13.3030 31 43 146
2.0625 15.5000 9.6710 96 77 55
11.6875 7.5000 6.3390 159 193 182
2.1875 -10.0000 12.3460 24 103 100
23.3125 23.0000 9.8080 26 184 69
0.8750 22.0000 10.9520 66 86 79
-0.3750 24.0000 10.2280 68 101 83
19.4375 15.5000 17.4910 14 136 58
-22.6875 -6.0000 3.2390 201 73 120
19.3125 18.0000 16.1880 11 140 61
-21.3125 0.0000 3.0990 199 90 154
0.3750 16.0000 8.7780 77 96 78
-7.2500 3.5000 3.5420 202 172 35
-10.1250 -24.0000 3.6290 185 159 93
-7.9375 21.0000 5.4920 176 166 151
24.1875 19.5000 9.1200 28 178 109
24.2500 11.5000 16.7690 31 127 54
12.1875 18.5000 9.2120 43 110 114
2.6250 -16.0000 16.7100 47 72 71
7.4375 24.0000 4.0430 160 165 90
5.0000 3.0000 16.2750 56 66 32
18.9375 -2.0000 6.5630 107 228 135
5.5000 -8.0000 16.4500 26 83 77
4.3125 1.5000 15.8460 56 51 49
22.3125 -16.5000 3.2880 188 204 41
12.0000 -2.0000 0.9780 189 128 14
-12.8125 -11.5000 3.2790 209 94 133
-13.8125 -14.5000 3.3650 205 106 113
-19.8750 -6.5000 3.2470 200 84 125
4.1250 -15.5000 18.2750 51 60 59
4.5000 -22.5000 21.4380 54 46 67
-14.0625 -16.0000 3.3950 208 100 97
-13.9375 0.0000 3.0750 201 98 136
4.7500 4.0000 6.1810 141 140 137
-12.8750 6.0000 2.9150 183 68 138
18.5625 19.0000 16.4690 6 140 71
7.1250 24.5000 4.2150 150 167 116
-10.9375 -12.5000 3.2100 210 91 132
-8.5000 16.5000 5.6820 167 157 157
16.6875 13.0000 11.2560 50 154 51
3.5625 23.0000 8.4580 56 102 121
20.0625 14.0000 8.9730 34 196 89
3.8750 -6.0000 8.4620 33 136 164
20.5000 -17.0000 4.7850 89 254 136
-21.5000 -7.0000 3.3350 205 100 95
8.1875 -22.5000 2.5700 162 150 79
6.5625 17.5000 11.7100 64 74 60
-13.5625 -14.5000 3.3520 206 104 116
18.3125 -21.5000 2.7590 161 164 110
-3.6250 10.5000 5.7420 158 161 170
-12.8125 24.5000 7.0820 127 124 120
9.1250 22.5000 3.5500 218 126 25
-6.6250 -24.0000 5.5120 111 152 235
5.3125 -17.0000 19.2620 51 94 53
20.9375 -1.0000 6.4980 117 238 176
-12.2500 10.5000 13.9240 25 62 95
2.6250 15.5000 10.2030 93 86 43
-5.3750 -8.0000 3.1030 194 99 124
-5.1250 0.0000 3.2380 198 114 87
21.5625 4.5000 6.6320 142 210 167
3.0000 -6.5000 8.6810 30 135 167
13.9375 21.5000 16.0260 38 74 70
22.8125 3.5000 17.7400 76 98 57
4.8750 -6.5000 15.9290 19 80 87
-20.3125 -19.0000 19.5470 31 27 112
0.7500 3.5000 15.2100 63 50 34
2.1250 -11.5000 14.7800 28 73 86
-12.5000 -9.0000 3.2210 205 87 126
-4.6875 -4.5000 3.0680 186 87 126
-1.9375 25.0000 9.0450 71 131 89
4.0625 -10.0000 11.0160 24 110 109
2.9375 21.5000 10.7650 61 78 94
-19.9375 -19.0000 16.7190 35 20 144
-7.6875 9.5000 6.3440 95 131 150
24.1875 -21.0000 3.1980 179 159 49
-17.5000 15.0000 7.2690 61 127 123
-1.0000 -17.0000 15.9390 37 74 98
24.1250 15.5000 12.4810 26 154 72
9.6250 2.5000 6.0930 121 207 159
-10.9375 9.0000 6.2300 76 137 168
11.3125 25.0000 15.2430 51 51 100
23.5000 -3.5000 6.6260 93 232 133
3.1250 -14.5000 19.0040 53 55 66
21.1250 7.5000 14.1020 73 134 25
24.7500 18.0000 0.3090 146 109 3
5.5000 -18.0000 21.0920 52 74 57
18.4375 15.0000 16.1110 12 139 52
-19.2500 -1.5000 3.1220 204 87 136
-9.8125 -21.0000 3.4010 231 112 119
-8.0000 20.5000 5.5320 177 147 155
-10.0000 -8.5000 3.2380 196 111 134
-10.6250 19.5000 5.5250 190 147 161
8.6250 -9.0000 13.3540 17 144 50
11.1875 -0.5000 12.3090 29 151 42
-0.5000 -14.5000 16.5940 38 67 87
3.1250 15.5000 10.0350 85 96 46
-21.2500 -15.0000 3.3760 211 103 70
-3.0625 25.0000 8.3840 86 126 77
-2.5000 0.0000 14.1630 15 72 137
-21.1875 -23.5000 16.9430 39 54 118
11.7500 -14.5000 5.0870 93 254 123
-7.6875 19.5000 5.5210 174 164 149
0.4375 0.5000 16.9090 28 66 102
22.1250 2.0000 14.3560 80 123 77
0.5625 3.0000 15.6300 54 60 48
-11.0000 2.5000 3.0290 194 86 136
-3.0625 23.5000 10.5440 71 90 67
-2.1250 11.5000 5.8910 157 166 168
24.1875 -18.5000 3.3480 177 188 34
-1.3750 -3.5000 3.1990 194 115 107
-14.6250 6.0000 7.6900 32 147 189
-21.9375 -17.5000 3.4350 201 131 68
10.1250 -5.0000 9.0640 19 198 95
-9.9375 -19.0000 3.3320 235 95 114
15.0625 1.5000 6.3800 127 236 164
7.8750 16.0000 11.1720 55 83 94
4.4375 23.5000 9.5800 61 85 106
-9.2500 3.5000 3.0860 203 99 106
2.7500 -4.5000 8.6190 24 136 182
19.4375 7.5000 6.5450 118 249 149
1.3750 -23.0000 6.9060 97 131 173
-3.8750 21.5000 11.3870 82 70 47
-24.1250 -17.5000 13.4660 31 63 142
-8.8125 -2.0000 3.0830 197 95 133
5.0625 -12.5000 7.7360 55 167 113
-9.0000 18.5000 5.5310 179 150 157
-17.9375 20.5000 5.3830 174 166 141
7.5000 -24.0000 5.0350 98 241 140
1.1875 4.0000 16.6910 77 44 33
-1.5000 -18.5000 14.8150 52 52 117
14.5625 13.0000 12.1120 51 138 43
-9.1875 -17.0000 3.1910 221 71 112
22.1875 8.5000 11.3730 53 129 39
-20.6875 2.5000 3.0200 192 92 141
-19.3750 -21.0000 3.3620 217 100 86
23.6875 16.5000 13.4480 19 154 65
18.4375 1.5000 6.4830 140 192 182
23.8750 -2.5000 6.5120 126 231 129
6.3125 6.5000 6.1030 148 178 158
7.3125 -11.0000 4.1450 137 254 46
-4.0000 -18.0000 15.7620 51 51 130
-2.0625 15.5000 7.1290 132 106 142
-22.3750 19.0000 4.6060 172 218 114
-14.5000 -5.0000 3.1380 199 79 140
13.6875 11.5000 7.7280 98 124 98
-19.3125 -0.5000 3.0550 199 83 152
-18.1875 11.5000 5.2250 90 211 203
21.6875 18.0000 16.3440 10 139 70
-11.3125 11.0000 12.1790 36 85 89
7.7500 -2.0000 15.3270 23 85 69
14.8125 1.5000 6.4420 124 230 160
21.2500 19.5000 14.2860 12 138 79
19.5625 -9.0000 2.4960 151 254 92
20.6875 -18.5000 2.4580 132 161 135
22.1250 19.0000 13.9630 12 141 74
5.4375 -14.0000 19.4410 42 99 50
-10.2500 23.5000 7.1820 114 105 112
8.5625 -4.5000 11.9620 13 145 90
-4.5000 25.5000 4.8670 153 200 91
8.3750 23.5000 3.6830 201 152 37
14.8125 -24.0000 6.0260 61 240 125
14.7500 4.5000 6.4320 133 231 183
-14.2500 12.5000 9.7750 49 107 110
4.2500 2.5000 15.9650 56 49 48
11.3125 12.5000 18.0150 87 90 62
20.6875 14.5000 16.5560 14 138 50
-22.1250 6.0000 2.9920 184 96 144
-24.6250 2.5000 3.0790 178 107 148
10.4375 -7.0000 4.9720 90 254 125
7.6875 -1.5000 12.1980 24 113 82
7.0625 -9.5000 9.7810 26 145 90
-4.5625 -2.5000 3.0430 194 77 139
-0.8125 21.5000 11.8490 72 70 51
-23.6250 -4.5000 3.2860 190 100 132
1.6875 6.5000 13.5370 77 59 38
6.8125 -13.0000 19.6640 26 97 35
-10.3750 -5.0000 3.1220 190 106 153
20.7500 16.0000 15.2520 16 139 55
-12.9375 -11.0000 3.2170 206 92 125
7.6250 -9.0000 14.9320 21 107 48
-5.9375 -10.0000 3.1410 213 84 109
-14.3125 18.0000 5.4920 173 160 123
-11.2500 -2.0000 3.0650 199 79 139
-11.2500 17.5000 5.5370 175 173 143
-19.1250 8.5000 2.9240 188 89 137
22.3125 25.0000 9.2430 37 184 82
-3.8125 -0.5000 3.0900 203 90 122
25.1875 -17.5000 3.4640 165 211 20
-22.8750 19.5000 5.4760 134 172 154
23.7500 10.5000 18.1910 33 121 57
-0.1875 1.0000 16.4730 57 54 51
12.5000 -12.5000 5.7190 67 239 147
-7.5625 -10.0000 3.1930 203 78 110
-19.4375 -18.5000 13.4950 27 41 156
-12.1875 -22.5000 3.7550 180 195 100
0.5000 0.0000 17.1510 24 63 101
24.8750 -21.5000 3.4080 173 201 31
12.2500 22.0000 12.5630 31 77 104
1.0000 11.5000 5.9810 159 173 164
-20.0625 -2.0000 3.1250 194 79 139
-8.1875 16.5000 5.6080 170 161 155
-5.6875 2.0000 11.0550 26 107 134
7.9375 -14.5000 18.8560 29 110 45
20.1250 19.5000 2.9260 185 166 71
8.6250 15.5000 12.3190 57 89 87
-18.0000 6.5000 6.8750 44 149 214
-18.2500 17.5000 5.9480 109 158 154
4.5625 5.0000 12.3520 67 83 50
-21.0000 -9.0000 3.3640 203 97 93
-21.6875 21.0000 5.2040 159 189 142
9.1875 -17.0000 9.5790 24 172 74
-14.7500 -21.5000 3.5210 200 153 77
8.1250 15.5000 11.5260 62 92 91
18.5625 4.0000 6.4200 144 239 186
19.5000 -8.0000 1.0430 162 143 31
-20.5000 -5.0000 3.2310 198 81 121
10.6250 -9.0000 8.3920 27 184 88
14.5000 5.0000 6.4100 135 228 185
11.5000 19.0000 7.9390 49 133 137
-7.0000 9.0000 6.7730 83 125 139
-4.5625 -23.0000 6.1870 85 142 233
25.0625 -18.5000 3.5470 174 246 17
10.0000 -6.0000 9.1120 14 193 91
10.0000 -17.0000 8.1990 41 191 78
-11.4375 -8.0000 3.1400 200 74 130
3.5000 11.5000 6.0790 160 150 184
15.6250 -23.5000 4.8150 84 254 109
25.0625 2.0000 6.5060 124 234 180
-6.8750 -20.5000 3.3720 226 94 103
7.7500 4.5000 6.1000 138 165 148
4.5625 -6.5000 12.9720 24 76 119
0.6875 -1.5000 11.7190 24 108 123
15.5000 -17.0000 7.4400 24 230 107
17.3750 17.5000 0.3080 154 78 48
-3.4375 24.5000 9.8540 77 110 67
-12.5000 9.0000 6.3670 65 154 185
-21.1250 -0.5000 3.0650 200 85 157
15.6250 -17.5000 7.6700 26 212 99
-8.5000 -14.0000 3.1990 214 69 103
-0.1875 1.0000 17.0500 58 48 51
4.9375 4.5000 13.2690 66 65 51
13.8125 8.0000 6.3730 158 191 165
-16.1250 10.0000 5.1700 87 221 188
7.8750 -14.0000 12.9430 33 139 46
18.6250 7.0000 6.5690 118 243 150
-5.9375 -18.5000 6.8000 80 128 242
-5.6875 14.5000 5.7920 157 181 168
-4.7500 -1.5000 3.0880 193 78 136
16.3750 10.0000 10.1020 71 149 63
-8.9375 -13.5000 3.1760 214 80 120
1.6875 10.0000 6.0630 160 173 163
-12.8750 -22.0000 5.3410 100 181 254
7.8750 17.5000 9.1180 59 111 100
2.4375 -9.5000 12.2920 22 103 101
11.5625 -23.5000 6.3020 78 241 88
8.5625 -17.0000 12.5150 26 130 60
4.5000 -10.0000 17.0840 26 74 79
-3.3750 20.0000 10.0660 84 99 48
-18.0625 11.0000 5.0540 94 227 199
-0.5625 -23.0000 4.0470 163 199 102
-11.0000 -11.5000 3.2180 204 87 127
-3.3750 15.0000 5.7760 156 168 165
19.1875 20.0000 6.7730 40 225 150
15.8750 2.0000 6.4100 129 235 169
7.3125 14.5000 11.6720 80 89 74
12.8750 0.5000 1.2660 206 143 15
-15.8750 -22.0000 6.4790 64 139 238
-21.3750 -17.0000 12.4590 21 65 149
-24.5000 -16.0000 8.7200 46 99 179
6.3125 -22.5000 11.9140 37 143 73
7.0625 19.0000 8.1610 55 107 133
3.8750 3.5000 16.3600 64 27 43
-16.5625 -17.0000 3.5000 198 122 94
0.4375 19.0000 11.3560 62 82 58
19.5625 13.0000 10.5130 18 181 84
-1.3750 25.0000 6.8470 93 142 109
-19.3125 3.5000 2.9860 182 95 150
10.0625 -17.5000 6.0940 70 245 119
-20.8125 -2.0000 3.1400 201 91 139
2.8125 -22.5000 6.8230 104 157 175
19.2500 21.0000 5.3390 77 254 145
15.8750 10.0000 7.7650 82 141 79
-22.4375 13.0000 5.6680 103 177 195
0.5625 22.5000 11.1950 65 81 78
1.9375 7.0000 9.3180 92 86 80
-15.9375 4.5000 2.9680 195 76 139
17.3750 -1.0000 6.5710 99 226 151
7.0000 5.0000 6.2280 135 172 155
-8.6250 12.0000 8.0510 61 117 107
-1.0625 19.0000 9.9690 70 96 61
-4.6250 -19.0000 14.8660 53 43 138
9.2500 -19.0000 8.1560 28 198 82
2.8750 -1.0000 6.5550 64 133 204
0.5000 8.5000 5.9810 145 164 172
-10.1250 12.0000 7.6970 69 134 112
7.5000 -9.0000 15.5420 20 109 45
-13.6250 17.5000 5.4460 173 178 133
24.5000 18.5000 11.3180 32 151 82
5.1250 -5.0000 11.9320 21 95 119
20.3125 20.0000 6.1180 60 237 147
0.3125 24.0000 10.9590 71 85 78
-18.0625 -13.5000 3.3640 206 100 90
0.1875 -4.5000 3.5440 175 173 65
2.7500 -22.0000 6.8710 103 157 179
9.9375 5.5000 6.2990 135 192 188
9.0000 -14.0000 2.0680 158 149 74
14.0625 -15.0000 6.3610 49 240 127
-1.3750 -10.5000 16.3000 28 53 108
-0.6250 -15.0000 16.6520 37 66 87
-15.5625 -23.5000 5.5310 85 164 229
-3.7500 -17.0000 14.7660 40 59 128
-2.8125 7.5000 15.6560 62 42 45
2.3750 1.0000 19.0010 41 66 66
4.8125 -20.5000 21.8100 60 45 74
-21.3750 2.5000 3.0160 197 89 143
3.1250 23.0000 10.0980 55 82 105
-21.1250 2.0000 3.0000 195 88 145
-15.8125 4.0000 2.9560 193 75 142
-18.6250 -5.5000 3.2400 198 87 129
-6.2500 6.0000 14.3090 35 63 104
-13.3125 -14.0000 3.3550 210 107 119
0.5000 7.5000 9.4150 84 95 85
-0.6875 -10.5000 16.1920 29 48 103
-9.5000 21.5000 5.4380 171 185 134
0.7500 13.5000 5.9240 162 151 173
-2.0625 -13.0000 17.8560 32 31 103
-11.6250 22.0000 5.4010 182 171 148
-13.8750 7.0000 4.5450 106 216 178
7.5625 19.5000 11.3660 50 69 101
22.8125 6.0000 16.0630 70 88 48
17.8125 -11.5000 0.8160 156 117 0
-24.0000 -2.5000 3.2110 189 111 150
-24.3125 11.0000 2.9860 195 84 130
22.1250 -11.0000 2.2340 160 173 122
-1.7500 -3.0000 3.1400 190 104 116
-21.6875 -3.5000 3.1740 207 84 137
-24.5625 -15.0000 8.7440 51 91 191
-24.3750 1.0000 3.0330 178 102 171
20.4375 -12.0000 2.5890 137 236 114
-8.3125 -10.5000 3.1950 202 90 125
19.5625 5.5000 6.5750 140 231 179
6.4375 24.5000 4.4540 141 173 144
-17.2500 2.0000 3.0310 187 88 143
17.0625 18.0000 14.8720 21 140 44
19.2500 14.5000 16.8750 18 122 48
9.8125 -14.0000 9.4700 27 174 83
11.4375 -8.0000 6.3310 58 245 126
-16.0000 8.5000 9.5840 15 120 170
21.2500 25.5000 14.7220 20 149 63
16.5625 -24.0000 5.0610 81 254 135
-3.9375 -20.0000 6.3030 97 130 235
-13.3125 19.0000 5.4280 184 152 156
11.5000 19.5000 3.5310 189 150 13
9.0000 -3.5000 11.3990 13 139 98
19.6250 17.5000 4.5900 110 254 122
-4.4375 3.5000 18.2940 48 47 72
24.6875 -22.0000 3.2000 168 174 51
20.3750 -9.5000 2.4460 151 254 85
-4.5000 0.0000 3.4920 183 182 71
-18.9375 23.0000 5.3310 190 160 158
-24.2500 -13.5000 3.3000 200 88 118
11.0625 -14.0000 9.1270 37 170 81
8.6875 -18.0000 0.7980 159 84 9
23.3125 -1.5000 6.4390 121 241 161
1.1875 25.0000 3.9130 176 167 24
14.2500 -16.5000 3.4970 169 231 0
14.6250 19.5000 11.1080 20 148 95
-6.0625 2.5000 11.9960 23 110 110
9.0000 -7.5000 9.2380 14 194 90
8.7500 -2.0000 13.1890 9 128 68
-21.8125 11.5000 2.9850 210 85 136
-13.5625 14.0000 6.2200 102 153 154
9.6250 1.0000 7.6140 51 169 103
3.3750 5.5000 5.6850 148 182 156
-22.0000 -9.0000 3.3480 205 92 96
3.6250 -24.5000 7.1130 110 141 143
-12.1875 7.5000 2.9900 194 81 101
-12.7500 19.5000 5.4980 182 153 162
8.1875 1.5000 7.3120 60 167 119
-17.5625 -20.5000 14.0230 28 55 140
10.1875 -4.5000 3.1940 202 153 0
23.5625 14.5000 0.3000 150 97 19
-15.1875 2.5000 2.9790 197 77 162
-15.6250 24.0000 5.2830 195 151 155
-11.9375 22.5000 5.4700 179 168 154
6.0625 -10.5000 16.3280 17 104 52
-3.0000 24.0000 10.2960 74 96 66
12.3750 -12.5000 8.1670 20 202 97
-12.0625 5.0000 2.9380 193 67 129
21.2500 -7.0000 2.6840 172 227 115
-10.6250 -15.5000 3.2560 216 81 115
-6.6250 -7.0000 3.0550 193 89 143
21.2500 22.5000 5.2370 83 254 159
5.0625 -10.5000 14.7700 24 100 49
3.5000 -17.0000 12.8020 56 91 84
4.0000 -21.0000 21.6870 57 27 86
13.1875 11.0000 9.7470 86 130 66
9.8750 10.5000 6.2750 154 179 178
9.4375 11.5000 12.9190 104 89 95
-2.0625 -2.5000 5.1070 85 200 224
-0.1875 -17.0000 14.6780 32 77 98
18.0625 -1.0000 6.4860 114 233 150
-2.4375 -2.5000 4.0260 126 214 128
0.0625 -18.0000 14.8620 50 63 98
-12.7500 -15.5000 3.3060 218 96 119
-21.1250 -16.0000 3.3660 213 103 65
0.5625 20.0000 12.3160 63 76 54
-10.4375 -5.0000 3.1500 191 110 149
-13.0625 18.0000 5.4940 182 167 152
-19.1875 12.0000 3.3500 203 151 61
11.8125 12.0000 9.8590 84 112 86
-11.5000 -8.0000 3.1580 201 77 128
8.1875 -16.0000 16.7740 34 126 25
25.1875 24.5000 6.0920 89 206 91
24.3125 17.5000 4.8600 98 254 133
5.8750 14.0000 10.9290 83 97 88
-5.5625 24.5000 4.9860 178 177 98
22.5000 6.0000 15.2460 81 101 47
22.3125 -16.0000 2.9960 182 169 83
-16.8750 -1.0000 2.9990 189 84 163
1.8750 20.0000 11.2080 64 97 74
24.7500 15.0000 8.4580 41 198 94
-23.7500 20.5000 5.4130 150 157 142
-17.6875 -9.5000 3.2380 205 75 115
-10.4375 19.0000 5.4870 191 148 156
9.3750 -17.5000 10.9080 36 159 70
-23.8750 -21.5000 17.8860 42 49 135
11.8750 -14.5000 7.7450 38 197 96
3.5000 -12.5000 4.2930 132 254 87
-23.5000 -16.5000 12.0140 28 76 153
16.8125 -16.5000 8.5100 23 202 93
-23.0000 -1.5000 3.1570 201 88 143
-14.3750 8.0000 9.1470 18 130 167
-19.0000 -5.5000 3.2340 199 102 128
-9.5625 10.0000 10.0950 50 92 87
20.9375 14.0000 15.1380 12 141 75
9.1875 -10.0000 8.0540 28 189 104
11.3125 -11.5000 4.6820 95 254 103
-16.5000 0.5000 2.9920 184 91 171
-0.7500 -20.5000 4.5210 147 214 146
15.8750 15.5000 10.9260 30 161 67
-16.7500 -22.5000 13.8950 34 54 132
17.2500 23.5000 15.1660 24 139 40
-16.5000 -10.0000 3.3040 202 92 108
-20.4375 -13.5000 3.3320 196 85 88
-16.9375 7.5000 11.9960 2 101 144
-2.6250 -2.0000 3.0240 198 83 127
-14.1875 -19.0000 3.2420 221 87 128
-7.0625 24.5000 5.0440 165 202 116
-5.5000 -18.5000 14.2640 43 53 146
21.8750 10.0000 11.6270 24 159 79
7.1875 -16.5000 13.1590 36 138 52
-9.1875 -16.5000 3.1520 222 65 118
11.3125 25.0000 15.2050 51 51 100
25.0625 -7.5000 5.5380 102 222 152
4.1875 -6.5000 13.3450 20 74 119
19.0625 -23.0000 3.3670 182 216 43
15.1250 0.0000 6.5210 101 231 160
-10.3750 19.0000 5.5380 190 146 157
2.1875 -1.0000 11.4740 36 90 131
16.8125 8.5000 5.1900 155 254 144
7.7500 14.5000 11.7790 83 88 70
9.7500 -14.5000 9.8580 32 164 80
-21.9375 11.5000 3.0300 213 89 127
-19.0625 -19.5000 16.2860 32 20 138
-2.1875 18.0000 10.0690 82 106 52
7.9375 -20.0000 11.5160 44 142 64
-17.7500 -7.0000 3.2520 204 92 116
-13.8750 3.0000 2.9980 199 73 144
15.5000 18.5000 15.8550 23 114 62
-21.6875 -17.0000 13.5410 20 52 141
14.5000 16.5000 12.8880 25 156 57
-21.2500 -21.5000 20.3090 31 22 121
-4.6250 14.5000 5.8840 155 163 162
-1.6250 25.5000 9.1090 72 128 88
-24.3125 0.5000 3.1480 186 114 153
17.3125 -18.5000 8.7280 18 205 79
-6.5000 4.5000 15.2110 39 51 91
1.4375 23.5000 8.6660 63 119 94
10.9375 -8.0000 6.3410 62 223 124
-17.7500 -0.5000 3.0470 196 88 150
20.8750 -3.0000 6.5330 102 230 156
-11.3125 9.0000 6.1800 75 140 174
-19.2500 -10.5000 3.3310 204 91 99
18.9375 12.5000 10.1630 24 185 84
-17.1875 -12.5000 3.2700 203 80 105
10.7500 20.0000 3.6190 195 147 22
-20.7500 -20.0000 20.1450 41 25 115
-1.1250 -15.0000 16.7370 38 61 95
22.5000 1.0000 6.5380 131 222 198
19.9375 -4.5000 1.8650 179 185 69
-23.4375 24.5000 5.2110 201 146 117
-23.8750 -18.0000 13.5250 32 64 138
16.7500 10.5000 7.5950 82 146 84
-9.3125 -22.5000 3.5070 220 147 107
17.1250 16.0000 17.1340 22 124 38
14.0625 22.0000 15.0770 25 91 77
-18.2500 21.5000 5.3080 188 157 146
5.8750 18.5000 11.5200 56 66 74
20.0625 7.0000 6.5750 122 241 140
-13.1250 -12.5000 3.2160 217 82 137
11.2500 -11.0000 3.9050 141 254 3
-20.0625 22.0000 5.2130 191 172 141
20.7500 15.5000 0.2870 147 94 23
5.0625 -17.5000 19.0010 65 82 48
8.3125 -4.0000 5.8450 65 207 161
-13.6875 2.5000 2.9680 200 73 146
1.3125 -7.5000 8.9030 36 122 162
20.1250 -8.5000 2.4170 159 248 81
9.2500 7.5000 6.2080 153 168 188
-1.0000 22.5000 11.9070 75 73 65
-22.1875 15.0000 7.9130 71 129 121
-1.3125 -18.0000 14.7460 53 68 103
22.8750 11.5000 0.7460 157 101 38
-13.4375 16.5000 5.4970 167 175 143
-0.6250 2.5000 16.3710 57 53 54
7.3125 -1.5000 15.7210 26 83 71
-7.0000 14.0000 5.7480 156 182 167
6.0000 -17.5000 12.6760 45 131 69
-12.3125 15.0000 5.6630 139 179 156
-2.7500 21.5000 10.9400 78 84 63
-1.1875 -10.5000 16.4980 28 53 106
0.9375 7.5000 9.7240 86 88 87
-13.1250 25.0000 7.0850 120 127 111
-21.6875 11.0000 2.9590 210 84 139
0.5000 24.0000 10.4620 68 95 82
11.5000 20.5000 3.6380 181 164 19
-15.3125 1.5000 2.9900 198 80 155
22.9375 1.5000 13.8360 81 132 61
-17.4375 -14.5000 3.4000 200 96 87
-0.1250 11.5000 5.9560 160 175 169
-19.6875 -24.0000 16.3900 38 50 122
-1.5625 -18.0000 15.0160 51 51 117
6.6250 25.0000 5.5380 117 125 187
-1.2500 -10.5000 16.4000 28 53 106
6.3750 -9.5000 13.6510 17 110 63
-8.7500 -0.5000 3.0950 200 99 127
-5.6250 9.5000 5.4710 151 169 170
-20.5625 11.0000 2.9270 201 86 142
4.1250 5.0000 14.7280 71 62 50
-1.2500 9.0000 5.9030 142 172 156
5.6250 23.5000 3.6200 199 140 31
-6.5000 -17.5000 3.3750 226 96 87
-0.3750 -20.5000 3.9010 188 203 65
-9.9375 9.5000 10.1910 35 100 98
1.2500 -22.5000 6.8880 98 131 176
24.5625 -22.0000 6.7850 41 194 154
-20.0625 -22.5000 19.8090 32 21 128
5.1875 5.0000 6.0160 146 165 162
-0.9375 -9.5000 14.3500 25 57 117
-19.1875 -21.0000 16.5030 29 34 143
-19.0000 -21.5000 14.1850 24 55 142
-17.0000 4.5000 7.4980 34 127 215
0.3750 4.5000 13.3570 67 78 53
-1.2500 14.5000 5.8240 159 153 158
19.3125 12.0000 6.4900 71 227 110
19.4375 5.0000 6.4730 143 238 183
10.9375 -8.5000 7.0090 48 211 115
-17.0000 25.0000 5.3320 189 152 136
4.9375 -20.0000 11.1910 50 135 94
-17.2500 22.5000 5.3380 191 157 146
-13.9375 -15.0000 3.3740 207 108 110
-5.4375 -6.0000 3.0310 186 92 146
8.6250 -13.0000 10.9220 25 164 66
1.7500 -1.0000 11.3200 32 104 128
14.6875 9.0000 8.7830 87 130 58
9.1250 -21.0000 1.6710 159 152 49
-0.1875 -7.0000 7.7790 40 139 195
-4.1875 18.0000 5.6390 179 175 126
20.8750 -10.5000 2.0630 162 175 107
16.5000 23.0000 10.9430 10 153 85
0.0000 -11.5000 17.5500 38 48 90
-5.1250 -20.5000 6.1970 91 123 253
-12.5000 -14.5000 3.3310 211 101 119
3.4375 -7.5000 16.5970 20 64 102
-0.3750 -6.5000 8.7950 32 124 177
-23.0000 21.5000 5.0990 173 184 134
19.6875 7.5000 6.5700 118 244 146
-10.3125 -16.0000 3.2570 220 81 110
-23.3125 17.0000 7.0070 96 134 128
3.8750 -3.5000 10.2110 13 105 166
-0.1875 -19.5000 14.2960 54 70 100
22.1875 -21.5000 3.4450 182 223 37
-24.2500 19.0000 8.1580 98 129 118
15.0625 9.5000 9.0140 84 132 52
-13.1875 -12.0000 3.2730 211 91 133
17.0000 -19.0000 7.4030 29 223 92
0.2500 1.5000 17.4440 56 45 48
8.5000 3.0000 6.1160 126 196 169
12.9375 24.0000 13.8240 39 64 89
-3.6875 24.5000 9.8670 74 111 58
-7.8125 10.0000 6.3790 97 128 145
-24.6875 21.5000 6.0800 123 134 144
-9.1250 -17.0000 3.2290 221 77 105
-1.7500 -3.5000 3.3420 184 147 95
18.3750 17.0000 8.4440 27 202 125
-12.5000 3.0000 2.9150 190 72 161
24.6875 18.5000 4.3200 117 254 76
-10.0625 6.0000 4.1640 137 228 121
-21.3125 12.5000 5.2770 104 192 202
-17.6875 -21.0000 15.6110 29 42 130
15.2500 5.5000 6.4040 133 235 187
-11.3125 -20.5000 3.3550 222 91 112
22.4375 17.5000 16.2110 9 130 69
4.6250 0.0000 15.2960 43 62 62
-4.8750 -6.5000 3.0800 189 98 131
-2.5000 20.5000 11.0810 80 87 37
-19.0000 16.0000 8.0040 66 131 115
3.5625 23.5000 8.2940 59 102 123
6.4375 -0.5000 13.6540 19 100 81
14.0000 24.0000 14.8010 41 97 74
-17.1250 15.5000 6.8520 68 133 117
-7.3125 -8.5000 3.1780 197 105 129
15.0625 -22.5000 0.8050 148 101 0
21.3750 -13.0000 2.8310 168 161 110
12.0625 21.0000 7.2660 58 141 162
-17.8750 8.5000 2.9410 186 93 127
-2.3750 19.5000 9.6410 86 101 51
12.5625 -2.5000 0.8880 162 129 24
24.1875 16.0000 11.0410 33 162 84
-17.3125 -6.0000 3.1930 200 91 134
11.8750 23.5000 13.3160 37 63 98
12.8125 21.5000 12.1540 35 88 104
-5.7500 2.0000 11.7780 24 111 112
22.3750 -10.5000 1.9900 168 157 98
-19.6250 -3.0000 3.1920 194 111 140
17.7500 4.0000 6.4790 138 232 191
-10.9375 -20.0000 3.2500 225 61 127
6.0000 -8.0000 17.4330 25 78 73
22.5625 -18.0000 3.4100 184 205 31
-5.3125 -23.0000 3.4790 213 127 84
-22.5625 -11.5000 3.4280 201 110 91
-9.5625 10.5000 10.2740 47 90 87
-4.3750 -20.0000 11.2940 63 60 158
-14.5625 4.5000 2.9730 195 78 135
-0.8125 -14.0000 17.3280 33 54 98
-12.5625 17.0000 5.5440 168 178 151
23.8125 -13.0000 2.2810 142 158 107
19.8125 -14.5000 2.7460 156 179 94
-20.8125 -10.0000 3.3510 207 96 90
16.1875 23.5000 12.3000 1 157 79
-21.2500 -4.5000 3.2450 206 95 118
5.8750 -20.5000 21.6770 45 62 64
23.5625 21.5000 11.4020 21 154 90
1.3750 -15.0000 15.6340 38 73 73
-16.5625 -5.0000 3.1580 192 100 153
-14.8125 -21.5000 6.5200 63 137 240
14.2500 1.5000 6.4260 116 215 170
-9.3125 -8.5000 3.1790 198 86 142
12.9375 -13.0000 7.8280 22 209 102
7.8125 -19.5000 3.7610 168 237 3
-2.5000 25.5000 4.3490 163 190 56
-2.0625 -18.0000 15.0580 48 50 120
-15.7500 -5.5000 3.1970 198 90 139
-2.4375 0.0000 14.1530 15 72 137
-0.8750 17.0000 5.8730 147 164 151
-15.8125 -23.5000 3.4600 198 124 85
-9.4375 -1.5000 3.1090 203 97 129
0.9375 22.0000 10.1260 61 105 82
-8.1875 -4.5000 3.0270 188 85 149
-3.5625 -6.5000 3.0380 197 68 114
22.9375 -5.5000 2.5790 175 220 110
-2.6875 -16.5000 16.2750 35 65 113
22.5625 16.0000 13.4440 13 154 71
-19.8125 20.5000 5.1840 178 184 133
5.8125 23.0000 3.6240 201 144 26
-7.0000 -17.0000 3.2980 227 88 99
3.3125 24.0000 3.6920 198 158 15
4.8125 18.0000 11.4030 76 69 61
17.4375 2.5000 6.3990 143 235 172
9.5000 -16.0000 11.1380 29 145 68
0.1875 8.5000 5.9820 145 163 174
20.4375 -7.0000 1.4560 161 208 49
-13.0000 8.0000 7.0410 50 146 180
6.5000 25.5000 5.6150 116 118 181
1.4375 -16.0000 10.8650 54 105 124
10.1250 2.0000 6.0790 123 207 152
-10.3125 -19.0000 3.2250 235 68 127
10.8750 6.5000 6.3260 155 160 175
-2.1875 -12.5000 17.5830 30 33 106
0.2500 24.5000 3.9600 178 185 19
-22.5000 10.5000 3.0110 214 88 132
12.1875 -11.0000 4.6120 99 254 91
-5.2500 -14.0000 15.7090 43 51 131
-13.6250 7.0000 4.9800 89 212 204
6.0000 -17.0000 15.2880 42 106 54
-23.2500 18.0000 7.0210 98 143 126
-4.6250 1.5000 15.7940 26 69 85
-9.5000 23.5000 7.0380 112 110 111
1.6875 -12.5000 14.5680 22 80 81
19.5625 -4.0000 0.8160 175 111 31
10.7500 -14.5000 9.7340 37 168 73
-21.8125 15.0000 7.9330 65 135 117
-1.8750 -17.5000 14.3820 44 60 107
-16.5000 18.5000 5.3450 177 167 146
23.6250 -2.0000 6.4840 127 229 136
11.0625 -9.5000 8.1990 36 211 77
-14.5625 -8.0000 3.2660 198 91 113
-6.1250 -23.0000 3.4450 219 119 87
-16.0000 24.5000 5.3190 196 143 151
-2.4375 -22.5000 5.9550 87 151 227
20.5000 -13.5000 2.8550 162 172 113
16.5000 25.0000 6.9500 72 207 117
-16.0625 9.0000 5.2210 88 218 201
13.8750 23.0000 11.4470 37 96 103
5.6250 -21.0000 21.9490 46 62 65
-17.3125 -14.0000 3.4120 197 100 88
19.0000 -0.5000 6.4440 116 236 149
18.0000 18.0000 8.4000 30 209 123
-23.0000 -2.0000 3.1880 193 107 146
24.1250 23.5000 8.3750 34 186 98
4.7500 -20.0000 21.5720 68 49 59
8.5625 24.0000 5.5380 113 142 186
-8.5625 -18.0000 3.3030 233 88 110
-8.4375 9.0000 5.1480 130 187 156
-5.3125 14.5000 5.8250 156 177 166
1.4375 21.0000 10.3280 66 94 85
-3.7500 8.0000 13.4320 61 59 55
0.5000 15.0000 5.7790 165 146 165
-24.1250 -9.0000 3.3170 193 93 112
23.4375 -1.0000 6.5340 116 235 168
-13.2500 -18.0000 3.3190 216 93 134
23.0625 3.0000 15.2710 81 109 49
7.1250 -18.5000 12.9540 38 125 63
-7.2500 13.0000 5.7720 152 182 169
-20.1250 -17.5000 6.8640 55 127 213
1.3750 -11.0000 15.4640 33 49 88
3.1875 -4.5000 8.8950 21 132 178
22.2500 18.5000 9.3380 20 181 116
10.5625 8.5000 6.2890 155 160 185
17.8125 19.5000 12.7430 16 158 82
19.2500 -15.5000 5.7540 58 249 159
2.5625 22.5000 9.2320 57 98 111
13.2500 18.0000 12.4650 44 102 77
7.0625 -3.0000 8.5500 24 153 144
22.9375 14.0000 12.4760 16 163 88
7.5000 15.0000 11.6050 74 85 67
4.1875 -15.5000 18.4340 52 59 58
24.7500 -10.0000 3.0040 166 189 75
8.5625 8.0000 6.2460 154 166 190
7.8125 25.0000 5.0050 116 166 177
1.1875 1.5000 17.4440 58 47 44
22.5625 10.0000 11.9490 26 156 73
21.3750 11.5000 12.2610 24 156 79
10.3750 -6.5000 4.6130 104 254 102
-18.3750 8.5000 2.9220 188 90 134
-22.1875 -16.0000 13.1270 16 51 150
-6.1875 3.0000 4.5140 119 243 157
-7.3125 18.5000 5.5740 170 164 147
5.9375 -1.5000 13.1310 21 102 86
-5.8750 -12.0000 10.7560 34 90 168
9.3125 -3.0000 2.4760 154 118 104
-1.9375 16.5000 5.7500 150 159 150
-5.8750 15.0000 5.7940 159 177 168
11.6250 -17.0000 7.2770 43 226 111
-12.9375 -23.5000 5.3370 100 166 236
-1.1250 -19.5000 14.2150 52 57 112
-21.0625 12.0000 3.2650 208 117 75
-15.8750 1.0000 3.0500 199 83 145
22.3125 10.5000 13.5610 24 146 57
19.0000 -12.0000 2.3930 133 246 112
-14.8750 -9.0000 3.2420 201 84 114
2.1875 7.5000 5.9800 152 167 165
3.3750 22.5000 9.9300 54 86 105
-0.3125 -13.0000 15.9830 36 54 89
-16.6875 10.5000 5.9440 69 167 194
-0.1250 -5.5000 3.1530 193 75 100
-20.3750 3.5000 3.0170 187 83 131
6.0000 -8.5000 17.0260 23 85 77
7.6875 -23.5000 0.9050 146 102 41
4.4375 16.0000 12.5050 81 81 38
5.0625 -21.0000 21.9060 56 44 72
-9.5000 4.5000 3.3000 215 128 61
8.2500 0.0000 14.2800 30 132 56
7.7500 21.0000 3.6440 194 148 32
-10.3125 25.0000 8.8000 113 119 87
7.2500 -4.5000 9.7560 21 130 129
-1.7500 -3.5000 3.2180 187 117 103
19.3750 17.0000 17.5460 8 134 64
6.5000 -18.0000 20.9470 47 74 53
3.3750 8.5000 6.1040 150 176 171
21.1250 8.0000 13.7850 69 135 24
-7.7500 17.0000 5.6590 168 158 147
-4.3125 -9.0000 3.0150 203 81 127
-21.0000 -8.0000 3.2810 203 86 102
9.1250 2.0000 5.9380 127 211 159
17.2500 23.5000 14.5990 22 150 45
16.4375 -21.0000 2.6300 133 227 88
-22.9375 2.0000 3.0680 197 91 138
7.6250 -12.5000 17.2390 26 112 37
-19.3750 16.0000 8.2580 65 127 114
-9.0625 12.0000 8.1020 60 116 109
20.0625 20.0000 6.3650 54 232 145
19.4375 22.0000 11.5980 9 174 76
-19.9375 13.5000 5.0430 102 221 180
-10.3125 -24.0000 3.5960 189 155 91
15.6250 5.0000 6.4390 130 238 187
19.5625 24.0000 9.3200 26 193 79
-17.5000 16.5000 5.8030 111 163 154
20.6875 -5.5000 2.2290 162 209 114
-7.6875 -18.0000 3.2990 228 80 93
3.8750 -22.5000 7.7320 89 146 142
8.3750 -22.0000 10.2000 37 183 69
-17.5625 -8.5000 3.2770 199 87 115
19.5000 1.5000 6.4090 144 195 182
14.1250 20.0000 15.0970 30 93 70
13.0625 24.0000 9.9580 40 123 114
-8.3125 21.5000 5.5170 175 166 154
-18.7500 12.0000 6.5780 57 145 204
-20.0000 -19.5000 19.0390 29 28 128
17.8750 16.0000 17.0260 13 136 65
14.8125 -17.5000 7.3420 30 236 104
-3.2500 -11.5000 14.9020 35 35 115
2.6250 -9.5000 4.8130 102 238 158
22.5625 8.0000 13.2240 61 132 23
23.7500 25.0000 6.5780 69 196 108
9.5625 13.5000 10.5260 68 118 80
-18.0625 22.5000 5.3560 189 160 155
6.2500 -12.5000 13.4110 19 133 50
11.5625 17.5000 9.8300 50 99 110
-14.0000 -22.0000 6.4050 66 137 231
-14.8750 14.0000 5.3340 117 186 171
22.5000 -18.0000 3.3670 188 196 33
-0.9375 9.5000 5.9440 156 164 172
14.9375 20.0000 15.9240 19 108 72
22.1250 20.0000 8.1150 23 200 136
24.3750 -11.5000 2.9680 167 187 81
-1.8125 21.0000 11.6150 86 70 46
8.4375 1.0000 10.9280 36 137 68
6.3750 -18.0000 11.0800 46 154 78
-4.5000 -16.0000 15.7580 39 54 131
16.1250 -16.5000 7.6220 30 211 105
-10.8125 -2.0000 3.1100 198 90 138
-10.8750 23.5000 8.8580 112 129 88
13.9375 25.0000 17.0280 48 91 77
-11.3750 17.5000 5.5160 176 175 144
-18.3750 13.0000 7.7870 44 129 149
-2.4375 17.5000 10.4600 87 98 71
-6.5625 17.0000 5.6340 172 156 168
-19.4375 21.0000 5.3030 185 165 147
-5.6250 24.0000 7.1190 96 144 83
7.3750 -21.5000 21.8380 40 66 53
10.5625 9.5000 6.1460 167 157 181
-21.7500 24.5000 5.1910 200 162 124
15.5625 21.0000 15.7120 18 114 55
17.5625 -16.5000 7.2280 33 212 118
3.3750 23.5000 3.7840 192 171 18
-24.5000 8.5000 2.8780 179 99 164
-20.4375 -15.0000 3.3530 207 98 73
-19.8125 2.0000 3.0430 188 85 144
3.6250 -9.5000 8.9430 24 143 133
11.0625 2.5000 6.2490 128 204 138
11.7500 9.0000 6.2910 150 181 177
21.9375 23.0000 9.1480 23 194 85
-9.1875 -8.0000 3.1540 199 88 131
3.3125 -7.5000 15.5940 22 68 105
-1.9375 11.0000 5.9440 151 167 165
-3.9375 -19.5000 13.7060 46 60 139
-7.5000 2.5000 3.2850 211 119 61
8.9375 -7.5000 13.2870 11 145 51
-1.3750 -4.0000 3.3750 182 152 92
16.0625 18.0000 12.9810 21 156 56
-20.0625 19.5000 5.1990 153 195 143
12.6875 5.0000 6.3750 145 185 183
15.7500 -16.0000 6.7080 43 234 125
21.8125 23.5000 8.9910 24 194 89
3.6875 -21.0000 19.6520 57 47 69
-22.3125 16.0000 7.8850 82 131 111
14.4375 -15.0000 5.3880 74 254 140
24.3125 18.0000 9.4180 34 169 96
-18.6250 -20.0000 6.3950 73 121 223
4.8125 -20.5000 21.8230 60 45 74
4.9375 1.0000 12.8320 51 81 66
4.6250 -15.0000 18.3930 54 62 57
-15.1250 19.5000 5.4540 175 161 145
10.1250 -6.0000 3.5780 171 243 0
-24.5625 -10.5000 3.3560 189 99 117
-12.6875 7.5000 5.1570 81 218 205
16.8125 24.5000 9.3400 33 198 86
-16.7500 -22.0000 6.7870 64 129 231
-0.6250 -18.5000 12.5620 51 75 110
-3.3125 18.0000 5.7690 173 177 121
0.2500 -16.0000 14.8320 33 68 81
23.3750 6.5000 15.8870 63 91 20
-20.9375 -24.0000 19.2610 43 26 121
-7.4375 -16.0000 3.1830 223 56 91
-4.8125 -13.0000 13.6980 35 40 140
3.3750 -9.5000 15.9230 27 70 79
-10.9375 -1.0000 3.1030 197 99 131
-20.0625 -24.5000 18.9130 46 31 121
4.9375 -15.5000 17.4820 41 92 47
12.3750 -12.5000 9.0320 16 193 91
14.5000 7.0000 6.3760 161 192 156
-0.1875 16.0000 8.1870 86 92 90
12.9375 24.5000 9.8150 45 123 113
-19.8750 -24.0000 13.5630 41 69 134
-2.5000 0.0000 12.2110 18 101 133
-14.2500 5.0000 7.3280 34 142 210
12.8750 2.0000 6.4730 118 210 139
15.1875 19.0000 16.3710 18 107 66
20.5625 16.5000 17.2570 10 131 60
-5.9375 -14.0000 12.4260 39 55 149
6.2500 -2.5000 12.6830 11 105 121
24.2500 -4.5000 7.3340 81 199 124
24.1875 15.5000 12.1410 27 156 73
16.4375 19.0000 13.0850 13 151 73
-2.7500 -18.5000 15.7690 44 50 122
-4.2500 14.0000 5.9030 159 157 184
9.7500 -16.5000 9.1910 25 170 86
-11.6875 14.0000 5.4600 144 189 163
17.1250 4.0000 6.4810 137 233 191
-1.1875 21.5000 13.2830 82 48 32
-4.1250 -14.5000 15.8430 42 62 130
9.1875 21.0000 7.5670 67 120 158
-5.4375 20.5000 9.1370 89 102 66
23.7500 -16.5000 3.3300 176 189 31
18.3750 -13.0000 2.2620 133 242 107
19.8125 -23.5000 3.5380 164 234 43
-18.9375 -12.0000 3.3380 205 92 97
5.0625 1.5000 12.6480 50 82 64
-14.5625 14.0000 4.8020 134 220 129
6.6250 12.0000 8.9830 121 92 133
24.6875 23.0000 0.1970 131 107 36
11.7500 18.5000 11.6210 49 76 99
22.5625 8.5000 14.3590 66 132 27
22.3750 22.0000 0.1240 138 94 31
-24.5000 -18.5000 7.3000 49 136 210
21.1875 3.0000 6.5400 143 228 193
-17.5000 -4.5000 3.1250 200 87 138
7.2500 10.5000 6.1510 162 156 176
14.3750 20.0000 10.6720 31 154 104
-10.6250 14.0000 5.4870 153 192 144
-23.0000 2.0000 3.0250 192 88 147
-22.4375 -9.0000 3.3140 206 83 102
-21.4375 -23.5000 16.8060 39 55 119
-12.1875 23.5000 5.5210 176 162 156
19.6875 -19.5000 2.7860 154 183 99
-6.8125 5.0000 15.4650 40 50 92
-24.5000 -6.0000 3.3050 189 103 128
-21.1250 12.5000 5.0630 109 209 199
21.8750 7.5000 15.3830 61 105 28
-2.5625 -11.5000 14.8000 34 35 112
-21.9375 20.5000 5.2720 152 189 149
-17.6875 -11.0000 3.2400 203 63 111
21.9375 6.0000 6.6910 135 201 148
2.9375 -20.0000 6.6510 107 168 184
-22.9375 6.5000 2.9550 186 105 157
-22.2500 -18.5000 14.1770 22 57 134
-15.7500 10.5000 6.3030 56 162 196
12.7500 22.5000 4.9740 120 231 175
6.9375 -17.5000 20.9240 48 77 52
-4.8750 -0.5000 3.0450 192 89 140
-8.2500 20.5000 5.4560 180 152 158
-16.4375 -23.0000 3.4350 203 114 75
18.3125 -17.5000 5.5120 70 240 157
-15.1250 21.5000 5.4120 187 151 152
-4.8125 9.0000 5.7910 142 151 154
-4.4375 3.5000 18.1610 48 47 71
-24.6875 -3.0000 3.1950 187 107 155
0.8125 15.0000 5.8600 162 169 168
16.1250 17.0000 16.6960 24 111 37
-20.3125 -1.5000 3.1060 195 76 143
-5.8750 20.5000 8.5980 88 97 79
9.0000 10.0000 6.1310 160 182 182
9.3125 16.5000 12.3200 44 76 92
4.3750 18.0000 12.7440 76 59 55
-18.3125 1.0000 3.0590 194 87 135
20.8750 -16.0000 2.8050 160 163 114
21.3750 -22.0000 3.1590 191 171 57
8.3125 25.0000 3.5230 206 114 43
7.0000 -19.5000 18.6590 52 85 37
-24.4375 2.5000 3.0750 178 106 147
17.5000 23.5000 11.5380 16 170 59
6.3750 16.5000 12.0590 64 74 57
-11.9375 21.0000 5.3290 190 164 156
-11.6250 14.5000 5.5920 139 182 160
-24.2500 14.0000 7.2840 89 129 151
-2.8750 2.0000 17.5160 37 59 78
2.0000 2.5000 18.3170 76 49 34
-1.9375 8.5000 5.5970 154 163 148
9.7500 -2.0000 13.0850 17 135 63
-5.3750 -18.5000 14.4440 44 49 146
21.8125 12.0000 12.3900 25 155 79
-13.3750 18.5000 5.4160 186 169 151
-22.2500 -11.5000 3.4370 200 113 91
-22.0625 7.5000 2.9570 199 94 146
23.6875 16.5000 13.3810 19 154 66
21.5625 9.0000 8.4780 72 143 75
-8.3750 11.0000 5.2310 139 192 147
4.8125 4.0000 13.2970 67 65 50
-8.6250 17.5000 5.6010 172 159 161
-7.6875 12.0000 5.5850 150 159 133
10.2500 -17.0000 5.9320 77 247 117
23.3125 6.5000 19.5040 74 108 33
11.2500 25.0000 3.5480 199 128 26
-23.5625 -21.5000 5.2370 102 184 207
-15.1875 -6.5000 3.1810 206 87 132
5.6875 7.5000 7.7310 113 142 158
16.2500 -19.0000 7.3950 28 227 95
-0.3750 21.5000 12.4760 71 66 42
-23.5000 -19.0000 13.4350 32 72 137
3.8125 22.5000 9.7150 55 89 106
24.0000 1.5000 6.5440 130 222 175
-2.1250 3.0000 19.8780 45 50 85
21.6250 -8.0000 2.5860 170 224 109
0.4375 -0.5000 11.7720 22 107 119
-14.1875 -12.0000 3.2900 206 85 108
-3.7500 -9.0000 12.9780 24 72 154
-0.7500 23.5000 10.5790 67 94 82
7.6250 8.0000 6.2620 153 170 154
-20.4375 24.5000 5.2600 191 159 138
-14.1250 -7.0000 3.2110 198 96 124
-10.4375 24.0000 8.4710 110 119 90
13.0625 -24.5000 6.3040 52 229 118
11.6250 3.5000 6.3300 136 199 159
13.7500 23.0000 14.2680 34 65 82
-14.8750 6.0000 6.7200 41 154 216
-2.2500 2.5000 19.9140 41 48 88
-23.3750 3.0000 3.0300 182 105 151
25.1875 -24.0000 3.4920 141 192 41
-19.6250 -6.5000 3.2310 202 82 126
-15.5000 7.5000 11.0820 7 103 154
9.9375 23.5000 3.6410 206 145 30
-18.6875 -10.5000 3.3480 205 97 94
12.0000 1.0000 6.3400 123 211 128
13.5625 13.5000 12.2460 67 107 67
0.1875 16.0000 8.1640 84 93 88
-3.1875 -8.5000 3.0290 201 66 116
14.1250 4.5000 6.4150 139 200 188
-20.8125 -17.0000 6.8070 55 123 220
-18.6875 -14.0000 3.4080 201 109 88
21.4375 17.0000 17.3780 12 125 68
-4.2500 -7.5000 3.1310 199 89 102
16.1875 -17.0000 7.6400 31 210 101
19.7500 -16.5000 6.4100 37 231 142
-5.6875 -0.5000 3.0450 199 84 141
-3.2500 -19.5000 15.8430 50 51 125
-18.0000 -19.5000 15.6810 31 22 132
18.5000 23.5000 8.7900 20 199 95
5.1875 -4.0000 12.3680 15 111 123
-22.0000 -1.0000 3.1130 207 86 148
5.8750 -18.5000 22.0560 51 67 54
1.0625 1.0000 13.4230 51 83 77
18.8125 22.0000 11.1430 11 179 80
23.7500 -7.5000 2.8080 179 185 84
9.6875 -15.5000 14.5950 29 126 35
-14.8750 -15.0000 3.3860 211 96 98
-20.5000 -20.0000 18.7860 39 32 115
12.8125 9.0000 6.4440 153 186 172
-5.5625 23.0000 9.1180 69 111 76
15.0625 11.5000 11.0870 68 139 48
20.3750 -11.0000 2.3830 138 225 108
13.8125 5.0000 6.3960 145 182 171
0.0625 -14.0000 16.7180 39 51 84
21.5000 -4.0000 1.3950 182 143 50
16.8125 -16.5000 7.6460 31 209 101
-7.3750 5.5000 5.7130 86 171 188
18.6875 23.0000 14.3540 7 153 59
-20.5000 18.5000 5.5220 131 162 140
-23.7500 1.0000 3.0920 185 106 157
-9.5625 24.5000 8.8130 117 113 81
-16.5000 14.5000 6.3480 77 145 149
4.0000 21.5000 10.6550 60 78 93
8.4375 19.0000 9.9080 46 77 104
-19.6250 -18.5000 17.0860 32 20 145
-19.1875 20.5000 5.2730 174 171 142
-11.0625 -18.5000 3.1730 214 71 152
-16.1250 -16.0000 3.4390 206 109 90
-21.9375 17.5000 7.8280 81 128 115
-10.3750 -18.0000 3.2110 229 78 138
19.1250 -19.0000 3.9800 129 254 49
-9.1875 1.5000 3.0240 209 81 125
22.3125 -5.5000 2.8210 179 222 110
21.3750 -23.5000 3.6320 153 237 38
2.5000 4.0000 9.9190 81 91 84
5.6250 12.0000 6.0450 163 149 176
-16.5625 11.5000 6.5560 56 159 173
-12.3750 7.0000 3.1600 203 114 69
-17.8125 24.5000 5.2560 198 152 141
2.1875 23.0000 9.0900 61 98 112
9.1250 11.5000 10.0830 103 116 100
21.8750 -7.0000 2.9390 194 208 98
-1.1875 1.0000 13.3200 43 89 94
-0.4375 -7.5000 3.4790 189 145 46
22.6875 23.0000 6.7710 44 203 142
21.5625 -4.5000 1.5910 177 160 63
-16.2500 12.5000 6.4660 59 153 165
-1.3750 23.5000 9.5780 62 128 84
6.1875 -11.5000 12.8330 25 136 56
20.2500 20.0000 2.7690 170 166 92
-14.3125 16.5000 5.4720 154 172 137
-13.1875 6.5000 5.2730 84 198 223
11.1250 -7.5000 6.2580 65 230 126
9.3125 -4.5000 10.1140 19 163 97
-22.3750 -3.5000 3.1880 205 84 137
11.0625 -2.5000 2.4730 158 145 76
15.3125 9.0000 8.0090 87 148 95
20.0000 17.5000 17.1860 12 138 61
-4.5625 -15.0000 15.9590 45 70 126
-3.0625 15.5000 7.1710 119 124 142
-0.5000 7.0000 10.0340 86 87 89
-5.8125 2.5000 4.2560 137 247 125
3.8750 17.0000 12.4240 76 82 41
-2.4375 16.5000 5.6600 152 166 156
13.5625 18.0000 12.6920 44 99 73
-12.7500 2.5000 3.0470 202 80 140
-7.1250 -20.0000 3.4380 226 118 103
-22.3125 -8.5000 3.3620 202 100 95
-12.0625 4.5000 2.9710 197 68 123
17.1250 19.5000 15.4680 24 121 58
-1.8125 -3.0000 7.2670 25 154 222
14.3125 10.0000 9.3190 83 129 49
-1.8750 -9.0000 14.2310 28 56 133
17.8125 -18.0000 6.4170 46 228 145
20.4375 -22.5000 3.5840 163 246 40
20.2500 -5.5000 2.1180 169 222 64
19.8125 20.5000 6.1360 59 239 152
-20.3750 -23.0000 16.3540 31 46 126
19.6875 24.5000 16.7180 14 151 73
-8.1875 -4.5000 3.0980 193 92 138
-11.0000 -3.0000 3.1330 201 91 133
2.5000 -16.5000 13.8530 51 82 74
21.1250 -22.0000 3.1810 190 174 56
-12.1875 24.0000 5.4630 178 160 149
7.0625 17.0000 11.3610 66 75 60
21.1250 5.5000 13.2700 75 135 55
23.8125 0.5000 6.5530 127 225 173
-14.8125 -8.0000 3.2420 201 97 118
-4.9375 3.5000 12.9930 45 82 91
12.0625 -6.0000 0.8070 166 110 0
10.6250 23.0000 3.6050 211 138 25
23.2500 -7.5000 2.7180 182 209 100
11.6250 16.5000 9.7630 49 105 110
-4.3125 -12.0000 15.2950 37 37 115
15.5625 -20.5000 1.1050 142 141 17
22.4375 -17.5000 3.3900 183 200 35
5.6250 -16.5000 19.0650 43 103 40
1.0000 18.0000 11.1990 68 96 50
6.1250 3.5000 12.3250 48 90 45
17.7500 12.5000 8.7020 45 184 91
17.8750 20.5000 15.5130 9 144 75
-5.9375 7.0000 13.3270 47 61 84
4.3750 12.0000 5.9970 171 138 177
5.9375 -10.5000 16.3360 18 103 54
11.1250 -6.5000 0.9830 164 126 12
-24.0625 -14.0000 3.3110 203 89 112
21.7500 21.5000 10.7840 13 170 85
-16.3750 -20.0000 14.2380 30 59 163
0.0000 -24.0000 7.0740 94 135 160
5.3750 17.5000 12.5360 67 74 61
-0.5000 -19.5000 14.3080 54 70 101
-14.0000 -12.5000 3.3260 206 93 103
13.5000 13.5000 12.2400 67 107 67
5.7500 8.0000 6.1880 153 171 162
-22.7500 -24.0000 19.2370 49 43 118
21.6250 -3.0000 1.3540 178 143 50
-6.3125 -10.0000 3.1860 214 88 102
8.4375 18.0000 10.3040 46 85 119
-11.0625 18.0000 5.5890 182 154 141
-13.6875 -23.0000 5.3530 99 175 242
22.8125 22.0000 10.9430 9 165 87
-8.6875 12.0000 6.4700 86 150 142
-12.6250 -16.0000 3.3050 219 96 119
-12.6875 11.5000 12.3630 33 80 97
19.5625 16.0000 10.9730 15 167 90
-10.0000 19.5000 5.5120 183 151 166
17.0625 -23.5000 1.7850 130 181 60
-11.5000 9.5000 6.2940 72 136 172
-21.1250 22.0000 5.2060 186 171 129
8.1250 21.5000 8.4470 63 77 143
-12.3125 22.5000 5.4470 180 170 157
6.1875 3.5000 13.5060 51 67 58
-4.9375 -0.5000 3.0440 192 89 141
-12.5625 -9.0000 3.2090 205 84 128
23.5000 19.5000 5.1370 79 254 154
1.1875 -0.5000 17.2570 22 63 98
-6.3125 -2.0000 3.0370 201 82 145
-6.5000 -21.5000 3.3990 230 105 91
5.1875 -11.5000 7.1270 58 173 132
-7.9375 -10.5000 3.1820 203 76 112
-12.0000 12.5000 4.9800 149 210 140
16.6875 17.5000 0.3360 149 68 50
18.0000 21.0000 15.2990 9 152 78
-3.9375 1.5000 16.8430 41 62 82
24.6250 16.0000 9.4400 40 188 85
-0.7500 -15.5000 15.1310 35 68 84
6.3125 -11.5000 12.5600 26 138 56
-13.2500 -21.0000 3.3520 224 87 97
6.6250 -21.5000 21.6490 39 63 58
0.7500 17.5000 9.7000 74 107 61
5.8125 4.5000 5.9020 140 168 168
-22.5000 -12.5000 3.4220 205 111 87
-1.0625 5.0000 17.5320 83 39 46
5.5625 -4.0000 13.1240 10 99 121
3.8125 -14.0000 18.6880 43 66 49
-23.6250 -0.5000 3.1820 193 95 146
8.8125 23.0000 3.6430 205 142 35
-5.8750 7.0000 13.3620 47 60 84
1.8125 21.0000 10.1080 68 99 82
-4.0000 -19.5000 15.3660 50 43 142
-7.6875 4.5000 3.3240 218 109 46
-19.5625 -23.0000 14.7710 34 57 128
-2.5625 5.0000 16.0670 44 46 69
-11.4375 -7.5000 3.1650 202 97 132
-20.4375 -11.5000 3.3040 204 81 98
-15.0625 -16.0000 3.3740 215 96 96
24.0625 -6.0000 3.0110 198 200 66
24.6250 -4.5000 6.6420 97 216 124
21.9375 -16.5000 3.0560 184 174 72
3.8750 -10.5000 7.5000 45 165 147
-4.7500 24.5000 9.8940 74 114 64
23.1250 10.5000 15.6850 24 128 55
-3.5625 -14.0000 16.9470 38 55 125
-7.8750 -18.0000 3.3380 227 91 92
8.5000 18.5000 10.8700 43 79 115
7.0000 -20.5000 22.0750 42 62 60
1.7500 -18.5000 5.4840 120 183 176
-0.4375 -22.5000 4.0340 180 215 82
3.2500 -14.0000 14.5070 25 96 58
-16.5625 -18.5000 12.6320 31 64 178
3.5625 -14.0000 18.6600 42 66 50
-18.0625 -17.0000 10.4120 40 75 192
-10.7500 23.0000 5.4590 170 181 132
-3.0625 -21.5000 3.5810 208 167 66
-15.5625 -23.0000 6.5040 65 137 226
-8.6250 12.0000 6.5780 82 148 138
-24.1250 -12.0000 3.3410 195 97 111
5.3125 -16.0000 15.0990 39 116 48
1.0000 16.5000 9.2670 74 99 69
-9.0625 -21.5000 3.3850 236 110 111
-19.0000 -21.5000 16.4090 26 35 139
-12.5625 -10.0000 3.2030 210 83 122
18.8750 -15.0000 5.0230 75 254 148
-8.8750 -4.5000 3.1480 199 97 131
22.6875 2.0000 6.4940 133 227 201
16.3750 17.5000 9.5600 30 184 80
8.5000 -14.5000 17.3610 29 124 41
-21.9375 -24.0000 18.4840 47 42 116
-22.8125 -19.5000 13.7500 28 71 125
13.4375 8.5000 6.4580 151 188 167
17.2500 22.0000 13.8220 7 147 75
-8.7500 -24.5000 3.6140 187 148 107
7.1875 -8.0000 14.4150 21 98 56
24.6250 -8.5000 2.9460 185 185 58
-18.4375 11.5000 6.6380 52 146 207
-6.7500 -6.0000 3.0630 188 92 147
-21.0625 -6.0000 3.2830 201 88 109
-24.6250 20.0000 7.7560 99 122 113
4.1250 -6.0000 13.0470 22 74 123
-15.6250 14.5000 5.1800 121 197 169
-9.9375 -19.5000 3.2750 235 81 120
-10.1250 15.5000 5.6630 165 160 168
8.8750 -3.5000 11.8720 8 141 93
23.1250 -0.5000 6.4800 120 240 172
13.1250 18.0000 10.7080 48 107 101
11.3125 11.5000 8.7410 85 133 89
-1.5000 -15.5000 17.1320 38 62 106
22.6250 25.0000 6.8020 53 194 127
4.6250 5.5000 12.9550 70 82 54
10.1875 -7.0000 7.1930 36 201 112
10.9375 5.0000 7.4290 103 146 136
-2.1250 -14.0000 17.0820 36 45 101
-23.6875 -21.0000 10.0820 38 103 154
3.0625 -7.5000 15.1030 23 65 112
-20.0625 -18.5000 12.9600 33 48 160
8.7500 23.5000 3.7200 194 152 45
-4.3125 -18.0000 11.2900 54 91 164
-22.3750 7.0000 2.9690 197 95 144
-3.1875 -2.0000 3.9120 134 228 97
0.2500 10.0000 5.9180 158 174 158
-21.2500 -19.5000 16.8940 24 42 124
-0.5000 -18.5000 12.7560 49 74 109
16.8125 11.0000 7.4760 80 150 90
11.8125 -13.0000 9.1990 18 193 91
-9.8750 -3.0000 3.1020 194 89 146
-12.5625 1.0000 3.0330 200 81 137
8.6250 -18.0000 2.4850 147 180 105
-20.9375 -12.0000 3.3800 205 102 88
-5.0000 -2.0000 3.0500 197 72 139
19.3125 24.0000 16.7080 11 145 56
20.2500 -23.5000 3.5480 164 236 40
-5.3125 24.0000 9.9910 79 84 60
6.8750 6.0000 6.2230 140 173 155
23.1250 19.5000 5.7750 66 235 163
4.6875 8.5000 6.1470 149 178 158
7.9375 -11.5000 10.7570 31 172 60
4.9375 -2.0000 13.5210 20 83 108
5.9375 5.5000 6.1340 142 171 160
21.9375 -3.0000 6.5640 95 232 143
4.0000 -18.0000 17.6880 65 76 63
-0.0625 -13.0000 16.0870 35 53 88
-23.8125 -16.5000 5.8930 82 141 230
-4.5000 -3.5000 3.0720 192 101 134
-14.5000 -14.5000 3.3230 208 84 113
0.9375 -17.5000 15.4780 57 62 91
-11.3125 12.0000 10.1690 66 85 94
-24.0000 22.0000 5.1360 177 168 133
4.8125 12.5000 6.0270 170 135 174
-14.6875 5.5000 7.0190 36 149 216
6.5625 19.5000 11.5310 46 69 100
14.1250 1.0000 6.5570 109 211 166
6.6875 -12.5000 6.9420 59 177 130
-21.9375 -1.5000 3.1300 207 87 142
-12.4375 15.5000 5.6430 157 171 139
3.1250 -15.5000 18.7400 51 55 64
-10.6250 -2.0000 3.0810 196 87 141
2.8125 -11.0000 15.1170 27 70 78
2.3750 -12.5000 15.3160 24 89 60
-3.8125 3.0000 18.0420 48 62 83
-6.6875 -15.0000 14.1720 39 46 155
18.6250 -0.5000 6.5690 111 228 151
-11.8750 10.5000 9.0720 41 107 126
-15.6250 10.5000 6.3000 56 162 196
4.7500 -13.5000 14.3350 26 109 51
-11.6250 14.0000 5.4640 144 189 163
-16.8750 23.0000 5.3310 190 160 144
-3.3750 23.5000 11.2540 78 79 59
8.6875 -16.5000 7.5950 39 170 114
1.3750 -4.5000 9.1260 15 122 186
24.4375 -23.0000 3.8480 135 247 52
-9.3125 -6.0000 3.1190 195 85 147
-21.3750 14.5000 7.7160 64 142 128
-14.8125 6.5000 7.5070 34 149 194
8.6875 -18.5000 0.7990 163 82 7
8.0000 22.0000 8.2940 62 79 151
-7.5000 -1.0000 3.0340 196 84 149
4.6250 -21.5000 7.6050 92 144 146
9.9375 20.0000 7.6660 62 107 146
22.1875 13.5000 11.4640 16 169 95
-19.7500 -18.5000 6.6820 65 119 228
15.4375 23.5000 14.9260 17 128 68
-4.6250 21.5000 10.4690 87 93 38
-20.6875 8.0000 3.0450 202 103 125
18.0000 18.5000 11.5290 14 166 91
2.5625 24.0000 3.7540 190 161 22
-15.8125 9.5000 5.1580 89 223 199
11.5625 0.0000 2.3430 186 178 103
-24.0000 5.5000 2.9750 176 109 152
22.9375 9.5000 12.0100 43 145 60
20.1875 15.0000 3.8220 147 254 0
16.7500 -21.5000 2.6600 137 221 85
1.2500 -22.0000 6.8940 91 146 177
-23.0000 17.0000 6.9770 95 136 130
-5.6875 -6.0000 3.0800 191 97 137
6.1875 2.0000 11.7290 44 103 57
10.2500 13.5000 9.4310 74 98 86
23.2500 5.0000 19.0130 76 100 52
-15.4375 4.5000 2.9920 199 77 133
-24.6875 9.5000 3.2600 204 125 113
-17.1875 -17.0000 3.4410 193 107 80
19.8125 25.0000 17.5270 20 155 71
18.4375 -15.5000 7.9260 22 194 131
8.6875 -17.0000 7.6860 34 182 117
18.1250 -19.0000 4.3760 103 254 107
-19.6250 4.0000 2.9830 179 95 154
-20.6250 -16.0000 3.3330 213 96 69
0.1250 9.0000 5.9780 148 163 172
-20.8750 -1.5000 3.0700 200 84 152
3.0625 -19.0000 5.6200 128 202 174
-22.6875 -4.5000 3.2520 204 91 121
23.8125 -19.5000 3.4060 174 197 36
25.0000 19.0000 10.8170 37 156 86
21.8750 -19.5000 2.9440 169 158 102
23.1875 17.0000 13.7990 13 150 67
23.8750 -19.5000 3.5050 164 219 31
3.6875 13.5000 5.9870 158 162 176
-10.2500 5.5000 4.1030 135 223 124
-23.7500 -15.5000 3.3490 202 89 83
-4.0625 10.0000 5.7330 157 157 164
22.3125 24.0000 8.6670 25 190 101
-12.0625 -21.5000 3.5710 204 170 83
-9.6250 17.0000 5.6330 169 158 164
24.3750 -2.0000 6.5130 131 225 128
-17.0000 -22.5000 13.8780 34 55 133
-12.6250 -18.5000 3.2550 222 81 139
25.1250 1.0000 13.1430 87 138 52
-19.5000 -19.5000 16.2040 31 35 136
11.5625 20.0000 5.6750 97 176 181
1.6875 20.5000 11.6080 66 94 69
-8.5625 -5.5000 3.1280 194 85 145
16.4375 0.5000 6.5740 119 214 143
0.9375 10.0000 6.0060 156 171 156
0.3750 -13.0000 15.8370 34 55 85
-1.9375 -17.0000 16.5390 40 61 109
22.2500 -6.5000 2.9780 198 206 95
11.3125 1.0000 7.1560 68 170 134
-20.6250 -13.5000 3.3720 203 101 85
9.5000 9.0000 6.2210 158 163 189
8.8750 -6.0000 5.4290 80 237 149
-16.1875 12.5000 6.4490 59 154 165
25.0625 22.0000 0.1080 141 119 11
-10.2500 -11.5000 3.2410 209 106 127
25.0625 8.0000 20.7500 75 110 28
8.5625 -13.0000 10.6140 25 168 69
10.0000 -4.0000 2.9440 186 125 34
-2.0625 -7.5000 3.1160 200 84 97
-2.4375 -20.5000 3.8410 175 192 87
21.1875 -9.5000 2.3840 153 195 134
12.3125 -16.5000 7.1880 43 214 115
23.8125 -10.0000 2.6940 159 199 103
-20.4375 11.0000 2.9750 202 90 132
-15.0625 0.0000 3.0210 195 89 153
3.0625 25.5000 3.6030 202 137 21
25.0000 2.5000 6.6230 144 197 151
-3.5000 2.5000 18.0640 39 57 86
-3.8125 -13.5000 16.2000 36 37 115
-2.7500 -8.5000 3.0370 202 68 113
-18.1875 -4.0000 3.1690 207 91 133
22.8750 1.0000 6.5600 131 220 193
7.5625 5.5000 6.2930 135 170 150
-3.2500 0.5000 6.8060 56 141 188
12.0000 24.0000 4.8260 130 222 162
-2.2500 20.5000 10.5220 81 95 38
-2.1875 5.5000 17.9870 57 39 58
10.1875 -24.5000 4.5400 110 254 88
-18.5000 -18.0000 3.3940 212 99 71
-7.4375 1.0000 2.9850 189 72 119
9.0000 -5.0000 3.9190 143 254 19
-19.0000 14.0000 8.0820 42 121 149
-6.1875 -8.0000 3.1010 195 96 129
-22.8750 10.5000 3.0250 213 89 132
-8.0000 10.0000 7.7460 60 127 103
9.5625 -23.5000 2.6360 157 185 70
-7.5000 -14.0000 3.0770 206 54 122
-3.0000 7.5000 15.7920 63 42 46
16.4375 -19.5000 6.4620 36 249 127
-15.8125 -11.0000 3.3000 202 92 104
-19.7500 -15.5000 6.5940 58 124 238
7.8750 -21.5000 3.3530 201 168 8
8.1875 -18.5000 20.3280 38 112 35
-12.1875 6.5000 2.9050 179 72 112
-11.8750 -19.0000 3.3140 224 95 127
14.0625 12.5000 9.7390 83 144 67
2.5625 -23.5000 7.3870 95 129 154
-19.5000 11.5000 3.0920 200 88 90
-7.5625 14.5000 5.7360 152 178 146
0.5000 25.0000 8.4100 78 114 91
-22.5000 -15.0000 3.3020 214 78 84
-4.8750 9.5000 6.0650 123 138 157
11.0625 -9.0000 8.1870 36 209 77
17.5625 12.5000 8.7410 46 183 92
-3.3750 -20.5000 3.4450 222 123 82
22.0625 6.0000 6.6230 141 207 156
-14.0625 6.5000 6.4970 56 139 202
-3.4375 4.5000 19.1640 61 31 56
-16.5625 9.5000 7.4570 37 159 179
-20.2500 -15.5000 3.4220 202 115 65
5.8125 -4.5000 12.9520 11 103 120
-15.5000 9.0000 5.2240 82 202 222
22.5625 5.0000 6.6760 131 205 152
0.6250 21.0000 12.4230 72 53 71
-18.0625 -19.5000 15.6600 31 22 133
-2.6875 16.5000 7.0830 115 128 144
19.6250 22.0000 7.8740 21 194 127
-21.3750 -22.5000 18.7260 32 33 119
20.6875 -22.5000 3.3960 183 214 39
5.8125 -11.5000 13.0030 24 127 63
-24.0625 11.5000 3.1840 208 112 111
-11.5000 0.0000 3.0280 193 93 148
17.1250 5.0000 6.4020 135 243 176
3.8750 -21.0000 21.9820 58 25 89
-14.3125 1.0000 3.0280 193 75 145
3.0625 -24.0000 7.2580 107 142 146
8.2500 24.5000 3.5720 205 127 40
15.5625 -15.5000 5.2480 77 254 160
-0.4375 -17.0000 14.5760 33 77 100
6.3125 -21.5000 8.3020 53 169 124
-17.0000 25.5000 5.3860 187 149 135
-5.0000 21.0000 9.0690 83 102 66
-5.1250 -5.0000 3.0840 190 85 127
-19.5000 -16.0000 6.6570 56 122 238
-5.0625 25.0000 4.8780 156 197 90
18.0625 12.5000 8.4430 46 188 91
-19.3750 -16.0000 3.4200 198 107 81
6.8125 8.5000 6.2000 154 171 163
2.5000 6.5000 12.2450 78 77 62
-23.8750 24.5000 5.1910 203 142 113
19.7500 -16.5000 6.4730 35 230 142
-4.7500 14.0000 5.8750 155 173 160
7.4375 -18.0000 18.4200 48 88 40
-3.0625 -18.5000 15.7700 45 50 124
-21.0000 -0.5000 3.1020 202 89 150
18.7500 6.0000 6.5240 145 235 179
21.3125 18.0000 16.4780 11 139 72
13.6875 23.0000 11.6670 36 92 102
-4.3750 5.0000 18.2500 52 51 56
-12.1875 7.5000 4.8220 91 234 197
8.5000 18.5000 10.4230 43 84 119
-5.3125 -15.5000 15.3580 41 49 136
2.7500 -16.5000 16.2050 48 76 66
-7.5625 3.5000 3.4830 193 163 47
-1.8750 21.0000 11.7890 87 68 43
19.6250 -24.0000 3.6920 146 243 47
9.8750 1.5000 7.4330 51 175 113
21.5000 -1.0000 6.4830 116 241 177
-16.3125 11.5000 6.4210 57 159 191
5.6875 17.0000 12.0640 64 74 59
8.3125 -4.5000 3.3600 193 167 0
-19.0625 17.0000 5.9220 108 160 161
17.6250 1.0000 6.4350 137 223 155
23.0000 16.0000 0.3050 156 98 7
23.3750 24.0000 5.0670 87 246 153
11.5625 -4.5000 1.9610 152 198 63
-21.7500 -7.0000 3.2850 208 86 102
-11.1250 -17.0000 3.2350 216 70 128
-11.6875 -12.5000 3.2600 216 97 125
-17.1250 4.0000 2.9680 183 78 147
-4.5000 -8.5000 3.0810 203 90 121
2.7500 6.0000 5.8070 146 174 153
19.0625 -21.5000 3.1370 185 187 71
7.0625 2.0000 5.1520 135 229 130
17.3750 20.5000 15.8860 9 143 69
20.2500 -12.5000 2.7320 141 227 104
-6.4375 -19.0000 6.5360 87 135 249
-23.8125 -20.5000 6.4640 67 140 204
-19.6250 -21.0000 16.7150 32 33 145
-17.8125 -18.0000 3.4320 208 110 69
14.3750 2.0000 6.4010 130 227 164
-18.4375 -21.0000 16.1050 26 38 136
2.0000 1.5000 19.0640 44 51 69
22.9375 -23.0000 3.6590 157 248 38
18.1250 13.5000 7.8000 39 186 114
3.5000 2.0000 17.3180 52 49 51
-6.2500 14.0000 5.7950 154 183 170
22.1875 -22.5000 3.5980 166 247 37
9.1250 -13.5000 2.4840 158 136 78
18.6875 18.5000 7.4080 30 214 143
-22.8750 22.5000 5.1070 192 171 125
-6.5000 15.0000 5.6890 169 176 156
-21.4375 -20.0000 20.6420 41 18 118
-20.1250 -13.5000 3.3710 196 93 91
1.5625 2.5000 16.9830 60 50 43
-3.6250 18.0000 9.8320 102 90 42
9.6875 14.5000 10.3480 67 115 81
-13.0625 21.0000 5.4070 190 164 151
8.3750 -17.5000 1.3130 162 97 31
-13.9375 14.0000 5.1750 147 216 145
19.8125 -8.0000 2.2350 160 254 82
6.4375 -3.5000 9.7310 17 129 139
-16.4375 -4.5000 3.1920 202 93 133
23.0000 12.5000 0.4790 151 118 40
9.0625 -2.0000 4.1250 145 254 49
16.0000 -15.0000 6.2540 49 239 145
4.4375 -20.5000 21.8950 67 45 64
-11.9375 13.5000 5.4070 141 191 165
-8.1875 20.0000 5.3880 182 157 160
20.9375 19.5000 2.8650 178 151 94
4.8750 -3.5000 14.4580 14 83 129
-19.3125 25.0000 5.1110 198 161 133
-5.2500 13.0000 5.8230 154 180 157
19.9375 1.5000 6.5250 140 189 179
-0.3750 -12.5000 15.6820 36 55 91
15.4375 17.5000 10.0490 28 177 78
0.8750 -5.0000 7.3540 29 140 212
-7.1875 0.5000 3.0310 192 88 128
21.6875 0.0000 6.4710 120 241 182
-23.6250 4.5000 2.9400 170 101 171
6.9375 -15.0000 20.5880 33 96 50
0.3125 4.0000 10.3040 73 101 82
-5.0625 10.0000 5.3830 158 188 155
1.7500 17.5000 10.7160 73 121 47
-17.6250 -19.5000 16.5140 33 19 131
-7.3125 4.5000 15.2190 43 52 97
-1.7500 -10.5000 16.5950 28 51 109
0.0625 6.5000 10.0920 76 87 82
5.8750 5.5000 6.0950 143 170 162
3.8750 2.5000 17.4470 53 51 48
-10.4375 -16.0000 3.2410 219 78 114
25.0625 15.5000 11.3500 36 158 72
24.6250 -8.5000 3.4360 194 225 17
-17.9375 18.0000 5.2130 163 178 126
7.8125 3.0000 5.7700 135 193 134
23.8125 17.0000 12.8340 20 155 74
-21.9375 -20.5000 20.1480 32 26 127
21.8125 4.5000 6.6030 144 213 171
-12.5000 7.5000 3.0220 196 87 96
1.6250 -24.0000 6.6210 105 142 170
22.1250 25.5000 7.9030 38 181 120
-20.3125 -9.0000 3.2700 203 84 117
-10.2500 -3.0000 3.0940 191 103 146
-19.2500 -23.0000 14.4370 34 56 136
-18.3750 0.5000 3.0460 191 88 155
-9.0000 1.0000 3.0680 209 87 114
6.0625 -14.0000 20.3170 36 95 38
-5.6250 -6.0000 3.0660 190 95 140
13.6250 3.0000 6.3780 130 203 137
10.5625 19.5000 3.6170 197 149 16
8.8125 6.5000 6.1920 146 193 176
19.8750 13.0000 12.6110 18 158 75
-15.7500 16.0000 5.3270 153 181 146
-7.6250 -10.5000 3.1680 202 74 113
-10.6875 22.0000 5.4020 186 163 140
21.1875 24.5000 9.2900 27 192 88
-15.0625 -7.5000 3.2320 205 95 119
17.1250 24.5000 9.4320 31 198 85
17.6250 18.5000 14.2870 11 155 71
6.4375 -17.0000 21.1320 44 93 41
22.7500 0.0000 6.5500 115 233 180
-7.8750 23.0000 5.3120 168 193 125
-14.6250 -5.5000 3.1710 202 85 137
19.1250 12.5000 5.7910 72 231 141
16.6875 12.5000 7.8820 70 168 99
-8.0625 1.5000 3.0410 203 88 115
-2.1250 12.5000 5.8660 167 158 162
9.3750 4.0000 6.3090 129 189 180
0.3750 8.0000 5.8890 146 165 174
22.5625 -3.5000 6.6350 86 235 143
5.3750 -6.0000 15.5710 29 68 84
6.6250 -8.0000 16.9130 24 76 71
-0.8125 0.0000 4.1840 153 235 95
-1.3750 4.5000 19.9060 70 49 45
-19.5625 23.5000 5.2800 194 156 154
-17.5000 20.0000 5.3490 175 168 134
8.1250 -10.0000 11.2710 24 130 68
24.1250 -15.0000 2.4030 137 146 109
-21.5000 -0.5000 3.0850 204 85 154
-21.2500 7.5000 2.9360 195 94 149
4.7500 -7.0000 16.5130 24 68 96
5.8750 -21.5000 21.8040 41 62 61
-16.0000 17.0000 5.3490 159 179 148
19.1250 20.0000 6.8580 38 223 149
-23.2500 23.0000 5.1490 194 164 124
-16.4375 -18.5000 3.4300 209 116 99
-18.0000 -17.5000 3.5070 197 137 73
16.3750 21.0000 14.8370 14 137 70
10.3750 -6.0000 3.2690 191 189 0
20.8125 21.0000 7.7410 38 204 131
0.7500 10.0000 5.9770 156 172 157
4.5625 -1.5000 13.3300 31 80 100
6.5625 2.0000 11.5910 44 105 57
15.1875 7.5000 6.3820 146 208 145
3.5625 -18.5000 4.0340 186 229 49
22.0000 23.0000 7.5650 28 190 146
-13.5625 -10.5000 3.2630 200 85 109
11.1875 5.5000 7.4290 128 158 147
-13.4375 -5.0000 3.1460 194 104 152
11.3125 15.5000 10.2960 65 108 96
11.1250 -16.5000 6.0750 76 243 116
-15.8125 13.5000 6.3100 73 149 152
24.8750 -22.5000 3.4720 157 205 35
7.2500 -15.0000 19.5060 32 104 40
0.3750 10.0000 5.9760 156 173 159
5.8750 2.5000 12.2550 42 93 55
1.6875 7.0000 9.4130 92 86 81
-12.5625 3.0000 3.0120 197 77 148
6.1250 9.0000 6.1980 157 167 164
7.6250 -5.5000 14.9860 20 81 77
-19.6875 0.0000 3.0680 189 100 154
6.8125 -6.0000 14.3890 22 69 85
4.1875 -10.5000 14.7310 30 74 74
5.5000 -16.5000 19.0960 43 103 40
-14.8750 -7.5000 3.2730 203 103 113
19.0625 15.5000 17.2270 14 137 58
6.5625 19.0000 7.3910 60 132 160
-14.8750 9.5000 6.3050 62 145 194
24.2500 -17.0000 3.3810 172 196 26
24.6250 22.5000 0.1790 135 102 33
-16.5000 -3.0000 3.1000 191 102 153
16.9375 -16.5000 8.0950 32 203 90
24.8750 -3.5000 6.5230 132 231 110
21.2500 13.0000 13.8270 17 163 78
-7.0625 14.0000 5.6720 159 186 166
15.6875 25.0000 8.0780 43 172 115
-23.8750 11.0000 3.0320 200 93 138
6.8125 -4.0000 6.0300 62 186 194
-24.4375 -14.5000 7.9940 55 95 208
-19.6875 4.0000 3.0090 181 97 150
-3.1250 -19.5000 15.7780 49 51 124
-2.0625 24.0000 10.5550 77 89 62
5.0625 -0.5000 12.6010 25 107 92
-0.4375 -16.5000 14.3950 39 72 87
20.9375 2.5000 6.5670 136 214 201
20.2500 -7.5000 1.9830 154 254 85
-1.8750 -8.5000 14.0240 33 62 132
-16.1250 -20.5000 3.3410 216 90 108
-21.3125 -4.0000 3.2350 207 95 122
10.5625 7.5000 6.3230 151 162 182
20.3750 22.5000 8.3540 23 197 98
-7.6250 -7.5000 3.1500 197 86 128
-6.0625 -18.5000 13.4770 40 62 152
2.5000 -11.0000 11.5170 21 114 102
-9.6250 -14.0000 3.2080 215 97 125
-10.3750 -24.5000 3.6770 179 165 92
-19.0000 6.5000 2.9360 181 98 144
7.1250 -9.0000 15.1540 19 106 48
19.6875 -8.0000 1.9020 158 254 61
-4.7500 -18.0000 14.6700 48 49 133
-6.6250 -24.5000 5.4920 111 153 231
-16.1250 -23.5000 11.7310 46 62 137
-17.5625 -19.0000 14.0400 26 34 145
-18.3750 -16.5000 3.4280 200 109 73
-21.8125 -19.5000 20.8840 34 12 116
-12.5625 -11.5000 3.2070 212 82 143
22.3750 19.0000 9.4960 16 179 118
-2.8125 -10.0000 14.1520 22 56 137
-3.3125 24.0000 10.7490 77 85 65
-10.4375 -16.0000 3.2140 219 74 118
-2.3750 1.0000 14.6100 44 73 79
-1.3125 6.0000 10.9310 70 95 81
2.0625 21.5000 9.5130 55 106 98
4.2500 -5.5000 6.6650 44 160 192
22.1875 -19.0000 3.2880 194 184 38
-6.1250 16.0000 5.6980 168 154 164
-0.5000 -15.5000 14.8740 34 68 85
9.6250 -2.0000 12.8190 17 137 65
-18.5000 -6.5000 3.2440 206 88 119
8.0625 -13.0000 17.5360 18 109 47
25.1875 9.0000 18.6850 62 109 34
19.6250 14.0000 8.8860 31 195 94
-6.6250 18.0000 5.5480 170 168 144
13.4375 3.5000 6.3660 143 191 146
4.0000 -12.0000 13.3230 16 112 68
13.8750 -2.0000 0.8880 185 133 7
-1.1250 19.0000 12.3250 72 73 49
-2.8125 20.5000 11.4790 81 83 37
-7.8125 6.5000 6.4130 82 137 164
9.8750 -10.5000 2.7730 174 170 66
23.1250 -8.0000 2.6270 173 185 108
-2.1250 10.0000 5.9070 148 163 157
-23.9375 23.5000 5.1070 201 155 115
-6.1250 22.5000 9.3480 70 101 77
19.8125 5.0000 6.4830 145 236 178
16.8750 0.0000 6.5370 124 216 137
-16.4375 -20.0000 3.3720 215 106 110
-23.2500 21.5000 5.2320 167 173 139
20.3125 -6.5000 1.7620 159 242 61
-3.7500 24.0000 10.1130 76 102 67
1.0000 25.0000 3.9670 171 168 30
-1.6250 4.0000 19.6230 70 50 42
19.6250 20.0000 14.9760 7 145 67
-6.0000 3.5000 14.4810 29 79 107
3.3125 -18.0000 3.9220 192 219 31
-0.0625 -13.0000 15.8230 35 55 88
10.2500 -24.5000 2.3410 148 165 54
11.8125 -13.0000 8.0500 23 202 100
9.0000 25.5000 5.2810 115 148 176
18.8750 16.5000 16.8540 7 136 62
8.2500 -9.5000 13.7320 18 147 47
-17.4375 23.0000 5.2970 193 161 148
-18.0000 -18.0000 3.4560 206 119 69
-11.5000 -16.0000 3.3060 217 99 119
-2.4375 15.0000 5.7920 162 148 173
18.9375 16.0000 16.6320 9 138 60
-23.1250 -1.5000 3.1500 201 87 144
-10.6875 -6.5000 3.0820 199 87 147
1.7500 0.0000 16.6290 33 74 88
-21.6250 -10.5000 3.3590 209 97 89
21.3125 -17.0000 2.8700 167 173 123
-15.4375 8.5000 5.0240 85 220 221
-14.0625 -9.0000 3.2070 202 91 129
13.1250 0.5000 1.2920 206 145 16
22.8750 -3.5000 6.5650 92 236 140
12.8125 12.0000 9.7280 88 127 66
7.6875 -2.5000 3.3270 191 139 35
-1.0625 -17.0000 16.3950 38 68 97
-14.1875 23.5000 5.3600 191 148 151
8.5625 25.0000 5.2670 114 152 180
-18.2500 16.5000 7.7080 67 134 116
-8.9375 -15.5000 3.1490 222 67 119
-21.5000 12.0000 3.0210 206 90 128
-19.7500 -15.0000 3.3520 199 86 96
0.8125 18.5000 11.3190 67 94 53
16.2500 -20.5000 2.4340 127 239 92
4.3750 -2.5000 12.8290 28 82 113
-22.0625 -3.0000 3.1990 202 89 138
-23.4375 5.0000 2.9930 177 96 147
12.1875 25.0000 10.6790 64 87 118
-15.3125 2.5000 3.0040 199 78 157
6.0625 4.0000 5.5390 147 191 163
24.8125 -5.5000 6.5320 100 220 129
-12.7500 -7.5000 3.2090 206 99 129
21.1250 -18.0000 2.3780 132 159 130
-0.6250 18.5000 10.4250 73 98 62
-1.0000 24.5000 4.4100 161 203 73
24.0000 6.5000 17.2660 67 95 20
-7.3750 24.5000 5.0700 165 204 117
18.9375 -21.5000 3.2100 188 195 59
-23.8125 -9.0000 3.3870 192 103 108
-11.0625 3.0000 3.0330 198 75 124
-12.6875 0.0000 3.0490 198 91 148
22.0000 -7.0000 2.9030 192 209 101
-24.1250 -15.5000 7.5870 60 101 205
1.2500 16.5000 10.9410 75 102 47
-18.7500 7.5000 2.9130 187 87 134
-23.3750 -11.5000 3.3970 198 104 101
24.5625 18.5000 11.2380 32 151 83
24.7500 -5.0000 6.6890 97 217 124
-16.2500 8.0000 2.8230 179 83 154
-12.6250 21.5000 5.3470 183 172 149
-7.5625 -6.5000 5.4250 77 200 248
-18.2500 8.5000 2.9080 185 90 136
14.6875 12.0000 11.5000 59 152 46
15.8750 -18.0000 7.3780 30 225 96
24.8125 -17.5000 3.4280 168 204 22
-2.0625 17.5000 8.3520 101 114 105
-4.3750 6.0000 15.7180 53 60 60
-12.6875 18.0000 5.5020 182 168 153
-15.6250 8.0000 10.6660 6 107 161
-16.5625 -9.5000 3.2960 200 90 112
22.6250 0.5000 6.5410 122 230 185
-3.9375 3.5000 18.2030 48 59 82
0.8125 -19.5000 4.0130 186 219 81
-15.2500 -6.0000 3.1950 202 90 134
-14.3750 5.0000 2.9790 193 81 133
10.1250 -0.5000 11.2590 20 141 64
1.8750 5.5000 14.6370 74 72 53
-16.3125 -23.0000 6.6510 66 132 223
-24.6250 -17.5000 6.4410 64 130 218
-4.7500 -19.0000 11.9720 53 68 154
8.7500 -15.5000 16.9010 28 131 37
-8.1250 6.0000 6.5000 77 138 167
-0.1875 -17.0000 14.5860 32 77 99
-21.4375 -16.0000 3.2060 220 64 90
20.5000 16.0000 7.3090 50 176 142
-18.3750 -1.0000 3.0810 204 86 143
11.5625 7.0000 6.3400 163 179 185
-4.6875 11.5000 5.7640 152 188 156
22.2500 10.0000 11.8300 25 157 75
-9.0000 -11.0000 3.2160 206 93 124
17.3750 23.5000 14.9260 23 143 42
6.4375 22.5000 3.6700 199 152 23
13.7500 9.0000 9.3530 110 113 64
1.3125 23.5000 9.8780 64 107 85
8.1250 -0.5000 14.5660 30 126 56
-10.6250 -22.0000 3.4840 213 133 100
6.7500 -2.5000 13.9810 12 90 116
22.0625 -0.5000 6.5470 112 236 181
0.4375 5.5000 12.0980 67 76 62
6.0625 -5.0000 12.7220 12 108 118
17.8125 19.0000 14.3460 14 152 76
-22.0000 -20.0000 16.8170 27 47 132
23.0625 4.5000 16.3190 70 88 44
-4.2500 22.0000 10.4670 72 74 49
19.4375 -21.0000 2.8900 172 168 97
-17.7500 24.5000 5.1650 194 158 137
-19.1875 -17.0000 6.2770 66 133 239
-11.0000 -9.5000 3.2500 203 99 116
18.8750 -11.0000 2.1280 150 254 84
-7.6250 10.0000 7.9680 71 114 99
11.0000 19.5000 7.7650 64 104 133
-15.7500 -17.0000 3.4830 199 118 91
1.6875 -9.0000 4.9930 93 232 173
23.2500 1.0000 6.5260 127 227 181
3.9375 19.5000 11.4970 60 71 73
1.8750 21.0000 10.2170 55 93 94
24.9375 -17.0000 3.3760 171 194 25
19.4375 0.5000 6.4900 147 214 162
-5.3750 -8.0000 3.1230 195 102 120
21.3125 -2.5000 6.6270 98 229 160
-4.1250 -3.5000 3.0910 184 96 127
-15.3125 22.0000 5.3260 190 159 159
16.3750 2.5000 6.4310 131 232 169
-18.1250 5.0000 2.9260 186 86 144
20.5625 7.5000 7.4570 68 166 92
-14.9375 -23.5000 3.6380 179 169 82
1.6250 -13.0000 15.4630 38 60 79
-18.1250 23.0000 5.2930 192 164 155
10.5625 5.0000 6.2750 136 192 182
-5.3750 13.5000 5.8630 151 179 164
8.3750 19.0000 9.8710 46 77 105
23.3125 -11.5000 2.4020 139 174 128
-16.3750 -1.5000 3.0220 195 84 155
-9.1250 -15.5000 3.1680 223 69 115
7.9375 -19.5000 16.8320 39 136 25
-11.1875 -0.5000 3.0310 196 92 145
-16.3125 5.5000 12.3380 8 99 155
9.0000 -14.0000 10.3460 27 163 71
0.0625 -24.5000 7.0670 98 133 153
-6.3125 -9.5000 3.1540 213 84 113
-12.1875 1.0000 3.0010 198 79 140
-16.1875 -12.0000 3.2960 207 82 113
-24.6250 -7.5000 3.3740 185 104 120
-24.7500 -14.5000 8.1040 55 94 206
-10.9375 22.0000 5.3750 187 164 140
-23.6250 -16.5000 12.2280 29 74 154
-2.2500 -4.5000 3.2910 192 135 93
16.3125 -14.5000 5.6960 64 244 156
12.0625 23.5000 4.8540 127 229 169
15.1250 11.0000 9.8720 72 144 64
-11.9375 -10.0000 3.2470 209 95 115
23.8125 -7.5000 2.8330 181 186 81
12.0000 9.5000 6.3810 146 180 177
20.8125 15.5000 17.2170 14 127 73
-2.1250 -22.0000 3.8500 178 200 83
16.3125 12.0000 9.7200 70 150 59
-18.8750 -21.5000 3.3490 224 100 82
6.3750 -20.5000 17.4200 44 83 56
-2.3750 24.5000 9.4850 74 120 68
7.0625 -19.0000 22.2930 51 67 46
13.6875 -13.0000 7.8460 26 206 94
-7.4375 20.0000 5.5230 177 172 144
-19.0000 11.5000 5.2160 93 208 209
7.8125 -20.0000 11.4970 44 142 66
0.1875 20.0000 12.7060 65 73 54
-21.0000 14.5000 7.1090 70 147 151
-18.7500 -22.5000 14.8670 29 48 133
-0.9375 -2.5000 7.3990 43 130 206
-21.8750 17.0000 7.9760 79 133 111
17.4375 21.5000 10.2730 17 160 88
8.5000 -10.5000 11.3440 20 154 63
24.1250 21.0000 6.5420 59 206 137
6.5000 -2.5000 11.5350 15 113 118
-19.5000 -13.0000 3.3520 205 94 95
1.8750 19.0000 10.6280 58 91 53
18.2500 20.0000 10.1130 17 181 100
2.9375 -1.5000 6.2460 69 140 218
17.8125 -20.0000 4.2790 113 254 97
23.0625 -11.5000 1.9800 146 164 93
-1.6250 -24.0000 6.6650 84 140 193
3.2500 -21.0000 6.4960 108 164 189
17.3750 6.5000 6.4500 132 235 162
5.5000 -23.0000 7.5230 89 149 135
-11.8125 -10.5000 3.2560 208 97 113
1.6250 -2.0000 4.2620 123 210 143
4.9375 -8.0000 16.4500 33 71 82
20.5000 2.0000 6.5520 143 185 175
-14.1250 -1.5000 3.1150 199 88 143
-22.5625 -15.5000 3.2260 217 60 94
-14.0000 0.5000 3.0350 194 79 143
11.8125 0.5000 3.7440 204 250 0
11.3750 -5.0000 0.8100 144 103 27
-7.1875 -6.5000 3.1140 190 96 139
-15.0625 13.0000 11.0810 36 92 85
10.3125 1.5000 6.6260 89 193 135
-13.5000 7.5000 2.8980 177 66 124
-20.6250 5.5000 2.9870 182 97 138
1.8750 8.5000 5.9750 148 185 154
15.4375 9.5000 8.8890 82 132 53
8.8750 1.5000 7.8010 51 161 97
16.0000 -18.0000 7.3310 31 227 96
-8.0000 2.5000 3.1020 205 94 104
-11.5625 10.0000 12.0550 35 87 93
16.7500 22.0000 14.3510 12 145 64
-17.4375 3.5000 2.9250 185 74 148
17.8750 -17.5000 7.7980 22 210 119
18.1250 3.5000 6.4650 134 234 193
23.6250 15.5000 5.7360 77 229 154
-5.1250 15.0000 5.7990 166 154 157
4.3125 -4.0000 13.9560 5 83 134
0.0000 24.5000 8.7510 68 118 92
-13.6250 -22.0000 4.9740 109 201 244
-14.9375 -5.0000 3.1760 201 96 131
-4.3750 -14.5000 16.1860 45 68 126
-3.1250 -16.0000 16.6420 32 61 118
-19.8125 25.0000 5.1960 194 159 137
9.7500 17.5000 10.3770 45 94 117
13.3125 -14.0000 8.3040 33 195 87
24.7500 -8.0000 4.4970 126 254 110
9.1875 -7.0000 11.5480 7 152 64
-12.2500 18.5000 5.5390 181 148 152
19.5000 24.0000 9.3280 26 193 79
-12.1875 -16.5000 3.3580 215 110 113
-20.0000 13.0000 5.4170 101 195 183
-19.9375 -19.5000 3.3670 209 92 68
11.1875 -15.0000 7.9990 42 193 89
-6.1875 -21.0000 5.8630 97 139 254
22.7500 19.0000 9.9150 16 170 112
-1.0000 -11.5000 15.2290 40 52 95
4.3750 17.5000 12.8380 79 81 43
8.2500 -19.5000 18.8050 32 125 27
-5.5000 16.0000 5.7020 168 153 159
-14.0625 24.5000 5.4330 182 155 133
20.1875 -13.5000 2.8520 161 172 95
-8.2500 12.5000 5.6950 141 158 141
-8.1250 -16.0000 3.1500 218 69 116
20.1250 -18.0000 4.7770 86 254 136
23.1250 18.5000 9.9360 27 167 104
-0.3125 -21.5000 3.9610 188 215 71
8.3125 -12.5000 15.5050 23 132 44
-14.5000 24.0000 5.4460 182 155 139
8.9375 -12.5000 14.8540 19 133 46
-18.7500 10.0000 4.8210 103 237 197
-23.1875 5.0000 2.9220 173 94 157
4.8125 5.5000 6.0980 136 178 143
17.1875 -16.5000 7.4920 33 207 109
3.2500 2.5000 16.2430 54 45 54
-11.4375 -23.5000 3.7090 175 166 96
21.6875 -19.0000 2.7950 158 155 127
7.6875 -19.5000 11.2050 46 146 74
-19.5625 -15.5000 6.7710 56 117 235
7.8750 -21.5000 3.3350 201 165 9
21.9375 11.0000 12.3750 21 153 77
22.6875 22.0000 11.0400 8 164 87
-12.4375 4.5000 2.9610 197 65 127
20.3125 -6.0000 2.1890 163 216 102
-15.2500 24.0000 5.3800 191 146 156
-14.3750 -23.0000 4.0220 144 197 144
-0.8750 18.0000 9.4740 77 101 71
-10.7500 9.5000 6.2290 74 149 160
5.5625 1.0000 12.7380 38 95 64
19.1875 -14.5000 2.2410 150 164 91
7.3750 -11.0000 11.0420 33 133 72
13.5625 2.5000 6.2940 131 209 139
24.0000 18.0000 9.7610 31 166 97
4.8125 -13.5000 15.7150 32 91 42
19.5625 2.0000 6.4630 142 193 186
14.0625 16.0000 12.5770 34 126 60
-6.6250 -18.0000 6.9430 80 123 242
-9.7500 17.0000 5.5670 172 163 163
15.2500 10.0000 7.8460 84 138 77
-4.8750 -12.0000 13.6230 36 42 142
9.9375 20.5000 3.6450 193 151 26
-17.6250 -12.0000 3.3370 203 93 98
16.5625 25.5000 2.6820 152 179 98
-5.1875 -4.5000 3.0180 183 95 155
-2.4375 -3.0000 3.2520 188 127 106
21.3125 -7.0000 2.7790 176 222 112
-14.6250 -11.5000 3.2220 204 69 115
-21.4375 -19.5000 17.5620 25 37 121
-20.3750 -20.5000 20.3490 44 24 111
-10.1250 10.5000 7.8780 56 128 111
18.9375 4.5000 6.4640 142 238 186
-18.9375 -20.5000 19.0370 34 20 143
-6.9375 -5.0000 5.4950 83 186 254
-8.6875 24.0000 5.1830 175 197 123
-5.6250 14.0000 5.8390 153 180 169
15.1250 20.0000 16.4990 17 105 69
8.0625 -19.5000 9.5730 49 162 87
-19.6875 -20.5000 20.5110 41 16 139
-24.3125 -3.0000 3.2810 188 119 143
-22.9375 -17.5000 13.3000 23 64 138
-17.7500 -19.5000 14.0720 30 35 144
1.8750 3.5000 13.1960 65 82 74
19.7500 23.5000 8.9040 22 197 85
-24.0625 -6.0000 3.3350 190 108 122
-24.0625 17.5000 6.7860 104 142 127
-23.6250 -19.5000 4.0390 136 200 123
-5.3750 -14.0000 15.6710 42 51 132
5.5625 13.5000 6.1510 154 144 177
-3.7500 -17.0000 14.3100 40 62 132
16.5625 3.5000 6.4890 134 232 177
-7.5625 -13.0000 3.1940 210 50 88
7.6875 -2.5000 15.0230 22 86 70
9.6875 25.0000 9.0810 70 79 149
-18.3125 6.5000 2.9400 186 81 132
22.0625 16.0000 17.0690 11 125 63
-23.5000 -18.0000 6.0310 74 140 218
2.3125 -13.5000 14.3800 23 96 65
14.0000 24.5000 16.8700 45 88 75
-15.1875 12.5000 7.5460 59 128 119
2.2500 -24.5000 6.2400 118 154 166
-2.4375 -1.0000 4.8190 97 227 219
-1.0625 -19.5000 14.4720 52 56 112
17.3750 18.0000 14.0170 17 148 50
-4.3750 8.0000 4.9960 157 204 131
-14.9375 7.5000 7.5260 27 156 189
-1.2500 -19.5000 14.5560 52 55 113
8.8125 -21.0000 2.0090 153 166 74
-4.3125 -10.5000 14.4210 25 59 143
-10.8125 -0.5000 2.9950 199 92 139
-17.7500 6.5000 9.6500 23 115 174
20.6250 7.5000 13.6340 67 124 48
-23.1250 -4.0000 3.1930 202 83 136
0.3125 -23.0000 7.0870 85 141 175
21.7500 -17.5000 2.3640 134 155 128
-1.0625 -20.0000 12.2760 48 79 111
-19.8125 -0.5000 3.0950 196 85 148
19.8750 19.0000 17.0820 10 139 61
-8.8750 23.5000 7.1000 111 107 107
19.4375 19.5000 15.7090 5 144 66
-21.4375 -17.0000 6.0430 68 144 227
-23.2500 15.0000 6.9170 82 143 159
10.9375 -16.0000 8.2950 34 161 87
9.0000 -9.0000 13.0730 13 143 51
6.0625 -21.0000 15.8330 43 85 64
-0.3750 -18.5000 14.5440 50 66 102
-24.4375 5.0000 2.9770 171 109 152
18.8750 -2.0000 6.5650 107 228 135
8.8750 -5.0000 10.2090 24 161 96
-21.1875 19.5000 5.1830 149 199 145
-6.8750 13.5000 5.7530 153 183 164
3.9375 6.5000 12.4050 80 77 64
7.6875 -22.0000 7.7640 62 168 122
-13.8125 7.0000 7.2300 39 145 190
-4.5000 -20.5000 3.3860 225 103 91
5.1250 -1.0000 11.7600 27 116 99
2.3750 -21.0000 6.7060 109 159 184
9.2500 16.0000 10.0110 45 100 119
-18.8125 7.0000 2.9690 191 90 122
11.8125 -8.5000 2.4470 140 214 74
7.2500 23.5000 3.6570 196 146 33
-19.4375 6.5000 2.9590 182 100 143
12.1250 24.5000 11.2310 48 97 114
9.6250 6.0000 7.9260 94 135 141
-14.5625 22.0000 5.3460 190 156 154
-11.0625 6.0000 4.3120 124 219 142
11.8750 -14.5000 7.9330 37 196 94
21.3750 21.5000 9.0130 26 216 76
-23.1875 10.0000 3.0310 199 103 148
-14.9375 -5.0000 3.1550 201 93 134
21.1250 5.0000 6.5560 152 216 178
-21.2500 14.5000 7.4790 67 145 138
8.0000 -15.5000 12.7210 38 141 53
-2.3125 7.0000 5.0070 161 197 131
-7.5625 -19.5000 3.3770 225 104 105
-6.1250 -20.5000 6.0900 93 128 254
-5.3125 -9.0000 3.1520 206 91 113
-4.0000 7.0000 15.1150 56 54 60
21.3125 22.0000 9.1390 26 200 82
25.0000 -5.0000 7.0840 91 207 121
-23.7500 3.0000 3.0100 179 103 155
-22.8125 -11.5000 3.3330 203 97 101
0.9375 24.5000 7.4340 83 134 118
12.6250 3.0000 6.2670 135 206 145
22.2500 3.0000 6.4680 139 224 200
-19.1250 -11.5000 3.3630 200 97 98
8.1250 4.5000 6.2700 127 169 180
6.2500 5.5000 6.1680 140 173 159
-15.5625 16.0000 5.2030 160 188 143
1.5000 18.0000 10.9790 70 100 47
-21.2500 25.5000 5.2730 192 149 133
21.4375 -6.5000 2.8260 178 221 111
19.3750 25.0000 9.1580 34 194 81
-18.5625 -22.5000 16.4910 30 36 134
-20.3750 1.0000 3.0700 197 79 142
8.0625 -19.0000 20.3850 43 85 32
5.4375 0.5000 12.1590 37 106 71
6.6250 -20.5000 17.4510 43 84 55
11.5000 21.5000 5.9420 94 148 189
20.5000 15.0000 15.8980 25 129 46
-7.0000 9.0000 5.5580 127 165 165
7.2500 -5.0000 6.5380 58 163 160
-18.8750 13.0000 6.8390 52 141 167
21.1250 -5.0000 1.5240 165 159 84
-11.0625 16.5000 5.6020 166 172 140
-2.6875 -23.0000 6.0420 86 148 223
24.1875 7.5000 18.3210 76 107 27
21.5625 -15.5000 2.7450 160 157 120
3.5000 -20.5000 6.4700 110 163 186
1.1250 9.5000 6.0490 153 164 151
15.0000 4.0000 6.4200 134 234 181
-2.5000 4.5000 16.7150 50 41 68
-15.9375 -10.5000 3.2650 205 85 106
7.6875 23.5000 3.6510 202 145 34
7.0000 -6.5000 15.7740 22 69 70
12.5625 16.0000 13.1490 43 80 70
10.7500 -1.0000 4.5140 129 254 89
14.8125 -15.0000 5.2430 80 254 158
-23.1250 -23.5000 19.8830 49 40 120
-13.8750 -16.0000 3.3460 215 93 111
-19.5625 -20.5000 19.1670 38 24 136
9.1250 23.0000 3.6330 207 143 31
-0.6250 -6.5000 3.1530 199 73 95
-24.2500 22.5000 5.0880 184 165 127
4.5625 12.0000 6.0220 170 137 176
3.1875 23.0000 10.1110 55 82 105
22.1250 5.5000 15.0930 80 104 47
-18.1875 -24.0000 11.8950 49 78 144
-8.0625 -7.5000 3.9720 140 223 147
10.0000 11.5000 9.6890 105 118 103
-0.3750 21.5000 12.6820 72 67 39
5.9375 -2.5000 10.9670 22 124 117
-11.7500 17.5000 5.5750 172 174 149
-11.7500 -18.5000 3.2890 223 89 132
5.6250 -7.5000 15.7560 29 70 76
-17.9375 -17.0000 11.6150 36 56 172
15.6250 8.0000 6.4110 141 211 142
2.6875 -24.0000 7.0430 103 133 154
24.5000 -0.5000 6.5760 130 222 152
-14.2500 -23.0000 6.5060 78 118 233
7.6250 -9.0000 15.7240 19 109 45
-0.6875 5.5000 14.5130 64 61 50
2.6250 -2.0000 3.1590 197 78 97
-4.8125 24.5000 9.9540 75 113 64
9.2500 -11.0000 4.9500 93 254 130
-7.5000 -23.0000 3.8200 171 174 117
10.5625 -10.0000 8.4690 25 189 87
14.8750 -23.0000 1.0080 138 115 27
-11.8750 7.5000 2.9510 190 77 106
13.8750 21.0000 15.9570 38 75 68
-20.9375 -8.5000 3.3520 199 99 97
-5.1250 -20.5000 6.1890 91 123 253
-1.6250 -9.5000 15.7310 32 56 113
8.6250 -4.5000 11.9890 13 145 89
12.8750 17.5000 12.1110 45 92 80
2.2500 2.5000 18.0580 57 55 58
1.1250 24.0000 8.4970 69 127 108
-18.0000 -4.5000 3.2050 205 96 124
-16.8125 16.5000 5.7780 123 161 158
-24.5625 22.0000 5.1430 177 164 133
13.0625 -16.0000 7.5170 37 212 108
-9.5000 -4.0000 3.1290 201 92 136
5.5625 -6.5000 10.3000 25 124 119
-11.1875 23.5000 7.8760 118 120 99
9.6875 24.5000 8.9480 63 82 154
6.3750 2.0000 4.7620 139 243 112
3.2500 20.0000 11.4890 59 71 76
-23.8750 -8.0000 3.3690 191 101 111
-22.7500 22.5000 5.1690 188 170 129
-16.7500 -20.0000 3.3070 217 94 120
15.0625 17.0000 11.3860 24 152 66
15.3125 8.0000 6.5050 138 204 140
-9.3125 0.0000 3.0070 191 89 144
-16.5625 -8.5000 3.2280 196 94 132
-2.4375 -1.0000 4.5770 106 232 201
-21.0000 -17.0000 3.3520 206 98 78
-17.7500 12.0000 6.5720 61 129 182
12.0000 -12.5000 9.1040 17 192 92
-19.5625 11.5000 3.3940 191 152 44
10.8750 -3.0000 9.1370 26 206 90
16.9375 -22.0000 2.2900 130 235 88
10.3750 5.5000 6.3210 135 191 186
23.0625 9.0000 14.6140 42 126 50
22.7500 -8.0000 2.8280 183 188 88
7.8125 -17.5000 3.8180 161 243 0
0.6875 -15.0000 14.2180 35 74 83
7.8125 -7.5000 15.1190 20 96 51
-15.3125 5.5000 7.9460 23 137 203
11.5000 2.0000 6.3030 129 208 139
-8.5000 10.5000 6.9030 66 143 127
10.5000 -12.0000 5.1280 82 254 127
-18.3125 -18.5000 14.6610 24 25 147
-11.2500 4.5000 2.9690 191 74 118
-15.2500 -9.0000 3.2570 202 86 113
4.1250 7.5000 6.0980 148 173 162
12.6875 1.0000 5.9610 138 204 148
-10.6250 0.5000 3.0670 190 102 143
5.9375 22.0000 3.7500 190 159 31
-13.3125 6.0000 2.9150 185 77 141
-3.4375 -5.0000 3.0380 182 89 123
19.0000 -9.5000 2.0610 153 254 81
-10.5000 16.0000 5.6320 165 177 159
-12.8125 -11.5000 3.2220 211 84 142
-2.0625 -13.5000 17.8660 35 33 101
-6.1875 11.0000 5.5730 153 192 168
-24.3125 20.5000 6.8340 101 138 124
2.5625 -13.0000 15.3360 23 89 58
19.6875 -12.5000 2.6300 137 236 113
-17.3750 -16.5000 3.5090 186 128 82
-17.1250 0.0000 3.0510 197 95 145
9.3750 -9.5000 12.1850 9 151 53
-6.3750 -16.0000 14.1170 38 49 152
-15.1250 -12.0000 3.3020 209 87 107
-18.8125 0.5000 3.0270 189 98 158
-0.2500 25.5000 4.0340 180 180 20
14.8750 22.5000 15.5950 18 119 63
2.1875 -22.0000 6.6640 108 160 182
18.6250 20.0000 9.9710 17 182 100
20.8125 14.5000 12.8380 23 173 68
-16.0000 -20.0000 3.3480 219 104 113
-20.8125 -23.5000 16.4930 36 47 125
-18.1250 -19.0000 15.9920 28 21 134
13.2500 22.0000 13.9180 32 67 84
-17.9375 -2.5000 3.1240 205 80 144
4.8125 16.0000 12.1020 66 78 38
-0.7500 19.0000 12.2310 72 78 56
1.9375 5.5000 14.7300 74 71 53
0.3750 -18.0000 15.2830 52 61 94
16.1875 23.5000 15.0510 16 128 62
3.4375 -4.5000 9.0690 20 129 175
-16.2500 -6.0000 3.1720 199 83 142
3.1875 -4.0000 6.4640 46 148 228
-16.5625 24.5000 5.2850 192 156 137
-7.0625 -1.5000 2.9970 197 79 153
14.7500 15.5000 14.2480 42 108 52
-17.2500 -4.5000 3.1880 196 83 131
-20.6875 22.5000 5.2120 189 170 128
24.1250 -22.5000 3.9360 131 254 61
-13.0625 -7.5000 3.1410 204 88 141
-14.1250 8.5000 2.9950 193 85 99
24.2500 16.0000 9.7220 38 185 85
15.6875 16.5000 10.3980 24 173 75
-2.0000 -5.0000 3.3500 189 132 81
5.5000 -1.0000 12.2260 21 113 93
9.2500 -3.0000 2.2670 148 120 109
22.2500 -6.0000 2.8440 184 216 108
5.3125 14.0000 6.1400 153 143 174
6.8750 14.5000 10.4910 83 104 87
7.3750 1.0000 12.6680 47 89 52
-13.5625 -10.0000 3.2790 203 95 120
-6.0625 14.5000 5.7840 156 182 170
5.7500 -5.5000 14.0880 19 77 108
-12.3750 18.0000 5.5490 175 171 148
6.8125 -6.0000 14.5470 23 67 84
-0.1875 13.0000 5.9630 160 151 177
-24.1250 -16.5000 6.2950 69 129 224
17.8750 -23.5000 3.1150 162 200 62
-7.4375 9.0000 7.0720 72 131 129
-4.6875 25.0000 4.9150 154 199 94
-8.3750 1.5000 2.9450 200 77 135
19.8750 17.5000 4.1180 131 254 58
8.1875 25.0000 5.0490 116 164 178
8.3125 -0.5000 13.9180 25 124 60
6.6250 -13.0000 17.3490 23 108 41
-7.0625 -16.0000 3.1690 226 39 91
-13.1250 3.0000 3.0100 195 75 151
14.2500 -1.0000 0.8470 179 116 16
18.8125 -15.5000 7.9920 19 193 131
9.4375 13.5000 9.1660 73 99 94
-10.8125 5.5000 3.8150 160 218 85
-10.0625 -10.5000 3.2430 208 97 125
0.6250 -13.5000 16.6420 36 51 83
15.0000 18.5000 10.5650 27 146 98
3.6875 -13.5000 10.9460 28 124 96
17.0625 23.0000 4.9470 89 254 145
15.5000 3.0000 6.4170 133 229 171
-14.5000 9.0000 4.9050 97 206 195
-8.6875 -11.0000 3.2070 204 92 123
8.1250 16.5000 11.8180 53 78 88
-1.8750 18.0000 5.8850 140 165 139
-19.6875 1.5000 3.0290 189 84 144
2.8750 2.0000 16.8390 54 43 56
-0.0625 -5.0000 8.6070 18 130 195
-17.5000 22.5000 5.3410 190 159 148
4.3750 -12.0000 15.3510 27 91 51
-19.6875 -22.5000 14.9160 32 55 127
17.4375 14.0000 14.2800 23 147 28
-2.3750 1.5000 17.6130 40 60 76
-22.8750 18.0000 5.5030 132 180 147
-19.2500 -22.5000 18.3600 36 25 139
21.3125 23.0000 11.4550 7 161 88
-16.7500 -23.5000 12.5660 42 59 135
7.0000 24.0000 3.6740 191 145 39
1.8750 14.5000 9.3580 107 116 97
-13.2500 -20.0000 3.2840 222 88 119
14.8125 9.5000 6.4130 137 219 136
-2.2500 -20.5000 14.9870 44 42 136
11.3750 1.5000 6.1060 131 209 141
8.5000 6.5000 7.3670 103 153 146
13.7500 16.5000 13.8700 43 81 58
6.8125 25.0000 5.6730 114 119 186
-16.3750 25.5000 5.3300 190 149 131
22.1250 9.5000 14.3890 30 139 49
-0.1250 3.5000 18.1810 72 41 46
7.8125 -2.5000 15.2690 22 86 67
4.4375 -4.5000 13.1050 8 90 134
-23.8750 5.5000 2.9850 178 109 150
-5.3125 -21.0000 3.4190 224 108 87
22.1250 7.5000 8.5900 67 146 76
15.4375 24.0000 12.4220 9 154 81
-17.3750 9.0000 7.0430 45 145 196
-11.9375 0.0000 3.0270 195 92 149
12.5625 16.0000 12.9240 44 83 73
-10.1250 -6.0000 3.1510 194 88 145
3.7500 -0.5000 14.9400 23 59 104
22.7500 18.5000 9.8280 26 170 108
18.6250 -19.0000 2.3400 140 170 120
20.5625 -0.5000 6.4370 120 249 166
-9.3125 -23.0000 3.4580 224 131 109
-19.6250 -6.5000 3.2420 202 84 124
19.6250 -16.0000 6.8800 27 221 150
-17.1875 5.5000 4.6690 94 221 206
-11.0000 -11.0000 3.2420 204 90 123
-5.6875 2.0000 3.1090 213 93 80
-8.8125 1.0000 2.9380 200 75 135
-7.3125 6.0000 6.6870 76 132 160
-20.9375 3.0000 3.0200 189 94 143
6.2500 22.0000 3.7750 188 162 33
11.6875 -15.0000 7.9150 41 200 96
-17.9375 2.0000 2.9850 188 84 152
20.2500 16.5000 17.2360 14 138 56
-1.6875 9.5000 5.9060 153 157 150
2.1875 -5.0000 9.6960 25 117 169
23.8750 -19.0000 3.4060 177 200 30
-0.1250 -15.5000 14.8520 32 67 83
23.6875 12.0000 15.4310 22 130 55
12.5625 12.0000 10.4130 85 130 65
16.7500 15.0000 7.7370 54 176 101
7.1875 9.0000 6.1750 161 160 170
4.6250 3.5000 6.0160 139 143 147
0.1875 14.5000 5.8710 162 149 176
-21.7500 6.5000 2.9310 186 102 157
-24.6250 -1.5000 3.1960 183 110 160
-3.0000 0.5000 6.7600 54 134 212
2.0000 -3.0000 3.1180 190 79 107
11.1250 19.0000 3.5720 199 153 13
-7.3125 -24.0000 5.2700 115 168 236
-8.1250 13.5000 5.7130 146 160 154
-21.3750 9.5000 2.9130 204 78 149
23.3125 4.5000 19.3470 79 99 53
22.3750 2.5000 6.5100 134 224 203
12.8125 1.5000 6.5690 110 209 135
-13.3750 -3.0000 3.0290 187 97 161
-5.3125 -1.5000 3.0380 198 84 143
-24.1250 -12.5000 3.3780 192 93 110
20.6875 -1.0000 6.4400 121 241 174
8.5625 19.0000 10.1330 50 88 127
10.0625 22.5000 3.5650 218 131 21
-3.6250 6.5000 15.5900 59 53 49
-1.7500 6.5000 15.2500 57 45 41
17.8125 18.5000 7.8720 35 206 131
-11.6250 12.0000 10.3000 62 86 96
-12.3750 -13.0000 3.2580 219 93 125
9.4375 -11.5000 8.5650 24 181 94
-14.1875 -24.0000 5.5940 97 154 231
14.1875 8.0000 6.4130 158 188 156
3.3125 -13.0000 14.9960 20 90 56
-6.5625 -12.5000 8.2880 49 128 193
21.6250 21.0000 5.1380 82 254 146
-19.1875 -1.5000 3.1200 204 86 137
-7.2500 -2.0000 3.1120 188 109 159
-14.2500 -23.5000 4.3870 134 200 181
1.0625 -1.0000 11.5290 26 106 125
8.3125 -21.0000 2.8450 166 160 74
1.4375 -16.0000 13.3530 44 88 90
-2.4375 2.5000 19.7270 39 49 87
10.2500 -6.0000 9.1290 16 193 88
-10.7500 -4.0000 3.1520 195 94 135
5.1250 -19.5000 5.2900 139 221 154
2.1250 5.0000 15.5650 78 51 55
-20.6250 -23.5000 16.6910 35 44 124
-14.6250 -13.5000 3.3420 209 96 100
-17.9375 -16.5000 5.9080 71 140 239
-17.4375 -4.0000 3.1580 202 93 135
1.0000 20.0000 12.0170 63 79 53
-1.2500 10.0000 5.9570 151 175 173
8.1875 -23.5000 2.7400 166 150 63
20.5625 20.0000 14.8330 11 154 61
-0.0625 -22.5000 3.9400 190 213 66
-9.1875 12.5000 6.4910 111 147 139
17.1875 -20.5000 2.1730 124 251 83
-17.5625 23.5000 5.2930 194 160 150
17.0000 5.0000 6.4170 133 244 178
0.1250 5.0000 14.6820 60 56 44
-12.0000 13.0000 7.5150 72 123 113
-19.9375 8.0000 2.9740 190 91 130
9.0625 8.5000 6.2550 154 165 192
21.4375 22.5000 9.1760 25 197 82
-11.2500 -5.5000 3.1670 199 97 139
-13.9375 -10.5000 3.2800 200 87 108
-4.3125 3.5000 18.1580 50 60 83
-14.3125 -0.5000 3.0690 197 95 141
2.6250 -12.0000 15.6580 26 89 59
-16.6875 -7.0000 3.2670 201 96 123
-11.0000 20.5000 5.4440 184 154 148
24.5000 24.5000 5.8900 88 217 104
-17.1250 5.5000 2.9900 191 88 128
1.3125 -9.0000 4.9450 101 218 185
-17.6250 -20.0000 13.1370 34 47 149
15.3125 9.0000 6.5850 133 199 132
4.5000 1.0000 15.8770 45 57 61
-0.5625 5.0000 10.1100 75 105 88
-8.4375 -8.0000 3.1380 199 72 131
15.8125 1.5000 6.4240 126 235 164
-1.6250 8.0000 6.1510 121 143 150
8.5625 -5.0000 7.9550 21 207 113
-16.5000 -20.0000 14.0640 30 62 162
19.1250 22.5000 11.6820 6 172 77
0.6875 21.5000 13.1400 73 56 44
-21.8750 -23.5000 19.1140 41 38 116
12.1250 24.0000 4.9660 126 218 170
16.6875 24.5000 13.8830 24 166 57
2.7500 -1.0000 11.2500 33 89 133
11.3750 24.5000 11.0670 58 86 120
12.8125 15.5000 13.2170 48 82 66
4.0625 24.5000 3.5590 204 126 30
18.6875 -16.5000 6.9170 28 219 148
5.5000 -5.5000 13.8800 20 78 110
25.0625 17.0000 9.8640 41 163 78
17.1250 1.5000 6.3840 133 233 155
5.5000 22.5000 3.7590 187 158 35
-4.3125 -20.5000 3.3800 226 102 92
18.7500 22.0000 12.0870 6 172 75
-6.7500 -17.5000 12.7850 45 65 158
-19.4375 -19.0000 16.5080 31 19 142
-15.2500 -6.5000 3.2130 206 92 126
6.8750 -3.5000 9.3990 18 136 139
-4.1250 8.5000 4.9600 161 197 142
-14.1250 -8.0000 3.2270 196 83 118
6.1250 -11.0000 16.2460 20 106 49
-12.6250 -23.5000 4.0690 149 192 149
22.3750 5.0000 12.5160 63 134 45
9.1875 23.5000 3.6950 198 151 39
0.5625 7.5000 9.4820 84 94 86
16.0000 21.0000 15.9160 21 114 68
23.2500 2.0000 18.8950 77 84 61
1.0625 -7.0000 9.0700 32 121 165
-20.0625 -18.0000 3.3620 213 108 85
-9.4375 1.5000 3.0460 210 82 121
22.3750 -9.0000 2.6460 159 203 118
-8.1875 8.5000 6.4970 70 147 164
-10.1250 6.5000 3.7460 177 209 35
-5.0000 -16.5000 15.0930 46 50 135
23.0000 -7.5000 2.6940 182 210 104
-6.3750 0.5000 3.0130 192 85 127
22.9375 1.5000 14.9100 80 105 73
9.0000 -8.5000 12.1990 16 141 54
-22.7500 2.0000 3.0540 198 90 140
-23.8750 -3.5000 3.3100 187 119 135
-0.3750 -10.5000 16.8620 29 42 102
11.3125 -24.0000 6.0350 81 245 101
9.1875 19.5000 8.4600 54 98 133
18.4375 12.0000 6.7360 61 230 100
14.1250 5.0000 6.4000 147 180 165
-3.3750 -3.5000 2.9830 180 84 140
10.6875 13.5000 9.9650 78 108 79
2.8750 -14.5000 17.7840 50 62 68
8.4375 -14.5000 12.3780 28 143 59
-2.5625 -21.0000 3.8060 181 193 81
17.5625 24.0000 9.6610 28 198 78
4.0625 18.5000 12.1140 73 59 65
23.1875 20.5000 8.3270 25 193 125
-16.6875 -21.5000 13.2530 29 61 165
7.5000 22.5000 8.1430 58 90 145
-13.6250 24.0000 5.4280 184 158 134
3.0000 -4.5000 3.1470 199 78 87
-18.5625 -24.0000 13.4670 46 69 134
22.2500 -15.5000 2.4980 146 146 129
24.0000 -6.0000 2.5770 177 210 99
-3.3125 -20.0000 16.1550 46 41 138
-22.1250 8.5000 3.0130 205 97 137
6.7500 -12.5000 14.9740 21 118 44
-18.4375 9.5000 2.9030 183 75 130
-12.1250 5.0000 2.9300 192 66 130
24.6875 -12.0000 3.0730 173 189 57
-24.1875 -10.5000 3.3060 191 94 120
4.9375 11.0000 6.1280 155 156 173
-2.4375 4.5000 18.4480 59 36 54
-13.3125 -23.5000 5.7130 98 147 231
15.9375 24.5000 12.3670 11 156 79
24.8125 5.5000 19.2380 84 113 22
-7.8125 24.0000 8.7450 94 127 79
-19.1250 -9.0000 3.2920 203 82 111
10.5000 0.5000 12.2770 30 120 45
-6.6875 -5.0000 3.1450 195 103 136
-24.3750 6.0000 2.9990 181 112 153
9.6875 -0.5000 11.2330 19 140 67
8.5000 -13.5000 10.7730 28 166 66
8.5625 19.0000 10.1610 50 87 127
-18.0000 16.0000 7.9040 67 131 112
23.0625 0.5000 6.5460 124 228 179
4.3750 -10.5000 10.9610 28 112 107
-0.8125 21.5000 13.2980 75 76 31
-9.4375 12.0000 6.4160 87 152 147
-8.7500 -22.0000 3.4180 232 119 107
21.8750 10.5000 9.2850 34 190 111
-18.8750 11.5000 2.9940 196 79 112
18.8750 8.0000 6.4610 119 254 150
-9.3125 20.5000 5.4520 183 153 165
-0.8750 1.0000 17.5740 48 59 73
2.3125 18.5000 10.7370 69 97 56
-10.0000 18.0000 5.5160 184 162 154
4.9375 2.0000 14.9480 54 64 37
-14.5625 -10.5000 3.2800 204 91 102
8.6875 -14.5000 11.6690 28 146 62
-14.5000 -11.0000 3.2460 202 73 111
15.5625 24.0000 12.4450 8 154 80
18.8125 20.0000 7.6030 23 213 146
18.2500 -20.5000 2.0330 137 140 91
-18.8750 -21.5000 16.4680 26 34 139
0.4375 12.0000 5.9110 164 173 164
-3.3125 16.0000 7.1310 117 127 146
7.3750 11.5000 6.1160 165 153 175
14.8125 -18.0000 7.4450 34 224 96
5.4375 5.0000 12.9520 73 82 57
7.6250 -0.5000 14.5290 22 92 79
8.1875 -2.5000 14.2730 19 117 65
-1.5000 25.5000 9.1790 71 126 87
-24.2500 -22.0000 14.5000 50 67 134
7.7500 21.5000 8.4200 69 85 138
8.1875 -17.0000 15.4110 33 138 39
21.5000 15.0000 16.5050 8 131 71
-14.2500 7.5000 4.9050 89 220 207
-2.7500 -1.0000 3.2520 213 122 82
12.3125 -5.5000 0.8300 165 112 0
24.4375 -10.5000 3.0110 171 188 75
-16.8125 9.0000 7.3700 33 155 197
-15.0000 -21.5000 3.5340 199 158 76
1.9375 -5.0000 9.6970 18 110 172
-5.5000 3.5000 15.3160 40 60 82
11.8125 -1.5000 0.9920 188 128 16
4.5000 2.5000 13.4890 50 74 65
4.3750 3.5000 14.5790 60 44 42
0.0625 -17.5000 14.8430 53 64 98
10.0000 20.5000 7.9260 60 99 137
-3.8125 2.5000 17.3760 40 61 84
-21.2500 -6.5000 3.3010 205 92 102
7.8125 21.0000 3.7010 188 153 36
20.3750 4.5000 6.4480 155 222 201
-9.0625 21.0000 5.4730 182 148 159
-5.8750 -5.5000 3.0690 187 96 143
15.0625 14.5000 13.0600 45 125 46
-10.0000 16.0000 5.6490 165 158 154
-6.5625 24.0000 5.1170 176 179 120
-5.8750 5.5000 5.9430 86 154 194
-23.1250 8.0000 2.9640 194 95 152
-12.0625 -7.0000 3.2080 207 103 128
-2.5000 -12.0000 14.9380 32 34 109
22.1250 21.5000 11.1940 11 165 87
16.8125 -14.0000 4.9940 86 254 128
25.0000 17.5000 5.1570 94 237 137
-24.3125 20.5000 6.0570 122 136 137
-15.7500 14.5000 5.2880 118 190 174
8.9375 -19.5000 7.3250 48 212 94
18.8750 -1.5000 6.6270 105 226 141
-6.8750 -20.0000 3.4280 227 117 101
16.8750 -14.0000 3.2340 173 200 0
-6.5625 4.0000 14.8780 40 55 96
12.1250 8.0000 6.3090 160 194 184
-14.1875 -7.0000 3.2010 200 94 125
-18.7500 -20.5000 15.6440 28 41 136
-13.8750 -17.0000 3.3700 206 101 112
-5.1250 8.0000 5.1860 127 188 155
17.8125 -18.5000 6.3360 47 232 147
-21.0625 11.0000 2.9740 207 87 134
2.8750 -19.5000 6.6870 113 174 170
11.5000 19.0000 8.2650 47 128 132
4.3125 -12.0000 15.5970 27 91 50
-23.3125 -17.5000 13.3930 26 63 139
23.1875 10.0000 18.0290 29 120 59
22.9375 16.0000 13.3310 15 154 70
6.0625 -8.5000 16.5750 18 99 61
24.5000 4.0000 17.8480 84 110 51
-18.0625 -17.5000 11.4630 32 62 163
13.3750 15.0000 13.1510 53 99 62
-23.9375 23.0000 5.0870 199 158 116
16.5625 -22.0000 2.4900 130 235 94
6.8750 23.0000 3.6480 200 148 27
-9.0000 -19.0000 3.3270 237 96 108
-18.6875 -6.0000 3.2510 202 89 123
-17.7500 -20.0000 16.1560 33 29 132
-21.9375 10.0000 2.9150 207 83 147
-22.1250 12.5000 5.3760 122 194 198
-1.6875 2.5000 19.0600 47 57 75
12.6875 -24.0000 5.8750 64 254 106
22.9375 7.5000 17.5270 60 101 31
9.5625 -2.5000 13.1800 11 134 80
16.6875 19.0000 14.1350 19 147 62
0.1250 2.0000 16.4200 53 53 49
-10.6250 -16.5000 3.2030 218 63 117
16.5000 13.5000 11.4470 47 151 50
21.5000 22.0000 11.2260 8 164 89
4.3750 -9.5000 15.2350 31 70 74
-21.6250 23.5000 5.2150 193 171 133
3.9375 9.5000 6.0670 163 151 170
2.9375 -4.0000 3.1830 200 82 82
3.0000 -4.0000 6.1150 55 154 233
-13.1875 -6.0000 3.1870 199 98 144
0.5000 2.0000 16.1830 52 56 46
-1.9375 -16.0000 17.6270 38 55 105
2.5625 -7.0000 8.7480 32 135 165
-1.2500 17.5000 5.7700 142 180 145
-24.5000 23.5000 5.0980 202 146 109
4.6875 -12.5000 14.7180 26 96 53
24.3125 24.0000 5.8930 85 222 111
-19.0625 -5.0000 3.2260 203 94 124
-4.8125 -22.0000 3.4530 219 120 83
-20.5000 -18.5000 13.8570 26 60 129
-20.1875 14.5000 7.3350 75 156 119
8.6875 -6.0000 8.6180 18 190 102
-14.6875 -14.5000 3.2880 211 78 112
-22.0000 22.0000 5.1860 185 172 131
-1.0000 -13.5000 16.9830 33 35 94
-14.8750 22.5000 5.2860 192 161 158
-2.3125 3.0000 19.6480 44 52 84
-24.1875 -15.0000 8.5320 50 94 193
-10.4375 22.5000 5.4790 175 180 136
9.0625 -15.5000 8.2740 28 163 108
8.9375 -20.0000 2.0620 154 165 81
17.8125 -21.5000 2.2330 135 153 112
17.8750 -17.0000 6.1590 44 238 151
-18.3750 25.5000 5.2370 201 139 130
-19.4375 -13.5000 3.2980 205 82 101
2.8750 -4.0000 5.8470 63 164 234
-17.1875 2.5000 2.9350 179 85 161
24.5000 24.5000 5.8680 88 217 104
4.1875 14.5000 10.7620 94 93 77
-22.8750 11.5000 3.0360 210 89 132
4.7500 -1.5000 13.1310 19 83 110
-5.6250 -23.0000 3.4750 215 127 84
-5.6875 12.0000 5.8750 144 170 163
-17.8750 14.0000 8.0780 42 121 144
6.6875 24.5000 4.2910 147 171 126
-6.6250 -23.0000 5.6760 98 150 250
-5.0000 -17.5000 14.3490 50 47 133
8.1875 -18.0000 12.6600 41 131 44
-5.6250 -10.0000 3.1400 212 85 108
7.1875 -3.5000 12.2060 8 114 114
-3.3750 17.0000 6.3680 130 144 158
-5.4375 -3.0000 3.0100 181 93 167
1.8750 19.5000 10.7240 64 87 82
24.1875 4.5000 18.9170 86 99 54
3.3750 18.5000 11.5250 66 76 71
-0.5625 -16.5000 14.1310 40 76 90
-14.3125 -13.0000 3.3450 208 97 101
-15.3750 17.0000 5.3540 162 181 148
15.6875 1.5000 6.3100 131 242 166
-1.1250 24.0000 10.0630 62 111 77
16.0000 17.5000 11.2460 22 153 67
-18.6250 -9.0000 3.2030 205 66 126
11.6250 -11.5000 5.9860 69 232 128
-8.8125 -22.5000 3.4630 226 132 106
-12.4375 -15.0000 3.3040 216 96 120
-4.5625 -5.5000 3.0880 188 87 125
-1.5625 -24.0000 6.5060 88 144 194
6.1875 -4.5000 5.2800 77 230 193
10.1250 -3.0000 2.8680 175 125 49
-21.2500 1.5000 3.0150 197 88 141
15.0625 16.0000 8.0280 43 189 99
2.5000 -2.5000 3.1330 196 91 117
0.3750 13.5000 5.9200 161 152 177
-2.2500 -23.5000 4.7820 127 195 175
8.0000 -11.5000 14.9890 28 128 39
2.4375 6.0000 12.3220 79 77 63
2.4375 3.5000 15.0480 66 60 61
22.3750 6.5000 15.7730 62 89 25
15.6250 10.5000 7.6260 82 144 82
-20.7500 11.5000 3.2880 208 125 73
12.9375 18.0000 12.2460 47 91 80
1.8750 -6.0000 8.5920 31 146 174
3.1875 21.5000 10.6220 59 80 95
7.5625 22.5000 7.4230 65 100 159
20.5000 6.5000 6.6390 139 231 139
2.7500 -1.0000 10.9870 33 90 138
-2.3125 -11.0000 14.5790 32 42 113
-2.4375 -7.5000 3.0830 201 77 100
12.0000 22.5000 4.6300 134 237 156
-20.3750 3.5000 2.9480 181 80 142
5.0625 17.0000 12.6920 68 75 61
4.5000 -8.0000 16.4030 32 68 87
9.5625 11.0000 9.8700 103 118 103
12.0000 19.0000 9.2300 45 119 121
-19.9375 -23.5000 16.6350 35 45 124
-12.2500 3.5000 3.0320 194 81 143
-18.5625 -1.5000 3.0820 204 84 141
7.3750 12.0000 9.8750 106 106 105
-19.1875 -23.0000 14.4680 35 55 136
-10.8750 -23.5000 3.5440 198 146 91
1.0625 3.0000 17.8580 78 33 28
-21.3125 -3.5000 3.1940 206 89 133
9.1875 -12.5000 10.3880 20 170 71
2.1875 -24.0000 6.6810 107 142 166
21.8750 -21.5000 3.3700 188 208 41
4.3125 2.0000 11.0700 54 93 72
22.0000 -13.5000 2.7910 164 161 110
7.5625 -1.0000 14.2280 21 96 79
-8.8750 20.5000 5.3770 184 157 163
-19.4375 -21.0000 3.3360 219 94 90
-19.5625 6.5000 2.9830 183 102 140
-2.7500 -19.5000 15.6050 50 51 121
-19.7500 -17.0000 11.1790 30 65 176
21.7500 -7.5000 2.7690 179 217 109
-15.1250 1.5000 2.9460 193 78 163
7.3125 -17.0000 20.9050 40 85 36
-23.7500 -24.0000 20.8410 65 41 118
21.9375 -19.0000 3.1020 188 162 65
23.2500 20.5000 10.8450 19 158 99
10.5625 5.0000 7.4390 100 147 141
16.5625 23.0000 5.0360 85 254 159
-5.7500 -1.0000 3.0770 202 87 136
-8.0000 -22.5000 3.4720 213 122 104
-9.5625 -9.0000 3.2050 203 88 136
-13.9375 -12.0000 3.3210 204 105 111
-8.2500 10.0000 6.7910 71 142 125
22.3750 -4.5000 2.3080 177 216 110
3.0625 1.0000 16.2740 57 48 55
19.7500 7.5000 6.5520 119 247 146
16.0625 3.0000 6.4540 133 228 169
4.0000 -3.5000 13.3660 4 85 138
23.3750 -21.5000 3.0720 182 163 66
20.0625 3.5000 6.4810 151 187 182
-20.3750 4.0000 3.0010 183 81 132
2.2500 -21.0000 6.7260 109 159 183
17.5625 25.5000 1.1740 139 137 62
-7.3750 25.5000 4.9190 167 200 105
-2.0000 -22.5000 3.9750 166 205 106
24.6875 -11.5000 3.1970 179 195 33
-4.5000 20.0000 10.4370 78 122 45
9.5000 -12.5000 10.3780 19 170 71
-3.7500 0.5000 3.4620 200 169 50
21.1250 15.0000 16.7600 11 129 73
-3.7500 -22.0000 3.5610 208 162 72
1.0625 17.0000 9.6180 75 105 61
-7.3750 -0.5000 3.0710 202 92 117
6.8125 -10.5000 15.1550 19 107 45
24.6875 -20.0000 3.0660 171 151 65
-19.3125 -19.5000 19.6890 36 23 141
21.3125 -17.5000 4.0610 117 254 77
-4.1250 2.5000 15.4650 45 69 80
4.1250 -15.0000 18.3630 51 59 60
-20.7500 13.5000 5.7810 95 174 185
-15.6875 25.5000 5.4390 189 139 126
3.1250 0.0000 13.0250 29 81 109
-6.8125 -3.5000 3.0770 192 93 159
7.8125 25.5000 3.4860 207 101 43
21.0000 -8.0000 1.6640 175 161 50
12.3125 9.5000 6.4310 143 181 175
-1.8125 5.5000 16.1850 50 47 65
3.4375 -1.5000 10.1060 33 103 143
0.0000 19.5000 11.9720 64 79 55
23.3125 13.5000 12.3120 21 166 86
-1.1250 -20.0000 4.5270 144 213 149
21.6875 14.5000 15.0390 9 143 72
-23.5625 -15.5000 3.3550 201 91 82
-5.9375 8.5000 5.1740 126 193 163
3.5625 9.0000 6.0720 155 174 168
-5.6875 8.0000 14.1220 42 55 80
12.3750 6.5000 6.2760 156 186 193
-19.0000 17.5000 6.1790 100 151 146
-11.0000 16.5000 5.5690 168 174 138
7.9375 -4.0000 12.2060 14 115 108
4.0000 1.0000 15.7530 56 51 52
-16.6250 -5.5000 3.2220 195 106 139
-11.1875 -2.0000 3.0720 199 80 138
24.7500 -15.5000 2.9920 164 169 69
-10.9375 -6.5000 3.0850 193 92 150
2.6875 -19.0000 5.7050 128 198 178
15.6875 21.5000 16.2360 14 120 57
-18.1250 -15.0000 3.3880 204 97 84
8.9375 21.5000 3.6140 204 137 31
-0.6875 15.5000 5.8180 158 150 156
12.6875 1.0000 1.3450 212 111 40
12.0625 -16.0000 8.5160 32 202 87
20.9375 21.0000 2.6840 155 189 87
13.3125 3.5000 6.3810 142 191 145
-3.3125 -22.5000 6.1400 84 146 232
-22.6250 -14.0000 3.3840 210 103 87
-2.7500 -13.0000 17.2490 28 33 109
-6.3125 8.5000 5.3230 122 181 172
17.0000 14.5000 10.1460 50 161 60
8.8750 6.0000 7.9320 95 136 142
7.9375 -14.5000 19.0120 28 109 45
23.3750 -9.0000 2.5610 157 197 116
-10.1250 -11.5000 3.2000 209 101 132
4.3125 -13.5000 15.4370 29 92 47
-1.5000 -10.0000 16.1730 33 56 110
19.1875 -10.5000 1.7890 152 249 62
-13.9375 6.5000 7.2300 42 146 190
-18.3750 -13.5000 3.3080 209 88 96
-23.1875 19.0000 5.4730 136 174 147
8.3125 -4.5000 6.1260 70 192 165
-0.6250 16.0000 5.8000 148 169 151
8.5000 0.0000 13.0580 31 125 57
-2.3125 13.0000 5.9140 160 160 181
-22.8125 20.0000 5.1640 150 193 145
-23.9375 -16.0000 8.4570 44 100 181
16.6875 23.0000 14.8770 15 133 60
17.0000 -18.5000 7.8330 21 206 95
16.6250 15.0000 10.7100 30 173 66
-6.7500 16.5000 5.7230 167 153 167
-0.1250 -18.0000 14.7110 50 64 100
-22.7500 25.0000 5.2640 200 144 120
4.6250 3.0000 16.1760 66 31 35
11.5625 9.5000 6.3440 149 178 178
-9.2500 -0.5000 3.0840 201 95 132
-6.6875 22.0000 7.7490 79 132 87
15.5000 3.0000 6.4280 133 229 171
23.1250 6.5000 13.9020 75 122 12
3.3125 -4.0000 9.9250 14 110 172
-3.0625 -7.0000 3.0800 203 74 104
-18.1250 12.0000 7.6500 41 163 163
-10.5625 14.5000 5.6220 146 185 148
21.5625 8.0000 8.7370 66 151 72
-0.1875 9.0000 5.9440 149 163 173
-18.0625 25.0000 5.2670 191 149 134
18.0625 6.5000 6.5350 132 236 166
4.8750 -16.0000 18.9690 47 82 53
-2.4375 -13.0000 17.3450 29 33 107
-19.0625 -19.0000 3.2860 218 67 78
7.5625 -18.0000 19.3810 48 85 41
-7.3750 -16.0000 3.1660 222 53 93
17.3125 20.0000 12.8660 16 155 71
20.9375 10.0000 12.0440 30 158 74
3.1250 -24.5000 7.0500 108 132 144
-11.3750 6.5000 3.1230 200 98 85
-8.3125 -12.0000 3.1980 208 83 122
19.3125 22.5000 5.4790 76 254 134
6.5625 -13.0000 19.5200 26 97 35
17.5000 11.5000 7.5960 73 188 86
-1.5000 13.0000 5.9130 168 152 185
-22.0000 -2.0000 3.1730 206 91 135
21.8750 3.0000 6.5300 138 219 201
1.6250 -11.0000 15.2590 33 50 88
7.1250 -4.0000 9.6300 18 132 134
-12.1875 16.0000 5.4800 168 181 142
-20.3125 17.0000 6.9260 91 135 123
-18.8750 23.5000 5.3290 192 158 157
-19.5625 -11.5000 3.3480 202 97 98
-15.0625 -1.5000 3.0600 203 89 142
6.7500 -12.5000 5.2350 97 254 142
-6.9375 3.5000 3.6080 196 191 31
9.0000 -17.0000 7.1060 44 202 118
4.8125 2.5000 6.2720 98 164 128
-9.1250 -7.5000 3.1370 201 86 134
17.7500 -18.5000 6.3700 46 231 147
-1.8125 13.0000 5.8800 162 160 177
11.1250 20.5000 3.6120 184 156 18
-20.1250 10.5000 2.9500 192 81 138
-4.1875 -4.5000 3.0260 182 82 130
17.8125 -14.5000 6.3970 42 237 131
-22.2500 -13.0000 3.3580 210 96 91
-1.1250 19.0000 10.2890 67 94 57
-22.4375 22.0000 5.1380 188 172 127
11.0000 2.5000 6.2550 120 198 140
6.8125 16.0000 11.9440 67 74 56
9.9375 6.0000 6.2940 139 191 186
-8.5625 9.0000 7.3850 56 134 141
-8.6250 4.0000 3.5280 199 172 50
5.8125 6.5000 6.1770 143 177 159
0.4375 -23.0000 7.0880 85 141 175
19.7500 18.0000 0.2510 151 100 7
-12.0000 -14.0000 3.2780 213 99 120
-14.6875 4.5000 2.9860 196 79 132
12.5000 5.5000 6.3000 150 183 190
14.7500 21.0000 16.2430 18 109 61
-0.7500 -4.0000 7.7330 26 138 215
-23.8750 -8.5000 3.3670 193 101 109
0.5000 -7.5000 3.3030 203 108 55
-6.7500 5.0000 15.4680 39 50 91
-23.6875 -16.5000 11.8380 30 77 155
15.1250 -15.0000 5.4670 73 248 163
21.5625 -20.0000 2.8680 163 167 109
-3.2500 16.5000 7.1170 116 128 145
-7.7500 14.0000 5.7670 148 177 145
6.8125 4.0000 5.7760 140 174 165
0.0625 -13.5000 16.5280 36 51 85
5.5625 -2.0000 12.7510 19 109 103
1.1250 -13.0000 15.8240 36 58 80
-10.6250 -23.0000 3.5420 201 147 94
-16.7500 -18.0000 3.4850 203 130 89
18.4375 18.5000 16.2530 9 148 65
-16.7500 19.0000 5.3240 173 178 143
-4.2500 2.0000 16.9340 43 62 85
5.1875 -13.0000 17.2740 31 109 49
-3.5625 18.5000 9.6420 103 89 43
25.0625 15.0000 8.2060 45 196 96
3.3750 -17.0000 16.7240 52 75 63
2.8750 23.0000 9.6900 56 88 109
8.5000 -7.0000 13.3360 12 143 54
18.1875 -15.0000 6.5520 36 234 152
-18.6875 -23.5000 11.0650 46 77 156
-10.5625 11.5000 8.9900 57 120 106
-2.4375 -16.0000 16.5510 32 63 114
-0.7500 -9.0000 14.8990 27 52 113
-5.8125 22.5000 9.0990 69 110 78
-2.7500 -16.0000 14.5320 35 58 121
16.5000 24.5000 14.1610 22 148 70
8.2500 14.0000 10.1430 76 112 86
-17.3750 -6.0000 3.2170 197 87 129
-4.3750 4.0000 17.3890 46 42 71
4.0625 -10.5000 11.2940 27 109 102
-1.1875 -4.5000 3.2410 190 101 89
-8.5625 8.5000 5.0500 108 210 174
-4.5625 -0.5000 3.0390 190 90 141
-4.2500 -13.5000 15.9820 36 44 126
9.7500 19.5000 8.1280 56 102 134
-23.0000 21.5000 5.1340 172 182 136
3.8125 18.0000 12.2930 74 60 64
8.6250 -16.5000 2.2370 142 158 94
-12.0000 15.5000 5.6040 161 173 138
7.9375 -18.5000 17.9250 50 95 37
-21.0000 -21.5000 20.1090 31 25 120
-6.1875 17.0000 5.6880 169 155 168
-12.0625 -18.5000 3.1900 221 71 149
17.0000 -19.0000 7.5450 26 217 93
-3.2500 -10.0000 14.2620 23 55 139
22.8125 5.0000 6.6900 130 204 149
-20.1875 -14.0000 3.3940 192 102 82
25.0000 -13.5000 3.1040 166 177 68
-19.4375 -11.5000 3.3650 202 100 95
7.8750 -12.0000 10.4900 29 178 63
14.1875 18.5000 11.2020 48 108 90
-9.5625 -7.5000 3.1550 201 87 133
24.0625 -6.5000 2.6810 177 212 96
-9.8750 23.5000 8.0720 107 95 99
19.1875 -16.0000 7.0290 25 217 153
21.1250 18.0000 16.2050 13 141 72
18.5625 18.5000 4.9900 86 254 156
21.0000 25.0000 12.5450 20 175 74
-2.2500 -23.5000 6.2210 95 144 202
14.2500 -2.0000 0.8550 165 119 6
-14.3750 19.5000 5.4750 176 158 142
8.8125 -10.0000 12.3940 13 150 54
3.3125 14.5000 9.2450 105 101 102
-12.1250 19.5000 5.4490 184 156 160
9.3125 -7.5000 13.1130 9 147 51
7.6250 -19.5000 17.1960 45 96 44
21.0625 14.0000 15.0050 11 144 75
-7.7500 -0.5000 3.0840 202 95 116
1.2500 -24.0000 6.7610 101 137 167
-15.7500 -15.0000 3.4380 207 107 94
-19.6875 -10.0000 3.3280 203 89 103
23.5625 -14.0000 2.9650 172 160 84
-11.3750 -22.5000 3.5500 206 157 84
1.0625 -12.5000 14.9020 31 59 88
-8.0000 -19.0000 3.3620 231 105 106
15.2500 -22.5000 1.5400 141 199 69
2.6250 6.0000 14.7020 78 61 58
23.4375 -24.0000 3.7270 143 236 45
-18.0625 -21.5000 10.5300 32 79 167
18.8750 11.0000 6.3310 73 236 117
-5.8750 -1.5000 3.0260 201 81 145
6.6250 15.5000 11.9730 72 75 54
-4.6875 -14.0000 15.6530 46 51 126
-20.6875 -19.5000 18.6430 39 32 120
3.5000 -3.5000 3.2460 197 100 66
21.0000 -6.0000 2.6540 171 226 76
11.2500 21.0000 3.5690 194 148 25
-23.7500 -23.5000 20.3970 59 42 121
-12.5625 -19.0000 3.3090 223 92 128
20.3750 -4.0000 1.1670 177 143 68
13.6250 22.5000 14.1470 32 66 83
15.6250 23.0000 8.7660 22 175 111
-11.9375 1.0000 2.9870 197 80 141
5.1875 -22.0000 7.9310 68 164 126
8.0625 -18.0000 12.9240 40 130 43
-16.6875 15.5000 5.8990 108 155 149
8.2500 3.5000 6.1320 126 193 173
-12.6250 9.5000 6.4220 61 160 175
-10.2500 -3.5000 3.1430 197 93 139
1.2500 1.5000 18.4500 59 45 48
12.0000 7.5000 6.3350 159 194 182
-17.8125 9.5000 4.5590 110 236 177
2.2500 21.0000 10.1380 53 94 92
10.5000 -14.5000 9.3940 35 170 81
-15.4375 8.5000 9.0970 16 132 172
-10.0000 5.5000 4.1660 131 227 134
-24.0625 -6.5000 3.3110 188 101 122
-19.9375 7.0000 2.9340 180 87 139
-10.8125 -0.5000 3.0480 202 97 131
12.7500 25.0000 16.7240 50 62 93
-6.9375 -5.5000 3.0940 185 113 162
17.1875 -20.5000 2.5510 119 248 112
-5.3750 -21.0000 6.0550 91 132 254
-24.3125 -12.0000 3.4210 192 107 107
21.4375 10.5000 11.8320 24 159 79
-20.4375 -16.5000 7.1360 53 115 213
11.9375 -5.5000 0.7810 160 95 1
-21.1250 -22.0000 20.4410 34 22 117
-12.3750 -23.5000 5.3080 102 169 239
0.8750 11.0000 5.9860 158 174 164
-9.3125 8.0000 6.6470 62 149 169
21.0000 -10.5000 2.3020 154 187 129
23.2500 14.0000 12.2980 20 165 86
-13.3750 21.0000 5.3970 190 162 152
0.3125 22.0000 12.6550 68 62 56
1.4375 4.5000 16.6410 76 44 33
-16.8750 -3.5000 3.1160 204 95 143
5.8750 -5.5000 9.5050 21 130 134
-5.1250 8.0000 5.0140 134 201 145
17.8750 21.5000 14.0820 11 156 74
18.4375 -15.5000 6.4050 37 238 154
-5.3750 -12.5000 11.7510 34 68 150
-21.5000 -9.0000 3.3770 204 100 91
-13.9375 -3.0000 3.0280 197 88 157
-13.0000 -12.0000 3.2310 213 84 138
-5.3125 -19.5000 6.4970 89 132 238
13.4375 19.0000 14.3410 29 77 84
-19.7500 21.5000 5.2710 188 165 148
23.1250 16.0000 13.0520 16 156 73
-1.3125 2.0000 17.0150 63 48 57
-4.8750 2.5000 16.5190 24 74 82
10.8750 3.5000 6.3210 137 183 149
1.7500 25.0000 3.8080 188 164 14
-17.1250 22.5000 5.3520 191 154 143
-19.1875 -21.5000 19.6630 34 20 141
-22.1875 12.0000 3.0370 206 88 116
6.6250 -18.5000 22.7150 51 62 49
-10.5625 9.5000 6.0990 78 152 163
-2.9375 -12.5000 16.9750 28 33 112
-4.5000 2.5000 17.6060 40 64 78
7.7500 22.0000 8.5440 58 85 138
-12.5625 -21.0000 3.3790 226 97 92
-13.5625 -15.0000 3.3710 207 109 111
3.0000 -8.5000 7.5500 47 157 157
-5.0000 -10.5000 12.8970 26 88 167
0.5625 -8.0000 7.1610 48 145 198
-11.5625 -5.0000 3.1210 199 95 135
-12.3750 -14.0000 3.2870 213 99 121
14.0625 9.0000 6.4200 158 179 142
21.1250 23.5000 8.3370 23 190 118
22.1250 4.0000 6.5630 145 214 172
-4.6875 7.0000 15.3200 54 52 59
23.3750 -9.0000 2.6840 159 203 107
-24.0000 -16.0000 5.3950 101 161 229
-21.3750 -3.5000 3.2240 206 94 127
10.3125 -16.5000 8.3040 31 161 93
5.7500 -0.5000 12.3370 19 111 91
22.2500 19.0000 9.4110 16 181 119
9.4375 -3.5000 12.8400 4 137 83
-3.6250 7.0000 15.2880 65 46 49
-20.5000 16.5000 7.9350 80 132 103
-15.4375 4.5000 5.9910 59 165 239
-20.5000 -1.5000 3.1300 199 92 141
-19.7500 -17.0000 3.5600 185 150 81
1.0625 -14.0000 15.5490 37 78 69
17.8750 -19.5000 2.1400 142 149 102
22.9375 5.0000 19.2640 74 96 57
7.7500 -9.5000 9.3400 31 154 92
-16.5000 -4.5000 3.1000 199 84 150
4.1250 12.0000 5.9600 172 140 179
-8.3750 -10.5000 3.2040 205 91 123
-4.7500 -13.0000 15.0790 41 32 135
9.0000 -12.0000 9.9630 23 171 76
0.9375 -19.5000 3.9080 197 214 66
-17.4375 13.0000 6.9460 50 140 152
-5.8125 -21.0000 4.4940 137 210 209
1.8750 2.0000 18.5490 59 57 60
-17.1875 -18.0000 12.9190 30 45 149
3.7500 4.0000 15.6580 73 49 42
22.6250 17.0000 16.0110 8 131 67
-20.9375 21.5000 5.2060 181 171 126
11.5000 -7.5000 6.0190 66 254 121
4.5625 -4.5000 11.7580 16 98 135
13.1250 13.5000 11.0410 67 114 84
-12.7500 2.0000 2.9790 199 74 150
-1.8750 -1.5000 6.3540 56 143 224
0.9375 -8.0000 7.6900 43 157 164
-12.0625 5.5000 2.9400 191 69 128
-5.8125 -5.0000 3.1230 195 103 135
2.5625 22.5000 8.9290 57 102 113
-14.1250 -14.0000 3.3620 203 92 109
9.5625 16.0000 11.6340 45 82 96
-15.8750 -21.5000 6.5440 64 136 241
9.3750 19.5000 8.5660 53 98 132
21.1875 -16.5000 2.6020 147 159 122
19.0625 22.5000 10.1130 18 193 73
8.0625 -2.5000 2.9120 174 130 83
-24.1250 -16.0000 7.3300 60 101 210
24.1250 -22.0000 6.7820 37 198 162
-18.5625 15.5000 8.1260 67 128 110
4.8750 -10.5000 7.2260 53 170 144
4.6250 3.0000 6.3640 126 131 125
-7.8750 14.5000 5.6680 155 180 144
23.9375 -14.5000 2.7750 158 155 96
1.0000 12.0000 5.9680 165 149 163
-4.2500 2.5000 17.3880 40 65 76
2.0000 2.5000 17.0080 71 59 29
6.3125 19.5000 11.6130 46 68 99
3.1250 0.0000 13.1590 29 79 108
9.7500 -9.5000 12.2300 8 151 51
4.9375 -10.0000 14.7190 21 99 53
-2.0000 0.5000 14.0520 38 83 86
5.8125 -6.5000 15.9610 24 69 79
-17.4375 -3.5000 3.1130 199 89 146
19.0000 22.5000 11.6790 6 172 78
25.0000 -7.0000 5.7420 99 209 149
-18.3750 7.0000 8.4980 23 141 184
-2.1875 6.0000 16.3040 51 47 68
0.3125 -13.5000 16.7340 36 50 84
-1.6250 18.5000 9.7990 86 105 53
8.6875 -4.0000 11.9080 9 143 92
19.0000 -15.5000 5.7160 59 251 159
-0.1875 -5.0000 8.3980 20 132 198
-19.0625 24.0000 5.3130 195 153 152
13.6250 15.5000 13.0960 52 100 63
3.1250 13.5000 5.8900 161 167 180
-3.5625 19.5000 10.6610 83 93 42
-24.5625 -14.5000 8.6360 50 91 197
-4.0625 1.0000 3.6550 182 202 53
23.2500 6.5000 15.9230 63 91 20
-11.3125 4.0000 2.9930 192 76 114
-12.1250 -11.0000 3.2560 206 96 114
-12.8125 -9.0000 3.1690 204 77 134
23.1875 6.5000 13.7680 74 123 11
-16.3750 9.0000 10.0320 23 120 147
18.3750 13.5000 2.1550 159 168 94
5.7500 7.0000 6.1560 152 169 152
-14.9375 9.0000 5.1380 84 206 217
-4.1875 -2.0000 3.0550 188 77 139
-24.7500 -9.5000 3.3760 184 101 116
-20.5000 3.0000 2.9670 183 82 140
3.9375 -19.5000 9.1620 85 136 106
-18.6250 -23.5000 15.0440 41 50 127
3.6875 -2.5000 12.5870 25 84 123
1.0625 15.0000 5.8170 164 173 162
-21.6250 -24.0000 19.2630 46 40 114
5.4375 6.0000 6.1280 147 174 155
9.5625 -6.5000 8.9580 12 195 96
-6.3125 23.5000 5.0980 179 187 122
18.8750 4.0000 6.4930 141 234 184
-16.6250 -10.5000 3.2830 198 78 102
4.5625 -16.0000 14.8130 46 79 61
20.3750 -11.0000 2.2500 137 235 103
8.7500 22.5000 3.5710 214 129 28
-10.3125 -3.0000 3.1350 193 108 140
-14.8750 12.5000 7.4970 62 114 141
-13.7500 -7.5000 3.2260 196 93 128
-2.1875 18.0000 10.0780 82 106 51
3.6250 -11.0000 13.1880 25 95 82
16.5000 14.5000 8.2520 51 168 99
18.7500 10.0000 6.3380 76 233 113
11.6875 4.0000 6.3080 147 182 178
6.6250 -19.5000 22.3280 54 67 48
0.1250 -4.0000 3.4480 186 149 68
18.8125 -13.0000 2.0240 135 223 90
-4.1875 8.5000 7.4310 83 133 112
-16.3125 8.5000 2.9730 190 90 127
3.8125 23.0000 3.8230 190 175 21
25.0625 1.5000 17.3490 84 100 67
0.6875 -23.5000 7.0100 93 138 163
-9.8750 -23.0000 3.4660 221 134 112
11.1250 14.5000 10.0800 69 147 81
-14.0625 -20.0000 3.3570 209 94 111
9.0000 5.5000 6.2330 137 191 188
8.0625 -18.5000 20.5570 39 111 35
11.8750 -14.0000 8.6330 30 190 92
-22.8750 -14.0000 3.3170 212 90 98
-8.8750 5.0000 3.2130 217 110 68
0.5625 5.0000 12.7300 68 75 57
-18.6875 -12.0000 3.3540 205 96 95
-21.1875 -22.5000 16.5910 29 53 123
-18.8125 -1.0000 2.9990 198 79 160
-6.8125 -20.0000 3.4280 227 117 101
-2.6875 23.5000 11.9830 78 71 44
-21.4375 -10.5000 3.4120 205 110 83
-22.0625 16.0000 7.7950 82 130 113
-4.1250 23.5000 10.7510 76 97 49
6.2500 -16.5000 20.3380 38 97 49
25.0625 14.0000 8.1240 52 198 93
8.0000 5.5000 6.2330 138 194 158
-3.8750 1.0000 9.9530 36 97 146
25.1250 1.5000 17.4220 84 100 67
17.5625 -14.5000 6.6290 46 224 132
5.0625 -19.0000 21.8420 59 73 55
-18.0000 -18.5000 14.1280 24 32 148
-2.2500 -13.5000 17.2900 32 36 104
-9.8750 -8.5000 3.2190 197 108 135
-10.1250 -3.5000 3.1060 197 88 142
-11.3750 -23.0000 3.6180 195 170 89
-16.8750 -11.0000 3.3060 198 93 116
-24.6250 14.0000 7.2070 90 127 156
20.5625 -4.5000 1.2500 169 140 61
3.5625 -20.5000 19.5520 59 47 71
-12.1250 7.0000 2.9890 192 83 100
-15.0000 18.5000 5.4270 174 157 133
5.3750 -11.0000 15.8250 18 116 48
-19.1250 -4.0000 3.2100 206 95 129
-14.8125 5.5000 2.9040 185 78 147
-6.2500 5.5000 14.4730 33 60 102
5.0625 1.5000 12.8080 50 80 65
10.0625 20.0000 3.6850 189 158 26
6.9375 -12.0000 17.1610 24 110 42
-11.1875 -17.5000 3.2500 217 75 131
-8.7500 -4.0000 3.1390 199 96 133
8.1875 11.5000 6.2210 160 169 159
-5.0000 -7.5000 3.0950 193 99 124
17.0000 13.0000 8.9780 52 172 75
-9.0000 24.5000 7.1260 116 106 104
21.5000 16.0000 16.9110 12 126 67
-21.3750 21.0000 5.2270 176 173 132
-16.3750 -19.0000 3.2970 220 87 122
2.8125 12.5000 6.0200 158 158 175
8.3125 1.5000 7.7220 55 163 98
-19.5000 -11.5000 3.2680 205 87 106
8.8750 20.5000 8.3920 57 94 134
-22.6875 -1.5000 3.1560 205 88 141
10.3750 19.5000 3.6750 191 158 21
-6.2500 -5.0000 4.3530 110 239 184
24.6875 8.0000 15.7710 62 123 31
24.3750 14.5000 7.1340 56 204 124
-9.4375 14.5000 5.6820 150 163 167
22.6875 18.0000 10.0160 25 168 104
3.6250 -20.0000 20.7500 65 50 61
-2.6250 23.5000 10.7310 72 85 66
-0.0625 -13.0000 16.0330 35 54 88
-14.2500 -24.0000 3.7050 169 175 97
-15.1875 -9.5000 3.2520 206 85 109
-17.5000 8.5000 2.9040 179 93 133
-12.5625 -17.5000 3.3860 213 110 122
-6.6875 -1.0000 3.0570 203 83 142
21.0625 5.5000 14.6610 89 118 50
3.5000 -6.5000 15.2740 19 65 111
-23.1875 -19.0000 3.7850 156 190 82
-6.8125 15.5000 5.7130 167 172 160
-11.2500 10.5000 7.9420 47 125 131
15.2500 -24.5000 6.3900 54 233 115
4.0625 18.0000 12.4690 75 59 60
-3.1875 -17.0000 14.8740 39 59 125
-15.6875 -9.0000 3.2160 202 76 120
-22.2500 1.5000 3.0520 201 89 137
-0.3125 -4.0000 7.7920 23 138 214
-21.3750 -21.5000 20.3230 31 22 122
2.3750 7.0000 8.9760 97 108 93
-7.3750 22.0000 5.4090 178 171 142
-20.3125 4.0000 2.9490 178 84 144
-1.8750 -16.5000 16.8740 38 62 106
-24.1250 -13.5000 3.2980 202 88 116
-8.3750 11.5000 7.5500 59 132 114
1.8125 20.5000 11.8870 67 92 66
-4.5000 3.0000 17.9820 44 61 81
7.3750 -14.5000 17.6580 30 121 25
0.2500 21.0000 12.9210 71 73 52
-7.2500 23.0000 5.1810 177 182 130
-2.8750 -3.0000 3.0520 184 92 130
-18.3750 21.5000 5.3710 186 154 148
-2.6250 25.0000 9.4430 81 120 66
3.0000 1.5000 15.7470 55 48 59
-0.1875 -14.0000 16.5940 29 57 98
-4.2500 -2.0000 3.0450 187 75 141
-21.6250 -5.0000 3.2570 205 95 116
21.5625 16.5000 0.3120 157 108 12
19.5625 6.0000 6.5900 143 230 173
-20.6875 1.5000 3.0130 193 90 141
-17.3750 6.0000 2.9100 181 82 136
9.6250 -2.0000 12.7000 17 139 64
-5.5000 3.0000 12.3610 26 105 104
17.8125 -23.5000 3.0110 152 208 78
-6.0000 -21.0000 5.9410 94 136 254
-1.5625 -23.5000 6.6220 85 140 198
-18.4375 -13.5000 3.3720 206 102 89
-16.8750 -24.0000 3.5640 187 152 73
-17.9375 -8.5000 3.2920 199 90 113
24.3750 -3.0000 6.5030 129 232 123
-4.2500 -16.5000 14.4660 41 54 137
-0.0625 -1.0000 3.1340 214 83 104
21.7500 0.5000 6.5530 123 220 188
6.8125 19.5000 11.3880 47 70 102
1.0000 2.5000 18.0090 57 42 49
6.2500 -12.5000 16.1230 22 113 44
-2.3125 -16.5000 16.3670 36 65 110
20.4375 -21.0000 3.3700 178 217 50
-19.0625 16.5000 6.1490 96 155 153
-16.7500 -19.0000 3.3710 213 101 111
-15.7500 1.0000 3.0440 199 83 145
24.5000 2.5000 20.1540 100 92 47
5.3750 25.0000 4.6170 134 174 155
16.8125 9.5000 6.8950 94 191 107
23.0000 7.5000 15.3630 63 107 25
-7.6875 5.0000 3.5990 187 179 54
-21.7500 9.5000 2.9890 208 90 131
-17.3750 21.0000 5.3090 189 157 129
4.2500 -6.0000 6.9170 44 165 185
-12.6250 -9.0000 3.2520 205 93 123
24.5000 -0.5000 6.4960 136 225 151
19.8750 -4.5000 0.7410 172 108 21
2.7500 5.0000 15.2220 72 54 54
-14.6875 7.0000 7.4120 29 155 188
8.5000 -21.0000 2.2830 150 171 90
6.0625 -9.0000 9.0260 31 158 107
23.4375 23.5000 4.6130 100 254 130
20.2500 1.5000 6.5220 140 192 193
-12.7500 -21.0000 3.3940 224 103 90
15.0000 -15.5000 6.1100 54 236 152
-3.7500 -16.0000 16.8550 35 60 121
10.0625 25.0000 9.0880 70 105 149
-13.2500 -23.5000 5.4680 101 162 233
-6.6250 -8.0000 3.1360 198 103 137
4.7500 -3.0000 13.9530 13 92 133
-19.8125 -21.5000 4.9280 110 188 226
-13.3750 16.0000 5.5240 163 173 140
8.4375 -24.0000 2.9180 177 147 40
-6.0625 -5.5000 3.0730 187 96 143
4.2500 5.0000 13.4640 68 77 53
-8.7500 -7.5000 3.1750 199 95 128
14.6250 12.0000 9.9510 73 152 59
-11.0625 19.0000 5.5440 183 146 150
17.0000 -15.0000 6.8480 42 228 115
6.0625 25.5000 4.7040 130 165 159
-21.8750 -13.5000 3.4040 205 107 84
14.5625 -17.0000 6.9480 36 237 116
11.3125 8.0000 6.3120 162 190 183
-21.5625 25.0000 5.2570 200 150 122
-12.8125 -11.0000 3.2470 206 97 122
11.5000 0.5000 5.6350 136 203 164
20.5625 20.0000 4.3500 114 254 104
-10.0625 -9.0000 3.2650 202 99 129
11.0625 -3.5000 2.7960 178 146 42
-6.8750 9.5000 6.6100 86 128 146
-22.5625 5.5000 2.9110 176 93 157
-18.1250 1.5000 2.9930 189 84 148
22.0625 -18.5000 3.1960 193 170 47
-22.6875 -18.0000 14.0170 24 61 135
-21.6875 3.0000 3.0340 193 92 141
18.3125 18.5000 7.6050 34 206 136
2.6250 21.0000 10.3320 52 90 90
7.3125 -17.0000 17.5180 41 103 33
-7.1250 -23.5000 5.2370 115 170 238
-3.3750 -5.5000 3.0290 188 91 132
8.8125 15.5000 11.8820 56 90 87
2.8750 -14.5000 14.3380 44 76 71
7.3125 13.5000 10.7750 86 102 85
-22.5625 12.0000 3.0270 205 87 120
-4.5000 -21.5000 3.4190 216 112 81
9.5625 -24.0000 2.4650 152 182 70
-5.5000 -20.0000 6.3040 99 117 247
-18.6875 -4.0000 3.2140 207 97 126
-16.6250 6.5000 13.0650 5 97 147
0.2500 -15.0000 16.1300 33 71 80
-16.6250 7.5000 11.9870 9 103 142
3.2500 6.0000 5.9330 143 168 152
-10.2500 7.0000 6.1610 74 157 186
7.4375 -23.0000 8.1240 59 172 112
-20.1875 -21.0000 20.1470 41 34 124
-23.8750 -13.0000 3.2510 196 73 121
19.4375 -18.0000 4.0510 122 254 61
-22.0000 -16.0000 13.1190 15 51 149
2.7500 -14.5000 17.8360 51 62 69
17.1250 -18.0000 6.2080 39 245 141
1.0000 -19.0000 11.8250 57 79 106
15.1250 21.5000 15.8280 18 112 58
7.6875 -17.0000 15.6590 47 101 30
7.7500 -19.5000 10.8860 47 149 78
24.5625 6.0000 19.4620 81 112 26
-0.8125 -5.0000 8.4830 26 131 189
8.5000 -17.0000 1.2540 162 94 32
8.5000 22.0000 3.6510 204 142 31
-16.9375 -11.5000 3.2860 203 88 116
9.8125 3.0000 6.2790 116 201 155
7.3750 17.5000 11.6710 67 74 59
-12.6250 -4.5000 3.1150 203 90 140
4.2500 2.0000 16.1100 55 49 48
-21.3125 -19.0000 18.5380 24 26 120
24.0000 -24.5000 7.0030 46 180 134
-11.7500 10.0000 6.2270 68 155 169
13.6875 13.5000 12.1830 69 108 67
-7.6250 -15.5000 3.1520 213 71 117
23.4375 6.5000 19.6190 75 109 35
9.0625 2.0000 7.8590 50 159 98
-6.1875 -4.5000 3.2020 201 110 121
-11.7500 -19.5000 3.2600 221 84 136
-16.2500 -20.5000 3.2980 216 77 113
7.9375 -9.0000 15.9530 19 126 43
-13.2500 10.5000 6.2520 69 154 183
-16.0625 24.0000 5.2100 198 153 153
3.3125 10.0000 6.0590 158 157 178
-12.0000 -11.5000 3.2310 211 89 137
10.1875 -2.5000 12.9600 21 130 64
-8.7500 -12.5000 3.1780 214 80 123
-11.0625 8.0000 6.4090 61 155 179
-17.2500 -9.0000 3.2840 198 96 119
8.0625 -19.0000 3.0690 189 144 33
-20.6875 -2.0000 3.0850 199 69 149
25.2500 -22.0000 3.5380 153 214 35
25.1875 -1.5000 6.5700 135 216 121
-19.8125 -23.5000 16.6220 35 45 124
20.8750 6.5000 6.5870 147 233 151
-24.6250 -9.0000 3.3710 188 102 115
10.5000 -3.5000 9.4000 18 185 94
-18.0625 -12.0000 3.3370 205 93 97
9.4375 -3.0000 11.3770 13 138 97
9.0000 -10.5000 7.4170 39 197 116
4.8125 1.0000 14.5130 45 69 69
-17.2500 7.5000 8.0480 28 142 184
19.3750 -9.0000 2.1650 151 254 84
23.0000 5.5000 16.2910 67 87 47
-1.0625 18.5000 9.9410 77 99 69
-15.6875 -10.5000 3.2080 206 75 112
-23.8750 20.0000 5.5870 141 147 141
0.2500 -14.5000 16.5570 36 67 83
8.9375 -19.0000 2.2500 151 173 95
-7.1875 -3.0000 3.0780 189 101 159
19.8125 13.5000 2.5700 169 167 81
-6.7500 -14.0000 3.4100 211 111 72
24.9375 -15.0000 2.9010 161 166 78
-7.7500 16.0000 5.7140 171 162 158
-24.4375 16.0000 6.4300 96 149 165
-10.7500 -3.5000 3.0760 202 91 142
1.0625 0.0000 15.8700 26 76 98
-1.6875 15.0000 5.8520 162 141 165
23.3125 -6.0000 1.7880 176 165 60
16.0625 24.5000 14.0580 20 148 72
-7.0625 19.5000 5.4970 168 181 139
11.5625 -1.0000 1.6920 185 139 44
16.7500 -21.5000 2.6700 137 221 85
22.1250 12.5000 12.3680 22 168 89
-9.3750 1.5000 2.9620 205 75 137
-20.2500 21.5000 5.1720 183 169 121
-15.6250 22.5000 5.2770 193 162 161
-15.7500 3.5000 2.9230 184 84 165
-2.6250 -11.0000 14.6650 30 53 127
-18.3750 7.5000 2.9280 188 88 130
23.0000 2.0000 6.5100 134 225 199
-18.5000 -18.5000 14.6660 24 25 148
10.3125 -16.5000 8.1160 33 161 95
-4.5000 -11.5000 15.2780 38 39 119
-17.2500 -9.0000 3.2780 199 94 120
-6.5000 16.5000 5.6890 168 155 167
-20.1250 -19.0000 19.6510 26 25 128
5.5000 5.5000 6.1580 142 170 158
-4.6875 23.0000 10.0840 79 80 56
-1.7500 24.5000 9.3420 66 129 86
-11.5625 18.5000 5.5450 183 156 145
-10.7500 20.5000 5.3590 188 158 144
22.1250 24.0000 3.6910 149 254 1
-0.6250 -8.5000 14.4830 26 69 132
-18.3125 19.5000 5.3110 167 175 138
-20.4375 -4.0000 3.1480 200 84 141
9.0625 21.5000 8.1560 61 99 162
10.6250 3.0000 6.3320 134 187 147
-13.0000 -8.0000 3.2430 198 108 133
-1.4375 -3.5000 6.0310 48 171 237
0.0000 -7.5000 7.1030 48 147 206
1.0625 3.5000 10.4460 78 81 80
23.8750 19.0000 8.1760 39 183 120
1.1250 -0.5000 17.1750 22 63 98
-24.5000 -11.0000 3.4020 191 105 111
-1.8125 1.5000 16.1680 45 67 65
-14.5000 -13.0000 3.2520 213 78 107
-2.5625 4.5000 18.6220 59 35 54
25.0000 18.0000 0.2980 145 110 3
-16.9375 -19.5000 3.3030 218 89 116
10.3750 -7.5000 8.4960 20 194 93
-5.3125 10.0000 5.4310 155 189 157
3.9375 2.5000 8.2430 63 124 108
18.7500 -23.0000 3.3180 183 208 47
7.3750 11.5000 6.0920 166 153 175
-16.9375 3.5000 2.9770 183 87 161
9.1875 -14.0000 9.7210 26 169 82
-5.8750 13.5000 5.8430 151 181 166
-17.3750 -10.5000 3.2910 202 87 104
-2.5000 -17.0000 11.7230 54 79 125
2.1250 4.0000 15.0520 70 66 30
-5.6250 20.0000 10.4930 83 102 45
24.1250 -13.0000 2.3970 139 163 106
-4.2500 14.0000 5.9010 159 157 184
1.5000 19.5000 10.9700 65 86 57
-1.1875 24.5000 4.5190 155 204 86
-15.5000 11.5000 6.5200 53 157 190
-14.6875 8.0000 2.8920 187 86 136
15.6250 12.0000 9.4750 72 153 57
14.1250 12.5000 9.7660 83 144 67
6.8750 10.5000 6.1260 162 157 182
-12.7500 5.0000 2.9450 194 64 131
6.4375 3.0000 5.3750 135 210 137
-22.6875 18.5000 6.4620 105 156 132
-23.1875 13.0000 6.3640 86 145 193
18.8750 -9.0000 0.8090 145 111 22
17.0625 17.5000 11.3890 16 166 67
2.5000 -11.0000 14.8430 26 70 84
-9.0000 13.0000 5.5660 147 166 160
-21.1875 -10.5000 3.3440 209 95 90
-13.1875 -0.5000 3.0930 201 92 142
8.1250 -11.5000 10.4570 30 177 63
-22.3125 -17.5000 3.2890 214 95 85
14.7500 12.5000 11.9400 53 151 44
4.0625 -19.0000 17.9470 67 74 59
-14.1875 8.0000 8.9420 21 134 166
-23.9375 -15.0000 3.3860 200 103 94
3.5000 -1.0000 10.1790 31 101 141
23.5625 2.5000 19.7490 80 90 60
-17.8750 9.5000 2.8740 184 72 139
-6.1875 -24.0000 5.5480 102 151 232
-18.7500 -17.0000 11.1750 34 62 182
8.4375 -22.5000 9.8950 31 147 88
6.0625 -9.0000 16.7200 15 96 61
-14.8125 -15.0000 3.3040 215 81 107
16.7500 2.5000 6.4480 132 229 165
-9.8125 0.0000 3.0400 192 90 142
-4.2500 -14.0000 16.6320 41 57 130
-8.0000 -17.5000 3.2830 224 76 100
2.8750 3.5000 16.3680 69 42 52
18.1875 24.0000 9.5060 26 192 84
8.3750 7.5000 7.4290 128 142 170
12.1875 20.0000 7.0650 52 165 168
-16.3125 -24.0000 11.5620 48 62 138
-5.0000 -14.0000 14.9970 43 45 133
-24.0000 9.0000 2.9340 187 101 161
1.6250 -5.0000 7.0060 44 141 206
9.9375 -11.5000 3.1780 196 179 21
-9.6875 17.5000 5.6020 172 158 164
-0.1875 -12.5000 15.8690 36 54 90
18.9375 7.5000 7.4500 83 147 103
20.0000 -5.5000 2.0780 171 220 66
-4.0625 12.5000 5.8040 165 175 180
-1.6250 -18.0000 14.9980 51 51 117
23.7500 16.0000 12.6970 23 152 75
-8.7500 -11.5000 3.2130 208 85 124
-24.3125 12.5000 3.0450 203 91 128
17.7500 6.0000 6.4350 137 243 164
21.0625 -18.0000 2.8430 157 158 122
-0.1250 3.0000 15.7790 55 59 50
8.3125 -17.0000 11.1260 31 141 74
17.7500 10.5000 7.7040 69 197 105
14.1250 1.0000 6.4350 115 216 165
18.9375 21.0000 9.9110 23 183 97
-7.3125 3.0000 3.4430 210 149 38
-1.4375 -8.5000 13.9830 35 63 130
10.4375 -13.5000 8.1180 27 188 94
1.5625 5.0000 15.0770 67 53 35
-1.6250 11.5000 5.9260 157 165 163
-6.6250 5.0000 5.9120 87 155 199
-0.4375 14.0000 5.8590 163 149 180
-19.6875 -18.0000 16.8100 33 20 146
3.5625 10.5000 6.0680 158 156 181
-12.6875 15.5000 5.5810 160 187 154
-7.0625 -15.5000 13.3630 45 48 157
13.6250 6.5000 6.3620 162 190 155
19.6875 -16.5000 7.4450 23 202 142
7.3125 14.5000 10.1280 87 108 89
-13.7500 12.0000 3.9640 172 221 39
-4.5000 7.5000 14.8710 52 52 67
-9.9375 -20.0000 3.2820 238 84 118
-0.1875 24.0000 10.4000 68 97 82
-9.1875 -13.0000 3.2060 218 83 117
6.7500 18.0000 11.5610 67 75 62
19.0000 -17.0000 5.8660 53 236 147
-15.3750 -23.5000 3.5190 193 142 80
-9.7500 -10.0000 3.2550 210 99 121
-22.8750 9.0000 3.0290 201 105 140
1.3750 6.0000 9.6760 87 101 84
4.6875 -8.5000 17.6450 30 67 80
0.0000 -6.5000 9.0300 29 121 173
8.7500 -13.5000 15.9560 21 131 40
-11.3125 -8.0000 3.2260 198 91 121
21.1250 17.0000 14.0290 14 148 76
-11.5625 -19.0000 3.2650 223 85 135
9.8125 -4.5000 3.4000 199 196 0
-10.3125 -23.0000 3.5150 205 141 96
-3.1250 -17.5000 15.2680 49 49 126
23.6250 21.5000 8.7680 28 189 116
-20.2500 -21.5000 17.2690 31 49 121
0.5000 6.5000 7.9080 92 95 98
24.3125 15.0000 11.9430 30 157 71
6.6250 -24.0000 7.4540 74 164 116
13.0625 8.0000 6.3200 158 194 176
-23.9375 -24.0000 19.1210 61 53 122
-17.0000 7.0000 12.7280 2 94 142
8.1250 -10.5000 10.8540 26 139 70
-14.3125 -19.0000 3.3150 220 98 118
-15.6875 -19.5000 3.3440 221 101 114
-14.6250 6.0000 2.8380 182 74 148
8.1250 -4.0000 12.2210 14 142 92
-14.8750 23.0000 5.3370 191 156 159
16.9375 25.5000 2.2320 138 182 123
25.0625 -16.5000 3.2890 172 182 33
7.3125 -11.0000 13.3870 22 125 44
-18.8750 12.0000 5.2780 92 199 203
-21.3750 8.0000 3.0190 206 98 133
-10.8750 23.5000 8.3650 110 121 93
15.7500 17.5000 10.4380 23 171 76
-1.0625 -20.5000 4.5050 140 223 153
-7.5000 20.5000 5.5240 177 170 143
-3.5000 25.0000 8.5190 77 139 76
3.1250 -17.0000 12.8480 56 89 85
-23.3125 -14.0000 3.3220 209 91 101
15.3125 -23.5000 1.3540 142 170 41
18.9375 -11.5000 2.4050 132 246 110
-20.0000 -4.5000 3.2030 196 76 127
10.2500 -13.5000 9.8780 26 172 75
8.8125 -4.0000 10.0270 21 163 102
22.0000 -9.0000 1.8990 166 156 81
-6.4375 -18.5000 6.7960 82 129 245
20.5000 -17.5000 4.8930 82 254 155
3.7500 -20.5000 21.1040 58 35 84
1.5625 -0.5000 17.3290 26 64 95
11.9375 -1.0000 0.8120 187 119 15
-19.3750 -23.5000 16.2890 37 51 123
9.3750 -24.0000 2.4890 152 182 72
-12.8125 -0.5000 3.0550 202 89 146
3.3750 -2.0000 6.4520 63 137 209
24.2500 8.0000 17.6880 74 113 24
-13.5625 -16.0000 3.3840 206 110 114
7.1875 -24.0000 6.3540 75 186 138
-10.5625 2.5000 3.0180 208 76 122
5.3125 11.5000 6.0440 168 149 188
-8.3750 3.5000 3.4730 196 164 50
3.1250 -5.5000 8.5100 35 133 168
-2.2500 -8.5000 12.7100 32 71 147
22.5625 -21.5000 3.5150 176 236 35
-22.0000 -16.5000 3.3520 213 99 67
-10.5625 2.0000 3.0480 202 82 130
22.6250 -12.5000 2.9230 174 164 98
17.6250 20.0000 15.1490 15 143 65
-24.2500 -14.5000 3.3450 201 94 105
8.1875 -15.5000 19.3120 36 113 43
17.1875 15.5000 15.5050 34 124 16
5.8750 11.0000 6.0650 164 154 190
20.1250 3.0000 6.4780 151 188 182
-22.3750 14.5000 7.4100 73 145 140
-14.5625 -19.5000 3.3210 221 99 117
-2.8125 -18.0000 14.0840 44 57 128
18.6250 -16.0000 6.9580 27 219 153
5.8750 -1.5000 12.2260 20 113 93
-8.4375 -14.5000 3.1720 213 73 118
3.0000 2.5000 5.9060 110 171 162
10.3750 -1.5000 12.7550 16 139 61
5.6250 -6.0000 15.6070 28 68 82
-5.8125 -14.5000 12.7920 45 50 156
-10.5000 2.0000 3.0290 203 80 133
-21.7500 -0.5000 3.0530 202 82 160
-19.0625 14.5000 8.2590 41 116 146
4.3750 -9.5000 15.2270 31 70 74
9.3125 -15.5000 14.8400 29 126 37
-19.6875 -11.0000 3.2860 202 89 107
23.6250 23.5000 4.7510 95 254 140
10.3750 7.0000 6.2740 153 164 180
-0.6250 5.0000 15.8660 67 50 41
-2.8125 2.5000 17.7790 38 58 80
-14.6875 13.5000 10.6630 36 96 88
11.4375 16.5000 9.7020 51 106 110
-0.6250 -11.5000 16.3630 38 47 95
3.8750 -18.0000 4.0330 184 225 46
4.2500 10.0000 6.1110 158 154 173
24.5625 12.0000 16.0340 28 131 52
-0.6875 -16.0000 15.2960 36 69 83
22.5625 -4.0000 2.3900 180 218 113
-19.9375 -23.0000 17.0730 31 39 126
19.4375 -11.5000 2.5280 133 244 113
-9.5625 -4.5000 3.0860 197 86 140
-13.1875 -16.0000 3.3920 209 114 110
22.6875 3.5000 17.0760 71 89 56
-16.1250 7.5000 12.1260 4 101 139
5.1250 -20.5000 21.7430 57 46 72
-12.0625 -4.0000 3.1220 204 93 138
19.0000 13.5000 8.4800 32 191 103
-1.2500 -22.0000 4.0180 165 201 105
-21.4375 -17.5000 13.5710 22 66 135
15.4375 10.5000 10.1440 72 145 66
4.5625 -4.0000 13.7260 7 86 132
20.0000 21.0000 5.8340 73 254 126
-0.5625 -4.5000 8.3260 21 133 201
22.1875 1.0000 6.5050 131 224 201
6.1250 25.5000 4.7050 130 165 159
-2.6250 -4.0000 3.0600 188 90 121
8.8750 21.0000 3.6610 200 148 33
17.7500 -0.5000 6.5650 114 224 151
19.6250 -15.0000 4.6680 91 254 127
-5.8750 -12.0000 11.2880 35 76 159
-20.0625 4.0000 3.0250 184 87 132
5.2500 4.5000 13.1960 74 78 55
-2.8750 -14.5000 17.2040 35 59 118
-10.8750 3.5000 2.9630 191 71 133
-18.1875 -14.0000 3.3790 203 103 90
-2.4375 -3.0000 3.2980 187 139 103
10.0625 -5.0000 8.9980 19 200 96
-4.9375 4.0000 17.3290 48 50 72
7.6250 -9.0000 9.0240 33 158 98
0.5625 13.5000 5.9320 161 152 175
-19.5000 0.0000 3.0590 190 100 154
8.8125 18.5000 10.8430 42 79 114
15.3750 -22.0000 2.0170 134 237 90
9.8750 -2.0000 15.1850 28 114 39
-22.1250 0.5000 3.0020 189 97 163
-4.5625 5.0000 18.2470 48 41 72
5.1875 -7.0000 16.3210 29 73 83
-5.6250 15.0000 5.7660 160 178 166
-20.5625 18.0000 6.8580 96 112 114
9.5000 -3.0000 9.8790 17 166 99
-17.0000 7.0000 13.1020 3 90 140
-2.1250 20.0000 9.7180 86 101 47
-13.5625 -13.0000 3.3440 207 105 119
15.6250 -16.5000 7.6210 30 213 107
22.5625 -18.5000 3.3700 190 198 31
-19.4375 12.0000 5.3830 95 200 195
-13.5625 -19.0000 3.3140 218 88 117
-1.7500 -9.5000 14.4910 28 53 128
11.5625 -8.0000 1.2620 162 135 0
-2.9375 25.5000 4.4480 168 192 63
-13.3750 24.5000 5.5220 180 154 129
20.1250 -12.0000 2.5140 134 239 109
6.2500 21.5000 9.7470 52 72 131
-10.8750 -22.0000 3.3760 228 98 111
-12.5625 11.5000 3.9810 165 227 41
-16.5625 -24.0000 12.5870 44 60 133
-10.8750 23.5000 8.6700 112 128 90
23.6875 3.0000 20.4860 94 82 53
-5.1250 21.5000 10.0480 86 104 47
6.4375 -7.0000 14.4410 21 68 84
15.8750 -23.0000 2.4250 127 242 93
-15.1875 -3.5000 3.1120 203 89 147
-3.3750 -20.0000 11.0950 52 72 161
-5.1875 -24.5000 5.8260 96 153 223
-16.3750 -9.0000 3.2680 198 84 118
2.8125 -20.0000 6.6810 107 167 184
8.8750 -8.0000 8.3070 20 192 103
3.7500 -17.0000 17.3050 61 79 70
9.3750 -0.5000 6.6240 72 186 133
-7.3125 -11.0000 3.1680 201 89 119
10.6250 2.5000 6.1110 125 204 148
-16.5625 -19.0000 3.4000 211 107 105
10.1250 -13.0000 10.2470 21 171 71
11.0000 -0.5000 12.1100 23 143 54
4.4375 10.5000 6.1330 157 153 177
12.0000 22.5000 4.6670 132 236 159
10.6875 12.5000 10.1320 90 121 68
-20.8750 -5.0000 3.2460 200 84 119
8.8750 1.0000 13.4680 48 105 55
-11.4375 -17.0000 3.3440 213 97 120
8.1250 -11.0000 10.5420 19 162 78
-8.6875 21.0000 5.4830 175 168 160
-21.9375 -23.5000 19.1100 41 38 116
19.9375 -12.5000 2.6690 139 232 111
11.3750 15.5000 12.9970 62 84 66
16.0625 -22.5000 2.5180 129 237 93
-3.1250 -8.0000 3.0430 198 71 105
22.7500 3.0000 15.3890 78 91 78
17.0000 21.5000 8.6070 27 196 116
-20.4375 -13.0000 3.3130 205 90 93
-18.6250 -18.0000 13.0600 24 44 155
6.8125 -4.5000 9.8230 19 129 133
1.6250 12.5000 5.9630 166 147 158
11.2500 12.5000 15.7900 83 96 64
-19.3125 -18.5000 16.7530 29 17 143
-9.8125 4.0000 3.0230 203 81 102
-11.3125 5.0000 2.9600 189 75 120
-8.6250 -3.0000 3.1020 193 93 144
-11.9375 20.0000 5.4770 185 153 161
19.3750 25.5000 15.9430 21 153 78
-17.8750 0.0000 3.0150 191 87 158
2.6250 -19.0000 5.6130 131 201 176
-14.6875 -23.0000 6.5630 64 134 222
-11.1875 24.0000 9.2830 114 120 87
0.4375 5.0000 14.5660 60 58 45
-7.4375 0.0000 3.0440 197 88 119
-14.6250 20.5000 5.4330 181 159 146
6.1875 -23.0000 8.5900 54 168 112
20.1250 21.0000 5.5720 77 254 135
-8.0000 17.0000 5.6380 171 156 156
-21.9375 -9.0000 3.2890 208 80 104
0.5000 7.0000 9.8420 86 88 87
1.1250 21.5000 12.0430 74 60 76
-10.0000 21.0000 5.4460 186 169 146
13.7500 19.5000 10.5210 40 110 106
-6.4375 -20.5000 6.1930 92 124 254
-16.9375 -22.0000 16.4190 27 34 138
-13.0625 13.5000 5.0320 151 209 154
3.3750 -8.0000 14.4490 26 69 116
-2.7500 -24.0000 7.2410 75 121 191
13.6250 19.0000 9.9280 44 111 107
9.6250 -11.0000 10.3680 15 183 66
17.1250 24.5000 2.6890 156 182 97
18.4375 -15.0000 6.5870 34 233 153
-19.5000 20.5000 5.2790 174 169 142
7.9375 5.5000 6.2660 137 193 158
-20.3125 -20.0000 9.6130 46 89 168
22.7500 -3.0000 6.6350 92 231 138
-1.2500 -12.0000 16.3900 43 47 91
15.1250 2.5000 6.4300 129 230 170
-23.4375 22.5000 5.0800 195 165 119
-0.7500 -15.0000 16.9040 38 63 88
-6.6250 9.5000 5.4760 131 171 164
-18.4375 21.5000 5.2380 190 161 145
11.2500 -9.0000 7.9090 40 207 78
0.1250 -5.5000 8.2530 36 127 185
5.1250 -14.5000 19.7760 46 103 56
-1.5625 23.5000 11.1970 71 93 66
3.8750 -12.5000 4.0190 153 247 37
5.1250 -12.0000 15.3050 26 105 37
16.9375 2.0000 6.4590 130 229 161
-24.3125 7.0000 2.9530 180 107 166
-16.9375 18.5000 5.3590 176 163 145
11.5625 0.5000 5.7770 134 201 159
9.1250 -8.0000 8.6430 18 194 95
17.1250 -14.0000 2.3490 133 221 67
-18.9375 -8.0000 3.2640 203 88 114
3.5625 12.0000 6.0580 163 145 182
-22.2500 -2.0000 3.1720 205 90 136
-10.4375 -16.5000 3.1860 217 59 117
21.5000 15.5000 17.1050 9 127 70
-22.0625 -12.5000 3.4300 206 113 83
-21.8125 -23.0000 18.3920 35 36 120
12.6250 24.5000 9.6090 47 125 115
21.3750 -4.0000 1.3060 183 137 47
21.5625 11.0000 12.3060 22 155 78
9.0625 3.5000 6.3010 119 185 177
-20.2500 1.5000 3.0370 191 84 145
-11.8125 13.5000 5.4070 141 191 165
5.5000 -6.5000 6.9050 51 174 167
-7.5625 -17.5000 3.2940 225 77 94
23.3750 -22.0000 3.8070 145 254 49
12.2500 13.0000 10.8600 69 113 88
-22.5000 2.5000 2.9760 192 86 154
16.4375 18.5000 13.0750 17 153 71
-21.6250 -9.5000 3.3740 208 100 88
16.2500 11.0000 10.1480 67 146 64
17.5000 -17.5000 7.7460 35 217 84
-16.3125 -13.5000 3.3500 207 96 104
-2.0000 24.0000 9.4890 71 120 68
-14.6250 -9.5000 3.2290 204 82 111
2.0625 -16.0000 13.9430 50 80 76
18.8750 -17.5000 5.1270 76 254 155
-5.5000 -5.0000 3.0830 190 100 141
2.3750 -1.5000 3.2040 201 87 87
14.1250 20.5000 13.3470 21 139 87
-11.5000 23.5000 8.6070 118 118 91
2.3125 -5.5000 9.2820 28 127 168
-2.7500 8.0000 15.8740 63 41 47
23.7500 -4.0000 6.5230 97 235 131
15.3750 12.5000 9.2290 63 163 62
-19.6250 13.5000 7.7940 49 126 152
-4.1250 10.5000 5.7100 159 159 168
6.0625 -22.5000 8.6050 51 169 116
-2.1875 -4.5000 3.3020 192 138 93
1.7500 -12.5000 14.6490 23 80 80
2.3750 5.0000 15.2010 74 55 56
20.0625 22.0000 5.3990 77 254 124
-8.6875 -8.5000 3.1930 197 90 138
-6.9375 -24.0000 5.3700 113 161 235
-9.8125 -7.0000 3.1610 201 88 135
10.5000 0.0000 7.6040 54 158 106
13.0625 1.5000 6.5160 114 211 134
7.9375 -22.5000 1.0680 149 103 47
21.4375 -20.0000 2.8200 158 166 115
6.7500 -7.0000 10.6010 21 121 110
24.0000 -3.5000 6.4850 103 233 129
8.0000 -15.0000 18.6700 28 111 42
3.9375 23.0000 9.7300 57 86 107
-9.2500 24.0000 7.6490 109 95 102
-7.0625 -17.0000 3.3160 227 91 98
22.5000 24.0000 8.1160 26 187 122
19.6875 2.5000 6.4970 141 190 186
-8.6875 -20.0000 3.3830 227 108 116
9.5000 -10.0000 12.1110 9 152 52
-7.8125 -18.0000 3.3280 227 88 92
4.8125 3.5000 14.5610 62 44 39
10.3125 7.5000 6.2070 155 165 184
7.0000 15.5000 11.3220 72 91 76
24.5000 -6.0000 5.2400 118 254 142
-19.3750 17.5000 5.1860 136 195 153
19.5625 5.5000 6.5750 140 231 179
2.3750 -20.0000 6.7200 107 165 185
6.0000 -11.5000 16.0250 27 115 48
13.6875 12.5000 10.1410 81 145 66
20.1250 12.0000 5.0360 98 254 140
8.5625 -17.0000 2.1610 143 154 93
-0.7500 4.5000 16.0640 70 50 39
12.2500 23.5000 13.3930 35 63 95
-16.0625 6.5000 12.1900 2 107 146
3.9375 -20.0000 6.4510 112 162 170
18.7500 -2.0000 6.5840 107 227 136
18.3125 -13.5000 2.3560 131 246 107
8.1250 7.0000 7.0060 126 152 161
-6.4375 -20.5000 3.4160 224 107 95
-20.9375 -15.5000 6.5920 53 130 230
12.6250 15.5000 12.6060 50 91 74
23.2500 16.5000 13.6970 15 152 65
-14.6250 2.5000 2.9760 194 79 161
9.4375 -13.0000 9.8900 22 173 79
-8.8750 14.0000 5.7040 148 163 166
-6.3750 -15.0000 14.0490 39 47 154
11.3125 11.5000 8.7550 85 133 89
22.5625 -11.5000 2.4180 144 159 125
23.7500 -9.5000 2.7030 159 201 102
6.2500 12.5000 6.1230 154 145 168
-9.9375 17.5000 5.5980 173 157 163
-15.0625 -22.0000 6.6350 61 135 236
15.7500 12.5000 9.5340 56 174 64
10.9375 7.5000 6.3190 153 159 177
17.4375 -19.0000 4.4980 105 254 116
9.0000 -18.0000 11.0480 36 155 72
-4.3750 6.0000 18.4140 56 51 58
15.8125 3.0000 6.3790 135 232 172
19.1875 -16.0000 6.9750 25 218 152
19.1875 24.0000 9.3960 24 193 81
8.4375 -19.0000 20.4390 38 111 33
-18.5625 2.0000 2.9890 191 82 151
4.3750 -3.5000 11.9090 11 96 139
10.1875 -6.5000 6.7950 48 209 117
-11.8750 -1.5000 3.0840 204 93 135
14.6875 -23.0000 4.7910 89 254 98
15.9375 7.5000 6.4800 137 205 137
25.2500 21.5000 5.0580 87 254 137
-12.8125 -21.5000 3.4280 220 119 81
3.5000 -12.0000 13.9640 17 104 64
5.5000 -21.5000 21.9890 45 63 63
-1.8750 -18.5000 15.0160 48 50 119
-13.8750 25.0000 5.4570 181 153 128
22.5000 17.5000 16.3300 10 129 68
-3.0000 13.0000 5.9080 158 162 183
24.9375 -14.5000 2.4400 136 150 105
21.6250 7.5000 8.7670 67 150 69
2.1875 -14.5000 14.2750 37 87 71
3.3750 16.0000 11.5760 78 84 37
-1.7500 -18.5000 15.0600 50 50 117
-10.1875 5.0000 3.2750 208 121 70
18.7500 15.5000 16.4540 14 139 57
-19.6875 -23.5000 16.3320 36 50 123
-22.1875 -23.0000 18.4880 36 37 122
23.6875 -10.5000 2.7830 153 184 114
-18.5625 18.0000 5.1210 144 197 141
-1.2500 13.0000 5.9540 166 151 185
-20.2500 -10.0000 3.3710 201 100 89
-17.7500 8.0000 8.3690 23 141 184
3.9375 22.0000 10.6250 56 77 97
24.3750 6.0000 15.8280 71 96 15
1.8750 -21.5000 6.8080 109 156 178
22.0625 0.0000 6.5250 116 236 183
-18.0000 -22.5000 9.8040 40 88 172
-1.0625 -23.5000 3.9100 173 192 86
-17.2500 -1.0000 3.0870 196 92 141
3.5000 3.5000 16.4080 64 26 46
-2.7500 -21.5000 3.8390 179 199 84
-18.3750 -18.0000 5.1990 94 187 237
-11.5000 -6.5000 3.1660 202 99 136
5.3750 11.0000 6.0700 165 151 190
12.1875 6.5000 6.3490 154 185 192
-14.0000 8.0000 8.8500 23 136 164
16.6250 21.5000 15.9240 9 128 70
-10.5625 21.5000 5.3050 189 163 131
-1.2500 -4.5000 3.5110 173 164 76
-16.1875 22.0000 5.2920 193 157 158
-6.5625 15.5000 5.7360 166 171 161
19.9375 25.5000 17.2800 18 154 73
15.5000 10.0000 7.4330 83 150 87
5.7500 1.5000 12.5820 44 88 58
-13.1875 0.0000 3.0110 187 94 157
21.7500 -10.5000 2.3580 156 182 132
6.6250 -13.5000 17.5590 26 109 38
-0.5000 24.5000 9.5640 66 117 80
0.8750 -17.0000 15.5470 52 62 71
-10.5625 -4.0000 3.1390 194 92 136
5.0000 14.5000 8.1860 88 141 122
-19.2500 13.0000 5.0220 101 225 178
-8.5000 -15.5000 3.1670 221 70 114
-19.8750 -16.0000 3.4520 192 116 83
-5.7500 -7.5000 3.0610 194 93 134
-7.1875 22.0000 5.3410 171 177 131
-0.5625 7.5000 5.5100 160 172 172
2.0625 -9.0000 5.1100 93 230 173
24.8750 23.0000 5.5840 86 223 120
23.2500 13.5000 0.3330 154 95 21
23.6875 -1.0000 6.5560 118 230 162
-11.1250 -14.0000 3.2210 210 83 129
3.1250 -23.5000 7.4250 102 144 147
-7.8125 -14.0000 3.1390 210 62 113
12.0625 -14.0000 4.8840 99 254 118
-1.8750 -24.5000 6.2380 95 150 192
0.1250 20.5000 9.8930 65 103 71
22.1875 8.5000 16.2890 52 97 31
21.3750 23.0000 5.2460 84 254 160
15.8750 -19.0000 7.6330 24 219 99
20.3125 -21.5000 3.3230 183 209 46
-16.4375 -16.5000 3.4600 201 111 93
21.7500 0.5000 6.5810 121 218 188
2.0625 -7.5000 8.8410 34 119 163
-19.0625 -3.0000 3.1500 201 89 146
-5.0000 19.0000 9.9470 90 110 47
10.7500 7.0000 6.3410 152 160 176
-7.6250 -12.0000 3.1810 208 82 114
-17.6875 11.5000 6.2170 63 150 203
-14.3125 7.0000 2.9050 184 87 130
-4.8125 1.0000 3.5450 182 186 53
18.5000 7.5000 6.4940 120 254 150
-10.2500 -21.5000 3.4200 229 120 117
-4.2500 -21.5000 3.4150 224 116 89
-8.1250 25.0000 7.2730 113 114 79
15.0000 21.5000 15.8740 19 111 59
-24.6250 22.0000 5.2140 174 160 136
7.9375 -12.0000 10.5130 29 177 63
24.2500 -2.0000 6.5200 131 225 128
-11.7500 -21.5000 3.4770 218 136 81
-20.3125 -17.0000 10.7460 33 78 165
-17.3125 12.5000 6.7170 61 126 171
5.5000 -20.0000 21.4250 49 66 66
-2.0000 12.5000 5.9450 163 156 162
-16.5625 17.5000 5.2500 160 195 133
-11.5000 -4.0000 3.1190 201 96 137
-5.8125 3.5000 12.4150 42 93 102
-3.8125 16.0000 7.0080 121 128 147
-4.7500 -23.5000 7.1260 71 118 213
-10.8125 -9.5000 3.2310 201 96 119
-22.6875 -16.0000 13.2730 19 50 150
23.1875 -20.0000 3.2870 185 175 46
25.0625 1.0000 13.1410 87 138 52
7.2500 -21.0000 21.9280 41 65 56
-18.4375 -1.5000 3.0880 204 86 140
-23.6250 10.0000 2.9250 188 99 169
-20.2500 -1.0000 3.1130 196 92 146
8.4375 -6.0000 8.8400 17 200 101
-5.3750 -21.5000 4.6420 128 210 221
0.6250 23.0000 9.8760 58 110 88
15.6875 0.5000 6.5040 105 231 158
-8.6875 17.0000 5.6490 169 158 161
-2.1875 -20.0000 15.4870 47 48 117
-22.6875 -2.5000 3.1080 193 97 155
18.4375 8.0000 7.4780 84 148 104
12.4375 23.5000 5.2330 116 210 187
1.5000 15.0000 9.5280 95 90 62
-7.6875 9.5000 6.8820 82 121 130
7.6250 -18.5000 22.2790 51 69 45
-16.6875 -20.0000 3.3700 214 104 112
-19.8125 -19.0000 19.7510 37 26 146
-15.1250 -11.0000 3.3110 203 97 100
-16.6250 -21.5000 6.5620 67 132 237
-5.5000 16.5000 6.4630 133 142 154
4.9375 19.5000 10.8850 65 63 79
-0.0625 -15.5000 14.7320 32 68 84
8.5625 -8.5000 13.5760 19 134 46
5.4375 19.5000 11.3790 51 71 103
0.0000 -11.0000 17.2160 32 42 97
-9.9375 0.0000 3.0650 194 93 138
2.1250 12.0000 5.9720 160 157 173
10.8125 3.0000 6.3230 135 186 146
-17.8125 -6.0000 3.1440 199 74 141
22.6250 14.0000 12.2160 15 166 90
9.5000 -1.0000 10.6690 20 150 72
-24.0000 11.5000 3.0940 203 96 120
24.1875 16.0000 9.7090 37 185 86
22.2500 4.5000 15.8400 70 89 49
19.5000 20.0000 5.1750 83 254 162
-3.8125 25.0000 4.5760 161 209 77
7.5625 -6.0000 12.9700 23 93 88
-1.4375 -11.0000 16.0490 38 39 103
10.0625 19.0000 3.6540 193 156 18
0.1250 -24.0000 7.0880 94 135 160
22.6250 -11.0000 1.9610 167 154 91
6.0000 4.0000 5.5710 146 187 165
20.8750 13.0000 13.7560 20 163 81
-10.6250 13.5000 5.4320 140 179 173
-23.6875 14.5000 6.5790 87 144 168
-3.2500 21.5000 11.1800 81 82 61
9.2500 -18.5000 6.6910 55 228 111
-12.1250 12.0000 13.2080 37 70 90
4.3125 -2.0000 12.8610 28 83 112
-15.5000 -14.0000 3.3600 207 99 100
-21.1250 -15.0000 3.4120 207 112 67
-14.4375 4.0000 3.0150 196 81 127
-15.0000 13.0000 10.7730 36 96 87
5.0000 11.5000 6.0740 158 155 171
15.6875 8.5000 7.2480 96 161 118
2.7500 -21.0000 6.6440 108 161 187
19.8750 13.5000 12.7240 17 156 74
-4.1250 23.0000 10.6560 75 87 69
2.7500 -18.5000 5.5080 132 206 174
-9.4375 12.5000 8.0580 67 122 106
-22.1875 -5.5000 3.3070 201 104 111
20.3750 12.5000 11.2770 37 158 82
0.1875 -19.0000 13.9860 49 71 99
11.0000 -5.5000 0.9510 154 134 21
8.1875 -20.5000 21.1250 55 114 7
15.5625 10.0000 7.5640 83 145 81
-20.5000 -19.0000 19.4960 29 26 113
7.5000 -21.5000 5.3030 103 219 166
-2.1875 -17.5000 15.0060 49 50 122
-8.5625 14.5000 5.6860 152 163 164
14.3750 19.0000 11.2670 20 128 98
8.7500 8.0000 6.1920 155 168 192
-10.1250 -20.0000 3.3030 236 87 119
-14.1875 -20.5000 5.3100 91 176 246
11.6875 -8.5000 6.9240 47 227 113
7.7500 -16.0000 20.3880 36 100 42
-15.7500 1.5000 3.0060 199 79 154
-23.1250 -22.5000 20.2900 41 31 123
-3.6875 -18.5000 15.7790 47 50 128
23.0625 -23.0000 3.6850 154 249 39
6.5625 -11.0000 12.8210 24 119 67
19.4375 19.0000 4.0660 134 254 55
-20.3750 8.0000 3.0440 200 103 126
-4.3750 18.5000 9.8070 103 80 38
-4.8125 -6.0000 3.0500 183 96 141
-13.0625 -5.0000 3.0630 193 94 164
-10.3750 10.5000 9.5860 58 96 97
6.1875 -5.5000 13.8250 25 75 94
10.1250 5.0000 7.4270 98 148 145
-3.9375 18.0000 9.8000 103 90 43
8.6875 -19.5000 7.4650 46 210 91
-2.0625 11.0000 5.8730 157 165 167
-10.1250 -10.0000 3.2420 208 96 126
-6.5000 -2.0000 3.0820 203 87 139
2.6250 -22.5000 6.8880 104 155 173
-18.5625 -23.0000 15.5680 34 46 127
-4.0625 18.5000 5.8440 168 171 126
-2.9375 22.5000 10.5210 69 92 68
-14.6250 -19.0000 3.3480 222 104 113
5.1250 9.0000 6.1520 157 157 175
-6.0625 3.5000 15.1250 28 79 98
2.1875 20.5000 10.5920 61 101 80
-6.3750 -3.5000 3.1030 196 96 150
-0.7500 4.5000 14.6070 64 60 47
11.8750 21.0000 3.5690 195 153 19
16.1875 25.5000 5.1020 91 254 126
-19.0625 1.5000 3.0340 193 84 141
-23.9375 16.5000 6.1110 112 158 141
-18.7500 17.0000 6.1690 97 153 150
-17.4375 2.5000 3.0190 187 87 146
-10.8750 7.5000 6.1250 73 160 199
14.5000 4.5000 6.3990 141 205 188
-13.1875 15.0000 5.3970 168 191 150
-18.6875 7.0000 2.9620 190 90 123
24.3750 14.5000 0.3090 155 114 16
6.9375 -19.0000 22.1210 50 68 48
-6.8125 19.5000 5.5730 166 180 142
5.5625 -4.0000 13.9940 11 91 120
-15.3750 -23.0000 5.4670 86 176 239
-16.5000 -9.5000 3.2010 202 71 121
17.9375 18.0000 12.0980 13 165 84
18.0625 3.0000 6.5010 134 230 189
22.0000 -15.0000 2.8300 166 160 111
19.5625 13.5000 12.6950 14 157 75
3.4375 -2.0000 3.2820 204 111 64
1.9375 15.5000 9.5020 97 70 59
-9.4375 -7.0000 3.1680 202 90 132
25.2500 16.5000 9.6700 44 183 79
0.5625 -4.5000 8.5610 15 131 196
7.8125 19.5000 11.0160 51 72 104
22.0000 22.0000 11.3640 6 164 87
15.5000 -16.0000 5.8340 57 239 160
11.5000 -7.5000 5.9790 67 254 121
0.2500 0.5000 16.6710 28 68 102
-11.5625 19.0000 5.4110 186 156 155
0.0625 -2.5000 3.1770 187 88 106
-21.5000 -15.0000 3.4340 206 118 66
13.8750 13.5000 12.5710 69 107 63
9.0000 19.5000 9.9450 48 88 129
-0.7500 -17.0000 15.9110 35 73 95
3.1250 -7.5000 15.0780 23 65 112
-5.8750 24.0000 7.0830 98 144 83
18.7500 17.0000 16.0570 8 140 60
10.0000 11.5000 9.9890 103 117 99
7.3125 -11.0000 14.7360 23 110 39
-5.0625 -21.5000 4.7970 121 205 227
4.6875 -10.5000 14.7320 23 99 51
10.7500 9.0000 6.2550 163 155 179
-2.7500 -6.5000 3.1220 203 82 100
24.9375 -22.0000 7.0720 42 186 143
-0.1250 -13.5000 12.0010 32 107 99
3.0000 -16.0000 17.3650 47 67 67
-3.3750 8.5000 4.8830 164 205 139
3.8750 16.5000 12.2650 76 82 39
18.8125 21.0000 9.9290 16 185 87
-13.5625 0.0000 3.0560 200 97 138
18.0000 21.0000 14.3860 11 155 77
-17.4375 -8.5000 3.2730 198 86 116
-15.4375 11.5000 6.4760 54 159 191
23.3750 -20.5000 3.3620 181 190 41
-0.5625 0.5000 15.0070 46 76 84
5.6875 -17.5000 19.5110 53 84 52
9.0625 -8.5000 12.9520 14 144 52
-18.6250 -16.0000 6.2020 63 136 245
-9.2500 17.0000 5.6400 169 159 164
4.4375 22.0000 10.2000 58 81 97
-3.5000 14.0000 5.9320 156 159 188
-9.5625 10.0000 10.0740 50 92 88
-7.3750 -21.5000 3.4290 221 111 100
-19.3750 5.0000 2.9710 187 89 139
9.0000 15.0000 10.9060 59 108 91
9.5625 -2.5000 9.8510 20 166 98
-12.7500 -16.0000 3.3740 214 112 110
9.3750 25.0000 5.1700 122 151 180
4.7500 18.0000 12.9250 77 61 49
0.8750 -0.5000 15.6140 20 74 102
5.8750 12.5000 6.0480 162 149 175
-20.8125 -16.0000 3.4580 204 127 60
5.4375 3.0000 13.5520 54 66 62
-6.1875 6.0000 13.6400 36 71 106
7.1250 2.5000 5.5310 129 205 140
11.9375 -11.5000 7.2620 30 228 104
-0.1250 16.0000 5.8240 147 171 150
-3.9375 8.5000 15.8800 67 42 53
20.8750 21.5000 7.6970 36 202 134
-18.8125 4.0000 2.9680 189 86 135
18.1875 -14.5000 6.1590 50 240 134
14.4375 18.0000 8.1310 37 190 113
-19.1250 -20.0000 16.2300 30 35 134
3.8125 -10.0000 11.2750 23 108 107
-3.3125 -11.0000 14.4470 30 54 133
10.1875 -6.5000 6.9390 44 206 115
-6.5000 -16.0000 14.0120 39 49 152
-19.8125 6.0000 2.9630 180 101 142
-10.4375 -21.5000 3.4210 227 119 119
6.8125 -2.5000 14.0920 13 89 116
-6.6250 -15.5000 13.8600 39 49 154
-22.5625 12.0000 3.0550 207 90 117
-11.9375 24.5000 7.6970 122 117 105
20.7500 25.0000 12.6200 21 177 72
-16.3125 -18.0000 3.5130 198 136 89
22.8750 9.5000 14.7230 40 125 53
22.3125 -21.0000 2.7790 164 148 114
6.3125 -9.0000 16.7630 15 96 60
11.6875 -1.5000 1.1290 187 131 21
6.2500 14.0000 10.6470 83 102 89
-4.3125 25.5000 4.8580 152 201 91
-4.8750 5.0000 15.4310 42 52 79
-18.0625 16.5000 5.5500 120 177 162
-1.6250 -14.0000 17.3690 39 45 98
5.8125 2.5000 12.4380 43 89 56
-11.1875 7.5000 5.9650 68 165 192
-20.1875 -7.0000 3.2500 199 82 110
24.6875 17.5000 9.5930 37 166 87
-20.0625 24.0000 5.2760 192 162 140
-17.3750 -17.0000 12.9310 32 38 160
-7.2500 -2.0000 3.0230 181 100 178
-17.1875 -2.0000 3.0010 192 71 160
-20.5625 7.5000 2.9410 191 97 146
-12.5625 3.5000 2.9820 194 82 142
23.0625 -14.0000 3.1250 182 170 69
-0.5625 4.0000 15.7120 70 53 37
4.7500 8.5000 6.1250 150 178 158
0.5000 7.5000 9.5380 84 93 87
6.6250 -12.0000 7.1920 57 171 127
25.0625 -19.5000 3.2950 175 175 37
-21.5625 -16.5000 13.0360 17 54 147
-20.6250 16.0000 7.9990 79 135 101
-0.3750 2.0000 16.6150 56 50 53
2.0625 7.0000 5.8170 156 164 167
21.2500 -9.0000 1.7950 164 153 65
18.5000 -19.0000 2.3720 140 172 122
-10.4375 -23.0000 3.5580 198 151 94
9.1875 -11.0000 7.3440 41 198 114
-20.8125 15.5000 7.3850 79 149 117
19.9375 24.0000 9.0900 28 204 92
21.4375 -3.0000 6.6420 94 227 144
-3.8750 -20.5000 11.7350 54 73 150
-20.1875 -9.0000 3.3340 201 98 106
11.0625 10.5000 6.4150 151 165 178
-16.2500 4.0000 2.9790 192 76 139
-19.8125 -18.0000 13.3070 26 67 145
8.8750 -10.5000 7.9760 32 189 103
23.4375 -21.0000 2.9950 175 160 80
7.3750 -20.0000 15.7730 47 92 47
4.0625 -13.5000 5.7190 83 212 158
-24.4375 25.0000 5.2100 205 124 103
9.6875 -15.0000 8.7810 24 163 99
-8.7500 12.5000 5.9150 122 157 144
16.0000 1.0000 6.4480 125 233 158
-4.5625 18.0000 5.6100 176 173 140
-15.9375 -8.5000 3.2350 198 80 122
11.1250 19.5000 3.6090 195 160 17
6.1875 -11.0000 12.9470 25 116 68
-0.2500 -6.0000 7.7660 40 134 197
-13.9375 13.5000 9.0210 56 108 110
7.0625 2.0000 5.3440 133 216 137
22.8750 22.5000 10.8750 9 165 86
18.5000 -16.5000 1.7050 139 136 53
-3.4375 -14.5000 17.1910 37 59 122
1.8125 13.5000 5.9260 169 143 177
-2.9375 18.0000 10.0160 93 98 78
-8.8750 9.0000 7.2380 57 136 145
-20.1250 -18.5000 19.7530 38 28 149
21.8750 -11.5000 2.4130 143 159 129
4.1875 -9.0000 8.2210 33 151 136
-11.1875 24.5000 9.0100 115 124 89
3.4375 23.5000 3.7530 195 169 14
20.2500 22.0000 7.7080 28 192 138
-21.8125 22.0000 5.1290 189 175 129
-18.5625 -23.0000 14.7160 33 51 132
23.6250 3.0000 20.2900 91 83 55
-1.8750 -2.0000 6.2530 64 131 225
9.0000 -3.0000 12.5990 8 138 89
23.3750 4.5000 19.0370 78 101 51
-19.8750 15.5000 7.4730 59 139 151
3.5000 15.5000 10.7350 82 96 35
-7.8125 -22.5000 3.4270 219 109 104
17.5625 -20.5000 2.4400 120 251 109
15.6250 24.5000 7.2790 58 192 128
17.8750 -19.5000 2.2300 142 154 113
3.1250 -2.0000 3.2130 202 93 80
-7.1875 7.5000 7.5320 75 122 124
10.5000 -2.5000 2.4720 158 139 82
3.5000 -17.5000 8.9000 83 137 113
19.2500 11.5000 9.9290 46 164 78
11.1250 18.5000 8.0500 56 116 128
-2.0000 11.0000 5.9460 150 167 167
-13.0625 -22.0000 5.4370 97 174 254
17.5000 5.0000 6.4450 144 238 187
-6.1875 -16.5000 14.5340 41 47 148
1.4375 -0.5000 17.2470 24 64 96
20.5625 19.5000 14.9490 10 145 67
14.5000 19.5000 16.3180 22 106 72
19.7500 -0.5000 6.4560 116 234 142
11.0625 3.5000 6.2540 141 184 148
-7.7500 9.0000 5.1180 120 202 152
21.1250 14.0000 13.6900 16 160 82
20.9375 6.5000 13.7010 81 139 52
22.6250 -7.5000 2.8310 188 209 101
9.1250 18.5000 10.6590 49 84 121
-22.0000 19.0000 6.4640 100 144 128
9.9375 -9.5000 0.8510 147 104 31
-24.4375 -21.5000 17.7060 44 54 117
8.4375 6.0000 7.2660 107 155 145
13.0625 24.5000 16.8630 42 59 91
19.0000 -18.0000 5.2270 74 254 160
7.2500 -17.0000 19.1800 40 95 32
-11.0000 12.0000 6.8460 72 141 130
-1.5625 -22.0000 4.0020 164 206 108
-2.1250 5.0000 18.0760 58 38 56
21.8125 -3.0000 6.6520 92 229 143
-17.1875 -20.5000 15.7840 36 33 126
-11.9375 -22.0000 3.6440 195 185 88
-9.1875 -16.0000 3.1680 224 68 116
-6.8750 -20.0000 3.4020 229 112 101
-0.8125 21.0000 12.3600 74 68 44
16.3125 25.0000 7.0500 72 203 113
17.0000 11.5000 10.4950 68 147 58
8.8125 14.0000 10.9160 66 116 78
-21.7500 2.0000 3.0130 198 87 143
1.1250 -0.5000 15.9730 21 75 98
18.2500 25.0000 0.7120 140 96 54
-12.8750 1.0000 3.0240 198 80 140
15.0000 17.0000 13.3010 21 153 55
15.3750 0.0000 6.6010 96 224 162
-20.7500 2.5000 2.9940 190 91 146
3.8125 -17.0000 14.9130 62 78 68
11.0625 -3.0000 2.7410 170 146 52
-23.3750 16.0000 6.2060 98 160 170
16.6875 18.5000 14.7570 19 142 51
9.8125 -9.5000 4.1590 127 254 48
-3.0625 1.5000 17.6580 38 60 80
12.5000 13.0000 17.5410 70 89 53
15.6250 22.0000 2.7280 177 144 113
-23.9375 17.5000 5.2970 133 181 143
8.1250 21.5000 8.8370 61 71 137
-0.5625 19.5000 12.9980 73 72 54
1.3125 24.5000 3.8170 188 166 10
0.9375 -17.0000 14.0840 54 63 82
-24.5625 2.0000 2.9830 190 95 172
-22.8750 21.5000 5.1890 170 180 139
9.9375 -8.5000 8.0460 29 183 98
-16.3750 -9.0000 3.2330 199 77 122
17.7500 17.0000 16.8570 13 138 69
6.6250 -11.5000 8.1280 45 174 102
9.5000 -1.5000 6.3230 72 190 150
0.2500 4.5000 10.5210 69 95 81
-12.8125 -4.0000 3.1260 204 91 141
4.0000 3.0000 16.0580 57 49 51
-17.9375 -18.5000 14.1670 24 31 147
-15.8125 8.5000 5.0900 84 215 224
-21.6875 -12.5000 3.4200 207 111 82
17.3750 -18.5000 6.6470 36 236 115
11.1250 -4.0000 2.7970 167 164 67
-11.8750 -4.0000 3.1220 203 94 137
24.6875 -4.5000 6.6210 99 216 122
-17.1875 -22.0000 16.2210 31 41 128
25.1875 -22.5000 3.6170 147 218 37
15.8750 24.0000 14.1350 16 145 72
-17.0625 -22.5000 15.9840 30 41 134
-5.6875 -19.5000 6.4640 89 134 243
8.3750 -1.5000 13.4760 13 109 79
23.4375 6.5000 16.0280 62 90 21
16.0000 11.5000 10.1850 67 144 65
8.4375 -18.5000 2.6030 150 180 104
4.3750 23.5000 3.7300 196 161 16
6.4375 7.0000 7.8240 112 140 155
21.6875 20.0000 2.4080 153 147 131
-24.5625 23.0000 5.0880 201 146 107
11.7500 14.5000 12.6460 67 102 70
-7.9375 0.0000 3.0180 196 85 121
12.0000 -7.5000 4.4200 117 254 72
-12.4375 10.5000 14.2100 24 59 99
0.6875 16.0000 8.8990 76 96 74
1.8125 -16.0000 13.6450 50 75 90
10.0625 -12.5000 9.8110 21 173 78
-18.7500 4.5000 2.9780 192 87 135
-3.6875 20.5000 11.0760 84 87 41
-12.1250 -9.5000 3.1700 208 79 126
9.6875 -1.5000 10.0560 23 157 75
4.3750 4.5000 15.9560 75 45 42
-12.0625 -6.5000 3.1860 205 100 134
10.6875 20.5000 3.6090 195 143 25
-22.8750 -19.5000 13.7650 28 71 125
-6.0000 -14.5000 12.6040 46 52 158
5.6875 1.5000 12.3850 44 93 57
-19.9375 7.5000 2.9150 183 87 140
0.1250 -7.5000 3.3780 200 122 48
-0.5000 -9.5000 15.9490 24 48 107
12.8125 6.5000 6.3560 160 190 169
-2.4375 0.5000 7.3660 75 104 156
-2.0625 -12.0000 17.4910 32 35 107
-4.1875 -15.0000 15.8950 44 68 123
-22.3750 5.0000 2.9910 187 93 142
8.3125 7.5000 6.2330 154 166 185
25.0625 -21.5000 3.3810 173 195 32
-1.8125 20.0000 11.8460 84 82 31
-14.3750 -2.0000 3.1040 202 81 141
-19.3750 -15.5000 3.4480 196 116 80
-5.3750 8.5000 4.9940 135 204 147
14.0000 17.5000 8.9260 45 125 104
-15.9375 -22.0000 6.5310 64 137 238
0.6250 -18.5000 15.7720 52 59 92
9.5625 25.5000 9.7700 74 70 138
15.7500 0.5000 6.5580 101 226 158
-17.8750 -24.0000 12.8970 47 61 136
11.0625 11.0000 6.3930 147 193 157
-14.0000 8.0000 6.7480 41 150 198
-8.8750 -1.5000 3.0040 193 86 145
13.9375 15.0000 11.9680 60 113 73
-13.1250 -18.0000 3.2060 216 72 152
-9.6250 14.5000 5.6810 150 162 166
4.6875 25.0000 3.8070 182 152 42
-16.1250 24.5000 5.3360 195 143 151
-23.2500 24.0000 5.1500 201 156 119
7.6875 -20.5000 22.1090 49 81 31
-3.6250 13.0000 5.8890 158 162 181
9.8750 -9.0000 11.8620 11 151 53
9.6250 -1.0000 12.7100 12 137 64
-18.3750 -19.5000 14.1980 27 33 148
-22.8750 -14.0000 3.4030 208 106 86
-15.8125 21.0000 5.3240 194 168 140
-2.4375 -2.5000 4.8290 98 211 217
-21.8750 0.5000 3.0530 192 102 152
7.6250 -21.0000 21.9690 42 66 54
18.0625 25.5000 17.2410 26 133 40
17.3125 2.5000 6.4800 140 227 174
-18.1250 -19.0000 14.3130 25 30 147
0.5000 -11.5000 17.0170 38 51 88
23.5625 -21.5000 3.5040 171 228 34
9.1875 1.0000 12.5720 44 109 57
-22.2500 19.5000 6.5040 99 144 130
-23.8750 -13.5000 3.3190 203 91 111
-3.3750 -5.5000 3.0160 187 90 134
-15.5000 -2.0000 3.0390 200 86 146
-3.5625 3.5000 17.8520 47 61 80
19.1875 6.5000 6.5340 137 243 156
-16.9375 22.0000 5.3650 194 157 153
23.1875 16.0000 0.2540 153 98 7
-4.3125 18.5000 5.7410 176 173 124
8.6875 -12.5000 15.0220 20 132 45
-3.8750 -21.0000 3.4230 225 117 86
6.5625 -11.0000 12.8640 24 118 67
3.7500 6.0000 12.8690 70 83 61
1.3125 1.5000 17.5800 59 47 43
6.6250 -15.5000 20.7800 34 92 49
19.9375 16.5000 17.1430 11 137 58
0.5000 2.0000 18.0970 55 41 51
-11.8750 23.0000 5.4950 176 165 154
20.9375 15.5000 0.3500 149 94 23
16.6875 -23.5000 1.6610 133 171 60
-0.6250 -12.5000 12.5270 26 103 101
-4.0000 -22.5000 3.4870 204 134 73
-9.0000 20.5000 5.4200 183 155 164
-17.3750 23.0000 5.3250 192 159 149
-23.0625 6.0000 2.9050 178 103 164
-4.9375 8.5000 5.7660 112 144 167
-0.1250 18.5000 9.6500 71 105 69
19.5000 -6.5000 0.8140 154 125 15
-6.5625 -8.5000 3.1550 200 104 129
-19.5000 -5.5000 3.2170 197 99 133
21.3750 23.5000 8.7860 24 194 97
-8.3750 -24.0000 3.5490 197 138 106
3.9375 -6.5000 8.2610 34 142 165
-6.7500 -21.0000 3.4210 225 109 94
-17.3750 -21.5000 16.4430 28 36 132
20.1875 -13.0000 2.6850 139 231 107
-14.9375 4.0000 2.8730 184 73 152
-15.3125 3.0000 2.9210 189 75 174
-17.2500 -3.0000 3.1270 202 95 144
-22.3750 -16.0000 13.4060 17 49 148
-24.5625 -20.5000 13.8530 43 73 133
14.1250 24.0000 14.0090 35 111 78
5.1875 -0.5000 12.6990 25 106 91
8.5625 22.0000 3.6600 204 143 32
21.3750 -21.0000 2.9680 179 156 87
-18.0625 -14.0000 3.3920 202 95 90
7.0625 8.5000 6.1880 156 170 161
11.4375 6.0000 6.3150 151 186 189
12.7500 9.5000 6.4650 141 179 150
5.0625 -8.5000 17.5700 28 84 80
-3.6250 -21.0000 3.4380 224 122 82
-15.0000 0.5000 3.0570 202 78 141
-24.0000 7.5000 3.0110 185 109 155
-18.7500 -24.5000 16.3260 52 47 126
11.0625 -13.5000 8.6250 26 166 95
1.5625 15.5000 9.3260 92 84 68
-20.2500 20.5000 5.2130 175 183 133
2.5000 17.5000 11.6370 79 85 42
-4.2500 3.0000 18.1120 44 59 80
-23.3750 -20.0000 6.3330 69 142 210
-18.1250 18.5000 5.2700 164 172 124
-16.1250 -1.5000 3.0880 203 89 141
13.2500 -24.5000 6.3140 52 230 120
24.0625 22.0000 7.2060 51 190 129
-3.5625 0.5000 15.0050 24 65 124
0.5625 -12.5000 13.6490 20 83 92
-16.5000 14.0000 6.0460 84 149 165
18.0000 -1.5000 6.5860 109 226 144
-20.3750 25.5000 5.1370 195 160 136
-5.3750 -7.5000 3.1220 197 101 120
-15.5625 16.0000 5.3450 152 180 146
-6.7500 -0.5000 3.0330 199 82 146
-3.5000 2.0000 17.7090 38 59 83
9.1875 -7.5000 8.5570 17 194 99
22.3125 4.5000 17.7500 73 94 59
-7.8750 -17.5000 3.2830 223 75 100
13.7500 -1.5000 0.9130 190 121 14
-4.0000 5.0000 18.6790 63 37 63
-3.8125 -6.5000 3.0800 198 74 110
-16.2500 5.5000 2.9630 187 80 142
-9.8750 -11.0000 3.2160 209 104 131
17.1250 16.5000 4.5770 117 254 105
-17.1250 20.0000 5.2580 188 170 125
-9.9375 11.5000 6.7060 74 150 138
-6.5000 -12.5000 8.4240 47 126 192
18.3125 23.0000 8.5410 19 202 104
-22.4375 -11.5000 3.3960 204 105 91
3.9375 13.0000 5.8930 163 163 173
12.6250 24.5000 13.7920 45 65 92
-22.8125 22.5000 5.1840 187 168 129
-16.9375 12.5000 6.5650 58 147 166
8.2500 -4.0000 10.3570 26 155 103
7.0625 -15.5000 19.3530 31 103 38
10.1250 -10.0000 12.0870 10 153 49
0.1250 -3.0000 3.1460 191 82 107
-4.3750 -18.5000 14.4460 53 50 139
-24.5625 4.5000 3.0220 171 108 164
-23.0000 1.0000 3.0840 189 105 154
1.2500 16.5000 9.2790 76 98 65
8.3750 -7.0000 14.8300 19 123 47
-20.1250 -24.5000 18.7910 46 31 122
10.0625 -6.0000 6.1000 63 217 138
9.5000 12.0000 8.2020 109 135 131
1.6875 22.5000 9.6410 61 92 88
-19.1250 -21.5000 4.7470 115 205 216
24.6250 18.0000 9.6170 35 166 93
17.1875 13.0000 7.6430 61 174 107
23.6875 0.5000 6.4800 132 229 172
-18.8125 -20.5000 3.3260 219 93 92
-12.6875 22.0000 5.3580 183 174 154
-18.9375 -22.0000 19.5730 33 20 137
13.6250 -22.5000 6.1110 58 254 102
18.2500 -0.5000 6.5750 112 227 151
3.0000 -17.0000 16.6140 54 80 61
-22.6250 -21.0000 18.9880 31 34 129
-23.3750 -18.0000 6.0220 75 140 218
9.3750 -4.0000 11.9380 6 144 89
-21.5000 -5.5000 3.2450 199 78 119
-23.1875 16.5000 6.6360 100 146 134
-21.7500 -17.5000 12.7590 19 77 144
15.4375 10.0000 8.7820 75 158 60
-0.7500 15.0000 5.8410 158 149 157
-11.3750 13.5000 5.4360 141 187 160
-16.0000 9.5000 7.4330 35 159 180
4.6250 -15.0000 16.6400 46 79 62
-6.6250 -4.5000 4.4300 107 239 201
-17.6875 0.0000 3.0350 191 89 154
-4.2500 2.0000 17.3410 43 62 86
6.1875 -13.0000 17.1400 23 108 45
25.0000 -1.0000 6.5960 118 239 157
19.4375 -18.5000 5.7600 60 236 160
2.0625 -9.0000 5.0110 94 233 171
-19.6250 -1.0000 3.0860 199 84 147
-5.8125 -4.5000 3.2070 200 113 118
14.2500 13.0000 12.4500 50 132 45
-20.8125 -21.5000 19.7850 30 28 119
-0.4375 8.5000 9.8560 87 86 95
-7.6875 5.5000 6.4340 68 156 174
21.0000 -22.0000 3.1260 187 168 63
5.6250 -19.0000 22.3700 56 67 54
10.5625 24.0000 3.6430 196 145 24
7.4375 -19.0000 22.4570 52 67 45
19.5625 20.5000 3.5890 173 254 0
-6.6875 23.5000 7.3210 90 141 83
7.7500 4.5000 6.2370 134 166 142
-14.9375 16.0000 5.3960 153 177 141
-14.6250 23.5000 5.3550 191 151 156
-8.8750 9.5000 7.1680 71 123 133
-12.8750 -22.0000 5.4250 98 175 254
6.6250 -20.5000 22.0670 43 60 63
0.9375 13.5000 5.8340 164 151 169
-20.5625 -14.0000 3.4060 194 105 81
12.8750 21.5000 6.7870 72 159 169
-13.5000 22.0000 5.3190 186 172 152
3.0625 -10.0000 15.2390 28 67 79
-9.1250 9.5000 6.7610 72 142 124
18.6875 21.0000 8.7190 13 203 108
9.6875 -4.5000 9.9710 18 168 95
14.1875 -16.5000 5.7490 83 237 135
-10.5625 -15.0000 3.2610 217 98 127
-11.5625 11.5000 9.8610 40 95 120
-12.4375 12.0000 5.2230 108 210 168
8.5000 -5.5000 6.2600 58 203 157
13.5625 12.0000 9.8780 82 144 68
24.9375 -24.5000 7.6490 55 165 104
-2.2500 -8.0000 3.0360 194 58 112
-23.0000 -23.0000 20.2680 45 34 122
8.1875 -24.0000 4.0780 134 247 47
-21.1250 12.5000 3.1360 210 87 94
-17.6250 -17.0000 3.5070 188 130 80
-1.3750 -16.0000 17.0890 36 61 99
17.3750 19.5000 15.4610 15 136 54
7.5625 -23.0000 10.1050 34 145 89
-1.1875 -13.0000 16.8620 30 34 98
5.6875 1.0000 12.7520 47 85 59
-24.1250 -9.5000 3.3370 189 94 112
0.3750 18.5000 10.0410 69 99 64
-18.5000 13.5000 7.7660 44 129 152
19.9375 18.0000 16.7140 13 137 61
11.6875 21.0000 6.3710 77 143 178
-2.8125 1.5000 17.6100 38 60 78
-13.5000 -10.5000 3.2470 200 82 111
-7.6875 7.0000 7.1420 65 118 152
-6.8750 23.0000 7.3090 90 140 83
-3.6250 -19.0000 15.9180 48 51 129
12.3125 -13.5000 4.7730 93 254 118
18.5000 20.5000 10.1650 18 180 98
-16.8750 -19.5000 13.7680 30 55 151
-19.0000 -6.0000 3.2450 201 86 126
-7.5000 -1.0000 3.0680 197 87 144
-13.3750 -7.5000 3.2250 201 100 131
-3.5000 -17.0000 14.9130 40 58 126
-8.3750 2.0000 2.9840 204 80 130
22.6875 14.0000 0.2900 154 95 19
-7.6875 17.5000 5.6260 170 158 146
13.6875 17.0000 12.4710 45 92 73
-8.3750 17.0000 5.6540 169 157 160
-4.0000 -2.5000 3.0510 180 103 146
0.1250 -3.0000 3.8680 137 213 104
2.0000 15.0000 9.4990 97 71 59
-24.6875 8.5000 2.9480 184 100 155
-2.4375 8.0000 5.5060 152 171 154
-17.2500 9.0000 2.8650 179 75 137
10.3750 0.5000 5.4420 126 208 170
4.8750 12.0000 6.0500 160 151 167
9.6250 -11.0000 10.1620 16 187 67
-8.5625 -18.0000 3.3110 233 90 109
6.8125 -7.0000 15.4310 23 67 71
-23.7500 19.5000 7.3630 98 132 113
9.8125 5.5000 7.8500 92 138 143
13.6875 -13.5000 7.7290 28 207 96
20.4375 7.5000 13.6350 87 126 19
-20.5625 7.5000 2.9400 191 97 146
-23.6250 14.5000 6.5550 88 144 168
-7.4375 10.0000 8.0060 72 113 98
13.1875 19.5000 6.7440 55 179 164
-20.5625 -3.0000 3.1970 197 94 138
-14.6250 -20.5000 5.4960 90 175 252
-7.6250 1.5000 3.0010 192 72 119
0.7500 -17.5000 15.7990 56 60 92
24.6250 16.0000 10.8240 35 167 81
3.6250 20.5000 11.5140 60 70 75
9.9375 24.5000 8.7180 64 86 156
12.2500 -13.0000 4.8580 90 254 122
13.0625 13.0000 11.2600 70 112 80
14.8750 19.5000 16.5690 18 105 68
10.0000 -8.0000 12.0440 11 155 52
-13.6875 -3.0000 3.0720 199 93 151
23.4375 -16.0000 3.1370 182 185 61
14.5625 16.0000 12.8240 34 126 58
-9.7500 13.0000 5.5430 147 166 161
-8.5625 -5.0000 3.1170 194 93 135
-6.6875 -1.0000 3.0410 202 82 145
-20.5000 -24.0000 18.8730 43 28 122
-3.1250 11.5000 5.9040 153 167 174
2.3750 15.0000 9.7580 96 81 53
4.6250 9.5000 6.1310 164 149 165
21.8750 -22.5000 3.5460 172 239 36
3.7500 -10.5000 11.5470 24 109 100
20.5625 -23.0000 3.6130 159 246 39
6.1250 -11.0000 16.2160 20 106 49
-22.9375 1.0000 3.0800 190 104 153
6.4375 -10.0000 16.5450 13 99 55
11.8125 11.0000 6.4440 143 181 159
17.5625 7.5000 6.5650 127 213 162
-22.8125 8.5000 2.9030 188 95 165
21.3125 19.0000 16.3060 9 133 77
-18.7500 6.5000 6.5540 42 167 229
-8.0000 -11.5000 3.2250 204 83 118
5.8125 -15.0000 19.8510 35 101 54
-5.3125 -5.5000 3.0560 189 82 131
6.6875 -7.0000 5.5070 79 231 180
6.6250 0.0000 13.2960 22 102 79
-21.0000 -11.0000 3.2820 208 74 102
-1.0625 16.5000 5.8920 148 159 151
7.8125 18.5000 10.8280 62 69 95
-13.5625 -11.5000 3.2990 202 102 121
17.5000 16.5000 16.7670 21 126 39
-9.4375 -8.5000 3.2120 199 90 137
14.0625 2.5000 6.3860 130 229 148
14.9375 23.5000 15.2020 21 122 67
-19.8750 -10.5000 3.2890 203 76 102
10.9375 -1.0000 12.0230 22 145 54
-11.0000 4.0000 2.9780 191 68 128
-4.7500 0.0000 3.3540 190 150 77
-23.5000 19.0000 5.9770 122 154 140
24.9375 11.0000 16.2210 40 133 46
-19.1250 -17.0000 11.4620 27 64 169
10.9375 -24.0000 5.5980 80 254 119
1.3125 -13.0000 15.5470 37 59 80
2.3125 -11.5000 14.8970 28 73 83
8.5000 0.0000 13.7660 31 124 55
-3.8750 -3.5000 2.9640 176 84 146
3.5000 -3.0000 3.1420 195 78 95
12.5625 16.5000 11.9150 46 93 82
7.3125 1.5000 11.1070 50 112 63
2.8750 24.0000 3.7010 196 159 16
-15.0000 -24.5000 3.6210 175 156 93
-4.3750 6.0000 15.5330 52 60 61
-20.0625 -17.0000 10.5850 33 72 184
19.7500 0.5000 6.5050 147 212 159
6.3125 -12.5000 16.9620 22 108 45
-3.8750 11.0000 5.8350 156 161 171
-12.0625 -19.5000 3.2870 222 89 131
6.6875 9.0000 6.1220 160 167 165
19.9375 17.5000 17.5050 12 137 61
16.2500 13.5000 11.1650 46 156 54
15.3750 19.5000 14.6230 18 131 71
18.1875 15.5000 17.0670 13 131 56
16.5625 23.5000 4.7030 100 254 132
-8.1875 -23.0000 3.5100 215 140 107
-14.1875 22.0000 5.3710 190 152 149
17.3125 -18.0000 8.3570 27 213 84
-1.6875 -21.0000 4.5460 132 211 176
-21.7500 24.5000 5.2710 196 158 129
0.4375 24.0000 9.5790 63 114 89
-6.1875 18.0000 5.5700 176 155 160
13.6250 -22.5000 5.7570 62 254 122
-22.9375 -22.5000 16.3810 34 57 129
16.6250 19.0000 15.6330 20 117 59
11.6250 -7.0000 1.3530 161 156 6
6.1875 -7.0000 15.0050 23 64 79
5.5625 -23.5000 7.5700 90 151 128
-8.3125 -6.5000 3.1000 193 87 145
20.8125 -5.0000 1.4030 164 155 81
-19.4375 -23.0000 18.4920 37 28 128
12.8750 7.0000 6.3040 159 194 174
-18.5000 5.5000 2.9660 188 89 139
21.5000 -0.5000 6.4670 118 242 180
4.6250 -1.0000 10.9620 35 91 126
-22.7500 -6.5000 3.2890 204 83 107
-2.1875 24.0000 9.5410 71 119 69
25.2500 -2.5000 6.5180 137 226 117
25.1250 25.0000 6.2340 90 197 84
-16.1875 2.0000 2.9660 193 76 167
5.0000 10.0000 6.1410 164 150 180
-11.8125 -16.5000 3.3410 216 106 116
16.3125 -19.0000 6.6790 33 245 121
-12.0000 17.0000 5.4730 174 181 147
-3.5625 17.5000 9.9550 95 99 84
1.2500 -12.0000 14.7180 33 61 89
-4.1250 0.0000 3.3620 200 145 64
17.5625 -18.0000 7.8060 34 218 83
9.9375 -10.0000 2.2960 151 164 99
7.1875 23.0000 7.1680 67 103 169
-22.5000 -19.5000 13.9640 27 63 132
-4.8750 -22.5000 3.4180 214 114 83
1.9375 0.5000 16.7030 47 58 74
-20.6250 -3.5000 3.2170 202 95 129
-20.6250 -13.5000 3.3800 203 102 85
13.8125 25.5000 16.4400 52 90 79
-15.7500 -12.5000 3.3150 212 89 104
10.0625 -6.5000 7.4960 29 197 112
13.9375 6.5000 6.3150 165 189 152
3.2500 -21.0000 6.5140 108 164 189
-22.7500 -19.5000 5.3880 100 178 216
8.8750 22.5000 3.6580 206 147 30
-15.1250 -7.0000 3.1950 206 90 127
0.0625 2.5000 16.7130 55 49 50
10.6250 -13.5000 10.5220 26 169 65
-18.5625 -23.5000 13.7640 39 66 134
16.6250 12.0000 10.9660 61 139 55
-13.8125 1.0000 3.0110 189 82 149
4.0625 -10.0000 15.0790 29 70 75
24.4375 6.0000 18.6290 77 106 20
-11.5625 21.5000 5.3220 189 165 152
8.1875 -24.0000 4.3430 129 254 84
-7.1875 15.5000 5.7320 167 167 160
-12.0000 -11.0000 3.2600 206 97 114
3.9375 -10.0000 15.3550 29 69 74
-6.9375 19.0000 5.5340 167 180 139
-20.0625 18.5000 5.1750 148 195 132
-16.6250 23.5000 5.3050 191 160 142
-4.6250 -6.0000 3.0980 196 94 115
8.2500 -19.0000 2.7690 156 178 92
2.5000 -15.0000 16.1020 44 75 70
-5.6875 -16.5000 14.9940 43 48 140
-5.8750 24.5000 4.9450 179 177 98
9.4375 -6.0000 11.6500 7 151 63
-14.8750 12.5000 10.8820 42 99 99
19.8125 16.0000 10.6220 17 173 89
-6.6250 -3.0000 3.0960 192 95 158
6.5000 -24.0000 7.4470 74 164 117
-14.0000 -4.0000 3.1230 196 94 142
-13.0000 16.5000 5.5050 166 178 145
-19.5625 8.0000 2.9050 184 87 143
24.5625 24.0000 5.7400 88 222 112
-14.6250 22.5000 5.3630 190 156 157
-4.3125 6.0000 18.3760 69 39 42
8.8750 15.5000 11.8420 55 90 86
-9.7500 10.0000 9.9960 51 92 89
5.2500 -20.0000 17.0280 52 85 64
-15.0000 2.0000 3.0160 200 80 152
17.1875 2.5000 6.4770 132 225 160
-12.8125 15.5000 5.6220 157 184 153
9.1250 0.0000 12.4300 17 137 62
18.1875 20.5000 14.2530 11 151 75
22.1250 -3.5000 7.1870 67 213 137
-24.4375 22.5000 5.1160 183 162 128
-14.0625 -23.5000 5.6340 97 153 235
-18.3750 -20.5000 8.8790 43 93 192
19.0625 -1.0000 6.5170 111 233 146
3.0625 16.0000 10.3120 79 100 45
-17.9375 2.5000 3.0270 191 86 144
-22.3750 -9.0000 3.3830 201 99 94
20.5000 -1.0000 6.5030 116 227 130
16.1875 12.0000 9.5130 70 154 57
9.6875 -9.5000 3.7130 160 254 0
-16.6875 -23.5000 10.6560 43 72 150
2.8125 -8.0000 8.6600 26 144 149
5.1875 12.0000 6.0450 163 147 178
2.6875 5.0000 15.8910 74 45 53
16.7500 -23.5000 1.5780 135 160 56
-0.1875 -14.0000 16.3670 29 60 98
4.8750 -15.5000 17.4250 41 92 48
-21.5625 -11.5000 3.3830 205 102 93
16.1875 6.0000 6.4230 133 234 180
-14.0000 1.5000 2.9730 187 79 159
-0.9375 25.0000 4.2400 169 194 48
16.9375 10.5000 7.5810 82 147 83
-21.3750 16.5000 7.7670 80 130 115
-8.1875 -22.0000 3.4090 231 116 107
-2.7500 12.0000 5.8760 160 166 171
16.5000 24.0000 12.2070 7 157 77
8.6875 -6.5000 14.8180 16 122 46
-2.8125 -20.0000 14.9230 53 50 125
-16.5000 6.0000 2.8980 176 86 149
-16.0000 -3.0000 3.1030 198 88 155
-17.1875 23.5000 5.3190 190 159 144
24.4375 -9.5000 2.8360 158 204 83
-17.7500 -24.0000 12.9330 46 60 135
23.1250 9.5000 17.9260 45 109 47
-15.8750 8.5000 9.1400 16 132 172
9.9375 -9.0000 8.5970 21 187 90
-8.6250 -9.0000 3.1950 201 90 134
19.1250 19.5000 15.6110 5 144 67
-14.3750 20.5000 5.4390 181 158 145
-6.0625 5.0000 15.1390 36 51 91
19.2500 -19.5000 2.7180 152 181 106
-6.5000 -7.5000 3.1080 197 96 129
7.1875 19.5000 11.1820 48 71 104
20.9375 -14.5000 2.8480 164 173 107
9.5625 -11.0000 10.4900 15 180 65
20.0000 -10.0000 2.5950 152 252 85
-13.3750 -12.5000 3.3140 211 99 124
20.7500 23.0000 8.3100 22 204 117
-8.1875 -9.0000 3.1710 197 88 138
-17.2500 19.0000 5.2860 172 170 121
24.9375 15.5000 9.3230 40 191 82
-20.3750 10.5000 2.9540 202 89 136
-24.0000 22.5000 5.0440 198 158 111
-22.6250 3.5000 3.0260 185 105 150
4.3750 -0.5000 14.5420 25 63 102
9.2500 -16.0000 9.2420 23 170 91
7.4375 -12.5000 15.0950 23 119 40
-1.1875 7.0000 5.9940 130 137 169
-19.0000 21.5000 5.2770 188 157 147
-6.7500 -22.5000 3.3710 228 99 94
-12.0625 9.0000 6.2580 67 157 184
-20.1250 2.5000 2.9830 189 90 141
0.2500 -21.5000 7.1350 80 144 187
-7.5000 17.0000 5.6100 170 160 146
-17.0000 -22.0000 16.1590 27 38 137
23.2500 -13.5000 3.0940 178 168 73
4.5625 -15.5000 17.2340 48 74 60
-9.6875 22.5000 5.4750 170 187 140
-19.4375 8.5000 2.9310 188 89 138
-12.0000 22.5000 5.4990 178 167 156
-5.0000 4.5000 16.2970 43 51 76
13.6250 -16.0000 6.4940 53 229 125
1.0625 14.0000 5.8880 164 149 167
24.2500 -18.5000 3.4570 169 206 29
13.0625 -23.0000 5.0250 81 254 110
8.0625 2.0000 10.7420 66 120 87
11.4375 14.5000 12.4970 62 121 62
10.1250 -4.5000 9.6030 18 181 94
-17.0000 -22.5000 3.5010 198 136 74
-11.1875 11.0000 10.1390 39 94 115
7.8125 -9.0000 7.8160 36 200 104
-6.9375 -1.0000 3.0530 201 83 144
-4.1875 -12.5000 13.9140 34 45 126
-16.8750 9.0000 10.1740 17 131 163
6.0000 -1.5000 12.4180 20 110 92
-12.8750 -16.5000 3.3970 209 118 109
9.6875 1.0000 7.5690 51 170 105
-7.6875 18.5000 5.5520 175 150 150
2.0000 -16.5000 13.4990 54 77 89
-11.1250 -22.5000 3.4770 212 130 99
-22.5000 -10.0000 3.3510 208 93 94
4.7500 3.5000 16.1700 67 29 35
1.0000 -11.5000 15.6720 32 50 85
-12.6250 10.5000 14.0710 25 60 99
4.5625 -18.0000 18.4710 71 71 58
-11.3125 -10.5000 3.2520 205 99 114
-18.8750 -24.0000 13.7110 46 68 133
2.3125 14.5000 5.9390 158 165 177
-9.5625 -3.0000 3.1340 196 94 141
-20.1250 -11.5000 3.3330 205 96 104
7.1250 25.5000 5.9170 99 120 181
3.5000 10.0000 6.0360 159 157 178
-16.7500 -7.5000 3.2370 196 81 122
-7.3750 -15.5000 3.1800 221 42 95
-20.1250 -23.0000 19.7500 35 23 126
-21.8125 6.5000 2.9160 184 101 161
2.4375 -1.5000 6.0950 76 142 219
7.1875 8.0000 7.7750 112 142 159
-22.5000 -16.5000 12.8190 20 57 151
-23.1875 20.0000 5.4190 140 171 149
9.8750 12.0000 17.5750 101 57 69
-18.6250 -9.5000 3.2780 208 81 107
5.5000 -18.0000 21.1160 52 74 57
2.9375 18.5000 11.7470 67 75 71
8.8125 1.5000 6.7540 81 190 141
22.5625 -4.0000 2.3960 180 218 113
8.3750 -12.0000 10.2370 29 181 64
19.1250 22.0000 12.0630 6 173 73
2.1250 -22.5000 6.6520 105 141 181
13.5625 15.5000 13.1250 52 100 63
-21.5000 19.0000 6.6980 95 139 123
-7.3750 -17.0000 3.3090 225 90 104
21.7500 3.0000 6.4850 140 222 203
-2.1250 22.0000 11.2800 78 80 57
9.1250 -14.5000 15.7370 30 133 41
5.3125 23.5000 7.4460 71 99 159
-17.9375 -7.5000 3.2430 204 88 116
22.0000 4.0000 17.0970 72 86 56
-7.5625 23.5000 5.1610 164 209 126
-8.5625 11.5000 8.8330 58 102 104
19.3125 23.0000 7.7010 20 192 138
-22.5625 12.5000 3.0290 206 87 121
1.3750 -8.5000 4.9610 96 213 190
-2.3125 -24.0000 6.2040 96 146 196
23.5625 17.5000 9.6660 30 170 98
22.0625 14.5000 13.9190 12 161 75
7.3125 12.0000 9.9910 105 105 103
4.8125 -9.5000 14.3330 30 79 76
8.3125 -6.5000 15.3980 18 121 47
-0.0625 -9.0000 14.7980 23 52 111
-14.5625 -3.5000 3.1040 200 91 148
-23.2500 18.0000 5.9330 121 164 142
6.1250 3.5000 13.3600 50 70 56
-8.5000 14.0000 5.6240 153 166 163
8.3125 20.5000 10.3860 59 86 113
4.9375 -4.5000 13.8590 7 77 126
-3.3125 6.5000 17.4850 64 43 39
9.0625 3.5000 6.2550 121 187 176
12.0625 24.5000 15.4900 46 57 90
-8.5000 9.5000 7.3790 70 121 126
7.3750 -16.5000 20.5330 38 98 42
-8.5625 -22.0000 3.4470 229 127 106
12.0625 18.5000 11.6920 46 78 96
-16.9375 -19.5000 3.3150 217 91 114
-4.6875 22.0000 10.5540 71 70 50
-2.3125 11.0000 5.8580 157 165 169
-6.2500 12.0000 5.7410 150 180 166
10.3750 0.0000 7.8140 50 159 103
2.0625 12.5000 6.0190 158 157 175
-19.8750 -18.5000 19.5930 36 27 146
-18.2500 5.5000 5.8130 65 172 245
-6.1875 -23.5000 5.5310 101 156 239
-9.8750 5.5000 4.2570 126 231 147
-12.0625 -14.5000 3.2740 214 90 126
-4.1875 -22.5000 6.0600 88 146 237
-21.0625 13.5000 5.9170 90 170 188
6.4375 -11.5000 7.5250 54 169 119
-11.5000 21.5000 5.3970 187 163 153
3.1875 14.0000 5.8820 160 169 179
-6.5000 12.5000 5.8230 152 177 163
-3.8750 8.0000 15.8080 65 42 52
24.9375 -10.0000 3.1150 173 191 49
18.2500 25.0000 6.8320 71 215 120
-24.2500 -1.5000 3.1700 184 106 161
1.6250 0.5000 12.5060 39 94 77
-0.7500 21.0000 13.2110 75 76 32
19.7500 6.5000 6.6110 135 237 150
-13.5000 13.0000 5.8130 113 164 157
10.4375 18.0000 9.7490 53 101 131
24.9375 20.0000 3.2930 181 178 10
-8.3125 -3.5000 3.0670 191 89 146
11.6250 17.0000 12.0510 50 89 86
-6.2500 8.0000 4.8060 140 217 145
-15.0625 13.5000 10.7230 34 96 89
13.6250 17.5000 12.4620 45 90 75
-1.6875 -17.0000 12.8160 52 66 111
14.4375 22.0000 15.6990 23 86 71
-15.0625 18.5000 5.4150 175 158 133
-15.6250 -10.0000 3.2790 207 89 105
7.0000 3.5000 5.6400 140 203 139
1.8125 -19.5000 5.3780 131 198 187
5.6875 -15.0000 19.9220 35 101 55
-17.0000 -20.5000 14.0800 26 66 153
10.4375 -17.0000 8.0000 44 196 73
-14.7500 -13.5000 3.3550 209 99 99
6.3750 -5.5000 5.8190 72 202 182
22.6875 9.5000 17.6770 42 112 50
-2.9375 -20.0000 15.6500 53 52 122
-16.7500 8.0000 2.8320 175 84 153
-2.1875 -17.0000 11.9140 54 77 122
-17.5000 -19.0000 3.3310 214 81 70
-10.3750 14.5000 5.6680 144 182 150
-12.5000 18.5000 5.5010 182 149 152
21.0000 -13.0000 2.7090 156 161 124
-20.7500 4.0000 3.0210 185 98 128
-8.9375 -18.0000 3.2790 234 83 113
-8.3750 -7.5000 3.1700 198 95 128
-2.6250 8.0000 15.6640 62 42 47
-19.1875 11.0000 2.9890 196 77 116
-8.5000 -16.5000 3.2200 221 77 103
1.0000 -17.5000 15.3100 56 62 92
-15.5625 -2.5000 3.0320 192 85 168
-0.2500 5.0000 15.9350 66 49 39
0.6250 -21.0000 3.9600 190 216 71
-18.3750 -8.5000 3.2680 200 79 117
-7.0000 -7.0000 3.1030 193 94 137
1.3750 -0.5000 15.2970 23 72 104
-16.8750 5.5000 8.8020 21 142 184
5.6250 -5.5000 13.9920 20 78 109
-13.0625 -23.0000 5.3080 99 174 244
24.8125 -21.0000 3.2010 176 159 46
15.4375 9.5000 7.7490 90 126 92
-23.1875 -17.0000 12.5380 25 71 150
15.6875 -21.5000 2.0960 133 241 90
-12.8750 -18.0000 3.3330 218 97 129
-23.5000 -9.0000 3.3510 196 97 105
-24.1875 14.0000 7.0810 89 131 157
6.5000 1.0000 13.7810 45 75 53
23.9375 6.0000 19.5290 79 110 29
-1.5000 13.5000 5.8920 168 152 189
-15.5625 -16.5000 3.4580 204 114 89
8.8125 -8.5000 8.6880 17 192 97
-3.2500 0.5000 14.6380 24 64 125
21.7500 -3.5000 7.5290 63 204 126
3.0625 -14.0000 14.0960 23 102 61
-5.0625 -14.5000 16.1310 45 54 126
4.0625 3.5000 16.2500 65 28 41
-12.2500 8.0000 6.2380 63 159 195
9.5625 1.5000 7.3760 52 177 117
6.3125 2.5000 5.0840 136 232 131
23.6875 -0.5000 6.5370 120 231 165
3.9375 22.0000 10.5910 56 78 97
-1.8750 22.0000 10.9390 77 83 62
-8.5625 -15.0000 3.1410 217 68 122
-0.7500 14.0000 5.8980 162 148 180
2.0000 -24.0000 6.4520 111 148 171
-22.3125 -10.5000 3.3520 208 94 93
-20.6250 14.0000 5.4760 108 191 185
12.5625 3.5000 6.3440 136 202 157
-13.6250 -2.5000 3.1180 191 106 151
0.7500 4.5000 13.2490 68 77 53
25.2500 1.5000 6.4720 140 225 162
-11.5000 8.5000 6.3130 63 158 183
24.8750 19.0000 10.7290 37 157 87
6.3125 -15.5000 20.3070 33 96 52
0.0000 -20.0000 3.9120 191 212 71
-1.5000 -23.0000 4.8660 126 202 180
1.3750 -11.5000 15.4620 33 50 83
-20.1250 25.0000 5.2630 192 156 139
-11.0625 -21.0000 3.3910 225 99 95
-22.8750 -2.0000 3.1630 193 103 148
7.5625 -22.0000 4.9700 112 244 153
1.1250 15.5000 8.9810 91 82 79
-3.2500 1.0000 14.0660 43 83 88
21.0625 0.5000 6.5330 127 220 186
9.8750 -12.5000 8.4010 21 185 97
5.4375 8.0000 6.1780 155 169 162
21.6875 20.5000 5.1270 78 254 165
11.6250 -23.5000 6.2100 80 244 91
-10.4375 -8.0000 3.0520 188 88 165
-2.6250 4.0000 19.5880 64 30 50
1.5625 -15.5000 13.3490 45 88 89
5.3750 -12.0000 15.2360 28 117 51
-14.6875 -21.0000 3.3120 219 86 107
-13.0625 2.5000 3.0490 200 79 142
-12.7500 -6.0000 3.0700 199 84 160
19.4375 13.0000 12.1590 15 161 78
20.0625 -9.5000 2.6270 153 252 82
20.8125 6.0000 14.7260 86 130 51
-10.5000 -19.0000 3.3320 230 93 120
-13.8750 -13.0000 3.3240 210 91 115
-8.6875 -4.0000 3.0730 195 88 143
-16.1250 -6.0000 3.2270 201 92 132
-21.2500 -2.0000 3.1490 204 90 138
5.0625 9.5000 6.1200 159 156 181
22.0625 -23.5000 3.4910 169 219 39
-14.4375 24.0000 5.4430 182 155 139
25.0000 7.0000 19.9360 87 116 35
-11.7500 14.5000 5.6230 137 181 160
-17.1875 22.0000 5.3650 190 154 143
-17.0625 -17.0000 3.4790 189 118 80
-2.0625 -3.0000 3.1740 186 109 113
-18.8750 -20.0000 16.0230 30 36 133
5.8125 -10.0000 7.7890 46 181 123
21.5625 20.5000 2.4310 151 149 132
-16.3750 15.0000 5.7240 115 160 151
-20.1250 21.5000 5.2600 189 168 137
9.0625 -7.5000 11.9580 8 153 58
0.6875 23.5000 10.8080 66 87 81
-13.4375 -2.0000 3.0670 189 100 160
20.5000 -4.0000 1.3660 169 145 68
6.8125 1.5000 10.8760 48 116 68
11.4375 -16.5000 7.5480 41 183 104
-21.8125 18.5000 6.1350 110 145 132
-24.4375 -15.5000 8.4460 55 95 187
-15.0625 7.0000 8.2190 23 151 175
14.5625 6.5000 6.4030 149 203 148
-6.7500 8.0000 4.6080 151 223 127
-13.1875 12.0000 4.0360 168 229 48
0.3125 4.0000 13.4290 69 79 52
-2.5625 20.0000 11.0620 79 87 38
-12.4375 13.0000 6.0470 98 158 157
6.9375 -16.0000 11.6470 39 145 63
23.0625 18.0000 9.8300 27 168 103
-7.0000 -1.0000 3.0810 201 87 140
-15.0625 5.5000 2.9330 189 79 143
24.8750 12.5000 15.9860 30 131 52
-14.3750 -19.5000 3.3360 219 102 115
-22.5625 -0.5000 3.1040 202 85 154
7.5625 -23.5000 3.5910 166 217 0
20.0625 6.0000 6.5730 140 237 147
-16.2500 -10.5000 3.2740 203 86 108
12.3125 24.0000 13.6660 41 63 93
-6.2500 11.0000 5.6120 152 190 168
-7.5625 19.5000 5.5130 174 164 148
4.6875 5.5000 5.9350 144 182 143
-1.3750 23.0000 10.8270 66 99 71
-10.6250 3.0000 2.9980 204 73 124
-15.3125 12.5000 6.4640 71 145 135
-9.6250 -6.5000 3.0730 197 76 151
8.6875 -3.0000 13.5760 13 129 78
7.0625 14.0000 11.0640 81 96 83
-1.6875 10.5000 5.9150 152 163 157
21.2500 6.5000 6.6010 143 232 147
11.7500 16.5000 11.7590 50 91 88
21.3125 16.5000 17.0150 12 126 69
-0.1875 22.5000 12.8910 68 57 54
-15.9375 16.0000 5.4980 143 172 148
1.6250 -3.5000 3.2040 188 95 95
-15.5000 13.5000 6.2060 77 150 157
-0.9375 -20.0000 12.8950 45 76 106
-22.5000 -4.5000 3.2470 205 91 121
7.0625 9.5000 6.1150 164 157 174
-20.6875 -16.5000 7.0080 48 118 218
-4.1875 -13.5000 15.8130 36 43 127
20.3750 17.5000 10.1700 22 188 94
20.4375 -20.5000 3.0800 178 183 71
-23.3125 -22.5000 20.2140 43 33 124
3.3125 24.0000 3.6770 199 157 14
-0.1250 -12.5000 3.5020 199 158 6
14.3750 -0.5000 0.8500 202 99 12
-20.1875 -18.0000 3.2870 216 89 90
17.3125 0.5000 6.4000 135 225 132
12.2500 17.5000 8.9310 41 126 116
-17.1875 14.5000 6.6770 56 142 154
20.1875 -0.5000 6.4800 117 230 137
14.1250 21.0000 13.3220 37 85 80
-3.4375 4.0000 18.2610 60 39 61
-6.6250 -14.0000 3.1370 211 56 103
-15.8125 7.5000 12.1640 3 101 138
14.3125 18.0000 10.1330 35 151 103
17.6875 10.0000 7.3870 81 170 102
1.5000 6.5000 11.2810 88 66 68
24.6250 12.0000 15.9650 28 131 52
-23.3750 -16.0000 3.4030 200 107 73
-10.2500 0.5000 3.0000 187 95 153
4.1875 7.5000 6.1370 146 173 163
-15.0000 -22.5000 6.5450 62 137 230
-23.7500 -4.0000 3.2940 193 100 127
-18.5000 8.0000 4.8320 90 250 216
-10.3750 21.0000 5.4150 187 167 147
6.3750 2.0000 4.8650 137 242 120
-17.6250 18.5000 5.3520 159 168 128
-11.1875 15.0000 5.6080 155 168 138
-3.1875 25.0000 9.5330 82 118 66
-19.8750 -16.5000 4.8570 98 198 217
1.1250 25.5000 3.8920 178 165 23
-19.3750 22.0000 5.3190 188 156 152
16.1875 10.0000 8.5420 75 157 65
10.9375 -12.5000 8.8580 25 177 85
-3.2500 18.5000 10.8150 86 90 38
16.8125 22.5000 14.3280 11 144 65
-15.2500 -7.5000 3.2580 205 99 116
-6.5000 0.5000 3.0500 195 90 120
6.1250 -7.5000 6.5260 54 182 166
-24.3125 -18.0000 6.0700 73 137 218
2.6875 0.0000 14.9670 29 58 108
-3.6875 0.5000 3.5380 195 186 47
11.8125 18.0000 11.5280 51 78 98
22.6250 20.0000 11.0100 13 159 102
-10.6875 25.5000 8.2190 111 110 92
-0.2500 -18.0000 14.7720 51 64 101
-9.9375 13.0000 7.2770 90 136 129
-12.5000 -16.5000 3.3970 211 119 108
-16.7500 2.5000 2.9810 190 77 167
-22.8125 15.0000 6.8430 81 147 160
20.8750 2.5000 6.4930 139 220 204
6.1875 23.0000 3.6330 201 146 26
23.3125 -8.0000 2.7880 180 185 89
7.6875 6.5000 6.2070 156 172 142
24.5625 -16.0000 3.3140 167 187 35
13.5625 21.5000 7.6430 56 154 146
22.0000 3.0000 13.8870 82 131 72
20.8750 -12.0000 2.6580 151 164 129
4.9375 6.5000 12.8370 82 80 63
-8.1875 -1.0000 3.0830 197 99 129
-16.8125 20.5000 5.3990 184 163 130
9.3125 -2.5000 10.2200 20 156 99
9.0000 2.0000 5.9590 126 209 159
-19.3125 -12.5000 3.3790 204 101 93
-16.3125 7.5000 11.9440 6 102 142
9.0625 10.5000 6.1810 157 183 183
15.0625 20.5000 16.1530 18 107 72
-12.3125 -7.0000 3.1150 206 88 144
-15.8125 -13.5000 3.3300 210 92 103
4.1250 -5.5000 6.5900 44 161 196
3.5625 8.0000 6.1170 148 176 171
-16.0625 17.5000 5.3730 161 176 146
-19.5625 17.0000 5.4450 127 178 163
-1.5625 11.0000 5.8870 158 164 162
24.1875 9.0000 17.2800 49 116 39
19.1250 -12.5000 2.5390 134 246 115
-9.1875 24.0000 7.6250 110 95 103
16.1250 22.5000 12.4620 0 159 80
-17.2500 2.0000 3.0060 185 87 148
-7.3125 -3.0000 3.0540 186 99 164
-0.8750 5.5000 17.3770 81 38 47
18.3125 22.5000 11.9970 6 171 78
20.9375 -18.0000 3.6860 149 254 28
16.3125 15.5000 7.7220 55 179 105
-0.1250 -8.5000 3.9300 151 212 83
-5.6250 23.5000 9.0190 70 114 76
24.1250 -23.0000 3.9800 126 254 66
-18.7500 22.0000 5.3320 187 160 154
-22.1875 -23.0000 20.3350 40 28 119
4.7500 -9.5000 14.9880 33 73 74
12.0000 -11.5000 4.7230 92 254 104
-2.6250 -21.5000 3.6640 198 182 65
24.0000 -23.0000 6.8330 38 194 156
-8.2500 15.5000 5.7220 164 153 137
7.5625 -19.5000 21.1800 46 79 38
-22.3125 3.0000 3.0080 191 89 148
-2.0625 -20.5000 3.8710 172 192 89
-1.0625 0.0000 15.2810 23 75 115
18.5625 0.5000 6.4680 123 205 161
7.8125 -23.5000 3.3620 185 172 0
2.5000 5.0000 15.2900 73 54 54
12.1875 9.0000 6.2290 166 192 183
-1.0625 14.5000 5.8750 158 151 156
8.6250 -6.5000 9.7440 13 185 86
20.9375 -5.0000 1.2860 167 145 76
25.1875 -21.0000 3.5370 158 219 29
4.3125 -11.5000 12.2690 28 120 73
3.6875 -9.0000 16.0000 28 72 80
16.9375 15.5000 17.3220 31 114 24
-7.3125 13.5000 5.6540 158 186 161
4.4375 -20.0000 21.5180 66 47 61
-17.8750 -5.5000 3.1410 203 71 139
23.2500 22.5000 6.9240 44 195 138
-4.5000 23.0000 10.2580 73 106 56
6.8750 3.5000 5.5940 142 206 138
-23.8125 -11.0000 3.3900 195 103 107
-11.2500 16.0000 5.6290 162 172 139
17.8750 21.5000 13.2850 12 158 76
-0.3125 -20.0000 14.2770 42 73 99
21.5000 -2.0000 6.4890 113 238 165
2.3125 15.0000 6.0230 161 181 142
5.1250 -4.5000 12.1640 9 91 128
-9.7500 -7.5000 3.0720 199 76 146
20.0625 -9.0000 2.6260 152 254 82
2.4375 -21.0000 6.7160 109 159 184
-14.1250 -11.5000 3.2350 201 73 113
6.5000 -8.5000 7.2540 55 181 130
1.9375 15.5000 9.7080 98 79 55
-9.9375 1.5000 3.0420 209 81 125
-4.5625 1.5000 15.7210 26 69 86
14.6250 1.0000 6.4720 114 215 165
-14.0000 -24.0000 5.5660 98 156 230
12.9375 10.0000 7.8420 98 120 99
-18.6250 0.5000 3.0680 193 89 152
-11.0000 -17.5000 3.2270 216 70 132
-19.5000 10.0000 2.9830 193 78 120
-2.8125 14.5000 5.7830 162 165 190
13.9375 7.0000 6.3870 160 189 161
-4.9375 4.5000 17.6880 46 45 71
-11.3750 13.0000 5.3190 145 191 156
-24.0000 1.5000 3.0660 179 104 164
-14.1250 18.0000 5.4630 176 160 121
4.0000 12.0000 6.0300 168 138 181
12.4375 -24.5000 7.0110 64 205 67
-23.2500 -18.5000 13.3830 28 72 138
4.7500 4.0000 13.2210 67 65 50
-24.0625 17.0000 6.0030 121 159 135
21.1875 -22.5000 3.3280 184 200 45
-9.0000 12.0000 7.8750 60 122 110
6.3750 -5.5000 14.2570 25 70 90
7.6875 18.5000 10.8650 62 69 95
-16.5000 6.0000 7.0620 33 152 209
-20.2500 19.5000 5.2510 149 188 135
5.8750 1.5000 12.6970 43 85 58
-18.3750 -1.5000 3.0770 203 85 142
-14.7500 7.5000 5.1210 83 212 219
23.1875 2.5000 19.5920 76 87 63
-2.4375 -1.5000 5.0580 87 215 230
16.8750 1.0000 6.4370 133 221 137
-17.1250 -2.5000 3.0220 195 75 157
-11.3750 13.0000 5.5430 131 180 156
0.6250 -11.0000 17.6080 33 40 92
3.5000 -3.0000 3.2760 192 108 65
3.8125 1.0000 16.2740 56 49 51
-20.0000 19.0000 5.2270 149 193 139
-16.8125 -23.5000 3.4930 196 133 75
6.4375 1.5000 13.8100 43 73 54
2.5000 22.5000 8.9730 57 101 113
-21.1250 0.0000 3.0270 194 83 166
6.6250 23.0000 3.6560 199 150 27
7.8125 -20.0000 17.4030 44 97 38
-16.7500 -18.5000 12.7300 31 63 178
0.9375 3.5000 16.6200 72 41 29
-14.9375 7.0000 2.8240 181 81 145
-15.3125 -12.0000 3.3030 210 86 107
-16.5000 5.0000 2.9480 186 78 146
-6.8750 25.5000 4.9010 166 194 101
13.9375 -13.0000 7.6180 27 210 100
-2.6250 24.0000 9.9780 72 106 67
2.8125 7.5000 6.0440 149 171 168
-20.6250 8.0000 3.0860 205 105 116
23.6250 21.5000 0.0580 143 113 7
12.5000 3.0000 6.3780 129 206 142
21.8750 20.0000 5.7930 66 244 172
-24.6875 -11.5000 3.4000 192 106 112
11.6250 -6.0000 0.8270 162 111 7
-21.0625 23.5000 5.2450 192 169 132
5.3750 9.0000 6.1860 156 159 175
15.8750 -18.5000 7.5780 24 220 100
-22.4375 -3.0000 3.1230 199 78 155
11.9375 -16.5000 7.4290 43 208 107
-7.5625 -8.5000 3.1680 196 80 126
-18.8750 -23.0000 15.9180 34 44 129
-22.3750 -23.5000 19.8210 44 37 118
18.3750 20.5000 13.7400 12 154 74
-19.0625 -9.0000 3.3260 201 90 106
7.2500 -5.5000 14.3840 17 85 85
-5.4375 -20.5000 3.3770 226 97 93
-5.0625 10.5000 5.6610 149 182 157
24.3125 14.5000 11.6030 36 157 71
12.1250 12.0000 9.4780 76 108 85
-0.1250 9.5000 5.9850 154 167 173
14.3125 23.0000 14.3610 32 106 73
2.5000 12.5000 5.9110 162 159 176
-7.8750 7.0000 5.9790 94 144 180
5.3750 7.0000 6.1500 153 167 151
11.8125 -8.5000 6.9580 47 226 113
-11.5000 -17.5000 3.2470 215 80 146
-13.5625 21.5000 5.3680 192 161 153
-17.5625 9.5000 2.8280 179 70 145
-6.4375 3.0000 4.4120 125 243 146
-5.5000 -17.5000 14.1580 47 56 146
0.7500 -1.5000 3.1370 211 86 104
-23.2500 20.0000 6.0220 119 144 139
2.8125 -23.5000 7.2250 99 130 156
-14.1875 2.0000 3.0470 196 85 145
-20.9375 -17.5000 6.6530 59 134 214
-15.4375 7.0000 10.6580 9 108 159
-23.0000 -14.5000 3.3460 209 95 93
-18.0625 -17.0000 11.6130 35 56 173
-2.4375 -17.5000 14.3340 47 55 126
-15.2500 -17.5000 3.4530 208 122 98
-9.1875 -21.5000 3.3780 237 108 112
20.8750 24.5000 14.9980 13 141 63
9.8750 0.0000 12.0280 18 140 59
21.5000 5.0000 6.6800 135 204 158
-2.2500 8.0000 5.5710 150 167 153
6.7500 -5.0000 6.4700 54 177 173
-20.6250 -4.0000 3.2040 203 92 129
-1.7500 -6.5000 3.3610 193 136 80
14.6250 19.0000 15.4680 26 94 68
-5.7500 -3.5000 3.0780 193 97 150
9.2500 9.5000 6.2030 155 177 181
-24.5625 -20.0000 6.8160 60 136 200
6.3125 5.0000 6.0780 141 170 163
2.7500 -1.5000 11.1000 35 90 138
24.6250 8.0000 17.7840 78 115 23
15.3125 -21.0000 0.9270 144 117 6
-0.8750 3.5000 17.8950 73 43 50
9.8750 15.5000 9.5280 49 110 118
-14.1875 21.5000 5.4250 186 146 147
-8.1250 7.0000 6.6010 66 146 161
-3.9375 11.0000 5.8970 151 163 171
19.2500 -15.0000 5.0660 75 254 148
5.5625 -17.5000 19.3150 53 94 54
7.1250 2.5000 6.3900 85 185 141
7.3125 -2.5000 14.2920 19 89 78
18.5000 11.0000 6.1490 76 244 121
12.5000 25.5000 13.5850 60 70 93
-20.0625 -23.5000 16.1160 35 52 123
22.2500 24.0000 8.6040 24 190 104
20.3750 -8.5000 2.3380 158 250 79
9.8125 -5.5000 12.5530 8 151 56
10.4375 -24.0000 4.3520 118 254 72
-6.6875 9.0000 7.4440 76 124 125
-9.1875 -15.0000 3.1670 220 69 119
7.1875 -14.5000 19.7620 32 104 46
4.5000 -24.0000 7.9180 86 153 120
20.6875 19.5000 15.9640 15 137 78
-2.5625 -0.5000 4.5000 110 234 192
16.3125 11.0000 8.4600 72 157 72
-19.3750 -7.5000 3.2690 203 88 116
-24.3125 14.5000 6.9490 87 135 163
11.5625 5.5000 6.3160 153 181 190
-5.4375 22.5000 9.1880 70 107 74
6.6875 4.5000 6.1480 135 169 154
-20.6875 -23.0000 20.8230 38 15 128
10.2500 19.5000 3.5860 202 145 14
5.3750 17.0000 12.3560 66 74 60
-13.0000 18.0000 5.4930 182 167 152
-20.1875 11.0000 2.9470 198 89 137
21.4375 24.0000 8.2880 26 186 118
0.3750 23.5000 10.8670 65 87 81
-23.4375 -8.0000 3.3530 195 98 108
-5.3125 21.5000 9.0600 83 104 70
2.3750 9.5000 6.0330 157 172 167
13.8125 14.0000 12.4540 66 107 65
12.4375 23.5000 6.8020 76 159 180
-13.3125 -1.5000 3.0880 202 90 140
11.8750 16.0000 10.2610 50 100 104
-3.6250 -5.0000 3.0900 188 102 128
-5.7500 10.5000 5.4260 156 193 164
-4.8125 7.0000 15.3670 54 56 55
-14.4375 -12.5000 3.2640 211 80 107
20.1250 -5.0000 1.9430 170 209 70
-22.1250 13.5000 6.7420 74 148 171
-2.3125 -14.0000 17.3950 37 44 101
9.8750 -14.0000 14.4930 25 140 42
8.5000 -1.5000 11.7490 22 140 68
-1.7500 -17.0000 14.7880 42 61 107
8.3125 -21.0000 3.1680 183 152 22
-6.9375 24.5000 5.0220 166 201 114
-6.8125 2.5000 3.6500 185 199 37
24.0625 18.0000 8.5600 35 180 107
3.6250 0.5000 15.5630 33 64 94
-2.1250 -15.0000 17.5260 36 57 110
-22.1875 -17.5000 13.5330 23 68 137
9.0625 -10.0000 9.6290 14 191 75
-23.3125 -13.5000 3.3690 206 99 97
10.1250 18.0000 8.9680 49 121 135
8.2500 -7.5000 14.7280 21 103 51
24.3125 -15.0000 2.8480 161 161 86
6.6875 -19.0000 22.4800 51 64 48
23.5000 -2.5000 6.5000 123 232 133
-16.3125 17.0000 5.4150 155 174 148
4.1875 -24.0000 8.1630 84 153 117
-3.3750 13.5000 5.9160 157 161 185
14.4375 -16.0000 4.3800 115 254 77
1.7500 10.5000 6.0590 160 172 166
0.8125 8.5000 10.1070 87 79 96
7.3750 -12.5000 17.3490 25 111 37
21.8750 9.0000 11.3130 56 132 40
8.9375 -13.5000 14.8860 23 135 44
-20.1875 -4.0000 3.1930 198 92 132
-1.6250 22.0000 11.2220 81 80 57
-14.8125 -19.0000 3.3100 225 97 118
3.1875 4.5000 7.1150 89 137 116
-5.2500 4.5000 16.2530 42 51 77
-20.1875 20.5000 5.2110 175 183 133
-3.1250 10.0000 5.8250 152 161 165
-1.6875 10.0000 5.9390 152 173 173
5.1250 24.5000 4.1520 157 173 96
-2.3125 -21.0000 3.8360 177 194 83
17.0000 24.5000 3.6600 154 247 0
7.8750 11.0000 6.0750 169 152 167
-3.3125 -2.0000 2.9960 195 79 135
6.1250 -20.5000 21.8900 44 61 64
-14.3750 7.5000 9.3050 19 127 166
-13.6250 -2.0000 3.1210 197 90 141
-19.1875 15.5000 8.3600 52 122 128
3.8750 0.5000 16.4480 41 53 63
-11.7500 24.0000 8.2060 120 120 94
-22.8750 0.0000 3.0890 191 105 150
12.1250 23.0000 4.7740 129 235 166
14.3125 16.5000 12.9480 32 123 59
3.8125 -22.0000 7.3520 95 149 164
6.5000 -2.5000 12.6950 11 105 120
9.6875 -1.0000 12.6940 12 137 63
0.3125 -4.5000 3.4000 190 136 69
2.1250 7.5000 5.9920 151 167 165
24.0000 -2.0000 6.5190 127 227 132
14.5625 15.0000 12.0570 45 135 65
2.0000 -17.0000 13.4630 62 90 81
20.9375 -16.5000 3.0800 178 185 91
6.4375 -3.0000 14.5150 11 82 116
7.8125 -23.0000 0.9890 148 103 45
23.1250 15.0000 11.4770 27 158 85
-14.3125 -3.0000 3.1050 201 85 143
-11.4375 3.0000 3.0110 193 83 141
-5.5000 -7.5000 3.0530 192 93 134
-8.4375 -20.5000 3.3370 232 97 119
2.0000 9.5000 6.0280 158 169 166
0.8750 -23.5000 6.9620 96 129 167
0.4375 -3.0000 3.1530 191 84 106
-0.7500 7.0000 8.5190 86 104 82
-21.5000 4.0000 2.9890 187 94 135
14.2500 9.0000 8.8320 92 153 76
21.4375 14.0000 13.8760 13 161 80
3.0625 8.0000 6.0960 148 175 172
-14.8750 -3.5000 3.1280 202 93 143
-0.6875 -5.0000 3.1260 190 86 114
-19.5000 18.0000 5.4440 147 170 147
22.8125 5.0000 16.9700 66 85 52
-6.0000 1.5000 3.0460 207 84 93
-22.1250 -0.5000 3.0920 204 85 154
-20.0625 6.5000 2.9180 176 98 152
2.3750 -12.0000 15.2640 25 89 62
-19.1250 -21.5000 16.1520 26 38 137
-24.1875 25.5000 5.2580 204 119 104
-2.7500 19.5000 11.0890 79 86 37
-6.3125 -11.0000 3.1810 209 85 100
-1.2500 -16.5000 16.2440 39 69 95
-16.0000 -24.5000 13.0270 48 58 129
0.7500 -20.5000 7.1130 87 143 186
18.6875 -12.5000 1.8110 136 206 78
11.3750 -5.0000 0.7840 144 102 26
1.7500 -9.0000 5.3430 88 221 179
16.6250 -15.0000 6.3300 47 238 138
3.3125 4.5000 13.8510 65 73 54
-21.6250 19.5000 6.5880 96 143 127
-23.6875 -17.0000 12.4680 28 72 152
-0.3125 13.0000 5.8940 162 151 177
16.7500 17.0000 17.1690 25 109 35
10.2500 -10.5000 3.4750 184 220 0
-15.0000 -20.5000 3.3740 215 103 103
16.2500 24.0000 3.0520 194 157 62
11.9375 -24.0000 6.0590 82 244 94
-20.8125 4.0000 3.0350 187 98 126
-21.8125 -10.0000 3.3610 210 97 89
-4.9375 12.5000 5.8760 155 173 153
-11.2500 -15.0000 3.2650 213 90 124
-13.4375 20.0000 5.4730 185 148 161
-3.9375 6.0000 15.6510 61 53 50
21.6875 -14.0000 2.9040 170 163 96
6.7500 -11.0000 7.9180 44 181 113
-1.8125 14.5000 5.8480 162 157 181
23.9375 6.5000 20.0260 82 111 39
-11.6875 22.5000 12.0320 106 87 58
22.2500 7.5000 15.7450 57 100 28
0.2500 -23.0000 7.1140 85 141 175
9.5000 20.5000 8.2750 56 96 134
17.1875 8.5000 5.1760 154 254 137
-20.6875 6.5000 2.9390 182 87 140
-22.5625 -0.5000 3.1290 203 88 149
22.3125 9.5000 15.5670 39 119 50
-16.0625 9.0000 7.1360 38 156 187
24.5000 25.0000 5.9710 89 210 96
-3.3750 0.5000 12.2780 26 100 117
-16.2500 3.5000 2.9170 181 83 168
-1.4375 6.0000 17.4540 72 46 53
7.9375 2.0000 10.6800 54 118 64
-9.7500 -5.5000 3.1790 195 113 138
-13.4375 6.5000 6.9920 38 150 207
-19.3125 -18.5000 13.2980 26 42 156
1.1875 10.0000 5.9550 158 171 152
5.4375 20.5000 10.6990 51 76 112
-24.0625 18.5000 5.2940 135 179 146
0.6250 15.0000 5.7540 166 146 165
-1.6250 13.0000 5.8360 171 154 186
0.2500 -0.5000 3.1330 215 85 102
22.5625 3.5000 17.1120 71 89 57
-9.0000 4.0000 3.4930 202 167 51
-3.5000 21.0000 10.8950 77 82 52
-1.8125 25.5000 4.4310 160 196 70
16.5625 13.5000 9.8820 49 167 63
-24.3125 -21.0000 12.5330 40 88 132
18.1250 17.0000 15.9670 10 140 62
6.6875 12.5000 9.9560 99 110 99
-13.5625 15.0000 5.3800 168 187 148
14.3750 11.5000 9.5910 78 163 52
24.0000 15.0000 0.3640 158 116 16
-18.6875 11.5000 4.6990 106 241 188
-3.4375 0.5000 14.9550 23 65 124
-14.5625 17.5000 5.4560 162 175 143
-23.6875 -20.5000 6.0100 81 146 212
4.2500 -6.5000 15.2990 22 67 106
19.5625 -7.0000 0.9180 159 132 23
14.0625 2.5000 6.3640 131 230 148
-18.0625 -11.5000 3.3040 203 86 104
23.5000 -5.0000 2.7000 175 218 111
11.6250 -13.0000 7.9450 25 204 102
9.6875 -13.5000 10.2610 23 171 71
0.8750 9.0000 6.0260 152 166 152
1.1250 4.0000 10.1590 78 100 81
12.8125 14.5000 11.8990 64 108 72
16.0625 16.5000 16.8230 24 109 34
20.1250 0.0000 6.4780 149 216 153
22.1875 -14.5000 2.7080 154 155 123
21.1250 25.5000 14.5890 19 152 63
-23.3125 7.5000 2.9660 191 96 150
23.5625 15.0000 12.5000 24 155 75
14.8750 10.5000 8.9700 75 157 58
-20.5000 21.5000 5.2270 180 168 124
23.9375 9.5000 18.2180 51 107 42
6.3125 -12.0000 6.6710 65 181 137
-24.3125 -7.0000 3.3440 182 95 122
-23.7500 -17.5000 13.7610 29 61 138
-17.8125 23.0000 5.3070 192 162 153
20.1250 5.5000 6.5750 144 227 170
10.3125 -9.5000 8.3960 25 187 91
23.6875 -11.0000 2.8670 161 186 103
2.1875 0.0000 17.1100 46 59 74
-0.3750 23.5000 10.5160 65 95 83
4.0625 -22.0000 7.7330 88 146 144
-4.8750 23.0000 10.1350 76 79 57
-13.5000 -14.0000 3.2630 213 94 134
-12.2500 14.5000 5.3860 150 194 166
-17.6250 -21.5000 16.4350 27 36 133
1.3750 7.0000 5.8870 146 160 158
-14.5000 10.0000 6.3060 58 158 187
-7.0625 1.5000 3.0290 201 80 102
18.6875 -17.0000 6.1380 45 235 145
-1.0625 -12.0000 16.2440 44 47 89
-4.2500 -21.0000 3.4020 226 108 88
2.3750 -15.5000 16.3000 45 75 72
6.6875 24.5000 4.4640 140 173 145
-16.6875 23.0000 5.3040 194 152 160
-16.4375 -4.0000 3.1810 203 93 137
17.8750 7.0000 6.5130 122 248 147
19.3125 19.5000 15.7620 5 144 67
12.8125 18.0000 8.6590 43 131 116
-10.2500 9.5000 5.4830 102 178 174
11.7500 6.5000 6.3430 154 184 193
-13.0625 11.0000 8.5910 41 112 136
-11.0000 19.5000 5.5180 184 147 153
10.6875 23.5000 3.5520 214 124 28
12.1875 4.5000 6.3110 146 184 183
10.6250 22.0000 3.5780 216 132 22
23.5625 13.5000 12.4480 22 164 85
15.0625 16.5000 10.9780 26 158 71
-19.5000 -1.0000 3.1080 202 86 141
13.5000 20.5000 10.1350 42 110 111
7.8750 22.5000 7.5520 66 96 152
-16.6250 -12.0000 3.3230 204 98 110
22.8750 5.0000 19.1410 73 97 56
3.3750 21.0000 10.7460 63 81 79
10.1250 5.0000 6.2700 135 193 185
8.6250 21.0000 3.6900 195 150 39
-1.6250 -20.5000 4.4850 143 216 159
-18.0625 -20.5000 9.9090 38 81 176
24.5000 -11.0000 3.0800 176 189 58
-18.0000 -5.0000 3.2160 203 96 122
2.1875 -8.0000 5.3970 89 214 195
-23.0000 19.0000 5.3260 137 178 147
-2.6875 24.5000 9.5370 74 119 68
-12.1875 -15.5000 3.3320 217 103 114
20.6250 -22.0000 3.1220 189 180 71
-2.1250 3.0000 19.2550 46 56 79
-19.6250 22.5000 5.3170 189 156 154
-3.2500 -3.0000 3.0010 179 87 139
18.3125 18.5000 11.5750 12 166 89
-10.2500 18.0000 5.6050 179 156 154
-13.3125 14.0000 6.3750 94 151 153
-14.5000 -15.0000 3.3680 210 93 100
3.2500 15.5000 10.8360 82 94 36
-17.4375 -18.0000 13.0880 28 42 149
-9.0625 24.0000 7.0140 114 110 107
17.7500 -15.5000 7.3470 29 206 146
15.1875 4.5000 6.3890 133 238 186
9.5000 -10.5000 4.8110 98 254 124
11.6875 -16.0000 7.5920 42 204 103
10.2500 0.0000 12.3310 19 140 58
20.1250 -21.0000 3.2760 182 203 54
18.7500 0.0000 6.3750 122 236 152
-17.2500 -22.0000 13.6640 29 62 135
10.8125 -4.0000 9.5370 20 181 91
-4.6250 5.5000 18.3520 53 51 57
4.3750 15.0000 10.7550 80 101 45
21.8750 20.5000 5.1390 78 254 166
-22.6250 -16.5000 12.4360 22 63 154
-15.2500 -18.5000 3.3290 224 99 116
19.0625 -13.5000 2.1830 135 232 96
8.4375 7.0000 7.3300 121 144 163
-13.3750 23.0000 5.4060 184 165 157
-1.0000 -7.0000 3.1430 196 72 97
5.8125 -21.5000 21.7790 43 63 62
-5.6875 4.5000 15.0340 37 52 88
-23.1875 10.5000 3.0040 207 90 138
-21.6875 16.0000 7.6730 82 129 116
0.9375 -16.0000 13.5450 40 85 88
-22.6875 16.0000 7.8300 86 129 112
-19.5625 -23.0000 13.9980 35 65 131
-12.1875 -3.5000 3.1450 205 96 137
21.8125 9.0000 15.5400 60 106 31
-4.0000 -22.5000 5.5950 101 167 235
8.3125 23.5000 5.6530 109 138 189
-2.3125 -8.5000 14.1310 31 61 135
-3.6250 -5.5000 3.0900 190 100 124
-16.8750 5.0000 8.7310 23 123 191
22.2500 5.0000 6.5950 140 212 166
-11.5000 -9.0000 3.2270 202 93 123
-4.1250 -16.0000 15.6140 40 65 124
-19.8125 -22.5000 14.9780 32 54 127
-0.3750 3.0000 15.9980 57 58 52
0.6875 -4.0000 8.9160 11 126 195
-7.6250 5.5000 6.3930 68 156 175
14.1250 24.5000 15.0300 44 93 73
2.9375 7.5000 6.1000 146 173 168
-1.6875 -23.5000 5.0450 119 194 185
20.1250 2.0000 6.4420 146 192 180
4.0625 8.5000 6.0960 152 175 166
-17.0000 16.5000 5.9170 115 158 157
-16.7500 14.0000 7.3980 62 128 126
7.3750 25.0000 5.6610 105 130 183
-1.4375 -19.5000 14.2820 51 56 115
7.3125 -9.5000 13.9060 18 112 55
23.0625 -13.0000 2.9210 169 167 95
-8.8750 -0.5000 3.0760 199 96 131
-15.1875 7.5000 8.7870 18 142 173
-9.3750 22.5000 5.4290 169 193 139
-23.0625 12.0000 2.9860 202 82 126
-8.5000 -3.0000 3.1420 194 99 139
23.8125 23.0000 3.9230 133 254 16
20.2500 6.5000 12.9670 106 102 34
-0.6875 -20.0000 12.0710 47 78 110
1.3125 9.5000 6.0410 154 164 149
-17.5625 -1.0000 3.0410 197 86 149
8.8125 -20.5000 2.6640 156 168 90
6.8750 -18.0000 22.9250 52 62 48
-21.8750 14.0000 7.4750 68 146 141
-19.1875 7.5000 6.5210 46 166 230
12.6250 20.5000 7.4140 48 154 161
-21.2500 -16.0000 6.4640 55 134 233
-18.1875 6.0000 2.9320 179 91 144
-10.9375 2.5000 2.9140 203 66 136
-0.4375 -14.0000 16.6920 30 56 100
-24.0000 -17.0000 6.3510 66 130 222
7.6250 10.5000 6.1420 164 155 173
-21.8125 -20.0000 19.7370 29 27 126
20.3750 21.5000 7.7650 36 194 122
17.5000 12.0000 6.2610 70 242 105
-4.5625 -0.5000 3.0910 191 95 130
-20.7500 -5.5000 3.2500 200 86 118
-1.9375 -12.0000 17.2910 33 36 106
-5.6875 -15.5000 15.5060 40 49 138
-19.9375 -20.0000 16.1580 34 37 137
9.0625 -12.5000 10.1720 21 171 74
11.0625 0.5000 6.9560 78 154 116
-6.8125 -15.5000 13.9450 40 49 155
20.7500 16.0000 17.3150 12 132 58
14.1875 -22.5000 3.9380 120 254 9
-21.1875 10.5000 2.9340 207 84 142
-3.0000 -19.0000 15.4990 46 49 124
8.0000 -22.0000 2.1690 160 140 73
-16.9375 -6.0000 3.2270 200 98 129
22.4375 16.0000 16.4230 10 129 65
-9.7500 22.5000 5.4470 170 190 139
-2.7500 1.5000 17.7960 39 59 78
-1.5625 -9.0000 14.3950 35 63 121
-17.3750 11.5000 6.2620 62 149 199
-11.7500 -4.5000 3.0540 197 88 147
-22.5000 2.0000 3.0190 197 87 145
-7.1875 21.5000 5.4940 174 176 147
20.8125 19.0000 16.2590 6 146 67
22.7500 4.0000 17.6460 76 95 55
-8.3750 -20.0000 3.3900 225 110 115
-4.0000 15.0000 5.8350 155 163 166
6.5000 1.0000 13.3890 46 76 55
14.5625 -16.5000 6.5000 58 227 125
-13.5000 19.0000 5.4990 182 147 155
8.5000 -0.5000 13.6740 21 127 62
-13.1875 -6.5000 3.2140 203 101 135
-8.7500 20.5000 5.4070 182 155 162
16.7500 22.0000 11.0890 11 155 84
16.3750 -18.0000 7.4570 28 220 97
-6.1250 -1.0000 3.0340 202 81 144
-3.2500 -3.5000 3.0360 185 88 130
-22.0625 14.5000 8.1290 60 133 117
10.6250 -0.5000 5.2080 100 243 144
11.2500 -6.5000 1.2880 160 153 5
-2.1250 0.0000 14.1180 17 72 134
14.9375 21.0000 16.0580 18 110 59
0.3125 25.0000 8.7800 75 114 89
-14.7500 8.0000 6.9690 34 154 200
-18.8750 -21.0000 14.1690 24 54 143
-3.1875 3.0000 18.8390 42 56 87
-5.6250 18.5000 5.5160 163 180 127
11.8125 13.0000 11.0390 73 110 86
-5.8125 -14.5000 15.2500 42 47 144
-22.5000 -15.5000 13.3630 16 48 150
-18.3750 -16.0000 3.4620 199 120 71
4.6875 11.0000 6.0800 161 147 175
-20.1250 -3.0000 3.1550 201 94 144
0.4375 -13.0000 15.8050 34 55 85
-22.9375 5.0000 3.0050 185 94 142
-5.4375 0.0000 2.9800 190 83 155
-14.1875 -6.5000 3.1310 198 85 140
-3.5000 8.0000 15.5330 62 43 51
-10.6875 5.0000 2.9420 197 82 106
11.5000 -1.5000 1.3090 185 134 28
-15.4375 -0.5000 3.0250 200 86 152
-19.4375 -24.0000 16.3530 39 51 122
3.0625 -9.0000 8.4150 30 149 142
1.8750 24.0000 3.7570 197 167 5
20.8750 -9.0000 2.4350 149 205 133
16.1875 -17.0000 7.6620 31 210 101
10.1250 9.5000 6.2570 161 156 184
24.6875 25.5000 6.1900 90 199 86
13.3125 23.0000 9.2410 38 134 118
2.3125 22.0000 9.1440 59 101 109
23.2500 -5.5000 2.3260 173 204 93
1.8750 -6.5000 8.5100 38 135 168
3.9375 -18.5000 8.6630 84 144 117
23.5000 6.0000 19.2030 74 108 26
0.5625 8.0000 6.1260 138 159 171
-0.6875 -12.0000 16.5260 39 52 95
10.3750 8.5000 6.3170 153 161 186
-7.6875 -12.5000 3.2000 205 85 117
-8.6250 13.0000 5.6910 142 161 157
-21.9375 9.5000 3.0170 203 105 141
1.8125 -10.5000 15.4960 28 65 83
17.2500 22.0000 13.8820 7 147 74
9.8750 -16.5000 11.5320 30 138 60
0.6250 -0.5000 3.2380 217 109 79
1.6875 1.0000 15.5470 44 59 77
-5.9375 -22.0000 3.3540 233 96 91
-14.1875 7.5000 2.9020 185 87 132
6.0625 -20.0000 21.7600 47 62 66
0.9375 18.0000 11.2810 68 95 49
11.3750 12.5000 15.7020 83 96 64
-13.6250 8.0000 6.6250 61 146 188
10.9375 5.0000 6.3070 136 189 178
21.4375 5.5000 13.9460 83 131 56
-6.3750 -6.0000 3.0730 190 93 143
-0.1875 23.0000 10.3200 61 100 84
7.9375 -14.0000 17.2570 33 119 23
6.4375 21.5000 9.3980 53 77 134
25.1875 19.0000 10.5680 38 158 87
-6.1250 -23.5000 5.2680 106 173 234
-19.3125 -19.0000 16.3370 29 19 141
-12.5000 -3.5000 3.1080 203 91 143
5.2500 5.5000 6.0220 147 167 163
-8.3750 -0.5000 3.0840 197 99 129
-3.0625 -14.5000 17.0240 35 60 120
-0.5625 -9.5000 16.0150 26 48 109
18.5625 17.5000 16.1130 9 141 63
6.6875 -15.5000 20.6860 33 93 48
-21.1875 0.5000 3.0890 206 79 144
9.6250 23.5000 3.6470 204 145 33
2.0000 -10.0000 15.5650 36 68 85
23.8750 -5.5000 2.5430 174 212 102
18.8750 16.5000 17.3310 7 135 63
-8.1250 -4.5000 3.1210 192 96 135
-8.6875 -17.5000 3.2770 230 82 115
24.3125 14.0000 0.2890 147 98 19
-7.6250 -2.0000 3.1150 190 97 145
12.8125 22.0000 5.0920 115 223 178
-19.9375 -9.5000 3.2970 201 81 110
5.1875 19.5000 11.4240 53 70 102
-10.8125 23.0000 8.8950 113 130 88
-19.7500 3.0000 3.0150 182 97 146
8.8750 6.5000 7.9000 94 144 142
-10.6250 18.0000 5.5590 182 156 154
-21.6875 -11.5000 3.3970 204 105 91
-21.9375 -2.0000 3.1860 206 94 132
18.4375 10.0000 6.3370 77 234 113
-9.3750 7.5000 6.3620 68 156 182
-19.4375 17.5000 5.2710 134 189 156
14.8125 -14.5000 5.1310 76 254 135
-13.5000 22.5000 5.3550 185 170 156
0.2500 -2.0000 4.1600 135 228 122
-21.1250 7.0000 2.9320 191 95 147
-14.6875 -2.0000 3.1130 202 96 132
-0.8750 -10.0000 16.0410 28 48 108
-19.9375 24.5000 5.2020 194 162 138
21.0625 22.5000 8.1420 24 194 126
7.0625 -18.0000 3.8520 171 249 7
17.1875 0.0000 6.5110 115 224 153
-3.4375 10.5000 5.8280 153 161 170
-19.3125 14.5000 8.2210 43 116 147
-2.0625 -22.0000 5.8170 90 157 228
-22.2500 -18.0000 13.5720 21 67 136
-18.9375 1.0000 3.0290 192 84 141
20.6875 -18.0000 3.9760 135 254 48
7.3750 6.0000 6.1270 155 173 146
-10.1875 12.0000 7.7450 69 132 111
9.2500 6.5000 7.1870 106 155 153
-24.3125 4.0000 3.0050 173 106 164
16.4375 17.0000 16.6860 24 111 36
-23.5625 4.0000 3.0140 177 105 160
22.7500 24.0000 6.0530 74 229 130
-8.7500 14.5000 5.7150 151 162 164
1.0000 -0.5000 17.1460 21 63 99
-21.3750 3.0000 3.0410 193 93 140
2.8125 5.5000 12.3720 66 85 63
0.7500 14.0000 5.8420 164 151 172
1.3125 3.0000 14.6640 65 57 40
5.7500 3.0000 12.6630 47 84 57
-7.5000 -20.0000 3.4020 226 111 108
2.6875 -11.5000 15.1600 26 90 61
1.2500 9.0000 5.9780 155 167 148
1.4375 14.0000 5.9180 164 148 164
-23.0625 -0.5000 3.0530 196 81 166
5.3125 -1.5000 13.9190 24 98 90
4.8125 -13.0000 15.6070 30 92 45
-5.4375 -11.5000 11.0240 37 83 161
6.6875 25.0000 5.6660 114 119 186
-18.8125 17.0000 6.0270 103 157 157
13.8750 21.0000 14.6450 36 79 76
-19.4375 -19.5000 19.7720 34 22 136
24.6875 -1.0000 6.6070 124 218 144
20.3750 17.5000 17.5200 12 144 63
-14.8750 21.0000 5.4000 185 149 153
0.4375 -17.5000 15.9620 54 58 94
14.0000 -24.0000 4.7960 89 254 91
-20.4375 5.0000 2.9360 178 96 144
18.8125 -19.0000 4.4040 102 254 111
-16.2500 -6.5000 3.1540 203 79 141
0.3125 -12.5000 17.4100 33 46 85
7.3750 -16.5000 11.5900 44 146 60
7.8125 -23.0000 7.5880 56 176 123
-4.0000 -5.5000 3.0820 188 99 129
-10.7500 -8.5000 3.2410 198 99 127
9.2500 -11.5000 10.1440 22 170 72
1.3125 5.0000 13.6670 68 76 50
-20.0000 -14.0000 3.3570 197 98 100
-1.0000 -3.5000 3.1970 190 87 101
-3.7500 -15.5000 14.3660 38 59 129
15.6250 -24.0000 4.6220 92 254 94
-19.1250 -19.0000 7.1240 56 112 224
9.8750 -8.5000 8.0980 29 183 97
-23.1250 19.0000 5.7540 125 156 148
-23.3750 10.5000 2.9530 201 88 149
-7.3125 -2.0000 3.0600 184 104 170
-13.7500 23.0000 5.3190 189 165 138
0.4375 0.5000 15.3330 29 73 108
4.0000 -21.0000 6.4140 108 164 186
9.6875 -13.5000 14.5890 21 138 43
-15.6250 5.5000 8.2260 20 133 198
-10.0625 1.0000 3.0650 207 84 120
-6.2500 17.0000 5.5810 173 159 167
3.6250 -19.0000 4.3560 170 244 106
7.4375 -19.0000 15.5140 51 95 51
-3.0000 -20.0000 15.1190 46 44 139
10.8750 10.5000 6.3780 154 170 167
-3.6250 1.0000 13.3280 48 90 97
-21.8125 12.0000 3.0040 206 88 133
23.0625 -6.5000 2.9400 194 207 95
-3.0000 -23.0000 3.6520 196 176 71
8.1875 18.5000 10.1260 48 84 124
19.8750 -6.5000 0.9250 158 132 24
16.0000 12.0000 10.3420 69 145 62
3.3750 23.5000 8.1550 60 104 126
-5.5000 1.0000 3.0890 206 93 85
1.8125 -4.5000 3.1580 191 76 91
-0.9375 4.0000 16.0220 63 55 51
-18.5625 -19.0000 16.2070 27 19 137
-7.0000 11.5000 5.5990 153 186 167
1.3125 0.0000 16.4400 36 65 79
24.8750 2.5000 18.1720 94 110 40
21.8125 8.0000 15.9400 55 99 31
-23.5000 -17.0000 13.0320 26 64 147
-5.4375 10.5000 5.6320 149 186 161
-12.4375 8.5000 6.2780 64 157 193
2.7500 -23.0000 7.2140 102 147 161
-19.7500 13.0000 5.8470 78 169 183
2.1250 -9.5000 12.3320 24 102 101
-14.5000 16.0000 5.4390 152 173 137
-10.0000 10.0000 10.3060 50 91 85
-22.3750 4.5000 2.9340 181 91 150
5.3750 -16.0000 15.1100 39 116 48
7.4375 19.0000 11.0230 50 73 104
-6.1250 -18.5000 6.6820 83 132 245
-10.8750 2.5000 2.9970 207 73 125
6.5000 5.0000 6.1540 138 172 159
15.9375 -24.0000 5.8190 63 248 115
-9.6875 -19.5000 3.3780 231 108 111
-18.8125 -6.5000 3.2160 206 81 125
-11.4375 -13.5000 3.2660 213 99 121
-10.1250 -13.5000 3.1900 213 79 124
22.8750 0.0000 6.5770 114 229 180
-2.0625 -0.5000 3.2030 211 112 90
10.3125 18.0000 7.6720 61 143 135
10.3125 -3.5000 3.1620 199 145 0
-5.1250 6.0000 15.7180 50 50 49
-11.7500 13.5000 5.3310 147 193 162
9.9375 -2.0000 13.1030 17 135 62
-24.1875 -17.5000 13.4800 32 63 143
8.9375 -4.0000 12.0600 7 144 90
21.1250 23.0000 8.2680 23 192 121
17.9375 12.0000 8.7650 45 187 89
-3.6250 -19.5000 15.8380 52 51 128
-17.0625 -21.0000 13.6740 24 71 153
-12.7500 22.0000 5.3500 183 175 154
11.0625 -4.0000 9.5250 25 179 87
-19.3125 -22.5000 16.7160 32 34 138
17.0000 19.5000 15.3760 22 121 59
15.5000 24.5000 11.8950 13 153 80
-17.4375 -6.5000 3.2600 201 94 117
2.3125 -9.5000 5.0300 99 224 167
22.6875 -22.0000 3.8550 142 254 55
-6.6250 24.0000 5.0330 179 181 116
22.4375 16.0000 16.2460 10 130 65
4.7500 -18.5000 18.7320 72 68 55
-0.4375 21.0000 12.2110 71 68 43
-23.5625 10.0000 3.0270 196 104 150
-14.1250 -8.5000 3.2330 197 85 116
23.0000 -16.5000 3.3210 185 209 38
-8.3750 10.5000 6.9220 66 143 127
6.5625 -21.0000 21.7680 40 62 60
-0.0625 6.0000 6.5460 96 154 122
-21.8750 -11.5000 3.4190 202 109 90
-5.2500 -6.5000 3.0200 188 90 144
3.2500 12.0000 6.0280 164 145 182
20.6875 -24.0000 3.6110 155 239 39
20.0625 20.5000 6.3240 56 232 144
11.5000 23.0000 4.7210 131 229 162
-20.0000 -20.5000 18.6120 36 41 128
-9.6250 5.0000 4.2810 126 234 150
-2.6250 3.0000 16.2370 42 66 71
-23.0000 -8.5000 3.3020 200 90 105
-18.5000 -4.5000 3.2140 206 96 124
-2.8125 0.0000 3.9990 132 229 105
-24.3125 -18.0000 13.6400 35 63 139
-22.7500 -4.0000 3.2400 205 91 126
3.7500 -18.0000 18.0540 65 72 64
12.4375 -10.0000 4.9800 76 254 113
-23.0625 24.0000 5.2490 196 154 126
16.6250 19.5000 15.5180 19 118 61
6.9375 -9.5000 14.9770 16 105 49
14.0000 10.5000 8.3750 94 108 80
-0.2500 -9.0000 14.8680 24 51 111
14.7500 -23.5000 0.7930 138 84 13
17.6250 23.0000 14.9840 22 141 39
-0.5000 18.0000 9.8090 74 100 66
13.0625 6.0000 6.4120 150 180 177
-17.1875 -14.0000 3.3900 199 93 90
17.6875 -17.5000 7.6840 23 212 123
-23.8750 -21.5000 14.5380 44 65 135
-17.5000 -20.5000 15.8570 35 32 127
-15.8750 -4.5000 3.1570 205 90 136
-11.4375 -21.0000 3.3450 232 85 98
-24.1250 -24.0000 19.0280 64 55 123
22.4375 2.5000 14.4740 81 120 78
-5.8750 9.0000 5.3860 123 173 166
7.8750 -3.5000 10.6930 17 147 112
-7.6250 -9.5000 3.1420 209 87 128
-0.1875 -14.5000 16.3310 36 69 85
-15.5625 5.0000 8.2460 20 133 198
25.0625 6.0000 21.5550 94 109 31
-22.2500 13.0000 6.8020 74 145 168
-11.5625 5.5000 2.8960 185 69 135
-22.8750 -4.0000 3.2140 204 86 131
2.7500 11.5000 6.0690 160 150 184
-20.5625 -8.0000 3.3240 198 91 101
16.6250 -23.0000 1.8740 134 222 74
-13.9375 8.5000 6.9100 47 154 175
24.1250 17.0000 9.1570 32 178 97
-17.7500 -4.5000 3.1940 203 96 126
8.5000 -17.0000 3.7620 165 254 16
3.7500 -21.0000 6.4500 108 164 188
11.8750 1.5000 6.3960 121 211 132
-4.3750 20.5000 9.7870 83 127 55
-20.4375 -5.5000 3.2370 199 83 120
7.0625 12.5000 6.1500 158 149 179
0.1875 -8.0000 7.0510 50 147 202
-22.8125 -19.0000 14.1040 27 61 135
20.1250 -1.0000 6.4710 115 232 135
-22.6875 -23.0000 19.7020 38 35 121
9.3750 -8.0000 13.1090 12 148 50
-11.2500 1.0000 3.0670 198 80 131
-14.8750 -16.5000 3.4540 206 113 92
-4.1875 -5.5000 3.0600 186 97 135
21.0625 20.0000 5.2150 78 254 167
-16.3750 9.5000 7.2990 37 157 184
19.0625 -18.5000 5.6670 63 240 162
-16.9375 6.0000 12.5410 9 110 149
11.5625 14.5000 10.4640 71 117 93
-2.9375 24.5000 9.6790 75 115 68
21.8750 -2.5000 6.6190 97 228 139
-7.5625 5.5000 4.9560 97 212 186
18.0625 24.5000 9.0620 32 197 85
13.3125 22.5000 14.1220 31 65 84
20.6250 18.0000 17.4270 17 138 58
6.0000 -21.0000 21.5130 42 63 63
7.3750 -6.5000 15.5120 24 69 67
-18.7500 -16.5000 11.7140 28 62 178
6.3125 -13.0000 17.2220 23 108 43
-15.1875 -21.5000 6.7180 60 132 239
-23.6250 -3.5000 3.2500 193 93 135
4.8750 -8.0000 16.3220 33 71 82
-20.7500 21.5000 5.2320 180 169 126
20.0625 -7.0000 1.2130 164 165 39
16.8750 23.5000 14.1970 14 146 66
-2.3750 9.5000 5.7110 163 162 161
19.8125 -13.5000 2.7630 142 228 99
-15.4375 -2.5000 3.1210 196 92 152
20.7500 6.5000 13.4610 80 135 54
4.5000 -20.5000 21.8540 67 46 62
-7.1250 3.5000 15.2600 30 78 102
-6.0625 -21.0000 6.0600 92 131 254
-14.4375 17.0000 5.4250 162 176 141
3.4375 8.0000 6.1180 148 176 171
-16.6250 25.0000 5.3760 189 149 135
-5.2500 23.0000 10.4370 73 73 56
4.0625 -20.0000 21.1350 65 49 59
-18.8750 2.0000 3.0330 194 84 142
-14.2500 -20.0000 3.3360 212 88 114
21.1875 21.5000 7.7240 34 202 133
23.5000 -4.5000 2.8550 194 216 78
-22.6250 -14.0000 3.4160 208 109 83
-5.0000 -15.0000 15.5750 45 50 135
-4.3750 -9.0000 13.3490 25 89 163
-23.4375 -13.0000 3.3850 199 97 100
10.3750 23.5000 3.6060 209 137 28
-14.5000 6.0000 6.9440 44 148 201
8.2500 -4.5000 11.9040 10 131 96
7.3750 -13.5000 10.3070 32 165 74
9.6875 -17.5000 6.1560 68 244 121
-8.1875 -22.0000 3.4760 223 134 106
-12.9375 0.5000 3.0530 192 98 150
-14.3125 8.0000 2.9430 188 90 125
-10.0625 -18.0000 3.2710 232 78 122
-23.0000 -21.0000 13.8600 36 69 132
10.1250 3.0000 6.3070 116 200 151
7.3125 -15.0000 17.5790 31 110 35
21.2500 -15.0000 2.6540 149 155 129
-20.4375 -16.5000 3.4090 196 111 73
-5.5625 -13.0000 11.2640 36 77 159
14.0000 19.0000 10.9070 42 109 100
-15.7500 14.0000 4.9670 123 215 154
-5.6875 9.5000 5.3680 154 173 171
0.7500 18.5000 10.1200 71 117 62
-20.3125 -19.5000 16.8090 27 43 134
5.6875 -23.5000 7.4410 91 151 130
4.0625 2.5000 16.0970 55 48 49
-20.0625 18.0000 5.9390 125 148 141
13.1875 25.0000 16.5080 50 63 90
-18.0000 -12.5000 3.2500 210 75 106
-18.1250 5.0000 2.9840 190 88 135
-16.0000 -11.5000 3.2960 203 92 108
10.1250 13.0000 9.6450 78 101 85
-17.5625 -23.5000 9.8530 45 82 162
-15.5625 6.5000 12.3300 0 107 143
19.7500 24.0000 4.2350 112 254 69
-7.3125 17.0000 5.6370 173 152 166
-18.7500 -10.5000 3.2850 208 83 103
9.1875 -24.0000 2.0720 158 136 46
3.8750 -16.5000 17.5220 51 69 59
-24.2500 7.0000 3.0110 185 111 155
13.3125 8.5000 6.3660 157 192 171
-12.0000 20.5000 5.4590 186 152 161
12.0625 0.0000 1.6180 185 137 40
10.8750 -0.5000 2.3470 162 138 91
9.1875 -11.0000 5.0750 89 254 136
4.9375 23.0000 3.8050 189 167 28
25.0625 -6.0000 6.4560 103 219 129
-0.1250 -17.0000 14.6230 32 77 97
-17.2500 -9.5000 3.3070 199 90 105
-19.9375 -15.0000 6.5310 54 132 226
-1.1875 10.5000 5.9700 151 175 178
22.9375 -8.0000 2.7580 179 186 96
-10.1875 -6.0000 3.1270 192 84 149
-17.5000 -7.5000 3.2760 200 96 112
22.1250 8.5000 16.1210 53 98 30
6.4375 18.5000 11.6960 52 71 93
4.0625 9.0000 6.0540 163 153 168
-1.7500 0.5000 14.1890 41 80 82
6.0000 -15.0000 19.9530 33 101 54
-0.4375 16.0000 8.1410 88 92 92
-5.4375 14.0000 5.7610 157 184 165
24.6875 21.0000 0.2020 145 114 3
-0.5625 -23.5000 4.0020 166 194 94
-14.9375 -0.5000 3.0430 200 90 147
-16.5000 -12.5000 3.3150 208 86 109
-21.4375 -17.0000 3.3240 212 93 71
-13.4375 14.5000 5.8220 125 166 158
8.4375 -16.0000 4.2980 126 254 73
24.2500 16.0000 9.7010 38 185 85
-15.3125 5.5000 7.9900 23 136 202
-15.3750 5.0000 2.9900 197 79 134
19.1875 2.0000 6.5210 138 191 188
14.0625 -13.5000 7.8150 36 177 103
14.4375 19.0000 15.5080 26 92 69
-22.0000 -8.5000 3.3570 201 94 98
1.6875 -16.0000 13.6900 50 75 89
3.3750 5.0000 16.0340 72 43 51
-10.2500 11.0000 8.4980 56 110 109
1.1250 -1.5000 3.2300 211 107 85
18.1875 2.0000 6.4560 142 192 186
21.7500 12.5000 10.3730 29 183 89
-13.3125 3.5000 3.0170 194 85 141
-12.4375 -11.0000 3.2050 207 85 120
-11.8125 -13.0000 3.2750 217 99 121
22.3750 -19.5000 3.2580 191 180 42
15.1250 10.0000 8.9760 76 158 56
23.3750 13.0000 11.7280 24 168 87
-23.3125 14.5000 6.8280 83 143 160
-20.0000 -2.0000 3.1780 195 86 130
-9.6250 -12.5000 3.1980 217 81 123
7.7500 -4.0000 12.5990 11 109 111
-12.1250 -2.5000 3.0450 192 89 157
-19.8750 -16.5000 6.9510 54 107 224
-8.7500 -16.0000 3.1280 221 64 121
5.0625 -13.0000 16.4330 30 112 51
-4.9375 -22.0000 3.4530 219 120 83
-21.6250 6.5000 2.9540 188 104 153
16.0625 -17.0000 7.6640 31 210 101
22.3750 19.5000 6.0100 58 230 168
-16.4375 -19.5000 3.3120 217 95 120
1.6875 24.0000 6.8340 86 137 135
-4.2500 3.0000 18.0600 44 59 80
-17.3750 7.5000 8.7470 21 138 175
-18.5625 -21.5000 16.1810 25 38 136
18.2500 -19.5000 3.4840 173 246 13
-14.6875 -19.0000 3.2330 224 84 129
3.0000 -4.5000 8.7400 23 135 180
7.1875 -18.5000 16.6950 50 89 50
17.7500 18.5000 14.1860 10 155 70
-15.5625 14.0000 5.1420 119 201 168
22.9375 -11.5000 2.0160 146 165 97
-3.6875 -21.0000 3.4110 227 114 84
-16.2500 25.0000 5.3950 189 147 132
9.6875 -24.5000 2.4880 150 182 65
23.8750 4.0000 18.7750 83 98 53
4.5000 -1.0000 14.2750 26 68 101
6.8125 20.5000 10.3830 48 77 112
2.5625 -7.5000 6.2750 57 182 198
5.6250 -19.5000 20.4070 49 73 64
-5.9375 -17.5000 3.3470 227 89 82
-5.1875 2.0000 10.8300 28 105 136
-2.9375 3.5000 18.2600 45 58 83
8.7500 -1.0000 11.1590 23 140 71
15.6250 14.0000 8.6330 49 169 97
-17.3125 -1.5000 3.0880 196 92 139
22.8750 17.5000 13.2710 14 152 73
-5.9375 -21.5000 5.8470 93 145 254
-10.5000 4.5000 2.9760 192 64 115
-2.5000 18.5000 10.4150 86 96 37
17.5000 16.0000 16.9640 22 126 39
21.4375 18.0000 14.2510 13 148 78
-22.1250 -3.0000 3.1660 202 84 145
-16.0625 16.5000 5.3120 156 181 147
-16.1875 -5.5000 3.2140 197 106 137
20.8750 -18.0000 3.5210 166 232 30
11.1875 3.0000 6.3210 124 203 140
15.5625 7.5000 6.4730 140 204 140
-9.3750 10.5000 8.4140 53 115 107
-3.5000 -14.5000 17.1320 37 59 122
21.8125 17.0000 17.6390 11 122 65
6.7500 17.0000 11.7180 64 74 59
4.6875 15.0000 11.6050 81 88 35
-8.5000 -9.5000 3.1970 204 90 129
20.0625 4.0000 6.4450 152 187 181
1.2500 3.0000 17.0760 75 40 26
-20.5000 3.5000 3.0360 188 84 128
-4.5625 21.0000 9.2740 87 103 56
-5.5000 6.5000 13.6050 48 58 74
0.6250 -23.0000 7.0000 87 143 174
-19.6250 1.0000 3.0460 187 99 159
10.2500 20.0000 7.5970 64 108 147
-16.1875 -13.5000 3.3410 207 94 104
8.6875 -18.0000 6.9180 55 219 104
5.7500 18.0000 11.4740 58 68 73
4.8125 6.0000 6.1110 151 162 141
14.7500 3.0000 6.3460 135 221 172
-11.3125 15.5000 5.5150 161 171 136
-2.0625 18.5000 10.0670 82 106 51
15.9375 -21.5000 2.5260 130 236 97
18.1875 -17.0000 5.8320 58 244 155
-1.1250 13.5000 5.8900 164 147 179
23.7500 23.5000 8.6210 29 190 94
-7.9375 12.0000 5.9870 121 154 136
15.0000 -17.0000 6.9260 35 238 117
8.3125 -0.5000 13.4870 22 128 64
-8.1250 10.5000 5.2860 137 184 140
-13.4375 16.0000 5.5010 164 174 140
-24.0000 6.0000 2.9760 180 110 156
-2.4375 22.5000 11.1740 74 80 61
6.8750 -6.0000 13.0480 21 89 93
-5.0625 -22.5000 3.4380 219 117 84
-9.2500 -16.0000 3.1540 224 66 118
16.6250 13.0000 10.9560 49 159 55
11.8125 -10.0000 6.2600 62 251 114
-3.8125 -9.0000 13.0950 26 70 154
23.1875 21.5000 9.7030 22 170 114
-20.9375 -0.5000 3.0160 196 81 166
6.8125 -17.0000 13.3660 39 139 51
7.8125 -20.5000 18.4150 45 94 29
-21.4375 22.0000 5.1870 187 173 130
6.7500 -17.5000 15.6850 52 95 56
12.1875 9.5000 6.4100 144 181 176
-22.6250 -5.5000 3.2890 200 100 115
0.9375 -8.0000 3.7720 161 196 62
-17.3750 4.5000 2.9720 186 87 135
-23.6250 7.5000 2.9780 185 105 160
0.3750 -20.0000 3.9750 188 213 76
-19.2500 5.5000 2.9520 185 89 143
8.3750 1.0000 10.9090 36 137 69
-18.9375 -15.0000 5.5990 80 157 249
25.0625 -3.5000 6.5550 132 229 107
-23.1250 16.0000 6.7780 98 142 131
-11.1875 14.0000 5.5170 141 183 158
-8.3750 -6.0000 3.0740 190 84 154
-22.0000 7.0000 2.9460 195 94 147
-18.8750 -9.5000 3.2560 208 76 112
21.3750 13.5000 11.7140 18 169 95
-15.8750 11.0000 6.4020 55 161 194
2.1875 3.0000 16.3870 74 42 58
9.3125 0.0000 13.5860 19 128 59
-6.5000 -24.0000 5.4540 111 155 232
-19.9375 20.5000 5.1600 179 185 132
-20.4375 18.0000 6.1860 106 124 134
-3.8750 9.0000 7.4960 85 130 113
6.6875 9.5000 6.2140 159 160 173
-4.5625 -0.5000 3.0580 190 92 137
15.6250 4.5000 6.4050 132 242 186
-8.1875 -15.5000 3.1470 219 68 118
0.6250 -2.0000 4.3060 128 229 151
24.0625 3.0000 19.6660 91 94 50
-15.4375 -11.0000 3.3160 203 97 100
9.4375 -6.5000 9.1130 12 194 94
17.2500 0.0000 6.5260 114 223 154
24.8125 -6.5000 5.9670 108 227 142
-1.5625 -10.0000 16.3200 31 55 111
17.5000 23.0000 14.9900 22 141 39
1.8125 -0.5000 16.5730 30 74 88
-7.3125 4.0000 3.4320 210 133 35
-18.5000 25.0000 5.2360 200 146 136
-18.4375 4.0000 3.0010 192 88 130
5.9375 23.0000 3.6570 198 149 28
8.5000 4.0000 6.2400 125 183 179
-16.8125 4.0000 2.9420 181 77 151
-2.5000 0.5000 14.2080 36 81 88
-8.3125 12.0000 5.6980 139 159 140
-1.7500 -3.0000 3.1200 190 101 117
-23.2500 -24.0000 19.2930 54 47 120
-16.3750 25.0000 5.4010 188 148 134
9.2500 -11.5000 10.1330 22 170 72
5.5000 -20.0000 21.5710 50 65 67
-0.3125 -15.0000 16.3650 34 68 84
-18.2500 -12.0000 3.2540 207 75 109
7.9375 -22.0000 1.2370 150 108 57
10.6250 -8.0000 6.6720 55 218 125
6.9375 -11.0000 14.7470 23 108 46
19.7500 -22.5000 3.4270 181 225 39
15.0000 24.5000 11.6410 31 137 79
9.6875 19.0000 9.3680 50 94 128
-16.9375 -20.5000 13.7110 26 70 154
-17.5000 9.5000 4.9460 94 223 202
-2.3125 -3.0000 3.1880 187 112 112
-17.5625 -5.5000 3.2070 201 85 129
-23.3750 19.5000 6.2600 110 141 128
3.5625 -1.0000 15.4830 24 62 97
-20.3125 2.5000 3.0410 193 94 132
18.5000 2.0000 6.4400 142 194 188
20.3750 25.0000 17.3660 14 150 71
19.3125 -16.5000 7.0520 26 213 147
-5.4375 -24.0000 5.9530 93 146 227
14.3750 24.0000 14.0140 34 111 77
-12.8750 -4.0000 3.0580 200 84 152
-1.8125 4.5000 17.7460 58 41 56
-20.6875 -9.0000 3.3270 202 90 99
10.0000 21.0000 3.6190 200 146 23
7.1250 8.5000 6.1760 156 170 161
19.9375 17.0000 17.5530 11 136 61
21.1250 -24.0000 3.4950 167 221 37
23.6875 13.0000 0.2820 142 113 35
18.2500 -11.5000 0.8770 161 117 0
16.5625 12.0000 10.2200 61 146 65
-1.4375 20.0000 13.6430 82 83 33
16.3125 -24.0000 5.6700 73 242 132
-17.6875 9.0000 5.2450 82 207 217
16.5625 -0.5000 6.5670 97 229 162
12.3125 10.0000 8.2520 97 109 91
18.8125 11.0000 3.1300 209 170 10
23.3750 -19.0000 3.4490 179 213 27
-15.0625 -20.5000 6.3470 71 138 246
2.6250 1.5000 17.0390 58 47 58
-14.0625 4.0000 2.9710 192 63 139
-15.8125 6.0000 11.9130 9 100 156
8.2500 -13.0000 16.4290 20 126 44
8.0000 -20.0000 16.8830 46 95 40
-17.1875 8.5000 7.1610 33 151 208
10.0625 21.5000 3.6220 211 138 24
-10.8750 -24.5000 3.6800 179 165 91
11.6875 19.0000 8.2080 46 129 133
2.6250 6.5000 5.6780 159 172 165
7.8125 -1.5000 15.1140 27 88 74
-1.0625 -9.0000 14.3310 34 63 118
-20.5000 24.0000 5.2850 190 160 139
-7.8125 24.0000 8.6760 94 127 79
16.5000 23.0000 14.9550 14 131 60
-1.3750 -21.0000 4.5530 135 226 161
-9.8750 -16.0000 3.1640 223 66 120
11.8750 20.5000 6.5670 67 167 172
-16.7500 -6.5000 3.2200 201 88 132
-1.0000 5.0000 18.2030 90 29 43
-12.8750 -12.5000 3.2710 217 93 127
21.6875 22.0000 9.5690 24 191 76
22.6875 20.5000 10.9650 15 159 101
-7.1875 -16.0000 12.9870 48 50 160
-17.6250 -16.5000 3.4110 199 102 74
17.0000 25.5000 6.3560 70 230 139
-18.3125 -17.0000 11.5160 33 61 177
-14.5625 -4.5000 3.1570 202 95 134
-7.1875 -24.0000 5.2450 116 170 236
-18.1250 -18.0000 14.3450 25 29 148
4.5625 4.5000 13.2200 68 79 50
3.6250 24.5000 3.7030 193 153 21
9.7500 10.0000 6.1920 158 180 179
4.8125 21.0000 10.4930 64 70 94
15.3125 9.0000 7.5120 92 156 108
-2.0000 -19.5000 15.0900 52 51 119
-8.1875 -18.0000 3.2980 231 87 110
10.6875 19.0000 7.7460 64 106 134
7.3750 -4.5000 9.4280 22 137 131
14.9375 -15.5000 5.8180 60 236 161
-12.0625 6.0000 2.9290 184 73 131
13.7500 -12.5000 0.7960 137 89 37
-17.5625 -7.5000 3.2340 203 87 117
-23.0000 25.0000 5.2430 201 141 117
-2.7500 15.5000 7.1710 119 124 141
4.3750 -10.5000 11.0560 28 111 105
3.8750 -1.0000 10.3040 31 99 137
2.0625 -4.5000 8.9090 26 130 179
-19.7500 -2.0000 3.1380 192 104 151
24.8125 5.5000 19.2040 83 112 21
-3.8125 6.0000 18.4570 68 38 41
-5.0000 16.0000 5.7910 166 148 155
6.5000 20.0000 10.8210 45 74 110
-21.8125 20.5000 5.2240 154 193 148
16.3125 17.0000 3.9290 150 254 8
4.8125 -18.0000 18.4130 66 85 51
7.0625 -1.0000 11.3760 22 119 95
12.0625 19.5000 7.0600 51 166 166
21.1250 -19.0000 2.3600 134 156 128
11.8750 20.0000 6.9930 55 165 168
-13.1250 2.5000 2.9610 195 72 156
-5.0000 -7.5000 3.1090 194 101 121
-7.8125 -21.5000 3.4100 227 114 109
20.7500 19.5000 15.0540 17 135 79
0.5625 -14.5000 15.7610 36 72 78
4.6250 11.0000 6.1430 158 150 178
-19.6875 -1.0000 3.0770 199 83 148
-18.6875 14.5000 7.9600 43 121 150
-0.5000 -16.0000 14.6500 35 69 86
-13.6250 7.0000 2.8880 175 76 133
-13.3125 -8.5000 3.1530 198 94 146
14.9375 8.0000 6.4130 145 208 144
-1.6875 1.5000 16.5080 47 65 66
-4.5625 24.5000 10.0340 75 110 62
-21.9375 25.5000 5.2680 200 143 119
-9.1875 16.5000 5.6590 166 160 161
-4.5000 -6.0000 3.0770 195 91 117
21.9375 -3.5000 6.6320 87 234 146
22.8125 -22.0000 3.8270 144 254 51
9.2500 -2.0000 13.1870 17 133 64
1.5625 19.5000 11.5720 66 81 53
1.0625 17.5000 11.1870 73 96 45
-5.3750 -2.0000 3.0900 200 90 135
1.6875 15.5000 9.5670 95 91 60
22.5625 -12.0000 2.5020 147 161 128
-1.8125 -21.5000 4.5700 129 217 183
-7.6250 -13.5000 3.2120 209 52 84
-1.5000 -6.5000 3.2020 195 100 93
19.6875 23.5000 8.9430 22 197 84
17.5000 0.5000 6.4460 124 202 162
9.8750 0.0000 10.3330 24 149 71
24.6875 11.5000 16.8560 34 127 53
4.5000 -6.0000 12.8970 22 84 118
-6.0625 12.0000 5.8370 145 173 165
-15.3750 -23.0000 6.2700 68 143 229
-2.7500 21.5000 11.8970 83 77 45
-2.5625 23.0000 11.4490 76 77 54
21.1875 21.5000 7.5350 37 200 138
-5.6250 16.5000 5.6700 169 156 164
-0.2500 -3.5000 5.2040 76 205 244
-3.4375 10.0000 5.6850 160 161 168
9.6250 25.5000 5.4410 120 132 180
-3.0625 -2.0000 3.0210 198 82 129
0.1875 19.5000 13.1050 68 70 52
13.4375 13.0000 10.6270 71 117 89
-5.9375 -11.0000 3.1570 209 84 102
12.5000 22.5000 4.7230 129 240 161
11.7500 -5.5000 0.8680 161 103 2
-17.8750 17.0000 5.2540 137 194 151
-5.3125 -1.0000 3.0460 198 85 141
8.7500 3.5000 6.2220 123 187 175
7.9375 16.5000 11.8450 53 77 89
7.0000 -17.0000 21.2890 41 81 38
-20.3125 -9.0000 3.3230 201 95 108
-22.2500 22.5000 5.1710 188 173 132
-20.5000 -10.0000 3.2620 207 79 103
-20.9375 -19.5000 15.8060 29 46 124
5.1250 -6.5000 7.0980 52 170 161
12.0000 -8.0000 5.5430 81 254 127
-14.8125 -19.5000 3.2820 223 92 121
4.3125 20.5000 11.4240 63 69 73
-14.5000 -17.5000 3.4580 201 123 103
-4.2500 0.0000 3.5310 181 190 70
17.5625 -21.0000 2.3480 122 251 104
-0.5000 10.5000 5.9600 156 174 164
-17.6250 -19.5000 15.4740 33 23 132
1.7500 15.5000 10.0870 94 99 49
-3.6250 -15.0000 14.3420 39 59 129
24.6250 0.5000 6.5760 129 221 164
0.2500 4.0000 13.2310 70 78 53
-22.2500 -22.5000 13.7640 34 70 127
23.0000 1.5000 13.8600 81 131 62
-12.3125 8.5000 6.3740 62 156 190
-23.9375 -18.0000 6.1470 71 136 216
-6.8750 15.0000 5.7150 167 172 156
17.4375 21.5000 13.1680 8 148 76
9.6250 -1.0000 12.5750 12 138 63
2.5000 3.0000 16.9520 61 46 59
3.5625 -2.5000 9.7230 19 110 173
8.9375 -12.5000 9.9040 22 172 79
-23.2500 -21.5000 12.2260 36 88 138
23.2500 20.5000 10.9080 19 158 99
-17.5625 8.5000 5.5550 71 198 235
15.8750 3.0000 6.4070 135 231 171
3.8750 5.5000 5.6530 150 180 151
-1.8125 -3.5000 6.1590 43 168 241
3.9375 -9.0000 15.5350 31 70 77
-22.8125 -3.0000 3.2130 195 109 137
-11.3750 17.0000 5.5840 169 175 147
-16.8125 -2.0000 3.0620 192 81 153
-3.9375 5.0000 6.4510 88 169 139
-22.0625 23.5000 5.1840 194 171 132
21.7500 -2.0000 6.4720 113 239 165
8.6250 21.0000 3.6880 195 149 39
14.1875 9.0000 6.5490 148 167 139
12.4375 11.5000 8.5450 89 108 85
23.2500 -3.0000 6.6350 111 229 134
-0.0625 -6.0000 8.6230 32 124 180
8.3750 8.5000 6.2510 156 164 190
-0.6875 6.0000 9.0820 80 101 85
21.1250 -6.5000 2.4770 164 231 114
-14.6250 -5.5000 3.1880 202 89 135
-21.3125 -9.0000 3.3670 204 98 92
-3.1250 22.5000 11.4440 76 78 56
7.8750 -8.0000 13.8140 22 121 57
-21.1250 -11.0000 3.3870 202 102 91
16.8750 3.0000 6.4660 136 232 173
-5.3125 11.0000 5.7900 145 177 161
20.0000 -23.5000 3.6990 147 248 46
22.7500 25.0000 7.0010 48 187 130
0.5625 8.5000 5.9430 147 165 172
-4.5000 23.5000 8.9730 66 149 77
-11.8750 3.0000 2.9970 195 80 146
-5.8125 17.0000 5.6900 169 155 166
-13.4375 5.0000 2.9180 187 61 140
-20.6875 18.5000 6.0300 110 129 141
-16.1250 -11.0000 3.2730 203 88 110
-14.0000 7.0000 7.2940 38 145 190
-22.5000 -23.5000 19.9090 44 37 118
2.8125 -23.0000 7.3940 101 146 155
23.1250 11.0000 14.2440 26 140 51
10.3125 -6.5000 9.4410 13 192 84
20.8125 -11.0000 2.3000 155 164 127
24.5625 -1.0000 6.5780 124 222 147
8.1875 4.5000 6.2500 128 171 180
10.9375 19.5000 3.5720 201 139 15
-4.3750 -7.5000 3.0760 197 80 108
22.8750 -2.5000 6.5100 117 232 137
-15.8750 8.5000 9.2570 16 129 171
-12.6875 10.5000 12.2570 32 83 99
6.6875 -18.5000 22.7960 51 61 48
10.6875 -8.5000 7.2490 42 201 110
-8.7500 -18.5000 3.3600 234 104 105
-7.7500 13.5000 5.7140 154 185 174
-11.9375 -9.0000 3.2540 204 97 120
16.1875 24.5000 14.2110 21 146 71
-0.5625 20.0000 12.8600 71 73 54
5.6250 -18.5000 21.9700 54 69 55
-22.0625 0.0000 3.0790 200 85 160
-17.1875 -11.0000 3.2300 201 62 111
23.4375 -2.0000 6.5200 122 229 137
9.0625 8.5000 6.2430 154 166 192
3.8750 -1.0000 10.2290 32 100 138
-0.5625 22.5000 11.0930 68 84 79
14.4375 12.5000 9.8590 72 152 61
0.2500 -2.0000 3.1150 208 80 109
6.1875 -10.5000 16.2260 17 105 51
24.6875 -17.0000 3.4850 162 218 21
13.9375 12.5000 10.2260 81 144 64
-19.9375 -21.5000 5.0700 107 179 232
7.6875 -23.0000 6.7460 67 186 140
-14.4375 -0.5000 2.9810 192 87 156
-2.6250 -20.0000 15.5690 47 47 121
16.1250 21.0000 2.0550 151 165 84
-14.5625 5.0000 2.9510 192 79 139
-2.5000 15.5000 7.1770 131 107 145
-24.5000 -23.0000 17.8020 58 59 132
5.5625 18.5000 12.1630 58 62 70
16.7500 -24.5000 2.5830 112 248 117
2.0625 17.5000 10.6590 74 121 46
8.3125 -13.5000 17.4680 21 111 45
-10.3125 -5.5000 3.1460 193 108 146
22.5000 7.0000 11.2020 57 129 41
-6.0000 23.0000 9.1960 69 108 77
-18.8125 -22.5000 17.7380 32 29 137
7.3750 -24.0000 6.7470 70 183 130
5.6250 3.5000 13.0410 51 76 56
-4.4375 6.0000 15.7110 53 60 60
-19.6250 18.5000 5.1180 160 187 140
-15.4375 13.5000 4.0920 164 224 46
-12.5000 16.5000 5.4700 170 182 145
0.9375 -21.0000 6.9750 88 146 185
-15.5000 20.5000 5.4050 182 161 149
-15.5625 -0.5000 3.0660 203 89 146
18.0000 -18.0000 5.1690 77 254 155
-22.6250 -5.5000 3.3160 199 105 113
-11.3125 20.5000 5.3970 189 151 152
-4.7500 15.5000 5.7970 166 152 154
-19.3750 -19.5000 16.1040 31 36 135
-1.1875 -1.0000 3.0740 202 70 124
-18.8750 0.0000 3.0600 196 86 152
-22.8125 -22.0000 18.5540 33 36 128
6.6875 -7.5000 15.9810 24 72 68
14.1875 20.0000 15.5820 32 88 61
22.5000 -23.5000 3.4200 174 206 38
-0.1250 -14.5000 16.3000 35 70 83
-20.7500 -0.5000 3.0830 198 88 153
18.0625 -17.5000 6.4800 36 233 142
8.8125 13.0000 9.2030 79 98 92
14.5625 8.0000 6.4360 147 203 143
-14.6875 -13.0000 3.3480 210 98 100
-22.2500 -20.0000 16.7210 27 48 133
1.0000 24.0000 8.5930 66 118 95
24.3750 -4.0000 6.6520 96 227 120
-22.0625 -7.5000 3.3650 202 105 92
-16.9375 7.5000 7.8220 28 142 193
0.9375 -19.5000 7.1150 86 146 186
-20.8750 -1.0000 3.0960 202 88 149
-14.3750 12.5000 10.5990 43 101 100
-3.8750 24.0000 9.9710 73 109 58
1.1875 4.5000 16.7820 76 42 35
8.6250 -13.0000 11.1470 25 161 64
3.3750 24.0000 3.6280 204 151 12
19.5625 -7.5000 1.0270 162 141 31
5.1250 21.0000 10.6340 43 66 117
-12.1875 -9.0000 3.2270 205 89 124
-9.1875 1.0000 3.0560 209 85 117
-18.6875 -13.0000 3.2950 211 84 98
4.6250 -22.0000 21.4520 59 36 75
-24.6875 20.5000 6.7890 103 136 126
22.7500 1.5000 6.4820 133 228 200
-15.1875 -8.5000 3.2350 198 82 120
7.1875 -8.0000 13.2840 22 109 65
-9.0625 4.0000 3.4580 205 160 52
0.1875 -5.5000 9.5100 31 111 168
-17.7500 13.0000 7.5150 46 133 147
3.0000 16.0000 10.3430 80 100 45
-23.0000 -18.0000 5.7840 82 153 220
10.0000 9.5000 6.1500 165 158 186
6.3125 22.0000 8.6240 52 88 143
2.3125 -13.5000 14.4180 24 96 65
17.3750 4.5000 6.4780 135 234 194
8.3750 -4.0000 11.8890 14 142 94
-14.0000 21.0000 5.4250 186 146 145
-17.9375 13.5000 7.9790 42 125 144
-1.3750 -3.0000 7.4870 29 146 220
23.1875 13.5000 12.2730 19 166 87
1.2500 14.0000 5.8880 164 148 164
3.4375 -5.5000 8.6390 33 131 166
-6.1875 5.5000 5.3110 104 190 197
-19.7500 11.0000 2.9680 191 76 125
-14.8750 -18.5000 3.3400 223 102 115
-21.7500 17.0000 7.8920 79 131 113
-12.9375 15.5000 5.5190 163 189 153
20.0625 16.0000 6.7110 56 204 132
-24.5000 -14.5000 3.4480 193 118 95
20.6250 14.0000 14.0920 16 170 62
5.6250 -3.0000 9.0210 26 143 146
20.1250 5.0000 6.5130 146 231 172
19.5625 -1.0000 6.5180 112 232 143
-11.9375 -8.5000 3.2380 200 94 126
10.8750 -12.5000 8.3140 26 184 88
-12.4375 9.0000 6.4060 64 153 185
4.0000 15.0000 10.4610 80 105 52
3.6250 22.0000 10.1230 55 84 101
19.7500 -20.0000 2.2550 135 153 104
-13.2500 23.5000 5.3620 184 166 155
4.8125 18.5000 12.2790 75 57 61
1.1250 -12.5000 17.1900 35 50 81
-0.1875 -22.0000 3.9740 187 217 72
-14.1875 8.5000 7.0490 35 152 193
-13.9375 -5.5000 3.1520 196 85 138
5.3750 11.0000 6.0530 166 151 190
-17.9375 -3.0000 3.1800 199 98 138
-21.4375 -17.0000 12.4080 21 66 149
2.0625 -21.0000 6.7890 110 157 181
-16.1250 14.5000 5.5110 109 175 177
16.4375 4.5000 6.4450 131 244 182
-22.9375 -17.5000 6.1320 70 140 222
24.5625 24.5000 5.8170 89 218 106
-9.6250 -0.5000 3.0690 199 92 136
-4.0000 6.5000 15.2660 58 56 55
-1.4375 7.0000 5.8220 137 142 172
-17.6875 -6.0000 3.2240 199 87 127
4.3125 16.0000 11.5190 80 83 33
21.0625 6.0000 6.6350 142 227 143
11.9375 -23.5000 6.0050 80 247 101
7.9375 -8.0000 14.1070 23 116 56
-21.6250 -8.5000 3.3670 201 97 95
20.6875 22.0000 5.7250 83 254 125
-13.1250 4.0000 2.9590 194 63 131
-18.0000 -14.5000 3.4040 200 100 86
-10.6875 25.0000 8.4740 112 116 92
-23.9375 5.5000 2.9860 178 109 149
10.4375 -14.0000 8.7330 34 173 91
19.0000 -16.5000 7.0480 26 214 149
-22.6250 -7.0000 3.2960 204 85 104
1.3750 11.0000 6.0220 158 170 161
4.9375 -18.5000 18.9110 62 86 50
-5.8750 4.0000 15.1880 40 52 87
-24.6250 -13.5000 3.3470 197 97 114
-23.1250 -19.5000 6.4440 66 141 211
15.5000 2.0000 6.4340 127 233 169
10.6875 -6.0000 3.5840 168 243 0
13.1250 18.0000 11.2920 46 105 93
-15.5000 19.0000 5.4170 175 162 141
-24.1875 21.0000 5.2660 161 163 141
10.4375 21.5000 3.5700 205 139 24
8.0625 -15.0000 19.3680 27 108 45
20.6875 -21.0000 3.3280 180 212 51
21.5000 25.5000 14.7280 21 148 62
-9.6250 17.5000 5.6150 172 157 164
24.1250 -6.0000 2.9110 190 202 79
-24.1250 -18.5000 6.2800 73 137 207
-10.5625 -18.0000 3.2560 228 88 134
-1.2500 0.0000 3.8870 161 230 68
-7.1875 -10.5000 3.1790 201 76 107
-24.1250 -4.0000 3.2730 188 96 134
-15.3750 -22.5000 6.4610 64 140 232
6.8125 -19.0000 18.4160 48 85 41
-1.7500 7.0000 14.7740 68 47 47
18.8750 13.5000 11.3190 16 162 80
-5.1250 -19.5000 12.0870 57 67 147
13.1875 7.0000 6.3850 157 191 170
-1.8750 14.0000 5.8740 161 158 182
9.8750 -6.5000 8.9680 13 195 93
-22.2500 14.0000 7.5550 69 145 137
3.1250 -7.5000 16.7510 20 63 103
-4.5625 11.0000 5.8390 145 169 154
11.9375 9.0000 6.3140 148 182 177
16.3125 -22.0000 2.5270 131 234 95
-13.5625 -15.5000 3.3890 205 110 114
-15.1250 -10.5000 3.2870 205 92 101
-5.5625 -13.5000 10.4640 39 101 169
-18.5000 5.5000 4.5440 100 233 203
-2.5000 2.0000 17.4160 38 60 75
-6.1875 -8.5000 3.1350 205 86 127
-5.8750 17.0000 5.6180 172 158 166
-14.6875 8.5000 5.0780 85 213 218
-17.4375 -21.0000 16.2470 29 38 133
-8.6875 -6.5000 3.0660 195 80 151
-5.3125 -13.0000 13.3690 32 43 144
2.6250 4.0000 15.0700 74 57 51
-8.9375 -19.0000 3.3490 235 102 106
-15.0000 -7.5000 3.1330 204 80 136
3.5000 10.0000 6.1110 157 158 178
6.1875 -2.5000 13.0550 17 107 99
19.3750 -16.5000 7.0870 25 212 147
-6.3125 4.0000 6.3310 76 151 179
-20.8750 25.0000 5.2580 191 154 136
-4.0625 -19.0000 15.3280 53 48 130
5.8125 -9.5000 17.0100 16 94 62
-17.7500 23.5000 5.3030 193 159 150
1.6250 4.5000 13.2340 73 77 50
-12.0625 20.0000 5.4890 184 153 162
-7.1250 22.5000 5.2710 173 181 132
-3.9375 -7.0000 3.0700 199 73 109
5.4375 -4.5000 12.3210 16 113 121
-15.1250 13.0000 6.2900 75 149 148
-8.0625 -16.0000 3.2010 219 75 106
-13.7500 12.0000 6.1120 83 149 171
22.3750 14.5000 13.8720 12 161 75
3.0625 -3.5000 5.7690 65 168 236
-10.6875 7.0000 6.2210 70 158 196
-5.4375 -5.5000 3.0960 194 86 125
-2.0000 2.0000 15.7260 43 68 65
-14.3750 6.0000 6.4560 54 142 208
-0.1250 -10.0000 16.7300 24 40 104
23.6250 4.5000 18.6510 79 103 49
-22.1250 23.0000 5.1810 191 173 133
-16.0000 6.0000 11.8240 10 100 157
14.7500 17.5000 12.0400 25 156 62
-12.3125 19.0000 5.5030 182 152 159
20.7500 21.5000 7.7520 36 202 132
-4.6250 18.0000 5.5810 176 174 140
1.8750 5.5000 15.0310 74 67 51
-7.1250 12.5000 5.7410 155 180 162
8.7500 -20.0000 2.6300 161 169 98
-1.6250 -17.0000 12.5150 54 69 113
10.5625 1.0000 7.4740 54 170 104
-9.1250 11.5000 8.4730 56 109 109
18.7500 15.0000 11.6390 18 159 78
0.4375 -18.5000 15.0280 50 62 95
-20.6250 -9.0000 3.3560 201 96 95
-6.0625 13.5000 5.8140 152 183 166
-23.6250 -2.5000 3.2040 191 109 147
-11.3750 -6.5000 3.2000 202 105 130
-16.3125 -22.0000 6.6020 64 135 235
2.8125 -16.5000 16.8560 50 72 68
-22.3750 21.5000 5.1550 172 184 138
-20.8125 0.0000 3.0680 195 88 159
-12.3125 -8.5000 3.2430 201 93 126
17.5625 -14.0000 2.4520 129 232 106
-23.5000 8.5000 2.9520 188 101 151
-11.0625 9.5000 6.2070 76 137 168
17.5625 -19.0000 6.7850 30 221 143
6.8125 -15.5000 20.8440 34 92 47
2.3750 0.5000 19.3600 38 68 71
18.0625 -18.0000 7.7670 25 212 118
5.3125 18.0000 12.4340 60 62 67
-7.0000 10.5000 6.6980 88 121 143
-17.3125 -10.5000 3.2280 200 65 112
-0.1250 -6.5000 3.0970 198 68 101
18.0625 -22.5000 3.0720 177 179 79
21.8750 21.5000 9.3520 28 198 76
21.2500 21.0000 5.3290 83 254 146
-18.4375 8.5000 2.9040 186 89 138
-16.7500 24.0000 5.3330 191 156 140
8.5625 -17.5000 0.8460 149 81 29
14.0625 7.0000 6.3490 162 191 161
9.0000 -5.5000 12.8020 4 141 75
-12.3125 15.5000 5.5640 162 174 137
-2.3125 8.0000 5.4690 155 172 152
-9.3750 -19.0000 3.3310 236 96 111
-13.1875 20.5000 5.4280 187 149 160
3.6875 -14.0000 14.7520 26 94 54
18.9375 6.5000 6.5890 130 231 166
10.5000 4.0000 6.2940 132 190 173
15.0625 2.0000 6.3680 129 235 170
-6.8125 14.0000 5.7560 156 183 168
-11.3125 21.5000 5.4090 187 162 151
-19.8125 -17.0000 6.8620 57 112 231
18.9375 -19.0000 2.4930 144 175 121
1.6875 12.5000 5.9710 166 147 156
21.7500 6.0000 14.8660 87 112 47
-19.4375 6.0000 2.9740 183 101 138
-12.7500 -24.0000 5.6910 95 143 229
-18.6875 -20.0000 15.2800 33 24 138
-21.0000 18.5000 5.8610 116 140 152
-3.4375 -13.5000 16.2890 34 37 112
-4.8125 2.0000 15.6610 23 82 81
