ply
format ascii 1.0
element vertex 15971
property float x
property float y
property float z
property uchar red
property uchar green
property uchar blue
end_header
-22.7500 -18.5000 5.1240 84 126 220
16.6875 14.5000 0.1160 164 121 174
24.2500 -22.0000 0.1220 187 174 45
-11.1250 1.5000 1.1670 229 130 110
24.0000 22.0000 0.1120 189 128 99
0.2500 -19.5000 1.3290 251 110 101
13.5000 1.5000 1.3330 210 138 115
-7.3125 14.0000 2.8260 136 184 237
-16.6875 -12.5000 5.1280 97 104 247
-24.6250 21.0000 1.4510 234 120 117
-0.9375 -18.0000 1.3400 238 126 101
-6.0000 -15.5000 1.3560 245 87 119
20.8125 1.0000 0.1320 149 121 198
-3.3125 1.0000 1.2370 235 93 118
7.5000 -22.5000 1.3890 225 117 97
-24.7500 19.0000 1.4050 234 102 129
24.1250 17.0000 0.1210 163 173 95
-17.3750 -19.5000 5.5960 86 121 218
-8.3125 -21.5000 6.0970 85 83 231
-15.7500 22.0000 3.8570 115 152 254
6.2500 1.5000 4.7660 74 137 230
23.9375 3.0000 0.1160 166 145 142
3.8125 -11.5000 0.1310 171 137 142
20.6875 -17.0000 0.1260 172 172 111
-6.0000 -12.5000 1.1790 239 115 101
-2.2500 -14.5000 1.0460 216 144 108
12.4375 14.0000 0.9970 217 105 160
-13.3750 19.0000 1.5630 215 161 121
-1.0000 23.0000 1.3470 250 123 129
-14.3750 -14.0000 5.1980 92 104 237
3.9375 17.0000 1.1860 252 83 155
3.3750 -18.5000 1.2610 247 95 139
2.1250 17.5000 1.1920 245 104 158
11.9375 8.0000 1.1340 220 71 138
-10.6875 -16.0000 1.5110 241 121 99
20.0625 -6.5000 0.7880 175 221 114
9.8750 22.0000 1.2850 234 146 103
19.8750 15.0000 1.0290 211 228 58
-16.2500 14.0000 1.4410 226 107 113
9.0625 19.0000 1.2540 241 128 119
20.6875 20.5000 0.1060 181 177 140
-3.7500 -22.0000 5.6320 84 117 249
-19.0000 -20.0000 5.2410 88 132 227
6.6875 21.0000 1.3020 247 134 110
15.0625 8.5000 1.0620 222 88 174
-15.5625 -22.0000 5.1880 90 124 242
18.1250 18.0000 6.1490 56 235 141
11.5625 24.0000 0.1270 144 90 212
10.9375 -11.0000 0.9770 217 156 155
9.0000 -12.0000 1.1560 217 174 132
-11.4375 -8.5000 0.7380 191 159 92
-0.1250 -22.0000 2.8120 135 207 252
20.5000 -12.0000 0.1300 159 202 99
9.0000 -14.0000 0.1170 191 112 157
24.0625 -8.0000 0.7340 199 204 85
1.3750 10.5000 6.2120 68 140 209
-3.8750 4.5000 5.7630 64 123 230
20.1250 4.0000 1.0070 220 107 158
-23.9375 4.0000 0.2080 151 95 149
-14.1875 5.5000 1.5180 228 140 78
-19.7500 -15.5000 6.1150 83 103 203
1.5000 -16.0000 1.4540 214 191 70
-2.8750 -13.5000 1.1210 224 152 92
-13.6875 -20.5000 5.7780 82 117 223
14.1250 -9.0000 0.9050 215 113 155
16.7500 14.0000 0.1100 163 121 173
-17.1250 -11.5000 1.7250 207 146 112
-16.8750 23.5000 3.7590 114 159 254
7.8750 4.5000 4.7430 64 145 233
-14.8125 21.0000 1.7430 211 200 123
-0.3750 -16.0000 1.2700 240 134 98
-22.5625 -14.5000 1.3910 248 112 103
-6.2500 19.5000 1.3440 253 97 136
-3.3750 -24.0000 1.3880 245 118 124
-20.1875 -2.0000 1.6590 182 178 87
-16.0000 -20.5000 5.5100 85 114 224
-6.9375 5.5000 4.5730 90 133 234
-1.4375 15.0000 1.2320 238 91 117
-9.4375 -11.5000 1.5860 206 188 55
10.5625 -4.5000 1.1790 237 117 120
-5.1250 12.5000 1.2430 240 88 110
14.2500 -12.0000 0.1300 157 124 174
-17.7500 -23.5000 1.4360 243 134 68
-2.0000 -1.0000 1.1940 228 87 142
3.7500 22.5000 1.3020 243 131 112
-18.4375 14.5000 1.3940 229 95 97
-20.4375 -9.5000 1.4230 227 99 103
8.5625 -10.0000 0.9560 204 162 178
10.2500 4.5000 4.3130 73 152 241
-2.4375 -25.5000 1.3980 225 109 144
11.0000 13.5000 1.1670 230 125 140
-9.0000 14.5000 1.4070 234 100 89
-1.7500 -18.5000 1.3620 240 125 103
14.3750 -18.5000 0.1280 179 176 91
-14.2500 -7.5000 1.0980 226 100 52
6.8125 -22.5000 1.2080 238 79 109
0.6250 -8.5000 0.1310 165 117 129
-8.4375 3.5000 1.2040 241 90 108
8.3750 -13.0000 0.1170 182 112 166
8.9375 -19.5000 0.9260 211 180 124
-7.1875 -9.5000 0.4940 164 173 121
-5.0625 23.0000 1.3630 252 108 142
-7.6875 17.0000 1.3410 254 98 134
-0.2500 8.5000 6.0560 58 144 207
16.0625 19.0000 0.5670 190 206 101
19.3125 17.5000 0.4950 184 188 128
1.5000 -3.5000 1.1340 226 98 145
9.0000 7.5000 4.8160 67 159 252
-4.4375 12.5000 1.2910 235 87 96
14.8125 3.0000 1.1210 235 89 152
-7.1250 7.0000 4.4780 94 149 237
-20.1875 -18.0000 5.5310 81 134 230
-5.7500 -12.5000 1.1100 237 107 109
11.4375 -21.5000 1.1100 200 185 95
16.1250 -13.0000 0.1060 165 135 92
-17.5000 12.0000 1.3960 237 110 103
-9.8125 -11.0000 2.0230 156 232 113
-3.7500 16.5000 1.2260 242 76 123
-0.3750 -8.5000 0.1320 164 114 132
22.5000 -16.0000 0.1100 182 159 104
-10.0000 11.0000 3.9610 104 150 240
-2.5625 3.0000 6.1680 60 121 220
24.6250 16.0000 0.1200 163 173 88
-3.5625 11.0000 5.1190 71 143 231
-13.4375 14.5000 1.4140 238 107 112
-23.4375 11.5000 1.4380 228 135 92
-23.0000 13.5000 1.4400 234 131 99
16.5625 -10.0000 0.1250 151 143 141
22.2500 -6.0000 0.1570 170 148 154
0.2500 9.5000 6.0760 58 138 218
6.1875 -5.5000 1.7020 188 207 113
-0.2500 7.0000 6.2280 47 128 217
16.1250 -23.0000 0.1130 171 167 111
-13.1250 -1.5000 0.1230 159 139 134
-8.2500 -0.5000 1.1140 218 121 107
-15.5000 4.0000 1.5770 216 161 77
-20.5625 -9.0000 1.4240 228 97 104
6.6875 -6.0000 1.6690 189 200 111
-13.6875 13.5000 1.4290 239 112 120
-12.3125 -8.5000 1.2600 206 174 39
-1.5000 -17.0000 1.3110 235 119 110
-24.8125 -3.0000 3.8810 120 102 254
16.6250 9.5000 1.0700 221 108 142
-18.0000 -12.0000 5.1540 98 105 239
18.9375 23.5000 0.1160 160 144 123
-9.5000 -10.0000 1.4240 216 170 49
-6.5625 3.5000 5.2920 69 133 241
-13.8750 -23.5000 5.0650 103 103 233
-6.2500 -13.0000 1.2880 241 126 89
-23.8125 -15.5000 1.3730 241 101 108
20.8125 9.0000 0.5810 182 183 152
-17.6875 -3.5000 0.1790 167 77 180
13.2500 17.5000 1.1570 232 190 75
-21.3750 -3.5000 1.5850 202 146 106
-13.8750 -5.0000 0.1160 153 151 117
-9.4375 6.5000 4.2590 91 150 238
-3.2500 6.0000 5.7260 66 145 206
1.2500 20.0000 1.3820 233 149 116
-10.7500 -10.0000 1.6270 198 199 50
-15.7500 -18.0000 6.0690 76 103 212
-2.5000 -3.0000 1.1440 239 95 147
-21.1250 19.0000 1.4660 233 119 96
23.9375 -3.5000 0.0920 160 174 140
-17.6875 10.0000 1.4530 232 132 101
24.5000 -20.5000 0.1250 183 180 43
16.3750 19.5000 0.5310 187 207 100
1.8125 15.5000 1.2130 248 92 166
4.1250 -5.0000 1.0160 235 99 154
-4.8750 -7.0000 0.1260 163 115 118
8.6875 10.0000 1.1560 239 87 131
-4.3750 13.0000 1.2390 236 70 104
10.1250 -25.0000 0.8090 191 117 145
2.8750 -25.0000 1.2500 234 72 139
10.9375 -17.5000 0.1190 173 156 93
19.6875 -4.0000 0.1380 171 118 166
-23.5000 -24.5000 1.3640 238 89 105
22.8125 13.0000 1.0040 201 254 18
-17.0625 1.0000 1.7190 174 192 99
-12.1875 9.0000 3.7270 103 146 239
-9.5000 10.5000 4.0370 102 150 243
-2.1250 -17.0000 1.3130 243 109 105
9.8750 0.5000 4.0760 84 148 245
9.5625 1.5000 4.1910 81 148 248
7.2500 -21.0000 1.2540 223 145 97
-19.5000 -9.5000 1.4590 236 116 115
19.1250 -18.0000 0.1180 178 153 63
9.7500 14.5000 1.3250 223 146 112
-5.8125 -8.5000 0.1220 158 130 114
-1.2500 -23.0000 2.3370 147 206 210
-0.7500 -11.0000 0.1100 162 126 120
-4.9375 -15.5000 1.3280 240 97 110
-23.4375 -20.0000 1.3510 246 105 95
17.7500 -2.5000 0.6520 185 117 205
-6.8750 -5.0000 0.1240 170 110 137
20.8750 -13.5000 0.1250 156 188 81
-11.9375 4.5000 1.2520 248 104 106
-17.8750 -24.0000 1.4420 240 134 69
16.5625 17.0000 0.1200 176 127 175
-18.0625 -11.5000 5.1140 87 109 248
8.0625 22.5000 1.2830 237 138 127
17.7500 24.5000 0.1130 168 144 128
-14.4375 24.5000 1.7470 205 171 134
14.2500 13.5000 0.7600 215 118 172
-20.6250 13.5000 1.3100 247 101 100
-21.5000 20.0000 1.4560 230 118 88
-3.0000 23.5000 1.3540 245 106 135
-20.1875 0.5000 1.6750 196 152 85
13.0000 17.0000 1.1120 235 183 84
-10.5625 -6.0000 0.1130 152 137 126
-14.5625 -1.5000 0.1020 154 111 160
-16.8125 7.0000 1.5390 228 139 83
13.7500 -10.5000 0.6360 195 122 196
13.3750 2.5000 3.6090 104 155 254
-22.1875 12.5000 1.4430 240 137 87
5.5000 5.5000 5.2760 69 123 238
-1.1250 -10.0000 0.1800 157 144 129
-7.1250 -17.5000 1.4580 236 112 104
-22.5000 -24.0000 1.4130 248 106 90
9.9375 -12.5000 0.9510 179 242 125
1.5625 4.5000 5.8520 53 134 222
-12.5000 20.0000 1.7560 187 185 151
23.5625 -17.0000 0.1360 183 164 86
-9.5625 24.5000 1.6720 200 163 128
-20.5000 12.5000 1.3200 247 104 95
-23.1250 15.5000 1.4340 230 138 97
-6.1875 -22.0000 5.8700 75 114 249
-9.0625 -1.5000 0.8730 193 176 119
-16.5000 4.0000 1.5860 214 157 86
7.4375 -10.5000 0.9870 215 174 102
14.1875 -6.0000 1.5520 213 195 93
15.3125 18.5000 0.6770 191 209 102
23.9375 11.5000 0.1340 175 150 137
4.0000 6.0000 5.5510 62 132 232
21.9375 19.0000 0.1080 167 153 127
23.9375 -8.5000 0.7540 185 203 67
16.8750 -1.5000 1.0090 224 127 175
-0.0625 -3.5000 1.1120 227 109 141
9.0000 -3.0000 3.8740 98 165 254
-16.2500 21.0000 3.6860 120 157 254
-24.6875 -5.5000 1.4760 220 100 116
12.0625 -4.0000 0.9820 228 86 188
3.1250 10.5000 6.0460 57 124 240
-3.1250 1.5000 6.2410 56 115 232
-15.1250 8.0000 1.4850 231 126 78
-23.8750 23.0000 1.5810 209 162 110
14.8125 20.0000 5.8730 61 238 168
-15.5625 24.0000 2.8750 146 189 253
18.5000 7.5000 0.9950 215 97 170
-3.7500 22.5000 1.3490 251 107 132
-2.6250 -21.0000 1.3640 242 119 117
-4.8125 0.5000 1.2050 228 82 117
11.8125 -25.0000 0.0900 158 109 173
-19.0625 -9.5000 1.4550 239 123 114
0.5625 3.5000 5.9000 49 123 232
-1.0000 -21.0000 1.4000 243 123 118
-8.4375 -14.0000 1.3720 245 103 74
-3.9375 -7.5000 0.1350 151 120 145
-0.5000 -7.5000 0.5350 183 148 169
0.3750 -21.0000 3.0390 137 197 254
15.2500 1.5000 0.9700 224 79 192
-3.4375 6.5000 5.6330 67 146 209
-15.5000 -10.0000 1.4960 236 118 81
-21.1875 4.0000 1.7300 178 222 99
21.3125 8.5000 0.6800 194 163 147
22.6250 11.0000 0.1120 183 131 157
4.3750 -5.5000 1.0260 232 103 150
-1.6250 -11.5000 0.1050 154 125 131
2.3125 2.5000 5.5370 64 140 228
2.5000 -22.5000 1.3030 252 82 135
-14.2500 -15.5000 5.4350 92 113 229
11.0000 -0.5000 3.8130 103 139 253
12.0000 6.5000 4.1790 78 154 254
-9.7500 9.5000 4.0620 98 152 238
13.2500 -1.0000 0.9270 206 90 203
-23.5000 9.5000 1.4770 213 162 80
15.1250 -17.5000 0.1290 199 174 73
-16.7500 -8.0000 1.5140 212 159 69
21.0625 -17.5000 0.1090 175 165 105
23.8750 0.5000 0.1140 161 163 125
-20.2500 -7.5000 1.4360 236 114 111
-5.1250 -16.0000 1.3450 243 83 120
-4.2500 0.5000 1.2200 230 85 127
-24.4375 0.5000 1.9840 157 195 148
15.2500 -10.0000 0.1130 153 139 162
-18.0000 -9.0000 1.4770 230 130 98
8.6250 -16.5000 0.1270 166 174 112
-5.1875 10.0000 4.5560 95 139 222
-17.3125 -19.0000 5.6950 80 123 215
-19.1875 -17.5000 5.7090 73 126 221
-22.6875 -14.5000 6.0830 71 102 226
1.9375 -17.5000 1.2860 234 131 95
17.2500 12.5000 0.1120 160 100 196
-24.6875 11.5000 1.5630 207 158 103
19.8750 22.5000 0.1170 167 144 119
16.8125 -19.0000 0.1380 191 157 78
13.8125 14.0000 0.1200 169 102 181
24.3125 15.0000 0.1120 170 144 155
22.8750 9.0000 0.1150 183 105 168
-6.1875 -7.0000 0.1180 156 130 121
-18.9375 -3.0000 1.7110 177 198 79
-15.0625 -2.5000 0.1230 158 108 162
-11.6250 -7.0000 0.1170 166 98 132
19.3750 -16.0000 0.1100 188 144 74
-20.7500 23.5000 4.9030 92 144 241
10.0000 7.0000 4.5820 70 161 248
-8.6875 14.0000 1.4750 221 133 100
23.3125 4.5000 0.1180 157 112 177
-0.0625 19.5000 1.2640 246 110 141
-22.5625 -14.5000 6.0610 71 103 226
22.8750 -4.0000 0.5880 199 220 115
15.5625 -10.5000 0.1210 155 141 155
-9.3125 -11.0000 1.4250 224 164 49
21.0000 12.5000 0.1130 190 112 177
21.0625 -11.5000 0.1140 172 184 86
9.6875 -10.5000 1.3400 219 186 105
-5.1250 10.0000 4.5370 97 138 220
-18.1875 -10.0000 1.4760 241 125 106
14.6875 -13.0000 0.1170 162 145 104
9.6250 20.5000 1.2330 237 135 119
-21.1250 9.5000 1.5430 215 171 75
-14.6250 22.0000 1.7370 208 197 125
1.6875 -9.5000 0.1540 161 116 147
-17.2500 18.5000 1.4580 232 116 104
0.7500 -16.0000 1.2520 239 133 96
-8.4375 24.5000 1.4380 229 107 128
7.1875 -9.0000 0.9910 223 125 113
-9.6875 -13.5000 1.4730 238 126 73
25.0625 9.5000 0.1130 159 129 141
22.9375 -18.5000 0.1350 187 178 66
14.1875 -3.0000 0.9450 210 97 197
16.0625 -2.5000 1.0120 230 121 171
19.8750 4.5000 1.1750 222 124 122
0.1250 17.0000 1.2330 242 82 139
21.1250 -13.0000 0.0930 152 186 87
-2.1875 -13.5000 0.8560 200 149 138
7.5000 -17.0000 0.1110 147 121 150
11.3750 -17.0000 0.1140 171 174 95
24.2500 7.0000 0.1140 157 105 160
-21.6250 1.0000 1.6500 192 181 84
6.0625 -1.0000 4.5810 90 145 241
7.5625 22.0000 1.3050 241 133 112
9.6250 -0.5000 4.0180 99 155 254
0.6250 6.5000 6.1140 50 129 214
-9.8125 13.5000 1.5840 217 155 98
13.6875 -20.0000 0.1300 171 152 122
-22.7500 -25.0000 1.3770 238 92 102
19.3750 -16.0000 0.1200 188 145 75
6.4375 -17.0000 1.1770 212 181 63
19.3125 -14.5000 0.1090 188 160 77
16.6875 13.5000 0.1150 167 106 179
-24.7500 22.5000 1.5020 211 139 116
6.5000 7.5000 5.2540 67 133 244
-23.8750 -17.0000 5.2250 88 117 222
8.6875 -15.0000 0.0880 175 124 138
1.6875 8.5000 6.1440 57 122 245
-4.1875 -5.5000 0.6130 182 151 174
18.9375 16.0000 0.1130 174 124 135
-8.3750 -12.0000 1.4180 220 142 66
19.0000 -12.0000 0.1210 172 162 123
3.5625 23.5000 1.2800 236 123 125
-19.4375 -8.0000 1.4600 239 125 108
15.3750 4.5000 1.0860 235 83 160
10.8750 -23.0000 0.8700 208 121 149
20.3125 9.5000 0.4730 171 153 210
-21.7500 -2.5000 1.5890 213 153 93
-20.3125 6.0000 1.7060 184 199 91
-3.5625 23.5000 1.3420 243 103 139
-18.8750 20.0000 1.5400 218 134 105
-6.7500 -14.0000 1.3440 243 125 88
14.1875 -22.5000 0.1180 154 174 128
-8.0625 -6.5000 0.1100 143 120 117
18.3750 -9.5000 0.1210 165 173 136
-10.1250 11.0000 1.8810 178 204 135
0.5000 23.0000 1.3340 245 127 120
-16.3750 16.5000 1.4750 216 126 113
20.3125 4.5000 1.0520 223 150 109
19.3750 -2.0000 0.1340 171 103 205
-12.5625 -23.5000 5.2510 92 121 229
20.7500 -9.0000 0.3640 180 186 125
7.3125 24.0000 1.2820 228 127 131
24.1875 -21.0000 0.1320 185 179 46
8.6250 22.5000 1.2990 232 141 113
20.6250 -22.0000 0.1210 181 170 76
18.2500 -19.5000 0.1210 195 177 62
-22.6250 -20.0000 1.4200 246 129 80
11.3125 -3.0000 1.1100 218 113 174
8.2500 4.0000 4.6530 70 144 241
-6.6875 2.5000 1.1820 226 93 133
-19.3750 -11.0000 5.1090 85 112 254
16.5625 -21.0000 0.1160 183 150 93
21.0000 -12.5000 1.9150 162 254 20
-22.8750 -12.0000 1.4010 237 101 97
-23.6875 6.5000 0.2120 156 97 152
-2.8750 1.5000 6.2800 56 114 230
14.8750 23.5000 0.1380 163 118 135
-12.1875 3.0000 1.3530 245 123 93
-10.3125 -3.5000 0.1160 163 133 126
-12.6250 -15.5000 5.2340 97 110 241
17.2500 6.5000 0.9940 213 81 176
20.3125 21.0000 0.1140 160 181 145
1.8125 -0.5000 5.3820 74 131 230
-23.2500 -13.5000 1.3220 251 85 114
19.1250 6.0000 1.0570 222 102 150
-14.9375 -21.5000 5.3450 88 119 233
16.8750 11.5000 0.4090 168 107 188
-20.1250 23.5000 4.8950 94 141 242
16.5000 16.5000 0.1300 178 115 185
14.1250 -21.5000 0.1210 147 140 146
4.4375 12.0000 5.9160 71 135 231
-18.5000 -5.5000 1.5380 211 169 77
8.5625 -4.0000 3.9210 100 178 254
-5.5625 -19.5000 5.2350 83 111 254
0.1250 11.0000 5.8900 65 133 223
9.5000 -23.0000 1.1500 239 124 103
2.0000 8.0000 6.0550 59 125 242
-0.7500 21.0000 1.4250 241 154 111
-13.1250 16.5000 1.4090 234 113 123
24.1250 8.5000 0.1120 159 122 147
22.6250 19.5000 0.1130 167 148 116
12.9375 17.0000 1.1120 235 183 84
-21.0625 0.0000 1.6770 193 168 88
10.9375 23.5000 1.2690 217 175 74
8.3750 17.5000 1.2910 231 132 133
14.8125 -12.0000 0.1150 161 129 151
-24.6250 2.5000 0.2080 155 93 172
-18.1250 23.0000 1.7830 194 188 141
10.0625 -24.5000 0.9600 210 117 121
-11.5625 -3.0000 0.1180 164 129 109
16.3750 -22.5000 0.1150 172 165 110
16.3750 -14.5000 0.1270 173 145 75
-20.8125 -17.5000 5.5070 78 121 217
21.3125 -19.5000 0.1140 194 162 73
2.8125 3.0000 5.5090 60 130 224
2.0625 19.0000 1.2360 247 98 142
10.1250 -4.5000 1.1880 241 118 118
-22.6250 22.0000 1.6190 219 180 93
-15.5000 5.5000 1.5360 228 147 80
14.1250 -7.5000 1.0230 242 111 144
-18.8125 -3.5000 1.7210 177 196 108
8.5000 -4.0000 3.8850 101 179 254
12.0625 11.5000 1.1530 223 109 129
-20.7500 -15.0000 6.1980 74 103 214
24.6875 -2.0000 0.1120 171 175 125
1.5000 -24.0000 1.3370 241 93 134
21.9375 -11.5000 0.0960 178 172 82
6.0625 19.5000 1.4230 228 155 107
5.8750 18.0000 1.7050 196 211 123
20.5000 19.0000 0.1550 161 173 139
15.3750 12.0000 0.8790 217 143 160
-2.8750 14.0000 1.2710 233 82 98
11.6875 11.0000 1.1320 222 103 134
21.5000 7.0000 0.9310 218 162 85
0.3750 -11.0000 0.0470 168 108 112
-20.3125 7.5000 1.6400 194 193 93
18.7500 -7.5000 0.1640 181 129 169
-16.8750 18.5000 1.4410 233 123 112
0.6250 -20.5000 1.3730 244 115 97
15.8750 -24.0000 0.1450 167 174 103
-6.3125 -9.0000 0.1230 156 133 113
20.0000 14.5000 0.1370 166 129 153
10.5000 5.0000 4.3400 76 151 248
-22.1875 -4.5000 1.5810 213 139 105
16.6250 2.5000 0.9880 235 67 175
0.1250 -20.0000 1.3360 250 110 99
-22.7500 11.5000 1.4510 230 140 85
0.6875 14.0000 1.2560 236 101 143
2.3750 22.5000 1.4900 224 177 102
1.6250 15.5000 1.2000 245 80 157
-15.8750 -2.5000 0.1220 157 110 174
-8.5000 -7.0000 0.1220 146 127 131
7.5000 3.0000 4.7040 74 131 249
-20.5625 -12.5000 5.6330 82 102 226
-19.3750 -9.5000 1.4360 239 109 116
8.0625 -5.0000 1.5000 214 188 86
-15.7500 4.0000 1.5800 216 160 80
6.1875 16.0000 1.2960 236 118 132
-16.3750 -24.5000 1.4640 216 135 73
-10.4375 10.0000 3.9720 104 149 241
24.0625 -18.0000 0.1230 186 185 58
12.5000 -23.0000 0.1220 152 137 165
13.8125 10.0000 1.0600 222 72 143
-17.0625 12.5000 1.4320 232 119 100
0.1250 9.0000 6.1130 58 138 215
-14.8125 -16.5000 5.8310 75 109 222
20.0625 15.0000 0.1250 169 147 137
-3.4375 17.5000 1.2720 248 84 129
-9.6250 -21.5000 6.1250 71 96 225
17.6250 -25.0000 0.1030 168 156 75
-18.6250 22.0000 1.7920 200 196 137
5.5625 12.5000 1.1300 243 61 139
-14.2500 -0.5000 0.1250 156 119 149
17.5000 19.5000 0.4990 177 210 120
7.1250 10.5000 1.2030 233 77 94
15.3125 4.0000 1.0410 237 76 165
-11.1875 -12.5000 1.5090 228 132 66
20.8125 -25.0000 0.1350 177 154 40
-7.0000 -11.0000 0.7520 186 137 127
-13.7500 18.0000 1.3890 231 107 110
-12.9375 23.5000 1.7300 199 179 131
14.3750 -16.0000 0.1300 189 178 75
-6.8750 -21.5000 5.8470 79 111 248
0.8750 17.5000 1.2160 246 83 146
-15.5000 6.5000 1.5230 234 136 71
17.7500 -18.5000 0.1280 197 177 74
9.0625 9.0000 4.9070 75 144 254
0.0000 1.0000 5.8270 63 132 226
3.6875 -5.0000 1.0040 237 97 157
5.8750 -4.5000 1.5080 208 186 96
-19.5625 1.5000 1.6790 194 172 79
24.4375 -15.0000 0.1350 174 195 60
13.8750 13.0000 1.0600 221 113 140
9.4375 -9.5000 1.5320 196 216 106
-12.0000 7.0000 3.9580 97 135 246
25.0625 -15.0000 0.1140 176 191 56
22.5000 4.0000 0.1230 156 111 192
11.1250 -15.5000 0.1150 173 175 99
-5.9375 5.0000 5.2730 72 130 235
-12.9375 -24.5000 1.4980 214 135 84
-21.1250 4.0000 1.6950 182 217 95
17.9375 -11.0000 2.0300 155 254 54
6.0625 19.0000 1.6400 201 205 114
-10.5625 3.5000 1.2540 239 101 107
2.7500 3.5000 5.5470 58 130 227
-21.1250 14.0000 1.3610 239 109 99
-19.3125 6.0000 1.5950 204 171 85
16.5625 -24.5000 0.1130 164 169 86
6.1250 -3.5000 1.4550 210 173 99
-6.2500 11.5000 4.3230 100 148 233
9.3125 20.5000 1.3060 235 151 110
17.3125 4.5000 1.0540 226 102 167
-12.6875 0.5000 1.1910 216 152 78
-8.6875 11.0000 4.2430 102 137 233
-3.1250 -2.0000 1.1890 242 99 145
-6.1250 15.5000 1.2550 254 82 117
-0.3750 15.5000 1.2150 251 84 136
-20.0000 -10.0000 2.2700 161 192 198
-10.8125 -16.5000 5.2240 97 100 242
7.1875 16.0000 1.2570 235 111 135
11.1875 -9.5000 0.9490 209 135 180
-1.3125 -13.5000 0.6030 188 168 155
5.3125 -18.0000 1.2340 221 158 110
9.4375 -11.5000 1.3010 220 183 109
24.0000 0.5000 0.1130 161 163 125
19.5000 8.5000 0.9370 218 128 147
12.3125 1.0000 3.6790 92 154 254
-23.6250 7.0000 0.2230 155 98 157
-11.8750 13.5000 1.4170 243 111 115
5.1250 18.0000 1.7880 185 215 138
8.7500 -16.5000 0.1310 167 174 111
13.6250 7.5000 4.0320 84 147 254
0.5000 -5.5000 0.9700 220 105 151
-3.5000 11.5000 5.0650 69 146 234
-13.0000 23.0000 1.7420 200 183 130
5.0000 3.5000 5.1550 63 119 235
3.3125 7.5000 5.8000 58 126 238
5.6875 4.0000 5.0960 66 128 238
-12.5625 -13.5000 1.5340 239 127 74
-6.3125 8.5000 4.4710 96 140 220
-0.8750 18.5000 1.2650 247 104 142
17.6250 -6.0000 0.1410 175 125 188
21.7500 -20.5000 0.1240 197 164 64
19.8125 -11.0000 0.1260 173 173 122
-7.9375 -15.5000 1.4280 242 109 112
-23.9375 16.0000 1.4260 223 129 110
19.7500 -16.5000 0.1320 189 146 72
18.5000 24.5000 0.1140 167 147 117
9.4375 -14.5000 0.0890 192 109 143
10.0625 20.5000 0.9640 225 86 143
21.8125 10.0000 0.1170 180 101 191
24.4375 -17.0000 0.1270 184 187 61
-19.6875 -11.0000 5.2130 84 111 254
15.1250 21.5000 0.1150 178 136 144
-19.2500 8.0000 1.4710 215 139 91
-2.3750 -21.0000 2.9850 126 216 254
-17.8125 -16.5000 6.1870 68 103 217
7.6250 -6.0000 1.8070 171 203 118
9.6875 3.0000 4.3080 74 153 238
14.0625 4.0000 3.6340 94 175 252
-16.0625 18.0000 1.4280 239 120 105
-4.6875 -9.5000 0.1120 148 121 159
16.6875 -0.5000 1.0100 223 110 170
23.8750 -13.0000 0.1110 161 167 62
3.3750 -25.0000 1.2690 231 79 133
-23.9375 -2.0000 1.5860 206 139 106
9.0625 12.5000 1.1480 244 106 141
16.8125 -8.5000 0.1250 171 132 163
6.5625 -23.5000 1.2390 237 83 103
-4.8750 -18.5000 1.4120 236 108 101
-8.8750 -11.5000 1.7870 180 212 71
18.1250 0.5000 0.9750 227 120 175
17.0625 4.5000 1.0610 226 103 166
14.1250 21.5000 0.1190 182 119 157
13.9375 -20.5000 0.1300 169 127 137
5.2500 15.0000 1.1860 236 79 152
6.3125 12.0000 1.1270 245 63 133
12.0625 18.0000 1.0830 232 166 65
20.6250 5.5000 1.0490 211 160 96
-15.1875 -5.5000 0.5770 172 130 131
9.7500 -23.5000 1.0440 233 116 126
2.1875 15.5000 1.1850 252 86 166
-9.4375 -22.0000 5.9870 73 98 229
-9.0000 11.0000 4.1900 100 147 238
-12.9375 -2.0000 0.1220 162 136 130
-5.0625 -3.0000 1.1030 196 170 105
-6.0625 13.0000 1.3060 244 104 109
-7.9375 21.0000 1.3430 250 81 126
10.4375 -20.0000 0.1780 180 112 170
-6.5625 19.5000 1.3480 251 97 137
-20.5000 -12.5000 5.6380 83 101 224
-19.3750 0.5000 1.7050 194 177 80
12.0000 21.0000 0.2320 161 99 196
-5.3125 19.0000 1.3200 254 92 137
9.1250 8.5000 4.8610 75 146 250
20.8125 8.0000 0.9150 205 174 128
0.4375 -2.0000 1.1190 242 87 147
2.3750 2.0000 5.5000 70 129 222
0.7500 -21.5000 1.3690 250 104 137
-15.1875 -5.0000 0.1300 141 91 174
9.1875 6.5000 4.7000 67 164 250
-22.8125 20.0000 1.4370 245 120 102
9.5625 -3.0000 3.8010 101 166 254
-21.1250 -8.0000 1.4360 233 90 104
1.4375 23.0000 1.3290 241 131 132
-13.7500 13.5000 1.4290 238 108 94
-23.3125 22.5000 1.6480 210 183 105
21.1875 8.0000 0.9500 207 178 122
-12.8125 11.5000 1.3850 245 111 99
1.1875 7.5000 6.1230 53 122 210
17.1250 6.0000 0.9740 210 80 178
-12.7500 0.0000 0.6540 170 142 146
15.0000 -11.5000 0.1210 153 146 149
15.5000 -17.5000 0.1180 201 168 72
20.3125 -7.0000 0.1780 180 121 154
14.6250 8.5000 1.0520 219 85 179
9.3750 21.0000 1.2640 240 141 113
13.5000 1.0000 1.3060 212 134 119
16.1875 -24.0000 0.1060 169 168 103
23.5000 24.0000 0.1260 173 136 93
23.4375 -1.5000 0.1280 157 153 148
-15.0000 -21.5000 5.4280 86 119 233
-19.5000 1.5000 1.6590 196 172 76
-9.3750 7.0000 4.2430 91 151 241
11.5625 -24.5000 0.1740 162 109 179
-4.5625 5.5000 5.5000 82 124 206
18.4375 -15.0000 0.1260 191 149 91
-15.1250 23.0000 3.2900 133 177 254
-20.5625 -3.0000 1.6080 195 148 110
11.7500 -23.5000 0.3230 162 143 169
6.5000 24.5000 1.2620 223 121 138
-15.0625 6.0000 1.5090 235 127 70
12.3750 23.5000 0.5060 175 146 165
-12.0625 13.5000 1.4010 246 107 117
-0.8750 -11.0000 0.1150 162 127 120
-0.1250 0.5000 5.8080 65 134 225
12.2500 -5.0000 0.9970 234 90 177
22.2500 12.0000 0.1180 194 105 167
5.8750 6.0000 5.2580 68 134 241
8.0625 1.5000 4.4430 77 146 242
18.3750 13.0000 0.1130 157 114 184
18.1875 22.0000 0.1160 162 151 140
0.5000 1.5000 5.7850 64 132 222
21.1875 6.5000 0.9610 217 162 84
-0.7500 -19.0000 1.3740 238 127 105
-9.5000 9.5000 4.0850 97 152 238
-18.6875 12.0000 1.3890 242 113 98
12.0625 10.0000 1.1280 230 79 134
-3.3125 8.0000 5.5130 70 144 212
13.7500 3.5000 3.6710 97 156 254
13.3125 18.0000 0.1290 164 108 169
5.5625 -16.5000 1.1900 210 180 70
11.2500 -3.0000 1.1840 223 121 142
-17.6250 23.5000 1.7590 201 190 140
24.5000 -4.0000 0.0580 160 170 136
-1.0000 10.5000 5.7460 68 136 228
6.1875 15.5000 1.2770 238 111 132
-14.8750 -23.0000 5.1560 91 122 237
12.4375 4.5000 3.9870 85 152 254
-15.1250 18.5000 1.4460 238 125 102
10.0625 17.0000 0.6110 190 87 217
18.5000 12.5000 0.1140 158 114 181
23.2500 -23.0000 0.1270 196 168 49
9.9375 23.0000 1.2570 226 136 111
-24.4375 20.5000 1.4490 237 119 115
-18.9375 12.0000 1.3470 245 102 102
-7.4375 1.0000 1.1910 227 85 121
13.9375 -21.0000 0.1300 159 148 130
-15.0000 18.0000 1.4280 240 119 102
19.3750 -14.5000 0.1390 188 168 74
-8.2500 16.5000 1.3850 236 91 95
18.1250 21.5000 0.1140 163 155 140
-18.0000 -24.5000 1.4480 220 123 84
-12.4375 -17.0000 5.5800 87 109 232
15.5625 14.5000 0.1070 180 118 189
-17.8125 -3.0000 1.4520 195 166 84
16.3750 -13.5000 0.1090 168 136 86
8.1250 -23.0000 1.3000 232 129 89
-8.7500 23.5000 1.4320 236 109 118
-11.1875 21.5000 1.7200 211 189 120
-1.0625 -14.5000 1.2140 215 177 92
13.5000 -9.0000 0.9550 227 112 157
-11.5625 21.5000 2.6960 141 215 254
22.8125 -20.0000 0.1190 199 163 60
1.6875 -17.5000 1.2700 236 129 97
5.5000 -10.5000 0.7530 199 165 142
-19.6875 -14.0000 5.8370 86 103 220
-12.8125 -14.5000 5.1030 98 109 235
2.3125 -16.0000 1.2420 222 171 77
6.5000 -12.5000 0.1200 159 122 156
15.1250 10.5000 1.0760 223 104 151
8.8750 -13.5000 0.1200 189 111 161
15.9375 14.0000 0.1150 168 110 188
-17.8750 20.0000 1.5120 230 140 104
-8.5625 24.5000 1.4970 221 120 127
19.3125 9.5000 0.7230 199 130 196
10.3125 10.5000 1.1210 231 82 142
23.8750 24.0000 0.1200 170 134 86
-21.5625 -10.0000 1.4150 237 113 101
10.0000 23.5000 1.2910 220 143 110
14.6875 21.0000 0.1110 177 140 144
-0.5000 -23.0000 3.0990 130 190 254
16.8125 20.5000 0.1120 164 167 132
-15.0000 -10.0000 1.5060 234 121 79
4.8750 3.5000 5.2060 62 118 234
5.6875 -11.0000 0.5250 187 147 162
-16.8750 -8.0000 1.4960 213 154 68
-11.7500 -8.5000 0.9730 205 166 67
-24.0000 -17.0000 5.3040 88 119 224
-3.1250 4.0000 5.9600 60 122 228
-17.1875 6.5000 1.5500 215 143 77
7.0000 11.5000 1.1480 238 60 120
19.8750 -21.0000 0.1330 185 186 80
-18.3750 21.5000 3.8080 116 144 254
11.0625 -8.5000 1.7270 193 216 113
-4.3750 3.5000 5.7690 67 115 233
8.1875 23.0000 1.3010 232 139 126
4.7500 20.5000 2.7370 138 229 248
17.0000 -14.5000 0.0960 171 149 78
-21.3750 19.0000 1.4730 233 123 95
24.7500 -3.5000 0.1190 162 178 132
5.8125 -2.5000 4.4910 89 147 242
-7.5625 -8.0000 0.1160 146 137 124
5.9375 11.0000 5.6750 75 119 232
8.5000 -24.5000 1.2330 223 118 82
22.8750 20.0000 0.1110 179 135 111
-21.1875 20.5000 1.5130 233 140 79
-18.4375 -17.5000 5.8290 71 122 220
20.5000 -20.0000 0.1180 190 166 72
-9.0625 -16.0000 1.4650 239 112 94
20.8750 10.0000 0.1190 174 104 198
-18.5625 -18.5000 5.6600 82 122 223
21.2500 -24.5000 0.1170 178 150 38
21.6250 -21.0000 0.1170 194 165 71
-15.8750 -6.0000 1.0280 199 133 57
20.6250 -11.0000 0.1240 168 190 91
1.3750 9.5000 6.3220 57 129 209
-4.6250 -9.0000 0.1210 142 131 127
-23.8125 4.5000 0.2010 150 102 158
-22.6875 -15.0000 5.8550 72 123 231
-17.1250 6.0000 1.5810 212 148 77
8.1250 0.5000 4.3740 78 147 241
-23.1250 3.0000 1.5050 189 187 98
17.1875 -7.0000 0.1320 168 129 185
21.3125 -24.5000 0.1140 187 169 40
11.6875 19.0000 0.1280 159 101 191
3.2500 17.5000 1.1900 248 90 142
-7.9375 17.5000 1.3050 240 75 115
24.2500 -25.5000 0.1330 180 174 11
24.1875 -19.0000 0.1140 186 180 51
-3.6250 10.5000 5.1720 75 134 230
18.1875 -3.5000 0.2110 171 97 210
20.6250 14.5000 0.9140 193 239 103
3.4375 -10.0000 0.2060 165 146 160
-8.5000 -9.5000 0.7740 182 173 86
-8.1875 -24.5000 5.6460 90 89 238
-16.1875 -15.5000 5.7330 81 109 227
13.6250 1.5000 1.3230 211 136 117
24.4375 -7.5000 4.8920 75 228 137
-24.5625 10.0000 1.3580 216 124 107
9.4375 -22.0000 1.0670 236 114 132
12.0625 16.5000 0.1160 170 106 194
-10.5625 13.0000 1.5560 219 143 102
-11.8750 20.0000 3.7030 121 132 254
10.1250 -21.5000 0.9870 226 115 153
15.5000 -9.0000 0.1150 174 130 179
3.2500 23.0000 1.2970 240 126 119
17.8125 10.5000 0.7700 201 134 189
-13.6875 8.5000 1.4770 227 125 96
-24.6250 19.5000 1.4350 236 112 122
-0.5625 -2.0000 1.1660 242 91 142
-20.0625 -16.0000 5.9140 80 112 207
-17.7500 24.0000 3.7450 111 158 254
-13.5625 4.5000 1.4130 235 129 101
22.2500 -23.5000 0.1320 195 168 51
-11.3125 -19.0000 5.8830 77 88 222
-15.8125 9.0000 1.4770 235 122 82
-10.6250 21.5000 3.7440 120 128 254
16.0000 12.0000 0.7750 206 137 175
11.0625 14.0000 1.1720 222 136 137
-18.4375 16.5000 1.4260 225 106 98
-11.6250 -13.5000 1.5180 240 120 72
-7.1875 24.5000 1.3530 239 96 136
-19.8125 -11.5000 5.3150 86 109 247
0.8750 13.5000 5.8100 75 129 229
-20.9375 13.0000 1.3520 248 112 93
4.0625 6.0000 5.5550 63 132 229
-2.2500 -8.0000 0.1150 153 111 144
22.4375 -8.0000 0.6090 201 190 111
-12.3125 1.5000 1.2070 219 147 86
7.2500 11.0000 1.1330 237 60 119
22.6875 11.5000 0.1140 181 135 155
-10.3125 -14.5000 1.4860 235 126 77
-8.5000 0.5000 1.1920 224 134 106
18.3125 5.0000 1.1890 223 122 130
14.2500 16.0000 0.1120 164 114 179
-2.9375 16.5000 1.2410 243 81 117
11.9375 -13.5000 0.4670 169 178 152
20.3125 -22.5000 0.0980 186 146 60
6.6250 -2.0000 4.3740 91 148 245
-1.0625 2.5000 6.1130 57 111 232
3.6875 13.0000 1.2650 241 115 133
-22.0625 -12.5000 1.4250 240 117 101
-10.9375 17.5000 1.3720 231 88 121
23.9375 4.0000 0.1120 159 115 163
-11.7500 -7.5000 0.4050 176 124 128
-4.8125 5.0000 5.5160 80 125 208
7.5625 12.0000 1.1720 234 90 140
-0.2500 -19.5000 1.3510 247 118 100
10.4375 -24.0000 0.8460 201 117 148
16.4375 10.5000 1.0870 220 114 142
22.3750 -1.5000 0.1470 159 158 172
21.1875 -13.5000 0.1160 157 185 82
-24.3125 -7.0000 1.4250 233 85 106
22.1875 -12.5000 0.1240 156 186 82
-19.3750 -24.0000 1.4290 241 131 78
-11.8750 24.5000 1.7350 192 169 130
-17.5000 -16.0000 6.0340 74 119 217
4.6875 -24.0000 1.8700 165 184 139
-13.0625 -18.5000 6.0360 74 88 224
16.6875 1.0000 0.9740 222 86 183
19.6875 -21.5000 0.1220 187 181 82
-12.5000 18.0000 1.3670 245 103 119
-10.8125 -23.0000 5.6180 83 96 235
-22.1875 -7.0000 1.4810 227 101 107
17.8125 9.0000 1.0220 227 140 133
-17.8750 -10.5000 1.4920 241 128 100
19.6250 -1.5000 0.1340 170 102 204
17.2500 -22.5000 0.1160 174 161 98
4.8125 23.0000 1.3040 239 145 119
-1.8750 -18.0000 1.3170 243 113 105
20.6250 3.5000 0.8000 200 142 132
-23.4375 -18.5000 1.6130 213 169 92
-16.9375 -1.0000 1.4910 192 206 62
-10.1875 -22.0000 5.9450 75 100 226
22.7500 -13.0000 0.1090 157 179 77
21.5000 18.5000 0.2030 173 171 133
-6.5000 -7.0000 0.1190 155 131 121
19.3125 -17.5000 0.1170 190 141 68
8.2500 -11.5000 1.0410 200 203 134
13.6250 1.0000 1.2320 215 121 129
8.6250 -14.0000 0.1190 189 113 158
-9.1875 -7.5000 0.1100 146 129 144
15.5625 5.5000 1.0110 227 86 160
-19.4375 -5.5000 1.4980 216 155 85
22.1250 -3.0000 0.1290 159 165 167
20.8125 4.0000 0.9970 208 157 94
-24.1250 23.5000 4.7540 103 134 244
11.2500 9.0000 1.1540 225 84 122
4.8125 -0.5000 4.8410 85 136 237
-8.4375 7.5000 4.3260 91 144 237
-24.8125 13.5000 1.4460 223 117 122
11.8750 -12.5000 0.8390 181 194 136
-17.6250 5.0000 1.6000 206 149 79
11.3750 -15.5000 0.1380 173 160 128
-0.8750 21.5000 1.2430 254 111 135
9.1250 -11.0000 1.2610 222 181 113
-9.5625 0.0000 0.8950 208 121 166
-23.7500 -5.5000 1.5190 218 110 109
-10.1875 -5.5000 0.1230 151 141 120
-22.5625 -12.5000 1.4120 238 106 94
-20.2500 -1.0000 1.7010 199 167 92
13.1875 12.0000 1.1290 230 113 126
-5.6250 6.5000 5.1490 77 123 225
22.5625 -13.5000 0.1410 163 182 74
22.3750 6.5000 0.8250 211 165 89
-6.9375 3.5000 5.2370 71 133 242
-15.6875 -17.0000 6.0320 72 104 220
5.6250 0.5000 4.8090 74 136 227
6.0000 6.5000 5.2600 67 135 244
-0.1250 7.5000 6.1840 48 126 217
23.6875 10.5000 0.1160 180 142 137
-5.4375 -2.0000 1.1630 221 137 116
3.8125 -21.0000 1.2330 242 64 130
20.0625 -7.5000 0.5700 176 211 109
13.7500 -19.0000 0.1140 169 154 119
23.3125 1.5000 0.1180 153 118 156
-13.6250 -6.0000 0.1710 167 119 138
19.4375 -15.5000 0.1170 186 147 74
-21.8750 15.0000 1.3680 243 121 92
3.1250 -5.5000 0.9800 234 95 162
0.6250 -7.5000 0.4640 182 145 169
-14.8125 -15.0000 5.4390 90 114 237
-15.5000 5.0000 1.5550 215 148 83
-24.6250 14.5000 1.4240 227 114 118
22.4375 7.5000 0.6150 204 162 147
-17.5625 16.0000 1.4500 222 111 98
1.1250 -18.5000 1.3100 244 121 95
1.1250 22.5000 1.3120 247 126 119
0.8750 -4.5000 1.0470 226 108 143
11.9375 -20.5000 0.1830 175 161 149
-5.2500 2.5000 1.2380 228 94 119
13.7500 -9.0000 0.9650 227 113 155
8.0625 9.5000 5.1610 79 136 247
1.8750 -20.5000 1.2940 254 84 144
24.1250 -22.0000 0.1380 187 176 45
19.8750 4.5000 1.1640 222 122 125
5.3750 2.0000 4.9680 70 120 229
7.5625 7.0000 5.0500 72 137 237
10.1250 24.0000 1.2700 214 166 79
-24.6250 8.0000 0.2130 150 106 172
-18.0000 20.0000 1.5360 228 144 103
11.6250 0.0000 3.7350 98 157 254
9.1250 -4.5000 3.7450 102 187 254
13.7500 -14.5000 0.1310 179 154 74
10.8750 22.0000 5.9280 59 197 182
16.6875 21.0000 6.1480 57 253 133
14.4375 24.0000 0.1390 160 113 144
-12.7500 2.0000 1.3440 211 169 71
-9.0625 -22.5000 5.9270 75 98 231
1.1875 1.0000 5.5900 69 136 220
-4.5000 -24.0000 1.3790 233 96 126
20.1250 -17.0000 0.1200 187 144 66
-10.4375 -10.5000 1.6860 186 206 69
-21.7500 -22.0000 1.4190 249 113 83
-22.0000 -6.5000 1.4800 225 98 112
24.1875 21.0000 0.1180 182 138 101
3.8750 9.0000 5.8060 62 130 235
-0.2500 9.5000 5.9830 60 139 221
-21.6250 7.5000 1.1600 217 145 101
-4.3125 0.0000 1.2210 225 98 134
24.8125 2.0000 0.1190 169 147 122
18.2500 11.0000 0.1740 166 115 196
-10.3125 -7.0000 0.1120 143 136 144
5.9375 -12.5000 0.1110 156 125 156
11.7500 17.5000 0.1390 181 100 201
-8.8125 -14.0000 1.4420 241 119 71
-13.6250 -23.0000 5.2430 95 121 233
-5.6250 14.5000 1.2380 249 81 121
7.6250 -15.5000 0.1450 153 145 135
19.6250 15.0000 0.9610 211 220 68
-0.4375 22.5000 1.2740 254 114 129
-3.7500 -19.5000 5.0950 93 121 254
-2.3750 -19.0000 1.3650 246 121 102
-6.6250 -5.5000 0.1280 170 109 133
22.6875 -6.5000 0.1790 171 146 131
23.2500 -2.5000 0.1170 158 157 149
-17.0000 -11.0000 1.5340 233 125 93
-18.0625 14.0000 1.4030 228 98 109
-24.5000 13.5000 1.4390 225 117 118
-6.0625 -3.0000 0.7540 195 127 162
-22.1875 -10.5000 1.4080 239 112 97
0.6250 23.5000 1.3170 242 122 126
-5.8750 18.0000 1.3250 254 96 134
17.1875 -6.5000 0.1450 170 128 200
-17.1250 22.5000 3.6630 115 166 254
24.3125 15.0000 0.1140 170 145 155
-15.0625 -20.5000 5.6150 82 111 218
0.1250 15.0000 1.1980 251 84 137
-23.5000 -0.5000 1.6410 195 171 98
-4.3750 24.0000 1.3490 245 103 145
23.6875 -5.5000 0.3750 181 168 115
17.4375 3.0000 1.0890 231 96 162
6.0000 23.5000 1.2760 236 128 127
12.8750 -22.0000 0.1430 151 136 164
20.1250 -16.0000 0.1170 180 170 88
22.1875 -3.5000 0.2110 170 174 152
12.7500 5.5000 3.9770 90 154 254
-6.9375 12.0000 4.2560 102 150 241
-10.0000 -12.5000 1.4960 230 139 76
20.5625 12.5000 0.1140 187 115 177
-7.9375 -22.5000 6.1420 77 89 222
1.6875 23.0000 1.3260 240 132 133
0.5000 11.5000 5.9670 72 130 219
22.4375 -1.5000 0.1380 159 155 172
-7.8750 -17.5000 5.1740 94 93 249
-5.1250 -15.0000 1.2960 240 95 110
23.6875 -3.0000 0.1620 162 185 137
20.0625 5.5000 1.2040 224 115 105
12.2500 24.5000 0.1790 145 91 205
10.4375 23.5000 1.3200 215 179 70
-4.5625 7.5000 5.2570 75 138 222
21.6250 9.0000 0.1290 178 101 189
-20.8750 4.0000 1.7160 180 216 98
2.3125 22.5000 1.3370 241 134 114
3.6250 -17.5000 1.2470 230 172 75
4.3125 19.0000 1.6200 196 207 110
17.6250 10.5000 1.0050 222 144 138
-15.5625 17.0000 1.4110 222 105 117
12.3750 -23.5000 0.0960 151 137 161
20.6250 4.5000 1.0330 223 150 111
15.8125 -20.5000 0.1180 186 148 88
18.1875 15.5000 5.9370 58 231 154
-3.2500 12.5000 1.2730 241 88 85
16.5000 -1.5000 1.0230 228 126 172
8.8750 24.0000 1.2800 221 135 133
-9.3125 21.0000 1.3740 254 103 113
9.2500 21.5000 1.3000 238 147 108
13.6875 18.0000 0.1300 164 110 163
-18.3125 -1.0000 1.6990 178 193 79
3.3125 2.5000 5.3920 70 116 227
-7.1875 -16.5000 1.4410 238 109 108
-19.1875 16.0000 1.4290 226 108 97
7.3125 -3.5000 4.1580 99 153 252
-24.7500 18.0000 1.4160 221 114 131
-1.7500 10.0000 5.5890 71 129 219
9.2500 20.0000 1.2320 241 138 137
3.0000 10.5000 6.1110 57 122 239
8.5625 -11.5000 1.1710 218 174 129
-17.6875 -7.5000 1.4770 235 126 100
-18.0625 -22.5000 1.6340 219 183 69
4.5625 12.0000 1.3120 226 107 114
-8.9375 3.0000 1.1820 241 84 112
10.9375 -19.5000 0.1070 176 110 163
16.6250 -8.0000 0.1130 174 129 173
-23.5000 9.0000 1.2780 214 157 100
23.3125 12.5000 0.9150 194 254 30
-20.1250 9.0000 1.5300 209 157 94
-7.8125 -24.5000 5.6840 89 90 237
-22.1250 -16.0000 5.7790 70 118 229
-6.6250 -6.5000 0.1220 151 118 130
18.6250 -4.0000 0.1420 172 114 180
-15.3125 1.0000 1.4150 208 161 61
22.3125 -3.0000 0.1390 160 169 162
3.3750 -21.5000 1.2770 248 76 135
17.6250 -19.0000 0.1140 191 182 65
-15.5625 -14.0000 5.3280 89 104 243
-11.1875 -22.0000 5.8260 80 113 211
23.8750 -17.0000 0.1200 182 160 79
23.3750 4.0000 0.1190 158 113 175
-3.1875 -6.0000 0.2090 150 99 176
-17.1875 10.5000 1.4460 236 119 101
-23.6875 -17.5000 5.2250 84 124 224
-2.4375 4.0000 6.0990 59 120 223
-15.4375 -3.0000 0.1240 157 108 165
-1.3750 8.5000 5.8510 67 146 213
-0.3750 -12.0000 0.2320 171 126 145
-19.7500 -17.5000 5.7230 74 129 227
-22.4375 -25.0000 1.6780 206 154 120
-10.7500 21.0000 1.5460 219 151 120
-11.3125 -8.0000 0.7930 194 166 85
18.2500 18.5000 6.0950 55 238 142
11.5625 -0.5000 3.6980 100 161 254
8.3750 -3.5000 3.9490 96 173 254
1.4375 2.0000 5.6420 70 130 211
-20.7500 22.0000 4.6760 86 134 251
13.0000 -22.5000 0.1430 152 137 161
2.8125 23.5000 1.3460 233 136 119
6.5625 -5.0000 1.8900 173 219 142
12.5625 -9.0000 1.0640 236 120 143
-1.0000 16.5000 1.2460 243 84 138
9.4375 -16.0000 0.1080 173 165 109
-22.9375 23.5000 4.8360 92 138 253
-14.6875 4.0000 1.5350 218 153 76
-19.5000 23.0000 1.7840 195 190 144
23.6875 -15.0000 0.1110 176 188 65
0.6250 16.0000 1.2100 249 82 136
-14.4375 -14.5000 5.2920 93 102 233
14.4375 4.5000 3.6120 107 161 254
19.1250 20.5000 0.1130 166 155 127
-1.1875 19.0000 1.2680 242 107 147
-21.9375 -18.0000 5.3320 80 122 220
14.0000 18.0000 0.1320 169 121 154
21.2500 -11.5000 0.1120 172 184 86
15.6250 -21.0000 0.1000 183 146 88
4.9375 0.5000 4.8720 82 128 230
-5.5625 1.5000 1.1890 230 89 115
8.7500 -17.0000 0.1020 167 170 111
23.7500 5.0000 0.1140 154 118 148
-11.5625 -5.0000 0.1310 164 145 103
-9.3750 5.0000 1.3080 234 104 94
-20.5625 -17.5000 5.6240 85 129 215
-8.0625 -20.5000 5.8630 90 91 237
10.2500 -12.0000 0.9480 200 194 144
-4.0000 18.0000 1.2730 250 82 134
-16.6875 0.0000 1.8510 161 226 100
2.5625 16.0000 1.1860 254 88 166
-19.0000 8.5000 1.4750 221 151 94
0.3750 -19.0000 1.3380 247 115 104
-2.1250 3.0000 6.2940 61 118 213
3.3750 -7.0000 1.0830 216 148 126
-22.1250 0.0000 1.6440 195 170 83
-2.1250 -21.0000 2.6700 137 224 238
-7.6875 16.0000 1.3620 249 103 117
6.6250 -1.5000 4.4740 89 147 244
4.6250 -2.5000 4.7220 88 140 246
16.0625 4.5000 0.9810 232 71 174
-24.5000 -22.0000 1.3770 236 100 121
2.1875 -9.0000 0.5670 173 173 165
-16.6250 22.5000 1.7640 201 194 139
-11.8750 -18.0000 5.7240 83 95 228
-17.2500 -2.5000 0.1230 155 86 192
-10.3125 12.5000 1.4800 230 128 94
24.5625 8.5000 0.1120 158 124 142
-17.9375 -5.5000 1.5600 205 172 77
-22.3750 -19.5000 1.6970 211 202 87
22.3125 -24.0000 0.1010 194 166 43
2.0625 -1.5000 1.4260 218 146 92
-1.4375 -13.0000 0.4080 181 137 147
-11.0000 -14.5000 1.5130 232 122 90
-1.3125 -16.5000 1.2880 238 134 100
9.7500 3.0000 4.2760 75 154 238
-23.0000 24.0000 4.9080 98 135 247
-14.2500 -24.0000 1.5350 211 150 81
6.9375 16.0000 1.3260 233 130 126
12.7500 -4.5000 0.9980 235 89 177
21.1250 16.5000 0.3770 178 207 140
-16.8750 23.0000 1.7790 203 195 141
-7.3125 -0.5000 1.2150 216 129 104
-0.9375 22.5000 1.3310 252 123 123
-5.1875 1.0000 1.2000 229 91 112
-10.8125 20.5000 3.9300 121 122 254
19.9375 0.0000 0.1440 170 122 200
-13.4375 -20.0000 5.9690 74 96 224
19.8125 -13.5000 0.1190 186 165 82
-24.7500 6.5000 0.1980 148 106 166
-14.9375 -8.0000 1.4530 222 151 41
-23.6250 -14.5000 1.2940 245 88 117
23.5625 18.0000 0.1340 162 170 104
-17.0625 -22.0000 5.1450 99 128 229
-15.0000 -15.0000 5.4420 90 114 239
-4.6875 -12.0000 0.7200 159 166 98
15.6250 -20.0000 0.1060 186 149 94
20.6250 -12.5000 1.9120 161 254 23
-14.5625 1.5000 1.4190 205 160 61
23.5000 22.0000 0.1140 191 129 106
20.1250 6.5000 0.9380 204 102 169
21.5625 6.5000 0.9200 216 162 84
0.9375 -8.0000 0.4550 181 146 162
-13.2500 24.5000 5.5460 97 103 245
-10.6875 1.0000 1.1630 221 131 115
-6.0625 -20.5000 5.5390 82 110 254
5.8125 10.5000 5.6350 74 122 236
-23.9375 0.5000 1.7000 183 177 108
-11.2500 -23.0000 5.5770 85 115 215
7.0000 24.0000 1.2690 227 124 134
-11.3750 6.5000 4.0340 97 132 236
22.4375 22.0000 0.1190 193 137 124
-24.3125 -2.0000 1.6280 199 142 115
20.5625 24.0000 0.1150 166 147 97
10.8750 12.5000 1.1800 229 105 128
-13.3750 -23.0000 5.3400 92 120 232
1.0000 16.5000 1.2210 244 84 136
-12.5000 -24.5000 1.4120 223 116 83
12.9375 16.0000 0.1140 172 107 187
18.6875 -7.0000 0.1150 177 118 172
16.3125 5.5000 0.9850 224 63 170
3.3750 20.5000 1.4360 230 170 93
24.6875 6.5000 0.1200 153 134 140
-20.3125 -12.5000 5.5880 85 116 224
7.6250 20.5000 1.3020 234 128 118
3.0625 14.0000 1.2090 236 99 154
5.9375 -14.0000 0.1790 161 134 151
14.7500 -1.0000 1.0300 225 113 185
8.2500 9.5000 5.0890 80 137 250
23.3750 -8.5000 0.7720 189 206 70
20.2500 -4.5000 0.9140 201 199 116
-0.8750 -12.5000 0.1260 161 110 152
-3.0000 11.5000 5.2360 74 137 233
-0.7500 8.5000 5.9620 62 145 209
-12.2500 -17.0000 5.5670 87 109 232
0.0000 19.5000 1.2200 248 98 147
2.1250 18.5000 1.2010 249 89 145
-6.8750 5.0000 5.0860 77 131 239
-0.6250 14.0000 5.4750 72 150 251
11.3125 15.0000 0.9360 217 134 143
-9.8750 1.0000 1.1980 227 135 106
-5.5000 7.5000 5.0490 79 126 227
-18.3125 -12.5000 5.3050 95 104 231
20.0625 -12.0000 1.9130 157 254 17
21.6875 6.0000 0.9410 216 165 78
1.5000 -17.0000 1.3450 233 143 91
-22.7500 -14.5000 4.8200 87 127 242
9.7500 -6.5000 1.0210 231 124 155
-14.2500 1.5000 1.1930 210 131 83
-12.8750 -10.5000 1.4930 233 147 58
-0.6875 -20.0000 3.4670 128 183 254
22.9375 16.5000 0.1170 177 153 140
-19.6875 10.0000 1.3920 233 125 110
-13.1250 20.5000 1.8560 196 212 154
4.1875 24.0000 1.2790 232 132 127
22.1875 -14.0000 0.1140 162 176 76
-13.3750 7.0000 1.6010 217 161 94
-12.1875 -1.5000 0.1200 160 135 128
-6.1250 -4.5000 0.4990 182 164 141
20.6875 -7.0000 0.8330 194 217 98
-15.6875 20.5000 3.7010 121 157 254
-18.5000 6.0000 1.5790 210 163 80
15.6875 4.5000 1.0080 234 73 170
-23.7500 -8.0000 1.4300 227 86 111
-14.5625 -21.0000 5.5700 92 116 219
-24.3125 7.5000 0.2160 149 106 163
-8.9375 -22.5000 5.9760 75 97 230
-6.1250 17.5000 1.3260 254 96 135
5.0625 6.0000 5.3850 71 128 234
-3.0000 -6.5000 0.1520 151 118 154
3.3125 11.5000 6.1080 71 132 231
15.3125 7.0000 0.9920 224 67 167
-1.8750 23.5000 1.3620 247 119 132
-14.3125 -1.5000 0.1080 152 111 153
9.1250 -6.5000 1.0110 231 120 159
-16.5000 1.0000 1.8940 163 211 114
22.9375 -8.5000 0.6620 203 196 95
-16.1250 -2.5000 0.1240 157 111 176
12.5625 2.0000 3.7170 93 151 254
23.3750 -14.5000 0.1110 175 192 68
1.9375 -3.5000 1.1650 227 112 140
-8.9375 13.5000 3.9520 112 140 248
13.0000 -1.5000 0.9580 214 89 193
-15.1875 11.5000 1.4590 232 114 89
7.4375 17.0000 1.4820 213 175 114
6.8750 -9.0000 0.9600 221 124 119
-5.5000 11.0000 4.4430 103 139 229
24.4375 -21.0000 0.1360 184 180 45
4.7500 -6.5000 1.0020 225 118 144
9.8750 -14.0000 0.1210 192 113 151
1.3125 21.5000 1.3860 242 143 108
-17.6875 -23.0000 1.6280 220 180 70
13.8750 8.0000 1.0360 217 57 144
4.6875 19.5000 1.5790 207 195 104
-15.7500 -24.0000 1.4720 231 149 83
20.0000 21.0000 0.1130 168 151 121
16.8750 -3.0000 0.9460 220 120 168
-5.7500 -12.5000 1.1380 238 111 105
-1.7500 7.0000 5.9350 63 141 205
-10.2500 -19.5000 5.8160 77 99 231
-5.7500 -4.0000 0.7540 177 203 107
9.0625 -9.5000 1.3080 214 183 115
-12.0625 7.0000 3.9550 97 135 246
-16.7500 6.0000 1.5540 215 141 74
-2.8750 3.0000 6.1010 61 122 222
15.6875 19.0000 0.6440 191 210 101
11.3750 15.5000 0.4870 183 107 196
-16.2500 14.5000 1.4460 224 109 112
-24.3125 21.5000 1.4290 230 124 102
-9.6250 20.5000 1.3780 252 105 115
-16.2500 12.5000 1.4340 238 111 101
-17.8125 18.5000 1.4500 237 116 101
-16.8125 -5.5000 1.3180 221 135 70
-7.5625 -1.0000 1.1560 215 146 107
-5.3125 9.5000 4.5590 95 141 220
17.1250 -15.0000 0.0930 182 152 90
-22.8125 18.5000 1.4260 239 112 104
-0.7500 -8.0000 0.0740 166 107 127
-20.3750 -2.5000 1.6500 191 180 84
5.9375 3.5000 5.0230 65 129 238
1.4375 -14.0000 1.1860 215 192 84
-24.2500 3.5000 0.2020 151 95 168
9.1875 -13.0000 0.8940 177 242 129
1.0000 -25.5000 1.3420 233 92 134
20.4375 3.5000 0.9340 212 139 109
9.6875 -3.5000 3.7530 108 162 254
14.6250 -14.5000 0.1240 171 152 85
-17.7500 11.0000 1.4070 232 120 110
0.8750 7.5000 6.1620 51 123 212
17.6250 1.0000 0.9700 222 117 184
7.3750 5.0000 4.8720 71 129 235
16.7500 -24.5000 0.1020 165 166 85
-3.5625 -17.0000 1.3020 249 96 107
-22.7500 -9.0000 1.4390 237 109 101
-15.4375 -10.5000 1.5080 238 123 77
3.1250 -20.5000 1.2990 252 93 127
-2.9375 -21.5000 2.9860 130 206 254
22.4375 -6.0000 0.1790 172 153 150
-20.1250 22.5000 1.7560 214 209 121
-15.3125 -8.0000 1.4830 220 158 46
19.6875 18.5000 0.4360 184 190 118
7.7500 7.0000 5.0030 74 137 234
-23.1875 -23.5000 1.3980 246 102 95
-0.0625 12.0000 5.7970 73 130 230
-11.9375 -17.0000 5.5080 88 109 232
-16.1250 -13.0000 5.1790 93 103 244
-1.8125 2.5000 6.2530 71 111 218
-14.6875 1.5000 1.3250 213 144 67
21.1875 -12.0000 0.1380 162 199 97
-20.7500 1.0000 1.6570 193 173 86
-5.6250 -11.0000 0.9470 204 148 83
0.4375 -1.0000 1.9940 161 213 154
3.9375 7.5000 5.6850 61 127 235
10.1250 11.0000 1.1340 236 83 129
15.3125 17.5000 6.3770 45 248 139
-5.0625 8.0000 5.1480 81 124 227
-0.2500 10.5000 5.8710 63 136 226
18.9375 14.5000 1.0190 213 216 62
-10.8750 5.5000 4.1870 94 149 232
23.5625 15.0000 0.1130 173 138 165
-17.1875 -5.5000 1.2540 225 126 80
-16.6875 24.0000 2.9500 135 195 254
15.6250 23.5000 0.1120 168 124 131
-16.6875 10.0000 1.4420 237 109 92
-12.3125 20.5000 1.7230 214 190 120
9.1250 -12.5000 0.9840 179 242 127
-7.3125 14.0000 1.4680 225 142 111
14.6250 7.5000 1.0060 219 68 170
17.9375 19.5000 0.5120 177 213 122
16.1250 -8.0000 0.1200 176 128 180
-10.5000 5.5000 4.2000 92 151 232
24.3125 -16.5000 0.1120 179 158 76
18.4375 -16.5000 0.1300 191 146 80
10.4375 -16.0000 0.1210 176 164 102
-11.5625 -17.0000 5.4520 89 109 232
-8.6875 0.5000 1.1710 225 133 110
-13.1875 -25.0000 1.6010 198 154 81
9.7500 -15.5000 0.1170 174 164 106
-19.8750 9.0000 1.4770 223 142 106
-7.5625 -19.5000 5.5640 87 108 254
-6.1875 -23.5000 6.1650 74 113 233
-20.7500 -5.5000 1.5210 223 118 110
3.6875 -6.5000 1.0130 228 105 145
22.6250 1.0000 0.1190 152 117 172
-5.7500 16.5000 1.3030 254 90 117
-18.3125 -6.5000 1.5240 219 146 101
-14.6875 -2.5000 0.1370 157 108 154
-18.8125 18.5000 1.4650 237 122 99
9.2500 16.0000 1.2130 234 126 128
-13.1250 8.5000 3.7620 104 148 247
13.0625 23.0000 0.1200 157 89 177
10.5625 3.5000 4.2090 78 153 234
-11.6875 22.0000 2.7220 140 212 254
-3.6250 -21.5000 5.4150 89 117 252
4.5000 -4.5000 1.0910 233 106 140
-4.6875 7.5000 5.2390 75 138 222
-15.8125 -18.0000 6.0760 76 103 212
4.7500 -8.0000 1.0090 208 127 114
-5.4375 16.5000 1.3040 254 90 116
-7.5000 3.0000 1.1740 224 76 121
14.4375 -3.0000 0.9130 205 99 205
2.3750 11.5000 6.3680 65 124 229
13.0625 -17.5000 0.1120 180 173 72
0.5625 4.5000 6.0130 48 120 233
-11.8125 -8.0000 0.6280 188 148 111
-0.8125 3.5000 6.1720 50 118 233
9.6875 -2.0000 3.8740 99 163 254
-6.3125 -23.0000 6.1320 72 114 237
-11.2500 12.0000 1.8640 186 184 127
17.3125 -1.0000 1.0540 224 143 164
6.3750 -6.0000 0.9580 221 87 159
16.2500 3.5000 0.9810 235 70 171
21.1875 14.0000 0.9910 201 242 74
23.9375 21.0000 0.1240 182 137 103
-9.0625 4.5000 1.3090 238 106 91
-14.2500 -17.0000 5.8560 79 107 213
15.9375 10.0000 1.0750 224 107 144
5.3125 -9.5000 0.8280 200 159 144
-4.5625 20.0000 1.3470 249 95 137
-18.7500 -9.5000 1.4530 240 121 113
16.9375 21.5000 0.1120 175 137 129
-14.3125 -15.5000 5.5440 90 110 228
19.4375 -9.5000 0.1270 178 169 130
9.0000 0.5000 4.2180 80 149 246
25.0000 -0.5000 0.1140 162 168 107
5.6250 -20.0000 1.2480 230 143 90
-4.6875 -22.5000 5.8620 81 99 254
-7.9375 8.5000 4.2930 100 141 229
15.9375 2.0000 0.9610 222 80 193
8.8750 14.5000 1.2300 234 126 128
-7.6875 23.5000 1.3970 243 107 131
-21.0625 -23.5000 1.4290 249 110 85
-23.3750 14.5000 1.4060 234 117 105
24.0000 -21.0000 0.1280 185 179 48
-22.8125 -3.5000 1.5780 217 141 109
-20.1250 22.5000 1.7800 211 211 124
6.4375 15.0000 1.1950 240 88 143
-14.5000 1.0000 0.8430 197 127 142
5.9375 -22.0000 1.1280 236 66 128
8.1875 -5.0000 1.7020 192 215 102
18.6875 -7.0000 0.1190 177 118 172
-16.1875 16.0000 1.4480 222 119 109
6.5625 7.5000 5.2520 67 133 244
-17.6875 -17.0000 6.0260 71 110 216
14.7500 1.0000 0.9720 222 80 193
21.8125 20.0000 0.1150 187 172 133
24.2500 -7.5000 0.1200 172 129 111
11.1250 15.5000 0.5550 186 111 194
19.5625 14.5000 0.9790 209 204 68
-11.3125 19.0000 1.4480 229 124 116
-19.5000 -11.5000 5.2360 85 111 250
-3.6250 23.5000 1.3490 243 104 139
5.1875 0.5000 4.8310 76 135 225
24.3750 -5.0000 0.3620 179 185 120
-20.6250 -24.0000 1.4200 239 120 97
-18.7500 6.5000 1.5540 212 163 80
5.1250 -13.5000 0.1650 155 138 150
16.7500 -16.0000 0.1180 198 163 76
6.0625 -22.5000 1.1710 240 71 116
16.9375 -21.0000 0.1260 183 153 88
3.4375 -6.5000 1.0320 212 140 139
-18.3750 -3.0000 1.8270 166 209 92
3.0625 4.5000 5.5880 57 127 229
-2.7500 14.5000 1.2340 240 81 111
-23.0625 13.0000 1.4390 235 132 97
4.3125 15.5000 1.1840 250 91 158
14.3125 -16.5000 0.1280 191 180 81
-22.0000 -9.5000 1.3940 237 106 106
17.6250 15.5000 1.0070 211 212 70
15.6875 -16.0000 0.1300 198 171 82
21.4375 8.0000 0.9340 213 163 90
-8.5625 18.5000 1.3430 242 87 125
0.0000 -0.5000 1.9530 161 207 150
6.3750 -7.5000 0.9920 226 125 133
-4.8750 -8.5000 0.1170 142 131 129
14.3750 -11.5000 0.1110 158 123 175
15.5625 20.5000 0.1760 183 153 139
-9.6250 -16.5000 5.1610 90 105 250
17.3750 20.0000 0.3950 172 209 132
-10.6250 -7.0000 0.1090 159 128 136
1.8125 24.5000 1.3290 231 126 136
1.0625 19.0000 1.2170 245 97 144
-15.9375 21.0000 3.8640 115 151 254
16.3125 16.0000 0.1260 180 115 189
-11.8750 1.5000 1.2240 218 150 83
-9.1875 18.0000 1.3690 241 94 122
10.5000 -12.5000 1.0650 207 200 123
0.1250 -23.0000 1.3810 253 112 133
-8.3750 -23.5000 5.8280 82 96 228
7.6875 -9.5000 0.9680 218 128 116
-14.5625 -16.5000 5.7670 77 110 222
15.5625 2.0000 0.9570 222 78 195
-6.1875 3.5000 5.3900 66 132 239
-8.5625 -14.5000 1.4050 244 108 74
0.3125 -22.5000 1.3810 254 111 133
-0.3750 7.5000 6.1660 49 127 218
-21.0000 -19.5000 1.5560 229 172 68
13.8750 11.0000 1.1060 227 93 132
23.1875 6.0000 0.4220 168 151 156
-20.1250 8.5000 1.5320 210 162 99
12.2500 20.5000 0.2060 159 102 191
12.0000 7.0000 4.2590 76 153 254
-2.4375 13.5000 5.1320 74 138 241
-20.6875 4.0000 1.7150 180 213 99
3.8750 -23.5000 1.7580 184 191 116
-1.5625 -12.0000 0.1260 157 110 150
0.7500 2.0000 5.7730 66 128 217
-16.6250 -7.5000 1.4790 214 154 63
5.8125 -16.5000 0.1730 154 121 187
-12.1250 8.0000 1.7910 189 188 115
20.8125 -4.0000 0.8850 220 233 65
18.1875 16.0000 0.1430 174 124 143
24.9375 -14.5000 0.1180 173 196 55
15.4375 13.0000 0.3940 180 105 202
22.5000 23.5000 0.1130 181 134 113
9.3750 6.0000 4.6620 68 163 246
15.8125 -8.5000 0.1010 175 129 179
-14.4375 15.0000 1.4300 225 109 105
-24.6250 -22.5000 1.3450 239 87 112
10.5625 -23.0000 1.0120 228 118 134
14.1250 -0.5000 0.9700 213 99 204
11.2500 0.5000 3.8480 101 141 254
-22.8125 23.0000 4.7150 91 140 254
-4.3125 -23.5000 1.4330 228 109 118
-14.6250 15.0000 1.4350 226 111 104
10.5625 21.0000 0.7120 204 91 186
23.9375 -1.0000 0.1160 160 157 119
20.4375 14.5000 0.2230 166 143 149
7.0000 -21.0000 1.2070 224 136 102
-24.6875 23.0000 1.6500 194 164 128
-23.9375 -7.5000 1.4490 224 90 113
20.5625 -5.5000 0.1120 165 119 183
21.0000 11.0000 0.1130 183 98 190
-0.6250 19.5000 1.2130 246 95 151
2.1250 12.5000 6.1960 69 131 240
-1.1875 4.5000 6.3240 51 114 230
-7.3125 6.5000 4.4620 96 148 232
-22.6250 6.5000 0.1980 164 88 149
2.0000 6.5000 5.9230 62 126 233
-7.3750 11.0000 4.2110 101 143 240
0.1250 -6.5000 0.8580 202 164 120
19.5000 -21.5000 0.1170 188 165 74
7.1250 -4.0000 1.7400 183 207 121
13.8125 19.5000 0.2610 173 145 158
19.7500 -23.0000 0.1190 192 163 68
17.5000 9.0000 1.0470 220 109 152
-20.1250 -11.0000 5.2670 86 109 251
7.8125 -1.0000 4.2810 82 159 245
-4.5625 -10.0000 0.1070 149 121 160
-1.5000 2.5000 6.2010 59 109 230
-19.3125 -7.0000 1.4630 235 124 109
16.5625 -16.5000 0.1100 202 159 75
-7.2500 18.0000 1.3000 254 88 145
18.8750 19.0000 0.4510 182 195 125
15.4375 18.0000 0.6640 190 208 102
23.2500 -9.0000 0.2450 170 175 108
-2.7500 2.0000 6.2160 58 114 229
-13.9375 2.5000 1.6150 199 194 86
15.3750 3.0000 0.9920 236 70 169
-11.1875 11.5000 1.4920 225 137 97
20.4375 18.5000 0.3970 178 185 130
2.0625 -6.5000 0.9750 209 138 163
-22.7500 19.5000 1.4510 231 115 104
-4.3125 -18.5000 1.4170 239 113 100
-6.1875 -2.5000 1.0290 221 130 129
-13.4375 2.5000 1.4560 216 169 82
-15.8750 0.0000 1.4390 201 166 68
22.6250 22.0000 0.1060 193 132 121
-3.3750 -25.0000 1.3770 234 109 131
8.1250 -17.5000 0.1310 153 134 156
18.7500 22.0000 0.1110 165 147 135
-2.3750 24.0000 1.3580 241 110 136
-15.1250 0.5000 0.1510 172 107 179
-4.6250 22.5000 1.3660 254 113 139
-24.5000 18.0000 1.4020 225 111 127
24.4375 13.0000 0.1370 177 135 148
-21.5000 -7.5000 1.4850 229 105 104
4.6250 0.5000 4.9760 80 125 229
-0.9375 -17.0000 1.2660 244 131 99
2.1875 -18.5000 1.2850 233 126 108
5.3125 -4.5000 1.6260 194 199 108
-3.3125 -22.0000 5.5700 82 118 249
-17.8125 24.5000 3.7220 113 160 254
0.6875 -8.5000 0.1280 164 118 127
7.1875 10.5000 5.4030 76 121 235
-22.1250 -18.5000 5.1940 85 136 224
7.8125 -22.0000 1.2310 234 108 118
5.5625 -24.0000 1.1580 234 71 118
-21.3750 -21.0000 1.4260 236 115 73
-20.6875 1.0000 1.6800 190 172 89
-17.7500 -11.5000 5.0600 88 108 247
20.0625 -2.5000 0.1010 179 134 190
21.4375 -15.5000 0.1200 175 171 110
-2.5625 -20.5000 5.1950 90 124 242
15.8750 -2.5000 0.9880 229 117 178
13.8125 -21.0000 0.1440 159 148 135
-1.3750 14.5000 5.2480 74 152 254
19.0000 4.0000 1.1940 229 125 119
16.6250 -23.5000 0.1200 172 166 100
-5.9375 -22.0000 5.8960 75 114 247
23.1875 16.5000 0.1160 176 153 137
15.0000 -18.0000 0.0990 179 166 85
7.3125 3.0000 4.7190 69 135 237
-13.6875 14.5000 1.4560 233 116 110
-23.2500 -15.5000 1.3710 245 104 103
25.0000 -3.5000 0.1200 163 179 130
3.3125 5.0000 5.5720 59 125 227
21.1875 -23.0000 0.1450 192 170 60
5.3125 15.0000 1.1760 238 77 152
-22.6250 7.5000 0.9510 203 128 121
-13.3125 -3.0000 0.1130 162 132 119
-9.1250 -3.0000 0.1130 160 127 119
24.4375 -19.0000 0.1050 186 181 49
19.1875 -15.5000 0.1200 186 147 76
23.8125 11.0000 0.1100 178 143 139
18.4375 20.0000 0.1300 165 151 149
-5.7500 13.5000 1.2270 242 87 119
19.8750 7.0000 0.9760 210 103 166
14.6875 18.5000 0.2610 181 165 145
0.8750 18.5000 1.2060 248 92 143
9.1250 -19.0000 0.3680 172 149 185
-22.8125 -7.5000 1.4970 226 110 104
-23.2500 2.5000 1.8310 164 208 134
1.7500 19.0000 1.2310 250 110 149
-13.7500 -25.0000 1.5510 205 150 78
-7.3750 12.5000 4.1690 106 147 244
-18.1250 -12.5000 5.3360 94 108 237
21.6250 -11.5000 0.1190 175 178 85
16.3750 -2.0000 1.0310 231 124 169
-22.1875 -5.0000 1.5330 222 127 103
16.5625 -6.0000 0.2810 175 127 213
10.3750 10.5000 1.1390 231 85 138
16.1875 19.5000 0.5060 187 204 104
21.8125 -20.0000 0.1100 197 162 69
-18.8750 -1.0000 1.7000 179 192 80
-9.0000 -13.5000 1.4290 242 116 71
6.0625 12.0000 1.1350 245 63 133
2.8750 10.5000 6.1180 57 122 239
7.6250 -23.5000 1.4010 224 140 75
-16.2500 -23.0000 1.5370 226 164 82
3.9375 15.0000 1.1650 252 86 160
16.9375 17.5000 6.4460 53 240 142
-14.2500 10.5000 1.4690 240 128 86
20.6250 -2.0000 0.1130 155 147 195
-23.4375 -23.5000 1.3810 245 97 98
13.5625 -3.0000 0.9620 220 83 178
20.4375 14.0000 1.0300 207 212 57
12.7500 -11.5000 1.1440 232 132 109
3.7500 21.5000 2.4940 152 246 229
-10.8750 5.5000 1.5360 222 150 83
-15.0625 14.5000 1.4270 228 114 98
11.5625 -8.5000 1.0130 225 118 161
17.8750 14.5000 0.1270 168 123 160
14.3125 9.5000 1.0270 218 91 162
-9.0625 3.5000 1.2040 244 88 108
14.6875 5.0000 3.6060 109 180 254
-6.8750 -16.0000 1.3910 243 96 113
20.2500 -10.0000 0.1220 175 193 94
13.1875 19.5000 0.1030 159 107 173
4.6875 -17.0000 1.2290 225 160 94
10.3125 -11.5000 0.9930 211 170 158
20.3750 2.0000 0.3360 173 128 198
-2.8750 -11.0000 0.1100 161 123 159
9.0000 -9.5000 1.1180 210 172 146
-20.8125 12.5000 1.3490 249 112 91
-18.5000 12.0000 1.3960 241 113 98
-4.1875 12.0000 1.2230 238 69 97
-2.4375 3.0000 6.2330 60 120 218
-8.3750 -24.0000 5.7510 85 96 227
3.6250 18.0000 1.2210 250 99 134
2.0625 19.0000 1.2360 247 98 142
24.2500 -23.5000 0.1040 191 170 32
19.6875 15.5000 0.1170 176 127 126
1.1250 -7.5000 0.6980 196 163 135
14.3125 -12.0000 0.1290 161 133 155
-4.8125 13.0000 1.2340 236 85 115
11.0000 -13.0000 1.0080 204 196 119
-7.0625 -7.5000 0.1220 152 134 124
-14.1250 -3.5000 0.1130 141 113 142
-12.3125 22.5000 3.1280 133 190 254
4.6250 3.5000 5.2420 62 117 235
6.5000 -13.5000 0.0940 161 120 152
23.6250 -7.0000 0.1470 169 147 121
-7.6875 4.0000 5.0820 79 132 240
3.0625 0.0000 5.1750 73 127 228
2.6875 -23.0000 1.2920 253 81 132
17.1250 -16.0000 0.1140 186 165 80
-0.6875 14.0000 5.4310 72 151 252
-1.1250 -10.0000 0.1160 157 129 123
8.6250 -5.5000 1.6990 194 215 97
-17.9375 -21.0000 5.1570 104 118 226
-8.3750 -3.0000 0.1460 159 148 145
-13.0625 -19.5000 6.0710 71 91 226
2.7500 0.5000 5.3180 70 130 226
-8.4375 -10.0000 1.0020 218 110 96
2.3125 -1.0000 5.2200 84 135 246
-10.5625 21.5000 1.5160 226 145 117
-13.3750 -1.0000 0.1300 145 122 135
-15.8750 18.5000 1.4360 239 123 104
-18.8750 -4.0000 1.6480 190 190 96
20.3125 22.0000 0.1140 175 144 105
19.6875 10.5000 0.1480 157 98 184
24.2500 2.5000 0.1170 167 146 133
-9.4375 10.0000 4.0600 99 151 242
18.3125 17.5000 0.4910 181 202 118
-14.5625 22.0000 1.7470 207 197 127
16.0625 20.5000 0.1180 179 142 133
2.9375 19.0000 1.2600 248 109 133
-11.0625 5.5000 1.3640 230 115 91
-21.3125 -12.0000 1.4660 226 125 101
-15.6875 7.0000 1.5290 232 142 73
-17.3750 11.0000 1.4090 230 118 111
-15.7500 24.5000 2.8630 139 188 249
-3.0625 10.5000 5.2840 72 133 231
-7.2500 12.0000 4.2070 104 148 241
19.0000 5.5000 1.2230 228 116 108
-23.8125 20.5000 1.4380 240 118 111
-22.8125 -15.0000 5.9330 72 122 229
13.5625 -9.0000 0.9820 230 112 151
-7.1875 15.0000 1.2880 254 88 120
23.6875 2.0000 0.1210 167 143 134
14.1250 -15.5000 0.1370 188 179 74
23.4375 12.0000 0.9110 180 246 31
13.0000 23.5000 0.1140 154 89 177
-5.0000 20.0000 1.3360 252 93 140
6.7500 14.0000 1.1680 238 71 139
23.8750 -11.0000 0.2910 170 184 75
-10.1250 6.0000 4.1870 96 151 234
-12.0625 19.5000 3.8210 113 132 254
-23.6250 -16.5000 1.4370 229 126 97
-9.7500 -7.5000 0.1230 145 134 148
-14.0000 23.5000 1.7200 211 177 124
12.7500 -7.5000 1.0340 240 114 155
10.6250 -12.0000 1.0040 203 197 134
-15.2500 22.5000 2.3490 165 220 226
21.6875 -25.5000 0.1160 183 168 31
-21.3125 -18.0000 5.4000 86 131 221
4.3750 -10.0000 0.5340 170 182 153
2.3125 3.5000 5.6650 58 127 224
-5.4375 22.5000 1.3590 252 99 128
21.1250 13.5000 0.1450 187 120 176
-9.8750 -10.0000 1.5190 204 189 51
14.7500 17.5000 0.1320 175 131 159
-11.6250 -16.5000 5.4130 90 109 234
-1.5000 0.5000 1.3040 226 106 96
-17.0000 24.5000 1.6800 207 173 134
-0.6875 -3.0000 1.1080 237 80 155
-8.8750 24.0000 1.5880 210 140 130
12.4375 20.0000 0.1790 164 109 191
-15.9375 20.0000 1.5220 236 152 109
15.1250 13.0000 0.2360 173 106 202
0.3125 8.5000 6.1740 60 117 228
-8.4375 -4.0000 0.1090 150 136 120
20.5000 -9.0000 0.3640 179 188 127
24.2500 -20.0000 0.1290 183 181 45
10.1875 -4.0000 1.1960 236 118 121
10.3125 -22.5000 1.0130 231 117 138
17.7500 12.0000 0.1160 155 116 182
15.2500 -16.0000 0.1120 196 170 83
13.6250 -18.0000 0.1090 167 181 78
-24.8750 -13.5000 1.3500 247 96 104
13.8125 -9.5000 0.9190 222 120 161
-17.0625 -19.5000 5.6420 89 112 220
-17.7500 -11.5000 1.6660 219 151 103
9.0000 20.5000 6.1110 69 155 213
7.1250 10.5000 5.4090 76 121 235
2.8750 16.0000 1.1790 254 87 165
15.0000 9.0000 1.0350 221 93 156
14.9375 18.5000 0.6540 189 206 107
-6.6875 7.5000 4.4790 93 149 238
9.8750 -6.0000 0.9760 217 91 172
15.3750 -24.0000 0.1200 162 174 111
-14.2500 -17.5000 5.9190 86 101 211
-13.3125 20.0000 1.7390 209 204 136
-16.9375 -17.0000 6.1610 77 98 217
-17.3750 9.0000 1.4710 232 131 89
-13.5625 -17.0000 5.7220 90 107 224
-11.4375 14.5000 1.4210 237 109 112
-4.4375 -19.5000 5.1610 97 116 251
-13.9375 15.5000 1.3510 237 94 129
4.5000 -11.0000 0.1170 169 137 140
15.8750 14.0000 0.1140 168 110 188
9.4375 -6.0000 1.0810 233 99 146
14.8750 17.5000 0.1230 176 129 157
-14.5625 10.5000 1.4400 237 108 86
-9.3125 -1.0000 0.8530 190 173 127
-2.5625 17.5000 1.2620 247 84 128
-7.9375 19.0000 1.3660 243 97 126
-3.8125 9.0000 5.2970 75 134 224
19.8750 11.0000 0.1160 154 115 166
22.0000 19.0000 0.1150 168 154 127
-8.5625 12.0000 4.0530 106 142 240
13.6875 6.0000 3.8600 93 151 254
4.9375 -13.0000 0.0410 158 122 142
-1.5000 -3.5000 1.0990 221 114 156
-18.7500 23.0000 1.7720 196 190 140
13.6250 -23.5000 0.1250 149 139 140
-10.8750 9.0000 1.5870 204 163 77
-17.6875 23.5000 3.7520 111 159 254
-11.7500 -8.5000 0.9390 204 165 72
-10.5000 18.5000 1.3560 236 89 132
-9.3125 -15.0000 1.4320 241 113 74
-19.1250 -25.0000 1.4220 232 122 81
11.5625 -23.0000 0.4880 174 139 173
12.8125 18.0000 1.0560 231 168 64
-11.3125 0.0000 0.7970 172 173 106
-6.5000 -15.0000 1.3610 242 122 91
-16.6875 14.5000 1.4150 226 99 118
-5.0000 -21.5000 5.6080 86 115 249
24.4375 -23.5000 0.1170 189 173 30
-12.6250 18.5000 1.4360 237 125 112
-11.7500 10.0000 1.5620 217 163 82
7.5000 23.0000 1.2810 234 133 129
-10.3125 2.5000 1.2290 228 141 114
9.1875 21.5000 1.2940 239 146 108
-0.2500 10.5000 5.8850 63 136 226
-9.0625 16.0000 1.3880 241 94 93
18.8125 18.5000 0.4640 183 196 125
-5.0625 12.0000 4.4560 96 146 229
10.0000 -19.5000 0.3160 181 129 178
11.4375 -9.0000 0.9740 213 135 178
20.8750 17.5000 0.3580 174 203 139
-12.3125 -19.0000 5.9720 72 90 227
-1.3750 21.0000 1.2840 243 105 139
-3.0000 -13.0000 0.7660 193 145 154
24.8125 15.0000 0.1130 169 147 151
11.5000 16.5000 0.3230 174 105 200
-5.8750 16.5000 1.2940 254 88 118
-1.3750 5.5000 6.1400 56 128 224
17.0000 0.5000 0.9780 219 90 179
3.0000 1.0000 5.2960 69 129 229
16.5625 -25.0000 0.1180 161 169 84
-15.9375 16.5000 1.4560 221 120 110
10.1250 23.0000 6.0840 64 149 202
14.2500 5.0000 3.7090 92 167 253
-4.8750 -2.5000 1.1350 219 116 143
18.1250 7.0000 1.0260 219 96 164
-6.8125 8.5000 4.4060 94 150 235
4.0000 19.5000 1.5820 200 203 108
7.1250 -24.5000 1.2610 227 113 92
21.2500 21.5000 0.1080 189 149 134
-20.6250 16.5000 1.3900 234 125 97
13.9375 9.5000 1.0710 227 72 166
3.0625 10.0000 6.0260 57 126 240
-10.5625 11.5000 1.7920 186 192 125
-11.1250 -12.0000 1.5120 225 135 67
-24.5000 -6.0000 1.4570 226 95 112
-3.0000 1.0000 1.2370 235 94 117
13.8125 -8.0000 1.0150 234 114 157
7.5625 13.0000 1.1530 239 71 133
0.2500 -14.0000 1.2030 221 189 86
16.6250 -20.5000 0.1150 188 148 78
-17.8125 -25.5000 1.4220 220 114 81
-12.8125 0.0000 0.4420 156 135 162
-3.6250 1.5000 6.1110 59 115 237
-0.9375 -11.0000 0.1480 161 135 124
15.6250 -3.5000 0.9530 223 120 164
-8.1250 -9.5000 0.6020 170 163 105
-1.0000 18.0000 1.2810 244 107 142
-6.7500 -10.0000 0.5880 167 139 146
-19.8750 22.5000 1.7840 197 191 143
19.9375 17.5000 0.4520 179 179 125
-20.0625 -19.5000 5.1940 93 131 223
8.2500 -5.5000 1.8440 166 208 134
15.6250 21.5000 0.1100 178 135 142
-8.3750 -18.5000 5.3790 86 109 232
-19.2500 6.0000 1.5660 208 166 84
-3.3750 13.5000 1.2580 239 78 96
-7.0625 -20.0000 5.6360 82 109 254
-7.4375 -13.0000 1.3300 232 120 73
20.9375 14.0000 0.9950 200 242 74
-7.8125 -15.0000 1.3970 237 104 92
-11.4375 -13.5000 1.5040 240 115 72
-9.4375 14.0000 1.4990 223 130 101
-14.6875 8.5000 1.4710 227 115 85
20.3125 -0.5000 0.1180 168 122 192
-13.4375 -25.0000 1.5500 204 149 78
7.3750 -3.0000 4.1770 99 147 248
2.3125 12.0000 6.2950 68 130 236
19.7500 -21.5000 0.1190 187 180 81
8.6250 5.5000 4.6930 68 152 233
10.9375 -15.0000 0.1170 182 147 121
-13.3750 13.5000 1.4310 240 113 118
-10.7500 23.5000 2.6980 137 195 247
-12.9375 -17.0000 5.6630 87 108 229
4.7500 -0.5000 4.8540 85 136 237
-12.3750 -5.0000 0.1120 163 142 111
9.6250 -19.0000 0.1200 171 114 177
16.7500 18.5000 0.6080 190 209 92
22.9375 12.5000 0.1200 192 108 159
21.4375 18.0000 1.4690 203 254 0
-20.3750 9.5000 1.5080 218 160 78
-19.5625 6.0000 1.6000 201 171 89
20.5000 -23.5000 0.1370 184 154 53
-23.3750 -2.5000 1.5340 218 121 115
15.8125 18.0000 0.5920 190 204 103
14.5000 23.5000 0.1280 162 113 141
-16.5625 -23.0000 1.5460 223 163 85
23.9375 -2.0000 0.1130 156 151 135
0.6250 22.0000 1.3530 251 135 111
8.0000 -21.5000 1.0980 233 92 144
-6.3750 17.0000 1.3330 252 95 123
16.1875 -21.5000 0.1150 169 164 112
-13.6250 -14.5000 5.1780 101 99 235
16.5000 -8.5000 0.1120 172 132 166
-22.6250 -2.0000 1.5700 215 146 92
-23.6875 -18.0000 2.8230 140 193 226
9.6250 -14.0000 0.1210 192 112 154
23.9375 -16.5000 0.1090 181 156 83
8.6875 6.0000 4.7430 69 162 247
10.2500 22.0000 1.1240 233 109 126
-24.4375 17.5000 1.3940 230 113 125
-19.8125 7.5000 1.5560 204 162 91
8.1250 -4.0000 3.9870 96 183 254
-16.1250 -9.0000 1.4990 218 151 59
4.8750 -7.0000 1.0680 230 127 131
-21.6875 -23.5000 1.4460 249 117 85
-20.9375 -9.0000 1.4230 229 97 104
22.8125 17.0000 0.1260 164 169 114
11.8125 9.5000 1.1260 229 78 134
-4.1250 12.5000 1.2520 240 77 94
11.8750 1.5000 3.7900 91 148 254
14.4375 14.0000 0.1500 179 121 206
20.1250 -18.5000 0.1280 187 177 86
-13.8750 -20.0000 5.9240 73 102 226
14.8125 -22.0000 0.1050 157 170 128
22.8125 -1.0000 0.1190 155 145 162
22.3750 -16.5000 0.1110 183 160 105
-4.1875 5.5000 5.6010 71 140 215
-21.7500 -18.5000 5.2130 85 136 223
-5.5000 -23.0000 6.0790 73 115 236
-17.1875 -2.0000 1.4050 205 152 74
-18.1250 -20.5000 5.2810 90 128 221
2.3125 8.5000 6.0320 56 126 245
-9.5000 -16.0000 1.4630 239 112 93
-7.9375 5.5000 4.4690 103 123 222
21.5625 -8.0000 0.6220 197 197 115
-8.8750 -5.0000 0.1140 153 134 120
-4.0625 -7.0000 0.1200 148 118 145
-6.2500 -8.5000 0.1040 156 130 117
16.1250 9.0000 1.0230 219 99 152
-15.5625 -13.0000 1.8470 200 169 128
-2.3750 17.0000 1.2650 244 77 119
23.6875 -1.0000 0.1290 159 159 122
-21.2500 4.0000 1.7520 175 223 103
2.8750 -3.0000 1.6250 199 188 97
7.4375 23.5000 1.2710 231 129 132
-1.1875 -9.0000 0.0880 149 99 134
16.0000 -19.5000 0.1140 189 152 89
0.9375 16.0000 1.2100 246 83 136
-18.1875 -19.0000 5.5250 83 125 226
-21.8750 7.0000 0.9530 210 127 122
16.7500 22.0000 0.1130 174 131 131
4.5625 17.0000 1.2070 247 89 150
13.6875 7.5000 1.0510 215 66 144
5.1250 24.5000 1.2700 230 134 131
-4.4375 19.5000 1.3440 247 105 141
18.8750 23.0000 0.1140 162 143 127
22.1250 16.0000 0.5550 184 232 117
1.8750 23.5000 1.3170 238 129 136
-2.4375 -1.0000 1.1790 234 100 152
-23.6250 -8.0000 1.4460 227 92 108
-23.5625 16.5000 1.4410 229 125 111
14.6250 -19.5000 0.1280 179 158 100
-13.6875 1.0000 1.1980 213 148 89
-11.0625 4.0000 1.2240 243 99 107
5.5000 4.5000 5.1700 67 126 235
21.4375 11.5000 0.1140 188 94 188
15.0000 18.5000 0.6570 189 206 107
-17.8750 -19.0000 5.5580 84 123 223
17.8750 9.5000 1.0190 230 142 132
-17.6875 -1.5000 1.8420 165 208 95
-11.8125 -7.0000 0.1760 167 101 134
1.9375 -3.5000 1.1520 226 111 142
-3.4375 -2.0000 1.1790 242 97 148
-12.2500 19.0000 3.9560 108 126 254
-15.4375 14.5000 1.4290 226 111 105
24.2500 -6.0000 0.3370 178 168 111
-4.5625 1.5000 1.2350 233 104 121
-21.9375 7.0000 0.7160 192 111 148
-15.8125 20.0000 1.5690 230 164 110
-20.8125 9.5000 1.4870 223 159 75
10.2500 -22.0000 1.0090 230 116 144
21.6875 -16.0000 0.1220 178 167 110
5.8750 -24.0000 1.2400 235 82 105
24.1875 -11.0000 0.2130 171 173 74
11.6250 -9.0000 1.0450 220 139 164
-13.3125 15.5000 1.4150 236 113 119
-15.8750 10.0000 1.4790 235 123 84
-24.6250 1.0000 1.9770 157 234 151
-2.3750 14.5000 5.0770 76 139 244
-7.3750 3.5000 1.4380 221 148 106
-13.5625 1.5000 1.3520 208 173 68
22.4375 -8.0000 4.3680 74 254 172
-23.5625 -5.0000 1.5080 217 115 115
11.6875 19.5000 0.2080 161 106 196
-8.8125 -18.0000 5.3390 87 110 235
5.6875 23.5000 1.2690 236 127 130
-22.9375 12.0000 1.4290 237 130 92
11.0625 0.5000 3.8460 102 141 254
-15.0625 -9.5000 1.5100 223 133 55
19.8125 9.5000 0.6440 191 127 205
-24.1875 -14.0000 1.3230 235 88 123
-6.5000 3.5000 5.3290 68 133 241
12.2500 -11.5000 1.0050 224 120 137
16.0000 13.0000 0.1380 171 106 191
-24.7500 -24.5000 1.4050 216 91 126
-7.3750 17.5000 1.3370 254 98 135
-15.6250 -13.0000 5.1780 92 104 244
-17.3750 -3.5000 0.1190 166 75 176
17.0000 16.5000 0.1170 170 123 170
-24.4375 -24.5000 1.3900 223 90 119
22.4375 8.5000 0.1360 163 107 177
24.6875 4.5000 0.1140 153 126 128
11.6875 18.0000 1.1740 230 174 61
-3.0625 -23.0000 1.3340 254 108 126
-21.9375 -10.5000 1.4210 238 116 95
20.5625 -11.0000 0.1230 168 190 91
22.5625 -6.0000 0.5450 198 212 125
-17.2500 -3.0000 0.1240 154 85 190
22.7500 1.0000 0.1130 153 116 168
-2.5625 19.0000 1.2950 247 94 127
-3.4375 -12.5000 0.3170 176 108 173
-4.6250 -25.0000 1.4010 227 98 126
-16.8125 6.0000 1.5560 215 142 74
1.9375 18.0000 1.2010 247 88 147
-11.9375 -9.5000 1.4950 206 183 32
20.8750 15.0000 0.1220 171 154 154
-8.5000 -3.5000 0.1270 159 148 138
7.6250 3.0000 4.6910 74 132 249
-5.2500 5.0000 5.4060 79 128 215
22.6250 12.5000 0.1330 193 110 164
14.0625 17.5000 0.1330 168 119 151
-8.2500 12.0000 4.0950 106 139 235
-17.2500 20.0000 1.5160 228 138 105
3.8125 4.5000 5.4860 59 128 227
-5.3750 -5.5000 0.1410 172 107 135
15.8750 22.5000 0.1170 174 128 138
21.5625 20.5000 0.1110 191 146 124
-20.9375 -14.5000 6.1490 72 100 214
15.3125 10.0000 1.0670 225 102 149
4.6875 -6.0000 0.9880 224 98 157
13.9375 23.5000 0.1180 160 106 150
9.0625 -11.0000 1.2600 222 181 113
1.9375 -12.0000 0.0980 155 124 165
6.3125 8.5000 5.3460 79 125 232
21.5000 23.5000 0.1120 178 143 122
-23.9375 -20.0000 1.3620 241 106 101
18.3750 -15.5000 0.1100 185 147 79
-12.2500 10.5000 1.5540 218 160 86
-15.5625 -1.0000 0.1160 154 113 177
13.6250 -8.5000 0.9730 228 113 166
15.1250 9.5000 1.0540 224 97 151
17.3750 -19.0000 0.1050 197 172 70
1.1875 -17.5000 1.2950 241 122 94
17.6875 -7.5000 0.1280 174 131 177
-24.3125 -25.0000 4.2510 124 111 231
-10.7500 10.5000 1.8800 179 211 125
-19.6250 1.0000 1.6820 195 174 79
13.8125 18.5000 0.1220 164 110 165
19.6875 15.0000 0.1280 177 127 124
4.7500 7.5000 5.5150 73 139 226
-20.1250 -8.5000 1.4600 227 109 116
-5.5000 -11.5000 1.0020 205 151 74
-19.5000 -23.0000 1.4300 246 135 75
-7.3125 -17.0000 1.4570 237 113 106
-9.1875 5.5000 4.2890 104 131 238
-6.4375 1.5000 1.1790 231 85 118
-2.5625 -8.0000 0.1170 153 112 145
-5.5000 -12.0000 1.0700 217 129 93
7.9375 17.5000 1.4230 217 156 124
-22.6875 -7.0000 1.5010 224 107 108
-4.0625 -21.0000 5.3940 91 124 252
-0.4375 -22.5000 1.3920 249 116 133
11.9375 -14.5000 0.1170 171 137 137
9.8125 -4.0000 3.6640 107 183 254
-5.0000 14.0000 1.2080 246 74 122
19.7500 -0.5000 0.2030 167 120 203
-22.0000 2.0000 1.6580 183 184 90
-2.8125 12.0000 5.2040 71 140 238
-4.7500 18.0000 1.3110 245 86 132
11.1875 -18.5000 0.1290 175 146 156
-5.7500 8.5000 4.5510 89 139 241
21.8125 10.0000 0.1110 180 100 191
-10.6875 -23.5000 5.5560 86 94 235
17.0625 -16.0000 0.1130 186 165 80
-23.6250 -16.5000 5.4030 83 117 226
-12.0625 -22.5000 5.5730 81 118 225
20.8125 -18.5000 0.1350 177 161 95
9.0625 -15.5000 0.1840 171 179 106
-14.1875 -23.5000 5.1520 102 100 234
-24.1250 -9.0000 1.4070 235 100 114
-3.6250 9.5000 5.2810 73 135 227
20.3750 3.0000 0.8360 204 142 124
5.6250 14.5000 1.1930 238 90 155
8.7500 -19.0000 0.1960 168 123 183
-2.1875 4.5000 6.0710 60 118 221
10.4375 -1.5000 3.7830 107 163 254
4.5625 7.5000 5.6000 72 136 223
14.4375 -16.5000 0.1180 191 177 80
13.4375 8.0000 1.0450 222 56 144
22.0625 -22.5000 0.1190 197 166 59
9.3125 4.0000 4.4800 67 151 244
18.3125 13.0000 0.1160 157 114 184
9.4375 21.0000 1.2910 238 147 109
-9.5625 7.5000 4.1650 93 153 241
24.6250 -25.5000 0.1170 177 174 7
14.0000 -16.0000 0.1120 186 174 79
17.7500 -12.0000 0.1320 173 158 132
15.3125 9.0000 1.0320 222 94 154
-11.9375 21.0000 2.7310 140 214 254
2.1250 1.0000 5.4390 70 133 223
22.5000 16.5000 0.1150 177 152 146
-14.3750 -11.5000 1.5260 234 122 78
-20.6875 8.0000 1.6600 191 186 86
-0.8750 15.5000 1.2160 249 83 138
22.3125 -22.0000 0.1140 196 167 60
18.9375 -24.0000 0.1220 191 165 67
6.5000 9.0000 5.3800 76 126 236
10.7500 10.5000 1.1290 230 88 145
9.5625 -17.5000 0.1400 171 176 101
9.3750 -8.5000 1.0260 232 128 146
-18.6250 -23.5000 1.4400 245 137 70
9.1875 -4.0000 3.8050 102 181 254
-3.1875 3.5000 5.9780 61 123 227
-20.0000 -20.0000 5.1360 94 131 222
-5.1250 8.5000 4.7140 87 135 234
-12.1875 14.5000 1.4360 234 114 112
-3.4375 11.5000 1.2430 235 91 77
-8.5000 -12.5000 1.4140 224 138 66
24.2500 -13.0000 0.1130 161 168 60
-3.7500 14.0000 1.2330 242 82 115
21.6875 -18.0000 0.1290 178 168 97
23.7500 -21.0000 0.1280 186 178 49
8.8125 -0.5000 4.1530 91 161 244
19.9375 4.5000 1.1660 222 123 124
15.8750 -24.0000 0.0910 167 168 106
-21.7500 -22.0000 1.4270 248 115 83
19.2500 8.5000 0.9610 222 127 146
20.4375 -11.5000 4.6840 70 254 123
-23.2500 -11.0000 1.4060 233 109 104
2.7500 13.5000 1.4560 217 166 114
7.5000 0.5000 4.4870 82 143 223
-20.5625 17.0000 1.4200 231 117 100
14.0000 -10.0000 0.3960 181 133 195
-1.1875 -22.5000 1.3690 245 109 141
-6.1250 0.5000 1.2350 233 99 105
5.9375 -4.5000 1.5170 207 188 97
-6.6875 -4.0000 0.3050 168 145 161
-16.8750 15.5000 1.4370 221 116 114
-8.0625 -23.5000 5.9030 82 89 237
6.8750 -21.0000 1.2260 224 139 100
3.4375 17.5000 1.2230 247 98 138
7.7500 -7.5000 0.9110 228 111 164
-23.2500 -19.5000 1.4500 237 136 85
24.6250 -24.0000 0.1310 186 176 23
18.5625 18.5000 0.4850 183 200 124
-23.5625 12.0000 1.4630 223 137 97
0.3750 -6.0000 0.9120 210 103 159
10.0000 -10.0000 1.6330 187 228 105
-0.8125 -20.0000 3.3780 130 188 254
0.7500 11.5000 5.9810 73 129 218
19.1250 -10.5000 0.1270 173 172 131
12.1250 -9.5000 1.0160 221 122 145
24.2500 -2.0000 0.1150 156 153 131
-1.8125 -1.0000 1.2120 227 90 138
24.9375 -15.5000 0.1200 177 187 57
15.2500 6.5000 1.0460 228 75 155
22.6875 11.5000 0.1210 181 136 155
-1.7500 -11.0000 0.1200 163 123 143
-1.2500 12.5000 5.4750 79 138 244
19.3750 -5.0000 0.1320 176 116 171
6.9375 -16.5000 0.1550 152 121 167
14.0625 2.5000 1.2810 224 132 137
13.3125 -6.5000 1.1350 246 105 139
0.3125 15.0000 1.1980 250 85 136
2.5625 -18.0000 1.2800 234 129 105
7.3750 -7.0000 0.9000 213 122 161
15.1250 -5.0000 0.9750 235 114 150
22.1875 9.0000 0.1150 181 100 183
-22.1875 -13.5000 4.8360 82 131 245
-2.8125 -16.5000 1.2960 248 100 107
-7.5000 7.0000 4.4160 97 149 237
4.3125 14.5000 1.1910 243 86 152
-3.8125 -0.5000 1.2510 227 104 124
22.0625 5.0000 0.6620 190 158 127
-21.6875 -12.5000 4.8400 84 126 240
18.0625 -9.5000 0.1310 166 146 149
-21.3125 19.5000 1.4540 232 115 97
1.5625 -0.5000 5.4310 87 127 224
-8.3125 -11.0000 1.4700 214 174 47
-19.9375 20.5000 1.5610 222 143 112
-13.7500 -24.0000 5.0950 104 102 229
-21.3125 -22.5000 1.4480 248 120 82
-8.5625 7.0000 4.2860 91 147 238
22.4375 9.5000 0.1170 182 101 182
9.5625 20.5000 1.2490 236 139 117
-24.8125 1.0000 1.9470 160 233 148
-13.2500 15.5000 1.3920 239 107 121
17.0000 -15.5000 0.1130 184 158 92
7.5625 -24.5000 1.2210 228 109 92
13.8125 0.0000 0.9460 208 85 199
-18.5000 14.0000 1.3870 235 105 111
22.8125 -12.5000 0.0950 163 167 70
1.3750 -7.5000 0.7330 196 166 128
6.4375 22.5000 1.2910 246 131 114
3.6250 -3.5000 1.0760 234 84 139
-17.6250 12.0000 1.3860 240 107 101
-4.8750 -23.0000 5.9850 77 114 235
16.1875 11.0000 0.9250 205 105 172
10.3750 17.5000 0.2720 173 95 227
3.2500 -2.0000 4.9770 83 138 254
5.0625 -6.0000 0.9730 218 112 171
17.0625 -16.5000 0.1170 200 161 69
-24.6250 -20.0000 1.3370 233 97 123
-9.7500 -1.0000 0.8090 185 173 132
-19.5000 -5.5000 1.5160 214 159 86
13.0625 21.5000 0.1930 164 99 183
-17.3750 -25.0000 1.4400 220 124 77
-12.7500 -16.5000 5.5760 88 110 235
-4.7500 12.5000 4.4610 96 146 229
9.3125 0.5000 4.1690 80 149 246
19.8125 -12.0000 4.8950 78 254 102
10.9375 10.0000 1.1330 232 89 143
14.8125 17.0000 0.1320 176 130 161
-18.0625 20.0000 1.5210 229 142 103
-3.3125 6.0000 5.7160 66 145 206
12.7500 -5.5000 0.9900 235 89 172
-21.2500 16.0000 1.3840 240 125 93
2.0000 6.0000 5.8920 56 119 231
-6.0625 16.0000 1.2570 254 82 119
24.5625 -21.0000 0.1330 183 180 43
16.8125 -15.0000 0.1100 182 159 94
-12.9375 -3.0000 0.1120 163 130 118
4.6875 -25.5000 1.2390 222 72 115
4.5625 20.5000 2.8810 132 214 248
16.0625 10.5000 1.1310 224 120 135
5.3750 7.5000 5.4620 69 123 238
19.5000 -9.0000 0.3860 177 222 128
13.1250 10.5000 1.1040 226 77 138
-17.4375 10.0000 1.4420 232 128 102
-23.8750 15.5000 1.4260 224 130 107
5.1250 -10.0000 0.9070 206 166 118
1.9375 -7.0000 0.9240 208 133 149
-4.0625 16.5000 1.2420 240 78 123
8.0000 -6.5000 0.9820 213 115 185
-13.2500 10.5000 1.4390 233 125 92
-7.5000 -7.0000 0.1260 148 140 130
-6.1250 -8.0000 0.1240 158 129 119
-8.3125 2.0000 1.1800 232 80 117
11.5000 -8.0000 0.9620 221 115 177
-19.6250 15.0000 1.4030 227 101 98
14.0000 -6.0000 1.5480 214 194 96
-15.3750 -8.5000 1.4730 222 151 48
-6.5625 13.5000 1.6160 203 184 100
1.3750 3.5000 5.7810 54 123 223
9.1875 -24.5000 1.1420 226 121 109
21.5000 2.0000 0.1440 148 125 193
-13.8750 -12.0000 1.5120 240 126 93
-22.9375 21.0000 1.4560 240 134 83
-2.3125 -3.5000 1.1360 228 109 134
2.0625 5.5000 5.8380 57 125 228
4.0000 -12.0000 0.0850 164 144 130
25.0625 -22.5000 0.0790 189 186 35
10.3125 3.5000 4.2180 77 154 237
-16.9375 21.0000 1.7810 204 194 140
-17.8750 18.5000 1.4580 236 118 101
-19.9375 7.5000 1.5750 202 165 92
15.8750 23.5000 0.1100 168 123 128
-16.2500 -8.5000 1.5100 217 157 61
6.1875 14.0000 1.1730 237 68 141
-6.5000 -21.5000 5.8350 78 112 249
-18.1875 -13.0000 5.3830 92 104 231
21.4375 -20.0000 0.1030 195 161 71
3.1875 4.0000 5.5620 56 128 229
21.3750 -15.5000 0.1100 175 169 110
5.8750 -19.0000 1.2780 227 153 86
23.1875 -12.0000 0.1030 163 166 69
-16.5625 -1.0000 1.4580 190 187 63
-12.4375 8.0000 1.6430 207 172 97
2.2500 -5.5000 0.9850 228 95 166
-3.6250 -0.5000 1.2220 228 102 128
-0.4375 -13.0000 0.1800 166 98 165
14.8750 6.5000 3.6930 95 175 254
-24.2500 2.5000 0.2070 156 92 168
-15.0625 8.5000 1.4920 225 122 85
9.8750 -18.0000 0.1210 157 153 144
-1.4375 -9.0000 0.1210 156 99 124
18.2500 10.5000 0.8430 212 139 170
-18.3750 2.5000 1.6800 195 160 77
19.5625 -15.0000 0.1020 174 175 62
-14.9375 -15.5000 5.6360 82 109 227
-11.8750 -15.5000 5.1380 98 109 237
-11.3125 -14.5000 1.5600 227 132 93
11.1875 19.5000 0.2650 165 105 208
-5.6250 0.5000 1.2620 232 104 102
-4.1875 -23.5000 5.9850 81 98 247
-20.2500 19.5000 1.5120 224 124 93
21.8125 24.0000 0.1160 174 145 114
19.1875 -10.5000 0.1230 173 171 131
9.3750 -22.0000 1.0640 236 114 132
6.8125 -7.0000 0.8850 214 119 165
-4.3125 19.0000 1.3290 244 92 135
3.8750 18.5000 1.2490 247 109 128
8.6875 16.5000 1.2380 231 128 128
18.1250 -7.0000 0.1200 175 123 178
-19.0000 14.0000 1.3730 235 103 113
-9.6875 22.5000 1.5040 231 140 110
-10.7500 -3.0000 0.1140 156 131 107
-14.0625 22.5000 3.2160 139 191 254
20.6875 15.0000 0.1380 170 157 153
18.5625 7.0000 1.0020 218 96 166
-19.6875 -23.5000 1.4320 242 133 79
-7.0625 -8.0000 0.1300 152 135 124
-18.8750 19.0000 1.4910 231 128 100
15.0625 5.0000 1.2320 226 109 140
-7.0625 21.5000 1.3590 254 97 129
-15.5625 -23.0000 1.5880 222 176 81
18.4375 6.0000 1.0160 218 95 160
12.6250 21.5000 0.2540 165 99 191
7.9375 -11.5000 0.7700 184 189 174
19.3125 -23.5000 0.1400 192 167 69
9.3125 -21.5000 1.0520 233 113 139
1.3750 1.0000 5.6240 70 135 217
12.0000 13.0000 1.1310 229 111 133
3.0000 23.5000 1.3770 231 145 115
-20.0625 -3.0000 1.5840 197 171 78
22.6875 -20.5000 0.1290 199 165 56
10.8750 7.5000 4.4740 78 155 232
9.3125 4.5000 4.4850 68 150 244
-11.5625 4.5000 1.2120 247 98 111
-20.2500 10.0000 1.5070 224 160 91
5.2500 5.5000 5.2960 70 122 237
11.9375 -6.5000 1.4860 214 186 102
-19.5000 -4.0000 1.5930 198 176 97
20.3125 17.0000 0.4430 178 179 123
-11.5000 20.0000 3.8570 118 122 254
-3.4375 2.5000 6.0630 56 116 225
10.3750 9.0000 1.2000 234 99 121
-13.8750 -15.0000 5.3410 95 113 244
19.9375 -22.0000 0.1120 189 163 70
-11.4375 -3.0000 0.1190 169 124 120
-3.3125 -22.0000 2.3810 148 222 221
-5.1875 15.0000 1.2350 254 78 117
3.8125 -16.5000 1.2310 228 175 72
-23.5000 18.5000 1.4160 236 106 111
20.5625 -17.5000 0.1070 176 150 91
-16.7500 9.0000 1.4820 229 135 85
-24.0000 -17.0000 5.2410 89 120 224
12.5000 14.0000 0.6740 191 94 210
12.5000 0.0000 3.6110 92 157 254
-13.1250 -14.5000 1.8650 204 171 122
21.2500 7.5000 0.9100 214 160 93
-24.4375 2.0000 3.0940 104 194 229
22.7500 21.5000 0.1270 196 136 118
-3.0625 21.5000 1.3280 254 108 125
-4.1250 -1.5000 1.2330 236 103 145
1.0000 24.0000 1.3180 235 121 137
20.3750 -25.0000 0.1060 177 150 42
11.3750 -2.5000 0.9470 214 82 191
19.1250 17.5000 0.4760 185 199 113
-14.8125 4.5000 1.5580 216 154 78
4.8750 11.5000 1.3240 226 111 118
-4.8750 12.5000 4.4920 95 146 229
-4.5000 15.0000 1.2270 244 73 113
17.8125 10.5000 0.9020 216 141 158
23.2500 -23.5000 0.1130 195 168 43
17.9375 -10.0000 0.1190 165 171 140
-10.6875 12.0000 1.5750 206 140 95
-2.8125 -15.0000 1.2480 218 156 82
0.1250 -25.0000 1.3440 238 94 147
-10.8750 15.5000 1.3960 240 91 108
-16.0000 -11.0000 1.5170 236 125 81
0.1250 19.0000 1.2690 248 110 138
16.0000 7.0000 0.9880 223 68 166
-5.8125 -24.5000 5.9120 85 110 233
1.0000 -6.0000 1.0360 217 112 128
-12.5000 21.5000 1.7100 215 193 116
-15.4375 16.0000 1.4410 226 116 107
22.3750 -1.5000 0.1230 157 150 173
-11.6250 6.0000 4.0660 96 131 235
-7.0000 20.5000 1.3590 251 86 127
-3.4375 9.0000 5.3810 72 133 225
0.7500 -0.5000 1.9640 162 206 138
3.1875 -4.5000 1.0660 240 100 149
16.0000 -4.0000 0.9420 225 123 161
4.8750 1.5000 5.0410 75 129 219
-23.5625 3.0000 0.2080 156 90 163
4.4375 -3.0000 1.2760 227 115 109
13.2500 8.5000 1.0560 225 55 142
12.1250 24.0000 0.1580 147 91 187
24.6875 10.5000 0.1160 175 150 125
-13.8125 -7.0000 0.7870 204 147 78
-11.2500 19.5000 1.5040 223 143 126
23.6250 7.5000 0.1220 160 103 171
-20.4375 6.5000 1.5820 196 189 78
-14.6250 -23.0000 1.5110 230 159 79
-4.8125 -18.5000 1.4000 237 105 102
11.6250 12.5000 1.1500 227 111 130
3.6250 21.5000 2.3460 162 247 212
10.8750 -21.5000 1.0160 219 144 118
-2.7500 -16.5000 1.2770 249 96 111
-13.6250 -22.0000 5.4680 90 117 230
-10.4375 13.5000 1.3970 237 93 105
-11.3125 -5.5000 0.1190 164 142 93
-6.1875 -6.0000 0.1210 170 107 128
-10.1875 3.0000 1.2390 239 88 106
-20.8125 3.5000 1.6860 185 210 93
10.5625 -7.5000 0.9990 229 125 149
-15.3125 -5.0000 0.1180 140 90 174
18.3750 -21.0000 0.1150 195 172 72
-18.0000 22.0000 3.6990 119 152 254
2.3125 -20.5000 1.3010 251 90 131
-20.8750 -14.5000 6.0450 72 102 216
-12.1875 10.5000 1.4750 230 137 85
-0.5625 2.5000 6.0400 56 112 232
-10.0000 9.5000 4.0320 100 151 238
-6.0000 11.5000 4.3690 99 148 232
-4.8750 0.0000 1.2450 227 91 113
21.1875 22.0000 0.1160 187 149 134
23.8125 -9.5000 0.2820 169 177 101
6.9375 -18.0000 1.2270 215 188 80
22.3125 -17.5000 0.1130 183 161 97
-2.9375 15.5000 1.2300 246 80 112
-13.1875 -1.5000 0.1200 158 140 135
8.5625 -10.5000 1.0700 214 169 152
0.1875 -17.5000 1.3310 242 143 87
7.7500 2.0000 4.5880 69 148 234
24.4375 -18.0000 0.1320 187 186 56
21.5000 -15.0000 0.0970 160 175 71
9.2500 13.5000 1.2250 237 121 128
15.2500 6.5000 3.6490 96 179 254
11.2500 -19.5000 0.1280 167 156 156
-24.9375 14.0000 1.4430 226 117 120
-15.1250 -14.5000 5.3720 90 102 237
-15.9375 14.0000 1.4220 231 106 108
13.6875 21.5000 0.1280 163 100 170
5.2500 -11.5000 0.1310 165 92 186
-16.0625 -13.0000 5.1790 93 103 244
-6.7500 -6.0000 0.1180 168 110 125
19.6250 24.0000 0.1090 163 144 104
2.1250 21.5000 1.3780 239 148 107
-4.8750 -25.0000 1.3900 228 96 128
12.2500 -4.5000 0.9920 233 88 181
-22.1875 6.0000 0.2030 167 86 145
7.5000 4.5000 4.8310 69 131 238
-1.3125 -11.0000 0.1050 159 127 119
7.5625 -20.0000 1.0790 216 139 114
-9.0625 19.0000 1.3620 241 93 126
22.5000 -3.5000 0.7670 212 235 40
15.6250 -8.5000 0.1260 176 129 184
-10.4375 20.5000 1.4790 232 136 134
8.8750 -18.5000 0.1160 166 119 179
3.8125 -19.5000 1.2380 253 85 135
-23.8750 11.0000 1.4730 220 144 93
-1.4375 24.0000 1.3630 243 119 132
-15.6875 -5.0000 0.1610 145 95 178
5.8750 10.0000 5.5630 73 124 238
-22.3125 4.0000 1.5960 188 219 82
-10.8750 12.0000 1.8460 179 182 131
23.4375 9.5000 0.1160 183 108 163
10.4375 19.0000 0.2290 180 85 225
3.0625 -8.5000 0.7920 200 133 161
20.7500 13.5000 0.9340 184 254 50
-21.2500 -21.5000 1.4260 243 114 83
-2.1875 -24.0000 1.3850 244 115 126
-14.8750 13.0000 1.4270 238 106 96
12.2500 -3.5000 0.9970 220 92 190
16.1250 -19.0000 0.1160 190 155 85
11.6875 19.0000 1.1480 228 172 65
-6.2500 24.0000 1.3550 238 94 142
-12.6875 14.5000 1.4070 237 107 116
-12.9375 8.0000 1.5850 213 162 93
3.5625 20.0000 2.9180 132 215 254
-13.8125 7.0000 1.5280 222 144 92
-15.1250 -20.0000 5.6810 80 112 219
23.0000 -6.5000 0.3550 188 157 120
17.7500 -7.0000 0.1190 172 126 180
-10.1875 11.0000 2.0540 162 210 165
-24.7500 2.0000 2.8620 110 205 219
-4.5625 -19.0000 1.4170 238 113 99
-8.1250 4.5000 4.5180 90 133 222
24.0000 -24.5000 0.1420 187 174 22
7.0000 5.0000 4.9470 69 129 237
19.8750 22.0000 0.1160 168 146 121
-22.5000 14.0000 1.4670 233 138 94
14.5625 -19.5000 0.1220 179 157 100
-8.3125 14.0000 1.6900 196 162 112
12.4375 21.5000 0.2260 163 97 195
4.6875 11.0000 5.8380 70 132 221
14.8125 -16.5000 0.1430 195 180 81
7.6875 -20.5000 1.0940 206 138 121
-15.1875 5.0000 1.5450 216 146 82
15.6875 11.0000 1.0610 217 111 153
-21.7500 -10.0000 1.4090 238 111 101
7.4375 -6.5000 0.9030 217 94 160
-16.6250 -20.0000 5.6110 87 113 222
-3.7500 -20.0000 5.1180 93 121 253
-20.8125 7.0000 1.4670 209 191 75
8.8125 7.5000 4.8340 67 158 252
-10.1250 -25.5000 5.1780 100 92 231
-3.6875 -2.0000 1.2210 240 103 143
-6.1875 -0.5000 1.2190 213 140 118
11.3125 3.5000 4.0940 82 150 254
24.3125 -13.0000 0.1080 161 167 59
-12.7500 11.5000 1.3910 245 112 98
11.8750 21.0000 0.2510 163 100 195
20.1250 18.5000 0.4170 182 187 116
7.3125 -13.0000 0.1160 159 119 151
5.3125 -12.5000 0.0850 155 103 159
-22.1250 -7.0000 1.4770 228 100 107
-19.8125 -22.0000 1.4990 232 153 77
4.4375 -10.0000 0.4990 170 180 155
20.3125 2.0000 0.4950 180 144 182
20.3750 5.0000 1.0340 220 148 113
-1.2500 -5.0000 1.0150 219 103 152
10.2500 -7.5000 0.9990 232 123 151
-16.1250 23.5000 2.8640 144 197 254
-12.0625 23.5000 1.7150 201 180 126
-2.2500 -0.5000 1.2450 228 93 129
-13.0625 -13.5000 1.8640 202 174 124
19.3750 -21.5000 0.1190 188 166 76
-21.1250 -25.5000 1.4230 233 110 102
6.4375 17.0000 1.5310 202 180 117
3.6250 -10.5000 0.0770 169 128 144
-3.0000 -11.5000 0.1150 159 128 159
10.3125 6.5000 4.4960 73 160 240
17.1875 -4.0000 0.7870 199 150 179
2.8750 10.0000 6.0570 57 125 241
-13.6250 -20.5000 5.8330 80 117 223
-19.7500 -19.0000 5.3260 91 129 224
20.5000 -19.0000 0.1090 189 174 85
-22.5625 22.5000 1.6350 214 184 98
23.0625 20.5000 0.1100 181 134 110
-24.2500 -7.5000 1.4350 229 88 104
-7.9375 12.0000 4.1530 115 131 240
-19.8125 24.0000 1.8090 199 201 135
21.6250 13.5000 0.7130 185 251 81
-13.9375 -16.0000 5.5360 88 121 227
-10.9375 -22.5000 5.6760 84 101 228
11.4375 23.5000 0.1380 146 89 215
-1.9375 -12.5000 0.1680 160 108 153
13.3125 2.0000 3.6160 94 154 254
16.9375 17.5000 0.5780 188 187 125
22.2500 -20.0000 0.1270 199 164 66
8.5625 -5.5000 1.7920 185 223 110
4.9375 -11.0000 0.1290 164 95 192
7.9375 15.5000 1.2680 228 117 119
7.2500 20.5000 1.3090 236 130 117
1.3125 -1.0000 1.9860 161 216 145
16.9375 -8.5000 0.1350 164 133 168
5.3125 10.0000 5.6580 75 123 235
18.2500 9.0000 1.0010 228 140 135
20.5000 -14.5000 0.1400 166 173 64
3.7500 3.0000 5.3590 62 132 223
-23.0000 8.5000 1.2350 217 161 103
15.9375 -2.0000 1.0060 231 119 177
-12.5000 -5.5000 0.1170 162 143 106
9.6250 -19.0000 0.1170 171 114 177
5.1250 1.0000 4.9310 75 133 224
-20.6250 -5.5000 1.5350 220 120 112
21.0000 17.5000 0.3870 174 209 137
20.5625 -19.5000 0.1200 189 167 75
-19.1250 6.5000 1.5580 211 165 82
15.8125 -22.0000 0.1200 166 167 118
20.0000 -1.0000 0.1130 168 118 197
10.4375 -22.0000 1.0260 230 119 139
5.1875 -12.5000 0.1650 160 111 157
21.8125 -2.0000 0.1190 157 151 184
-13.7500 -7.0000 0.7020 196 141 94
-12.5000 22.0000 3.0960 133 195 254
-0.1875 -17.0000 1.3010 244 139 91
14.6875 4.0000 1.3000 225 123 122
10.4375 -7.0000 0.9710 228 119 157
-21.3125 -8.0000 1.4270 235 88 103
22.1875 7.0000 0.8320 213 163 91
21.1250 18.0000 0.5270 182 241 94
-2.8125 -3.0000 1.1550 241 95 146
-7.8125 1.5000 1.2060 232 101 118
7.0625 -13.5000 0.1350 162 122 151
-4.6875 -20.5000 5.3540 90 101 254
0.0000 8.0000 6.1480 51 122 216
7.1875 -4.0000 4.1670 96 161 254
-14.0000 -9.5000 1.4850 228 132 68
24.8125 -9.5000 0.8990 188 218 42
-7.8125 13.0000 4.1340 102 147 241
-8.2500 -19.0000 5.4950 82 102 232
-22.8125 -19.5000 1.5990 221 179 81
-24.5000 -13.5000 1.3450 232 79 118
19.2500 17.0000 0.4600 180 179 132
-9.0000 -16.5000 1.4830 239 118 90
-16.6875 19.0000 1.4570 231 126 111
-5.9375 0.0000 1.2260 231 97 106
-15.6875 -9.5000 1.4930 234 115 87
-11.0000 -24.0000 5.3630 91 94 238
5.0000 -13.0000 0.1080 161 128 142
12.6875 7.5000 4.1440 79 150 254
-10.0625 11.5000 1.9710 169 207 153
-8.3125 -4.0000 0.1220 158 148 132
6.5000 2.5000 4.7980 75 138 233
3.4375 -17.0000 1.2430 231 174 72
-19.9375 21.0000 1.6360 218 167 116
18.6250 -2.0000 0.3430 175 100 216
23.8750 12.5000 0.1520 185 120 143
-8.6250 8.5000 4.2500 96 145 236
-10.1875 -24.0000 5.5520 89 93 233
3.5625 -16.5000 1.2270 229 173 73
5.0000 15.0000 1.1620 238 79 160
1.2500 5.0000 5.9430 59 114 220
-22.7500 3.0000 0.2070 161 87 141
24.7500 -6.5000 0.4990 190 188 96
3.0000 -15.0000 1.1980 199 180 62
-21.8125 16.5000 1.4150 235 134 95
22.1875 20.0000 0.1160 179 137 119
-15.8750 22.5000 1.7520 204 198 132
-2.3125 3.5000 6.1880 60 119 218
-21.5625 -22.5000 1.4210 252 113 82
23.0625 19.0000 6.3670 56 250 84
-10.7500 -1.5000 0.1180 169 132 121
-2.8750 -8.5000 0.1030 153 111 136
13.6875 2.5000 3.5700 107 156 254
-4.4375 -18.0000 1.3620 243 99 104
8.8750 -3.0000 3.9390 95 163 254
-0.8125 -19.5000 3.2780 134 194 254
-11.7500 4.0000 1.2660 250 107 102
-2.5625 3.5000 6.1980 58 120 222
-10.5625 7.5000 4.0680 99 145 226
12.7500 -11.0000 0.9030 219 121 160
-22.5000 20.0000 1.4370 246 121 98
15.0625 15.0000 0.1170 179 121 197
-18.8125 5.5000 1.5830 212 160 78
-17.5625 -1.5000 1.9220 159 214 112
0.0625 21.0000 1.3720 250 142 110
23.6875 -17.5000 0.1240 186 185 64
24.6875 -21.5000 0.1290 184 177 41
-16.0000 11.5000 1.4340 241 110 110
-1.8750 9.5000 5.6270 72 129 217
-10.8125 0.5000 0.8670 193 146 141
6.7500 -22.0000 1.1820 235 75 118
-5.1250 -5.0000 0.4390 181 156 135
5.1875 5.0000 5.3080 71 122 233
15.8750 7.5000 1.0220 224 74 162
-0.3125 5.0000 6.1890 49 116 232
11.8125 6.0000 4.1850 78 153 254
-20.8750 -5.5000 1.5340 221 121 110
-16.3750 21.0000 3.8150 118 149 254
-3.1875 -5.0000 0.8790 212 154 151
-6.2500 16.5000 1.3070 254 91 118
13.8750 3.0000 1.3490 211 121 104
-15.8750 24.0000 2.8630 146 189 253
-8.1250 -2.0000 0.8560 189 178 111
-8.2500 -15.0000 1.4190 236 110 91
22.3750 13.5000 0.1650 189 120 167
5.8125 5.5000 5.2120 69 126 240
10.0625 -8.5000 1.5300 210 204 105
-12.5625 -20.0000 6.1250 69 90 225
-9.9375 -24.0000 5.5230 86 101 236
3.0625 15.0000 1.1760 254 87 161
-4.6875 -11.5000 0.7440 161 168 97
12.1250 -22.0000 0.4000 171 136 180
-10.4375 3.0000 1.2800 227 143 107
-19.5625 -21.5000 1.7020 209 185 95
-0.1250 6.0000 6.2570 48 130 212
10.8125 -1.0000 3.8020 101 163 243
-8.6875 -8.5000 0.1160 145 126 136
4.9375 4.0000 5.2450 68 124 229
11.4375 2.0000 3.8940 87 154 254
10.6875 0.5000 3.9460 98 138 254
-5.6250 12.5000 4.3680 97 151 238
15.5000 15.5000 0.1220 181 118 197
8.5000 18.5000 1.2600 240 126 120
-24.8125 12.5000 1.4590 214 132 115
-3.6875 -25.0000 1.3860 222 92 128
-12.0625 21.0000 2.7140 140 215 254
-2.5000 7.0000 5.7650 63 144 209
16.1875 -20.5000 0.1210 188 149 83
8.2500 8.5000 5.0110 78 140 247
-2.3125 17.0000 1.2410 245 70 122
19.1250 7.5000 0.9530 210 99 175
11.8125 -14.5000 0.1310 171 140 137
-11.3125 19.5000 1.4390 231 126 128
-6.5625 -21.5000 5.9030 78 111 246
12.1250 -0.5000 3.6160 103 169 254
23.9375 -18.5000 0.1020 186 180 55
13.6250 -15.0000 0.1340 180 164 78
-21.8750 -8.0000 1.4640 233 101 100
-23.8750 15.5000 1.4250 224 129 107
15.4375 -0.5000 1.0520 222 120 176
-13.5000 -20.0000 5.9030 75 99 224
-10.8125 10.0000 2.0740 162 223 151
-2.3750 15.5000 1.2410 244 84 110
16.7500 15.5000 0.1450 181 113 183
13.5000 23.5000 0.1150 157 102 156
19.8125 4.0000 1.1110 226 114 135
-20.1875 -8.0000 1.4290 232 100 121
-0.6875 2.5000 6.0440 56 112 232
-24.5000 8.5000 0.6140 164 121 172
-15.6875 20.5000 3.8160 118 152 254
11.5625 -18.0000 0.1330 167 157 152
-6.6250 0.0000 1.2410 230 99 106
15.3750 19.5000 0.5970 188 207 107
1.7500 20.0000 1.2350 249 113 149
-17.4375 -7.0000 1.4680 225 147 85
10.6875 -22.5000 1.0310 228 122 132
11.5625 23.0000 0.7730 204 147 129
-21.8750 8.5000 1.6420 198 184 80
22.8750 2.0000 0.1300 165 140 147
15.3750 22.5000 0.1120 174 128 141
8.5000 13.5000 1.1780 237 109 142
-24.8125 -24.0000 4.2080 123 113 239
-3.3750 -2.0000 1.2270 241 104 141
17.2500 17.5000 0.5200 186 182 129
19.8750 17.5000 0.4100 175 168 127
-18.1875 12.0000 1.3890 242 111 98
-8.5625 11.0000 4.1590 104 136 235
-15.0625 18.0000 1.4150 242 115 102
-20.3750 -6.5000 1.4720 223 109 109
-20.9375 16.5000 1.4160 232 133 95
-4.7500 7.5000 5.2880 74 137 222
-14.3750 13.0000 1.4260 236 105 96
3.7500 0.0000 5.0510 75 125 228
23.4375 23.5000 0.1160 180 131 101
9.0625 -20.0000 1.0050 216 174 113
-15.0625 13.5000 1.4170 237 104 99
-7.6875 -25.0000 5.5230 92 93 240
15.3125 17.5000 0.1270 177 142 142
22.6875 -20.0000 0.1260 199 164 60
-1.6250 -12.5000 0.1280 155 109 151
11.4375 23.5000 0.9480 213 149 108
17.6875 22.0000 0.1160 159 154 141
-8.5000 -5.5000 0.1220 153 133 111
-14.5625 9.0000 1.4710 234 118 80
-6.4375 15.5000 1.2750 254 86 117
0.8125 22.0000 1.3890 246 143 107
3.0625 -18.0000 1.2640 229 171 76
16.3125 1.5000 0.9800 224 84 185
18.0625 24.0000 0.1160 168 147 124
11.6250 10.0000 1.1210 226 76 138
-18.1250 -16.5000 6.1580 67 105 219
-9.5000 19.0000 1.3480 241 89 129
8.4375 9.0000 5.0340 79 139 250
8.7500 10.0000 5.0380 75 139 254
-16.0000 13.0000 1.4320 237 111 102
18.7500 -1.0000 0.6450 186 116 206
-8.8750 23.0000 1.4100 243 105 116
-12.0000 15.5000 1.3960 242 108 115
-7.8125 4.0000 4.5360 90 133 220
8.1875 0.5000 4.3730 78 147 241
-1.9375 5.5000 6.0240 69 126 212
18.0625 7.5000 0.9740 212 95 176
4.8125 -4.0000 1.3090 229 135 98
-24.1875 -9.5000 1.3900 236 98 115
11.6875 2.0000 3.8530 92 144 254
-8.1250 4.5000 1.2720 233 102 99
1.5000 -14.0000 0.0880 150 110 162
13.4375 -17.5000 0.1270 180 175 70
-6.1875 -12.0000 1.0760 210 152 75
7.4375 12.5000 1.1920 242 78 122
-8.0000 4.0000 1.2840 235 103 96
-1.8750 -9.0000 0.0980 156 103 143
18.3125 21.0000 0.1160 164 156 137
3.5625 1.5000 5.2440 70 126 230
-5.3125 -23.5000 6.1250 76 114 230
-8.1875 18.5000 1.3370 240 84 126
-21.4375 -21.5000 1.4250 243 114 83
14.5625 8.0000 0.9900 215 75 189
3.5000 -23.0000 1.2970 249 88 123
-18.3125 11.5000 1.4040 232 122 112
-21.8750 11.5000 1.4580 234 138 87
-0.1250 -5.5000 1.0270 227 108 141
4.6875 -6.0000 0.9940 224 99 156
8.4375 -23.0000 1.2110 235 121 98
-19.0625 21.5000 1.6840 215 182 119
-23.7500 -6.0000 1.4860 225 102 106
-6.1875 -21.0000 5.7170 83 108 249
-8.8125 24.5000 1.5920 207 138 132
-4.8750 11.5000 4.4770 103 137 226
-12.2500 -4.5000 0.1230 163 144 111
15.6875 -17.0000 0.1260 202 168 77
-16.4375 -1.0000 1.4080 191 196 45
2.7500 23.0000 1.3170 239 129 119
-16.0625 -3.0000 0.1400 156 110 172
19.8750 3.5000 1.2710 220 146 101
14.6250 -11.0000 0.1220 153 145 161
1.0625 2.5000 5.7580 67 128 213
-12.2500 14.0000 1.4400 238 114 119
-17.3125 11.5000 1.4270 227 121 111
-23.1875 13.5000 1.4040 236 120 103
-11.5625 -12.5000 1.5060 230 133 65
-12.9375 13.5000 1.3830 248 103 121
-0.0625 -5.5000 1.0270 227 108 141
13.5000 -22.0000 0.1230 147 135 151
-18.6875 7.0000 1.5310 216 157 80
18.6250 18.0000 0.5230 186 206 117
23.0625 -24.0000 0.1220 193 169 38
12.8750 -13.5000 0.1140 171 122 147
-3.8125 20.5000 1.3420 249 100 138
-20.9375 -11.5000 1.4810 226 130 92
-5.0000 -22.5000 5.8730 77 114 243
-9.2500 1.0000 1.2080 228 136 104
23.6250 -10.0000 0.2250 170 171 102
17.0000 22.5000 0.1130 171 138 140
10.0625 5.5000 4.4530 71 150 251
24.2500 13.0000 0.0810 183 107 142
4.6875 14.5000 1.1740 235 85 166
-18.3750 23.0000 1.7800 195 190 140
-24.6875 7.0000 0.2110 146 109 160
6.0000 -20.5000 1.1970 229 136 94
-16.7500 -11.5000 1.6640 215 141 102
11.6875 4.5000 4.0660 83 151 254
-3.1875 8.0000 5.5490 69 143 211
-3.5625 -12.0000 0.1310 166 106 175
13.3125 -8.5000 1.0390 237 117 149
10.1875 -20.0000 0.5640 188 162 168
11.9375 3.5000 3.9690 85 154 254
16.2500 21.5000 0.1130 178 135 139
2.3125 7.0000 5.9250 59 125 236
21.8125 8.5000 0.4390 186 146 186
-0.4375 17.5000 1.2400 247 89 135
-13.3125 -18.0000 5.9180 83 104 216
-12.9375 19.5000 1.7250 193 187 143
19.5000 1.0000 0.7270 194 117 208
-1.9375 -15.5000 1.2280 230 127 83
-9.3125 16.0000 1.3760 243 90 94
12.2500 19.5000 0.1690 159 105 190
-4.1875 18.5000 1.2950 248 85 135
17.5625 -11.0000 0.1250 167 166 139
5.3125 12.0000 1.2660 239 92 119
9.2500 -2.0000 3.9200 96 163 254
-3.1250 -5.5000 0.8620 208 157 148
22.5000 14.0000 0.1250 180 127 175
-6.1875 23.0000 1.3650 249 99 133
20.8750 -5.5000 4.8730 73 232 173
-5.8750 -19.5000 5.2830 83 111 254
18.9375 1.5000 0.9490 226 121 177
4.8750 13.5000 1.1720 239 87 147
-16.3125 0.0000 1.4570 199 167 73
3.4375 -3.0000 1.1900 233 93 112
13.6875 -10.0000 0.9280 219 143 142
7.1250 23.5000 5.9130 76 166 223
0.9375 7.5000 6.2060 50 122 211
6.1250 16.0000 1.2880 237 116 133
-3.6875 16.5000 1.2520 242 82 119
18.0625 -13.0000 0.1310 181 166 98
15.0000 22.0000 0.1170 175 133 144
2.6875 16.0000 1.1860 254 88 165
12.1250 1.5000 3.7520 91 150 254
18.0625 0.0000 1.0800 234 133 155
-0.5625 -22.5000 3.1020 130 191 254
14.4375 -13.0000 0.1180 156 122 161
15.4375 6.0000 1.0410 227 76 154
2.8125 -9.0000 0.3280 164 112 171
-0.1875 1.0000 5.8550 62 132 226
24.6250 -25.0000 0.1030 181 173 11
19.3125 -3.0000 0.1670 171 109 195
-22.5000 16.5000 1.3920 237 126 99
-11.1875 3.0000 1.2230 231 116 86
-16.1875 -5.5000 0.7220 177 125 117
-7.8125 8.0000 4.3600 92 156 226
-21.5000 -22.0000 1.4150 249 111 82
-21.0000 -15.0000 6.1120 74 105 217
22.3750 -25.0000 0.1220 187 169 32
2.4375 14.5000 1.2080 235 96 166
13.3750 -2.0000 0.9220 211 87 198
-5.6875 -3.0000 1.0370 218 133 128
24.6250 20.5000 0.1180 180 142 98
-11.3750 -22.5000 5.6430 82 116 218
0.4375 -7.0000 0.5890 187 148 162
11.3125 8.5000 1.1380 217 83 134
21.1875 24.0000 0.1130 165 146 92
22.6875 8.5000 0.1160 161 110 170
2.8750 2.0000 5.4270 69 127 225
24.5000 7.5000 0.1090 155 118 136
-14.2500 18.5000 1.4260 237 117 103
-21.5000 4.0000 1.7900 170 227 109
-16.7500 17.5000 1.4750 223 122 121
-6.0625 12.0000 4.3590 97 150 238
-3.1250 -11.0000 0.1180 160 125 162
-20.4375 -1.0000 1.6790 201 163 91
-6.3125 -3.5000 0.6410 173 189 126
15.9375 4.0000 0.9740 234 69 174
8.8750 9.5000 5.0100 74 141 254
4.6250 -16.5000 1.2350 222 177 73
-22.1875 -2.0000 1.6050 211 155 93
-23.1875 17.0000 1.4280 235 123 107
-5.6875 1.5000 1.1780 230 86 117
12.1250 18.5000 1.1660 231 176 57
-11.2500 -16.0000 5.1880 97 108 232
-2.0000 -20.5000 2.5490 145 224 225
13.6875 22.5000 0.1950 161 116 152
20.7500 -2.0000 0.1240 156 150 194
17.5000 -14.5000 0.1180 171 153 80
-16.8750 6.5000 1.5300 230 135 82
1.4375 -7.5000 0.7920 199 168 119
23.4375 0.0000 0.1210 160 158 135
-1.1250 -5.5000 0.9130 207 101 165
8.8125 -12.0000 1.0940 200 221 146
-0.8125 -19.5000 1.4060 237 135 98
8.2500 -10.0000 0.9830 222 143 125
-15.3750 -6.5000 1.2970 220 129 44
-12.7500 -24.0000 5.1310 97 122 226
23.6250 -23.5000 0.1150 194 169 39
4.5625 18.5000 2.3040 150 231 200
-3.6250 -11.5000 0.1280 157 132 164
8.6875 17.5000 1.2260 235 126 139
6.1250 6.0000 5.1680 68 138 242
17.5625 19.5000 0.4760 176 208 123
3.5000 4.0000 5.4900 58 130 228
-4.5625 19.0000 1.3120 252 99 144
-16.6250 20.5000 3.9330 113 140 254
-11.1250 20.0000 3.8530 119 121 254
1.9375 1.5000 5.5300 70 132 221
-18.3750 -1.0000 1.7230 176 195 82
-4.2500 19.0000 1.3200 244 90 135
-24.5000 -15.0000 1.3360 240 93 117
15.5000 20.0000 0.5110 184 207 107
-22.7500 -16.5000 5.5190 74 120 230
16.8125 -22.0000 0.1120 173 162 104
12.5000 22.0000 0.2630 165 97 192
3.1875 10.5000 6.0710 57 123 239
23.0000 -1.5000 0.1210 157 150 158
-19.7500 -18.5000 5.4660 84 136 226
-16.5625 22.0000 3.7050 120 155 254
-7.5625 -15.0000 1.3670 243 101 112
-4.4375 -13.0000 1.0950 224 141 80
15.9375 -7.0000 0.3300 182 121 200
-8.3125 -12.0000 1.4510 216 149 66
18.9375 -9.0000 0.1230 180 132 143
-4.4375 -5.5000 0.5060 170 146 170
2.5625 -23.0000 1.2880 253 79 135
-20.8125 14.0000 1.3280 241 99 102
-24.4375 -23.0000 1.3700 235 90 112
-22.6250 9.0000 1.5990 202 184 77
-1.1875 14.5000 5.2960 73 152 254
24.8125 -21.0000 0.1200 183 178 41
-15.6875 -24.0000 1.4690 231 149 82
11.4375 -15.5000 0.1240 172 158 129
-14.1875 8.0000 1.5140 220 127 84
12.9375 -20.0000 0.1310 172 151 136
14.8125 10.5000 1.0700 221 101 155
-10.3750 23.0000 3.7190 121 145 254
24.7500 10.5000 0.1200 175 150 125
-6.1875 19.5000 1.3410 253 96 137
16.8125 14.0000 0.1110 163 121 173
-3.8125 3.5000 5.8750 64 123 229
23.5000 12.0000 0.1250 176 147 142
-0.5000 13.5000 5.4740 76 140 250
-23.8125 3.5000 0.2010 153 92 164
23.6875 19.0000 0.1070 160 143 97
-4.5000 12.0000 4.5080 88 151 229
-20.8125 -3.0000 1.6260 194 152 111
-12.2500 4.0000 1.2920 250 111 100
6.6875 -22.0000 1.1690 235 73 120
-13.7500 -4.0000 0.1150 139 119 136
-22.0000 12.0000 1.4680 237 144 86
13.6875 20.5000 0.1440 168 123 171
11.2500 -5.5000 0.9640 215 90 176
-15.6875 -15.5000 5.6630 80 111 230
22.3750 18.5000 0.1190 169 151 123
12.1250 13.5000 1.1050 227 110 138
-3.7500 12.0000 1.2910 238 92 88
1.6875 -22.5000 1.3410 244 90 140
13.1875 -15.0000 0.1170 180 162 82
-3.7500 18.5000 1.2720 251 82 133
1.3750 3.5000 5.8050 54 122 223
-16.5000 -24.0000 1.4570 230 143 86
15.1250 24.0000 0.1420 162 120 133
-6.9375 19.0000 1.3370 254 96 138
-8.5000 16.5000 1.3630 240 85 97
10.8125 7.0000 4.4690 77 154 237
19.8125 -13.5000 0.1440 185 172 79
-0.6875 2.0000 6.0380 62 125 221
-14.7500 -12.0000 1.5020 235 124 90
-7.1875 -0.5000 1.1870 216 125 109
23.0000 -19.0000 0.1370 198 164 61
14.6875 -4.5000 0.9550 230 113 160
12.1875 -5.5000 1.0190 235 95 169
17.7500 21.0000 0.1110 160 159 140
23.7500 17.5000 0.1260 162 172 101
-14.8125 12.5000 1.4330 238 109 95
7.1250 7.5000 5.1050 70 136 241
-24.2500 13.5000 1.4100 229 111 117
-1.5625 -5.0000 0.9390 208 154 144
-12.3750 10.0000 1.4730 232 138 82
9.6875 0.0000 4.0620 85 148 243
21.8750 -5.0000 0.4590 191 198 145
-24.5625 -21.5000 1.3480 238 96 123
-12.6250 11.0000 1.4190 233 117 94
2.4375 17.5000 1.1940 246 105 156
11.0625 17.0000 0.2020 178 102 207
10.6250 -8.5000 1.5790 203 210 109
-7.2500 7.0000 4.4490 95 149 237
-1.8125 0.0000 1.2380 225 89 126
-23.2500 3.0000 1.5170 187 188 100
-12.5000 -6.0000 0.1150 162 144 102
-7.6250 11.0000 4.2260 101 143 240
21.3125 -7.0000 0.1420 174 120 139
-17.4375 20.0000 1.5840 221 150 106
-4.0625 -22.5000 5.7580 82 118 246
2.4375 -3.0000 1.4960 210 161 95
-0.1250 -21.0000 3.0720 134 204 254
24.1250 11.5000 0.1230 175 150 135
12.3125 -8.0000 1.0870 243 119 141
1.5625 24.0000 1.2960 236 121 139
-7.3750 -9.0000 0.1250 153 111 125
20.0000 -24.0000 0.1130 182 154 54
20.4375 -12.0000 4.8070 68 254 116
21.5000 -22.5000 0.1090 195 165 61
7.8750 -0.5000 4.2890 89 156 242
-15.8125 2.5000 1.8770 177 196 117
2.6250 -24.5000 1.2840 235 83 131
4.3750 19.0000 1.5980 198 204 109
14.4375 20.5000 0.2190 193 152 163
17.1250 -7.0000 0.1090 168 129 184
-16.9375 1.0000 1.7080 176 193 95
-12.7500 15.5000 1.3800 242 104 119
-24.5625 -10.0000 1.3810 232 96 120
-1.5000 -7.5000 0.1320 170 120 143
-1.5000 10.0000 5.6700 71 141 230
-3.6875 -15.0000 1.2560 233 119 127
14.3125 23.5000 0.1380 161 112 144
-12.1875 -17.0000 5.5250 87 110 234
6.1250 -20.0000 1.2170 230 144 90
18.5000 -14.5000 0.1210 187 164 82
17.2500 -9.5000 0.1270 155 147 138
-12.8750 -3.5000 0.1190 157 131 125
-12.4375 2.0000 1.3300 213 166 72
11.3125 17.0000 0.1790 179 101 205
-10.8750 -4.5000 0.1230 168 137 115
-13.3125 5.5000 1.3880 247 114 88
11.5625 8.5000 1.1400 218 84 132
-13.3125 -19.0000 6.1890 71 84 224
8.3750 24.0000 1.2850 225 133 132
17.5000 5.5000 1.0490 217 104 175
8.8750 17.0000 1.2010 237 124 140
17.0625 15.0000 0.1380 173 113 160
-21.6250 -16.5000 5.7220 69 121 227
-9.8125 15.5000 1.3900 241 95 94
22.0625 21.5000 0.1150 195 138 125
17.0000 13.0000 0.1150 167 105 176
1.2500 -10.0000 0.1360 161 134 120
1.0000 0.5000 5.6220 70 137 221
16.6875 7.5000 0.9890 216 73 168
-8.4375 11.5000 4.1000 107 134 236
1.5000 -18.5000 1.3090 241 119 133
-5.9375 19.0000 1.3340 254 96 135
-4.3750 -13.0000 1.0640 223 138 84
-11.9375 5.5000 1.3480 235 114 96
-21.1250 21.5000 1.7010 213 189 101
0.6875 -2.0000 1.2180 241 110 127
-5.0000 -25.5000 5.8500 89 102 239
-2.5000 14.0000 1.2420 232 79 108
6.8750 8.0000 5.2190 82 123 235
1.2500 -1.0000 1.8550 169 199 124
24.0625 21.0000 0.1140 182 137 101
-22.8125 -11.5000 1.3950 236 105 100
9.7500 -12.0000 0.9450 207 166 168
1.8750 -25.0000 1.3060 237 86 131
-12.4375 10.5000 1.5140 224 148 85
0.0000 -15.0000 1.2390 216 182 84
-11.3125 -5.0000 0.1100 164 140 100
-4.0625 -19.5000 5.1180 95 119 254
5.4375 -10.0000 0.8110 201 166 134
24.0000 -13.5000 0.1200 157 177 59
10.1875 17.5000 0.3830 176 92 230
20.6250 12.0000 0.1120 180 100 177
1.7500 -25.0000 1.3160 237 88 132
-22.3125 22.5000 4.7190 85 139 254
-11.4375 2.0000 1.2500 230 124 84
-11.1250 -11.0000 1.8160 198 198 89
-10.2500 -17.0000 5.3360 92 100 243
-15.1250 -11.5000 1.5120 238 121 76
1.1250 -24.0000 1.3410 240 94 139
-20.5625 -11.5000 5.4150 89 104 226
-2.0625 -2.0000 1.1870 238 102 143
17.1875 23.5000 0.1150 170 139 136
3.2500 19.5000 2.9540 127 218 254
-13.1875 -12.5000 1.5250 242 132 86
8.6250 12.5000 1.1620 242 107 140
-4.9375 2.0000 1.2420 229 104 122
20.3750 20.5000 0.1120 158 180 142
-14.0625 2.0000 1.5420 200 188 72
20.9375 21.0000 0.1220 188 155 133
-0.0625 1.5000 5.8700 62 130 224
3.0625 16.0000 1.2070 254 94 160
21.3750 -12.5000 1.9710 159 254 14
-4.0625 2.5000 5.9220 60 116 230
18.6250 15.5000 1.7170 182 254 20
23.0625 -20.0000 0.1100 198 163 56
12.3125 22.5000 0.2370 161 94 195
-2.6875 -2.5000 1.1470 242 95 147
-7.6875 -6.5000 0.1280 146 119 132
17.5000 6.5000 0.9760 209 92 174
-19.6250 10.5000 1.3840 232 123 112
14.7500 -18.0000 0.1180 179 170 86
-7.0000 1.5000 1.1910 229 86 120
-7.7500 0.0000 1.2090 218 118 102
23.1875 15.0000 0.1180 176 150 134
-24.8750 5.0000 0.2040 150 106 166
15.8750 -13.0000 0.1190 166 140 95
-10.2500 23.0000 1.6900 207 183 120
-5.8750 6.5000 5.0220 78 127 229
19.9375 -7.5000 0.6860 175 221 97
20.8125 23.0000 0.1160 171 142 98
-2.6250 -17.0000 1.3100 247 106 104
-7.9375 -20.0000 5.6880 86 99 245
-14.0625 -14.5000 5.2160 101 98 237
-13.8125 20.5000 1.7910 201 202 148
18.1875 20.5000 0.1130 166 149 151
-17.7500 21.0000 1.8040 201 189 137
9.1250 -1.5000 4.0090 94 159 254
-14.0000 21.0000 3.8090 125 139 254
-16.0000 6.5000 1.5400 232 141 74
24.0625 -6.5000 0.2940 177 165 109
21.1250 -23.0000 0.1190 192 167 59
14.8750 -5.5000 1.0430 239 114 132
-24.7500 -4.5000 1.5110 214 111 131
-17.2500 5.5000 1.5890 206 145 81
0.2500 -3.5000 1.0870 225 106 144
-16.3125 -8.0000 1.4930 217 158 59
-5.1250 4.0000 5.5510 68 128 228
15.3750 -7.0000 0.6880 211 114 187
-24.0000 -17.0000 1.3840 226 111 117
16.9375 -6.5000 0.1740 171 128 202
-13.0625 21.0000 1.8460 197 201 139
15.2500 -22.0000 0.1320 161 171 124
-6.8125 -24.0000 5.9240 82 112 239
-11.4375 -4.5000 0.1150 163 141 104
7.8125 17.0000 1.3450 227 142 126
-5.5000 -21.5000 5.7340 79 112 250
16.1250 19.5000 0.4920 187 203 105
18.0625 13.5000 0.1100 156 115 185
-8.2500 17.5000 1.2860 242 69 119
5.7500 -16.5000 1.2120 210 185 66
18.1250 -5.0000 0.8770 205 173 136
-16.6875 -1.5000 0.1200 154 114 185
-20.8750 -16.5000 5.7710 73 119 220
-13.1250 12.5000 1.4050 247 112 111
-18.2500 -5.5000 1.5780 205 176 79
-8.1250 7.5000 4.3460 92 141 232
-10.5000 2.0000 1.2000 226 137 120
-0.6875 -17.5000 1.3160 241 140 93
-11.7500 23.5000 2.6820 144 198 242
-6.2500 4.5000 5.2500 69 132 241
22.6250 -7.5000 4.3400 76 254 176
18.1875 16.0000 2.0130 156 254 85
-0.0625 -23.5000 1.3760 250 110 135
5.5625 -19.0000 1.2700 226 148 92
23.5625 23.5000 0.1170 179 131 98
-5.0625 -9.5000 0.1280 147 110 122
-11.4375 -6.0000 0.1210 154 134 105
3.0000 17.0000 1.1860 248 89 173
-20.8750 -6.0000 1.5000 221 116 111
-15.0625 -13.0000 1.7020 218 154 101
20.1250 -19.0000 0.1110 189 174 85
23.8125 2.5000 0.1230 167 145 139
-23.0000 12.5000 1.4370 236 132 94
-7.2500 -6.0000 0.1180 150 113 131
21.2500 12.0000 0.1140 191 109 174
14.3750 21.5000 0.1060 173 138 146
-3.9375 2.0000 1.2190 228 87 131
-0.3750 18.0000 1.2630 249 102 139
-8.8750 -24.5000 5.5510 89 96 230
-6.4375 20.0000 1.3490 254 85 122
20.0625 -9.0000 0.3830 176 219 123
-8.8750 10.5000 4.1020 100 149 241
-10.6250 -13.5000 1.4950 232 127 83
-8.1250 15.0000 1.3320 242 95 128
-7.7500 -8.0000 0.1170 142 123 127
-12.3750 -17.5000 5.6510 88 107 225
-21.1875 21.5000 1.6400 220 179 91
0.3750 8.0000 6.2610 50 120 212
-6.3750 22.5000 1.3690 253 101 130
-21.6875 -8.5000 1.4500 233 96 100
7.6250 19.0000 1.3720 232 137 117
22.1875 10.0000 0.1160 182 101 186
-0.5625 2.0000 5.9730 63 125 222
20.5000 14.0000 0.2380 176 155 150
-17.1875 -12.0000 1.6920 209 139 105
3.8125 19.5000 1.5600 203 200 107
-3.7500 -2.5000 1.1850 240 98 147
-6.5000 -11.5000 0.9860 209 144 86
-4.6875 -14.0000 1.2620 228 121 112
0.3750 -1.0000 1.9620 163 212 149
-17.3125 -16.0000 5.9530 76 121 217
3.1875 -9.0000 0.7410 192 134 163
-19.6875 11.0000 1.3110 239 100 110
-9.9375 -8.5000 0.7050 169 212 99
-20.2500 -5.5000 1.5140 213 141 102
-20.8125 5.0000 1.6840 189 196 91
-6.8750 9.5000 4.3730 96 143 232
16.3125 8.5000 1.0500 223 84 129
0.9375 -4.5000 1.0300 225 106 146
-21.8750 3.0000 1.7030 179 220 93
-22.3125 -2.0000 1.5910 213 152 92
-10.3750 2.5000 1.1910 227 137 123
-0.8125 -7.5000 0.1230 165 113 145
-2.8750 -6.0000 0.8440 203 159 146
-21.3750 -1.5000 1.6530 204 162 97
18.8125 -4.5000 0.8570 203 182 137
-3.6875 -0.5000 1.2440 228 104 124
0.3750 0.5000 5.7370 66 135 224
17.8750 -14.5000 0.1260 184 169 84
-23.1250 -17.0000 5.3510 79 120 228
-20.3125 -24.0000 1.3900 241 114 93
2.7500 2.0000 5.4480 69 128 225
-5.8750 -23.5000 6.1920 74 114 231
-4.3750 20.5000 1.3270 249 94 145
16.3125 -20.5000 0.1140 188 148 81
22.8750 -16.0000 0.1250 182 161 100
7.0625 12.5000 1.1660 244 73 126
7.6875 17.5000 1.7090 184 197 127
-13.8125 -19.5000 5.9680 77 94 223
-7.1875 23.0000 1.3720 248 105 133
-23.1875 -21.0000 1.3960 244 112 103
23.0625 0.5000 0.1190 154 118 155
-17.1250 -12.0000 1.6560 220 140 108
-24.1875 -8.0000 1.4020 225 76 116
-20.0625 -24.5000 1.4200 234 119 92
3.8750 -0.5000 5.0070 90 128 241
5.6250 -1.5000 4.6320 87 145 242
1.8750 -23.0000 1.3170 248 84 139
-10.0625 22.5000 3.7440 122 129 254
-7.0000 -24.0000 5.9100 83 112 239
-17.8125 -22.5000 1.8480 196 213 108
17.7500 -7.5000 0.1120 174 128 176
10.3750 -8.0000 1.5770 205 212 107
1.6875 -6.0000 0.9020 211 97 168
1.8750 12.0000 6.1810 72 122 221
6.5625 -23.0000 1.1750 240 72 113
16.3750 20.5000 6.1490 49 254 135
15.2500 -23.5000 0.1030 161 173 117
20.4375 16.0000 0.1150 170 155 164
-14.5000 -23.0000 1.5220 227 160 80
22.2500 -0.5000 0.1150 155 145 159
13.3125 -2.0000 0.9240 211 87 198
15.4375 -10.5000 0.1150 155 141 158
-12.8750 0.5000 1.1680 216 148 83
3.4375 -25.0000 1.2710 231 79 133
-14.7500 10.0000 1.4490 238 113 83
13.7500 -19.0000 0.1290 170 157 118
-16.1875 16.5000 1.4700 218 124 112
3.8750 -23.0000 1.2890 246 88 120
13.0625 3.5000 3.7480 92 158 254
16.2500 -1.0000 1.0350 227 124 174
14.4375 11.0000 1.0610 221 135 153
8.6875 19.0000 1.3000 237 135 117
22.4375 0.0000 0.1170 152 117 170
-20.4375 3.5000 1.6580 190 182 86
22.5625 -12.0000 0.1380 165 172 72
14.2500 3.0000 1.2100 223 97 132
6.1875 -15.0000 0.1180 159 130 136
-22.3750 -7.0000 1.4740 228 99 107
-22.1875 -0.5000 1.6070 201 171 86
19.1250 1.0000 0.9350 224 122 176
18.8750 20.0000 0.1130 156 149 134
-18.1250 -14.5000 5.7160 92 101 217
21.5000 -17.0000 0.1220 178 167 109
17.9375 -0.5000 1.0570 222 156 178
-13.6875 -8.5000 1.3220 200 176 53
-24.6250 21.5000 1.4430 230 119 119
2.7500 21.0000 1.3860 239 154 101
5.3125 21.5000 1.2930 244 134 113
-13.3750 9.5000 1.4850 229 139 87
20.6875 14.5000 0.9740 197 243 85
11.0000 -21.0000 0.9700 231 157 111
-11.8125 20.5000 3.7130 121 131 254
2.4375 13.0000 6.2050 66 131 242
13.9375 -11.5000 0.1160 159 124 180
-19.3750 -14.0000 5.7350 87 103 223
-14.2500 -18.5000 6.1480 77 111 195
-23.0625 20.0000 1.4540 243 124 103
0.1875 8.0000 6.2490 49 121 213
5.0625 0.0000 4.8950 84 138 233
18.9375 -8.0000 0.8690 180 228 93
-22.7500 20.5000 1.4480 244 124 101
8.1250 -8.0000 0.9200 223 111 170
-11.2500 -18.0000 5.6370 85 96 225
24.9375 16.5000 0.1130 163 174 86
-6.3125 -5.0000 0.1320 173 108 141
-12.1875 -14.0000 1.6320 230 147 81
15.3125 -13.5000 0.1070 168 139 94
-19.3750 -22.0000 1.5220 231 160 72
3.8125 -2.0000 1.3130 233 120 92
-0.6250 16.5000 1.2280 247 80 139
-2.1875 8.0000 5.7420 69 142 200
6.2500 -8.0000 1.0630 231 130 114
-5.8125 -7.0000 0.1170 157 128 119
18.4375 2.0000 1.1700 233 145 153
20.5000 17.0000 0.4250 172 215 134
-21.2500 -13.0000 5.8620 70 102 227
12.0625 -14.0000 0.2710 171 156 148
11.2500 -18.0000 0.1230 165 157 154
0.2500 6.0000 6.1740 50 130 212
-19.4375 11.0000 1.2960 241 98 110
-15.1250 -22.0000 5.2800 88 122 238
-16.3750 -16.0000 5.8140 79 109 226
12.3750 -16.0000 0.1270 173 173 94
21.0625 9.0000 0.4200 182 162 161
5.4375 7.0000 5.4000 68 127 240
-16.6875 -24.5000 1.4640 217 135 73
-21.0625 16.0000 1.3870 239 126 93
1.1250 -9.0000 0.0960 172 133 125
21.6875 -13.0000 1.9770 162 254 11
-19.3125 10.0000 1.3650 239 119 109
-18.5625 24.0000 1.7840 188 178 146
-10.7500 14.5000 1.4080 234 94 107
-19.8750 5.5000 1.5980 206 163 89
-14.9375 -13.5000 5.1350 91 106 242
-2.9375 -14.0000 1.1410 225 151 91
19.5000 18.0000 0.4460 185 192 118
9.8750 8.5000 4.7280 73 141 251
-9.0000 -21.0000 6.0590 84 88 238
12.3750 -14.5000 0.1250 173 135 135
-10.1875 14.0000 1.4200 236 99 100
-12.5000 -22.0000 5.5780 82 118 228
1.9375 24.0000 1.3210 234 128 137
11.5000 21.5000 0.2600 162 100 199
18.6875 -4.5000 0.8320 201 180 143
21.3750 -12.5000 0.1090 151 189 87
10.5000 -21.0000 1.0290 235 159 104
19.7500 -24.5000 0.1420 179 160 52
-23.6250 -9.0000 1.4140 236 101 109
5.9375 -2.5000 4.4420 90 148 242
-0.1250 12.0000 5.7610 74 131 232
18.7500 6.0000 1.0870 224 102 146
6.9375 16.0000 1.2170 238 98 141
8.8750 2.0000 4.3680 78 146 244
-1.0000 -10.0000 0.0700 157 119 119
4.1250 3.5000 5.3240 62 132 223
-11.8125 10.5000 1.5850 212 167 86
-15.3125 6.0000 1.5350 232 135 71
8.0000 -8.5000 0.9230 221 127 143
-20.0625 -9.0000 1.4310 235 104 125
-6.0000 18.5000 1.3250 254 96 135
24.6875 21.5000 0.1150 181 140 95
-4.1250 -4.0000 1.0710 213 160 139
7.1875 -4.0000 1.7360 183 207 121
-24.1250 2.0000 0.2330 158 90 164
13.1250 21.0000 5.8990 62 195 178
-3.6250 -0.5000 1.1990 228 100 132
16.9375 -11.5000 0.1130 165 161 135
20.9375 23.5000 0.1140 169 143 95
10.3125 -8.5000 1.4790 215 194 104
-3.0000 13.5000 1.2350 240 73 95
-17.5625 8.0000 1.5120 222 135 93
-16.7500 -14.5000 5.5900 93 93 230
2.6875 24.0000 1.2850 231 122 142
-21.0625 20.5000 1.4960 224 126 88
11.5000 -16.5000 0.1180 171 174 97
-7.0000 -8.0000 0.1270 152 134 123
19.8750 -7.5000 0.7560 175 226 93
24.5625 23.5000 0.1190 172 133 82
7.5000 -8.0000 0.9330 217 126 145
-1.8125 -2.0000 1.1840 236 102 144
17.3750 24.0000 0.1100 169 140 133
-4.0625 -5.0000 0.6510 190 149 175
-13.5625 6.5000 1.4580 232 127 86
-3.8750 19.5000 1.3270 243 93 133
1.8125 7.5000 6.0530 61 130 220
16.3750 20.5000 6.1520 49 254 135
-7.0625 -19.0000 5.3280 87 110 254
15.6875 -20.0000 0.1160 188 150 91
-23.6875 -25.0000 4.2360 120 116 237
-17.1250 -19.5000 5.5610 91 113 222
-17.1875 -12.0000 5.1350 102 101 232
10.1250 -6.5000 0.9750 223 90 161
-17.8125 10.0000 1.4590 232 135 100
0.4375 -18.0000 2.5260 155 239 218
19.4375 5.0000 1.2510 220 140 115
-16.1875 11.0000 1.4310 242 108 112
5.1875 1.0000 4.9030 75 133 225
-17.3750 -1.0000 1.9250 160 206 108
6.9375 -25.0000 1.3270 222 123 87
-9.8750 -24.0000 5.4610 86 101 239
13.6875 -11.0000 0.3080 181 119 204
-1.6250 15.0000 1.2240 238 89 119
13.6250 -0.5000 0.4020 178 88 249
18.6250 -1.5000 0.5380 182 106 213
-16.0625 21.5000 3.8620 115 151 254
-11.7500 -10.0000 1.5410 220 165 56
-2.2500 10.0000 5.5030 70 131 225
-13.1250 -16.5000 5.5540 89 110 236
18.0625 2.5000 1.1870 230 132 142
-18.3125 -3.0000 1.9220 158 217 111
-14.0000 -0.5000 0.1220 155 120 146
9.3750 -17.5000 0.1030 170 169 104
-20.1250 -21.5000 1.5810 224 161 80
-15.6250 15.5000 1.4420 227 118 104
-20.3750 -7.5000 1.4470 227 90 110
-19.9375 13.0000 1.2910 243 86 115
-14.3125 -23.5000 5.1380 102 100 234
12.5000 22.0000 0.1890 161 93 192
14.2500 -21.5000 0.1050 146 138 147
2.8125 13.5000 1.2910 237 119 137
-22.1250 8.0000 1.3430 211 174 85
-14.4375 16.5000 1.3390 229 88 118
20.5000 -10.5000 0.1310 168 190 93
16.7500 21.5000 0.1160 176 137 132
-14.0625 -23.0000 5.1920 99 101 236
1.5625 23.5000 1.3180 238 128 135
13.8750 -3.5000 0.9590 223 85 176
-22.4375 -14.0000 6.1110 68 102 228
-1.4375 11.0000 5.6020 74 139 232
-18.8750 -13.5000 5.5770 88 104 229
-13.7500 11.5000 1.4160 239 114 107
-3.6250 -20.5000 5.1740 94 120 248
23.1250 -7.0000 0.1630 171 146 124
-23.5000 14.0000 1.4100 235 117 105
11.1875 -23.0000 0.7830 201 121 163
-13.8125 9.5000 1.4450 220 104 76
-15.1875 14.0000 1.4330 231 106 104
-6.6250 3.5000 1.2200 237 101 120
-7.6250 -13.0000 1.3380 232 120 73
-6.3750 -6.0000 0.1150 170 107 126
-16.8125 2.0000 1.6650 192 170 99
24.9375 -22.0000 0.1070 184 173 38
16.2500 14.0000 0.1140 163 120 180
-21.1250 2.0000 1.6650 186 175 91
21.4375 -4.5000 0.5390 191 211 141
10.4375 14.0000 1.2790 216 143 122
22.4375 13.5000 0.9840 200 254 26
23.6875 -20.0000 0.1190 195 165 48
-12.4375 23.0000 3.0650 137 188 254
14.9375 -5.5000 1.0170 238 113 138
-8.1875 -22.5000 6.0080 77 93 227
-15.3750 8.0000 1.5060 229 134 79
-23.2500 -24.5000 1.3800 239 93 102
19.1875 -14.5000 0.1280 188 165 77
-20.7500 -10.0000 1.3870 237 103 106
-17.3125 -1.5000 1.4620 197 202 58
22.3125 19.0000 0.1110 168 150 121
17.6250 -20.5000 0.1160 189 176 76
-13.6250 -4.5000 0.1120 155 149 118
-20.3125 -3.5000 1.6070 197 172 102
10.1250 14.5000 1.2640 219 140 123
-4.9375 8.5000 5.0520 83 126 228
-19.8125 -5.5000 1.5070 214 153 92
4.0625 -15.5000 1.2040 202 188 69
9.1250 5.0000 4.5950 69 145 241
6.2500 2.5000 4.8950 67 122 234
6.1875 12.5000 1.1390 246 63 134
20.3125 -2.5000 0.0590 178 130 187
-10.1250 9.5000 4.0080 100 151 238
-2.9375 0.0000 1.1870 232 85 123
-10.5000 9.5000 2.1500 161 209 151
-2.2500 -14.5000 1.0050 214 143 115
15.3750 -14.5000 0.0940 171 139 81
19.5000 -12.0000 0.1150 171 180 101
-11.1250 -15.5000 1.5080 238 118 102
8.9375 -2.0000 4.0070 93 160 254
12.3125 12.0000 1.1200 231 108 129
-3.0625 16.0000 1.2360 246 80 115
-17.1875 2.5000 1.6650 192 156 77
-18.5000 10.5000 1.4170 235 127 104
15.6250 19.5000 5.9300 44 253 157
-10.1875 -3.0000 0.1190 163 134 127
22.2500 14.0000 0.1470 186 119 168
-3.3750 -16.0000 1.2770 246 89 117
12.8125 -8.0000 1.0870 244 119 140
21.4375 22.5000 0.1100 185 145 131
6.1250 14.0000 1.1610 237 65 143
-2.3125 -20.5000 2.7710 138 218 233
10.1250 -21.5000 0.9980 227 116 150
17.2500 -24.0000 0.1070 172 163 86
-22.9375 -14.0000 1.3330 254 92 109
4.8125 -21.0000 1.2250 231 96 126
-3.6875 15.5000 1.2200 245 76 117
18.6875 3.5000 1.2190 228 132 114
-22.9375 13.5000 1.4200 237 127 98
-16.0625 7.0000 1.5400 230 144 75
7.3750 -15.5000 0.0900 153 140 130
-6.0625 3.5000 5.4230 66 132 238
-22.4375 -19.5000 1.6620 215 196 83
-10.3750 -19.0000 5.8080 79 95 230
11.5625 -22.5000 0.6490 185 138 163
16.0000 2.5000 0.9800 237 64 177
-12.9375 4.5000 1.3480 246 119 99
-4.6250 -6.5000 0.1340 163 115 121
-4.6250 -19.0000 1.4220 237 114 99
0.6250 -13.0000 0.0740 164 89 150
-5.9375 5.5000 5.2010 82 133 223
4.4375 15.0000 1.1670 249 87 160
-17.0000 -21.5000 5.1810 99 127 228
-11.4375 16.0000 1.3680 240 101 118
-18.9375 -23.0000 1.4830 241 150 68
-23.5625 22.5000 1.5810 215 166 102
-8.0000 21.0000 1.3560 254 95 115
-8.1250 9.5000 4.2480 95 147 229
-9.7500 -13.5000 1.4790 237 127 74
2.5625 -7.0000 1.0310 212 141 138
-18.9375 -21.5000 2.1420 169 229 172
-10.7500 -16.5000 5.1920 98 101 243
-16.9375 -12.5000 1.8410 201 165 138
19.9375 -16.5000 0.1280 188 146 70
-5.6250 -15.5000 1.3540 244 86 121
16.8750 -7.0000 0.1480 169 129 188
6.9375 -15.0000 0.1070 157 136 141
7.4375 17.0000 1.7210 184 199 128
-0.4375 21.0000 1.9350 186 223 153
-24.1250 -1.5000 1.6430 193 163 109
6.6875 14.5000 1.2000 236 80 134
6.5000 -21.0000 1.1470 226 123 110
16.1250 21.0000 0.1140 179 138 137
1.8125 -25.5000 1.3020 237 85 132
-16.6875 -1.0000 1.4620 190 187 63
15.8750 -9.0000 0.1170 173 131 173
-1.0000 22.5000 1.3190 252 119 126
14.3750 23.0000 0.1160 163 109 144
19.3750 24.0000 0.1100 162 144 105
-7.3750 0.0000 1.2200 213 126 110
-8.1250 19.5000 1.3390 244 90 131
6.6875 -24.0000 1.2350 234 82 104
-0.7500 12.0000 5.6380 77 133 236
17.4375 17.0000 0.1780 179 138 157
24.8750 -5.5000 1.2130 208 248 31
9.3125 -13.0000 0.7920 174 240 134
-6.1250 -18.0000 1.4420 238 106 102
-13.0000 -3.5000 0.1040 156 129 127
-18.5000 2.5000 1.6750 196 159 76
-10.1875 15.0000 1.4020 236 97 96
-18.1875 22.5000 3.2630 125 187 254
-18.8125 -21.0000 3.5640 120 159 237
-12.4375 -20.0000 6.0430 70 93 226
0.0625 -14.0000 1.2260 221 189 84
-6.8750 22.5000 1.3580 253 97 133
13.6875 -12.5000 0.1460 166 123 175
-20.7500 -11.0000 4.8710 95 113 236
-23.8125 -19.5000 1.3560 241 106 100
-21.8125 -13.5000 4.8570 80 131 244
-12.6875 1.5000 1.2750 217 160 75
-13.8125 3.5000 1.4410 218 139 84
22.5625 -11.5000 0.1340 179 169 80
-17.9375 21.0000 1.7710 205 186 132
24.9375 -1.0000 0.1170 162 167 105
2.6875 2.0000 5.4470 69 128 225
6.1875 -22.0000 1.1260 236 66 128
15.6250 -18.5000 0.1170 187 159 89
2.2500 8.0000 5.9710 59 127 243
-21.7500 11.0000 1.4720 221 152 82
-10.8750 16.5000 1.3500 242 101 116
-8.5625 -25.5000 5.3950 95 92 239
-18.1875 -3.5000 0.9780 214 107 130
3.1875 3.0000 5.4470 60 131 225
11.8750 20.0000 0.2120 167 110 197
20.8125 16.5000 0.3840 175 210 142
-15.1875 -23.0000 5.1590 90 124 240
11.8750 -1.0000 3.6150 108 167 254
3.6875 14.5000 1.1800 247 83 154
24.6875 -16.5000 0.1180 177 180 54
3.8125 10.5000 5.9490 59 125 237
7.6250 14.0000 1.1490 233 72 140
-4.3125 -23.5000 3.7070 114 134 254
3.5000 3.0000 5.3660 61 132 225
4.3750 15.5000 1.1660 250 87 161
0.3125 -22.0000 1.3860 251 112 133
18.8125 -23.0000 0.1050 193 164 77
-15.0000 13.0000 1.4310 238 108 97
-15.6875 14.0000 1.4270 231 107 106
-2.4375 2.5000 6.2800 69 113 224
-1.2500 10.5000 5.6810 72 140 230
0.5625 -2.5000 1.1390 241 92 142
-23.3125 -15.5000 4.8180 93 122 237
-8.6875 -17.5000 5.1960 90 101 242
-19.1250 -5.0000 1.5660 207 176 84
-17.0000 -0.5000 1.9080 157 230 112
-5.4375 -9.0000 0.1090 146 108 126
22.9375 -12.0000 0.1050 163 167 70
-11.4375 19.5000 8.9370 60 53 218
12.6875 -2.5000 0.9430 216 85 191
12.6875 -15.5000 0.1080 171 172 89
-2.6250 -20.5000 2.9120 132 213 244
20.1875 -5.5000 0.1480 166 126 187
9.1250 -9.5000 1.1300 211 173 143
-0.8125 -3.0000 1.1310 227 118 148
-2.0000 0.0000 1.2330 226 88 128
23.0625 -12.5000 0.1280 163 169 67
16.7500 -5.5000 0.4610 187 103 215
-18.1875 21.0000 1.8080 201 191 137
18.6250 -17.5000 0.1140 191 142 71
3.5625 -20.5000 1.2600 252 85 130
-21.9375 4.0000 1.9250 154 234 131
0.6875 13.0000 5.8710 73 129 228
-24.0625 -9.0000 1.3900 236 96 115
-12.5000 9.5000 1.9220 182 214 128
8.6250 12.0000 1.1630 241 107 139
1.8750 22.5000 1.7280 209 208 121
7.5625 -13.5000 0.1110 160 117 146
2.5000 -18.5000 1.2970 246 102 135
-5.3125 11.0000 4.4810 103 139 227
3.5000 15.5000 1.2000 254 93 157
-7.1875 -14.5000 1.3680 239 123 91
5.8125 5.5000 5.2430 69 125 239
12.7500 7.5000 4.1820 78 149 254
-23.1250 2.5000 1.9510 152 214 151
10.3125 9.5000 1.1420 234 87 131
22.5625 -19.5000 0.1580 199 167 64
5.3125 -22.0000 1.2120 235 75 117
-9.1250 -25.5000 5.2940 96 92 241
-6.3125 3.0000 1.2610 235 109 115
-21.5000 -1.5000 1.6170 208 156 94
11.8125 -1.5000 3.6110 107 169 254
-14.8750 9.0000 1.4910 232 124 79
24.6250 -18.0000 0.1130 187 186 54
-10.6875 22.0000 3.6830 123 131 254
18.1250 -20.0000 0.1180 196 177 60
21.7500 11.5000 0.1200 192 106 166
-2.8750 -21.5000 2.9950 130 205 254
15.6250 23.5000 0.1120 168 124 131
15.6250 16.0000 0.9880 203 200 90
-20.7500 -4.0000 1.5520 212 128 114
-11.1250 -15.0000 1.5410 230 124 88
19.5000 -13.5000 0.1230 186 165 83
19.2500 -24.0000 0.1230 191 165 65
-24.7500 16.0000 1.3770 225 108 127
18.6250 -17.5000 0.1280 191 144 72
5.9375 16.5000 1.3730 227 141 125
-14.3125 -19.5000 5.9350 79 108 202
-14.8125 9.5000 1.4710 236 120 80
-14.6250 4.5000 1.5120 220 146 78
20.0000 -7.0000 0.1700 178 124 157
-11.4375 22.0000 1.8080 198 197 131
-10.2500 21.5000 1.5620 223 158 115
-23.5625 -25.0000 4.2250 121 115 237
-13.2500 -3.5000 0.1160 155 130 128
12.0625 -23.0000 0.2210 158 140 174
-4.9375 -2.0000 1.1880 216 140 116
10.7500 -9.5000 1.5270 193 200 113
-21.3125 -24.5000 1.3940 245 97 92
2.1250 -6.0000 0.9930 212 136 165
3.3125 13.0000 1.4850 217 174 107
20.1250 12.5000 0.1160 158 113 164
23.1875 20.5000 0.1190 181 135 110
0.1875 14.5000 5.6050 82 134 237
-6.2500 11.5000 4.3280 100 148 233
-16.8750 9.5000 1.4680 232 116 91
-4.6875 -7.0000 0.1140 164 113 116
-2.1250 21.0000 1.3270 248 112 123
-19.4375 13.5000 1.3500 240 100 110
5.3750 6.0000 5.3200 70 131 237
-19.1250 -24.5000 1.4230 237 125 78
-1.7500 11.0000 5.5030 78 126 224
-14.0000 -11.5000 1.5230 230 126 82
-20.1875 -22.0000 1.4690 239 130 73
-14.9375 -20.0000 5.7790 79 111 213
0.0000 -4.5000 1.1180 234 113 132
-1.7500 -25.0000 1.3820 230 108 143
3.8125 9.0000 5.8320 61 130 237
-14.1250 -8.5000 1.5180 199 159 58
-14.7500 -16.0000 5.6160 80 112 229
15.5625 5.0000 1.0500 230 80 168
2.8750 -3.5000 1.2520 229 123 117
1.2500 -21.5000 1.3530 248 96 122
18.2500 -11.0000 0.1230 170 164 137
9.5000 3.0000 4.3210 73 154 239
13.8750 -23.5000 0.1220 150 154 130
15.9375 -9.0000 0.1210 173 131 174
19.1250 12.5000 0.1140 159 113 176
-24.2500 -24.0000 1.3740 233 91 112
14.1250 3.5000 3.5860 111 147 254
0.8750 21.0000 1.5050 229 176 102
18.8125 -2.0000 0.2160 170 103 215
1.0625 6.0000 6.0360 56 127 207
-20.5625 -2.5000 1.6390 204 157 100
6.8125 10.5000 5.4310 75 122 238
24.8750 16.0000 0.1140 163 173 85
20.4375 -24.0000 0.1150 182 152 50
-7.8750 16.0000 1.3600 248 102 118
17.1250 12.0000 0.1620 161 101 196
2.5625 -5.5000 0.9760 231 94 165
11.1875 -11.0000 0.9710 214 119 154
17.7500 -14.5000 0.1220 183 170 84
-7.3125 1.5000 1.2170 227 91 118
-1.0000 -24.0000 1.3870 235 111 135
14.0625 13.5000 0.6620 207 112 186
-1.4375 -22.5000 3.0460 133 188 254
24.0000 13.0000 0.0940 185 108 145
-9.3125 4.5000 1.2780 240 101 96
4.9375 -19.5000 1.2210 227 136 102
22.8125 13.0000 0.9480 199 254 29
8.8750 -12.5000 1.0690 184 241 121
24.7500 2.0000 0.1140 168 146 122
11.7500 -3.0000 0.9840 217 85 182
23.5000 -11.5000 0.1380 162 168 67
11.1875 -24.0000 0.5280 176 115 180
11.1250 -18.5000 0.1260 175 146 156
6.6250 7.5000 5.2120 67 134 245
-14.8125 14.5000 1.4360 227 115 97
21.8125 -0.5000 0.1150 151 141 182
17.8750 15.5000 1.0170 214 214 68
1.6875 7.0000 6.0410 62 121 232
-5.5625 -5.0000 0.2920 173 135 156
8.5625 -24.0000 1.2340 230 124 94
-3.0000 -14.0000 1.1900 225 156 82
-14.8125 3.0000 1.7890 194 180 97
-7.7500 0.0000 1.2110 218 118 101
12.1875 -2.5000 0.9120 215 81 198
-10.3750 -20.0000 5.9590 77 94 226
-10.3750 -8.5000 0.1190 143 138 148
-15.1875 -4.0000 0.1210 138 91 176
18.5625 12.5000 0.1110 158 114 181
-19.6250 8.5000 1.4860 217 154 98
12.3750 12.0000 1.1090 231 106 131
15.1875 5.5000 1.0890 229 95 149
15.9375 -4.0000 0.9410 224 123 161
18.3125 15.0000 1.0170 216 214 65
9.8125 -16.5000 0.1280 174 169 106
-11.2500 8.5000 3.9730 108 127 237
24.6875 2.5000 0.1280 168 149 127
-21.0000 -21.0000 1.4220 236 114 72
-5.8125 4.5000 5.3900 67 131 237
-5.5000 -18.5000 5.1090 89 109 254
-14.2500 -22.5000 5.3350 90 118 229
-19.7500 -11.5000 5.2520 86 110 248
6.4375 -3.5000 1.4830 207 180 99
16.8750 23.0000 0.1160 171 137 138
-7.2500 14.5000 1.3210 245 104 129
19.5625 -0.5000 0.2860 166 120 208
9.6250 10.5000 1.1150 236 80 141
-2.3125 4.0000 6.1080 59 119 221
-2.0000 -6.0000 0.5700 165 155 155
-6.1875 -14.5000 1.3260 247 120 92
21.1875 -13.0000 0.1120 153 188 86
-19.5625 -18.0000 5.5950 77 134 228
6.5000 -25.0000 1.2930 223 91 104
19.3750 4.0000 1.1830 228 124 120
23.8125 13.5000 0.1120 178 129 160
-15.3125 20.5000 3.7160 120 158 254
-10.3125 -24.5000 5.3040 94 92 236
11.1875 24.0000 1.1800 214 157 85
-6.7500 -21.0000 5.8230 78 103 254
19.5625 3.0000 1.1840 225 129 117
-16.3125 -22.0000 5.1610 93 125 243
6.1875 9.5000 5.4820 74 125 238
12.5625 -1.0000 0.9220 209 88 204
-4.6875 9.5000 4.6840 86 132 232
-15.8125 -18.5000 5.9240 78 109 212
-14.0625 11.0000 1.4470 239 119 93
-10.2500 -20.5000 6.0520 78 92 221
-13.8750 -5.5000 0.1190 153 118 147
9.3750 24.5000 1.2620 210 132 127
12.9375 -10.0000 0.9420 219 122 155
15.9375 0.5000 1.0100 227 92 175
22.6875 -9.5000 0.2710 173 176 109
10.6250 10.0000 1.1220 231 82 139
-2.8125 -2.0000 1.1880 242 100 145
22.8125 16.0000 0.8760 193 254 80
22.8750 -20.5000 0.1170 189 177 56
-2.3125 5.5000 5.9450 69 127 216
-20.5000 2.5000 1.6640 187 177 84
2.7500 8.5000 5.9800 55 127 245
-10.6875 11.0000 1.7870 186 194 122
-12.7500 8.5000 1.6280 208 174 96
-3.3750 4.5000 5.8430 62 122 230
17.5000 -12.5000 0.1020 173 150 126
-18.6875 21.5000 1.8430 197 198 143
11.5625 -16.0000 0.1090 168 176 98
-0.4375 5.0000 6.2080 49 116 232
-24.1875 5.0000 0.2040 152 103 162
24.2500 -15.0000 0.1210 175 191 62
12.4375 -18.0000 0.1370 179 176 76
22.1250 -23.0000 0.1140 197 166 56
-6.4375 6.5000 4.5700 90 146 232
3.9375 5.0000 5.5100 69 120 225
-23.5000 4.5000 0.2030 155 89 145
-0.6250 15.5000 1.2090 251 81 138
9.7500 20.0000 1.2010 231 124 116
-10.1250 12.5000 1.4250 237 110 93
9.9375 24.0000 1.2680 213 164 80
14.6250 16.0000 0.1200 173 130 202
23.3750 22.0000 0.1190 192 131 109
-6.1250 13.5000 1.6060 205 183 97
-15.8750 -9.0000 1.4980 218 152 56
-14.0000 -12.5000 1.5470 235 129 87
18.1250 -13.5000 0.1150 184 162 94
24.1875 -7.0000 0.4680 192 177 100
-3.6250 6.0000 5.6590 69 145 206
8.5625 3.0000 4.5430 70 146 237
-22.2500 -0.5000 1.6210 200 173 86
4.3125 -2.5000 4.7740 89 140 247
-16.5625 -15.5000 5.7670 80 116 227
-9.9375 -21.0000 6.1180 73 89 217
-22.6875 2.0000 1.6710 179 185 95
4.5000 -16.0000 1.2110 216 195 41
-10.1875 15.5000 1.4090 237 100 97
-11.6250 9.5000 1.5390 220 158 79
-9.3750 15.0000 1.3930 240 96 90
4.0000 -23.0000 1.7860 181 197 119
-4.3750 9.0000 5.1550 73 123 227
-18.8750 13.5000 1.3960 238 111 105
-7.6250 -16.5000 1.4590 233 112 112
-14.2500 -13.5000 5.0780 95 105 236
19.6875 -16.0000 0.1130 187 145 71
19.1250 21.5000 0.1130 167 150 132
10.4375 16.0000 0.4920 185 90 231
20.4375 -20.0000 0.1260 186 164 74
-11.0000 15.5000 1.3960 236 105 114
8.7500 4.5000 4.5990 68 147 244
15.1875 -4.0000 0.9390 225 117 166
2.8125 2.5000 5.4730 65 139 229
-16.3750 23.5000 2.8630 136 202 254
-13.5625 20.5000 1.8600 194 208 158
-0.7500 -17.0000 1.2980 241 138 95
19.9375 23.0000 0.1140 169 142 104
1.5000 -19.0000 1.2960 244 115 133
22.6875 21.0000 0.1080 196 131 114
-4.0000 -9.5000 0.1040 154 110 148
-8.6250 -13.0000 1.4370 235 117 73
8.2500 -3.5000 4.0060 95 171 254
13.1250 -3.0000 0.9530 214 87 186
-21.4375 2.0000 1.6670 185 181 90
-16.6250 9.0000 1.4970 229 124 88
-1.7500 -22.5000 3.1870 130 192 254
7.1875 -12.0000 0.2610 169 123 174
20.2500 0.0000 0.1180 156 102 216
21.5625 -13.5000 0.1010 158 180 82
-1.7500 18.0000 1.2670 244 89 128
-13.7500 24.5000 1.7620 204 173 135
8.9375 22.5000 1.2710 235 136 114
15.8750 3.5000 0.9620 235 67 174
-13.5000 22.0000 1.7430 205 189 126
-18.0625 -19.5000 5.4290 85 127 226
8.1875 -5.5000 1.7980 170 206 127
-3.3125 -25.5000 1.3810 229 107 134
-17.4375 -18.0000 5.9090 84 104 210
-1.3125 9.5000 5.7630 68 139 225
-23.3125 -16.5000 5.4620 78 118 228
-10.0625 2.0000 1.1750 221 130 119
-2.3125 -2.5000 1.1200 239 92 151
15.0000 17.5000 0.1230 176 129 157
-0.1250 4.0000 6.0630 47 120 235
24.7500 3.0000 0.1180 166 148 133
23.8750 -18.5000 0.1160 186 181 56
21.0000 -12.5000 0.1430 163 201 94
10.5000 -15.0000 0.1110 184 146 124
-1.8125 20.5000 1.2970 241 109 140
23.6250 -22.0000 0.1170 194 170 50
-7.1875 12.5000 4.2000 105 148 244
4.8125 -18.5000 1.2570 240 139 107
-18.9375 24.0000 1.7830 188 178 147
17.5625 23.5000 0.1160 169 143 132
-21.7500 19.0000 1.4370 238 113 97
-14.5000 10.0000 1.4780 232 119 83
2.0625 -20.5000 1.2960 254 85 142
-20.0625 -10.5000 1.5410 227 140 111
-13.2500 3.5000 1.3830 242 128 95
-12.1250 -21.5000 5.7770 80 114 219
-4.1875 20.0000 1.3400 249 97 141
3.5625 20.0000 1.3960 225 158 108
-16.3750 14.0000 1.4380 226 106 115
2.4375 -17.5000 1.2650 229 169 78
7.5625 -10.0000 1.0470 224 147 109
-14.0625 -16.5000 5.6910 82 110 217
-20.1250 10.5000 1.4570 230 147 93
14.3750 7.0000 1.0380 221 72 164
19.1250 -14.0000 0.1200 188 163 83
21.8750 -24.0000 0.1430 193 170 47
-17.9375 11.5000 1.4000 232 119 113
-13.1250 -12.0000 1.5090 244 129 85
9.1875 3.5000 4.4280 70 152 242
-24.6875 4.0000 0.2120 145 108 163
0.5625 19.0000 1.2750 247 112 136
15.6875 -4.5000 0.9050 226 119 166
-2.6250 2.0000 6.3280 58 112 226
-21.0000 14.5000 1.3380 241 101 101
-7.1250 10.5000 4.2810 100 141 236
-14.6250 -14.5000 5.2760 92 103 235
-18.3750 -3.0000 1.8510 164 211 96
15.1250 -7.5000 0.6780 211 113 188
1.0625 -5.5000 1.1850 229 129 118
-1.3750 -22.0000 3.1670 122 202 254
-9.4375 4.5000 1.2900 240 102 94
9.0625 -13.0000 0.5780 174 227 157
-2.5000 -16.5000 1.2980 246 103 107
-8.3750 -17.0000 5.1010 90 104 246
15.1250 -4.0000 0.9550 227 117 163
-20.6250 3.0000 1.6520 188 179 87
-13.8125 -3.0000 0.1200 154 109 141
9.8750 -5.5000 1.0420 229 96 154
-11.5000 16.5000 1.3860 236 106 120
-18.4375 22.0000 3.7260 118 151 254
-7.5625 17.0000 1.3570 253 100 131
-11.6875 -22.5000 5.5590 83 117 222
14.5625 -12.5000 0.1140 160 133 145
-11.6250 -9.5000 1.3560 219 154 30
-22.5000 -0.5000 1.6330 198 175 88
-24.8750 -11.0000 1.3710 221 90 125
10.0000 -6.5000 0.9850 225 90 159
2.1250 22.5000 1.7720 193 212 124
15.7500 -13.5000 0.1240 170 143 92
2.8750 -10.5000 0.1270 167 134 150
14.8750 11.0000 1.0290 221 135 154
-11.6875 -7.5000 0.6100 186 150 111
-4.7500 20.5000 1.3500 248 95 137
12.3125 6.0000 4.1080 79 152 254
-11.1875 -18.5000 5.7170 83 93 223
-5.8750 -9.0000 0.1140 157 131 111
12.8125 -7.0000 1.5090 221 199 97
-19.8125 4.0000 1.6490 201 168 83
17.8750 3.0000 1.1370 227 112 139
4.1875 0.5000 5.0500 75 125 227
4.8750 15.5000 1.1750 236 76 157
16.5000 15.5000 1.0200 202 204 80
23.4375 -25.5000 0.1100 184 169 20
15.6875 10.5000 1.1120 225 114 141
-14.5000 13.5000 1.4240 234 103 99
-21.6875 -5.5000 1.5380 223 125 105
4.5000 -9.5000 0.8660 186 173 127
16.0000 22.0000 0.1140 176 130 140
-22.4375 8.0000 1.4010 217 170 70
1.3125 -17.0000 1.4240 227 158 84
-7.5000 4.5000 4.5600 91 137 244
13.0000 5.0000 3.9210 89 148 254
-11.0625 -17.5000 5.5540 93 90 229
0.5000 19.5000 1.4150 231 153 122
-2.8125 -4.0000 1.1460 217 168 126
15.8125 -12.5000 0.1330 163 145 98
-21.5625 -0.5000 1.6430 200 152 100
22.0000 17.0000 0.3260 180 197 133
11.5625 -20.0000 0.1210 168 153 155
7.6875 -22.0000 1.3230 231 127 108
6.6250 0.5000 4.6000 77 143 230
-10.3125 -10.0000 1.5110 204 186 55
0.5000 -6.5000 0.8350 200 116 158
19.3125 4.5000 1.2060 226 129 118
22.8750 -15.0000 0.1220 175 189 73
-13.2500 -21.0000 5.7080 82 120 223
2.5000 -22.5000 1.2940 253 80 135
-20.9375 16.5000 1.4240 231 135 95
15.1875 14.0000 0.1210 183 117 202
1.0625 -2.0000 1.2250 238 112 126
21.6250 11.0000 0.1140 177 106 190
1.5000 10.5000 6.2600 67 139 209
-2.3125 23.0000 1.3580 247 109 129
19.2500 7.0000 0.9950 217 99 165
23.5625 -14.0000 0.1020 159 170 63
24.6875 14.0000 0.1110 173 138 152
14.2500 21.0000 0.1190 182 121 155
24.5000 9.5000 0.1160 160 127 145
-5.5625 3.5000 5.5190 65 131 234
16.6875 -20.5000 0.1120 183 152 90
22.5000 13.0000 1.0280 202 254 13
-4.1250 -17.0000 1.3210 247 97 107
8.5625 22.0000 1.2940 235 141 113
-2.0000 -5.5000 0.8150 201 153 149
21.5625 13.5000 0.1370 189 116 175
-17.6875 21.0000 3.8660 117 137 254
-3.7500 -17.5000 1.3440 245 105 102
11.6250 -16.0000 0.1190 168 177 98
18.5625 5.0000 1.2410 222 135 120
7.3125 15.0000 1.1870 236 92 143
3.6875 4.0000 5.4830 58 129 227
-1.9375 15.5000 1.2260 240 81 113
16.5625 -11.5000 0.1320 154 146 124
15.1875 -15.0000 0.1240 178 150 87
-2.8125 -24.0000 1.3840 246 117 125
12.8750 -12.0000 0.9600 219 122 141
0.0000 -13.0000 1.0950 221 197 91
-11.1250 -3.5000 0.1160 169 125 116
-14.1250 -6.0000 0.1530 150 119 149
3.5000 -21.0000 1.2480 242 67 131
-5.8125 -2.0000 1.1860 223 142 111
-3.2500 1.0000 1.2750 233 102 114
13.0625 -9.5000 0.9490 228 117 155
-13.4375 -1.5000 0.1150 157 140 135
12.9375 -7.5000 1.0040 236 112 162
24.3125 -23.0000 0.1450 190 175 37
-17.6875 -9.5000 1.4970 228 131 97
22.7500 -23.5000 0.1120 196 167 46
-18.1875 11.0000 1.3950 232 120 110
6.9375 13.0000 1.1690 244 71 130
-9.6250 8.5000 4.1360 95 151 236
-9.2500 -19.5000 5.6890 76 104 234
-23.5625 -1.5000 1.5740 208 137 102
-21.6250 2.0000 1.6490 186 181 89
18.1875 -16.0000 0.1150 187 147 80
11.8125 24.0000 0.9460 206 151 105
-3.7500 4.5000 5.7570 64 123 231
9.3125 -18.0000 0.1180 168 173 100
-11.0625 -1.0000 0.1280 165 133 124
-14.9375 3.0000 1.7610 196 178 93
20.0000 8.0000 0.9540 219 127 141
-18.6875 -14.5000 5.8230 88 102 218
-19.0625 -10.5000 1.4540 245 127 105
-22.1875 -25.5000 4.2870 116 119 235
9.0000 -8.0000 0.9700 231 117 158
-9.8750 2.5000 1.2030 229 141 119
-0.2500 24.0000 1.3530 235 123 130
20.0625 -2.5000 0.1210 179 136 190
-7.8125 -3.0000 0.5230 164 164 141
13.5000 -19.0000 0.1030 169 152 123
-13.6875 10.0000 1.4400 233 125 93
3.5625 -4.5000 1.0530 239 100 150
7.7500 -20.0000 1.1100 207 143 118
-8.8750 -3.5000 0.1320 159 149 141
-1.1250 17.5000 1.2580 244 93 138
19.0000 2.5000 1.0410 228 116 149
-8.9375 -8.5000 0.1090 145 127 139
19.6250 9.0000 0.9250 219 142 148
22.7500 -19.5000 0.1040 198 161 62
-0.2500 -14.0000 1.2110 221 187 87
3.6875 3.5000 5.4280 59 131 225
3.0625 2.5000 5.4150 71 125 224
-9.8125 -23.0000 5.7580 79 102 234
21.3750 -21.5000 0.1190 191 169 64
22.5000 5.0000 0.2110 157 118 197
20.5625 22.0000 0.1200 175 145 104
-1.1875 -9.5000 0.1830 154 116 143
6.1250 -22.0000 1.1380 237 67 126
21.0625 23.0000 0.1200 179 148 127
24.2500 11.0000 0.1190 176 148 134
3.8125 21.0000 2.6270 144 242 239
-12.1875 -18.5000 5.8750 75 92 226
-7.1250 18.0000 1.3230 254 94 140
-15.4375 -22.5000 2.0840 168 212 151
-12.1250 -3.0000 0.1210 165 130 113
-22.8125 -23.0000 1.3950 251 104 90
-8.6250 24.0000 3.9410 120 117 254
-17.0000 6.0000 1.5500 215 141 75
20.6875 2.5000 0.5440 184 157 170
-11.3750 10.5000 1.5030 222 144 85
22.9375 6.0000 0.4430 188 147 161
21.5000 -14.0000 0.1170 161 180 78
-5.1875 -22.0000 5.7320 78 113 250
-23.3750 -19.5000 1.3650 245 110 94
-20.2500 -21.5000 1.5160 230 143 75
-10.9375 4.0000 1.2250 239 94 102
-6.0000 23.5000 1.3640 245 98 136
13.1250 -18.0000 0.1360 170 185 81
9.0625 11.5000 1.1970 235 117 130
3.2500 9.5000 5.9850 57 128 240
-15.8125 -8.0000 1.4950 218 160 53
8.1875 -3.0000 4.0400 94 167 254
13.5625 3.5000 3.6720 96 158 254
-24.5625 20.0000 1.4490 237 118 117
-4.1250 10.0000 5.0520 79 138 229
21.0000 16.0000 0.3830 178 207 141
3.3125 19.0000 3.3680 120 191 254
7.4375 10.5000 1.1820 232 73 96
20.5000 1.0000 0.1920 155 133 194
-16.5000 24.5000 3.0220 134 189 254
-11.4375 0.0000 0.8610 179 170 97
15.4375 20.0000 5.9010 58 241 165
-21.6250 15.5000 1.3530 246 117 93
-21.3125 -9.0000 1.4340 232 90 103
-14.1875 -4.5000 0.1290 137 93 155
14.7500 16.5000 0.1240 172 129 201
10.2500 8.5000 4.6580 75 141 249
19.1250 -12.5000 0.1180 181 164 96
-9.5625 6.0000 4.2590 93 149 235
-3.0625 -14.5000 1.2250 222 155 82
12.6875 -13.0000 0.2140 167 140 157
19.1875 3.5000 1.2040 228 130 115
-20.0000 -2.0000 1.6630 182 182 84
19.1250 -13.5000 0.0910 187 156 89
-0.6250 0.5000 5.8830 65 132 224
23.1875 7.0000 0.4600 191 149 158
-14.9375 -10.5000 1.5120 236 123 76
-15.0000 15.0000 1.4220 228 110 104
-8.5625 -10.0000 0.9010 210 104 109
24.5000 -20.5000 0.1260 183 180 43
2.1250 -16.5000 1.2620 225 171 76
-23.1250 7.5000 0.6770 175 115 146
-9.8125 -15.5000 1.4530 236 108 98
-12.3125 -15.5000 5.2440 96 109 239
6.8750 12.5000 1.1440 245 68 130
1.5625 17.0000 1.1960 244 82 149
9.9375 -4.5000 3.5780 108 189 254
-3.5000 8.5000 5.4290 70 133 229
7.9375 2.5000 4.5980 74 145 236
-18.8125 -17.0000 5.9060 68 119 224
6.5625 -16.5000 0.1430 152 119 175
21.6875 -3.5000 0.8900 211 242 61
3.0625 19.5000 1.3390 236 135 121
11.6875 22.0000 0.2380 160 95 200
21.5625 -21.0000 0.1100 194 164 71
9.0000 18.0000 1.1530 244 108 132
-9.5000 0.0000 1.0030 216 126 148
-1.3125 -10.0000 0.1470 162 130 121
-8.1875 15.5000 1.3190 244 75 95
-21.6250 18.0000 1.4310 242 115 97
16.7500 -0.5000 1.0110 223 110 170
7.6875 -2.5000 4.1770 100 153 254
-9.0625 -10.5000 1.2900 232 140 57
21.7500 3.0000 0.2610 165 129 195
22.5625 13.0000 0.1560 191 117 166
23.1875 7.0000 0.3490 180 126 175
24.0000 -0.5000 0.1140 160 159 121
17.8750 21.5000 0.1110 161 155 141
-12.6875 4.0000 1.3240 249 116 98
23.1875 2.0000 0.1270 165 140 144
-19.4375 -4.0000 1.6450 191 184 102
-13.4375 9.0000 1.5010 226 143 86
-8.0625 23.0000 1.3900 246 107 129
6.4375 5.0000 5.0640 68 127 236
-17.9375 5.0000 1.5860 207 149 78
10.3125 -13.5000 0.4260 186 190 154
-18.7500 -19.0000 5.5110 84 127 227
-16.3125 12.5000 1.4450 236 114 101
-20.6250 -20.5000 1.6440 208 165 90
5.1875 17.0000 1.1870 237 103 151
1.8125 -14.0000 1.2090 198 182 78
4.3125 -9.0000 0.9130 191 170 126
-4.9375 3.5000 5.6270 69 114 238
-5.3750 3.0000 5.6250 66 129 228
10.8125 -25.5000 0.1130 160 106 183
15.3125 -17.0000 0.1330 200 173 78
-22.8125 -25.0000 1.4810 229 114 105
16.6250 5.0000 0.9960 224 68 169
-15.1250 12.0000 1.4290 239 108 95
-6.2500 2.5000 1.1980 223 89 124
5.7500 3.5000 5.0260 66 129 238
-23.3750 -16.0000 5.5330 84 123 227
7.8750 -24.5000 1.2090 227 110 90
12.3750 -5.0000 0.9690 234 85 183
4.8750 -17.5000 1.2410 224 159 90
-7.6875 10.0000 4.2570 101 140 235
2.5000 4.5000 5.6900 57 124 227
2.4375 15.5000 1.1920 253 88 164
-17.7500 -22.0000 1.7950 198 205 97
-20.5000 6.5000 1.6610 188 197 86
-8.5000 2.5000 1.1760 234 78 118
5.8125 -12.0000 0.1210 162 98 163
-20.1250 4.5000 1.6350 196 194 87
-19.8125 -10.5000 1.4630 238 128 110
-23.0000 -4.0000 1.5550 218 133 110
-5.5625 7.0000 5.1070 77 124 228
3.8750 -25.5000 1.2320 222 70 126
13.1250 -19.0000 0.1170 170 154 129
-17.9375 1.5000 1.6520 197 175 72
6.3125 -3.5000 4.3500 93 155 254
-1.4375 -3.0000 1.1180 237 85 148
-19.1875 -6.5000 1.4790 222 134 90
14.6250 12.0000 1.0580 226 155 132
18.0625 24.0000 0.1160 168 147 124
1.9375 2.0000 5.5680 67 141 225
24.1875 -10.5000 0.2110 170 172 76
6.8125 -17.0000 0.1220 150 118 171
5.3750 -4.5000 1.4830 208 179 99
20.7500 0.0000 0.1070 155 110 198
20.6875 -20.0000 0.1160 191 165 72
-7.3750 11.5000 4.2460 100 143 241
11.0625 -0.5000 3.7450 98 156 254
-19.9375 -24.5000 1.3960 236 113 91
19.9375 9.5000 0.6680 193 130 199
18.3125 11.5000 0.1220 165 113 195
-8.6250 0.5000 1.2080 226 136 102
19.8125 2.5000 0.9550 220 114 153
-3.5625 5.0000 5.7400 66 122 228
-6.5000 4.5000 5.2190 70 132 242
-11.1250 11.0000 1.5590 214 154 95
12.2500 -12.5000 0.6950 173 191 151
-8.8125 5.0000 4.4220 92 136 230
-0.1250 22.0000 1.3700 251 137 111
16.2500 2.0000 0.9730 222 82 190
13.0625 8.5000 1.0490 224 54 143
22.2500 24.5000 0.1210 172 145 107
8.5625 -3.0000 3.9850 94 169 254
-7.1875 23.0000 1.3650 249 104 134
14.5625 -5.5000 1.5560 208 210 78
-23.0625 1.0000 1.6450 186 180 92
2.3125 -23.0000 1.3080 251 83 135
22.8750 -17.0000 0.1290 184 163 95
-14.9375 24.0000 1.7580 203 173 134
-20.1250 -23.0000 1.4470 240 137 82
14.8125 -12.0000 0.1360 163 134 152
20.5625 23.5000 0.1180 169 144 98
8.3750 24.0000 1.2880 225 134 131
4.8750 21.5000 1.2980 240 135 115
-14.6250 -22.5000 5.2000 91 121 236
-5.4375 -8.5000 0.1070 158 128 112
2.5625 4.0000 5.6360 57 127 228
-2.3125 -13.0000 1.0030 210 158 112
6.6875 -10.0000 0.9630 215 170 107
22.0000 18.5000 0.1200 168 155 129
11.1250 -24.5000 0.2920 164 108 183
23.4375 -4.5000 0.7210 209 229 90
11.4375 -2.0000 0.8990 210 80 204
13.1875 17.5000 1.0910 233 181 85
14.9375 8.0000 1.0350 219 83 178
22.3750 -6.5000 4.8370 68 236 170
-9.0000 4.5000 1.3030 238 105 92
19.7500 -6.0000 0.8380 179 214 116
0.1875 23.0000 1.3110 249 121 124
13.5000 6.0000 3.8780 88 148 254
-3.5000 3.5000 5.9090 62 124 228
22.2500 20.0000 0.1130 178 137 119
-10.4375 2.0000 1.2070 226 138 118
15.0625 14.0000 0.1100 183 117 202
13.1250 -0.5000 0.9120 212 83 207
-5.0625 18.5000 1.3100 254 91 137
-19.5000 9.5000 1.4190 233 131 105
10.1875 21.0000 1.0090 229 96 147
-21.6250 22.5000 1.6680 212 190 100
-1.7500 1.5000 6.1780 60 115 223
-9.1875 -22.0000 6.0230 73 97 229
1.4375 4.0000 5.8170 53 122 226
18.6250 1.5000 0.9630 227 119 178
17.0625 6.0000 0.9790 211 80 177
12.6875 -1.5000 0.9320 213 86 199
-15.4375 -4.5000 0.1220 140 90 178
-23.2500 -15.5000 5.7450 78 124 228
12.6875 -24.0000 0.1430 152 139 151
-20.2500 -24.0000 1.4050 239 118 92
-3.1875 -1.0000 1.2090 236 101 149
20.8750 -4.5000 0.8950 211 236 71
-23.2500 12.5000 1.4400 234 132 96
-21.1875 1.5000 1.6530 191 179 86
-3.2500 -7.0000 0.1080 151 112 150
13.6250 -1.0000 0.2890 174 91 250
-12.1875 -9.5000 1.4820 224 149 57
-13.6250 0.0000 0.1160 141 114 140
-9.0000 18.0000 1.3610 241 91 122
15.0625 7.0000 1.0120 225 69 164
11.5625 -17.5000 0.1210 174 174 88
-14.6875 0.0000 0.1240 170 108 169
0.5000 -21.5000 1.3850 248 109 134
20.7500 15.0000 0.1180 169 156 155
-23.9375 -10.5000 1.3800 230 99 115
7.4375 11.5000 1.1300 235 60 121
-19.4375 14.5000 1.3730 235 103 104
21.3750 -12.5000 0.1420 153 193 85
-10.0000 18.0000 1.3540 239 89 128
13.6875 -11.0000 0.3130 181 119 204
13.4375 -6.0000 1.0110 243 88 158
20.5625 4.0000 0.9250 203 156 104
-17.1250 -25.0000 1.4410 219 126 75
21.1875 -10.0000 0.3950 166 205 92
-9.7500 -24.5000 5.3620 90 99 237
20.3125 -1.5000 0.1710 157 106 203
-4.6875 19.0000 1.3370 251 104 140
12.7500 9.5000 1.1170 231 78 131
-2.6875 2.0000 6.2280 58 113 228
17.9375 -1.5000 0.9150 205 149 181
-17.5000 12.0000 1.4250 233 118 101
-18.5000 -19.0000 5.5160 83 126 226
-13.5000 -21.5000 5.6170 87 120 221
20.1250 24.0000 0.1190 166 147 100
-9.1875 -23.5000 5.7090 81 100 234
-12.1250 20.0000 3.7030 121 133 254
-12.4375 -11.5000 1.4900 236 143 59
-13.5000 5.0000 1.4320 243 122 89
23.0625 -11.5000 0.2220 176 174 78
16.4375 -11.0000 0.1120 154 142 135
-21.8125 -14.5000 6.1200 69 103 224
-17.3125 21.0000 1.7570 196 180 134
-5.3750 19.5000 1.3410 251 95 136
-3.3750 -16.5000 1.2960 249 95 109
17.6250 -5.0000 0.8740 201 169 140
-6.6250 -24.5000 5.7740 88 110 240
-4.4375 2.0000 5.8940 65 119 234
-3.1875 12.5000 5.0900 73 142 243
-15.0000 -5.0000 0.1190 140 90 170
5.0000 23.5000 1.2650 238 137 127
-5.7500 24.5000 1.3580 238 95 148
-19.1250 12.0000 1.3060 247 91 107
-20.3750 13.5000 1.3070 245 108 111
-16.6875 -3.5000 0.1160 159 85 182
17.9375 17.0000 0.5410 189 198 137
-12.4375 15.5000 1.3880 243 106 117
19.7500 19.0000 0.4610 185 199 115
7.2500 -25.0000 1.3340 223 125 83
-5.3750 9.5000 4.5060 95 142 223
14.0625 5.5000 3.7850 102 168 254
-1.6875 5.5000 6.0690 69 125 210
9.3750 11.5000 1.1480 240 106 138
17.0000 -18.5000 0.1190 194 175 73
-4.5000 -17.0000 1.3480 242 101 108
-16.3125 14.0000 1.4220 229 102 114
24.7500 -15.0000 0.1220 175 193 57
-24.0000 1.0000 1.9350 152 191 138
10.3125 11.0000 1.1120 235 78 133
-10.2500 13.0000 1.5400 222 144 97
10.7500 8.0000 4.5300 80 140 242
-5.3750 -2.0000 1.1430 222 135 119
-24.3750 -9.0000 1.3970 233 98 119
-16.8750 -2.5000 0.1160 153 87 189
-21.9375 20.5000 1.4750 238 133 78
4.2500 -24.5000 2.0380 154 189 167
-14.0625 -8.5000 1.4120 206 149 55
16.1250 0.5000 1.0760 229 107 156
-5.6875 4.0000 5.4530 66 131 235
15.8750 -19.0000 0.1110 189 155 87
-19.5000 -10.0000 2.2930 164 185 208
-11.2500 7.0000 4.0350 96 131 234
3.7500 -3.5000 1.1250 234 90 130
22.9375 -3.5000 0.0750 158 171 151
-14.9375 20.5000 1.7450 200 186 124
16.2500 -5.0000 0.8540 220 121 172
-21.5000 16.5000 1.4130 235 133 95
-4.0000 0.5000 1.2020 232 83 128
-21.0625 22.0000 4.7150 84 134 253
18.8750 -10.0000 0.1070 170 168 132
16.5000 -6.5000 0.2260 173 127 208
14.7500 7.0000 1.0120 223 68 166
-17.7500 9.5000 1.4650 232 136 99
-8.8750 -11.5000 1.8540 173 217 81
11.0625 -14.5000 0.1600 180 145 129
0.1875 -19.0000 1.3080 250 108 108
4.0000 4.0000 5.3960 60 131 227
16.8750 6.5000 0.9560 213 70 168
15.1875 -3.0000 0.9700 226 110 185
-16.3125 -20.0000 5.5400 85 115 226
9.0625 7.5000 4.8060 66 159 252
2.7500 12.0000 6.3150 66 131 236
-24.8125 9.5000 1.1800 201 145 131
-14.5000 11.5000 1.4530 230 112 89
-21.3125 -12.0000 5.4230 81 106 236
13.9375 15.0000 0.1180 172 120 201
-2.8750 -20.0000 1.3920 247 127 94
-14.4375 6.0000 1.5180 231 126 72
-5.7500 -22.5000 6.0080 73 115 243
-7.8750 -5.0000 0.1150 151 133 108
5.3750 9.0000 5.5560 78 124 234
1.5000 -15.5000 1.2530 223 162 81
14.5000 -22.0000 0.1030 156 170 129
21.3125 -0.5000 0.1130 156 113 195
-6.0625 -9.5000 0.1300 153 112 150
-16.1250 -0.5000 0.0990 160 106 189
23.3125 -1.0000 0.1210 159 152 130
-11.9375 -8.0000 0.7370 194 157 97
-10.2500 19.0000 1.3600 236 91 133
4.6250 -8.0000 1.0980 213 158 114
-15.5000 -12.5000 1.6900 217 149 102
-20.1875 1.5000 1.6530 197 182 78
-12.6875 20.5000 1.7470 211 192 123
-22.1250 13.5000 1.4650 235 142 91
4.4375 7.0000 5.5820 64 129 232
-8.0000 -13.0000 1.3530 232 118 71
-1.6875 -3.5000 1.1020 224 105 139
1.9375 20.5000 1.4130 229 157 114
-13.8125 -7.0000 0.7270 198 143 90
16.5000 -12.5000 0.1270 162 169 104
-0.1250 15.5000 1.2280 251 89 132
9.0000 -20.5000 1.0570 214 169 108
2.7500 9.5000 6.0330 58 127 240
-11.9375 4.0000 1.2530 250 105 104
13.2500 20.5000 0.1590 167 121 179
15.6875 -7.0000 0.3850 185 119 203
-11.0000 10.5000 1.6610 201 186 94
15.3125 -18.0000 0.1140 184 166 83
-24.5000 -15.0000 1.3170 241 90 118
-4.5000 8.5000 5.2070 75 136 233
0.9375 -10.5000 0.1100 165 125 117
-12.2500 -22.5000 5.6080 81 118 226
-16.0000 -2.0000 0.1290 157 112 180
-13.8125 22.0000 1.7720 210 197 121
17.8125 -6.0000 0.1230 176 124 185
-6.7500 23.0000 1.3580 248 96 138
-16.3750 -22.5000 5.1190 94 125 243
7.5000 -4.0000 4.0760 91 180 254
-0.6250 11.5000 5.6990 73 130 231
-6.0625 20.0000 1.3530 246 97 138
23.1875 -12.5000 0.1330 164 170 67
1.0000 -9.5000 0.1140 170 137 129
16.9375 12.5000 0.1160 168 102 175
-0.6875 -20.0000 3.4780 127 182 254
-15.6250 -22.0000 5.2360 89 123 241
20.7500 -6.0000 0.7100 189 232 130
-22.5000 -4.0000 1.5370 215 128 109
-13.7500 -19.0000 6.0600 79 111 197
15.8750 20.0000 0.6250 179 228 82
-1.0625 19.0000 1.2570 244 104 146
10.1875 -23.0000 1.0500 234 119 125
-5.2500 -10.0000 0.1170 154 111 146
18.6250 14.5000 0.1140 176 123 135
19.0625 -23.0000 0.1100 193 163 74
24.6250 -20.0000 0.1060 182 179 42
15.8125 6.0000 1.0170 225 74 156
-16.4375 23.0000 3.8480 119 147 254
7.5000 9.0000 5.2190 81 117 243
-13.4375 -12.5000 1.5190 242 130 88
20.8125 -9.0000 0.3530 179 185 126
22.6875 13.5000 0.9920 200 254 22
15.1875 9.5000 1.0230 222 93 157
21.3750 13.0000 0.1490 190 118 176
10.8750 24.5000 6.0550 68 189 181
0.6250 17.5000 1.2360 247 87 143
-10.0000 -24.5000 5.3760 94 91 233
-11.8750 0.0000 0.1810 153 116 146
15.1250 -13.0000 0.1020 163 139 100
-18.6875 -15.0000 5.9180 89 101 212
-15.5000 -6.5000 0.8860 212 89 96
-5.5000 -16.0000 1.3390 247 83 119
2.2500 -22.0000 1.3410 245 91 139
5.9375 22.0000 1.2750 248 129 116
-23.8750 -23.5000 1.3920 239 98 104
3.5000 -22.0000 1.2890 249 82 129
23.3750 16.0000 0.1120 176 152 134
-11.8125 -17.0000 5.5830 87 107 229
-23.6250 2.5000 0.2140 159 89 163
-2.6875 -13.0000 0.3810 183 108 170
-24.8125 -6.0000 1.4450 226 93 115
0.4375 -6.5000 0.8490 202 164 120
-7.9375 16.0000 1.3420 250 99 122
4.3125 -19.0000 1.2610 243 93 137
12.2500 -21.0000 0.3770 177 163 164
1.6250 -18.0000 1.2780 241 115 93
-22.5625 18.0000 1.4180 242 111 103
-2.0625 -4.0000 1.1130 213 162 131
14.3750 22.0000 0.1130 171 134 145
22.3125 -15.5000 0.1200 180 164 105
-12.9375 20.0000 1.7110 212 203 131
-22.5625 22.5000 4.6900 87 140 254
-19.7500 0.0000 1.7020 189 164 88
7.0625 -5.0000 1.7600 183 209 122
-10.1875 2.0000 1.1940 226 137 121
19.2500 -24.0000 0.1160 191 164 65
-12.1875 23.5000 1.7250 200 181 128
-20.6250 -17.5000 5.5200 87 129 216
3.3125 17.0000 1.1860 248 90 171
-14.1875 -18.5000 6.1340 78 111 195
-9.7500 -11.0000 1.5250 212 183 53
-18.5625 13.5000 1.3740 241 105 107
22.6875 -8.0000 4.4050 73 254 168
-15.8125 6.0000 1.5300 233 135 73
-24.4375 -11.5000 1.3590 229 87 118
18.7500 8.5000 0.9360 219 137 147
8.5000 9.5000 5.0920 76 138 253
20.9375 18.5000 6.4100 55 252 93
-7.9375 -3.5000 0.1310 158 149 134
0.2500 5.0000 6.1070 49 117 232
-9.6250 1.0000 1.2130 228 136 103
11.2500 3.5000 4.0770 82 151 254
-23.9375 -15.5000 1.3460 243 96 110
9.1875 -19.5000 0.8450 206 182 132
16.0000 14.5000 0.1090 181 115 185
-19.3750 -25.0000 1.4170 228 116 89
17.8125 -23.5000 0.1330 188 172 76
-18.1250 -5.5000 1.6030 201 180 80
-18.8750 -9.0000 1.4710 239 124 104
-18.1875 -6.5000 1.4700 225 139 104
-12.6250 0.0000 0.5160 160 138 158
23.2500 -7.5000 0.7650 209 202 95
0.6250 -8.0000 0.2490 167 132 168
16.6250 -3.5000 0.9560 226 119 161
17.9375 18.0000 6.3550 55 232 138
8.0000 -2.0000 4.1740 92 154 254
17.0625 19.5000 0.4850 176 207 121
-24.6875 -2.0000 1.6570 208 176 109
-12.3750 -24.0000 5.1660 95 121 225
-2.5625 -6.0000 0.8240 201 158 147
8.5625 -20.0000 1.0530 212 173 112
-11.0625 -11.0000 1.7200 208 187 74
-10.8125 -16.5000 5.3080 97 99 240
24.5625 18.5000 0.1110 158 167 91
-5.5625 -12.0000 1.0040 214 118 103
3.1875 11.5000 6.1670 71 131 231
-21.0000 -10.0000 1.3750 239 100 106
-13.3750 -21.0000 5.7360 82 119 223
-11.2500 -7.5000 0.5520 180 148 112
13.8125 -3.0000 0.9610 219 84 178
-10.0000 -4.5000 0.1170 151 142 127
23.1875 19.5000 0.1180 165 145 107
-13.8125 19.5000 3.9590 110 140 254
5.5625 -11.5000 0.1330 168 88 185
7.1875 15.5000 1.2740 236 115 131
-11.6250 8.5000 1.7960 196 191 101
0.1875 12.5000 5.7790 72 132 233
23.6875 23.0000 0.1180 182 130 98
23.3125 9.0000 0.1130 161 117 163
18.3750 13.5000 0.1230 157 116 184
-1.3750 23.0000 1.3580 250 124 129
14.2500 -6.0000 1.5320 215 192 93
12.8750 23.0000 0.1370 157 89 181
-22.4375 13.5000 1.4530 235 137 94
17.1250 -3.5000 0.7690 199 120 200
-1.1875 -10.5000 0.1000 158 126 121
-10.1875 -12.0000 1.5360 223 150 78
-6.9375 6.0000 4.5400 93 145 228
16.7500 16.5000 0.1350 177 115 182
-5.9375 6.5000 5.0900 77 125 228
-7.1250 -1.5000 1.1160 218 131 122
11.6250 -1.5000 0.9280 212 83 200
-11.6875 -20.0000 6.1760 70 84 221
23.9375 -3.0000 0.1270 160 181 135
24.6250 12.0000 0.9230 178 248 25
8.7500 -14.5000 0.1300 191 117 150
8.0625 16.0000 1.3230 224 142 120
-7.3125 -23.5000 5.9820 81 112 239
-18.9375 2.5000 1.6650 201 179 82
11.6875 20.5000 0.2340 170 110 199
-15.1875 2.0000 1.4450 201 164 67
19.3750 3.0000 1.1000 228 114 137
20.0000 21.0000 0.1150 168 152 121
-22.3750 0.0000 1.6470 194 170 85
14.2500 -15.0000 0.1120 173 150 93
-12.8125 1.5000 1.2970 216 164 72
-8.5625 -2.5000 0.6900 183 181 121
-24.0625 -21.5000 1.3610 241 99 116
-10.7500 -3.5000 0.1130 161 136 128
-16.8750 8.0000 1.5090 229 142 89
21.8125 -12.0000 0.1200 175 178 81
-20.0625 12.5000 1.2880 242 86 114
-24.0000 -3.0000 1.5490 216 124 122
9.1250 23.0000 1.2600 229 133 117
-13.0000 -15.5000 5.2980 98 110 241
-12.3750 -4.5000 0.1250 162 145 112
-22.0625 22.5000 1.7120 207 200 108
3.0000 13.5000 1.5330 208 184 110
17.0625 -23.0000 0.1110 176 164 93
14.5000 6.5000 3.8070 92 167 254
-24.8125 -19.0000 1.3530 233 110 121
-11.3125 -10.0000 1.4610 215 166 42
21.8125 -9.0000 0.3080 187 155 114
5.3125 10.0000 5.6610 75 123 235
11.6250 22.0000 0.4990 180 138 174
-12.2500 5.5000 1.3370 237 112 99
-5.0625 -16.0000 1.3310 244 81 121
-5.6875 -1.0000 1.1910 217 136 119
-0.8750 -19.5000 1.3700 241 124 101
2.5000 -8.0000 0.8080 200 133 167
7.0000 2.0000 4.7110 77 134 226
-2.6875 1.5000 6.3540 56 113 228
-10.6875 15.5000 1.4070 234 98 102
1.8125 -21.5000 1.3230 254 96 151
-13.6250 -11.0000 1.5120 231 145 67
1.6250 23.5000 1.3160 238 128 135
-23.3750 -24.0000 1.3720 243 94 100
-11.1250 -7.5000 0.1640 165 102 128
20.1875 11.0000 0.1120 155 116 164
-13.8125 15.5000 1.3690 235 98 127
-0.3750 11.0000 5.8320 72 130 226
-5.8125 2.5000 5.5710 71 115 241
-0.3750 -22.5000 3.1980 129 186 254
-1.1250 13.0000 5.4440 78 140 249
-14.0000 -2.5000 0.1150 154 112 147
-3.7500 -7.0000 0.1520 151 122 150
-19.3750 -7.5000 1.4750 236 128 107
22.2500 9.5000 0.1120 182 99 185
-23.0000 -21.5000 1.3920 245 111 103
8.6875 -3.0000 3.9710 94 162 254
-7.0000 7.5000 4.4740 94 148 238
18.2500 20.5000 0.1110 166 149 151
7.8125 8.5000 5.1090 87 123 229
-4.5000 -21.0000 5.4940 91 122 251
-4.0625 13.0000 1.2430 239 72 99
1.1250 13.5000 5.8800 76 126 225
-18.8125 -8.5000 1.4760 240 127 103
2.7500 -19.5000 1.2760 254 92 133
-4.1875 -24.0000 1.3810 232 96 125
4.9375 0.5000 4.9240 81 127 229
-21.8750 19.5000 1.4400 235 113 98
15.1875 12.5000 0.7580 206 132 186
13.1875 -2.5000 0.9400 214 86 191
2.7500 -8.0000 0.8350 204 133 162
-21.6250 -10.5000 1.4340 236 120 95
-0.8750 5.0000 6.3390 50 127 218
-4.0000 16.5000 1.2450 240 79 123
10.1250 -19.0000 0.1090 173 113 171
-22.6875 -14.0000 1.4950 237 142 99
24.6875 12.5000 0.1460 168 163 126
-0.8750 -18.5000 1.3610 238 129 98
-9.0625 -21.5000 6.1420 72 93 225
4.8125 15.0000 1.1780 239 83 158
-15.3125 11.5000 1.4490 233 111 89
8.9375 17.5000 1.1010 241 101 141
-9.8125 -18.5000 5.5470 81 101 235
-14.4375 -8.0000 1.4580 220 151 41
-5.1875 -18.0000 1.3970 238 98 102
-21.5625 6.5000 0.5040 176 98 158
-1.6250 2.0000 6.1590 55 133 235
5.8125 3.0000 4.9890 67 129 236
-19.9375 -10.5000 2.2710 164 184 203
1.7500 2.5000 5.6570 63 139 226
-13.3750 -4.5000 0.1160 156 148 118
2.3125 8.0000 5.9960 58 127 242
-3.2500 7.5000 5.5460 67 146 212
23.3750 -3.5000 0.1130 160 175 147
7.6250 24.0000 1.2870 227 129 130
-4.0000 -5.5000 0.6870 191 154 165
-13.6250 -6.5000 0.4010 170 139 132
-24.3125 -17.0000 1.3650 227 108 122
-14.8750 13.0000 1.4230 238 105 96
16.5625 4.5000 1.0290 230 79 166
4.3750 23.5000 1.2750 237 135 125
17.7500 -6.0000 0.1560 177 125 187
12.8125 -6.5000 1.4650 224 188 102
11.5000 -13.0000 0.6750 170 190 153
-4.0625 20.5000 1.3430 249 99 140
2.0000 0.0000 5.3770 72 132 228
-24.1250 -23.0000 1.3750 240 93 105
-21.8750 24.5000 5.0130 95 134 244
-12.4375 -16.0000 5.3490 93 110 241
16.5625 -12.5000 0.1180 162 167 104
-7.3125 -21.5000 5.9160 80 101 254
-16.0000 -15.5000 5.6620 81 111 230
-23.3125 13.0000 1.4320 234 129 99
-12.2500 -3.5000 0.1220 160 145 112
-17.0625 -17.0000 6.1530 76 92 222
23.7500 -3.0000 0.1230 160 180 138
21.1875 -18.5000 0.1100 187 163 76
-1.3750 -6.0000 0.8240 190 143 141
-23.7500 18.0000 1.3860 232 108 121
19.9375 -25.0000 0.1160 177 154 46
20.2500 -9.5000 0.3920 178 220 118
7.2500 17.5000 1.7480 182 201 132
-22.4375 -6.0000 1.5180 223 117 105
15.6250 9.5000 1.0450 224 98 150
-18.8125 8.0000 1.5000 214 145 88
-24.2500 23.5000 4.7340 105 133 242
6.1250 6.0000 5.2010 68 136 242
-24.1875 9.0000 1.3000 207 154 105
-8.5000 4.0000 1.3020 237 106 92
-24.1875 -18.0000 9.9320 65 70 182
7.9375 19.5000 1.3000 237 138 129
19.1250 -24.0000 0.1160 191 164 65
-6.1250 -5.5000 0.0960 173 103 130
-16.7500 24.5000 3.7690 114 157 254
-2.9375 -22.5000 1.3630 254 115 123
17.5000 5.0000 1.0850 219 107 165
-13.3125 -14.0000 1.7790 211 166 110
-9.0000 23.5000 3.9220 125 114 254
14.6875 8.5000 1.0440 220 84 179
5.0000 -1.0000 4.7380 89 142 232
-23.5000 -24.5000 1.3720 237 91 105
11.1250 -7.0000 1.8830 183 233 142
-12.3125 15.5000 1.3910 243 107 116
-1.7500 16.5000 1.2490 239 71 120
-3.8750 17.5000 1.2830 243 92 133
-12.4375 -10.5000 1.5240 229 158 57
-22.1875 -12.5000 1.4220 240 116 103
-15.3750 -20.5000 5.6250 82 112 219
-16.1875 15.0000 1.4430 224 118 107
23.0000 1.5000 0.1150 152 117 164
10.0000 -3.0000 3.7050 107 168 254
10.0625 -23.5000 1.0260 230 117 128
-16.0625 17.0000 1.4540 229 118 114
-14.8125 -20.0000 5.7790 79 111 213
-18.0000 23.5000 1.7700 193 183 141
22.0625 9.0000 0.1710 181 108 178
24.4375 0.5000 0.1090 161 165 118
24.9375 16.0000 0.1160 163 173 85
0.7500 14.0000 5.7780 83 137 226
-9.0625 0.0000 1.1030 221 131 125
-14.5000 23.0000 3.2910 136 181 254
12.6250 8.0000 1.0740 219 65 145
1.3750 19.0000 1.2220 243 98 144
20.6250 -9.0000 0.3740 179 190 126
15.0625 -8.0000 0.6320 207 113 191
0.1875 -16.0000 1.2640 241 135 96
7.4375 -21.5000 1.1710 224 128 106
-5.0000 4.5000 5.4950 69 128 228
18.0000 16.0000 6.1150 57 226 151
16.4375 -1.0000 1.0100 225 123 179
12.0625 -16.0000 0.1230 172 173 95
-21.1875 5.0000 1.9110 154 225 133
-15.6250 -3.0000 0.1210 157 108 168
6.0000 -7.0000 0.9310 218 121 153
-5.9375 -7.5000 0.1290 159 128 119
-6.1875 13.0000 1.4130 234 134 101
6.0000 5.0000 5.1320 68 126 235
-4.4375 18.0000 1.2980 245 83 129
6.6250 20.0000 1.3110 237 132 116
-9.4375 20.0000 1.3500 234 89 138
11.3750 -6.0000 0.9680 217 105 186
0.5000 2.0000 5.7910 65 128 219
-1.1250 -4.0000 1.0880 222 114 154
1.8750 17.5000 1.1880 244 103 160
-5.8750 -11.0000 0.9880 208 150 78
0.6250 11.0000 6.0180 71 129 216
-24.7500 -15.0000 1.3340 239 92 119
13.3125 12.0000 1.0830 228 106 134
-21.0000 -13.5000 5.8370 70 105 225
-13.5000 21.0000 1.8340 197 198 139
9.6875 15.5000 1.2420 233 134 121
11.3750 -17.5000 0.1110 166 158 147
-21.2500 21.0000 1.5000 237 142 78
-2.5000 -12.5000 0.2480 173 100 164
16.2500 -13.0000 0.1200 166 140 93
20.9375 -24.5000 0.1210 178 151 40
25.0000 -3.5000 0.0920 162 176 131
-21.9375 -11.5000 1.4350 234 119 92
7.8750 -10.0000 1.0380 224 148 114
2.1875 7.5000 5.9650 60 122 236
22.6250 -25.0000 0.1470 187 171 32
-14.1875 5.0000 1.5390 226 144 77
9.3125 -24.5000 1.0980 226 119 117
19.1875 21.5000 0.1130 167 150 132
17.9375 8.0000 0.9840 217 109 169
-7.6250 -21.0000 5.9140 80 99 254
-6.5625 15.0000 1.2770 254 87 117
-15.1250 -15.0000 5.4670 89 114 239
-10.6250 18.0000 1.3630 233 82 119
22.3125 18.5000 0.1450 170 155 124
4.9375 -3.0000 1.1840 229 87 112
6.6250 24.0000 1.2750 229 126 133
-7.5625 -0.5000 1.1710 214 122 115
-16.9375 -4.0000 0.1020 156 72 187
-6.5000 -18.0000 1.4610 235 112 101
5.6875 -9.0000 0.9410 216 128 135
10.2500 -2.0000 3.7840 105 164 254
-16.5000 -5.0000 0.7650 179 125 113
1.7500 23.5000 1.3190 238 129 135
-18.8750 -20.5000 5.1930 90 131 224
-7.1250 12.0000 4.2130 103 149 241
22.6875 -2.5000 0.1080 158 154 158
-7.5000 19.5000 1.3460 243 93 132
-10.0625 16.5000 1.3660 240 86 102
18.8750 -17.0000 0.1160 191 142 74
3.2500 -2.0000 5.0190 82 137 254
-21.6875 -24.0000 1.4100 250 105 87
-21.6875 -12.0000 1.4390 231 118 92
3.5625 -21.5000 1.2500 249 70 135
-17.8750 3.5000 1.6610 207 165 74
6.3750 7.0000 5.2470 66 134 245
23.2500 19.0000 0.1060 165 144 107
-1.1250 15.5000 1.2320 247 86 136
10.0000 -9.5000 1.6060 189 213 119
-1.9375 20.5000 1.2920 241 108 141
0.4375 3.0000 5.8950 51 123 231
18.6250 10.5000 0.5150 182 119 219
2.0625 10.5000 6.2520 60 117 237
-24.2500 -6.5000 1.4710 228 99 106
-16.8750 -15.0000 5.6830 81 116 232
-6.2500 -1.0000 1.1510 218 130 122
4.5000 -24.0000 1.8850 164 185 142
-21.9375 14.0000 1.4530 232 136 95
2.6250 -22.0000 1.2920 251 77 138
-6.8750 -19.5000 5.4360 83 111 254
8.3750 -6.0000 1.7880 179 210 114
19.3125 -13.0000 0.1300 183 168 90
-15.8750 1.5000 1.9230 160 215 113
15.4375 21.5000 0.1160 179 136 144
-0.4375 20.5000 1.9540 182 218 157
4.0625 12.0000 6.0280 69 135 231
-18.1250 14.0000 1.3920 229 95 110
-12.6875 -12.5000 1.5270 235 120 81
11.4375 7.0000 4.3540 76 152 254
20.9375 5.5000 0.9580 210 160 113
-24.5625 -19.5000 1.3270 250 107 120
-17.3750 4.5000 1.5800 212 146 69
23.2500 -25.5000 0.0940 184 166 21
-18.3125 17.0000 1.4610 222 112 103
16.1875 24.5000 0.1110 169 134 139
-19.0000 -23.0000 1.4510 245 141 71
-5.8125 20.5000 1.3500 254 94 123
7.3125 -2.0000 4.2780 94 146 242
-14.2500 15.5000 1.3620 229 93 111
-0.5000 -3.0000 1.1530 239 90 144
8.6250 -21.5000 1.0880 232 110 135
-9.8125 4.5000 1.2870 239 100 96
8.4375 -7.0000 0.9120 223 107 175
8.5000 15.5000 1.2540 232 131 124
2.8125 13.0000 1.3960 228 149 119
-4.1875 -3.0000 1.1640 221 152 141
4.3750 13.0000 1.1630 238 93 151
14.3125 -13.5000 0.1150 164 147 100
16.1250 -4.5000 0.9130 225 123 162
1.5625 2.0000 5.6270 71 145 211
12.7500 4.0000 3.8600 88 156 254
6.5000 14.0000 1.1620 237 67 142
-8.0000 -25.0000 5.5070 92 92 241
3.2500 -1.0000 5.0560 84 134 252
-19.0625 -23.0000 1.4330 247 136 72
25.0625 -21.5000 0.1170 184 176 40
22.8750 -17.5000 0.1190 184 161 89
-13.2500 22.0000 1.7140 209 188 121
10.1875 -18.5000 0.1180 171 116 168
-20.8750 -13.5000 5.8240 71 105 223
6.5000 6.0000 5.1500 68 138 241
-23.6250 -15.5000 1.3570 244 99 107
12.6250 2.5000 3.7740 93 147 254
-13.7500 2.0000 1.4360 211 170 75
0.3125 -0.5000 5.6540 82 128 232
-21.1250 -14.0000 5.9900 69 104 222
-2.6875 -19.0000 1.3660 247 121 102
-10.6250 -24.0000 5.4620 89 93 236
-4.3125 -12.5000 0.7730 182 155 122
-24.2500 20.0000 1.4380 239 116 115
20.5000 -1.5000 0.1160 154 144 195
19.3125 -16.0000 0.1200 188 145 75
11.4375 21.5000 0.3970 174 118 185
21.2500 -11.5000 0.0750 172 182 85
-19.0000 20.0000 1.5380 227 138 106
-11.1875 -20.0000 6.0930 74 85 219
21.7500 0.5000 0.1200 151 117 186
-4.7500 -24.0000 6.1400 80 97 241
-3.5625 10.0000 5.2460 74 134 230
7.3125 -2.0000 4.2650 94 146 242
9.3750 9.5000 4.8960 73 144 254
16.9375 -4.5000 0.8530 213 127 167
0.0625 14.0000 5.6100 77 135 241
7.4375 23.5000 5.8630 75 166 223
-4.0000 14.5000 1.2390 241 83 118
-3.6250 -15.5000 1.2490 243 82 127
-17.0625 -20.0000 5.4650 96 110 228
-7.2500 -14.5000 1.3750 238 124 91
-11.1875 6.5000 4.0620 97 130 232
16.7500 15.0000 1.0260 200 204 78
2.8750 20.0000 1.4540 225 178 99
21.8750 -6.0000 4.8530 71 236 170
3.0000 -7.0000 1.1200 216 153 120
2.8750 8.0000 5.8960 60 122 236
15.8125 -6.5000 0.4920 190 119 201
-11.1875 20.5000 3.9010 118 119 254
11.6250 10.0000 1.1040 226 73 141
13.8750 -11.5000 0.1310 160 125 180
17.3750 10.0000 1.0090 222 142 139
-14.3125 3.0000 1.6750 193 167 97
-10.3125 -23.5000 5.5540 85 102 235
-21.8125 -16.0000 5.7110 70 118 229
-16.3125 -23.0000 1.5590 224 168 83
4.3125 -10.5000 0.3400 169 163 156
8.6250 -1.0000 4.1130 95 154 254
7.6250 -20.5000 1.1200 216 130 116
23.6250 10.0000 0.1090 182 110 161
-17.6250 -9.5000 1.5120 227 134 97
1.8125 -16.0000 1.2810 227 167 76
10.3125 -9.0000 1.6200 188 212 119
-11.4375 24.5000 2.6240 140 186 235
-2.6250 9.0000 5.5530 69 132 222
-6.6875 -4.0000 0.3820 173 157 152
9.6250 15.0000 1.3880 223 158 105
21.7500 -13.0000 0.1460 159 189 82
-10.2500 -3.5000 0.1160 163 133 126
-11.8125 22.5000 1.7270 206 191 120
-7.6250 5.0000 4.5270 91 141 227
-8.1875 2.5000 1.1960 233 81 115
3.6250 -18.5000 1.2640 246 95 139
-4.1250 1.5000 1.2480 230 92 124
-7.9375 10.0000 4.2310 92 151 228
7.0625 13.5000 1.1640 240 71 134
-9.5000 -2.0000 0.5570 176 174 142
8.6250 -4.5000 3.8500 100 184 254
-8.5625 -24.5000 5.6040 91 87 239
-8.3750 0.5000 1.2130 224 136 101
11.3125 -13.5000 0.7240 172 192 145
6.4375 7.0000 5.2320 66 135 246
12.1250 21.5000 0.2550 164 98 196
6.9375 10.0000 5.3770 75 124 238
14.0625 5.5000 3.7510 104 169 254
-23.4375 12.0000 1.4670 224 138 94
6.3750 -19.0000 1.2420 226 152 88
-13.1250 -13.5000 1.7270 217 160 101
-22.9375 -0.5000 1.6380 197 174 92
8.0625 19.0000 1.3000 233 131 123
11.0625 1.5000 3.9540 84 154 250
5.5000 -3.5000 1.4040 221 160 104
10.5625 8.5000 4.6250 76 139 246
16.1875 9.0000 1.0460 221 101 148
-10.4375 0.0000 0.9640 200 175 146
-19.8750 0.0000 1.6760 191 161 85
23.0625 -5.0000 0.4230 191 190 134
-18.0625 11.5000 1.4060 232 122 112
13.2500 -7.0000 0.9810 231 111 171
0.8125 -0.5000 5.5850 83 128 230
21.1250 0.0000 0.1190 148 118 190
-5.3125 -2.5000 1.1330 220 138 118
-14.3125 22.5000 3.1440 140 195 254
13.0625 -7.5000 1.0790 243 118 143
-18.5000 19.0000 1.4700 234 121 101
-8.2500 18.0000 1.3100 241 77 129
-20.4375 -20.5000 1.6180 209 167 81
-20.0625 9.5000 1.5210 218 151 106
-21.9375 0.5000 1.6460 195 175 82
-13.3125 3.0000 1.4400 234 142 91
11.6875 -17.5000 0.1270 176 174 87
-24.4375 3.0000 2.0220 143 210 167
-13.7500 2.0000 1.4460 210 172 74
3.7500 -16.0000 1.2080 224 173 74
-17.0000 19.0000 1.4720 239 138 106
8.3125 5.0000 4.7100 69 150 230
-0.1250 -22.0000 1.3850 250 113 132
-21.2500 -12.0000 4.8540 88 116 232
2.6875 16.5000 1.2160 252 95 164
12.4375 -8.0000 1.0790 242 118 143
1.2500 9.0000 6.2420 58 132 209
-16.0000 23.5000 2.9000 143 195 254
21.5000 5.5000 0.9200 210 163 115
-15.2500 -11.0000 1.5080 239 123 75
-24.8125 14.0000 1.4430 226 117 120
-8.9375 11.5000 4.1240 105 136 238
23.4375 -12.5000 0.1160 162 168 66
-12.8125 -13.5000 1.6320 228 147 85
12.1250 -1.5000 0.8900 211 82 208
5.8125 -21.5000 1.1720 234 70 125
0.2500 10.5000 5.9770 61 135 223
-13.5000 17.0000 1.3920 242 110 127
-0.7500 -16.0000 1.2550 239 129 103
8.7500 3.5000 4.5030 69 149 242
-5.0000 -19.0000 5.1570 88 109 254
1.4375 -22.5000 1.3470 254 99 141
3.8750 -8.0000 0.9940 215 143 133
-13.6250 -21.0000 5.7000 84 119 223
6.3750 17.5000 1.2750 242 120 125
-19.0625 -3.5000 1.6770 188 201 86
-8.2500 -25.5000 5.4010 95 94 240
-15.3125 4.5000 1.5860 214 159 79
22.8125 5.0000 0.4170 168 148 156
-2.4375 -9.0000 0.1320 158 109 147
1.5000 -4.5000 1.0180 230 102 152
-17.6250 10.0000 1.4550 231 133 101
-17.3125 10.0000 1.4600 228 131 102
12.1875 19.0000 0.1790 162 105 191
19.8750 -2.0000 0.0860 172 103 194
-19.0625 -12.5000 5.4260 92 103 231
-19.6875 -19.5000 5.2170 90 132 226
10.5000 -12.5000 1.0280 204 199 128
20.8125 -11.5000 0.1190 168 189 87
-11.8750 -10.0000 1.5900 215 176 59
6.1250 10.5000 5.5820 73 122 237
15.5625 -6.5000 0.5720 197 117 198
13.3750 -19.0000 0.1290 171 156 125
-6.5625 2.5000 1.1870 226 94 133
-5.2500 -14.0000 1.2700 246 119 94
-5.9375 11.5000 4.3460 104 139 233
19.6250 1.5000 0.9060 218 124 179
16.5000 -16.0000 0.1140 199 162 78
-22.0625 -4.5000 1.5640 216 135 105
9.6875 11.5000 1.1370 239 83 129
-16.6875 21.5000 3.6970 120 155 254
-22.5000 21.5000 1.4910 238 147 80
-18.2500 -16.0000 6.1760 67 102 220
-23.9375 -14.5000 1.3130 242 90 117
11.6250 4.5000 4.1290 81 149 254
4.7500 17.0000 1.1970 235 105 153
1.6875 2.5000 5.6600 63 139 226
-22.3750 20.5000 1.4570 244 127 96
8.3125 1.5000 4.3970 77 147 244
17.0625 24.0000 0.1160 169 140 135
10.0625 -5.0000 3.5960 107 190 254
8.1250 12.0000 1.1380 234 88 148
-4.8125 10.5000 4.5300 94 160 214
7.3125 -24.0000 1.4360 218 149 74
-21.0000 6.5000 1.0470 214 138 111
-3.3125 18.5000 1.2830 251 88 128
6.0625 -19.5000 1.2360 229 148 88
-2.5000 -21.0000 2.9970 126 215 254
-15.7500 14.5000 1.4250 226 111 107
-10.6875 -18.0000 5.6380 82 93 243
-4.1250 14.5000 1.2120 241 78 121
-5.1875 -12.0000 0.9470 205 113 111
-15.8750 -3.0000 0.1210 156 109 170
18.0625 15.0000 5.9550 60 231 152
24.4375 24.0000 0.1090 168 132 79
15.7500 -10.0000 0.1230 153 140 156
-5.8125 -13.5000 1.2960 246 124 89
-13.0625 21.0000 3.7720 118 154 254
23.8750 3.5000 0.1130 166 145 146
1.9375 -20.0000 1.3100 249 95 132
21.8750 1.0000 0.1170 150 116 186
-6.6875 -14.5000 1.3420 244 121 91
18.7500 -25.0000 0.1260 185 166 56
-22.3750 -5.5000 1.5400 221 125 104
-13.9375 -10.5000 1.5180 228 145 70
12.6875 22.5000 0.2280 162 94 190
18.0625 -9.0000 0.1210 167 139 155
1.8750 10.0000 6.1980 61 120 237
-12.7500 -23.0000 5.4040 87 121 231
-3.8125 -20.5000 5.2920 94 116 246
4.7500 -23.0000 1.6290 191 169 102
2.6875 14.5000 1.1960 237 94 165
-18.5000 -18.0000 5.6990 75 124 217
9.7500 -1.0000 3.9660 99 158 254
7.5625 11.0000 1.1320 234 62 119
10.4375 19.0000 1.2100 238 127 117
23.5000 5.0000 0.1140 154 116 151
3.4375 -18.0000 1.2750 228 173 75
6.5625 -8.0000 1.0460 231 131 117
20.0000 -6.0000 0.7050 172 214 126
-2.2500 -10.5000 0.1140 162 120 150
1.3125 8.5000 6.2060 62 113 221
20.8125 18.5000 0.3690 180 212 116
5.2500 -20.5000 1.2100 232 94 128
10.3750 -11.5000 0.9900 210 170 159
1.0625 -13.0000 0.1630 167 98 154
6.8750 -14.0000 0.1220 163 121 148
-9.3750 7.0000 4.2170 92 152 241
-15.5625 15.0000 1.4520 225 120 104
24.3750 -7.5000 0.7560 204 211 68
4.3750 4.0000 5.3480 63 130 222
6.4375 -4.5000 1.7470 185 211 119
-11.0625 -17.0000 5.3900 93 106 226
1.8750 -2.5000 1.3190 225 118 103
8.8125 6.5000 4.7650 68 162 250
-15.0000 20.5000 3.6840 121 160 254
-4.1875 12.0000 4.5030 90 150 238
1.6250 -19.5000 1.3190 244 101 107
19.4375 14.0000 0.1500 167 125 162
24.1250 -5.0000 0.3930 183 188 122
-21.8750 -1.0000 1.6320 204 154 96
-14.6250 -9.5000 1.4990 223 131 54
-7.5000 -0.5000 1.2190 215 129 105
-7.8125 -24.0000 5.8260 84 90 236
23.7500 4.0000 0.1140 159 114 167
-21.1875 -19.5000 5.1050 86 138 223
16.3750 20.5000 0.1220 165 167 136
16.8750 5.0000 1.0620 224 78 160
21.1250 -1.5000 0.1340 157 151 192
-10.0625 2.0000 1.1930 222 131 116
24.5000 14.0000 0.1090 173 137 154
13.5000 20.5000 0.1800 169 123 176
-19.4375 -18.0000 5.6560 75 133 227
2.4375 -22.5000 1.3100 251 83 136
-2.4375 20.0000 1.3070 243 111 142
15.3125 9.5000 1.0450 224 97 151
1.1250 12.5000 5.9640 74 125 220
-3.3750 17.0000 1.2420 246 89 132
1.9375 -14.5000 1.2180 208 166 75
15.3750 1.0000 0.9940 227 84 184
-19.5625 13.0000 1.3040 244 89 113
-17.3750 23.0000 1.8630 194 203 156
-23.8750 5.5000 0.2070 154 100 160
-5.1875 -11.5000 1.0810 206 160 62
-9.3125 -16.0000 1.4740 238 115 93
10.8750 -22.0000 1.0600 222 150 109
5.8750 -13.5000 0.0910 159 125 153
-2.5000 9.5000 5.4940 69 132 224
17.8750 -14.0000 0.1170 184 165 90
11.1250 10.5000 1.1240 230 88 147
-23.1250 -1.5000 1.5920 209 146 97
-8.3750 -14.0000 1.3900 244 106 73
10.3125 -7.0000 0.9600 228 118 158
19.0625 -11.0000 0.1000 173 161 130
-16.9375 10.0000 1.4660 233 115 93
-22.1875 -16.0000 5.7570 70 118 229
11.3125 -8.5000 1.0330 224 120 157
-1.5000 -23.5000 2.3540 160 192 206
-17.1250 24.0000 3.7460 113 159 254
21.3750 -6.5000 0.8290 195 233 109
-3.3750 4.5000 5.8570 62 122 229
-20.6875 -22.5000 1.4520 244 118 83
-4.8750 23.5000 1.3750 248 109 142
5.5000 0.5000 4.8050 74 136 227
-6.4375 -5.5000 0.1110 172 106 131
14.9375 -20.5000 0.1040 180 149 96
15.6875 -22.0000 0.1290 167 168 118
-6.6875 -1.0000 1.1790 216 135 118
-11.3125 -11.5000 1.5370 215 144 67
-8.8125 -10.5000 1.3380 228 150 52
-18.3125 5.5000 1.5960 206 154 80
1.1250 -13.5000 0.1410 167 94 157
-12.8125 -21.0000 5.7680 79 121 222
-18.6250 1.0000 1.6630 199 178 71
19.6250 20.5000 0.1130 150 181 117
11.6250 21.5000 0.1850 157 96 200
10.9375 24.5000 5.9540 69 191 181
2.5000 6.5000 5.8560 58 128 236
13.1250 -17.0000 0.1220 179 172 79
12.3750 18.0000 0.1230 163 103 181
-10.3125 -18.0000 5.5070 82 98 245
15.2500 20.0000 0.6790 194 221 110
-1.7500 -16.5000 1.2760 241 100 112
-24.0625 14.5000 1.3950 232 111 112
12.0000 -6.5000 1.4050 225 165 105
22.5000 -6.0000 0.3820 188 183 138
1.9375 16.0000 1.2070 250 91 168
11.1875 -2.0000 3.6230 108 166 254
14.5000 -24.0000 0.1330 149 156 122
2.9375 4.0000 5.5830 56 128 229
0.2500 -16.0000 1.2640 241 135 96
20.5625 -23.5000 0.1270 184 152 53
0.2500 11.0000 5.9380 64 132 222
5.6250 -19.0000 1.2700 226 148 92
-5.5625 -9.0000 0.1280 158 132 109
-3.9375 -24.0000 1.3880 243 118 125
-22.9375 7.5000 0.5110 166 104 158
17.0000 11.0000 0.7850 196 121 176
-8.7500 8.5000 4.1890 97 147 237
-17.1875 -22.5000 2.1900 168 227 173
22.0000 -14.0000 0.1130 162 177 77
-24.3750 1.0000 2.0310 145 188 151
-14.1875 7.5000 1.5010 221 128 79
-23.4375 -8.5000 1.4050 236 97 109
15.4375 14.0000 0.1110 167 112 194
8.8125 21.5000 1.2650 239 136 116
-2.1250 11.0000 5.4020 78 129 228
-6.1875 -9.5000 0.1250 152 112 151
10.3125 -15.5000 0.1150 184 151 119
-6.1250 19.5000 1.3510 252 98 134
6.3125 0.5000 4.6670 75 141 229
-16.1250 -17.5000 6.1280 74 101 215
-19.6875 -3.0000 1.6340 193 185 87
2.6250 -8.5000 0.8780 204 141 152
23.0000 -16.5000 0.1240 184 161 98
19.5000 23.0000 0.1130 164 142 120
21.8750 4.0000 0.4760 185 145 165
19.8750 -0.5000 0.1770 168 120 200
-10.8125 -15.0000 1.5230 230 123 98
-13.1250 -2.5000 0.1160 163 133 124
13.0000 8.5000 1.0210 223 51 148
-12.2500 -2.0000 0.1160 162 133 125
-20.6250 4.5000 1.6960 180 213 98
11.0625 10.5000 1.1130 230 87 149
-17.1250 -3.5000 0.1100 158 84 183
-3.7500 18.0000 1.2780 250 84 131
-5.9375 14.5000 1.2370 254 80 118
18.8125 -19.5000 0.1200 197 174 61
-12.1250 17.5000 1.3690 241 103 122
1.8750 4.5000 5.7890 59 121 222
-15.8125 -6.0000 0.5700 170 126 135
16.2500 -4.5000 0.9140 225 123 162
-10.6250 -2.5000 0.1150 154 130 110
-11.5625 13.5000 1.4120 243 109 116
18.6250 4.0000 1.2190 228 130 117
6.1875 22.5000 1.2750 247 128 118
-12.6875 -1.5000 0.1190 160 137 131
-5.6250 7.0000 5.1450 76 123 227
1.1875 -23.0000 1.3530 254 102 139
-9.1250 8.0000 4.1930 95 149 238
3.7500 8.0000 5.7580 63 124 235
18.3750 4.5000 1.1940 227 123 125
13.0625 12.0000 1.1260 230 113 126
-17.9375 14.5000 1.4230 224 103 110
-4.5000 0.5000 1.2570 226 91 109
-2.0000 -19.5000 1.3800 244 125 97
-14.4375 13.0000 1.4310 235 106 96
-1.8125 14.0000 5.1920 75 139 236
7.3125 -4.5000 1.7300 185 206 118
-10.6250 20.5000 1.4910 230 140 136
-13.0000 -8.0000 1.0770 210 159 61
21.6875 -22.5000 0.1050 196 164 60
-15.4375 4.0000 1.5500 219 157 76
14.3750 -3.5000 0.9570 218 114 190
-3.8750 -8.5000 0.1360 152 121 136
-17.1250 -8.0000 1.4940 212 152 70
-3.6250 3.5000 5.9350 62 123 228
-18.0625 -13.0000 5.4250 93 103 229
-8.8125 1.0000 1.2150 228 136 103
-19.1875 -21.5000 2.1320 169 227 171
-17.0625 0.5000 1.7050 176 205 77
-19.2500 -17.5000 5.7360 72 125 221
19.0000 1.0000 0.8740 216 118 190
-19.8125 -10.5000 2.2800 164 184 204
-23.3750 16.0000 1.4340 226 135 104
1.2500 11.0000 6.1330 71 125 210
7.0000 -11.0000 0.7360 203 164 137
24.9375 -24.5000 0.1430 180 180 12
-7.3750 14.0000 1.5030 218 151 109
-11.5625 15.5000 1.3970 240 107 114
-13.6250 18.5000 1.5630 215 158 122
-0.8125 6.0000 6.2040 51 130 214
24.8750 -17.0000 0.1180 184 188 56
15.1875 -10.5000 0.1260 155 142 160
11.7500 18.5000 0.1390 161 101 191
-18.1875 -12.0000 5.2300 87 107 244
-22.3750 12.5000 1.4440 239 137 88
-24.0000 -1.0000 1.6700 192 170 107
-22.0625 5.5000 0.2040 166 84 150
4.5625 3.0000 5.2310 63 118 233
-14.3750 -13.0000 1.6130 227 136 92
20.8750 5.5000 0.9830 211 160 107
-14.4375 20.0000 1.5450 222 158 107
-20.1875 22.5000 1.7830 211 212 124
-11.7500 21.0000 2.6970 141 215 254
-10.1875 -11.0000 1.5740 205 189 59
-3.6875 22.0000 1.3570 253 111 128
15.5625 11.0000 1.0380 216 107 158
17.0625 19.5000 0.5940 182 213 102
22.2500 -24.5000 0.1050 190 167 37
1.1875 -9.0000 0.1380 170 141 132
6.3750 0.0000 4.5910 78 142 228
-22.1875 -25.0000 1.6480 210 150 116
21.3750 -8.5000 0.3200 188 157 120
12.1250 -18.0000 0.1210 170 156 145
-17.7500 2.0000 1.6730 193 159 76
-22.9375 13.5000 1.4300 236 129 98
11.1875 -4.0000 0.9880 231 95 173
18.1250 4.0000 1.1430 229 112 137
-13.3750 2.5000 1.4370 218 165 84
18.4375 -14.0000 0.1080 187 160 89
-14.3750 19.5000 1.5060 224 141 106
-1.3750 15.5000 1.2330 239 91 119
8.1875 3.5000 4.5960 71 145 239
0.5625 9.5000 6.1310 57 136 216
18.9375 -16.0000 0.1220 188 146 78
-19.6250 9.5000 1.4210 231 131 106
-17.8750 16.5000 1.4590 220 114 100
3.8125 17.5000 1.2000 252 85 152
-15.3750 13.0000 1.4410 237 112 98
-9.0625 -7.5000 0.1220 146 129 142
-0.6250 -0.5000 1.4410 218 138 94
3.9375 -10.5000 0.1430 169 138 150
-16.4375 -13.0000 5.2090 95 102 242
-18.0000 -2.5000 1.9420 157 221 115
19.6250 -13.0000 0.1050 183 162 91
6.8750 9.0000 5.3250 76 125 235
-8.7500 -1.0000 0.9540 195 174 119
-4.1875 -9.5000 0.1250 154 112 148
-14.8750 -0.5000 0.1140 159 117 157
8.4375 21.5000 1.2950 236 140 115
12.2500 3.5000 3.8830 87 156 254
-15.8125 16.5000 1.4560 221 120 110
-5.1875 -18.5000 1.4200 234 105 100
13.3750 4.0000 3.7530 93 155 254
12.8125 3.5000 3.7780 91 158 254
21.3750 13.0000 0.9880 195 254 31
11.7500 -19.0000 0.1200 167 156 151
-14.0000 -9.5000 1.4950 227 135 68
-22.9375 -6.0000 1.4970 228 107 98
7.8750 -2.0000 4.1720 92 154 254
-3.5000 -6.0000 0.1060 153 86 161
3.6875 -20.0000 1.2630 253 89 130
-24.8750 -3.0000 1.5930 208 129 134
-6.6250 -12.0000 1.1790 210 161 65
12.0000 2.0000 3.8230 92 146 254
18.8750 -24.5000 0.1270 188 165 60
23.3125 2.5000 0.1110 166 141 144
-17.8750 -22.0000 2.2980 162 231 188
21.5000 -6.0000 0.2760 175 173 152
5.5625 -13.0000 0.1150 155 129 155
16.6875 4.5000 1.0690 229 85 159
-11.5000 0.0000 0.5560 161 172 142
-17.3750 7.5000 1.5090 217 141 83
-19.3125 12.5000 1.3150 247 93 107
9.7500 -20.5000 1.0100 216 172 108
-1.9375 -16.5000 1.2840 241 102 111
-14.6250 9.5000 1.4670 235 117 80
22.0000 13.5000 1.0100 200 254 23
-2.9375 17.5000 1.2680 248 85 127
-12.9375 -12.0000 1.5080 233 143 63
-0.6250 15.5000 1.2120 250 82 137
4.8750 5.5000 5.3600 70 120 235
-18.0625 -11.5000 1.6910 216 155 105
0.4375 24.5000 1.3420 229 117 137
24.7500 10.5000 0.1160 175 150 125
23.4375 4.5000 0.1130 157 111 176
16.6875 16.0000 0.3590 187 134 173
-7.7500 -20.5000 5.8290 88 98 237
-8.6875 -10.5000 1.2380 232 133 63
22.7500 -7.5000 4.4210 74 254 172
-10.9375 1.0000 0.9530 209 121 163
-3.9375 19.0000 1.2820 249 83 134
2.4375 21.0000 1.4260 234 164 101
-17.1250 -19.0000 5.7080 80 122 214
-22.0625 -0.5000 1.6430 198 177 86
13.4375 21.0000 0.1920 164 102 178
-6.9375 -5.5000 0.1170 169 109 130
-6.5000 19.5000 1.3350 253 95 139
2.3125 18.5000 1.2300 250 97 140
-10.9375 -0.5000 0.3460 158 143 158
6.0000 23.5000 1.2640 237 125 130
23.3750 6.5000 0.3120 175 121 174
7.3750 -21.0000 1.2270 221 141 101
20.8750 1.5000 0.1510 150 125 198
-6.8750 7.0000 4.5030 92 148 237
-8.1250 -17.0000 1.4640 238 109 94
18.9375 9.5000 0.8670 217 137 164
-23.3750 12.5000 1.4350 233 129 98
20.8750 6.0000 0.9970 217 163 80
-16.6250 -2.5000 0.1150 154 112 179
7.3750 17.5000 1.7910 178 203 136
22.4375 8.5000 0.1500 163 107 177
0.1875 -8.0000 0.2730 168 134 173
-4.4375 2.0000 1.2340 230 104 124
-18.2500 10.0000 1.4320 235 131 101
-2.9375 11.0000 5.2560 75 132 229
-16.6250 0.5000 1.9390 160 211 121
1.3125 7.0000 6.0480 55 124 209
22.5000 -10.5000 0.2780 174 179 90
-9.9375 22.0000 3.9320 115 123 254
24.6250 -21.5000 0.1270 185 177 43
-8.0000 -4.0000 0.1110 166 132 120
-11.7500 12.5000 1.4120 246 113 107
-5.8750 19.5000 1.3440 252 97 135
11.2500 -9.5000 0.9610 210 135 178
15.5625 -19.5000 0.1210 187 153 93
-8.8125 19.5000 1.3390 240 86 132
-7.2500 -18.0000 5.2010 90 116 251
18.0625 19.0000 0.5430 182 213 119
-8.5625 -6.5000 0.1260 144 121 124
-4.4375 -16.0000 1.3210 239 103 131
-17.7500 -2.0000 1.9580 156 221 119
-3.9375 10.0000 5.1690 76 135 229
-12.8750 11.0000 1.4040 234 112 95
-5.8750 4.5000 5.3340 68 131 238
-12.5625 -4.5000 0.1200 161 145 114
-24.2500 9.0000 1.0220 201 135 146
-10.3750 19.0000 1.3650 234 92 134
-1.8125 -3.0000 1.1090 225 102 137
13.3125 11.0000 1.1000 230 88 134
4.0625 8.5000 5.7530 74 123 235
-0.8125 -2.5000 1.1640 240 90 143
0.1250 8.0000 6.2040 50 121 214
-18.2500 13.0000 1.3550 244 100 107
13.9375 3.5000 3.6230 110 145 254
-11.8750 18.5000 1.3820 243 106 117
22.6250 20.0000 0.1150 179 135 115
-2.5000 -17.5000 1.3220 245 110 103
16.0625 -15.0000 0.1200 182 164 99
15.4375 -7.0000 0.5010 193 116 205
-16.6250 6.5000 1.5290 231 135 79
0.4375 -24.0000 1.3540 250 102 139
6.1250 4.5000 5.0700 66 128 239
-14.9375 23.0000 1.7640 200 191 135
20.0625 -11.0000 0.1150 171 171 118
-16.1250 24.5000 2.9010 138 189 251
-13.0000 -14.0000 1.8290 207 172 117
-4.6875 5.0000 5.5290 72 139 209
10.1250 6.5000 4.5550 71 161 243
-2.1875 -8.0000 0.1150 153 111 144
-20.5625 19.5000 1.4820 226 119 99
-16.8125 17.0000 1.4810 223 124 119
21.3750 -11.0000 0.1180 175 179 89
-22.8125 -16.0000 5.5820 75 117 231
-15.4375 -16.5000 5.8660 74 109 225
-8.6250 13.0000 4.0330 109 139 246
20.3125 7.5000 0.9710 225 159 118
-9.7500 1.5000 1.1840 226 132 112
20.1250 -13.5000 0.1260 184 169 77
10.5625 -25.5000 0.1930 161 103 186
-8.0625 -19.5000 5.6170 81 102 228
-7.0625 0.5000 1.2250 230 94 110
6.5625 -5.5000 1.8910 172 217 143
9.0000 -3.5000 3.8760 99 176 254
20.5000 19.0000 0.2670 172 193 127
-18.1875 4.5000 1.6250 209 161 71
23.6875 -11.0000 0.2180 174 172 78
-18.0000 -6.0000 1.5830 203 173 79
6.1875 -13.5000 0.1310 161 126 154
-5.3750 -3.5000 1.0350 193 175 106
-21.3750 21.5000 1.5120 237 149 78
5.5625 -10.0000 0.8030 203 165 135
-9.9375 -15.0000 1.4750 239 115 88
15.2500 -9.0000 0.1440 174 129 185
11.0000 -3.0000 3.5980 121 167 254
13.3750 -6.5000 0.9970 243 90 160
0.5000 -15.5000 1.2710 234 137 97
-13.0625 -4.0000 0.1120 158 146 117
11.8750 -22.0000 0.5780 183 136 169
7.6875 19.5000 1.3120 237 139 126
-23.6875 -8.0000 1.4440 227 92 108
23.1875 -0.5000 0.1190 159 152 137
8.3750 13.0000 1.1560 239 104 146
-24.3750 13.5000 1.4250 227 113 119
-8.0625 12.5000 4.0680 109 138 236
-5.1875 -25.5000 1.2460 231 73 147
19.2500 -8.0000 0.8320 179 228 93
16.8750 3.5000 1.0740 230 85 156
6.8125 0.5000 4.6040 77 142 228
-23.0000 -12.0000 1.3900 237 97 100
2.5000 -3.0000 1.4950 211 162 93
-20.0625 -12.5000 5.5870 86 108 229
-9.3750 -19.0000 5.6560 77 102 235
-9.6875 16.0000 1.3630 244 86 97
1.7500 5.5000 5.8860 58 122 228
-18.8750 6.0000 1.5950 207 169 83
-20.9375 -17.0000 5.6910 74 120 219
-11.2500 -5.0000 0.1250 163 143 99
-23.2500 4.0000 0.2090 158 88 146
22.6875 -8.0000 4.4580 72 254 167
-2.3750 19.0000 1.2770 247 91 128
23.5000 21.0000 0.1170 194 130 102
2.7500 -21.0000 1.2630 254 80 140
20.1250 14.0000 0.1410 166 127 153
24.8750 1.0000 0.1280 183 180 102
-14.6875 -23.5000 1.5570 222 166 81
-20.1875 -9.5000 1.4230 238 117 127
2.6250 -3.5000 1.2230 231 121 124
-14.4375 23.0000 3.2880 136 181 254
-12.8750 14.0000 1.4120 242 108 106
-19.3125 -10.0000 1.4500 241 124 111
-6.9375 -13.5000 1.3150 243 123 90
17.3125 5.5000 0.9780 210 96 192
6.5625 11.5000 1.2450 240 88 115
14.3750 -9.5000 0.7050 194 149 185
4.9375 -20.5000 1.2480 231 81 125
12.8750 -7.0000 1.1370 243 123 136
13.8125 6.5000 3.8810 88 148 254
23.5625 10.0000 0.1120 182 110 161
-14.0000 4.5000 1.4510 235 137 92
-14.6250 13.0000 1.4250 237 105 96
21.4375 10.0000 0.1120 177 101 195
4.5000 22.5000 1.2920 243 144 116
-0.1875 -4.5000 1.0530 230 105 143
-5.6250 -17.5000 1.4200 242 102 103
-4.6250 16.5000 1.2570 247 91 130
0.1875 -9.5000 0.1280 160 130 123
22.7500 -15.5000 0.1050 177 178 76
-9.3125 18.5000 1.3690 241 95 122
7.3750 23.5000 1.2730 231 129 132
-4.7500 -3.5000 1.1040 195 173 101
-0.8750 -4.5000 1.0780 228 106 142
21.0000 4.0000 0.8720 203 157 105
0.7500 -13.5000 0.1750 169 96 163
9.8125 -8.0000 1.0000 233 123 151
6.6250 -7.0000 0.8920 215 119 163
2.0000 -22.5000 1.3080 249 80 141
-20.4375 21.5000 1.6690 214 178 99
-17.2500 22.5000 1.7750 206 200 139
5.0000 19.0000 1.6270 197 202 118
-15.0625 -22.5000 5.2030 89 123 239
-23.3125 10.0000 1.4660 216 158 80
-13.6250 8.5000 1.4760 227 124 95
-13.1875 -7.5000 0.8750 201 159 93
-24.6875 2.0000 0.2940 158 95 167
-13.6250 -14.5000 5.2220 101 98 234
-0.5625 16.5000 1.2430 246 84 136
-23.6250 12.5000 1.4290 231 126 101
19.9375 -3.0000 0.1360 168 138 177
-23.8125 -6.5000 1.4730 229 99 102
-20.3125 -5.0000 1.5340 210 146 104
15.9375 6.5000 0.9970 224 71 161
-18.3125 -18.5000 5.6510 83 121 222
7.2500 19.0000 1.4320 228 155 108
5.3750 2.5000 4.9930 69 120 231
-22.3750 10.0000 1.5170 215 171 74
17.6250 12.5000 0.1170 154 117 184
-7.5625 15.0000 1.3040 244 89 128
-13.3125 -13.0000 1.5590 232 129 83
-15.7500 22.0000 3.8250 116 153 254
-7.8125 4.5000 4.5200 90 143 228
-21.0000 13.0000 1.3720 248 117 91
4.7500 19.0000 1.6230 205 203 106
13.3125 17.0000 1.0930 233 185 84
-17.4375 -4.5000 1.0450 226 105 119
-5.2500 -8.0000 0.1320 160 128 113
15.3750 15.0000 0.1120 180 119 196
-4.6250 -21.5000 5.6310 85 127 241
15.1875 18.5000 0.6450 190 206 106
11.9375 22.5000 0.3000 164 100 195
3.6875 7.0000 5.6750 59 130 237
14.6875 23.0000 6.1660 62 220 151
4.8125 -24.5000 1.3440 222 95 103
-8.3750 -4.5000 0.1260 152 137 119
24.7500 -14.0000 0.1180 170 202 54
24.5625 2.0000 0.1160 168 146 124
3.1875 -21.0000 1.2540 251 79 134
-24.4375 -15.0000 1.3320 240 93 117
1.8750 22.0000 1.4290 231 160 106
7.8750 9.5000 5.1890 79 117 246
-24.5625 -18.0000 7.1910 74 91 203
9.9375 11.5000 1.1300 238 81 130
-17.6250 -8.5000 1.4740 238 121 101
-2.0625 -7.5000 0.1090 151 110 144
12.3125 -19.0000 0.1110 168 153 143
-17.2500 -18.5000 5.7850 79 122 214
24.8750 -10.0000 0.2260 165 172 90
13.0625 -14.0000 0.1290 173 126 139
-3.9375 16.0000 1.2270 244 77 120
-1.7500 -10.0000 0.1410 160 129 123
22.6250 18.5000 0.1130 168 149 119
14.3125 -14.5000 0.1100 177 145 70
-14.7500 -9.0000 1.4850 222 130 56
-22.7500 1.0000 1.6150 190 178 88
22.6875 3.5000 0.1220 157 112 183
12.6250 -2.0000 0.9380 216 85 195
-20.5000 15.0000 1.3320 244 96 99
4.8750 -14.0000 0.1120 151 136 146
-5.0625 20.0000 1.3510 250 97 137
-18.0625 -6.0000 1.5490 207 166 77
-4.3750 -20.5000 5.3400 90 101 254
-12.0000 -13.5000 1.5270 240 124 72
23.5000 -13.5000 0.1190 158 176 65
2.6250 -15.0000 1.2340 213 176 82
19.6875 -6.5000 0.8220 178 217 113
9.4375 21.0000 1.2700 239 142 112
-11.4375 6.0000 1.5360 223 153 82
-18.0000 -17.0000 5.9940 69 114 220
12.5625 6.5000 4.1140 79 153 254
10.9375 16.0000 0.2900 178 104 216
-1.9375 2.0000 6.2350 70 112 216
23.8750 8.0000 0.1150 159 118 148
10.0000 13.5000 1.3360 226 141 105
-10.0000 7.0000 4.1690 94 153 240
-7.3125 -18.5000 5.2950 90 116 247
12.8125 15.0000 0.1270 174 101 188
17.4375 -12.0000 0.1090 172 153 133
9.8125 19.0000 1.1310 242 109 133
-17.6250 21.5000 1.7460 206 185 130
9.7500 -2.0000 3.8700 99 163 254
-9.9375 12.0000 1.5450 222 150 89
23.8125 4.0000 0.1180 159 114 167
7.1250 10.5000 1.1830 233 72 96
-7.7500 20.5000 1.3600 246 86 125
10.5000 17.5000 0.2870 173 95 224
-8.7500 -5.0000 0.1170 153 134 120
-5.8750 16.5000 1.2890 254 87 118
14.1875 23.0000 0.1120 162 107 146
21.3750 -7.5000 0.1460 179 123 135
2.7500 -23.5000 1.3160 247 89 130
-8.8125 -15.5000 1.4330 239 102 98
-19.3750 -5.0000 1.5350 211 166 88
-5.9375 -12.5000 1.1080 237 107 109
-22.4375 0.0000 1.6400 194 169 84
5.9375 23.0000 1.2730 241 128 124
21.3125 24.0000 0.1160 165 146 90
-24.0000 21.0000 1.4400 236 119 113
21.5000 -0.5000 0.1510 160 119 191
11.0000 6.0000 4.3180 78 150 254
-8.7500 -13.0000 1.4360 237 117 73
22.1875 15.0000 0.1180 177 149 147
-13.1875 -0.5000 0.1150 143 116 135
-19.8125 -24.0000 1.4250 236 123 88
-21.2500 16.5000 1.3960 237 127 95
10.5625 2.0000 4.0910 85 140 238
22.0000 -25.5000 0.1250 183 169 31
-3.8750 -18.0000 1.3790 245 106 98
-18.5000 16.5000 1.4310 225 107 98
18.6250 -12.5000 0.1070 181 159 101
-23.4375 -21.0000 1.3770 244 106 107
-4.6875 6.0000 5.4170 79 135 194
-21.1250 16.0000 1.3710 241 121 94
18.3750 18.0000 0.4970 183 202 122
19.3750 -5.5000 0.8510 200 182 132
-10.8750 12.5000 1.8540 178 182 133
-20.0000 -11.5000 5.3580 89 107 239
3.2500 12.5000 1.3190 240 129 126
13.4375 10.5000 1.0920 225 76 140
-10.8125 -0.5000 0.4140 160 154 161
8.2500 -23.5000 1.2900 229 122 76
12.1875 -11.0000 0.9910 225 119 142
6.7500 -9.5000 0.9110 211 168 116
24.2500 8.0000 0.1170 158 120 145
19.1875 -12.5000 0.1120 181 162 97
1.1875 4.5000 5.8870 52 120 228
10.6250 -22.5000 1.0150 229 119 137
15.1250 -1.5000 1.0170 230 113 182
16.9375 13.5000 0.1110 162 123 167
5.3750 -18.5000 1.2630 222 156 104
-3.9375 -10.5000 0.1270 155 128 169
-17.9375 -20.0000 5.4360 86 126 222
1.1250 10.5000 6.1730 60 129 215
5.2500 -3.0000 4.5320 88 152 247
-1.6250 8.0000 5.8700 69 140 193
-7.7500 22.0000 1.3580 254 105 129
-5.5000 9.0000 4.5510 94 141 219
24.5000 15.5000 0.1060 168 148 151
21.9375 -6.0000 0.7730 208 226 93
-19.2500 16.5000 1.4350 223 109 100
23.1875 -14.0000 0.1170 162 173 67
-9.8125 -18.5000 5.6290 80 99 234
9.9375 -16.0000 0.0860 175 159 107
17.4375 -19.5000 0.1390 190 184 65
20.4375 0.0000 0.1450 158 106 214
-11.0625 21.0000 3.7390 125 131 254
11.6250 17.0000 0.1130 179 101 201
-5.3125 -14.5000 1.2750 246 115 96
15.3750 21.5000 0.1150 178 136 144
16.0000 8.0000 1.0510 221 81 161
5.0000 20.5000 2.7990 134 234 254
-11.3125 -12.5000 1.5080 228 132 66
-23.6250 -4.5000 1.5320 213 121 116
9.0000 -13.0000 0.9860 181 242 124
-10.1250 -5.5000 0.1290 152 141 120
18.8750 12.0000 0.1130 158 114 176
-9.9375 14.0000 1.4070 238 96 96
6.7500 6.0000 5.0790 70 139 240
-17.4375 -25.5000 1.4290 220 120 77
0.6875 24.0000 1.3440 233 123 134
19.6875 15.5000 6.1720 54 228 141
-4.2500 -17.5000 1.3700 243 100 104
-21.9375 -19.0000 5.1460 84 137 226
22.6875 22.5000 0.1230 191 135 118
2.4375 -6.0000 0.9900 213 136 165
-9.7500 13.0000 1.4850 230 130 94
21.1250 -6.0000 0.7700 193 233 121
23.3750 -19.0000 0.1160 196 163 56
-16.1875 -12.5000 5.1310 96 104 247
-3.5000 -17.5000 1.3320 247 106 102
-4.1250 -15.5000 1.2630 234 111 129
-19.0625 -7.0000 1.4770 234 128 106
7.4375 12.0000 1.1430 241 70 129
-14.6875 23.5000 1.7550 205 179 129
8.6250 -10.5000 1.3190 217 184 110
-15.6875 19.0000 1.4700 234 133 104
-14.3750 -8.0000 1.4570 220 151 41
-3.5000 -23.0000 1.3250 254 106 127
8.0000 -25.0000 1.2160 225 112 89
-13.1250 -24.0000 5.1630 98 121 226
15.9375 15.0000 0.1160 182 115 191
17.7500 18.5000 5.9840 59 240 143
-19.1250 -2.0000 1.6890 181 197 76
12.3750 -6.5000 1.4780 221 192 102
18.0000 15.0000 5.9000 61 231 153
19.9375 20.5000 0.1150 151 181 112
14.8750 -3.0000 0.9610 224 109 188
-3.8750 -18.5000 1.3750 243 115 109
1.0000 -17.5000 2.3100 153 233 193
20.7500 -14.5000 0.1220 162 172 74
-17.8750 7.5000 1.5260 216 148 82
-21.8750 -12.0000 1.4500 230 121 92
-22.9375 4.0000 0.2040 162 83 143
13.2500 -4.5000 0.9760 233 86 180
9.9375 -10.0000 1.5180 198 212 102
14.5625 20.0000 0.6270 193 211 121
18.5625 20.0000 0.1140 166 148 146
-0.8125 -10.5000 0.0890 161 121 120
-2.0000 -8.0000 0.0690 150 105 139
-15.8750 19.5000 1.5060 225 141 107
13.6250 -4.5000 1.0000 232 91 174
11.2500 4.0000 4.0910 84 150 254
-6.5000 2.0000 1.1620 227 82 126
-20.5000 -10.0000 1.4050 242 114 126
-24.0000 2.5000 0.2060 157 91 167
23.7500 9.5000 0.1140 181 112 155
-13.5000 -6.5000 0.6720 172 166 98
-22.0000 -23.0000 1.4210 253 112 84
-3.5625 -16.0000 1.2840 246 89 117
18.8125 4.5000 1.2050 227 127 120
-14.7500 2.0000 1.4670 198 168 65
-24.2500 21.5000 1.4170 231 121 102
-23.5000 13.5000 1.4260 232 120 107
15.6875 -12.5000 0.1170 162 141 98
17.9375 -21.0000 0.1110 193 174 75
-19.1250 -20.5000 3.5140 121 164 242
1.5000 -6.5000 0.8400 195 120 154
8.9375 -8.0000 0.9590 231 115 160
10.5625 -8.5000 1.5510 206 206 107
5.0625 4.5000 5.2810 68 123 229
-6.8125 -22.5000 6.1930 74 112 236
6.3125 13.0000 1.1540 245 65 134
-13.0000 -14.0000 1.8170 208 170 115
10.2500 -15.0000 0.1120 185 145 127
-19.3125 22.0000 3.8010 117 145 254
-19.6250 -7.5000 1.4690 236 126 110
11.1875 -14.0000 0.3050 168 163 148
-10.5625 9.0000 4.0130 104 136 232
9.1875 -24.5000 1.1220 226 119 113
11.8125 -7.5000 0.9850 227 114 172
7.8750 23.5000 1.2750 231 132 132
-2.7500 -23.5000 1.3910 249 120 123
-2.0000 -10.0000 0.1370 162 122 145
-18.0625 14.0000 1.4130 227 101 109
-23.5000 7.5000 0.2750 155 99 160
-23.1250 1.0000 1.6260 188 178 90
4.3125 6.0000 5.4900 65 114 236
19.0625 15.0000 1.2510 220 243 36
24.1875 12.5000 0.6400 168 239 74
-12.4375 11.5000 1.3830 245 106 109
-5.5625 -23.5000 6.1540 74 114 231
-11.2500 6.0000 4.0790 96 144 236
11.7500 18.5000 1.1650 230 173 61
13.3125 4.0000 3.7520 93 155 254
20.6875 -11.5000 0.0890 168 188 86
13.1250 23.5000 0.1150 155 89 174
-14.4375 -5.0000 0.1020 137 90 158
-11.9375 19.0000 1.3980 239 110 116
7.4375 -23.0000 1.3960 227 118 93
6.8750 -4.5000 1.7640 183 211 122
-21.2500 -8.0000 1.4330 235 90 103
-24.6875 22.5000 1.4990 214 141 112
-7.8125 4.0000 1.3020 232 106 95
22.8125 -11.0000 0.3170 173 186 86
-0.6250 22.5000 1.2830 254 115 129
10.8750 5.0000 4.2880 73 153 246
23.2500 13.0000 0.1360 189 113 158
10.9375 14.5000 1.1270 217 117 144
-13.5000 -24.5000 1.5520 205 150 79
18.8750 -11.5000 4.8730 71 254 124
17.5625 14.0000 0.1140 164 123 163
-18.1875 -1.5000 1.6850 181 197 74
-17.1875 -24.0000 1.4970 217 142 75
23.8125 2.5000 0.1230 167 145 139
-4.0000 -4.5000 0.7890 203 153 160
-8.1250 6.5000 4.3870 91 140 227
-8.3125 -18.0000 5.2960 89 109 231
-8.8750 7.0000 4.2660 91 149 239
-14.0000 -3.5000 0.1300 142 115 143
-8.5625 -18.0000 5.2950 88 110 234
16.6250 -18.0000 0.1210 196 176 77
-18.1875 -23.0000 1.5240 235 160 64
19.8750 12.5000 0.1110 158 112 167
-11.3125 -21.5000 5.9300 81 88 213
10.8750 17.0000 0.1600 172 98 213
22.0000 8.5000 0.3150 183 139 155
-10.7500 17.0000 1.3560 237 81 118
12.3125 13.0000 1.0880 230 106 138
23.8125 8.5000 0.1160 160 119 153
7.5625 -3.0000 4.1380 101 147 246
-22.7500 21.5000 1.4930 236 147 84
1.0625 17.5000 1.1980 246 80 148
6.2500 -7.0000 0.9290 218 121 154
25.0000 22.0000 0.1150 181 132 83
7.4375 -6.5000 1.7690 175 206 110
-24.0000 -13.0000 1.3460 237 81 112
-19.6875 2.0000 1.6400 201 171 87
-10.6250 -17.5000 5.4290 94 91 232
-9.8750 -16.0000 1.4760 236 115 94
-7.2500 0.5000 1.2010 229 89 115
15.6250 -23.0000 0.1050 166 169 119
-13.5000 5.0000 1.3960 246 115 90
-4.8750 -24.5000 6.0360 83 99 240
-7.5625 5.5000 4.5220 93 131 234
4.8750 -7.5000 1.1320 226 131 111
9.6875 1.5000 4.1750 81 147 248
-23.0000 -22.5000 1.3880 249 101 92
15.9375 10.0000 1.0610 223 106 147
9.8125 -15.0000 0.0980 191 114 134
-22.6250 -18.0000 5.1640 80 128 224
17.9375 -23.5000 0.1270 189 170 76
-4.5625 4.0000 5.6660 70 139 212
-12.8750 12.0000 1.3720 249 105 112
18.1250 -10.5000 0.1180 169 165 139
-21.3125 1.5000 1.6560 190 179 86
-8.0625 15.5000 1.3230 242 76 95
5.4375 18.0000 1.8680 179 221 147
15.9375 17.5000 6.3470 43 248 138
20.9375 11.0000 0.1130 183 98 190
-6.8125 4.5000 5.1390 73 133 242
18.8125 -24.5000 0.1150 188 164 61
7.5625 14.0000 1.1590 233 74 139
-7.1250 -25.0000 5.5880 93 93 235
-24.5000 -6.5000 1.4640 228 97 108
-7.8750 -16.0000 1.4430 243 112 108
1.0625 10.0000 6.1760 59 131 214
14.5000 -7.5000 0.9870 230 111 138
19.7500 17.0000 0.4540 180 179 128
-22.6875 -8.5000 1.4480 233 97 100
14.0625 -0.5000 1.0430 215 114 188
10.9375 8.0000 4.5110 79 152 233
-2.2500 21.0000 1.3440 249 116 122
-16.3125 -11.5000 1.5410 231 129 84
8.7500 11.0000 1.1410 234 108 144
-18.3125 10.5000 1.4410 232 132 102
-13.8750 11.5000 1.4450 237 121 106
9.5000 -22.5000 1.1410 240 123 107
24.5000 24.0000 0.1130 166 134 76
24.6250 2.5000 0.1230 168 148 129
-21.3125 -10.0000 1.4150 236 112 102
18.6875 -22.0000 0.1240 190 168 81
-14.0625 0.5000 0.1760 157 114 161
9.2500 2.0000 4.2750 81 146 246
-18.5625 -11.5000 5.1350 85 111 251
16.5625 20.0000 0.5940 176 228 87
-21.2500 -7.0000 1.4490 230 90 110
-6.0625 23.5000 1.3710 244 100 135
-8.0000 -10.5000 1.0260 220 110 93
4.9375 22.0000 1.3090 238 137 115
-13.8750 20.0000 3.7010 124 151 254
6.5000 15.5000 1.2430 240 103 136
23.4375 -10.0000 0.2400 171 172 104
-16.6875 20.5000 1.5900 225 162 119
-5.6875 -3.5000 0.9590 188 177 113
-24.3750 7.0000 0.2050 146 108 159
24.3750 8.5000 0.1220 159 123 144
16.5000 12.5000 0.1520 171 103 182
3.6875 18.0000 1.2360 248 103 132
10.4375 -1.0000 3.8340 107 159 254
-0.4375 11.5000 5.7540 72 130 229
6.0000 -15.5000 0.1230 145 123 174
-3.0000 -23.5000 1.3640 252 114 125
10.3750 12.0000 1.1380 237 108 141
-12.6875 -3.0000 0.1230 164 131 117
-10.0000 14.0000 1.4170 237 98 98
12.3750 -0.5000 3.6290 102 169 254
-0.2500 0.5000 5.8440 64 133 225
-17.1250 -24.0000 1.4640 220 135 73
10.4375 -21.5000 0.9980 226 118 150
5.0000 5.0000 5.3290 71 121 232
-20.0625 -23.5000 1.4460 236 130 89
0.3125 9.5000 6.1090 57 137 217
-14.0625 -5.5000 0.1030 152 116 151
3.5000 -6.0000 0.9620 230 96 162
5.1250 -8.0000 1.0010 221 125 131
-4.6875 14.0000 1.2100 242 82 123
0.0000 2.0000 5.9030 63 126 221
22.5625 24.5000 0.1190 172 141 102
-2.1250 -13.5000 0.8430 198 150 138
-17.7500 -7.0000 1.4640 233 124 102
20.0625 19.5000 0.1170 157 167 155
21.5625 15.5000 0.1100 174 151 154
5.6250 14.5000 1.1720 238 85 159
-22.0625 1.5000 1.6440 189 184 86
-3.6250 4.5000 5.7990 63 123 230
-13.5625 13.0000 1.4140 242 110 118
-16.9375 -5.0000 1.0950 197 141 61
-21.8750 4.5000 1.7410 173 228 100
-12.0625 21.5000 2.7010 140 217 254
-8.7500 11.5000 4.1480 105 135 237
5.9375 -17.5000 1.2190 208 182 64
-1.0625 -7.5000 0.1170 164 112 143
3.2500 -20.5000 1.2660 254 85 131
14.2500 0.5000 0.9630 214 78 195
-22.6875 10.5000 1.5010 216 163 78
-13.0000 -7.0000 0.6070 182 145 125
3.7500 -19.5000 1.2460 252 87 134
12.7500 -7.0000 1.4710 226 191 98
-7.5000 -21.5000 6.0060 80 99 254
3.0000 -20.5000 1.2750 253 86 131
-16.1250 20.0000 3.9600 111 144 254
-14.1250 -19.5000 5.9650 80 107 198
-5.0625 -5.5000 0.1260 171 105 130
2.2500 1.5000 5.4830 69 132 223
-19.1875 1.0000 1.6680 197 176 74
0.3125 -0.5000 1.9240 164 205 134
-0.5625 15.5000 1.2270 250 86 134
-12.6875 -8.0000 1.2600 208 175 43
-20.8750 16.5000 1.3970 234 127 96
-1.7500 21.0000 1.3000 248 106 125
-20.6250 5.5000 1.6930 189 195 92
-3.8125 -5.5000 0.7200 195 155 161
14.8750 9.0000 1.0380 221 93 155
13.1875 13.5000 0.8600 210 99 181
-9.0625 8.0000 4.2050 95 149 238
-23.3125 -12.0000 1.3710 238 91 103
-9.5625 -1.5000 0.7920 188 176 127
-21.1250 3.5000 1.7180 181 215 97
-11.3750 -8.5000 0.7360 191 159 92
16.0000 -22.5000 0.1330 169 169 114
-20.3750 16.5000 1.4040 227 116 102
2.9375 9.0000 5.9240 60 130 239
25.0000 0.5000 0.1130 161 171 110
22.0625 -18.0000 0.1240 181 165 93
-14.1875 17.5000 1.3860 230 100 104
-2.6875 -19.0000 1.3830 245 125 101
15.9375 -6.0000 0.6960 205 115 196
-11.3750 -0.5000 0.1310 160 136 137
-10.7500 0.5000 0.9760 203 150 122
19.6875 -9.0000 0.3790 177 220 127
9.3750 15.5000 1.2640 233 136 119
-2.3750 -1.0000 1.2130 234 104 146
-16.8750 -13.0000 5.2400 103 112 225
-15.9375 -21.0000 5.4480 86 110 228
-20.2500 18.0000 1.4660 225 120 107
11.6875 -4.0000 0.9680 224 85 193
-24.4375 -17.5000 1.4480 223 126 109
-2.7500 -7.0000 0.1290 152 114 152
-16.7500 24.5000 3.7550 114 158 254
5.8750 3.5000 5.0030 66 130 239
-13.9375 -22.0000 5.4500 88 132 224
2.5625 17.0000 1.1960 247 106 153
-1.8125 -20.0000 2.9190 135 212 239
-11.5000 6.0000 4.0370 98 131 233
6.8750 21.5000 1.3050 247 134 109
-13.5625 -23.5000 5.1920 100 102 231
22.3125 4.0000 0.1210 156 110 196
-10.2500 23.0000 3.7130 123 145 254
19.0000 20.5000 0.1140 166 156 128
-15.9375 -9.0000 1.4920 219 150 56
16.6875 -22.0000 0.1120 173 162 104
-11.1875 8.0000 4.0040 108 128 236
-12.6875 -16.5000 5.4920 89 111 238
14.0625 15.0000 0.1100 172 120 199
-8.9375 -12.0000 1.9800 162 221 104
-18.0625 20.5000 1.6570 212 161 112
-0.2500 -23.5000 1.3760 250 110 136
-2.9375 -19.5000 1.3910 247 127 96
-13.8750 -8.5000 1.5170 198 161 58
5.2500 -10.0000 0.8600 203 167 126
-0.4375 -23.0000 1.4330 242 129 128
-2.1875 -20.0000 2.9230 134 215 245
-22.9375 -11.0000 1.3750 240 101 103
7.5625 18.5000 1.4520 224 161 108
24.8125 -16.5000 0.1300 177 183 53
-13.0625 -24.5000 1.5100 212 137 86
-15.2500 19.5000 1.4930 228 139 106
-4.3125 -4.5000 0.9270 209 158 150
-1.1250 -13.5000 0.6070 190 168 154
21.3750 -14.0000 0.1130 159 181 79
-3.3125 -24.0000 1.4000 244 121 123
6.2500 -9.0000 1.0020 223 130 121
5.4375 12.5000 1.1480 242 64 137
-24.9375 3.0000 1.7520 163 196 134
-1.3125 -8.5000 0.1150 155 96 126
11.0000 -22.5000 0.9700 221 119 148
18.5000 17.5000 0.4990 183 203 116
-4.7500 -0.5000 1.2340 226 101 118
17.3750 -20.0000 0.1110 189 146 62
-13.4375 11.0000 1.4240 240 118 101
-15.3750 -14.5000 5.3290 90 104 239
6.8125 17.0000 1.3250 235 137 130
-19.6875 14.0000 1.3480 237 99 107
5.6875 -20.5000 1.2050 229 135 94
4.1250 -7.5000 1.0370 215 146 128
-15.3750 0.0000 0.1170 170 107 180
10.3750 -3.0000 3.6360 113 159 254
6.6875 -6.0000 0.9300 218 87 167
10.3125 -22.5000 1.0190 231 118 136
14.5000 -1.0000 1.0420 218 114 184
11.3750 -5.0000 0.9860 226 91 184
11.0625 -8.5000 1.6660 199 212 108
16.6875 16.0000 1.0820 201 218 67
10.4375 -12.0000 0.9860 202 196 138
-11.3125 -1.5000 0.1130 158 133 116
3.8750 -18.0000 1.2760 238 158 109
-2.6250 10.0000 5.4470 69 132 228
23.0000 11.0000 0.1160 182 136 151
-17.0000 1.0000 1.6910 176 190 96
8.1250 15.0000 1.3140 225 125 111
-10.1250 -7.0000 0.1210 144 136 144
1.1250 -14.5000 1.2230 214 188 82
-11.6875 8.5000 1.8940 189 199 111
15.7500 -0.5000 1.0280 224 120 180
5.5625 0.5000 4.7780 75 137 227
17.3125 -2.5000 0.8140 203 140 210
-21.0625 -8.0000 1.4400 233 91 104
8.6875 -9.5000 0.9840 219 150 161
17.5000 -13.5000 0.1210 181 167 94
7.6250 -11.5000 0.6940 181 185 178
19.5000 -23.5000 0.1140 192 163 65
0.1875 -15.0000 1.2530 215 184 82
24.0625 -9.5000 0.2510 167 175 98
-13.8750 0.0000 0.1190 154 111 153
20.8125 -4.0000 0.8750 220 232 67
12.6875 -0.5000 0.9220 215 82 205
17.5625 1.5000 1.0070 226 119 180
-19.3125 12.5000 1.3240 246 96 106
-2.2500 -15.5000 1.2540 231 129 81
6.4375 -0.5000 4.5410 94 144 238
8.1875 14.0000 1.1710 232 117 146
14.6250 6.5000 3.7870 93 168 254
-21.7500 -12.5000 1.4500 237 125 100
-15.6250 22.5000 3.8060 118 153 254
-12.9375 22.0000 1.7370 207 193 122
-12.5625 -3.0000 0.1170 164 130 117
10.3125 22.0000 1.1650 232 119 118
7.3125 -22.0000 1.3030 229 100 104
6.1250 -0.5000 4.6250 92 143 237
18.6250 -11.5000 4.8530 72 254 126
-13.7500 -21.0000 5.6230 87 118 224
-2.1875 10.0000 5.5180 69 131 224
-4.3125 14.0000 1.2290 240 81 119
-12.3125 -16.5000 5.3960 90 111 239
-13.5000 19.5000 3.9640 114 123 254
-3.1875 14.5000 1.2370 240 81 112
9.5625 5.0000 4.5360 69 146 240
4.2500 9.0000 5.7510 63 130 234
-17.4375 15.5000 1.4360 224 107 97
6.6250 -22.5000 1.2040 239 77 110
-24.6875 -24.0000 1.3850 226 91 118
22.0625 11.0000 0.1160 180 106 183
-21.1875 -20.0000 1.5510 230 171 67
-21.5625 -19.0000 5.1170 85 137 225
18.6250 -8.0000 0.9100 181 226 95
3.4375 13.0000 1.2550 242 112 137
11.8750 18.5000 0.1020 161 100 186
5.5000 24.5000 5.8670 89 138 215
19.3750 -16.5000 0.1340 191 145 75
18.0000 21.0000 0.1160 162 159 139
9.9375 3.5000 4.2930 73 154 240
10.5000 0.0000 3.9230 97 135 254
16.8750 4.0000 1.0420 229 81 162
-15.0625 15.5000 1.4390 227 115 104
-6.3125 4.0000 5.3320 67 132 241
19.5625 -20.5000 0.1250 198 173 50
12.9375 5.0000 3.8860 90 149 254
1.1875 -19.5000 1.3210 248 103 104
15.6875 -7.0000 0.3900 185 119 203
-15.2500 3.0000 1.6880 203 173 85
19.1250 19.0000 0.3700 176 174 133
-5.5000 -15.0000 1.3230 242 100 108
13.7500 10.5000 1.1040 222 79 138
-13.1250 -10.5000 1.5100 231 151 61
0.8125 -13.0000 0.1430 166 95 156
-22.5625 -14.0000 1.4840 238 139 99
-0.3125 21.5000 1.7960 201 219 129
13.0000 -5.5000 0.9930 235 90 171
-4.0000 14.0000 1.2300 241 81 117
-17.4375 -7.5000 1.4830 233 126 100
-0.6250 -5.5000 0.9780 219 103 152
23.3750 -14.5000 0.1300 174 196 68
-3.3125 19.0000 1.3080 248 93 128
19.6250 -7.5000 0.4100 182 186 141
-6.8750 -17.0000 1.4380 241 109 104
12.9375 3.5000 3.8090 90 157 254
-19.0000 7.0000 1.5350 213 160 82
-5.8750 14.5000 1.2340 254 79 118
-17.3125 11.0000 1.4200 229 119 110
16.3125 -23.5000 0.1160 171 167 103
-7.9375 9.0000 4.3040 106 138 229
-3.5625 6.0000 5.6240 69 145 206
-2.6250 -21.0000 5.2430 95 118 248
-19.8125 12.0000 1.2710 243 83 114
4.5000 13.0000 1.1690 235 94 150
15.5000 23.0000 0.1110 171 124 135
-11.3750 -13.0000 1.5080 237 114 77
-17.5625 -13.5000 5.4220 94 103 225
-11.8750 -20.5000 6.0230 73 93 220
3.8125 12.0000 6.1260 67 135 234
14.2500 11.0000 1.0860 228 112 155
-3.8750 -24.5000 1.3620 228 89 129
2.6250 -19.0000 1.2790 251 96 136
-16.6875 -16.0000 5.9530 79 104 222
-14.1250 -23.5000 1.6120 204 162 85
-6.8750 3.5000 5.2050 71 133 242
-23.0000 21.5000 1.4960 234 147 86
-7.6250 12.5000 4.1500 116 130 242
18.5000 6.0000 1.1140 226 104 143
-9.9375 9.0000 4.0720 98 151 234
18.8125 -14.0000 0.1230 187 164 86
20.5000 10.0000 0.1100 170 107 200
2.6875 15.5000 1.1910 254 89 162
2.8125 13.0000 6.2610 64 131 241
22.8750 -2.0000 0.1270 158 155 157
-14.2500 8.0000 1.5020 222 124 84
19.3750 -11.5000 0.1250 173 168 123
-11.5000 11.0000 1.5010 224 142 96
-1.5000 15.0000 5.1990 82 121 254
-14.4375 -11.5000 1.5100 236 118 77
-14.5000 -6.5000 0.8980 211 125 67
19.6250 4.5000 1.1730 225 123 124
1.7500 -15.5000 1.2260 224 157 83
-9.5625 -22.5000 5.9390 74 100 231
8.4375 12.5000 1.1610 240 106 141
10.5625 -10.5000 0.9680 209 168 164
5.2500 -16.5000 1.2230 206 184 73
-3.2500 -20.0000 5.1630 90 124 251
24.2500 18.5000 0.1090 157 144 90
-0.8125 0.0000 1.2600 232 94 94
4.0000 -2.5000 1.2790 233 113 98
13.3125 0.0000 1.0990 211 99 155
11.6875 8.0000 4.3850 75 152 254
17.6250 17.5000 0.5360 188 200 137
24.9375 2.5000 0.1110 168 147 125
-16.8750 -12.0000 1.9030 193 167 154
6.0000 -11.0000 0.5190 188 146 162
-8.1250 0.0000 1.2020 217 118 105
24.5000 -25.5000 0.1170 177 174 7
8.4375 -11.0000 1.0210 211 165 162
-12.3750 -5.5000 0.1220 162 145 106
-0.3750 -24.0000 1.3730 245 108 139
15.0000 14.5000 0.1190 182 119 204
-24.5625 -12.0000 1.3170 234 78 121
5.7500 -1.5000 4.6220 86 145 243
21.1875 7.0000 0.9370 216 160 89
-9.8125 17.0000 1.3610 242 83 108
-9.5000 6.0000 4.2530 93 149 234
5.8125 22.0000 1.2750 247 129 116
24.7500 -4.5000 0.6290 194 230 68
9.0625 -14.0000 0.1070 191 110 155
-3.5625 13.0000 1.2450 241 74 95
-5.1250 11.0000 4.4890 103 138 226
1.1875 1.5000 5.6570 69 133 218
13.2500 0.5000 1.3500 212 140 112
-0.5000 -0.5000 1.4300 220 137 93
15.1875 -16.0000 0.1140 196 170 83
-5.7500 -10.0000 0.1270 155 112 152
23.1875 -17.0000 0.1220 184 161 93
5.2500 13.0000 1.1420 239 61 144
2.8125 -9.5000 0.3160 161 163 166
10.8125 2.5000 4.0530 86 140 238
1.2500 13.5000 5.8900 76 126 224
-0.6875 18.0000 1.2750 247 106 139
9.5625 -22.5000 1.1470 240 124 105
15.3750 -16.5000 0.1100 199 167 81
-23.8125 -14.5000 1.3060 243 89 117
-21.6250 -18.0000 5.3690 79 122 219
5.8125 14.0000 1.1530 238 81 160
17.7500 8.5000 0.9740 215 109 174
20.6250 -24.5000 0.1140 179 151 43
19.3125 -8.0000 0.5510 180 207 118
-17.8750 9.0000 1.4730 231 136 99
-13.0625 -22.0000 5.5150 85 118 230
7.9375 18.0000 1.4390 218 157 107
-13.2500 -19.5000 6.1220 71 89 225
-3.2500 -19.0000 1.3750 247 120 102
9.3750 -22.0000 1.1150 238 119 119
9.6875 -25.0000 1.0620 219 118 121
9.0625 21.5000 6.0480 63 156 217
-8.0000 12.5000 4.1270 107 136 235
14.5000 23.5000 0.1600 162 117 141
-17.4375 -12.0000 1.6710 213 139 103
3.1875 -2.5000 1.2430 235 104 103
21.8125 -6.0000 0.7270 204 224 104
-19.1875 24.5000 1.7890 198 192 134
-13.1875 -9.0000 1.4200 216 148 74
8.6875 3.0000 4.4640 71 149 239
3.1875 3.5000 5.4910 58 131 227
-12.0625 2.5000 1.3010 232 131 78
-10.8125 21.0000 3.8550 122 125 254
23.1250 14.5000 0.1170 177 132 170
24.6250 -10.5000 0.2160 167 170 89
-17.3125 6.0000 1.5470 215 141 76
-1.1250 2.0000 6.0710 59 112 230
-3.1250 -4.5000 1.0070 217 156 143
-2.3125 -11.0000 0.1050 162 121 150
12.8125 22.0000 0.1840 162 93 189
-20.0625 2.0000 1.6760 194 182 81
13.3750 13.0000 1.1150 228 116 130
-20.3750 22.0000 1.7500 215 209 117
-15.3750 -8.5000 1.4890 220 154 49
4.0000 23.5000 1.2940 235 136 123
11.5625 17.5000 0.7860 203 137 165
-20.0000 5.0000 1.6440 201 171 96
3.6250 -7.0000 1.0480 215 143 132
-21.5625 -9.5000 1.4080 236 109 105
8.0625 9.0000 5.0980 80 120 246
-22.2500 16.5000 1.3860 238 124 98
-24.5000 20.0000 1.4310 239 114 117
-10.3750 5.5000 1.4070 235 123 82
8.8125 9.5000 1.1560 240 88 127
5.7500 -20.0000 1.2540 230 146 87
-1.8125 -21.0000 2.7790 134 221 244
10.2500 -18.5000 0.1200 171 116 169
7.2500 21.5000 1.2950 246 132 112
-5.6875 2.5000 5.6170 70 115 239
-19.3125 11.0000 1.3010 242 98 108
9.5000 -25.5000 0.8500 201 106 153
-16.9375 21.5000 1.7700 204 195 139
16.6250 -2.0000 1.0310 230 126 168
23.8750 22.5000 0.1100 186 128 98
22.1875 -15.5000 0.1140 180 164 107
-3.0625 -12.0000 0.1240 159 130 155
-23.2500 9.0000 1.2980 215 158 94
-16.6250 -1.5000 1.4250 190 201 42
21.1875 15.5000 0.1170 172 154 156
14.8750 7.5000 0.9710 219 64 175
5.8125 -3.5000 4.5640 86 153 243
-0.8125 -21.5000 3.2540 129 181 254
-12.7500 -24.5000 1.4770 216 131 84
15.5625 -2.5000 0.9840 230 113 181
-4.3125 -19.0000 1.4140 240 122 107
-14.7500 9.0000 1.4790 233 121 79
9.4375 -14.0000 0.1230 192 113 156
5.5000 -11.0000 0.2220 176 97 189
-6.0625 7.5000 4.5690 89 147 235
4.4375 -24.5000 2.0900 151 193 174
2.8125 -15.5000 1.2340 219 173 76
-6.0625 -25.5000 5.6760 96 106 233
-5.1250 9.0000 4.5760 96 139 215
14.3125 14.0000 0.1100 178 121 205
11.2500 -1.5000 3.6510 109 172 245
-7.6250 -16.0000 1.4420 243 112 108
8.1875 -11.0000 0.9690 205 162 173
-13.1875 -20.5000 5.9280 76 99 222
22.8750 7.0000 0.5890 202 165 143
-14.9375 2.0000 1.4550 199 166 65
-24.1250 6.5000 0.2210 151 101 162
-19.2500 -9.0000 1.4620 238 122 107
-20.5625 7.0000 1.4910 205 193 77
-14.2500 24.0000 1.7440 206 174 131
-15.0000 22.0000 1.7550 207 200 128
-23.1250 -16.5000 5.5060 76 119 229
-22.4375 14.5000 1.4440 235 132 93
24.0000 -13.5000 0.1180 157 177 59
19.8125 -16.5000 0.1170 189 144 70
9.0625 -7.5000 0.9770 233 117 158
14.1875 3.5000 1.2960 217 110 113
-24.6250 -1.0000 1.7110 188 172 114
16.2500 -14.0000 0.0950 170 133 83
-2.0625 13.0000 5.2460 72 138 236
16.6250 22.0000 0.1160 175 131 134
-16.4375 -5.0000 0.4570 165 119 157
-17.3750 -17.0000 6.0940 72 106 213
16.1250 -5.0000 0.8390 218 121 175
-20.4375 11.0000 1.3940 231 126 95
-15.6250 14.0000 1.4170 232 104 106
-5.7500 3.0000 5.5430 66 130 232
-16.5625 -24.0000 1.4560 220 135 72
-10.5625 22.0000 3.7530 121 128 254
-19.1250 11.5000 1.3130 242 99 106
-18.5625 22.0000 1.8140 198 198 141
-3.7500 -10.0000 0.1410 155 129 167
-11.4375 20.5000 3.7440 121 128 254
8.8125 3.5000 4.4720 70 151 242
13.8125 -16.5000 0.1400 178 174 73
-12.4375 0.5000 0.8500 193 137 123
20.1875 -12.0000 1.8410 159 254 4
-14.5625 22.5000 3.2380 133 184 254
19.5000 -15.5000 0.1020 176 172 60
11.2500 24.0000 1.1530 214 154 88
16.0000 -24.5000 0.1070 164 170 98
-7.7500 -17.5000 1.5270 225 125 100
-18.7500 -12.0000 5.2660 86 109 246
23.5625 20.0000 0.1080 178 137 105
22.3125 -0.5000 0.1060 156 144 154
-3.3750 12.5000 1.2670 241 85 87
-15.8750 12.5000 1.4260 240 109 98
-8.1875 -5.0000 0.1220 152 134 114
-5.7500 -19.5000 5.3480 82 111 254
24.9375 -5.5000 0.3490 173 179 103
-24.7500 -20.5000 1.3180 237 94 125
-8.5000 14.0000 2.0960 169 191 170
5.5625 -4.5000 1.6280 195 200 107
-13.5000 -20.0000 5.8910 75 99 225
-19.7500 -17.5000 5.7400 74 129 227
2.1250 -1.5000 5.2620 82 136 247
-12.4375 19.5000 1.7820 187 191 151
2.1875 23.0000 1.3220 240 133 134
-0.1250 -17.5000 1.3270 242 142 88
-10.3125 -8.5000 0.2640 156 154 138
7.6875 -7.0000 0.8980 225 109 169
-3.4375 -22.5000 2.4730 143 221 233
14.1250 -5.5000 1.5340 215 193 92
10.1250 9.5000 1.1140 235 82 136
-24.8125 20.5000 1.4250 239 113 118
-3.0000 -18.0000 1.3550 243 114 100
3.6250 18.5000 1.2480 249 107 130
-16.3125 17.5000 1.4240 232 110 118
-9.2500 -16.5000 1.4890 239 120 90
-16.6250 17.5000 1.4670 225 120 119
-16.0625 15.0000 1.4410 226 118 106
-1.8750 -16.0000 1.2340 238 91 122
25.0625 12.0000 0.9700 180 250 21
-22.2500 10.0000 1.5980 205 184 77
-15.1875 8.0000 1.5040 229 132 78
9.8750 -12.0000 0.9610 201 194 143
-0.3750 6.0000 6.3340 48 129 211
17.0000 7.0000 0.9920 215 74 164
1.0625 -18.5000 1.2980 244 118 96
9.0625 -23.5000 1.4150 226 156 73
24.3750 -19.0000 0.1050 186 181 49
-7.2500 10.5000 4.2850 100 141 235
7.8125 -23.5000 1.3760 227 134 74
6.6875 -25.0000 1.3090 222 119 92
15.5625 -6.0000 0.9240 228 117 154
9.5625 2.0000 4.2290 82 145 245
-4.2500 -2.5000 1.1980 237 99 147
16.8750 17.0000 0.1220 175 128 171
-7.8750 -2.0000 0.8400 187 178 111
12.1875 19.0000 6.1130 55 188 182
14.0625 -4.0000 0.9410 226 100 176
-3.1875 10.0000 5.3090 71 133 230
-7.3125 0.0000 1.2260 214 127 107
-23.0000 -10.5000 1.4020 236 109 104
18.7500 19.5000 0.2180 162 156 141
9.9375 7.5000 4.6260 70 158 248
23.8750 -2.0000 0.1250 156 156 134
8.0000 -4.5000 1.6130 211 209 101
-21.8750 22.5000 4.7670 83 138 254
21.0000 -8.0000 0.3350 185 160 129
18.3125 -5.5000 0.8150 199 170 147
10.8125 -12.0000 1.1070 209 199 118
2.6250 23.5000 1.3500 232 136 120
-7.4375 7.5000 4.4270 97 148 238
-22.3750 8.0000 1.4970 207 189 63
-22.6875 13.5000 1.4400 236 133 96
-22.2500 19.0000 1.4320 238 112 99
14.5625 22.0000 0.1130 173 133 145
-7.1250 -24.0000 5.8280 84 112 243
-4.1875 7.5000 5.3690 74 145 211
-1.3125 -22.0000 1.3850 243 118 136
-13.5625 -12.5000 1.5370 239 133 90
-12.3750 -1.0000 0.1200 155 140 131
2.4375 24.5000 1.2970 230 122 140
20.0000 -15.5000 0.1370 174 176 57
-9.0625 -17.0000 1.4700 241 115 90
12.4375 14.5000 0.3230 179 102 190
-6.0625 0.0000 1.2470 231 102 104
8.1875 21.5000 1.2920 235 138 118
3.8750 -10.0000 0.2600 166 155 160
8.3125 -22.5000 1.1380 236 114 115
13.0625 -15.5000 0.1000 171 170 84
-1.1250 12.5000 5.5060 77 138 244
22.5625 -10.0000 0.2890 172 181 91
-3.1875 11.0000 5.2150 76 132 229
-10.6250 3.0000 1.2140 239 95 113
-14.4375 11.5000 1.4380 232 108 90
-21.6875 19.5000 1.4430 235 113 98
0.4375 7.0000 6.2160 47 127 215
24.7500 5.0000 0.1110 153 128 133
14.3750 -14.0000 0.1170 167 149 95
9.6875 -5.0000 3.6370 105 190 254
24.9375 -25.0000 0.1150 177 177 7
-9.0000 20.5000 1.3620 254 99 115
25.0000 -16.0000 0.1200 178 184 56
-2.8125 -5.0000 0.9260 214 155 147
15.4375 -9.5000 0.1320 152 139 161
-6.1875 2.5000 1.2210 223 93 121
-19.5625 -0.5000 1.6850 192 167 85
-19.6875 -19.0000 5.4040 88 128 225
-19.3750 -14.0000 5.7530 87 103 222
-15.7500 -17.0000 5.9660 73 107 222
-5.9375 11.5000 4.3540 104 139 233
-10.1250 -9.0000 0.6750 182 152 137
11.3125 2.5000 3.9670 83 153 254
-10.4375 17.5000 1.3650 238 83 115
-4.0625 4.0000 5.7620 65 123 231
10.9375 -10.0000 0.9470 212 144 161
22.2500 5.5000 0.6490 192 167 125
-17.1875 -14.5000 5.6770 92 93 228
-16.8750 -23.0000 1.5470 221 161 87
1.9375 5.0000 5.8090 59 126 226
21.5625 3.5000 0.2960 170 132 197
10.2500 -10.0000 1.3860 211 188 105
8.6875 24.0000 1.2780 223 134 133
-24.4375 13.0000 1.4130 225 109 121
18.4375 17.5000 5.9090 62 235 140
-1.3125 15.0000 5.1790 83 121 254
23.4375 -4.0000 0.6950 207 234 56
12.5625 -7.0000 1.2740 242 144 116
-8.8125 12.0000 4.0470 106 143 242
12.1250 22.0000 0.2550 163 96 196
12.1875 10.5000 1.0610 225 67 149
14.0000 13.0000 0.9380 213 104 164
2.0625 -14.5000 1.1430 199 175 74
12.5625 -21.5000 0.2180 156 136 176
8.0000 -12.5000 0.1570 169 109 159
-2.9375 -16.0000 1.2580 246 90 118
-8.2500 1.0000 1.1980 224 133 108
-0.6250 -25.0000 1.3650 229 102 143
-11.5625 24.0000 1.8050 188 177 135
-9.7500 11.0000 2.1330 158 214 173
19.5000 7.5000 1.0090 214 103 164
23.1250 -4.0000 0.7040 208 233 55
-22.8750 -19.0000 1.7070 205 199 92
17.9375 -6.0000 0.0910 175 123 182
-22.8750 -15.5000 5.7790 76 125 228
-15.5000 24.5000 1.7440 194 171 144
19.6250 11.0000 0.1120 153 114 169
12.8125 -16.5000 0.1140 177 170 88
-5.3125 -16.0000 1.3410 245 83 120
9.8125 -10.5000 1.4680 207 206 98
8.2500 -7.0000 0.9830 232 120 155
9.4375 -23.5000 1.1780 236 125 98
21.9375 -13.0000 0.1020 156 181 84
8.0625 -15.5000 0.0890 169 131 135
-8.3750 24.0000 1.4250 233 106 128
2.5625 19.0000 1.2410 248 102 138
4.0000 4.0000 5.3910 60 131 227
-15.0000 -11.0000 1.4890 241 117 75
-2.1250 -7.5000 0.0910 150 108 143
-15.8750 -24.5000 1.4670 225 143 86
16.1875 17.0000 0.1320 177 129 180
4.1875 18.5000 2.5730 137 231 233
24.6875 -0.5000 0.1150 161 166 109
-9.8750 -24.5000 5.4660 90 98 233
-19.1250 -8.0000 1.4920 237 133 102
-16.6250 4.5000 1.5790 213 152 89
-10.5625 -2.0000 0.1210 155 132 127
-13.1250 -6.0000 0.1080 158 145 107
-10.1250 -2.5000 0.1070 159 130 122
5.4375 -22.0000 1.2650 233 85 110
-9.8750 -3.5000 0.1140 164 131 126
5.8125 -22.5000 1.1640 239 70 118
12.9375 -18.0000 0.1150 168 182 82
-5.6250 -18.0000 1.4340 234 110 100
-15.1875 -15.5000 5.5520 82 112 232
-12.3750 8.5000 1.6780 202 184 91
17.6875 12.0000 0.1230 155 117 182
0.7500 11.5000 5.9840 73 129 218
-15.0000 19.5000 1.5020 227 142 105
7.9375 -18.0000 0.2150 171 145 164
25.0000 6.0000 0.1140 153 134 136
-4.5000 2.5000 5.8170 64 116 233
7.0000 3.0000 4.7760 67 134 240
-2.1875 12.5000 5.3070 70 138 235
23.2500 2.5000 0.1180 165 141 148
22.1250 -4.0000 0.5860 198 220 124
20.1250 -8.5000 0.3800 181 184 107
-12.2500 24.0000 1.6900 200 170 130
12.2500 -17.5000 0.1200 178 173 84
6.6250 -18.0000 1.2330 204 186 57
-14.5000 17.5000 1.4150 228 109 104
10.1250 0.0000 3.9680 88 148 241
2.0000 3.5000 5.6470 61 127 222
20.7500 22.0000 0.1170 184 153 135
-7.6250 7.5000 4.3950 92 158 226
-9.0625 11.0000 4.0880 103 147 240
0.3125 21.0000 1.3220 254 132 117
-8.6250 20.0000 1.3680 250 92 116
-12.0000 -3.5000 0.1230 171 124 122
-3.0000 -24.0000 1.3930 245 119 124
-2.5000 -21.5000 2.9220 131 207 254
-12.2500 15.0000 1.4020 241 109 115
2.3750 13.0000 1.3470 233 134 129
13.2500 5.5000 3.8980 94 154 254
12.6250 1.0000 3.6240 92 158 254
-15.6250 0.0000 0.1070 170 107 183
-7.0625 15.5000 1.3010 254 91 118
14.0000 2.5000 1.2870 220 123 124
-24.7500 3.5000 0.2100 149 99 173
15.3750 -0.5000 1.0760 222 126 170
-1.1250 -5.5000 0.8820 202 100 170
-20.8125 -20.5000 1.5520 220 147 78
0.8750 6.5000 6.1110 52 128 210
-11.9375 10.5000 1.5740 214 164 86
6.6875 -25.0000 1.2800 223 114 95
9.1875 17.0000 1.0520 225 104 162
-8.6250 10.0000 4.1510 97 149 239
4.0000 -22.0000 1.2490 248 74 129
11.9375 19.0000 1.1850 229 178 59
-16.0625 20.5000 3.8690 117 147 254
17.0000 0.0000 1.0270 224 113 176
-10.1875 17.0000 1.3740 239 86 110
-3.9375 -8.0000 0.1350 152 120 141
2.6875 -23.5000 1.2860 250 80 132
20.0625 2.0000 0.7390 203 155 149
-10.5625 21.5000 3.9200 116 123 254
-16.3125 24.0000 2.8740 137 195 253
-21.8750 -7.5000 1.4690 232 101 102
13.9375 17.0000 1.1050 229 191 80
4.9375 13.5000 1.2030 239 94 143
-4.6875 -18.0000 1.3760 237 92 103
-12.5625 -10.0000 1.5780 219 170 62
13.1875 -10.5000 1.0450 229 124 129
-15.4375 -14.5000 5.4270 90 102 238
-9.9375 13.0000 1.4890 229 132 94
2.5000 13.5000 1.3810 227 143 124
-3.2500 -20.0000 1.4080 245 129 95
21.5000 2.5000 0.1880 168 117 205
0.7500 18.5000 1.2320 249 98 140
-9.0000 -20.0000 5.8290 75 100 229
-2.6875 -5.0000 0.8920 212 153 149
11.3125 11.5000 1.1020 218 99 145
-23.8750 -15.0000 1.3200 244 92 114
-7.5000 15.5000 1.2980 254 88 122
12.4375 -5.5000 0.9820 234 89 176
8.9375 11.0000 1.1490 232 85 141
-15.6875 15.5000 1.4560 225 122 104
24.1875 16.5000 0.1150 163 172 94
-8.0000 9.5000 4.2630 95 147 229
-14.2500 1.5000 1.1700 210 130 86
2.3750 -10.0000 0.1900 160 145 157
-10.1875 4.5000 1.2790 238 96 99
22.5000 4.0000 0.1140 156 110 191
-14.5000 -4.0000 0.1130 140 109 147
-19.6875 -3.0000 1.6470 191 188 88
-18.3125 18.0000 1.4950 232 131 98
14.0625 -24.0000 0.1400 149 155 124
23.8750 -21.5000 0.1160 187 174 47
-1.1250 22.5000 1.3150 253 118 127
15.3125 9.0000 1.0160 220 93 157
-6.1250 -0.5000 1.2110 213 138 119
1.3125 -15.5000 1.2380 223 158 93
22.8750 -9.5000 0.2660 172 175 108
-1.1875 14.0000 5.3720 74 152 253
-15.2500 16.5000 1.4390 224 114 109
-21.4375 -7.0000 1.4500 231 91 109
18.9375 -23.5000 0.1220 192 165 71
16.3125 -14.0000 0.1230 171 142 82
3.2500 -4.5000 1.0170 238 95 158
-6.3125 -4.0000 0.6460 176 191 125
-23.7500 -22.5000 1.4100 239 103 103
0.4375 -13.5000 1.1580 222 194 87
6.6250 -13.0000 0.1430 161 125 156
-20.8750 -0.5000 1.6660 191 149 99
-12.8125 -18.5000 5.9530 75 91 226
14.1250 -11.5000 0.1220 159 124 177
13.7500 14.5000 0.1300 168 107 179
-16.2500 22.5000 1.7500 204 196 134
-20.1250 8.0000 1.6340 200 179 102
-5.6875 21.0000 1.3590 254 98 122
6.8750 9.0000 5.3010 77 126 235
-20.3125 -10.5000 1.4490 239 128 116
-1.5000 -18.0000 1.3200 236 120 108
-12.0625 23.5000 1.7260 200 181 127
-21.6875 -4.0000 1.5890 209 139 110
4.3125 9.5000 5.7870 63 129 233
18.0000 -16.5000 0.1200 189 146 80
-24.3125 -11.0000 1.3820 222 92 118
-2.1875 -3.0000 1.1190 237 92 150
-14.0625 16.0000 1.3310 235 94 125
-13.8125 -12.5000 1.5420 238 133 93
-10.5625 16.5000 1.3700 240 105 114
-19.2500 5.5000 1.6140 207 167 84
13.1875 22.0000 0.1920 163 95 184
-20.3125 -20.0000 5.1360 94 124 228
1.5625 12.5000 6.0650 73 124 227
9.6250 3.5000 4.3400 72 154 242
9.0625 -7.5000 0.9740 233 116 159
17.0625 -13.0000 0.1140 169 161 114
-19.8750 -20.5000 5.0770 93 123 229
-22.3125 -23.0000 1.4440 249 119 85
10.4375 22.5000 1.1970 230 125 114
9.3125 -5.5000 1.1210 240 105 134
-16.1875 -14.0000 5.3610 91 104 241
12.3750 -18.0000 0.1330 179 176 76
8.6875 -23.5000 1.3710 230 143 78
19.0000 -16.5000 0.1150 190 143 76
1.4375 0.0000 5.4830 66 133 231
14.6250 13.0000 0.8050 208 138 180
-19.3750 9.0000 1.4290 231 132 105
-4.2500 -4.5000 0.7100 195 151 169
8.1875 15.5000 1.2340 230 125 131
-8.1250 21.5000 1.3640 254 97 114
-18.6250 -8.0000 1.4720 240 127 101
16.7500 3.0000 1.0030 233 66 170
3.3750 22.5000 1.3070 244 130 112
5.7500 1.0000 4.8060 73 137 229
-1.6250 -11.5000 0.0770 154 121 129
-15.0625 -16.5000 5.7800 75 111 225
-6.2500 4.0000 5.2970 68 133 241
12.8750 12.5000 1.1260 231 113 127
-1.7500 3.5000 6.3190 60 117 213
-22.2500 23.0000 4.7710 87 140 254
-11.2500 -9.5000 1.1540 226 123 49
-23.3125 -1.0000 1.6160 199 167 96
21.5625 10.5000 0.1170 178 103 192
9.0000 14.0000 1.2120 235 123 131
-21.3125 -20.0000 1.5780 226 178 69
-15.8125 17.0000 1.4450 218 115 116
-14.3125 -9.5000 1.5240 220 136 55
-1.3750 8.5000 5.8560 67 146 212
-22.9375 7.5000 0.7360 183 118 142
19.6250 -9.5000 0.1490 179 173 129
16.3750 -12.0000 0.1000 160 168 107
12.1875 4.5000 4.0350 83 152 254
21.5000 14.5000 0.1140 175 138 149
-18.3750 -11.0000 1.5280 238 139 98
-23.3750 -22.5000 1.3870 245 99 97
22.1875 -9.0000 4.7060 67 254 154
17.2500 16.0000 0.8420 209 198 91
-16.0625 -8.5000 1.4820 220 151 56
-12.1875 21.5000 2.6970 141 217 254
22.0625 -24.5000 0.1170 190 168 38
-6.8750 -11.5000 1.2120 211 168 61
14.5625 4.0000 1.2720 226 116 129
-7.3750 5.0000 4.5650 93 130 229
-15.2500 -6.0000 0.8930 191 131 71
18.8125 -3.0000 0.1390 171 107 199
-8.1875 -17.5000 1.4680 232 112 107
1.9375 -25.0000 1.2980 237 85 132
-24.3125 -18.0000 9.8870 65 70 183
21.4375 -12.5000 0.1120 152 189 87
-21.3125 -14.0000 6.0030 68 104 224
20.9375 19.0000 0.1770 166 172 137
11.4375 -10.0000 0.9670 215 147 157
15.6250 -5.5000 1.0060 238 117 137
-19.0625 15.5000 1.4080 230 102 95
23.5625 4.5000 0.1190 158 113 173
19.7500 -8.0000 0.3860 183 188 134
12.5000 23.5000 0.1400 153 89 185
-22.4375 -1.5000 1.5950 211 150 92
14.0000 -1.0000 1.0000 222 104 189
-22.8125 -19.0000 1.6780 209 195 89
-11.4375 9.0000 1.7750 193 197 99
18.5000 -20.0000 0.1190 197 174 59
-10.6875 21.0000 1.5610 216 153 120
-21.5625 2.5000 1.6950 181 196 86
16.1875 13.0000 0.1210 170 105 188
-19.0625 19.0000 1.4980 229 130 100
-23.7500 2.5000 0.2350 158 91 164
22.9375 -5.5000 0.3940 189 185 135
-15.5625 18.5000 1.4550 237 129 103
-4.0625 14.5000 1.2370 241 82 118
14.7500 24.5000 0.1680 160 120 138
-16.6875 -22.0000 5.1390 96 124 241
14.5625 10.5000 1.0560 219 99 159
-15.0000 4.0000 1.5830 215 161 77
-5.3125 -23.0000 6.0010 75 115 238
-14.8750 22.5000 3.2660 132 183 254
-7.3125 -25.0000 5.5690 93 93 237
-11.7500 15.5000 1.3920 242 107 115
22.1250 -16.5000 0.1210 182 163 107
-3.5000 -0.5000 1.2170 229 102 127
15.1250 -4.0000 0.9340 225 117 167
-21.8750 -4.5000 1.5530 218 133 105
9.7500 -24.5000 1.0310 223 116 126
-19.3750 14.0000 1.3610 237 101 105
20.9375 1.5000 0.1660 151 128 197
-22.1250 -22.0000 1.4170 249 112 84
-21.4375 -14.0000 6.1200 67 102 224
7.2500 -9.0000 0.9540 220 124 120
17.2500 -14.0000 0.1250 171 157 87
21.3125 -18.0000 0.1250 178 154 97
-22.2500 4.5000 0.2120 166 76 140
-4.5000 8.5000 5.2040 75 136 233
-2.8125 -12.0000 0.1300 160 130 153
11.0625 3.5000 4.0910 81 151 254
15.1875 4.0000 1.0550 237 77 163
17.9375 -23.0000 0.1160 190 169 81
-19.1250 0.0000 1.6860 196 176 76
-2.3750 20.0000 1.3000 243 110 143
-4.3125 9.5000 5.1410 79 136 224
-17.6250 -14.0000 5.5410 94 102 222
-14.5625 6.5000 1.5370 230 137 72
21.1250 21.5000 0.1100 189 149 134
-11.5625 -0.5000 0.1260 160 137 139
12.8125 21.0000 5.8870 62 196 181
24.8125 -1.0000 0.1150 161 164 108
10.3750 7.0000 4.5180 73 158 243
14.9375 -2.0000 0.9670 227 109 193
6.1875 8.0000 5.3250 70 128 242
-12.8125 -7.0000 0.2240 167 103 142
7.8750 21.5000 1.2920 233 137 120
-18.6250 10.0000 1.4240 235 131 102
-8.5000 13.0000 4.0360 109 138 244
-12.5625 4.5000 1.3210 248 115 101
-21.1875 -15.5000 5.9130 72 113 222
-14.0625 -10.0000 1.5120 228 140 66
0.5625 -3.0000 1.1330 239 91 145
-6.3750 18.5000 1.3210 254 94 138
19.2500 -5.0000 0.7770 197 178 150
24.0000 16.0000 0.1160 173 155 124
11.1875 5.0000 4.2010 77 154 247
16.8750 -19.5000 0.1120 190 151 76
-18.1250 -10.5000 1.4870 242 129 100
15.1875 6.5000 3.6420 96 179 254
-4.4375 -14.5000 1.2720 227 118 116
-9.1875 12.0000 4.0100 106 145 245
-7.5000 18.0000 1.2980 254 87 147
18.6875 8.5000 0.9420 220 137 145
3.8750 19.5000 1.5790 200 203 108
21.6875 13.5000 0.1500 189 118 173
18.1875 -9.5000 0.1180 165 142 148
-7.6875 1.0000 1.2080 225 88 120
-11.0625 18.0000 1.3450 235 77 125
9.6250 1.0000 4.1270 82 149 249
15.3125 -7.0000 0.6180 204 114 195
18.5625 -22.0000 0.1260 189 169 83
17.5625 4.0000 1.0650 225 100 162
-3.1250 15.0000 1.2480 244 84 109
-4.1250 13.5000 1.2200 237 65 104
-10.3125 -18.0000 5.5500 81 96 244
-3.9375 8.5000 5.3560 72 134 230
23.0000 21.0000 0.1140 196 131 111
-24.5625 -5.0000 1.4780 212 98 121
11.3750 -20.5000 0.7070 191 174 135
10.8750 -12.0000 1.0030 216 156 145
-10.6250 -20.5000 6.0800 78 86 210
7.4375 -21.5000 1.1500 224 125 109
-23.6250 -15.0000 1.3560 243 99 110
-1.7500 -2.5000 1.1860 236 102 141
13.8750 17.0000 0.9140 223 175 107
7.6250 -22.0000 1.3900 223 117 101
8.9375 7.0000 4.7890 66 161 252
-11.5000 4.0000 1.2290 247 101 106
-18.8750 -24.0000 1.4370 242 134 73
7.7500 18.5000 1.4510 223 160 110
22.8125 18.0000 0.4590 188 230 84
-17.3750 -23.0000 1.5180 232 156 63
-16.5625 -21.5000 5.2050 93 114 235
-17.5000 -15.0000 5.8360 81 109 223
14.0000 22.0000 0.1470 164 112 148
-10.0625 -16.5000 5.1650 92 104 248
-1.1250 -24.5000 1.3640 233 104 141
-23.7500 18.5000 1.4270 231 106 116
-12.8750 -11.0000 1.5080 234 150 59
-10.0625 21.0000 1.4460 241 127 111
-18.2500 -15.0000 5.8330 78 113 231
-0.4375 -10.5000 0.1090 163 124 122
10.9375 18.5000 1.2080 226 145 91
-0.2500 13.5000 5.5910 75 137 245
-13.2500 4.0000 1.3740 243 124 97
22.5000 -15.0000 0.1090 176 186 76
4.4375 -20.5000 1.2260 237 65 129
18.6250 -7.5000 0.1320 180 124 171
19.5000 -11.5000 1.9510 159 254 32
3.8750 0.5000 5.1320 73 125 227
20.3125 -9.0000 0.3850 180 183 99
-7.9375 -1.0000 1.0620 213 137 112
-3.7500 10.0000 5.1850 76 135 229
-24.0625 -24.5000 4.2260 120 116 240
-20.8750 -18.0000 5.4330 87 130 218
-21.1250 -13.5000 5.9370 69 103 224
0.3750 13.0000 5.7550 72 133 235
21.0000 -21.0000 0.1080 192 165 73
9.1875 -3.0000 3.8880 97 164 254
0.1875 -25.5000 1.3460 231 92 150
-0.6250 23.5000 1.3530 245 123 130
12.3125 1.0000 3.6700 92 155 254
9.1875 5.0000 4.5430 70 147 242
1.2500 -5.5000 1.1490 229 124 122
20.4375 22.5000 0.1140 173 142 104
-8.3750 -9.5000 0.4300 165 139 129
22.5625 -5.5000 0.4000 189 187 140
-19.0625 22.5000 1.7730 200 194 137
1.8125 -8.5000 0.5930 180 146 155
3.7500 -23.0000 1.2780 249 84 123
-24.6875 -2.0000 1.6520 208 176 109
-2.8125 24.5000 1.3780 234 108 139
16.6250 -11.5000 0.1120 153 143 124
-2.6875 13.0000 1.2400 241 78 89
9.3750 -5.0000 3.7660 101 187 254
14.0625 18.5000 0.2210 171 131 155
-20.0625 -18.5000 5.5120 86 141 206
-15.1250 22.0000 3.7910 118 154 254
19.2500 4.0000 1.2100 228 130 115
-19.0625 -14.5000 5.7950 88 103 218
13.8125 -14.5000 0.1140 177 152 75
17.9375 -24.0000 0.1220 188 169 71
12.9375 -12.5000 0.2690 164 148 157
-1.1875 21.0000 1.2650 243 103 142
-4.1875 10.0000 5.1180 79 135 227
14.3750 19.0000 0.4370 185 191 128
15.8125 3.0000 0.9400 233 64 177
-23.1875 -18.0000 5.1610 83 127 223
-12.4375 -5.5000 0.1190 162 144 106
5.6250 -17.5000 1.2260 206 181 68
-10.3125 -20.5000 6.1570 77 87 220
22.5000 -14.0000 0.1180 163 175 73
24.6250 11.5000 0.1470 172 158 130
18.6875 22.5000 0.1060 164 144 133
14.5000 13.5000 0.1940 168 112 204
-4.8125 2.0000 1.2460 229 104 122
3.8125 -24.5000 2.0750 150 198 175
-3.0625 -17.5000 1.3170 247 105 103
17.7500 -0.5000 0.9890 215 141 194
-18.6250 -2.5000 1.7120 178 201 76
-20.0000 -1.0000 1.6750 202 166 90
8.6250 -2.5000 4.0240 93 160 254
-13.3750 -8.5000 1.4170 194 194 51
3.8125 19.5000 3.6800 112 170 254
-22.1250 23.0000 4.8190 86 138 254
-8.5625 15.0000 1.3430 244 82 91
16.8125 -5.0000 0.8830 219 126 161
9.6875 -20.0000 0.6260 190 168 165
-15.1875 0.5000 1.3430 213 149 66
-21.3125 22.5000 1.6470 214 184 98
-11.0000 -19.0000 5.8490 80 102 225
11.9375 -3.5000 0.9770 218 89 193
23.9375 5.5000 0.1160 154 122 148
-3.6250 12.5000 1.2490 242 78 90
4.6875 4.5000 5.3310 69 134 216
16.3750 14.5000 0.1110 164 120 178
-19.1250 -14.5000 5.8750 87 103 217
18.5000 4.5000 1.1870 228 122 125
16.0000 24.0000 0.1080 165 124 123
18.3750 -15.5000 0.1210 185 149 80
21.8750 -18.0000 0.1250 180 166 95
12.1875 -3.0000 0.9560 217 84 187
-24.0625 -17.5000 5.1870 87 123 224
21.3125 13.5000 0.9540 193 254 40
10.6250 -4.0000 1.1030 226 103 145
-15.6875 4.5000 1.5430 219 152 79
-21.2500 -10.0000 1.4150 236 112 102
-18.1250 -24.0000 1.4300 242 131 70
-7.3125 -4.5000 0.1100 167 112 136
6.7500 -20.5000 1.2020 226 143 90
17.0000 -2.0000 0.9920 224 126 177
-18.6875 -19.5000 5.4050 84 129 228
-2.1250 24.0000 1.3610 243 114 134
24.3125 -24.0000 0.1020 188 172 25
5.0000 -23.5000 1.3220 228 91 99
-8.0000 -12.0000 1.3660 222 131 71
23.6875 -9.0000 0.6420 181 197 70
3.8125 -23.0000 1.3560 241 107 116
2.3125 -14.5000 1.1260 201 174 72
-2.1250 -4.5000 1.0440 214 158 138
-10.7500 2.0000 1.2190 227 137 110
14.1875 -6.5000 1.2990 237 141 109
-0.4375 -18.0000 1.3020 242 122 101
-24.8750 -7.5000 1.4070 228 82 112
2.5625 5.0000 5.7230 58 121 225
-11.3750 14.5000 1.4110 238 106 112
15.9375 11.5000 0.8090 202 117 180
4.1875 -12.5000 0.1030 163 148 126
21.1875 21.5000 0.1140 189 150 134
7.0000 -25.0000 1.3160 223 121 88
0.6875 17.5000 1.2310 246 87 143
-16.3125 13.0000 1.4210 237 108 104
-8.5000 -13.5000 1.3870 243 106 73
1.5625 -9.5000 0.0910 168 115 121
-13.0625 2.5000 1.4620 217 171 79
-9.1250 20.5000 1.3730 254 102 114
-19.2500 19.0000 1.4920 230 128 101
-9.5000 11.0000 4.0280 105 148 241
-13.0625 -1.5000 0.1190 158 138 134
3.8125 11.5000 6.0490 60 125 242
-18.2500 -1.0000 1.6820 180 191 77
-23.0000 -14.0000 1.3440 252 95 109
4.0000 21.5000 2.6440 144 242 239
16.9375 -15.0000 0.1190 181 161 94
-16.5000 19.5000 1.5110 222 139 111
19.5625 -23.5000 0.1260 192 165 66
18.5000 -7.5000 0.9350 182 223 99
-8.3125 -13.5000 1.3670 242 102 74
12.5000 24.5000 0.7530 179 186 106
-11.3125 8.5000 4.0020 107 127 236
2.3125 5.5000 5.7840 56 127 229
-8.8750 3.0000 1.1910 241 86 111
-11.9375 -9.5000 1.3440 221 152 31
-7.2500 22.0000 1.3420 254 92 135
18.6250 17.0000 5.9140 59 225 153
7.8125 21.5000 1.2790 242 128 118
-13.6875 -11.0000 1.5330 229 150 68
-6.2500 22.5000 1.3670 254 100 129
21.4375 -6.0000 0.8040 205 225 90
-2.0625 -8.5000 0.1230 153 112 135
-0.5625 -21.5000 3.2970 129 180 254
20.1875 5.0000 1.0740 220 99 127
-13.9375 -11.0000 1.5300 229 147 71
-18.8750 14.5000 1.3820 230 93 97
-3.9375 -17.5000 1.3610 244 109 101
-21.7500 -14.0000 6.1070 67 103 227
19.6250 22.0000 0.1130 167 145 127
21.5000 0.5000 0.1200 150 117 189
-18.5625 1.5000 1.6660 197 177 72
-20.3750 -20.0000 5.0460 93 135 215
0.1250 0.5000 5.7740 65 135 225
1.1875 23.5000 1.3000 239 122 137
8.6875 14.5000 1.2420 233 127 127
6.7500 -4.0000 1.7400 184 208 121
-17.0000 17.5000 1.4800 221 123 123
5.6250 6.0000 5.3000 69 132 239
-22.6250 21.0000 1.4840 238 141 82
-19.3750 20.0000 1.5480 225 141 108
24.5000 21.0000 0.1120 182 139 97
23.5625 -5.5000 0.3850 183 167 117
-15.3750 6.5000 1.5090 236 132 70
-0.4375 15.0000 1.2320 249 91 132
15.8750 -17.5000 0.1120 203 164 71
16.3125 -15.5000 0.1180 197 166 79
8.7500 -4.5000 3.8360 100 184 254
-5.6875 -21.5000 5.7370 78 113 251
-9.5000 -23.5000 5.6840 81 101 235
-16.0625 -10.0000 1.4940 236 117 86
6.1875 -8.5000 1.0000 225 128 123
14.8125 -1.5000 1.0120 228 110 186
-24.6875 -9.5000 1.3820 234 97 120
-11.4375 12.5000 1.4740 235 126 103
-16.9375 21.0000 3.7160 121 150 254
-14.2500 23.5000 3.2840 137 180 254
18.5000 -20.5000 0.1200 197 175 54
14.8750 -22.5000 0.1210 160 172 125
3.0625 15.0000 1.1900 254 90 159
14.0625 -9.0000 0.8910 213 113 158
-15.6250 17.5000 1.4070 240 112 105
24.8125 24.0000 0.1100 164 134 73
-16.9375 5.0000 1.5740 217 137 87
19.1875 17.0000 0.4810 182 184 131
9.0000 -20.5000 1.0780 214 169 106
-2.9375 -22.0000 2.3520 150 222 217
2.8125 -23.5000 1.2960 249 83 131
0.5625 12.5000 5.8700 72 129 228
-13.5000 -11.5000 1.5290 231 147 67
-22.5000 -22.0000 1.4220 247 113 87
21.7500 13.0000 1.0070 199 254 23
-8.3125 16.0000 1.3390 242 79 96
14.5000 -23.5000 0.1180 150 155 126
12.0625 19.5000 0.1490 159 104 189
-17.5625 -11.5000 1.7860 205 159 117
-20.3750 -8.5000 1.4180 234 97 122
-19.9375 -2.0000 1.6730 182 185 83
21.4375 -25.5000 0.1150 175 151 30
-6.4375 6.0000 5.0040 80 127 228
-5.7500 17.0000 1.3190 248 90 133
24.0000 -8.5000 0.7890 187 206 65
23.8750 15.5000 0.1110 173 153 123
6.6250 -21.5000 1.1420 232 70 129
17.0000 -12.5000 0.0960 161 163 99
-1.8125 22.5000 1.3710 252 128 126
-3.0625 -2.0000 1.2030 242 102 143
10.0000 -17.5000 0.1340 173 173 97
-1.4375 15.5000 1.2370 239 92 118
-2.6250 -4.5000 1.0000 216 155 144
8.1250 -14.5000 0.0000 169 91 125
7.2500 23.0000 1.2840 238 128 121
-10.2500 8.0000 4.0800 97 149 235
-11.7500 -12.0000 1.5140 227 137 66
19.1250 18.5000 0.4570 185 194 123
24.5000 12.0000 0.9570 180 249 22
8.9375 -23.5000 1.4400 221 164 74
9.1250 -2.5000 3.9310 95 163 254
-6.6875 1.5000 1.2030 231 89 115
20.0000 24.0000 0.1180 165 146 101
-9.3125 10.5000 4.0750 100 150 242
14.0625 -11.0000 0.1150 163 124 182
4.7500 15.0000 1.1620 239 80 160
5.8750 -20.5000 1.2030 229 136 93
-9.0000 23.5000 1.4510 233 114 117
0.5000 4.0000 5.9900 47 121 233
-6.3750 -2.0000 1.1450 223 137 115
8.0625 1.0000 4.4320 76 147 242
21.1875 -2.5000 0.0450 152 138 189
-14.0625 18.0000 1.3980 230 109 110
15.5625 -21.0000 0.1030 183 146 88
-12.6875 16.5000 1.4060 236 113 122
-18.0625 -18.5000 5.6800 83 120 220
11.4375 -6.5000 1.0460 225 114 161
24.5000 -23.0000 0.1200 189 173 34
-13.8750 10.0000 1.4520 230 127 95
-10.1875 1.0000 1.1700 224 132 113
-24.6250 -13.0000 1.3260 234 77 119
12.8125 -1.5000 0.9570 215 88 193
-17.5000 18.5000 1.4510 234 115 103
-3.2500 1.5000 6.2230 57 114 233
7.6250 24.0000 1.2890 227 130 130
23.3125 -11.0000 0.2200 175 172 81
13.0000 -8.5000 1.1030 243 122 135
20.0625 -25.5000 0.1150 176 153 42
9.2500 14.5000 1.1990 229 126 131
-19.9375 -13.5000 5.7590 88 102 222
2.8750 -23.5000 1.2820 250 80 131
15.6250 -22.0000 0.1220 164 168 121
21.9375 -20.5000 0.1110 197 163 63
0.3125 -21.0000 1.3760 245 109 116
13.7500 -10.0000 0.9380 219 143 140
4.0625 -10.5000 0.1890 169 145 152
8.0625 -22.0000 1.1550 233 114 117
1.5000 -20.5000 1.3100 251 82 133
-17.8125 -18.0000 5.8590 83 108 216
10.3750 -14.0000 0.1100 191 111 147
-10.6250 -22.0000 5.8410 81 120 204
14.9375 20.5000 0.2070 195 150 159
4.1250 11.5000 5.9940 62 124 238
5.8750 15.5000 1.2250 240 94 141
-0.7500 -17.5000 1.3020 240 137 96
22.2500 -1.0000 0.1240 155 146 176
-18.1875 11.0000 1.4180 230 125 108
-2.7500 -11.5000 0.1120 160 126 156
20.1875 -12.0000 4.6840 83 254 100
-10.4375 -24.5000 5.3640 93 92 234
16.2500 9.5000 1.0440 222 102 148
-9.0000 4.0000 1.2420 243 95 102
-24.0000 -3.5000 1.5420 218 124 121
-3.3125 22.5000 1.3560 252 110 128
4.2500 -4.0000 1.0590 232 100 150
-15.5000 23.5000 1.7580 199 188 138
22.6875 -18.0000 0.1130 185 179 72
-4.9375 -25.0000 5.9560 86 100 239
22.9375 1.0000 0.1140 153 116 163
17.6250 -10.0000 0.1100 154 131 145
-16.4375 10.0000 1.4580 236 114 89
3.1250 -17.0000 1.2640 231 176 71
-17.9375 2.5000 1.6800 194 159 77
-14.3125 -7.0000 0.8970 213 148 62
12.7500 23.5000 0.1130 153 88 180
21.6875 2.0000 0.1190 146 120 190
-3.2500 16.5000 1.2490 243 82 117
-4.8125 -8.5000 0.1170 142 131 129
21.7500 -9.5000 0.2900 169 185 93
-24.2500 18.5000 1.4030 223 108 126
14.0625 7.5000 1.0450 225 79 170
24.5625 -4.5000 0.3530 178 198 110
-19.0625 -16.0000 6.0750 67 108 224
23.3750 -3.0000 0.1200 159 180 142
8.2500 -0.5000 4.2780 89 157 242
9.8750 -9.0000 1.5260 209 202 106
-4.4375 -0.5000 1.2690 224 105 127
-2.6250 -21.0000 2.9800 126 217 254
10.1250 1.5000 4.0990 85 146 245
-22.1875 5.0000 0.2020 163 75 137
-15.3750 7.0000 1.5100 235 136 71
-1.2500 13.0000 5.4220 79 140 249
18.6875 16.5000 5.8300 57 230 157
10.6875 -7.5000 1.8260 181 226 136
16.6875 -9.5000 0.1220 156 144 145
-17.4375 4.0000 1.5940 212 150 69
15.1250 14.0000 0.1110 183 117 202
1.9375 -1.0000 5.2800 76 129 232
22.8750 18.5000 0.1230 167 148 112
-1.4375 1.5000 6.1310 55 134 234
-11.4375 24.0000 2.5360 143 190 232
3.2500 13.5000 1.2370 241 106 144
6.1875 19.5000 1.3670 235 139 113
-16.0625 10.0000 1.4530 239 114 86
-19.9375 21.5000 1.7600 204 186 134
-23.3125 21.0000 1.4370 239 128 88
-3.5625 2.0000 6.0880 61 113 235
20.8125 -15.5000 0.1190 162 170 75
-1.6875 6.5000 6.0020 56 123 221
15.8750 -3.5000 0.9370 220 124 165
20.7500 13.5000 0.2580 183 155 167
17.6250 -7.5000 0.1170 173 131 177
17.6250 10.0000 1.0120 225 143 137
-19.3125 7.0000 1.5550 210 165 84
3.3750 -11.0000 0.1230 170 134 147
-2.9375 6.5000 5.7140 64 146 209
-5.4375 -16.5000 1.3730 247 90 111
-13.8750 5.0000 1.4580 232 134 96
17.0625 -18.0000 0.1240 195 176 72
-3.6875 5.5000 5.6620 67 140 212
-24.6875 -17.5000 1.4830 218 132 107
16.0625 -13.5000 0.1320 171 144 89
-1.3750 -11.5000 0.1660 157 133 128
0.0000 -21.5000 3.0710 131 194 254
-15.2500 24.0000 1.7450 196 177 141
-20.0000 3.0000 1.6680 190 178 85
-6.1250 3.0000 5.4350 67 131 236
8.6875 9.0000 4.9770 77 142 254
13.3750 -11.5000 0.2830 178 118 203
-13.9375 -25.5000 1.4260 216 126 77
4.3750 -10.5000 0.1910 169 146 150
-1.2500 -9.0000 0.1190 151 102 138
12.8125 -14.0000 0.1240 173 127 143
12.1250 9.5000 1.1390 231 81 130
12.0000 21.5000 0.2620 164 99 197
8.6250 9.5000 5.0550 77 139 254
-22.2500 -13.5000 1.4040 249 116 99
3.2500 -16.5000 1.2220 230 171 74
4.3750 -15.5000 0.1160 149 97 154
1.0000 -20.5000 1.3320 247 101 103
15.0625 18.0000 0.2660 182 162 141
-4.1250 -19.5000 1.4150 242 126 102
-7.6875 8.5000 4.3440 95 148 238
3.6250 15.0000 1.1740 254 87 160
8.6250 -19.5000 0.6240 179 174 174
4.7500 23.0000 1.2980 240 144 120
-14.9375 -12.0000 1.5220 232 128 90
-4.1250 -21.5000 5.4750 92 124 247
22.4375 4.5000 0.2560 164 123 199
17.6250 14.5000 0.1160 167 123 163
8.2500 23.5000 5.8840 74 163 219
-14.1250 24.0000 1.7290 208 172 129
24.7500 13.5000 0.1050 174 133 150
-10.8750 10.5000 1.7020 198 193 99
-15.8125 20.0000 4.0060 108 144 254
17.5000 -12.5000 0.1180 173 154 126
-18.1250 9.5000 1.4610 233 136 99
-19.2500 20.5000 1.5630 228 151 104
-0.3750 -10.5000 0.1120 163 125 122
-6.7500 -25.5000 5.6090 97 92 228
-7.0000 -22.0000 6.0290 77 111 241
-6.3125 1.0000 1.1880 233 87 114
-9.3750 23.5000 3.9120 124 117 254
24.6875 15.5000 0.1130 167 151 149
-6.3750 12.0000 4.3040 100 150 240
-6.8750 -7.0000 0.1240 153 133 122
13.0625 4.5000 3.8340 91 152 254
-9.3750 -20.5000 5.9380 77 98 224
24.5000 -11.0000 0.2400 157 182 65
17.5625 14.5000 5.9070 67 213 158
17.3125 -5.0000 0.8630 199 168 144
-19.1875 2.0000 1.6760 192 171 79
21.3750 10.0000 0.1170 177 102 195
16.6875 -14.0000 0.1190 170 140 79
2.5625 6.5000 5.8430 58 128 236
3.6875 -25.5000 1.2670 221 76 127
-0.0625 -16.0000 1.2800 240 137 95
5.0000 22.0000 1.2980 239 134 117
22.3750 17.0000 0.1460 165 171 120
2.1250 -7.0000 1.0050 207 140 144
-12.5000 2.5000 1.4280 202 181 66
9.9375 4.5000 4.4260 69 150 241
14.4375 -4.0000 0.9410 226 102 176
1.9375 11.5000 6.2550 68 126 232
0.3125 18.0000 1.2450 250 99 138
-19.6250 22.5000 3.7300 121 147 254
0.1250 -21.5000 3.1030 130 191 254
-1.0000 12.0000 5.5740 78 134 238
10.3125 -16.0000 0.1110 176 163 102
12.4375 5.5000 4.0340 87 158 254
20.4375 2.0000 0.5570 182 149 175
10.0625 22.5000 1.2940 230 147 102
17.8125 -17.0000 0.0980 189 144 76
-6.4375 12.0000 4.3000 100 150 240
22.0000 -4.5000 0.4750 191 202 144
-22.8750 20.0000 1.4700 242 129 100
-2.3750 16.5000 1.2440 242 82 116
4.4375 -11.5000 0.1400 171 140 138
-1.5625 4.0000 6.2710 61 115 212
2.5000 2.5000 5.5490 63 140 228
14.3750 -7.5000 1.0170 230 113 135
-16.8750 -18.5000 5.8980 86 107 216
19.0000 0.5000 0.8300 208 117 196
10.0625 7.5000 4.6250 71 156 246
-7.9375 -7.0000 0.1040 146 139 128
3.8125 6.0000 5.6160 61 132 233
-18.8125 17.5000 1.4520 235 116 100
-7.2500 1.0000 1.2100 229 90 116
-18.1875 -10.5000 1.5140 239 135 100
14.7500 22.5000 0.1130 172 130 142
11.4375 -18.0000 0.1290 166 157 153
17.7500 -8.5000 0.1270 173 139 161
-4.5625 14.5000 1.2140 243 74 121
-19.6875 10.0000 1.3880 233 124 110
11.3750 -14.5000 0.1170 179 138 129
-8.6875 -19.5000 5.7010 77 102 231
-16.5625 18.0000 1.4150 237 116 110
-20.2500 -15.0000 6.0960 83 102 207
-7.1250 19.5000 1.3300 251 93 143
-20.1875 23.5000 1.8100 202 207 133
15.4375 24.0000 0.1530 164 134 128
-13.2500 4.0000 1.3580 245 121 99
-5.2500 -10.5000 0.2620 158 119 151
22.3750 -2.5000 0.1170 158 157 168
-11.2500 0.0000 0.8240 175 172 102
21.4375 -1.0000 0.1280 154 146 189
4.9375 11.5000 1.3080 227 107 119
-16.2500 19.5000 1.5090 224 140 109
21.2500 -16.5000 0.1050 175 166 112
8.8125 11.5000 1.1930 234 115 133
1.1250 21.0000 1.4250 239 154 106
-16.1250 1.0000 1.8250 168 210 100
-17.6875 -17.0000 6.1230 70 106 215
-18.1875 -21.0000 2.2790 164 212 169
-17.0625 -19.5000 5.6600 89 112 219
-3.3750 11.0000 5.1960 77 132 229
-6.0625 17.0000 1.3290 252 95 122
-17.8750 22.5000 3.5190 122 163 254
-13.4375 -24.0000 5.1350 103 103 226
-19.8750 1.5000 1.6780 193 170 81
15.8125 7.5000 1.0190 224 72 163
-1.8125 -7.0000 0.1750 163 126 156
16.5000 -10.0000 0.1120 150 141 140
-2.7500 1.0000 1.2580 234 99 114
20.6250 16.0000 0.1220 166 162 159
-24.3750 14.5000 1.4130 229 113 116
3.3750 -16.5000 1.2340 229 174 72
8.8750 -21.0000 1.1040 211 154 128
-24.5625 -18.0000 7.2150 74 91 203
-3.6875 -11.5000 0.1180 156 131 164
5.1250 12.5000 1.1530 241 65 138
-13.2500 18.5000 1.5120 225 148 114
14.0000 -2.0000 0.9580 208 92 190
-7.8125 5.5000 4.4790 103 122 222
19.7500 -5.0000 0.1250 174 117 166
-21.1250 12.0000 1.4420 239 136 86
-21.1875 -4.5000 1.5520 217 131 108
-8.7500 3.5000 1.1880 243 86 111
20.1250 -2.0000 0.1480 170 106 196
-21.3750 -23.0000 1.4280 252 113 82
19.3125 -19.5000 0.1200 198 172 59
-6.8125 21.0000 1.3630 254 98 126
-18.6875 -9.0000 1.4560 241 119 104
-9.9375 -12.0000 1.5620 220 157 75
4.5625 0.5000 4.9860 80 125 229
-6.5625 -7.5000 0.1280 155 132 123
14.1875 -4.5000 0.9790 233 101 162
11.1250 2.0000 3.9680 84 153 249
-9.9375 -7.5000 0.1260 145 134 148
-7.3750 1.5000 1.2030 226 87 121
10.1250 18.0000 0.3910 186 85 226
5.7500 13.5000 1.1610 241 64 139
10.1250 20.0000 1.1230 230 108 122
17.8750 5.0000 1.1250 223 115 155
-16.5625 -16.0000 5.8970 80 106 223
-15.1875 21.0000 3.8270 117 155 254
9.7500 -23.0000 1.0500 236 116 127
-2.4375 -6.0000 0.8000 199 156 148
20.6250 10.5000 0.1160 165 100 191
-16.5625 -1.0000 1.4260 193 179 63
10.4375 5.5000 4.3850 73 151 251
-15.1250 21.5000 1.7450 210 201 124
-17.5000 -20.5000 5.3070 106 113 220
8.7500 -19.5000 0.9870 212 177 118
0.7500 24.0000 1.3270 234 120 136
14.4375 11.0000 1.0680 221 136 152
-24.2500 -16.0000 1.4560 229 118 108
4.1250 0.0000 5.0210 90 126 236
18.6250 -6.5000 0.5910 174 193 136
14.6250 5.5000 3.6630 107 176 254
20.1250 23.0000 0.1140 170 142 103
-10.5625 4.5000 1.2330 236 87 110
-12.1250 -24.0000 5.2040 94 120 222
10.1250 -11.0000 1.0760 216 174 146
24.9375 10.5000 0.1180 174 151 123
16.1875 7.5000 1.0140 222 74 163
-4.5000 20.5000 1.3370 248 96 144
16.5625 -9.0000 0.1190 159 141 153
7.1875 -11.0000 0.7030 200 163 140
16.7500 23.5000 0.1130 170 135 138
15.5625 8.0000 1.0390 221 76 164
12.7500 14.0000 0.9010 210 104 176
-13.4375 -21.5000 5.6760 86 120 221
5.9375 -8.0000 1.0840 232 131 110
24.3125 -21.0000 0.1130 184 177 44
8.4375 2.5000 4.4610 77 148 238
-11.4375 3.5000 1.2460 247 104 103
-17.8125 16.5000 1.4510 221 112 100
20.6250 -4.5000 0.8500 205 232 81
-2.6250 8.0000 5.6580 67 142 210
-1.1250 -18.5000 1.3600 237 128 99
-4.6875 -11.0000 0.3030 158 137 164
-10.1875 -5.0000 0.1200 151 142 124
-15.0625 -9.0000 1.4960 218 152 48
-4.0625 7.5000 5.3830 73 146 212
18.4375 -1.0000 0.6590 186 117 210
5.8125 -9.0000 0.9590 217 128 131
-14.9375 -21.0000 5.5790 91 117 221
19.4375 -8.5000 0.3920 183 194 129
24.2500 -18.5000 0.1130 186 182 54
-13.1250 22.0000 3.1280 134 191 254
5.2500 -0.5000 4.7860 84 139 236
-5.5625 -20.5000 5.5040 83 110 254
-3.0000 13.0000 1.2750 241 87 88
19.6250 19.0000 0.3580 176 174 130
22.3125 9.0000 0.1160 182 101 179
22.7500 5.0000 0.2080 156 117 170
5.4375 -10.5000 0.6010 187 156 160
2.9375 -1.0000 5.1420 83 134 250
-10.1250 -1.0000 0.7890 183 173 134
14.3125 -20.0000 0.1100 176 156 101
-19.4375 8.0000 1.4950 216 158 95
5.4375 -6.0000 0.9450 217 109 176
17.8125 -20.5000 0.1260 191 176 75
-10.1875 5.0000 1.3050 239 107 91
-2.8125 -17.5000 1.3330 246 110 101
15.4375 23.0000 0.1130 170 125 136
2.5625 -21.5000 1.3140 246 82 140
-19.8125 -1.0000 1.6800 191 164 88
-20.5000 3.0000 1.6570 190 180 86
-5.9375 -18.0000 1.4450 233 113 100
6.2500 1.5000 4.7850 73 136 230
-11.3125 5.5000 1.4690 221 139 85
-12.0625 18.5000 1.3750 244 105 117
8.6250 13.0000 1.1480 240 104 147
0.7500 -17.5000 2.2420 156 233 186
-15.5000 -4.5000 0.1360 141 92 178
1.1875 13.5000 5.8960 75 126 224
-3.8750 9.5000 5.2210 75 135 227
-10.5625 6.0000 1.3640 225 116 86
22.0000 4.5000 0.5500 186 150 150
-2.5000 -15.5000 1.2410 240 89 124
12.5000 -9.5000 1.0070 221 122 145
17.6875 22.5000 0.1100 158 150 139
-2.8125 0.5000 1.2500 233 98 114
-2.0000 17.5000 1.2570 243 76 121
24.9375 -7.5000 0.1330 163 154 101
-6.1250 -15.0000 1.3520 244 121 91
23.4375 -23.5000 0.0980 195 166 40
0.5000 16.5000 1.2110 247 80 138
18.0625 17.5000 0.5200 189 198 135
-5.0000 22.0000 1.3540 252 97 127
23.5625 5.5000 0.1310 155 120 155
14.1250 -10.5000 0.3010 177 137 194
9.1250 3.5000 4.4620 69 151 242
5.4375 19.5000 2.8020 127 235 254
-15.0000 -3.0000 0.1310 157 107 158
-13.9375 19.5000 1.5940 213 170 111
18.0000 -3.5000 0.2540 171 101 216
-5.6875 -16.0000 1.3650 246 88 116
2.0625 -20.5000 1.3010 254 86 141
-3.4375 -12.0000 0.2310 164 149 144
21.6875 -9.5000 0.3220 168 190 92
11.1875 -24.5000 0.2110 163 107 184
-18.4375 20.5000 1.6330 220 164 111
-7.6875 3.5000 1.4430 212 135 101
24.8750 -20.0000 0.1000 181 179 38
-10.5625 10.0000 3.9150 107 149 241
14.3125 -15.0000 0.1150 174 150 92
-23.3125 0.5000 1.6350 190 170 91
-16.6250 -16.0000 5.8640 80 107 224
15.3750 -12.0000 0.1280 153 147 137
16.3125 -15.5000 0.1140 197 165 79
6.2500 -5.5000 1.2120 231 121 108
-11.7500 19.5000 9.7450 53 61 206
19.0625 -18.0000 0.1100 178 151 63
-8.2500 3.0000 1.1880 231 79 118
-2.8750 7.5000 5.6240 65 145 211
-18.7500 -1.5000 1.6920 181 196 76
-24.0000 13.0000 1.4130 228 119 110
20.5625 12.5000 0.1190 187 116 177
-17.0000 -19.0000 5.7310 80 122 214
-14.7500 -20.5000 5.6600 82 110 214
23.5625 -23.0000 0.1280 195 170 45
20.9375 17.5000 0.3450 173 200 140
-6.1250 -11.5000 1.0230 210 149 77
22.1875 -3.5000 0.7250 205 234 90
9.4375 19.5000 1.1610 240 111 134
-19.6875 -25.0000 1.4130 230 115 90
16.2500 19.0000 0.5580 189 205 102
-2.3125 -22.0000 2.8650 132 210 252
4.1250 -25.5000 1.2510 222 74 121
-12.7500 10.0000 1.4780 231 139 84
2.6250 14.5000 1.2030 236 95 166
-6.5625 21.5000 1.3350 254 91 128
4.5000 21.5000 1.3030 239 134 106
-17.8750 -21.5000 2.3030 162 228 186
-0.2500 21.0000 1.9080 189 223 147
12.4375 -2.0000 0.9320 216 84 197
-6.2500 10.5000 4.4080 96 142 232
-16.0000 -17.0000 6.0110 73 106 221
3.6875 -6.0000 0.9600 229 97 162
2.6875 -9.0000 0.9390 207 146 139
-19.9375 22.0000 3.9160 117 137 254
-4.0000 -23.0000 5.8500 80 118 243
18.3750 7.5000 0.9940 215 96 171
10.0625 24.0000 1.2620 214 164 80
17.5000 -19.5000 0.1110 192 181 63
8.3750 4.0000 4.6170 69 145 242
4.1250 -1.5000 4.8720 86 135 250
22.9375 15.5000 0.1190 177 150 139
8.5625 -15.5000 0.1100 172 134 134
7.8750 22.0000 1.2970 239 140 123
10.1250 11.5000 1.1370 236 83 128
-22.1250 -2.5000 1.5850 214 152 93
8.2500 -9.0000 0.9680 216 148 170
-20.1250 -2.5000 1.6470 190 182 80
11.3125 16.5000 0.2110 169 105 200
17.6875 -8.5000 0.1190 173 137 161
21.0000 -12.5000 1.9230 161 254 21
-12.5000 3.0000 1.3790 243 128 91
18.1875 -15.0000 0.1090 191 145 91
24.6250 1.0000 0.1190 156 124 130
-11.6250 -2.5000 0.1200 164 130 114
-8.5625 -21.0000 5.9190 86 91 239
17.1250 -8.5000 0.1010 163 129 165
-17.7500 -19.5000 5.4870 85 125 224
-1.8125 8.0000 5.8080 70 141 196
-15.0000 9.0000 1.4770 234 121 79
7.0625 18.0000 1.6910 199 205 120
13.5625 1.5000 1.4030 205 150 107
-1.1875 -14.5000 1.2340 217 149 96
-8.9375 -18.5000 5.5120 81 102 234
11.4375 -21.5000 0.9830 199 177 105
1.8125 2.0000 5.5950 72 145 211
-6.0000 -20.0000 5.4870 81 111 254
0.5625 14.5000 1.2500 238 97 144
21.6250 17.5000 1.4690 200 254 0
-3.9375 -23.0000 5.9730 77 118 239
9.9375 18.5000 1.1890 242 121 120
24.0625 -8.5000 0.8090 187 207 62
24.1250 -21.5000 0.1130 186 174 46
7.6250 0.5000 4.4540 83 144 223
4.6250 6.5000 5.4920 64 113 238
-16.1250 -2.0000 0.1120 157 112 180
-1.0625 -22.5000 3.2570 130 180 254
7.0000 15.0000 1.1670 239 85 147
-1.0000 -2.0000 1.1490 238 86 148
19.1250 -12.0000 0.1070 172 159 122
21.9375 -6.5000 0.7980 204 209 109
-6.0625 -5.0000 0.1390 173 109 143
-14.5625 18.5000 1.4460 237 124 102
-13.7500 -11.5000 1.5200 229 125 81
17.0000 15.0000 1.0360 213 196 69
18.6250 1.5000 0.9890 230 121 173
11.9375 2.0000 3.8570 91 145 254
-11.3750 -17.5000 5.5980 90 105 221
24.5625 -7.0000 0.2720 175 167 103
-3.8125 11.0000 5.0950 72 144 231
-9.6250 -2.5000 0.1240 161 128 125
19.6875 15.0000 1.0350 213 227 58
11.5000 13.5000 1.1430 224 113 136
-5.6875 17.5000 1.3240 247 90 133
13.1250 21.5000 0.1750 163 98 183
-0.0625 -4.0000 1.0880 229 107 141
12.3125 -15.0000 0.1170 172 137 127
-4.3750 -6.5000 0.1210 152 90 141
22.5625 -8.0000 4.6770 65 254 165
-5.3750 -12.5000 1.0980 223 130 96
4.4375 -2.0000 4.7820 88 138 248
9.6875 -17.0000 0.1220 174 169 104
-3.0000 21.5000 1.3490 254 113 123
13.2500 -19.5000 0.1220 171 151 132
17.1250 15.5000 0.1210 173 112 162
23.7500 12.5000 0.9140 190 254 28
9.8125 -24.5000 1.0590 224 118 121
2.9375 -21.0000 1.2930 254 86 135
-2.7500 18.5000 1.2730 251 87 127
16.8750 -15.5000 0.1260 183 163 93
23.2500 -18.5000 0.1390 187 179 65
-4.5625 -11.0000 0.1970 156 121 173
4.7500 3.0000 5.2130 63 118 232
19.5625 8.0000 0.9610 222 126 142
-24.6875 -17.5000 1.5210 214 139 106
24.1875 22.0000 0.1150 188 129 96
7.9375 2.5000 4.5870 74 145 236
-21.3750 -24.5000 1.4160 244 102 92
-6.0000 2.0000 1.1750 227 85 123
15.5625 -14.5000 0.0920 171 137 80
10.4375 -19.0000 0.1050 174 112 168
7.1250 5.5000 4.9800 72 127 233
-11.6250 13.5000 1.4100 243 108 117
-14.7500 -2.5000 0.1220 157 107 157
-3.4375 -19.5000 1.3950 247 125 98
3.1875 -1.5000 5.0560 82 136 254
16.0000 -23.0000 0.1210 169 169 113
-2.5000 9.0000 5.5870 70 131 221
-8.4375 0.5000 1.2040 224 135 103
20.4375 -19.0000 0.1150 189 175 85
-22.4375 -4.0000 1.5410 214 129 109
20.8125 -5.5000 0.1290 161 149 167
1.8750 -16.5000 1.2660 224 170 78
14.5000 -20.5000 0.1190 165 167 115
4.1250 -6.0000 1.0290 227 104 145
8.6875 15.0000 1.2120 232 125 130
2.1875 17.0000 1.1970 246 105 155
24.1250 5.5000 0.1100 154 124 145
8.6875 20.5000 1.3170 238 146 122
-6.1250 10.5000 4.3720 97 141 232
13.0000 -0.5000 0.9570 216 84 198
19.1250 7.0000 1.0040 217 99 164
18.6250 -9.0000 0.1240 178 135 147
14.5625 -0.5000 1.0300 218 111 188
-4.2500 -25.0000 1.3870 226 94 127
-2.2500 9.5000 5.5650 69 131 222
-17.0625 -7.0000 1.4840 222 154 83
24.0000 -5.5000 4.6840 81 233 147
-11.6875 20.5000 1.6830 209 181 132
14.2500 -13.0000 0.1130 156 119 164
8.8750 18.0000 1.1590 244 109 131
-19.9375 -20.0000 5.1560 93 132 224
-18.6250 -12.5000 5.4110 92 103 231
-21.6875 -22.5000 1.4170 252 112 82
6.6250 5.0000 5.0380 68 127 237
1.5000 -14.0000 0.1250 151 112 165
-8.1250 -8.0000 0.1130 143 123 130
23.1875 24.0000 0.1130 175 134 99
0.4375 9.0000 6.1390 58 137 214
0.5625 -14.5000 1.2310 217 187 83
-0.6875 16.0000 1.2100 250 78 140
-14.8125 19.0000 1.4830 231 136 104
1.1875 6.5000 6.0250 54 127 209
10.8125 -4.0000 1.0300 234 103 162
-18.1875 19.0000 1.4980 230 129 100
16.0000 3.5000 0.9760 236 69 172
-11.6250 -20.5000 6.0820 73 90 218
24.2500 -17.5000 0.1130 185 186 60
-18.0000 -7.5000 1.4630 239 124 100
-3.2500 17.5000 1.2880 247 88 127
18.6250 6.5000 0.9750 215 94 168
6.6250 17.5000 1.2390 243 112 132
1.5625 14.5000 1.2010 233 81 148
-16.1250 18.5000 1.4420 238 125 105
-4.3125 -13.5000 1.1130 221 140 101
-12.6250 -10.0000 1.5480 222 164 60
-23.7500 11.5000 1.4610 223 139 96
9.8750 -20.0000 0.3240 182 128 178
1.6875 7.0000 6.0220 62 122 232
-10.8125 -23.0000 5.5970 83 96 236
2.6875 -21.5000 1.2970 248 78 139
12.9375 -22.5000 0.1080 150 136 159
4.5000 15.0000 1.1680 239 82 160
-17.1875 24.0000 3.7410 112 160 254
-20.8125 5.0000 1.6850 189 196 92
-3.5625 -2.0000 1.1780 241 96 149
-12.5000 -13.5000 1.6040 232 142 80
16.1250 19.5000 0.3990 186 191 117
-21.1250 -0.5000 1.6460 194 148 97
-17.9375 6.5000 1.5670 213 158 79
-3.8750 0.5000 1.1910 233 81 128
-10.8750 -17.0000 5.3710 93 92 239
11.1250 -19.5000 0.1070 165 153 157
-3.1875 -21.0000 5.3900 88 128 248
23.1875 16.5000 0.1120 176 153 137
-9.2500 9.0000 4.1270 96 151 234
-0.0625 -1.0000 1.8440 171 206 133
-15.5625 5.0000 1.5580 215 148 84
13.2500 2.5000 3.6540 103 153 254
2.3125 3.5000 5.6290 59 128 224
13.0625 -22.5000 0.1010 149 136 155
20.5000 15.5000 0.1180 167 158 157
-11.8750 -21.5000 5.8420 79 113 216
7.4375 -8.0000 0.9340 219 126 144
-20.1875 22.5000 3.7210 112 174 254
7.0000 -12.5000 0.1170 166 105 179
-18.1250 6.5000 1.5710 213 160 79
20.8125 14.5000 1.0290 199 247 68
-16.2500 11.0000 1.4440 240 111 111
18.4375 4.5000 1.1830 227 120 127
-7.7500 14.0000 4.0660 108 134 234
15.5625 7.0000 1.0170 226 71 161
21.3750 -20.5000 0.1180 195 164 66
-21.7500 14.0000 1.4470 233 134 96
-9.3125 0.0000 1.0720 220 130 132
-4.0625 2.5000 5.9560 59 116 229
23.4375 -18.0000 0.1260 186 182 66
-14.1250 -15.0000 5.3430 95 112 229
3.6875 -23.5000 1.2820 245 86 122
-24.8750 2.5000 2.1620 138 215 177
9.6875 23.5000 1.2690 222 138 114
-6.9375 11.5000 4.2440 100 144 240
-3.2500 11.5000 5.1660 75 138 234
6.4375 -3.5000 4.2860 94 157 254
-21.9375 -19.0000 1.6740 213 199 82
14.9375 0.5000 0.9760 222 82 189
-13.8125 7.5000 1.5430 217 144 81
-13.1250 19.0000 3.9670 111 123 254
-23.7500 5.0000 0.2150 153 102 160
-4.3750 -23.5000 6.0650 80 97 245
16.1875 1.5000 0.9790 225 83 186
-1.1250 -3.0000 1.1040 224 114 156
-7.7500 -15.5000 1.4360 241 110 111
-21.0625 -13.5000 5.9220 70 104 224
19.8750 -25.0000 0.1110 177 153 46
4.1875 -1.5000 4.8760 86 135 250
-17.1875 24.0000 3.7450 112 160 254
-3.6875 -8.5000 0.1020 151 115 136
-11.0000 -5.0000 0.1130 163 141 97
20.4375 -17.0000 0.1310 177 157 95
-24.0625 13.0000 1.4020 229 116 111
-22.8125 8.0000 1.1990 217 161 107
12.9375 17.5000 0.1270 164 107 169
22.6875 -22.5000 0.1200 197 167 55
-14.5625 -7.5000 1.3450 226 135 36
2.3125 -3.5000 1.1840 229 115 133
10.8125 -5.0000 1.0040 219 92 165
22.0000 -3.5000 0.1070 163 155 161
8.6250 -22.5000 1.1220 237 114 117
12.6875 19.0000 6.1360 54 190 178
17.5625 11.0000 0.5910 188 140 182
22.8125 -7.0000 4.6410 69 254 172
22.9375 -2.5000 0.0280 154 131 153
17.6875 0.5000 0.9830 225 120 177
20.7500 -25.0000 0.1190 177 151 39
12.8750 11.0000 1.0940 222 76 145
-4.7500 -9.5000 0.1370 147 111 119
-6.3750 -1.5000 1.1340 221 132 120
-15.5625 -7.5000 1.6490 201 192 65
7.0625 21.0000 1.2860 246 130 114
4.1250 -4.0000 1.0640 232 101 149
-3.1250 -18.0000 1.3440 244 111 101
23.2500 12.5000 1.0080 199 254 14
12.3125 -16.0000 0.1230 173 172 94
15.1875 -18.0000 0.1200 183 168 84
-18.1250 -11.5000 5.1270 87 109 248
14.4375 17.0000 0.1420 174 133 164
-4.8750 -11.0000 0.7340 181 143 106
7.1250 19.5000 1.4090 229 146 112
-23.2500 -9.5000 1.4380 236 110 104
-3.6875 -9.5000 0.1340 157 112 147
-9.2500 -25.0000 5.3330 92 96 235
-10.2500 7.0000 4.1020 96 155 239
25.0000 -15.5000 0.0950 179 181 57
-24.8125 -2.5000 1.6720 201 137 141
10.8750 20.5000 0.4320 177 120 195
4.2500 -2.0000 4.8110 86 139 251
14.9375 -9.0000 0.5200 185 144 191
2.1875 6.5000 5.9070 61 127 234
-4.8750 0.5000 1.2790 227 96 110
-4.8125 -13.5000 1.2540 240 121 93
-22.9375 -1.0000 1.6150 200 169 92
-14.0625 16.5000 1.3650 230 100 120
19.1875 -11.5000 1.9930 158 254 42
-23.6250 10.5000 1.4640 218 146 90
-15.5000 8.0000 1.4910 231 129 78
16.3750 -15.0000 0.1090 182 159 97
6.8125 -18.0000 1.2210 216 186 83
-20.5000 8.0000 1.7460 182 189 95
-15.0000 -8.5000 1.4850 220 153 46
-20.1250 3.0000 1.6490 192 176 83
-14.6250 6.0000 1.5420 229 134 73
16.0625 -1.5000 1.0200 230 122 175
-2.0000 -14.0000 0.9310 206 150 126
-14.2500 3.5000 1.5150 209 154 85
1.8750 8.0000 6.0790 59 125 242
16.5000 -3.5000 0.9590 226 119 160
4.1250 18.5000 1.3390 236 134 117
-4.3750 11.0000 4.5550 85 154 233
-21.1875 -3.5000 1.6100 198 150 108
12.5000 -4.5000 0.9980 234 89 178
-4.1250 -22.5000 5.7670 82 118 246
5.6250 20.5000 1.2880 242 128 124
-20.6875 -7.5000 1.4230 231 84 109
-2.0000 11.5000 5.3940 79 129 228
-5.7500 -24.0000 6.0230 78 113 234
23.0625 13.5000 0.0900 188 104 157
23.3750 2.0000 0.1150 166 140 140
-16.0625 -2.0000 0.1300 157 112 180
15.0000 2.5000 0.9660 223 85 189
-11.6250 -23.0000 5.5060 84 117 222
-19.4375 -14.5000 5.9420 87 102 215
-9.8750 13.5000 1.5820 217 154 98
1.8750 -8.0000 0.7990 193 137 170
2.8125 -12.5000 0.1190 151 134 150
16.5625 0.5000 1.2420 228 145 118
-6.5625 -18.0000 1.4500 237 107 102
-0.2500 11.5000 5.8050 71 129 227
24.1875 -17.5000 0.1190 186 186 60
8.1250 21.0000 1.2960 234 139 119
-15.0625 22.0000 3.8210 118 153 254
-14.4375 -10.0000 1.5080 232 119 80
-17.5000 -3.0000 0.1140 164 79 178
22.2500 -13.5000 0.1970 166 194 71
-8.9375 -7.5000 0.1270 147 128 140
-8.1250 11.5000 4.1210 108 133 232
4.2500 -20.0000 1.2320 250 83 134
8.5000 9.0000 5.0100 78 141 252
-22.6875 15.5000 1.4280 233 138 94
-10.4375 8.0000 4.0370 99 149 236
-9.1875 24.5000 1.6260 199 143 134
4.8125 24.0000 1.2800 233 136 127
1.7500 -9.0000 0.3520 164 145 159
8.7500 6.5000 4.7810 67 162 250
-5.6875 5.5000 5.3120 81 131 219
13.7500 20.0000 0.1830 169 124 174
-21.1250 8.0000 1.5960 197 186 80
-15.0000 14.0000 1.4380 228 116 95
12.9375 -23.5000 0.1650 153 139 153
1.0625 8.0000 6.1770 61 115 221
-19.2500 -12.5000 5.4630 92 103 230
-24.1875 -4.5000 1.5250 215 116 124
1.4375 -20.5000 1.3160 251 84 133
5.5000 1.5000 4.9140 73 133 226
7.9375 -20.5000 1.1080 206 139 119
24.0000 10.0000 0.1190 180 115 153
16.4375 7.5000 1.0320 223 78 159
-10.3125 17.5000 1.3510 241 79 114
10.8125 11.0000 1.1240 231 82 130
-20.4375 -6.5000 1.4620 224 106 109
-2.1250 -12.0000 0.1060 155 108 153
-3.3125 -7.0000 0.1230 151 114 152
-11.0625 -18.5000 5.7890 82 103 225
19.1875 -0.5000 0.4570 167 125 213
-24.0625 -7.5000 1.4310 224 83 115
-20.8125 17.0000 1.4220 231 119 100
-12.0625 -6.5000 0.1250 164 99 133
1.8750 -1.5000 1.3380 224 123 99
-22.4375 -9.0000 1.4280 240 106 99
4.0000 -9.0000 0.8560 188 168 135
15.8750 16.0000 0.1420 180 118 193
17.3125 20.5000 0.1170 161 149 140
19.3125 -10.5000 0.1310 174 174 128
-3.6250 17.0000 1.2410 245 88 133
-0.1875 10.0000 5.9330 61 138 224
-4.8125 17.0000 1.2730 246 78 134
-2.2500 -1.5000 1.2070 237 104 143
23.3750 -19.5000 0.1190 197 163 55
18.1250 18.5000 0.5370 183 209 120
-18.2500 3.5000 1.6380 210 164 72
8.6250 -21.0000 1.0760 208 153 135
-23.5625 -13.5000 1.3480 244 90 115
13.0625 -4.0000 0.9800 228 87 184
20.0625 0.5000 0.3200 170 129 209
23.8125 -19.0000 0.0850 185 177 54
23.1250 -14.0000 0.1240 162 175 67
-0.5000 -19.5000 3.2550 134 198 254
-17.1875 18.0000 1.4310 223 102 105
13.0000 2.5000 3.6950 101 152 254
23.8125 22.5000 0.1170 187 130 102
-10.3125 -7.0000 0.1110 143 136 144
-0.5000 -21.0000 3.1990 130 211 254
-3.4375 16.0000 1.2170 246 76 119
20.7500 -8.0000 0.4260 185 181 125
18.4375 24.0000 0.1110 167 147 121
-23.3125 13.5000 1.4170 235 124 103
2.3125 17.5000 1.2110 245 107 153
14.5000 15.0000 0.1090 174 126 199
15.9375 -20.5000 0.1210 187 149 86
17.0000 -10.5000 0.1220 151 145 129
-24.1875 15.0000 1.4250 225 116 114
23.6875 15.0000 0.1210 172 142 161
-17.2500 8.0000 1.5200 232 141 83
13.8750 20.5000 5.9170 67 201 171
-15.2500 -17.0000 5.9360 73 107 221
4.0000 19.0000 2.6920 132 231 242
12.3125 16.0000 0.1150 172 105 193
-12.1875 0.5000 0.8530 194 137 122
21.1875 -4.0000 0.8880 210 239 68
14.6250 -12.0000 0.1220 161 131 153
13.5000 -11.5000 0.1810 177 118 198
-12.8125 -14.5000 1.9960 192 180 141
-21.3125 -19.0000 5.1760 86 137 223
-12.9375 -3.0000 0.1200 163 131 118
-3.8750 -20.0000 5.2370 93 118 251
10.3125 -4.0000 1.1260 233 105 137
14.5000 22.0000 0.1100 173 133 145
10.6250 8.0000 4.5650 78 141 244
6.8125 -0.5000 4.5090 89 146 239
-15.5625 17.5000 1.3970 241 110 105
-13.5000 -8.0000 1.2760 205 173 52
9.7500 4.0000 4.3710 70 153 243
-3.4375 -23.0000 1.3780 252 119 123
15.5625 23.0000 0.1080 171 124 134
15.0000 -24.5000 0.1230 148 157 115
-15.2500 -20.0000 5.7360 79 112 218
22.0000 -13.0000 1.9980 162 254 13
-3.3125 14.0000 1.2450 235 74 102
6.3125 16.0000 1.2680 238 111 135
-1.5625 17.0000 1.2600 241 78 120
-6.0625 -1.0000 1.1880 217 136 118
-7.6875 19.0000 1.3550 244 95 127
-10.3750 5.0000 1.3030 239 106 93
-23.6250 -5.5000 1.5150 219 109 107
-6.1875 -1.5000 1.1590 222 135 116
10.4375 7.5000 4.5420 74 155 244
-17.5000 1.0000 1.6840 193 177 76
21.1875 -8.5000 0.3330 187 161 120
20.1250 -12.0000 0.1120 169 183 97
-18.6250 21.0000 1.8810 194 198 149
25.0000 -23.0000 0.1320 185 177 31
-1.0625 -5.0000 1.0370 224 104 147
-17.5625 21.0000 3.9730 114 133 254
-20.5000 -11.0000 1.4680 226 126 97
-13.5000 16.5000 1.4030 231 110 126
-21.3750 -12.5000 1.4470 237 124 99
-16.1250 12.5000 1.4090 242 105 100
-15.8125 -20.0000 5.6710 81 113 222
5.1250 20.5000 2.8280 133 235 254
15.2500 13.5000 0.1130 168 110 198
-12.9375 -19.0000 6.0530 71 89 226
14.6250 -17.5000 0.1090 176 169 84
22.0625 -3.0000 0.1450 160 171 166
-23.8125 -25.0000 4.2350 122 114 235
8.5000 -9.0000 0.9890 218 151 165
7.1875 17.0000 1.4620 216 172 115
-10.6250 -8.5000 0.2540 154 132 149
10.4375 -7.5000 1.0860 233 139 140
-22.8125 -1.5000 1.5830 211 146 94
-0.4375 -2.5000 1.1670 242 93 140
-2.1875 6.5000 5.9090 62 144 206
5.5000 15.0000 1.1910 239 82 148
-19.8750 10.5000 1.4050 228 127 112
12.5000 -16.5000 0.1050 176 169 91
10.1250 3.5000 4.2600 75 154 239
20.1250 -21.5000 0.1170 179 169 79
-16.8750 15.0000 1.4320 221 105 102
2.8125 -17.5000 1.2810 230 174 74
-8.2500 1.0000 1.2070 224 134 106
-17.2500 3.5000 1.6170 200 151 79
-19.8125 -15.5000 6.2100 81 103 201
-13.8125 0.0000 0.1220 154 111 153
16.0000 -12.5000 0.1040 161 136 95
1.4375 3.5000 5.7550 55 124 223
-16.4375 -15.0000 5.6250 80 117 233
1.0000 2.0000 5.7400 67 129 214
-18.3125 20.5000 1.6610 217 167 115
8.5000 -5.5000 1.8330 182 225 116
24.7500 5.0000 0.1160 153 128 134
-8.6875 -0.5000 1.0110 213 116 131
-7.0000 7.0000 4.5040 93 148 237
8.3125 -14.0000 0.1180 187 113 158
11.2500 22.5000 0.1280 150 87 217
8.8125 -4.0000 3.8490 101 180 254
8.2500 -5.5000 1.7100 179 201 113
-15.3750 -19.0000 5.9250 76 111 212
16.0625 8.5000 0.9980 218 78 140
14.0625 -2.5000 0.9350 209 97 204
2.9375 -22.5000 1.2880 254 80 132
11.0625 23.5000 1.2350 218 170 77
19.2500 6.5000 0.9650 214 97 168
9.5000 7.0000 4.6990 66 161 251
-16.4375 -23.5000 1.5390 223 162 85
-5.3125 -21.5000 5.6770 80 112 251
-7.2500 -13.5000 1.3130 240 120 93
-19.4375 21.5000 3.9500 114 135 254
23.3750 -17.5000 0.1140 185 183 68
-19.9375 1.5000 1.6700 193 169 80
9.5000 -14.0000 0.1230 192 113 155
-18.1250 -5.5000 1.5770 204 176 78
2.6250 -0.5000 5.2400 72 128 233
-17.1875 -21.5000 3.5350 125 173 225
23.6250 9.0000 0.1180 161 119 159
-16.4375 19.0000 1.4460 234 124 109
18.4375 -2.0000 0.6300 188 112 207
24.0625 1.5000 0.1140 168 142 121
-15.6250 22.5000 1.7750 202 200 135
11.7500 1.0000 3.7820 91 148 254
15.4375 23.0000 0.1140 170 125 136
-8.2500 -17.5000 5.2050 91 110 232
-5.6875 9.0000 4.5320 94 142 222
2.5625 23.5000 1.3450 232 135 120
-23.8125 9.5000 1.4420 202 164 86
13.5625 -5.5000 0.9890 232 90 169
-0.5625 9.0000 5.9850 62 139 218
19.4375 -14.0000 0.1110 188 161 82
-14.0625 13.0000 1.4510 237 115 91
9.8750 -18.5000 0.0980 170 115 170
18.5625 19.5000 0.2850 166 163 142
-24.4375 8.0000 0.4770 155 117 175
21.8750 -8.5000 0.3070 189 152 118
-6.5625 17.5000 1.3360 252 96 136
16.4375 21.0000 6.1460 56 252 138
-9.3750 23.5000 1.6740 200 164 131
6.0625 -24.5000 1.2380 230 81 107
-13.8125 20.5000 3.0510 136 193 254
14.6250 -6.0000 1.4930 219 178 90
17.9375 6.0000 1.0220 217 94 161
3.0000 11.0000 6.1510 60 118 236
18.5625 8.0000 0.9670 208 99 179
15.3125 17.5000 1.0750 204 246 72
22.0000 2.5000 0.1210 144 121 185
-12.6250 -7.5000 0.2910 171 106 140
16.1875 -16.0000 0.1270 199 168 81
-17.0625 10.5000 1.4420 238 118 101
15.1875 4.5000 1.1120 235 86 157
15.0000 -4.0000 0.9210 223 116 171
6.5000 -5.0000 1.6360 196 203 104
-13.1875 14.0000 1.4290 239 111 107
24.1875 -19.5000 0.1150 192 166 45
10.3750 3.0000 4.1660 79 154 234
-0.7500 -22.0000 3.2260 129 184 254
-10.6875 -25.0000 5.1640 97 94 236
6.0000 18.5000 1.6480 202 206 115
21.0625 15.0000 0.1170 172 153 154
-13.5000 -16.5000 5.5690 91 110 234
-16.2500 3.0000 1.6040 211 161 85
-11.8125 18.5000 7.5680 65 69 221
19.4375 21.5000 0.1180 168 150 130
-15.6250 -23.0000 1.5100 231 161 79
17.7500 -22.5000 0.1200 188 172 83
-5.5625 -7.5000 0.1150 158 127 118
-24.0625 -15.5000 1.3730 240 101 110
-16.9375 -25.0000 1.4460 218 129 74
7.5000 13.5000 1.1420 236 69 139
-16.5625 -24.0000 1.5110 215 147 73
-17.9375 20.5000 1.6480 213 159 111
19.7500 -21.5000 0.1220 187 181 82
-20.5000 23.0000 4.9020 92 142 242
-16.1250 -11.0000 1.5320 234 129 81
-14.8125 10.0000 1.4730 235 120 82
6.6250 7.0000 5.1740 67 137 246
-12.9375 -19.5000 6.1830 68 87 225
-14.5625 -13.5000 1.7030 219 156 98
-18.8750 19.5000 1.5160 225 133 101
-11.6250 19.5000 9.7050 54 60 206
-10.5625 6.0000 4.1690 94 145 233
16.3750 -10.5000 0.1260 154 143 141
4.5625 -20.0000 1.2280 245 83 135
-19.4375 -16.5000 5.8940 69 118 225
-8.1875 -6.0000 0.1160 144 119 118
-12.5000 -15.0000 5.1560 98 106 229
16.0625 -12.0000 0.1100 153 144 124
19.1875 2.5000 0.9790 226 112 154
-24.6250 -25.5000 4.2720 130 104 220
-3.5000 -19.5000 1.3940 247 124 98
-13.3125 12.0000 1.4020 245 112 111
10.1875 -16.5000 0.1620 175 174 100
-0.0625 -7.0000 0.7220 196 165 140
14.8750 24.0000 0.1550 162 120 135
-24.5625 17.0000 1.3640 231 108 128
11.8125 5.5000 4.1620 80 156 254
3.8125 8.5000 5.7970 73 123 237
-22.0000 22.5000 4.7450 83 138 254
6.5000 -2.0000 4.4270 89 148 244
-12.3125 8.5000 1.9570 186 206 123
-5.9375 -23.5000 6.0970 75 114 235
8.1250 20.0000 1.2900 237 139 134
-2.7500 -22.0000 2.4180 147 222 224
-9.3125 -7.0000 0.1190 146 131 140
23.1250 3.0000 0.1130 165 143 154
5.5625 2.0000 4.9530 75 130 223
7.7500 -17.5000 0.1210 152 130 164
-1.1250 -6.5000 0.6490 174 140 159
-6.8125 17.0000 1.3360 254 100 129
-9.4375 3.5000 1.1930 244 85 110
22.5625 -16.5000 0.1280 183 163 103
-7.3125 11.5000 4.2040 102 143 242
1.5000 17.5000 1.1960 239 81 152
-19.8125 -18.0000 5.5420 79 135 229
-5.0000 -8.5000 0.0810 157 126 108
20.5625 -10.5000 0.1310 168 190 93
7.3125 -5.0000 1.6650 191 201 110
-2.8750 8.0000 5.6150 68 142 211
-22.9375 -6.0000 1.4980 228 107 98
-4.0625 10.5000 5.0800 79 136 229
-22.4375 -14.0000 1.4030 249 116 100
-1.5625 16.0000 1.2170 244 62 121
23.8125 -10.5000 0.9600 175 254 29
-13.6250 16.5000 1.4000 230 109 128
15.0625 11.5000 0.9980 220 135 160
-10.0000 13.0000 1.5300 224 143 95
22.5625 9.0000 0.1190 182 102 176
5.9375 -9.5000 0.8530 207 166 126
0.6875 4.0000 5.9530 48 121 232
-24.5000 6.5000 0.1990 149 103 163
-22.6875 -13.0000 1.4000 245 110 104
5.6875 -6.0000 0.9630 220 87 157
16.1250 -14.5000 0.1370 174 150 77
-5.5000 18.0000 1.3200 254 95 135
-10.1250 -12.5000 1.5040 229 141 76
-22.4375 -3.0000 1.6010 210 153 97
17.6250 -19.0000 0.1110 191 181 65
14.4375 -10.5000 0.1570 154 148 165
-15.6875 -19.0000 5.8310 78 110 217
11.5625 -13.5000 0.5110 168 182 153
-10.0625 -19.5000 5.8630 76 97 230
6.4375 -14.0000 0.0170 157 118 146
10.5625 -10.0000 1.5040 197 205 103
-22.2500 -22.5000 1.4270 251 115 84
18.1250 17.5000 0.5380 190 201 134
12.1250 -23.5000 0.1150 151 138 165
23.4375 10.0000 0.1160 183 109 164
-2.9375 12.5000 5.1310 72 142 242
16.1875 -2.0000 1.0020 230 120 177
-22.9375 4.0000 0.2090 162 83 144
12.0625 4.5000 4.0160 84 152 254
-19.6875 -6.0000 1.4780 220 131 98
-4.2500 -6.5000 0.1230 153 89 142
-12.8125 -1.5000 0.1150 159 137 132
-12.5625 -7.5000 0.5240 181 135 130
9.5625 -5.5000 1.2020 243 121 114
-9.0000 -23.0000 5.8730 77 99 232
25.0000 9.5000 0.1120 159 129 141
4.5625 8.5000 5.6680 76 124 234
-21.2500 7.0000 1.2280 219 156 94
17.3750 -23.5000 0.0810 175 160 87
-2.0625 15.0000 5.1080 77 128 254
-7.7500 -17.5000 5.1470 94 93 250
-9.8750 -19.5000 5.8760 75 97 230
13.1250 22.0000 0.2570 166 99 184
-1.3125 21.5000 1.2840 254 117 131
22.0625 13.5000 0.9860 200 254 27
-3.5000 10.5000 5.2100 74 134 231
-2.6250 11.5000 5.2850 79 132 236
-10.8125 20.0000 1.4570 234 129 137
4.1875 21.0000 2.4720 152 242 221
11.3125 0.5000 3.8420 91 143 254
-6.4375 -14.5000 1.3170 247 118 93
13.1875 -6.0000 1.0030 233 93 166
-19.2500 2.5000 1.6600 201 177 84
-1.8125 -1.0000 1.1930 227 87 142
-4.0000 -14.5000 1.2390 219 150 87
-5.2500 -1.0000 1.2480 228 108 117
-24.2500 -18.5000 7.2110 73 91 198
-13.9375 -13.5000 1.6680 220 147 99
-22.5000 -20.0000 1.4110 248 127 78
18.5000 -8.5000 0.1270 180 132 155
12.4375 22.5000 0.2560 162 95 194
-10.9375 -25.5000 1.6170 196 138 111
-0.0625 -21.0000 3.1290 133 201 254
-11.5000 -21.5000 5.8860 81 91 216
11.0000 9.5000 1.1070 225 73 131
-20.8125 -18.5000 5.3060 89 130 219
-2.5000 -14.5000 1.1250 221 148 96
12.5625 23.0000 0.2210 158 93 191
-3.1250 15.0000 1.2400 245 82 110
0.1875 -22.5000 1.3820 254 112 133
5.5000 -6.5000 0.9690 219 112 165
-6.3125 18.5000 1.3240 254 95 136
18.3750 23.0000 0.1110 159 145 132
-3.3125 17.5000 1.2770 248 86 128
0.8750 18.5000 1.2190 248 95 141
-11.8750 8.0000 1.9350 175 197 131
-0.8125 -9.0000 0.1210 152 102 135
12.5625 18.5000 1.1230 232 173 57
-23.9375 -9.5000 1.4130 236 103 110
12.0000 -2.5000 0.9190 215 81 197
-24.6875 -4.0000 1.5180 217 116 128
-14.1875 24.5000 1.7550 204 172 135
-14.1250 -14.0000 5.1200 101 100 242
3.7500 16.5000 1.2230 251 99 159
16.6250 -14.0000 0.1070 170 136 80
-18.0625 16.0000 1.4560 223 115 97
-19.1875 -21.0000 1.8800 190 206 124
-1.3125 18.0000 1.2680 236 78 123
3.3750 -23.0000 1.2720 252 79 128
10.2500 -25.0000 0.7030 183 115 162
-7.8750 5.5000 4.4660 103 123 222
6.2500 -20.0000 1.2080 230 142 91
24.5000 -22.0000 0.1180 185 174 41
4.8125 -5.0000 1.0760 230 103 142
-17.5000 -2.0000 1.5530 191 178 67
17.8125 -10.0000 0.1240 163 173 141
3.6250 -20.5000 1.2560 252 84 131
-18.0625 -3.5000 0.9100 210 105 135
-19.4375 7.5000 1.5070 213 153 86
-7.7500 11.5000 4.1850 107 133 229
8.6250 -17.5000 0.1240 163 174 109
24.7500 -23.0000 0.1390 187 177 33
23.2500 0.5000 0.1220 155 118 155
13.0625 18.5000 0.1190 163 106 174
5.6875 -25.0000 1.1440 221 59 118
-2.4375 22.5000 1.3510 252 110 125
0.0625 -23.5000 1.3700 252 108 135
6.0625 7.0000 5.2890 66 133 245
22.6250 5.5000 0.4590 173 153 153
-1.9375 -23.0000 1.3990 245 121 124
-16.0625 17.5000 1.4370 234 120 106
-11.5625 -20.0000 6.1710 70 84 221
10.6250 -10.5000 0.9860 210 169 161
-3.7500 -22.5000 5.7040 81 118 247
-19.7500 24.5000 1.7870 199 197 132
-21.4375 -5.5000 1.5210 225 120 106
-12.8125 -4.5000 0.1190 160 145 115
-20.0000 2.0000 1.6830 193 183 82
-6.8125 15.0000 1.2640 254 84 119
19.0625 -15.0000 0.1130 188 161 74
20.5625 -15.0000 0.1080 162 170 77
-11.2500 -9.5000 1.3880 215 161 30
17.3750 -10.5000 0.1210 164 168 142
-4.7500 -21.5000 5.5760 86 126 243
-18.1250 1.0000 1.7020 194 182 76
12.8125 -21.5000 0.1210 149 134 166
1.5625 9.0000 6.2250 58 108 236
11.0625 19.0000 1.2070 235 175 89
24.1250 -7.5000 0.1450 173 131 112
13.4375 13.5000 0.8530 209 100 181
16.6250 8.5000 1.0300 220 83 132
14.4375 18.0000 0.1180 170 120 150
-16.1875 -20.0000 5.6210 83 114 223
-8.7500 -19.0000 5.5690 79 103 235
20.1875 -10.5000 0.1100 171 171 119
-18.8125 23.0000 1.7850 195 191 142
-6.3125 22.5000 1.3830 252 105 127
18.9375 -11.5000 2.0520 157 254 55
20.4375 -4.0000 0.8700 219 228 77
-24.0000 -0.5000 1.7220 188 177 109
-13.6250 6.0000 1.4380 236 119 80
-7.3750 -23.0000 6.0550 80 112 238
13.8750 -18.5000 0.1270 176 177 93
-14.0000 -20.0000 5.8530 75 103 227
-8.2500 -4.0000 0.1280 158 149 133
-12.5625 4.5000 1.3890 242 128 95
-6.0000 22.0000 1.3520 254 97 127
17.3125 -17.5000 0.1160 203 161 63
-13.0000 -11.5000 1.5170 233 148 63
19.3125 9.5000 0.9220 221 142 150
14.5625 6.5000 1.0320 223 71 161
21.3125 10.0000 0.1180 177 102 195
19.0625 -25.0000 0.1180 185 164 53
6.5000 13.0000 1.1650 245 69 131
-20.4375 -21.0000 1.5210 223 138 75
-22.2500 -13.0000 1.4330 242 122 100
-10.1875 23.5000 3.7010 123 144 254
-11.2500 -12.5000 1.4920 230 129 65
15.1250 18.0000 0.1970 179 152 146
15.5000 0.5000 1.0110 227 90 177
23.7500 12.5000 0.1240 187 113 146
3.8125 5.0000 5.4950 61 126 225
-1.9375 -12.5000 0.1580 159 107 154
-11.8125 20.5000 1.7220 205 186 136
-17.8125 7.5000 1.5330 215 150 82
1.6875 -2.5000 1.2410 231 110 118
13.9375 -7.0000 1.0240 240 110 146
-21.0000 -23.0000 1.4270 250 112 82
-23.6250 -21.0000 1.3700 243 104 110
1.1250 -5.0000 1.0520 225 110 139
19.3125 1.5000 0.9790 227 126 168
-18.2500 10.5000 1.4230 234 128 103
-5.7500 9.0000 4.5240 94 143 223
-18.5625 -7.0000 1.4770 234 128 103
-14.3750 -10.5000 1.5290 233 125 77
16.8750 19.0000 0.6090 189 214 90
-6.5625 10.0000 4.3860 96 143 234
0.4375 -16.5000 1.2830 244 137 90
-1.0000 -1.0000 1.2010 229 99 132
-0.4375 0.0000 5.8300 67 133 223
18.1250 -2.5000 0.6690 189 119 201
23.0625 3.0000 0.1150 165 143 154
-10.8750 0.0000 0.9480 198 152 123
-2.5625 -15.5000 1.2410 241 88 124
18.3125 -6.5000 0.1290 180 127 178
-9.5000 2.0000 1.1760 223 130 118
5.5000 24.5000 1.2870 228 137 130
-23.8125 -4.5000 1.5360 211 120 119
-7.1875 18.5000 1.3110 254 91 144
-0.5625 11.5000 5.7230 73 130 230
10.6250 24.5000 1.3340 209 176 72
-13.3750 -1.5000 0.1170 157 140 135
15.5625 17.5000 0.1210 177 141 140
1.6250 7.0000 5.9960 61 133 220
-20.3125 -2.0000 1.6660 181 179 87
18.3750 2.5000 1.1700 232 131 146
-11.7500 12.0000 1.5180 230 137 99
-7.4375 -9.5000 0.2180 158 126 125
-6.3750 16.0000 1.3130 254 94 116
-3.9375 6.5000 5.5330 70 146 208
-17.5000 20.0000 1.5470 225 144 105
-10.4375 12.5000 1.4890 228 129 95
-9.1875 10.0000 4.0870 98 151 242
-24.6875 20.0000 1.4270 239 113 118
-1.5000 -19.5000 1.3640 236 122 107
-5.8750 -7.0000 0.1280 158 129 119
-22.5625 9.0000 1.6000 202 184 77
-0.1875 -15.0000 1.2550 215 182 83
-24.1250 -4.0000 1.5440 217 124 120
-21.0625 -17.5000 5.4810 77 121 219
-13.7500 -5.5000 0.1300 152 119 147
20.6250 2.0000 0.4140 177 139 189
-18.0000 13.5000 1.4000 238 109 106
17.5000 21.5000 0.1140 159 159 141
-16.6250 19.0000 1.4880 226 134 111
3.2500 19.5000 1.2720 244 114 131
-18.4375 9.5000 1.4490 234 135 99
-16.6250 -22.0000 5.1390 96 124 241
-24.6875 -11.5000 1.3560 228 87 120
-12.6875 -5.5000 0.1130 161 143 108
24.6250 -4.0000 0.1290 162 176 135
20.8125 20.5000 0.1150 181 178 140
-24.5000 -20.0000 1.3300 233 95 122
-14.0000 -18.5000 6.0990 79 111 196
22.3750 12.5000 0.1180 193 106 167
15.5000 -9.0000 0.1160 174 130 179
-8.8750 -18.0000 5.3370 87 110 235
18.5000 -3.5000 0.1680 171 115 179
-23.8750 1.0000 1.7410 171 181 112
1.7500 7.5000 6.0210 61 130 220
11.0625 -12.5000 0.9730 208 167 153
-15.1250 20.0000 3.9390 114 130 254
19.4375 14.0000 0.7090 187 194 121
-9.1250 18.0000 1.3680 241 93 121
18.6875 11.5000 0.1130 157 114 171
21.6875 21.0000 0.1110 194 142 127
17.7500 -10.5000 0.1240 167 168 141
7.3750 -7.0000 0.8850 212 121 165
13.4375 -1.5000 0.9180 209 88 201
-9.4375 9.0000 4.1010 96 151 234
-3.9375 -23.0000 1.3410 254 109 127
-7.0625 -6.0000 0.1190 151 113 130
-22.6250 -9.0000 1.4380 238 108 100
24.3125 21.0000 0.1120 182 138 99
-13.5000 9.5000 1.4710 231 136 87
-11.8750 0.5000 0.9740 205 134 105
-14.6250 20.0000 1.5300 224 155 107
-8.7500 -17.5000 5.1890 90 102 243
24.5625 -22.0000 0.1170 185 174 41
4.0625 -18.0000 1.2470 236 155 112
12.1250 -6.0000 1.2250 231 145 129
17.0000 7.0000 1.0010 216 75 162
-4.8750 23.5000 1.3800 248 110 142
18.1875 22.5000 0.1090 160 148 138
-11.2500 -5.5000 0.1190 164 142 93
-8.5000 -11.5000 1.7750 180 210 69
0.6250 24.0000 1.3310 233 119 136
3.2500 -8.5000 0.7970 200 134 160
-3.3125 -20.0000 5.1260 90 125 252
-22.8750 22.0000 1.6290 216 182 96
-12.8750 17.5000 1.3790 239 107 121
5.7500 23.0000 1.2750 240 128 124
-13.4375 -23.5000 5.1280 98 122 231
0.6875 -0.5000 1.7560 178 196 116
-15.2500 19.0000 1.4810 232 136 104
8.3750 23.0000 5.8900 72 162 217
-17.2500 15.0000 1.4300 222 105 105
2.0000 17.5000 1.1960 244 104 159
-9.5000 -17.0000 5.2060 89 104 248
-13.8125 4.0000 1.4170 234 131 100
-7.6250 -1.5000 0.9930 214 136 110
3.1875 7.0000 5.7550 58 129 239
7.9375 -0.5000 4.3290 88 155 242
11.9375 14.0000 1.1080 225 129 141
14.0000 0.0000 0.9620 214 79 195
20.5625 -24.5000 0.1220 179 152 44
-6.6250 1.0000 1.2200 232 93 110
0.6875 -6.5000 0.8600 202 115 153
12.3750 3.5000 3.9020 86 156 254
25.0000 -18.0000 0.1260 188 187 51
-20.9375 15.0000 1.3450 242 115 93
13.0000 -10.5000 0.9690 224 121 146
-6.2500 -21.5000 5.8050 78 112 251
5.0625 -7.0000 1.0400 221 126 131
12.0000 19.5000 0.1830 160 105 193
-4.3125 7.5000 5.3260 75 146 212
21.1250 -1.0000 0.1330 154 147 191
20.9375 16.0000 0.1550 172 161 156
18.0000 10.0000 0.8820 217 137 162
-10.8750 -6.0000 0.1220 147 143 106
-23.1875 17.0000 1.4140 236 119 108
13.1875 -9.5000 0.9360 227 117 158
-3.8750 -15.5000 1.2880 235 114 125
6.3750 -19.0000 1.2370 226 151 89
16.8750 24.5000 0.1160 169 139 136
11.7500 -7.5000 0.9750 225 114 174
23.9375 10.5000 0.1070 179 142 135
6.3125 -3.0000 4.3750 92 149 239
7.8125 -16.0000 0.1110 156 147 118
-23.0000 -15.5000 5.7130 78 124 229
24.6875 -8.5000 1.0170 196 215 43
8.8125 -21.5000 1.0650 232 110 139
-0.9375 5.5000 6.2230 51 128 221
-23.0625 3.5000 0.2070 160 88 144
1.2500 18.5000 1.2130 247 94 143
24.6875 15.0000 0.1180 169 148 150
-13.2500 -14.5000 1.8500 204 169 121
6.0000 6.5000 5.2800 66 134 243
-4.1250 -2.5000 1.1690 239 95 150
-17.3125 21.0000 3.9540 121 135 254
7.8125 10.0000 5.2300 80 122 231
12.8750 13.5000 1.0380 224 107 147
16.4375 0.0000 1.0320 224 100 167
-11.0000 -13.0000 1.5150 233 127 73
-19.6250 -16.0000 6.0160 69 110 223
-6.3125 -19.0000 5.2630 84 111 254
-20.7500 -7.0000 1.4430 228 87 113
-23.2500 -22.5000 1.3940 247 102 94
7.3750 -5.0000 1.8280 177 211 133
-3.1875 -25.0000 1.3700 236 108 131
-16.8125 -12.0000 1.7150 214 149 115
7.1250 22.0000 1.2880 246 130 114
8.1250 -25.0000 1.2120 224 113 89
-23.6875 14.5000 1.4210 232 119 107
-1.8750 3.0000 6.3280 57 106 235
-6.4375 5.5000 5.1480 74 118 234
-20.7500 9.5000 1.5000 221 162 75
-15.2500 -6.0000 0.8530 188 130 78
-7.3750 -5.5000 0.1290 151 104 124
-20.0000 -24.5000 1.3990 237 114 92
23.8125 -22.0000 0.1220 189 173 48
13.5625 -23.5000 0.1370 149 139 140
-14.1250 20.5000 3.6090 131 149 254
21.5625 -6.5000 0.8120 201 211 108
-5.2500 9.5000 4.5530 95 141 220
-4.6875 -17.5000 1.3850 238 98 99
0.9375 -25.0000 1.3430 234 93 136
-2.0000 11.0000 5.4600 77 128 227
24.6250 -2.0000 0.1140 155 154 124
7.5000 8.0000 5.1220 85 124 231
24.3750 12.5000 0.1420 170 158 131
-15.1875 -2.0000 0.1250 158 110 169
-22.8750 2.5000 0.2160 163 84 155
-19.0000 24.0000 1.7790 188 178 147
2.5000 0.5000 5.3950 69 131 224
-12.8125 21.0000 1.8050 203 200 131
8.5000 -3.5000 3.9650 96 173 254
8.3125 -19.0000 0.6620 179 183 167
-12.0625 4.0000 1.2780 250 109 101
-5.6875 12.0000 4.4130 96 149 235
-2.5625 10.5000 5.3720 71 132 229
20.0625 -19.0000 0.1280 189 177 85
-15.0625 -0.5000 0.1280 160 117 161
16.3750 17.0000 0.1150 176 127 178
-13.6250 -23.0000 5.2770 94 120 232
-7.6875 -4.0000 0.1180 170 131 117
0.4375 -14.0000 1.2170 221 190 84
18.5000 14.5000 0.9080 207 206 75
25.0000 23.0000 0.1140 173 132 79
-2.0000 -23.5000 1.4030 244 121 124
-11.6875 13.0000 1.4210 243 113 111
-13.0000 -24.0000 5.1750 98 121 226
10.0625 -15.5000 0.0970 175 160 104
-18.0000 -22.0000 1.7890 199 206 96
15.6875 6.5000 1.0150 226 72 158
-9.1250 10.0000 4.1150 98 150 241
-14.6875 4.0000 1.5600 216 157 76
20.5000 -20.0000 0.1220 190 167 72
-7.3750 -17.5000 1.4670 231 110 97
-4.6250 20.5000 1.3410 239 90 127
2.1250 19.5000 1.2370 244 99 144
1.8125 12.0000 6.1910 72 122 222
23.0625 1.0000 0.1090 153 116 159
-11.8125 12.0000 1.4350 242 118 104
15.1250 16.0000 1.0740 204 207 76
9.8125 -8.5000 1.6230 201 219 110
7.9375 -5.5000 1.7830 171 205 126
8.0000 -0.5000 4.2670 90 156 243
4.2500 5.0000 5.4340 71 121 224
8.3125 -2.5000 4.0600 92 159 254
-20.7500 -13.5000 5.8950 71 103 222
12.7500 15.0000 0.1140 174 101 188
-9.9375 -18.0000 5.4880 81 99 245
-9.2500 13.5000 1.7490 198 186 114
-4.3750 13.5000 1.2210 245 85 119
-21.3125 23.5000 4.9220 87 135 250
16.1250 12.5000 0.3120 178 103 192
22.2500 23.5000 0.1120 181 138 117
-8.6250 24.0000 1.4390 230 108 128
-0.7500 1.5000 6.0010 62 128 223
1.8125 21.5000 1.4750 225 172 104
15.3125 -3.0000 0.9620 225 111 185
22.5000 -22.5000 0.1240 197 167 57
-17.8125 -14.0000 5.6300 91 102 222
-17.3125 -21.5000 5.1180 101 129 229
-24.5625 14.5000 1.4220 227 114 118
10.6875 -14.0000 0.1420 190 119 145
14.1250 -15.5000 0.1140 187 175 76
-12.6875 -2.0000 0.1190 162 134 128
4.3125 -1.0000 4.8640 92 130 241
-22.1875 -15.0000 5.9680 69 122 228
11.4375 15.0000 0.9130 215 132 148
6.6250 -4.5000 1.6500 194 204 106
17.3125 -3.0000 0.5630 185 118 232
2.9375 11.0000 6.1360 60 119 237
17.8750 8.5000 0.9420 212 108 181
-7.3125 -18.0000 1.4220 239 98 108
-7.5000 3.5000 1.2940 231 117 116
-14.0625 -12.0000 1.5170 230 122 83
-11.3125 -20.0000 6.1020 74 84 218
5.2500 -3.0000 1.2680 225 132 119
21.5625 -12.0000 0.1350 174 181 82
-20.8750 19.5000 1.4700 229 117 98
-15.8750 8.5000 1.5250 229 155 79
-18.5625 -16.5000 6.1490 65 108 222
1.3750 -8.0000 0.6090 189 152 144
-24.7500 0.5000 1.9600 158 193 146
19.9375 3.0000 1.1850 220 139 118
-19.0625 10.0000 1.4070 236 128 104
-15.3125 -23.5000 1.5170 229 161 80
2.7500 -12.5000 0.1150 150 133 149
-15.5000 10.0000 1.4560 239 116 83
-19.1250 -11.0000 1.4620 244 129 102
-19.5000 17.5000 1.4380 237 115 107
-12.3125 -19.5000 6.0830 69 89 227
-0.9375 -25.0000 1.3710 229 104 142
1.4375 -18.5000 1.2890 244 115 95
-12.9375 3.0000 1.3760 243 128 93
16.8750 2.0000 0.9740 230 70 178
10.3750 -6.0000 0.9880 223 88 160
-24.7500 10.5000 1.5010 207 152 101
17.2500 8.0000 0.9780 212 97 189
11.1250 4.5000 4.1750 77 157 247
-3.9375 23.5000 1.3480 250 106 146
-4.2500 -18.5000 1.3940 241 107 100
6.6875 -12.0000 0.1200 169 77 175
11.2500 18.5000 1.2630 224 183 63
5.4375 1.5000 4.9030 75 133 226
3.7500 -24.0000 2.0760 151 207 177
6.3750 9.5000 5.4470 74 125 238
-21.7500 20.0000 1.4560 228 114 101
-1.1875 -1.5000 1.1700 235 90 147
22.1875 23.5000 0.1120 181 138 117
21.9375 -9.5000 0.3210 169 188 92
2.8125 -15.0000 1.2450 213 178 79
23.8125 -6.0000 4.6470 79 235 152
18.0000 22.0000 0.1130 160 152 140
2.8125 -17.0000 1.2460 231 171 74
12.0000 -16.5000 0.1140 174 172 96
-21.6875 -6.5000 1.4610 227 91 113
-13.0000 10.5000 1.3890 240 110 92
8.2500 -19.5000 0.9160 202 180 130
-21.1875 -2.5000 1.6300 207 159 97
-10.0625 3.5000 1.2030 243 84 110
21.4375 -13.0000 1.9950 160 254 16
0.1250 2.5000 5.9170 63 127 220
12.6875 9.0000 1.0770 229 72 137
18.3125 23.5000 0.1150 157 146 128
-13.6875 12.0000 1.4490 237 121 111
11.5625 -7.5000 1.1090 236 122 143
22.6250 9.0000 0.1190 182 102 176
-1.2500 21.5000 1.2800 254 116 132
-22.0000 -13.5000 1.4320 246 125 96
18.2500 23.0000 0.1120 158 147 133
-16.6875 3.0000 1.6460 194 165 94
14.8750 -10.5000 0.1180 154 142 162
22.0625 3.5000 0.1750 157 117 198
6.3750 -18.0000 1.2250 205 183 59
-16.1875 -7.5000 1.4870 215 159 58
1.8750 -7.0000 0.9240 208 133 149
17.1250 -21.0000 0.1170 183 153 87
-12.9375 -8.5000 1.4310 193 201 44
-4.8125 15.0000 1.2320 245 76 116
17.0000 -9.0000 0.1110 157 143 146
-23.3125 9.0000 1.4590 206 173 75
-10.5625 9.0000 4.0070 104 136 232
-13.2500 -15.5000 5.3000 94 116 241
-16.2500 -6.5000 1.3300 210 132 71
-24.6250 -20.5000 1.3360 238 97 122
24.0000 -19.0000 0.1340 187 181 53
17.4375 -7.0000 0.1090 167 130 182
17.0000 -21.5000 0.1160 180 147 94
5.3125 -16.5000 1.2110 208 183 71
5.1250 14.5000 1.1570 237 82 166
-21.1875 -10.5000 1.4310 236 118 96
-19.3125 -23.0000 1.4300 247 135 74
0.0625 7.5000 6.2590 47 125 215
-14.7500 -21.5000 5.4510 86 118 231
8.1875 19.0000 1.2990 233 130 123
-21.0000 17.0000 1.4280 231 121 100
-20.5625 -21.0000 1.5530 220 146 78
-0.1875 6.5000 6.3170 46 129 214
10.8125 19.5000 0.3080 170 105 211
13.6250 -16.0000 0.1110 174 170 79
-6.5000 22.0000 1.3550 254 97 128
6.8750 -19.5000 1.1440 225 143 102
13.3750 24.0000 0.1540 154 106 160
2.0000 -14.5000 1.2260 208 167 74
-10.8125 15.0000 1.4120 237 96 108
15.0000 17.5000 6.1390 47 224 163
-2.9375 -8.0000 0.1210 154 113 146
15.8125 20.5000 0.1190 180 142 136
-9.2500 10.0000 4.0730 99 151 242
24.8125 -2.5000 0.1130 159 179 124
7.0000 23.5000 1.2760 235 126 126
14.8750 16.0000 0.1200 176 125 201
-23.6875 -23.0000 1.3810 244 97 100
-10.2500 10.0000 3.9830 103 150 242
-3.7500 -13.0000 0.9440 209 140 131
-7.5000 -9.5000 0.5660 165 183 113
20.7500 8.5000 0.8580 201 173 135
13.3125 8.5000 1.0310 222 53 145
-23.3750 6.5000 0.2080 158 95 152
-1.2500 -8.0000 0.1140 162 111 139
10.2500 10.0000 1.1270 235 83 136
-21.6875 -5.0000 1.5390 221 128 104
17.6250 -17.5000 0.1120 203 159 62
-17.3125 23.0000 1.7680 204 195 140
13.2500 -10.5000 0.9890 225 122 141
-3.8125 5.0000 5.6740 69 139 213
8.1875 -17.0000 0.1180 162 174 112
2.9375 0.0000 5.2070 73 128 227
6.8125 -10.0000 0.9720 215 170 106
11.6250 -22.5000 0.6520 185 138 163
2.2500 24.0000 1.2970 234 123 140
-20.1250 -25.0000 1.4150 233 115 93
23.4375 15.0000 0.1150 176 151 130
14.1875 6.5000 3.8510 93 154 254
11.5000 -10.5000 0.9890 219 119 149
-20.4375 -11.0000 5.1820 93 106 230
-12.5625 17.0000 1.4000 231 111 128
-9.4375 21.5000 1.4020 253 111 110
9.9375 3.5000 4.2740 74 155 240
2.4375 -23.0000 1.3160 250 86 134
-8.6250 17.5000 1.3000 242 74 119
12.3125 24.0000 6.2680 67 169 169
21.3750 -1.5000 0.0720 152 135 191
-15.7500 17.0000 1.4340 219 112 116
11.2500 -15.0000 0.1220 173 154 136
17.9375 22.0000 0.1140 160 152 140
-9.4375 0.5000 1.1000 224 130 127
19.0625 7.5000 0.9780 213 100 170
-18.3750 -10.5000 1.4840 243 131 101
-6.4375 3.0000 5.3730 68 132 238
21.4375 15.5000 0.1170 174 152 155
-17.0000 -1.5000 1.4540 197 203 59
-11.8125 22.0000 2.6920 141 214 254
3.1875 21.0000 1.3810 240 154 98
22.0625 3.0000 0.1140 154 112 191
11.3750 10.0000 1.1350 224 79 138
15.0000 13.0000 0.1820 170 108 203
16.4375 -21.5000 0.2210 172 180 100
-0.6875 -0.5000 1.3360 227 118 101
-7.1875 -13.0000 1.2970 236 121 94
1.1875 22.0000 1.2830 252 122 122
-15.6250 21.0000 1.7550 210 201 127
17.5625 15.5000 0.9630 209 208 75
-20.0625 -4.5000 1.5680 204 167 100
-4.2500 8.0000 5.2930 75 135 229
-21.4375 19.0000 1.4520 236 117 96
12.0000 -0.5000 3.6190 103 168 254
-17.5625 14.5000 1.4220 223 103 110
-10.6250 -15.5000 1.5040 234 120 95
-14.0625 -19.0000 6.0970 77 112 196
7.5000 2.0000 4.6320 80 138 224
-11.1250 22.0000 2.6480 137 209 254
0.2500 -8.5000 0.1260 165 115 129
-7.0625 19.0000 1.3490 251 98 137
15.0625 -20.0000 0.1250 184 152 97
-20.6875 -12.5000 5.5760 82 103 227
-24.9375 23.5000 1.6360 190 156 133
-7.3750 18.0000 1.3140 253 90 144
1.2500 -2.5000 1.2140 237 110 128
12.0625 -4.0000 0.9960 228 89 185
1.4375 -25.5000 1.3370 234 92 131
17.1875 21.5000 0.1120 174 137 126
0.2500 14.5000 1.2680 244 104 126
2.0625 -22.5000 1.3090 250 82 138
-4.6875 -3.0000 1.1370 217 117 141
24.6250 -10.5000 0.1980 167 168 88
1.3750 -13.5000 0.1260 165 93 154
16.4375 11.5000 0.8030 200 120 178
13.7500 -3.5000 0.9240 222 82 185
23.1875 2.0000 0.1170 165 139 143
14.0000 -20.0000 0.1240 171 130 138
-11.0000 0.0000 0.9160 196 151 128
21.7500 -7.5000 0.1780 182 126 133
14.7500 16.5000 1.0950 201 212 77
18.0625 7.5000 0.9990 215 95 171
-23.0000 10.5000 1.4780 216 157 81
-9.5625 12.5000 1.4460 235 121 90
11.1250 -9.5000 0.9500 209 135 180
7.9375 6.5000 4.9080 70 135 246
-10.8125 -1.5000 0.1170 169 132 121
-23.0000 9.0000 1.5120 211 170 76
-3.6250 -13.5000 1.1240 225 145 95
-15.9375 18.5000 1.4500 237 127 104
-11.5000 17.5000 1.3790 230 100 117
0.9375 -2.5000 1.1330 238 93 143
-12.1875 17.0000 1.3870 234 107 127
-5.2500 14.5000 1.2270 247 78 121
-4.6250 -6.0000 0.1290 163 103 134
-19.4375 -6.5000 1.4600 224 126 93
-9.6875 -9.0000 0.6890 167 211 99
14.3750 22.5000 0.1100 165 109 143
-8.3125 19.5000 1.3390 237 85 133
13.7500 0.0000 0.9390 208 85 200
21.3125 9.5000 0.1230 177 101 194
24.2500 -9.5000 0.7260 183 209 54
8.4375 -12.0000 0.9390 190 215 168
-10.1250 -18.5000 5.6710 80 98 232
-23.9375 7.5000 0.2190 150 104 161
24.1875 14.5000 0.1230 173 140 157
21.1250 -2.0000 0.1070 155 146 192
-8.0625 10.5000 4.1720 100 145 233
-14.6875 -4.0000 0.1380 137 93 164
-7.5625 -16.0000 1.4440 243 113 108
0.3750 23.5000 1.3180 243 122 126
8.3750 -17.5000 0.1300 165 137 164
6.6875 -8.5000 1.0180 227 131 118
3.4375 -16.0000 1.2370 224 176 72
-0.8125 11.0000 5.7330 74 130 229
-14.5000 2.0000 1.5100 203 177 67
-6.0000 -6.5000 0.1050 155 129 117
2.3125 -19.0000 1.2890 249 98 135
0.2500 -5.5000 0.9530 219 103 155
-14.1250 -2.5000 0.1250 155 112 148
-16.4375 3.5000 1.6120 211 162 87
-19.3750 -18.5000 5.4960 87 125 224
-18.6875 14.5000 1.3960 229 96 97
-13.8750 9.0000 1.4720 216 112 75
1.6250 -15.0000 1.2290 219 161 95
-10.9375 -6.5000 0.1190 152 137 129
21.0625 19.5000 0.1130 163 163 134
-4.2500 16.0000 1.2450 240 79 122
21.8125 -18.0000 0.1190 178 165 97
-20.5000 7.5000 1.6280 194 192 92
24.8125 9.5000 0.1140 159 128 143
-23.6875 18.0000 1.3970 232 111 117
5.6250 -22.5000 1.2030 238 75 112
-22.3125 -5.5000 1.5360 222 125 104
18.3125 -11.5000 4.9080 73 254 126
-16.1250 13.0000 1.4480 235 115 102
-24.0000 -24.5000 4.2050 121 116 240
-15.9375 -17.5000 6.1560 73 100 215
18.0625 -7.0000 0.1120 174 122 178
-15.3125 13.0000 1.4260 239 108 97
8.2500 -8.0000 0.9410 224 113 167
-18.3125 -1.5000 1.6990 179 198 75
-1.3750 -25.0000 1.3600 232 103 145
-17.9375 -1.5000 1.7320 175 200 79
-20.6250 18.5000 1.4680 232 120 97
-22.6250 -14.0000 1.3710 252 105 104
-17.7500 23.0000 2.9840 133 196 254
13.0000 -3.5000 0.9500 228 80 180
23.1250 13.0000 0.1510 189 117 157
-12.0625 -2.0000 0.1240 163 134 124
-13.2500 1.5000 1.3290 212 170 68
-5.8125 21.0000 1.3440 254 94 124
-19.2500 18.0000 1.4580 236 119 101
-11.5625 3.0000 1.2180 248 100 107
-18.1250 -14.0000 5.6780 90 102 222
0.6250 -14.0000 1.2330 219 191 83
9.1875 17.0000 1.0020 222 100 172
-15.6250 3.0000 1.6290 209 167 82
6.3750 10.5000 5.5120 74 122 238
-6.8750 3.0000 1.2230 234 99 123
18.1250 8.0000 0.9780 217 109 170
19.8125 -10.0000 0.1260 171 176 123
-8.1875 14.5000 1.5860 208 148 103
15.0000 -7.5000 0.7390 216 112 181
-15.4375 10.5000 1.4440 239 111 86
-2.6875 -21.0000 5.2720 95 118 248
-16.8125 -1.5000 0.1510 154 115 185
-13.0625 -5.5000 0.1110 159 145 111
9.1875 -11.5000 1.2730 221 181 112
-0.6875 11.0000 5.7290 74 131 229
-23.1875 -24.5000 1.3800 239 93 102
10.4375 12.5000 1.1620 237 113 136
-0.7500 22.0000 1.2650 254 112 132
5.1250 24.5000 1.2940 229 139 127
5.1250 0.0000 4.8390 84 139 234
6.3125 15.5000 1.1900 241 87 145
2.9375 11.0000 6.1360 60 119 237
-1.3125 14.0000 5.3210 74 152 254
2.4375 8.5000 6.0240 56 126 245
15.7500 -25.0000 0.1150 161 173 96
-12.3750 -22.5000 5.5490 82 119 228
24.5000 17.5000 0.1140 161 172 91
12.5000 4.5000 3.9240 87 153 254
22.6875 -7.0000 4.9290 63 254 168
-7.0000 6.5000 4.5030 94 147 232
-7.7500 15.5000 1.3130 244 90 130
17.0625 17.5000 0.5790 188 188 123
-13.2500 0.5000 0.2490 154 125 163
12.4375 13.0000 1.1290 230 113 131
-0.3750 -2.0000 1.1560 243 90 143
-7.8750 1.0000 1.1880 220 131 111
15.5625 16.5000 1.0630 203 212 75
-10.0000 -24.5000 5.3520 94 91 234
-11.7500 -6.5000 0.1200 155 130 111
-7.2500 -8.5000 0.1130 149 136 121
10.5625 13.0000 1.2240 231 125 126
-18.6250 -12.5000 5.3240 93 105 232
-6.0000 5.0000 5.2450 72 130 236
-7.1250 17.0000 1.3500 254 101 128
2.9375 -1.0000 5.1210 83 134 251
-20.1875 18.5000 1.4530 226 114 107
23.8750 -20.5000 0.0980 185 176 47
-0.3750 -16.0000 1.2660 240 133 98
2.6250 19.5000 1.3680 231 141 122
17.9375 7.0000 1.0250 218 95 165
4.3125 -25.0000 1.9980 155 187 159
21.3750 14.0000 1.0050 203 244 68
-11.3750 21.0000 1.7040 215 188 118
-23.6875 13.0000 1.4170 232 123 105
-23.5000 -16.5000 5.3800 82 117 228
-12.6250 17.0000 1.4050 231 112 127
4.0000 15.5000 1.1700 253 88 160
0.5000 13.5000 5.7490 74 132 235
-10.9375 6.0000 4.1190 95 145 234
-14.6875 2.0000 1.4300 212 162 68
-15.3125 -17.5000 6.0310 74 104 215
12.3125 14.5000 0.7020 200 122 172
12.5000 17.0000 0.1150 168 111 188
-12.0625 -5.5000 0.1180 164 143 102
-13.4375 5.0000 1.4170 244 119 89
1.5625 -2.0000 1.2990 230 127 117
-1.4375 -19.0000 1.3600 245 140 110
-15.0000 2.5000 1.5900 201 182 72
18.8750 14.5000 5.9300 60 231 146
-15.5625 12.5000 1.4320 239 111 97
11.6250 -20.0000 0.1400 170 156 155
18.3750 -10.5000 0.1110 170 163 138
10.3125 17.5000 0.3420 174 93 228
2.5625 11.0000 6.2540 67 127 227
21.8125 21.5000 0.1170 193 143 130
-18.0625 15.0000 1.4380 227 109 95
9.3750 11.0000 1.1310 232 83 143
-14.9375 -24.5000 1.5180 210 144 83
-16.4375 13.5000 1.4300 232 110 108
-4.1875 -12.0000 0.3960 174 136 164
20.8750 20.5000 0.1130 182 177 139
15.8750 6.0000 1.0000 223 72 159
-11.2500 -18.5000 5.7930 83 89 222
4.8125 7.5000 5.5540 72 137 225
3.6875 19.5000 1.4770 213 181 106
-11.5000 -15.5000 1.5400 233 124 90
2.4375 4.5000 5.6830 58 124 227
-24.2500 -14.0000 1.3220 235 88 123
2.8125 7.5000 5.8880 58 125 238
12.4375 -8.5000 1.1020 241 121 136
5.5000 2.0000 4.9250 75 130 224
-0.1875 23.5000 1.3470 243 124 125
6.3125 -16.0000 0.1210 148 122 172
3.5000 -10.5000 0.0940 169 131 146
6.1250 -23.0000 1.1190 239 66 123
2.0000 12.0000 6.2090 72 122 221
-3.2500 10.5000 5.2990 72 132 230
19.8750 6.0000 0.9710 208 103 163
18.0625 -18.5000 0.1100 193 178 64
-18.2500 -14.0000 5.6580 89 103 224
0.3125 16.0000 1.2110 250 82 136
5.3750 22.0000 1.2840 244 131 117
15.9375 -14.0000 0.1130 171 140 85
0.8125 23.5000 1.3030 239 119 137
23.5625 9.0000 0.1140 161 119 159
-10.8125 -8.5000 0.6660 177 160 121
-10.1875 18.0000 1.3600 237 90 129
-0.6250 17.5000 1.2550 245 92 135
11.9375 -5.0000 0.9870 232 89 181
4.5625 21.5000 1.2860 239 130 108
18.9375 17.0000 0.4920 178 172 130
-9.8125 -25.5000 5.2230 100 90 229
-2.5625 5.0000 5.9290 62 119 223
-9.9375 5.5000 4.2690 89 151 230
-17.0625 -5.5000 1.4030 215 153 72
-24.2500 16.5000 1.3950 230 113 120
-9.7500 -8.5000 0.4330 167 177 136
-9.8750 18.0000 1.3510 240 88 127
20.8125 -10.0000 0.3330 165 201 96
-7.0625 2.5000 1.1540 224 88 140
-24.0000 5.5000 0.2020 153 101 161
-17.0000 -18.5000 5.8090 79 121 213
4.8125 -20.0000 1.2210 234 75 131
-22.3750 11.0000 1.4750 228 150 81
-0.3125 23.0000 1.3210 250 121 124
6.0625 -9.0000 0.9370 217 128 135
22.5625 15.5000 0.1260 178 150 144
16.1875 15.5000 0.1280 182 115 191
24.9375 -11.5000 0.1130 159 167 61
13.6250 -5.5000 1.0010 233 92 167
-17.3125 -3.5000 0.1170 166 76 174
22.6875 17.5000 0.1260 164 169 115
15.5625 -1.5000 1.0280 232 117 176
-11.8125 14.5000 1.4260 238 111 114
14.3750 -21.5000 0.0880 145 138 146
21.5625 -14.5000 0.1160 161 179 73
11.5000 13.0000 1.1190 226 107 138
-9.7500 3.0000 1.2020 242 84 110
5.4375 -5.0000 1.8160 175 213 132
-12.6875 -24.5000 5.1230 102 119 218
1.4375 10.0000 6.2950 57 128 211
-13.2500 -13.0000 1.6420 224 144 92
-9.0625 -10.5000 1.3900 225 160 49
21.0625 4.0000 0.8820 205 157 102
16.4375 9.0000 1.0170 217 99 152
19.9375 -7.0000 0.7880 173 222 99
-7.3750 -7.0000 0.1220 148 140 130
-15.8125 -15.0000 5.6110 92 100 230
-1.5000 15.5000 1.2100 240 87 123
-12.2500 -4.5000 0.1160 163 143 111
6.9375 6.0000 5.0770 70 138 238
8.5625 -9.0000 0.9800 218 150 166
24.4375 -14.0000 0.1130 170 201 57
-21.8750 -19.0000 5.1460 84 137 226
-2.4375 3.5000 6.1460 59 120 221
-1.9375 14.0000 5.2060 75 139 236
20.9375 -7.0000 0.8270 199 213 104
-14.6875 -9.5000 1.5050 223 132 54
18.2500 -10.5000 0.1080 168 162 139
2.8125 1.5000 5.4000 68 130 227
-2.5625 18.0000 1.2470 251 83 129
1.8125 -17.0000 1.2680 236 129 95
15.1875 -5.0000 0.9750 235 114 150
4.1875 -19.5000 1.2260 249 83 137
-4.8750 -24.5000 6.0620 83 98 239
12.8750 -2.0000 0.9090 212 84 201
5.1875 8.0000 5.5020 70 129 249
-5.3750 15.5000 1.2380 254 79 117
-22.5625 -23.0000 1.4230 250 113 88
-1.6875 -7.0000 0.2540 164 137 164
-1.1875 -6.0000 0.8270 188 160 145
-2.3125 -11.5000 0.1160 162 125 147
-6.4375 10.5000 4.3530 98 142 234
-5.0625 15.5000 1.2340 254 77 118
-23.5000 23.5000 4.7730 98 137 250
5.6250 13.0000 1.1530 242 63 139
-4.5625 -4.5000 0.6710 185 157 151
-9.1250 -22.5000 5.9870 74 98 231
-15.6875 -17.5000 6.0840 74 103 216
15.7500 14.0000 0.1140 168 111 190
10.6250 1.0000 3.9750 89 146 242
10.1875 -18.0000 0.1270 157 153 143
9.7500 -24.5000 1.0470 224 117 123
-9.1875 -8.5000 0.1340 147 131 143
-11.8125 20.5000 1.7220 205 186 136
19.0625 3.5000 1.1640 229 122 123
-19.9375 17.5000 1.4570 232 120 110
-4.5000 7.5000 5.3290 75 136 220
-18.3750 -19.0000 5.5580 83 125 226
5.6875 23.5000 1.2700 236 127 130
-19.2500 12.0000 1.3160 246 94 106
-1.8750 -5.5000 0.8520 202 155 146
-11.6875 18.0000 1.3440 244 95 122
-0.8750 -7.5000 0.1170 165 112 143
-11.5000 18.0000 1.3460 243 95 123
-18.9375 17.5000 1.4690 233 121 100
7.5000 -10.5000 0.9890 214 175 102
12.5625 15.5000 0.1140 174 102 191
-11.1875 -23.5000 5.4730 88 94 237
-16.3750 21.5000 1.7810 204 200 136
4.4375 3.5000 5.2770 64 132 221
-6.3125 21.0000 1.3480 254 95 124
18.6250 -6.5000 0.3480 177 163 168
-0.6250 11.0000 5.7600 74 130 228
12.6875 17.0000 1.1400 222 168 101
-19.6250 10.5000 1.3420 235 114 116
-14.2500 5.0000 1.5060 229 139 78
-9.7500 3.0000 1.2160 242 86 108
-23.4375 6.0000 0.2060 156 95 157
-24.5000 -1.5000 1.6650 191 163 114
23.1875 -10.5000 0.2460 174 175 86
-6.9375 8.5000 4.4220 93 150 235
-14.3750 -16.0000 5.6160 82 111 225
-16.8750 -17.5000 6.0420 78 99 219
-10.1250 3.0000 1.2480 240 90 103
14.8125 -20.5000 0.1210 179 152 96
24.4375 19.5000 0.1160 172 143 96
24.7500 -24.0000 0.1340 185 177 21
0.5625 -6.0000 0.9020 208 103 161
5.3125 20.0000 2.8260 131 236 254
8.8750 -24.5000 1.1560 225 120 108
10.1250 24.5000 1.2680 212 163 81
2.3750 -16.5000 1.2550 227 172 75
-10.6875 19.5000 1.4040 235 119 134
15.1250 3.5000 1.0720 238 80 158
4.5000 18.0000 2.3290 152 227 209
9.4375 18.0000 0.8340 223 82 193
-2.8125 16.0000 1.2440 245 82 113
-21.6875 -16.5000 5.6480 70 121 228
-10.3125 10.5000 2.3260 151 212 181
-1.0625 20.5000 1.2800 246 122 150
-18.8125 -22.0000 2.1190 171 231 169
-19.9375 -4.0000 1.5700 203 170 99
-12.0000 9.5000 1.5610 218 164 79
-17.8125 20.5000 4.0280 116 112 254
19.9375 18.0000 0.3790 179 178 120
-0.8125 12.5000 5.5780 76 136 242
13.1250 17.0000 1.1100 234 185 83
19.2500 13.0000 0.1090 158 113 177
15.0000 -17.0000 0.1220 197 173 79
13.6250 7.5000 1.0640 218 66 142
9.0000 4.0000 4.5060 68 150 245
-15.3125 -24.5000 1.4740 225 145 85
-14.0625 14.5000 1.4160 226 108 97
21.1875 13.0000 0.9120 190 254 49
-3.0625 17.0000 1.2560 238 82 121
-22.2500 23.0000 4.7490 88 140 254
-23.8125 -19.5000 1.3600 241 107 100
19.3750 -24.0000 0.1150 191 163 63
12.5000 -16.5000 0.1210 177 171 91
-10.7500 -11.5000 1.5330 214 144 66
24.9375 4.0000 0.1180 168 153 125
-12.8125 24.5000 3.7280 127 151 250
-6.3750 23.5000 1.3440 246 93 139
17.5000 -5.5000 0.8750 210 143 138
19.9375 -1.0000 0.1150 168 118 197
0.0625 10.5000 5.9870 61 135 223
8.6250 -8.5000 1.0250 229 126 150
5.1250 -6.5000 1.0250 221 119 155
12.2500 5.0000 4.0350 85 149 254
-22.6875 16.5000 1.4120 233 131 100
8.3125 14.0000 1.1960 233 120 139
-18.0000 -12.0000 1.6820 212 143 105
-17.1875 -23.0000 1.5120 217 147 74
3.5000 5.5000 5.6010 67 119 228
11.0625 -20.5000 0.8830 221 154 107
-24.8750 -17.0000 1.3330 226 106 131
-4.1250 -13.5000 1.1080 223 141 101
-2.3125 1.0000 6.1480 58 117 228
-16.6875 13.0000 1.4310 233 111 108
-17.3750 3.0000 1.6210 199 151 81
16.1875 10.0000 1.1020 224 113 138
10.5625 -4.0000 3.5400 117 167 254
-2.6250 -3.0000 1.1480 240 95 147
1.3125 -19.5000 1.3240 246 103 105
15.6875 7.0000 0.9920 224 68 166
-19.6875 -11.0000 5.1610 85 111 254
-10.3750 14.5000 1.4020 237 92 103
-13.1250 15.0000 1.4050 238 109 118
-20.3125 -10.5000 1.5070 231 141 109
11.3750 -19.0000 0.1230 166 157 153
11.3125 -20.0000 0.3510 186 185 148
-7.4375 10.5000 4.2820 101 140 235
-23.0000 -7.0000 1.4830 231 105 94
9.7500 -12.5000 0.8630 175 241 131
20.3125 24.0000 0.1210 166 147 99
-14.7500 -17.0000 5.8830 75 108 219
1.6250 -16.0000 1.3390 224 175 73
10.1250 4.0000 4.3160 72 153 241
14.8125 -24.0000 0.0730 148 151 125
-16.5000 18.5000 1.4590 233 129 107
9.1875 10.0000 1.1490 240 86 131
-2.8125 22.0000 1.3570 254 113 124
18.3125 4.0000 1.1740 229 119 128
13.0625 -23.5000 0.1670 153 140 149
-9.2500 4.0000 1.1980 244 88 110
-14.1875 22.0000 3.8740 119 147 254
11.9375 -7.0000 1.0270 231 115 163
14.0625 12.0000 1.0850 227 123 141
-11.0625 -24.0000 5.3370 91 94 239
5.2500 -3.5000 1.2970 225 137 116
12.1250 -17.0000 0.1200 176 171 91
-8.5000 22.0000 1.3590 254 95 115
13.9375 17.5000 0.9910 226 180 94
3.2500 23.0000 1.2990 240 126 119
-18.6250 13.0000 1.3830 242 109 103
1.3750 -21.0000 1.3530 246 94 118
9.9375 -25.0000 0.8880 199 116 133
-14.4375 16.0000 1.3230 232 85 117
19.6875 23.0000 0.1110 168 141 105
3.3750 4.5000 5.5470 57 127 229
9.6875 -9.5000 1.4400 205 197 107
-0.3125 -25.5000 1.3630 224 99 145
0.6250 0.0000 5.6810 69 136 222
-10.0625 -8.5000 0.5380 167 191 126
21.8750 18.5000 0.1420 170 158 130
-10.8125 -24.5000 5.2570 94 94 237
21.1250 -25.5000 0.1040 175 149 32
15.0000 -21.5000 0.1180 158 169 125
-10.0000 8.0000 4.1050 97 150 235
-22.6250 4.5000 0.2140 163 80 142
14.6875 23.0000 0.1180 164 113 138
-21.0625 -17.0000 5.5980 74 121 223
-8.6875 -15.0000 1.4310 236 114 90
-5.1250 -2.5000 1.1620 218 141 115
-0.6875 -5.5000 0.9000 209 100 166
6.0000 -25.5000 1.1660 217 60 116
-17.0000 23.5000 1.7650 203 191 141
-12.2500 -12.5000 1.5080 237 115 80
-10.0000 18.0000 1.3580 239 90 127
13.1875 7.5000 4.0610 82 148 254
-16.0625 -23.5000 1.4830 232 153 82
20.8750 -7.5000 0.6260 189 205 122
20.1875 13.5000 0.1490 167 126 163
-15.4375 -4.0000 0.1080 137 89 179
10.0625 4.0000 4.3110 73 153 241
-10.1875 -16.0000 5.1410 95 103 247
-1.1250 9.0000 5.8640 66 139 220
18.0625 21.5000 0.1090 163 154 140
8.7500 -9.0000 0.9780 219 150 166
2.6875 19.5000 1.2690 244 111 135
-14.9375 4.0000 1.6120 211 164 78
-10.3750 -16.0000 1.5150 229 123 99
-20.0625 5.0000 1.6220 203 167 94
-6.2500 -15.0000 1.3510 244 120 91
24.1250 3.5000 0.1130 166 145 143
-13.1875 -21.5000 5.6630 85 115 225
-6.2500 -2.5000 1.0700 222 133 123
-5.5625 -10.0000 0.1900 155 115 152
13.5000 -14.5000 0.1160 174 129 120
25.0000 15.5000 0.1080 167 151 147
-0.3750 -25.0000 1.3760 227 104 141
4.1250 -20.5000 1.2470 238 70 128
19.1875 15.0000 1.1680 220 234 48
-12.8125 24.0000 5.5790 95 106 238
-11.3125 -4.0000 0.1150 169 124 116
23.5000 -18.5000 0.1250 187 180 60
15.3125 -11.0000 0.1230 156 143 154
24.2500 19.5000 0.1110 173 142 98
6.1250 -12.5000 0.1140 158 124 156
17.6875 -14.0000 0.1010 183 161 91
-6.2500 6.5000 4.6470 87 143 231
-18.6875 -17.5000 5.8550 70 122 220
0.3750 -8.5000 0.1070 166 113 122
-6.9375 -17.0000 1.4550 239 113 103
-9.0625 21.5000 1.3920 254 107 110
4.7500 19.0000 1.6180 206 203 105
17.5000 -16.5000 0.1250 188 149 81
-22.6875 21.0000 1.4700 240 138 81
17.5625 14.0000 5.8250 68 213 161
-0.1875 -7.5000 0.2650 166 132 178
-20.6875 12.5000 1.3480 247 111 92
8.2500 -4.5000 1.6240 200 207 94
-2.6250 -8.0000 0.1290 154 114 146
21.6875 -18.0000 0.1210 178 165 97
-4.7500 7.5000 5.2400 74 138 223
15.6250 10.0000 1.0850 226 106 145
8.0000 -15.0000 0.1300 172 132 147
14.8125 13.5000 0.1990 169 111 203
10.8750 -16.0000 0.1320 175 177 99
-5.7500 3.0000 5.5500 66 130 232
16.0000 -12.5000 0.1250 163 142 96
11.6250 2.5000 3.9280 84 155 254
-13.8750 -24.5000 1.6100 201 159 82
9.3750 10.5000 1.1220 237 81 139
-8.9375 10.5000 4.0980 100 149 241
-18.5000 17.5000 1.4470 236 114 100
-15.6875 22.0000 1.7460 207 200 128
14.2500 -6.0000 1.5190 216 190 92
-7.8125 0.5000 1.2280 218 120 99
18.0000 -9.5000 0.1220 165 144 150
3.9375 16.0000 1.1880 253 92 161
8.6875 -5.0000 3.8130 100 186 254
10.6875 12.5000 1.1590 232 113 138
18.7500 -15.5000 0.1270 186 149 79
-23.6250 -22.5000 1.3900 243 99 100
6.6250 -10.5000 0.9190 216 169 112
-20.3750 19.0000 1.4710 228 117 99
13.3750 19.0000 0.1210 161 108 172
-17.6875 -13.0000 5.3530 96 102 227
-20.0625 -8.0000 1.4610 235 122 113
4.3750 -6.0000 1.0300 226 104 144
-11.1250 23.5000 2.6800 138 195 245
-22.0000 5.5000 0.2060 166 84 150
-19.0000 -10.5000 1.4750 242 131 104
-15.2500 17.0000 1.4050 230 107 104
13.0000 5.0000 3.9060 89 148 254
13.1875 -13.0000 0.1360 167 123 152
9.3125 5.5000 4.6170 67 154 231
-11.1875 -11.0000 1.5930 221 169 61
-2.0000 -25.0000 1.3750 230 106 144
-11.3750 16.0000 1.3730 240 102 118
6.1250 22.5000 1.2670 247 127 119
-2.6875 -15.0000 1.2240 232 124 86
-9.1250 4.5000 1.2900 239 103 94
-14.1250 -6.0000 0.2010 149 124 148
21.8750 12.5000 0.9390 197 254 34
-22.6875 -19.5000 1.5910 223 179 78
16.4375 -17.5000 0.0990 204 158 68
-0.5625 -5.0000 1.0200 226 103 148
-9.0625 18.5000 1.3510 243 89 124
2.3125 21.5000 1.3120 246 129 113
7.7500 -13.0000 0.1170 171 104 156
13.3125 1.5000 3.7020 91 151 254
3.5000 15.5000 1.1720 254 87 161
1.3125 12.0000 6.0720 74 125 224
15.0625 -13.5000 0.1190 168 144 96
2.3750 -11.5000 0.0560 167 127 136
-8.8125 15.5000 1.3690 243 89 90
-20.3750 3.0000 1.6570 190 180 86
-3.3125 -2.0000 1.1960 242 100 145
-16.4375 -21.5000 5.2670 92 122 238
-1.8750 6.0000 5.9820 58 123 218
8.8125 8.5000 4.9550 76 143 249
-3.5625 -15.0000 1.2300 233 117 132
-13.3750 7.5000 1.7440 197 180 115
-18.6875 0.0000 1.6790 196 177 74
-15.2500 -23.5000 1.5490 225 167 81
-9.4375 19.0000 1.3550 241 91 128
21.5000 -19.0000 0.1120 193 161 74
21.3750 -12.0000 0.0920 163 192 97
-20.6875 -21.0000 1.5140 224 137 75
-19.0625 -15.0000 5.9540 88 101 212
-8.0625 -1.5000 0.9430 193 176 110
0.5000 -25.5000 1.3530 229 93 138
-4.4375 12.5000 4.5010 90 150 239
0.5000 16.0000 1.2040 249 81 137
-3.8750 14.0000 1.2300 242 81 115
4.5000 18.5000 2.3810 146 231 209
23.0000 8.5000 0.1160 161 111 167
1.8125 18.0000 1.2020 241 83 149
-8.5000 19.5000 1.3490 238 88 131
7.0625 -21.5000 1.1680 229 76 125
-6.5000 7.5000 4.5180 91 148 237
-6.3125 -18.0000 1.4550 236 110 101
5.8750 5.0000 5.1760 68 125 233
-22.8125 16.5000 1.4210 231 133 101
3.2500 4.0000 5.4860 57 130 230
-21.2500 5.5000 1.8180 176 204 114
19.1250 -13.5000 0.1280 187 165 87
8.5625 -7.5000 0.9520 229 112 165
-16.3125 -11.0000 1.5260 234 127 83
-12.6250 -24.0000 5.1610 96 121 226
-6.6250 22.5000 1.3660 253 100 131
23.1250 -18.5000 0.1070 186 177 63
17.5000 7.5000 0.9950 210 94 176
-20.8750 18.0000 1.4490 237 117 98
1.3750 -1.5000 1.5390 205 175 102
-15.6250 -7.5000 1.6160 205 187 62
18.5000 -10.0000 0.1240 169 172 136
-16.2500 -21.0000 5.3250 89 112 234
-17.0625 20.5000 1.5770 218 152 106
-3.3750 -5.5000 0.8270 205 158 150
2.6875 2.0000 5.4390 69 128 225
11.5625 6.5000 4.2600 77 154 254
-24.6875 17.5000 1.3770 230 109 129
4.6250 5.0000 5.3990 73 120 221
-3.0625 23.0000 1.3470 249 106 132
-13.3750 -16.0000 5.4840 94 109 238
-16.9375 8.0000 1.5200 228 145 90
13.3125 -4.0000 0.9710 227 86 185
13.8125 2.5000 3.6100 106 154 254
20.8125 -5.5000 4.8750 75 231 172
-14.5625 -22.0000 5.3070 89 120 233
17.7500 3.5000 1.1170 228 108 146
21.8750 1.0000 0.1260 151 118 186
6.3750 -25.5000 1.1750 220 71 120
6.9375 -9.5000 0.9270 219 126 122
16.7500 -10.0000 0.1100 149 142 136
-23.4375 -14.0000 1.3220 249 85 115
-24.1875 4.5000 0.2060 149 105 161
22.4375 6.0000 0.5210 195 157 158
18.9375 8.0000 0.9490 206 101 180
-10.7500 -1.0000 0.2420 165 146 131
18.1250 -24.0000 0.1610 189 173 73
-9.6875 -7.0000 0.1180 145 133 143
-23.0625 -16.5000 5.4590 77 119 230
-11.2500 10.5000 1.4930 222 140 85
-13.5625 20.0000 3.6600 125 154 254
1.8125 -2.5000 1.2040 232 103 124
-12.2500 16.5000 1.3910 239 109 121
24.9375 15.0000 0.1070 168 147 150
-7.8750 -22.5000 6.1490 77 89 222
-2.2500 21.0000 1.3240 250 111 123
21.3750 -12.5000 1.9350 161 254 9
12.5625 18.5000 0.1200 162 103 181
-3.1250 20.0000 1.3230 238 98 133
5.5000 24.5000 1.2840 229 137 130
7.5000 -18.5000 0.6510 183 150 172
12.1875 9.0000 1.1090 230 76 134
1.4375 6.5000 6.0220 56 126 207
-23.8750 -23.5000 1.3610 242 90 104
-15.6250 17.5000 1.4220 238 116 104
-21.5625 16.0000 1.4060 238 132 92
3.0625 -4.5000 1.0200 238 95 158
19.5000 5.5000 1.1530 227 103 113
-13.0625 9.5000 1.6890 203 189 94
14.9375 17.5000 6.2600 46 222 161
-2.6250 -12.0000 0.1140 160 127 150
18.4375 -22.5000 0.1160 191 168 82
16.3125 12.0000 0.5410 188 117 189
-10.9375 -13.5000 1.5150 236 130 70
7.1875 -15.0000 0.1200 157 137 141
15.3750 -17.0000 0.1250 200 171 78
5.2500 -5.5000 1.0280 223 90 146
-1.4375 9.5000 5.7020 74 130 218
-19.3125 -1.5000 1.6770 182 192 77
-0.3125 -6.5000 0.7870 196 165 130
-6.7500 16.5000 1.3420 254 98 120
-24.6875 2.0000 0.2330 157 92 169
-5.0000 21.5000 1.3480 254 95 125
-2.0625 8.0000 5.7560 70 141 198
0.6250 -15.5000 1.2550 235 134 98
-4.7500 -25.0000 1.3850 228 95 129
14.1250 -14.5000 0.1190 178 148 71
-11.7500 -16.5000 5.3360 91 111 237
-2.0000 15.5000 1.2170 242 79 114
-3.5000 21.0000 1.3540 252 113 125
2.4375 10.5000 6.2030 59 119 239
0.0000 -8.5000 0.1060 166 112 123
13.6875 18.0000 0.1320 165 110 163
8.9375 -4.0000 3.8540 101 180 254
-20.1875 20.0000 1.5400 224 136 115
22.1250 -25.0000 0.0930 188 165 32
-4.8750 10.5000 4.5610 94 160 214
21.0000 8.5000 0.7770 198 168 139
15.7500 -2.5000 1.0210 232 117 171
15.3125 17.5000 1.0350 203 241 74
2.6875 1.0000 5.3580 68 130 227
-0.4375 -19.0000 1.3640 242 124 103
-24.0625 -15.0000 1.3450 241 96 114
-7.2500 -23.5000 5.9460 82 112 240
22.3750 -0.5000 0.1330 156 152 155
24.6875 -18.0000 0.1250 187 187 53
6.4375 -3.0000 4.3540 93 149 240
23.0000 12.5000 0.9820 199 254 20
-21.5000 -19.5000 1.6520 218 196 77
-18.7500 -20.5000 3.5730 119 161 243
-18.1250 3.0000 1.6390 209 161 73
12.0000 24.0000 1.0230 207 154 98
2.5625 -3.0000 1.2670 230 108 105
16.7500 15.0000 0.1450 182 113 181
7.5000 18.0000 1.4840 220 170 108
-14.1875 -10.5000 1.5010 235 117 78
-15.1250 -25.5000 1.4600 212 129 82
-7.3750 -13.0000 1.3020 233 115 76
10.2500 -24.5000 0.8990 203 117 133
-5.3125 -4.5000 0.6620 180 189 116
-6.1875 -5.5000 0.1130 172 105 132
-17.0000 -17.5000 6.0440 78 99 219
15.0625 -6.5000 1.0170 239 115 151
6.5000 -0.5000 4.5850 87 146 238
15.0625 -11.0000 0.1240 155 144 156
-3.7500 -13.5000 1.1320 224 145 95
21.7500 12.0000 0.1150 193 106 171
4.1250 15.0000 1.1850 251 91 157
-23.5625 19.5000 1.4400 240 117 113
3.8750 3.0000 5.3150 63 132 222
-1.8125 -22.5000 1.3260 251 105 129
21.0000 24.0000 0.1180 166 147 94
-20.1875 2.5000 1.6570 197 170 94
-0.2500 -22.0000 3.2560 128 184 254
-2.4375 5.0000 5.9940 62 118 221
-15.9375 -15.0000 5.5880 92 100 231
3.5625 11.0000 6.0460 61 121 234
21.9375 2.5000 0.1210 144 121 185
-17.6250 -22.0000 2.1500 170 228 169
-19.5000 -0.5000 1.6720 193 168 81
15.1875 0.0000 1.0740 226 104 162
-7.2500 -4.0000 0.1220 164 118 141
-18.9375 6.0000 1.5890 207 168 82
18.0625 4.5000 1.1710 227 117 132
4.1250 15.0000 1.1910 251 92 156
-9.3125 -21.5000 6.1170 72 94 225
21.8750 13.5000 0.1530 189 118 172
-14.7500 7.5000 1.5150 230 136 74
17.0000 19.0000 0.5990 189 213 90
-8.4375 -1.5000 0.8610 191 176 117
-20.5625 2.5000 1.6410 189 177 82
-19.6875 6.5000 1.5740 205 169 87
24.3750 -6.5000 0.3020 177 167 107
9.2500 11.0000 1.1340 232 83 143
21.7500 8.0000 0.5490 196 152 164
-11.8125 -18.0000 5.7880 83 92 227
-6.8750 -8.5000 0.1320 153 135 119
-6.7500 5.5000 4.6070 89 132 234
8.7500 -3.0000 3.9460 95 163 254
-3.4375 19.5000 1.3140 245 93 131
10.8750 9.0000 1.1540 226 84 123
-14.1875 -3.0000 0.1220 153 111 147
-21.8750 -21.0000 1.4030 244 122 77
-21.5625 5.0000 1.4450 200 191 83
11.0000 -18.0000 0.1230 157 151 139
-17.1875 -9.0000 1.5130 225 140 96
3.3750 16.5000 1.2300 252 100 159
-2.8125 -23.0000 1.3590 254 114 124
-11.1875 11.0000 1.6820 196 175 105
-10.7500 -7.0000 0.1140 158 127 136
-23.0000 -18.0000 5.1780 81 127 223
4.8125 -8.0000 1.0960 211 131 99
3.9375 17.5000 1.2000 251 86 151
-17.1250 19.0000 1.4980 235 143 104
-18.5625 -23.0000 1.5190 237 159 67
-17.2500 13.5000 1.4110 238 104 108
-1.9375 17.5000 1.2610 242 78 121
-10.4375 -2.0000 0.1300 156 131 129
24.8125 -18.0000 0.1280 187 187 53
-11.3750 -19.5000 5.9620 74 90 223
-19.0625 -6.0000 1.5040 215 156 81
-19.7500 7.0000 1.5200 209 157 89
12.5000 20.5000 0.1830 159 102 186
0.5625 21.0000 1.3470 252 137 113
-9.8125 18.5000 1.3500 241 89 128
-23.3750 0.5000 1.6480 187 170 95
-7.7500 -19.0000 5.4260 86 117 233
18.0000 -24.0000 0.1250 188 170 71
-23.7500 -21.0000 1.3490 243 98 114
-2.7500 3.5000 6.0800 59 122 224
2.1250 14.0000 1.1990 234 94 169
-5.3125 -4.5000 0.6480 180 186 119
2.8750 6.5000 5.7500 58 130 237
16.1875 11.0000 0.9760 209 107 164
23.4375 -17.0000 0.1240 184 161 89
-20.7500 7.5000 1.6270 191 212 80
12.6250 6.0000 4.0750 80 152 254
6.4375 18.0000 1.7030 198 211 121
3.6875 -11.0000 0.1540 171 139 149
-20.1875 15.5000 1.3690 240 104 96
-13.0000 2.5000 1.4450 219 167 80
14.7500 4.5000 1.3050 223 123 124
13.8750 -17.0000 0.1340 178 174 68
-14.4375 -15.0000 5.4210 92 112 233
10.9375 -16.5000 0.1220 175 166 95
-10.5625 -10.5000 1.8190 170 216 87
-22.6250 -3.5000 1.5670 218 139 107
5.3125 20.0000 2.9590 128 230 254
-1.6875 -23.5000 1.4150 234 120 132
6.1875 -7.0000 0.9530 220 122 147
-4.7500 -10.0000 0.1200 149 122 160
-0.2500 -8.5000 0.1120 165 112 126
-21.6250 -3.0000 1.5960 211 152 96
5.6875 -22.0000 1.1720 237 70 121
-12.8750 16.0000 1.3850 240 107 121
-14.1250 8.0000 1.4790 220 122 81
-4.1250 13.5000 1.2360 237 69 103
11.3750 -3.0000 1.0770 217 106 180
-18.0000 0.0000 1.7070 193 180 77
13.1875 -22.0000 0.1080 148 135 157
-10.2500 11.5000 1.5470 216 154 90
12.7500 -22.0000 0.1710 153 136 170
10.6875 6.5000 4.4380 78 156 234
-19.5000 -24.5000 1.4270 230 121 87
-15.3125 -18.5000 6.0270 75 109 206
-0.6250 7.0000 6.1480 49 129 218
2.0000 -5.0000 1.0040 230 94 166
13.8750 4.5000 3.7120 91 168 254
-0.0625 -22.5000 1.3950 251 117 131
-2.3125 -20.5000 2.6940 142 220 229
-3.5000 17.5000 1.2790 248 85 129
-12.2500 -10.0000 1.6840 207 190 69
-21.9375 -11.5000 1.4420 234 121 91
13.1875 3.5000 3.7020 94 159 254
19.5000 -16.0000 0.1060 187 144 72
5.6250 -4.0000 1.5520 200 189 104
2.5000 17.0000 1.2040 247 107 152
-18.4375 -11.5000 1.6420 223 153 101
-23.5625 3.0000 0.2020 156 90 164
9.7500 22.5000 5.9780 62 154 212
-13.1875 11.5000 1.3990 243 113 102
5.6250 -6.5000 0.9470 218 110 170
-8.2500 21.0000 1.3550 254 96 115
-8.5000 -23.5000 5.8310 82 96 228
-24.6875 -16.5000 1.3370 231 90 114
18.2500 -8.0000 0.1190 177 128 170
-0.8750 -13.5000 1.1620 219 187 93
16.0000 -7.0000 0.2830 180 121 198
-3.2500 24.0000 1.3580 237 105 141
13.3125 4.0000 3.7250 94 156 254
-22.6250 22.5000 4.7510 85 138 254
-15.8125 22.5000 1.7510 205 198 132
-1.1250 19.5000 1.2460 242 103 150
14.1250 13.5000 0.3410 181 102 214
14.8750 -18.0000 0.1180 181 169 85
21.2500 -1.0000 0.0990 151 138 192
-14.7500 -19.5000 5.8540 77 110 211
8.2500 6.5000 4.8770 70 158 248
-22.0000 15.0000 1.3530 244 116 94
7.0625 -10.0000 1.0020 214 173 101
15.3125 0.0000 1.0380 225 97 170
14.2500 -10.0000 0.3370 178 134 195
8.0625 -9.0000 0.9490 215 146 172
1.9375 6.5000 5.9080 62 126 233
1.1250 -17.0000 2.0310 165 228 152
-9.8125 -6.0000 0.1190 151 138 116
24.1250 -1.0000 0.1350 160 165 115
15.6875 -16.5000 0.1270 201 168 80
-4.8125 18.0000 1.3040 246 84 133
21.9375 -14.5000 0.1220 163 177 71
10.6875 -12.0000 1.0020 203 197 133
24.5000 1.5000 0.1260 169 147 117
-13.3125 -17.0000 5.7170 88 107 226
20.6875 -19.0000 0.1340 187 168 77
-13.8750 1.0000 1.1410 210 141 98
-3.8750 14.5000 1.2300 242 81 117
-23.2500 -20.5000 1.3840 243 109 104
-14.5625 3.5000 1.5930 212 162 77
21.7500 21.0000 0.1140 194 143 127
23.5625 -16.5000 0.1140 183 158 89
22.2500 -20.0000 0.1280 199 164 66
-5.0000 -25.5000 1.2920 231 79 140
-24.4375 -22.5000 1.3680 234 88 113
3.0000 19.0000 1.3100 243 123 126
2.3750 -6.5000 1.0630 215 145 149
20.6250 -1.5000 0.1380 156 151 194
-6.8125 6.0000 4.5580 93 145 228
14.4375 15.0000 0.1150 173 119 199
5.1250 -23.0000 1.6800 193 190 111
12.6250 2.0000 3.7320 92 150 254
16.8125 17.0000 6.1920 53 240 148
-10.3125 -8.0000 0.1120 144 136 149
-24.4375 2.0000 1.8090 164 200 140
-17.4375 -13.0000 5.3910 100 114 221
-21.0625 -18.5000 5.2680 87 135 220
22.2500 -10.5000 0.2880 173 182 92
-10.6250 22.5000 1.7320 205 193 120
4.6250 -1.0000 4.8100 87 141 234
-14.6250 -7.0000 0.8940 214 93 91
13.5625 -13.0000 0.1260 166 120 147
-14.1875 15.0000 1.4090 228 102 109
-17.6875 -6.5000 1.4960 219 142 101
7.8750 -17.0000 0.1250 153 136 160
-12.5625 12.5000 1.3200 254 93 119
20.7500 -13.0000 0.1360 152 194 85
-14.0000 6.0000 1.4850 231 130 82
-7.9375 23.5000 1.4140 241 110 129
18.3125 -4.5000 0.8450 202 176 143
10.0000 9.0000 1.2000 237 99 119
8.3750 -12.5000 0.2210 167 108 186
21.6250 -10.5000 0.3100 171 190 94
-16.1875 -4.0000 0.1220 137 92 187
-19.6250 3.5000 1.6560 204 167 82
-9.3750 -15.5000 1.4410 238 105 97
-1.5625 10.5000 5.6190 72 141 231
-20.1250 18.0000 1.4770 223 124 106
24.6875 -24.5000 0.1180 182 176 14
-2.1875 -6.0000 0.5350 164 153 160
-2.1875 -22.5000 2.3130 151 220 212
-19.0000 -6.5000 1.4920 228 130 108
16.0625 1.0000 0.9940 227 87 181
-3.7500 -8.0000 0.1060 151 116 140
-18.4375 -0.5000 1.6850 182 192 78
-0.1875 1.5000 5.8740 62 130 225
15.8750 17.5000 6.2110 44 250 142
-22.5625 13.5000 1.4560 234 137 95
-24.1250 -4.0000 1.5420 217 124 120
23.7500 21.0000 0.1110 182 134 104
-4.6875 3.0000 5.7220 69 115 234
-2.0000 10.5000 5.5020 71 130 223
-8.9375 16.5000 1.3550 242 83 97
18.8125 -17.0000 0.1230 191 143 76
19.7500 18.0000 0.4450 185 192 115
14.0625 9.0000 1.1310 226 84 150
19.0000 1.5000 0.9250 223 120 182
13.0625 -11.5000 0.7160 199 123 187
6.3125 -5.0000 1.6600 193 205 107
20.5625 -5.0000 0.1920 162 168 168
14.7500 -20.0000 0.1250 181 154 99
-10.5000 7.5000 4.0760 97 154 238
19.7500 1.5000 0.8350 207 123 190
-24.0625 -5.5000 1.5250 216 111 111
-13.0000 17.5000 1.3930 243 111 123
18.9375 -17.5000 0.1150 191 141 70
5.5000 6.5000 5.3730 68 130 239
-17.0000 23.5000 3.8520 111 155 254
7.6875 22.5000 1.2890 237 137 126
6.5000 -11.5000 0.2070 177 89 181
1.8750 20.0000 1.3500 239 139 125
10.6250 -25.0000 0.2730 163 104 188
13.1250 -5.0000 1.0000 235 90 172
9.1250 -0.5000 4.0890 93 163 245
3.8125 -7.5000 0.9860 216 139 138
-18.5000 -3.5000 1.9300 156 213 138
6.5000 -2.0000 4.4350 89 148 244
-9.8125 -24.0000 5.5640 85 101 235
-16.3750 2.0000 1.6620 194 173 94
-14.4375 19.0000 1.4730 231 131 104
14.0625 16.5000 0.1310 163 116 178
8.0625 -6.5000 1.8740 173 215 133
-1.6875 -2.5000 1.1660 238 93 141
-20.1250 -21.0000 1.5640 222 152 79
1.7500 4.5000 5.7870 54 135 223
20.8125 -19.5000 0.1000 190 163 75
21.3125 -22.5000 0.1130 194 166 61
-22.1875 24.0000 4.9610 93 136 249
16.1250 -12.5000 0.1430 164 147 95
2.6250 8.0000 5.9280 58 128 243
-2.0000 -1.5000 1.2070 236 104 142
7.6250 -9.0000 0.9490 218 125 121
4.1875 -9.0000 0.9150 192 170 127
-10.2500 -18.5000 5.6230 82 95 240
3.8125 16.0000 1.2120 254 96 158
23.3125 -23.5000 0.1240 195 169 41
-18.5000 -7.0000 1.4690 235 126 103
-5.3125 -12.5000 1.0380 218 120 104
-18.7500 2.5000 1.6580 202 178 81
21.6875 20.5000 0.1190 193 145 122
-11.4375 5.5000 1.3640 232 117 93
-1.6250 21.5000 1.3280 247 111 123
-18.3750 14.5000 1.3940 229 95 97
-5.7500 -11.5000 0.9460 204 144 86
-20.8125 -23.5000 1.4410 246 113 86
-14.2500 -25.0000 1.4940 211 140 78
23.6250 -5.0000 0.3900 187 185 130
-12.6875 3.5000 1.2950 251 112 100
-13.6875 4.0000 1.4040 237 129 99
-3.0625 -24.5000 1.3750 241 111 128
-23.5625 -18.5000 1.7050 203 185 103
0.0000 -6.5000 0.7720 196 166 132
-14.2500 2.5000 1.5830 199 180 71
-16.0000 -19.0000 5.8280 79 111 217
21.8750 -13.0000 4.8870 68 254 111
19.9375 -1.0000 0.0500 169 117 195
-14.4375 -18.0000 6.0560 81 107 202
16.0625 13.5000 0.1160 169 107 188
4.3125 13.0000 1.2930 235 121 128
5.8125 17.0000 1.8940 178 225 152
4.3750 9.5000 5.7900 63 129 233
-18.6875 -21.0000 2.2780 158 212 177
3.4375 -23.0000 1.2660 253 78 128
9.4375 -5.0000 1.2510 243 132 105
-16.9375 -8.0000 1.4720 215 149 66
-0.4375 -2.5000 1.1390 242 87 146
-4.5000 12.0000 4.4620 90 151 229
-5.6250 -3.5000 0.9830 190 177 111
6.0625 -17.0000 1.1850 212 181 64
1.7500 -6.5000 0.9230 202 135 171
-16.0000 10.5000 1.4490 238 111 89
-10.0625 -2.5000 0.1130 159 130 123
4.3125 2.5000 5.2290 75 116 220
-14.8750 -10.0000 1.5070 234 120 79
18.1875 -12.0000 0.1470 175 162 129
-5.6875 17.5000 1.3310 247 92 133
-14.1875 23.5000 3.2760 137 180 254
-3.6875 15.0000 1.2380 244 80 114
0.2500 23.0000 1.3110 249 121 124
-24.9375 -1.5000 1.7520 184 170 122
23.5000 -9.5000 0.2340 169 173 103
-8.0000 16.5000 1.3440 247 96 124
16.6250 13.0000 0.1130 169 105 182
1.3125 13.5000 1.3240 233 131 146
-20.3125 -9.0000 1.4410 230 104 118
0.6250 13.0000 5.8090 73 131 232
-1.1250 -22.0000 1.3800 243 112 137
-5.5000 -18.0000 1.4240 235 106 101
-7.1875 -18.5000 5.2730 90 116 248
-24.3125 4.0000 0.2030 147 99 152
-5.1875 -3.0000 1.1230 198 170 104
-11.0625 -16.5000 5.3580 94 107 228
24.8750 -16.5000 0.1160 185 182 64
-18.2500 -2.5000 1.7940 170 209 85
-5.9375 -5.0000 0.1430 173 109 143
6.9375 -11.5000 0.3490 181 116 171
-9.3750 -23.0000 5.8170 77 101 234
22.7500 6.0000 0.5730 198 165 145
-12.1250 -3.5000 0.1140 172 122 122
-6.9375 -21.5000 5.9340 78 110 244
1.1875 -22.0000 1.3560 252 101 140
-9.2500 16.5000 1.3360 245 77 100
-4.3125 21.5000 1.3330 251 102 133
11.3125 18.0000 1.1880 227 174 65
-8.0000 -15.5000 1.4090 237 105 93
-21.1875 0.0000 1.6390 196 166 84
-13.5625 14.5000 1.4260 236 109 112
-17.6250 -12.0000 5.1730 99 103 236
-7.7500 9.5000 4.2920 106 137 232
-5.6250 -3.0000 1.0690 219 135 123
0.5625 -18.5000 2.6270 155 223 236
-17.8750 -7.0000 1.4760 232 126 101
-2.5625 19.5000 1.3090 243 97 128
11.6875 13.0000 1.1740 227 119 128
-24.1875 0.5000 1.7340 180 178 115
-16.0625 -19.0000 5.8130 79 111 218
9.3750 -25.0000 1.1050 221 119 116
10.4375 -14.0000 0.1200 191 113 148
23.4375 19.5000 0.1130 174 138 105
4.3750 2.5000 5.2220 75 116 220
-13.3750 24.0000 1.7310 207 172 129
-19.8125 4.5000 1.6330 201 166 83
-14.2500 -15.5000 5.5230 90 110 228
-18.8125 21.0000 4.0190 111 132 254
-16.6250 9.0000 1.4870 230 122 88
-6.7500 0.5000 1.2520 231 101 106
-22.5000 16.0000 1.4200 235 136 95
8.3125 21.5000 5.8980 70 155 223
20.9375 1.0000 0.1230 148 119 198
5.8125 15.5000 1.1970 240 85 147
-8.8125 -11.5000 2.0380 157 229 114
16.5625 -19.0000 0.1070 190 153 81
-4.1250 6.0000 5.5600 72 144 204
20.7500 -14.0000 0.1290 157 188 78
9.0000 -2.5000 3.9850 93 161 254
16.0000 -17.0000 0.1190 203 165 76
-0.5000 -14.5000 1.2310 218 182 86
22.8750 -11.5000 0.1450 179 168 78
-0.7500 4.0000 6.1650 49 118 235
7.9375 -9.0000 0.9530 223 129 133
21.0000 14.5000 0.1430 174 142 152
8.5625 23.0000 5.9290 70 149 216
-24.4375 3.0000 0.2030 153 95 171
-20.5000 0.5000 1.6550 198 149 85
-14.5000 14.5000 1.4270 226 112 97
1.2500 7.5000 6.1290 53 122 210
-5.2500 -23.0000 6.0580 74 115 236
11.5000 6.5000 4.2910 76 153 254
-24.3125 2.0000 1.7050 173 195 123
-23.8125 0.0000 1.6990 187 176 106
-17.1250 1.5000 1.6550 198 174 77
18.5625 13.0000 0.1160 158 114 183
-9.5625 -24.0000 5.5450 85 101 236
-3.7500 15.5000 1.2230 244 76 118
5.5625 10.0000 5.6020 74 124 237
-10.0625 17.5000 1.3690 240 84 111
10.6875 13.0000 1.1550 231 113 142
4.0625 -7.5000 1.0100 214 143 133
-15.0000 -6.0000 0.6320 173 133 118
10.1875 -4.0000 3.6480 108 181 254
-19.0625 8.5000 1.4730 221 151 95
15.1875 21.5000 0.1130 178 136 144
17.5000 3.0000 1.0850 230 96 162
-12.7500 23.0000 1.7480 200 185 129
23.0625 22.5000 0.1190 190 131 112
-14.9375 -18.0000 6.1410 78 109 203
-1.0000 17.0000 1.2500 245 90 137
4.1875 -3.5000 1.3840 220 142 99
-12.9375 13.0000 1.3480 253 97 121
-24.1250 -24.0000 1.3760 235 92 109
10.1250 -1.5000 3.8300 104 162 254
17.2500 11.5000 0.4340 170 110 187
-5.1250 20.0000 1.3390 252 94 140
-11.1875 1.0000 1.1400 212 140 91
-9.5000 17.5000 1.3450 239 85 126
17.6250 11.5000 0.4570 180 133 193
-2.8750 19.5000 1.3060 244 95 129
-23.1250 -5.5000 1.5020 223 115 109
-7.1250 -25.0000 5.6040 93 93 234
22.6875 -16.0000 0.1180 182 160 102
3.6250 20.0000 1.4170 223 165 106
4.6875 1.5000 5.0590 70 126 220
17.2500 11.5000 0.5010 174 113 191
0.3125 -13.0000 0.1060 165 91 155
-4.7500 9.0000 4.8990 80 126 227
-22.1875 21.0000 1.4840 240 141 79
9.7500 -17.0000 0.1100 174 167 105
2.0625 -5.0000 0.9820 230 92 169
-12.0625 -15.0000 1.6350 223 141 97
12.4375 -1.5000 0.9200 213 84 202
-24.2500 2.5000 1.6890 173 195 121
13.2500 17.5000 0.1160 165 133 172
7.1250 12.0000 1.1310 242 67 131
19.8125 7.5000 0.9880 211 104 167
-21.1875 -7.5000 1.4180 236 84 105
0.6875 19.0000 1.2420 247 103 140
-10.1250 -17.0000 5.3320 91 101 244
23.1250 13.5000 0.9470 196 254 29
13.5000 20.5000 5.9010 66 202 176
3.9375 23.0000 1.2750 238 124 121
24.6250 23.0000 0.1120 176 130 85
-18.9375 15.0000 1.3930 232 97 95
-3.1875 24.0000 1.3620 236 106 141
-3.3125 20.5000 1.3400 248 111 127
11.1250 6.5000 4.3540 76 150 254
-7.4375 -24.0000 5.8410 84 91 235
15.7500 4.5000 1.0220 234 75 168
-6.8125 6.0000 4.5660 93 144 228
19.1875 11.0000 0.1220 155 100 186
11.8125 3.0000 3.9320 87 154 254
7.5000 -12.0000 0.1290 165 102 178
-5.3750 3.0000 5.6270 66 129 228
21.5625 -4.0000 0.7900 209 234 82
-8.1250 12.5000 4.0770 108 137 236
23.4375 -3.0000 0.1280 159 181 142
0.0625 8.5000 6.1660 60 136 210
-10.5000 -12.5000 1.5000 228 138 80
-6.5625 20.5000 1.3590 252 96 125
-20.6250 -10.5000 1.4120 234 111 101
15.0000 -8.5000 0.5690 199 114 193
1.1875 -10.5000 0.1490 164 136 121
-17.3125 15.0000 1.4380 221 107 105
-6.5625 16.0000 1.3000 254 90 118
-4.1875 -3.5000 1.1390 219 156 141
-0.6250 12.0000 5.6840 76 132 235
9.0625 14.0000 1.2230 231 120 134
6.3750 20.0000 1.3130 235 123 125
3.3125 10.0000 6.0010 57 127 240
-2.6875 23.0000 1.3570 248 109 129
5.8750 -5.0000 1.7660 182 213 122
18.8750 -25.5000 0.1140 181 164 49
-9.9375 8.0000 4.1250 96 152 238
-10.7500 9.5000 3.9360 106 136 238
9.3750 -3.5000 3.7820 104 178 254
19.1875 -22.5000 0.1220 192 165 77
-17.2500 -8.5000 1.4970 226 139 95
9.3750 -24.0000 1.1830 233 125 98
14.4375 16.5000 0.1340 163 116 176
21.6250 -12.5000 2.0050 159 254 18
8.6250 -11.5000 1.5110 201 212 97
20.0625 -12.0000 4.7410 82 254 100
-0.6875 -6.0000 0.8280 195 101 175
-1.1875 11.0000 5.5990 77 132 233
16.5625 -1.5000 1.0080 227 124 176
-22.9375 -12.5000 1.3980 239 100 97
-17.5000 9.0000 1.4800 231 134 89
-5.6250 -18.5000 1.4340 232 100 95
-19.1875 18.0000 1.4560 237 118 101
0.5000 9.5000 6.1040 58 137 217
-2.6875 -10.5000 0.1280 162 123 157
-0.5625 3.0000 6.0430 52 119 233
8.3125 21.0000 1.3010 235 142 116
-20.8750 -21.5000 1.4120 237 109 73
-2.7500 -15.0000 1.2150 219 151 87
-24.1875 10.5000 1.4300 218 136 98
-24.2500 -12.5000 1.3560 235 85 113
14.4375 15.5000 0.1160 173 129 201
-15.9375 8.0000 1.5140 228 136 80
-17.0000 23.5000 1.8130 198 195 148
12.0625 11.0000 1.0830 221 72 149
20.0000 11.0000 0.1150 154 115 166
-4.1875 23.5000 1.3550 250 108 144
-4.4375 -12.0000 0.5700 174 147 147
7.8750 -23.0000 1.3130 231 123 78
10.7500 2.5000 4.1060 84 139 237
-4.6875 3.5000 5.6920 68 115 236
-24.1250 2.0000 1.8760 159 205 146
-23.9375 -20.5000 1.3510 241 100 114
-10.6250 9.5000 3.9810 103 149 236
-10.0625 18.5000 1.3370 241 84 131
22.0625 0.0000 0.1170 151 116 175
20.4375 -2.5000 0.1250 178 138 188
-23.0625 5.5000 0.1940 159 92 154
-13.5625 11.0000 1.4180 240 115 104
-12.1875 -5.0000 0.1170 163 143 109
-18.6875 20.5000 1.6380 220 165 111
1.6875 -21.0000 1.3400 253 92 139
-0.0625 -14.5000 1.2250 219 184 85
-23.4375 -6.0000 1.4770 228 100 103
20.1875 -23.0000 0.1140 191 163 63
-18.7500 20.5000 1.5750 227 154 104
10.8125 -2.5000 3.6550 119 163 254
-7.5625 -12.5000 1.3090 230 115 76
12.2500 1.0000 3.7270 91 152 254
17.0000 22.5000 0.1130 171 138 140
9.2500 4.0000 4.4440 69 152 245
-10.1875 -6.5000 0.1120 154 137 129
-16.3750 -8.0000 1.5000 215 158 62
-20.0625 15.5000 1.3940 225 97 101
18.5625 2.0000 1.0030 228 122 174
-23.5000 15.5000 1.4330 227 135 102
-21.7500 -7.5000 1.4530 234 96 102
8.5625 14.0000 1.2040 234 121 135
-4.5625 11.5000 4.4980 103 137 224
-18.1250 15.5000 1.4370 227 109 95
-17.4375 1.5000 1.6680 194 174 75
-21.6250 -8.0000 1.4520 234 97 101
18.0625 18.0000 0.5510 184 210 116
7.5000 -21.5000 1.1790 223 130 106
-17.5000 -24.0000 1.4430 223 127 76
-11.8750 -4.5000 0.1220 163 143 108
19.5000 23.5000 0.1130 166 142 105
-14.6250 18.0000 1.4130 240 114 103
-23.7500 -17.5000 5.1460 86 125 224
-9.6875 8.0000 4.1530 95 152 238
20.9375 -1.5000 0.1290 156 149 193
8.4375 20.0000 1.2760 238 138 135
-8.1875 -5.0000 0.1180 152 133 114
1.4375 10.0000 6.2790 58 128 212
-1.1250 23.5000 1.3510 247 122 131
-0.7500 -14.5000 1.2120 216 178 90
21.1250 10.5000 0.1190 175 105 195
-10.0625 24.0000 1.6890 201 172 125
-24.0625 -18.5000 1.5040 221 142 98
-0.8750 -4.5000 1.0530 226 104 146
13.9375 -23.0000 0.1000 150 153 135
3.6875 0.0000 5.0880 75 125 227
18.0000 -18.5000 0.1180 198 176 73
-16.7500 22.5000 1.7600 208 198 136
-9.1875 4.0000 1.2660 242 98 97
-13.4375 11.0000 1.4460 238 123 100
-3.0000 -22.5000 1.2960 254 100 129
3.6250 6.0000 5.6400 60 132 234
17.0000 2.0000 0.9810 231 71 177
-23.8750 -25.0000 4.2620 121 114 235
13.4375 -18.0000 0.1210 168 183 79
-6.3750 -4.5000 0.2380 169 130 162
-17.1250 14.0000 1.4170 226 99 122
-8.1250 21.0000 1.3550 254 95 115
12.4375 -21.5000 0.2960 163 136 181
-7.0000 -14.5000 1.3550 241 122 91
-5.5625 -9.0000 0.1280 158 132 109
-9.0625 -9.5000 0.8720 205 105 114
14.5000 -1.5000 0.9480 221 108 202
-19.4375 17.0000 1.4300 237 114 106
0.5625 -24.5000 1.3370 244 95 145
-24.2500 -10.0000 1.3780 235 95 116
9.9375 -1.5000 3.8590 101 162 254
-22.6250 -8.0000 1.4470 234 96 100
-6.3750 -11.5000 1.0180 210 147 82
-10.8125 -5.5000 0.1130 147 143 109
-21.8750 21.5000 1.5930 226 170 85
-17.7500 15.5000 1.4450 225 111 95
9.0000 -7.0000 0.9600 230 113 164
18.3750 -6.0000 0.8690 202 171 132
9.9375 23.0000 6.1570 63 149 203
-0.7500 -13.5000 1.2140 218 186 90
5.8750 9.0000 5.4680 76 125 237
-4.0625 0.5000 1.1740 232 77 132
-23.4375 -12.0000 1.3840 236 94 104
2.0625 -6.5000 0.9580 208 136 165
22.6875 -6.5000 0.1410 169 142 134
-24.2500 8.0000 0.2380 151 105 171
7.1250 -4.0000 1.7110 185 205 117
-19.1250 -6.0000 1.4720 219 149 80
-24.5000 -23.5000 1.3410 234 83 114
-6.2500 9.0000 4.4720 94 143 226
-2.9375 -17.5000 1.3270 246 109 102
-3.4375 -1.0000 1.2330 235 104 146
-0.4375 13.0000 5.5980 74 137 244
-18.3125 4.5000 1.6030 211 157 69
14.5625 16.0000 0.1190 173 130 202
11.5000 -2.0000 3.5790 108 171 254
19.1875 15.5000 0.1310 177 125 133
23.9375 -16.5000 0.1130 181 157 83
17.6875 24.0000 0.1150 168 144 128
-10.9375 24.0000 2.6540 139 190 241
5.3750 3.5000 5.1250 67 127 233
-6.3750 14.0000 1.3220 236 107 119
-22.7500 7.0000 0.1930 162 90 153
-7.7500 18.0000 1.2810 246 83 149
17.8125 -11.0000 4.8870 75 254 128
-7.0000 13.0000 4.1770 106 149 246
-22.2500 8.0000 1.3200 210 171 88
-10.8125 -19.5000 5.9540 79 91 226
20.6250 -12.5000 4.8980 65 254 110
-6.6250 -18.5000 5.1220 89 111 254
-22.5000 -19.0000 1.6600 213 195 84
19.5625 1.5000 0.8430 209 122 191
-2.1875 -25.5000 1.3810 227 106 145
-19.4375 5.0000 1.6130 206 167 86
-15.1875 21.0000 1.7460 211 201 124
11.7500 -22.5000 0.4370 172 138 178
-19.4375 0.0000 1.7050 193 175 81
8.3125 4.0000 4.6770 68 143 241
-4.7500 17.0000 1.2800 246 80 133
-1.8125 -6.0000 0.6300 167 161 145
-14.1875 -14.0000 1.7990 208 162 113
-9.7500 21.0000 1.3790 254 106 115
10.8125 24.0000 1.2960 213 174 74
22.5000 0.0000 0.1160 152 117 166
13.4375 19.5000 0.1200 159 109 171
21.6250 -7.0000 0.7950 204 208 107
3.0000 -2.0000 1.6040 202 191 92
7.8125 -18.0000 0.3080 158 128 168
-19.0625 -11.0000 5.0950 84 112 254
-7.6250 14.5000 1.3090 243 101 133
6.7500 -17.5000 0.2260 160 125 171
16.5625 16.5000 1.1210 202 225 61
7.5625 -2.0000 4.2410 96 145 241
18.6250 -19.0000 0.1160 196 176 63
3.6875 19.5000 3.6590 112 172 254
-15.0000 -6.5000 0.9130 215 120 66
2.4375 4.5000 5.6950 58 124 226
-6.4375 -17.5000 1.4440 240 109 101
3.8125 15.5000 1.1890 254 91 158
10.3125 -2.0000 3.7580 107 164 254
-6.5000 -0.5000 1.2080 219 130 101
24.5625 -7.0000 0.4670 189 180 97
-23.0000 -19.5000 1.4010 245 123 85
-24.4375 -5.5000 1.4750 220 99 115
-4.7500 -8.0000 0.1150 158 127 109
18.3125 -8.0000 0.1210 179 127 168
19.6875 9.0000 0.9010 215 142 154
-20.6875 6.5000 1.4060 212 182 78
17.0000 -5.0000 0.8930 218 128 158
6.0625 -8.5000 0.9930 225 128 125
-20.9375 21.0000 1.5630 228 155 83
-22.2500 -6.5000 1.5000 231 110 92
-12.4375 6.5000 1.8510 191 193 120
-13.3125 2.0000 1.4340 202 185 64
7.4375 19.5000 1.2980 237 119 127
24.0000 20.0000 0.1190 178 140 102
-24.0625 24.5000 4.8690 112 131 234
-12.1250 -18.0000 5.8040 82 93 228
0.5625 -6.5000 0.7850 195 120 168
-12.6250 -3.5000 0.1230 159 147 114
19.8750 18.5000 6.3940 55 234 124
-7.8125 -1.0000 1.1610 214 146 107
21.0000 19.5000 0.1120 162 165 135
-14.0625 -25.0000 1.4620 214 134 77
25.0625 10.5000 0.1120 174 150 123
22.6875 -0.5000 0.1110 158 147 145
22.6250 14.0000 0.1150 180 125 176
2.6875 -21.5000 1.2910 249 77 139
14.2500 6.5000 3.8160 94 155 254
-4.3750 -2.0000 1.2050 235 98 150
-18.3125 -17.0000 5.9800 68 115 222
-4.8750 1.0000 1.2060 226 92 113
-13.7500 -2.5000 0.1160 155 111 144
9.3125 21.5000 6.1030 62 157 214
-1.8750 -17.5000 1.3090 236 119 114
19.6250 22.5000 0.1180 167 144 124
-23.8125 -14.5000 1.3230 242 92 116
-19.3750 -12.0000 5.3870 83 113 236
21.2500 11.0000 0.1130 184 96 190
-5.6875 2.0000 1.2280 226 96 115
6.6250 19.0000 1.4240 231 155 106
-14.9375 -23.0000 5.1480 92 122 237
-22.6250 -6.5000 1.4890 232 106 93
-5.3750 -11.0000 0.9110 200 148 87
19.9375 18.5000 0.4790 188 201 110
19.1250 16.5000 0.4770 180 167 132
-9.1250 23.0000 3.9760 121 115 254
18.2500 -1.0000 0.9370 205 152 178
7.9375 23.5000 5.7930 75 165 222
-21.9375 4.0000 1.8940 157 233 126
-4.9375 12.5000 1.2400 237 87 110
12.0625 -7.0000 1.0290 233 115 162
-7.6875 -14.0000 1.3670 237 108 95
0.1875 1.5000 5.8300 62 131 224
-10.7500 9.5000 1.9940 175 202 131
-9.0625 7.5000 4.2230 92 150 241
5.7500 7.5000 5.3890 67 127 242
-20.6250 18.0000 1.4320 237 112 100
16.1875 20.0000 0.4160 168 210 116
0.4375 -15.0000 1.2350 215 184 83
5.5000 -23.0000 1.1630 238 71 117
21.6250 -17.5000 0.1200 178 166 103
-13.1250 4.0000 1.3540 246 121 98
-16.3750 15.0000 1.4580 222 122 109
5.3750 -3.5000 1.3870 221 155 107
-3.2500 -1.0000 1.2280 235 104 146
13.5625 1.5000 1.4110 205 152 106
18.1250 24.0000 0.1080 168 145 124
-0.6250 6.0000 6.2900 49 129 212
23.4375 24.0000 0.1200 174 135 96
-22.2500 4.5000 0.2000 165 75 139
-7.3125 -21.0000 5.8550 79 101 254
-16.0625 3.5000 1.6100 212 164 82
12.9375 -21.0000 0.1130 159 139 148
12.1875 1.5000 3.7270 92 151 254
12.5000 9.0000 1.1000 230 75 134
-21.5625 -19.5000 1.6830 215 202 81
-7.8125 -14.5000 1.3790 237 109 97
-16.0625 -3.0000 0.1100 155 109 172
-20.4375 7.5000 1.7380 183 204 98
-13.6250 15.0000 1.4260 232 112 120
11.8125 16.5000 0.1440 169 105 198
4.3750 -2.5000 1.2320 232 103 104
8.3750 4.5000 4.6760 69 143 242
2.3125 22.5000 1.7760 193 214 122
-3.8125 19.5000 1.3200 244 92 134
-14.9375 20.0000 1.5670 220 163 107
9.0000 -10.5000 1.3350 219 187 107
21.1250 -15.0000 0.1250 164 170 74
-1.3750 0.0000 1.2670 228 98 102
-4.3750 12.5000 1.2560 236 76 99
0.8125 4.5000 5.9730 49 120 232
13.7500 -17.5000 0.1230 169 185 75
-15.6250 -2.5000 0.1190 158 109 172
-7.5625 -18.5000 5.2760 91 117 232
15.4375 11.5000 0.9380 215 130 172
-8.6875 -17.0000 1.4880 239 118 90
12.4375 -14.0000 0.1290 172 131 146
5.7500 22.0000 1.2800 247 130 115
-10.6875 24.0000 1.7090 200 175 125
-2.7500 -20.5000 1.3980 244 127 94
14.8750 21.5000 0.1090 177 136 145
-0.8125 11.5000 5.6700 74 131 232
-21.8750 -10.5000 1.4280 237 118 95
14.4375 13.0000 0.8160 207 139 179
-16.5625 -3.0000 0.1150 159 90 184
21.4375 14.0000 1.0030 203 244 69
-16.4375 -14.5000 5.5390 92 102 234
-17.8125 -3.0000 0.1630 165 79 184
17.7500 -10.5000 0.1160 166 165 141
11.6875 -23.5000 0.4300 169 142 166
21.9375 -5.0000 0.4340 189 195 147
-15.8125 -14.5000 5.5080 90 102 236
-9.4375 -20.5000 5.9470 77 97 224
-17.5625 17.5000 1.4880 217 118 105
7.1250 -14.0000 0.1080 162 118 146
-24.3750 -13.5000 1.3330 232 76 118
-12.8750 3.0000 1.4020 240 134 91
-20.4375 -14.5000 6.0090 76 98 209
14.5625 18.5000 0.7010 188 209 107
-20.2500 10.5000 1.4390 231 143 94
-0.7500 -7.0000 0.4670 175 146 178
-22.3750 16.5000 1.3850 238 124 99
-3.4375 13.0000 1.2680 241 82 91
14.8750 -20.0000 0.1180 182 152 98
2.2500 -12.0000 0.0880 156 122 164
6.7500 20.5000 1.3470 240 142 104
2.5000 15.0000 1.2000 253 90 161
1.0000 14.5000 1.2100 237 84 147
4.0625 -12.5000 0.1260 163 148 127
0.8125 -17.0000 1.9950 167 229 147
15.8125 4.5000 0.9980 234 72 172
1.0625 8.5000 6.2410 61 113 222
2.8750 0.5000 5.2980 70 129 227
21.8750 10.0000 0.1210 181 101 188
-23.3750 -5.5000 1.5150 220 110 105
23.8750 -12.0000 0.1350 161 169 64
-2.7500 -9.0000 0.1330 153 116 133
-9.5625 -18.5000 5.5160 81 102 236
-13.0625 -12.0000 1.5090 244 129 85
-16.5625 3.0000 1.6360 195 164 93
-2.0625 -20.0000 2.9580 133 212 244
-14.9375 -8.5000 1.5310 215 164 49
18.8125 20.0000 0.1110 155 148 135
11.8750 17.0000 0.1260 181 102 198
-23.4375 -17.5000 5.1700 84 126 225
-21.3125 -3.5000 1.5810 203 145 107
10.8125 19.5000 1.1070 236 151 101
-14.3750 7.0000 1.4900 234 125 72
12.0000 15.5000 0.1190 173 101 197
9.5625 -13.0000 0.7550 174 238 135
-10.8750 -19.5000 5.9050 80 93 227
-12.1250 -5.5000 0.1270 164 145 102
-6.2500 -25.0000 5.7540 91 108 236
-8.2500 -2.5000 0.7760 186 181 112
19.5000 18.5000 0.4850 188 201 114
15.8125 15.5000 0.1200 181 117 195
10.5625 19.5000 1.1740 234 122 125
18.6875 7.5000 0.9800 214 97 172
4.1250 20.0000 1.5390 209 193 102
-15.8750 3.0000 1.6210 210 166 82
-23.6875 -6.0000 1.4900 225 103 104
-18.8750 -2.5000 1.6850 181 198 74
14.6875 16.5000 0.9440 196 198 104
0.0000 -18.5000 2.7810 149 221 252
11.1875 -14.0000 0.3180 168 164 148
12.3125 12.0000 1.1240 231 108 128
-2.8125 6.0000 5.7760 65 145 206
18.5625 -5.5000 0.7230 193 166 163
-12.7500 18.0000 1.3750 243 106 119
-14.8125 -7.5000 1.3270 228 132 37
-23.7500 14.0000 1.4050 233 114 110
-21.0000 11.0000 1.4990 221 151 91
15.8125 19.5000 6.0390 42 253 153
7.8125 6.0000 4.8820 72 136 244
11.6250 -1.5000 3.6050 108 168 254
11.5000 20.0000 0.1980 165 108 199
-8.4375 0.0000 1.1480 220 133 114
-7.3125 -8.5000 0.1090 148 136 121
-6.8125 -6.0000 0.1310 168 111 127
19.7500 -7.5000 0.4630 181 195 132
-7.8750 -17.5000 1.4560 233 106 99
-16.8125 -13.0000 5.2700 102 112 224
-7.0625 20.0000 1.3520 252 84 126
10.8125 -15.5000 0.1020 183 150 116
-15.3125 18.5000 1.4290 241 121 102
-1.7500 -19.0000 1.3570 242 120 103
13.3125 24.5000 0.1770 153 110 161
16.0625 -21.0000 0.1330 182 152 98
22.0625 -17.0000 0.1120 182 161 105
15.3125 -5.0000 0.9820 236 116 148
18.5000 16.0000 6.0360 55 229 152
-0.8125 16.0000 1.2410 247 85 135
-6.1875 11.5000 4.3330 100 148 233
-8.1250 9.0000 4.2480 107 137 230
-4.6875 15.5000 1.2350 245 75 115
18.0625 21.5000 0.1130 163 155 140
-17.3125 -2.5000 0.1220 155 86 192
-13.0000 22.5000 1.7220 206 187 123
4.6250 17.0000 1.1800 248 83 153
23.3750 -10.0000 0.2390 171 172 104
24.2500 2.5000 0.1150 167 145 133
12.5000 12.5000 1.1280 232 111 128
-18.6250 -23.0000 1.4670 243 146 68
3.6250 7.0000 5.7280 58 129 237
8.7500 -7.0000 0.9610 229 112 165
-17.5625 -4.0000 0.3090 176 64 197
-6.6250 14.0000 1.3410 246 109 120
4.7500 6.0000 5.4210 66 115 237
-0.6250 12.5000 5.6050 75 135 241
-16.5625 -13.5000 5.3820 93 102 240
-20.3750 22.0000 3.9800 105 160 254
14.9375 1.0000 0.9630 223 79 194
12.0625 -13.0000 0.4660 168 177 156
-17.1250 -7.0000 1.4580 225 148 83
24.4375 -2.5000 0.1170 159 180 128
18.5000 14.0000 0.1130 156 116 179
3.3125 -6.0000 0.9690 231 96 162
21.8125 -12.5000 0.1090 154 186 86
24.8750 -8.0000 4.8830 86 243 109
0.5625 4.0000 5.9550 48 122 233
-6.0000 18.5000 1.3300 254 96 135
-18.5625 14.0000 1.3900 235 106 111
-10.0625 -14.5000 1.4740 237 124 75
-0.6250 -12.5000 0.1290 162 110 151
-6.4375 17.5000 1.3260 254 95 136
-13.6250 12.5000 1.4290 241 116 113
-5.8750 22.5000 1.3680 253 101 127
-12.5625 17.0000 1.3890 233 108 128
4.9375 -1.0000 4.7750 88 142 231
24.8125 9.0000 0.1110 159 127 142
5.3750 16.0000 1.1880 238 81 153
11.2500 -17.0000 0.1040 169 175 96
12.4375 -25.0000 0.1090 146 138 144
-1.6250 -20.0000 3.1040 133 195 254
-24.1875 -17.0000 1.3770 226 110 120
6.2500 -1.0000 4.5600 90 145 241
-22.5625 -18.5000 5.1400 86 135 223
2.6875 -2.0000 1.6450 198 196 96
1.1250 23.0000 1.3060 242 125 135
-4.1250 7.0000 5.4160 72 146 211
15.0000 -8.5000 0.5460 197 115 195
10.8125 -19.0000 0.1210 175 143 162
-9.0625 -6.5000 0.1190 146 131 134
20.3125 -25.5000 0.1200 176 153 40
24.1250 -5.5000 0.3480 177 170 111
5.1250 9.0000 5.6130 78 124 232
-10.4375 -12.5000 1.5280 225 145 81
-5.4375 14.5000 1.2300 248 78 121
23.3125 -22.5000 0.1200 196 168 50
18.8750 11.0000 0.1410 156 102 189
8.1250 -19.5000 1.0760 207 176 114
-21.1250 -23.5000 1.4370 248 112 85
-16.1875 -7.0000 1.6420 196 189 73
-20.6250 -21.5000 1.4770 230 126 74
-12.3125 -17.5000 5.7230 87 105 221
22.2500 10.0000 0.1120 182 100 186
-11.1875 -14.0000 1.5030 240 114 71
-21.1875 -10.0000 1.3990 238 107 103
13.5000 19.5000 0.1190 159 110 168
14.5625 -22.0000 0.1190 156 172 128
-15.6875 -24.0000 1.4800 230 151 82
-19.2500 -24.0000 1.4290 242 131 76
-21.0625 22.0000 1.7240 208 196 108
21.6250 2.0000 0.1230 146 121 193
1.6875 19.5000 1.2140 249 106 152
15.6250 -20.5000 0.1090 185 147 91
-7.7500 20.5000 1.3670 245 88 124
20.7500 -3.0000 0.0940 166 157 194
16.3125 6.0000 1.0040 221 75 157
-11.8750 -22.0000 5.6730 81 116 221
-11.8125 16.0000 1.3880 241 107 118
3.9375 12.0000 1.2810 239 121 127
2.0625 -16.0000 1.2460 221 170 78
-4.6250 -1.5000 1.2160 234 114 123
1.5000 -20.0000 1.3160 252 86 131
2.2500 -15.5000 1.2310 215 172 82
-15.7500 -12.0000 1.6120 223 140 88
14.0625 21.5000 0.1360 182 120 159
-17.9375 1.0000 1.7060 193 182 77
-11.1250 19.0000 1.4290 234 124 128
-5.0625 6.0000 5.3670 79 117 210
-10.0625 6.0000 4.2100 95 150 234
4.0625 16.0000 1.1910 251 92 160
18.3125 -4.5000 0.8550 203 177 141
19.0625 14.0000 0.1210 158 116 174
21.3750 19.0000 0.1170 165 161 134
14.5000 20.0000 0.7030 193 222 113
10.5625 -13.5000 0.2580 191 145 154
7.5000 9.5000 5.2410 78 125 232
-15.5625 19.5000 1.5050 226 142 106
-0.6875 4.5000 6.1920 48 117 234
12.9375 21.0000 0.1580 162 100 183
18.9375 -16.5000 0.1200 190 144 76
-2.2500 10.5000 5.4370 71 131 226
4.7500 -3.5000 1.4460 214 163 107
15.6250 24.5000 0.1240 162 129 123
0.1250 -21.5000 1.3690 250 107 136
24.1250 -22.5000 0.1300 192 173 42
18.1875 -15.0000 0.1180 191 148 92
-21.3750 2.0000 1.6600 185 180 89
1.9375 -6.0000 0.9540 208 134 171
-3.1875 16.5000 1.2370 244 79 118
-24.5000 -11.0000 1.3870 221 94 120
2.8125 18.0000 1.1890 252 89 143
3.4375 22.5000 1.3130 244 132 111
-8.7500 -12.5000 1.4580 231 121 75
10.0000 17.0000 0.6480 193 87 216
-0.5000 12.5000 5.6580 74 134 239
8.3125 1.0000 4.3900 76 148 244
-10.5625 -15.5000 1.4970 235 118 94
10.3750 4.0000 4.2890 74 152 239
7.3750 23.5000 5.8900 75 166 223
-9.5625 11.5000 3.9980 103 150 244
-21.6250 5.5000 0.2040 168 81 134
-7.9375 23.5000 1.4030 242 108 130
24.3125 20.0000 0.1100 177 141 98
2.1875 -2.5000 1.5840 201 181 98
14.0000 8.5000 1.0790 220 61 137
5.1250 11.5000 5.8330 69 124 236
-6.6875 21.5000 1.3620 254 99 126
4.1875 8.5000 5.7560 74 123 235
24.6875 -20.0000 0.1290 181 182 40
21.2500 -13.5000 0.1180 157 186 82
0.6250 7.5000 6.2200 48 124 214
15.3750 -14.0000 0.1230 172 146 90
-15.0000 20.5000 1.7020 215 192 118
-20.0625 7.0000 1.6380 196 176 97
-18.8125 -15.0000 5.8920 89 101 213
3.1250 -25.0000 1.2630 233 76 136
-22.3750 -18.0000 5.2900 77 126 223
13.4375 -14.0000 0.1150 173 123 136
-22.6875 3.5000 0.2220 164 84 142
-6.6875 20.0000 1.3510 253 85 123
-19.9375 -13.0000 5.6610 90 101 224
5.9375 11.5000 1.3180 232 110 108
8.5000 -9.5000 0.9580 217 147 166
19.4375 -12.0000 1.9610 156 254 29
-12.7500 -25.0000 1.6050 199 148 91
9.6250 9.5000 1.1890 240 96 121
15.0625 -3.5000 0.9380 218 117 190
-16.9375 11.0000 1.4390 238 109 117
10.1875 -2.5000 3.7530 105 165 254
14.3750 -2.0000 0.9660 222 107 198
-23.5000 -19.0000 1.5410 221 153 92
11.5000 -23.0000 0.4850 174 139 173
-16.2500 -3.5000 0.1310 160 87 180
18.1250 18.0000 0.5550 184 211 116
-7.1875 4.5000 4.8790 82 134 242
-22.2500 -16.5000 5.5860 71 121 230
20.2500 -3.5000 0.1200 167 140 171
3.3125 22.0000 1.3160 246 134 108
15.9375 -0.5000 1.0190 228 105 171
9.6250 -11.5000 1.1760 221 177 126
-4.3750 -2.0000 1.2140 235 100 149
24.6875 -18.0000 0.1180 187 186 52
-6.1250 -1.5000 1.1590 222 135 117
18.1875 -22.0000 0.1100 188 169 83
-6.5000 7.0000 4.5510 90 148 236
10.1250 -15.0000 0.1030 185 144 127
-12.0625 9.0000 2.0380 173 217 144
-21.6875 14.0000 1.3910 240 118 98
-7.3125 -2.5000 0.7710 191 133 159
20.5000 15.0000 6.1830 46 236 151
6.5000 -16.5000 0.1210 150 119 173
-10.9375 21.5000 3.6990 126 133 254
7.9375 23.5000 1.2740 231 132 132
-14.4375 21.0000 1.7420 210 197 123
-18.8750 8.0000 1.5010 214 145 88
5.1250 -4.0000 1.4360 216 163 105
-22.3125 19.0000 1.4470 236 116 98
-1.1875 -10.5000 0.1270 158 132 123
0.8750 15.5000 1.2020 248 84 135
15.1875 19.0000 0.6550 189 208 106
4.6875 14.5000 1.1700 235 84 167
12.8750 18.5000 1.1410 231 179 52
-22.0000 5.5000 0.1960 165 84 149
21.6875 17.5000 1.4180 206 254 0
-3.5625 -8.0000 0.1220 152 117 142
-0.9375 -5.0000 1.0240 224 103 148
-7.5625 -3.5000 0.1320 159 111 143
-18.7500 9.0000 1.4710 230 141 99
19.0625 -10.5000 0.1190 173 169 131
3.3125 -22.5000 1.2760 253 79 129
11.5625 8.5000 1.0990 217 77 139
-19.3750 -23.5000 1.4310 244 133 77
12.7500 3.0000 3.7870 90 157 254
-10.5625 16.5000 1.3540 241 101 115
9.5625 23.0000 1.2490 228 133 115
5.3125 -13.0000 0.0930 152 130 154
14.5625 -24.0000 0.1380 149 157 122
6.3750 -25.5000 1.2160 220 76 115
-10.2500 -7.0000 0.1200 143 137 144
-5.0625 20.0000 1.3550 250 98 136
9.2500 -10.0000 1.4770 204 209 102
15.5000 9.0000 1.0160 220 94 156
-7.0000 19.5000 1.3520 249 97 138
-22.7500 23.0000 4.7590 90 139 254
4.5000 -4.5000 1.0890 233 106 141
8.6875 -2.5000 4.0190 93 161 254
0.6875 5.0000 6.0310 51 117 229
-18.6875 8.5000 1.4870 226 139 100
-24.6875 -14.0000 1.3060 234 84 127
-18.5000 -10.0000 1.5010 238 131 106
-3.6250 5.5000 5.6820 67 140 212
3.3125 9.5000 5.9540 58 129 239
-5.0000 8.0000 5.1320 81 125 228
-1.6875 2.0000 6.2130 55 132 235
11.3125 9.5000 1.0860 225 71 144
7.2500 -10.5000 0.9610 215 172 106
-22.8750 -8.0000 1.4550 232 99 101
24.6250 -13.5000 0.1140 160 166 54
-22.4375 10.5000 1.5120 216 166 77
-0.5625 15.0000 1.2200 249 87 135
-18.8750 -24.0000 1.4380 242 134 73
2.4375 -8.0000 0.7820 195 133 171
0.0000 13.5000 5.6260 74 136 243
10.0000 -11.0000 1.3430 219 186 104
-14.6875 -19.0000 5.9340 77 108 206
16.3750 24.0000 0.1150 169 134 139
17.1250 7.5000 0.9820 216 97 184
10.0625 -21.0000 1.0400 237 156 103
-7.0000 -3.0000 0.6100 179 163 142
-18.2500 -10.5000 1.5320 236 138 100
-16.3750 5.0000 1.5520 221 134 81
1.4375 -3.5000 1.1200 227 96 147
11.3750 -16.5000 0.1220 170 176 97
-18.6875 19.0000 1.4860 232 126 100
-7.8750 14.0000 4.0470 109 135 234
-7.4375 -10.5000 0.6570 174 137 141
-15.0000 -2.0000 0.1190 158 110 166
14.1875 17.5000 0.1410 168 119 151
4.1875 -10.0000 0.3320 166 164 161
-3.5000 24.0000 1.3550 236 104 143
-1.1250 1.0000 5.9990 63 129 223
9.9375 16.0000 0.9770 223 103 170
-3.1250 18.0000 1.2880 250 89 126
22.0625 14.5000 0.1140 175 149 143
-17.1250 -16.5000 6.0530 80 102 219
-5.8125 -23.0000 6.0840 72 115 238
-11.9375 -21.0000 5.9430 79 89 224
-17.7500 7.5000 1.5330 215 150 82
-4.5000 13.0000 1.2260 236 66 105
-1.2500 0.0000 1.2590 228 97 101
22.5625 -18.5000 0.1220 195 162 65
17.9375 0.0000 0.9920 225 122 172
9.6875 22.0000 1.2840 235 145 105
7.2500 12.5000 1.1910 244 78 122
-19.6250 -23.0000 1.4240 246 132 78
20.1875 -11.0000 0.1410 172 180 117
17.0000 -23.0000 0.1270 174 164 98
-14.6875 14.0000 1.4460 226 117 94
-13.0625 -23.0000 5.3160 90 121 233
-20.1875 19.5000 1.4990 226 121 94
3.5625 -24.0000 2.0820 151 208 179
-21.5625 12.5000 1.4590 239 143 85
-0.5000 -11.0000 0.1040 164 122 119
-24.8125 11.5000 1.5730 206 160 105
-24.3125 1.5000 0.2440 158 87 162
-10.3750 -6.0000 0.1230 153 137 126
-12.7500 -8.5000 1.3940 197 195 43
-0.5000 17.0000 1.2390 248 88 133
-4.1250 20.0000 1.3250 251 95 140
-22.1875 -17.5000 5.3290 77 123 225
-10.5000 11.0000 1.8830 176 202 138
11.8125 17.5000 0.1270 181 100 201
-9.6250 -7.5000 0.1130 145 132 147
-19.1875 -23.0000 1.4480 245 140 73
-18.0625 21.0000 3.9490 114 135 254
20.2500 7.0000 0.9570 206 103 168
8.4375 11.5000 1.1820 232 112 139
6.2500 7.5000 5.3120 67 131 244
-6.2500 8.5000 4.4890 96 140 220
4.7500 5.0000 5.3310 71 133 215
-9.1250 -17.0000 5.1840 89 104 248
-24.0625 17.5000 1.3840 233 110 121
-12.1875 1.5000 1.2980 217 164 70
11.8125 -16.0000 0.0940 168 173 98
12.5625 -23.5000 0.1120 151 138 159
-20.4375 15.5000 1.3680 237 120 93
3.5000 -7.5000 1.0580 218 147 126
1.1250 1.0000 5.6450 69 135 219
6.8125 21.0000 1.3170 246 137 107
-21.2500 -0.5000 1.6670 193 151 98
-12.1250 20.5000 1.7070 215 188 118
15.7500 7.5000 0.9780 221 67 171
3.1875 -11.5000 0.0940 170 132 140
23.1250 -3.0000 0.0940 158 177 144
24.0625 18.0000 0.1140 160 169 95
-20.9375 22.5000 4.7330 86 134 251
-14.2500 -14.5000 5.2850 100 97 236
23.1250 5.0000 0.2160 156 121 163
-21.8750 -24.5000 1.4260 243 105 93
-20.1875 -3.0000 1.6310 193 177 82
11.9375 6.5000 4.2040 77 154 254
3.8125 2.0000 5.2610 72 124 227
20.5000 5.5000 1.1550 213 167 77
-16.5625 -1.0000 0.1370 159 108 192
24.8750 -10.5000 0.2630 167 175 85
-2.5625 0.5000 1.2970 231 109 108
20.3125 19.5000 0.1190 158 167 154
-14.5000 -1.5000 0.1160 154 111 157
22.2500 -11.5000 0.1010 179 171 82
-21.3125 -8.5000 1.4480 232 95 102
-10.5625 22.5000 2.6270 138 208 250
-8.5000 -6.0000 0.0940 144 118 118
4.8125 11.0000 5.8240 71 132 221
-6.8125 -16.0000 1.4090 241 100 112
20.7500 2.5000 0.6200 187 163 159
16.8750 8.0000 1.0090 216 83 136
21.1250 20.0000 0.1190 183 176 139
-6.5625 15.0000 1.2680 254 85 118
8.1250 2.0000 4.4830 78 147 233
13.0625 16.5000 1.0880 226 165 106
-24.4375 7.0000 0.2110 146 108 159
-9.1875 14.0000 1.7760 192 183 124
10.3750 -7.0000 0.9340 226 115 162
-2.6875 -8.0000 0.1240 154 113 146
7.3750 -20.5000 1.1710 218 135 109
4.5625 24.0000 1.2770 233 134 127
-23.7500 17.0000 1.4190 232 119 115
-14.7500 3.5000 1.6160 211 166 78
4.7500 -7.0000 1.0290 229 122 137
6.4375 -17.0000 1.1470 213 177 65
-1.8125 -17.0000 1.2970 242 106 108
6.1875 17.0000 1.8410 169 212 147
-21.7500 -23.0000 1.4060 254 108 83
0.2500 -9.0000 0.1370 163 117 127
22.6250 -7.5000 0.8170 215 203 92
-6.6875 11.0000 4.3180 101 139 232
15.2500 17.0000 1.0630 201 228 81
10.5000 23.0000 1.2980 219 181 70
14.6250 -20.0000 0.1090 178 154 100
-15.1250 21.5000 3.8130 117 155 254
14.8125 4.5000 1.3110 222 124 123
1.6250 -1.5000 1.4440 217 157 94
-20.7500 -24.5000 1.3980 239 111 101
2.3750 7.0000 5.8640 59 126 238
-18.1875 15.5000 1.4010 231 99 94
8.9375 -13.5000 0.1330 190 114 163
24.1875 1.5000 0.1220 168 144 122
-22.0000 1.0000 1.6470 191 183 84
0.8125 -22.5000 1.3690 254 107 135
-20.6875 -19.5000 5.1320 89 136 218
21.8750 13.5000 0.9630 198 254 33
23.0625 -17.0000 0.1170 184 160 93
-2.7500 -21.5000 2.9840 130 206 254
-0.8750 23.5000 1.3600 246 124 130
-1.1250 -15.5000 1.2530 225 154 98
9.1250 -6.5000 0.9920 230 118 161
6.1875 -20.0000 1.2310 230 146 88
-13.4375 -13.5000 1.6850 220 152 97
0.8125 3.0000 5.8260 52 124 227
-13.1875 22.0000 3.1460 135 188 254
-22.0625 -0.5000 1.6300 199 175 86
-24.0625 -24.5000 1.4070 228 96 113
-1.5625 -1.5000 1.2020 236 106 139
-15.5625 21.5000 3.8380 116 154 254
17.6250 -18.0000 0.1140 200 176 76
17.3125 21.5000 0.1150 158 160 141
9.9375 1.0000 4.0870 84 148 247
8.5625 5.5000 4.6930 68 152 233
-10.1875 -11.5000 1.7440 186 202 76
-22.1250 -10.0000 1.4040 239 110 102
-23.3750 -19.0000 1.5820 216 162 92
18.3750 -23.0000 0.1170 192 167 80
4.0625 0.0000 5.0130 90 126 236
17.1250 -11.5000 0.1320 165 164 134
-11.6875 -10.0000 1.4520 230 141 54
-8.0625 23.0000 1.4000 245 108 128
16.3750 -24.0000 0.1220 170 168 99
-14.6250 23.5000 3.3540 134 174 254
19.3750 11.5000 0.1140 154 116 170
8.3125 23.5000 1.2670 230 133 134
19.7500 -14.0000 0.1330 187 168 76
-9.1875 -15.5000 1.4640 236 110 96
12.0625 6.0000 4.1310 79 153 254
-21.3125 17.5000 1.4060 235 112 104
-17.0625 -8.5000 1.5030 225 140 93
20.9375 21.0000 0.1180 188 154 133
-14.6250 -17.0000 5.8390 76 109 219
-0.5625 -18.5000 1.3530 239 123 110
15.8125 22.5000 0.1090 174 126 138
17.4375 0.0000 1.0020 221 108 180
-0.3750 14.5000 1.2590 242 120 125
17.3750 -19.0000 0.1240 196 174 71
8.6250 16.0000 1.2880 229 136 121
24.5625 15.0000 0.1130 169 146 153
-1.6875 -8.0000 0.1020 150 110 137
-3.6875 12.0000 1.2580 240 83 88
-0.8750 -25.5000 1.3820 225 106 143
-1.8750 6.5000 5.9700 63 142 203
-14.5625 20.0000 3.7010 122 142 254
-23.6875 -21.0000 1.3310 244 95 113
22.1875 0.0000 0.1150 151 116 175
11.6875 13.0000 1.1860 227 121 126
-20.1875 -9.5000 1.4030 240 112 130
6.6875 14.0000 1.1590 238 69 140
13.9375 7.0000 1.0230 213 64 147
-22.9375 -21.0000 1.4010 245 116 98
-8.8750 1.5000 1.2030 227 134 108
-21.5000 0.5000 1.6620 194 175 84
-12.8125 17.0000 1.4030 243 115 123
1.3750 -5.0000 1.0240 221 108 145
-15.9375 -23.0000 3.9760 127 144 250
7.6875 -3.5000 4.1060 102 152 249
-16.5000 12.0000 1.4180 238 106 103
4.3125 -24.0000 1.7850 173 177 126
-24.5625 -1.5000 1.6920 188 165 117
-2.3750 -22.0000 2.8530 132 212 254
1.4375 8.0000 6.1660 62 114 219
23.1875 12.0000 0.1240 191 109 153
-12.3750 21.5000 1.7290 212 195 119
21.4375 20.5000 0.1090 190 148 125
-8.8750 12.0000 4.0530 106 143 242
3.6250 -0.5000 5.0820 89 129 241
-8.0625 20.0000 1.3590 249 88 117
-11.2500 18.5000 1.3630 240 99 121
-9.8125 -14.5000 1.4570 240 120 73
-18.1875 -4.5000 1.6630 190 195 91
5.2500 22.0000 1.2840 242 131 118
10.6250 -9.0000 1.7610 177 218 129
-14.8125 11.0000 1.4280 236 107 89
-12.0000 -15.5000 5.1570 98 110 238
18.2500 -13.0000 0.1060 182 158 100
20.1250 -8.0000 0.3810 182 190 128
-11.5000 -19.0000 5.8760 76 90 224
14.5625 -23.5000 0.0840 149 152 129
4.0000 11.0000 5.9550 61 126 239
-3.2500 -20.0000 5.1150 90 125 252
-12.3125 16.5000 1.4070 237 113 120
-9.1875 22.0000 1.4170 249 113 110
14.8125 19.5000 0.6570 186 209 108
-19.4375 -24.5000 1.4120 232 117 87
11.1250 -12.0000 1.0910 216 168 136
19.9375 14.5000 0.9870 207 208 65
17.3125 10.0000 0.9590 219 139 148
-13.6875 20.0000 1.7360 208 200 138
4.1250 8.0000 5.7100 74 124 235
17.3125 0.5000 0.9670 219 100 191
-13.6875 -12.5000 1.5480 238 136 91
-3.5000 -9.0000 0.1080 151 115 133
-18.0625 -5.0000 1.6410 194 191 86
8.6250 23.5000 1.2740 229 135 133
12.6250 18.5000 0.1270 163 104 182
-17.5000 14.0000 1.4330 222 106 110
7.6875 -0.5000 4.3480 96 144 234
-24.8125 4.5000 0.2030 147 107 165
10.5000 -18.0000 0.1260 157 151 141
0.6250 19.0000 1.2280 249 99 142
8.3750 16.0000 1.2940 228 137 121
-0.7500 -6.0000 0.8550 195 160 142
-21.6875 -20.0000 1.5120 236 161 67
12.9375 0.5000 1.2120 219 115 131
-19.4375 -5.0000 1.5150 213 162 87
-15.5000 20.0000 1.5970 209 160 113
-20.1250 13.5000 1.2970 246 106 112
-4.3125 -2.0000 1.1810 237 95 153
14.3750 15.0000 0.1140 173 119 198
13.1250 7.0000 4.0370 82 150 254
-20.2500 1.5000 1.6720 196 184 79
15.1250 -13.0000 0.1180 164 143 101
-23.1250 17.5000 1.4140 237 119 106
-19.8750 -1.5000 1.6860 180 185 84
9.0625 7.5000 4.8210 66 158 252
7.8750 16.0000 1.2710 240 128 135
-7.4375 -17.5000 5.1150 94 95 250
1.8125 -24.0000 1.3200 242 90 134
-20.8125 18.0000 1.4660 234 122 97
-14.0625 13.0000 1.4280 239 109 91
-18.5000 0.5000 1.6480 200 176 70
1.4375 -10.5000 0.1190 164 129 115
13.3125 6.5000 3.9740 84 149 254
15.1875 16.0000 0.1400 178 124 200
-6.0625 -4.5000 0.2190 170 125 160
9.2500 1.0000 4.2000 80 149 249
5.0625 -9.5000 0.7790 196 155 156
-17.3125 19.5000 1.4930 234 139 105
-24.9375 19.5000 1.4200 237 108 124
-11.7500 23.5000 2.6380 145 200 240
-9.2500 -4.0000 0.1240 151 141 127
4.6875 -9.5000 0.7080 190 161 150
22.8125 9.5000 0.1190 183 104 174
-23.1250 -18.5000 1.6430 212 178 91
-18.6875 -12.5000 5.3780 93 104 231
-7.3125 -11.0000 0.8110 190 139 119
3.5625 22.0000 1.2840 247 126 112
14.8125 -5.0000 0.9740 234 112 153
-14.0000 20.0000 3.6960 124 142 254
-6.5000 -22.5000 6.0310 73 114 243
-1.3750 -1.0000 1.2090 234 107 139
21.5000 -4.5000 0.6300 200 222 123
0.5000 12.0000 5.8860 73 128 225
-22.2500 6.5000 0.2140 167 86 150
-7.1250 15.0000 1.2980 254 91 118
-5.9375 6.5000 5.1420 76 123 227
-15.0000 5.0000 1.5520 215 147 82
-1.9375 7.5000 5.8080 65 141 205
20.9375 -14.5000 0.1230 159 184 73
-2.2500 3.5000 6.2060 59 119 218
6.6250 -12.0000 0.1090 168 77 176
2.6250 17.5000 1.1990 246 106 154
9.2500 24.5000 1.2660 218 131 136
22.8750 -13.5000 0.1230 161 177 71
-23.1875 -12.0000 1.3720 238 91 103
-10.1875 -7.5000 0.1140 144 136 148
-17.1875 0.0000 1.7730 170 209 85
-6.6875 8.5000 4.4650 92 149 233
-3.6250 14.5000 1.2170 243 79 117
13.0000 1.5000 3.6080 92 158 254
-2.3125 9.0000 5.5830 71 131 219
20.3125 -19.5000 0.1100 195 172 51
13.7500 22.5000 0.1340 162 107 152
9.5000 6.0000 4.6060 69 163 245
-21.9375 18.5000 1.4440 240 118 96
-21.4375 -5.0000 1.5600 218 132 105
-2.4375 -5.0000 0.9110 212 153 148
5.4375 -0.5000 4.7670 84 140 236
15.8750 17.0000 0.1230 174 119 189
11.5000 4.0000 4.0360 84 152 254
13.5625 16.0000 0.1180 171 108 180
10.5000 16.5000 0.3160 179 90 229
-4.4375 -4.0000 1.0460 203 176 128
-8.1250 -24.5000 5.5640 89 91 243
0.4375 -3.0000 1.1820 240 101 136
10.5625 -4.0000 1.1460 226 111 137
-24.3750 16.5000 1.3880 229 112 123
14.3125 19.0000 0.7230 187 211 107
19.3750 -1.0000 0.1620 168 102 209
-23.0000 -23.5000 1.4080 247 106 93
6.8125 -11.0000 0.7520 204 165 136
20.6875 21.5000 0.1120 186 154 135
-12.6250 13.5000 1.3540 251 97 124
7.0000 -23.0000 1.3680 231 113 92
-7.9375 -18.0000 5.2580 91 108 228
11.9375 -21.0000 0.3660 177 162 166
12.2500 10.0000 1.0940 229 72 140
-14.9375 3.0000 1.6650 205 170 83
17.6250 -2.0000 0.7420 191 127 204
-12.3125 -21.5000 5.7640 80 115 221
7.3750 -25.5000 1.2630 223 116 89
13.3750 -5.0000 0.9960 234 90 173
22.8125 -0.5000 0.1180 158 149 145
20.4375 -15.5000 0.1120 179 172 87
-8.0000 -14.0000 1.3680 242 101 76
16.1875 -22.5000 0.1080 171 165 113
-7.5625 -11.5000 1.3030 216 133 59
20.1875 13.5000 1.0250 205 230 59
15.6875 7.5000 1.0230 224 73 162
-23.3125 -17.5000 5.2240 82 125 225
10.6875 11.0000 1.1200 231 81 131
-24.8125 -24.0000 1.3980 223 92 122
-24.3750 -4.0000 1.5330 217 120 125
11.9375 18.0000 0.1190 162 101 185
-3.2500 4.5000 5.8340 62 122 229
-17.1250 -20.5000 5.3900 98 111 227
-7.5625 -25.5000 5.4990 95 93 236
-24.7500 -23.5000 1.3330 228 80 121
-21.7500 -13.5000 5.9870 67 104 229
-23.8750 -16.5000 5.3180 87 116 225
2.0625 -24.5000 1.2960 238 85 132
6.7500 -15.5000 0.1050 145 125 156
-3.3750 -7.0000 0.1380 152 117 152
-24.0625 10.0000 1.4530 210 150 90
-9.1250 6.0000 4.3160 91 146 233
-0.6250 19.0000 1.2490 247 103 144
3.1250 -1.0000 5.1280 83 133 250
23.5625 -2.0000 0.1470 159 163 142
12.4375 -12.0000 1.2350 229 146 102
-11.6875 1.5000 1.1320 215 136 97
8.8125 16.5000 1.2030 232 122 134
-14.1875 12.5000 1.4390 234 108 95
3.4375 21.5000 2.3690 161 247 218
-14.3750 19.5000 1.5210 222 145 107
10.1250 14.0000 1.3320 214 152 115
-1.6875 23.0000 1.3670 249 124 129
-4.1875 -17.0000 1.3500 244 103 106
-15.8125 -25.0000 1.4660 220 139 88
-23.5000 -4.0000 1.5510 218 130 114
-20.4375 -17.0000 5.7090 77 118 214
19.9375 19.5000 0.1420 159 152 126
11.8125 -23.5000 0.2850 160 142 170
-7.1250 11.5000 4.2530 100 144 240
16.1875 20.5000 0.1710 182 152 134
2.1250 -20.0000 1.3030 251 94 131
-5.4375 7.5000 5.1540 78 122 225
9.9375 -21.0000 1.0240 238 152 107
-20.6875 -9.0000 1.4090 229 93 105
8.8125 -6.0000 1.0410 225 92 161
-3.1250 18.5000 1.2860 251 89 127
0.8125 -6.5000 0.8530 201 115 154
0.9375 5.0000 5.9900 58 114 221
-17.5000 -17.5000 5.9470 78 103 222
11.5625 12.5000 1.1090 227 104 136
-6.0625 -13.0000 1.2510 242 122 93
-10.3750 12.5000 1.4740 230 124 96
-10.4375 8.5000 4.0510 98 149 238
-12.7500 3.5000 1.3080 250 114 100
-20.0000 15.5000 1.4050 224 101 101
20.3125 8.0000 0.9550 219 160 121
-2.6250 -14.5000 1.1650 222 151 90
12.4375 7.0000 4.1540 78 153 254
-16.3125 -2.0000 0.1040 156 112 182
17.6250 8.0000 0.9570 212 107 178
4.7500 -16.5000 1.2160 220 197 41
-24.3125 -15.5000 1.3450 240 95 113
-17.7500 0.0000 1.6980 193 178 77
-3.0000 -5.5000 0.9550 212 160 142
-24.8125 -5.5000 1.4700 220 99 117
20.4375 -9.5000 0.3600 176 204 103
-18.5000 -17.0000 5.9720 67 116 223
-1.2500 1.5000 6.0760 63 127 221
22.6875 -22.5000 0.1240 197 167 55
25.0625 23.5000 0.1090 169 132 76
-21.0000 -4.0000 1.5570 212 130 113
10.1875 5.0000 4.3880 74 152 250
-21.3750 -21.5000 1.4100 245 110 83
-23.6250 -3.5000 1.5540 218 130 116
6.5000 -21.5000 1.1170 232 68 134
-0.8750 -25.0000 1.3750 228 105 142
9.1875 2.0000 4.3160 79 146 245
5.5625 8.5000 5.4880 68 129 251
21.7500 -3.5000 0.0950 162 154 164
-4.5000 -11.5000 0.5370 159 159 132
-10.3125 -5.0000 0.1170 150 142 124
5.1875 -11.5000 0.1160 163 92 186
-14.5625 20.0000 1.7680 198 188 125
8.6250 9.5000 1.1800 239 92 125
-8.0625 3.0000 1.1850 226 78 121
23.8750 -0.5000 0.1250 160 162 121
3.6875 1.5000 5.2190 71 126 229
0.0000 13.0000 5.6620 73 135 241
-6.0625 9.5000 4.4720 94 144 228
-24.0000 -24.5000 1.3910 229 93 113
-24.3750 -19.0000 1.4200 229 122 111
-12.9375 -5.0000 0.1190 160 145 114
10.2500 -20.0000 0.1880 180 112 172
12.1875 -20.5000 0.1990 177 163 147
-2.4375 7.0000 5.7700 63 144 209
7.6875 -22.5000 1.3770 224 115 98
0.0000 18.0000 1.2610 250 103 137
-11.5000 3.0000 1.2380 246 103 104
-11.9375 -13.0000 1.5060 239 116 76
24.2500 12.0000 0.1380 172 155 134
4.4375 -2.5000 1.2280 232 103 105
20.0000 -4.5000 0.1070 170 118 164
-1.8125 5.0000 6.1100 67 125 210
1.5000 19.0000 1.2080 250 104 152
-13.2500 -19.0000 6.0460 73 89 225
-17.2500 -8.0000 1.4970 232 127 100
21.4375 -23.5000 0.1140 192 167 52
20.8125 20.0000 0.1190 181 178 141
21.7500 -14.0000 0.1160 161 179 78
-15.4375 23.5000 1.7600 199 188 139
-20.6875 -4.0000 1.5770 202 141 108
14.1875 23.5000 0.2020 159 120 147
17.1875 -15.0000 0.1350 180 167 94
-17.0000 2.5000 1.6580 193 167 99
-11.8750 17.5000 1.3610 233 95 120
-11.9375 -12.5000 1.5110 236 115 80
17.1250 -7.0000 0.1080 168 129 184
-22.1875 19.5000 1.4520 233 116 99
23.8750 -6.0000 4.6600 80 234 150
-13.9375 -3.5000 0.1180 152 131 130
5.3125 -23.0000 1.2710 235 89 103
-12.1250 2.5000 1.3440 229 141 72
13.8125 -1.5000 0.9550 208 92 193
10.6250 -18.5000 0.1300 161 143 148
17.9375 1.5000 0.9800 227 118 180
9.8750 -4.0000 3.6740 107 181 254
-10.4375 -21.0000 6.0900 75 88 218
-18.0000 16.0000 1.4560 223 115 97
-12.9375 -25.5000 1.6000 196 150 81
5.9375 2.0000 4.8650 75 132 226
-6.8125 3.0000 1.2000 233 94 126
-23.1250 5.0000 0.2070 158 94 154
-10.5625 24.0000 1.7070 200 175 125
-12.8750 19.5000 3.7460 117 134 254
-22.7500 19.0000 1.4490 234 116 103
19.4375 -2.5000 0.1060 172 105 196
-23.7500 0.5000 1.7080 182 178 109
0.3750 -25.5000 1.3400 229 90 142
18.1875 -25.0000 0.1170 171 153 70
12.4375 -22.0000 0.2260 158 137 179
-12.3750 -14.0000 1.6160 231 145 79
3.6875 -8.5000 0.9340 211 142 139
1.2500 -19.5000 1.3280 247 105 104
10.1875 -13.5000 0.2780 192 149 159
3.6875 18.5000 2.9130 127 218 254
-5.3125 -22.0000 5.8120 77 113 247
14.6875 13.0000 0.9500 222 151 151
0.3125 15.5000 1.2180 251 87 133
19.6875 18.0000 0.4400 185 191 116
11.7500 -0.5000 3.6520 101 165 254
10.2500 -4.0000 3.6020 110 183 254
-5.1875 -16.5000 1.3370 248 82 115
8.0625 10.0000 1.1970 235 94 128
22.5000 -15.0000 0.1060 177 186 76
-6.6875 -20.0000 5.5880 81 110 254
-6.1875 -13.5000 1.2980 246 123 89
20.3750 4.5000 1.0080 222 148 115
-7.5000 -13.5000 1.3490 236 125 91
-3.5625 -19.0000 1.3990 244 124 103
-2.1875 2.0000 6.2730 59 112 223
4.3125 -25.0000 1.8670 163 179 138
5.0000 -19.0000 1.2250 243 134 108
-3.9375 -10.5000 0.1160 155 127 169
-2.5625 0.0000 1.2270 231 93 117
18.1250 -2.5000 0.4600 177 104 211
2.6875 21.5000 1.3940 239 156 100
19.1250 11.0000 0.1230 155 100 186
19.0000 18.0000 0.4900 186 201 118
19.3750 -10.5000 0.1360 174 176 128
-22.5625 -22.0000 1.4080 247 108 89
4.3750 7.5000 5.6090 65 127 232
21.2500 14.5000 0.1330 174 140 151
-22.6250 -11.0000 1.3940 239 107 99
10.4375 -25.0000 0.5130 170 108 181
9.5000 20.0000 1.2150 234 124 129
18.6250 17.0000 0.4940 177 170 132
-20.0625 -21.0000 1.5590 223 150 79
-7.6875 6.5000 4.4410 98 131 236
14.6250 22.5000 0.1150 171 131 143
20.6875 -16.5000 0.1080 172 169 113
-23.7500 9.0000 1.2180 210 154 115
-2.3125 -9.0000 0.1200 157 106 146
1.5625 -15.0000 1.2390 219 162 94
7.4375 -23.0000 1.3980 227 119 93
15.0625 -9.0000 0.4320 188 119 192
4.0625 20.5000 1.4180 220 165 104
3.9375 -20.5000 1.2560 250 85 130
-20.6875 -10.5000 1.4260 233 115 100
-13.5625 0.0000 0.1210 141 115 141
-0.1875 -21.5000 3.3360 128 178 254
-6.8125 -11.0000 0.7840 190 138 121
-21.5625 -11.5000 1.4490 233 123 91
9.8125 12.5000 1.2740 236 131 110
15.1875 8.0000 1.0300 219 74 167
-9.8125 6.5000 4.2200 93 152 238
-7.1250 2.5000 1.1660 224 90 138
4.3750 -8.5000 0.9630 209 146 132
-7.0000 11.0000 4.2680 98 145 238
6.5000 -4.0000 1.7580 182 209 123
22.1875 -5.0000 0.4320 190 194 145
5.6875 22.0000 1.2720 248 129 117
-0.1875 23.5000 1.3430 243 124 125
8.8750 -12.5000 1.0900 185 241 119
-5.8750 -24.5000 5.9440 85 110 231
13.8750 -21.5000 0.1420 149 141 147
0.8125 1.0000 5.6530 67 135 224
23.6250 17.5000 0.1280 163 172 103
19.2500 -21.0000 0.0940 187 180 86
-0.9375 10.5000 5.7530 67 136 229
-15.6875 -14.0000 5.3280 89 104 243
-14.0000 -23.5000 5.1400 102 101 233
-2.7500 -23.5000 1.3870 249 119 123
24.8750 -23.0000 0.1090 186 174 31
12.0625 2.0000 3.8170 92 146 254
11.0625 4.0000 4.1520 82 149 254
-13.0000 -19.0000 6.1320 71 86 225
-12.1250 14.5000 1.4310 238 113 114
-23.6250 1.0000 1.6830 178 179 103
-13.0000 2.5000 1.4240 221 163 82
1.3125 -8.5000 0.3210 166 126 156
-17.1875 22.0000 1.7600 209 200 135
2.0000 -18.0000 1.2840 232 127 109
10.2500 8.5000 4.6480 75 141 249
24.0000 -5.0000 0.3580 182 182 125
1.3125 -5.0000 1.0190 221 108 146
-2.6875 5.0000 5.9380 62 119 223
3.8125 21.0000 2.5690 147 243 235
-0.9375 23.0000 1.3310 250 120 129
-7.8750 20.5000 1.3630 245 87 125
-4.0000 -10.0000 0.1240 153 127 168
-0.6875 15.0000 1.2210 249 87 135
-19.5000 -24.0000 1.4190 242 128 79
-20.8750 -22.5000 1.4360 247 115 82
13.8125 5.5000 3.8210 99 155 254
7.6250 -4.5000 1.6930 188 202 114
14.7500 21.0000 0.1150 177 141 144
24.8125 -6.0000 0.3780 179 176 104
21.4375 -4.5000 0.4820 187 204 148
-5.7500 19.0000 1.3320 254 95 136
-24.6875 5.0000 0.2150 151 106 166
4.7500 9.0000 5.6710 76 117 238
-9.5000 14.5000 1.4900 225 123 93
-12.6250 -8.5000 1.4300 193 203 42
-2.1250 5.0000 6.0580 68 126 212
-5.6250 -8.5000 0.1110 158 128 113
-1.2500 -15.0000 1.2470 222 157 104
-17.6250 -15.5000 5.9190 78 109 222
18.0625 -7.5000 0.1160 177 125 174
-16.6875 -12.0000 1.8250 201 162 136
-10.1250 -24.5000 5.4150 94 91 232
-18.5625 0.5000 1.6920 196 181 74
-7.8125 20.0000 1.3490 249 84 118
20.4375 -21.5000 0.1180 180 169 77
-9.5625 18.5000 1.3530 242 90 126
3.7500 -23.5000 1.4490 225 138 106
-8.8750 7.0000 4.2840 90 148 239
-0.6875 10.5000 5.7710 66 137 229
-9.6250 -8.5000 0.5940 168 201 114
18.8125 22.0000 0.1100 165 147 135
20.9375 14.0000 0.1340 175 139 152
-11.0000 2.5000 1.2300 230 120 85
-7.8125 -6.5000 0.1160 143 120 116
6.0000 -3.0000 4.3980 93 148 239
7.8750 20.0000 1.3000 235 139 134
11.8125 24.0000 0.2030 149 92 211
-18.3125 6.0000 1.5960 209 164 81
-18.9375 7.0000 1.5450 213 161 81
-24.8125 5.5000 0.2140 151 107 167
-0.5000 -24.5000 1.3820 237 106 142
-5.7500 -21.0000 5.5700 84 115 254
-9.6250 -22.0000 5.9890 73 98 228
17.1250 -11.0000 0.1190 165 163 140
24.1250 6.5000 0.1030 154 128 148
3.9375 19.0000 2.7340 131 229 245
6.0625 4.0000 5.0580 65 128 239
24.1250 -6.5000 0.2760 176 165 110
11.1250 -21.5000 1.0830 221 154 105
2.8125 19.0000 1.2590 248 107 135
3.1250 2.0000 5.3420 70 126 228
-12.2500 -21.0000 5.9220 79 91 226
8.3125 10.5000 1.1850 235 91 132
-15.4375 -13.0000 1.8210 204 167 122
13.8750 -4.0000 0.9720 228 99 168
-13.3125 -0.5000 0.1230 144 117 136
-7.3750 -21.5000 5.9780 80 100 254
24.6250 18.5000 0.1160 158 168 91
14.6875 7.0000 3.8290 91 168 254
1.0000 20.5000 1.4860 218 176 109
-11.3750 8.0000 1.9040 188 198 110
17.1875 -23.5000 0.1170 174 164 89
-15.0625 19.5000 1.5030 226 142 105
17.2500 -22.0000 0.1240 183 148 94
17.4375 -23.0000 0.1190 178 162 91
10.6250 19.0000 1.2030 236 126 118
-23.4375 2.0000 1.9780 150 212 155
18.9375 -6.0000 0.8580 201 177 131
-6.0000 0.0000 1.2410 231 100 104
21.2500 -13.5000 0.1240 157 186 81
2.6875 10.0000 6.0580 57 125 241
5.3125 1.0000 4.8970 74 134 226
3.8750 6.5000 5.6340 60 131 233
21.0000 -11.0000 0.1230 171 185 90
5.0625 24.0000 1.2640 233 134 131
14.6250 -24.5000 0.1170 147 154 119
-3.0000 21.0000 1.3370 253 111 124
9.2500 -1.0000 4.0420 96 157 254
5.0000 -16.0000 0.0880 141 105 203
0.5000 -14.0000 1.2240 220 191 83
23.0000 -15.0000 0.1210 175 189 73
-4.6250 5.0000 5.5260 72 139 209
-22.3125 4.5000 0.2130 166 76 140
6.3750 12.0000 1.1160 245 61 135
8.8125 -23.0000 1.2230 238 125 93
-14.3750 -8.0000 1.4280 222 145 39
12.6250 8.5000 1.0660 225 71 139
-3.6875 -8.5000 0.1430 153 121 137
-7.5625 10.5000 4.2500 93 149 227
18.6875 0.0000 0.8400 207 117 195
13.9375 -9.5000 0.8100 212 124 179
17.6875 16.0000 2.0930 153 254 101
-14.2500 22.0000 1.7330 207 193 125
-3.8125 24.0000 1.3610 243 106 145
-7.6875 -16.5000 1.4580 233 111 112
-1.0625 -17.5000 1.2980 236 118 108
-8.3750 -11.0000 1.4980 212 180 47
5.0000 -9.0000 0.8830 201 161 140
0.4375 22.0000 1.3470 253 133 112
10.0000 14.0000 1.3010 217 146 119
-10.2500 -2.0000 0.1110 157 128 128
1.9375 17.0000 1.1740 245 102 160
5.6875 -2.0000 4.5500 87 147 244
22.8750 8.0000 0.2230 167 118 161
11.0000 -15.5000 0.1300 174 176 98
7.0000 -2.0000 4.3600 91 147 243
-20.6875 -17.0000 5.6760 76 119 217
14.6250 16.5000 1.1370 200 217 74
0.9375 14.0000 1.2600 234 102 142
-10.2500 17.0000 1.3460 242 79 112
-5.2500 -25.5000 5.8310 90 103 241
-22.3125 -10.5000 1.4230 237 117 96
-17.8750 24.5000 3.7780 111 157 254
2.7500 20.0000 1.5310 214 199 99
-18.8125 21.0000 1.8790 194 197 149
15.1875 16.0000 1.0240 203 201 85
-7.3125 -4.0000 0.1240 164 118 142
24.2500 15.0000 0.1120 170 143 158
-7.2500 -12.5000 1.2780 226 132 86
22.3750 10.5000 0.1170 182 103 182
-23.8750 2.0000 0.2540 159 90 162
2.8750 -2.0000 1.6380 199 196 94
-23.1875 6.5000 0.2120 159 94 151
-22.6250 -22.5000 1.4310 248 116 88
-17.6250 -12.0000 1.6960 210 142 106
9.1250 -16.0000 0.1080 172 166 110
-14.5000 -12.0000 1.5320 231 128 90
-12.7500 24.0000 3.7240 127 141 253
4.6250 23.0000 1.2950 239 143 120
-1.0000 7.0000 6.0710 53 130 219
-8.4375 -18.5000 5.4560 85 107 232
-6.3750 -1.0000 1.2130 216 141 115
-19.0625 -22.0000 1.5120 233 158 68
6.3750 -20.0000 1.2210 230 146 88
-1.9375 4.5000 6.0980 62 117 216
-7.1875 -7.5000 0.1180 150 135 124
-16.6250 1.0000 1.7350 174 198 96
-22.3750 18.5000 1.4440 239 118 99
-19.1250 -21.0000 2.2970 160 226 196
21.7500 14.5000 0.1130 174 149 146
-20.7500 17.5000 1.4180 232 115 102
-17.7500 -19.0000 5.6020 84 122 222
17.8750 4.0000 1.1080 229 106 147
-1.5000 11.0000 5.5470 75 140 233
-24.4375 12.5000 1.4470 217 130 111
21.1250 3.0000 0.4580 183 148 169
21.6875 -11.5000 0.1310 177 176 84
-8.8125 -6.5000 0.1210 144 121 125
-3.1250 -2.5000 1.1730 242 97 145
-12.2500 16.0000 1.3670 244 102 120
22.3750 6.0000 0.8180 209 166 89
-21.4375 11.0000 1.5000 218 157 82
10.0000 -5.0000 1.0800 236 100 144
5.8750 16.5000 1.2340 237 98 144
-12.2500 20.0000 1.7100 207 186 135
-11.3125 -6.5000 0.1180 155 131 106
17.8750 16.5000 6.1730 57 223 149
-24.0625 9.5000 1.4040 203 158 91
22.3125 1.5000 0.1220 151 117 178
0.0625 16.5000 1.2290 248 83 135
-0.6875 -14.0000 1.2280 219 185 88
5.2500 -8.0000 1.0070 222 126 130
0.5625 -10.5000 0.0640 167 112 114
17.6875 10.0000 0.9580 223 140 146
6.5000 4.5000 5.0210 66 128 239
-4.5000 19.0000 1.3200 243 89 137
4.8125 6.0000 5.4270 66 115 237
-24.8125 -9.0000 1.4050 230 101 122
-9.9375 23.0000 1.7100 196 174 136
-24.1250 4.5000 0.2070 150 104 160
10.6875 -4.0000 1.0550 235 108 157
14.3750 -21.0000 0.1180 163 167 118
18.0625 1.0000 0.9870 229 120 175
-8.5625 13.0000 4.0320 109 139 246
15.5625 -4.5000 0.9360 230 118 160
-1.9375 18.5000 1.2580 245 88 129
1.7500 -4.5000 1.0200 231 103 151
5.4375 22.5000 1.2870 242 131 119
-6.3750 9.5000 4.4410 94 144 230
15.2500 9.5000 1.0430 223 96 153
0.8125 6.0000 6.0470 53 129 210
-16.7500 -22.5000 3.9560 129 142 249
6.8750 3.5000 4.8260 66 133 242
-6.3750 4.0000 5.2640 68 133 242
-8.5000 4.5000 4.4520 90 137 229
18.8125 6.5000 0.9780 216 95 167
15.6875 -15.0000 0.1150 173 144 74
11.3125 18.0000 1.1910 227 174 65
-15.5000 11.5000 1.4430 235 110 98
8.0625 14.0000 1.1730 232 117 145
-18.3750 -6.5000 1.4660 231 125 106
1.5625 -14.0000 1.2130 212 168 80
-10.2500 13.0000 1.5380 223 143 97
-11.8125 -24.5000 5.1340 100 118 212
-23.2500 -7.0000 1.4610 233 97 96
-13.8750 21.5000 3.8630 118 144 254
-2.6875 -17.0000 1.2910 248 102 107
21.3125 -3.0000 0.0720 153 148 183
-1.5625 -14.0000 0.8540 196 152 134
-16.3125 -21.0000 5.4120 88 111 230
17.0625 12.5000 0.1460 161 101 197
-24.1250 -18.5000 1.6160 209 166 99
-11.0000 -22.5000 5.6560 84 114 212
24.1250 -14.0000 0.1210 157 175 54
10.5625 7.0000 4.4930 75 156 240
6.8750 13.0000 1.1590 244 69 132
3.2500 5.0000 5.6320 58 123 226
-14.1875 16.0000 1.3320 230 86 117
19.8125 -8.5000 0.3910 183 196 123
-2.3125 -22.0000 1.3290 252 107 127
22.2500 3.0000 0.1190 154 112 191
23.7500 8.0000 0.1140 159 117 151
-12.0000 3.5000 1.2630 251 107 102
6.1250 -10.5000 0.7150 200 162 145
-22.6250 -15.5000 5.7950 75 125 228
7.7500 13.5000 1.1430 244 88 147
-1.3125 -13.0000 0.2290 166 118 153
14.2500 17.5000 0.1220 168 118 150
-2.3750 4.0000 6.1080 59 119 222
24.6875 24.0000 0.1160 164 135 73
-10.8750 11.0000 1.5140 217 148 87
4.6250 10.0000 5.7840 64 127 231
-23.0625 -13.0000 1.3990 242 108 107
-20.0625 7.0000 1.6320 196 175 96
13.0625 7.5000 1.0750 222 66 140
23.3750 4.0000 0.1100 158 112 175
-2.3750 1.0000 1.2420 233 96 115
17.5000 23.5000 0.1110 169 142 133
11.7500 24.0000 1.1090 210 156 91
24.2500 17.5000 0.1160 162 172 96
-22.2500 -10.5000 1.4140 239 114 97
16.2500 -2.0000 1.0250 232 122 171
-3.1875 7.5000 5.5640 67 146 212
17.8125 -21.5000 0.1150 192 178 77
-20.2500 -2.0000 1.6610 182 178 87
-23.0625 -9.0000 1.4490 235 111 102
-14.5625 -3.0000 0.1210 143 115 155
14.8125 -4.0000 0.9230 222 115 172
16.4375 14.0000 0.1110 163 120 178
-16.5625 7.0000 1.5510 227 143 82
7.1875 23.5000 1.2710 231 127 132
4.9375 -2.5000 4.6450 89 142 244
-16.7500 -25.0000 1.4370 219 126 74
-24.1250 -6.5000 1.4660 229 97 104
22.2500 -16.5000 0.1110 182 161 107
23.9375 -14.5000 0.1200 174 195 62
-20.5000 -17.0000 5.7320 77 118 214
-16.0000 13.5000 1.4310 234 110 104
-0.1875 0.0000 5.8070 67 134 224
0.3750 -24.0000 1.3540 250 102 139
-1.3750 -7.0000 0.2340 165 134 162
19.0000 -9.5000 0.1260 169 175 131
-19.1250 2.0000 1.6570 195 170 76
-10.1250 8.0000 4.0870 97 150 235
22.2500 15.0000 0.1130 176 148 147
8.5000 -24.5000 1.2450 222 120 80
-16.3125 -1.0000 0.1240 154 114 184
-13.9375 13.5000 1.4200 239 106 95
21.2500 -18.0000 0.1160 177 153 98
6.1875 -7.5000 0.9980 226 125 132
-21.7500 -16.5000 5.6340 70 121 229
-7.4375 -11.5000 1.3400 212 141 55
-22.0625 -20.0000 1.4610 243 145 71
16.9375 16.5000 1.0500 213 227 45
8.8750 11.5000 1.1950 234 116 132
-12.9375 9.5000 1.9300 181 214 131
-0.6250 9.0000 5.9430 63 139 219
22.8125 2.0000 0.1120 148 117 169
3.9375 -24.5000 2.0850 152 190 175
7.6250 -7.0000 0.8760 223 107 172
13.6250 20.0000 0.1490 167 122 175
-10.8125 -18.5000 5.6750 83 107 227
20.5000 -7.5000 0.3600 180 169 134
9.3750 14.5000 1.2170 228 129 128
-15.6250 -15.0000 5.5030 92 101 233
23.8750 9.0000 0.1130 160 122 153
-22.2500 -3.0000 1.5730 214 147 95
-4.4375 6.5000 5.4280 77 136 195
10.2500 -14.5000 0.0910 192 111 137
-18.8125 15.0000 1.4100 230 102 95
21.4375 -13.5000 0.1190 158 184 81
-2.3750 -11.5000 0.0930 161 122 150
22.6875 24.0000 0.1270 176 139 104
-11.8125 0.0000 0.7590 180 142 129
-22.1875 6.0000 0.2030 167 86 145
-19.6250 -21.0000 1.5160 229 141 74
-13.6875 -15.0000 5.2660 95 115 245
13.1875 -24.0000 0.1070 149 138 142
10.8125 -3.5000 1.1820 222 117 132
-24.1250 21.5000 1.4490 230 130 99
20.3125 -11.5000 0.1290 165 176 108
-14.4375 23.0000 3.2790 136 182 254
14.0000 -7.0000 1.0110 239 108 148
-16.6875 20.5000 3.9260 113 140 254
-6.2500 -8.0000 0.1320 158 130 120
-23.0000 -6.5000 1.4910 230 106 96
-4.6875 -7.5000 0.1290 165 115 116
20.6875 -25.0000 0.1180 177 151 39
-8.7500 11.5000 4.0780 107 136 239
12.3125 2.0000 3.8020 91 147 254
0.7500 20.0000 1.3800 235 150 117
15.6250 6.5000 1.0310 228 74 156
-20.6250 24.5000 5.0700 92 142 238
1.2500 13.0000 5.9740 74 125 221
10.1250 0.0000 3.9690 88 148 241
-14.6250 -8.0000 1.4570 221 151 41
-21.8125 -10.0000 1.4150 237 113 100
-17.6875 1.5000 1.6710 194 176 74
-20.3125 -15.5000 6.0960 77 110 206
4.5625 -4.5000 1.1240 233 110 133
-20.5000 -23.5000 1.4420 237 128 93
20.8750 3.0000 0.6450 188 156 126
1.3125 15.5000 1.2130 243 87 134
8.5625 -18.0000 0.1280 167 133 165
15.1875 16.5000 0.1410 176 125 199
-23.5000 -23.5000 1.4000 244 102 98
-3.3750 -12.0000 0.1110 156 130 160
-19.0625 3.5000 1.6520 207 168 76
15.8125 -22.5000 0.1270 167 169 117
-1.5000 -14.5000 1.1890 219 145 103
19.5000 7.5000 1.0050 214 103 165
12.0625 21.0000 0.2410 163 100 194
10.3750 11.0000 1.1410 235 85 128
-1.6875 -18.5000 1.3580 243 137 113
-23.1875 6.5000 0.2030 160 93 151
-2.3125 -0.5000 1.2110 229 87 137
-11.7500 22.5000 1.9770 179 206 162
3.6875 -2.0000 4.9140 84 137 254
-16.4375 13.5000 1.4300 232 110 108
7.3750 9.5000 5.2580 77 125 234
-13.7500 -7.0000 0.7480 200 144 86
21.0000 14.5000 0.9370 197 240 95
-19.1250 -10.0000 1.4750 239 129 109
16.1875 17.5000 0.4710 188 191 105
19.1875 21.0000 0.1120 167 152 131
20.8125 -16.5000 0.1130 172 170 113
5.5625 -20.0000 1.6550 194 219 72
17.3125 13.0000 0.1140 162 123 164
-13.5000 0.5000 0.1590 152 120 157
-1.4375 14.5000 5.2530 74 152 254
-1.3750 -9.0000 0.1110 156 98 122
-11.7500 -19.5000 6.0940 70 87 225
4.4375 8.0000 5.6340 75 126 236
-22.8750 -14.0000 1.3620 251 101 106
-23.4375 -16.0000 1.3800 241 104 104
24.8750 10.5000 0.1230 174 152 123
20.6250 17.0000 0.4090 172 212 136
21.5000 -7.5000 0.2060 183 130 135
21.2500 -14.5000 0.1220 160 183 73
13.0000 -19.5000 0.1250 171 152 136
-23.0000 -21.5000 1.3870 245 109 103
6.9375 -0.5000 4.4470 90 146 239
-13.3125 -19.0000 6.2190 71 83 223
-13.2500 21.0000 1.8550 195 201 141
-10.6250 -10.5000 1.7130 182 207 74
20.3750 -12.0000 1.9150 152 254 21
-5.0000 17.0000 1.2920 246 83 133
-0.6875 -24.0000 1.3780 243 109 139
-20.5000 -5.0000 1.5260 218 121 114
11.0000 15.0000 0.9280 215 108 164
-23.0625 19.0000 1.4350 235 111 106
7.6250 10.5000 1.1490 230 68 100
19.6250 17.5000 0.4490 179 176 129
14.5000 7.5000 1.0030 219 67 171
-4.9375 -19.0000 5.0840 89 124 252
-8.0000 -24.5000 5.6350 89 90 239
12.3125 16.5000 0.1100 170 107 192
-4.9375 -17.5000 1.4090 235 104 100
-18.8125 -17.5000 5.8720 70 122 220
-19.1250 3.5000 1.6500 207 168 76
-10.6875 16.0000 1.3820 236 90 105
-11.7500 -2.0000 0.1210 162 133 122
-24.4375 -21.5000 1.3620 239 99 120
9.6875 17.0000 0.7530 203 87 202
-10.3125 -9.5000 1.2040 214 159 62
-11.0000 24.5000 2.7170 137 185 241
-1.8750 3.0000 6.3300 57 106 235
-7.1875 21.0000 1.3660 252 98 129
5.7500 13.0000 1.1600 244 65 136
21.3125 -16.5000 0.1260 176 170 112
-15.8125 -4.0000 0.1090 137 90 184
-11.1250 -15.5000 5.1430 99 111 222
-11.0625 8.0000 4.0170 108 128 234
11.8125 15.5000 0.1490 172 101 198
14.6250 -8.5000 0.8770 223 112 150
-0.3125 19.5000 1.2300 247 100 146
-17.6875 -2.5000 1.4400 203 160 70
-21.7500 15.5000 1.3490 246 115 94
-2.8750 -12.5000 0.1660 166 90 172
25.0625 22.0000 0.1140 181 132 83
13.8750 14.5000 0.1130 168 108 177
-19.5625 10.5000 1.3710 233 120 113
-3.5625 3.5000 5.9180 62 123 228
7.3125 21.0000 1.2960 244 132 113
-22.6250 15.0000 1.4430 231 142 93
7.8750 6.5000 4.9450 70 134 245
-18.2500 0.5000 1.6780 197 180 73
8.9375 -24.5000 1.1600 225 120 107
20.3125 -11.5000 0.1150 165 171 110
-8.8750 -1.5000 0.8020 189 176 123
-7.5625 2.5000 1.1530 222 88 145
-24.5625 12.5000 1.4040 219 123 116
-16.1875 11.0000 1.4510 239 113 111
10.1875 -8.0000 1.5830 205 214 107
20.0000 6.0000 1.1060 220 110 140
7.1250 9.5000 5.3010 76 125 236
17.3750 15.0000 0.1210 172 112 157
-6.3750 -11.0000 1.1040 214 159 67
-17.2500 -7.0000 1.5000 221 156 84
24.3125 -16.5000 0.1220 179 160 76
-6.0000 8.0000 4.5630 92 146 234
-11.2500 4.5000 1.2130 243 98 111
-10.9375 -5.0000 0.1210 146 145 112
20.6250 -3.5000 0.1380 166 165 191
19.8750 2.5000 0.9000 214 114 160
20.6875 -10.0000 0.2370 167 191 96
12.8750 14.5000 0.1520 168 104 187
12.8750 -4.5000 0.9780 234 86 181
23.0625 -25.5000 0.1250 184 170 22
-9.3750 -5.5000 0.1200 153 136 118
6.9375 21.0000 1.2960 247 132 111
18.0625 14.5000 0.1220 169 123 158
10.2500 -6.0000 0.9950 225 87 158
19.6250 15.0000 0.1290 178 126 127
7.1250 5.5000 4.9840 72 127 233
-2.8125 14.5000 1.2550 240 85 108
11.3125 4.5000 4.1620 81 148 254
-8.0625 16.5000 1.3620 245 99 120
-13.7500 -22.5000 5.3100 95 119 232
14.1875 -1.5000 0.9760 226 100 191
14.3750 3.5000 1.3130 215 112 108
-19.0000 -23.5000 1.4520 243 140 72
10.5000 9.5000 1.1170 232 83 137
-23.6875 15.0000 1.4220 228 118 107
-5.1250 -24.0000 6.1780 80 97 240
10.1250 15.5000 1.1780 231 127 130
5.3125 -18.0000 1.2240 221 157 111
-22.1875 -16.0000 5.6770 71 118 231
22.1250 -5.5000 0.4070 188 189 144
-6.1250 -20.0000 5.4000 82 111 254
20.1875 -13.0000 0.1170 176 177 98
-6.9375 -18.5000 5.1880 89 110 254
17.0625 7.0000 0.9820 212 73 166
7.9375 -6.0000 1.7820 171 204 127
-17.8125 -24.0000 1.4440 240 135 69
-13.1250 1.5000 1.3300 213 171 67
-3.3125 9.5000 5.3520 71 134 228
-9.9375 12.0000 1.4860 229 133 89
14.6250 19.5000 0.5960 184 205 114
-1.4375 -17.5000 1.2970 236 118 111
-13.3125 -17.0000 5.7020 88 108 227
-19.5625 -2.0000 1.6720 183 188 80
-22.5000 -14.5000 1.3950 249 114 102
12.6250 4.0000 3.8570 88 156 254
13.0625 -22.5000 0.1100 149 136 156
23.6250 24.5000 0.1150 169 136 88
-14.1875 14.0000 1.4540 224 117 93
-22.0000 -11.5000 1.4340 234 118 92
-6.1250 3.0000 5.4270 67 131 236
-14.1250 2.0000 1.5110 203 183 72
-23.6250 19.0000 1.4230 231 104 114
22.8125 21.0000 0.1140 196 133 114
-19.1875 19.5000 1.5030 226 129 103
-8.9375 0.0000 1.1200 222 132 121
-0.4375 -4.5000 1.1360 233 114 131
10.1875 11.5000 1.1090 236 77 133
-10.0000 -14.5000 1.4650 238 122 75
9.8125 10.0000 1.1310 238 84 134
-2.5625 -5.0000 0.9360 214 154 146
-9.1875 -25.5000 5.2850 95 94 231
5.0625 -12.5000 0.1020 155 106 158
-4.8125 -21.0000 5.5220 89 112 250
15.7500 -18.5000 0.1090 188 158 87
-22.0625 22.5000 4.7720 83 138 254
-1.8125 16.0000 1.2260 240 80 117
-22.6250 -19.5000 1.6310 218 188 81
-24.5625 -21.5000 1.3640 238 99 122
8.8750 8.5000 4.8860 76 145 250
0.1875 -21.5000 2.9770 132 198 254
23.1250 11.0000 0.1150 181 138 148
-6.0625 17.5000 1.3450 253 99 132
-5.5625 5.0000 5.3470 71 129 232
-12.1875 19.0000 1.5160 224 151 113
11.3125 -12.5000 0.9560 208 167 154
11.6250 17.5000 0.1210 180 100 202
-13.5000 -4.0000 0.1120 155 148 118
14.0625 -5.0000 1.0370 240 95 152
24.3125 12.5000 0.1300 170 156 130
12.5000 -3.0000 0.9510 216 84 187
-10.0625 16.0000 1.3780 240 90 99
-19.4375 22.0000 3.7180 120 149 254
-12.6875 -20.5000 5.9260 74 99 223
4.5000 7.0000 5.5470 66 129 230
19.6875 -2.5000 0.0820 172 105 190
16.5000 -9.0000 0.1210 159 141 153
-0.6875 20.5000 1.9120 183 217 158
-8.4375 24.5000 3.9750 120 116 254
22.3125 -17.0000 0.1170 183 161 103
14.9375 3.5000 1.0630 237 79 161
-15.3750 -11.5000 1.5230 236 125 77
20.5000 16.0000 0.4270 175 217 141
-16.4375 -11.5000 1.5810 226 136 89
20.3750 22.5000 0.1130 173 142 104
5.3125 17.5000 1.9610 172 225 165
-22.7500 9.5000 1.5880 203 183 77
-7.8750 -24.0000 5.7370 85 90 240
-24.1250 15.5000 1.4240 222 127 110
-1.2500 3.0000 6.1800 56 108 236
15.4375 -21.0000 0.1210 168 166 113
-22.2500 -21.5000 1.4000 246 106 88
15.8750 6.0000 0.9890 222 71 161
-13.2500 17.0000 1.3630 245 104 130
-14.5625 -12.5000 1.5300 231 129 89
-7.2500 -15.0000 1.3800 244 104 109
-15.3125 0.5000 0.1250 172 107 181
-17.1875 5.0000 1.5670 218 146 75
-7.8125 -11.5000 1.3440 214 140 57
11.9375 -6.0000 0.9780 229 91 176
-22.5000 -25.5000 1.8330 184 161 140
-8.8750 -0.5000 0.9720 210 116 139
-8.0000 0.5000 1.2010 221 134 105
-10.0000 -20.5000 6.0460 77 92 222
-11.1250 5.0000 1.2810 233 101 100
-9.8750 6.5000 4.1990 93 152 238
12.5625 10.0000 1.1700 231 90 126
8.3125 4.5000 4.6640 69 144 242
17.7500 -22.0000 0.1210 186 173 84
24.7500 -10.0000 0.1450 165 165 87
0.1875 22.5000 1.3910 247 141 109
18.5000 -0.5000 0.7820 200 113 215
-15.1250 12.0000 1.4460 236 113 95
2.0625 -22.0000 1.3290 246 87 140
-9.9375 19.0000 1.3500 240 89 131
17.5625 -8.0000 0.1330 173 136 173
-14.7500 -24.0000 1.5240 224 158 82
5.0000 -20.5000 1.2280 232 77 127
4.3125 -7.5000 1.1070 215 156 115
18.5000 -2.0000 0.5720 185 108 208
-16.4375 -1.5000 0.1070 154 114 184
1.7500 18.0000 1.1920 241 81 151
7.0000 9.0000 5.2790 77 126 235
-3.1875 -6.0000 0.1940 150 97 175
4.1250 24.5000 1.2700 230 128 129
-15.7500 -12.0000 1.6470 219 145 92
-17.8750 4.0000 1.6060 212 156 69
19.8125 -6.0000 0.8350 179 214 116
3.8750 18.5000 2.7100 132 227 246
23.6250 -24.5000 0.1140 189 170 26
-14.4375 -19.0000 6.0140 77 108 201
11.0000 20.5000 0.3300 172 107 203
6.4375 24.5000 1.2770 224 126 138
-22.6875 15.5000 1.4180 235 135 94
-21.0625 9.5000 1.5050 221 164 74
18.8125 -21.0000 0.1160 197 174 49
4.7500 8.0000 5.6080 75 133 223
14.2500 19.0000 0.6150 194 194 127
-19.1875 -6.0000 1.5020 215 154 83
-14.2500 21.5000 3.8860 117 149 254
7.7500 -22.0000 1.1770 236 98 127
10.9375 11.5000 1.1160 229 81 131
9.8125 15.0000 1.4140 220 164 103
15.5625 22.0000 0.1140 176 130 142
4.4375 21.0000 1.3300 238 141 101
6.1875 17.0000 1.7050 180 204 130
-17.3750 -2.5000 0.1440 169 77 189
20.2500 -5.5000 0.7970 184 205 125
0.8125 -10.5000 0.1500 165 135 123
10.5000 -9.0000 1.6730 183 215 122
17.4375 23.0000 0.1110 170 141 136
18.0625 20.0000 0.1290 164 152 150
-1.7500 -8.5000 0.1110 158 99 131
-4.4375 -10.0000 0.1110 150 121 159
17.4375 13.0000 0.1120 162 123 164
-23.3750 -12.5000 1.3760 238 91 104
-9.9375 -22.5000 5.7970 77 101 233
11.5000 -2.0000 0.9320 214 82 197
-5.5000 18.5000 1.3170 254 93 136
-17.5625 19.5000 1.5140 224 128 104
-21.0000 19.0000 1.4630 233 118 96
-4.5625 -2.5000 1.1890 218 121 136
-22.8125 -18.0000 5.1500 81 128 224
-9.6250 1.5000 1.1870 227 133 111
9.0625 16.5000 1.1670 233 119 138
12.4375 -6.5000 1.4110 228 175 106
-20.0000 19.0000 1.4960 225 125 107
17.0625 -10.5000 0.1030 148 143 125
-15.6250 -25.0000 1.4560 222 137 88
-13.6875 -10.0000 1.5030 228 141 66
1.3750 13.5000 5.9870 81 141 219
-18.6875 -6.5000 1.4590 232 123 107
3.8750 4.5000 5.4560 60 128 226
-16.0625 -22.0000 5.2210 90 124 242
6.6875 10.0000 5.4240 74 124 239
-2.0625 -20.0000 2.6810 144 223 230
-5.8125 12.5000 4.3730 97 151 239
-17.3750 -16.0000 5.9470 75 121 218
-1.8125 -21.0000 1.2800 245 99 121
9.5000 16.5000 1.2060 232 127 129
-0.5625 -1.5000 1.1670 240 92 143
-1.5625 0.0000 1.2580 228 96 105
8.6250 4.0000 4.5750 68 147 244
-21.2500 10.0000 1.5050 221 164 75
5.8125 2.0000 4.9110 75 131 225
-19.8750 20.5000 1.5520 223 140 112
-21.8750 11.0000 1.4760 221 153 82
22.1250 -16.0000 0.1290 180 166 108
-14.5625 14.5000 1.4630 224 121 96
6.0000 8.5000 5.4480 67 131 252
-3.5000 -2.5000 1.1720 242 96 147
18.5625 17.5000 5.9140 61 235 139
24.5625 14.0000 0.1140 173 138 154
-17.0000 12.0000 1.4260 233 117 98
6.1250 -2.5000 4.4440 90 148 242
10.5000 -6.5000 0.9700 219 91 163
-10.5625 -11.5000 1.5250 214 143 65
-4.6875 1.0000 1.1950 236 96 125
-16.5000 -9.0000 1.5110 223 136 92
6.3125 18.5000 1.6790 200 209 118
-4.0000 21.5000 1.3400 252 105 131
13.3750 1.0000 1.3660 210 143 110
-13.5625 -16.0000 5.5290 95 108 235
16.7500 9.0000 1.0600 217 107 143
4.2500 -23.5000 1.9950 159 205 160
-21.8750 9.5000 1.5630 211 180 72
9.1250 14.5000 1.2140 228 128 129
24.2500 -24.0000 0.1100 189 171 27
10.4375 -6.5000 0.9680 221 90 163
10.2500 5.0000 4.3740 74 152 251
20.8125 23.0000 0.1220 171 143 98
-18.0000 -10.0000 1.4770 240 124 105
-17.8750 6.5000 1.5550 214 155 79
-18.0000 -16.0000 6.0080 70 108 221
-18.3750 -4.0000 1.7300 178 202 104
-14.9375 23.0000 3.2950 134 176 254
13.3750 15.0000 0.1130 173 102 181
14.6250 -4.0000 0.9420 218 115 188
-24.5000 17.5000 1.3750 231 109 127
0.0000 7.0000 6.2940 45 127 215
10.3125 1.0000 3.9890 88 148 245
-10.0625 -11.0000 1.8610 170 221 88
-24.6875 18.5000 1.3830 222 104 134
8.5000 5.5000 4.7470 67 150 233
15.7500 -5.0000 0.9680 234 119 149
24.9375 -21.0000 0.1250 183 179 40
22.9375 2.0000 0.1110 165 137 146
-14.8125 13.0000 1.4090 240 102 97
9.3125 2.0000 4.3060 79 146 245
4.5000 -22.0000 1.3640 231 109 118
-18.9375 1.0000 1.7090 194 183 77
-9.7500 14.0000 1.4410 235 106 96
1.8750 -16.5000 1.2590 224 169 79
18.8125 17.0000 0.4960 178 171 131
-14.6875 -8.5000 1.5050 217 157 46
-9.8750 9.0000 4.0690 98 151 234
-16.5625 -17.0000 6.1350 76 100 218
5.0000 -21.5000 1.2310 233 78 131
-16.7500 -18.0000 5.9690 83 103 217
-9.1875 11.5000 4.1360 104 140 237
-23.0625 -22.5000 1.4170 247 110 92
20.8125 13.5000 1.0000 187 254 37
-3.2500 21.0000 1.3530 252 114 124
-11.3750 20.5000 1.7360 203 186 138
-11.7500 11.0000 1.5490 217 153 96
16.8125 19.0000 5.8740 44 253 150
-13.7500 -16.5000 5.6500 93 108 229
-2.0625 -12.5000 0.1080 156 102 156
-17.7500 -8.0000 1.4910 236 129 99
1.1875 14.0000 1.2720 232 105 141
-2.6875 -21.0000 2.9970 126 216 254
-7.1250 4.0000 5.1610 73 133 243
1.1250 -1.5000 1.2750 235 123 120
-5.9375 -13.5000 1.2870 246 123 90
-21.7500 4.5000 0.1910 168 72 138
17.6250 13.0000 0.1190 153 118 186
22.6250 -5.0000 0.4210 191 191 142
-1.5000 -13.5000 0.5870 190 159 132
-4.0000 15.0000 1.2300 241 77 119
20.8125 1.0000 0.1160 147 119 199
-23.1875 0.0000 1.6420 193 173 97
8.0000 -11.5000 0.9360 193 196 154
14.3125 -11.5000 0.1160 159 123 175
21.8125 13.0000 0.1400 191 114 174
17.0625 3.5000 1.0580 232 90 169
1.8125 4.0000 5.7730 60 122 221
13.6250 11.5000 1.1050 229 92 132
-8.0000 5.0000 4.4600 102 126 224
-0.8125 17.5000 1.2370 245 88 138
-0.5625 7.0000 6.1940 48 129 218
-10.5000 -1.5000 0.1140 154 129 130
-9.5000 4.0000 1.2190 244 90 106
11.5625 -10.5000 0.9930 220 119 148
6.6875 5.5000 5.0360 72 127 235
14.8750 5.0000 1.2540 227 116 121
9.7500 13.0000 1.2970 233 135 108
21.6250 1.0000 0.1180 149 117 192
10.0625 17.0000 0.6000 189 87 218
13.6875 9.5000 1.0820 224 75 136
17.2500 -0.5000 1.0280 222 114 166
20.6250 -17.0000 0.1120 171 170 111
15.0000 18.5000 6.1560 43 253 150
3.3750 21.0000 1.3890 239 157 96
23.3125 0.0000 0.1170 160 157 135
23.8750 17.0000 0.1210 163 173 97
7.1875 -12.5000 0.1120 165 104 178
11.9375 5.5000 4.1310 82 156 254
-11.1250 -8.5000 0.7130 183 160 112
-19.4375 -23.5000 1.4380 243 135 76
-6.0625 11.0000 4.3860 100 138 229
-12.8125 -15.0000 5.1540 94 117 244
-23.7500 -15.0000 1.3330 243 94 113
-16.8750 -13.5000 5.3670 95 102 238
-13.9375 -1.5000 0.1250 154 117 136
-18.7500 -0.5000 1.6890 178 186 83
-18.4375 -8.5000 1.4630 242 123 102
11.6875 -13.5000 0.6700 172 191 148
-5.7500 -5.0000 0.1200 174 105 139
-7.5625 -8.5000 0.1250 143 122 113
6.4375 -21.5000 1.1460 233 70 129
0.9375 0.5000 5.6500 69 137 221
-20.3750 14.5000 1.3120 239 93 103
8.1875 15.5000 1.2280 230 124 132
-14.6250 -18.5000 6.1710 77 109 197
-15.6875 12.0000 1.4570 236 116 97
20.3750 -3.0000 0.1290 178 140 184
-1.6875 1.0000 6.1420 62 115 221
-3.5000 -15.0000 1.2250 219 148 89
-24.3750 9.5000 1.2830 204 150 111
-9.2500 -9.0000 0.1600 149 135 138
3.7500 15.5000 1.1850 254 90 158
-21.5000 -19.0000 5.1140 86 137 224
-8.0625 4.5000 4.4760 91 134 223
9.1250 12.0000 1.1340 243 103 143
9.8750 -21.5000 1.0150 229 115 147
8.1250 -1.5000 4.2090 91 153 254
17.0625 -18.5000 0.1160 196 174 70
12.5625 -18.5000 0.1410 171 161 135
12.0625 23.5000 0.2030 153 92 192
-21.1250 -9.5000 1.3920 233 92 105
13.0625 -2.0000 0.9300 213 86 197
1.7500 -22.0000 1.3230 254 97 150
-11.4375 6.0000 4.0520 97 131 233
19.0625 -4.0000 0.1100 171 115 172
23.7500 -21.0000 0.1090 186 176 49
-15.1875 -12.5000 1.7320 212 154 108
-9.8750 1.0000 1.2250 227 138 101
-2.0625 -11.0000 0.1430 164 126 146
18.7500 13.5000 0.1160 158 114 181
14.3125 7.0000 1.0500 222 73 162
23.4375 7.0000 0.3810 182 134 167
-24.7500 14.0000 1.4370 226 116 120
-12.8750 -15.0000 5.2280 93 116 244
19.4375 5.0000 1.2230 221 133 120
-5.5000 -9.0000 0.1240 147 109 124
-14.0625 -16.5000 5.6380 82 111 219
-15.3125 9.5000 1.4910 234 127 80
20.6875 -25.0000 0.1310 177 153 39
1.8125 -4.5000 1.0250 231 103 150
-16.8125 20.5000 1.6290 220 167 124
5.8125 7.0000 5.3330 67 131 244
-15.5000 -24.5000 1.4700 225 144 85
10.5000 24.5000 6.0200 68 190 184
19.5625 20.5000 0.1100 150 180 117
-0.1875 2.5000 5.9740 55 114 232
13.6250 9.5000 1.1260 227 83 128
12.6875 -19.0000 0.1270 170 156 136
-22.5625 5.5000 0.1980 161 89 152
-24.7500 24.0000 4.7900 116 127 228
10.0625 14.0000 1.2830 217 143 121
-1.2500 -5.0000 0.9700 214 100 160
9.9375 -15.0000 0.1090 186 144 128
14.8125 15.0000 0.1110 176 124 199
-19.3125 0.5000 1.6840 196 177 76
-23.3125 -8.0000 1.4510 230 96 104
19.2500 -18.5000 0.1140 194 174 62
14.6875 -21.0000 0.1230 165 167 116
10.5000 19.0000 1.2010 236 126 118
5.8125 -0.5000 4.6370 85 144 237
-19.2500 -20.5000 5.1240 92 132 224
-5.6250 15.5000 1.2520 254 82 116
-9.8750 -6.0000 0.1220 151 138 116
17.4375 -13.0000 0.1120 170 160 113
-13.4375 21.0000 3.7220 121 154 254
13.6875 20.0000 0.1720 169 123 173
-5.6250 15.5000 1.2330 254 78 118
-0.2500 -6.5000 0.8060 198 165 127
11.5000 -1.5000 3.5880 108 169 254
6.5000 3.0000 4.9110 66 131 238
-5.8125 -6.5000 0.1440 157 132 118
-7.7500 9.0000 4.2990 106 138 229
7.0625 19.5000 1.3120 237 123 124
24.6250 -0.5000 0.1190 161 166 112
-22.4375 -15.5000 5.7740 73 115 229
22.5625 -7.0000 0.7420 205 202 109
-7.2500 -16.0000 1.4300 237 105 113
-16.0000 -9.5000 1.5090 231 119 90
-22.1250 -15.0000 5.9000 73 105 225
-20.6250 -24.0000 1.4070 240 117 97
19.7500 13.5000 0.1130 158 114 170
18.6250 23.0000 0.1110 160 144 130
22.3125 14.5000 0.1180 179 128 179
-10.0000 4.0000 1.1890 243 83 113
-3.5000 -14.0000 1.1900 225 153 84
12.5625 -16.0000 0.1150 173 171 92
13.8125 0.0000 0.9620 209 86 196
-19.9375 5.5000 1.6260 203 169 92
-21.3750 20.0000 1.4640 229 120 88
-1.7500 -4.5000 1.0560 212 158 136
4.6875 -5.0000 1.0590 229 101 146
11.6875 -24.0000 0.2450 156 142 164
-10.9375 13.0000 1.4670 240 127 111
-21.8125 18.5000 1.4470 239 119 96
-12.0000 5.5000 1.4750 223 144 88
-12.3125 7.5000 1.9030 181 199 127
-17.6875 -8.0000 1.5050 233 131 99
20.1250 -11.0000 0.1260 172 175 117
11.8125 14.0000 1.1590 225 135 133
-14.0000 7.0000 1.5050 223 130 77
21.7500 -21.5000 0.1190 192 169 63
6.8125 20.0000 1.3220 236 134 115
16.0625 11.5000 0.7570 196 116 187
-8.0000 -14.5000 1.3910 235 111 96
19.7500 -15.0000 0.1180 173 176 60
-11.8125 -14.0000 1.5270 240 124 70
7.5625 -23.0000 1.3880 226 117 94
-2.3125 -9.5000 0.1250 158 108 142
18.3750 -20.0000 0.1190 197 176 60
4.7500 -3.5000 1.3700 220 149 114
-14.3750 10.5000 1.4710 231 116 86
9.2500 -8.0000 1.0000 233 121 153
0.9375 -18.5000 1.3100 245 121 96
20.0000 -17.5000 0.1080 174 152 59
18.2500 7.0000 1.0160 218 95 165
-10.5625 -15.5000 5.1330 93 106 235
-13.6875 7.5000 1.5440 220 150 92
-18.6875 -25.0000 1.4380 231 126 78
11.9375 7.5000 4.3160 75 151 254
23.6250 20.0000 0.1150 178 137 105
7.3750 -14.5000 0.1600 162 127 139
17.1875 -8.5000 0.1190 163 131 166
-20.5625 -5.5000 1.5160 222 116 112
-13.8125 8.0000 1.5160 222 135 99
-3.2500 22.0000 1.3670 253 115 125
-17.6875 -11.0000 1.6240 224 146 101
-3.7500 15.5000 1.2300 244 78 118
-16.6250 -6.0000 1.3850 203 144 75
-14.6875 -23.5000 1.5860 219 171 82
16.1875 17.0000 6.1850 51 243 154
-13.3125 -14.5000 5.1730 99 107 235
20.6250 -15.0000 0.1230 163 172 74
-18.0625 -17.5000 5.9110 71 118 217
-15.1875 22.5000 3.2300 132 187 254
19.8750 12.5000 0.1110 158 112 167
-15.6875 23.5000 1.7550 199 188 138
-5.4375 16.5000 1.2930 254 88 117
4.6250 12.5000 1.3320 232 131 120
-4.4375 23.0000 1.3680 253 111 142
5.1250 -22.0000 1.3620 226 108 104
5.4375 3.5000 5.0960 67 127 234
-2.6250 22.5000 1.3570 252 111 125
14.8125 -11.0000 0.1310 155 145 160
-4.4375 11.0000 4.5420 85 155 233
22.9375 -25.0000 0.1080 188 168 27
-3.8125 22.5000 1.3530 250 108 132
-15.8750 -23.5000 1.5020 230 158 81
-0.2500 -5.0000 1.0750 232 109 137
19.0000 -11.5000 0.1170 173 162 127
-14.9375 -1.5000 0.1220 156 112 164
10.5625 -21.0000 1.0470 235 160 101
7.1875 3.0000 4.7600 68 134 238
-2.8125 20.5000 1.3320 248 112 126
-17.2500 23.5000 1.7670 202 191 141
-24.3750 -8.0000 1.4280 223 97 124
21.6250 13.5000 0.1180 189 112 175
-4.4375 -14.0000 1.2560 216 157 81
-20.8750 8.0000 1.6290 194 186 83
-7.7500 8.0000 4.3610 92 156 226
-3.7500 -10.5000 0.1150 155 127 169
-3.7500 12.0000 4.5830 86 151 240
-4.3125 22.5000 1.3320 254 107 142
21.8125 15.5000 0.1240 176 151 152
-23.1250 -4.5000 1.5470 215 128 109
11.4375 17.5000 1.1820 220 168 97
-13.0000 6.0000 1.3830 242 110 82
8.8750 -7.5000 0.9460 231 112 164
-23.9375 23.0000 1.5840 208 162 110
-4.0625 -11.5000 0.2020 160 145 156
9.8750 -17.0000 0.1340 174 171 102
-7.6250 3.5000 5.1060 72 122 237
4.7500 11.0000 5.8350 70 132 221
9.8750 -11.0000 1.1700 220 178 127
-11.1875 -17.5000 5.5290 88 99 226
-2.0625 -20.0000 1.3650 245 122 95
13.2500 -11.5000 0.5680 188 120 200
-0.1250 -13.5000 1.2010 221 191 87
16.8125 -1.5000 1.0200 226 127 173
-15.7500 7.0000 1.5400 231 145 74
-10.1250 22.0000 1.5320 226 150 112
16.0000 16.0000 1.1020 206 215 67
17.9375 -16.0000 0.1210 186 148 82
-21.9375 -0.5000 1.6490 199 153 100
8.9375 -22.5000 1.1240 239 117 114
-14.8125 -22.0000 5.2900 88 121 236
-1.1875 -15.5000 1.2330 225 151 101
-12.0625 8.5000 1.8720 191 200 112
-17.8750 -5.0000 1.5560 205 175 77
15.3750 2.5000 0.9660 225 84 187
-21.0000 6.5000 0.9010 206 127 128
-11.9375 12.5000 1.4100 246 112 108
23.2500 -2.5000 0.1120 158 155 149
-24.3125 1.0000 1.9360 151 188 140
-22.6875 9.5000 1.5010 216 170 73
-10.5625 18.0000 1.3430 235 75 121
10.8750 -3.0000 1.4610 198 158 97
24.8750 20.0000 0.1160 177 144 94
5.8750 -18.0000 1.2350 222 159 104
2.4375 -5.0000 0.9870 233 93 166
13.1875 20.5000 5.9040 65 202 180
7.8750 -16.5000 0.0870 161 170 113
-11.5000 -23.5000 5.4620 88 116 216
15.1250 8.0000 0.9960 217 69 174
-0.6250 4.0000 6.1770 48 118 234
24.6250 -5.0000 0.3530 171 178 108
-23.5625 11.0000 1.4400 225 137 92
18.1250 20.0000 0.1500 163 155 151
-4.3125 14.5000 1.2150 240 79 123
24.6250 -23.5000 0.1100 188 173 28
7.1875 -1.5000 4.3290 94 146 243
15.5000 -21.5000 0.0980 163 164 121
8.0000 6.5000 4.9110 70 135 246
-15.6875 -13.5000 5.2540 90 105 245
20.0000 6.0000 0.9790 209 103 162
5.5000 16.5000 1.2220 236 92 149
9.6250 -7.0000 0.9730 232 117 160
1.6875 -24.5000 1.3170 239 88 133
22.8750 -6.0000 0.3630 186 160 123
17.3125 -14.0000 0.1110 171 150 85
25.0000 -11.0000 0.1270 157 166 62
15.1875 -16.5000 0.1220 198 171 81
2.8125 14.0000 1.1870 236 92 167
-21.6250 -12.0000 1.4480 230 121 92
-19.8125 16.0000 1.4080 224 101 101
-14.3750 6.0000 1.5190 231 126 72
-24.1875 12.5000 1.3930 222 122 112
-2.3125 -18.0000 1.3410 244 119 106
-11.5625 12.0000 1.5970 218 151 99
-23.2500 21.5000 1.4730 235 141 88
2.0000 16.0000 1.1940 250 88 169
6.5625 3.0000 4.8350 66 133 241
6.1250 14.5000 1.1650 236 78 150
9.9375 -1.0000 3.9390 101 158 254
20.3750 16.5000 0.4170 182 195 138
4.7500 -19.0000 1.2630 243 141 104
-24.7500 -11.0000 1.3880 219 94 124
2.6250 -4.5000 1.0450 237 96 156
-21.8750 2.0000 1.6480 185 182 89
-4.1250 -11.5000 0.1980 159 145 157
21.5625 24.0000 0.1190 173 147 115
-13.8125 -17.5000 5.8450 87 100 215
-7.1875 -18.0000 1.4980 229 120 108
-23.7500 -10.0000 1.3940 236 99 112
-19.6250 -24.0000 1.4230 235 123 87
-13.6875 14.5000 1.4290 236 109 112
6.0000 -21.5000 1.1510 234 69 128
3.7500 16.5000 1.2020 252 94 162
9.6875 -8.5000 1.6350 200 220 111
-0.9375 -3.5000 1.1070 225 116 151
23.5625 13.5000 0.1160 179 128 161
11.8750 -18.5000 0.1160 167 157 144
-23.1250 11.0000 1.4830 224 150 84
4.4375 18.0000 1.2550 242 109 128
-5.3125 3.0000 5.6050 68 128 227
-6.0625 4.0000 5.3830 66 132 239
-23.6250 -7.0000 1.4410 234 90 100
5.2500 -12.0000 0.1290 159 106 163
16.2500 5.5000 1.0200 227 67 165
10.7500 13.5000 1.1930 229 129 136
8.8750 -3.5000 3.8410 100 177 254
22.7500 8.0000 0.1850 165 112 166
-15.7500 23.0000 3.8860 117 147 254
-5.6875 15.5000 1.2440 254 80 117
17.9375 9.0000 0.9900 226 138 138
17.8750 -16.5000 0.1080 189 145 79
-22.3750 5.5000 0.2040 163 87 152
-13.5625 -6.0000 0.1140 167 113 140
-11.6875 0.0000 0.5280 161 138 151
-12.8750 -3.0000 0.1120 163 130 118
15.6250 -21.5000 0.1180 164 166 120
-15.4375 3.0000 1.7050 202 175 88
-15.3750 -6.5000 1.3650 218 140 44
-15.7500 4.5000 1.5750 216 156 81
-17.0000 17.5000 1.4680 223 120 123
-12.5000 -12.0000 1.5130 233 145 62
-16.1875 -10.5000 1.5170 234 124 84
21.7500 19.5000 0.1080 166 156 128
-4.6250 3.5000 5.7120 68 115 236
-10.9375 2.0000 1.2580 227 143 106
9.1875 -16.0000 0.1240 171 169 110
-14.3125 -7.5000 1.2600 226 123 37
9.2500 21.0000 1.2480 240 135 117
0.5625 10.5000 6.0230 61 134 221
17.0000 -23.5000 0.1490 173 168 89
-9.0000 -10.0000 0.9310 215 102 107
-18.2500 15.0000 1.4130 230 102 94
-8.6875 -22.5000 5.9460 76 96 230
-4.6875 -23.5000 6.1490 78 97 243
-2.0000 -23.0000 1.4860 236 143 118
17.6875 -11.0000 0.1170 168 163 139
-12.3125 -2.0000 0.1210 163 133 125
-13.6250 -11.0000 1.5170 231 146 68
-19.2500 7.5000 1.5190 213 155 85
6.7500 0.0000 4.5670 79 142 226
20.5000 -2.5000 0.1370 178 142 186
23.6250 22.0000 0.1100 191 128 105
-17.3125 -9.0000 1.4890 227 135 96
6.6250 -19.0000 1.2450 226 154 87
6.8750 -23.5000 1.2980 234 96 97
-1.6250 -4.0000 1.1060 227 120 144
-21.4375 0.5000 1.6550 195 174 84
2.2500 18.0000 1.1970 249 88 146
-14.4375 -19.5000 5.8650 79 109 207
-13.6250 0.5000 0.1270 150 120 154
-17.4375 7.5000 1.5240 215 144 83
2.8750 18.5000 1.2580 250 107 133
8.9375 -16.5000 0.1140 169 170 111
-24.8125 -19.0000 1.3680 232 112 119
17.1875 9.0000 1.0370 220 106 156
-23.0625 20.5000 1.4470 243 123 103
-24.1875 -2.5000 1.5800 210 126 127
9.7500 -5.0000 3.5970 106 192 254
12.5625 -10.0000 0.9860 223 121 147
-24.0000 8.0000 0.2890 151 106 173
-6.5625 -16.0000 1.4050 243 99 111
20.8125 -13.5000 0.1240 155 189 81
-17.3750 13.5000 1.4170 232 111 107
14.1250 -16.5000 0.1260 189 181 80
-24.5000 6.0000 0.2000 151 103 164
14.8125 -12.5000 0.1040 159 130 143
-5.0625 3.0000 5.6550 73 114 232
-16.0000 -24.0000 1.4630 231 146 84
-15.0625 1.5000 1.4210 206 161 62
11.1875 15.5000 0.3640 176 104 200
-2.6875 14.5000 1.2610 233 83 109
-5.2500 -6.0000 0.1180 167 113 126
-21.6250 -22.0000 1.4540 244 123 82
6.1250 2.0000 4.8260 75 132 227
23.9375 16.5000 0.1210 163 172 96
-16.3750 20.0000 3.9280 113 142 254
24.7500 -9.0000 1.0570 199 219 35
-11.9375 -20.5000 5.9870 74 95 221
-4.7500 4.5000 5.5720 71 140 212
-10.5000 -3.0000 0.1130 162 135 127
10.9375 -16.0000 0.1260 175 175 99
17.4375 -5.0000 0.8870 201 169 138
7.6875 5.0000 4.8770 64 138 233
-12.0625 -16.0000 5.2970 93 110 239
-2.0625 -19.0000 1.3790 242 125 102
17.6875 -15.5000 0.1330 190 154 93
14.9375 5.0000 1.0840 229 92 148
-9.4375 -16.5000 1.5100 236 126 90
-19.5625 -14.5000 5.8810 88 102 215
-5.0625 4.0000 5.5130 68 128 229
-14.2500 15.5000 1.3740 228 95 110
7.7500 -11.0000 0.9980 212 178 99
-20.4375 -25.0000 1.3950 237 109 97
3.2500 -22.0000 1.2820 252 78 133
-21.1250 -3.5000 1.5950 200 147 108
9.3750 -12.0000 1.0660 213 172 149
-12.2500 -8.5000 1.3590 199 192 38
6.6250 -25.0000 1.3180 222 96 102
-4.9375 6.5000 5.3140 80 135 199
23.0000 13.0000 0.9730 199 254 23
-6.3750 23.0000 1.3490 250 95 135
22.5000 -8.5000 4.7370 64 254 157
24.1250 4.5000 0.1190 153 120 137
-5.7500 -22.5000 6.0250 72 115 242
14.3125 0.5000 0.9700 215 79 192
-9.3750 -7.5000 0.1200 146 131 145
-1.0000 8.5000 5.9320 63 145 210
24.1250 13.0000 0.9390 187 254 25
-20.1250 -3.0000 1.6040 195 175 79
-8.1250 -4.5000 0.1270 151 137 115
-9.1250 3.5000 1.1720 244 83 114
6.2500 19.0000 1.6260 203 203 112
-19.8125 -16.0000 6.0120 70 110 222
22.0625 -5.5000 0.4260 190 192 143
4.6250 -22.0000 1.3740 230 111 117
-10.3125 -6.5000 0.1160 154 137 129
-21.4375 12.0000 1.4840 235 148 85
-0.9375 -14.5000 1.2180 216 179 90
24.4375 -6.5000 0.2880 176 167 107
-1.5000 -23.5000 1.3970 236 115 133
-14.3750 1.0000 0.2520 172 112 178
-8.6875 10.0000 4.1540 97 149 239
16.5000 6.5000 0.9480 216 67 170
-6.0000 14.0000 1.2810 237 97 121
-16.8750 2.0000 1.6640 193 170 99
-1.1875 14.5000 5.3090 73 152 254
-10.9375 9.0000 3.9780 105 136 233
-18.6875 -11.0000 1.5450 235 143 99
11.3125 -23.5000 0.6870 190 122 168
-10.0000 23.5000 1.7010 204 179 123
0.6250 4.0000 5.9350 48 122 234
-6.1875 -21.0000 5.6820 83 108 250
18.0000 -21.5000 0.1160 184 173 82
5.3125 5.0000 5.2620 71 123 235
-11.1875 13.5000 1.4120 240 107 118
-22.4375 -20.5000 1.3910 248 118 81
-4.8750 -19.5000 5.2500 86 109 254
24.7500 -8.0000 0.7640 180 199 70
-12.0625 11.5000 1.4270 237 120 101
2.9375 -23.5000 1.2810 250 80 131
-10.4375 -7.0000 0.1210 142 138 144
-23.9375 6.5000 0.1970 152 98 159
-5.9375 -6.0000 0.1140 171 105 127
-23.6250 22.5000 1.6280 209 175 107
-14.8125 2.5000 1.5760 201 181 71
24.5625 4.5000 0.1150 153 124 131
-14.9375 -22.0000 5.3030 88 121 235
-13.0000 8.0000 1.5280 219 150 89
6.8125 -2.5000 4.3210 92 149 242
22.6250 -3.5000 0.2310 165 188 150
15.3750 -21.5000 0.1200 162 168 122
-24.8750 -9.5000 1.4020 231 101 120
-24.6250 -14.5000 1.3430 237 94 120
-2.0000 18.0000 1.3070 243 97 125
20.1875 19.0000 0.2020 163 159 126
-21.7500 24.0000 4.9650 92 135 248
-20.8750 -24.0000 1.4150 239 118 99
22.2500 8.0000 0.5470 197 154 159
6.3125 -22.5000 1.1610 240 70 117
13.9375 -16.5000 0.1270 176 172 71
4.6250 -25.0000 1.3160 222 87 109
9.3750 5.5000 4.5710 68 155 231
1.3125 20.5000 1.4620 220 170 109
14.0625 -14.0000 0.1190 176 145 78
4.0000 9.5000 5.8290 61 130 237
14.1875 -19.0000 0.1240 177 174 96
8.3125 -11.0000 1.0220 211 166 161
8.0625 -13.5000 0.1250 185 115 163
11.1250 18.5000 1.1750 226 172 68
-23.8125 3.5000 0.2030 153 92 164
-0.3125 -10.0000 0.1450 161 134 127
-8.5625 -12.5000 1.4420 222 143 64
23.5625 16.5000 0.1170 164 170 101
-12.1250 4.0000 1.3050 249 113 98
14.1875 -9.5000 0.7980 209 143 162
23.8125 17.5000 0.1210 162 171 100
-23.8125 18.5000 1.4060 233 101 117
-10.4375 -1.0000 0.3570 161 143 155
5.1875 2.5000 5.0810 70 118 228
-15.2500 18.5000 1.4670 235 132 102
-14.3750 -13.0000 1.5800 231 130 90
-11.6250 11.5000 1.4710 229 132 98
-11.7500 5.0000 1.2640 243 105 108
-1.8750 -11.0000 0.1180 163 122 143
24.8750 5.5000 0.1190 153 132 134
23.1250 1.5000 0.1310 153 120 160
-24.6250 23.5000 4.7170 109 130 237
23.3125 -5.0000 0.4080 189 188 132
8.3125 18.0000 1.2690 237 127 121
-9.6875 -16.5000 1.5300 233 130 92
4.1875 -20.5000 1.2360 238 67 129
-9.6875 10.0000 4.0400 100 151 242
19.5000 -11.0000 0.1310 174 174 125
-19.5625 10.5000 1.3290 236 111 118
12.5000 -6.0000 1.4620 216 189 118
-4.6250 4.5000 5.5980 70 140 212
-21.4375 -2.5000 1.6190 209 158 96
-5.1875 -15.5000 1.3110 243 94 111
-7.9375 17.5000 1.2870 241 69 117
-24.4375 20.5000 1.4300 239 115 116
-12.1250 -1.0000 0.1170 155 138 127
-16.3750 17.5000 1.4550 227 118 118
-18.2500 -9.0000 1.5150 234 131 101
-2.7500 -8.5000 0.1280 154 115 138
15.3750 -8.5000 0.2100 177 126 191
12.1875 -9.0000 1.0950 236 122 138
7.0000 19.0000 1.4870 222 170 105
-16.0625 -25.5000 1.4520 213 132 76
-15.4375 -25.5000 1.4650 215 135 90
-3.0625 5.0000 5.8340 63 121 226
-10.2500 -23.0000 5.6990 81 102 233
17.3750 -13.0000 0.1150 170 161 113
-1.8750 1.0000 6.1810 60 116 223
-20.8125 -24.0000 1.4360 237 124 99
-2.7500 7.0000 5.6790 64 146 211
-24.5000 -9.5000 1.4060 233 101 116
3.8125 20.5000 1.4920 222 185 89
9.7500 9.0000 1.1830 238 96 121
5.3750 -12.0000 0.1270 160 104 163
21.1250 -16.0000 0.1100 174 169 112
12.3125 -4.0000 0.9910 229 88 185
18.1250 16.0000 0.1320 173 124 143
14.1875 -15.5000 0.1200 187 176 76
21.1875 -18.0000 0.1100 177 151 98
23.7500 -20.5000 0.1240 185 179 49
-22.0625 15.5000 1.3830 242 125 92
6.8125 -5.0000 1.6650 193 205 108
-21.4375 11.0000 1.4850 220 154 82
-12.3750 22.0000 3.0900 133 196 254
4.6250 3.0000 5.1720 64 119 234
-16.3750 -7.0000 1.5480 203 172 66
17.5000 -24.5000 0.1370 171 159 78
-17.8750 10.5000 1.4230 233 126 104
4.9375 -21.5000 1.2120 233 75 133
9.1875 -23.0000 1.4010 230 154 75
-21.3125 19.5000 1.4750 230 120 97
19.4375 -2.5000 0.1100 172 105 197
-24.5625 0.0000 1.8820 169 188 133
15.8750 -2.0000 0.9910 230 118 180
-14.0000 -2.0000 0.1110 152 109 146
12.4375 7.5000 1.1070 225 68 135
-6.0000 3.0000 5.5300 66 131 234
-23.4375 -11.0000 1.3980 232 106 107
-6.8750 2.5000 1.1580 225 89 138
-8.0000 13.0000 4.0980 109 134 238
-5.5625 2.0000 1.2130 226 93 117
-17.8125 -23.5000 1.4330 244 133 68
-15.4375 20.0000 3.9110 112 133 254
-9.1250 8.0000 4.2060 95 149 238
-9.8750 16.5000 1.3510 242 81 102
13.4375 -14.0000 0.1150 173 123 136
13.7500 11.5000 1.0900 228 90 133
-19.5000 4.0000 1.6310 206 167 77
25.0000 17.5000 0.1020 161 171 87
15.1875 -11.5000 0.1220 154 146 147
-4.0000 -12.5000 0.8360 187 158 113
-15.7500 2.5000 1.9810 167 203 139
5.7500 12.0000 1.1770 244 70 128
0.1250 -0.5000 1.9290 163 207 146
4.6250 -21.0000 1.2390 237 70 125
22.1250 -21.5000 0.1270 193 170 61
23.3125 23.0000 0.1120 184 129 105
-8.3750 -7.0000 0.1080 145 127 130
23.3750 -21.0000 0.1100 188 175 53
11.5000 -5.0000 1.0080 230 94 178
-8.5625 2.5000 1.2060 236 82 113
7.5625 1.0000 4.4960 81 142 225
-18.9375 15.5000 1.4090 231 102 94
-11.9375 3.0000 1.2430 249 104 104
3.3125 -10.0000 0.2520 165 153 163
1.6875 10.5000 6.2940 67 138 209
5.0000 11.5000 5.8580 69 123 236
-12.3750 5.5000 1.2990 244 93 91
3.6875 -25.5000 1.2590 221 74 127
-19.4375 24.5000 1.8120 196 195 137
-8.6250 9.5000 4.1970 95 150 235
-2.9375 9.5000 5.4540 69 133 226
16.5000 21.0000 0.1170 178 139 133
-11.3750 24.0000 2.6120 140 189 236
-4.9375 10.0000 4.5510 98 136 217
24.6875 -3.5000 0.1240 163 179 132
22.0625 7.0000 0.7790 210 162 101
1.5000 23.5000 1.3170 238 128 135
9.6250 -13.0000 0.4240 181 196 167
-22.3750 -11.5000 1.4290 234 116 95
9.0625 17.5000 1.0690 240 97 145
-12.7500 7.0000 1.9360 179 200 134
16.7500 5.5000 0.9740 221 64 171
20.2500 -13.5000 0.1230 184 168 77
15.1250 -23.0000 0.1220 162 173 121
-11.9375 22.5000 1.7950 198 196 129
-13.8125 -19.0000 6.0840 78 111 196
22.8750 -10.5000 0.2620 174 177 87
-24.5625 17.0000 1.3640 231 108 128
7.8125 7.0000 4.9920 74 137 234
-16.0000 9.0000 1.4780 234 122 83
-6.1250 21.5000 1.3450 254 95 125
-7.1875 -21.5000 5.8880 80 101 254
18.1875 11.0000 0.3350 174 123 196
13.0000 17.5000 0.9920 227 166 73
-12.1875 13.5000 1.4060 246 109 116
1.3750 5.5000 5.9790 62 113 218
-6.0625 -8.0000 0.1300 158 129 119
-20.6250 8.0000 1.6660 190 187 86
24.0625 22.0000 0.1150 188 129 96
15.3750 6.0000 1.0460 227 77 153
17.9375 2.0000 1.1050 231 120 166
15.2500 15.5000 0.1150 178 121 199
-20.5000 5.0000 1.6710 190 191 88
-7.7500 -23.5000 5.9160 82 90 236
-9.8125 -4.5000 0.1250 151 142 127
-14.0625 -0.5000 0.1220 155 120 146
-0.1250 11.5000 5.8240 77 126 224
-14.1875 6.5000 1.4950 233 122 72
-9.3750 15.5000 1.3860 242 94 92
-13.6250 20.0000 3.7010 124 152 254
16.1875 1.0000 1.0110 228 90 176
15.5625 6.0000 1.0460 227 78 152
-9.4375 3.0000 1.1930 243 84 111
-3.8125 -15.0000 1.2490 233 117 130
24.8125 -6.5000 0.6450 196 209 86
12.4375 18.0000 0.1360 163 104 182
-19.2500 1.5000 1.6740 196 175 76
10.2500 24.0000 1.2900 213 169 77
-11.6875 14.0000 1.4270 237 111 113
2.1875 -5.5000 1.0180 231 97 159
23.6875 -23.5000 0.1290 193 171 37
0.0625 22.5000 1.3000 254 122 122
-5.5625 -14.5000 1.2820 248 115 95
-15.8750 -5.0000 0.3390 159 113 166
23.7500 19.0000 0.1150 160 144 97
-13.5625 9.0000 1.4480 218 105 74
6.6875 -19.0000 1.2330 225 154 88
-17.0625 16.0000 1.4710 225 124 104
-0.1250 -1.0000 1.9130 165 209 143
18.9375 20.5000 0.1120 166 155 128
-5.4375 18.5000 1.3530 254 100 130
13.0625 -14.0000 0.1270 173 126 139
17.6875 -11.5000 0.1290 169 164 134
-2.8125 -24.0000 1.3870 246 117 124
-6.5000 -10.0000 0.3650 158 125 160
3.0000 -0.5000 5.1680 73 126 236
25.0625 -22.5000 0.1270 189 189 36
-19.5625 3.0000 1.6460 205 162 81
-5.1875 -7.5000 0.1240 159 127 114
17.9375 16.0000 1.9840 157 254 80
0.0000 11.5000 5.8110 77 127 224
6.5625 16.5000 1.6070 197 197 115
-20.6875 -23.5000 1.4190 240 122 96
5.6875 21.0000 1.3150 244 139 107
-2.6250 -6.5000 0.3780 158 148 176
-18.4375 -15.5000 6.0010 71 107 222
3.5625 -22.5000 1.2520 253 75 128
16.3125 8.5000 1.0170 220 80 135
-23.6875 23.0000 1.5820 210 164 107
-23.3750 22.5000 1.6030 214 172 101
-4.7500 -16.5000 1.3270 245 80 118
-5.2500 21.0000 1.3420 254 93 124
-13.3125 -11.0000 1.5170 232 150 63
-23.4375 -16.0000 1.3890 241 106 103
24.8750 18.0000 0.1090 159 169 88
-3.6250 18.0000 1.2710 251 83 131
-22.2500 24.0000 4.9010 94 137 249
-23.7500 20.5000 1.4420 240 119 111
4.3125 14.5000 1.2030 243 89 150
-17.3750 -8.5000 1.5000 226 139 96
-6.7500 6.5000 4.5330 92 147 233
6.5000 1.5000 4.7680 73 136 229
24.7500 -23.0000 0.1210 187 175 33
18.2500 24.5000 0.1140 167 146 123
-12.0000 -1.0000 0.1090 155 136 127
11.1875 10.0000 1.1190 222 76 142
11.6250 21.0000 0.2520 162 101 197
-16.7500 -10.0000 1.5230 236 135 98
-3.2500 18.5000 1.2900 251 89 127
-8.0000 -5.5000 0.1230 152 107 126
20.0625 24.5000 0.1180 164 149 100
-24.6875 -8.5000 1.4070 229 98 122
12.7500 18.0000 0.1230 164 105 177
-3.0625 -23.0000 1.3560 254 113 124
-14.5625 22.0000 3.9040 116 148 254
17.0000 3.5000 1.0540 230 82 159
-9.7500 16.5000 1.3820 239 91 100
-24.1250 14.5000 1.4300 229 118 112
2.8750 -15.0000 1.2060 199 181 62
-17.6875 -18.5000 5.6870 84 112 214
8.1250 -23.0000 1.3260 231 133 88
-15.0000 14.5000 1.4360 227 116 97
10.5000 -6.5000 0.9500 217 90 167
20.5625 15.0000 6.1910 46 236 151
22.0000 -6.0000 0.5890 198 217 125
11.3125 5.0000 4.2050 78 154 254
-15.8125 21.5000 3.8810 114 152 254
4.6875 -21.5000 1.2700 233 84 127
-4.6875 -7.0000 0.1350 164 115 120
-13.4375 -11.5000 1.5130 232 144 67
13.0000 6.5000 4.0130 82 151 254
8.7500 2.5000 4.4030 78 151 239
12.6875 14.0000 0.7740 200 99 196
7.4375 -3.5000 4.1170 100 154 252
-3.4375 24.0000 1.3710 235 107 142
-24.6875 -25.0000 4.2750 126 108 226
-15.6250 -17.5000 6.0960 73 102 215
-6.1875 10.0000 4.4240 95 143 232
-7.0625 7.5000 4.4670 95 148 238
-3.0625 8.0000 5.5120 69 143 212
-22.8125 9.0000 1.5710 205 180 76
-17.8750 2.0000 1.6650 194 158 75
15.5000 8.0000 1.0230 220 74 167
-24.7500 -1.0000 1.7890 182 177 122
12.5000 -19.5000 0.0990 168 148 143
20.1875 15.5000 6.1650 56 226 137
-19.1875 12.5000 1.3210 246 95 107
22.6250 7.5000 0.6820 207 166 127
-17.8125 5.5000 1.5760 208 148 79
-2.8125 15.0000 1.2420 244 83 109
-3.7500 -24.0000 1.3790 244 116 126
-14.8750 -7.0000 1.2680 225 125 40
-10.5625 3.0000 1.2760 237 105 104
19.3750 -14.0000 0.1070 188 160 83
-11.7500 -16.5000 5.3650 90 110 237
-1.1875 22.0000 1.3050 254 118 129
-15.5000 19.5000 1.5470 220 153 106
9.7500 -25.5000 0.8450 193 116 139
1.3750 -16.0000 1.2750 226 165 79
-13.0625 16.5000 1.4060 234 112 124
10.1875 11.0000 1.1030 236 76 134
-5.3125 -3.0000 1.1020 197 171 105
16.3125 -5.5000 0.4360 188 101 223
19.5000 12.5000 0.1170 159 113 172
-11.3750 16.5000 1.3710 238 102 121
-9.8125 -12.0000 1.5090 227 146 74
-8.3750 3.5000 1.2090 241 91 108
-1.7500 -21.5000 1.3960 238 126 116
21.7500 17.0000 0.3640 179 206 133
-10.3750 22.5000 1.7160 196 177 138
17.2500 2.0000 0.9980 226 104 182
-20.2500 -18.0000 5.5290 81 134 230
7.8125 -19.0000 0.7410 200 159 152
4.2500 -12.5000 0.1100 163 148 126
15.5000 -0.5000 1.0190 224 118 183
9.1875 -19.5000 0.8480 207 182 132
-3.6250 -3.0000 1.1660 239 95 148
5.5625 -9.5000 0.8490 203 161 139
20.6875 -13.0000 0.1430 152 195 84
-10.8125 14.0000 1.4230 233 98 105
-24.3750 16.0000 1.4100 224 115 121
-23.5000 24.5000 4.9270 106 133 239
-19.8750 -14.5000 5.9190 84 102 209
-21.3750 -10.0000 1.4040 238 109 102
24.8125 1.0000 0.1110 183 178 102
-4.6250 -11.5000 0.5630 158 160 130
23.6250 -9.0000 0.2380 168 174 105
17.1875 22.0000 0.1140 172 144 139
-11.6875 -18.5000 5.8500 77 90 224
13.8750 -15.5000 0.1310 186 177 76
7.3750 10.0000 5.3200 77 123 235
-17.8750 -1.0000 1.7030 176 192 80
-11.0000 18.0000 1.3380 236 74 125
-21.7500 17.5000 1.4090 242 109 102
4.3750 -3.5000 1.3480 222 134 102
-0.5000 -18.0000 1.3210 241 124 99
-18.0000 -23.5000 1.4320 245 133 68
-16.3750 -21.5000 5.2200 94 123 239
15.6875 17.0000 0.1240 174 121 191
-1.5625 -19.5000 2.9220 137 210 238
14.0000 10.5000 1.1150 231 116 148
-4.2500 -20.0000 5.1880 96 117 251
0.3750 -5.5000 1.0200 226 108 142
-12.5625 7.5000 1.9120 180 199 131
-17.3125 9.5000 1.4500 235 125 88
-22.4375 16.0000 1.3990 238 129 96
-15.2500 -8.5000 1.4820 221 153 47
3.1875 -20.0000 1.2720 254 90 130
6.5625 0.0000 4.5810 78 142 227
21.6875 -4.0000 0.5040 189 209 140
2.8125 11.0000 6.1760 60 117 237
-16.8125 -19.0000 5.7170 81 121 213
14.0625 -17.5000 0.1260 187 171 64
21.2500 24.5000 0.1110 164 148 91
4.6250 16.0000 1.1820 247 91 162
6.8750 -19.5000 1.1500 225 143 100
5.5000 -21.5000 1.2070 233 75 120
14.6875 24.0000 0.1770 161 122 138
19.5625 -12.0000 0.1220 171 182 101
17.5625 3.5000 1.1030 226 105 151
-0.0625 -17.5000 1.2970 245 137 91
13.8750 15.5000 0.1180 170 106 174
-16.4375 -21.0000 5.3710 90 112 232
-1.8750 -19.5000 1.3980 241 129 97
0.1875 9.0000 6.1290 58 137 215
10.5000 7.5000 4.5390 75 153 241
-13.0000 -24.0000 5.1780 98 121 226
-8.8125 -17.0000 5.1130 89 105 248
-2.1875 11.5000 5.3810 78 129 231
-24.5625 -9.5000 1.4020 232 101 118
16.5625 17.0000 6.1660 52 241 150
20.4375 -14.5000 0.1330 166 173 66
9.4375 -23.0000 1.2240 239 129 89
-20.1250 0.0000 1.6880 194 152 85
14.3125 4.5000 3.6520 106 159 254
15.8750 1.0000 0.9750 226 83 186
-12.4375 -12.0000 1.5190 233 147 62
-17.5000 -21.5000 5.1500 105 117 223
24.5000 -6.0000 0.3430 177 172 106
-1.3750 12.0000 5.5080 78 128 238
17.8750 -22.5000 0.1220 189 171 83
16.6875 -23.0000 0.1170 174 163 102
22.0625 -24.0000 0.1150 194 167 45
-7.0625 15.5000 1.2740 254 85 120
-11.8125 7.0000 3.9870 96 134 243
-1.7500 0.5000 1.2400 228 97 113
-11.6875 -16.0000 5.2890 94 109 236
4.5000 -22.5000 1.4390 222 134 106
-14.3125 -14.0000 1.7590 213 159 107
6.6250 12.0000 1.1280 245 64 132
-3.9375 11.0000 4.6240 81 156 233
-7.6250 11.5000 4.2020 102 142 242
-12.5625 -22.0000 5.5870 82 118 228
6.1250 0.5000 4.7250 74 139 228
-15.0000 22.0000 1.7470 208 200 127
-22.0000 22.5000 1.6930 209 196 104
-24.8750 -24.5000 4.2230 126 109 231
-3.9375 20.0000 1.3370 250 98 138
0.5625 6.0000 6.1410 51 129 211
-4.5625 -15.5000 1.2870 238 96 138
-20.8125 -4.5000 1.5280 219 124 111
11.5625 3.5000 4.0460 83 152 254
-21.0625 -2.5000 1.6520 204 162 100
-11.2500 14.0000 1.4230 236 109 111
13.9375 12.5000 1.0470 222 107 141
-3.9375 21.0000 1.3360 252 105 130
2.1875 5.5000 5.8140 57 125 229
12.8125 -12.5000 0.4320 166 173 154
2.7500 -7.5000 0.8660 206 132 160
20.3125 -18.5000 0.1200 187 176 86
-4.1875 -4.5000 0.6990 194 150 171
4.3125 -17.0000 1.2340 225 175 74
14.5625 -17.5000 0.1280 177 172 85
2.1875 20.0000 1.4850 220 182 107
-20.6250 4.0000 1.6820 184 211 94
-22.6250 -25.0000 1.6790 205 153 122
1.0000 16.5000 1.2200 244 84 136
21.8125 22.5000 0.1280 188 144 129
-2.6875 7.0000 5.7520 63 145 210
3.4375 -21.0000 1.2560 242 68 132
3.1250 16.5000 1.2070 253 94 163
-9.2500 23.5000 1.6370 206 158 126
-20.1875 22.5000 1.8090 208 214 128
0.9375 -18.0000 1.2990 244 122 95
4.6875 -7.5000 1.0940 233 131 122
-23.3750 -18.0000 5.1330 84 127 223
-9.0000 -20.5000 5.8760 77 100 224
14.9375 20.0000 0.6630 194 217 114
2.3750 -13.0000 0.1320 150 133 155
10.4375 -17.5000 0.1090 174 167 94
23.5625 14.5000 0.1140 175 134 165
17.8750 -2.0000 0.7430 194 126 201
1.4375 2.5000 5.6900 69 128 212
-16.4375 11.5000 1.4320 240 109 114
-7.5625 -12.0000 1.3460 219 143 90
-18.3125 -9.0000 1.4780 239 123 102
-6.1875 22.0000 1.3590 254 99 127
11.6875 7.0000 4.3180 75 152 254
-10.5625 19.5000 1.3670 238 112 138
-8.3125 3.5000 1.2250 239 93 105
12.2500 -19.5000 0.1380 171 155 149
-10.9375 22.5000 2.6910 136 205 254
-23.7500 -13.0000 1.3520 238 83 109
-3.8750 0.5000 1.2140 233 86 125
19.8750 -12.0000 1.9680 156 254 28
17.9375 -4.5000 0.8840 204 174 136
21.0625 11.0000 0.1100 184 96 190
-24.5000 11.5000 1.5460 210 156 101
-15.6875 23.5000 3.6140 126 155 254
4.1875 -16.5000 1.2350 226 176 72
-23.8750 10.0000 1.4530 212 151 87
-2.1875 -4.5000 1.0640 215 160 136
2.8750 -10.5000 0.1270 167 134 150
-15.8750 21.5000 1.7130 214 197 122
10.2500 2.5000 4.1440 82 141 241
-10.5000 -6.5000 0.1240 153 138 129
-24.2500 2.5000 1.7080 171 197 124
-8.1250 -19.0000 5.4480 85 116 232
-21.9375 -0.5000 1.6460 200 152 100
-2.4375 11.0000 5.4150 77 129 232
-1.5625 9.0000 5.7550 74 129 215
-15.0000 -1.0000 0.1150 153 113 168
2.8750 -20.5000 1.2850 253 89 130
12.8750 8.0000 1.0700 218 66 145
-17.5000 -19.0000 5.6490 86 119 217
4.2500 21.5000 1.2920 243 131 107
7.6875 -17.0000 0.1140 152 134 164
-3.3750 -0.5000 1.2250 229 103 126
-21.6250 -4.0000 1.5550 213 132 109
22.6250 -3.0000 0.1250 159 164 158
21.1875 -20.0000 0.1160 194 163 71
-24.8125 -12.0000 1.3610 230 88 120
-10.5000 23.5000 1.7110 202 181 123
8.7500 6.5000 4.7720 67 162 250
11.1875 17.5000 1.1630 219 166 102
-14.2500 17.5000 1.3890 230 101 104
-2.0000 14.0000 5.1580 75 139 238
-21.0625 3.5000 1.7330 179 216 99
-24.4375 11.0000 1.5490 208 159 98
13.4375 7.0000 4.0110 83 149 254
1.3125 23.0000 1.3070 242 126 134
-3.1875 13.5000 1.2640 239 80 94
4.6875 4.5000 5.3350 69 134 216
-2.4375 22.0000 1.3620 252 115 122
18.3750 -11.5000 0.1120 171 158 132
-19.9375 11.5000 1.3040 238 99 113
-9.3125 -20.0000 5.8670 75 99 229
22.3125 -9.5000 0.2970 170 183 91
-18.4375 -17.0000 5.9060 68 118 223
16.5625 13.0000 0.1100 169 105 182
-8.2500 24.0000 1.4100 236 104 129
-7.0625 6.5000 4.4890 94 148 233
-20.1250 -15.5000 6.0550 84 104 204
-7.0000 14.5000 1.3390 245 107 125
-19.5000 -18.5000 5.4670 88 126 224
-0.0625 24.0000 1.3610 234 125 128
-2.1875 -24.0000 1.3870 244 116 126
23.1250 7.0000 0.4660 192 150 157
-18.3125 22.5000 3.1580 127 195 254
23.6875 22.0000 0.1150 190 129 102
-5.6875 -13.0000 1.2750 240 127 88
-16.2500 -12.5000 1.7700 211 162 117
12.5000 8.0000 1.1130 220 70 139
4.1875 -23.5000 1.9980 158 205 161
9.0625 -22.0000 1.0630 236 112 134
-6.1250 -22.0000 5.9430 74 114 246
18.5625 22.0000 0.1130 164 148 137
20.0625 14.0000 0.9970 207 208 61
7.1250 -5.5000 1.7480 183 206 120
17.3125 -7.5000 0.1260 169 133 179
-9.1250 -9.0000 0.1470 148 132 137
4.4375 7.5000 5.6230 65 127 232
2.3750 -3.5000 1.2530 230 124 121
10.1250 18.5000 1.1650 241 118 123
21.6250 -5.0000 0.4460 187 197 150
-21.2500 -8.5000 1.4230 235 87 102
-9.0000 -7.5000 0.1320 147 130 142
18.3125 9.0000 1.0080 229 141 132
-11.1250 -2.0000 0.1110 159 131 111
2.1250 15.0000 1.2010 250 89 164
4.8750 5.5000 5.3850 70 120 234
13.1875 6.0000 3.9370 85 150 254
9.8750 -25.0000 1.0050 211 119 114
10.3750 5.5000 4.4030 73 151 251
-5.8125 23.0000 1.3760 248 102 131
15.6875 -12.0000 0.1040 152 144 129
-24.5625 24.5000 4.8440 118 127 226
-21.9375 -14.5000 6.0520 69 104 225
-4.0000 18.5000 1.2890 249 85 133
17.8125 1.5000 1.0060 228 119 178
6.3125 18.0000 1.6900 199 209 120
3.5625 12.5000 1.2940 241 123 127
-0.3750 -11.0000 0.1010 164 122 119
22.7500 -2.5000 0.1330 159 163 157
24.4375 -24.5000 0.1170 185 174 18
-12.3125 24.5000 1.7460 192 168 139
12.8750 9.5000 1.1310 231 82 128
18.5000 -8.0000 0.6550 177 210 113
22.4375 -9.0000 0.2760 187 148 112
3.6875 6.5000 5.6660 59 131 234
10.5000 11.5000 1.1110 233 79 132
-22.3750 4.0000 0.2240 165 79 142
8.5000 -0.5000 4.1970 90 160 244
10.9375 -13.0000 1.0190 204 196 117
-1.8750 -15.0000 1.2380 227 131 83
13.1250 1.0000 1.5090 198 175 95
19.6250 -4.5000 0.1250 173 117 169
2.3750 14.5000 1.2240 235 99 163
20.3750 6.5000 0.9830 210 128 101
-8.5625 -24.5000 5.6080 91 87 239
-11.5000 19.5000 3.8930 111 128 254
-0.8125 -24.5000 1.3720 232 105 140
-13.3750 -0.5000 0.1230 143 118 137
5.8125 4.5000 5.1270 66 127 237
21.3750 18.0000 1.3560 214 254 0
-4.9375 13.0000 1.2370 236 86 114
-1.2500 17.0000 1.2460 245 89 139
5.0625 -0.5000 4.8030 84 139 236
14.3125 -1.0000 1.0280 223 111 183
1.8750 14.0000 1.2060 233 95 169
1.5000 -2.0000 1.3160 229 130 115
-12.0000 -17.5000 5.6690 88 106 223
23.8750 -25.0000 0.1260 184 173 17
-9.3125 -3.5000 0.1140 149 141 126
16.7500 -21.5000 0.1120 184 147 92
1.5625 3.0000 5.7270 59 123 229
-23.9375 21.0000 1.4640 235 126 111
-6.8750 -14.5000 1.3620 242 124 89
-23.7500 -20.0000 1.3500 241 103 101
0.4375 -7.0000 0.7370 198 165 136
-19.3125 -11.0000 5.1570 84 112 254
15.1875 6.5000 1.0380 227 74 156
20.5000 15.0000 0.1180 170 145 136
-9.0000 13.0000 2.0130 175 207 158
23.3125 -15.0000 0.1230 175 190 69
-7.5625 -16.0000 1.4370 244 111 109
10.0625 23.5000 1.2790 217 172 76
4.9375 22.5000 1.2930 243 146 116
-7.7500 14.5000 1.3830 228 111 108
23.3750 9.0000 0.1160 162 117 163
-5.4375 8.5000 4.5900 89 139 238
-20.8750 0.0000 1.6740 190 148 101
-1.4375 3.0000 6.2400 56 107 235
-0.7500 -4.0000 1.1060 226 107 141
-16.3750 8.0000 1.5080 231 145 84
22.5625 -3.5000 0.1190 158 176 156
7.8750 -18.5000 0.3960 158 134 187
17.5000 15.0000 1.0550 212 200 65
-21.5000 -18.0000 5.2940 88 130 223
-19.0625 8.0000 1.4810 215 141 89
-24.7500 16.5000 1.3840 227 111 127
24.6250 3.0000 0.1160 166 147 135
16.9375 -9.0000 0.1170 158 144 146
6.6250 13.5000 1.1730 242 70 133
0.8750 -20.5000 1.3670 243 110 99
-3.6875 -22.0000 5.6000 83 118 249
17.2500 -15.5000 0.1250 183 170 81
0.7500 -13.5000 0.1430 167 93 161
-23.0625 -15.5000 1.4010 244 111 100
-2.3125 21.5000 1.3630 249 119 121
-10.7500 -18.0000 5.5830 82 94 244
23.0625 -24.5000 0.1190 190 169 30
21.6875 9.5000 0.1090 180 98 190
-4.5000 -15.5000 1.2850 238 97 139
-19.0000 9.5000 1.3980 238 125 104
19.5625 -7.0000 0.8300 176 222 101
-14.6875 7.5000 1.4850 234 125 74
21.5000 -10.0000 4.6650 65 254 143
22.7500 12.0000 0.1310 193 109 159
-17.0625 11.0000 1.4440 237 109 119
17.0625 18.0000 6.3970 54 231 148
9.6875 -24.0000 1.1380 232 124 105
-18.1875 -24.0000 1.4370 242 133 70
-19.6875 22.0000 3.6400 122 152 254
-20.8125 -18.5000 5.2940 90 130 219
12.5625 -11.0000 0.8990 218 120 162
-14.5000 22.0000 3.8680 118 148 254
21.1250 -21.5000 0.1220 189 170 64
1.8750 3.0000 5.6390 60 124 229
17.5000 1.5000 0.9880 224 117 183
-2.5000 17.5000 1.2680 244 78 120
1.6875 11.0000 6.2100 70 126 231
23.3750 7.0000 0.3170 176 122 174
-21.3750 7.0000 0.9670 212 127 122
8.3125 19.5000 1.3220 231 136 121
2.6875 6.0000 5.7570 59 130 235
-11.3750 -25.0000 5.1630 99 96 234
-2.7500 -16.5000 1.2800 249 96 110
-8.8125 13.0000 3.9990 109 141 249
10.3125 19.0000 1.2380 237 132 114
-13.0625 23.0000 1.7360 201 183 129
22.8125 -2.5000 0.1240 159 160 158
22.3125 -14.0000 0.1320 164 178 73
-6.9375 8.5000 4.4650 92 148 234
14.8750 15.0000 0.1130 178 123 198
-24.6875 -19.0000 1.3360 235 108 120
17.3750 -25.0000 0.1310 167 160 77
-21.8750 -17.5000 5.4620 75 123 223
19.8750 8.0000 0.9560 219 128 141
-19.3125 1.0000 1.6920 195 178 77
-8.5625 -11.5000 1.7210 187 206 63
-18.5000 24.0000 1.7720 189 177 144
17.8750 -1.5000 0.8530 201 142 190
-12.0000 8.5000 1.8480 192 198 109
-14.5625 -16.5000 5.7520 77 111 223
17.1250 -0.5000 0.9660 217 106 180
6.6250 -9.0000 0.9540 219 129 131
-14.6875 -0.5000 0.1120 158 117 154
-4.3125 -20.0000 5.2300 96 116 250
-2.0625 1.5000 6.2240 58 115 224
-9.4375 -4.0000 0.1240 150 142 128
24.3125 7.5000 0.1130 156 117 139
9.7500 24.0000 1.2770 214 138 118
-9.9375 6.0000 4.2030 95 151 235
12.6875 21.5000 0.1800 162 97 189
-23.1875 -15.0000 1.3520 246 100 106
-16.3125 -3.5000 0.1240 159 86 181
-12.9375 -23.5000 5.2440 93 122 230
-8.1875 14.5000 4.0540 106 133 239
-19.5625 -7.0000 1.4830 231 127 112
-24.2500 7.5000 0.2290 148 107 164
-0.1875 -24.0000 1.3700 247 107 138
-11.1875 -7.0000 0.1320 157 127 135
21.3750 8.0000 0.7730 205 157 111
2.0625 -18.0000 1.2760 233 127 108
8.0000 -2.5000 4.1450 100 154 254
-4.1875 -21.5000 5.5540 91 124 246
17.7500 18.5000 0.5410 180 211 120
3.5625 -23.5000 1.2490 248 76 127
-9.5625 20.0000 1.3660 249 108 136
14.9375 13.5000 0.1270 167 111 200
7.8125 -1.5000 4.2170 82 161 246
18.8750 -22.5000 0.1110 192 164 78
3.6875 24.0000 1.2960 230 131 125
-22.2500 16.0000 1.3920 240 127 95
22.9375 0.5000 0.1120 154 116 159
-3.4375 7.0000 5.6060 66 146 211
-2.1250 -2.5000 1.1410 238 96 147
8.1250 -11.0000 0.9890 207 163 169
-7.5625 -21.5000 5.9340 86 111 226
14.1250 -19.5000 0.1170 174 160 101
-18.4375 -11.5000 5.0840 86 111 251
22.0000 15.5000 0.1100 176 149 151
-0.2500 -18.0000 1.3300 241 126 97
-9.2500 18.0000 1.3740 240 95 121
-21.3750 22.5000 4.7740 83 136 254
18.4375 -10.0000 0.1270 168 173 138
-5.3125 -17.0000 1.4050 243 98 107
-2.1875 -22.0000 2.4020 148 219 219
17.9375 -4.5000 0.8930 205 174 134
10.0000 -22.0000 1.0260 233 115 140
-6.5625 5.0000 5.1510 75 131 238
-14.1875 0.0000 0.1270 156 113 157
4.8750 -24.5000 1.3340 223 92 101
-22.1875 22.5000 4.7470 84 139 254
-9.0625 20.5000 1.3580 254 98 115
-23.8750 -10.5000 1.4070 227 107 113
-24.1875 -22.5000 1.3600 238 87 110
-15.5000 23.0000 3.8760 118 147 254
12.9375 -6.0000 1.4290 220 183 116
-4.9375 4.0000 5.6110 68 127 224
-9.0625 -25.0000 5.3630 92 96 234
12.3125 11.0000 1.0990 222 76 146
-18.3750 15.0000 1.4020 231 99 94
7.4375 -4.5000 1.6120 196 198 104
25.0000 13.0000 0.9360 171 254 29
-2.6875 15.0000 1.2470 244 85 108
9.0000 -1.0000 4.0800 95 156 254
-19.2500 -11.5000 5.2100 84 111 251
-7.1875 16.5000 1.3530 251 99 122
-10.9375 11.5000 1.6160 206 167 101
-21.7500 -10.5000 1.4030 241 111 97
-11.6875 -13.0000 1.5210 237 119 77
-9.7500 -19.0000 5.7060 77 100 234
-9.3750 -16.5000 1.4750 240 117 91
-4.4375 -10.5000 0.1250 152 130 170
-3.3125 -18.0000 1.3550 243 113 100
-0.0625 -18.5000 2.6940 152 224 245
14.5000 9.5000 1.0560 222 95 155
-19.5625 -12.0000 5.3400 83 113 237
4.8750 12.5000 1.2110 239 77 131
-23.6875 -18.0000 5.1180 85 126 223
-8.2500 -13.0000 1.3720 238 103 76
9.1250 -18.0000 0.2070 166 190 98
22.6875 -6.5000 4.8970 69 234 164
16.1875 -17.5000 0.1240 203 165 70
16.9375 16.5000 0.1380 170 125 170
-13.6875 -12.5000 1.5410 239 134 91
6.5000 -4.0000 1.7470 183 209 122
1.7500 -8.0000 0.8160 192 139 168
21.0000 24.5000 0.1140 164 149 93
11.3750 2.5000 3.9520 84 153 254
-20.1875 16.5000 1.4120 227 118 101
17.3125 -2.5000 0.8130 203 140 210
11.5000 -12.0000 0.9780 214 164 152
4.1875 22.5000 1.2980 241 131 112
9.4375 0.0000 4.1040 83 149 244
-6.3125 -14.5000 1.3410 246 122 90
-17.3125 -12.5000 5.2060 103 112 224
19.5625 13.5000 0.1170 158 114 172
0.9375 -23.0000 1.3510 254 102 138
-6.6875 -10.5000 0.6920 181 138 133
-9.5625 -24.0000 5.5990 85 100 234
-7.3750 -21.0000 5.8040 80 101 254
17.3125 -24.0000 0.1360 174 162 84
-4.0000 19.5000 1.3060 244 87 136
-9.2500 8.5000 4.1700 96 149 226
7.4375 -15.0000 0.1120 157 137 139
-12.9375 -15.5000 5.3070 97 110 241
-11.8750 10.5000 1.6020 210 171 87
15.2500 -10.5000 0.1260 155 142 160
-2.8750 -3.0000 1.1570 241 96 146
25.0000 5.5000 0.1100 153 131 133
-23.6875 5.5000 0.2100 155 99 159
23.8750 4.0000 0.1130 159 115 163
-9.6250 -15.0000 1.4640 238 120 74
-14.4375 -9.0000 1.5150 218 136 56
19.0000 16.0000 6.1380 53 228 148
-18.0625 -24.5000 1.4190 223 115 84
18.7500 21.0000 0.1170 166 154 135
18.4375 15.5000 0.9530 213 211 74
-17.9375 19.0000 1.4670 233 119 103
-16.5625 -5.5000 0.8690 184 125 93
-2.0000 1.0000 6.1680 59 116 226
1.3750 21.0000 1.5780 206 193 103
-12.7500 2.5000 1.4100 223 161 83
0.6875 -22.0000 1.3510 254 101 139
-7.5000 19.5000 1.3460 243 93 132
6.0625 -17.0000 1.2120 211 185 62
23.8750 13.0000 0.1500 183 121 145
-7.6250 19.0000 1.3430 245 92 129
-14.3125 -14.0000 5.1190 94 105 235
17.7500 24.0000 0.1130 168 144 129
-8.3125 10.0000 4.1930 97 147 235
18.4375 12.0000 0.1140 157 115 180
-22.4375 17.0000 1.4020 242 119 101
23.5000 13.5000 0.8500 181 254 41
-1.8125 -15.0000 1.2180 228 129 85
-6.5000 -15.0000 1.3350 244 118 93
-1.4375 -22.5000 1.3770 242 110 142
7.5000 11.0000 1.1370 234 63 118
-12.4375 -4.0000 0.1220 161 145 113
-18.0000 -11.0000 1.5900 229 146 99
16.1250 6.0000 1.0160 223 76 155
-19.7500 6.5000 1.6000 201 172 91
-22.6250 -13.5000 1.4080 247 116 102
17.1250 -9.5000 0.1180 155 147 138
-21.8125 -1.0000 1.6340 203 155 96
21.6875 -2.0000 0.1020 156 146 185
1.0625 6.0000 6.0060 56 127 207
10.5000 16.5000 0.2640 179 89 228
-0.5625 7.0000 6.1290 50 129 219
-16.9375 15.0000 1.4420 220 108 102
-12.3125 -1.5000 0.1180 160 135 128
17.1875 3.5000 1.0460 232 88 171
-21.3125 16.0000 1.3770 241 123 93
-24.5625 -16.5000 1.3510 230 93 113
19.3750 21.5000 0.1150 168 150 130
2.9375 -8.5000 0.7990 200 135 161
9.0625 5.0000 4.5840 69 146 241
6.6875 22.5000 1.2730 246 127 118
-22.9375 5.5000 0.2030 160 91 153
23.6875 -14.0000 0.1100 159 172 60
6.1875 -10.5000 0.7460 203 163 141
-19.4375 10.0000 1.3990 234 127 108
17.7500 -5.5000 0.8620 201 168 139
-9.3125 17.5000 1.3400 240 84 125
2.8125 -4.0000 1.0720 235 98 152
-18.5000 4.5000 1.5720 215 152 67
-21.1875 14.0000 1.3660 239 110 99
-14.0625 -24.0000 1.5060 213 144 80
-11.6250 23.0000 2.7370 142 202 249
-16.9375 13.0000 1.3940 237 101 112
-7.8125 16.5000 1.3540 247 99 122
23.5625 19.5000 0.1180 174 140 104
-9.1250 -14.5000 1.4100 245 110 72
-22.2500 13.0000 1.4590 237 141 89
9.6875 21.0000 1.1770 239 121 122
13.0625 18.0000 0.1230 164 107 171
13.3125 -1.5000 0.9610 212 91 193
4.0625 -2.0000 4.8440 86 137 250
7.6250 5.5000 4.9090 74 128 231
17.6875 -18.5000 0.1230 198 177 74
-19.1875 -19.0000 5.4790 85 127 226
-9.5625 -10.0000 1.4060 218 166 51
6.6875 -15.5000 0.0830 143 125 154
-12.8125 -25.0000 1.5290 206 137 88
-11.1875 -5.0000 0.1200 164 142 99
-10.2500 1.0000 1.1700 224 132 113
-19.8750 19.5000 1.5350 219 135 106
-14.2500 20.0000 3.7480 122 139 254
-21.3125 7.5000 1.5280 202 203 74
24.6250 -9.0000 0.9950 196 216 41
1.2500 -14.0000 1.1470 217 193 85
-4.6250 -19.0000 5.0810 89 124 251
-20.5625 -1.5000 1.6460 202 156 100
9.6875 19.0000 1.1980 242 121 122
19.3750 2.0000 0.9700 223 126 173
18.7500 -12.5000 0.1100 181 160 99
-23.3750 14.0000 1.4140 234 118 105
14.6250 -13.0000 0.1070 160 144 105
-17.8750 -8.0000 1.4780 238 126 100
14.1250 9.0000 1.1250 226 83 152
1.0000 -22.5000 1.3570 254 103 137
0.5625 -15.0000 1.2370 225 161 96
19.8125 5.0000 1.1870 225 111 110
4.4375 -7.0000 0.9970 226 118 142
17.3750 16.5000 6.1120 60 230 152
2.2500 17.5000 1.1920 245 104 158
14.1250 -3.0000 0.9360 209 97 200
24.3125 -22.5000 0.1080 191 171 39
23.7500 5.0000 0.1130 154 118 148
-22.5000 -5.5000 1.5250 223 122 104
-17.0625 -22.0000 3.5770 124 173 228
-16.5000 5.0000 1.5600 220 136 82
1.1875 -15.0000 1.2300 222 161 96
3.0000 -8.5000 0.8280 202 136 157
2.7500 -17.0000 1.2670 230 175 72
9.2500 23.0000 5.9120 67 150 215
14.1250 7.0000 1.0430 227 79 169
-23.0000 -5.5000 1.5080 222 116 109
-22.8750 -6.0000 1.5190 225 114 98
3.1875 22.5000 1.2890 246 125 116
-5.2500 6.5000 5.2310 77 120 220
12.5000 -8.0000 1.0920 244 119 140
-15.0625 -12.5000 1.6830 218 147 101
9.2500 -0.5000 4.1050 92 163 245
-7.5000 24.0000 1.4030 238 106 132
-6.7500 9.0000 4.4100 95 143 229
-15.8125 -21.0000 5.3960 87 111 231
-14.7500 7.0000 1.5260 231 139 72
6.8750 -10.5000 0.9290 215 171 111
-20.4375 -12.5000 5.5540 84 103 225
-21.6250 17.5000 1.4430 238 118 99
-10.6250 15.0000 1.4060 238 93 105
22.3125 -4.5000 0.4430 191 196 143
-18.0000 23.5000 3.8370 119 140 254
7.8125 23.5000 1.2860 231 133 130
6.1875 22.0000 1.2850 248 131 113
-14.8750 8.0000 1.4770 226 118 84
10.5000 5.5000 4.3560 75 151 250
11.0625 -20.0000 0.4120 185 143 179
13.3125 -21.5000 0.1220 147 134 154
18.2500 -1.5000 0.8090 200 135 194
-12.5000 -1.0000 0.1170 155 139 131
-12.6250 5.0000 1.3160 244 112 105
8.5000 -18.5000 0.1170 168 126 165
-2.2500 5.0000 6.0280 67 127 214
8.6875 22.0000 1.2820 237 139 113
-15.3125 -6.5000 0.9080 213 91 91
22.0000 24.5000 0.1260 171 147 108
-2.8750 -23.5000 1.3650 251 114 125
6.1875 -10.5000 0.8590 212 167 122
-19.8750 -8.0000 1.4710 235 126 111
13.1875 10.5000 1.0660 225 71 145
7.2500 -10.0000 1.0340 215 174 96
-10.2500 -15.5000 1.4960 236 119 91
-9.5625 -16.5000 1.4820 239 119 91
21.1250 23.5000 0.1210 169 144 93
1.1250 17.0000 1.2150 245 86 146
18.5625 11.5000 0.1120 157 115 173
13.3750 12.0000 1.1240 229 113 127
-21.0625 22.5000 4.7790 84 135 253
-18.2500 19.0000 1.4790 233 124 101
-8.3125 7.0000 4.3150 91 144 234
-18.0000 -5.0000 1.6260 196 188 84
-8.5000 12.5000 4.0700 106 140 241
0.7500 -6.5000 0.7850 194 120 167
2.1875 -18.5000 1.2760 233 124 109
-21.1875 -18.0000 5.4480 85 131 221
13.7500 8.5000 1.0440 220 56 143
10.5000 14.0000 1.2520 217 138 126
-1.4375 -17.5000 1.3000 235 118 111
24.1875 -6.0000 0.3380 179 168 111
-19.1875 -3.0000 1.6730 181 190 79
3.1875 -6.5000 1.0250 211 139 140
-18.0000 1.0000 1.6590 198 178 71
-3.3125 -20.0000 1.4050 246 128 95
-6.3125 -16.5000 1.4160 245 103 105
21.6250 -12.0000 0.1330 173 181 82
-23.4375 -25.0000 4.2360 119 117 238
9.8750 16.5000 0.9010 214 99 187
19.9375 -18.0000 0.1070 176 151 58
1.4375 16.5000 1.2030 243 95 155
20.0625 -20.0000 0.1190 197 173 50
11.4375 18.5000 1.1810 227 173 65
17.4375 6.0000 1.0010 212 83 172
-4.3125 -11.0000 0.1370 154 132 169
-16.2500 0.0000 1.4200 203 160 73
-23.5000 -6.5000 1.4840 230 103 99
-1.2500 22.5000 1.3440 254 125 126
-14.6875 13.5000 1.4390 233 107 98
24.2500 -17.0000 0.1090 184 186 63
-15.5000 -7.0000 1.6010 200 185 59
17.8125 15.5000 1.9650 160 254 79
-17.0625 -2.5000 0.1200 154 87 190
14.7500 -18.0000 0.1170 179 170 86
9.1250 -25.0000 1.0800 220 116 122
7.3125 5.0000 4.8830 71 128 235
-1.8125 12.5000 5.3470 72 137 230
-19.1875 -17.5000 5.8220 71 123 220
11.3750 13.5000 1.1420 222 112 138
-13.0625 -16.0000 5.4770 92 109 239
9.2500 -21.5000 1.0570 233 112 139
9.3125 11.0000 1.1480 232 86 140
-23.3750 -23.0000 1.3910 246 100 97
-18.2500 -24.5000 1.4270 237 126 74
8.0000 -20.0000 1.1020 205 143 120
5.7500 -2.5000 4.5040 89 147 242
-5.5000 -19.5000 5.3090 83 110 254
18.8125 -18.0000 0.1110 190 141 66
-23.1875 9.5000 1.5360 207 173 78
24.8750 22.0000 0.1090 181 131 83
16.5625 2.5000 0.9650 234 65 179
15.3750 -2.0000 0.9880 230 112 185
-4.0625 -0.5000 1.2660 226 105 123
10.1875 12.5000 1.2300 236 125 121
-9.6875 -13.0000 1.4720 235 124 76
-23.6875 -2.5000 1.5560 215 125 118
-12.0625 -4.0000 0.1130 162 142 111
-12.0000 -15.0000 5.1100 104 108 229
-5.3125 -1.5000 1.1820 219 137 117
0.0625 -23.5000 1.3860 250 112 133
-18.5625 -0.5000 1.6720 180 185 81
17.3125 16.5000 0.1310 170 125 165
-12.0000 -14.5000 1.6380 228 146 81
3.2500 -2.0000 1.5700 206 185 88
-14.5625 -17.5000 6.0410 76 102 210
-16.5000 -22.5000 1.5380 224 163 83
-20.3125 11.5000 1.3460 234 106 114
-9.3750 -18.0000 5.4520 91 96 236
-19.7500 15.5000 1.3990 226 99 99
16.0000 10.5000 1.1090 224 115 140
11.8750 10.0000 1.1360 229 80 133
-23.5625 21.5000 1.4590 233 135 93
10.9375 14.0000 1.1910 216 128 135
8.8750 9.0000 4.9490 76 143 254
9.6875 -14.5000 0.0660 191 106 137
-23.7500 -14.0000 1.3220 244 83 120
5.3125 6.0000 5.3260 70 131 237
-18.4375 -14.0000 5.6680 88 103 224
8.8750 4.0000 4.5320 67 149 244
8.6875 -25.0000 1.1200 220 106 108
-11.3750 2.5000 1.2130 232 117 89
-4.8125 -17.0000 1.3770 242 90 112
-24.1875 -13.5000 1.3410 237 84 123
-9.1250 5.0000 1.4040 226 124 81
17.8125 0.0000 1.0320 220 147 186
-15.6875 7.5000 1.5020 234 134 74
-24.1875 -16.5000 1.4310 223 118 105
17.0000 -6.0000 0.1780 172 126 207
11.1250 8.0000 4.4690 72 148 254
14.2500 5.0000 3.6660 93 169 253
-1.1875 -24.0000 1.3630 238 106 138
-22.6250 6.0000 0.2080 164 88 146
-16.0000 -16.0000 5.8600 77 108 226
-15.1250 -21.5000 5.4630 85 119 233
-20.0000 7.0000 1.6310 196 175 96
-18.1250 -4.0000 1.3490 224 135 79
15.8750 -6.0000 0.7010 205 115 195
22.0000 24.0000 0.1170 175 143 113
-18.0000 -10.5000 1.5130 239 133 100
-4.0625 -15.0000 1.2590 233 116 129
-18.0625 -16.0000 6.0340 70 107 221
-8.1250 -15.0000 1.3980 238 105 93
-23.5000 3.5000 0.2020 156 93 146
9.0000 -8.0000 0.9680 231 116 159
-22.4375 14.5000 1.4500 234 133 93
13.0625 14.0000 0.5240 186 108 187
-21.6250 6.5000 0.8850 206 126 129
23.5625 -21.5000 0.1150 189 173 51
8.1875 -24.0000 1.3260 227 128 73
2.8750 -6.5000 1.0130 210 138 143
16.8125 15.5000 0.2250 184 119 180
-4.1250 -24.5000 1.3980 227 97 125
18.6250 24.0000 0.1140 155 147 121
-11.1875 22.5000 2.2250 160 213 208
10.3750 9.0000 4.6930 77 144 254
-4.4375 -23.0000 5.9100 81 99 254
-17.3125 -19.5000 5.5450 88 121 217
-15.6875 -1.5000 0.1120 157 112 177
-13.9375 -6.0000 0.1410 151 119 146
-11.3750 17.0000 1.3890 230 104 114
2.2500 10.0000 6.1750 59 121 239
4.0000 -2.5000 1.2870 233 114 97
15.2500 -20.5000 0.1200 182 150 94
16.2500 20.0000 6.1320 47 254 138
11.4375 5.5000 4.2220 78 154 254
-18.5625 -14.0000 5.6410 88 104 225
19.6875 7.0000 0.9970 213 103 163
3.5000 -9.0000 0.6730 186 127 169
-13.9375 -5.0000 0.1140 153 151 117
-1.0625 -13.5000 0.6240 191 170 152
24.5000 18.0000 0.1100 159 169 91
24.7500 4.0000 0.1200 153 126 124
-20.5000 21.0000 1.5630 212 137 93
-18.8125 -20.5000 5.1250 91 132 225
-17.8125 15.0000 1.4230 228 104 95
-22.4375 3.5000 0.2520 165 83 142
7.1875 18.0000 1.4670 225 168 105
15.4375 -24.0000 0.1430 162 177 109
6.1250 -18.0000 1.2240 205 182 61
15.4375 -2.0000 1.0070 232 113 180
8.3750 24.0000 5.8770 76 162 218
5.2500 23.5000 1.2940 237 143 124
-17.1250 -0.5000 1.9520 154 232 119
14.8750 -19.0000 0.1200 182 159 96
13.5000 -7.5000 1.0770 241 118 144
-4.8750 11.0000 4.5050 103 138 224
-24.1875 -21.0000 1.3740 239 104 116
0.1875 10.5000 5.9390 62 136 224
-2.6875 23.0000 1.3540 248 108 130
-1.1250 10.0000 5.7630 67 138 228
-14.2500 3.5000 1.5570 205 159 87
6.7500 10.5000 1.2260 234 81 93
-2.4375 23.0000 1.3640 247 110 129
-18.4375 -24.0000 1.4280 243 131 71
16.8750 14.0000 0.1130 163 121 171
-8.8750 0.0000 1.0530 218 129 137
5.8125 -24.5000 1.2060 229 76 113
12.8750 -21.0000 0.1250 160 140 149
-2.9375 -12.0000 0.1190 160 129 153
2.8125 -14.5000 0.1900 155 132 157
-4.2500 -18.0000 1.3800 243 103 101
-23.6875 -13.0000 1.3290 240 78 109
-7.7500 -7.5000 0.1260 145 139 136
-22.1250 24.0000 4.9460 93 136 249
-0.6250 3.0000 6.0900 51 119 232
-7.8125 -8.0000 0.1110 142 123 127
7.0000 8.5000 5.2550 82 121 235
-3.0625 21.0000 1.3500 252 115 124
-22.2500 0.5000 1.6530 193 177 84
9.5000 -24.5000 1.1460 226 123 107
-21.8750 1.0000 1.6590 191 183 85
-2.5000 -20.0000 1.3930 245 128 94
-17.0000 -2.5000 0.1210 154 87 190
24.9375 -8.5000 1.0500 197 217 40
-6.6250 14.5000 1.2680 250 97 128
-4.0625 -21.0000 5.3720 91 124 252
24.3125 -6.0000 0.3100 175 169 109
10.1875 15.0000 1.2230 229 134 124
15.8125 -11.5000 0.1100 154 143 136
-4.5625 -13.5000 1.2590 225 164 68
-5.3125 22.0000 1.3560 254 98 126
-2.4375 13.5000 5.1280 74 138 241
1.3125 -23.0000 1.3590 252 102 139
-1.8125 6.5000 5.9760 63 142 203
-10.3750 -1.5000 0.1250 154 129 131
23.5625 12.0000 0.1260 176 147 142
3.9375 -5.5000 0.9920 233 98 157
-13.9375 -1.0000 0.1240 153 116 139
17.8125 20.5000 0.1110 164 151 153
-5.4375 -6.5000 0.1250 165 116 120
-15.1250 8.5000 1.5060 222 127 85
16.3750 -7.0000 0.1640 175 124 185
17.6875 15.0000 0.9950 211 210 70
-2.9375 -4.5000 0.9790 216 154 146
-11.6250 -0.5000 0.1520 160 140 140
19.5000 -13.5000 0.1130 186 162 84
1.9375 -25.5000 1.3170 234 89 129
16.6875 17.5000 0.6160 190 189 124
-5.0000 -0.5000 1.2170 228 98 120
9.3750 0.5000 4.1600 81 150 247
4.6875 18.0000 2.2530 154 226 198
16.3125 -11.0000 0.1070 153 142 135
-14.3125 0.5000 0.1140 157 112 160
22.5625 21.5000 0.1180 196 135 120
11.3750 23.5000 0.1290 146 89 215
-7.0000 -5.5000 0.1120 168 109 128
16.0000 8.0000 1.0370 220 78 164
-19.6250 4.5000 1.6350 202 167 81
24.6250 22.0000 0.1130 184 130 89
-2.2500 -13.0000 0.3870 182 109 165
-8.6250 23.5000 1.4080 239 102 120
17.1875 -7.5000 0.1180 169 132 181
19.3125 16.0000 0.1180 174 126 131
22.1875 -1.5000 0.1040 156 144 177
-13.1250 -19.5000 6.0290 71 93 227
3.4375 19.0000 3.4830 118 182 254
-0.1250 -7.0000 0.8210 203 165 124
-8.3750 -4.0000 0.1230 150 139 121
-11.1875 -3.5000 0.1250 169 126 117
-6.4375 12.5000 4.3150 99 151 242
-10.3750 17.0000 1.3760 238 87 112
7.0625 -23.5000 1.3290 231 103 95
-0.0625 5.0000 6.1460 49 117 232
-16.6875 -23.5000 1.5980 209 163 78
22.8750 -13.5000 4.9350 71 254 104
-3.1875 -21.5000 2.5000 144 219 231
17.9375 -3.5000 0.3080 172 105 219
-24.1875 16.0000 1.4200 225 118 119
7.1250 -18.5000 1.0380 217 166 112
10.6250 -23.5000 0.9340 212 118 131
6.2500 11.5000 1.2250 241 82 119
20.4375 -12.0000 1.8680 154 254 10
2.7500 -1.5000 5.1220 81 136 253
5.1250 16.5000 1.1680 234 76 161
23.2500 -5.5000 0.3730 188 181 134
-9.3125 7.0000 4.2460 91 151 241
13.4375 -3.5000 0.9500 226 81 179
-13.9375 18.5000 1.4760 226 134 119
-6.4375 15.5000 1.2620 254 84 118
15.0625 12.0000 0.9660 224 150 143
-1.3750 5.0000 6.2390 57 128 211
-19.8125 -12.0000 5.4740 84 110 235
15.4375 9.5000 1.0300 223 95 154
12.2500 -24.0000 0.1050 150 138 159
-21.6250 16.0000 1.3660 243 120 94
-14.1250 3.5000 1.5370 207 157 85
-3.3750 15.5000 1.2360 246 80 114
-21.6250 -9.5000 1.4040 236 108 105
5.0625 -21.0000 1.2200 233 95 124
20.3125 -15.0000 0.1030 171 175 56
-11.7500 19.0000 1.3910 240 108 117
16.0625 -1.5000 1.0010 229 120 179
-23.7500 -9.5000 1.3780 239 95 112
22.8125 4.5000 0.1270 156 111 190
1.3125 2.0000 5.6710 69 130 210
-11.2500 6.0000 4.0940 96 144 235
-12.0000 10.0000 1.5610 218 163 82
-10.9375 8.5000 3.9910 101 147 239
3.1875 -15.5000 1.2070 220 171 77
8.1875 10.0000 1.1960 235 94 128
-15.3125 5.0000 1.5300 218 144 82
8.4375 -2.0000 4.0880 92 157 254
13.4375 -1.5000 0.9640 212 91 192
1.8125 -21.5000 1.3320 253 98 149
23.4375 -25.0000 0.1040 187 168 23
21.1250 23.0000 0.1190 179 148 127
5.8750 -1.0000 4.6300 89 144 240
-23.3125 -22.5000 1.4200 244 110 94
-5.4375 15.0000 1.2610 254 84 115
18.0625 -10.5000 0.1070 168 162 139
-2.1250 15.0000 1.2720 239 92 106
16.6250 -13.0000 0.0980 163 132 88
3.5000 12.5000 1.3770 233 144 115
21.5625 22.5000 0.1170 187 144 130
-21.0625 -20.0000 1.5500 230 170 67
-14.7500 -13.0000 1.6380 225 144 93
-12.3125 14.0000 1.4050 242 106 123
-15.3125 -15.0000 5.4950 92 100 232
5.8125 9.5000 5.5350 75 125 237
5.6875 2.5000 4.9420 68 121 233
-3.0000 11.0000 5.2570 75 132 229
24.4375 -16.5000 0.1140 179 158 76
-22.7500 -1.5000 1.5870 211 147 95
3.6250 -19.0000 1.2450 250 89 138
-5.9375 -10.5000 0.8640 197 146 99
11.3125 -11.5000 0.9580 216 154 152
22.6250 1.5000 0.1170 151 117 173
21.5000 13.0000 0.1190 191 111 175
10.9375 -25.0000 0.1610 161 106 184
-12.7500 8.5000 3.7730 103 148 246
-18.1875 -8.5000 1.4720 240 124 101
19.8750 -8.0000 0.3860 182 190 131
24.9375 -23.5000 0.1160 185 176 25
-16.1250 -9.0000 1.5030 218 152 59
-6.2500 12.5000 4.3230 99 152 242
-19.6250 0.5000 1.7290 191 177 85
23.3125 21.5000 0.1190 195 131 108
23.8125 6.5000 0.1220 159 103 165
14.3750 3.0000 1.1380 225 85 147
12.9375 24.0000 0.3670 159 119 175
4.4375 13.5000 1.1540 235 90 156
-10.7500 -15.5000 1.5080 238 118 101
11.2500 -4.0000 0.9790 231 93 174
-10.3125 6.5000 4.1480 96 153 237
7.1250 -12.0000 0.1230 167 102 180
-3.7500 -1.5000 1.2340 237 103 144
22.0000 -19.0000 0.1330 195 163 71
21.3125 5.0000 0.9440 203 160 103
23.2500 -22.0000 0.1170 195 169 54
-22.2500 7.0000 0.8760 203 123 130
-7.0000 8.5000 4.3990 94 149 236
18.3125 -3.0000 0.2050 169 107 206
-2.2500 17.0000 1.2850 242 84 117
-10.6250 -1.0000 0.2410 166 144 131
4.1875 -17.5000 1.2450 227 173 75
-24.8750 -18.5000 1.5140 217 141 105
19.5000 6.0000 1.0610 220 104 148
13.8750 3.0000 3.6090 110 145 254
-13.7500 20.5000 1.8990 190 208 167
23.5625 19.0000 0.1240 163 145 101
-20.0625 -2.5000 1.6560 189 183 81
-4.8125 2.5000 5.8230 69 112 228
12.3750 13.5000 1.1040 227 111 137
8.9375 13.0000 1.1510 242 106 144
-5.3750 -7.0000 0.1210 158 128 116
-15.3125 -10.0000 1.5190 233 124 80
-20.5000 -13.0000 5.7100 83 116 224
4.5625 -5.0000 1.0580 233 104 145
3.1250 14.0000 1.1930 237 95 157
-24.6875 10.0000 1.3870 214 129 104
11.8125 -21.0000 0.3110 173 159 169
-19.0000 -4.0000 1.6800 186 193 102
-23.0625 19.0000 1.4380 234 112 106
12.3125 -1.0000 0.9220 209 87 204
5.2500 7.5000 5.4840 70 122 236
14.9375 19.5000 0.6080 186 206 110
13.3750 12.0000 1.0860 228 107 133
-3.5625 4.0000 5.8560 62 123 230
-9.7500 12.0000 1.5540 221 152 89
0.0000 -7.5000 0.7100 198 166 139
-6.5000 -10.0000 0.4270 160 129 157
17.2500 -20.5000 0.0990 186 145 61
19.6250 -11.0000 0.1260 174 172 125
-9.6875 22.5000 3.9650 116 121 254
-23.8750 -9.0000 1.4280 234 104 111
0.4375 10.0000 6.0530 59 136 221
-9.8125 15.0000 1.3930 239 96 93
20.2500 1.0000 0.3120 172 102 207
0.4375 -18.5000 1.3210 246 112 110
-14.6250 -3.5000 0.1210 142 111 153
7.3750 -9.5000 1.0100 222 128 109
15.2500 21.0000 0.1150 179 139 143
3.8125 22.5000 1.2990 243 130 112
-4.0000 4.0000 5.7590 65 123 231
-17.1875 -2.0000 0.1440 168 78 190
-11.0625 -20.0000 6.0470 77 85 218
19.8750 5.5000 1.1820 225 110 108
18.0000 0.5000 0.9750 225 119 177
-0.3125 -20.5000 3.3590 128 189 254
21.5625 7.5000 0.8700 213 160 93
23.1875 10.0000 0.1190 183 108 168
-16.1875 0.5000 1.4970 197 175 71
20.6875 15.5000 0.1110 169 156 157
25.0000 -19.0000 0.1060 187 183 44
10.4375 -3.5000 3.6080 114 164 254
20.3750 -18.5000 0.1220 187 176 86
-16.8750 -24.0000 1.4660 220 136 72
14.5625 23.5000 0.1630 162 118 141
-5.1250 -13.5000 1.2510 243 120 93
-4.3125 11.5000 4.5660 83 156 236
1.1875 21.5000 1.3640 246 139 110
-6.4375 0.5000 1.2290 233 97 107
-7.9375 -5.0000 0.1060 151 131 108
10.0625 -7.0000 0.9550 229 117 160
18.8750 -11.5000 1.9780 159 254 39
-14.3750 5.5000 1.5440 226 145 78
24.4375 -24.5000 0.1330 184 175 18
-9.7500 -21.5000 6.0450 74 97 225
23.0000 2.5000 0.1200 165 141 151
-4.5625 -23.0000 5.9400 80 99 254
-9.0625 -15.0000 1.4130 242 109 74
0.1250 21.5000 1.3380 254 133 114
-24.8750 3.5000 0.2550 150 101 172
-15.5625 16.5000 1.4570 221 120 109
8.0625 -20.5000 1.0500 202 156 143
-6.8750 -10.5000 0.6560 177 136 139
12.1250 -8.5000 1.0660 237 119 145
-4.1250 -6.5000 0.1270 154 88 143
-20.6875 -2.5000 1.6600 202 160 102
-20.6875 -16.0000 5.8480 75 113 217
-12.2500 -24.5000 1.4690 217 128 80
5.5000 -11.5000 0.1150 167 87 185
14.5625 -2.0000 0.9500 223 107 200
-10.0625 -1.0000 0.8170 185 173 132
7.8750 3.0000 4.6240 74 136 248
20.5000 21.0000 0.1140 162 181 143
-15.1875 -11.0000 1.4870 242 117 75
-1.5625 -10.0000 0.1210 161 126 121
-18.7500 -22.0000 1.5650 226 170 68
-19.6250 -10.0000 2.3100 163 183 210
-5.4375 24.5000 1.3350 242 94 148
-5.1250 7.5000 5.1770 80 121 220
22.8750 6.5000 0.5830 200 166 142
-8.6250 20.5000 1.3510 253 86 120
19.9375 -15.5000 0.1140 174 174 57
16.4375 -10.5000 0.1270 154 143 141
-19.1250 -11.0000 1.4850 241 134 101
-22.5625 -24.0000 1.3870 249 99 92
20.3750 24.5000 0.1100 165 148 98
5.4375 9.5000 5.6100 76 124 235
-5.7500 -8.0000 0.1190 159 128 118
-2.4375 -24.0000 1.3700 246 113 126
-8.0000 22.5000 1.4030 248 111 126
-12.5000 7.5000 1.9370 177 201 133
11.1250 -4.5000 0.9920 223 92 187
2.1875 -17.5000 1.2720 228 169 79
-20.3750 -20.0000 2.2510 167 226 176
13.4375 2.0000 1.4730 197 163 101
-6.5000 16.5000 1.3390 254 99 117
19.3125 0.5000 0.6800 190 115 213
-3.0000 1.0000 1.2500 234 97 116
6.1875 -1.5000 4.4920 89 147 245
-1.7500 21.0000 1.3030 248 107 125
-24.0000 -25.0000 4.2160 123 113 234
-15.6250 -19.0000 5.9350 76 111 212
-12.8125 6.5000 1.6730 212 173 98
-22.2500 -5.0000 1.5510 219 131 103
14.9375 5.0000 3.5980 110 182 254
7.1250 20.0000 1.3000 236 128 119
-5.9375 20.0000 1.3630 251 102 136
-6.5000 24.0000 1.3640 237 95 143
-12.8125 5.0000 1.3350 242 114 105
15.7500 12.0000 0.8450 214 142 164
-13.5625 -12.0000 1.5260 240 131 91
15.5000 -16.5000 0.1230 200 169 81
-6.3750 -14.5000 1.3090 247 117 93
25.0000 -8.5000 1.0540 198 217 39
0.2500 -10.0000 0.1150 162 126 122
4.8750 20.5000 2.7750 135 235 254
8.3750 11.0000 1.1110 232 104 154
-13.7500 24.0000 1.7400 207 174 130
-4.1875 -19.0000 1.4120 240 122 107
14.9375 1.5000 0.9580 222 78 196
16.1250 10.5000 1.0720 221 111 145
-20.9375 -8.0000 1.4250 233 86 105
-7.7500 -19.5000 5.5560 84 102 227
15.6250 19.5000 0.5110 187 202 111
-19.3750 -8.5000 1.4630 239 124 107
-16.0625 13.5000 1.4210 236 108 105
-1.1875 16.0000 1.2280 245 80 140
-10.3750 21.0000 1.5880 217 161 121
-1.2500 -0.5000 1.2530 227 105 121
11.3750 5.5000 4.2300 77 154 254
12.9375 -13.5000 0.1240 171 124 147
-16.5000 16.0000 1.4530 221 121 111
-13.6875 -9.5000 1.5460 208 161 78
-17.5000 -8.5000 1.4860 227 136 96
22.0000 6.5000 0.9040 215 164 82
13.3750 22.5000 0.1710 162 93 179
20.1875 -4.0000 0.8640 218 226 80
-12.2500 -16.0000 5.3120 93 110 240
-22.7500 -2.0000 1.5750 213 146 94
-22.0625 -18.0000 5.2800 81 122 220
-15.6250 17.0000 1.4260 220 109 116
-1.5625 9.0000 5.7650 74 129 215
-5.3125 4.0000 5.5270 67 129 231
13.7500 18.5000 0.1180 163 109 165
-16.9375 -14.0000 5.4340 94 102 236
-24.5625 -25.0000 4.2700 127 108 226
17.5625 19.0000 0.4160 170 193 136
-9.3750 3.5000 1.1910 244 85 111
-10.5625 -22.5000 5.7180 82 101 229
-7.8750 -6.0000 0.1150 152 106 119
-24.1875 21.0000 1.4450 235 120 115
-18.5000 -13.5000 5.5180 89 104 229
24.5000 -1.0000 0.1290 161 167 109
-20.8125 18.0000 1.4540 236 118 98
0.2500 -2.5000 1.1800 243 99 135
-23.5000 -16.0000 4.8610 95 121 232
-20.3125 23.0000 4.8850 93 142 243
22.0000 7.5000 0.7370 208 161 115
-15.3750 20.5000 3.7360 120 156 254
-13.7500 -14.0000 1.7730 209 160 115
-23.4375 14.0000 1.4160 234 119 105
-5.5000 -7.0000 0.1070 157 127 115
-7.6250 14.0000 4.0970 109 140 244
-23.7500 -23.5000 1.3780 240 94 104
21.9375 -18.0000 0.1140 180 163 95
0.4375 18.0000 1.2230 251 93 141
9.9375 -19.0000 0.1180 173 113 173
-19.1875 -16.5000 5.9560 67 116 225
-17.6250 12.5000 1.3920 240 109 102
-4.5625 -7.5000 0.1120 166 113 114
20.3125 -17.5000 0.1510 177 162 92
21.7500 -22.5000 0.1100 196 165 60
-12.9375 11.0000 1.4160 233 116 95
-1.8750 -19.5000 1.3740 243 124 98
6.6250 22.5000 1.3100 244 135 110
3.4375 -20.0000 1.2630 254 88 131
-12.7500 -23.0000 5.4130 87 120 231
-21.3125 15.5000 1.3510 245 116 93
-17.9375 -11.0000 1.6240 224 148 101
22.1875 3.5000 0.1210 155 111 196
-4.6250 -15.5000 1.3080 238 99 135
17.9375 23.5000 0.1140 169 146 128
24.6875 -7.5000 0.1290 164 152 103
-24.0625 14.5000 1.4240 229 117 112
-23.6250 -18.5000 1.6140 211 168 95
4.0000 -15.5000 1.2070 203 188 69
22.8125 13.0000 0.1370 191 112 163
-3.0000 12.5000 5.1410 72 141 242
20.6875 15.0000 6.1600 43 254 129
16.0000 18.5000 0.6110 191 206 101
-21.3750 -11.5000 1.4540 232 124 91
21.7500 11.0000 0.1210 178 106 187
16.7500 -18.0000 0.1180 196 175 75
19.3750 -23.0000 0.1210 193 164 73
6.8125 -9.5000 0.9120 211 168 116
-3.1250 -16.5000 1.2970 249 99 108
19.0625 1.5000 0.9870 229 125 169
7.6875 10.0000 1.1800 230 75 93
-12.1875 -0.5000 0.1230 161 139 143
-24.9375 1.0000 3.4110 107 194 249
18.1875 17.0000 0.2160 181 145 151
-23.3125 -13.0000 1.3840 238 94 102
0.0000 23.0000 1.2960 251 118 127
-9.0000 19.0000 1.3520 242 90 127
15.1875 0.5000 1.0380 227 95 172
11.7500 -3.5000 1.0010 219 92 190
3.7500 14.5000 1.1920 246 87 152
10.5000 -9.5000 1.5900 188 208 116
11.5000 4.5000 4.1130 82 150 254
11.1875 -20.0000 0.1080 160 125 173
-2.3125 13.5000 5.1640 74 137 238
20.4375 10.5000 0.1170 164 101 191
-3.6875 19.0000 1.2790 250 84 133
-11.0625 6.5000 4.0910 95 145 238
-8.6250 -2.0000 0.7640 187 178 121
-18.8125 -11.0000 5.1320 84 111 254
-17.8750 -11.5000 1.6220 225 147 100
-5.7500 -16.5000 1.4080 245 100 107
-4.7500 17.0000 1.2780 246 79 133
21.9375 -9.5000 4.6680 66 254 141
18.0000 -5.5000 0.8240 198 168 147
-12.5000 -20.5000 5.9060 74 99 223
0.3125 -10.5000 0.1520 165 135 126
0.0625 16.5000 1.2360 247 85 134
20.0000 -19.0000 0.1160 194 173 57
-7.8125 -0.5000 1.1740 217 127 93
13.0000 13.0000 1.1290 230 116 128
4.5000 -7.5000 1.1360 213 161 110
-21.7500 7.0000 0.9690 211 128 120
-4.0625 -10.5000 0.1130 154 128 170
-24.8750 7.5000 0.1990 147 108 166
4.6875 3.0000 5.1930 64 118 233
5.9375 -19.5000 1.2850 229 153 82
-18.3125 -19.5000 5.3970 85 128 227
-11.6875 19.0000 9.7300 53 60 205
-6.5000 -3.0000 0.5750 174 124 176
4.5000 4.0000 5.3430 64 129 220
-16.5625 -22.5000 3.9800 128 143 250
18.7500 11.0000 0.2290 161 106 197
14.0625 8.5000 1.0270 215 80 186
-19.6250 -10.5000 5.1330 86 111 254
7.1875 24.0000 1.2720 228 125 133
10.1250 23.0000 1.2960 224 146 105
-17.3750 -14.0000 5.5610 95 100 219
3.0000 -24.5000 1.2750 239 78 134
-0.1875 -14.5000 1.2270 218 183 86
10.3750 -14.0000 0.1220 192 114 148
-5.3750 21.0000 1.3550 254 96 123
-7.8750 9.5000 4.2580 107 138 233
6.9375 -13.0000 0.1190 160 120 154
5.5000 21.0000 1.3040 243 137 109
-19.5625 16.0000 1.4220 224 106 100
22.8750 -23.0000 0.1370 197 169 51
24.5000 -22.5000 0.1130 189 173 37
-12.5000 -25.0000 1.5220 207 136 85
-18.9375 -5.5000 1.5160 214 163 78
-2.8750 3.0000 6.1180 60 122 221
0.1875 -6.0000 0.9120 210 103 160
3.4375 -8.0000 0.8690 209 133 155
-2.0625 5.5000 6.0250 68 127 214
18.8125 13.0000 0.1170 158 114 181
-13.2500 -3.0000 0.1200 162 133 119
3.3750 4.5000 5.5350 57 128 229
20.3750 -15.5000 0.0960 178 170 87
14.1875 18.5000 0.1720 170 126 155
-10.1250 10.0000 4.0170 102 150 242
4.7500 11.5000 5.8820 69 123 236
-2.9375 -25.0000 1.3840 234 110 131
-8.3125 -3.0000 0.6130 168 195 107
20.2500 6.0000 1.0550 217 127 89
8.5000 -17.0000 0.1730 165 182 110
14.4375 -5.0000 0.9890 232 111 152
-4.5000 -12.5000 0.8060 183 157 120
-3.1875 -2.5000 1.1780 242 98 145
21.6875 11.5000 0.1120 192 104 166
3.1250 -24.5000 1.2710 238 78 133
6.8750 -12.0000 0.1290 168 104 181
-19.8125 2.5000 1.6610 199 174 90
-6.8750 1.5000 1.2080 230 90 116
6.6875 -22.5000 1.2090 238 79 109
-14.6875 18.0000 1.4060 241 112 103
-17.8750 22.0000 3.6870 119 152 254
12.1875 -4.5000 0.9970 233 89 180
-0.7500 5.0000 6.2330 52 129 219
-1.6250 23.5000 1.3640 247 121 131
12.2500 -9.0000 1.1240 237 125 133
20.5000 14.0000 0.1360 174 139 153
23.3125 -24.5000 0.1260 190 171 29
-9.5000 -3.5000 0.1200 149 143 128
-23.9375 1.5000 1.9590 153 204 152
-22.6250 22.5000 1.6690 210 191 103
-7.0625 -1.0000 1.1380 213 130 124
14.8750 -8.5000 0.6780 209 115 183
-7.4375 11.5000 4.2100 102 142 242
9.2500 -23.0000 1.2330 239 129 88
-3.6250 13.5000 1.2440 239 73 98
-9.1250 -15.5000 1.4270 240 101 98
-16.5000 -2.5000 0.1240 155 112 179
20.3750 -7.5000 0.7190 190 219 116
-19.9375 24.0000 5.0230 95 139 240
-16.9375 7.5000 1.5160 228 133 84
18.1875 -22.0000 0.1250 188 171 84
-20.0625 11.5000 1.3240 237 102 113
1.8750 13.5000 1.2360 236 102 153
-14.8750 24.5000 1.7670 202 172 138
24.9375 5.5000 0.1120 153 131 133
-24.3125 10.0000 1.3760 217 127 101
-17.0625 -23.5000 1.5240 216 150 74
-15.1250 3.5000 1.5880 214 164 76
13.1875 17.0000 0.1330 165 130 173
-15.0000 15.0000 1.4240 228 110 104
-22.5000 -2.5000 1.5920 212 153 95
-23.0000 -11.0000 1.4110 234 111 102
-22.5000 -7.5000 1.4640 232 100 102
2.0625 13.0000 6.1270 69 131 242
-13.7500 5.0000 1.4320 235 129 99
-11.1250 17.5000 1.3870 227 101 115
-10.8750 -17.5000 5.5210 93 90 230
-3.4375 -8.5000 0.1290 153 117 137
-21.6250 -17.0000 5.5960 71 123 226
-16.1875 20.0000 1.5500 231 156 113
-20.0000 12.0000 1.2960 244 88 96
-17.4375 -9.5000 1.4990 227 131 96
-3.4375 2.5000 6.0410 56 116 226
-21.7500 12.0000 1.4550 239 140 86
-18.2500 -25.0000 1.4360 218 116 86
-7.5000 -13.5000 1.3310 237 122 92
-23.8125 -5.0000 1.5300 213 118 118
-12.1250 -18.5000 5.8420 76 92 226
9.7500 -20.5000 0.9900 216 172 110
15.2500 -18.5000 0.1210 184 161 92
14.3750 -11.5000 0.1100 158 123 175
2.1875 7.5000 5.9600 60 122 236
-14.1875 24.0000 1.7310 207 172 129
6.5000 16.0000 1.2790 237 115 133
16.5625 -14.5000 0.1190 172 142 73
14.3125 24.5000 0.1710 159 117 145
9.3125 8.5000 4.8680 78 142 252
-5.3750 18.0000 1.3090 254 92 136
18.0625 11.0000 0.5190 186 135 186
6.1250 23.0000 1.2870 241 130 120
-22.1250 11.0000 1.4620 222 150 82
5.0000 -11.0000 0.2970 174 114 184
-18.6250 7.0000 1.5570 212 163 81
1.2500 15.0000 1.2020 245 86 136
-9.3125 11.5000 4.0340 106 143 238
15.6875 24.0000 0.1130 165 125 125
1.6250 7.5000 6.0620 60 130 220
-20.3125 23.0000 1.7870 207 209 128
4.8125 -22.0000 1.3270 233 100 120
-2.4375 -25.5000 1.3740 227 104 147
14.9375 -7.0000 0.9250 226 109 149
-13.6875 -7.5000 0.9870 203 161 81
13.4375 15.0000 0.1120 173 102 181
-12.8125 7.5000 1.5850 218 164 89
1.6250 -6.5000 0.8580 197 119 152
-3.0625 -7.5000 0.1330 154 115 150
2.5625 21.5000 1.3360 245 137 108
7.5625 17.0000 1.3870 224 153 121
-19.6250 -8.5000 1.4460 239 119 110
-3.6875 -20.5000 5.2940 93 117 246
22.4375 -8.0000 0.7800 213 202 93
12.6250 -22.5000 0.1790 155 138 171
-1.6250 19.0000 1.2650 245 116 154
-18.3750 7.5000 1.5200 216 151 82
-13.1250 0.0000 0.1450 152 118 150
-16.8750 -23.0000 1.5330 223 159 87
-13.4375 -13.5000 1.7220 216 157 103
15.1250 -21.0000 0.1410 168 169 113
-12.0625 0.0000 0.7140 176 142 135
20.7500 6.5000 0.9690 215 161 88
1.4375 -6.0000 0.8770 199 112 155
-15.6250 -9.5000 1.4950 233 116 86
-4.5625 -17.5000 1.3530 241 89 100
-3.9375 -23.0000 5.8700 79 118 242
-0.4375 -4.5000 1.0740 230 106 140
-5.1875 -6.0000 0.1140 167 112 126
-10.6875 -15.0000 1.5060 233 120 95
6.3125 -24.0000 1.2360 235 82 104
7.7500 0.5000 4.3980 81 147 245
-1.4375 23.5000 1.3610 247 122 131
22.1875 19.0000 6.3880 52 252 91
-14.0625 6.5000 1.4880 231 133 82
-21.8125 19.5000 1.4420 235 113 98
-6.8125 10.5000 4.3410 98 142 235
15.3750 8.5000 1.0600 222 89 173
-6.5000 -14.0000 1.3310 246 124 88
21.6250 -18.0000 0.1050 179 147 97
7.8125 13.0000 1.1550 245 91 142
-2.5000 22.0000 1.3530 253 113 123
-1.8750 11.5000 5.4190 79 128 226
20.0000 -22.0000 0.1100 189 162 70
1.2500 -3.0000 1.1430 228 95 143
-16.0000 -6.5000 1.3560 209 137 69
-6.1250 -23.5000 6.0790 75 115 236
22.6875 -17.5000 0.1250 184 163 92
5.1250 6.5000 5.4170 70 127 236
-14.0000 -14.0000 1.7520 208 152 109
-22.6875 -22.5000 1.4130 250 110 88
-7.6250 -4.5000 0.1100 172 130 114
-8.6875 -20.0000 5.7180 77 103 230
-15.2500 -24.5000 1.4630 226 142 85
13.3125 10.0000 1.0940 227 76 137
15.1250 -6.0000 1.0280 237 115 133
-8.1875 -16.0000 1.4470 238 105 97
9.1875 -13.5000 0.1470 191 117 163
5.2500 -24.5000 1.2290 227 71 110
-24.0625 -13.0000 1.3340 238 79 112
7.3750 -1.5000 4.3330 94 145 241
10.2500 7.0000 4.5480 71 159 246
2.8125 8.5000 5.9310 55 128 245
15.5625 -19.0000 0.1170 188 157 92
-1.3750 22.5000 1.3280 254 121 128
4.4375 24.0000 1.2770 233 133 127
-16.7500 18.0000 1.4370 222 105 103
20.0625 8.0000 0.9560 218 128 140
17.9375 2.5000 1.1590 231 128 153
-7.3750 18.5000 1.3310 252 94 142
-17.7500 1.5000 1.6790 195 178 75
-20.0000 11.0000 1.3430 236 106 111
1.0625 -16.0000 1.2650 235 135 94
-2.6250 -25.0000 1.3960 227 109 144
16.9375 -20.5000 0.0950 186 145 63
-24.1250 -21.0000 1.3530 241 99 115
-3.3750 -15.5000 1.2510 243 83 126
-23.6875 -4.0000 1.5350 219 124 116
-16.6875 -20.5000 5.4130 92 112 231
8.1250 10.0000 5.1620 80 134 249
-18.3750 8.5000 1.5050 223 137 95
15.5625 4.0000 1.0160 237 73 168
5.0625 -2.0000 4.6640 87 143 241
11.5625 18.0000 1.2130 228 178 61
10.3125 17.0000 0.4790 181 90 224
-10.0625 20.0000 1.3860 245 112 136
-17.3125 -13.5000 5.3710 98 101 222
-3.9375 -14.5000 1.2600 219 155 82
12.8125 -11.0000 0.8930 218 121 162
-14.3125 -0.5000 0.1170 156 118 148
-19.0000 17.5000 1.4340 237 110 101
-5.1875 1.0000 1.1940 229 90 113
0.5625 -12.5000 0.0770 163 91 145
-1.8750 7.5000 5.8570 65 141 205
23.1875 18.0000 0.1960 171 162 111
12.0625 -17.0000 0.1400 177 174 91
-17.0625 23.0000 1.7860 202 196 142
-19.5625 15.0000 1.3790 229 93 98
0.0000 -14.0000 1.2130 221 188 86
-9.8125 -22.0000 5.9620 74 99 228
-0.7500 -10.0000 0.1090 159 126 122
7.8750 -12.0000 0.3530 171 140 193
-4.3125 -22.0000 5.6140 87 116 249
22.3125 -7.5000 0.7750 212 202 99
-6.9375 -15.5000 1.3760 241 91 118
-10.8750 -25.0000 5.1870 97 94 235
-23.5000 -12.0000 1.3770 236 92 105
-24.1875 2.0000 0.2180 158 90 166
-11.7500 18.5000 1.3600 245 100 119
-15.6875 -20.0000 5.6560 80 113 222
-23.8125 15.5000 1.4410 222 133 107
-22.2500 -6.5000 1.4880 233 105 92
4.2500 10.5000 5.8850 61 125 234
8.1250 -24.0000 1.3670 225 134 70
-23.0000 -10.0000 1.4010 234 108 107
3.4375 15.0000 1.1940 254 91 158
19.5000 -14.5000 0.1230 188 164 74
-20.8125 1.0000 1.6630 192 173 87
6.3125 -17.5000 1.2190 208 185 60
-3.1875 -19.5000 1.3910 247 125 97
1.0625 -7.5000 0.6990 196 163 135
-17.8750 -4.5000 1.5680 201 179 80
16.3125 11.5000 0.6250 184 113 199
-19.5000 19.5000 1.5180 223 132 103
13.0625 13.0000 1.1640 229 124 122
-8.1250 10.5000 4.1960 99 145 233
12.0000 12.0000 1.1630 229 115 124
21.0000 -10.5000 0.1350 172 184 92
14.2500 -7.0000 1.0480 241 113 142
-18.8750 22.0000 1.7830 201 196 136
-13.1250 -20.0000 5.9840 72 96 226
19.8750 -14.0000 0.1160 186 164 76
-9.5625 -12.5000 1.4960 229 128 79
18.8750 -24.5000 0.1320 188 166 60
-20.6875 12.0000 1.3640 245 115 91
-12.5000 7.5000 1.8090 191 193 117
4.0625 9.5000 5.8290 61 129 235
6.4375 -18.0000 1.2080 206 181 61
-24.5000 -11.5000 1.3400 231 83 120
-21.0625 -12.5000 5.7060 80 102 230
-16.7500 -5.5000 1.3830 216 148 69
7.8750 -19.5000 1.0520 204 176 118
4.5625 -16.0000 0.0990 144 105 204
-0.2500 -16.5000 1.2720 245 135 94
3.2500 8.0000 5.8470 61 123 237
-14.0625 -9.5000 1.5060 226 137 68
10.5625 -13.0000 0.9790 181 242 115
-24.0625 -17.5000 1.5350 215 143 100
8.6250 -20.5000 1.0450 210 169 112
2.4375 -10.0000 0.1970 160 146 158
-3.3125 1.0000 1.2450 235 95 117
21.8125 19.5000 0.1040 166 155 127
-10.6250 -15.0000 1.5260 231 125 96
-1.8125 15.0000 5.1610 77 127 252
2.8750 15.0000 1.2140 254 95 157
-19.0625 1.5000 1.6760 196 177 75
-23.3750 -0.5000 1.6180 197 167 97
-12.8125 16.0000 1.3980 239 110 120
17.6875 -0.5000 1.0230 218 148 187
6.6875 2.5000 4.7890 75 137 231
-10.0625 -4.5000 0.1250 151 143 127
-9.8750 23.0000 1.6560 203 168 127
-14.8125 -10.0000 1.4930 236 116 79
18.9375 2.5000 1.1590 227 135 132
20.9375 17.0000 0.4240 174 217 132
-22.5625 4.0000 0.2030 163 81 142
-16.1250 2.5000 1.6370 197 173 86
9.1875 5.5000 4.5980 68 155 232
-7.8125 -9.0000 0.2880 151 143 112
-11.9375 7.5000 1.6960 204 181 98
-13.3750 -15.0000 5.2170 95 116 246
17.5625 16.5000 2.0990 161 254 96
24.5625 0.0000 0.1170 161 168 114
-1.1250 -17.5000 1.3280 235 122 106
-24.3125 18.5000 1.4050 223 108 126
-7.6250 -20.0000 5.6320 87 100 247
-5.1250 -7.0000 0.1200 157 128 112
-3.4375 22.0000 1.3720 252 115 126
18.8750 -14.5000 0.1160 188 162 79
17.3125 2.0000 1.0140 227 107 179
-1.1875 13.0000 5.4480 79 140 248
-11.3750 -13.0000 1.4960 239 111 77
-5.0000 3.5000 5.6360 67 128 226
-9.1250 14.0000 1.7770 192 183 123
14.0625 -6.5000 1.5390 216 187 95
23.3750 -1.5000 0.1240 157 151 149
4.0000 14.5000 1.1710 246 81 155
-18.6250 -20.0000 5.2960 86 131 227
-21.3750 -9.0000 1.4170 234 85 102
20.8750 -20.5000 0.1070 191 164 74
-1.4375 -5.5000 0.9130 200 146 138
10.8750 -5.5000 0.9640 215 90 177
2.6250 22.0000 2.0630 178 230 159
7.3125 14.0000 1.1490 235 70 141
-14.4375 24.0000 1.7470 205 174 132
-7.2500 11.0000 4.2810 98 144 238
-21.3125 -13.0000 5.8080 71 103 228
-20.1250 -6.5000 1.4840 220 129 102
0.8750 11.5000 6.0400 73 127 215
18.1250 -23.5000 0.1190 190 168 75
6.5625 -24.5000 1.2900 228 92 101
-6.8750 -1.5000 1.0870 219 127 126
9.1250 -9.5000 1.5450 194 218 106
-20.8125 -24.5000 1.3910 239 109 101
20.3750 -6.0000 0.8080 185 205 120
-16.3750 23.0000 3.8590 119 147 254
-5.6875 6.5000 5.1440 77 123 225
17.1875 21.5000 6.1410 58 250 128
2.0000 4.0000 5.7300 59 124 223
-16.6250 -6.0000 1.3650 204 140 74
23.2500 -8.5000 0.7810 210 204 82
7.7500 4.0000 4.7410 70 133 237
13.1875 -6.0000 1.0350 234 99 160
1.9375 11.0000 6.3150 68 125 228
-11.3750 -10.0000 1.4550 228 142 54
21.9375 14.0000 0.6580 183 244 91
-11.6250 -19.5000 6.0230 72 89 224
-8.2500 -2.5000 0.7740 186 181 112
22.5000 -1.0000 0.1240 155 147 167
-0.6875 -21.0000 1.3720 247 117 117
-14.3125 4.0000 1.4820 221 141 79
-7.0625 17.5000 1.3530 254 101 129
-2.6875 -13.0000 1.1720 219 166 77
-9.8125 -13.5000 1.4780 237 126 74
-2.6250 4.0000 6.0350 59 121 225
0.2500 -17.5000 1.3260 243 142 87
-17.0000 -3.0000 0.0940 152 84 189
24.8750 -8.0000 0.9060 187 209 60
-12.2500 9.5000 3.7640 103 145 243
-15.0625 -14.5000 5.3800 90 102 237
23.8125 20.0000 0.1230 178 140 104
13.1250 15.5000 0.1170 173 104 184
5.0625 21.0000 1.3200 238 141 109
17.3750 -10.5000 0.1200 164 168 142
-18.6250 -4.0000 1.6710 186 194 97
-8.2500 -6.5000 0.1260 144 121 120
16.6875 -10.5000 0.1270 152 145 133
21.8750 -21.5000 0.1210 193 169 62
-3.5000 -4.0000 1.0770 216 160 137
-15.0000 22.0000 3.3410 129 181 254
8.2500 18.5000 1.3060 234 133 119
9.9375 -17.5000 0.1230 173 171 98
14.6250 16.5000 0.1500 172 131 201
22.7500 23.5000 0.1210 181 135 110
18.2500 17.0000 0.4950 189 192 140
-17.3750 19.0000 1.4920 228 124 104
-21.5625 11.5000 1.4690 233 141 87
-6.7500 -23.0000 6.1240 75 113 237
24.5625 -14.0000 0.1150 170 202 55
-20.1250 -12.5000 5.5490 86 109 230
6.7500 -14.5000 0.1380 162 126 142
-12.6875 2.0000 1.3630 210 173 67
-9.0625 22.0000 1.4200 249 113 109
-18.1250 17.0000 1.4710 220 114 103
3.1250 -21.5000 1.2930 248 79 135
-12.8750 -7.5000 0.4280 176 123 137
-23.1875 18.5000 1.4190 238 108 109
12.6875 22.5000 0.1540 159 91 187
17.6875 12.5000 0.1190 155 116 184
-20.5000 -24.5000 1.3770 240 107 97
20.6250 -18.5000 0.1140 187 175 86
3.0625 -16.5000 1.2530 229 176 71
-12.5000 19.0000 3.9250 110 127 254
-13.5000 -15.0000 5.2840 94 115 245
5.5000 -2.0000 4.5970 87 146 243
-22.5625 -13.5000 1.4340 244 124 100
14.8750 19.0000 0.6250 188 206 109
13.8125 7.5000 1.0220 214 63 148
14.6250 -22.5000 0.1180 156 173 127
0.0000 -11.0000 0.1150 166 124 120
-16.6875 7.5000 1.5090 230 132 82
14.1250 20.0000 0.6840 191 219 118
-12.7500 13.0000 1.3510 253 98 121
0.1875 0.0000 5.7080 68 135 225
0.7500 -21.0000 1.3580 247 99 118
-12.7500 -10.5000 1.5050 232 151 59
-12.4375 20.5000 1.7140 215 189 119
14.1875 -16.5000 0.1370 190 183 80
-21.0000 -7.0000 1.4460 229 88 111
-18.7500 -6.5000 1.4810 230 128 107
14.8125 -6.5000 0.9930 237 113 158
-16.1250 -17.0000 6.0040 73 106 221
17.1250 -8.0000 0.1210 170 131 163
23.8125 -19.5000 0.1020 195 163 50
4.6250 16.0000 1.1680 247 88 164
24.7500 -2.5000 0.1230 160 181 124
17.2500 -24.0000 0.1330 172 164 86
23.0625 -10.5000 0.2670 174 177 86
1.5000 -4.0000 1.0720 230 105 147
-16.5000 18.5000 1.4600 233 129 107
-24.3125 -20.5000 1.3240 239 94 120
12.1250 -9.5000 1.0280 221 122 143
5.8750 14.0000 1.1650 236 65 144
18.9375 18.0000 6.3700 53 234 134
9.1250 10.0000 1.1350 239 84 133
23.5625 -6.0000 0.3540 183 163 117
-19.8125 -4.5000 1.5400 208 164 95
-16.4375 -19.0000 5.7800 83 110 218
-13.0000 -5.0000 0.1130 159 145 115
16.9375 -19.0000 0.1270 195 175 74
25.0000 20.5000 0.1140 180 143 95
-23.4375 -2.5000 1.5730 214 131 116
7.3125 17.5000 1.7120 185 198 128
-23.8125 23.5000 4.7410 102 135 246
20.2500 -14.5000 0.1280 167 174 67
-5.9375 9.0000 4.5160 94 143 223
2.1875 13.5000 1.2810 235 114 144
23.2500 10.5000 0.1170 182 109 168
-14.1875 23.5000 1.7470 207 180 127
-19.6250 -13.0000 5.5590 90 102 227
-22.6875 -9.5000 1.4130 241 104 101
10.8750 20.0000 0.3020 174 101 208
-7.9375 2.5000 1.1830 230 80 118
-17.4375 -1.0000 1.8300 166 201 93
-7.9375 1.0000 1.1870 219 131 111
3.0625 -6.0000 0.9400 228 94 168
-5.4375 -24.0000 6.1410 77 112 227
-9.7500 22.0000 1.4720 237 133 110
-14.0625 -8.0000 1.3750 209 147 56
14.5625 18.0000 0.1550 177 148 149
10.1250 -3.0000 3.7250 107 165 254
10.5000 -19.5000 0.1330 177 111 168
19.0625 -22.0000 0.1200 190 165 78
-11.3125 6.5000 4.0770 96 130 232
-14.4375 -4.0000 0.1210 140 110 148
-7.8750 24.0000 1.3980 238 104 131
1.2500 1.5000 5.6440 69 133 218
16.0000 22.5000 0.1170 174 128 138
-9.6875 6.0000 4.2420 93 150 235
-24.8750 -5.0000 1.4760 234 121 109
-11.6875 8.5000 1.8790 190 198 109
-20.3750 23.5000 4.9420 92 142 241
-0.8750 3.0000 6.1300 52 118 231
-12.0000 12.5000 1.3960 248 109 109
-7.8750 -13.5000 1.3590 239 100 77
3.7500 19.0000 3.6130 113 174 254
-23.5000 10.5000 1.4830 212 156 85
18.6250 -15.0000 0.1210 186 165 78
17.1250 -18.5000 0.1280 195 175 71
-21.1875 3.0000 1.7240 179 214 97
10.0000 9.5000 1.2140 238 102 117
-21.3125 3.0000 1.7270 179 214 97
-20.8750 4.5000 1.6850 182 215 96
16.6875 20.5000 0.1140 164 167 132
17.7500 14.0000 0.1130 165 123 161
16.6250 -8.0000 0.1170 174 129 173
0.0000 15.5000 1.2000 252 82 137
2.5625 10.0000 6.1190 57 123 240
-13.4375 -5.5000 0.1170 156 149 112
-23.1250 19.0000 1.4320 235 110 106
22.1875 13.5000 1.0150 200 254 20
-7.6250 -10.0000 0.6930 176 141 113
11.6250 -14.5000 0.1270 170 141 138
20.1250 -17.0000 0.1110 187 143 65
5.0000 23.0000 1.2830 240 142 122
24.0625 12.0000 0.1360 172 154 134
16.3125 -23.5000 0.1280 171 168 103
2.0625 9.0000 6.0960 61 125 235
3.4375 16.5000 1.2110 253 95 162
8.6250 10.5000 1.1150 235 79 142
-24.5000 15.0000 1.4240 224 115 116
21.9375 4.0000 0.4450 183 143 172
9.3750 -19.0000 0.1360 171 116 179
-20.5000 -4.5000 1.5380 215 124 114
-5.3125 13.5000 1.2230 238 85 119
1.2500 -5.0000 1.0440 225 110 141
-1.5000 -22.5000 1.3920 240 114 140
5.3125 -20.5000 1.2090 233 95 127
7.1875 24.0000 1.2810 227 126 132
-7.2500 16.5000 1.3400 252 96 123
-15.1250 -15.5000 5.6290 81 110 229
16.3750 10.5000 1.0760 220 113 143
-6.5625 24.0000 1.3650 239 100 138
-23.1875 3.0000 0.2100 159 87 159
16.6250 15.5000 0.1350 181 113 186
5.1250 -12.0000 0.1440 160 107 163
-7.5625 12.0000 4.1860 114 131 238
-24.0625 16.0000 1.4230 226 119 116
-0.8750 8.0000 6.0140 62 147 207
4.8750 -9.0000 0.9140 202 161 134
20.8750 -24.5000 0.1180 178 150 39
-3.0625 6.0000 5.7520 65 145 207
-8.3125 -5.5000 0.1190 153 132 108
21.0625 -10.0000 0.3370 167 197 95
-16.6875 -24.5000 1.4530 218 132 73
-2.5000 20.5000 1.3060 243 109 140
-22.5000 -14.0000 4.8230 83 131 245
-6.4375 -3.5000 0.5490 174 173 142
-16.2500 -15.0000 5.6630 79 116 232
-16.0625 -7.0000 1.6950 190 197 78
21.9375 10.5000 0.1180 181 102 188
-2.7500 -1.0000 1.1950 236 101 150
18.8125 11.0000 0.1310 155 102 190
-21.6250 3.5000 1.7420 176 224 99
15.0625 -19.0000 0.1180 184 158 95
-19.9375 -16.5000 5.9410 70 117 222
2.6250 -20.0000 1.2930 253 93 130
-10.0000 -10.5000 1.5590 204 192 55
8.8125 16.5000 1.2550 230 131 126
6.8750 22.5000 1.2730 245 127 118
24.7500 23.0000 0.1130 175 131 82
-12.1250 3.0000 1.2510 250 106 103
7.0625 -2.5000 4.2940 93 148 240
11.5000 15.0000 0.9880 222 139 132
20.0625 -11.0000 0.0960 171 166 118
5.5625 14.0000 1.1820 238 87 155
8.0000 -14.0000 0.1100 173 106 147
-15.5000 15.0000 1.4300 228 113 104
18.2500 -15.0000 0.1310 190 152 93
6.6875 -18.0000 1.2370 215 188 79
-16.6875 21.5000 1.7430 208 195 133
-0.8750 22.0000 1.2910 254 117 128
12.5625 -17.0000 0.1180 178 171 88
-11.6875 17.0000 1.3900 230 105 115
-4.6875 -16.0000 1.3220 240 101 131
-13.5000 19.0000 1.5620 215 161 121
-17.0625 23.0000 3.8800 110 155 254
14.0000 19.5000 0.7180 200 202 111
5.1250 -5.0000 1.7600 180 208 125
-20.1875 5.5000 1.6560 199 172 100
-19.8750 21.5000 1.7860 201 188 138
19.3750 7.0000 1.0200 218 101 160
-9.0000 23.5000 1.4240 237 107 119
8.9375 -18.5000 0.1180 166 119 179
-7.5625 0.5000 1.2010 219 115 103
-12.8125 -6.5000 0.1400 162 100 141
23.6875 -7.0000 4.8820 73 232 149
-0.8750 -21.0000 1.4070 243 125 117
-9.4375 -24.5000 5.4980 89 98 233
19.0000 20.5000 0.1170 166 156 128
16.6250 3.0000 1.0150 232 75 165
-22.5000 -15.0000 5.9500 70 122 229
-21.3750 24.0000 4.9800 92 135 246
14.6250 19.0000 0.6970 187 210 108
-10.6875 -12.5000 1.5040 227 138 82
24.6250 6.5000 0.1220 153 132 143
22.0625 -11.0000 0.3090 173 186 90
1.7500 -19.0000 1.3060 243 118 132
3.5000 -6.5000 1.0160 211 139 141
-20.3125 17.5000 1.4640 224 119 107
23.0000 -11.5000 0.1220 179 166 77
-15.0000 -3.5000 0.1160 142 109 161
-2.5000 8.0000 5.6300 71 141 204
-3.3750 18.0000 1.2650 252 83 130
12.8750 16.5000 0.1090 170 109 186
-7.7500 17.0000 1.3540 237 91 107
21.8750 -4.0000 0.5000 190 208 138
12.9375 24.0000 0.1420 150 90 177
2.8750 -22.5000 1.2990 253 84 131
-19.1250 -1.5000 1.6610 184 192 74
-19.8750 -24.0000 1.4280 236 124 88
-8.7500 17.5000 1.3220 240 79 127
14.6250 2.0000 0.9570 219 85 191
9.2500 -6.5000 0.9780 230 116 162
3.1250 12.0000 6.1960 66 133 237
18.4375 -13.0000 0.1110 182 160 99
18.0000 -25.5000 0.1170 168 154 69
-8.7500 16.5000 1.3580 242 84 97
-23.5625 -20.5000 1.3810 241 107 109
23.8750 -23.5000 0.0980 192 169 34
20.8750 -25.5000 0.0950 176 147 33
18.8125 17.5000 0.5100 186 205 113
-9.9375 -16.5000 1.4900 237 120 92
19.1250 24.0000 0.1130 158 144 115
-23.8125 2.0000 0.2350 159 89 163
16.3125 20.0000 0.5620 174 225 93
13.9375 3.0000 1.3350 213 118 107
3.1875 0.0000 5.1960 73 127 227
6.5000 -13.5000 0.1240 162 123 153
2.7500 -9.5000 0.2120 160 148 160
16.4375 10.0000 1.0870 222 112 140
-21.6875 2.5000 1.6800 183 194 85
0.2500 -13.0000 0.1120 165 91 157
8.9375 13.5000 1.2070 237 116 133
-17.7500 20.5000 1.5620 224 147 105
22.4375 -17.0000 0.1320 183 166 102
12.1250 17.5000 0.1300 163 103 178
20.9375 4.5000 0.9040 204 157 105
-10.3750 -18.0000 5.5790 82 95 244
24.8750 -13.0000 0.0950 161 168 56
16.8750 6.5000 0.9520 212 70 169
-18.3750 22.0000 3.5010 122 167 254
2.9375 6.0000 5.7560 59 130 234
-5.6875 9.5000 4.4900 94 143 225
-22.8125 -21.5000 1.3960 245 113 100
21.9375 6.0000 0.8710 211 165 85
13.0625 19.0000 0.1090 161 106 174
13.6250 7.0000 3.9730 85 148 254
5.0000 6.0000 5.3830 67 116 237
-22.7500 -6.5000 1.4930 231 107 94
-7.6250 4.0000 1.6040 200 176 106
-5.2500 -18.5000 1.4210 234 106 100
-14.4375 -2.5000 0.1060 155 106 148
7.8750 2.0000 4.5640 70 148 234
-24.8750 11.0000 1.5340 208 156 102
-17.1875 -13.0000 5.2620 102 114 223
22.6250 18.5000 6.2040 54 254 93
-16.8750 23.0000 3.8470 112 156 254
13.4375 12.5000 1.1300 230 116 126
-12.6250 -12.5000 1.4950 238 113 80
22.4375 -2.0000 0.1170 158 151 172
-0.3750 -13.5000 1.2010 220 189 89
7.0625 -20.5000 1.2260 224 149 86
20.1250 11.5000 0.1160 156 118 163
12.0625 -8.5000 1.0610 237 118 146
-22.1250 17.5000 1.3980 243 106 104
-0.8125 14.5000 5.3850 71 151 254
-7.3125 -6.0000 0.1100 149 112 130
-14.3125 12.0000 1.4600 229 112 94
2.6250 -7.5000 0.9180 209 136 153
16.1875 -7.5000 0.1300 176 126 183
17.8750 6.5000 0.9800 213 92 170
-5.8125 21.5000 1.3590 254 98 123
-22.1875 -6.0000 1.5380 222 122 105
18.7500 15.0000 0.1680 179 125 136
-20.8125 -17.0000 5.6610 74 120 220
-0.5000 -7.0000 0.6240 186 153 161
-11.3125 15.5000 1.3840 239 103 115
6.5000 -6.0000 1.4540 211 170 97
-21.2500 17.5000 1.4150 233 115 103
-6.3750 -17.5000 1.4260 242 104 102
-2.7500 12.0000 5.2400 71 140 238
7.7500 -14.0000 0.1190 173 109 149
-20.4375 8.5000 1.5580 201 176 78
-12.6875 -12.5000 1.5190 236 118 81
21.7500 -4.5000 0.4520 188 199 148
23.9375 -20.0000 0.1150 194 166 45
21.8750 -13.5000 0.1300 161 182 79
17.5625 0.5000 0.9810 222 119 180
-18.5625 10.5000 1.4280 233 131 103
-18.0625 11.0000 1.4320 229 126 107
-15.1250 3.5000 1.6370 209 169 79
-0.9375 17.5000 1.2750 244 97 135
-12.2500 2.0000 1.3280 213 166 72
-17.1875 10.0000 1.4480 230 128 103
-18.5000 -0.5000 1.6870 181 192 78
2.1875 -24.0000 1.2930 242 85 133
8.8750 19.5000 1.2700 237 129 121
6.1875 21.0000 1.2900 248 133 111
1.8125 10.5000 6.3210 66 138 209
12.6875 2.5000 3.7510 100 150 254
-4.3125 -8.5000 0.1180 149 121 135
-18.8125 6.5000 1.5810 209 168 81
8.3750 -25.0000 1.2380 222 119 83
23.3750 14.0000 0.1150 178 130 167
6.2500 6.5000 5.1880 67 137 245
17.5000 10.5000 0.7880 202 135 185
-6.6250 -18.5000 1.4530 230 107 98
3.7500 -8.0000 0.9180 212 136 146
-10.0000 -16.5000 5.2130 92 103 248
21.0625 14.0000 0.2340 178 154 148
-20.4375 20.0000 1.5230 220 130 90
2.7500 22.0000 1.6070 213 204 99
-7.6250 -10.0000 0.6780 175 140 115
-14.4375 -6.0000 0.1490 152 100 148
-10.1875 11.5000 1.5450 216 153 90
-23.3125 -11.0000 1.3770 237 100 107
-8.0000 5.0000 4.4930 101 125 223
1.8750 18.5000 1.2150 247 92 145
-0.6875 8.5000 6.0310 60 144 208
24.3750 0.0000 0.1150 161 165 117
25.0625 4.5000 0.1160 153 128 126
14.7500 3.5000 1.1020 236 85 156
-23.8125 7.5000 0.2160 150 104 161
14.8125 5.5000 3.6230 109 180 254
7.5625 -7.5000 0.9170 215 124 152
10.2500 -5.5000 0.9920 221 92 168
9.0000 -5.5000 1.3990 229 167 81
-6.6875 14.5000 1.2830 250 99 127
-21.6875 10.0000 1.5840 209 180 76
-4.0625 -8.5000 0.1630 152 127 136
-6.8125 23.0000 1.3710 247 99 137
20.3125 18.0000 0.4020 179 186 127
-7.2500 8.5000 4.3850 94 149 237
4.8125 -21.0000 1.2340 231 97 125
-2.0000 7.0000 5.8650 63 143 207
14.3750 19.5000 0.7710 203 210 98
16.5625 -4.0000 0.8760 215 126 170
13.5625 -15.0000 0.1290 180 163 78
12.2500 21.5000 0.2330 162 97 196
-9.4375 7.5000 4.1890 93 152 241
21.3125 -17.5000 0.1150 176 166 105
24.0000 18.0000 0.1120 160 168 98
3.1250 10.0000 6.0400 57 126 240
24.6875 -19.0000 0.1190 187 183 46
-11.4375 11.5000 1.5040 224 140 97
-22.3125 5.0000 0.2020 163 75 137
-11.6875 23.0000 2.6960 143 203 246
13.3750 16.5000 1.1070 225 169 102
0.1250 -15.5000 1.2500 237 132 100
13.6875 -6.5000 1.1200 244 103 140
-11.3125 -12.0000 1.5110 226 135 66
7.5000 20.0000 1.3040 234 129 119
-13.6250 -18.5000 6.0600 82 102 210
0.9375 -19.0000 1.3170 247 107 107
-15.6875 11.0000 1.4250 238 102 93
-16.3750 -22.5000 3.9860 128 143 251
-8.2500 22.0000 1.3680 254 97 115
-20.6875 -20.0000 2.0520 181 224 146
0.3750 20.0000 1.3110 245 128 127
-21.6250 -4.5000 1.5660 216 135 106
3.6250 12.5000 1.4310 226 159 108
-23.9375 20.0000 1.4410 241 118 112
18.0000 7.5000 1.0030 214 95 172
-15.3125 15.0000 1.4340 228 114 103
-21.3125 -10.5000 1.4330 236 119 96
16.8125 -21.0000 0.1130 183 151 91
14.4375 -6.5000 1.4700 225 170 92
12.9375 -16.0000 0.1100 174 170 88
12.0000 -25.0000 0.1050 157 109 170
11.5000 -8.5000 0.9920 222 117 166
-0.8750 10.5000 5.7280 67 137 230
22.5000 -2.0000 0.1090 157 149 167
1.0000 4.0000 5.8830 50 122 230
0.5000 -7.5000 0.3950 176 142 174
11.1875 23.5000 1.2360 218 171 77
15.5000 -20.5000 0.1250 185 149 90
14.0625 -24.0000 0.1550 149 157 123
-13.1250 -24.5000 1.5800 205 149 88
17.3125 -12.5000 0.1030 168 157 115
1.9375 14.5000 1.1960 233 93 172
-11.6250 19.5000 3.9170 110 128 254
21.2500 -16.0000 0.1120 174 169 112
1.2500 20.5000 1.4660 220 171 109
-24.6250 5.0000 0.2010 150 105 165
-7.8750 -12.0000 1.3450 223 127 73
-2.5625 6.5000 5.7890 63 145 208
3.3125 2.5000 5.3590 70 116 227
15.3125 21.0000 0.1150 179 139 142
20.6250 21.0000 0.1160 162 181 143
-23.8750 -18.5000 7.2180 71 93 197
-17.4375 11.0000 1.4300 228 122 109
10.6250 -14.0000 0.1210 191 114 146
-8.8125 -22.5000 6.0240 73 97 230
-5.0000 16.0000 1.2600 254 81 117
6.0000 9.5000 5.4990 74 125 238
-2.3750 -7.5000 0.0960 152 109 147
-15.9375 -12.5000 1.7920 204 160 120
4.6875 -24.0000 1.3590 224 100 100
-8.6250 -4.5000 0.1080 152 134 120
11.8750 20.5000 0.2290 170 111 198
-2.5625 -14.0000 1.1220 224 151 94
11.7500 23.5000 0.7420 198 146 133
-8.5000 18.5000 1.3460 241 87 124
-8.8750 -16.0000 1.4640 239 111 94
13.0000 18.0000 0.1270 164 106 174
-2.1250 23.0000 1.3780 248 124 130
-13.8750 15.5000 1.4150 231 110 124
24.0000 -20.5000 0.1080 185 177 47
22.9375 4.5000 0.1120 156 110 184
-23.5625 -13.5000 1.3450 245 89 116
12.9375 21.0000 5.9570 61 194 178
-10.1875 22.5000 3.7240 122 130 254
13.4375 7.0000 1.0660 222 65 139
-22.8125 -23.0000 1.4180 249 111 90
-7.5000 -18.5000 5.3300 90 115 247
13.3125 12.0000 1.1230 229 113 127
-14.6250 -5.0000 0.1220 139 91 162
-0.5625 10.5000 5.8360 65 136 227
-1.4375 22.5000 1.3240 254 120 128
10.7500 15.5000 0.9160 209 107 177
17.1875 19.0000 0.5160 178 205 118
-10.7500 -9.0000 0.6390 172 158 126
13.8750 -5.5000 1.3680 232 154 95
-6.8750 -18.5000 5.2590 88 110 254
10.4375 4.5000 4.3260 73 150 239
-3.8125 -10.5000 0.1250 155 128 169
19.1250 -0.5000 0.3190 165 120 214
18.5625 21.5000 0.1110 165 152 138
-22.8125 5.5000 0.2140 160 92 154
14.5625 -13.5000 0.1020 164 143 99
18.5625 -6.5000 0.1170 174 119 175
12.6250 20.0000 0.1810 157 110 184
4.1875 6.5000 5.5800 62 131 232
18.1875 3.0000 1.1630 228 117 131
-23.1875 -15.0000 1.3800 244 106 105
14.8750 3.0000 1.1220 236 89 151
20.1875 -22.0000 0.1340 180 171 80
-16.0000 -0.5000 1.4380 194 185 56
10.4375 -2.5000 3.6860 109 167 254
1.0625 14.5000 1.2050 236 82 148
24.6250 -20.0000 0.1060 182 179 42
21.2500 -15.0000 0.0970 162 166 79
19.5625 22.0000 0.1140 168 146 127
-4.1250 -13.0000 0.9760 211 138 125
-9.5625 -11.5000 1.9690 164 223 104
1.3750 11.5000 6.0980 73 124 212
-13.6875 -5.0000 0.1270 154 152 117
15.2500 -12.0000 0.1200 162 129 147
17.9375 14.5000 5.8700 65 215 158
-21.3125 18.0000 1.4430 239 117 97
-5.4375 8.5000 4.5580 89 139 239
-16.3750 9.0000 1.5050 229 128 86
9.4375 9.5000 4.9040 73 143 254
23.4375 20.0000 0.1140 178 136 107
-9.8125 -10.0000 1.5310 203 192 52
-24.0000 -12.0000 1.3540 235 85 113
24.1875 -13.5000 0.1230 156 178 56
-3.8125 24.0000 1.3650 243 107 145
4.6250 -11.5000 0.1960 167 117 160
-2.0000 -22.0000 1.3770 246 118 123
-8.3750 -9.0000 0.1440 149 108 131
-16.8125 -13.0000 5.2980 102 112 224
18.4375 17.0000 0.4990 190 193 139
-22.3125 9.0000 1.6190 202 187 77
23.7500 -14.5000 0.1240 174 195 64
-4.2500 0.0000 1.2220 225 98 134
17.3125 -21.5000 0.1170 182 148 91
-3.0000 17.5000 1.2630 249 83 128
-17.0625 -12.0000 5.1020 97 102 252
-23.8750 -5.0000 1.5350 212 119 118
-8.5625 13.0000 4.0350 109 139 246
-11.9375 -22.5000 5.5050 83 118 225
18.7500 -23.0000 0.1170 193 165 78
-0.3125 18.0000 1.2510 250 99 140
-14.2500 23.0000 3.2940 136 182 254
7.6875 -3.5000 4.0840 103 153 249
-16.3750 -18.5000 5.8640 85 108 216
-10.1875 -13.0000 1.4780 233 123 81
14.9375 15.5000 0.1140 177 123 200
18.6250 16.5000 0.1220 171 124 137
15.8125 9.5000 1.0580 224 101 147
19.5625 -21.5000 0.1150 188 164 74
-12.0000 -7.0000 0.1250 166 97 137
-6.2500 6.0000 5.1060 78 124 226
18.9375 -24.5000 0.1150 188 164 59
-12.6250 4.5000 1.3830 243 127 95
10.6250 -13.0000 1.0040 182 241 113
5.6250 -2.0000 4.5880 87 146 243
-6.8125 0.0000 1.2180 230 94 110
-11.0000 9.0000 1.5870 205 163 78
7.3125 -25.5000 1.2670 223 117 88
15.0000 -13.5000 0.1200 168 145 97
-13.3750 13.5000 1.4340 240 114 118
19.0000 -9.5000 0.1240 168 175 131
16.5625 23.0000 0.1130 170 125 127
-12.8750 22.0000 3.1330 134 191 254
-3.7500 -25.0000 1.3490 227 85 131
-11.2500 21.5000 1.7250 211 190 120
-21.6250 21.0000 1.5330 234 152 79
-2.8125 -6.5000 0.7900 166 211 118
-13.6875 -15.5000 5.4410 93 113 238
-22.7500 13.0000 1.4130 240 126 96
17.6875 -17.5000 0.1120 201 174 75
-18.9375 -5.5000 1.5370 212 168 80
-21.1250 -18.5000 5.2790 87 135 220
24.3750 6.5000 0.1130 154 130 146
-22.7500 3.5000 0.2070 162 86 143
12.0625 21.5000 5.8780 61 194 184
-19.1250 16.0000 1.4240 227 107 96
-21.9375 8.5000 1.6230 200 183 78
0.8750 5.5000 6.0160 59 115 222
-16.1250 19.5000 1.4760 229 132 108
-22.0000 3.5000 1.7550 173 227 101
13.8750 19.5000 5.8750 63 234 160
-20.4375 -18.5000 5.4640 86 143 206
-0.1875 -6.5000 0.7310 192 165 140
22.5625 -17.0000 0.1150 184 160 100
4.9375 16.0000 1.1850 234 79 157
-20.5000 1.5000 1.6500 196 182 78
0.3750 15.0000 1.1880 251 82 138
-10.9375 -9.5000 0.9750 223 116 89
-10.1250 -21.5000 6.0060 75 98 224
10.8750 -3.0000 3.5910 121 167 254
2.2500 15.5000 1.1960 252 89 165
1.6250 19.0000 1.2140 250 106 151
20.7500 12.0000 0.1170 189 113 175
-7.1250 -22.5000 6.1710 75 111 236
-24.3125 -0.5000 1.7670 184 180 115
16.5000 5.5000 0.9670 221 62 172
-2.8750 20.5000 1.3360 247 113 126
-12.3125 -17.5000 5.6410 88 107 225
-21.4375 21.5000 1.5720 229 164 83
-12.2500 0.0000 0.6850 173 142 140
21.2500 20.5000 0.1140 184 176 138
7.8125 18.5000 1.4460 223 159 111
14.9375 -22.0000 0.1090 159 169 127
0.9375 19.0000 1.2090 247 95 145
23.6250 -8.5000 0.7390 186 203 71
15.6875 1.0000 1.0000 228 86 180
-22.7500 0.5000 1.6540 190 175 88
-17.5000 19.0000 1.5040 226 127 103
-21.3125 21.0000 1.5160 235 146 78
-1.2500 10.5000 5.6730 72 140 230
-20.2500 -10.0000 1.4030 242 114 127
-4.5000 21.0000 1.3480 240 92 125
20.0000 3.0000 1.1320 222 131 128
5.6250 7.5000 5.4280 68 125 240
11.0000 -19.0000 0.1450 177 145 161
15.5000 10.5000 1.0980 224 110 144
12.5000 -10.0000 0.9860 223 121 147
11.4375 -11.0000 0.9780 217 119 151
17.1875 23.0000 0.1130 170 139 137
-3.8125 -16.5000 1.3120 247 95 109
24.2500 -16.0000 0.1130 177 180 63
-18.4375 4.5000 1.6050 211 159 69
16.2500 19.0000 0.5890 190 208 100
8.8750 1.0000 4.2730 78 149 248
-10.3750 -2.0000 0.1130 156 130 127
22.1250 -18.5000 0.1360 194 164 70
-1.9375 -4.0000 1.0970 226 118 145
10.6875 -24.5000 0.3270 165 107 188
-4.0000 23.0000 1.3790 251 114 141
13.3750 -5.5000 0.9970 234 91 169
-13.1875 -23.5000 5.2130 95 122 230
0.4375 -9.0000 0.0960 164 112 114
-2.8125 1.5000 6.3660 55 113 229
-16.5000 -7.0000 1.5120 206 165 63
-24.8750 6.0000 0.2060 150 107 167
-2.9375 2.0000 6.2110 58 114 229
23.2500 5.5000 0.3040 159 133 166
-11.2500 8.5000 1.6940 205 179 89
-23.5000 -1.5000 1.5720 210 138 100
21.0625 -8.5000 0.3470 187 163 120
24.5625 -13.0000 0.1360 161 172 57
5.6250 3.5000 5.0410 67 129 237
-16.3750 -19.0000 5.7380 83 111 220
-1.5625 -14.0000 0.6670 186 142 151
-15.5625 -13.5000 5.1610 90 107 245
-11.7500 2.5000 1.3320 230 138 73
-2.1875 -1.5000 1.2060 237 104 143
-2.5000 -19.5000 1.4080 244 132 96
4.5625 5.0000 5.4040 73 120 221
9.0000 17.5000 1.1390 241 107 134
22.9375 13.5000 0.1260 188 111 160
12.2500 -9.0000 1.1100 237 123 136
-17.3750 0.5000 1.7010 192 178 78
-20.0000 -8.5000 1.4410 230 104 118
-19.2500 14.0000 1.3430 239 97 106
-3.1250 -13.5000 1.1840 224 159 80
-24.3750 12.5000 1.3780 222 120 116
15.9375 -18.0000 0.1140 202 165 66
-5.5625 -17.0000 1.4180 244 102 104
-8.8750 -7.0000 0.1140 146 129 135
16.4375 -3.5000 0.9490 227 117 163
18.0000 -3.0000 0.3720 173 104 227
-16.3750 -25.0000 1.4280 219 125 74
-24.3125 -8.0000 1.4340 222 85 116
14.3750 -8.5000 0.8990 215 111 158
-0.7500 -8.5000 0.1110 163 111 128
-11.3125 22.0000 1.9360 184 203 154
-15.1875 -23.0000 2.0040 176 210 137
1.6250 -21.5000 1.3350 253 99 148
-19.9375 8.0000 1.5560 208 168 97
0.8125 21.0000 1.3340 252 134 115
-3.7500 6.0000 5.6430 70 145 205
18.9375 14.5000 0.1230 177 125 130
-5.1250 -3.5000 1.0930 196 173 102
11.0625 -14.5000 0.1130 180 138 130
22.2500 14.0000 0.9890 196 254 30
19.6250 -12.5000 0.1270 174 182 93
-22.6875 3.5000 1.8160 163 230 113
-9.5625 20.0000 1.3840 247 112 134
18.5625 -16.0000 0.1170 188 146 79
-10.0000 19.0000 1.3720 237 95 129
-24.8125 -0.5000 1.8100 180 181 123
-8.4375 -7.5000 0.1160 145 125 135
-15.2500 -7.5000 1.4390 222 150 43
-22.3125 23.5000 4.8420 89 138 254
-16.4375 0.5000 1.8180 168 206 103
9.8125 -1.5000 3.8820 100 162 254
17.0625 11.5000 0.3200 165 104 180
-4.7500 24.0000 1.3580 245 103 145
-6.5000 -16.0000 1.4010 244 98 111
-20.6875 -18.0000 5.4550 87 130 217
-23.1250 -9.0000 1.4280 238 105 103
5.5625 -13.0000 0.0880 154 128 155
-13.6250 10.5000 1.4310 232 120 96
-14.9375 -17.0000 5.8620 75 109 220
5.4375 18.5000 1.6740 196 209 121
-7.7500 2.0000 1.1850 229 96 124
11.8750 -4.5000 0.9580 230 83 190
7.0000 -19.0000 1.1580 223 146 102
20.0625 21.0000 0.1160 159 182 146
19.1250 -20.5000 0.1410 198 175 53
-7.8125 15.5000 1.3220 244 92 129
4.5625 2.0000 5.1110 70 124 220
1.9375 0.0000 5.4330 71 132 227
15.4375 16.5000 0.1280 176 123 198
-19.5625 -1.0000 1.6940 191 169 87
-22.5625 -14.5000 4.8410 85 128 242
9.8125 -19.5000 0.2150 177 116 177
1.5625 5.0000 5.8740 54 133 223
3.2500 22.0000 2.2370 169 242 195
-2.8750 -15.5000 1.2550 242 89 122
6.8750 19.0000 1.3990 233 146 110
-7.9375 -19.0000 5.4220 86 117 233
-14.3750 0.5000 0.1980 171 110 172
12.3750 -22.5000 0.1810 156 138 174
14.4375 3.0000 1.1560 224 88 144
11.1875 17.5000 0.9500 211 152 138
16.1875 -14.0000 0.1340 173 146 84
13.8750 4.5000 3.7220 90 168 254
-15.3125 22.0000 3.7370 119 157 254
-5.6875 0.5000 1.2360 232 99 105
19.1250 -19.5000 0.1190 198 172 59
0.6875 11.5000 6.0080 72 128 217
-5.3125 23.5000 1.3610 248 104 143
14.3125 6.5000 3.7940 94 166 254
-4.7500 -19.5000 5.2180 87 109 254
22.0000 23.0000 0.1070 184 137 123
1.4375 20.0000 1.3020 243 123 126
19.8125 13.5000 0.1180 158 114 170
23.1875 17.5000 0.2590 170 192 106
-10.8750 -22.5000 5.7480 82 101 227
-1.6250 17.0000 1.2680 241 80 119
-3.8125 4.0000 5.8310 63 123 230
-11.1875 21.5000 3.6880 119 154 254
11.3125 5.5000 4.2590 76 153 254
-7.6875 20.0000 1.3380 250 79 131
9.8125 16.0000 1.0210 228 105 161
-4.8750 13.5000 1.2160 245 84 120
-23.0625 1.5000 1.6610 182 184 95
6.0000 1.5000 4.8320 73 135 229
-6.5625 11.5000 4.3230 97 145 238
23.1875 15.5000 0.1200 177 151 136
-7.5625 -5.0000 0.1160 163 114 131
0.0625 22.5000 1.3330 253 128 117
-3.8125 23.5000 1.3370 250 104 147
15.8125 -11.5000 0.1140 154 144 137
2.8125 -18.5000 1.2830 247 99 137
-2.0000 22.5000 1.3470 250 109 125
-14.6875 -11.0000 1.5070 238 120 75
12.9375 2.5000 3.6870 102 152 254
-0.9375 -14.0000 1.2170 218 183 90
24.9375 12.0000 0.1210 170 159 124
-14.0625 8.5000 1.4830 223 118 85
-19.4375 0.5000 1.6710 197 174 76
14.6250 -21.0000 0.1170 164 167 117
12.7500 2.5000 3.7160 101 151 254
-2.1250 11.5000 5.4050 79 129 228
15.2500 -18.5000 0.1170 184 161 92
14.3125 5.0000 3.6730 107 174 254
-18.8125 16.5000 1.4340 224 109 99
-11.6250 -5.5000 0.1130 165 141 98
21.2500 23.5000 0.1160 168 143 93
0.8750 -8.5000 0.1170 164 117 122
23.5000 16.5000 0.1210 164 170 101
-2.1875 22.5000 1.3520 251 110 125
16.8750 5.0000 1.0120 222 71 166
1.6875 1.0000 5.5040 72 133 220
-7.8750 -21.5000 5.9490 86 112 225
14.2500 14.5000 0.1090 177 124 205
-0.5625 -0.5000 1.4020 222 130 95
-17.6875 -6.0000 1.5070 215 147 102
19.6875 0.0000 0.3120 167 124 208
5.9375 6.5000 5.2650 67 135 243
-17.0000 3.5000 1.6080 201 150 77
-18.0625 -20.5000 5.2380 91 128 222
-5.5000 6.0000 5.2810 77 119 218
-3.7500 9.5000 5.2310 75 135 227
24.1875 23.0000 0.1100 179 128 91
23.8125 10.5000 0.1240 180 143 137
-15.7500 -10.0000 1.5150 233 123 84
-13.5625 8.0000 1.5050 224 133 96
-22.3750 -1.5000 1.5950 211 150 92
-3.4375 3.5000 5.9200 62 123 228
22.6250 -13.5000 0.1220 162 178 75
4.3125 8.5000 5.7260 75 123 234
-0.1875 18.5000 1.2880 248 112 135
9.6250 -24.5000 1.0570 225 117 123
-15.5625 -7.5000 1.5740 209 180 58
-3.2500 11.5000 5.1720 75 138 234
21.6875 -9.5000 4.7200 66 254 139
18.5000 6.0000 1.0920 225 102 146
20.5625 6.0000 1.1340 220 132 75
21.3125 13.5000 0.0850 189 107 175
-16.3750 -11.0000 1.5040 236 121 85
-10.6875 -5.5000 0.1250 147 144 107
-9.2500 -10.0000 1.2360 229 133 65
21.0000 -24.0000 0.1330 182 152 46
23.5000 -9.5000 0.2880 170 178 102
-2.6875 -4.0000 1.0890 216 160 135
-4.3125 -18.0000 1.3610 244 99 102
-5.3750 7.0000 5.1930 77 122 224
-20.6250 -25.0000 1.4060 236 111 99
-17.0625 -23.0000 1.5820 210 161 77
-21.3750 -19.0000 5.2080 84 137 224
20.7500 -24.0000 0.1120 182 149 46
-13.9375 7.5000 1.5370 217 142 81
4.7500 3.0000 5.2070 64 118 232
-3.8125 7.0000 5.4880 70 146 210
-16.6250 20.5000 1.5600 229 155 118
-3.6875 -7.0000 0.1030 149 113 148
-15.8125 -22.5000 3.9890 127 144 251
-2.3750 -14.0000 1.0670 221 147 103
21.4375 -9.5000 0.3360 179 181 122
6.9375 -10.0000 0.9880 215 171 103
16.8750 -22.5000 0.1070 174 161 101
12.5000 19.0000 0.1120 160 104 182
5.4375 -24.0000 1.2180 230 70 108
22.5000 7.0000 0.6810 207 167 128
15.3125 22.0000 0.1180 176 132 143
-17.6250 -7.5000 1.4590 237 121 100
-16.7500 -21.5000 5.1500 100 127 228
-2.0000 -3.5000 1.1230 227 107 136
-23.5625 -6.0000 1.4880 226 103 104
21.9375 16.5000 0.3600 182 202 134
-15.6250 -19.5000 5.8130 77 112 217
-23.8125 -17.5000 5.1870 86 124 224
18.3750 3.5000 1.2040 228 126 121
18.3750 10.0000 0.9320 223 141 150
5.5625 24.0000 1.2700 232 136 131
-5.9375 -14.0000 1.2930 248 120 91
15.0625 4.0000 1.0840 237 82 159
-19.2500 0.5000 1.6900 196 177 77
14.4375 2.5000 1.0230 224 93 180
-13.1250 24.5000 3.7200 126 152 252
-11.5625 -18.0000 5.7520 83 93 227
1.0000 6.5000 6.0700 52 128 211
3.5000 -11.5000 0.1220 171 136 142
-10.0000 24.0000 1.6870 202 171 125
-2.5000 16.0000 1.2280 244 79 115
-24.1875 20.5000 1.4270 240 115 115
-19.8125 11.5000 1.2910 239 96 114
-19.3125 -15.5000 6.0550 69 106 222
-22.4375 -5.0000 1.5460 219 130 104
18.9375 24.5000 0.1150 154 147 113
-17.8125 -21.5000 5.1440 98 121 224
-19.5000 -12.0000 5.3230 83 114 237
-0.5000 20.0000 1.2620 248 122 148
5.6875 10.0000 5.6200 73 123 237
11.6875 -20.0000 0.1210 169 152 154
-8.0000 0.0000 1.2150 217 120 102
-18.8750 12.5000 1.3660 244 106 101
-21.8750 -15.0000 6.0460 71 103 222
-19.0000 17.5000 1.4440 236 113 101
-12.5000 20.0000 1.7090 193 182 144
13.9375 22.0000 0.1290 164 110 148
-20.5625 18.5000 1.4670 233 120 97
-24.6250 12.0000 1.5310 210 148 107
-4.3750 1.0000 1.2080 229 82 131
-5.0000 -20.5000 5.3840 91 111 254
-12.0625 10.0000 1.5510 219 161 82
-11.9375 20.0000 3.7230 120 131 254
-7.1875 15.0000 1.2800 254 86 121
-6.9375 -15.5000 1.3840 241 93 117
-23.3125 -4.5000 1.5320 216 124 111
10.5000 0.0000 3.9140 97 135 254
8.7500 -18.0000 0.1210 167 132 164
6.1875 3.0000 4.9140 67 131 239
-22.0000 -4.5000 1.5750 214 138 105
-16.6875 18.0000 1.4260 235 119 110
-16.4375 23.5000 3.7980 116 156 254
-16.3750 13.5000 1.4340 232 111 108
-20.7500 21.5000 1.7430 208 195 110
-19.6250 -1.0000 1.6800 192 167 86
-16.0625 18.5000 1.4500 237 127 105
-24.9375 17.5000 1.3820 228 111 131
0.8125 -3.0000 1.1670 238 99 137
-17.0000 -15.5000 5.8490 79 121 218
12.2500 -2.5000 0.9610 219 84 187
-0.5000 5.0000 6.1990 49 116 232
-7.4375 -17.5000 1.4540 232 106 97
-9.5625 -16.5000 1.4860 238 120 91
21.9375 14.0000 0.9680 195 254 36
-1.0000 -11.5000 0.1410 160 135 117
20.8750 -3.5000 0.9050 221 235 62
4.4375 3.5000 5.2690 64 132 221
24.7500 -21.5000 0.1050 184 174 41
-11.5625 -13.5000 1.5060 241 117 71
9.3750 -2.0000 3.9590 95 161 254
-5.0625 24.0000 1.3440 245 99 146
-5.3125 2.0000 1.2350 228 94 119
18.9375 -2.5000 0.1330 171 105 203
-5.6875 -8.0000 0.1100 158 127 116
16.8750 -7.5000 0.1230 172 128 169
-14.2500 17.5000 1.4070 228 106 104
3.7500 -16.5000 1.2330 228 175 72
-2.0000 -23.0000 2.4020 147 216 220
-14.8125 18.5000 1.4460 237 125 102
15.0000 13.0000 0.1790 170 108 203
7.3750 8.5000 5.1790 84 122 232
17.7500 20.0000 0.1380 162 155 153
-21.3750 13.0000 1.4320 242 134 88
12.1875 6.5000 4.1730 77 154 254
-2.1875 8.0000 5.7140 70 142 201
-10.6875 -10.0000 1.3770 223 155 43
21.9375 -13.0000 1.9990 162 254 13
23.3750 17.0000 0.1180 164 170 105
3.0625 20.0000 1.3700 226 145 120
7.5000 -6.5000 0.9070 216 94 159
-4.8125 19.0000 1.3240 250 91 137
-19.3125 -9.5000 1.4370 240 110 115
12.3125 -17.0000 0.1210 177 171 90
14.3750 0.0000 0.9710 214 80 190
13.1875 -4.0000 0.9930 229 89 181
-15.1875 -14.0000 5.3170 89 104 242
16.8750 0.0000 1.0240 224 112 176
11.3750 -22.5000 0.7010 187 140 159
21.5000 8.5000 0.6280 192 160 159
-12.5625 -14.0000 1.8160 209 172 113
6.8125 4.0000 4.9190 65 131 242
15.7500 -16.0000 0.1210 198 168 82
-21.1250 -9.5000 1.4030 232 95 105
19.0000 -1.0000 0.5440 180 109 210
-13.6250 11.5000 1.4290 239 118 105
11.3750 -1.0000 3.6800 102 161 254
-18.1875 0.5000 1.7050 195 183 76
-9.6875 5.5000 4.2610 89 152 230
25.0625 -9.5000 0.9000 187 218 41
3.1250 22.5000 1.3050 245 129 113
-7.4375 -14.0000 1.3560 238 124 91
8.0000 -18.0000 0.1020 165 130 167
9.8125 7.5000 4.6790 68 158 250
-22.0625 -21.0000 1.3830 248 115 90
-9.3125 9.5000 4.0890 97 151 238
17.5625 7.0000 0.9840 210 93 175
-0.8125 6.5000 6.1850 50 131 216
-22.4375 18.5000 1.4350 240 115 100
21.1875 -15.0000 0.1260 164 170 74
-1.4375 5.0000 6.1750 58 129 211
-5.6875 -1.5000 1.1790 221 137 115
1.1250 12.0000 6.0140 75 123 216
-4.6875 17.5000 1.2970 244 83 130
15.6875 5.0000 1.0240 229 78 171
-18.7500 -20.5000 3.5660 119 161 243
11.1250 -22.5000 0.7940 190 142 146
-19.3125 14.0000 1.3530 239 99 105
-17.8750 -15.5000 5.9050 77 111 224
17.0625 -11.0000 0.1130 165 162 140
3.4375 -20.0000 1.2430 254 83 134
-11.1875 -16.0000 1.6010 223 132 102
-2.8125 -0.5000 1.2010 232 85 141
11.4375 13.0000 1.1750 224 117 131
8.0000 22.5000 1.2880 237 138 126
18.5625 -3.0000 0.1180 171 106 199
22.6250 -21.0000 0.1260 190 176 60
0.7500 -7.5000 0.5640 188 147 158
2.5625 1.5000 5.4040 68 130 226
9.1875 -2.0000 3.9820 94 161 254
8.7500 -14.5000 0.1300 191 117 150
12.8750 2.0000 3.6770 93 152 254
15.8750 18.5000 0.5900 191 205 102
3.5625 6.5000 5.6640 59 131 236
19.8750 1.0000 0.4470 175 106 215
-20.1875 -13.0000 5.6770 84 117 223
-15.5000 10.0000 1.4650 238 119 83
14.8125 4.5000 3.5900 105 165 254
-17.8750 -3.0000 1.5490 184 180 88
22.1250 7.0000 0.7700 210 162 104
10.3125 2.5000 4.1650 82 140 239
17.5000 -21.0000 0.1030 191 176 77
-19.5625 -4.5000 1.5380 209 166 92
24.6250 -14.5000 0.1030 174 193 57
10.8750 13.0000 1.1720 231 126 137
13.6875 -19.5000 0.1010 168 148 123
7.4375 18.0000 1.5180 218 178 107
-23.0000 7.0000 0.2160 160 92 155
8.3125 -10.0000 0.9580 203 162 179
-4.0000 -10.5000 0.1200 154 128 170
-18.4375 22.5000 1.7570 201 192 134
-3.5000 0.5000 1.2060 234 86 123
11.6250 -18.5000 0.1050 164 151 158
-17.3125 -4.5000 1.3120 213 168 42
9.4375 10.0000 1.1280 239 83 134
3.3125 8.0000 5.8690 60 122 235
-17.1250 -15.0000 5.7460 81 114 231
6.1875 -13.5000 0.1250 161 126 154
11.1875 21.0000 0.3120 172 104 205
-18.3125 10.5000 1.4340 233 130 102
22.2500 19.0000 0.1120 168 152 124
20.1875 1.0000 0.3840 173 104 210
16.4375 15.0000 0.1220 182 113 186
4.8125 -3.0000 1.2090 229 92 111
19.3750 -9.5000 0.1320 178 170 130
6.0000 -23.5000 1.2220 238 79 106
17.7500 -4.5000 0.8750 202 172 140
-21.1250 -19.0000 5.1700 87 137 222
-8.9375 -1.0000 0.9230 193 174 121
11.8125 -12.5000 0.8520 203 165 165
15.3125 12.0000 0.7970 209 135 177
24.9375 3.0000 0.1230 166 149 132
-22.3750 0.0000 1.6360 195 169 84
-9.1875 19.0000 1.3390 242 86 129
18.6875 -6.0000 0.1600 181 115 176
-7.5625 -23.5000 5.8620 82 91 238
21.6875 5.0000 0.8290 199 160 110
17.4375 -1.5000 0.9570 217 129 183
-20.0000 9.5000 1.4730 223 142 107
11.3750 -9.5000 0.9410 209 134 180
23.5000 -16.0000 0.1290 176 181 68
-7.9375 -16.5000 1.4520 237 105 96
2.3750 6.0000 5.8210 61 129 233
-6.0000 22.0000 1.3500 254 97 127
13.1875 0.0000 1.1000 213 98 155
1.4375 -9.0000 0.1350 170 141 130
0.9375 -1.0000 2.0060 162 212 154
-16.6875 -7.0000 1.5010 206 161 65
-4.7500 -20.5000 5.4160 89 100 254
22.3750 -11.5000 0.1430 179 171 82
-20.6875 -4.0000 1.5790 201 141 108
17.4375 18.0000 0.5470 176 207 123
18.9375 22.0000 0.1150 166 147 134
3.9375 -22.5000 1.2620 248 80 124
12.6875 -20.5000 0.1340 172 151 138
-0.3125 7.0000 6.2300 47 128 217
7.5000 -2.5000 4.1710 97 147 239
0.8125 17.5000 1.2280 246 86 144
17.9375 3.5000 1.1350 229 111 139
-14.8125 -13.5000 1.6740 223 153 94
12.6875 -10.5000 1.0130 227 121 137
16.5625 3.5000 1.0510 234 81 159
-20.9375 -1.5000 1.6270 205 154 97
-0.0625 -25.5000 1.3500 230 93 150
6.8125 4.5000 4.9360 66 130 242
-13.0625 4.5000 1.3700 243 123 98
-19.7500 5.0000 1.6320 203 169 93
-21.4375 14.5000 1.3690 240 111 100
-4.4375 -24.0000 5.9990 82 98 244
-23.8125 2.0000 2.0000 148 211 160
-2.1875 -3.0000 1.1180 237 92 150
13.8125 2.0000 1.3920 212 147 113
6.8125 3.5000 4.8780 65 132 241
4.1875 16.0000 1.2110 251 96 157
23.2500 4.0000 0.1230 158 112 180
-20.7500 22.0000 1.9680 187 223 156
7.4375 -11.0000 0.9170 212 173 111
6.0625 -12.0000 0.1170 168 81 178
13.8750 -20.5000 0.1110 168 125 138
1.6250 4.5000 5.8380 53 134 223
7.7500 -4.5000 1.5530 217 200 98
0.8750 5.0000 5.9700 58 115 221
-17.1250 -18.0000 5.8770 86 105 220
5.5000 -1.5000 4.6220 87 145 243
8.0000 -8.0000 0.9260 221 112 170
3.1250 -9.0000 0.6150 180 125 176
9.0000 -22.5000 1.2100 239 125 95
-19.3125 -25.0000 1.4170 227 116 88
24.3125 13.5000 0.1140 176 132 153
-15.7500 -13.5000 5.2090 90 106 245
-16.8750 13.0000 1.3970 236 102 112
-6.2500 7.5000 4.5650 90 147 236
12.8125 17.5000 1.1300 229 175 56
10.4375 -8.5000 1.5790 204 211 108
15.3125 18.5000 6.1080 42 254 152
-24.3750 21.5000 1.4380 231 118 117
6.4375 17.0000 1.3970 220 148 126
14.0000 16.0000 0.1130 168 110 174
16.1250 16.5000 1.1110 203 221 64
-3.2500 3.5000 6.0060 60 122 227
-17.4375 -19.5000 5.5260 87 122 219
25.0625 18.5000 0.1150 157 168 88
-22.8125 12.5000 1.4310 238 132 92
-19.5625 20.5000 1.5420 225 139 110
-6.6250 7.5000 4.5040 92 148 238
-11.6875 19.0000 7.6600 64 68 221
-12.2500 17.5000 1.3670 241 103 122
-21.8125 0.5000 1.6490 195 176 83
9.1875 -12.5000 0.9500 177 242 130
-9.4375 -9.5000 0.7870 197 102 127
-7.3125 8.5000 4.3610 95 150 237
20.1250 4.0000 1.0090 221 107 158
19.0625 16.5000 0.1360 172 127 133
-20.0000 -10.5000 2.2340 165 181 196
10.2500 6.5000 4.4870 72 162 243
-21.1250 -19.5000 1.5180 234 161 67
-14.3125 -24.0000 1.5640 208 154 82
-11.7500 1.5000 1.2540 217 155 78
10.2500 20.0000 0.8490 218 85 163
-17.5625 -2.5000 1.3750 209 148 74
-14.5000 -4.5000 0.1170 137 91 159
22.6250 4.5000 0.1530 156 113 196
23.9375 -5.0000 0.3830 184 186 125
19.4375 -12.0000 0.1780 171 198 97
-22.2500 -12.5000 1.4400 238 121 102
-11.2500 -13.5000 1.5090 239 115 73
18.6875 -13.0000 0.1170 183 162 96
-14.0625 -4.5000 0.1410 138 123 138
18.8750 1.0000 0.8930 219 119 187
-6.0625 7.5000 4.5800 89 147 235
22.6875 -7.5000 0.7420 209 200 101
18.6250 -9.5000 0.1120 166 171 134
-7.6250 21.5000 1.3590 250 94 135
-1.5625 19.0000 1.2640 245 116 154
-4.9375 -6.0000 0.1200 166 112 124
-5.2500 2.5000 1.2540 228 98 117
-21.0625 -24.5000 1.4030 238 111 103
-15.1875 -21.5000 5.3700 87 120 236
-18.2500 22.0000 3.5760 121 161 254
18.3125 18.0000 5.9460 58 239 143
18.6875 -17.5000 0.1180 191 142 71
23.0625 24.0000 0.1200 175 136 99
22.5000 21.5000 0.1140 196 134 120
19.8750 -3.5000 0.0780 168 137 170
23.2500 14.5000 0.1190 177 132 170
20.8750 -18.0000 0.1260 176 156 99
10.6875 17.0000 0.2520 173 96 220
-24.6250 13.0000 1.4040 224 106 123
-3.4375 21.5000 1.3400 254 109 126
15.6250 -17.0000 0.1250 201 169 78
-4.4375 14.5000 1.2270 239 81 124
-6.4375 18.0000 1.3290 254 96 136
-18.0000 -25.0000 1.4320 220 117 83
23.5625 -15.5000 0.1070 177 180 69
-0.2500 20.0000 1.7760 197 214 131
20.8125 -2.5000 0.1620 160 168 184
-0.1250 14.0000 1.3000 237 124 133
-14.9375 -24.5000 1.4990 212 140 83
5.6875 1.0000 4.8590 73 136 228
-20.2500 -3.0000 1.6240 193 176 81
9.8125 16.5000 0.9420 220 99 179
-24.8125 15.5000 1.4230 220 112 121
-18.8750 18.0000 1.4820 234 127 99
-0.3750 -9.5000 0.1430 158 133 125
-0.2500 -23.5000 1.3920 247 115 133
-1.1250 -20.5000 3.4600 129 187 254
20.0625 -13.5000 0.1060 184 164 78
12.8125 2.0000 3.6680 93 153 254
-20.5000 -12.0000 5.4670 85 102 227
16.5000 15.5000 1.0240 202 205 79
-16.2500 4.5000 1.5490 218 150 83
-22.4375 23.0000 1.6450 209 184 103
-18.1875 -11.0000 1.5580 234 143 98
11.6875 2.5000 3.9420 84 156 254
20.9375 -9.5000 0.3510 178 187 124
-23.8125 10.5000 1.4680 216 146 92
0.0625 -21.5000 3.1350 130 190 254
-21.8125 -25.0000 1.3970 241 96 96
-17.5625 22.5000 3.5650 122 159 254
-13.7500 0.5000 0.5870 165 136 160
18.8750 -13.0000 0.1270 183 165 94
9.3750 -20.0000 1.0780 218 174 105
19.3125 19.5000 0.1720 161 153 135
-12.3125 -11.0000 1.5300 231 158 58
2.5000 18.5000 1.2310 250 98 139
-22.6875 17.5000 1.4040 240 117 103
-5.5625 -24.5000 5.9750 84 110 229
10.6250 3.0000 4.1490 81 138 237
24.4375 -18.0000 0.1150 186 185 56
-0.8750 -5.5000 0.9220 210 101 163
-14.0625 -11.5000 1.5470 227 130 83
-0.5625 -19.5000 3.1640 136 204 254
4.1250 -23.5000 1.9360 164 202 148
16.7500 12.0000 0.3030 175 105 180
-23.5000 -20.5000 1.3520 243 100 109
-23.5000 6.0000 0.2050 156 95 157
-1.8125 -13.0000 0.4210 180 138 146
-6.0000 -1.0000 1.1780 218 134 119
-6.1250 -14.0000 1.2920 248 120 92
11.6875 15.0000 0.8120 209 127 164
-19.5000 18.0000 1.4490 237 116 102
-5.8750 18.5000 1.3330 254 97 134
22.0625 19.5000 0.1120 167 152 122
5.0000 8.5000 5.6010 69 124 246
4.8750 3.0000 5.1460 64 119 233
-13.3125 20.0000 3.7070 123 155 254
2.1250 23.0000 1.3300 239 134 133
-9.0625 -18.5000 5.4360 82 103 236
24.6875 8.0000 0.1150 158 123 138
14.9375 -4.0000 0.9420 225 116 167
21.3750 6.5000 0.9310 216 162 85
24.5000 -7.5000 0.1180 164 150 106
-6.3750 17.0000 1.3220 253 92 124
9.1250 -22.0000 1.0990 237 116 124
-17.1875 16.5000 1.4410 227 114 106
-13.1875 -14.5000 5.1630 99 107 235
23.3125 -23.0000 0.1170 196 168 47
-21.8125 4.5000 0.2090 168 73 139
20.4375 18.5000 6.3620 59 231 111
1.8125 18.5000 1.2260 245 93 146
19.0625 2.0000 1.0010 227 126 169
21.7500 -23.5000 0.1280 194 168 52
15.1875 2.0000 0.9550 220 78 198
19.4375 22.5000 0.1120 166 143 127
-18.1250 8.0000 1.5240 222 139 93
17.8125 -13.5000 0.1130 182 163 95
-23.0000 -8.5000 1.4280 233 91 102
-21.7500 -5.5000 1.5310 224 123 104
17.2500 3.5000 1.0460 232 88 171
20.6250 15.0000 0.1230 170 145 136
-10.5625 -4.0000 0.1240 167 139 114
5.2500 13.5000 1.1890 237 69 139
8.3125 13.0000 1.1630 239 106 144
3.4375 13.0000 1.4270 225 158 111
-13.0625 1.0000 1.2700 216 162 73
-16.3750 -4.5000 0.2710 153 107 177
-23.4375 -15.0000 1.3370 246 97 109
-19.9375 16.0000 1.4110 224 102 101
-8.4375 5.0000 4.4340 100 128 229
21.0625 -5.0000 0.7560 205 225 99
11.5000 -18.0000 0.1380 167 158 152
23.9375 10.5000 0.1150 179 143 135
-18.4375 -8.0000 1.4740 240 127 101
-16.5625 11.0000 1.4720 235 117 113
10.8125 -13.5000 0.4890 183 205 145
-0.0625 0.0000 5.7710 67 134 224
5.5625 -0.5000 4.7090 84 142 236
4.7500 16.5000 1.1880 244 92 157
-21.9375 13.0000 1.4670 237 145 88
9.8125 -16.5000 0.1170 174 167 106
4.7500 14.0000 1.1950 235 91 147
11.7500 -8.0000 0.9520 222 113 179
-3.1250 13.0000 1.2580 241 81 89
-8.4375 -14.0000 1.3620 246 101 74
-13.5625 9.0000 1.4770 215 114 74
3.9375 21.5000 2.6180 146 243 238
-5.3750 9.0000 4.5620 94 141 219
2.0625 -9.0000 0.4840 169 162 164
-17.3125 -14.5000 5.6220 93 93 230
7.5000 -8.5000 0.9340 221 127 140
6.5000 -23.0000 1.1900 240 75 110
-14.8125 24.0000 1.7380 205 171 131
-22.3750 14.5000 1.4470 234 132 93
-19.6875 19.5000 1.5230 221 133 105
1.0625 -6.0000 0.8630 199 111 158
-17.5000 3.0000 1.6500 196 155 84
22.2500 -11.5000 0.1070 179 171 82
-22.5625 -10.5000 1.3870 240 105 102
9.7500 -13.5000 0.1440 192 116 159
19.2500 -16.0000 0.1170 188 145 76
-3.6250 16.0000 1.2260 245 77 119
-2.0000 -19.0000 1.3680 243 123 102
-5.4375 8.0000 4.9620 81 128 234
-12.2500 2.5000 1.3580 229 144 71
-3.3750 -3.5000 1.1460 224 155 137
-1.3125 -17.0000 1.2860 239 134 100
10.0000 12.0000 1.1490 240 109 138
8.4375 15.0000 1.2490 229 129 127
-6.4375 8.0000 4.5080 94 147 236
-2.4375 -10.5000 0.1340 162 124 153
-23.8750 -6.0000 1.4730 226 98 106
-24.0000 -8.5000 1.4330 230 103 115
-20.5625 8.5000 1.5720 200 179 79
-12.8750 1.0000 1.2550 218 159 75
-17.4375 -23.5000 1.4590 222 133 76
12.5625 -4.0000 0.9810 229 86 186
-5.1250 -15.0000 1.3030 240 96 109
-7.3750 -20.0000 5.6630 85 109 254
-22.4375 7.0000 0.3280 164 93 160
15.6875 -2.0000 0.9860 230 116 183
17.6875 18.0000 6.3620 56 232 138
13.3750 17.5000 0.1220 165 134 170
17.8125 17.0000 0.1780 179 138 154
7.3125 -17.5000 0.1690 154 117 166
-21.6250 24.0000 4.9740 92 135 247
0.1875 -18.0000 2.5850 140 233 222
-8.6875 -2.5000 0.4630 170 166 138
-19.6250 -15.0000 5.9780 83 103 207
-2.8125 -20.0000 5.1950 88 125 248
5.8125 22.5000 1.2700 246 128 120
-1.6875 -24.0000 1.4040 233 116 135
13.5000 -10.5000 0.9680 221 124 145
-0.7500 17.0000 1.2470 246 90 135
-0.8125 -6.5000 0.7560 184 157 147
18.8125 -23.0000 0.1360 193 168 79
18.2500 -21.0000 0.1190 194 174 74
-1.6250 -18.5000 1.3460 244 135 115
4.1875 22.5000 1.3050 240 132 111
-6.4375 -7.0000 0.1180 155 131 121
0.2500 -15.0000 1.2300 216 183 84
-6.3125 21.5000 1.3490 254 96 125
13.1875 11.0000 1.1310 231 95 131
13.0000 15.0000 0.1160 174 101 186
-22.1250 -14.0000 6.1640 66 102 227
-24.2500 -18.0000 1.6390 205 166 103
-23.4375 9.5000 1.4900 211 164 80
12.0625 -17.5000 0.1160 177 172 84
10.6875 -19.0000 0.1160 174 143 162
17.3750 -4.5000 0.8280 206 153 168
17.5625 15.5000 0.1390 173 123 148
-6.5625 -3.5000 0.4400 173 140 147
-17.0625 17.0000 1.4750 223 122 121
17.2500 -17.5000 0.1230 203 164 65
-14.5000 -8.5000 1.5440 212 165 49
-20.0000 8.0000 1.5640 206 169 99
-24.4375 -24.5000 4.2630 122 113 235
18.3125 -7.5000 0.1390 179 127 173
-22.0000 -13.5000 4.8490 81 131 245
23.7500 -5.5000 4.6900 80 233 150
-1.0625 -23.5000 1.4180 233 120 130
-0.6250 2.0000 6.0170 62 125 221
2.6250 5.5000 5.7440 56 128 229
22.0000 -21.0000 0.1210 197 165 60
-5.6875 11.0000 4.4190 103 140 230
-18.2500 -19.5000 5.4330 84 127 226
-24.8125 -7.5000 1.4370 226 90 110
4.1250 14.0000 1.1800 245 84 153
-8.7500 -8.0000 0.1150 146 127 141
13.5625 -20.5000 0.1170 160 143 136
-23.9375 -20.0000 1.3420 242 101 102
-8.6875 17.5000 1.3240 241 82 116
15.3125 3.0000 1.0050 236 71 167
-21.2500 1.5000 1.6640 190 180 87
7.8750 14.5000 1.2440 230 125 133
-13.8125 -20.5000 5.8330 77 104 222
-11.9375 -8.0000 0.6920 192 154 103
-13.3750 -8.5000 1.3740 197 187 51
-18.4375 -18.5000 5.6760 82 121 222
17.0625 23.5000 0.1120 170 138 136
-17.5625 2.0000 1.6540 194 157 75
-13.9375 19.5000 3.8720 113 143 254
-12.4375 19.5000 1.7150 195 187 141
7.0625 -7.0000 0.8700 212 119 169
-11.5625 1.0000 1.1000 214 135 96
18.6250 0.5000 0.8790 215 117 191
-1.5625 -6.0000 0.7040 180 138 150
4.1250 -11.0000 0.1350 170 138 145
16.6875 19.5000 0.6130 188 216 90
19.2500 -13.0000 0.1160 184 163 93
9.8750 6.0000 4.5110 72 162 242
-21.0000 23.5000 4.9160 92 143 240
-5.3750 -19.0000 5.1530 86 110 254
4.5625 -20.0000 1.2160 245 80 137
22.5625 0.5000 0.1160 153 116 169
-6.5000 -24.0000 5.9150 80 113 240
-6.6250 -8.0000 0.1080 154 131 122
24.8750 -4.0000 0.1100 162 176 132
-2.1875 0.5000 1.2340 231 95 115
14.5625 -7.0000 1.0320 229 114 135
0.8125 -20.0000 1.3460 248 109 100
-15.8125 -22.5000 5.1110 92 126 244
7.8750 1.0000 4.4280 78 146 241
12.6875 17.0000 0.1500 169 112 187
-5.5625 -6.5000 0.1210 165 116 121
-21.2500 -4.0000 1.5710 210 134 111
-17.7500 8.0000 1.5030 224 134 93
-5.6875 -2.5000 1.1180 222 137 118
-6.5625 1.0000 1.2210 232 93 110
-23.6875 -1.0000 1.6480 195 170 102
-15.1250 -1.0000 0.1180 154 113 168
-5.7500 22.5000 1.3690 253 101 127
4.8125 -22.5000 1.3670 227 101 98
12.0625 7.0000 4.1990 77 153 254
-21.7500 3.5000 1.7080 179 224 93
14.5625 3.5000 1.1800 233 99 145
0.1250 4.0000 6.0260 47 121 235
-10.8125 8.5000 4.0180 100 147 238
-14.6250 7.0000 1.5060 233 131 72
-22.0000 12.0000 1.4270 242 132 87
17.3750 13.0000 0.1140 162 123 164
13.1250 -15.0000 0.1250 180 163 82
-14.0625 -25.0000 1.5290 208 147 77
5.4375 6.5000 5.3210 69 132 241
-11.9375 -17.0000 5.5530 88 108 230
-9.0625 8.5000 4.1810 97 148 238
-17.2500 4.5000 1.5980 217 155 74
-12.4375 -2.5000 0.1110 164 130 121
-23.1250 -11.5000 1.3740 237 98 104
1.1875 20.0000 1.3880 233 151 115
-8.1250 14.0000 1.5940 206 150 103
-16.1250 17.5000 1.4440 234 122 106
23.0000 24.0000 0.1130 175 135 101
5.4375 16.5000 1.2030 235 85 153
-0.1250 -18.0000 1.3020 242 137 92
-21.0625 -7.0000 1.4660 227 94 112
-5.8750 6.0000 5.1930 77 121 223
8.7500 -21.5000 1.0660 232 110 139
19.7500 -12.0000 4.9370 77 254 102
-19.3125 -19.5000 5.2970 87 131 228
7.9375 23.0000 1.2830 233 135 129
-21.5000 21.0000 1.4990 238 143 77
-13.1250 17.5000 1.3800 244 108 125
-15.1250 23.0000 1.7190 205 188 130
8.8750 22.0000 1.2800 237 140 112
16.0000 18.5000 0.6320 191 208 100
-21.4375 -16.5000 5.7330 70 121 225
9.1250 19.5000 1.2520 238 127 122
-23.7500 12.5000 1.4030 232 119 105
18.5625 -11.5000 0.0880 171 152 130
8.0000 -23.0000 1.2730 232 118 82
-16.1250 -19.5000 5.7140 80 112 222
-19.6875 17.0000 1.4450 235 118 107
-1.6250 20.0000 1.2650 242 104 146
11.6250 24.5000 0.9770 205 150 104
-5.2500 10.0000 4.5310 96 139 223
-23.5625 -5.0000 1.5340 214 120 115
-20.3125 9.5000 1.4980 214 154 94
-5.0000 23.0000 1.3710 252 110 141
3.3125 14.5000 1.1800 250 87 160
17.3750 -12.0000 0.1190 172 156 133
19.5625 -2.0000 0.1150 171 103 201
-15.6875 6.5000 1.5290 234 138 72
-11.3125 -25.0000 1.5320 208 125 105
-2.1875 14.5000 1.2320 232 77 111
10.1250 -17.0000 0.1340 175 170 100
-0.4375 12.5000 5.6370 74 135 240
-23.2500 2.5000 0.2230 161 87 159
8.6250 7.0000 4.8210 68 160 252
8.5000 -16.5000 0.1220 166 173 112
7.0000 3.0000 4.8050 67 133 239
23.3125 3.0000 0.1170 166 144 151
18.0000 16.0000 1.9460 158 254 72
-16.3750 20.0000 1.6060 224 166 117
16.5625 19.0000 5.9660 43 253 150
-24.6875 -0.5000 1.7980 181 181 121
24.7500 9.0000 0.1150 159 128 142
6.5000 -0.5000 4.6020 87 146 237
7.1250 -8.0000 0.9240 219 125 147
7.6875 -12.0000 0.2510 167 121 172
-2.9375 0.0000 1.2240 232 92 118
-14.5000 -20.0000 5.7910 80 109 208
-2.3125 -25.0000 1.3850 229 108 144
15.8125 3.5000 0.9410 234 64 178
-24.3750 -17.5000 5.1060 90 123 224
12.4375 -14.5000 0.1170 173 134 135
-16.6875 -19.5000 5.6430 86 113 222
20.3125 16.0000 0.2070 177 159 156
4.3750 -21.5000 1.2350 238 69 125
6.7500 1.0000 4.6570 75 140 230
15.0000 -5.0000 0.9690 234 113 153
-16.6875 22.0000 1.7680 202 197 138
4.7500 1.0000 4.9820 70 127 222
-2.3750 -5.0000 0.9810 215 156 143
4.1875 9.0000 5.7730 63 130 234
-14.7500 -11.5000 1.5040 238 118 76
-10.4375 10.0000 2.1810 159 210 160
-19.0000 -12.0000 5.3440 85 109 245
-12.0000 24.5000 1.7270 191 166 131
-5.5625 8.0000 4.6000 91 144 230
-14.7500 17.0000 1.3970 231 104 104
7.0625 -8.0000 0.9380 220 125 143
-20.0000 4.5000 1.6220 197 192 86
-20.3750 -15.5000 6.0080 77 111 209
5.8750 23.0000 1.2750 241 128 123
8.9375 5.5000 4.6500 68 154 232
0.1875 -23.0000 1.3610 254 107 136
17.0000 -14.0000 0.1150 168 138 77
23.1875 -20.0000 0.1280 198 165 56
11.5000 -3.0000 1.0580 218 102 183
8.1250 18.5000 1.3270 232 138 117
6.9375 -16.5000 0.1960 156 124 169
-3.8750 -14.0000 1.2130 222 153 83
-11.1250 0.5000 0.8170 189 145 148
-20.9375 -25.5000 1.4200 233 111 100
-20.1250 -9.5000 1.4140 238 102 123
-0.6875 -21.5000 3.2790 129 181 254
-4.7500 5.5000 5.4170 82 126 210
20.8750 -13.5000 0.1190 156 187 82
20.1250 -9.5000 0.3730 178 217 120
15.8750 1.5000 0.9580 224 79 192
10.3750 19.0000 1.2000 238 125 119
8.0625 10.0000 5.1520 80 135 249
12.6875 17.5000 1.0610 229 168 63
22.2500 14.0000 0.8810 192 254 50
4.5000 24.0000 1.2930 232 138 125
19.0625 4.0000 1.2010 228 128 117
24.4375 -3.5000 0.0900 161 175 136
-9.9375 -16.0000 5.1370 93 104 249
-5.6250 -1.0000 1.1810 217 134 120
-9.8125 1.0000 1.2000 227 135 106
5.5625 20.0000 2.9760 128 230 254
5.0625 20.5000 2.7990 134 236 254
-16.8750 22.0000 1.7460 204 193 137
15.7500 3.5000 0.9500 235 65 177
13.1250 -11.0000 0.8790 216 122 163
-4.1875 12.0000 1.2370 237 73 96
12.8750 -6.0000 1.0410 234 100 159
12.0000 13.0000 1.1270 229 110 133
0.3750 18.0000 1.2500 250 100 137
-20.8125 13.5000 1.3500 246 110 96
-14.0000 -16.0000 5.5970 87 120 225
-14.7500 -7.0000 0.9590 220 91 79
-15.3750 -1.5000 0.1310 157 112 174
-1.8750 1.0000 6.1190 60 117 224
14.7500 23.0000 0.1320 164 115 138
10.1250 1.5000 4.1230 84 146 245
-3.5000 16.5000 1.2220 244 76 121
13.5000 9.5000 1.0890 226 76 134
19.2500 19.0000 0.4290 181 189 127
-4.6250 -23.5000 6.0840 79 98 246
-13.1875 13.0000 1.4010 247 109 117
13.5625 -20.0000 0.1140 170 149 126
-10.3750 22.0000 3.7390 121 129 254
20.5625 15.5000 0.1170 167 158 157
23.7500 -15.5000 0.1130 177 182 67
-4.5000 -15.0000 1.2850 232 116 128
-5.5625 13.5000 1.2210 241 85 119
-13.1875 -10.5000 1.5230 229 152 63
11.2500 2.5000 3.9840 83 151 254
-23.6250 -19.0000 1.4800 227 138 97
7.0000 19.0000 1.4560 226 162 106
-18.3125 -23.5000 1.4230 246 131 69
17.3125 -12.0000 0.1080 172 153 133
5.4375 -4.0000 1.4740 207 175 102
-20.0000 7.0000 1.6200 197 174 95
4.3125 -16.0000 0.1120 162 94 192
22.5000 21.5000 0.1150 196 134 120
-9.8750 -1.5000 0.2080 160 131 142
-10.8125 -15.5000 5.1290 99 111 223
19.1250 14.5000 0.1370 178 126 128
16.2500 -24.0000 0.1360 169 171 101
4.5000 14.0000 1.1970 242 88 149
-1.2500 2.5000 6.1520 58 110 231
-21.5625 -25.5000 1.4080 234 95 100
11.6875 15.5000 0.2840 176 101 199
-19.0000 -16.5000 5.9430 67 116 225
2.6250 -18.0000 1.2680 234 127 106
17.7500 -17.0000 0.1160 189 146 77
-7.6875 5.0000 4.5270 91 141 227
12.0000 12.0000 1.1490 229 112 127
23.1875 1.0000 0.1160 154 117 159
19.2500 23.5000 0.1230 161 145 121
20.6250 14.5000 0.1660 173 145 153
-16.1875 -22.5000 3.9720 128 144 251
-12.0000 -11.0000 1.5190 232 155 57
12.5625 3.0000 3.8030 90 157 254
12.3750 21.0000 5.9000 62 195 182
8.5000 11.0000 1.1120 232 104 153
19.1250 14.5000 1.0450 214 220 59
-23.5625 24.5000 4.9240 107 132 238
-7.3750 -4.5000 0.1260 164 116 137
2.0625 16.5000 1.2000 249 90 170
12.2500 -5.5000 0.9780 233 88 178
7.5000 -0.5000 4.3600 95 144 236
-23.5000 2.5000 0.2280 160 88 160
11.5625 16.0000 0.2430 173 103 201
0.8125 -7.5000 0.5910 190 149 155
13.3750 16.5000 0.1230 170 110 182
-19.0625 -21.0000 3.5440 121 164 250
-24.8750 11.0000 1.5480 207 159 102
24.3125 1.0000 0.1200 156 123 134
-23.0625 24.0000 4.8920 99 136 247
-9.8750 -9.0000 0.7050 168 211 98
3.1875 15.5000 1.2010 254 93 158
18.0625 10.0000 0.8960 219 139 159
-4.6250 0.0000 1.2670 226 94 110
12.0625 -6.5000 1.4220 226 178 106
23.9375 17.5000 0.1180 162 172 98
-20.6250 -16.5000 5.7700 74 117 217
-14.9375 -4.5000 0.1200 139 90 168
17.5000 -18.5000 0.1150 197 178 74
-14.0625 17.0000 1.3950 228 102 105
-16.8750 3.5000 1.6030 210 157 92
-7.3750 -15.5000 1.4130 243 107 108
9.5625 -18.0000 0.1210 170 173 97
-14.0625 -18.0000 6.0010 84 105 199
-16.8750 -9.5000 1.4980 225 129 95
-22.0000 14.0000 1.4240 236 127 98
-3.5625 9.0000 5.3630 73 133 224
19.3750 0.0000 0.3040 175 102 212
-7.3125 13.0000 4.1610 107 148 246
6.3750 -22.0000 1.1510 237 69 124
-1.0625 16.0000 1.2310 246 82 138
-21.1875 -14.5000 6.0650 70 103 220
-9.4375 24.0000 1.6840 194 158 138
-2.3750 1.0000 1.3160 230 113 106
10.5625 -1.5000 3.7270 111 164 254
-2.3125 -5.0000 0.9530 213 155 145
21.6250 24.0000 0.1130 173 146 115
-11.8125 23.0000 2.6390 144 206 244
15.4375 -13.5000 0.1150 169 142 94
-21.8125 -17.0000 5.5150 72 123 228
-10.7500 18.5000 1.3410 235 74 123
17.5000 6.5000 0.9910 211 92 171
-15.4375 -5.5000 0.1860 147 99 170
-8.1875 14.0000 4.0380 106 136 240
-3.6250 1.0000 1.2430 234 93 120
20.6875 9.5000 0.3330 178 147 173
9.3125 -0.5000 4.0830 97 154 254
23.4375 -19.5000 0.1130 197 163 55
-5.1250 0.0000 1.2490 225 101 116
11.9375 19.0000 0.1570 160 103 192
10.5000 11.5000 1.1210 233 81 130
16.5625 20.5000 0.1700 164 171 135
-2.1875 -15.0000 1.2030 231 125 87
-8.3750 15.0000 1.3330 243 79 92
16.4375 -17.5000 0.1040 204 159 68
-23.1875 -11.5000 1.3850 234 95 103
2.0000 -20.0000 1.3070 249 94 132
19.3750 15.5000 0.1360 177 126 131
-16.7500 -23.0000 1.5990 215 170 90
21.9375 20.5000 0.1150 194 141 119
-8.8750 -8.0000 0.1120 146 127 141
-19.2500 -21.5000 2.0580 174 224 158
-14.8125 11.0000 1.4720 229 119 86
17.1875 18.5000 0.5350 175 206 124
-18.5000 -2.5000 1.6720 181 197 71
9.1875 -13.5000 0.1250 190 112 161
-17.4375 6.0000 1.5820 211 149 80
8.6875 -3.5000 3.9180 97 175 254
7.8125 19.5000 1.3060 237 138 127
18.1250 -18.0000 0.1090 202 172 73
-18.4375 12.5000 1.3870 243 111 100
8.0625 7.5000 4.9690 69 154 250
14.8750 4.5000 1.2450 229 111 134
-17.7500 21.0000 3.8920 116 137 254
11.5625 -10.0000 0.9940 217 120 151
-5.5625 -8.0000 0.1050 158 127 116
0.8750 -15.5000 1.2380 225 158 94
-9.8125 11.0000 3.9860 103 149 240
-15.4375 -0.5000 0.1100 152 113 173
-23.1875 -1.5000 1.5750 210 141 98
11.3125 14.5000 1.1430 222 134 140
18.1875 14.0000 0.1170 166 123 158
-17.1875 17.5000 1.4740 217 113 105
13.6875 -16.5000 0.1220 177 172 74
13.8125 9.0000 1.1200 227 80 154
20.8125 -11.5000 0.1110 168 189 87
0.5000 14.0000 5.7180 84 138 229
3.9375 1.0000 5.1420 72 125 229
9.8750 23.0000 6.1490 63 149 203
-12.0625 22.0000 1.7830 202 198 127
13.3125 8.0000 1.0380 222 55 145
14.1875 -23.5000 0.1180 149 154 129
23.1250 22.0000 0.1100 193 129 112
18.1875 10.0000 0.9240 222 140 152
21.1250 7.0000 0.9690 218 162 85
24.5625 -1.5000 0.1140 159 160 107
11.0000 -13.0000 0.9500 199 198 127
14.4375 -11.0000 0.1390 153 147 162
8.8125 5.0000 4.6270 70 145 241
-0.3125 -4.5000 1.0950 232 109 136
21.1875 23.0000 0.1150 179 147 127
-17.1875 3.0000 1.6320 198 153 81
-18.8750 -7.5000 1.4640 240 126 103
19.8750 13.5000 0.1420 159 116 167
-2.0625 -6.5000 0.3670 157 148 175
-17.1250 4.5000 1.6040 217 155 75
-8.1250 1.5000 1.1670 220 130 118
0.7500 -7.5000 0.5770 189 148 157
17.0625 -2.0000 1.0190 224 129 170
1.9375 -20.0000 1.2910 250 89 135
21.3750 -5.0000 0.5080 190 206 145
5.0625 14.5000 1.1580 237 82 166
-0.3125 9.5000 5.9460 61 139 222
-21.9375 -17.5000 5.3660 76 123 224
-21.3125 -18.5000 5.2700 86 136 221
-17.4375 -6.0000 1.6060 200 159 102
-10.3125 10.5000 4.0120 104 148 242
-9.2500 -23.5000 5.7460 81 100 233
13.3125 -16.5000 0.1240 178 171 80
-5.5000 4.5000 5.4180 68 130 233
-17.3125 -14.0000 5.5710 92 92 235
1.0625 0.0000 5.5570 84 127 226
-16.3125 20.5000 3.9040 114 145 254
-17.8125 0.5000 1.6930 194 180 75
13.6250 13.0000 1.1210 226 118 129
9.4375 19.5000 1.2090 240 120 126
20.3750 8.0000 0.9480 219 160 122
21.1875 -3.5000 0.8910 221 234 62
-16.5000 6.5000 1.5410 231 139 78
-18.7500 -15.5000 5.9850 70 108 223
24.0625 5.5000 0.1120 154 124 145
24.3750 -10.0000 0.2240 167 172 95
8.1875 -3.0000 4.0450 93 166 254
-21.8750 -18.0000 5.2700 81 122 220
21.8125 -20.5000 0.1240 197 164 64
11.5625 -1.0000 3.6150 104 167 254
3.9375 -9.5000 0.8190 184 172 135
-5.9375 23.5000 1.3720 244 100 135
6.0625 9.0000 5.4460 76 125 237
-21.5000 18.5000 1.4620 237 122 95
-17.6250 21.5000 3.6410 121 153 254
19.4375 -24.5000 0.1210 188 164 56
20.1875 -6.5000 0.7970 175 221 113
-5.6875 -20.0000 5.4280 81 110 254
-8.3125 15.5000 1.3420 242 81 93
10.3750 -22.5000 1.0450 233 120 129
23.1875 19.0000 6.3890 56 249 84
16.4375 8.5000 1.0250 221 81 134
12.6875 9.0000 1.0480 227 67 142
10.5625 2.0000 4.0530 86 141 239
-17.5000 17.0000 1.4650 219 111 104
5.5625 -3.5000 1.3010 226 140 112
14.0625 -3.0000 0.9400 209 97 199
-24.3125 0.5000 1.9340 160 193 141
-8.5625 16.5000 1.3490 242 81 98
21.0625 0.0000 0.1130 148 117 190
-16.1250 -3.5000 0.1200 159 86 180
-20.0625 21.5000 1.7850 201 187 139
9.2500 -2.0000 3.9480 95 162 254
10.1250 -19.5000 0.2990 181 126 175
20.3750 6.5000 0.9580 207 129 106
14.5000 -11.5000 0.1160 152 147 152
-10.5000 -12.0000 1.5320 223 148 80
12.7500 13.0000 1.1340 230 116 128
7.3125 -11.5000 0.4780 185 142 153
-21.2500 -20.5000 1.4840 237 149 68
21.2500 17.5000 0.2950 173 190 142
-19.5000 -22.5000 1.4400 245 138 75
5.4375 19.5000 1.5460 207 190 108
-18.8125 -19.5000 5.4010 85 129 227
-19.8125 -8.5000 1.4370 239 116 113
3.3125 -21.5000 1.2810 248 77 134
-7.4375 -20.5000 5.7280 82 101 254
-6.8125 -11.5000 0.9680 207 142 92
-24.8750 -1.0000 1.7660 184 176 120
23.3750 -16.5000 0.1270 183 161 92
-20.5000 -8.0000 1.4460 228 91 108
19.0625 20.0000 0.1170 149 178 121
-11.6875 16.5000 1.3820 238 105 121
12.4375 23.0000 0.1900 156 90 192
19.2500 -6.0000 0.8360 198 178 135
-7.3125 -23.5000 5.9660 82 112 240
-14.7500 21.0000 1.7330 212 199 122
13.8125 -15.5000 0.1460 180 167 74
-12.4375 3.0000 1.2530 251 106 104
-13.5000 -1.0000 0.1170 144 120 134
-2.1250 -6.0000 0.7740 174 175 127
-15.8750 21.5000 3.8520 115 153 254
17.4375 -9.5000 0.1170 162 146 152
16.5625 -22.5000 0.1460 173 167 105
1.0000 3.5000 5.8330 51 123 228
-13.4375 12.5000 1.4270 242 117 112
10.0000 10.0000 1.1230 236 82 136
-7.0000 -13.5000 1.3240 241 123 90
2.1875 3.5000 5.6290 60 128 224
19.5000 -15.0000 0.1080 174 175 62
12.6875 20.0000 0.1650 165 119 184
15.6875 16.5000 1.0910 204 216 69
-14.5000 -22.5000 5.2440 91 120 233
-0.2500 -22.5000 1.3800 252 113 133
23.9375 -2.0000 0.1270 156 156 134
6.1875 -6.5000 0.9230 215 121 157
-17.9375 -20.0000 5.3440 87 127 224
-11.7500 -20.0000 6.1180 70 88 223
8.6875 -9.5000 0.9390 217 146 167
-23.7500 -10.0000 1.4200 234 105 110
-8.8125 24.0000 3.9710 119 116 254
-16.8125 -11.5000 1.6260 221 137 98
20.4375 -18.5000 0.1110 187 175 86
17.4375 17.0000 0.1710 179 137 157
-12.0000 -19.5000 6.0690 70 89 226
-2.1875 -0.5000 1.2290 228 90 133
16.5625 -23.0000 0.1100 173 164 105
17.8125 -18.0000 0.1160 200 175 75
-0.0625 14.5000 1.2200 247 92 134
5.8125 -7.5000 0.9980 225 124 132
4.7500 21.0000 1.2860 236 120 117
23.5000 9.5000 0.1140 182 110 159
10.7500 -18.0000 0.1120 157 150 140
21.6875 -24.0000 0.1240 192 168 47
13.8125 -18.5000 0.1130 165 177 79
-15.3750 23.0000 1.8240 195 198 145
-23.6875 -1.5000 1.5870 207 140 103
11.1875 -20.5000 0.8170 217 151 117
-22.1250 8.5000 1.5760 199 203 64
-11.1875 -7.5000 0.2760 169 110 126
6.5625 5.5000 5.0900 72 127 235
9.8125 22.5000 5.9140 63 154 213
17.9375 -25.0000 0.1210 170 154 71
3.0000 15.5000 1.2060 254 93 159
-16.9375 16.5000 1.4650 224 121 107
2.4375 -24.5000 1.3100 235 88 129
9.3125 6.0000 4.6210 69 164 246
-24.8750 -25.0000 4.2670 128 106 224
7.1875 1.0000 4.5840 78 141 228
13.1250 21.0000 0.2000 164 102 181
19.0000 7.0000 1.0110 219 99 163
-14.0625 10.0000 1.4580 243 128 84
11.8125 -11.0000 0.9970 222 119 144
-4.9375 -17.0000 1.3690 243 89 112
-21.8750 0.0000 1.6150 198 166 81
-4.1875 -19.5000 5.1400 96 117 253
-8.1250 -3.5000 0.1190 159 147 133
-23.7500 22.5000 1.5790 214 164 104
-21.5000 23.0000 4.7810 87 138 254
-13.0625 8.5000 3.7720 104 148 247
17.6875 9.0000 0.9800 224 137 141
7.8750 -23.0000 1.3740 227 134 74
-21.0625 2.5000 1.6800 185 187 85
10.8750 -18.0000 0.1270 157 151 139
-23.3750 -14.5000 1.3040 246 90 114
7.4375 -0.5000 4.4030 93 145 237
12.6250 13.0000 1.1130 230 111 133
-10.5000 -19.0000 5.7750 79 96 231
5.6875 -9.5000 0.8290 203 159 143
-23.2500 -14.5000 1.2960 248 89 113
15.6250 -13.0000 0.1120 165 139 98
-12.0000 -2.5000 0.1200 165 131 118
13.5625 18.5000 6.1730 56 192 169
15.7500 19.5000 6.1310 42 252 150
16.3750 9.5000 1.0470 221 104 147
-14.7500 -16.0000 5.6140 80 112 229
4.0000 1.0000 5.1710 72 125 228
9.4375 -1.5000 3.9530 96 161 254
-10.3125 -0.5000 0.9600 197 181 142
-17.1875 -4.0000 0.1340 160 72 187
22.8125 16.5000 0.1320 177 154 143
-8.5000 13.5000 4.0220 111 136 244
19.3125 -25.0000 0.1120 177 156 51
-23.0000 -16.5000 5.5310 75 119 229
-5.1250 16.5000 1.2680 254 82 119
-12.0000 -13.0000 1.5050 240 116 76
8.0000 18.0000 1.3840 226 140 111
23.5000 7.0000 0.2800 172 117 172
21.3750 5.5000 0.9040 210 162 120
-9.6250 9.5000 4.0780 97 152 238
7.5000 -2.5000 4.2100 96 147 238
-14.4375 -13.5000 1.6770 222 150 95
-7.1875 12.0000 4.2240 104 148 241
3.5000 -8.5000 0.7620 197 130 163
-10.8750 -3.5000 0.1200 161 137 128
-4.5000 -7.5000 0.1340 148 124 140
-14.3750 -9.5000 1.4950 223 130 54
19.5625 -22.0000 0.1110 190 163 74
12.5000 8.0000 1.0770 219 66 144
-21.1250 0.5000 1.6550 195 170 85
2.1250 4.0000 5.7180 58 124 225
-10.9375 5.0000 1.2810 233 102 100
11.2500 21.5000 0.2880 163 103 196
24.6250 4.0000 0.1090 153 123 126
17.0000 21.0000 0.1140 176 140 128
6.5625 -10.0000 0.9740 216 169 105
-1.1875 5.0000 6.2470 55 128 220
18.9375 16.0000 0.1180 174 125 135
24.8750 24.0000 0.1100 163 135 70
-22.8125 -1.5000 1.5910 210 147 95
-10.3125 -13.5000 1.4780 236 125 78
-3.3125 -1.5000 1.2460 239 107 138
6.0000 17.0000 1.8110 185 223 138
-9.5000 -13.0000 1.4730 235 125 75
-20.1250 -23.0000 1.4120 244 127 83
18.3125 -20.5000 0.1220 196 176 55
21.3125 1.0000 0.1150 148 117 195
5.6875 18.5000 1.6600 200 208 117
-18.3750 16.0000 1.4240 228 106 96
4.1250 -6.5000 1.0070 226 106 146
2.5000 -24.0000 1.2940 245 81 134
-22.4375 -12.5000 1.4070 241 111 104
19.6875 23.5000 0.1150 167 143 104
21.7500 -7.0000 0.7640 204 206 111
8.8125 21.5000 6.1550 64 155 216
-3.8125 -6.0000 0.1520 153 86 151
-7.3125 -12.5000 1.2740 226 132 86
-12.7500 24.0000 1.7190 197 170 135
-16.8125 5.0000 1.5650 218 135 86
14.9375 9.5000 1.0120 220 91 160
-14.7500 -19.0000 5.9790 76 109 206
7.6875 -6.0000 1.9390 163 210 153
-14.5000 -11.5000 1.5030 237 116 77
-11.8125 20.5000 2.6200 146 207 254
-19.6250 -2.5000 1.6550 184 186 80
21.0625 -2.0000 0.0920 154 142 193
5.8750 13.5000 1.1620 242 65 138
2.7500 -3.0000 1.3360 227 123 97
-19.3125 18.5000 1.4810 233 126 100
14.4375 6.0000 3.7630 96 157 254
-9.7500 -9.0000 0.6500 166 207 105
10.8750 0.5000 3.9040 99 139 254
24.7500 21.5000 0.1160 181 140 95
9.3750 -9.5000 1.4930 200 209 105
14.0625 24.0000 0.2300 158 124 147
-14.5000 -13.0000 1.5860 231 131 90
20.4375 -23.0000 0.1030 186 148 58
-20.8750 11.0000 1.4880 222 148 92
14.1875 22.5000 0.1590 163 114 146
10.5000 3.5000 4.2150 77 153 234
20.3750 0.5000 0.1600 162 109 214
21.4375 12.0000 0.1130 192 108 173
14.2500 -20.5000 0.1160 169 126 135
-19.5625 -25.5000 1.4260 227 117 91
8.5000 22.0000 1.2730 236 135 116
14.1250 15.5000 0.1150 172 123 200
-14.5000 4.5000 1.5370 216 149 79
-23.8125 -18.5000 1.6400 208 172 99
19.1875 -16.5000 0.1260 191 144 76
14.0000 18.0000 1.0970 212 194 53
17.1875 11.0000 0.7570 193 121 179
-2.8125 -19.5000 1.4170 245 134 96
22.6875 -24.5000 0.1340 190 170 34
10.5625 15.0000 1.0350 220 114 155
17.6250 -3.5000 0.4610 175 118 227
-24.0000 1.5000 2.0160 148 205 159
-0.8125 -22.5000 3.2150 129 184 254
4.1250 -23.0000 1.8870 170 202 138
24.2500 -21.5000 0.1230 186 176 46
19.3750 20.0000 0.1160 150 178 119
-11.8125 14.5000 1.4180 239 109 114
6.1250 -10.0000 0.8450 210 166 126
-10.3125 5.5000 4.2500 90 151 231
23.2500 -21.5000 0.1260 190 174 55
19.0000 -15.0000 0.0830 188 154 77
15.0625 -4.5000 0.9460 231 115 160
4.8125 5.0000 5.3440 71 133 215
8.9375 -2.0000 3.9880 94 161 254
17.5625 -8.5000 0.1150 163 131 162
-3.1875 -12.0000 0.1450 159 134 156
21.8750 14.5000 0.1140 174 149 144
6.0625 12.0000 1.1840 245 73 125
9.5625 -4.5000 3.6960 104 187 254
3.3750 18.0000 1.2450 250 104 133
11.5625 2.0000 3.9130 86 155 254
11.5625 17.5000 0.1170 180 100 202
24.5000 16.5000 0.1130 163 173 90
20.3125 -16.5000 0.1190 181 170 88
5.3125 -8.5000 0.9890 220 127 129
-1.4375 20.5000 1.2780 239 105 142
17.3750 -1.0000 1.0350 223 139 168
24.3125 -18.0000 0.1290 187 186 56
4.8750 12.0000 1.3070 225 105 111
-18.7500 16.5000 1.4340 224 109 99
21.3750 18.0000 0.1570 168 166 134
-9.6250 -24.0000 5.4940 85 101 238
-22.0625 12.5000 1.4620 238 143 86
-8.3750 -17.0000 1.4720 240 113 91
-20.1875 -14.0000 5.8870 76 98 214
-15.2500 11.0000 1.4580 233 111 91
3.0625 24.0000 1.9240 178 207 145
4.3750 0.0000 4.9590 91 127 236
-24.8750 -18.5000 1.5720 211 153 105
-14.0625 19.5000 3.9720 108 139 254
-14.2500 23.5000 1.8010 202 185 135
-2.4375 -16.5000 1.2700 247 97 112
0.0625 -23.0000 1.3940 252 116 131
16.1875 19.5000 5.8800 44 253 155
-5.5625 18.5000 1.3200 254 94 135
-15.7500 -5.5000 0.1580 145 95 176
15.6250 21.0000 0.1120 179 138 141
8.1250 -12.0000 1.6660 179 254 100
2.0000 -9.5000 0.1290 161 110 146
2.0625 -18.0000 1.2680 233 126 109
1.1875 0.0000 5.6220 84 126 225
16.1250 14.5000 0.1190 165 120 180
-15.5625 22.5000 1.7490 205 198 131
9.9375 7.0000 4.5890 69 160 248
17.8125 14.5000 0.1140 167 123 161
6.1875 6.0000 5.1860 68 137 242
-2.0625 22.0000 1.3530 250 113 123
-23.8125 23.0000 4.7470 98 135 249
-17.5625 24.0000 3.7350 112 160 254
-19.6875 1.0000 1.6810 195 173 79
-8.6875 5.5000 4.3830 101 128 232
5.5000 23.0000 1.2730 239 128 126
-22.9375 -16.0000 5.6340 74 117 230
21.7500 22.5000 0.1130 188 141 129
12.2500 -1.0000 0.9110 208 86 206
13.3750 20.0000 5.9240 65 203 176
14.6250 14.0000 0.1110 179 120 204
-14.0000 -25.0000 1.5310 208 147 77
7.8750 -11.5000 0.9000 191 195 160
23.2500 -19.5000 0.1180 198 163 58
-1.5000 -12.0000 0.1170 154 125 125
-10.7500 4.0000 1.2110 239 92 104
-21.7500 17.5000 1.4390 239 117 100
-2.4375 15.0000 1.2510 242 86 108
-12.8750 -23.5000 5.2480 93 122 229
-22.7500 -15.0000 1.4060 244 113 100
-11.0625 1.0000 1.0840 208 135 98
18.1875 -11.0000 4.8900 73 254 128
-2.3750 10.0000 5.4900 69 131 226
-2.8125 24.0000 1.3660 237 106 139
12.9375 -5.0000 0.9860 235 88 176
-10.8750 17.5000 1.3690 231 86 121
-20.1875 -11.5000 5.2760 90 107 241
-8.3125 5.0000 4.4680 100 126 226
0.7500 -25.0000 1.3560 232 95 137
-22.3125 -18.0000 5.2460 78 127 223
-23.1875 -5.0000 1.5320 217 123 110
-11.0000 4.0000 1.2230 243 99 107
-24.8125 -22.0000 1.3480 235 94 126
13.6250 3.0000 3.6300 97 158 254
12.9375 -16.0000 0.1080 174 170 88
6.2500 10.0000 5.4970 74 124 239
19.4375 9.0000 0.9420 222 142 144
-24.8750 -9.0000 1.3950 231 99 123
24.8750 -18.5000 0.1110 188 185 47
7.6250 17.5000 1.7210 183 198 129
-17.3125 16.5000 1.4580 225 119 106
-7.8750 -19.5000 5.6020 83 101 226
-0.2500 15.0000 1.2140 251 87 135
2.4375 24.0000 1.3170 232 128 138
13.7500 -2.0000 0.9460 209 90 192
-4.0625 -4.0000 1.1050 213 163 134
-21.8125 23.0000 4.8000 86 139 254
-13.6250 20.0000 1.7420 208 201 139
14.6875 10.5000 1.0680 221 101 155
-18.9375 11.5000 1.3370 242 99 104
-4.4375 21.5000 1.3360 249 101 135
-5.5000 -10.5000 0.5990 174 137 131
-10.6875 22.0000 1.7150 197 178 139
12.5000 -15.5000 0.1290 171 174 91
10.4375 -23.5000 0.9850 226 115 137
2.2500 -17.5000 1.2650 228 168 80
12.8750 -23.0000 0.1190 151 137 157
-19.5625 -16.5000 5.9660 69 116 223
17.1875 -10.0000 0.1250 154 133 150
17.5000 -4.0000 0.3170 173 118 207
7.6875 7.5000 5.0330 73 145 246
-5.5625 16.0000 1.2410 254 79 119
7.5625 4.0000 4.7630 69 134 240
-21.8750 -13.0000 1.4400 242 125 98
-12.8125 24.5000 1.7130 205 166 130
14.4375 1.0000 0.9770 218 81 194
-20.3750 2.0000 1.6620 193 182 80
-13.8125 -1.0000 0.1160 152 116 139
-20.3125 -2.0000 1.6560 182 178 87
-0.6250 -11.5000 0.1400 163 132 118
18.1250 16.0000 1.9860 157 254 79
16.7500 3.5000 1.0560 232 82 159
-19.1875 -15.5000 6.1740 68 102 221
-20.7500 -8.0000 1.4450 231 92 105
-14.8750 9.0000 1.4810 233 121 79
0.9375 -21.0000 1.3570 247 97 118
-8.5000 4.5000 1.2840 236 103 96
-11.0625 -13.0000 1.4870 236 121 73
6.6875 -23.0000 1.2070 239 78 108
-18.6875 18.5000 1.4690 236 123 99
-11.5625 19.5000 3.8900 111 128 254
-24.9375 1.0000 1.8880 165 229 141
-22.0000 -1.5000 1.6140 209 156 93
-12.3125 -4.5000 0.1210 163 144 111
-23.4375 -21.5000 1.3750 244 104 108
10.2500 -7.5000 1.7240 192 226 121
1.6250 0.5000 5.5060 64 132 231
6.1875 1.0000 4.7420 73 138 231
-8.5000 19.5000 1.3540 237 89 130
-11.1875 5.0000 1.2540 237 94 105
-24.6250 -5.0000 1.5060 210 104 121
3.9375 -22.5000 1.2840 247 86 122
11.5000 -3.5000 1.0160 218 95 188
-14.5000 -20.0000 5.8290 79 109 207
23.0625 15.0000 0.1170 176 150 134
-8.1250 18.5000 1.3260 239 81 128
-21.0625 -7.5000 1.4550 231 95 106
-5.3125 13.0000 1.2410 241 88 114
15.6875 2.5000 0.9470 236 61 183
9.5000 0.0000 4.1170 83 148 243
5.2500 -6.0000 0.9700 218 112 171
14.9375 -0.5000 1.0730 221 123 174
-21.2500 -2.0000 1.6050 210 154 94
-14.3750 -22.0000 5.3940 88 118 230
15.0625 2.5000 0.9760 225 86 186
-17.4375 23.0000 1.8500 196 202 154
7.6250 12.5000 1.1780 240 76 125
16.8125 15.5000 1.0750 202 212 70
-17.9375 -18.0000 5.7840 83 110 217
-15.2500 -18.0000 6.1280 77 111 207
-18.7500 -19.0000 5.4720 84 127 227
-12.5625 15.5000 1.4000 241 110 117
-24.0000 9.0000 1.1920 208 153 121
-23.0000 17.5000 1.4010 239 116 107
10.4375 24.0000 6.0920 66 188 185
10.4375 9.0000 1.1580 234 91 128
10.8750 4.0000 4.1880 75 158 245
-19.5625 -5.5000 1.5100 214 156 89
12.1250 -13.5000 0.4020 169 171 151
-13.0000 21.5000 1.8140 200 200 133
14.8125 10.5000 1.0620 221 100 156
-7.4375 -19.0000 5.3580 89 109 254
0.7500 23.5000 1.3240 238 123 134
-11.6250 9.0000 1.7700 194 198 99
9.3750 16.5000 1.1890 233 123 133
8.5000 -16.0000 0.1150 167 170 111
-5.8750 -10.5000 0.8370 194 145 103
21.5000 16.5000 0.3930 180 209 136
-10.0000 2.0000 1.1940 222 131 115
-22.0625 -5.5000 1.5460 221 127 104
-23.3125 -15.5000 4.9030 92 121 237
-14.6875 -8.0000 1.4390 222 148 40
-18.1250 12.0000 1.3650 244 104 101
-19.8750 -20.5000 1.7090 206 182 94
0.3125 -2.0000 1.1240 243 88 146
-14.5625 20.0000 3.7030 122 142 254
-1.8750 16.0000 1.2320 239 81 116
-2.5000 0.5000 1.2840 231 106 109
-0.4375 6.0000 6.2760 49 130 212
4.8125 -1.5000 4.7440 87 144 235
22.8750 -24.0000 0.1220 194 169 40
-0.8125 3.0000 6.0720 53 119 232
18.5625 16.0000 6.0950 54 228 151
22.2500 22.0000 0.1110 192 137 126
6.9375 14.5000 1.1730 236 74 138
-1.1875 23.5000 1.3500 248 121 131
-7.6875 11.0000 4.2150 101 143 240
-6.0000 -17.5000 1.4290 242 105 101
10.9375 12.0000 1.1750 229 104 129
-15.5625 18.0000 1.4370 239 123 103
-20.3125 -17.5000 5.6080 74 129 222
-21.8125 -4.5000 1.5710 215 137 105
4.9375 -6.0000 0.9770 217 113 171
6.5000 -7.5000 1.0050 227 127 130
-13.4375 3.5000 1.3810 241 127 97
14.4375 -18.0000 0.1140 174 172 88
6.7500 -8.5000 0.9520 221 128 134
-16.0000 15.5000 1.4470 225 120 106
15.8125 -14.5000 0.0960 171 137 79
0.3125 13.0000 5.7620 72 132 235
-17.3125 -15.5000 5.8520 79 121 219
19.1250 1.0000 0.8600 214 119 191
17.7500 -19.5000 0.1380 193 181 64
-4.3125 21.5000 1.3320 251 102 133
17.1875 -25.0000 0.1100 166 161 79
18.1875 -11.5000 2.0950 154 254 66
-11.8125 -4.0000 0.1170 162 143 109
20.7500 -12.0000 0.1110 160 199 99
22.2500 -13.5000 4.8790 68 254 111
12.0625 -12.5000 0.8050 180 194 139
-1.1875 0.0000 1.2420 229 93 104
-15.6875 -25.0000 1.4670 220 139 88
-13.3125 10.0000 1.4490 234 129 88
22.2500 -1.0000 0.1240 155 146 176
13.0000 4.0000 3.8210 90 156 254
13.0625 -12.0000 0.5780 171 169 171
18.1875 4.5000 1.1910 226 121 127
-6.5000 -7.0000 0.1310 156 132 122
4.8750 17.0000 1.1970 236 105 151
-23.0625 22.5000 1.6400 212 183 102
15.2500 -14.5000 0.1060 171 143 83
1.0000 -3.0000 1.1610 230 98 140
-2.1250 14.5000 1.2630 230 86 108
19.5625 -25.0000 0.1260 177 158 50
-17.8125 20.5000 1.6930 207 165 118
-18.3750 10.0000 1.4360 235 133 101
-5.6250 -12.0000 1.0800 219 130 93
11.9375 -10.5000 0.9970 224 119 144
2.3125 -25.0000 1.2950 234 85 130
19.1875 0.5000 0.8370 209 119 193
-18.3750 18.5000 1.4660 237 122 99
-12.8125 -12.5000 1.4970 237 113 81
-10.0625 19.5000 1.3760 234 97 132
6.5625 21.5000 1.3010 248 134 109
-13.6875 -19.5000 6.0220 74 93 224
6.3125 4.0000 5.0000 65 129 241
-16.8750 17.0000 1.4650 225 120 119
-15.8750 -10.5000 1.5170 236 125 80
-16.3125 -16.5000 5.9940 74 105 223
7.1250 -1.0000 4.3790 96 144 239
23.7500 23.5000 0.1140 178 130 95
19.5625 17.0000 0.4650 181 181 129
-8.2500 -0.5000 1.1120 218 121 108
19.4375 -12.0000 4.9430 76 254 106
-10.8125 -22.0000 5.8440 80 121 204
-2.7500 12.0000 5.2080 71 140 238
5.9375 24.5000 5.8540 90 134 213
-4.1875 -11.0000 0.1520 155 135 167
-1.6875 -10.0000 0.1030 161 123 120
14.1875 18.0000 0.1210 170 120 152
-20.2500 8.0000 1.6980 186 192 98
16.5000 8.0000 1.0330 221 83 133
7.0625 -22.5000 1.3050 233 100 99
-14.3125 -14.5000 5.2370 101 98 237
19.2500 -11.5000 0.1310 174 168 125
-9.8750 19.5000 1.3690 236 95 131
24.6250 -11.5000 0.1860 160 176 62
7.9375 11.5000 1.1460 230 107 152
13.8125 -6.5000 1.2920 239 138 112
-1.5625 14.0000 5.2730 74 138 234
0.4375 14.0000 1.2680 238 117 138
-9.0625 2.0000 1.2310 224 135 108
-8.1875 23.5000 1.4120 240 108 128
-19.8750 6.5000 1.6230 199 176 93
-12.5625 9.5000 3.7690 104 145 246
24.1250 2.5000 0.1180 167 146 133
-24.4375 2.0000 0.2420 158 91 167
-9.6875 -12.5000 1.5070 228 130 80
-10.5000 8.0000 4.0790 98 149 235
-5.8750 13.5000 1.3650 238 118 107
22.1250 -22.0000 0.1050 196 166 60
16.3750 0.0000 1.0520 225 105 162
19.0625 -20.0000 0.1220 198 172 57
-12.1875 21.0000 2.6800 141 217 254
4.9375 17.5000 1.2420 234 116 144
18.7500 18.5000 6.4280 51 235 135
9.1875 23.5000 1.2660 224 134 119
9.0000 -19.0000 0.2120 169 123 183
-11.9375 18.0000 1.3550 245 99 121
15.6875 16.5000 0.1590 179 121 194
6.0000 -24.0000 1.2240 235 79 107
2.0625 9.0000 6.1110 61 124 235
1.2500 14.0000 1.2380 234 95 145
-23.8750 14.0000 1.4070 233 114 110
0.1875 -5.5000 1.0270 227 108 141
5.7500 17.5000 2.0130 169 228 172
12.1250 -12.0000 1.0800 226 124 123
11.8125 -1.0000 3.6250 109 166 254
-6.5625 -1.0000 1.1770 216 135 119
20.4375 -25.0000 0.1210 177 153 43
7.7500 -22.0000 1.1790 236 98 127
-21.5625 6.0000 0.2010 170 83 146
-8.3125 -0.5000 1.1250 218 122 105
1.5000 16.0000 1.1870 246 94 155
-20.8125 -19.5000 1.5320 231 164 68
8.0000 14.5000 1.1410 229 116 156
-22.1250 18.5000 1.4380 240 116 97
-10.1250 15.5000 1.3920 240 95 96
-1.1250 0.5000 6.0070 64 131 222
12.0625 -18.5000 0.1210 168 158 141
23.8125 -21.0000 0.1250 186 178 49
9.5625 3.5000 4.3820 70 153 242
16.3750 5.5000 1.0060 225 66 166
-6.8750 16.0000 1.3180 254 94 118
-16.0625 20.5000 3.9400 115 144 254
14.7500 19.5000 0.6470 186 208 109
-13.8750 -5.5000 0.1140 153 117 147
6.8125 7.5000 5.1910 68 134 244
-15.6875 15.0000 1.4480 226 119 104
-1.5625 20.5000 1.2640 242 103 144
-14.5625 22.0000 3.8640 117 150 254
-2.4375 -15.0000 1.2220 231 125 85
-2.6250 6.5000 5.8140 63 145 208
6.2500 7.5000 5.2870 67 132 245
12.6875 10.0000 1.1120 230 77 134
22.7500 -3.0000 0.1220 158 163 154
12.6250 -24.5000 0.1660 151 140 147
-2.3750 -5.5000 0.8850 208 157 145
-20.9375 -10.5000 1.4220 235 115 99
-17.1250 1.0000 1.7080 175 191 98
2.4375 1.0000 5.3590 70 132 226
17.0625 -25.0000 0.1290 166 162 79
16.6875 16.0000 0.9760 199 207 87
-16.1875 14.5000 1.4160 228 100 114
-16.6875 -17.5000 6.0320 81 99 216
-17.3750 -17.5000 6.0140 78 101 221
15.1875 -19.0000 0.1310 185 159 95
-5.3125 -24.5000 5.9880 85 100 243
1.3750 -10.5000 0.1530 164 138 119
2.2500 -18.5000 1.2730 233 124 109
-0.5000 -10.5000 0.1070 163 124 122
-15.9375 4.5000 1.5680 216 155 81
-22.2500 10.5000 1.5210 215 168 76
-14.7500 21.0000 1.7530 210 201 124
24.4375 -23.0000 0.1150 190 172 36
-17.8750 -12.5000 5.2320 97 107 236
-9.8750 14.5000 1.4020 239 94 97
23.8125 10.0000 0.1030 181 111 158
-24.7500 -1.5000 1.6950 188 165 119
-5.0625 -19.0000 5.1460 88 109 254
-9.0625 12.5000 1.6330 213 172 92
-18.1875 13.5000 1.3730 241 103 108
-12.8125 -23.0000 5.3250 88 121 232
6.3125 22.5000 1.2730 247 128 118
-14.1875 23.0000 3.3060 136 181 254
8.1875 20.5000 1.2880 236 140 134
7.3750 -23.5000 1.4280 224 124 92
12.0000 21.5000 0.2930 167 102 194
-8.2500 -20.0000 5.6950 80 102 227
14.1875 17.0000 0.1230 173 133 164
3.5625 -6.0000 0.9840 231 98 159
0.8750 -17.0000 2.0140 166 229 150
1.0000 -11.0000 0.1590 166 137 121
-4.0625 -17.5000 1.3760 242 112 101
21.5000 -22.0000 0.1270 193 168 64
11.5625 1.5000 3.8820 90 144 254
-10.6875 -21.5000 6.0060 79 117 202
-13.3750 -3.5000 0.1110 154 130 129
-9.9375 19.0000 1.3510 240 90 131
23.1250 3.5000 0.1190 158 113 175
18.2500 -21.0000 0.1200 194 174 74
8.1875 3.5000 4.6250 70 144 239
21.1250 -20.5000 0.1270 194 166 67
1.9375 9.5000 6.2060 61 121 235
1.0000 19.0000 1.2310 246 100 142
11.8125 9.0000 1.0930 227 72 139
17.2500 10.0000 1.0550 224 142 118
-12.5625 23.5000 1.7740 194 183 135
3.0625 21.0000 1.4060 237 162 96
-23.1875 -7.0000 1.4520 234 94 96
3.1250 -1.5000 5.0340 82 136 254
-14.3750 7.5000 1.5060 230 130 75
-5.1875 -9.0000 0.1300 147 110 122
-13.8125 -4.5000 0.1140 153 151 119
16.4375 22.0000 0.1110 176 130 136
6.8750 19.0000 1.4740 224 167 106
-8.6250 18.0000 1.3380 242 85 124
4.9375 -2.5000 1.1340 229 76 118
-14.8750 6.5000 1.5270 232 135 71
25.0625 22.5000 0.1160 178 132 82
-23.1875 -17.0000 5.3830 79 120 226
-15.7500 -5.5000 0.2680 154 107 169
-1.6875 13.0000 5.3100 74 135 230
24.9375 -14.0000 0.1190 169 202 53
-17.6250 -12.0000 5.1070 100 103 236
5.1250 8.0000 5.5130 70 128 248
1.7500 -15.0000 1.2290 211 175 91
-21.0625 -5.0000 1.5250 222 123 108
23.6875 -21.5000 0.1250 188 175 49
-20.2500 -21.5000 1.5710 224 158 79
14.0625 -17.5000 0.1180 187 170 63
-7.0625 9.0000 4.3770 96 142 230
-24.6250 -24.0000 4.2110 121 115 241
-8.8750 13.5000 1.7180 201 182 108
17.5000 0.0000 0.9840 215 137 198
9.1250 16.5000 1.1840 233 121 135
3.6875 14.0000 1.1940 246 88 151
-5.2500 15.5000 1.2430 254 79 117
7.3125 -21.0000 1.2280 221 142 101
-16.1250 8.0000 1.5130 227 135 81
-3.0000 20.0000 1.3320 237 100 133
20.5000 11.0000 0.1170 180 102 191
-1.3125 -20.5000 3.2270 130 186 254
-18.8125 -3.5000 1.7460 174 199 112
12.1250 0.0000 3.6300 93 155 254
-5.8750 2.5000 1.2130 232 88 121
-22.1875 4.0000 0.3120 167 81 145
-3.4375 -14.0000 1.2240 223 158 78
-16.1250 5.0000 1.5850 212 151 87
17.9375 0.0000 0.9890 224 121 173
-3.8750 2.0000 6.0160 63 114 236
-2.3750 -10.0000 0.1130 161 119 152
12.5625 1.5000 3.7020 91 153 254
13.5000 -3.5000 0.9260 223 81 184
-24.8750 -22.5000 1.3760 236 95 113
13.7500 15.0000 0.1140 172 103 175
-11.5625 -20.5000 6.1260 73 88 218
20.6250 -17.5000 0.1230 176 154 91
-9.4375 12.5000 1.4990 228 139 88
2.1875 18.0000 1.1990 249 88 146
13.6250 -10.5000 0.9510 220 123 149
8.1875 11.0000 1.0800 229 100 163
-12.9375 11.0000 1.4340 231 121 95
-24.1250 -10.0000 1.3760 237 95 114
17.2500 4.0000 1.0500 227 83 161
-7.5625 -21.0000 5.7880 81 100 254
-23.8125 -9.0000 1.4230 234 103 111
13.8750 21.5000 0.1230 163 101 167
1.8125 15.0000 1.1990 244 80 156
5.7500 4.0000 5.1010 65 127 237
-21.0625 -5.5000 1.4960 227 114 110
-6.1250 -16.0000 1.3890 245 95 112
-9.6875 -2.5000 0.1110 160 127 124
-3.1250 5.5000 5.7930 68 142 202
8.4375 6.0000 4.7690 71 161 246
21.3125 12.5000 0.1150 192 109 175
10.2500 -11.5000 0.9960 211 170 159
-12.7500 -19.5000 6.1500 69 88 226
17.8750 -25.5000 0.1200 168 154 69
-18.1250 -0.5000 1.7070 179 194 80
-6.5625 12.5000 4.2710 101 151 243
-14.0000 8.0000 1.4900 219 126 81
16.6875 -4.5000 0.9060 220 128 159
-20.0625 -4.5000 1.5120 210 157 97
2.0000 22.5000 1.6220 219 196 114
-8.7500 -23.5000 5.7090 82 99 233
-1.3125 7.5000 5.9660 57 129 220
-6.5000 5.5000 5.0620 76 120 234
-9.0625 24.0000 3.9580 128 110 254
6.1250 -1.0000 4.5890 90 145 241
-15.0000 -9.5000 1.5150 223 134 55
-15.3125 13.5000 1.4160 238 104 100
-7.3125 19.0000 1.3260 253 93 143
-22.0000 -15.5000 5.8410 71 115 228
0.0000 -17.0000 1.2710 247 134 93
-20.5625 0.0000 1.6890 187 148 102
-22.8125 -13.5000 1.4020 246 113 104
-23.6250 9.0000 1.2970 212 156 98
19.3125 23.0000 0.1130 164 142 122
-14.6875 22.0000 1.7490 207 198 127
-16.1875 -16.5000 5.9210 75 108 224
-3.7500 -19.5000 1.4000 245 123 100
20.1875 15.5000 0.1150 174 128 122
12.1875 -24.5000 0.0750 147 137 151
-1.8750 -12.5000 0.1270 158 103 155
-2.5000 9.5000 5.5010 69 132 224
-5.5625 -15.5000 1.3480 244 84 121
-12.0000 -24.0000 5.3040 92 119 220
24.0625 -23.0000 0.1020 192 169 38
-22.3125 14.0000 1.4330 237 129 92
-4.7500 9.5000 4.6240 96 138 214
23.6875 14.0000 0.1120 176 132 162
-7.3125 -15.0000 1.3870 244 105 109
15.4375 -15.0000 0.0920 171 139 76
-21.8125 21.5000 1.5170 236 152 79
13.3750 -6.5000 1.0700 245 96 149
20.6875 -11.5000 4.6600 67 254 138
3.2500 -3.0000 1.1320 233 81 123
20.3750 11.5000 0.1110 157 119 161
1.2500 4.0000 5.8430 52 122 228
-10.3125 9.0000 4.0320 100 150 233
8.4375 -8.5000 0.9650 225 118 159
14.7500 6.0000 3.6970 96 172 254
-18.6875 17.5000 1.4490 236 115 100
-20.7500 2.0000 1.6820 185 183 84
-20.7500 0.0000 1.6660 190 147 100
-7.3125 3.5000 5.1210 75 133 242
-10.8750 15.0000 1.4080 238 94 108
2.0000 4.5000 5.7570 60 122 223
23.0000 5.5000 0.1960 156 119 169
18.8750 -2.0000 0.2500 171 103 213
0.2500 1.0000 5.7970 63 133 225
21.0625 22.0000 0.1160 187 149 134
0.5000 -4.5000 1.0530 229 107 142
-8.5000 -20.5000 5.8250 80 100 222
-10.9375 10.0000 1.8220 186 210 113
16.6250 -10.5000 0.1170 152 143 136
-13.6875 -14.5000 5.1430 102 99 235
-7.6875 10.0000 4.2430 101 140 236
-10.6875 -22.5000 5.7440 81 101 228
-2.6875 -22.5000 2.3410 150 222 217
11.5625 21.0000 0.2360 160 100 198
12.0625 -2.0000 0.9240 215 83 199
20.0625 20.5000 0.1150 152 181 110
12.6250 19.0000 0.1180 160 104 183
3.0625 9.0000 5.9690 59 129 238
-2.6875 8.5000 5.5820 72 140 207
-20.8750 10.0000 1.5140 219 163 77
7.6875 -19.0000 0.8860 215 165 128
-8.4375 -19.5000 5.5880 79 104 232
15.1250 0.0000 1.0730 226 104 162
-11.0625 -4.5000 0.1210 162 143 100
5.3750 -25.0000 1.1840 223 64 115
-1.7500 4.0000 6.2740 60 116 215
-8.8125 -13.0000 1.4600 234 122 73
-13.6875 -21.0000 5.7440 83 119 223
-5.9375 -25.0000 5.7440 91 108 235
1.7500 1.0000 5.5010 72 133 220
-6.1875 16.5000 1.3130 254 93 118
-19.0625 -4.5000 1.6460 194 190 94
10.8125 -11.0000 0.9790 209 169 159
-7.4375 -19.5000 5.4710 87 110 254
8.2500 20.5000 1.2860 237 140 135
7.1250 10.0000 5.3530 76 123 237
-5.5000 -10.5000 0.1900 157 115 153
-13.7500 15.0000 1.4110 228 102 108
-22.1875 12.0000 1.4620 237 142 87
19.8750 1.0000 0.5060 177 109 215
-12.3125 20.0000 1.7350 204 189 138
21.6250 6.5000 0.8990 214 162 87
22.3125 -19.5000 0.1170 198 162 66
20.0625 6.5000 0.9690 208 103 164
6.5000 20.5000 1.3390 241 141 105
-20.1250 21.5000 1.7190 208 180 130
-3.0625 12.5000 5.1390 72 141 242
-0.5000 -9.0000 0.1350 162 115 128
24.2500 10.5000 0.1120 178 144 132
1.3125 -16.0000 1.3550 222 176 73
-2.5625 -17.0000 1.3110 247 106 104
0.1875 12.5000 5.7620 72 132 234
4.0000 -25.0000 1.3130 222 86 118
-9.5000 16.5000 1.3490 243 81 99
1.9375 -2.0000 1.2680 228 107 106
2.5000 1.0000 5.3890 68 131 226
4.7500 -20.5000 1.2360 232 78 128
-23.0625 9.5000 1.5350 209 174 76
-12.1875 22.0000 2.9440 135 204 254
-18.0000 1.5000 1.6590 197 176 72
-20.3125 2.0000 1.6710 193 183 81
-21.0625 20.5000 1.5130 222 130 89
0.8750 -19.5000 1.3290 249 106 103
-4.9375 -5.0000 0.6920 178 193 105
9.6875 18.0000 0.7600 214 83 203
1.1250 19.0000 1.2190 245 97 144
20.5000 23.0000 0.1140 171 142 100
9.6875 -2.5000 3.8510 99 164 254
25.0000 -20.0000 0.1120 181 180 38
-1.5625 -18.0000 1.3410 240 119 104
22.8125 -22.5000 0.1200 197 167 55
-9.4375 -8.0000 0.1240 146 131 146
-18.3125 -4.5000 1.7060 184 201 96
14.8750 -3.0000 0.9530 223 109 190
15.5000 6.0000 3.5750 97 184 254
-8.6250 -17.5000 5.2470 90 101 241
19.7500 -10.5000 0.1220 173 173 124
-17.5000 16.5000 1.4530 225 117 105
21.5625 -5.5000 0.4720 189 201 145
-19.0000 3.5000 1.6550 207 168 76
-19.2500 -24.0000 1.4270 242 131 76
19.1875 -17.0000 0.1140 191 142 73
4.6250 -15.5000 0.1660 151 114 200
18.6875 -15.5000 0.1140 186 147 77
-13.1875 23.5000 1.7220 210 177 125
-24.2500 -16.5000 1.3640 228 103 108
-11.8750 -9.0000 1.2420 202 171 38
2.5625 -24.0000 1.2950 245 81 134
-13.5625 -22.0000 5.4840 90 117 229
18.4375 23.0000 0.1090 159 145 132
9.5000 14.5000 1.2930 225 141 116
17.5625 -0.5000 1.0070 216 145 192
21.2500 3.0000 0.4650 183 149 167
-6.3125 -21.5000 5.8290 77 112 250
-14.0000 10.5000 1.4540 242 125 87
-2.5000 18.5000 1.2850 248 91 126
20.9375 -13.0000 0.1300 153 192 85
21.5000 -6.5000 0.1950 174 125 141
-17.3750 -9.5000 1.5010 227 131 96
-3.3750 9.0000 5.3350 73 134 225
24.1875 4.0000 0.1130 159 116 160
14.1875 8.0000 0.9930 220 73 181
-7.3750 17.0000 1.3470 254 100 131
-14.5000 24.0000 1.7510 205 174 132
13.5625 -16.5000 0.1210 177 171 77
7.6250 -12.0000 0.3660 167 144 157
-20.1250 2.0000 1.6340 197 177 79
4.1875 -10.0000 0.5260 171 182 155
-15.6250 -6.5000 1.0430 220 89 70
-11.7500 -18.5000 5.8100 77 93 225
11.5000 -21.0000 0.8380 197 175 117
-7.1875 -2.0000 0.9710 212 127 139
8.1875 -6.5000 1.8090 178 213 119
24.1250 -23.5000 0.1130 191 171 32
7.2500 -7.5000 0.9150 218 123 153
-14.0000 -6.5000 0.4450 164 105 134
1.3125 -6.0000 0.9020 202 111 151
3.1875 19.5000 1.2870 243 119 129
-8.6250 18.5000 1.3430 242 87 125
-22.3750 -8.0000 1.4470 234 96 100
-13.1250 22.5000 1.7630 201 191 128
16.5000 19.5000 0.6020 188 214 93
-4.9375 -25.0000 1.3560 230 90 133
-13.8750 3.0000 1.5310 206 156 84
-16.2500 22.5000 3.8760 116 149 254
9.2500 -14.0000 0.1230 192 113 157
-9.3125 -8.5000 0.1540 148 133 142
3.7500 9.5000 5.8790 59 130 238
13.2500 18.0000 0.1230 164 107 171
-6.6250 18.0000 1.3310 254 96 136
-22.1250 -11.0000 1.4190 238 116 94
-1.5000 1.5000 6.0960 55 134 234
23.5625 -20.5000 0.1260 186 179 51
20.5000 -17.5000 0.1270 176 155 91
-8.3750 -17.0000 1.4720 240 113 91
-1.0625 -19.0000 1.3630 238 124 108
17.5625 -8.0000 0.1140 173 133 172
14.9375 21.0000 0.1140 178 140 144
-12.5000 -4.5000 0.1150 162 143 113
-2.0625 18.0000 1.2790 245 91 126
15.0000 -6.5000 1.0240 239 115 151
6.4375 -12.5000 0.1270 159 124 156
22.1250 -25.0000 0.1480 187 171 35
23.6250 -15.0000 0.1130 176 188 67
-15.2500 -22.0000 5.3330 86 122 238
-1.3125 -20.0000 1.4600 226 150 98
4.5625 10.0000 5.7900 64 127 231
8.5625 -23.5000 1.2690 233 127 88
17.5625 -23.0000 0.1290 188 173 81
-1.2500 6.0000 6.1170 54 122 216
-21.0625 -1.0000 1.6730 197 158 103
4.9375 18.5000 1.6770 194 207 125
0.3125 10.5000 6.0180 60 135 221
-21.8750 -16.0000 5.7720 70 118 228
-21.2500 9.0000 1.5790 209 178 75
16.6250 8.5000 1.0130 218 81 135
-24.1250 3.0000 0.2060 155 93 167
17.8125 5.5000 1.0210 216 101 180
-15.6250 20.5000 1.6310 225 181 111
-7.1875 2.5000 1.1630 224 89 140
-18.4375 -2.0000 1.7030 179 201 74
-4.2500 -3.5000 1.1330 219 156 142
17.5625 -25.0000 0.1230 168 158 75
3.1250 23.5000 1.3260 235 132 120
-16.6875 12.5000 1.4420 234 113 106
1.4375 20.0000 1.2640 246 111 130
-10.5625 -3.0000 0.1150 155 130 107
24.8125 -25.0000 0.1190 179 176 9
-18.5625 -4.0000 1.7450 177 203 108
-9.6875 -21.5000 6.0360 74 96 226
4.9375 2.0000 5.0360 71 125 222
-6.0625 -18.0000 1.4320 239 104 102
-12.5625 11.0000 1.4160 233 116 94
-12.9375 -20.5000 5.9180 74 100 223
-16.8125 12.0000 1.4160 234 113 98
-1.4375 17.0000 1.2510 244 91 140
4.8750 -12.5000 0.1230 155 110 158
-2.3125 10.0000 5.4910 70 131 225
22.4375 4.5000 0.1230 155 110 197
16.8750 -20.0000 0.1180 189 151 75
-19.5625 -16.5000 5.8880 70 118 224
0.5000 -16.5000 1.2860 243 138 90
-8.9375 -14.5000 1.3830 246 104 74
13.2500 -12.0000 0.3080 164 147 190
-0.0625 7.0000 6.2970 45 127 215
-20.8750 -16.5000 5.7500 73 119 220
12.1875 17.5000 1.1370 229 171 61
21.0625 -19.0000 0.1210 190 164 76
21.5625 -21.0000 0.1170 194 165 71
20.5625 7.0000 0.9880 216 161 91
-11.0625 15.5000 1.3860 237 102 115
1.7500 13.5000 6.0390 81 139 219
13.9375 6.5000 3.8730 92 152 254
3.2500 8.5000 5.8700 63 129 234
2.3125 13.0000 1.3170 236 125 134
-15.7500 23.0000 3.8580 118 148 254
-8.5000 12.0000 4.0850 106 140 238
-3.8125 -1.5000 1.2290 237 103 145
3.6250 11.5000 6.0720 60 125 244
