ply
format ascii 1.0
element vertex 16000
property float x
property float y
property float z
property uchar red
property uchar green
property uchar blue
end_header
9.8750 10.5000 2.6400 135 178 105
-26.3750 5.0000 7.0200 38 237 152
-27.2500 3.0000 6.6100 49 254 168
-10.6250 -3.5000 0.1100 167 135 14
15.5000 -8.0000 7.3400 75 144 254
2.0000 15.0000 0.0800 163 136 22
-0.7500 26.5000 0.1000 169 136 0
11.5000 -15.0000 4.8000 117 235 142
11.0000 -18.5000 4.0800 189 169 51
-7.5000 -23.0000 1.3100 161 206 35
1.3750 1.0000 0.1200 149 130 0
3.8750 -23.0000 5.7200 52 247 104
-0.1250 -15.0000 3.6900 185 223 10
-15.3750 -15.5000 0.1200 150 140 28
11.2500 -18.0000 4.0400 191 163 54
-23.1250 4.5000 1.4700 151 254 7
2.5000 7.0000 1.1500 153 195 58
0.3750 -2.5000 1.5600 151 213 60
17.3750 -1.0000 7.3100 63 151 238
-4.2500 2.5000 0.0900 163 109 39
22.1250 18.5000 5.6700 66 233 144
15.0000 21.0000 3.1600 153 188 86
-6.8750 1.0000 0.1000 173 148 16
11.3750 26.5000 2.2700 145 234 81
-23.1250 -2.5000 0.1200 148 134 12
-13.3750 -19.5000 2.2300 204 222 56
-26.7500 8.0000 3.4600 175 206 48
-7.3750 -13.5000 2.4700 151 219 131
4.7500 -17.0000 8.2400 10 207 101
-18.0000 15.5000 3.6100 184 223 11
0.7500 -15.0000 3.8200 176 249 0
15.2500 -1.5000 3.5000 206 119 92
-14.5000 -20.0000 0.2300 175 110 15
-17.8750 19.0000 3.7000 188 215 16
-21.1250 10.5000 0.1000 153 111 0
-24.5000 -12.0000 0.0900 187 124 0
11.1250 0.0000 5.8300 57 240 138
4.2500 2.5000 3.6600 179 231 0
8.2500 -9.0000 13.1500 0 132 84
-24.0000 2.0000 0.2800 143 110 24
6.5000 17.0000 2.0400 170 219 93
-0.3750 23.0000 0.0900 174 112 0
8.6250 -5.5000 5.9500 54 232 142
16.0000 10.5000 4.9300 90 254 142
-13.5000 -10.0000 0.1100 152 133 41
6.1250 16.5000 1.5500 153 218 72
-2.0000 -6.5000 0.1900 154 144 0
-15.2500 19.0000 3.2400 168 186 84
13.3750 21.5000 3.4100 168 196 28
11.1250 21.0000 2.3200 139 206 106
1.5000 -11.0000 4.0800 142 254 14
8.1250 15.5000 0.7900 178 128 0
-19.1250 -5.0000 0.0800 172 130 0
18.8750 -1.5000 7.1700 79 169 249
-24.7500 2.0000 4.6000 112 254 82
7.7500 -18.0000 6.3500 47 211 137
-0.7500 -1.5000 1.6200 164 232 56
15.0000 -13.0000 3.8300 222 138 80
-12.2500 -14.5000 0.7400 168 166 49
-24.5000 -5.0000 0.1300 161 125 15
-23.0000 23.0000 2.4000 143 251 107
-1.6250 -19.0000 3.0000 136 205 90
-16.8750 -7.0000 0.1200 177 120 7
1.7500 22.0000 0.1100 181 125 0
10.1250 -6.5000 5.4200 55 254 131
14.3750 -19.0000 4.0300 207 148 69
0.5000 -4.5000 2.0700 133 232 73
-27.6250 13.5000 3.0500 147 243 99
-16.2500 -19.0000 0.3500 171 136 4
15.3750 7.5000 5.0200 91 254 153
10.0000 -17.5000 4.1100 171 199 40
17.1250 3.5000 3.6100 201 123 99
19.6250 0.0000 7.1000 81 171 254
1.7500 2.0000 5.7500 81 254 138
0.1250 -21.0000 4.0400 153 254 0
-21.7500 5.5000 0.1000 139 140 9
-1.0000 -6.5000 0.5900 143 161 6
16.2500 20.0000 5.8600 54 254 155
-25.2500 17.5000 0.1200 144 149 0
15.0000 17.0000 3.0800 134 157 108
-7.1250 24.0000 0.0800 152 152 4
6.6250 -20.5000 6.6000 43 209 141
-24.2500 0.5000 3.1200 182 200 100
12.0000 -22.0000 4.0400 205 152 60
-15.0000 12.5000 2.2800 140 226 45
-0.8750 6.0000 0.1000 141 108 49
-17.6250 23.5000 2.4200 141 205 111
-21.0000 -19.0000 0.1000 203 98 0
4.8750 -6.5000 2.5900 118 188 99
6.7500 -17.0000 9.2400 9 166 96
-15.1250 12.5000 0.1400 140 107 26
6.8750 15.5000 0.8900 157 185 19
4.0000 -8.0000 2.5900 117 195 95
-27.1250 3.0000 5.5500 71 254 141
-27.5000 10.0000 0.2500 132 141 60
-17.3750 25.0000 1.7700 160 151 56
-3.0000 1.5000 0.0800 166 94 45
-1.8750 8.5000 0.0900 168 119 26
9.5000 -2.5000 6.4200 46 218 151
-19.1250 20.0000 2.6000 140 202 132
-1.7500 -4.0000 0.1200 158 153 0
16.8750 13.5000 5.9600 50 245 179
-12.5000 -2.5000 0.0900 169 133 10
-1.0000 -16.5000 3.0000 140 215 92
-11.2500 -19.5000 2.0300 185 206 68
21.8750 -21.5000 3.9200 230 123 73
8.3750 -22.5000 4.1500 162 197 24
-25.0000 2.5000 5.7100 61 254 148
-9.3750 -8.0000 1.5700 162 216 31
17.5000 23.0000 4.2400 128 254 23
-20.7500 6.5000 0.3400 134 149 15
17.1250 -9.0000 7.1800 83 145 254
-16.7500 21.5000 2.0500 151 177 68
9.6250 -11.0000 6.2200 55 206 175
19.5000 -10.5000 7.1400 99 116 254
-26.3750 5.5000 3.3400 171 190 71
11.1250 -18.5000 4.0700 191 167 50
-2.3750 -14.0000 0.8300 155 166 30
14.6250 -17.5000 4.4500 161 202 117
10.5000 -18.0000 4.0800 178 193 41
19.1250 22.5000 4.9000 99 254 119
-10.6250 25.5000 3.3300 186 210 59
-1.8750 -20.5000 3.8700 166 254 0
-11.1250 19.0000 0.0900 129 150 8
19.2500 19.5000 5.8500 53 254 162
6.6250 7.0000 4.6900 97 254 78
10.0000 23.5000 2.1400 136 254 79
17.0000 -18.0000 6.1000 93 161 223
-14.1250 -3.0000 0.1000 176 101 0
-16.5000 -7.0000 0.1200 166 116 45
4.0000 11.5000 0.0900 140 103 27
14.1250 6.5000 4.6400 105 254 103
14.2500 -2.5000 6.5300 50 196 171
-22.7500 3.5000 1.4300 161 216 0
-18.2500 1.0000 0.1000 184 128 0
5.5000 15.0000 0.1300 133 104 31
-22.1250 0.0000 0.1100 154 126 7
12.6250 -6.0000 6.6100 56 196 188
-19.3750 16.5000 3.3500 169 208 65
10.8750 3.0000 9.1500 5 189 97
-24.8750 -1.0000 0.3700 134 123 24
-15.5000 17.5000 3.0500 158 184 104
-9.6250 -17.0000 0.0900 148 111 27
17.8750 -5.0000 3.7200 243 120 127
-3.8750 1.0000 0.1000 157 109 26
15.7500 22.0000 3.5200 191 215 0
-10.3750 12.5000 0.0900 169 141 11
18.1250 25.0000 3.6400 199 211 15
17.3750 -14.0000 3.7800 231 117 90
12.5000 1.5000 5.0200 81 254 143
6.0000 -9.5000 12.7500 0 164 70
7.5000 20.0000 0.1000 143 131 23
6.7500 0.5000 2.1300 129 211 88
-15.6250 25.5000 2.6300 137 191 109
4.0000 0.0000 2.9500 156 223 58
12.2500 19.5000 3.4300 169 219 36
-24.6250 9.5000 0.1000 141 113 41
-1.8750 17.0000 0.0700 175 107 0
-15.5000 7.5000 0.0900 153 129 2
21.0000 25.5000 4.7300 109 254 84
6.6250 0.0000 3.1300 125 238 60
3.0000 9.5000 0.4900 141 166 39
-19.3750 13.5000 1.6500 150 204 70
11.3750 2.5000 7.4600 15 187 164
-22.3750 22.0000 2.8200 149 210 101
2.0000 0.0000 4.0000 156 254 0
-17.5000 13.0000 1.4400 139 250 36
17.3750 21.0000 4.6400 105 254 75
22.1250 13.0000 3.3100 158 127 100
9.5000 -11.0000 11.4200 0 125 108
-18.1250 25.5000 1.6700 150 137 77
-20.2500 8.5000 0.9700 145 168 38
-3.1250 23.5000 0.0700 172 104 0
-1.8750 -1.5000 0.9100 173 216 6
11.3750 20.5000 2.6600 117 210 118
6.3750 4.0000 7.9200 24 209 120
-23.5000 12.0000 0.1100 158 97 10
-17.2500 12.5000 1.5600 136 244 52
-5.3750 -11.5000 0.4400 164 147 0
17.5000 -14.5000 3.7400 227 102 67
-1.1250 -12.5000 3.8400 173 254 0
9.8750 1.0000 4.4400 111 254 57
2.5000 -5.0000 2.4000 123 202 104
8.5000 8.0000 4.9100 96 254 108
5.0000 6.5000 2.2100 149 226 50
-17.2500 20.5000 2.2800 143 191 99
-7.7500 -16.5000 0.1000 152 124 28
-4.8750 -21.5000 2.5700 134 238 83
1.6250 20.5000 0.0900 171 123 0
22.0000 -22.0000 3.8800 227 113 78
-22.6250 -9.0000 0.2100 183 118 7
-1.0000 1.5000 0.1300 151 130 43
2.3750 26.0000 0.1100 158 123 33
-2.6250 11.0000 0.1000 174 114 9
4.2500 -22.5000 7.0000 39 179 97
-13.1250 18.5000 0.4400 137 145 22
-7.8750 24.0000 0.1300 143 150 0
-24.5000 -22.5000 5.4400 135 254 146
-26.6250 9.5000 6.0800 81 254 139
-25.3750 5.0000 4.9400 97 254 116
-5.7500 1.0000 0.1100 171 126 13
12.8750 -4.0000 5.2800 87 254 158
-22.5000 -19.0000 5.3300 136 254 144
12.8750 18.0000 3.5500 167 220 17
12.2500 15.0000 3.3100 156 199 78
-10.0000 24.0000 0.5500 145 168 4
15.2500 -1.0000 3.5000 205 118 95
-4.3750 15.5000 0.0900 180 135 0
-14.5000 3.0000 0.0900 174 126 2
12.6250 12.0000 4.4300 116 254 70
-20.5000 6.0000 0.1900 135 142 9
-27.3750 8.5000 2.3000 134 216 91
-24.2500 6.5000 4.7400 111 254 88
-23.7500 1.5000 4.3800 135 254 48
10.7500 15.0000 3.0600 146 202 98
-20.5000 5.0000 1.5200 141 200 40
-22.7500 4.0000 0.2700 146 124 18
3.0000 6.0000 2.6300 150 227 100
17.0000 8.5000 4.3500 125 254 53
-13.3750 -18.0000 0.5800 143 170 58
-24.5000 5.5000 0.1100 143 84 27
10.7500 -15.5000 6.9100 43 160 180
-11.0000 -0.5000 0.1100 171 135 7
18.1250 -5.0000 7.1600 87 148 254
-20.2500 -8.0000 0.1100 182 101 0
-1.8750 -6.0000 0.1100 153 144 0
14.2500 20.0000 3.0300 137 179 95
4.2500 1.5000 7.4800 33 221 104
12.1250 8.5000 4.5100 114 254 75
13.7500 -1.5000 8.6300 19 172 143
22.1250 26.0000 4.7300 108 254 71
-4.7500 26.5000 0.0800 156 136 0
6.2500 19.5000 1.1000 160 190 70
15.0000 5.5000 4.2800 129 249 61
15.0000 8.5000 5.2500 84 254 175
-8.8750 -5.0000 0.1000 150 152 43
17.3750 14.5000 7.0200 23 218 152
-26.6250 9.5000 6.3700 71 254 138
8.1250 16.0000 1.4500 168 215 56
-9.8750 -23.0000 0.1000 155 112 49
-24.6250 26.5000 3.3200 158 220 77
-3.6250 -4.0000 0.1300 150 156 21
20.1250 23.0000 6.8000 34 238 157
-5.7500 -23.5000 1.6700 145 221 42
5.0000 -12.5000 3.9100 148 239 0
3.8750 -20.5000 7.7100 13 208 103
13.7500 -9.0000 3.7800 208 140 73
2.7500 26.0000 0.1000 158 122 34
4.3750 -0.5000 3.0700 157 226 44
-1.0000 1.0000 0.1100 140 142 18
6.0000 -3.0000 2.3500 136 172 93
0.7500 8.0000 0.1100 148 117 42
-11.3750 -8.0000 0.1000 153 138 25
-2.7500 -14.0000 3.2100 167 232 93
21.5000 -7.5000 7.1600 111 108 254
10.0000 11.0000 2.3100 134 172 89
-10.2500 -9.5000 1.7000 156 209 46
19.0000 17.5000 5.5800 58 254 177
0.2500 15.5000 0.0900 165 142 12
-19.3750 -15.5000 0.1100 150 147 25
16.2500 -7.5000 3.9300 215 156 92
-26.2500 20.5000 0.2300 134 120 13
12.1250 0.0000 7.6800 21 189 165
12.5000 22.5000 3.0100 151 193 82
-23.3750 -21.5000 5.3900 145 254 148
11.0000 -12.5000 12.1800 9 108 109
-6.5000 -1.0000 0.1200 177 126 8
-23.6250 20.0000 1.0900 142 178 21
8.1250 -9.0000 3.7400 165 230 1
17.1250 -15.5000 3.7600 226 109 54
2.1250 -11.0000 3.6800 171 237 24
5.2500 17.5000 0.2700 156 113 11
9.1250 -2.5000 6.9100 29 227 138
-0.3750 -4.0000 0.9500 139 200 66
-0.6250 -4.0000 1.5300 142 226 73
0.1250 -0.5000 1.5500 165 225 62
-25.2500 6.0000 3.4600 185 188 47
14.3750 -18.5000 4.3000 170 177 102
-14.5000 16.0000 2.2200 139 212 78
11.1250 -17.5000 4.1200 170 191 48
16.7500 22.0000 5.9100 60 254 144
-10.8750 -19.0000 3.0900 174 199 129
-12.6250 3.5000 0.1000 188 148 0
-24.7500 -18.5000 5.6700 126 254 131
22.0000 0.0000 7.1200 98 157 254
21.7500 25.5000 5.0500 99 254 98
2.0000 -20.0000 6.5400 34 240 115
-6.2500 -5.5000 0.1000 163 138 13
14.3750 6.0000 3.9700 160 233 20
1.3750 16.0000 0.0800 168 140 13
-25.7500 14.0000 1.2400 155 237 32
21.6250 -20.0000 4.4200 191 181 108
13.6250 12.0000 4.1100 148 254 18
8.3750 13.5000 1.2900 155 134 38
-18.1250 6.5000 1.5700 143 217 72
18.7500 21.5000 4.8900 92 254 119
13.0000 13.0000 4.7700 94 254 114
6.6250 -3.0000 1.5800 145 125 35
-2.2500 14.0000 0.0900 185 134 0
16.5000 11.0000 4.9000 91 254 142
0.8750 -3.0000 2.4100 145 247 61
-27.6250 15.5000 0.1000 135 143 4
-12.8750 -17.5000 1.1200 146 230 78
16.5000 -19.5000 4.1700 202 174 78
5.2500 -20.5000 7.3600 37 178 118
-21.2500 23.5000 1.6600 154 176 67
2.1250 -7.5000 2.7600 125 217 113
-0.6250 -17.5000 2.1700 125 236 65
-6.3750 -23.5000 1.8500 144 227 53
0.5000 -17.0000 9.2800 1 216 109
-1.5000 -16.0000 1.1300 168 180 9
-6.2500 26.0000 0.0700 141 162 13
-1.3750 25.0000 0.0900 177 127 0
6.0000 12.5000 0.1900 146 117 0
4.0000 -16.0000 4.6700 94 254 83
-19.8750 8.5000 1.2700 152 202 51
-3.0000 -4.5000 0.1200 151 159 0
-9.8750 -16.0000 1.5000 165 204 61
6.7500 0.5000 8.3400 24 205 109
20.8750 10.5000 3.5000 178 122 103
6.1250 -20.0000 5.9000 69 243 140
-11.7500 -12.0000 1.4400 146 230 73
-3.2500 12.5000 0.0900 172 117 10
-16.2500 7.0000 0.1300 151 137 3
-10.2500 -14.0000 2.3500 151 249 78
4.5000 -20.5000 7.6500 15 205 99
-7.5000 -23.0000 1.4000 160 210 39
-2.2500 -15.0000 2.6700 154 245 81
9.6250 3.5000 9.0100 5 192 102
18.6250 -9.5000 7.1700 103 132 254
10.8750 -17.0000 4.5100 125 216 110
-6.8750 -10.5000 0.2800 157 146 18
11.0000 -17.5000 4.1100 171 190 47
19.2500 0.0000 7.1300 78 171 254
8.0000 10.5000 2.9700 140 174 90
-27.5000 -2.5000 3.2200 162 201 87
-9.6250 -3.0000 0.1200 183 128 27
2.0000 -7.5000 2.3100 125 231 98
-21.1250 -23.5000 5.3800 149 254 140
19.6250 20.5000 5.2800 69 254 151
13.1250 21.5000 3.1700 151 189 68
1.0000 -16.0000 3.7400 175 241 5
17.8750 21.0000 4.6700 100 254 95
-1.1250 20.5000 0.0800 173 129 3
13.0000 -5.5000 5.0700 101 254 170
1.1250 -11.0000 4.9100 99 254 110
-26.8750 -14.5000 0.1200 173 155 0
-4.8750 -23.5000 7.2400 46 222 109
-19.0000 19.5000 3.1600 164 186 102
-27.2500 -5.5000 2.9200 154 248 77
4.7500 12.0000 2.8500 148 242 97
-24.8750 11.5000 0.6900 167 205 17
12.6250 -1.0000 5.2500 77 254 166
-7.2500 4.0000 0.1000 181 145 13
-12.7500 21.0000 2.3200 150 199 86
19.0000 24.5000 4.1600 154 254 7
1.1250 -14.0000 3.8600 167 254 0
-0.3750 0.0000 1.7300 166 237 78
-26.2500 4.5000 5.6000 72 254 158
-2.2500 22.5000 0.0800 170 103 0
10.5000 -8.0000 6.5900 44 203 160
22.2500 3.0000 7.0900 82 171 248
8.8750 11.0000 3.7000 186 228 9
-22.3750 0.5000 0.1000 150 130 10
16.1250 -10.5000 3.8000 234 133 99
-1.2500 -9.5000 5.4100 89 254 138
-23.3750 24.5000 2.8000 147 254 101
-22.5000 -4.5000 0.0900 150 123 10
17.2500 5.5000 3.2900 175 103 124
15.3750 -8.5000 7.2800 75 147 254
22.0000 20.5000 5.0800 85 254 115
9.2500 -1.5000 4.9200 78 254 111
1.7500 -10.0000 3.9500 160 254 0
-24.5000 -18.5000 5.3600 136 254 116
7.7500 3.0000 5.4200 66 254 135
20.7500 22.0000 5.1500 81 254 131
-2.8750 -22.0000 3.7600 172 248 0
10.8750 -15.0000 8.3800 25 135 160
4.1250 -3.0000 2.0400 142 198 63
-19.5000 5.0000 1.9400 145 203 55
6.1250 12.0000 0.8500 149 167 21
-3.0000 -15.5000 3.0600 154 229 97
19.1250 -10.5000 7.2000 97 116 254
12.1250 -23.5000 4.1100 189 148 66
-0.8750 24.0000 0.0900 179 122 0
12.7500 2.5000 6.9700 25 213 176
-10.0000 5.5000 0.1300 173 134 23
-15.8750 13.0000 1.7800 144 202 33
-6.5000 24.5000 0.0900 156 153 0
11.5000 7.5000 4.3900 118 254 66
0.6250 -3.0000 2.2400 146 246 61
15.3750 23.5000 2.7900 146 205 83
21.8750 -22.5000 3.9000 223 113 81
-10.6250 25.5000 3.3000 184 208 62
-25.3750 -7.0000 0.0900 157 122 9
-20.8750 -3.5000 0.0900 172 131 0
-1.6250 -11.5000 4.7300 117 254 96
13.1250 7.5000 4.7100 101 254 106
0.1250 20.0000 0.0900 174 128 0
13.3750 4.0000 5.4800 68 254 172
-27.0000 -20.5000 5.4100 143 254 150
-19.8750 18.0000 3.5200 189 218 35
-11.3750 -7.0000 0.1200 166 144 3
10.8750 -8.0000 4.3400 121 254 44
-6.0000 -5.5000 0.1100 163 136 12
-14.2500 -16.0000 0.1200 167 112 7
4.8750 2.0000 6.1300 52 254 140
20.7500 -14.0000 3.7800 231 107 82
21.8750 10.5000 3.2900 165 97 135
14.3750 16.5000 2.7800 129 155 112
-3.6250 -6.5000 0.1200 154 146 0
9.7500 17.5000 1.9600 135 201 88
-5.5000 -3.0000 0.1000 169 111 10
2.8750 0.5000 7.1900 35 240 110
-16.3750 11.5000 1.7700 137 238 33
-7.8750 18.0000 0.1100 142 162 10
-20.8750 9.5000 0.2500 147 116 1
-27.1250 22.5000 0.1000 123 106 31
17.1250 -19.5000 4.3700 178 193 98
-23.3750 -21.0000 5.3800 138 254 151
20.7500 23.0000 5.0600 91 254 120
19.2500 -5.0000 7.1500 95 129 254
-12.1250 -13.5000 0.8200 164 177 59
-1.3750 -6.5000 0.1100 141 144 0
-23.6250 23.5000 2.7500 133 254 106
-0.6250 -23.0000 6.4100 48 251 119
-13.5000 -9.0000 0.0900 152 133 40
14.5000 11.5000 4.2200 129 254 36
14.7500 -22.5000 3.9900 217 120 65
-17.0000 -15.5000 0.1000 152 134 39
-23.1250 25.0000 2.8400 151 249 99
-24.1250 5.0000 4.0200 153 254 0
10.3750 -4.5000 4.6600 96 254 77
5.5000 -22.5000 8.3200 32 160 85
6.1250 -6.5000 2.3900 124 153 85
7.0000 11.0000 1.3000 146 199 50
17.6250 8.0000 3.7900 177 202 48
7.2500 7.5000 4.6000 107 254 63
-1.2500 24.5000 0.0900 179 124 0
-0.8750 17.0000 0.1000 166 119 7
-26.7500 4.5000 5.2700 76 254 147
-24.8750 -6.0000 0.1000 164 122 9
19.7500 22.5000 4.9000 98 254 115
16.0000 -10.0000 3.8300 230 132 84
-17.7500 -13.5000 0.1000 164 121 27
10.0000 -15.5000 10.8700 6 115 116
-23.2500 -9.5000 0.1100 179 137 0
-24.6250 5.5000 4.1700 142 254 2
-15.7500 23.5000 2.9600 152 186 102
-13.8750 -20.0000 1.0700 172 216 36
5.5000 0.5000 6.1300 55 254 165
20.8750 -21.5000 3.9000 241 129 68
-10.2500 -11.0000 1.9100 164 225 57
13.7500 -1.5000 6.0800 70 204 188
8.8750 -22.5000 12.5000 22 101 77
19.7500 4.0000 3.5500 222 87 134
-26.3750 0.5000 5.0200 98 254 133
-8.5000 -12.5000 2.6700 158 205 87
16.0000 1.0000 3.4700 207 92 98
19.0000 -20.5000 3.9600 240 151 64
-7.1250 -6.5000 1.0700 157 192 50
-1.3750 -2.0000 1.7000 165 249 45
-0.2500 -11.5000 4.1000 146 254 15
-20.0000 25.5000 1.5700 148 127 83
-25.1250 1.5000 0.0700 133 99 13
-10.6250 -12.0000 1.4600 133 233 59
-13.7500 22.0000 2.8800 143 200 99
11.3750 16.0000 3.5400 168 229 20
12.8750 -11.0000 3.7700 215 144 70
8.3750 12.0000 3.0200 142 188 112
3.0000 -12.5000 8.8600 6 228 102
1.1250 4.5000 0.1100 143 120 28
20.5000 16.5000 6.9100 33 187 172
-11.6250 21.5000 0.3700 139 151 0
1.1250 -22.0000 3.9100 163 254 0
10.8750 -3.0000 7.0400 22 220 127
13.7500 -4.5000 4.9400 111 241 165
11.8750 -5.0000 7.2100 48 179 165
20.0000 -23.0000 3.9000 233 123 77
13.3750 6.0000 4.2600 134 254 43
-26.6250 24.5000 2.0400 139 233 92
-0.5000 -23.0000 7.3500 34 223 110
18.2500 -20.0000 4.0400 225 159 72
14.5000 -15.0000 4.3700 155 208 110
-1.2500 -18.5000 3.3900 160 214 55
-17.8750 -11.5000 0.1000 183 123 0
18.5000 23.0000 4.5700 120 254 78
11.5000 0.5000 5.8300 55 236 160
5.1250 -2.5000 3.1000 164 189 63
-22.2500 -13.5000 0.1000 180 136 14
16.8750 -6.0000 3.7900 234 130 96
12.6250 4.5000 6.1100 55 236 166
2.5000 -8.0000 4.5900 105 254 74
21.8750 -12.5000 4.0300 189 150 107
9.3750 -10.0000 13.1700 6 126 92
12.6250 19.0000 3.5900 177 230 6
19.5000 -5.5000 7.1200 95 130 254
-27.6250 14.0000 0.8100 149 194 38
-18.0000 8.5000 0.4700 149 141 27
18.3750 -13.5000 3.7600 241 113 93
1.2500 -12.5000 8.8900 17 242 102
-22.3750 22.5000 2.3500 148 213 104
-25.7500 20.5000 0.0900 135 114 8
14.2500 -9.0000 3.8000 203 141 73
8.3750 7.0000 4.4800 106 254 53
11.2500 -15.5000 4.5000 129 222 105
21.6250 1.0000 7.0800 96 154 250
-6.7500 -13.0000 2.2400 160 249 100
-27.2500 7.5000 4.5700 115 254 99
-19.7500 -23.5000 5.4100 149 254 140
7.6250 7.5000 4.8500 95 254 92
-16.5000 18.0000 3.9200 172 254 9
4.0000 0.0000 7.8700 20 213 112
16.3750 15.0000 5.4600 56 254 168
-16.6250 -12.0000 0.1700 165 161 23
2.6250 7.0000 2.8400 155 252 71
18.3750 0.5000 3.8100 231 143 85
9.1250 24.5000 0.0900 140 96 12
21.3750 -18.5000 4.6900 175 190 147
12.7500 24.5000 2.9000 146 187 99
-9.1250 -9.0000 2.0000 164 210 46
19.0000 -17.5000 4.6400 166 214 146
-27.1250 -1.5000 4.0000 170 254 17
-12.8750 -22.0000 0.2600 179 131 29
-15.8750 -22.0000 5.5000 119 254 175
11.2500 26.0000 2.3500 144 236 86
-6.2500 6.5000 0.0900 176 126 8
-1.0000 -19.0000 3.8200 160 253 10
-6.0000 -9.5000 0.3600 160 151 28
-4.3750 20.0000 0.1000 168 130 15
0.0000 0.5000 0.8100 159 191 20
-14.7500 -20.0000 1.7700 175 254 73
20.2500 4.5000 3.3900 204 65 151
7.6250 -8.5000 11.3100 0 174 90
-6.5000 -13.0000 2.3300 161 249 105
-4.5000 -12.0000 0.1100 150 120 9
16.8750 24.0000 3.6700 190 218 0
-25.8750 3.5000 4.9700 85 254 126
13.5000 -22.0000 4.0300 219 141 69
-26.1250 -18.5000 5.6600 135 254 153
-13.7500 24.5000 2.9500 141 210 102
-6.5000 -4.5000 0.1000 150 134 25
-24.0000 23.0000 2.5900 132 254 108
12.0000 -6.0000 6.8300 53 191 178
19.3750 26.0000 4.0000 160 254 13
4.1250 -1.0000 7.0600 38 249 109
9.2500 -5.0000 5.2200 60 254 127
-7.8750 -21.5000 0.3800 173 122 32
12.2500 6.5000 6.2500 47 226 175
13.1250 -4.5000 5.3300 91 242 173
-18.3750 15.0000 3.1800 159 200 90
1.2500 -16.5000 2.5900 128 231 80
12.3750 -20.5000 4.0200 221 150 65
-16.1250 21.5000 2.2600 144 190 92
6.8750 3.5000 3.8700 168 254 0
18.1250 -7.5000 7.1500 103 141 254
8.2500 -13.0000 11.3200 0 150 79
-19.8750 -8.0000 0.0900 189 97 0
-15.8750 -22.0000 0.1000 174 112 26
-26.7500 -1.0000 3.9500 175 254 13
-20.6250 -3.5000 0.0800 171 130 0
20.0000 -11.5000 7.1900 92 115 254
13.7500 10.5000 4.8900 94 254 123
-24.3750 8.0000 0.1100 145 112 39
-9.7500 12.5000 0.1000 181 136 12
5.1250 13.0000 0.2600 148 121 28
-10.2500 13.0000 0.0900 164 137 28
21.2500 -21.5000 3.9300 234 131 70
16.6250 -13.0000 3.7900 232 118 83
-27.3750 -17.0000 0.1000 168 135 3
-4.2500 12.5000 0.1000 163 121 10
5.5000 11.5000 1.4700 145 223 69
12.7500 13.5000 4.6400 102 254 102
-19.7500 -7.5000 0.1500 177 118 6
-8.0000 4.0000 0.1000 187 138 5
8.0000 -18.5000 6.2000 79 187 155
0.7500 0.5000 2.8300 145 230 103
-10.8750 21.5000 0.0900 134 160 0
-11.1250 -9.0000 1.6800 155 254 64
15.5000 13.5000 5.0500 83 254 146
12.8750 2.5000 6.9600 25 213 177
5.0000 6.5000 2.3500 146 226 60
-15.3750 14.5000 2.3500 155 182 64
3.8750 18.0000 0.0800 153 105 22
-17.8750 23.0000 1.6000 160 139 67
18.2500 21.0000 4.7400 98 254 104
-0.6250 -19.5000 3.7600 165 248 5
12.7500 -3.0000 5.6300 76 239 179
5.3750 -2.0000 2.8000 140 212 88
21.7500 4.0000 7.0900 82 159 227
14.6250 -21.0000 4.0000 219 128 63
9.1250 16.5000 2.7500 144 209 126
8.1250 -18.5000 8.3200 33 160 138
17.5000 9.0000 3.8900 168 221 20
-26.8750 -23.0000 5.4400 142 254 128
20.1250 24.0000 4.6100 117 254 80
3.5000 -3.5000 2.3900 142 216 83
-7.8750 -10.5000 0.2500 157 141 25
-17.2500 -20.5000 0.3100 168 112 11
-23.6250 -16.0000 0.1000 181 137 0
4.7500 7.5000 3.0500 162 205 59
-7.6250 24.5000 0.0900 148 152 7
8.2500 11.0000 4.1600 136 254 13
19.8750 -16.0000 3.7300 244 93 82
-16.8750 -10.5000 0.1200 175 129 0
-25.0000 -21.5000 5.3800 137 254 158
9.8750 17.0000 3.3100 172 186 70
21.0000 -17.0000 5.0400 149 189 198
-16.0000 -9.5000 0.0900 166 127 32
14.0000 -1.5000 8.7000 21 169 139
-24.8750 7.0000 2.5800 137 254 90
6.8750 -22.0000 12.4100 3 131 68
-23.1250 18.5000 0.1100 140 142 0
8.5000 -5.0000 6.3100 39 238 129
4.1250 -14.0000 4.8600 78 254 112
-9.3750 -8.5000 1.8300 164 211 39
-6.6250 10.5000 0.0900 163 126 22
-13.8750 20.0000 2.9300 158 194 89
0.7500 4.0000 0.0800 147 120 41
-2.6250 -15.5000 0.4600 142 142 34
6.5000 -13.5000 11.2600 0 159 91
4.2500 -1.0000 7.0400 39 249 108
17.2500 26.0000 3.0500 149 183 92
19.2500 -22.0000 3.9400 239 141 68
6.2500 -19.5000 5.5300 78 254 134
-0.2500 -17.5000 2.5700 124 239 89
-14.7500 14.5000 2.3300 156 181 59
-8.1250 -9.0000 0.1400 146 137 51
-9.6250 24.0000 0.4600 144 164 1
-4.8750 -19.0000 1.1700 166 191 23
-11.2500 -19.5000 1.0800 176 176 38
14.5000 16.5000 2.6200 127 149 104
0.2500 24.0000 0.0900 174 112 0
21.7500 -12.5000 7.2600 98 111 233
14.6250 0.5000 4.5700 122 254 129
9.8750 9.0000 4.8800 87 254 114
-7.5000 8.5000 0.0700 171 150 8
5.6250 2.5000 3.5300 180 205 19
15.8750 22.5000 3.1300 165 189 67
16.1250 -21.5000 3.9900 232 135 60
4.2500 -5.0000 2.6900 132 187 104
18.6250 -18.0000 4.5500 172 209 130
0.5000 -17.0000 2.3700 125 237 74
18.8750 -17.0000 4.5300 168 207 125
3.0000 -7.0000 4.0700 148 254 0
-15.3750 -22.5000 5.5600 118 254 165
0.3750 -14.0000 2.2900 141 219 109
-22.3750 8.5000 0.1100 145 118 5
7.2500 -10.0000 4.4100 99 254 32
18.6250 18.0000 8.5400 7 200 136
16.1250 -17.5000 6.4000 84 148 229
14.5000 11.0000 4.3800 116 254 63
22.0000 1.0000 7.0800 97 153 248
-25.8750 20.0000 0.1300 134 117 8
3.5000 3.0000 7.0800 42 237 118
-6.8750 -22.0000 0.8800 159 173 34
-14.2500 -19.5000 0.4200 177 123 15
20.8750 -10.5000 7.1800 110 114 254
-25.5000 22.0000 0.9500 137 144 17
-9.6250 -12.5000 2.4100 154 203 78
11.0000 5.0000 6.9900 30 208 143
16.7500 26.0000 3.7700 183 224 0
19.3750 1.0000 7.1500 80 163 254
11.3750 8.5000 4.7500 98 254 106
0.0000 17.5000 0.1000 157 120 4
14.6250 19.5000 2.4700 133 159 105
13.7500 -17.0000 4.5000 150 206 127
-11.0000 -19.0000 0.1000 147 126 42
4.0000 -5.0000 3.1200 150 195 83
15.3750 14.5000 4.7100 91 254 120
8.3750 -9.5000 4.5400 93 254 65
7.3750 11.0000 1.5100 143 208 55
-26.1250 -22.0000 5.4500 138 254 151
-20.2500 21.0000 2.9800 156 202 98
-10.0000 25.5000 3.4600 193 224 39
-14.3750 -13.5000 0.2000 159 149 0
-10.2500 -14.0000 2.2900 152 250 75
7.0000 -12.0000 12.5900 0 161 69
-9.0000 20.0000 0.0800 155 175 0
16.3750 16.0000 6.6200 33 226 167
-7.6250 -9.5000 1.7900 151 230 23
-26.5000 8.5000 0.3300 121 133 68
15.8750 19.5000 6.0200 50 249 149
-19.5000 16.5000 3.2800 165 205 75
8.3750 10.5000 3.4500 171 193 58
7.8750 -17.5000 8.2600 17 177 108
-23.6250 -19.5000 5.6000 132 254 149
-10.8750 -2.0000 0.1200 177 138 2
9.7500 -0.5000 4.0200 158 254 0
15.2500 14.5000 3.5400 168 185 40
4.8750 -7.5000 2.4500 116 188 73
-2.3750 -22.0000 4.0300 151 254 0
-6.1250 -17.0000 0.0700 151 126 18
3.7500 -17.0000 5.1300 68 254 120
16.5000 -5.0000 3.8000 229 134 91
9.2500 -21.5000 11.0800 29 104 120
2.5000 -9.5000 5.3000 68 254 140
-12.1250 -21.0000 0.4400 164 140 34
-1.5000 18.5000 0.0800 172 114 0
6.1250 8.0000 3.5800 189 196 10
17.7500 -1.5000 7.3000 74 165 214
21.3750 11.0000 3.3500 166 100 127
14.7500 3.5000 4.2300 143 252 65
11.1250 -14.5000 8.2500 26 135 162
4.8750 -10.0000 7.6200 9 232 124
10.8750 12.5000 3.9100 163 254 0
-0.1250 -20.0000 3.9100 162 254 0
-10.0000 -13.0000 2.6900 150 187 109
-9.0000 -6.5000 0.1100 148 158 47
10.6250 25.0000 1.9200 134 254 56
-27.3750 3.0000 1.9800 143 205 86
11.5000 -0.5000 3.8800 170 230 19
16.5000 0.5000 3.6000 218 109 76
-26.1250 -2.0000 2.0200 164 181 46
7.8750 -5.5000 6.6100 32 237 135
10.2500 20.5000 2.2700 143 212 110
-23.7500 25.0000 2.6200 124 254 109
18.7500 24.0000 4.3300 139 254 34
17.0000 16.0000 7.9500 12 212 136
21.6250 -22.0000 3.9100 230 121 75
6.2500 -11.0000 11.4300 0 169 83
8.0000 11.0000 4.4500 116 254 60
9.8750 9.5000 3.1500 150 175 93
9.7500 -12.0000 11.2000 0 128 110
21.6250 21.0000 5.3500 74 254 127
-16.2500 15.5000 3.1400 158 199 100
14.3750 -12.0000 3.8400 210 148 80
20.1250 13.0000 5.1100 85 254 164
-26.5000 10.5000 6.4100 70 254 148
0.6250 1.5000 1.6000 162 233 70
20.6250 16.5000 7.6500 25 188 155
17.1250 14.0000 6.1000 45 241 163
-6.2500 -18.0000 0.0600 153 123 17
17.7500 -7.0000 7.1400 94 125 254
3.3750 2.5000 4.7400 99 254 87
20.8750 13.5000 3.5600 183 156 49
-9.2500 -12.0000 0.6500 151 154 58
17.8750 -5.5000 7.1000 97 132 254
-2.2500 -3.0000 1.2900 157 232 38
18.8750 -1.0000 7.1500 79 170 254
-14.7500 21.0000 3.4200 195 217 39
16.7500 -4.0000 3.7800 227 147 63
-0.1250 -7.0000 0.8100 134 170 44
-23.5000 -12.5000 0.1000 186 124 0
8.8750 3.5000 6.9400 28 221 151
14.0000 -2.0000 3.6800 188 155 50
16.0000 19.0000 3.5300 168 194 31
18.2500 -19.5000 5.0500 149 201 202
17.6250 -7.0000 7.1200 95 126 254
-13.8750 -5.5000 0.0800 178 112 36
8.2500 12.0000 1.2400 155 185 23
17.1250 12.5000 5.5300 68 254 174
8.5000 -21.0000 4.0900 173 204 13
-26.1250 5.5000 0.3200 134 121 45
8.0000 21.5000 1.9700 155 254 80
2.6250 -22.0000 7.3800 19 210 101
8.6250 1.0000 9.1700 10 180 103
6.0000 -0.5000 1.2600 151 120 25
20.6250 -5.0000 7.1100 114 125 254
-11.1250 15.5000 0.1000 137 137 21
16.3750 -22.0000 4.0000 230 133 62
3.2500 11.0000 0.1000 139 111 28
21.3750 23.0000 6.3500 57 214 137
-14.5000 13.0000 2.0900 141 240 24
6.7500 -13.0000 12.0200 0 166 73
-15.2500 17.0000 3.6900 198 219 10
0.5000 -7.0000 5.1200 91 254 122
13.7500 -22.0000 4.0000 223 134 69
16.1250 -1.0000 3.5700 218 106 75
13.5000 15.5000 2.5400 129 140 101
6.2500 2.5000 4.8400 92 254 105
-21.5000 -13.5000 0.0900 177 130 2
8.7500 0.5000 8.5900 20 185 113
13.5000 25.0000 2.9300 145 187 90
0.3750 -21.0000 8.8100 5 221 88
-0.3750 -13.0000 4.0800 157 254 8
-3.5000 -20.5000 3.0900 151 203 86
10.3750 -16.0000 7.0600 60 141 183
10.1250 7.5000 5.2100 70 254 137
-18.1250 -2.0000 0.1200 167 121 26
-16.2500 -18.0000 0.8000 173 203 54
-26.0000 -5.5000 0.1000 159 132 16
-22.2500 23.5000 1.9900 162 202 76
16.7500 25.0000 2.4100 146 198 58
-15.2500 11.5000 0.3200 144 119 31
13.5000 0.5000 4.5300 108 254 97
1.3750 -5.5000 2.2700 134 230 77
8.2500 26.0000 0.0900 135 126 30
-27.3750 -18.0000 5.7400 134 254 148
3.2500 -17.5000 8.0800 10 211 113
-14.3750 14.5000 2.1400 156 179 39
-2.6250 -15.0000 4.9400 107 254 134
-10.0000 -23.0000 0.1000 155 112 49
-16.7500 25.5000 1.6900 158 145 51
11.0000 19.5000 2.2900 128 209 100
5.6250 14.0000 1.1500 155 209 52
20.3750 5.5000 3.4600 204 93 134
9.2500 22.0000 2.3000 144 248 105
-6.7500 18.0000 0.0900 164 136 13
-2.6250 5.5000 0.0900 167 114 27
1.3750 -16.5000 9.8200 5 210 103
16.7500 -19.5000 4.3800 177 195 116
-1.7500 6.0000 0.0900 163 114 28
-25.6250 5.5000 6.6200 46 254 157
-14.3750 11.5000 0.1200 144 99 22
20.8750 11.5000 3.3500 165 114 117
-23.6250 -22.5000 5.4400 143 254 144
-14.8750 15.5000 2.7000 152 189 104
-15.3750 13.5000 1.9600 156 181 28
15.2500 -17.5000 6.4500 85 143 228
-23.3750 -6.0000 0.1000 158 117 11
6.7500 5.5000 4.3900 115 254 34
-16.3750 11.5000 1.8700 136 238 36
17.7500 -20.0000 4.0100 230 148 54
-17.1250 11.0000 1.3500 137 235 48
13.2500 5.0000 6.8100 26 211 169
2.5000 2.5000 7.6600 35 220 101
-25.2500 -11.0000 0.0900 181 134 3
10.1250 14.0000 2.0300 145 178 70
-7.0000 -8.0000 0.1100 158 118 35
6.6250 14.5000 0.2300 136 100 24
-12.8750 -17.0000 0.7000 142 190 68
-23.7500 13.0000 0.0900 161 107 0
-1.8750 15.5000 0.0900 181 138 0
-16.1250 26.5000 1.6400 153 143 52
-14.1250 3.5000 0.1000 173 130 3
2.6250 5.5000 0.8300 138 171 14
6.2500 -22.0000 10.2100 13 155 68
18.8750 -20.0000 4.0200 230 160 67
-14.2500 22.0000 3.2100 175 191 70
8.6250 -1.0000 6.3900 47 237 139
-14.7500 25.5000 3.0000 149 189 99
17.5000 -13.5000 3.8200 226 126 76
16.1250 18.5000 5.9400 47 254 161
14.3750 19.0000 3.1900 139 190 65
19.2500 -20.5000 3.9500 242 149 63
8.2500 -5.0000 4.0000 150 254 3
9.5000 -22.0000 4.0200 203 183 34
0.6250 1.0000 0.1000 141 125 0
18.7500 19.5000 4.6000 103 254 83
14.1250 -10.0000 3.8000 206 133 68
-11.2500 -19.5000 1.1600 175 182 39
11.3750 17.0000 3.5700 169 230 15
18.3750 6.0000 3.3700 198 77 154
16.8750 18.5000 5.7900 50 254 154
11.2500 -10.5000 10.0000 17 159 115
0.2500 -17.5000 2.5400 126 237 85
-23.6250 2.0000 1.5500 159 216 24
8.5000 17.0000 1.5000 153 196 95
10.1250 -5.0000 4.1500 132 254 19
-11.2500 -14.5000 1.8600 160 229 96
18.7500 8.0000 3.3000 186 92 138
-26.8750 25.5000 2.0200 130 233 91
-17.2500 9.0000 1.5200 153 241 53
16.5000 22.5000 3.5600 189 204 12
2.5000 22.5000 0.1000 162 106 51
-22.6250 -19.5000 5.6700 131 254 153
9.6250 23.0000 1.6000 143 254 40
22.0000 21.5000 5.5800 71 254 129
7.1250 -13.0000 12.0600 0 165 72
2.6250 4.0000 3.3000 172 217 70
1.1250 8.5000 0.1100 148 117 40
-15.1250 -22.0000 5.6600 111 254 175
6.1250 -8.5000 2.9800 125 172 83
11.6250 -3.0000 9.0000 14 157 125
-14.6250 -22.0000 0.2500 182 112 17
-19.2500 8.5000 1.7000 156 244 74
19.7500 18.5000 7.6700 12 206 162
-12.2500 19.0000 0.0800 133 140 10
-20.7500 -11.0000 0.1000 196 124 11
0.0000 -23.0000 4.5900 101 254 49
-6.6250 5.5000 0.1900 178 138 16
11.2500 18.0000 3.3300 168 190 62
14.8750 -3.5000 6.5500 69 187 202
1.2500 -14.5000 3.2900 166 194 67
-10.6250 23.0000 0.5200 149 146 0
3.6250 -10.0000 3.4100 161 204 35
-14.2500 20.0000 3.1800 175 203 71
-24.3750 24.0000 2.7700 129 254 118
20.8750 19.0000 8.5400 18 190 116
-20.1250 14.5000 0.6500 136 166 9
21.8750 -8.0000 7.1600 113 107 254
11.6250 -7.0000 5.2200 91 240 172
-3.1250 -18.0000 2.7000 131 239 107
-21.2500 20.5000 3.3500 198 192 50
12.8750 -9.5000 7.2200 51 165 204
-13.8750 7.5000 0.1200 157 155 0
12.8750 26.5000 2.8100 131 193 87
-18.7500 -23.0000 5.3600 150 254 131
12.8750 -21.5000 4.0600 217 153 68
-21.7500 -9.5000 0.0900 182 96 0
-27.0000 -22.5000 5.4200 142 254 134
-3.2500 -20.0000 2.8400 136 213 113
9.7500 24.0000 0.1000 142 87 4
-16.5000 9.0000 0.7400 162 178 0
13.6250 -8.5000 3.7700 208 137 75
20.5000 18.5000 7.9100 12 200 150
-16.2500 21.0000 2.2800 144 191 95
6.7500 -20.5000 6.5100 45 213 142
-24.3750 3.5000 1.0500 148 223 23
21.0000 18.5000 8.1700 22 190 118
17.1250 3.5000 3.5300 200 111 111
17.7500 -4.5000 3.7600 237 129 123
19.5000 -11.0000 7.1400 96 117 254
12.5000 24.5000 2.9200 145 187 99
10.1250 -23.0000 11.4200 46 94 110
-27.2500 -3.5000 1.0200 145 237 60
21.5000 -6.5000 7.1700 112 105 254
13.1250 24.5000 2.9800 149 184 93
-14.8750 23.5000 2.8700 149 193 102
15.1250 23.5000 2.8100 143 204 84
-20.5000 17.5000 3.1500 166 203 93
17.6250 16.5000 4.2400 121 254 23
14.7500 -20.5000 4.0000 223 134 71
-26.7500 1.5000 0.3800 129 124 32
-2.2500 -22.0000 4.3200 128 254 5
3.1250 -11.0000 8.9800 3 220 103
14.1250 23.5000 2.8000 144 190 84
3.1250 -22.0000 9.1600 14 196 72
14.0000 25.5000 2.7400 145 188 79
4.2500 2.5000 3.8300 170 254 0
17.3750 -21.0000 3.9800 231 128 58
-11.1250 -10.0000 1.6900 154 234 66
21.2500 -8.0000 7.1800 109 108 254
8.6250 16.0000 1.9500 150 188 96
-19.8750 -22.5000 5.3800 148 254 143
7.5000 -8.5000 3.3200 148 190 48
12.0000 -15.0000 4.5800 137 236 143
6.5000 -13.5000 7.7300 12 197 130
12.2500 -23.0000 4.1100 191 149 67
5.6250 -9.5000 9.4600 0 201 98
7.5000 12.0000 0.8700 150 158 20
11.5000 22.5000 2.6100 141 207 92
12.6250 14.0000 4.6200 97 254 91
14.2500 -12.5000 3.8300 210 145 83
-14.5000 24.5000 2.8800 147 193 103
7.1250 3.5000 4.1100 143 254 0
2.6250 5.5000 0.6100 128 159 18
13.6250 19.5000 3.1700 141 186 73
18.7500 14.0000 7.8800 13 205 160
8.6250 -1.5000 5.2900 67 254 129
4.0000 -1.0000 6.6100 44 254 129
21.8750 17.0000 8.4500 28 181 123
7.6250 20.5000 0.3900 145 146 33
-23.5000 -22.5000 5.4300 143 254 143
14.3750 11.5000 4.1500 135 254 27
11.3750 25.5000 1.6500 158 228 39
-20.0000 20.5000 2.9300 151 202 97
-20.2500 26.0000 1.5700 144 130 86
13.6250 21.5000 3.5500 173 207 7
6.5000 19.0000 0.1200 141 108 31
-8.1250 7.5000 0.1100 186 147 1
19.7500 -15.5000 3.7300 241 101 67
19.8750 9.5000 3.2800 185 95 148
16.8750 -2.0000 3.6300 224 121 77
4.6250 21.5000 0.1000 166 102 36
0.2500 -20.5000 9.3400 1 215 83
-16.7500 -15.5000 0.1100 152 134 39
18.1250 18.0000 8.6100 12 200 131
-0.6250 -9.0000 5.8700 66 254 150
5.6250 2.0000 8.4000 19 220 105
-7.7500 26.0000 1.2500 179 189 27
11.0000 -2.0000 6.3800 52 209 139
4.2500 -15.0000 4.6200 93 254 86
9.1250 4.0000 1.9000 134 164 53
7.5000 -13.0000 12.0900 0 147 75
3.5000 12.0000 0.0800 138 107 32
13.0000 -14.0000 3.9500 190 168 60
-25.1250 -11.5000 0.0900 184 130 0
-27.1250 11.5000 6.7300 64 252 143
5.1250 3.5000 7.5900 30 230 110
18.8750 16.5000 8.2000 7 206 150
2.3750 3.0000 0.0900 140 137 0
2.5000 0.0000 4.2600 127 254 0
-19.7500 -7.5000 0.2100 176 125 12
19.8750 -5.0000 7.1500 97 126 254
-20.6250 10.0000 0.1000 152 108 0
-7.7500 23.0000 0.1000 147 150 0
18.7500 -23.5000 3.9200 221 114 68
-3.6250 20.5000 0.1000 184 129 2
-21.5000 3.5000 0.1200 137 121 23
17.0000 -13.0000 3.8200 227 127 79
21.0000 25.0000 4.8400 105 254 95
14.3750 0.5000 4.6900 113 254 144
13.2500 11.0000 5.6500 56 254 160
-16.5000 3.0000 0.1200 164 141 17
1.7500 9.0000 0.1100 147 119 38
22.2500 12.0000 3.3000 152 123 105
6.3750 2.0000 8.4900 16 210 103
11.2500 16.5000 3.6600 171 223 6
12.7500 -2.5000 5.4500 82 248 172
-24.5000 4.0000 2.2900 136 254 76
13.0000 4.5000 6.1300 52 210 184
-1.7500 25.5000 0.1000 175 129 0
15.7500 -22.0000 4.0100 227 135 66
10.3750 -21.0000 4.0400 209 187 37
-11.0000 -18.0000 1.2800 156 210 70
-3.3750 -0.5000 0.1000 151 109 38
2.6250 -5.0000 2.4100 123 201 104
-1.2500 -15.0000 3.7400 185 254 0
5.5000 -0.5000 6.9900 34 248 149
-23.1250 22.0000 2.2300 129 254 91
-0.6250 -19.5000 3.7600 165 248 5
10.7500 -0.5000 8.3600 15 187 109
7.5000 -15.5000 10.3000 0 164 89
20.2500 2.5000 7.2200 72 155 254
20.1250 4.0000 3.4100 210 69 158
-27.0000 -1.5000 1.2000 149 162 41
1.0000 -20.5000 8.0200 9 223 105
-14.1250 25.0000 2.8600 139 208 101
6.6250 10.0000 4.0700 151 254 0
19.1250 0.5000 7.1200 78 169 254
-27.2500 25.5000 0.8300 117 128 75
-8.3750 11.5000 0.0900 189 126 0
19.0000 -5.0000 7.1300 95 130 254
6.5000 -22.0000 12.5400 2 130 67
12.1250 13.5000 4.2800 123 254 48
7.3750 11.5000 1.2800 145 195 48
20.2500 -12.5000 3.7700 240 113 102
21.2500 -15.0000 3.7600 229 105 75
-27.3750 6.0000 0.6500 132 143 65
-1.3750 -9.0000 6.6800 67 254 130
-23.3750 10.0000 0.0900 147 130 3
-27.6250 -4.5000 1.8300 143 254 67
-25.7500 -21.0000 5.4400 137 254 162
-25.6250 18.0000 0.1200 141 151 0
19.6250 -9.5000 7.1900 102 129 254
7.6250 18.5000 1.1000 154 189 46
21.1250 26.0000 4.5800 115 254 70
-16.6250 24.0000 2.7400 139 222 124
7.1250 26.0000 0.0900 130 128 50
13.3750 3.0000 4.1900 138 254 42
6.6250 -3.5000 2.1900 138 162 78
11.1250 19.0000 2.8100 127 211 126
-2.8750 25.0000 0.0800 170 115 5
11.6250 9.5000 4.7100 97 254 101
-2.8750 -20.5000 3.4500 179 210 20
-17.7500 3.0000 0.1100 155 124 25
6.1250 25.0000 0.0900 136 125 47
9.3750 23.0000 2.4400 133 254 106
-17.5000 25.5000 1.6100 162 133 47
-23.0000 -4.5000 0.1100 148 123 11
2.5000 14.0000 0.0900 156 103 46
10.2500 5.0000 4.2600 124 254 12
18.2500 -6.5000 7.1000 98 132 254
21.5000 -19.5000 4.5000 187 187 121
-19.1250 -15.5000 0.1100 168 127 22
13.7500 7.0000 5.7500 65 240 173
1.7500 -21.0000 6.0900 46 254 120
-27.1250 10.0000 6.5200 65 254 144
-6.5000 -22.0000 1.6400 153 228 52
-0.5000 -14.0000 5.8700 66 254 168
7.3750 -0.5000 6.5500 39 254 146
-20.1250 -8.5000 0.1000 183 98 0
-17.0000 11.0000 1.2300 146 205 43
10.0000 0.5000 6.5600 42 235 138
-11.1250 25.5000 3.3600 184 213 56
11.1250 -18.5000 4.0800 189 169 51
-14.2500 10.0000 0.0900 153 114 5
10.1250 -10.5000 11.7800 1 120 104
12.3750 -22.5000 4.0500 210 138 74
-24.0000 6.5000 4.8000 110 254 96
-22.1250 18.5000 0.8400 141 167 29
-25.0000 16.5000 0.1200 143 133 0
-15.6250 12.5000 1.9300 137 233 32
6.6250 7.5000 5.7300 69 254 141
6.6250 -2.0000 1.0600 142 121 8
-26.3750 2.5000 6.7800 42 254 144
-1.2500 -21.5000 8.1900 24 206 102
-20.3750 -1.5000 0.1100 179 121 0
18.3750 18.5000 8.1100 12 208 144
-19.2500 15.5000 2.7900 126 222 111
8.3750 -23.0000 12.8800 19 99 74
11.5000 14.5000 3.1200 147 185 113
-18.0000 4.0000 0.2900 147 156 36
-26.6250 -10.5000 0.2100 170 154 0
-15.6250 -4.5000 0.1100 179 118 44
21.2500 -5.5000 7.1700 106 118 254
-13.5000 -12.0000 0.8600 154 196 49
17.0000 -5.5000 3.8200 229 137 94
1.3750 -0.5000 4.2400 137 254 21
-7.8750 21.5000 0.0800 151 173 0
0.6250 3.0000 0.0900 151 114 31
18.1250 25.5000 3.5000 196 192 35
19.6250 4.5000 3.5000 218 74 132
10.5000 -16.5000 4.5500 120 218 115
-9.2500 -20.0000 0.0800 169 97 26
-15.3750 -22.0000 5.3400 123 254 170
-16.6250 -20.0000 1.4700 197 196 25
-17.7500 -21.5000 5.6800 131 254 162
-9.6250 -13.0000 2.3000 148 189 87
11.7500 -20.0000 4.0200 215 158 63
17.8750 -16.5000 5.9100 98 181 207
22.2500 17.5000 8.0200 35 183 125
-25.2500 11.5000 0.0900 156 101 13
7.8750 8.5000 4.8700 99 254 100
-21.2500 17.0000 1.6900 148 197 47
-16.8750 6.5000 0.6100 153 173 26
-3.1250 22.0000 0.0900 165 107 1
18.7500 12.5000 5.4600 71 254 194
-2.6250 13.5000 0.1000 183 137 0
-24.2500 -8.0000 0.0900 175 149 0
-24.2500 5.5000 2.7500 142 243 98
-27.3750 3.0000 6.6300 49 254 168
19.6250 -21.5000 3.9300 243 141 65
-25.7500 -5.0000 0.0900 153 125 14
21.7500 22.0000 4.9300 90 254 105
15.8750 13.5000 5.0500 76 254 147
12.5000 -12.5000 6.7500 65 158 208
15.7500 -9.5000 3.8400 229 136 81
-8.0000 7.0000 0.1100 187 145 1
8.8750 11.0000 3.6800 186 224 11
-26.1250 3.0000 4.5200 111 254 80
6.1250 -16.0000 3.9000 169 225 0
1.2500 -15.5000 3.2500 159 194 67
15.8750 6.5000 4.6200 108 254 125
3.0000 6.0000 0.5900 128 155 18
3.0000 0.5000 6.9700 40 250 116
-14.0000 16.5000 1.9500 139 208 62
0.7500 4.0000 0.0900 147 121 42
12.7500 20.0000 3.4000 168 195 31
22.2500 -0.5000 7.1500 111 146 249
9.2500 3.0000 9.1900 4 191 101
21.1250 -6.0000 7.1700 105 120 254
9.1250 -13.5000 9.5500 7 149 118
-10.3750 -8.0000 0.1100 154 150 16
-11.6250 -11.5000 1.4800 144 230 73
-25.0000 6.0000 5.5100 75 254 156
-9.2500 24.5000 1.2300 159 184 28
3.0000 -23.0000 5.6700 58 249 103
17.6250 19.5000 6.0100 56 251 159
-23.8750 -20.0000 5.3600 141 254 157
13.6250 -14.0000 3.7000 213 101 76
9.8750 -20.0000 4.0400 206 195 37
-17.1250 -11.5000 0.1000 180 126 0
-27.2500 -17.5000 0.0900 192 115 0
-14.5000 7.5000 0.1200 156 155 1
-13.2500 18.0000 2.1900 148 221 65
-7.7500 4.0000 0.1000 186 139 5
-10.2500 22.0000 0.1000 144 160 0
21.7500 2.5000 7.1000 95 148 244
-1.5000 17.5000 0.1100 174 108 0
16.3750 18.0000 5.4100 58 254 151
14.8750 6.5000 5.1000 88 254 174
-4.1250 -17.0000 1.2800 158 201 38
21.1250 13.0000 3.3800 171 128 85
-18.0000 14.5000 3.0600 149 203 98
1.3750 -17.0000 10.0100 0 205 101
-4.0000 19.5000 0.1000 171 122 27
1.8750 -7.0000 2.6100 133 203 81
-24.0000 24.0000 2.6900 129 254 113
-6.3750 0.5000 0.1000 175 125 10
-24.8750 -1.0000 0.1000 126 113 34
-2.2500 -2.5000 1.2500 157 230 38
-20.0000 8.0000 0.2100 139 116 19
4.6250 -22.5000 5.7500 70 226 115
-3.2500 12.0000 0.1100 174 118 9
-6.2500 -12.0000 2.1200 160 254 83
13.6250 -0.5000 6.0100 57 222 182
-16.2500 16.0000 3.0000 161 182 106
-5.6250 -20.5000 0.4600 154 112 23
-24.7500 4.0000 3.8100 192 254 18
14.2500 -5.0000 3.7000 213 137 80
5.8750 -20.0000 6.1700 59 227 143
-2.3750 -22.0000 5.7200 59 254 138
13.8750 -20.0000 3.9900 223 137 68
16.6250 -19.5000 4.1300 208 167 72
-10.7500 -5.5000 0.1100 159 138 12
-26.6250 -10.0000 0.1000 166 148 0
14.0000 13.5000 3.3700 165 162 51
17.5000 18.5000 5.5800 52 254 156
8.0000 -22.0000 12.3700 13 107 80
-4.3750 -22.5000 3.3700 177 194 30
14.2500 -20.5000 4.0200 220 142 69
-6.3750 -9.0000 0.2000 163 121 28
17.5000 14.5000 5.9900 47 247 160
18.0000 -16.5000 5.5400 116 197 220
16.5000 24.5000 0.4700 133 92 21
12.8750 -22.0000 4.0500 216 147 70
-7.2500 -7.0000 0.1200 151 166 44
14.3750 11.5000 4.2600 126 254 43
8.0000 5.0000 4.2400 115 254 11
-19.6250 24.0000 1.6000 153 142 86
18.3750 22.5000 4.6000 108 254 85
2.1250 0.0000 6.6200 49 254 138
15.8750 18.5000 5.9000 48 254 161
18.2500 18.5000 7.7100 17 212 154
14.7500 -1.0000 3.6800 198 148 68
13.8750 25.0000 0.5700 147 122 0
8.8750 -0.5000 8.3000 23 194 116
13.1250 -1.5000 5.4200 85 241 165
-12.7500 -14.0000 0.3900 158 139 43
11.7500 3.5000 8.0400 21 186 150
21.1250 -1.5000 7.1600 107 149 254
21.3750 21.5000 4.9700 87 254 110
17.6250 7.5000 3.3400 172 101 119
-14.3750 7.5000 0.1000 157 154 0
-20.2500 -22.5000 5.4000 147 254 146
-16.3750 10.5000 1.3200 167 194 31
9.6250 -2.5000 6.5600 41 220 147
0.7500 -18.0000 10.0600 0 207 104
-27.5000 13.5000 5.4800 95 254 150
10.6250 -8.5000 6.3500 48 210 165
21.5000 -9.0000 7.1900 109 121 254
4.6250 -22.0000 5.6800 71 232 122
3.6250 6.0000 1.5100 155 206 33
7.5000 -9.0000 11.6500 0 170 86
-19.7500 1.0000 0.1200 162 129 12
-25.0000 3.0000 0.3700 143 117 31
20.5000 -9.0000 7.2000 103 127 254
-27.1250 -19.5000 5.4200 143 254 141
-18.7500 22.5000 1.8100 155 168 75
-2.3750 19.0000 0.1000 181 128 0
-17.3750 5.5000 0.0900 159 136 7
-13.8750 -18.0000 1.1300 167 216 57
9.3750 21.5000 2.2600 141 220 119
-17.0000 11.5000 1.4300 136 239 49
-0.5000 -5.5000 0.9200 142 190 29
-27.0000 26.0000 2.2300 118 244 99
-21.0000 21.0000 3.2400 187 192 67
12.0000 -9.0000 3.7600 205 142 68
4.3750 19.5000 0.1000 160 119 14
-15.7500 -9.5000 0.0900 166 126 31
9.5000 0.5000 8.4500 15 189 115
-13.5000 15.5000 1.1100 166 166 26
-24.8750 -18.5000 5.3400 136 254 118
14.0000 7.0000 5.5100 72 248 161
-22.8750 5.0000 0.1500 138 109 20
21.0000 -7.0000 7.1700 110 108 254
-1.1250 -4.5000 1.3400 150 235 28
0.8750 -12.5000 3.6200 191 218 9
-4.0000 -8.0000 0.2100 168 127 0
17.5000 24.5000 3.5900 204 203 16
-24.5000 7.5000 0.1400 127 97 58
10.7500 6.0000 7.5400 16 216 130
2.6250 -1.5000 1.6900 134 201 57
-22.3750 -22.5000 5.4200 145 254 138
-23.1250 23.5000 2.6800 131 254 100
0.2500 -13.0000 1.9200 133 246 89
-27.3750 0.0000 0.5500 133 145 38
1.3750 -11.5000 3.6500 186 222 8
-0.8750 0.5000 0.0900 140 138 15
-18.1250 8.5000 0.2400 140 125 39
-20.6250 26.0000 1.5600 142 132 87
18.6250 12.0000 5.1000 85 254 181
-0.1250 -19.5000 9.7500 3 205 80
-17.0000 26.0000 1.6100 159 135 48
10.6250 -7.0000 6.9500 40 197 145
-12.1250 23.5000 2.4500 150 213 73
12.8750 11.5000 5.6700 55 254 166
-9.7500 11.5000 0.1000 185 135 9
-10.5000 17.0000 0.1100 148 137 0
20.2500 7.5000 3.4100 202 83 137
-10.3750 2.0000 0.1000 174 143 15
-26.2500 -21.5000 5.4100 140 254 152
17.6250 -18.5000 4.4700 171 191 121
-16.3750 -20.5000 1.2400 185 232 64
-2.2500 21.0000 0.0900 184 121 0
-22.5000 26.0000 1.6900 142 229 74
8.1250 -21.0000 10.8300 8 147 67
-20.1250 26.0000 1.5900 146 130 85
-4.1250 0.0000 0.1100 152 115 42
15.1250 18.0000 3.3000 155 168 74
8.8750 -17.0000 4.1900 147 203 50
5.8750 18.5000 1.7100 165 212 81
6.3750 -19.5000 6.2000 59 226 142
0.8750 1.0000 2.9400 147 227 91
12.7500 2.0000 5.0800 76 254 159
21.5000 24.5000 5.3200 87 254 124
-16.2500 13.5000 2.3800 139 199 81
0.1250 1.5000 1.3600 140 254 50
19.7500 -12.5000 3.8300 237 127 97
-25.6250 3.5000 0.5200 145 138 35
4.2500 17.5000 0.0800 154 104 18
10.6250 6.0000 6.5400 32 242 149
-16.3750 2.5000 0.1300 167 137 12
15.7500 -1.5000 3.5800 213 130 79
7.5000 -14.0000 8.5200 4 181 111
-8.2500 -13.5000 2.6100 162 190 102
-27.0000 4.0000 8.2200 29 211 141
21.2500 -0.5000 7.1300 107 147 254
-21.1250 -13.0000 0.1000 198 129 11
-26.8750 9.5000 0.2100 132 130 56
4.1250 20.5000 0.0900 170 93 35
19.5000 -21.0000 3.9300 245 144 63
-22.5000 -9.5000 0.1200 179 108 4
10.6250 9.0000 4.8800 87 254 110
14.2500 20.5000 3.0600 139 190 69
-23.2500 21.5000 2.2500 131 243 108
6.2500 -23.5000 11.3700 26 135 51
0.0000 26.0000 0.0900 167 135 0
21.8750 -22.0000 3.8800 230 115 77
4.6250 -19.0000 6.2600 46 228 132
3.2500 -21.0000 7.3200 18 218 109
9.5000 -9.0000 5.2900 67 254 148
2.0000 -21.0000 9.6600 4 195 68
1.6250 -23.0000 7.7600 22 203 98
12.8750 -2.0000 6.9600 34 192 174
21.2500 20.5000 7.4300 26 183 137
4.8750 -18.0000 6.9000 25 224 124
2.5000 -12.0000 8.0700 11 230 128
9.2500 1.5000 9.2200 5 180 103
3.0000 7.0000 1.4000 152 208 37
15.5000 -18.0000 6.2200 89 153 231
-10.1250 -17.5000 0.3400 146 132 31
-2.1250 1.5000 0.1000 160 139 30
21.7500 -19.5000 4.5000 187 186 120
-16.6250 -22.0000 5.6500 130 254 170
-2.2500 -17.0000 3.7000 184 246 9
9.3750 26.0000 0.2200 130 126 22
-10.5000 16.5000 0.1000 144 135 13
10.3750 -16.0000 10.6700 34 110 130
-3.1250 14.5000 0.1000 184 141 0
21.2500 -20.5000 4.4800 194 179 132
-17.1250 15.0000 2.6200 124 227 94
-24.7500 -10.5000 0.1500 179 140 5
-19.2500 -7.0000 0.0900 177 110 0
-10.2500 -10.5000 3.7100 188 230 36
5.8750 -20.5000 6.4400 48 214 142
10.2500 13.5000 4.3600 119 254 41
-0.6250 -14.0000 5.9800 63 254 169
-25.7500 -18.0000 0.1500 184 130 0
12.8750 -3.5000 6.5400 45 201 177
8.2500 -0.5000 2.4700 121 195 84
-24.7500 2.0000 0.1000 139 101 22
13.5000 13.5000 4.0400 146 254 20
14.7500 22.5000 3.1600 156 194 61
6.0000 13.0000 1.8200 143 250 88
20.7500 6.5000 3.4700 202 99 133
-24.1250 0.5000 1.6200 162 174 48
11.3750 15.0000 3.1200 144 197 79
-0.8750 -19.0000 3.6600 163 243 20
22.0000 5.5000 3.5800 200 98 122
8.2500 -4.5000 8.5000 13 209 95
15.0000 18.0000 3.5800 172 198 22
-12.7500 -2.5000 0.1100 169 137 13
-2.3750 -21.5000 3.8100 171 254 0
-23.8750 23.5000 2.8000 134 254 111
12.5000 2.5000 6.6400 33 218 179
-12.5000 19.5000 0.1000 132 142 11
0.3750 18.5000 0.0800 154 122 6
5.7500 -21.0000 7.5700 32 173 121
17.5000 19.0000 8.6800 17 188 110
-19.2500 -23.5000 5.4200 149 254 138
-23.0000 14.5000 0.1100 133 112 25
8.6250 -9.0000 3.6700 183 178 27
-4.0000 26.0000 0.0900 162 130 0
-5.5000 13.0000 0.0900 161 117 27
-0.7500 -0.5000 1.5300 165 231 66
-0.5000 20.5000 0.0900 173 132 0
19.2500 -4.5000 7.1600 96 128 254
-15.7500 -21.0000 0.5400 191 134 18
4.7500 2.5000 4.1700 130 254 6
16.1250 -10.5000 3.8100 233 135 98
-22.1250 -17.5000 0.0900 179 111 0
1.6250 5.0000 1.5500 158 254 22
22.2500 9.5000 3.5200 169 132 98
3.8750 -16.0000 4.6500 90 254 89
11.3750 21.0000 2.5800 142 206 93
1.6250 -20.0000 7.9400 13 221 99
17.1250 -1.0000 3.5600 221 82 77
-7.6250 -13.5000 2.1100 170 214 63
10.3750 -5.0000 5.1900 62 254 121
-26.8750 -20.5000 5.4400 142 254 152
-20.3750 17.0000 3.0700 160 205 97
13.0000 8.0000 4.4700 121 254 67
16.6250 -12.0000 3.8600 230 151 82
5.3750 23.5000 0.1000 139 124 44
-15.2500 23.0000 2.7600 145 192 105
-24.5000 6.0000 4.1800 141 254 6
2.5000 -4.5000 2.4400 136 204 94
-26.7500 -3.0000 0.1000 140 159 16
-16.0000 -20.5000 1.3600 184 244 68
-3.3750 13.0000 0.0900 175 117 13
4.3750 16.0000 0.0900 167 121 4
14.3750 17.0000 2.3600 119 128 84
-17.7500 19.0000 3.4900 189 180 37
-20.5000 7.5000 1.0100 153 191 23
16.0000 19.0000 3.6400 169 209 14
4.8750 20.5000 0.0900 167 98 32
7.5000 0.0000 2.2200 128 211 87
12.1250 0.5000 7.3900 25 191 171
-26.0000 25.0000 2.5300 118 254 120
21.2500 -3.5000 7.1900 116 125 250
10.5000 -19.0000 4.0400 197 168 48
-16.2500 15.5000 3.0500 153 197 108
-19.2500 -21.0000 5.6900 131 254 161
18.0000 3.5000 3.3900 206 67 159
-16.0000 16.0000 2.6400 150 183 104
-23.7500 25.5000 2.9300 151 241 98
1.3750 -6.5000 2.2500 136 226 73
3.0000 -13.0000 9.6700 1 215 94
0.8750 -16.0000 9.7500 7 213 112
0.8750 -13.0000 1.3800 130 212 74
9.1250 23.5000 0.1000 141 89 8
1.0000 -17.0000 10.0300 0 206 104
-21.3750 7.0000 0.1100 134 143 16
6.5000 -21.0000 12.3500 0 132 70
18.2500 -3.5000 3.6600 249 104 111
-18.2500 24.0000 1.7800 155 157 77
-5.6250 24.5000 0.0900 158 144 0
18.7500 -21.5000 3.9400 240 142 69
-0.7500 -19.0000 9.5000 2 225 98
-17.3750 11.0000 0.1100 140 92 64
8.5000 -13.0000 9.3400 9 155 119
-1.6250 7.5000 0.1000 167 122 18
-16.1250 8.0000 0.1200 144 132 10
-10.8750 -17.5000 1.9200 163 221 87
-1.6250 -22.5000 9.4300 14 199 82
21.7500 3.0000 7.0800 87 147 237
-16.2500 -9.0000 0.1600 166 137 30
-11.5000 -11.0000 1.8600 138 240 87
-8.8750 -17.0000 0.0800 152 103 22
-23.3750 -17.5000 0.0900 178 108 0
22.2500 15.0000 5.0400 86 245 126
5.2500 8.0000 4.3500 120 254 34
-8.3750 20.0000 0.0900 155 170 0
14.1250 -8.5000 3.8100 203 143 74
-16.1250 11.5000 1.9800 136 235 38
16.2500 -7.0000 7.2900 76 139 243
-13.7500 4.0000 0.1100 177 151 0
9.6250 19.0000 1.5500 141 182 64
9.1250 -21.5000 4.0800 196 199 35
-27.5000 2.0000 7.1500 39 241 145
-19.3750 1.5000 0.0900 148 136 37
-5.0000 5.5000 0.1000 174 116 0
-12.0000 -21.5000 0.3300 159 138 44
7.7500 -8.0000 3.5500 161 211 20
-27.0000 2.0000 7.6800 32 240 139
11.5000 0.5000 5.3200 64 254 158
-4.2500 -21.0000 3.1300 158 192 77
-27.1250 -3.0000 0.1100 141 150 21
-25.5000 6.0000 5.7400 71 254 160
-0.7500 -13.5000 2.3000 146 206 116
-21.6250 5.0000 0.1100 138 141 7
7.7500 -18.0000 7.7000 21 182 121
-25.6250 -9.5000 0.1000 175 149 0
2.7500 -4.5000 2.3900 137 203 91
8.3750 10.5000 4.9000 91 254 116
20.7500 13.0000 3.6200 185 175 40
2.2500 -17.5000 9.9100 0 202 97
2.3750 3.5000 0.0800 140 138 0
-15.7500 16.0000 2.2200 149 182 65
1.6250 1.0000 0.1100 148 129 0
-20.1250 22.0000 2.4300 145 196 87
-24.2500 2.0000 1.9100 136 254 49
-6.6250 10.0000 0.0900 165 128 20
20.3750 -1.0000 7.1500 102 151 254
-27.3750 4.5000 5.8500 69 254 162
9.0000 -10.0000 9.0500 4 178 119
8.0000 -7.5000 3.3700 156 172 50
4.1250 -19.5000 7.6400 18 208 103
14.6250 -2.0000 3.5400 207 135 88
0.1250 2.0000 0.0800 153 115 26
9.3750 -17.5000 4.1000 169 199 37
10.7500 22.0000 2.4900 129 236 106
9.0000 12.0000 1.9900 136 178 65
6.2500 -2.0000 7.3300 25 233 147
-12.2500 -15.0000 0.5700 166 150 38
-10.3750 4.0000 0.0900 188 117 0
5.3750 1.0000 5.3400 64 254 134
-13.5000 -6.0000 0.1200 160 132 35
2.8750 -17.0000 5.2000 65 254 125
-11.3750 -11.5000 1.3300 145 224 68
5.3750 -16.5000 3.5400 176 166 17
-9.0000 -11.0000 0.4800 143 146 47
-25.1250 19.0000 0.1000 130 123 0
0.8750 -23.5000 11.4900 19 163 49
7.2500 7.0000 4.8500 91 254 90
2.2500 -20.5000 9.1600 13 195 78
7.7500 11.0000 3.6800 182 225 27
2.5000 -17.0000 10.1500 0 198 97
-13.6250 17.5000 3.7400 191 243 0
12.3750 3.5000 7.6000 17 195 170
-8.7500 -14.0000 2.2900 165 178 87
17.3750 15.5000 8.3200 3 221 146
14.1250 4.5000 3.8700 168 212 28
9.2500 18.5000 1.4700 147 176 60
17.8750 15.5000 6.3700 37 236 169
-21.3750 -19.5000 5.3100 138 254 137
0.7500 -16.0000 6.9000 35 249 130
-25.5000 13.0000 3.6200 188 241 3
19.0000 2.0000 3.7500 227 132 101
-9.2500 -2.5000 0.1100 183 126 28
0.3750 -9.5000 4.9000 97 254 103
8.1250 -13.0000 11.3700 0 151 80
-8.2500 5.5000 0.0800 177 119 16
6.5000 4.0000 5.7600 57 254 150
19.3750 13.5000 5.6400 63 254 178
-9.2500 -10.0000 0.6100 160 181 40
-13.3750 18.5000 1.9800 163 208 46
20.7500 -13.0000 3.7500 227 87 105
20.6250 4.5000 3.6700 217 113 113
7.7500 -10.5000 11.6400 0 165 80
16.2500 -2.0000 3.6100 225 117 77
11.8750 19.5000 3.3700 163 215 47
-17.6250 10.0000 0.7200 156 176 16
-23.6250 -16.5000 0.1800 181 142 0
10.0000 -9.5000 10.1700 5 169 103
-15.7500 -13.5000 0.0900 147 149 32
14.3750 -6.5000 3.7800 213 139 87
-20.0000 17.0000 3.2900 166 197 70
-14.6250 -19.5000 0.6300 180 152 19
-21.0000 8.5000 0.0600 144 101 0
8.6250 -12.5000 8.6600 11 172 113
-5.0000 9.0000 0.1000 175 138 0
-23.7500 1.5000 0.0900 124 112 37
19.5000 16.0000 7.5200 17 198 170
-27.3750 13.5000 2.9300 141 251 106
-20.2500 16.0000 0.1100 126 142 9
1.8750 -18.5000 10.2400 0 186 89
-16.6250 23.5000 2.6600 139 191 113
7.2500 -19.0000 7.5700 38 177 142
-11.1250 -13.5000 1.7700 142 238 84
0.1250 -14.0000 5.5400 71 254 162
12.2500 16.0000 3.4600 165 224 33
15.3750 23.0000 2.8000 146 205 81
4.0000 -22.5000 7.4800 21 205 86
7.7500 3.0000 5.2200 74 254 126
11.1250 16.0000 3.4800 173 197 28
9.7500 -2.0000 4.8700 83 254 106
8.3750 12.5000 1.0900 155 171 15
2.3750 3.5000 3.6300 176 223 22
18.3750 -0.5000 7.1300 77 171 254
-6.7500 13.5000 0.2000 171 142 27
-21.5000 23.0000 1.6300 154 177 64
4.0000 -5.0000 3.1200 150 195 83
16.6250 24.0000 3.3600 185 180 54
19.5000 11.5000 3.3700 178 113 111
-7.6250 1.5000 0.1100 193 142 0
3.7500 2.0000 7.4000 36 224 102
5.3750 -18.0000 6.2200 53 220 136
-1.0000 3.5000 0.1000 158 122 43
16.2500 -3.5000 3.7000 232 134 65
18.7500 -18.0000 4.7000 163 213 157
1.8750 -22.5000 7.7500 20 203 100
6.7500 -0.5000 1.9100 139 181 70
-9.1250 -4.5000 0.1000 149 154 45
18.6250 -11.0000 6.5800 109 134 254
-3.5000 3.5000 0.0800 175 123 35
-24.6250 -22.5000 5.4400 135 254 146
11.6250 14.5000 3.2000 145 191 94
-0.8750 -9.5000 5.0600 105 254 110
12.1250 3.5000 7.7100 19 191 165
-13.6250 -13.0000 0.1100 156 125 9
-1.3750 -14.0000 4.2200 143 254 2
9.1250 2.5000 9.5500 3 186 99
20.7500 -7.5000 7.1400 107 111 254
9.1250 -13.0000 8.7800 14 164 120
20.8750 -14.5000 3.7800 232 109 75
6.8750 11.5000 1.3200 146 203 54
-3.3750 25.5000 0.0900 166 127 0
11.8750 -0.5000 6.7700 37 196 176
22.1250 -12.5000 7.3100 99 111 229
-27.3750 0.5000 0.6400 127 152 44
17.3750 13.5000 7.6300 22 200 151
-23.6250 23.5000 2.7100 132 254 106
3.6250 16.5000 0.0800 157 108 19
20.0000 6.0000 3.4700 209 95 131
0.5000 -14.5000 4.1800 136 254 17
2.6250 -14.5000 3.3000 155 177 77
-4.0000 -23.0000 7.7300 36 211 98
16.0000 -5.5000 3.8000 233 134 91
18.0000 2.0000 3.7000 221 117 101
-16.2500 18.5000 4.0900 151 254 22
-18.0000 8.0000 1.5300 156 239 57
-13.1250 -20.0000 1.6900 181 210 54
-19.6250 26.0000 1.6100 149 128 82
15.0000 -5.5000 3.7800 228 129 92
11.0000 25.5000 1.5000 159 222 33
-5.0000 26.0000 0.0800 157 136 0
-26.0000 -20.5000 5.4300 139 254 161
-9.3750 -23.0000 0.1000 156 110 44
-1.7500 -14.5000 0.5500 142 146 26
2.3750 -22.5000 11.8200 11 152 39
-9.1250 24.0000 0.4800 145 162 0
1.6250 5.0000 0.1000 139 120 24
17.3750 26.0000 2.6400 129 221 100
3.6250 2.0000 4.5300 104 254 58
-22.6250 21.5000 2.7400 134 215 117
-1.6250 -3.5000 1.4300 150 239 36
8.7500 15.5000 1.7800 147 172 66
16.6250 5.5000 3.9800 164 228 38
2.2500 3.0000 2.5900 129 241 92
-25.1250 -11.5000 0.1100 184 133 0
6.8750 7.0000 4.7600 95 254 84
-10.8750 -11.5000 1.4200 141 221 68
-0.2500 1.5000 0.1100 151 121 35
11.0000 -4.5000 4.9900 82 254 105
-10.0000 6.5000 0.1000 169 139 28
7.3750 -18.5000 8.3100 18 180 105
3.8750 -12.0000 9.2900 0 220 95
-25.5000 3.5000 1.5000 136 248 42
-2.3750 25.0000 0.1000 170 114 3
8.6250 10.0000 3.9600 162 254 1
19.8750 24.5000 4.7000 112 254 93
-11.5000 -22.0000 0.1100 155 123 57
10.2500 -9.5000 7.7300 22 184 148
-26.3750 23.0000 1.3700 135 176 51
10.3750 10.5000 2.9900 136 165 97
-22.6250 14.5000 0.1100 128 129 9
18.5000 -23.0000 3.9400 221 120 68
-7.6250 19.0000 0.0900 148 161 0
19.2500 -17.5000 4.7100 163 215 158
21.1250 -11.0000 7.1700 111 113 254
4.0000 5.0000 6.1800 55 254 149
-20.8750 -4.5000 0.1200 156 146 14
-3.3750 -14.0000 4.3600 141 254 39
-14.3750 24.0000 2.8300 145 196 101
-18.7500 -20.0000 0.1000 167 104 16
-24.0000 20.5000 0.7400 151 137 0
-24.1250 -23.0000 5.4100 137 254 135
7.7500 -18.5000 6.6900 38 204 128
20.8750 -21.0000 3.9500 237 141 66
21.8750 26.0000 4.6400 111 254 68
3.7500 11.5000 0.0800 139 106 27
22.1250 -7.0000 7.1700 114 107 254
-0.1250 -8.5000 6.2600 55 254 156
9.8750 -7.5000 5.9400 57 231 162
12.1250 3.5000 6.3800 42 223 179
3.6250 2.0000 7.4500 35 223 101
-22.8750 12.5000 0.1200 150 107 2
-27.0000 1.5000 5.8500 73 254 145
21.6250 19.5000 6.8400 45 189 147
3.5000 -15.0000 3.8100 169 238 5
-2.7500 6.0000 0.0900 167 115 28
4.3750 -19.0000 6.4200 42 223 131
-20.7500 13.5000 0.1300 134 112 0
21.2500 19.5000 8.2900 24 189 112
-12.1250 -22.0000 0.0900 154 125 60
10.1250 20.5000 2.1500 145 211 104
13.5000 26.0000 3.1200 150 175 74
1.5000 2.5000 1.9400 141 254 41
16.6250 14.0000 5.8000 50 254 165
7.0000 8.5000 3.2700 171 173 59
-1.0000 -8.5000 7.2500 45 254 116
-10.0000 -7.5000 0.1200 141 156 58
3.0000 3.5000 5.1200 82 254 129
12.8750 -21.0000 4.0300 222 151 65
-25.3750 13.0000 4.5200 121 254 49
21.6250 11.0000 3.3100 163 97 132
16.2500 -2.5000 3.6200 231 119 72
-20.1250 -23.5000 5.4300 148 254 143
4.7500 -20.5000 7.6500 16 204 96
18.5000 4.0000 3.4300 210 70 154
-9.3750 24.5000 1.0100 156 178 19
-8.2500 -10.0000 0.3200 157 149 29
8.3750 -3.0000 6.7400 37 225 139
-0.2500 -18.0000 3.0600 138 199 100
18.5000 10.5000 3.3000 169 113 136
-4.5000 -3.0000 0.1200 166 120 13
16.6250 11.0000 4.9100 91 254 143
6.8750 7.5000 3.9500 158 254 0
13.7500 -4.5000 4.9100 113 241 162
-22.5000 6.5000 0.1000 136 147 20
8.8750 17.5000 1.6600 143 189 74
-26.6250 4.5000 0.4100 122 120 60
-20.2500 21.0000 2.9900 157 201 97
18.2500 9.0000 3.2900 183 92 144
-26.8750 13.5000 0.1100 126 122 53
0.0000 -18.5000 9.5100 0 215 105
-21.3750 -21.5000 5.3400 141 254 138
6.8750 -3.5000 2.3200 138 163 87
3.1250 -3.5000 2.4200 140 218 87
13.0000 1.5000 4.6600 97 254 116
11.5000 -8.5000 4.1000 159 236 54
-14.3750 -23.0000 5.5200 135 254 156
13.3750 13.5000 3.7900 169 254 14
18.5000 -9.5000 7.1900 104 132 254
19.3750 24.5000 4.4400 129 254 55
-3.8750 -19.5000 2.1800 139 250 65
0.1250 5.0000 0.0900 144 103 44
8.8750 0.5000 4.8500 86 254 114
2.5000 7.0000 2.6800 152 254 78
-9.1250 -13.0000 0.7700 152 160 60
-15.8750 17.5000 3.3600 186 180 59
-0.5000 0.5000 1.3800 166 228 64
16.8750 -5.0000 3.7800 228 129 94
-6.1250 25.0000 0.1000 154 156 0
-18.2500 7.5000 2.0200 146 236 97
9.8750 -8.5000 6.5100 42 208 166
-1.2500 24.0000 0.1000 168 106 0
-14.1250 -22.0000 0.2200 182 129 28
-16.2500 17.5000 3.3200 179 179 68
3.0000 -1.0000 2.5900 145 230 76
2.6250 6.5000 0.6200 129 163 24
13.1250 16.0000 2.7100 129 152 112
-20.5000 19.5000 3.4000 192 193 61
4.3750 0.5000 7.6800 25 217 109
-1.3750 3.0000 0.0800 172 116 31
-24.1250 20.0000 0.6500 151 131 0
21.6250 1.0000 7.1100 95 153 250
-3.7500 -18.0000 1.9500 151 220 77
-17.1250 14.0000 1.2200 147 199 29
-15.8750 -19.5000 1.8700 176 254 86
1.8750 -10.0000 3.5700 181 212 13
-20.8750 19.0000 3.4000 196 194 60
-12.3750 23.5000 2.7700 143 219 108
-13.1250 11.0000 0.0900 162 136 25
-24.8750 1.5000 4.5000 120 254 76
20.8750 23.5000 5.0800 91 254 120
9.5000 19.0000 1.6100 144 189 83
-16.1250 15.0000 2.5300 148 185 92
8.7500 0.0000 3.5400 164 191 38
16.5000 9.0000 4.4500 116 254 71
-10.5000 -14.5000 2.5900 148 241 118
-21.3750 16.5000 1.6700 147 199 44
11.8750 -19.5000 4.0400 210 155 64
-24.6250 23.5000 2.3500 137 254 104
19.8750 10.0000 3.3200 179 94 137
-4.1250 26.0000 0.1000 162 132 0
8.7500 -21.5000 11.9200 17 107 82
6.8750 -2.0000 8.3700 20 205 108
5.0000 -23.5000 5.9400 68 216 106
-23.7500 0.5000 0.2900 131 114 27
-1.1250 7.0000 0.0800 136 109 59
0.8750 -7.5000 5.5400 73 254 141
-23.1250 3.5000 1.4000 153 254 0
-0.6250 -7.0000 0.7100 133 169 43
15.2500 -16.0000 4.4200 163 215 117
17.1250 -3.0000 3.7200 229 137 67
18.2500 2.5000 3.8000 216 148 95
19.8750 -6.5000 7.1500 98 127 254
22.0000 12.5000 3.3700 162 129 90
-9.0000 -12.0000 2.0500 160 204 59
-25.8750 22.0000 0.3500 127 103 20
14.5000 24.0000 2.8400 148 185 82
-20.5000 10.0000 0.2800 149 118 3
3.3750 -2.5000 2.8500 131 216 119
18.5000 24.0000 4.1700 154 254 8
8.7500 10.5000 3.6400 179 211 27
19.2500 14.5000 6.3100 40 223 197
-23.1250 2.5000 0.1200 127 108 51
16.6250 1.5000 3.6600 213 111 85
11.1250 26.0000 1.8900 152 234 59
5.1250 15.5000 0.0900 144 102 28
-21.5000 -20.5000 5.5900 128 254 154
6.8750 -1.5000 7.1700 27 234 150
16.5000 -8.5000 7.1400 81 149 254
-12.6250 -23.0000 5.4000 130 254 145
-16.5000 -20.5000 1.4500 183 250 77
-14.3750 14.0000 0.5900 138 142 35
10.2500 5.5000 6.7100 28 241 147
-17.8750 22.0000 1.6600 158 147 58
5.1250 3.5000 7.4400 32 233 111
15.5000 -2.0000 3.5500 220 106 84
6.0000 17.5000 0.5700 147 155 29
-22.3750 15.0000 0.1200 129 130 7
-8.3750 -14.5000 0.1700 135 133 52
-25.7500 8.5000 2.5700 149 238 84
9.5000 -21.5000 12.2200 24 100 109
-4.6250 -13.0000 0.1000 159 144 0
-19.3750 -21.0000 5.5800 134 254 156
8.5000 -17.5000 8.3200 40 145 145
4.7500 -18.5000 7.7100 29 198 106
2.3750 -21.5000 7.7300 14 204 103
21.5000 -17.0000 3.8100 237 105 80
-16.5000 5.5000 0.1000 148 126 20
-9.0000 -12.0000 2.1400 159 206 63
17.0000 -1.0000 3.5700 221 84 77
-23.7500 5.0000 3.9000 164 254 0
1.7500 4.0000 0.1000 140 121 24
13.5000 -1.5000 8.6700 18 172 143
4.6250 5.5000 4.4300 123 254 44
-14.8750 -5.5000 0.1000 182 109 38
13.0000 23.5000 2.7500 146 192 96
-17.2500 15.0000 2.8000 130 217 101
7.7500 -23.0000 12.2800 20 106 77
-22.0000 -0.5000 0.1300 158 123 3
11.0000 18.5000 3.2000 161 188 81
21.0000 -8.0000 7.1500 108 109 254
4.3750 -17.0000 7.0600 20 221 131
5.6250 5.0000 2.3800 134 224 93
4.7500 -8.0000 2.4900 116 188 81
-9.2500 4.0000 0.1000 185 126 19
3.3750 0.5000 7.1500 34 243 112
-19.0000 7.0000 1.2200 144 212 63
20.2500 18.5000 8.0300 10 201 147
4.0000 -23.5000 12.2100 20 135 50
-23.5000 24.5000 2.6900 128 254 108
-25.0000 3.5000 0.3600 141 117 33
9.7500 6.5000 3.9600 153 254 0
15.7500 -3.5000 3.6700 231 128 65
-6.5000 -9.0000 0.3800 157 162 34
1.8750 23.0000 0.1000 168 102 25
-6.0000 -6.5000 0.1100 165 136 11
19.8750 19.5000 7.9300 19 196 135
17.0000 -5.5000 3.7600 233 124 97
2.2500 2.0000 6.5300 67 252 138
2.3750 15.5000 0.1000 157 106 46
-7.2500 -23.0000 1.5500 157 216 46
-1.5000 -4.5000 0.2700 163 167 0
-10.7500 -7.5000 0.1000 165 142 2
18.1250 -14.5000 3.7500 237 101 80
-18.3750 21.5000 1.7000 148 158 54
7.5000 -11.0000 11.2700 0 169 82
19.2500 22.5000 4.8400 102 254 112
-11.8750 -12.5000 0.6400 155 193 39
15.8750 9.0000 4.8700 97 254 144
11.3750 12.5000 4.2400 131 254 21
3.7500 -23.5000 7.9700 27 194 71
18.0000 -12.5000 3.8400 233 128 97
-15.3750 19.0000 3.5200 191 196 38
-24.3750 -21.0000 5.3900 137 254 162
5.7500 24.0000 0.0900 139 122 44
-0.7500 -9.5000 5.1100 101 254 114
-17.0000 -13.0000 0.1100 181 129 29
7.3750 -8.5000 12.1400 0 167 77
19.8750 -17.5000 4.8500 157 213 176
5.3750 0.0000 5.5400 69 254 153
-27.3750 7.0000 7.0000 43 235 152
-7.5000 15.0000 0.1200 172 137 0
-15.0000 21.5000 3.3500 188 213 55
-4.7500 -20.5000 1.9100 141 226 54
14.3750 -17.0000 4.4900 158 211 121
-0.8750 0.5000 2.0500 167 254 66
13.5000 -5.5000 4.9200 110 254 159
5.6250 12.5000 0.4600 149 142 0
-15.3750 26.5000 1.5500 135 167 70
10.7500 -19.5000 4.0800 199 193 47
-26.6250 -22.5000 5.4500 140 254 139
7.6250 -5.0000 3.3900 154 201 55
12.6250 12.0000 3.8200 175 254 9
19.6250 18.0000 6.9400 22 210 182
0.0000 -17.0000 2.4500 124 239 82
18.8750 -7.5000 7.1100 107 133 254
-19.5000 12.5000 0.1100 143 112 0
7.6250 12.0000 1.0000 146 170 34
-9.6250 -9.0000 0.1200 147 142 58
16.3750 -18.5000 5.7100 101 184 225
-23.1250 -5.5000 0.1100 156 120 15
-25.0000 22.5000 0.8700 137 117 44
-18.8750 5.5000 1.2600 153 208 59
-12.8750 -22.5000 0.1000 176 131 33
2.0000 -5.0000 2.4300 134 246 90
-11.7500 15.0000 0.0800 136 136 20
-20.8750 22.0000 2.8100 147 203 107
-24.8750 -19.0000 0.0600 182 103 0
13.6250 13.5000 4.2400 124 254 42
7.0000 20.5000 0.1100 145 132 23
-26.2500 3.5000 1.0600 142 222 36
11.1250 -14.0000 11.4100 6 110 109
20.2500 22.5000 5.0600 87 254 126
-26.2500 3.0000 2.5200 137 237 95
2.5000 -13.5000 8.7500 9 235 107
-15.3750 -19.5000 0.6000 180 153 19
10.6250 -12.0000 10.0400 1 149 122
-4.3750 24.5000 0.0900 169 121 0
9.0000 -7.5000 3.8700 161 220 13
20.8750 9.5000 3.4500 187 118 115
18.7500 24.5000 4.4100 131 254 50
-12.0000 11.5000 0.1000 168 127 17
-2.2500 -21.5000 3.9800 156 254 0
-13.5000 24.0000 3.1500 152 207 92
8.5000 11.5000 3.0600 146 188 113
6.6250 -12.0000 12.3000 0 164 72
-26.3750 7.5000 0.9800 155 179 64
-10.7500 21.0000 0.0800 136 160 0
-26.2500 -4.0000 0.1700 148 140 18
12.2500 19.5000 3.4600 171 221 32
9.2500 19.0000 1.4100 145 177 78
18.5000 5.5000 3.3800 199 76 151
16.5000 1.0000 3.6200 214 113 78
-17.6250 25.0000 1.8200 147 153 74
14.7500 -21.0000 4.0100 218 130 64
-19.2500 20.5000 2.6600 140 202 137
15.8750 -11.0000 3.8100 235 136 93
3.0000 15.0000 0.0900 159 99 41
4.2500 10.0000 4.5500 117 254 46
2.8750 -11.0000 9.4900 2 214 95
19.7500 0.0000 7.0900 81 172 254
-25.1250 -22.0000 5.4600 134 254 157
8.8750 -17.5000 4.1100 163 198 38
-12.0000 -14.0000 1.7900 160 227 97
-12.5000 20.0000 0.1100 134 154 0
5.0000 15.0000 0.0900 145 103 28
-18.8750 15.0000 2.9500 136 214 109
-19.0000 8.0000 2.0400 155 246 93
17.2500 26.5000 2.0500 144 208 72
-0.1250 -16.5000 1.8900 129 225 48
-5.3750 16.5000 0.0900 187 133 0
-5.1250 -19.5000 0.0800 156 69 19
-13.7500 -7.5000 0.0900 163 137 29
-7.7500 17.0000 0.0900 144 157 7
-8.5000 -10.0000 0.8000 165 193 26
-17.5000 -5.0000 0.0700 175 117 0
8.8750 -4.5000 6.4600 43 218 146
-16.3750 25.0000 1.9100 153 170 69
-4.8750 24.5000 0.0800 158 139 0
18.3750 11.0000 3.4300 179 122 95
17.0000 -14.5000 3.7800 228 113 61
2.1250 -20.0000 9.6500 5 205 79
20.2500 8.5000 3.4500 196 115 112
12.2500 -14.5000 4.5700 137 239 144
6.6250 12.0000 1.0900 145 189 46
3.7500 -9.5000 3.3200 155 198 54
-16.8750 12.5000 1.9800 151 247 35
17.0000 -6.5000 7.2400 80 139 242
5.2500 11.5000 0.1200 141 97 17
21.7500 22.5000 5.3400 78 254 129
-26.1250 -1.0000 3.5900 193 223 29
-21.2500 -7.5000 0.1300 181 105 4
22.1250 19.0000 5.0600 85 254 120
15.6250 -14.0000 3.7700 227 110 69
21.0000 -9.0000 7.1600 107 124 254
-15.1250 -5.0000 0.1100 180 114 41
-2.2500 2.5000 0.0800 176 115 31
11.6250 11.0000 5.0600 82 254 129
12.8750 -2.0000 9.1200 11 151 128
-12.5000 11.5000 0.0900 165 130 20
11.3750 -1.0000 8.8100 11 169 125
-13.1250 -18.5000 1.8700 200 211 52
-0.1250 -20.5000 3.9000 165 254 0
9.2500 -5.0000 5.8900 55 234 141
18.8750 -9.5000 7.1900 102 132 254
-12.5000 -8.0000 0.1000 152 143 31
10.3750 -17.0000 4.2600 143 207 65
-19.1250 -2.0000 0.1100 164 129 32
-26.0000 4.0000 5.2800 76 254 148
-25.2500 2.0000 0.2500 140 112 28
5.2500 -11.0000 2.6600 126 168 85
7.5000 -6.0000 1.9900 125 124 59
4.8750 -18.5000 7.5100 32 199 107
4.0000 5.0000 4.6100 112 254 69
19.5000 22.0000 4.8200 100 254 111
-10.8750 23.0000 0.9500 155 135 0
6.6250 -16.0000 6.7200 30 218 139
-15.3750 22.5000 2.5800 143 190 101
7.8750 -9.5000 11.0600 0 176 88
1.1250 -21.0000 7.9400 10 224 106
-23.6250 -7.5000 0.1100 175 115 0
16.6250 17.5000 8.1800 8 214 120
5.6250 18.0000 0.8800 157 187 37
4.8750 8.0000 3.6500 179 225 1
11.3750 -11.5000 8.0800 28 180 157
2.3750 -17.0000 8.7300 10 209 97
-17.1250 15.5000 3.3700 171 203 57
10.0000 -5.0000 4.0800 141 254 12
-16.2500 -21.5000 0.4200 184 109 22
19.0000 -11.0000 5.7500 128 178 254
10.8750 14.5000 2.8100 135 204 105
3.1250 -20.0000 9.6100 5 190 77
19.1250 15.5000 4.4500 112 254 80
19.5000 11.0000 3.3500 175 110 117
-21.0000 17.5000 3.0000 158 205 111
-9.8750 -13.5000 2.1500 145 194 83
-26.8750 0.5000 6.4600 57 254 135
7.5000 16.5000 1.8300 175 222 71
0.7500 14.0000 0.0800 166 134 6
-24.0000 8.5000 0.1300 145 112 38
-25.2500 8.0000 5.3200 86 254 156
-22.7500 -20.5000 5.5600 130 254 153
6.6250 8.0000 5.1500 85 254 134
12.7500 -10.0000 3.8000 203 148 67
17.6250 -20.5000 3.9900 222 136 71
13.7500 -22.0000 4.0300 218 140 70
-13.0000 17.0000 3.4700 202 217 36
-9.8750 -17.0000 0.2600 144 127 32
20.2500 -6.5000 7.1300 101 125 254
1.2500 -10.5000 3.9500 161 254 0
-11.3750 -13.0000 1.9200 138 242 90
11.3750 -8.5000 6.3400 53 190 193
-19.7500 5.5000 2.0500 141 208 68
-20.6250 -0.5000 0.1100 159 113 2
14.6250 -12.0000 3.8100 214 138 82
4.8750 -13.0000 7.5400 12 226 121
8.7500 -23.5000 12.1600 27 102 77
16.1250 6.0000 4.2700 134 252 58
21.8750 -19.0000 4.3700 194 180 98
-21.7500 -3.0000 0.0900 171 133 0
18.8750 -14.5000 3.7900 238 113 70
2.8750 -20.0000 9.5000 7 191 78
-26.6250 5.0000 6.6200 50 245 159
20.0000 1.5000 7.0800 83 162 254
-18.8750 -4.5000 0.1000 168 124 4
-17.7500 10.5000 0.1300 123 127 58
10.8750 -14.0000 11.2600 4 111 112
-25.6250 -14.5000 0.1000 179 144 0
9.2500 2.0000 5.8800 58 249 140
-23.5000 21.0000 0.8800 146 150 0
15.7500 -17.0000 4.4300 161 209 110
-27.1250 13.5000 5.5800 96 254 153
17.3750 -16.5000 4.4100 163 203 99
-25.1250 12.5000 3.5800 190 222 18
5.6250 -9.0000 4.4500 95 254 52
-18.3750 -17.0000 0.1100 141 139 20
15.7500 25.0000 2.5500 144 202 70
-16.7500 -16.5000 0.1400 147 124 35
-17.2500 19.5000 3.6900 187 213 16
-20.8750 -19.0000 0.1000 203 98 0
20.0000 24.0000 4.5800 118 254 76
13.7500 0.5000 4.7000 99 254 121
-24.1250 -21.5000 5.4300 134 254 158
14.0000 -11.0000 3.8100 209 149 70
12.0000 16.5000 3.4900 167 227 28
10.0000 -9.5000 10.1100 5 170 104
-2.8750 -14.5000 0.3000 132 131 54
18.8750 -0.5000 7.1800 77 169 254
-10.8750 -13.0000 1.9500 136 240 88
18.7500 -23.0000 3.9200 221 114 67
4.7500 5.5000 2.7600 155 213 82
17.7500 17.5000 8.6700 9 194 125
3.3750 -20.0000 6.8200 29 227 119
15.7500 25.5000 2.3600 144 196 58
-19.7500 -20.5000 5.7500 130 254 159
-16.6250 -4.5000 0.1100 177 107 19
6.5000 -20.0000 5.8600 69 247 140
-18.5000 -11.5000 0.0900 183 124 0
15.3750 -17.5000 6.6900 78 138 224
-7.7500 22.0000 0.0900 155 167 0
21.8750 0.0000 7.0800 103 154 239
-24.6250 21.0000 0.5500 149 125 0
7.5000 -15.0000 10.3300 0 164 91
1.8750 -10.5000 1.9600 126 232 60
7.2500 -16.5000 9.7200 11 154 90
19.0000 3.5000 3.5900 230 94 123
18.8750 18.0000 5.6700 58 254 177
15.0000 5.0000 4.2900 128 247 63
1.0000 -6.5000 3.1400 171 210 45
21.3750 -13.0000 5.3300 128 183 235
-17.1250 6.5000 0.1400 156 140 8
16.2500 -9.5000 6.0000 112 181 254
-5.0000 -19.5000 0.7700 150 159 27
-26.2500 1.0000 0.1500 127 108 25
11.2500 -3.5000 8.5800 7 176 127
9.7500 -13.5000 11.3200 1 114 112
-12.1250 -13.5000 0.6700 164 160 47
-3.6250 -20.5000 3.4300 176 206 27
12.3750 -15.5000 4.4900 144 230 125
11.6250 -10.0000 9.3200 21 163 148
-18.0000 -5.5000 0.1200 179 118 0
9.3750 -1.0000 8.1600 20 196 117
-10.0000 -13.0000 2.7800 152 188 111
-8.2500 4.0000 0.1900 188 140 16
10.7500 -2.0000 5.1500 73 254 118
14.5000 -10.5000 3.8100 220 144 86
-17.0000 -10.5000 0.1100 174 128 0
3.6250 -16.5000 4.9600 76 254 108
11.5000 -19.5000 4.0400 209 163 64
-12.5000 -9.5000 0.0900 152 134 27
-14.7500 18.5000 2.8400 146 188 110
-6.1250 -22.5000 2.1100 136 236 73
19.0000 -14.5000 3.7700 240 108 72
8.2500 -5.0000 6.2500 40 238 129
-0.3750 -6.5000 6.4600 59 254 132
9.0000 -9.5000 12.9100 5 128 94
5.8750 -9.0000 3.0000 125 174 79
-26.5000 13.5000 0.1200 128 120 52
22.0000 18.5000 5.1300 82 254 126
-25.5000 3.5000 3.1700 172 190 93
9.6250 -23.5000 11.8900 49 95 101
12.5000 10.0000 4.9600 88 254 135
-17.8750 7.0000 0.1800 154 140 11
-16.0000 10.5000 1.3000 169 191 26
2.5000 -5.0000 2.4600 122 203 108
20.7500 1.0000 7.0900 89 160 254
2.6250 -8.0000 2.7500 116 205 111
-11.7500 -21.5000 0.1000 155 122 56
22.1250 11.5000 3.3100 157 100 129
-2.6250 19.0000 0.0900 173 123 4
-16.5000 -14.5000 0.1100 148 153 38
18.7500 -13.0000 3.8300 238 127 90
-15.7500 25.0000 2.8900 144 186 109
-13.7500 14.0000 0.2800 133 143 43
-12.3750 -18.5000 2.8600 168 206 122
17.8750 -13.5000 3.7700 231 115 96
18.2500 4.0000 3.3800 197 89 166
17.6250 -13.0000 3.8000 228 120 82
-0.1250 16.0000 0.0900 161 137 12
12.5000 11.5000 5.5000 60 254 163
6.8750 -0.5000 5.8300 59 254 159
1.5000 3.5000 3.4600 185 233 53
-26.0000 25.5000 2.5500 115 254 119
13.1250 9.0000 4.7500 101 254 113
20.8750 2.0000 7.0900 90 153 253
20.0000 7.0000 3.3600 199 78 147
21.3750 13.5000 3.3600 166 129 88
-5.8750 2.0000 0.1000 168 133 12
5.7500 8.0000 4.0900 153 254 0
-23.6250 -19.5000 6.7100 85 201 128
-11.8750 1.5000 0.1100 165 149 17
-16.8750 3.5000 0.1200 152 129 30
13.2500 -15.5000 4.4700 147 232 122
9.8750 -6.0000 3.3900 166 155 40
16.0000 -12.5000 3.8000 235 133 87
-19.0000 20.5000 2.1600 144 189 94
-24.1250 -22.5000 5.4600 134 254 145
-19.5000 20.0000 3.0100 151 187 113
18.8750 -5.5000 7.1400 94 131 254
-12.8750 3.5000 0.1100 186 152 0
-21.3750 19.5000 3.0000 161 193 94
-16.3750 -18.0000 1.2500 177 222 73
-0.1250 -4.5000 0.9200 137 194 58
-18.2500 -14.5000 0.0800 168 115 23
15.2500 -3.0000 3.5900 227 113 72
19.2500 12.0000 5.5500 69 254 200
-22.5000 -18.5000 0.0800 182 80 0
-13.1250 16.0000 2.5200 141 229 104
2.3750 0.5000 6.5900 49 254 132
7.6250 25.5000 0.0900 136 123 33
17.3750 -21.0000 3.9800 231 128 58
4.8750 11.0000 1.7800 154 236 78
-9.6250 20.5000 0.0800 155 180 0
8.7500 13.0000 1.6600 150 157 50
-0.3750 -10.5000 4.3200 133 254 28
-2.0000 -18.0000 3.1100 152 213 88
-7.1250 -7.5000 0.6900 138 218 63
10.1250 -2.5000 6.1000 56 217 154
4.5000 -0.5000 3.0200 156 226 48
11.8750 17.5000 3.4600 158 212 36
-26.2500 5.5000 7.1300 38 231 148
9.7500 -16.5000 4.4100 123 214 89
7.5000 3.5000 6.2200 42 254 147
-26.3750 -0.5000 0.2700 124 137 53
3.6250 10.0000 2.6000 140 254 65
3.6250 6.5000 2.5300 150 235 92
0.0000 -2.5000 1.9800 148 237 62
9.1250 -4.5000 7.3800 18 207 132
18.3750 24.5000 4.0300 168 254 0
6.8750 9.0000 3.1500 159 173 84
-14.7500 10.5000 1.0000 170 227 18
-12.8750 24.5000 3.0800 150 211 113
18.1250 -0.5000 7.1800 76 168 249
9.3750 -21.0000 4.0600 203 199 33
-26.7500 -20.0000 5.4300 142 254 142
19.3750 -20.5000 4.5400 188 196 150
-13.5000 15.5000 0.4100 132 140 35
11.3750 -6.0000 6.8900 44 189 171
7.0000 26.5000 0.0900 130 130 45
-24.7500 3.5000 0.1200 137 103 25
-7.6250 -9.0000 1.7000 161 221 25
2.3750 7.5000 0.1100 133 102 45
-9.7500 -19.0000 0.7400 159 158 35
11.8750 0.0000 6.8000 36 197 179
17.7500 -6.5000 7.1200 94 126 254
1.0000 -6.0000 3.1400 173 209 46
-16.2500 -21.5000 5.3800 140 254 161
15.5000 2.5000 3.8600 186 189 63
0.0000 -17.5000 9.4300 0 216 110
10.5000 8.5000 5.0100 79 254 126
13.5000 16.0000 2.7300 131 152 117
-17.7500 15.0000 3.2900 170 199 72
-1.6250 -6.0000 0.1100 151 146 0
6.1250 14.0000 0.6700 151 158 17
9.3750 2.5000 9.6500 0 186 100
7.0000 14.5000 1.0400 158 192 33
1.2500 -20.0000 9.9800 0 197 71
7.7500 -12.5000 11.9500 0 164 72
-24.7500 25.5000 2.9100 126 254 116
2.3750 -22.5000 11.7700 11 152 40
13.8750 0.0000 4.5600 108 254 100
-24.6250 -22.5000 5.4600 134 254 147
-6.3750 -19.5000 0.0100 157 76 29
0.5000 13.0000 0.1000 154 148 10
17.0000 17.5000 4.0400 141 254 0
7.0000 4.5000 4.8300 92 254 93
1.1250 -8.5000 5.3100 78 254 134
17.7500 -16.5000 4.4100 164 204 98
-27.6250 18.0000 4.6000 114 254 93
21.5000 -17.5000 5.8400 126 159 205
-22.0000 -18.0000 0.1200 181 111 0
-13.0000 21.0000 2.6500 148 207 111
1.3750 -21.5000 4.1100 144 254 0
-15.8750 14.0000 2.3300 152 185 62
11.5000 -10.5000 3.8200 187 170 54
16.5000 18.5000 5.8200 50 254 158
-3.8750 -23.5000 3.2200 163 189 47
-25.1250 -20.5000 5.4100 138 254 165
11.0000 -12.0000 10.8600 3 128 111
9.7500 -22.5000 12.2100 36 98 106
19.2500 -11.5000 5.8800 121 171 254
-19.8750 2.5000 0.1100 143 127 23
-1.8750 -4.0000 1.2500 153 227 31
22.2500 18.0000 8.4000 30 182 99
12.7500 -23.0000 4.0400 208 131 77
9.5000 24.0000 0.1000 142 89 6
12.1250 21.0000 2.5900 127 198 92
-27.1250 1.5000 0.6200 131 150 45
4.5000 -23.5000 6.3100 56 202 109
1.1250 -6.5000 3.2100 177 210 35
22.2500 7.5000 3.6200 188 140 100
-13.8750 9.5000 0.1100 147 127 8
18.5000 17.0000 6.9700 23 218 172
-24.0000 -18.5000 5.2600 139 254 104
-9.1250 -13.5000 2.6500 160 188 109
6.5000 -17.5000 7.6000 21 189 126
8.7500 23.0000 0.1000 139 93 13
2.2500 -3.5000 2.8900 134 220 84
5.7500 0.0000 7.1200 31 253 136
11.1250 25.0000 2.4100 145 243 90
-23.3750 23.5000 2.7700 134 254 103
-10.8750 22.5000 0.3600 149 155 0
17.3750 -7.5000 7.1500 99 139 248
1.5000 -9.0000 4.4400 121 254 42
-3.3750 -14.5000 4.5500 131 254 72
13.6250 -3.5000 4.2400 140 245 33
-4.1250 -21.5000 3.5400 185 210 4
9.5000 10.5000 3.4100 171 193 61
10.3750 8.0000 4.7100 95 254 87
15.6250 16.5000 3.7700 158 233 0
18.1250 6.5000 3.2900 183 73 173
-15.2500 -9.0000 0.1000 166 122 30
6.3750 8.5000 3.5500 193 190 13
-16.5000 12.0000 0.4900 135 157 51
8.8750 -4.0000 7.0700 23 214 137
16.8750 19.5000 8.4500 17 190 120
16.8750 15.5000 4.5700 96 254 87
-1.3750 -4.5000 1.7300 138 250 47
15.0000 25.0000 2.5400 148 195 67
12.6250 12.0000 4.6900 100 254 106
-21.3750 22.0000 2.8800 146 210 109
5.0000 -15.0000 4.1700 130 254 25
9.3750 -18.5000 4.1000 173 197 40
-18.6250 10.0000 1.6500 152 249 67
0.1250 -20.5000 9.5100 1 213 82
18.7500 -6.0000 7.1600 95 131 254
-25.0000 5.0000 4.9800 96 254 122
-11.2500 23.5000 2.2000 154 203 51
21.2500 23.0000 6.5800 51 208 138
22.1250 -18.5000 4.4700 187 183 111
2.6250 -7.0000 3.0800 146 189 98
-24.1250 24.5000 2.7100 127 254 116
-25.5000 -23.0000 5.4200 139 254 137
15.2500 26.5000 2.2400 145 201 51
-27.2500 1.5000 5.0700 93 254 128
1.0000 3.0000 0.1300 149 117 31
-7.5000 -7.5000 0.1100 154 156 44
3.1250 -23.0000 8.0200 23 192 76
9.6250 -7.5000 7.2600 31 190 152
20.3750 -8.5000 7.2000 104 127 254
0.8750 23.0000 0.0900 178 105 0
19.1250 -12.0000 3.8300 240 130 99
-0.8750 18.5000 0.0900 161 122 0
-12.6250 -10.0000 0.1100 147 131 26
5.8750 0.5000 6.4000 45 254 163
-9.6250 12.0000 0.1200 185 134 7
9.3750 17.0000 2.6900 134 211 127
-26.1250 21.0000 0.2000 134 118 14
8.8750 11.0000 3.7300 184 232 6
-23.7500 21.5000 1.0600 140 174 19
14.5000 21.5000 2.9100 138 196 77
10.2500 -12.5000 12.2900 0 118 94
1.0000 -2.0000 1.1500 147 196 50
17.5000 -4.5000 3.7900 227 132 87
-20.3750 3.5000 0.1000 136 121 22
-20.7500 25.5000 1.5700 136 162 84
-27.3750 18.5000 4.5600 116 254 94
10.5000 16.5000 3.5700 178 209 20
-13.7500 15.5000 1.6500 167 183 43
-19.7500 9.5000 1.7100 155 229 52
2.3750 0.5000 5.5400 63 254 158
-23.5000 4.5000 3.4200 187 202 62
-11.8750 -11.0000 0.2300 157 132 5
-24.5000 0.0000 3.2200 190 197 84
-0.7500 -19.0000 3.5000 157 231 44
-23.1250 -21.5000 5.3800 146 254 146
-22.8750 -22.5000 5.4400 143 254 142
11.5000 -12.0000 10.7000 9 115 125
5.5000 -3.0000 2.3600 133 178 95
-22.5000 10.5000 0.1200 145 144 2
0.8750 -4.0000 2.0000 148 236 57
3.2500 -11.5000 2.7400 126 198 105
2.6250 -8.5000 4.2300 129 254 12
21.8750 19.5000 5.1500 82 254 127
-25.0000 4.5000 3.4600 186 192 50
17.3750 16.5000 4.2500 121 254 25
4.8750 -10.5000 7.6400 8 230 124
-3.2500 -19.0000 1.9500 137 243 77
-21.8750 22.0000 2.9000 155 207 94
22.3750 -17.5000 6.3200 112 148 243
-9.7500 -15.5000 1.4200 175 161 52
18.6250 5.0000 3.3800 199 75 151
-18.0000 18.0000 4.1000 151 254 9
17.3750 -5.5000 3.7700 229 125 99
7.6250 9.5000 5.0900 90 254 126
14.2500 19.5000 3.1000 136 187 77
-18.0000 4.5000 1.2300 158 224 37
-10.2500 2.5000 0.1200 175 145 15
-23.6250 -17.5000 0.0900 179 108 0
10.8750 9.5000 3.8600 168 246 0
-0.8750 -18.0000 2.2300 124 222 75
1.7500 -16.5000 2.6500 135 230 67
3.2500 -12.0000 9.0600 1 224 101
1.2500 1.5000 2.5400 146 236 81
3.1250 -20.0000 7.1800 23 221 113
18.0000 -3.0000 3.6700 246 104 107
-8.3750 3.0000 0.1100 190 125 11
-4.3750 -15.5000 2.1400 147 219 68
12.0000 -10.0000 7.3500 47 172 178
-27.2500 3.0000 3.3200 178 195 95
-6.5000 12.0000 0.1000 166 121 24
20.8750 -15.0000 3.7100 237 95 79
-14.2500 -17.0000 1.6800 164 232 81
7.7500 18.5000 1.9800 166 213 85
-9.1250 -12.5000 2.4800 157 204 79
18.5000 2.5000 3.7000 228 119 107
0.5000 1.0000 2.2300 155 246 106
20.0000 14.0000 5.9800 52 237 188
13.6250 3.5000 4.1400 142 254 38
15.2500 26.0000 2.1400 146 200 50
7.6250 -22.0000 12.6600 10 107 79
-9.3750 -13.0000 2.4200 151 189 91
19.1250 -16.5000 4.3200 180 195 89
-15.8750 5.5000 0.1100 140 131 23
4.8750 -0.5000 2.6100 148 224 63
2.6250 -3.5000 2.5700 135 220 98
-22.3750 -18.5000 0.1000 182 81 0
8.6250 -9.5000 12.6400 0 132 85
-25.8750 14.0000 0.1200 131 115 50
21.6250 12.0000 3.4400 169 135 76
3.6250 -19.5000 7.8400 16 205 103
-23.6250 1.5000 4.3600 137 254 44
12.2500 26.0000 2.6100 139 232 94
-19.1250 3.5000 0.1200 146 138 30
-11.2500 -7.0000 0.1000 166 142 2
-24.2500 26.5000 3.1800 145 233 88
12.6250 -7.0000 3.7700 206 166 60
11.8750 -12.5000 10.0700 28 124 151
-0.8750 17.0000 0.1000 166 119 7
-26.7500 4.0000 0.5900 132 137 58
-12.7500 -10.5000 0.1100 146 132 24
-14.2500 5.0000 0.1000 147 124 16
-3.7500 0.0000 0.0900 152 109 40
5.6250 10.0000 0.6800 139 142 26
-1.1250 0.5000 1.5700 159 254 53
17.0000 -13.0000 3.7800 233 115 84
11.6250 5.0000 7.7800 17 194 146
5.6250 -3.0000 3.3000 171 164 53
0.0000 -10.5000 3.9300 163 254 14
-2.2500 -17.5000 1.8300 154 211 64
-7.3750 4.0000 0.1400 182 149 13
-7.0000 -16.0000 0.1000 146 125 20
-0.5000 -9.0000 6.2900 55 254 152
-1.8750 14.0000 0.0700 185 130 0
-19.6250 8.5000 1.7100 154 243 75
8.0000 1.0000 2.5500 131 242 83
-20.6250 2.5000 0.1000 140 119 21
1.1250 -23.0000 13.1100 20 160 33
-12.7500 6.5000 0.0900 163 153 22
5.0000 0.0000 7.5500 31 220 104
5.8750 9.0000 2.9400 133 195 113
-16.1250 15.5000 3.0000 152 196 110
-15.8750 19.5000 3.2300 170 197 92
-27.5000 18.0000 1.8000 125 219 89
18.0000 19.5000 6.1900 49 243 167
-11.5000 23.5000 2.2400 154 205 54
6.6250 19.5000 0.1000 143 137 25
22.0000 10.5000 3.2800 164 97 136
4.2500 4.5000 5.8100 65 254 150
13.0000 -1.0000 6.6100 41 200 179
-10.7500 -3.0000 0.1100 169 129 6
7.6250 9.0000 4.8600 101 254 102
-1.0000 -14.0000 4.1400 151 254 0
2.0000 -1.5000 2.8900 130 234 86
-4.3750 -19.0000 1.4600 159 207 30
21.3750 2.0000 7.0900 94 151 249
16.6250 20.5000 6.7000 31 241 147
-27.0000 -2.0000 3.5500 188 223 37
21.7500 18.5000 5.4600 69 253 144
-16.2500 -23.0000 5.3500 146 254 146
2.6250 -16.0000 3.1500 141 192 86
19.3750 19.5000 5.9400 51 249 163
-20.5000 -11.0000 0.1400 197 129 10
-23.6250 -2.0000 0.1300 145 137 15
8.2500 -1.5000 7.9100 34 210 108
11.1250 -13.5000 11.4700 13 103 106
-1.2500 -13.0000 3.7400 178 254 2
-1.3750 -15.5000 4.1600 139 254 8
-2.8750 -22.5000 6.1000 52 254 131
-1.1250 -7.0000 4.9200 112 254 90
12.7500 -0.5000 4.9800 87 254 150
18.0000 -18.0000 6.5200 106 144 220
20.2500 12.0000 4.0000 157 253 22
-26.0000 5.5000 6.5300 49 254 155
-25.7500 -16.0000 0.0800 172 126 0
-27.3750 -13.5000 0.1000 167 147 8
-26.7500 20.0000 0.0900 124 125 20
-9.8750 24.5000 1.7100 159 194 46
7.5000 -2.5000 7.0400 22 235 153
-10.0000 5.5000 0.1100 172 132 23
6.7500 9.5000 4.0900 153 254 0
9.1250 -10.5000 10.3100 0 159 106
-13.7500 -21.5000 0.2600 181 129 27
1.7500 -12.0000 1.3700 125 206 70
8.1250 0.0000 2.3700 125 214 88
-4.7500 16.5000 0.0900 186 135 0
-22.7500 -13.0000 0.1100 182 138 17
14.8750 8.0000 4.9400 95 254 134
-21.8750 19.5000 2.4600 144 215 101
5.6250 17.0000 0.3300 144 122 28
9.0000 20.5000 2.2200 145 219 119
-20.1250 -22.5000 5.4000 147 254 145
6.8750 3.0000 3.5700 186 209 9
11.0000 3.5000 8.8900 9 190 96
18.3750 -23.0000 3.9400 221 120 68
20.0000 -6.5000 7.1300 100 126 254
-1.1250 19.0000 0.0900 177 124 0
-17.6250 9.0000 1.5900 155 244 58
1.3750 -14.5000 3.5500 179 207 26
-7.2500 0.5000 0.0900 187 134 17
-0.7500 -20.5000 8.9100 9 222 88
-21.8750 -19.5000 5.4100 134 254 144
18.8750 -23.0000 3.9300 230 128 79
-23.6250 1.0000 1.3300 162 214 16
-0.3750 1.5000 0.3200 150 155 36
4.3750 -1.0000 3.0800 147 222 78
2.7500 -15.0000 3.2700 153 177 79
10.1250 -20.0000 4.0700 203 199 40
-20.1250 8.0000 1.6500 149 220 81
-20.7500 15.0000 0.8100 140 178 18
18.5000 -11.5000 3.8000 241 124 106
-22.1250 -20.0000 5.7200 125 254 157
6.6250 0.0000 5.3500 73 254 148
-27.2500 1.0000 6.5200 54 254 142
9.2500 -10.5000 7.4500 32 182 149
-25.7500 14.5000 0.1000 147 113 27
9.5000 7.5000 4.6000 104 254 68
14.0000 -15.0000 4.3600 155 225 104
-27.5000 11.5000 6.7100 65 250 144
9.6250 -13.0000 11.2800 3 126 106
2.8750 6.5000 0.1300 131 143 0
-19.5000 -21.5000 5.5500 142 254 150
-20.2500 19.0000 3.4100 192 195 59
-4.8750 -10.5000 0.8200 174 206 3
-6.0000 -5.5000 0.1100 163 136 12
13.6250 5.0000 5.7800 59 244 168
-1.0000 -15.5000 4.4400 119 254 45
12.3750 1.5000 5.3200 73 254 159
-10.2500 12.5000 0.1300 169 143 9
6.6250 25.5000 0.1100 134 125 48
17.6250 -9.5000 7.1900 97 123 254
21.8750 -1.0000 7.1600 109 147 253
-19.8750 18.5000 3.3700 180 204 55
4.6250 11.0000 3.6000 191 248 4
15.1250 1.5000 4.3900 130 240 108
4.5000 18.0000 0.0900 151 107 20
-19.5000 3.0000 0.1200 145 139 31
17.2500 -9.5000 7.1600 86 143 254
-17.0000 7.0000 0.8200 157 183 26
16.5000 -2.0000 3.5900 225 114 80
-21.2500 17.0000 0.1000 133 142 12
-27.3750 15.5000 0.1100 135 143 3
22.0000 15.0000 3.2000 148 117 97
10.0000 6.0000 3.6700 182 200 0
-6.5000 -15.0000 0.1300 152 131 0
8.2500 -7.0000 3.5000 156 203 50
21.8750 22.5000 6.3400 59 214 133
-24.0000 -16.0000 0.1000 183 138 0
7.3750 -18.0000 6.4600 43 209 138
-24.2500 5.0000 0.1200 142 84 26
21.3750 -17.0000 6.0500 125 143 217
-16.1250 16.0000 3.1200 171 181 94
-1.5000 23.0000 0.1000 169 102 0
-17.0000 -14.0000 0.1200 156 142 28
8.7500 13.5000 1.5100 153 147 45
-0.6250 -14.0000 4.3200 122 254 48
-12.5000 -21.0000 0.4300 163 142 35
-26.0000 -19.0000 5.6300 135 254 154
-3.6250 -14.5000 3.8800 179 254 0
3.2500 -11.5000 6.8500 18 254 149
21.7500 -12.5000 7.2700 98 111 233
-7.1250 5.0000 0.1100 174 129 20
20.0000 -23.0000 3.8800 235 119 78
-0.7500 -7.0000 0.3200 134 144 12
-11.6250 -10.0000 1.4900 154 254 61
12.5000 -15.5000 4.5000 144 231 126
14.2500 -2.5000 3.6600 186 155 43
-14.5000 -11.5000 0.1000 161 144 15
11.7500 -6.0000 5.0500 99 252 161
-21.0000 -20.5000 5.6400 127 254 152
-11.2500 -6.5000 0.1200 161 138 13
17.3750 18.5000 5.3600 58 254 153
15.8750 11.5000 4.9100 91 254 145
-2.7500 -23.0000 8.2500 28 222 81
11.8750 -22.0000 4.0800 200 157 62
-19.0000 -23.0000 5.3700 150 254 133
-20.5000 3.0000 0.1100 138 119 21
13.6250 16.5000 2.5500 128 145 104
-14.5000 6.0000 0.1000 144 125 18
18.5000 -5.0000 7.1000 96 131 254
11.6250 20.5000 2.7300 124 204 97
21.0000 15.5000 7.3200 30 186 154
12.0000 -22.5000 4.0800 197 152 63
4.0000 -8.0000 4.3000 121 254 22
9.8750 2.5000 8.9000 7 192 101
0.8750 8.5000 0.1000 149 116 39
14.7500 6.0000 4.0300 151 232 40
12.6250 5.0000 8.0700 11 196 146
-8.7500 19.5000 0.0800 153 175 0
10.8750 0.5000 3.6000 171 193 19
-26.2500 -0.5000 2.6900 152 200 117
15.0000 1.0000 4.3800 132 239 108
-4.0000 2.5000 0.0900 165 107 39
18.0000 -9.0000 7.1500 105 134 254
-6.5000 -12.5000 1.9800 156 254 76
6.8750 -14.5000 10.1100 0 168 95
-27.0000 10.0000 6.5200 64 254 144
12.3750 -4.0000 7.2000 30 192 162
-11.8750 -20.0000 1.8700 184 208 59
-10.2500 16.0000 0.0700 140 143 24
-8.6250 -9.0000 0.1100 146 136 53
-21.3750 10.5000 0.1100 141 113 0
7.7500 -17.5000 8.2900 16 178 109
3.1250 3.5000 4.9100 95 254 108
15.1250 -18.5000 4.4400 163 202 129
-2.3750 -10.5000 3.7600 173 254 28
-3.7500 -20.0000 2.6100 129 224 117
-14.1250 11.5000 1.0300 155 210 19
19.5000 11.5000 4.5400 113 254 102
-1.7500 -20.5000 3.7400 175 248 0
6.7500 12.0000 1.1000 145 190 47
17.1250 -15.5000 3.7600 226 109 54
-27.5000 26.0000 2.0400 121 232 92
-13.0000 21.5000 2.9300 153 213 109
7.5000 11.5000 1.2100 146 189 45
-27.3750 10.0000 0.5100 135 180 52
-23.3750 -20.0000 5.5800 134 254 162
18.7500 17.0000 8.6200 8 200 135
-16.2500 -23.0000 5.3700 145 254 147
4.5000 2.0000 6.0600 54 254 145
6.8750 -17.0000 9.7800 9 156 90
-22.8750 -16.0000 0.1000 165 126 13
-3.3750 0.5000 0.1000 153 109 38
1.7500 3.0000 0.0400 147 110 27
13.5000 -20.0000 4.0500 215 155 68
-17.3750 9.0000 1.7700 156 248 66
12.1250 -9.0000 6.1300 77 196 213
-9.2500 -13.5000 3.8700 182 254 2
-24.3750 19.5000 0.0800 136 113 0
5.5000 -13.0000 9.2000 0 195 97
3.8750 -16.5000 4.8600 80 254 100
0.0000 -7.0000 6.4800 57 254 130
-23.8750 3.0000 2.2200 141 254 67
-26.1250 -6.5000 0.1000 151 125 19
21.0000 20.5000 5.3300 70 254 138
-24.3750 3.0000 3.2600 182 184 82
12.0000 -9.5000 6.6500 65 178 207
10.3750 -11.0000 6.7800 45 187 168
17.5000 -22.5000 3.9800 222 130 74
-2.2500 -5.5000 0.1300 154 147 0
-9.3750 -11.0000 1.8000 159 197 56
-1.1250 2.0000 0.1000 158 121 31
15.5000 4.5000 4.1700 146 242 54
15.6250 24.0000 2.7700 146 205 83
20.1250 -5.0000 7.1300 98 126 254
9.6250 7.5000 4.9600 86 254 118
-24.5000 -11.5000 0.0900 185 124 0
16.1250 8.5000 4.7000 105 254 118
9.6250 4.5000 4.3700 108 254 38
12.5000 -22.5000 4.0500 210 138 74
20.6250 -11.5000 7.1900 94 112 254
-2.1250 -11.0000 4.7900 116 254 107
-10.0000 -15.5000 1.7900 159 215 83
-2.3750 -18.5000 3.0800 152 210 88
-0.5000 -16.0000 4.0800 151 254 11
13.6250 9.5000 5.3100 75 254 159
-3.2500 -17.0000 2.4400 133 240 102
17.3750 20.5000 6.1600 48 245 144
-5.8750 20.5000 0.1000 157 140 26
-2.7500 -14.5000 3.8700 182 254 0
-19.3750 2.0000 0.1000 143 138 39
20.3750 14.0000 3.7000 179 204 34
4.1250 -19.5000 6.4300 40 231 127
3.2500 -17.0000 8.0000 11 211 117
-3.3750 -17.5000 3.3000 170 207 73
7.8750 3.5000 9.1800 10 191 84
-1.2500 -23.0000 9.1400 19 202 79
5.0000 10.5000 3.8400 161 254 0
-16.5000 1.5000 0.1100 160 120 22
-8.3750 -6.5000 0.1100 148 154 47
-6.8750 -19.5000 0.1200 145 94 39
1.2500 -11.0000 4.9900 95 254 117
9.5000 -7.0000 3.3500 158 156 45
-7.6250 -7.0000 0.1200 157 158 43
12.3750 -10.0000 3.7600 201 152 47
-8.6250 -8.0000 0.1200 145 144 55
6.6250 -2.5000 2.3000 138 166 87
5.0000 14.5000 0.0900 148 90 37
0.2500 -18.0000 9.3400 0 217 108
-13.8750 -18.5000 0.5200 171 149 21
4.3750 17.0000 0.0800 154 105 17
4.3750 -10.5000 4.1200 129 254 0
8.5000 3.0000 6.1500 54 239 146
3.1250 5.5000 2.5500 147 235 97
22.0000 -22.5000 3.9000 220 111 82
22.1250 -0.5000 7.1100 111 147 250
4.5000 5.5000 2.9100 160 207 80
-13.8750 -16.5000 0.4300 167 165 13
-3.6250 -18.0000 1.8500 154 217 73
9.0000 5.0000 4.2200 127 254 7
-27.6250 -12.5000 0.0800 166 148 12
17.2500 -20.5000 3.9900 230 133 58
11.6250 17.5000 3.5400 161 217 21
-23.2500 1.0000 0.1000 125 116 35
-19.0000 -20.5000 0.1200 170 104 14
18.0000 -15.0000 3.7200 239 94 79
21.0000 -19.0000 4.6400 179 192 143
-11.2500 6.5000 0.1000 166 143 13
22.0000 5.0000 7.1400 79 159 220
-15.6250 11.0000 1.9700 139 234 31
-13.1250 -12.5000 0.1400 152 129 10
-19.0000 -23.0000 5.3900 150 254 134
21.7500 20.5000 5.2300 79 254 127
-25.7500 -1.5000 3.5600 200 221 25
-9.7500 -9.5000 1.9100 162 208 45
13.1250 5.0000 6.7700 27 213 169
21.5000 22.5000 6.4500 55 211 136
12.2500 20.5000 2.7200 127 202 96
1.7500 4.0000 3.1400 166 218 79
-8.2500 -2.5000 0.1000 182 115 28
8.0000 -20.5000 4.0900 165 236 0
7.5000 -19.5000 4.8900 103 254 91
15.5000 -5.0000 3.7700 228 127 92
19.2500 -9.0000 7.1700 101 133 254
-26.2500 6.5000 6.1500 64 254 160
19.3750 20.5000 5.1100 78 254 140
-16.5000 17.5000 3.5700 192 193 32
-15.8750 16.0000 2.5500 150 184 97
12.5000 11.0000 5.9700 46 254 163
21.7500 -3.5000 7.1900 118 124 247
-15.2500 21.5000 2.9400 158 192 106
-25.5000 -18.5000 5.6300 135 254 151
-27.1250 -17.0000 0.1100 169 135 1
8.7500 -9.5000 12.1400 0 134 91
19.2500 -18.0000 4.6000 172 212 140
-27.2500 14.5000 0.4800 144 164 48
-12.5000 -14.0000 1.7500 162 226 98
-19.3750 26.5000 1.6300 149 128 81
3.5000 -17.5000 8.9100 3 211 95
8.8750 -22.0000 12.4500 17 104 78
13.7500 -20.0000 4.0100 221 144 68
-1.2500 -15.0000 3.6300 188 254 2
9.8750 21.0000 2.4800 142 214 130
7.1250 -6.5000 2.3400 126 142 77
-0.7500 1.0000 0.0800 149 122 37
-15.6250 -8.5000 0.1300 165 126 30
3.7500 -18.0000 9.1700 0 209 94
-12.0000 13.5000 0.1000 139 136 19
6.6250 0.0000 1.9100 138 181 71
17.6250 18.5000 5.8700 44 254 157
9.6250 18.5000 1.5500 144 178 62
21.5000 5.0000 3.6500 208 110 114
-10.7500 -10.0000 0.9800 157 213 35
-23.6250 2.0000 4.2700 142 254 32
4.0000 -1.5000 3.0200 145 223 91
1.7500 -2.5000 2.3800 140 245 54
-13.6250 19.0000 1.7000 144 191 25
-24.7500 -23.0000 5.4500 136 254 140
5.5000 -6.0000 2.4100 121 159 89
-18.5000 -4.5000 0.1100 173 130 0
2.2500 2.5000 1.6600 134 243 53
-8.2500 -1.5000 0.1000 181 115 15
2.2500 -22.5000 12.0400 11 152 37
2.2500 3.0000 4.4600 107 254 58
-17.5000 22.5000 1.6600 156 147 58
6.6250 7.5000 3.5900 175 223 11
-20.5000 -23.0000 5.4400 147 254 146
5.8750 -10.5000 4.1100 128 254 6
-19.7500 -23.0000 5.4000 149 254 141
16.3750 -6.0000 3.7400 238 120 98
16.2500 19.5000 5.9200 51 254 148
0.2500 -10.5000 4.3100 123 254 43
13.1250 18.0000 2.8800 138 172 114
2.0000 -13.5000 3.3100 160 191 66
22.1250 -10.0000 7.1700 115 111 254
6.3750 -17.0000 4.0000 152 233 0
-11.3750 20.5000 0.0900 137 153 0
9.2500 7.0000 3.9700 147 254 0
-27.5000 17.5000 3.6800 176 226 26
22.2500 12.5000 3.3200 157 126 100
13.7500 1.0000 4.7100 97 254 123
14.1250 4.5000 4.1000 147 238 32
1.1250 0.5000 2.7700 143 230 103
17.8750 -7.0000 7.1100 104 141 254
-19.8750 -22.5000 5.3600 149 254 142
1.8750 -23.0000 9.5100 16 197 58
-9.3750 18.0000 0.0800 137 168 16
-2.5000 -17.5000 2.7900 133 237 107
20.1250 -10.0000 7.1400 109 117 254
22.3750 20.5000 5.3900 75 250 125
8.3750 -11.5000 10.2100 4 150 116
10.2500 -12.0000 10.3800 0 141 118
-5.1250 16.5000 0.1000 187 134 0
15.7500 -16.0000 4.5200 156 222 132
-2.7500 -6.5000 0.0800 155 140 0
20.5000 -7.0000 7.1500 107 110 254
-4.1250 20.0000 0.1500 170 134 15
22.1250 14.5000 5.9300 69 211 168
20.0000 0.0000 7.1300 83 168 254
15.2500 -23.0000 3.9900 214 117 64
-14.3750 16.5000 2.3000 137 216 82
-23.5000 2.0000 0.1100 123 113 36
1.5000 15.5000 0.0900 162 136 12
4.2500 2.5000 1.2600 131 209 49
6.1250 -23.0000 9.9100 30 146 59
-15.6250 -12.0000 0.1000 165 146 16
-16.5000 -18.5000 0.1100 152 109 15
-4.3750 12.5000 0.1100 163 122 10
16.3750 17.5000 7.8500 8 218 130
1.8750 1.0000 5.7100 69 254 138
19.6250 17.0000 8.9100 4 188 132
10.2500 23.0000 2.5500 135 249 105
3.0000 -4.0000 2.4300 139 217 85
-24.6250 17.0000 0.1100 146 144 0
12.1250 -0.5000 7.7400 21 188 161
0.2500 0.0000 1.4600 167 224 60
-22.8750 3.0000 3.1700 160 220 102
13.6250 -2.0000 8.5600 16 160 134
7.8750 3.5000 6.1300 45 254 141
11.3750 14.0000 3.0500 144 183 117
4.5000 -3.5000 3.2900 160 208 56
-24.1250 3.0000 0.4200 147 119 29
-17.6250 -3.0000 0.1000 169 110 19
5.5000 -22.0000 8.9300 28 156 82
-21.5000 17.0000 1.6900 148 198 47
-17.3750 11.5000 1.5700 139 243 52
10.8750 20.5000 2.1600 141 205 96
22.1250 -17.5000 3.8400 254 124 71
11.0000 5.5000 4.2100 126 254 6
10.7500 7.5000 3.9100 156 254 0
8.0000 -11.5000 11.5800 0 164 76
-1.7500 -21.0000 4.7900 99 254 81
6.6250 -20.5000 6.5400 44 211 142
-27.1250 9.5000 0.2100 131 131 57
-2.0000 -16.5000 0.7100 148 152 20
15.2500 -6.5000 3.8000 228 131 96
-1.2500 -15.5000 4.5000 118 254 54
-2.6250 -3.5000 0.1000 153 129 25
7.1250 9.0000 5.5100 71 254 155
16.3750 -15.0000 3.7600 231 109 58
11.0000 18.0000 3.2300 164 187 76
6.5000 -14.0000 5.8400 48 254 155
4.1250 1.0000 3.9000 160 254 0
-27.2500 7.5000 6.9800 43 237 153
-22.7500 -15.5000 0.1700 172 145 0
3.1250 -19.5000 6.8700 31 225 117
-26.7500 15.0000 0.1200 142 126 33
-5.2500 -13.0000 0.1500 162 146 0
8.8750 17.5000 1.5700 147 183 68
19.0000 12.0000 5.3200 76 254 194
-7.7500 -17.5000 0.1000 156 98 17
7.2500 -6.5000 2.4500 127 148 81
16.7500 13.0000 5.4900 60 254 174
8.3750 -17.5000 4.2100 144 204 53
15.7500 -7.0000 3.7900 229 128 100
-2.3750 -8.5000 1.0300 155 207 56
2.2500 19.0000 0.1000 148 102 55
12.8750 -5.0000 5.3300 90 246 177
-1.5000 -5.0000 0.6900 152 177 0
7.6250 19.0000 0.2700 152 128 16
4.7500 -1.5000 2.7500 143 222 92
1.5000 -21.5000 8.3500 13 215 86
3.7500 5.0000 5.8500 61 254 149
-4.0000 4.5000 0.1000 172 131 24
-22.2500 -7.5000 0.1000 153 97 28
18.3750 -18.5000 4.5000 176 203 121
21.7500 10.5000 3.3400 168 100 130
-12.6250 9.5000 0.1000 169 167 6
-5.1250 24.5000 0.1100 159 143 0
-26.6250 7.5000 0.9300 152 174 66
2.2500 -8.0000 5.6800 62 254 141
11.0000 -0.5000 8.2400 16 187 108
13.6250 -4.5000 7.0500 55 174 185
12.7500 -4.5000 5.5700 83 233 179
10.1250 15.0000 2.3400 138 198 93
-12.3750 7.5000 0.1100 164 149 0
12.7500 19.0000 3.4500 171 219 30
-1.5000 -23.5000 9.0800 22 204 77
-20.7500 7.0000 0.1100 131 142 16
-17.1250 -11.0000 0.1100 178 128 0
20.1250 -6.0000 7.1300 98 127 254
6.2500 6.5000 3.3000 141 190 79
10.0000 -13.0000 12.3400 2 119 93
-18.5000 -3.5000 0.0900 170 114 20
12.8750 -15.0000 4.4500 147 235 121
6.6250 -19.0000 7.6900 25 188 115
-13.8750 21.5000 3.1200 165 217 84
-25.6250 10.5000 3.7900 185 246 1
15.0000 -11.0000 3.8300 225 142 91
11.5000 -3.0000 9.0800 3 166 117
12.7500 -4.5000 5.6000 82 231 180
-26.1250 18.5000 0.1000 128 132 7
8.7500 1.5000 9.3200 5 180 105
19.3750 14.5000 6.0500 49 236 196
-7.1250 -13.5000 0.1000 137 134 39
-25.8750 0.0000 0.1500 124 116 40
-4.2500 -19.5000 1.2300 148 196 35
-25.2500 -1.5000 1.6900 172 166 23
-10.1250 -12.0000 0.9600 159 173 63
10.1250 -6.0000 3.7400 175 197 7
13.3750 -1.5000 7.1500 35 191 172
12.1250 -6.5000 4.4200 137 246 91
15.7500 0.0000 3.5500 217 100 80
15.7500 9.0000 4.9100 95 254 149
-0.7500 -8.5000 7.2500 43 254 118
0.0000 -14.0000 4.2200 131 254 28
11.0000 -21.5000 4.0800 200 163 62
-22.8750 22.0000 2.5700 143 214 109
-23.6250 5.0000 1.7000 149 251 39
-23.7500 17.5000 0.0900 143 141 0
21.0000 -21.0000 4.0600 225 155 70
8.2500 -1.0000 3.2000 142 208 66
-0.7500 -6.5000 4.1500 142 254 0
-16.0000 16.5000 2.9700 161 181 108
8.5000 4.0000 1.4700 140 163 36
-26.2500 8.0000 4.0700 153 254 16
-4.2500 -13.0000 0.0800 158 144 0
18.2500 7.5000 3.2400 166 94 161
22.0000 19.0000 5.0600 85 254 120
22.1250 22.0000 5.6200 71 254 131
7.0000 3.5000 3.9200 162 254 0
6.3750 -20.0000 5.9300 67 243 141
3.1250 0.5000 7.2600 32 237 110
-26.8750 9.5000 5.9100 83 254 139
8.3750 -12.0000 4.2400 129 246 36
14.0000 1.5000 4.6800 105 253 120
2.6250 -8.5000 4.5900 106 254 72
-23.0000 -7.0000 0.0800 159 101 3
-16.6250 10.0000 2.4000 157 214 103
17.5000 4.0000 3.4000 198 98 151
-2.5000 -7.0000 0.1700 154 142 0
-26.2500 14.5000 0.1100 144 120 30
9.0000 -10.0000 13.1400 0 129 92
-0.2500 -23.0000 10.7400 8 180 57
-22.1250 15.0000 0.1100 130 128 3
4.1250 5.0000 6.0300 58 254 149
-20.5000 5.0000 0.1100 136 140 6
6.7500 -8.5000 11.2600 0 175 94
-8.7500 -19.5000 0.0600 167 94 24
0.5000 -17.5000 9.3600 0 216 109
18.5000 -0.5000 7.1600 77 170 254
6.0000 -13.0000 8.0700 4 208 113
4.7500 12.0000 1.9000 157 254 46
-1.7500 -6.5000 0.1000 152 143 0
9.1250 -17.0000 4.0900 164 195 38
-12.6250 21.0000 2.2600 151 196 79
19.8750 -19.5000 4.4900 190 188 140
-26.2500 10.0000 5.2800 92 254 132
6.1250 14.5000 1.4500 158 231 61
17.0000 12.5000 5.5200 68 254 174
18.6250 -20.0000 3.9700 235 152 67
-0.2500 -20.5000 9.1700 5 219 85
5.6250 -14.0000 7.1900 22 213 138
-7.1250 -4.5000 0.1200 149 140 31
-3.8750 18.5000 0.0900 167 130 6
6.6250 -14.0000 8.6000 2 183 112
6.8750 3.5000 6.1500 43 254 152
19.5000 -13.5000 3.8300 229 121 79
19.2500 9.0000 3.3600 195 99 130
2.1250 24.0000 0.1000 166 109 16
-24.5000 4.0000 1.0900 145 229 27
-0.2500 -20.0000 9.4500 4 213 83
-18.0000 4.5000 0.6200 156 190 29
-12.7500 1.0000 0.0900 165 152 20
4.0000 23.5000 0.0900 177 95 43
-15.5000 -20.5000 1.4400 182 251 68
0.8750 19.0000 0.0900 167 135 0
13.6250 25.5000 2.9900 145 186 84
-19.2500 23.5000 1.8500 153 172 85
14.8750 -15.0000 6.1000 96 153 229
-7.3750 -10.0000 1.0900 167 220 0
-11.3750 25.5000 3.4200 172 222 62
0.7500 -17.5000 9.5200 0 214 108
15.7500 -15.0000 6.1800 92 153 234
10.8750 -16.5000 4.4600 132 214 98
-3.8750 12.0000 0.1000 172 121 12
7.6250 20.0000 0.3600 144 144 32
10.8750 -3.0000 8.7900 4 185 103
-27.3750 6.0000 6.7700 53 241 143
11.1250 -18.0000 4.0800 177 187 45
-18.6250 -20.0000 0.1100 167 103 16
21.2500 -16.5000 3.7400 241 91 84
-21.7500 17.5000 0.1100 134 144 13
-9.5000 7.5000 0.0800 163 136 14
6.1250 -8.0000 11.4400 0 173 91
0.1250 -6.5000 0.5600 146 155 11
21.1250 14.5000 3.5900 174 186 43
-19.0000 12.5000 0.1300 137 104 63
12.8750 25.0000 3.0500 150 180 89
10.1250 -9.5000 7.7900 20 184 148
15.8750 -21.5000 4.0400 227 146 65
6.0000 7.0000 4.9300 90 254 101
-5.0000 -13.5000 0.1000 160 140 0
22.3750 9.5000 3.5100 169 129 100
21.2500 21.5000 5.0200 85 254 116
-15.8750 25.5000 2.6600 134 221 118
-25.1250 22.0000 0.9400 137 142 14
-15.1250 21.0000 3.3700 192 212 50
-10.3750 2.5000 0.1100 175 144 15
21.7500 22.0000 6.2600 60 217 136
9.0000 -22.5000 4.1300 166 190 26
12.2500 21.5000 2.6700 127 201 96
-3.6250 -14.5000 3.9000 177 254 0
4.1250 -1.0000 3.0400 156 225 48
-19.1250 -11.0000 0.1000 179 131 3
-7.0000 -22.0000 1.0700 160 190 35
3.6250 -11.5000 6.9800 13 254 145
-3.2500 -14.5000 0.1500 129 123 61
-13.8750 -9.0000 0.0800 162 127 30
18.1250 14.5000 6.3700 41 225 188
-26.6250 -0.5000 5.2600 93 254 141
-20.8750 22.5000 2.2000 163 206 83
0.0000 -17.5000 2.9900 139 200 102
-22.0000 17.0000 0.0800 134 145 13
-1.3750 25.0000 0.1000 177 128 0
9.1250 3.5000 6.8000 30 225 153
-16.2500 5.0000 0.0900 135 132 40
-13.0000 -20.0000 1.8000 183 210 58
-23.5000 -4.5000 0.0900 164 139 0
12.7500 25.5000 3.0400 146 181 89
-23.8750 22.5000 2.2000 143 248 85
14.7500 17.5000 2.7700 129 137 110
18.5000 -15.5000 3.7400 237 102 69
-12.3750 17.5000 0.0800 141 123 12
10.3750 -12.5000 10.4500 2 139 115
-19.2500 15.0000 2.8300 128 220 113
-25.7500 -19.0000 5.6100 136 254 153
10.8750 14.0000 2.5300 135 203 91
-3.1250 -23.5000 10.1300 23 199 67
10.7500 -11.5000 10.8400 0 130 113
18.0000 19.0000 8.2100 23 192 124
-7.7500 -10.5000 0.6400 163 184 41
18.7500 19.0000 7.9200 20 192 134
-8.2500 0.5000 0.1100 180 116 25
-10.5000 -16.0000 2.0500 157 216 103
-26.3750 5.0000 5.5600 74 254 158
11.5000 -15.0000 7.9000 39 120 178
2.2500 5.5000 0.5700 132 163 15
-15.5000 -18.0000 1.1800 176 218 67
5.2500 -14.5000 7.7400 16 202 128
-16.0000 25.0000 2.5900 136 190 111
-12.1250 -9.5000 0.1000 154 132 24
-24.8750 -4.0000 0.0900 152 135 9
10.5000 2.5000 9.4000 2 188 98
17.1250 19.5000 5.6300 57 254 151
11.5000 -4.0000 5.0900 83 254 123
-27.5000 -2.5000 0.1100 126 149 50
0.2500 -13.0000 4.3700 123 254 40
10.6250 1.5000 5.7300 58 240 145
0.0000 -19.0000 3.4200 156 220 55
10.8750 6.5000 6.7100 30 238 143
-19.6250 21.0000 2.4400 140 201 127
12.6250 9.5000 4.4600 118 254 68
15.7500 25.5000 2.4200 144 197 60
-6.6250 -15.5000 0.0800 149 131 0
3.3750 -23.0000 7.5800 24 203 84
0.3750 19.5000 0.1000 173 129 0
0.7500 -5.0000 2.0700 135 231 71
19.7500 -11.5000 7.2600 89 115 254
-1.7500 -17.0000 0.7700 150 154 18
5.3750 -20.0000 6.1500 61 226 141
-13.7500 -20.0000 0.3500 159 136 43
20.1250 -17.5000 4.8800 156 211 178
-5.1250 19.5000 0.0900 162 137 10
20.7500 -7.5000 7.1600 107 110 254
-22.3750 13.5000 0.1200 134 123 6
5.2500 15.0000 0.1700 144 108 32
3.6250 19.5000 0.0900 166 93 36
7.0000 -19.0000 8.3900 24 169 131
-9.8750 -19.5000 0.1000 157 110 49
20.3750 -21.5000 3.9100 243 134 66
-12.8750 1.5000 0.1000 186 143 7
21.5000 10.5000 3.3000 168 96 136
-26.6250 -17.5000 0.0900 179 132 0
13.0000 4.0000 5.7700 61 248 179
20.8750 3.5000 3.5700 220 92 129
-12.7500 26.0000 3.0800 142 208 95
9.8750 -8.0000 6.7200 39 202 160
10.7500 25.0000 1.4900 137 254 30
16.0000 -11.5000 3.8400 233 147 85
8.2500 20.0000 1.5000 153 214 85
-17.1250 10.0000 2.4200 136 242 132
-12.6250 -16.0000 0.6900 152 168 61
-4.1250 22.5000 0.0900 154 133 4
19.6250 25.0000 4.1100 156 254 7
7.7500 10.5000 1.4900 139 177 43
-8.8750 8.5000 0.0900 189 149 0
1.7500 5.0000 1.8100 162 254 35
17.1250 -0.5000 3.5100 214 97 83
17.2500 18.0000 7.7200 12 215 128
14.5000 -10.0000 3.8000 204 131 68
-1.5000 -18.0000 1.7900 152 208 54
2.2500 3.0000 4.3700 112 254 48
19.1250 -17.5000 4.7300 161 216 161
-10.6250 -11.5000 1.5900 138 220 70
4.8750 -17.5000 7.9800 12 208 107
13.2500 14.5000 3.0100 146 169 111
-11.2500 5.5000 0.1100 172 137 7
-8.7500 7.5000 0.0900 184 146 3
-5.8750 -22.0000 2.2800 135 240 84
-15.6250 -22.0000 5.3600 123 254 171
14.5000 3.0000 4.3300 123 254 63
17.5000 -20.0000 4.0300 228 150 54
-21.6250 23.0000 1.6800 156 181 64
-9.6250 -8.0000 1.4900 160 216 31
6.1250 -15.0000 9.0100 0 182 102
3.3750 -8.5000 4.1900 131 254 2
7.5000 19.0000 0.5800 152 154 29
20.7500 25.5000 4.8700 105 254 100
13.6250 -20.0000 4.0200 219 146 68
-26.2500 -3.5000 0.8700 150 224 53
15.1250 10.5000 5.2400 82 254 165
21.2500 22.5000 6.2200 59 220 140
16.3750 -19.0000 5.5600 114 190 234
4.6250 -12.5000 7.6100 5 232 127
5.7500 -2.5000 2.4600 134 178 100
-18.1250 4.5000 1.2000 159 223 38
21.7500 5.5000 3.6100 203 103 117
14.2500 -7.0000 3.7200 205 133 70
-11.3750 -18.5000 1.8100 166 221 78
7.2500 -21.0000 11.9000 0 133 73
-25.5000 -7.5000 0.1200 158 124 10
-14.8750 -22.5000 6.6200 91 254 164
4.7500 13.5000 0.0900 146 109 33
-26.3750 24.5000 2.3500 127 254 110
22.0000 13.0000 3.3500 162 131 91
18.5000 16.5000 8.6400 6 198 138
-10.0000 -16.5000 2.2500 155 222 109
-11.6250 -18.0000 2.1200 166 224 90
3.2500 -11.0000 8.9200 2 221 104
18.0000 -7.0000 7.1300 103 141 254
-4.5000 -12.5000 0.0700 143 131 34
15.0000 0.5000 4.5400 129 239 137
-9.7500 5.0000 0.1200 174 130 21
17.3750 4.0000 3.6000 205 125 119
-4.2500 -22.0000 3.1200 158 192 71
3.6250 5.0000 4.5600 116 254 63
5.5000 18.0000 0.1000 145 100 27
7.6250 -18.0000 4.0100 153 230 0
-0.5000 -9.5000 4.9800 95 254 110
-20.1250 20.5000 3.1300 172 193 77
6.0000 3.5000 8.1000 21 207 118
21.2500 -7.5000 7.1400 111 109 254
13.8750 -8.5000 3.7900 206 140 75
0.2500 -15.5000 3.5900 184 208 21
1.8750 -13.0000 8.6400 25 236 96
21.6250 26.0000 4.6500 111 254 70
-12.2500 -15.5000 1.9800 161 238 106
-24.5000 -21.0000 5.4100 136 254 163
-14.2500 23.5000 2.7000 143 196 99
6.6250 23.0000 0.0900 137 113 38
-15.8750 15.5000 2.4100 150 180 76
-26.6250 -10.0000 0.1100 166 149 0
15.8750 14.5000 5.0700 73 254 155
2.0000 19.0000 0.0900 147 104 56
-3.5000 16.5000 0.0900 178 134 2
-4.6250 5.5000 0.0800 172 115 0
-20.7500 17.5000 3.2200 173 204 84
-8.8750 1.5000 0.1000 174 125 32
11.1250 3.5000 8.1000 15 190 108
9.7500 -16.0000 7.6700 33 142 174
14.7500 26.0000 2.4900 144 201 66
21.8750 0.5000 7.1200 97 153 247
-2.3750 3.0000 0.1000 176 117 33
-16.2500 25.0000 2.1600 147 190 93
-2.1250 -23.0000 8.8300 27 204 82
-17.5000 21.0000 1.9300 141 171 69
4.2500 -7.5000 2.5600 115 195 83
20.7500 16.0000 8.2100 18 189 141
18.1250 4.5000 3.3500 193 87 173
7.8750 2.5000 6.3000 39 254 139
9.8750 -8.5000 6.8700 35 200 159
-2.1250 -17.0000 0.7100 151 151 17
3.0000 -15.5000 4.9100 74 254 119
1.1250 -7.0000 5.3500 83 254 131
-22.6250 19.5000 1.7600 144 183 66
-19.7500 -21.5000 5.3800 146 254 144
19.1250 -12.5000 3.8700 233 139 95
11.3750 23.5000 2.8000 146 192 101
9.7500 -2.0000 7.0200 25 224 134
6.6250 -4.0000 1.9300 143 148 57
20.6250 15.5000 8.0800 13 189 156
18.6250 5.5000 3.3200 193 70 166
-16.3750 25.0000 1.8000 155 160 59
-4.7500 9.0000 0.1000 175 138 0
22.1250 10.0000 3.3600 167 103 126
1.1250 -20.5000 8.7800 5 218 85
5.3750 -17.0000 3.7500 176 197 9
-8.1250 -8.5000 1.4600 162 221 21
11.2500 -15.5000 4.5200 128 223 108
-26.0000 -22.0000 5.4700 136 254 153
19.6250 -6.0000 7.1100 97 129 254
8.7500 8.5000 5.4800 69 254 153
20.0000 -21.5000 3.9500 239 144 65
8.1250 22.0000 0.9200 159 203 38
19.5000 23.0000 5.0100 94 254 129
11.2500 -6.5000 6.3600 58 198 175
6.1250 -15.5000 9.0400 2 182 99
-15.8750 22.0000 2.0000 147 165 83
2.7500 -17.0000 4.6100 92 254 78
12.8750 -13.5000 3.8000 206 125 70
13.1250 16.5000 2.8100 135 169 104
-7.8750 -5.5000 0.1000 150 148 43
-27.5000 -2.5000 1.6900 155 177 41
17.8750 23.5000 3.8800 183 254 4
21.1250 19.5000 8.3700 22 190 114
-12.7500 23.0000 2.7200 142 220 102
2.5000 4.0000 3.7500 186 254 13
-23.8750 11.5000 0.1200 160 96 10
-2.1250 12.5000 0.1000 172 112 9
-8.3750 -9.0000 0.1200 146 136 52
0.2500 4.5000 0.0800 146 121 51
8.5000 -12.0000 9.0500 11 176 119
-1.5000 -15.5000 4.0000 161 254 0
7.1250 -5.5000 3.0000 140 178 92
-17.2500 15.5000 3.2800 166 199 72
10.1250 1.5000 8.1200 18 187 119
11.0000 -19.0000 4.0700 193 168 50
-3.1250 -16.5000 3.6200 185 229 27
5.7500 -10.0000 9.4800 0 194 102
-16.3750 14.0000 2.6700 146 191 100
7.2500 12.0000 1.2100 144 194 49
-27.2500 8.0000 1.3700 159 205 59
6.1250 -17.5000 3.8300 171 204 0
-25.5000 -22.5000 5.4200 137 254 145
16.8750 8.0000 4.4000 122 254 62
-9.2500 -15.0000 1.5700 177 160 57
-8.7500 -21.5000 0.1000 167 93 25
-11.3750 -18.0000 2.4200 165 222 99
-21.5000 18.5000 3.1700 167 203 100
-18.6250 26.0000 1.5900 148 131 80
-26.3750 -1.0000 3.9900 173 254 9
11.1250 5.5000 6.6000 31 239 140
17.0000 -6.5000 7.1700 81 141 242
17.5000 -2.5000 3.6200 224 120 77
10.2500 4.5000 8.2900 17 200 120
12.2500 15.5000 3.5100 166 218 46
13.7500 -6.5000 3.7300 207 158 66
2.8750 -20.5000 7.3300 20 219 111
17.0000 -18.0000 6.0900 93 162 223
14.2500 15.5000 3.0800 147 170 106
18.0000 4.5000 3.4200 198 94 157
-11.3750 -8.5000 0.0900 155 133 23
5.7500 -21.0000 9.8500 14 163 75
14.7500 14.5000 3.4300 164 175 66
19.5000 13.5000 5.7000 61 254 179
17.1250 -1.5000 3.5700 223 86 78
19.3750 -0.5000 7.1200 81 171 254
19.8750 -13.5000 3.7800 233 107 85
15.5000 11.5000 4.9200 90 254 145
-19.2500 -5.0000 0.0900 171 133 0
-24.5000 -23.5000 5.4400 138 254 131
4.8750 -1.0000 3.0100 142 224 84
12.0000 -11.0000 6.9300 64 154 206
14.7500 6.5000 4.4200 114 254 72
-8.1250 -21.0000 0.0900 167 89 20
4.2500 4.5000 6.5200 52 254 149
-2.5000 -17.5000 3.7500 182 254 4
-14.0000 6.0000 0.1000 144 126 19
10.6250 -23.0000 8.7400 66 101 157
3.6250 -0.5000 7.4700 28 229 109
17.5000 4.5000 3.3500 189 86 137
-9.6250 -9.0000 1.9400 163 209 46
3.0000 -10.0000 4.3100 116 254 31
18.0000 16.0000 6.2600 49 234 172
-15.7500 -19.5000 1.7800 176 254 81
-21.1250 23.0000 1.6300 152 175 66
5.6250 -15.5000 8.3800 12 192 112
-24.2500 13.0000 0.2800 155 124 21
-1.1250 13.0000 0.0800 160 141 11
14.2500 9.5000 5.3900 75 254 154
16.8750 -13.5000 3.7900 231 119 80
6.1250 0.5000 4.5300 99 254 66
9.5000 9.5000 4.6100 99 254 76
10.8750 -23.0000 4.1100 190 159 64
21.1250 20.5000 5.4000 68 254 141
9.7500 -22.0000 4.0800 198 192 39
0.1250 -20.0000 10.1300 0 199 77
15.6250 -7.5000 3.7600 231 111 102
11.6250 4.5000 6.9900 26 208 160
-13.6250 19.5000 2.3500 146 187 83
16.6250 -15.0000 3.7500 231 106 59
-1.3750 -14.5000 0.9400 157 163 24
-23.0000 -13.0000 0.1200 182 140 18
-3.6250 -14.5000 0.1100 128 123 62
6.5000 12.0000 0.9800 146 179 37
-17.6250 -22.5000 5.3400 146 254 150
22.0000 -17.5000 4.3600 199 210 112
4.2500 6.0000 4.3600 129 254 37
21.1250 22.5000 6.7200 47 206 139
17.3750 -21.5000 3.9600 226 128 72
9.3750 -20.0000 4.0500 203 199 36
15.0000 -16.5000 4.4500 162 214 122
2.3750 23.5000 0.0900 175 102 45
-26.5000 7.0000 7.1500 39 235 149
13.1250 24.5000 3.0800 155 180 86
-9.3750 1.5000 0.1100 171 137 29
-18.8750 -16.5000 0.1900 144 151 19
17.2500 -14.0000 3.8000 222 117 67
-19.7500 20.0000 3.1400 162 185 99
-15.3750 -1.0000 0.1200 180 128 1
10.1250 6.5000 5.0700 77 254 128
-9.8750 21.0000 0.0800 153 185 0
14.3750 10.5000 5.8100 66 241 160
-6.3750 5.5000 0.0900 176 125 6
13.5000 -1.5000 8.7400 18 170 142
-16.6250 -21.5000 5.4200 139 254 165
12.1250 -11.0000 3.7900 207 150 67
-17.6250 7.0000 1.6200 148 224 59
10.5000 7.5000 5.0100 78 254 120
7.6250 10.0000 5.2200 84 254 131
17.6250 24.5000 3.5900 204 203 16
2.6250 3.5000 4.1100 137 254 11
-1.0000 -3.5000 0.1800 154 145 0
21.0000 20.0000 7.6100 33 184 127
14.2500 3.0000 4.3200 124 254 62
-25.5000 2.0000 5.4900 77 254 143
-12.2500 3.0000 0.1200 190 147 0
-24.7500 15.0000 0.0800 150 103 24
-26.8750 -17.0000 0.1000 169 133 0
-4.5000 -17.5000 0.8700 148 174 23
-25.7500 11.0000 6.2700 77 254 150
-27.5000 1.0000 4.9100 101 254 116
9.3750 2.0000 8.6400 12 191 102
-16.1250 10.0000 0.1300 127 121 35
16.2500 3.0000 3.7500 201 155 75
-26.2500 19.5000 0.1100 126 126 13
-18.1250 22.5000 1.6800 158 152 67
-27.2500 -23.5000 5.4400 145 250 117
10.0000 -22.0000 10.9900 36 99 121
-19.7500 -19.0000 0.1100 160 111 16
13.2500 -3.0000 6.0900 62 213 183
15.3750 1.5000 3.4700 191 113 108
15.2500 -2.5000 3.6000 225 114 73
-20.5000 12.0000 0.1200 142 110 0
-26.8750 -3.0000 1.3900 165 218 64
6.5000 14.0000 0.9200 158 181 21
20.3750 -12.0000 7.2400 91 113 254
4.8750 -6.0000 2.5600 131 183 92
-13.2500 -16.5000 0.8800 147 239 68
7.1250 -11.0000 12.5000 0 161 70
22.0000 17.0000 8.1400 31 183 126
22.1250 19.0000 7.0400 44 185 142
-23.0000 -2.5000 0.1200 157 132 10
3.7500 9.0000 4.6900 112 254 73
-17.1250 -11.0000 0.1400 178 132 0
3.6250 2.5000 3.8400 170 254 0
-6.3750 -17.5000 0.0700 152 124 18
15.6250 23.5000 2.7500 146 206 81
6.3750 19.0000 0.6400 140 168 44
-1.3750 -17.5000 1.5600 152 199 50
15.6250 -1.5000 3.4900 209 118 93
-8.5000 -10.5000 0.6600 147 157 57
-12.7500 -9.0000 0.1000 152 138 29
8.7500 -15.5000 8.5400 22 142 137
-23.1250 24.5000 2.6700 143 254 101
-21.2500 -18.0000 0.0900 182 106 0
18.3750 -16.0000 6.1600 104 153 244
-0.5000 3.5000 0.0900 151 123 39
-25.8750 5.0000 5.7800 73 254 160
-6.1250 13.0000 0.0900 161 123 31
7.3750 10.5000 4.2900 132 254 20
18.2500 -16.5000 4.7500 144 214 171
15.8750 23.5000 3.0000 157 194 82
-26.2500 13.5000 2.8300 141 254 104
-7.8750 1.0000 0.1100 194 140 3
-27.1250 5.0000 1.4000 134 202 75
-1.6250 -18.0000 2.8800 139 222 93
-2.6250 -3.0000 1.1000 160 220 34
6.8750 13.0000 1.0400 139 189 47
18.6250 3.0000 3.5900 230 93 121
-14.1250 -8.0000 0.1200 161 131 32
-22.7500 25.0000 2.6300 144 254 98
20.7500 1.0000 7.0700 89 161 254
-8.7500 -9.0000 1.3400 163 218 21
3.8750 -5.5000 2.4400 129 193 99
14.1250 15.0000 3.1300 147 182 94
6.8750 -4.5000 2.5400 122 156 92
13.5000 -7.5000 3.7600 203 135 84
-18.3750 -6.0000 0.1200 180 119 0
-1.3750 -15.0000 3.6800 187 254 0
8.6250 -3.5000 6.8700 31 225 133
10.5000 -5.0000 5.1200 65 254 118
10.0000 9.0000 5.1300 75 254 141
1.1250 -14.0000 4.0200 148 254 1
14.3750 22.0000 3.2800 160 191 35
-2.0000 -17.5000 4.0600 150 254 2
-7.1250 -12.5000 2.1300 141 232 103
-0.5000 -14.5000 4.1200 143 254 17
13.2500 -21.0000 4.0500 219 154 67
-9.3750 -7.0000 0.1200 145 165 51
-25.1250 -21.0000 5.4000 137 254 163
13.8750 2.0000 4.2600 131 254 53
-11.7500 -21.0000 0.1100 154 122 54
-2.8750 -12.0000 0.1000 151 121 11
-11.6250 -23.0000 0.0800 150 123 61
13.6250 19.5000 3.1900 141 186 71
-15.3750 11.5000 2.1900 141 228 41
3.7500 -22.5000 5.4500 60 254 108
-22.6250 -6.5000 0.1000 156 127 30
19.6250 -18.0000 4.8500 158 213 178
2.3750 -7.5000 2.6600 123 199 120
21.6250 22.5000 6.4000 57 212 135
20.1250 6.5000 3.4000 201 86 148
12.0000 14.0000 2.9900 139 171 115
17.2500 15.0000 6.7500 29 223 161
2.3750 15.5000 0.1300 157 109 47
7.5000 -12.0000 12.6500 0 159 67
8.1250 -0.5000 2.6800 120 213 93
3.3750 23.5000 0.0900 177 96 44
20.7500 20.5000 7.4800 21 185 147
-9.0000 11.5000 0.0900 189 128 1
8.3750 9.0000 4.5600 101 254 67
7.6250 -9.5000 4.5400 96 254 58
-10.8750 6.0000 0.0900 167 139 9
-27.5000 4.5000 4.2100 129 254 39
-19.0000 25.0000 1.6700 151 142 84
-19.6250 23.0000 2.1800 141 200 104
0.7500 -17.0000 2.0700 127 231 53
7.2500 -19.5000 6.1900 60 227 139
-25.1250 13.5000 2.6800 144 254 98
6.7500 -9.0000 11.1900 0 176 93
19.1250 5.0000 3.3700 199 74 153
15.3750 5.5000 4.3100 128 252 65
-11.7500 -11.0000 1.6400 140 240 81
14.6250 4.0000 4.2100 142 247 65
8.7500 12.0000 3.9100 165 254 0
-13.6250 1.5000 0.1200 185 148 11
-18.5000 16.5000 3.7500 183 241 4
-15.1250 9.0000 0.3100 154 134 0
-13.3750 -20.5000 1.6200 182 210 54
-25.0000 25.5000 3.1300 150 227 100
-7.0000 -4.5000 0.1000 149 137 29
0.1250 0.5000 1.5300 168 230 66
-0.6250 17.0000 0.1000 157 124 7
8.0000 8.5000 4.7100 108 254 80
13.6250 25.5000 0.5800 146 125 0
-20.5000 16.5000 2.9400 151 201 103
-8.5000 25.0000 0.4400 137 163 7
17.2500 23.5000 3.7800 183 242 0
18.7500 14.0000 7.7300 15 206 162
-10.8750 -17.5000 1.6600 163 217 80
21.1250 -14.0000 3.7700 222 97 99
12.1250 0.5000 7.2800 27 192 173
-16.0000 19.0000 3.8500 181 254 10
16.7500 18.5000 8.9400 3 196 110
-17.2500 24.0000 1.9800 146 172 79
1.7500 2.0000 5.8300 80 254 138
-21.3750 -8.0000 0.0800 181 98 0
7.3750 3.5000 8.8400 11 198 93
21.0000 -3.0000 7.1500 105 153 254
3.7500 -13.0000 9.3100 4 221 91
-6.3750 -11.5000 2.0800 161 254 82
11.7500 -0.5000 6.6300 47 200 165
16.2500 5.0000 3.5600 192 140 76
-9.6250 -11.5000 1.6200 162 193 51
-24.2500 9.0000 0.1000 143 111 39
12.5000 11.0000 5.5800 58 254 160
14.8750 19.0000 3.1500 146 184 84
14.0000 5.0000 6.2500 53 199 177
-27.2500 -9.5000 0.1000 162 154 9
20.1250 25.5000 4.9900 101 254 116
-23.6250 24.5000 2.5400 128 254 104
-26.0000 -23.0000 5.4200 140 254 135
-26.5000 6.5000 6.4200 60 254 148
17.6250 22.5000 3.9700 158 254 0
-17.7500 22.0000 1.6900 156 150 59
9.5000 10.5000 2.8700 143 183 119
12.2500 -11.0000 3.7900 209 150 67
-12.6250 11.5000 0.1200 166 131 20
3.0000 5.5000 2.7000 151 218 99
17.8750 -11.5000 3.8600 230 138 107
-15.7500 -10.0000 0.0900 146 144 36
18.6250 -2.0000 3.6100 247 92 120
11.2500 -5.5000 7.0300 24 217 128
-22.3750 -9.5000 0.1000 180 104 2
12.2500 6.0000 6.7600 29 215 173
18.1250 -8.0000 7.1400 107 133 254
5.7500 -21.0000 7.5000 33 175 122
-18.2500 18.5000 3.8200 179 254 6
18.7500 -2.0000 6.0700 125 186 254
20.6250 -10.5000 7.2000 109 114 254
-8.5000 -4.5000 0.1100 149 150 45
14.0000 -3.5000 6.9100 38 194 163
17.6250 16.5000 4.5400 102 254 61
11.5000 14.5000 3.2500 152 191 98
-8.6250 -4.5000 0.1300 149 152 46
22.0000 -21.0000 4.4600 194 164 123
5.0000 -2.0000 3.3700 184 185 21
16.6250 2.5000 3.5800 206 117 99
15.7500 23.0000 2.6900 146 207 78
-13.3750 15.0000 0.2700 133 147 28
-12.7500 -6.0000 0.1000 161 140 19
10.1250 24.5000 2.1800 133 254 81
-2.7500 22.5000 0.1000 171 107 0
-12.3750 -15.5000 1.7200 165 228 94
9.0000 -18.5000 4.0700 173 194 37
-22.8750 -4.0000 0.0900 156 123 0
-7.7500 15.0000 0.1000 173 134 0
2.7500 4.5000 2.0300 146 241 69
13.3750 15.0000 2.8200 138 156 118
2.2500 -7.0000 3.0900 145 191 99
20.1250 -15.0000 3.7400 241 102 71
-12.0000 -20.5000 0.3000 154 136 44
-13.3750 7.5000 0.1100 160 153 6
18.3750 14.0000 8.0400 12 204 157
-25.5000 2.5000 5.4200 69 254 145
0.3750 -22.0000 7.7700 16 226 107
-23.2500 0.5000 0.1000 127 111 31
8.7500 0.5000 3.6400 170 200 22
16.5000 -6.5000 3.8000 233 131 97
15.5000 -21.0000 3.9800 232 134 62
-13.5000 23.5000 2.9800 148 209 110
22.0000 14.5000 3.2100 141 123 113
1.8750 1.0000 4.0400 148 254 0
10.8750 4.5000 5.1700 71 254 132
14.7500 6.5000 5.2400 72 254 174
11.5000 -11.5000 3.8100 192 171 48
-3.2500 -16.5000 1.7200 153 211 73
20.2500 10.0000 3.3200 177 95 137
-12.8750 -14.5000 0.1300 156 116 36
20.3750 -10.0000 7.1700 110 115 254
13.0000 -1.0000 5.1200 82 254 159
-26.2500 -0.5000 2.7500 152 198 119
11.5000 -17.5000 4.1000 190 162 71
2.8750 -17.0000 8.0000 13 211 117
14.7500 12.5000 4.3500 119 254 64
-14.7500 -13.5000 0.0900 147 144 27
-16.1250 -15.5000 0.6900 157 196 55
2.7500 7.0000 1.1000 151 191 56
4.8750 16.5000 2.5900 144 254 81
-25.8750 18.0000 0.1200 139 155 0
-1.1250 19.5000 0.0800 173 132 2
-2.5000 15.5000 0.0900 182 140 0
-10.6250 17.5000 0.0900 146 137 0
12.7500 20.5000 3.2900 162 189 49
-0.2500 0.0000 1.0000 160 209 44
-6.8750 -11.5000 2.3000 157 254 94
11.1250 1.5000 4.1500 125 254 12
10.1250 -20.5000 4.0200 211 189 34
-27.2500 13.0000 4.2600 137 254 31
5.5000 -16.5000 3.4300 171 152 33
9.7500 -2.5000 6.6300 38 222 145
6.8750 -11.5000 12.7300 0 159 69
8.2500 -4.5000 6.4400 43 219 135
1.1250 -13.0000 3.1600 168 195 60
7.2500 -9.5000 12.2100 0 167 74
-0.1250 -23.0000 6.9100 39 235 112
-21.3750 22.0000 2.9200 148 209 107
18.8750 24.5000 4.3400 137 254 36
-5.6250 -9.5000 0.1800 164 110 24
6.6250 -14.5000 8.8600 0 182 106
-19.8750 -11.5000 0.1000 196 126 8
8.8750 7.0000 0.6700 130 81 15
-7.6250 -17.0000 0.0700 150 120 28
-13.2500 -15.0000 0.3200 154 135 44
-14.6250 17.0000 2.2100 153 189 73
10.5000 -2.5000 8.2000 3 204 116
16.6250 -11.5000 3.8500 231 148 86
0.3750 2.5000 0.0800 153 112 27
3.5000 -22.0000 9.0900 14 196 72
17.7500 13.5000 6.1600 50 224 174
21.5000 -3.0000 7.1800 108 149 250
-1.2500 12.0000 0.1000 170 114 9
-11.8750 -19.0000 2.7800 164 214 114
7.5000 -6.0000 2.2200 126 134 70
20.7500 16.0000 8.0800 19 190 145
13.8750 20.5000 2.9800 137 191 78
3.8750 -10.5000 3.2700 142 191 74
-22.3750 24.0000 2.7900 156 206 91
4.2500 -9.0000 4.7600 90 254 87
1.5000 -23.0000 7.8100 22 203 98
5.0000 8.0000 3.6200 181 219 4
-18.5000 18.0000 4.0200 158 254 5
18.7500 20.0000 5.0600 81 254 134
-2.3750 -12.5000 1.1000 170 209 24
9.5000 -9.5000 11.5900 5 144 105
12.8750 3.0000 6.7200 30 219 180
10.0000 -6.0000 3.3300 160 154 48
4.8750 -5.5000 3.6800 175 233 0
10.2500 8.5000 2.8700 136 185 111
16.6250 -16.5000 6.6500 80 139 214
16.0000 10.0000 4.9600 93 254 151
13.5000 3.5000 5.5800 64 254 179
13.0000 24.0000 2.8400 146 190 97
17.2500 0.5000 4.1700 170 222 81
-7.3750 17.0000 0.0800 151 144 0
-5.3750 -17.5000 0.1000 151 120 11
3.6250 -8.5000 4.0100 146 254 0
8.1250 5.0000 5.4700 71 254 136
0.3750 -20.0000 8.4900 7 220 96
10.5000 23.0000 2.7800 140 234 109
-8.7500 25.0000 1.6600 159 186 41
-3.5000 17.0000 0.0900 175 119 0
-25.2500 0.5000 1.7800 160 176 65
-18.8750 16.5000 3.4400 173 215 50
9.6250 5.0000 5.4800 67 254 146
-21.7500 21.0000 2.7900 143 209 117
10.2500 7.5000 4.8700 85 254 108
5.7500 1.0000 7.5400 34 227 117
-9.1250 -10.5000 3.7500 186 236 3
6.2500 -6.0000 2.5100 124 160 93
-16.8750 16.5000 3.1800 167 167 76
14.3750 -15.5000 4.4700 150 211 122
0.6250 -7.5000 5.5400 73 254 142
2.7500 1.5000 3.5300 176 231 37
-7.8750 -20.5000 0.1100 168 91 19
3.7500 4.5000 2.0500 118 247 75
-26.3750 21.0000 0.1100 131 118 19
-20.0000 3.5000 0.6400 159 162 3
11.5000 -7.5000 5.3100 76 248 186
4.8750 2.0000 3.6700 167 237 0
0.7500 -10.5000 3.9100 165 254 13
-20.6250 25.0000 1.5700 138 160 82
-14.2500 -3.5000 0.1000 176 99 0
11.7500 25.5000 2.6300 139 232 100
14.0000 -2.5000 5.7700 76 226 174
12.7500 26.5000 2.7900 137 223 96
21.2500 15.0000 3.5600 170 183 48
13.7500 -10.5000 3.7800 210 131 73
6.6250 -7.0000 2.6000 126 166 89
-16.8750 13.5000 0.8500 147 199 25
14.6250 1.5000 4.5600 119 240 133
13.3750 -1.0000 6.4800 45 202 178
-10.8750 -8.5000 1.9300 154 254 72
9.3750 14.5000 1.7400 151 163 56
7.0000 3.0000 3.6500 185 219 0
-12.0000 -19.0000 2.6000 162 222 103
7.5000 -13.5000 10.7500 0 162 89
2.1250 -22.0000 3.8100 171 216 0
11.8750 -10.5000 7.8400 40 173 164
-14.6250 22.5000 3.2300 175 188 70
8.5000 -16.5000 8.3000 26 155 134
6.5000 22.0000 0.0900 129 127 49
3.7500 -0.5000 3.2000 163 223 38
-0.3750 19.5000 0.1000 164 116 12
-14.2500 -10.5000 0.0900 170 152 14
22.0000 -8.0000 7.1800 113 106 254
9.3750 -7.5000 3.6300 182 171 31
-1.8750 -14.5000 2.6800 155 243 82
5.6250 7.0000 3.6000 171 223 14
20.6250 8.0000 3.3900 197 83 138
-1.0000 -14.0000 1.4800 175 211 51
7.8750 -16.5000 9.7800 14 154 88
10.5000 5.5000 7.0000 22 234 140
19.5000 -6.5000 7.0800 98 130 254
10.6250 -7.0000 5.0100 81 254 121
14.5000 -5.5000 3.7300 217 141 82
22.0000 -7.0000 7.1500 114 107 254
4.2500 3.0000 4.7700 98 254 90
10.5000 -3.5000 8.7800 4 187 104
-0.6250 3.5000 0.0900 151 123 39
6.5000 18.5000 0.1500 144 102 27
15.6250 -4.5000 3.7500 222 128 70
17.2500 2.5000 3.7400 198 147 81
22.1250 -18.0000 4.4500 184 177 107
7.3750 1.5000 6.0700 53 238 152
-25.2500 0.0000 6.0000 73 254 146
-25.0000 18.5000 0.1100 140 148 0
-0.3750 0.5000 1.2200 165 221 58
-17.2500 18.0000 3.9700 164 254 0
-24.3750 -8.0000 0.1100 175 149 0
4.1250 -11.0000 3.6600 174 216 0
-21.2500 -22.0000 5.4100 139 254 138
14.6250 1.0000 4.6500 115 251 141
2.1250 -19.5000 9.8200 4 203 79
-0.2500 -0.5000 1.7500 164 236 76
14.1250 -3.0000 6.5400 48 198 173
16.8750 -11.0000 3.8000 236 132 99
15.1250 -6.5000 3.8100 225 133 95
-13.0000 -1.5000 0.0900 161 131 24
5.2500 26.5000 0.1000 152 130 51
19.2500 -10.0000 7.1700 103 129 254
5.5000 -23.0000 8.4700 34 159 78
-6.5000 -4.5000 0.1100 150 135 26
-4.1250 -17.0000 2.7300 141 212 116
6.3750 9.0000 0.7600 141 146 15
-22.3750 24.0000 2.4800 159 208 92
-26.0000 -11.0000 0.1000 173 142 0
11.0000 -3.5000 5.0000 79 254 103
-6.1250 -15.5000 0.1000 151 128 0
20.2500 8.5000 3.3900 193 106 123
-26.7500 4.0000 1.4200 136 203 59
18.3750 25.5000 3.5200 195 195 33
-25.7500 -21.5000 5.4500 136 254 159
6.3750 18.5000 1.3200 162 198 61
15.3750 -10.5000 3.7900 229 122 79
7.6250 -6.5000 2.6300 129 158 85
8.1250 -21.0000 4.0800 167 234 0
-12.5000 22.5000 2.2500 154 205 56
-2.1250 -19.0000 2.3900 135 217 88
0.8750 -19.5000 9.8000 1 202 76
8.3750 -14.5000 10.6900 6 119 115
0.8750 -18.0000 10.1000 0 206 103
-26.5000 9.5000 6.4000 70 254 138
14.3750 -20.0000 4.0200 224 149 71
4.3750 -3.0000 1.8600 143 177 49
13.6250 13.0000 3.9100 157 254 14
11.6250 -13.0000 11.9500 18 103 126
-3.0000 4.0000 0.0900 172 122 36
-23.0000 -6.0000 0.1100 156 106 11
17.0000 -4.0000 3.7100 231 119 89
-25.3750 11.5000 6.2600 77 254 154
-14.1250 21.5000 3.2300 175 209 68
8.7500 3.0000 6.4100 44 232 149
-26.5000 -0.5000 0.1200 123 134 57
14.8750 -21.5000 3.9800 221 121 61
2.8750 8.0000 2.7300 143 254 73
-25.0000 8.0000 4.9600 102 254 128
-21.3750 21.0000 3.3000 193 191 60
16.7500 -0.5000 3.5700 219 105 75
-11.0000 -18.5000 1.8300 164 236 75
-7.5000 23.0000 0.0900 146 157 0
13.6250 23.0000 3.0700 155 187 75
15.8750 7.5000 4.9400 94 254 147
-4.8750 19.0000 0.0900 162 136 9
20.3750 14.0000 5.9700 53 234 184
0.7500 -4.0000 2.2700 147 244 59
20.3750 10.5000 3.4800 181 116 107
-25.2500 12.5000 0.1500 154 110 20
3.8750 7.5000 3.4300 189 203 20
6.7500 -15.0000 9.3400 0 177 99
-25.0000 3.0000 0.4200 145 122 31
18.5000 3.5000 3.4700 219 72 143
-2.6250 22.5000 0.0900 170 105 0
9.3750 -16.5000 4.5100 117 219 106
-10.6250 -2.5000 0.1000 178 123 13
-25.0000 3.5000 1.2600 143 240 31
5.7500 -0.5000 5.7600 63 254 156
-26.6250 -21.0000 5.4100 141 254 154
-13.5000 -19.0000 2.2300 201 216 69
1.1250 -23.0000 13.4500 20 160 31
7.6250 -15.5000 10.2900 0 163 88
19.6250 2.5000 7.3200 65 156 254
-8.1250 -9.5000 1.8900 163 214 35
-19.8750 -12.0000 0.1000 179 124 25
14.0000 -4.5000 6.6600 63 179 189
-25.2500 -2.5000 1.5600 177 218 66
-14.5000 26.5000 2.0000 152 171 72
-6.2500 -21.0000 0.9800 159 189 30
18.1250 19.0000 7.9100 23 192 134
2.1250 -5.0000 2.3900 135 247 89
1.0000 -10.5000 3.9900 152 254 14
-7.8750 6.5000 0.0800 173 126 18
-10.8750 -15.0000 2.2300 156 242 108
13.2500 23.0000 3.0900 158 185 76
-18.0000 17.0000 3.8600 178 254 0
-20.2500 9.5000 0.1100 142 107 2
8.1250 14.5000 1.1100 155 193 35
19.1250 -10.5000 7.1900 98 116 254
-13.1250 -11.5000 0.1100 151 126 13
12.7500 -4.0000 5.5100 79 245 168
1.2500 -22.5000 13.6800 14 158 31
11.7500 11.0000 4.8500 95 254 109
15.8750 -6.0000 3.7700 236 127 94
12.3750 -12.0000 5.8800 86 187 223
-10.7500 -13.0000 2.3500 127 248 100
-14.1250 23.5000 2.3800 144 187 89
20.7500 4.0000 3.5700 217 89 126
4.8750 16.5000 2.5400 145 254 77
17.7500 -5.0000 3.8000 238 137 120
9.6250 2.5000 8.7400 9 192 103
14.7500 -10.0000 3.7700 223 117 84
-5.5000 9.5000 0.1000 176 143 1
-8.7500 6.0000 0.0800 175 123 18
18.6250 -0.5000 7.1700 76 169 254
-24.1250 21.5000 0.7300 149 138 0
16.6250 -3.5000 3.7000 232 134 66
-26.0000 13.0000 4.1800 144 254 9
18.5000 17.5000 7.0000 22 218 174
21.6250 14.5000 5.6200 77 230 169
13.3750 -19.5000 4.0400 213 151 70
5.0000 -23.5000 4.7800 104 238 54
-22.6250 -21.0000 5.3700 138 254 145
-10.8750 -16.5000 1.8000 164 211 89
-21.1250 21.0000 3.2100 185 191 72
-24.0000 -12.5000 0.1000 187 124 0
0.5000 16.5000 0.1000 156 123 7
6.7500 2.5000 5.4400 66 254 143
11.3750 -4.5000 5.4100 84 254 148
5.3750 1.5000 5.7800 62 254 143
-9.3750 -20.0000 0.1500 170 103 25
10.8750 -0.5000 4.2100 135 254 10
14.5000 -9.5000 3.8100 214 128 68
-21.8750 18.0000 0.4100 134 151 21
11.8750 -11.5000 9.4300 25 137 165
20.6250 9.0000 3.3900 189 108 125
18.8750 -22.5000 3.9600 231 137 75
-17.5000 -15.0000 0.0900 165 116 25
3.7500 -1.0000 6.9300 40 253 114
-21.5000 18.0000 0.8800 143 164 25
-10.0000 20.5000 0.0900 154 184 0
10.1250 19.0000 1.9700 129 199 86
11.3750 26.5000 2.4700 141 231 93
-7.6250 -14.0000 1.6800 176 202 72
-12.7500 0.5000 0.1100 169 148 16
-27.1250 3.5000 2.4000 132 226 105
1.3750 -16.0000 9.7000 8 213 106
-27.2500 10.0000 6.5300 64 254 145
18.8750 12.0000 5.3300 75 254 195
15.5000 1.5000 3.4100 185 107 121
8.3750 15.0000 1.4500 154 157 46
-3.8750 -19.0000 1.9200 137 242 77
12.1250 14.0000 3.5700 166 224 36
20.3750 14.5000 6.5200 35 207 188
7.0000 -22.0000 11.2300 9 141 69
-22.5000 -11.0000 0.1000 191 132 17
13.6250 -13.5000 3.7800 206 119 74
8.0000 -22.0000 12.5100 12 106 79
0.3750 -13.0000 4.3600 123 254 38
-20.5000 8.0000 0.1500 143 105 1
-0.7500 1.0000 0.8500 135 245 53
18.1250 4.0000 3.4100 198 93 159
20.0000 24.5000 4.5500 120 254 72
6.6250 -14.5000 7.1100 19 214 141
11.0000 0.5000 6.7300 38 229 130
-16.5000 18.0000 3.9600 167 254 11
17.5000 -2.0000 3.5800 233 97 96
3.6250 -18.0000 6.0100 45 254 141
-19.2500 -1.0000 0.1100 172 123 10
12.8750 -4.0000 6.9000 36 197 168
-20.2500 18.5000 3.4500 186 214 48
5.2500 12.5000 0.3800 151 128 14
7.2500 3.0000 9.8000 0 186 85
-23.8750 -23.0000 5.4400 143 254 140
-17.1250 25.0000 1.5900 163 133 43
-19.1250 -5.5000 0.1100 176 129 0
12.0000 25.0000 2.6300 141 238 98
7.0000 -7.0000 2.5500 127 158 85
-20.6250 18.5000 3.3000 176 206 74
-25.0000 22.5000 1.4900 158 182 66
12.2500 3.5000 6.4200 40 223 180
-17.8750 13.5000 1.5200 141 251 38
-19.3750 15.5000 2.7000 123 226 109
-27.1250 4.0000 1.6700 134 221 67
16.3750 23.0000 3.4700 191 191 31
21.7500 -11.0000 7.1800 113 110 254
7.0000 0.0000 6.9200 29 254 141
-8.6250 9.0000 0.0900 189 147 0
9.2500 -3.0000 6.5700 40 223 146
8.6250 24.5000 0.1200 140 119 19
15.2500 2.0000 4.3400 128 236 98
6.1250 -12.5000 11.4900 0 170 82
-23.5000 -5.0000 0.0900 157 121 16
21.6250 17.5000 7.8000 33 182 137
-7.6250 -15.5000 0.0900 143 142 17
15.0000 -3.0000 3.6100 225 115 70
3.6250 -8.0000 2.2500 118 189 78
13.8750 -10.5000 3.7500 212 123 75
7.6250 -23.0000 12.2300 20 106 77
-19.3750 -6.0000 0.1200 176 131 0
-17.5000 23.5000 2.3500 142 201 106
1.3750 17.5000 0.1000 155 117 5
12.1250 23.5000 2.7500 143 196 101
11.3750 14.0000 4.0400 137 254 0
-13.6250 -20.5000 0.6900 173 154 32
-26.6250 -15.5000 0.0800 169 132 0
-25.0000 1.5000 4.3800 129 254 58
-7.0000 -6.5000 0.1700 160 151 21
-15.7500 26.0000 1.6200 151 144 51
15.2500 7.5000 4.8900 96 254 141
6.6250 7.0000 4.6800 97 254 77
6.0000 6.5000 2.6600 119 219 102
5.6250 0.5000 4.6700 95 254 82
7.5000 -15.0000 11.6000 0 152 86
17.5000 17.5000 4.8100 86 254 94
-24.7500 0.0000 0.0800 126 108 35
9.5000 -10.0000 11.6400 9 142 103
13.5000 -14.0000 4.9600 117 242 189
3.3750 -4.0000 2.8600 132 215 109
-0.1250 -2.0000 1.4600 150 209 62
7.0000 -12.5000 12.3900 0 163 69
6.3750 7.5000 5.2400 78 254 124
5.8750 -0.5000 3.4400 148 207 29
-13.5000 22.0000 2.8600 145 213 115
-15.7500 16.5000 2.8000 154 181 111
22.3750 -9.0000 7.1900 118 109 254
-2.8750 -15.0000 4.8300 114 254 119
3.8750 -10.0000 4.1600 131 254 0
16.3750 6.0000 3.9400 169 224 37
6.1250 15.0000 0.1100 134 96 24
-16.5000 25.5000 1.7700 156 154 57
-13.8750 3.0000 0.0900 175 127 2
16.5000 10.0000 4.6800 104 254 114
15.6250 8.0000 5.1700 85 254 172
-23.5000 8.5000 0.1200 144 113 37
10.2500 2.5000 7.9100 13 192 119
11.8750 7.5000 4.2700 132 254 41
9.6250 -16.5000 4.1600 154 200 48
-12.7500 -13.5000 0.4500 158 146 45
-13.5000 -14.5000 0.0900 150 121 41
20.6250 4.5000 3.5800 216 92 124
10.3750 10.5000 2.5100 122 172 104
2.6250 10.0000 0.1000 148 126 25
20.3750 19.5000 8.1900 19 194 124
10.6250 26.0000 1.6600 154 228 49
-23.8750 -23.5000 5.4100 144 254 136
-2.7500 7.0000 0.1000 164 121 32
-2.1250 -16.5000 1.1100 157 180 34
-10.7500 -18.0000 1.1800 154 206 67
-27.6250 -1.5000 0.1100 124 140 58
12.1250 -5.0000 6.7300 55 193 175
-25.1250 -1.5000 0.1200 130 135 42
15.3750 18.0000 3.4300 169 180 46
16.8750 17.0000 4.1100 134 254 0
3.8750 -10.5000 3.9200 154 254 0
-10.6250 24.5000 2.2700 174 183 38
18.6250 0.5000 7.2600 73 162 254
4.6250 -1.0000 3.0200 143 224 85
15.8750 -16.0000 6.6000 82 140 217
6.1250 2.0000 8.4800 17 211 104
0.8750 -21.5000 9.3200 5 213 76
-25.5000 2.5000 4.5700 111 254 84
16.8750 -17.0000 6.8900 73 134 210
-5.7500 -1.0000 0.1100 175 116 6
-20.8750 21.0000 3.2500 188 192 65
16.8750 19.0000 4.5900 104 254 64
18.1250 -17.0000 6.2100 111 153 222
-7.7500 7.5000 0.1100 186 146 0
-4.2500 -14.0000 2.0300 161 230 51
-19.8750 14.0000 1.2900 143 196 26
12.0000 21.0000 2.5500 127 196 89
0.5000 -18.5000 8.7000 10 219 105
-21.0000 26.5000 1.5800 137 140 90
-3.3750 8.0000 0.0900 168 126 27
-15.7500 10.0000 0.1300 139 132 16
18.3750 22.0000 4.8000 98 254 106
17.3750 4.0000 3.5900 206 123 120
-24.0000 24.5000 2.8000 130 254 114
-27.6250 3.5000 7.0300 47 228 149
-21.3750 17.0000 1.3700 152 184 29
10.8750 21.0000 2.3500 140 207 110
10.5000 18.5000 2.8500 136 204 128
15.7500 14.0000 5.1500 70 254 159
20.5000 -19.5000 4.5700 183 194 137
-26.5000 24.5000 2.1300 136 238 96
-25.6250 -16.5000 0.1000 173 126 0
12.5000 -8.0000 3.7300 206 134 78
11.1250 -2.0000 4.8100 89 254 85
-10.0000 17.0000 0.0900 137 168 18
8.6250 12.0000 1.1600 147 145 17
7.5000 9.5000 4.9900 95 254 118
-27.1250 7.5000 2.7400 142 219 105
9.1250 7.0000 3.8800 167 248 0
-15.0000 -22.5000 5.5400 118 254 163
-24.3750 -13.0000 0.0900 186 127 0
19.3750 11.5000 3.5500 188 147 63
-17.5000 9.0000 1.8300 157 249 71
-24.3750 25.5000 3.0200 139 246 105
9.2500 -21.0000 4.0900 198 205 35
19.6250 13.0000 7.0700 31 183 185
-3.6250 15.5000 0.1000 180 149 1
13.0000 -13.5000 3.7800 208 120 72
2.1250 -10.5000 3.1400 143 213 86
-7.7500 -11.0000 0.1600 137 120 35
13.1250 0.0000 5.2500 76 254 173
14.7500 18.0000 3.0600 144 175 92
11.0000 21.5000 2.4900 137 219 96
11.8750 14.5000 3.1300 144 185 103
12.2500 -19.0000 4.0400 211 157 61
8.1250 -17.0000 9.5900 14 147 113
18.2500 -5.5000 7.1100 96 132 254
-9.5000 -13.0000 2.6300 152 188 103
-17.7500 22.5000 1.7100 157 153 66
2.1250 -8.0000 2.9800 141 204 92
-14.8750 1.0000 0.1000 175 127 4
18.2500 -9.0000 7.1500 104 134 254
-1.3750 -19.0000 3.1200 139 208 80
-20.6250 -3.0000 0.1000 172 132 0
-6.0000 18.0000 0.0900 166 126 9
4.1250 -3.0000 2.0600 142 199 64
0.1250 -13.0000 4.2000 145 254 19
13.1250 24.5000 2.9900 150 184 92
-16.8750 14.5000 2.2900 122 236 72
20.2500 26.5000 3.2600 156 175 79
-6.6250 18.0000 0.0900 165 133 12
13.6250 -21.0000 3.9900 228 139 66
14.1250 24.0000 2.7400 143 189 86
-15.6250 7.5000 0.1100 154 130 1
-12.2500 22.0000 2.1300 150 182 69
-14.6250 -19.5000 0.7500 178 175 25
-26.6250 -19.5000 5.4200 142 254 143
-21.5000 -5.5000 0.0900 156 124 27
19.6250 12.5000 5.6100 69 254 197
-3.5000 14.5000 0.0800 183 142 0
0.8750 -14.5000 3.6300 185 216 15
9.2500 -19.5000 4.1200 190 210 45
7.8750 12.0000 1.1200 144 180 41
11.6250 23.0000 2.7300 145 195 96
-19.0000 5.0000 1.9200 145 229 84
-0.2500 -22.0000 7.7700 20 229 108
-18.3750 8.5000 1.2300 155 222 42
-26.3750 3.0000 4.3700 118 254 64
-4.7500 -0.5000 0.0900 171 112 8
16.5000 -21.5000 3.9900 233 134 59
-10.6250 -15.0000 2.3100 142 221 126
-15.5000 -18.5000 1.3800 173 227 74
16.3750 25.0000 2.6900 145 202 74
14.8750 15.0000 3.1300 141 145 110
-7.7500 -10.5000 0.2000 157 137 24
-14.1250 -20.0000 0.4700 182 124 13
1.3750 -21.0000 7.8400 12 224 104
17.6250 5.5000 3.3300 188 81 160
9.1250 -22.5000 4.1600 163 192 28
11.0000 -13.5000 11.2400 12 104 108
7.5000 16.5000 2.0500 173 227 80
14.6250 -11.5000 3.8300 224 142 91
2.2500 19.0000 0.1000 148 102 55
-26.8750 1.5000 1.9200 136 208 79
0.7500 12.0000 0.0900 159 142 2
-5.6250 24.0000 0.1000 160 143 0
10.3750 14.5000 2.3700 138 198 90
-18.5000 22.0000 1.6400 148 163 66
9.6250 -20.0000 4.0700 201 202 39
-15.3750 2.5000 0.1100 173 127 3
14.0000 9.0000 5.4500 72 254 160
-9.6250 -20.0000 0.1200 169 102 27
-10.0000 -19.0000 0.1100 154 111 50
4.5000 -9.5000 4.9000 78 254 100
-13.6250 25.5000 2.8000 140 208 95
14.2500 -8.5000 3.7600 204 133 77
21.8750 2.5000 7.0800 96 148 243
-25.6250 0.5000 2.9400 166 199 122
2.0000 -5.5000 2.3000 139 247 84
3.5000 -0.5000 7.1100 36 247 111
-4.5000 -20.5000 2.5700 131 240 84
-24.0000 16.0000 0.1100 150 117 15
14.7500 22.5000 3.1300 154 196 64
16.5000 2.0000 3.6800 204 137 85
21.5000 -21.5000 3.9400 232 131 71
6.0000 11.5000 1.0700 147 190 44
-9.8750 -12.0000 2.4400 150 202 88
-6.8750 -13.0000 2.5500 160 246 116
9.7500 -1.5000 7.3000 21 221 127
-25.3750 -0.5000 3.9700 180 254 0
-22.5000 7.5000 0.1000 134 147 23
-27.1250 6.5000 7.1500 43 229 145
13.6250 0.5000 7.7400 20 187 166
7.8750 -13.5000 11.2700 0 152 80
-17.1250 20.5000 2.5000 142 196 114
15.2500 -4.5000 3.7700 218 131 70
-26.0000 0.0000 0.5100 132 137 28
18.8750 -16.5000 4.4600 169 201 113
16.0000 -2.0000 3.6500 226 123 73
-15.0000 12.0000 0.9200 156 200 28
20.8750 14.5000 3.6800 176 202 36
6.2500 1.0000 8.1000 27 202 115
17.6250 -23.5000 3.9400 224 121 70
-0.5000 11.5000 0.0700 160 148 8
16.2500 -17.0000 6.7800 75 137 218
3.2500 9.5000 0.1600 149 99 29
21.8750 -2.0000 7.1900 110 146 251
4.7500 4.0000 6.2000 58 254 149
21.8750 9.0000 3.5400 168 136 96
19.3750 4.0000 3.4800 218 75 145
11.6250 10.0000 3.8200 164 233 17
12.6250 6.0000 6.3200 43 224 178
-7.3750 -5.0000 0.1100 160 139 31
13.6250 18.5000 3.0100 140 178 101
10.6250 21.5000 2.4800 139 208 120
-27.6250 -23.0000 5.4300 144 254 121
15.2500 1.5000 3.5900 197 132 85
-10.5000 -19.0000 0.4700 154 147 32
-26.8750 4.5000 1.6900 135 223 71
5.1250 13.5000 0.1900 146 116 33
6.6250 26.0000 0.1000 131 130 51
-23.8750 6.0000 0.1100 144 85 29
-4.1250 -18.5000 2.0800 149 225 71
15.0000 -21.0000 3.9800 229 132 65
15.0000 -2.5000 3.5700 222 109 76
-25.8750 2.0000 6.9400 36 254 143
11.8750 14.5000 3.1300 144 185 103
0.7500 -7.0000 4.8900 103 254 97
1.0000 -12.0000 5.5000 74 254 156
6.1250 -14.0000 8.1300 8 191 122
18.7500 4.0000 3.4800 216 75 145
-1.1250 -16.0000 4.4300 122 254 35
14.6250 6.5000 4.7700 92 254 136
-9.8750 -5.5000 0.1200 150 163 46
17.3750 11.0000 4.4400 108 254 75
-16.3750 -22.5000 5.5400 138 254 157
16.3750 13.5000 5.3500 64 254 170
-7.0000 25.5000 0.0800 142 158 12
17.3750 -5.5000 7.2100 81 138 237
-9.8750 -12.5000 2.5500 150 199 89
12.2500 -5.5000 5.3700 87 246 180
-15.0000 14.5000 2.5700 154 186 89
-17.1250 -21.0000 0.6100 177 132 18
10.7500 15.5000 3.3300 166 197 60
6.5000 -13.5000 10.6300 0 165 93
-11.7500 -17.5000 1.9800 167 223 90
-7.8750 14.0000 0.0800 176 131 0
18.6250 15.0000 6.4200 38 221 196
6.8750 -16.5000 8.5900 14 174 107
7.1250 -0.5000 1.6000 144 135 50
17.8750 22.0000 4.4300 116 254 64
-5.2500 -19.0000 1.4400 166 206 37
6.2500 4.5000 7.9200 19 209 120
19.2500 13.5000 7.3400 22 201 162
18.7500 17.0000 8.2900 9 206 142
6.7500 -12.0000 12.5400 0 162 70
-11.5000 21.0000 0.1000 135 155 0
-1.5000 -14.0000 4.5200 130 254 59
-12.3750 22.5000 2.4300 150 211 68
-7.0000 -12.5000 2.5700 136 233 128
6.1250 11.5000 1.2800 146 207 57
-19.7500 -18.0000 0.1000 162 115 17
12.3750 8.0000 5.0600 81 254 146
-17.8750 19.0000 3.6700 189 208 19
2.6250 -19.5000 6.8200 34 226 117
21.3750 5.5000 3.5500 203 91 126
-9.7500 -21.0000 0.1400 170 103 29
-13.3750 -21.5000 0.1000 176 128 31
-3.1250 8.5000 0.0900 169 124 27
14.7500 -14.5000 3.8300 216 127 67
-26.1250 -8.5000 0.1000 169 159 0
15.1250 3.0000 4.2300 137 236 83
21.6250 15.0000 6.3500 54 188 171
-24.1250 10.5000 0.0900 148 126 4
-17.7500 8.0000 1.1700 156 212 37
-12.1250 -21.5000 0.3700 161 141 41
2.5000 1.5000 6.3600 59 254 140
13.7500 -16.5000 4.5000 148 203 127
14.6250 20.5000 3.1000 145 185 91
8.8750 -20.0000 4.1000 191 209 39
-8.8750 24.5000 0.1700 140 155 0
6.3750 -0.5000 1.5900 144 140 53
-15.6250 6.5000 0.1000 139 131 22
6.3750 14.5000 0.4800 141 132 23
6.5000 -19.5000 6.8300 43 199 134
13.2500 5.5000 6.2900 43 223 175
-7.7500 26.0000 0.1000 137 155 18
19.0000 16.0000 8.2800 8 193 156
-19.8750 25.0000 1.6700 152 138 84
11.1250 -7.0000 5.5000 65 254 145
18.8750 -5.5000 7.1300 95 131 254
-13.8750 -21.5000 0.3900 185 130 26
10.6250 18.5000 3.0400 150 192 108
-3.1250 11.0000 0.0800 174 114 11
6.5000 8.0000 3.4600 186 182 27
1.0000 0.5000 3.4300 177 224 28
19.7500 -20.5000 3.9900 237 156 63
22.2500 3.0000 7.0900 82 171 248
-21.6250 -20.0000 5.7000 125 254 156
1.3750 -16.0000 2.5000 132 237 68
-8.5000 14.5000 0.1000 176 131 0
7.3750 6.5000 0.6700 145 94 0
18.7500 26.5000 0.4400 142 118 14
7.2500 0.5000 5.8500 60 254 161
16.6250 -10.5000 3.8500 227 145 94
-19.7500 19.0000 3.4800 177 211 67
17.3750 -10.5000 3.8100 230 125 103
10.6250 4.5000 8.0700 19 195 122
-26.0000 -10.5000 0.0900 171 142 0
-3.2500 22.5000 0.1400 165 111 3
-7.2500 7.0000 0.0900 174 142 15
20.7500 -21.5000 3.9300 239 136 67
-6.8750 -8.0000 1.4900 141 254 76
-26.8750 -8.0000 0.1000 150 126 27
-26.8750 -18.0000 5.5200 139 254 142
17.6250 -7.5000 7.1400 92 147 254
10.7500 -20.0000 4.0700 203 193 43
9.8750 -17.0000 4.2600 141 210 62
18.6250 15.0000 6.2700 42 227 197
-11.7500 22.0000 0.2000 145 154 0
7.5000 -23.5000 12.4200 22 106 75
-15.3750 10.0000 1.4600 171 208 30
6.0000 16.0000 0.0900 142 93 3
-26.1250 11.0000 3.7800 182 242 8
-20.6250 19.5000 3.3400 189 188 68
4.8750 1.5000 5.2400 74 254 130
-0.6250 -16.5000 1.3200 138 176 47
-13.0000 22.5000 2.8100 145 213 115
3.7500 -16.0000 4.4400 105 254 63
20.7500 20.5000 5.2900 71 254 142
-0.8750 -0.5000 1.4200 175 229 53
5.0000 5.5000 3.9100 162 254 0
-24.1250 22.0000 1.0100 157 151 26
-26.3750 -10.5000 0.1200 170 146 0
2.6250 -2.0000 2.8200 125 218 125
14.5000 8.0000 5.5500 72 253 171
11.3750 19.5000 3.8600 169 240 0
8.1250 -8.0000 11.1800 0 186 83
3.1250 -12.0000 9.9500 0 209 92
-3.5000 -12.5000 0.1000 149 125 18
8.8750 -21.5000 4.0500 198 194 33
21.8750 -1.5000 7.1600 110 147 253
7.1250 -2.5000 7.7900 19 217 125
14.3750 6.5000 4.5700 101 254 105
9.6250 -1.5000 7.2900 21 221 128
-22.6250 20.5000 1.9400 139 218 82
-23.7500 5.5000 1.8100 150 254 44
21.5000 7.5000 3.5100 196 107 121
-10.8750 25.0000 2.9100 156 203 95
-17.3750 1.0000 0.1100 185 124 0
-20.1250 -12.0000 0.1800 200 134 5
15.3750 18.5000 3.5300 171 192 30
16.3750 -16.0000 4.4000 153 191 106
11.3750 23.0000 2.6800 143 201 97
19.2500 -11.5000 4.4400 174 212 166
9.6250 -2.5000 6.5100 43 219 148
-7.8750 -16.5000 0.1300 153 126 27
-18.5000 10.5000 1.8400 141 239 75
9.3750 -22.5000 11.1200 40 99 115
-2.2500 19.5000 0.0900 187 125 0
-13.0000 10.0000 0.1200 149 137 30
21.0000 22.0000 6.2800 56 217 142
-12.1250 3.5000 0.1100 189 146 0
9.5000 5.5000 4.3900 114 254 36
-23.7500 3.0000 0.1000 138 104 21
8.2500 -17.0000 7.2700 34 167 158
-21.3750 17.0000 1.6300 149 195 43
-27.1250 18.5000 0.1100 126 135 17
-18.1250 -7.0000 0.0900 178 115 0
-10.5000 13.0000 0.1000 163 150 9
10.1250 14.0000 2.0600 144 180 72
-1.7500 -16.0000 1.1400 169 181 11
12.7500 -6.5000 3.7200 209 160 60
19.7500 15.0000 8.5500 3 190 152
-17.3750 14.5000 2.7600 128 221 100
-27.1250 14.0000 2.8400 138 254 107
-16.3750 24.5000 2.2700 147 200 103
11.5000 -16.0000 4.4400 141 212 123
21.8750 25.5000 5.0200 100 254 94
-24.6250 3.0000 0.3000 142 110 28
9.6250 0.0000 4.4600 113 254 58
10.7500 -18.0000 4.0600 180 189 41
0.8750 -5.5000 1.7400 138 222 50
7.6250 24.0000 0.1000 135 111 38
11.3750 6.0000 7.7300 21 209 129
-25.0000 11.0000 3.7100 188 244 0
17.8750 25.5000 3.3300 184 179 58
-18.2500 8.0000 2.0200 157 248 87
-2.8750 -17.5000 2.8100 132 237 113
-22.6250 0.5000 0.1000 149 132 12
12.6250 24.5000 2.9500 147 185 97
17.7500 21.5000 4.5500 107 254 75
-21.0000 -21.5000 5.3700 140 254 136
5.8750 -23.5000 9.2100 36 149 64
-25.8750 -10.5000 0.1100 171 143 0
7.6250 -21.0000 11.7700 3 133 73
-17.3750 -1.0000 0.1100 167 118 17
17.3750 -7.0000 7.1200 98 139 248
-21.5000 19.5000 2.9400 155 197 101
0.6250 -3.0000 2.4300 145 248 62
-3.5000 7.0000 0.1000 169 127 24
-4.1250 0.5000 0.0900 158 103 24
-15.0000 20.0000 3.2400 182 203 66
-0.5000 -6.0000 3.7000 187 241 0
-8.0000 -4.0000 0.1000 170 137 29
-10.7500 -15.5000 2.1100 144 224 116
21.3750 4.5000 7.3100 77 156 226
-20.0000 5.0000 1.7700 150 196 46
1.3750 -17.5000 9.9400 0 207 101
10.0000 3.5000 9.2800 2 190 101
2.6250 -19.5000 7.1300 28 221 112
21.2500 -9.0000 7.1300 108 123 254
20.8750 -2.5000 7.1600 104 154 254
15.5000 -17.0000 6.7200 78 136 221
17.3750 -8.5000 7.1800 86 141 254
15.7500 -14.0000 3.7800 226 114 68
1.3750 -18.0000 6.1500 43 254 140
-24.8750 -21.0000 5.4000 137 254 163
-15.7500 15.0000 2.4300 152 181 77
4.6250 -8.0000 2.6000 118 190 87
-17.6250 -21.0000 0.6100 178 131 18
18.0000 -8.5000 7.1500 105 134 254
13.1250 -1.0000 5.0300 86 254 152
-14.3750 11.5000 1.4100 146 233 11
2.7500 -5.5000 2.3500 126 199 101
-12.3750 0.0000 0.1100 172 142 11
11.7500 14.5000 3.2600 148 196 85
-26.5000 -19.5000 5.4200 142 254 143
-5.1250 8.5000 0.1400 176 140 0
12.7500 18.0000 3.4400 161 210 40
-9.2500 10.5000 0.1000 182 145 14
17.2500 16.5000 7.4500 20 217 139
4.3750 -23.0000 5.8000 69 222 111
-6.2500 -15.5000 0.0700 150 128 0
11.6250 -15.5000 7.9700 40 120 172
-7.7500 -4.5000 0.1000 170 139 30
-0.6250 -19.5000 3.6800 166 242 11
15.2500 12.5000 4.6000 102 254 102
21.1250 14.0000 3.4800 176 141 60
-19.5000 17.5000 3.6300 183 217 25
-24.3750 10.0000 4.7000 121 254 92
3.1250 -5.5000 2.3900 127 199 101
7.2500 -8.5000 3.4000 155 195 38
12.0000 -3.5000 8.5100 16 168 132
-27.3750 0.0000 5.1900 94 254 146
-24.3750 23.5000 2.4000 136 254 106
19.5000 -16.5000 3.8500 234 127 56
13.2500 20.5000 3.1000 145 187 75
13.7500 -4.0000 5.0500 98 254 139
21.0000 17.0000 7.3600 33 181 155
18.1250 16.5000 8.3900 10 204 143
6.1250 -18.0000 4.1100 144 249 0
4.1250 -20.0000 6.5500 35 229 124
-18.8750 0.5000 0.0900 184 129 0
3.2500 -5.5000 2.4600 128 198 105
-17.5000 6.0000 0.0900 158 134 7
6.6250 2.0000 8.6500 14 210 98
-8.6250 7.0000 0.0900 170 135 23
-18.6250 -14.0000 0.1600 168 130 23
-0.6250 -10.5000 4.1800 145 254 7
3.6250 23.0000 0.0900 177 96 43
12.2500 11.5000 3.9400 162 254 12
3.5000 6.0000 2.6500 153 222 98
22.3750 14.0000 3.3100 154 132 96
-20.3750 19.0000 3.4800 194 202 51
-16.6250 -14.5000 0.1200 148 154 38
6.8750 0.5000 5.1600 80 254 134
-25.1250 10.0000 0.1000 139 107 43
12.5000 -1.0000 7.7600 20 187 159
-21.6250 -5.0000 0.0900 152 130 31
18.0000 11.0000 3.6700 177 177 46
17.7500 -15.5000 3.7400 229 95 51
13.2500 16.5000 2.6600 135 161 100
14.3750 6.0000 4.0900 147 247 26
-11.2500 10.5000 0.1000 174 148 0
19.7500 22.0000 4.5700 113 254 79
-27.2500 -18.5000 5.6100 136 254 150
21.3750 -13.5000 3.7600 222 93 104
-1.0000 -19.5000 3.8300 165 254 0
11.5000 -13.5000 9.0700 22 143 157
1.3750 -10.5000 3.7200 180 240 4
-2.7500 -22.5000 6.1500 51 254 130
4.1250 12.5000 0.0800 137 104 34
14.6250 20.5000 3.1000 145 185 91
-2.3750 -18.5000 3.7000 180 243 7
-1.8750 21.5000 0.0800 180 121 0
-2.5000 -9.0000 5.4400 94 254 158
-12.8750 -22.5000 3.6600 221 212 55
-20.5000 22.5000 2.0900 154 207 72
-7.5000 -6.5000 0.1100 152 167 46
7.7500 -19.0000 8.3100 26 166 128
4.5000 -20.0000 7.5300 18 208 101
19.0000 -4.0000 7.1400 96 157 254
7.0000 10.5000 2.1600 130 207 74
5.6250 -0.5000 7.1500 32 252 133
-17.1250 15.0000 3.4000 175 205 51
10.1250 9.0000 4.9300 84 254 119
5.8750 -15.5000 9.1700 2 181 97
-21.3750 -23.0000 5.4200 142 254 126
15.2500 4.5000 4.1300 150 239 52
-9.2500 -8.0000 1.8100 162 212 40
12.2500 -7.0000 3.7600 200 155 67
-16.7500 13.0000 1.9200 150 244 32
-8.7500 24.0000 0.1100 143 151 0
1.1250 0.0000 2.7200 142 231 106
-23.6250 19.5000 0.9200 151 170 12
16.3750 12.5000 5.0500 83 254 155
4.0000 -23.5000 6.5300 50 193 102
9.2500 -17.5000 4.0600 173 194 35
13.5000 -6.5000 3.7700 207 165 63
9.6250 -10.0000 11.6400 9 142 103
19.8750 -3.5000 7.1600 97 157 254
-27.0000 11.0000 3.8300 174 247 17
3.5000 -4.5000 3.1400 150 195 83
10.0000 -22.0000 4.0900 199 191 42
11.2500 -15.5000 4.4900 129 222 104
-11.7500 25.0000 3.4100 178 220 63
-18.3750 4.0000 0.1600 147 143 34
0.3750 19.0000 0.0900 152 127 8
13.8750 -11.5000 3.8300 211 157 66
-25.7500 -1.5000 3.5200 199 214 32
-19.2500 14.5000 2.0600 129 238 75
9.0000 0.5000 3.0700 134 197 88
5.5000 1.0000 7.5500 30 232 102
-14.3750 25.5000 2.6500 139 206 95
11.5000 -2.0000 6.3200 52 201 166
-27.3750 -4.5000 0.0900 146 138 20
20.3750 11.5000 3.5200 180 141 73
-27.0000 0.0000 0.4100 125 133 42
16.7500 17.5000 7.5900 9 221 136
17.3750 -6.5000 7.1200 93 126 254
10.8750 -1.0000 8.8600 12 186 108
3.0000 4.5000 4.1100 158 254 1
-6.3750 -3.0000 0.0900 168 111 12
16.6250 -9.5000 7.2700 79 145 254
2.0000 17.5000 0.0900 146 124 29
21.2500 20.5000 5.3500 70 254 135
1.8750 -7.0000 6.4400 51 241 140
-20.6250 -1.5000 0.1200 180 121 0
-20.6250 -13.5000 0.0800 193 130 0
-15.8750 21.0000 2.9000 154 191 112
-24.3750 -0.5000 0.2400 131 112 28
-6.3750 17.0000 0.1100 170 127 5
-12.7500 -20.0000 1.8800 185 208 61
-13.0000 22.5000 2.7700 144 212 114
2.3750 4.5000 1.5800 140 231 48
-13.6250 6.5000 0.1100 150 145 32
-24.5000 0.5000 3.4300 203 199 39
-7.1250 -0.5000 0.1100 179 115 17
21.3750 9.0000 3.3500 177 107 131
6.0000 -21.0000 7.3100 33 181 127
-23.8750 4.0000 0.7000 146 170 27
10.8750 8.0000 4.5500 103 254 60
-26.3750 25.0000 2.1600 132 243 97
5.1250 -23.0000 8.3900 34 162 79
11.3750 -11.5000 3.7700 194 163 51
16.7500 22.0000 3.9300 157 254 0
14.2500 -2.5000 6.6100 47 195 170
-26.8750 0.5000 6.2700 64 254 135
8.8750 2.5000 9.5100 4 187 98
7.8750 -18.0000 6.3200 49 210 135
7.7500 -22.5000 12.4000 17 107 78
-25.8750 -11.5000 0.0900 182 138 3
-9.8750 -8.0000 1.5400 159 214 35
22.0000 -21.0000 6.3700 130 115 212
-2.7500 -18.5000 3.4800 181 214 33
19.2500 17.5000 7.8400 9 209 159
18.0000 7.5000 3.3200 171 99 151
-24.2500 20.0000 0.1100 138 111 0
-0.7500 -17.5000 2.2100 124 237 68
20.1250 -15.5000 3.7500 238 105 66
3.7500 10.0000 3.5200 179 217 14
10.0000 -3.0000 6.5000 41 216 147
-16.3750 14.5000 2.2400 151 184 57
-10.0000 -6.0000 0.1000 149 162 46
13.5000 -5.5000 3.7400 208 163 60
20.7500 -7.0000 7.1600 108 109 254
-21.5000 -22.0000 5.3500 142 254 135
20.5000 13.0000 4.2000 137 254 36
-2.3750 10.5000 0.1000 169 138 23
-15.3750 20.0000 3.2900 187 204 60
-19.7500 21.0000 2.5100 135 220 121
19.3750 23.0000 4.9600 97 254 125
17.5000 -16.5000 5.6700 100 195 205
22.2500 6.0000 3.4900 209 96 143
-11.5000 -14.5000 2.1200 158 241 108
-25.6250 1.5000 3.7500 192 238 23
3.3750 10.0000 2.8000 144 249 76
-0.1250 -14.5000 5.1800 81 254 146
6.8750 -14.0000 8.9300 0 179 105
-16.6250 -14.5000 0.1000 148 152 38
15.7500 23.0000 2.7200 146 207 79
-23.1250 -21.5000 5.4000 145 254 148
-26.1250 9.5000 6.5300 63 254 150
19.6250 -20.0000 4.5000 190 192 142
5.3750 0.5000 4.7600 93 254 92
0.1250 -23.5000 6.9500 41 231 106
10.7500 1.0000 6.2100 52 230 138
-25.2500 -18.5000 5.4000 134 254 122
-4.6250 -23.0000 2.8100 132 214 96
8.1250 4.5000 5.6200 62 254 127
14.3750 -2.5000 6.6600 55 194 186
21.1250 23.0000 6.7200 46 206 139
17.2500 26.0000 0.4600 142 114 19
17.2500 26.0000 2.3900 133 221 90
-21.1250 17.0000 1.5500 150 191 37
-8.1250 20.5000 0.0800 154 169 0
16.5000 16.5000 3.9200 151 254 0
-10.1250 5.0000 0.0800 177 113 14
-16.3750 20.5000 2.8800 150 191 113
20.6250 -13.0000 3.7400 228 84 106
-18.3750 5.5000 1.6300 148 217 73
-25.3750 5.0000 0.1700 138 95 31
10.7500 23.0000 2.7300 139 236 106
-6.0000 -9.5000 1.1900 150 254 55
-22.7500 24.5000 2.7500 150 254 98
-25.2500 -22.0000 5.4200 136 254 154
-25.0000 3.0000 0.4900 148 130 31
-9.8750 -8.0000 1.5700 159 214 36
18.2500 -12.5000 3.8500 231 134 99
-0.8750 -17.5000 2.1100 125 235 62
-21.5000 17.0000 1.5500 151 192 38
-1.0000 -20.0000 9.0900 9 239 89
-21.2500 18.0000 2.9500 154 207 120
16.3750 -13.0000 3.7800 235 126 90
-10.3750 -19.0000 0.1100 152 113 54
8.1250 -6.0000 6.6500 30 236 132
5.3750 -14.5000 7.7600 15 201 129
16.7500 19.5000 8.6200 15 190 121
17.1250 22.0000 4.1200 137 254 0
-9.0000 -22.5000 0.0800 159 99 33
-25.7500 -14.5000 0.1100 179 146 0
-3.2500 -4.0000 0.1500 156 141 25
4.8750 -5.0000 2.0500 127 180 79
-7.7500 9.5000 0.1200 187 152 0
14.3750 6.5000 5.6800 64 245 181
-17.1250 9.5000 2.1500 152 251 88
10.2500 5.5000 7.0000 22 235 141
-0.3750 8.0000 0.1000 148 121 45
8.7500 0.0000 2.3500 126 190 76
10.1250 -10.5000 7.5700 30 181 149
-1.3750 -6.5000 0.1900 141 146 0
8.3750 -12.5000 9.5300 2 158 113
2.0000 26.0000 0.1000 156 122 31
5.8750 -15.0000 9.0500 0 182 101
-25.7500 13.5000 0.1000 131 113 48
-12.7500 -21.0000 0.4500 164 144 34
15.6250 -19.0000 4.0000 219 145 65
3.8750 -18.5000 6.1200 43 251 134
-10.7500 2.5000 0.1200 188 140 0
-6.6250 18.5000 0.0900 162 137 15
14.2500 -17.0000 4.5100 155 211 126
5.8750 2.0000 3.7200 177 231 0
16.6250 -2.5000 3.6400 230 123 72
12.8750 6.5000 4.8600 91 254 131
-12.3750 4.0000 0.1100 186 151 0
4.6250 -9.0000 4.7300 92 254 80
0.7500 0.5000 3.1500 159 217 67
3.1250 -5.5000 2.3100 127 197 96
-7.1250 -9.5000 2.1700 152 231 32
-7.5000 -14.0000 0.1000 137 133 42
-13.6250 10.0000 0.0800 162 147 10
-13.3750 -7.0000 0.0900 156 151 42
0.2500 -9.5000 5.0900 88 254 120
10.0000 4.0000 9.0800 6 192 99
18.1250 -2.0000 3.6400 234 99 82
-14.5000 20.5000 3.4000 194 215 38
5.2500 -2.0000 2.5500 142 219 79
15.6250 -1.0000 3.5100 214 97 82
11.6250 -12.0000 10.0400 27 124 154
-10.8750 19.0000 0.0800 128 151 8
-26.6250 0.0000 5.0900 95 254 137
-15.0000 -6.5000 0.0800 181 104 36
8.1250 11.5000 1.3600 143 195 46
18.1250 -4.0000 7.2700 84 147 254
10.6250 -16.0000 6.7100 67 147 185
-5.0000 5.5000 0.0900 174 115 0
-17.6250 15.0000 3.4100 179 205 50
13.7500 4.0000 3.6400 175 176 55
17.8750 17.0000 8.1700 10 203 134
-1.7500 -6.5000 0.1900 153 145 0
2.8750 -15.0000 3.5900 174 196 29
-18.3750 20.0000 2.3700 144 198 113
10.5000 13.0000 2.7900 133 176 108
17.8750 14.5000 6.0800 50 236 189
0.0000 -7.0000 6.5600 56 254 127
-5.1250 15.0000 0.0700 177 125 0
-24.7500 1.0000 4.4100 136 254 57
-11.0000 6.5000 0.1000 165 142 13
-6.8750 -14.0000 0.1100 148 139 2
-15.2500 -20.0000 1.9500 177 254 86
18.0000 24.5000 3.9300 183 254 0
14.8750 3.0000 4.2000 139 233 80
-3.3750 3.0000 0.0900 177 121 34
20.0000 23.5000 5.1300 89 254 133
19.7500 22.5000 4.9300 97 254 118
8.1250 -4.0000 8.3800 14 211 100
-8.0000 -23.0000 0.4100 147 127 56
-1.3750 -10.5000 4.6000 125 254 55
12.3750 4.0000 5.9900 55 236 179
-18.8750 -11.5000 0.1600 184 135 0
9.8750 13.5000 3.0000 143 206 102
-20.8750 -1.0000 0.1300 161 115 1
-1.2500 10.0000 0.0900 167 136 19
-3.3750 -16.0000 1.2500 148 180 60
-27.2500 8.0000 1.4200 159 207 58
16.7500 -1.0000 3.5500 217 103 78
-2.6250 -13.5000 3.2800 168 234 86
2.5000 4.5000 3.3700 175 223 69
-6.2500 19.0000 0.0800 148 126 28
20.1250 -3.5000 7.1700 98 156 254
21.3750 1.0000 7.0600 95 156 252
-16.6250 -18.5000 1.2300 169 178 45
-1.1250 -19.0000 2.7000 131 212 82
8.7500 -2.0000 7.1500 28 234 122
15.5000 15.0000 4.9300 79 254 144
18.1250 6.0000 3.3400 190 75 162
9.2500 10.0000 4.1900 128 254 6
-6.1250 -15.5000 0.0800 150 127 0
-11.3750 23.0000 2.1900 155 203 50
-17.5000 -2.0000 0.1200 166 120 24
-22.6250 25.5000 1.7700 145 238 68
-24.0000 -8.5000 0.1000 179 142 0
14.2500 6.5000 4.4000 121 254 66
-13.8750 14.5000 0.4300 130 139 43
-26.3750 8.0000 7.1800 39 237 150
-19.1250 0.5000 0.1300 183 138 0
8.8750 5.5000 4.1400 135 254 0
-17.8750 18.0000 3.9700 165 254 0
0.1250 -6.0000 1.4800 140 216 43
-23.7500 -3.0000 0.1100 150 130 10
10.7500 -4.0000 5.1100 76 254 117
9.2500 0.0000 8.2800 18 194 118
9.7500 -9.5000 5.3200 67 254 147
-11.3750 2.0000 0.1000 189 140 0
19.3750 -16.5000 6.1600 110 158 225
20.1250 18.5000 7.0400 22 205 177
15.8750 17.5000 3.6100 177 205 11
-19.5000 26.0000 1.6000 149 127 82
-25.6250 0.5000 1.8200 159 177 69
11.2500 16.5000 3.6600 171 223 6
14.8750 20.5000 2.7600 135 186 100
11.2500 11.0000 4.5000 110 254 72
-5.5000 -23.0000 2.1000 136 228 63
15.6250 16.0000 3.7000 163 224 4
12.5000 -0.5000 5.1700 79 254 164
7.8750 -10.0000 11.5400 0 165 83
-15.8750 13.5000 2.5800 141 198 97
3.6250 -0.5000 7.3700 30 234 109
9.3750 -8.5000 6.9300 34 199 158
-24.1250 1.0000 3.5600 202 217 16
-13.6250 12.5000 0.9000 171 219 15
-16.6250 -8.0000 0.1100 168 94 24
-1.5000 -19.0000 2.9300 135 205 91
-21.1250 10.0000 0.1200 144 116 4
-13.3750 21.0000 3.0900 160 214 99
10.3750 -1.5000 5.9200 65 222 140
-24.8750 0.5000 1.3000 159 169 36
-17.5000 -17.0000 0.1000 137 137 21
13.6250 13.5000 4.1400 136 254 28
20.6250 19.5000 4.8900 92 254 117
4.3750 -0.5000 2.9900 155 226 50
-3.1250 -22.5000 8.1100 26 225 88
15.2500 -9.5000 3.8400 225 135 81
3.7500 -13.5000 8.2100 7 220 111
4.7500 2.0000 7.7000 33 213 101
2.6250 10.5000 0.1000 148 128 25
14.7500 -15.0000 4.8300 138 221 167
10.3750 -1.5000 4.7100 96 254 81
12.0000 19.0000 3.4200 167 217 38
17.8750 17.5000 5.5400 60 254 170
-9.3750 12.5000 0.0900 183 132 8
-21.7500 18.5000 0.9000 143 166 28
-5.5000 -11.0000 0.3700 159 145 2
20.7500 21.5000 5.2300 76 254 135
4.6250 -10.5000 3.9000 151 254 0
-12.7500 -21.0000 1.6900 184 209 56
-20.8750 -10.5000 0.0900 193 124 14
2.7500 3.0000 2.7400 138 225 94
13.5000 17.0000 2.2800 137 136 70
12.1250 0.5000 7.6300 22 189 167
7.1250 12.0000 1.1200 145 188 46
21.1250 24.0000 4.8900 100 254 103
8.5000 22.0000 1.0000 134 208 63
-6.6250 -15.0000 0.0900 150 130 0
-11.1250 -16.5000 1.8700 164 214 95
16.6250 22.5000 3.7600 183 240 0
16.2500 13.0000 5.0300 84 254 150
15.5000 -18.0000 6.1800 90 154 231
-23.5000 -16.5000 0.1700 181 140 0
18.0000 -18.5000 4.8000 160 201 174
16.7500 6.5000 3.7700 184 189 49
7.6250 3.5000 6.1500 44 254 144
-21.3750 -8.5000 0.1100 184 97 0
10.1250 -4.0000 6.0600 55 216 145
-0.5000 -8.0000 6.9900 48 254 124
6.6250 -4.0000 2.1200 137 160 72
-27.1250 3.5000 2.9300 137 202 113
-6.5000 -12.5000 2.0500 157 254 79
7.6250 -11.5000 12.5400 0 160 68
-8.0000 -9.0000 1.7200 163 218 27
0.7500 -14.0000 4.0200 151 254 2
7.6250 -19.5000 4.3300 135 254 6
15.5000 25.0000 2.5300 143 201 69
15.1250 -12.5000 3.8300 226 143 86
-25.2500 11.0000 3.8000 180 254 0
7.5000 -21.0000 11.9000 1 133 73
-4.8750 11.0000 0.0900 169 108 12
19.5000 -4.5000 7.1600 97 127 254
-15.0000 18.5000 3.5800 197 204 24
-23.7500 6.5000 3.9400 160 254 0
9.3750 -7.0000 3.3000 153 155 51
19.5000 18.5000 6.8300 26 211 182
0.1250 -13.5000 4.4600 112 254 67
21.0000 23.5000 5.3000 83 254 129
0.6250 -10.5000 4.0600 145 254 17
6.6250 8.0000 3.3900 181 178 38
11.8750 -4.5000 5.8400 76 233 161
-17.3750 10.0000 0.1300 123 128 55
12.2500 26.5000 2.3300 143 235 79
12.7500 8.0000 4.6300 108 254 94
8.6250 -20.0000 4.0900 191 207 39
15.1250 19.0000 3.4700 165 203 41
20.8750 15.0000 7.0600 27 194 168
1.7500 -16.0000 2.3600 131 235 62
-17.1250 13.0000 1.4400 137 248 34
-2.2500 -22.5000 5.8000 58 254 129
7.8750 7.5000 4.9000 92 254 96
-23.8750 19.5000 0.1100 137 145 0
11.7500 -16.5000 4.5200 138 218 118
0.3750 -3.0000 2.3000 146 248 62
-18.8750 24.5000 1.6600 154 143 82
-24.1250 -6.0000 0.0900 162 116 8
13.7500 -1.5000 4.7400 107 248 116
5.5000 -9.0000 4.5100 91 254 60
0.1250 -6.5000 6.6900 52 254 125
-13.2500 21.0000 2.8400 149 211 113
7.8750 -15.5000 9.5000 16 157 94
19.5000 -3.0000 7.2600 92 157 254
13.1250 6.0000 4.5000 113 254 84
8.2500 -19.5000 4.1000 180 226 18
-3.7500 -22.0000 3.5500 182 209 0
20.2500 -15.0000 3.7200 241 97 75
14.6250 24.5000 2.9400 151 182 81
10.8750 2.0000 6.4800 38 215 137
-8.3750 9.0000 0.0800 188 145 0
-6.1250 23.5000 0.0900 161 144 0
-18.3750 -2.5000 0.1100 169 117 23
1.7500 -15.0000 3.3700 167 196 52
7.0000 2.5000 8.8500 10 205 94
20.1250 -3.0000 7.1600 97 158 254
15.3750 8.0000 5.0500 89 254 163
11.8750 -13.5000 4.3800 147 227 106
-12.1250 -21.0000 0.1800 154 129 52
-23.5000 3.0000 0.1100 137 105 21
-24.5000 7.0000 5.0200 98 254 123
16.2500 19.5000 8.4600 9 209 115
3.5000 -11.5000 3.9200 161 254 0
17.6250 14.5000 5.7500 58 254 176
-16.5000 15.5000 3.1100 166 187 70
21.5000 5.5000 3.4800 198 81 137
-18.8750 -5.5000 0.1200 177 127 0
2.6250 -17.0000 4.7700 84 254 96
12.7500 4.5000 7.5500 16 195 157
5.5000 3.0000 4.8600 91 254 107
18.0000 17.0000 4.1300 131 254 25
-3.7500 -14.5000 3.3600 175 228 77
0.7500 1.5000 3.4100 168 228 41
1.3750 -14.0000 3.6800 177 223 9
-15.3750 16.0000 2.3100 150 174 62
-27.1250 4.0000 1.7400 135 224 70
9.1250 -2.0000 5.6200 68 243 147
-22.8750 25.5000 2.4100 145 254 94
-4.0000 -5.0000 0.1000 163 157 7
13.5000 -18.5000 4.4500 159 200 122
-14.1250 -22.5000 5.6100 131 254 161
5.6250 12.0000 1.3600 143 219 67
-2.7500 16.5000 0.0800 176 115 0
22.3750 0.0000 7.1300 98 157 254
15.6250 4.5000 4.0900 155 237 49
13.7500 5.0000 3.5900 183 178 48
-6.3750 -11.5000 2.1200 161 254 84
-4.5000 21.0000 0.0900 157 134 22
-7.8750 12.0000 0.0800 185 126 0
13.8750 -20.5000 4.0000 225 141 67
-7.8750 -11.5000 2.3300 155 213 69
-4.5000 13.0000 0.1200 175 128 5
18.2500 17.5000 4.9200 86 254 137
11.6250 22.5000 2.7500 147 190 86
12.3750 8.5000 3.7900 182 215 11
4.1250 -0.5000 6.4500 46 254 140
16.8750 -15.0000 3.7700 229 112 57
2.1250 6.5000 0.0900 139 111 34
16.6250 15.0000 4.4800 104 254 71
9.7500 -16.0000 7.8700 31 140 170
8.2500 -1.0000 6.3000 56 243 146
-18.6250 8.5000 1.9600 158 249 85
-16.1250 13.0000 0.4400 132 149 55
-10.6250 2.5000 0.1000 175 143 15
13.1250 -23.5000 4.0600 201 128 82
-18.1250 10.5000 1.4400 141 236 50
13.1250 13.5000 4.1500 129 254 17
8.0000 -17.0000 9.7100 13 146 112
2.0000 -11.0000 9.5700 8 234 97
-17.6250 24.0000 2.1700 143 186 94
-3.5000 21.5000 0.1000 178 130 4
7.8750 -3.5000 5.8800 54 252 150
-24.6250 10.0000 4.4300 134 254 44
19.0000 17.0000 8.4800 6 201 139
1.0000 -17.0000 6.7000 28 254 146
19.3750 9.0000 3.4000 198 104 123
11.2500 23.0000 2.6800 142 205 99
0.2500 -21.5000 9.4900 5 214 78
9.3750 -6.0000 3.0000 134 150 83
1.5000 -18.0000 10.5200 0 200 96
-14.7500 11.5000 1.6200 143 235 16
-15.2500 -22.5000 5.5600 118 254 165
11.3750 -12.5000 11.8900 11 108 112
5.2500 16.5000 2.4100 150 251 111
-21.3750 20.5000 3.1500 180 189 80
5.0000 19.0000 0.0900 157 119 11
2.1250 -8.0000 4.7900 97 254 96
10.8750 -12.5000 12.4400 3 116 92
-19.3750 -22.0000 5.3600 148 254 138
5.7500 3.5000 5.9900 50 254 154
13.0000 -14.0000 6.1900 74 174 230
8.7500 6.5000 4.5300 101 254 63
-20.2500 6.0000 1.7900 137 205 57
3.2500 -14.5000 3.9300 158 254 4
15.0000 -13.5000 3.7800 225 123 81
19.8750 -15.0000 3.7400 242 102 71
13.3750 4.5000 2.9600 134 140 138
-17.1250 11.5000 1.7100 139 244 53
5.3750 -0.5000 3.6700 175 199 0
12.5000 2.0000 5.2600 71 254 167
13.8750 -3.5000 3.7300 188 170 30
-13.2500 19.5000 1.2900 145 182 11
8.3750 -14.0000 10.4000 0 153 116
-24.2500 13.0000 0.1000 151 101 18
-11.0000 -15.5000 2.0400 159 214 107
16.7500 22.0000 5.9000 60 254 144
16.1250 -19.0000 4.3100 179 194 89
-27.6250 1.0000 1.2500 133 195 62
-20.1250 15.5000 1.5500 143 211 24
18.2500 21.0000 4.9900 86 254 128
-27.5000 -1.0000 0.1000 122 136 62
8.1250 -16.0000 9.5000 16 156 91
10.3750 -12.0000 10.3500 0 141 118
-16.5000 -19.0000 0.5000 172 157 10
-6.6250 6.5000 0.1000 176 129 11
16.0000 -14.5000 3.7800 230 114 60
8.5000 -4.5000 3.8400 157 224 12
15.6250 -5.0000 3.8000 227 134 90
14.3750 26.5000 2.8200 144 190 76
-0.1250 -11.5000 4.0700 150 254 12
14.3750 -11.0000 3.8500 217 156 80
-2.6250 -23.0000 4.1700 134 254 0
17.0000 11.0000 4.7400 99 254 120
3.7500 20.0000 0.1000 169 93 36
8.3750 4.0000 5.0300 74 254 107
11.1250 3.0000 7.6600 14 195 124
-21.2500 -7.0000 0.1000 164 119 19
-26.7500 25.0000 1.9100 137 227 87
-15.6250 17.0000 2.6500 148 188 102
2.5000 7.5000 3.0400 166 241 55
-27.1250 9.0000 5.8600 84 254 135
-12.1250 -21.0000 0.4000 162 140 37
-2.6250 -10.5000 3.5600 172 228 57
0.5000 -8.5000 5.9500 61 254 154
3.6250 8.5000 3.8000 175 254 0
11.3750 1.5000 5.8200 66 236 166
3.1250 3.0000 2.9700 153 198 85
-16.3750 12.0000 1.8800 135 237 37
-8.2500 -14.0000 2.0200 168 171 70
20.6250 12.0000 3.5900 179 161 53
18.2500 11.5000 3.4200 179 121 97
-4.1250 -3.0000 0.1100 154 139 39
19.6250 19.5000 6.5600 37 217 163
-18.6250 14.0000 2.6200 123 232 104
-11.7500 14.5000 0.1000 139 134 18
-24.2500 20.5000 0.2700 142 115 0
16.0000 -1.0000 3.5400 217 101 79
-23.3750 -10.5000 0.1900 180 146 0
-16.0000 -23.5000 5.3100 147 254 140
16.3750 -4.0000 3.7900 227 149 62
19.2500 17.0000 7.7700 10 209 160
8.0000 4.0000 8.4500 21 211 89
-26.6250 -17.5000 0.1000 179 133 0
-20.5000 24.0000 1.5700 144 160 75
20.7500 25.5000 4.8000 107 254 94
-0.2500 2.0000 0.1200 154 124 30
-25.3750 13.0000 2.6400 143 254 98
19.3750 13.5000 7.4900 19 200 160
15.7500 -3.0000 3.6600 231 126 66
-18.7500 20.5000 2.3600 144 198 116
11.6250 -2.0000 8.7700 10 174 124
6.6250 -21.5000 10.4500 7 154 68
-24.8750 3.0000 4.9800 85 254 126
8.0000 -5.0000 6.4300 34 235 128
16.3750 -21.0000 4.0100 231 142 59
9.3750 -17.0000 4.0800 168 195 38
11.3750 -14.0000 9.6000 20 136 146
-24.6250 1.0000 5.9800 74 254 144
20.8750 21.5000 5.1500 80 254 129
4.8750 -21.0000 6.8900 28 217 103
7.5000 -0.5000 6.3200 45 254 150
-27.2500 25.5000 2.2000 122 238 97
19.6250 -20.5000 3.9700 240 153 63
-14.1250 24.0000 2.9200 148 194 96
-17.6250 5.0000 0.4700 160 162 16
-7.3750 -18.5000 0.1000 162 104 1
12.6250 -5.0000 5.0900 99 253 164
17.5000 25.5000 3.2400 172 176 72
3.3750 -4.0000 2.5100 139 216 86
20.2500 -21.5000 3.8900 246 131 66
4.3750 -21.0000 7.6800 14 205 96
-17.2500 12.0000 1.7900 140 247 56
7.6250 3.5000 9.0500 10 194 88
6.5000 3.5000 5.7500 56 254 152
-16.5000 10.0000 1.1000 162 192 24
-14.1250 26.0000 2.5600 142 200 89
-19.7500 -22.5000 5.3700 149 254 141
-4.0000 -22.5000 9.3300 17 212 79
7.2500 4.0000 4.0300 147 254 0
-17.6250 7.0000 0.1200 160 140 0
-26.0000 -3.0000 0.0900 145 147 12
12.2500 14.5000 3.0900 145 180 107
12.2500 4.0000 5.9100 57 240 176
17.8750 13.5000 7.4000 24 193 167
-18.2500 -0.5000 0.1000 188 122 0
12.1250 -9.0000 3.7600 205 142 68
-17.7500 5.5000 1.9700 149 220 81
-11.5000 8.0000 0.1300 177 162 0
20.6250 -9.0000 7.2000 104 126 254
6.3750 15.5000 2.1300 158 243 90
16.1250 3.0000 3.8800 185 193 62
13.6250 -4.5000 3.6600 201 133 62
-23.8750 -23.0000 5.4300 144 254 140
15.6250 25.5000 2.2300 144 192 53
4.3750 6.5000 2.8200 157 211 87
-15.5000 3.0000 0.1000 170 131 7
12.3750 24.5000 3.0100 150 182 94
14.8750 -12.5000 3.8100 214 137 81
-26.3750 -14.0000 0.1300 171 146 0
2.2500 21.0000 0.0900 166 103 43
15.1250 18.5000 3.2700 151 166 80
5.3750 0.5000 6.6200 41 254 156
-21.6250 -17.5000 0.0700 180 106 0
6.0000 16.0000 0.5700 133 167 50
5.6250 3.5000 6.1000 47 254 155
1.8750 -8.5000 4.7500 102 254 79
-7.0000 19.0000 0.1000 146 130 30
11.6250 -9.5000 7.0000 55 177 173
5.7500 -2.0000 2.4100 138 229 64
19.2500 8.5000 3.3200 192 95 136
11.0000 -23.0000 11.0500 53 73 128
-7.1250 -15.5000 0.1600 145 143 11
-0.7500 -23.0000 6.7000 41 245 119
14.3750 -1.5000 3.7000 186 157 47
2.0000 -20.5000 9.4200 5 199 69
5.8750 -16.5000 3.7800 179 200 0
-18.5000 3.5000 0.3200 147 157 33
21.5000 25.0000 5.3300 89 254 120
15.6250 -21.0000 4.0100 230 142 62
-13.0000 -16.5000 0.5100 152 155 48
-4.1250 -11.5000 0.1300 145 117 17
2.6250 26.5000 0.1400 157 127 36
-27.3750 3.0000 7.5600 32 244 158
-9.5000 -23.0000 0.1000 155 110 46
-23.6250 20.0000 0.1500 137 116 0
-24.2500 21.5000 0.6800 149 134 0
8.1250 17.0000 1.3600 154 190 73
-23.3750 19.5000 1.1100 152 179 24
-21.7500 1.5000 0.1000 138 116 29
-22.7500 24.5000 2.7900 153 252 97
-17.3750 -17.0000 0.0900 136 137 22
-12.5000 -22.5000 0.1400 152 133 62
15.7500 5.5000 4.3100 129 253 65
-13.8750 7.0000 0.1100 156 154 0
8.7500 -11.0000 12.0200 3 123 97
-24.2500 3.0000 2.6200 156 228 89
5.6250 -21.5000 5.7400 73 231 123
5.8750 -21.0000 7.3600 33 179 125
-20.3750 -15.0000 0.1000 178 124 0
17.7500 1.0000 3.7200 223 136 94
-20.6250 -1.0000 0.1100 177 119 0
18.7500 3.0000 3.7300 226 128 104
17.6250 13.5000 6.0400 52 234 172
6.7500 10.0000 2.4200 124 217 94
1.3750 -12.5000 1.4400 127 211 72
13.6250 -16.0000 4.5400 151 209 129
-4.2500 -11.5000 0.1200 147 123 10
-6.3750 14.5000 0.1000 179 137 3
-8.1250 -10.5000 0.7500 164 193 52
13.8750 2.0000 4.2400 133 254 50
-20.0000 -17.0000 0.1000 155 138 15
14.6250 -22.5000 4.0100 214 125 66
-16.0000 13.5000 2.5000 141 198 90
-15.1250 15.0000 2.4300 154 181 75
-19.8750 11.0000 0.6900 147 156 23
-26.0000 2.0000 4.2400 139 254 40
18.1250 -4.5000 7.2700 85 144 254
13.1250 1.0000 4.5800 102 254 105
10.0000 -17.5000 4.0900 174 197 39
12.7500 -0.5000 7.3500 23 193 171
15.7500 2.0000 3.9700 170 211 63
-25.2500 3.0000 0.3200 141 115 31
-22.1250 -20.5000 5.4100 135 254 148
-3.7500 21.5000 0.0900 177 131 6
9.1250 -9.5000 3.7600 183 192 19
6.1250 -4.5000 1.8500 125 127 59
5.1250 -2.5000 3.3700 185 185 20
-17.3750 15.5000 3.4000 175 204 53
10.1250 22.5000 2.7300 137 242 108
-25.0000 -14.5000 0.1000 181 139 0
5.1250 -10.5000 7.7900 7 225 122
-26.1250 25.5000 3.2300 150 213 97
21.2500 -6.0000 7.1500 107 119 254
-14.1250 11.5000 1.4100 145 233 10
11.0000 -14.0000 11.1600 6 111 112
-26.1250 14.5000 0.1200 146 118 30
0.2500 -23.0000 6.0900 50 254 105
-21.5000 12.0000 0.1200 141 114 0
-15.1250 10.5000 0.2200 143 109 25
-22.1250 23.5000 2.1800 164 206 87
16.8750 11.5000 4.9000 91 254 141
-18.1250 -9.5000 0.1000 170 100 0
7.2500 -4.5000 2.9600 140 169 82
-17.5000 15.5000 3.4500 179 207 44
12.6250 17.0000 3.4400 160 213 36
17.1250 3.0000 3.5700 203 115 104
-24.1250 4.5000 2.1000 131 254 67
4.1250 -12.0000 4.6600 88 254 79
-1.7500 -6.5000 0.2500 153 148 0
12.2500 -5.5000 7.4900 43 171 169
17.1250 19.0000 4.1000 135 254 0
-26.5000 -2.0000 1.8800 162 177 41
11.8750 -2.5000 5.6500 76 230 175
15.1250 -8.0000 3.7500 229 108 98
17.8750 6.0000 3.3600 190 77 157
13.0000 16.0000 3.0600 140 181 106
-15.2500 -1.5000 0.1100 177 114 6
-22.2500 -13.5000 0.1100 181 136 14
8.2500 -15.5000 9.5200 14 130 106
21.8750 -9.0000 7.1800 117 109 254
18.1250 -4.0000 3.6600 241 105 121
-26.0000 -2.0000 0.1100 130 140 42
21.3750 -15.0000 3.7900 228 101 82
3.2500 -23.0000 8.1300 25 195 76
2.3750 -14.5000 2.9800 134 193 104
-14.8750 13.0000 1.8800 136 232 26
7.8750 20.0000 0.1200 142 132 22
10.7500 9.0000 2.9300 137 181 107
-3.6250 8.0000 0.0900 168 128 27
-27.1250 4.0000 3.7100 174 217 32
18.5000 5.0000 3.3500 193 73 158
-7.8750 19.5000 0.0900 148 163 1
-5.8750 -12.5000 1.2500 152 230 41
-16.0000 -20.5000 0.8100 187 182 36
-7.3750 -15.0000 0.0700 142 141 14
20.5000 25.0000 4.8300 106 254 101
3.7500 -2.0000 2.8400 131 217 117
17.0000 -9.5000 7.2100 83 144 254
4.0000 -21.5000 5.8600 48 254 124
-24.2500 -19.0000 6.6700 85 205 135
-1.2500 -12.0000 0.4300 147 145 30
21.3750 7.0000 3.5900 193 130 107
-1.3750 1.5000 0.9100 160 244 45
-18.6250 25.0000 1.6600 152 139 80
8.7500 -5.0000 3.4400 152 184 50
-14.7500 25.0000 2.9700 150 188 101
7.0000 -22.5000 11.8900 15 132 69
-0.8750 25.0000 0.1000 176 129 0
6.5000 0.5000 5.8100 62 254 165
1.1250 -22.5000 13.7600 13 169 20
17.6250 18.0000 5.4100 56 254 156
-11.0000 22.5000 0.3400 149 154 0
-18.3750 22.5000 1.6700 158 152 68
-25.7500 8.5000 2.4900 149 238 78
-27.2500 14.5000 0.2600 135 134 57
-6.3750 25.5000 0.0800 150 159 0
-26.5000 -2.0000 1.9600 161 180 46
9.3750 -1.5000 4.9300 77 254 111
-19.6250 17.0000 3.7700 172 254 1
-1.1250 -19.5000 9.1500 10 235 91
10.2500 -3.0000 6.5700 38 217 145
5.2500 18.5000 0.1000 143 113 38
17.0000 21.5000 6.0100 56 254 148
4.8750 -9.5000 4.7300 94 254 80
6.0000 -5.5000 2.2300 124 141 79
-8.3750 14.0000 0.0800 176 130 0
-7.3750 14.5000 0.0900 181 134 0
-3.1250 -14.0000 3.8000 184 254 0
-26.1250 11.5000 0.1300 154 114 21
-21.7500 -1.5000 0.0900 146 132 3
3.6250 -4.5000 2.9900 140 193 100
-13.0000 -20.5000 1.6500 183 209 53
12.0000 -18.5000 4.0600 201 156 64
-17.8750 -20.5000 0.6200 177 132 17
-25.1250 22.5000 1.4300 136 182 49
21.1250 4.0000 7.1900 79 160 231
3.2500 2.5000 6.6600 50 254 128
8.5000 -6.0000 3.1100 133 154 80
-10.7500 1.5000 0.1100 176 142 0
-16.1250 22.0000 2.0100 146 166 85
-8.1250 -21.5000 0.1300 165 94 23
-1.1250 25.5000 0.1100 175 131 0
7.1250 5.0000 4.3600 117 254 28
-0.5000 1.0000 1.1500 137 254 50
-23.6250 -22.0000 5.4300 143 254 148
21.2500 14.5000 3.7100 169 207 37
17.0000 17.0000 8.2700 10 212 114
6.1250 -1.5000 2.7000 131 234 80
-23.8750 2.0000 1.7100 137 254 36
-5.8750 -22.5000 2.2600 134 236 78
-23.3750 -20.0000 5.5300 135 254 160
4.3750 -4.0000 3.3800 159 202 57
7.0000 1.5000 8.9900 21 196 100
16.0000 -15.5000 6.1500 90 154 226
-1.7500 -5.0000 0.3300 151 161 0
-14.6250 -13.5000 0.0900 146 143 26
-15.3750 19.5000 3.1900 174 199 74
14.1250 -3.5000 3.6700 189 159 36
6.0000 -14.0000 7.6200 13 202 133
16.8750 -7.5000 7.1500 94 142 254
-11.6250 9.0000 0.1000 174 159 0
-23.8750 7.5000 0.0900 157 118 17
3.6250 15.5000 0.1000 158 99 40
12.1250 18.0000 3.4900 161 213 32
17.0000 17.5000 7.2900 12 225 139
-4.2500 -18.0000 2.1500 148 231 80
-24.8750 10.5000 0.1100 141 107 42
-13.1250 -23.0000 6.6000 107 244 150
-3.6250 8.0000 0.1000 168 129 27
-8.7500 -10.5000 0.6600 147 157 58
8.8750 -3.5000 6.7100 36 225 137
4.5000 -8.5000 4.2300 125 254 7
0.3750 -2.0000 1.2300 149 200 56
-2.2500 -12.5000 3.9800 156 254 27
2.0000 -5.5000 2.3700 137 245 87
7.5000 7.5000 4.2000 132 254 6
-0.2500 -9.0000 5.1800 85 254 129
-18.5000 -13.0000 0.1600 184 138 0
20.8750 -15.5000 3.6900 241 81 88
18.5000 -10.5000 7.1800 96 122 254
13.6250 4.0000 3.8300 168 208 37
-13.8750 4.5000 0.1200 162 141 0
1.3750 -1.0000 3.9800 159 254 0
6.7500 3.5000 3.3100 171 198 51
20.6250 -5.0000 7.1500 114 125 254
8.5000 -4.0000 4.0400 139 254 7
19.3750 1.5000 7.1500 77 162 254
7.7500 -7.0000 3.2400 148 162 66
-17.7500 21.5000 1.6000 149 150 45
-0.7500 -23.5000 3.6800 162 231 0
6.2500 -5.0000 1.9900 123 132 66
-18.7500 17.0000 3.8700 175 254 0
7.7500 7.5000 4.9000 93 254 98
7.1250 -1.5000 6.7300 31 244 154
-16.8750 22.0000 1.9800 144 178 72
6.6250 0.0000 3.2300 133 228 48
-24.5000 -0.5000 0.0800 127 109 34
-12.0000 -12.0000 1.4400 147 233 74
10.3750 20.5000 2.3100 142 210 110
8.8750 -19.5000 4.0700 183 211 29
18.1250 7.0000 3.2800 167 96 156
-14.5000 13.5000 2.1300 141 238 25
-16.3750 -10.0000 0.0900 146 146 39
17.7500 12.5000 5.0500 76 254 160
7.3750 -0.5000 1.9700 136 179 66
-16.5000 22.0000 2.0400 145 167 90
-12.3750 21.0000 0.6900 151 148 0
12.0000 -3.5000 5.2300 88 254 155
-1.8750 -11.0000 4.6200 120 254 84
18.2500 -15.0000 3.7300 240 97 76
-27.3750 -15.0000 0.0800 165 139 7
7.6250 -0.5000 6.5000 41 254 145
-26.5000 4.5000 2.4300 134 234 108
13.1250 -10.0000 3.7500 207 137 72
-15.2500 17.0000 2.9100 151 188 107
-22.1250 19.5000 2.3000 143 209 91
2.3750 -19.0000 10.2900 0 183 87
-11.2500 -19.0000 1.9100 161 240 86
9.6250 -8.5000 7.2200 29 193 155
18.6250 -17.0000 4.4800 170 204 116
-0.5000 2.5000 0.1000 154 123 32
14.8750 11.0000 4.4400 111 254 71
-25.8750 -3.5000 0.1900 149 155 7
15.7500 -6.5000 3.7800 233 127 97
16.6250 19.0000 9.0200 11 190 116
13.5000 13.0000 4.2400 128 254 43
10.0000 15.0000 2.0900 143 181 77
-0.5000 -12.5000 0.5900 145 157 11
-11.8750 -19.5000 2.0300 186 205 67
16.8750 -22.0000 3.9500 233 118 59
12.6250 -22.0000 4.0500 216 146 69
-20.1250 16.0000 2.4000 141 214 84
1.6250 -12.5000 1.4500 117 189 51
6.2500 15.0000 2.2400 157 248 101
-0.5000 -8.0000 0.3800 137 145 6
11.8750 7.0000 4.5800 105 254 94
10.1250 16.5000 2.7800 136 203 116
16.1250 -7.0000 3.8300 229 136 98
6.3750 -11.0000 11.6700 0 167 81
2.3750 0.5000 5.5900 62 254 158
3.2500 6.5000 0.8800 141 173 14
-10.0000 -23.5000 0.0800 154 114 51
17.8750 -4.5000 7.3300 85 142 254
20.2500 1.0000 7.1100 85 161 254
19.7500 15.5000 7.4900 15 199 173
19.3750 2.0000 4.1800 175 219 108
-13.8750 -2.0000 0.1000 181 128 0
6.6250 -17.5000 7.4400 22 190 130
-19.6250 18.5000 3.5900 189 227 29
-10.7500 -4.5000 0.1000 165 154 2
16.6250 0.0000 3.6100 220 111 73
0.7500 -10.0000 4.4400 124 254 42
-11.6250 -11.0000 1.8400 138 240 86
15.3750 -11.5000 3.8000 235 134 90
8.7500 2.0000 6.0700 61 239 149
-20.1250 16.0000 2.6400 141 210 99
12.5000 18.5000 3.4600 159 212 39
-9.5000 -23.0000 0.1100 155 111 46
5.2500 -3.0000 3.4200 172 165 36
-26.8750 6.5000 4.2100 139 254 35
7.6250 0.0000 2.1900 128 205 83
-24.0000 -23.5000 5.4500 143 254 138
-3.6250 18.5000 0.1000 173 126 5
3.7500 11.0000 1.9700 159 254 52
-26.2500 23.5000 2.1300 141 238 96
-7.3750 -13.0000 2.4800 137 230 125
5.3750 -23.0000 8.3400 34 160 80
-16.1250 11.0000 3.2700 180 200 62
13.2500 13.0000 4.2200 130 254 40
-15.7500 10.5000 1.3500 170 190 26
12.5000 -9.5000 7.3000 49 164 201
18.5000 24.5000 3.8300 189 240 11
-14.6250 13.5000 0.4500 140 149 34
-6.5000 1.5000 0.1000 173 146 15
21.6250 22.0000 6.3800 58 212 135
-14.8750 19.0000 2.9000 146 187 110
9.8750 1.5000 4.9600 80 254 119
-26.3750 21.0000 0.1000 131 118 19
19.5000 13.0000 7.0900 31 183 185
-22.1250 3.5000 3.3700 172 220 80
8.2500 13.0000 1.4000 147 208 36
3.7500 6.0000 3.9000 184 254 0
4.0000 5.5000 3.1200 175 202 64
8.8750 -12.5000 8.8200 12 179 119
10.5000 5.0000 3.2500 156 173 68
-11.7500 -19.5000 2.2300 188 206 81
-23.8750 -22.0000 5.4300 134 254 151
18.6250 -16.5000 6.0700 112 161 224
-19.3750 10.0000 0.1300 138 101 81
0.5000 1.5000 0.1100 139 132 2
19.2500 15.0000 8.0200 8 201 165
-23.2500 19.5000 1.2300 151 185 32
6.8750 5.0000 5.0000 85 254 112
10.5000 -6.0000 5.1800 62 254 123
-26.0000 9.5000 5.2900 90 254 153
-17.5000 15.5000 3.5300 182 215 27
11.2500 -12.0000 11.8000 6 117 102
-16.2500 -19.0000 0.6400 172 172 24
-24.7500 -19.0000 5.7400 133 254 155
-21.8750 -14.0000 0.1000 177 131 1
7.2500 -11.5000 12.7100 0 158 68
11.1250 9.5000 4.4600 106 254 47
3.8750 25.0000 0.1000 173 105 51
-11.5000 -14.0000 2.7300 144 240 130
15.5000 -17.0000 4.4100 162 207 107
5.7500 -2.0000 2.6500 131 233 78
4.7500 24.0000 0.1000 175 100 44
19.5000 -22.0000 3.9200 242 137 67
0.8750 -15.5000 2.9200 136 207 105
-19.0000 6.5000 1.3300 145 215 67
-2.1250 -15.0000 2.7500 153 241 89
21.8750 6.5000 3.4700 190 98 133
-14.8750 12.5000 1.6000 141 234 19
15.0000 -15.5000 4.3800 164 211 112
14.3750 16.0000 3.0300 137 169 106
0.0000 -5.5000 1.2800 141 206 34
13.6250 -5.0000 4.9500 108 251 153
5.6250 -0.5000 2.9200 114 253 86
11.5000 10.5000 3.3900 161 177 53
-2.5000 -1.0000 0.1000 148 109 37
2.0000 -9.5000 4.4300 111 254 57
-11.2500 -9.0000 1.8000 157 254 71
20.6250 23.0000 5.1200 88 254 124
13.1250 -14.5000 4.4800 144 239 131
-13.8750 13.5000 0.9100 152 201 5
-13.6250 19.5000 2.1400 145 182 64
-22.3750 2.5000 0.1100 137 124 24
4.0000 2.0000 4.0100 146 254 0
19.3750 -5.0000 7.1300 96 129 254
2.1250 -4.0000 2.1900 135 232 93
-15.6250 -6.5000 0.0900 181 105 38
20.6250 -10.0000 7.1600 111 115 254
-25.1250 4.0000 0.1000 133 106 30
-5.6250 11.0000 0.0900 170 111 14
19.0000 15.0000 8.3300 5 197 157
17.8750 1.0000 3.6400 225 117 99
9.6250 0.0000 4.0100 158 254 0
-17.7500 17.0000 3.8700 177 254 0
18.2500 -18.5000 4.6000 169 200 151
-14.1250 15.0000 1.7400 157 172 18
20.7500 -22.0000 3.9200 237 132 69
-24.8750 4.0000 1.9600 133 254 57
22.1250 8.5000 3.5500 186 121 107
-16.1250 16.0000 3.0200 163 181 103
-12.7500 -15.5000 0.6200 164 158 41
11.8750 20.0000 2.7700 125 204 95
-22.6250 3.5000 1.3000 163 208 0
17.8750 -17.0000 4.5800 152 215 134
14.0000 -7.0000 3.7500 205 141 67
9.6250 13.0000 3.0600 147 189 107
15.7500 6.5000 4.5600 110 254 114
13.2500 2.5000 4.0900 149 254 32
8.1250 -13.0000 9.3300 10 170 96
16.3750 25.0000 2.8000 146 200 80
12.8750 -5.0000 5.0000 103 254 158
5.0000 0.0000 3.6300 174 246 0
2.7500 -19.5000 9.8500 6 186 75
7.3750 -1.5000 6.5200 38 240 151
1.6250 -5.5000 2.2500 134 229 73
-27.3750 26.0000 1.8500 127 225 88
9.3750 -9.5000 6.1100 50 223 163
11.0000 -16.5000 4.5300 129 217 110
21.5000 -18.5000 4.5800 181 187 131
-6.1250 9.0000 0.0900 177 145 1
-26.7500 -16.5000 0.1000 170 133 0
0.3750 -7.0000 4.9900 98 254 109
3.0000 -17.0000 7.9500 12 211 119
10.5000 -0.5000 8.5700 13 184 107
3.5000 -22.5000 8.9500 19 195 67
15.3750 20.0000 3.1900 159 186 76
5.6250 11.5000 0.2000 146 119 0
-22.5000 11.5000 0.1300 139 123 0
-23.5000 1.5000 4.3100 141 254 37
7.5000 1.0000 9.0100 14 208 95
-23.6250 8.5000 0.1000 144 112 37
10.0000 -2.5000 6.7300 33 221 141
18.3750 4.0000 3.3700 204 65 166
15.0000 -10.0000 3.7900 225 121 80
14.5000 -12.5000 3.8200 212 141 82
-14.7500 -19.0000 0.3900 175 128 23
21.6250 22.0000 4.8800 91 254 101
0.2500 24.0000 0.1000 174 113 0
-25.6250 -20.5000 5.4000 139 254 162
10.1250 12.5000 4.1400 139 254 5
2.3750 12.0000 0.0900 136 116 38
-21.5000 14.5000 0.1100 129 121 0
20.1250 -3.5000 7.1500 98 156 254
6.3750 3.5000 6.1500 43 254 155
6.6250 -5.5000 2.4800 125 153 91
-16.6250 -17.0000 0.2700 153 134 31
0.1250 -18.5000 9.4300 0 216 105
5.8750 18.5000 0.1000 144 101 27
10.6250 -2.0000 5.5900 66 247 139
-27.1250 -3.0000 0.8900 146 222 57
-15.5000 11.0000 1.9100 139 235 29
-17.3750 14.5000 2.1500 126 235 66
8.3750 -17.0000 8.3900 24 157 131
-16.7500 22.5000 1.8600 137 164 63
-19.3750 18.0000 3.6900 183 228 20
10.6250 -9.5000 7.9700 20 182 143
12.8750 12.0000 3.8200 176 254 8
11.6250 15.5000 3.4600 167 215 22
-9.3750 26.5000 3.1900 171 203 68
8.1250 18.5000 1.4100 153 234 84
-0.7500 -3.0000 1.3300 153 207 59
-19.5000 23.5000 2.2000 140 200 107
-13.8750 -20.5000 0.1800 174 110 15
-23.8750 -15.5000 0.2400 181 146 0
13.0000 -2.0000 7.0100 33 192 173
-22.6250 0.0000 0.1900 156 137 4
-25.8750 1.5000 5.8800 72 254 143
-8.8750 3.0000 0.1200 190 127 12
22.1250 -14.0000 3.7600 218 94 103
4.2500 20.0000 0.1000 168 95 34
-19.1250 -9.5000 0.1100 169 110 0
-22.1250 -4.0000 0.1100 153 125 4
-1.7500 -23.5000 9.1800 22 203 76
-24.3750 -18.5000 5.4700 132 254 120
3.5000 4.0000 5.3300 72 254 143
18.3750 -17.0000 4.5700 164 207 132
-25.6250 24.0000 2.3300 134 254 108
-12.2500 -14.5000 1.9400 161 235 105
-17.0000 24.5000 2.0000 155 177 78
14.0000 -13.5000 3.8100 209 139 70
-12.7500 -19.0000 2.5200 199 217 83
-24.5000 2.5000 0.1800 141 103 23
11.3750 -9.5000 6.9700 55 179 173
7.0000 -21.0000 8.9900 13 168 101
6.8750 4.0000 6.2900 41 254 152
-24.0000 -4.5000 0.1000 165 139 0
10.2500 -7.5000 3.9000 167 221 15
-1.7500 -20.0000 3.3900 169 216 29
-18.8750 -10.0000 0.2200 169 138 1
-10.8750 -23.5000 5.3600 123 254 154
-15.3750 -17.5000 0.1100 169 81 14
-27.1250 -17.0000 0.1200 170 136 0
-26.2500 -18.0000 0.1100 181 131 0
13.0000 2.0000 7.1900 23 205 173
-16.7500 -8.0000 0.1100 168 94 23
-7.8750 -22.5000 0.9000 163 182 37
20.7500 23.0000 5.9100 61 254 151
-10.8750 21.5000 0.0600 133 161 0
3.3750 25.0000 0.0900 172 105 51
12.8750 -2.5000 5.6000 78 240 178
-14.0000 -20.0000 0.3600 177 117 14
11.3750 21.0000 2.4800 141 213 91
-17.8750 -10.0000 0.1000 169 103 0
8.2500 -12.0000 11.8000 0 139 92
4.3750 -17.5000 5.2400 67 254 119
8.1250 14.0000 1.0800 156 163 19
-25.1250 15.5000 0.1200 149 112 28
14.2500 -9.5000 3.7900 216 123 69
-21.7500 15.0000 0.1200 130 125 0
18.1250 17.5000 5.2200 69 254 162
0.5000 -18.5000 10.1300 0 205 101
-13.6250 24.5000 2.9600 142 210 102
-8.1250 12.0000 0.1000 187 126 0
-15.8750 -6.0000 0.1600 182 120 39
-13.2500 -17.0000 1.3900 155 254 82
-8.3750 2.5000 0.1900 192 138 11
-24.7500 -22.0000 5.4200 135 254 155
-8.1250 -16.0000 0.0600 151 124 29
16.2500 8.0000 4.4400 119 254 67
12.8750 4.0000 3.9900 154 241 31
8.5000 -1.5000 6.3700 47 236 140
12.0000 -14.5000 7.7500 38 137 206
-23.2500 24.5000 2.6600 141 254 103
9.1250 -15.5000 11.4100 7 112 110
-3.8750 12.0000 0.1000 172 121 12
19.1250 6.5000 3.3400 196 76 162
-16.3750 23.5000 2.9300 147 187 106
-17.3750 22.0000 1.8100 150 163 65
-23.3750 -5.5000 0.1000 157 119 14
9.6250 -22.5000 10.8100 41 100 119
17.3750 17.5000 4.1900 126 254 0
8.1250 -0.5000 6.5200 49 246 145
11.0000 9.0000 3.1600 148 176 84
4.1250 -1.5000 3.0200 145 223 91
13.7500 -7.5000 3.7800 205 146 68
10.0000 -15.0000 6.8300 41 168 189
18.1250 22.5000 4.1200 143 254 9
-12.8750 14.5000 0.0900 132 140 23
13.0000 -21.0000 4.0000 227 144 65
-19.2500 -16.0000 0.1100 149 147 24
10.7500 5.5000 7.6800 16 212 125
12.6250 -2.5000 5.6700 76 235 180
-2.7500 -23.0000 1.5100 131 206 43
2.6250 4.0000 5.4800 75 254 137
12.2500 -19.0000 4.0800 206 166 64
3.8750 7.0000 3.2300 180 206 57
21.1250 0.5000 7.1000 93 159 253
2.3750 -19.0000 7.3400 18 214 124
-19.0000 14.5000 2.9600 138 213 109
-19.0000 10.0000 1.7500 140 234 75
14.7500 20.5000 2.8200 134 188 100
1.6250 -20.0000 9.9200 3 197 68
-14.8750 9.5000 0.1200 146 125 8
19.1250 -22.5000 3.9400 234 135 73
-13.0000 16.0000 2.4100 143 224 89
12.2500 -11.0000 3.7800 210 147 68
-26.1250 7.0000 2.4400 147 217 92
14.7500 16.0000 3.1400 137 166 108
8.2500 -2.5000 5.8500 52 252 150
20.6250 19.5000 7.6500 28 186 137
15.2500 -0.5000 3.6600 216 123 68
-11.2500 25.5000 3.4900 178 228 49
3.3750 -15.5000 3.7400 171 223 9
-23.2500 8.5000 1.1700 164 214 37
4.0000 -10.0000 3.9200 154 254 0
-10.5000 -13.0000 2.5400 127 241 106
15.3750 4.0000 3.8800 177 192 65
18.5000 18.0000 8.4600 9 202 137
11.6250 8.0000 4.3100 120 254 42
-27.6250 -17.5000 5.2500 142 254 132
-20.5000 14.5000 0.0700 126 117 0
13.2500 25.5000 2.9800 145 185 88
7.1250 7.0000 4.1700 127 254 11
16.1250 -20.0000 4.0000 228 141 59
-0.6250 -1.5000 0.2000 137 137 6
10.7500 26.0000 0.1100 148 131 0
11.7500 -1.0000 7.7400 18 185 151
17.1250 24.5000 3.3100 178 177 61
-13.0000 -3.5000 0.1000 167 136 14
9.1250 12.0000 1.5900 146 164 35
4.5000 15.5000 0.0900 156 98 37
18.8750 0.5000 7.1500 76 168 254
-9.8750 -10.0000 1.6900 172 168 60
8.2500 -7.0000 3.4600 154 199 55
-5.7500 17.5000 0.1100 170 121 4
3.1250 3.0000 5.0200 87 254 119
17.7500 23.0000 4.2300 129 254 21
6.5000 9.5000 4.2900 132 254 21
22.3750 -12.0000 5.1500 133 177 225
14.3750 -20.0000 4.0000 227 143 70
3.0000 2.5000 2.8400 146 212 87
-1.3750 22.5000 0.0900 169 114 0
13.7500 -3.5000 6.7000 42 199 170
-10.8750 -23.5000 5.2900 124 254 153
11.5000 -20.5000 4.0600 210 153 72
22.1250 -8.0000 7.1700 113 106 254
-14.0000 -15.5000 0.3900 166 158 17
1.3750 4.5000 0.0900 141 120 25
-12.8750 -16.5000 0.6200 151 165 54
-9.8750 -9.0000 1.7300 162 209 40
2.0000 -21.5000 2.0500 129 139 19
-15.2500 -7.0000 0.0900 179 106 38
3.3750 2.5000 6.9100 45 245 119
-7.3750 11.0000 0.0900 174 126 0
-25.8750 1.5000 5.3800 80 254 140
8.2500 -9.5000 10.1100 0 160 101
8.5000 -1.5000 4.5900 95 254 79
6.8750 20.5000 0.1000 146 132 23
10.3750 15.0000 3.1900 157 197 85
-15.8750 -7.5000 0.1100 167 110 40
7.1250 -12.5000 4.2100 121 254 7
7.1250 -22.0000 12.6400 1 128 68
-6.8750 -7.5000 0.2100 157 145 48
-19.7500 -11.0000 0.0900 186 137 0
16.7500 -19.0000 4.4000 176 195 102
-6.3750 -11.0000 2.4700 158 254 105
-9.1250 1.0000 0.1200 175 125 30
8.0000 -5.0000 3.9000 158 250 4
15.5000 1.0000 4.8400 115 242 178
-16.1250 -22.0000 0.1100 178 94 22
1.3750 -16.0000 3.4800 174 195 26
-27.2500 -18.0000 6.8300 88 213 120
-0.6250 -2.0000 1.5600 149 215 64
-22.1250 18.0000 0.2500 133 150 19
-14.5000 11.0000 0.1100 144 99 22
16.2500 -16.0000 6.7300 79 138 215
-2.0000 -2.5000 1.5000 152 245 42
13.6250 21.5000 3.4600 170 200 21
-19.1250 6.0000 1.5400 143 223 76
20.6250 -18.5000 4.4800 187 186 118
17.5000 11.0000 4.1600 130 254 28
21.1250 -19.5000 4.7500 175 196 159
-1.2500 -13.5000 0.1800 133 131 27
-3.0000 -0.5000 0.1000 151 107 37
4.8750 -9.5000 2.6600 122 163 69
11.8750 16.5000 3.5800 170 236 12
-23.5000 11.0000 0.1000 159 96 10
-1.5000 -12.0000 0.2100 146 125 15
7.2500 -8.5000 12.4000 0 165 74
8.8750 -2.5000 5.6400 66 243 150
-22.3750 20.5000 2.2500 134 223 94
12.1250 4.5000 6.8600 28 212 162
-18.3750 11.0000 0.9100 152 198 34
-18.1250 4.5000 0.4700 157 179 19
6.8750 -6.5000 2.5700 127 160 90
15.2500 14.0000 4.6700 93 254 114
16.6250 -12.5000 3.8100 234 134 87
-24.5000 10.0000 4.3900 136 254 36
-19.6250 -5.0000 0.1100 163 131 6
13.2500 -0.5000 4.8200 94 254 134
11.6250 -10.5000 7.8800 40 173 162
-16.3750 -2.0000 0.1100 160 113 23
22.1250 -13.0000 3.8900 203 127 101
0.3750 -17.0000 2.2300 126 235 65
-7.2500 -7.5000 1.4800 152 239 49
-3.1250 -14.5000 2.0900 155 232 46
17.7500 -16.5000 5.8500 98 185 206
0.7500 -6.5000 5.1200 91 254 123
8.8750 -22.5000 12.5100 22 101 77
-8.5000 22.0000 0.0800 156 170 0
-16.1250 14.5000 2.2200 153 183 54
10.0000 1.0000 3.1500 141 179 83
9.1250 0.5000 8.4600 18 189 115
9.0000 -16.0000 8.1500 28 150 147
9.8750 -4.0000 6.5900 39 220 136
5.8750 -7.5000 2.2800 122 151 69
-4.0000 -2.5000 0.1000 153 136 41
-3.1250 -18.5000 2.3600 137 232 90
4.5000 -18.0000 5.8500 50 254 133
-2.5000 -14.5000 0.7200 153 158 25
15.8750 -17.5000 6.2200 88 155 232
-22.1250 20.5000 2.9100 150 201 113
10.2500 -2.0000 8.8000 6 183 108
9.1250 -20.5000 4.0900 196 207 36
-17.2500 -15.0000 0.3000 163 156 21
11.8750 15.0000 3.3700 156 204 69
-13.7500 14.0000 1.8200 149 187 9
17.0000 3.5000 3.6700 200 134 90
-11.0000 24.0000 2.3200 149 207 56
-16.5000 9.0000 1.8900 174 210 54
5.1250 -7.0000 2.3500 115 178 77
-0.8750 -15.0000 3.3100 162 219 94
11.6250 0.5000 5.9000 61 223 182
-21.5000 -9.0000 0.2200 186 113 3
14.2500 6.5000 4.5400 111 254 88
11.6250 8.5000 4.7900 94 254 117
14.6250 -18.0000 4.4900 156 190 124
-13.7500 -23.5000 5.5300 134 254 151
7.0000 -19.5000 5.9900 67 239 139
22.2500 24.5000 5.8300 76 249 124
19.0000 11.5000 3.6100 187 163 49
-17.6250 -21.0000 5.3800 139 254 150
13.0000 -4.5000 5.3800 90 240 175
13.2500 -19.5000 4.0600 210 156 71
11.8750 1.5000 5.6900 68 249 166
2.1250 -0.5000 3.7600 179 254 0
3.2500 10.0000 0.8200 136 204 58
1.1250 2.5000 5.8100 79 254 143
10.1250 4.5000 5.6000 64 254 151
13.1250 -12.5000 3.8000 215 152 69
11.7500 -4.5000 5.9900 71 223 163
-21.7500 24.0000 2.3300 163 205 91
-19.3750 -19.5000 0.0900 159 106 14
21.0000 14.5000 3.8400 166 227 33
-22.6250 17.0000 0.1000 133 151 18
10.1250 0.0000 6.4400 45 235 139
8.2500 -22.5000 12.3500 19 104 78
15.7500 -6.0000 3.7800 234 129 93
9.6250 -23.5000 10.6900 52 98 113
12.0000 -5.0000 7.3000 46 176 166
-12.1250 2.5000 0.1000 191 143 0
-12.1250 -0.5000 0.1100 174 140 9
-18.8750 -22.0000 5.4700 141 254 147
-26.0000 3.5000 7.1100 31 251 159
-23.3750 6.0000 4.2700 135 254 14
2.1250 -4.5000 2.5500 132 240 93
0.0000 1.5000 0.1200 151 117 31
-3.5000 -19.5000 2.7500 130 218 118
17.7500 17.5000 8.7600 8 193 124
-25.8750 0.5000 1.9200 156 181 77
6.8750 15.5000 1.8500 158 240 72
14.6250 23.0000 2.9100 142 203 79
-18.3750 7.5000 1.8900 147 235 90
-24.6250 10.5000 2.0500 152 254 29
21.0000 -14.0000 3.7800 221 100 98
-17.8750 -10.0000 0.1100 169 104 0
-11.3750 2.5000 0.1100 191 140 0
17.3750 -3.0000 3.6900 226 132 70
11.1250 19.0000 3.1200 159 197 66
-5.0000 -20.5000 2.7300 137 240 89
13.2500 -19.5000 4.0000 220 142 69
-27.3750 -0.5000 3.6100 178 226 47
22.0000 14.5000 5.9600 68 210 169
16.0000 2.5000 3.7700 200 161 72
-27.6250 -14.5000 0.3300 181 143 0
1.5000 -4.5000 2.1400 137 234 68
5.5000 -22.0000 5.1500 88 250 101
-9.6250 -14.0000 2.2700 161 177 90
18.8750 -2.0000 7.2400 92 156 254
18.6250 -4.0000 7.2500 93 155 254
-27.0000 -22.0000 5.4200 141 254 142
19.7500 5.5000 3.4700 211 92 130
9.0000 6.5000 3.9100 157 253 0
-27.5000 -3.0000 0.1300 149 123 28
-8.2500 -20.5000 0.0800 169 89 20
12.5000 -12.0000 5.6800 88 202 219
6.7500 11.5000 1.4600 145 214 61
-0.5000 24.5000 0.0900 168 124 0
-13.2500 -23.0000 6.6900 104 243 152
-9.7500 -17.5000 0.1200 150 110 26
4.3750 23.0000 0.1000 175 98 42
6.0000 15.5000 3.1800 179 210 70
14.7500 -2.0000 3.5400 207 135 88
20.5000 0.5000 7.0800 87 165 254
-13.0000 -12.0000 0.0900 153 121 9
8.7500 -17.5000 4.1200 160 198 40
16.3750 3.5000 3.7500 199 154 76
-26.6250 -22.0000 5.4500 139 254 147
-9.8750 8.0000 0.0800 185 155 1
-26.2500 -3.5000 0.1200 147 139 17
6.8750 -3.0000 3.0000 149 169 92
-19.6250 -12.0000 0.1000 181 135 4
4.6250 -21.0000 7.6800 15 203 94
16.8750 -15.0000 3.7600 230 109 58
-26.3750 -14.0000 0.1100 171 145 0
17.2500 17.0000 8.4700 10 208 109
-13.1250 8.0000 0.1100 170 171 8
14.8750 1.0000 4.5100 122 240 128
-22.6250 -17.0000 0.0900 175 118 3
-11.6250 19.0000 0.0900 129 148 9
13.8750 -1.5000 8.7500 19 168 140
-5.6250 -22.0000 2.2600 134 237 80
-23.2500 0.5000 0.1300 128 111 31
-0.1250 -8.5000 6.2400 55 254 156
-4.6250 -23.0000 7.5100 39 214 106
2.1250 4.0000 3.3000 173 221 58
-17.7500 19.5000 3.7900 181 238 10
-17.7500 13.5000 1.0600 148 227 22
4.3750 -22.0000 5.5500 58 254 111
-26.6250 14.5000 0.1200 144 123 32
-11.7500 24.0000 2.6100 146 215 89
10.0000 9.0000 2.9000 136 183 114
-9.2500 16.0000 0.1000 144 140 15
8.0000 25.0000 0.1000 138 121 27
-24.6250 -19.0000 4.5100 162 254 38
-25.5000 16.5000 0.1100 140 136 0
-15.2500 18.5000 3.7300 195 224 8
10.3750 -11.5000 9.1500 5 170 128
-12.7500 10.5000 0.1000 148 132 30
-21.3750 20.0000 3.3100 194 190 55
-8.3750 -10.0000 0.6800 164 186 45
-26.6250 7.0000 0.8600 147 164 65
-12.0000 -16.5000 1.9400 164 220 97
5.0000 -4.0000 1.3500 136 135 15
14.0000 -7.5000 3.7900 204 146 68
21.8750 7.5000 3.6100 190 136 102
4.5000 24.5000 0.0900 175 100 47
-18.6250 -16.5000 0.1000 140 143 23
13.3750 -8.5000 3.7600 209 137 76
3.6250 8.0000 3.8000 174 254 0
-0.5000 -1.0000 0.1900 137 136 11
8.6250 1.0000 7.5700 29 204 123
-17.8750 -10.0000 0.0900 168 102 0
15.0000 16.0000 3.1600 140 166 105
-26.8750 14.5000 0.2300 134 130 56
3.3750 -18.5000 9.2400 2 208 91
16.1250 18.0000 5.8300 48 254 162
4.1250 -16.5000 5.0700 71 254 113
-24.1250 -20.0000 5.6100 133 254 171
-16.7500 -10.5000 0.0700 158 142 10
21.8750 5.0000 3.5400 203 89 130
22.1250 -21.5000 3.9900 222 131 75
19.3750 4.5000 3.4400 214 66 141
-0.7500 -21.0000 8.2300 15 226 102
12.5000 -23.0000 4.0800 194 145 67
18.0000 18.0000 8.7900 12 196 128
-25.3750 6.0000 5.5300 74 254 156
22.1250 11.0000 3.3000 160 98 132
-16.8750 12.5000 0.2000 153 103 49
-25.7500 24.5000 2.4000 127 254 113
9.1250 10.5000 3.6500 181 213 23
-24.3750 21.5000 0.1900 138 114 0
-2.0000 12.5000 0.0700 171 108 10
1.6250 -11.5000 9.4600 16 229 99
-25.6250 3.5000 6.1500 52 254 156
-27.1250 4.0000 8.6200 24 213 135
4.5000 -8.0000 2.5900 118 191 90
18.3750 -1.0000 7.1800 78 168 251
1.3750 -4.0000 2.1900 136 235 72
0.8750 1.0000 2.7200 145 235 107
-1.0000 -22.5000 3.9300 146 254 0
10.0000 1.5000 5.6500 59 244 148
15.7500 20.5000 3.5600 190 213 7
16.2500 -20.5000 3.9700 235 132 56
8.8750 6.0000 5.0100 81 254 126
13.2500 -3.5000 7.1600 29 194 166
8.3750 -7.0000 3.1600 143 146 78
0.6250 -23.0000 11.5400 16 179 47
5.3750 0.0000 7.4300 32 233 126
5.7500 -21.5000 9.0900 25 155 83
-8.2500 18.0000 0.1000 141 163 11
-2.3750 -17.5000 3.7300 183 251 5
16.3750 2.0000 3.8300 192 174 69
17.8750 -4.5000 7.2800 85 144 254
-25.0000 7.5000 5.0700 97 254 139
17.0000 -10.5000 3.8500 227 139 99
-23.3750 3.0000 3.2200 174 192 80
22.2500 -6.5000 7.1700 115 106 254
3.6250 18.5000 0.0900 152 109 25
11.7500 -15.5000 4.4700 130 220 102
11.3750 9.0000 4.7600 92 254 106
2.5000 2.0000 6.8300 45 247 132
9.0000 16.5000 2.2800 145 209 112
17.5000 22.5000 4.2000 128 254 4
-4.5000 4.0000 0.0900 179 123 0
6.6250 23.5000 0.1000 138 113 39
5.5000 -19.5000 7.4800 29 203 100
-0.6250 14.5000 0.0900 167 146 10
19.3750 23.5000 4.8200 105 254 112
-25.0000 -20.0000 5.4000 139 254 163
-6.5000 25.5000 0.0900 143 161 10
-0.8750 23.5000 0.1000 170 120 0
1.7500 1.0000 5.5700 84 254 137
4.6250 -3.0000 2.3900 142 208 73
7.5000 -4.0000 3.2500 154 166 58
18.7500 7.5000 3.3000 173 98 152
-12.3750 -2.5000 0.1300 170 136 11
0.7500 -1.0000 1.4700 160 216 53
5.5000 -17.5000 6.5600 41 210 138
-21.8750 26.5000 1.6200 138 214 80
6.6250 -6.0000 2.5500 126 159 93
17.8750 5.0000 3.2500 180 75 176
0.6250 22.5000 0.0900 177 108 0
20.0000 15.0000 7.4700 15 198 171
-24.3750 9.0000 2.3100 159 236 60
9.5000 15.0000 1.8900 147 171 68
19.1250 20.5000 5.1000 79 254 139
14.8750 -7.0000 3.8100 217 136 97
7.3750 12.5000 1.0500 143 179 41
9.7500 8.0000 5.5200 65 254 153
3.5000 9.0000 2.7400 145 254 75
13.3750 -17.5000 4.5600 148 210 138
9.2500 20.5000 2.3600 144 220 127
1.7500 4.5000 0.1100 140 122 24
1.5000 -15.5000 2.7200 132 216 100
3.6250 -18.5000 8.7300 8 210 90
-26.6250 1.0000 0.3300 128 120 29
-13.8750 5.5000 0.1200 147 124 16
-16.7500 -23.5000 5.3300 148 254 144
-15.8750 18.0000 3.6400 197 206 20
-19.3750 -8.5000 0.1000 168 109 0
14.6250 25.5000 2.6100 146 194 71
13.7500 10.0000 5.3200 76 254 157
14.5000 -17.5000 4.4600 155 197 118
-20.0000 7.0000 1.0300 156 194 26
2.6250 8.5000 2.7100 141 254 75
10.3750 8.5000 4.9800 81 254 123
-9.8750 -14.5000 2.5200 158 186 110
-23.7500 -6.5000 0.1700 163 121 9
-6.7500 -9.5000 0.7300 150 217 54
-17.5000 14.5000 2.7000 126 225 101
-26.5000 22.5000 0.9600 134 144 28
7.0000 3.5000 1.9900 136 221 51
-2.8750 -23.0000 6.4200 48 253 119
-1.3750 -9.0000 6.5400 70 254 133
-25.0000 9.5000 3.9800 174 254 0
15.6250 20.5000 3.3200 175 193 52
8.6250 12.0000 1.5000 146 161 32
5.5000 21.0000 0.0900 144 145 29
-16.7500 -20.5000 1.4500 193 170 33
6.5000 4.0000 8.0900 22 205 115
14.8750 7.5000 5.0100 92 254 151
-16.2500 19.5000 3.2500 170 197 91
-24.6250 1.0000 0.4500 132 129 27
6.0000 2.5000 3.5600 184 207 13
-20.3750 10.0000 0.3500 147 124 6
12.0000 -15.0000 4.5500 138 234 138
1.5000 -6.5000 3.4500 188 218 1
-2.1250 -14.0000 2.1300 156 230 40
7.0000 10.0000 2.2500 125 215 81
-22.5000 4.0000 1.6100 138 242 4
9.3750 -3.0000 5.5400 64 254 148
21.3750 -17.5000 6.2100 120 143 207
6.2500 22.5000 0.1000 136 121 40
-2.0000 -8.0000 6.7200 66 254 137
-19.3750 6.5000 1.6000 139 227 80
17.6250 6.5000 3.3000 174 102 143
17.7500 14.0000 7.6300 17 193 156
17.3750 16.5000 7.4100 22 217 138
-11.2500 -22.0000 0.1100 155 123 56
-13.2500 -18.0000 1.7700 167 227 82
-3.8750 -17.0000 1.6100 164 206 44
5.1250 11.5000 2.2900 145 233 111
19.5000 0.5000 7.1100 80 169 254
4.3750 5.5000 2.7500 155 213 85
17.2500 5.5000 3.3400 179 107 116
-14.8750 -17.5000 1.2300 174 218 66
-20.7500 15.0000 0.0200 125 120 0
1.5000 -12.0000 8.7600 18 240 104
-15.5000 -22.5000 5.5300 119 254 165
-6.0000 -22.5000 2.2000 135 235 76
15.2500 23.0000 2.7600 144 205 80
21.6250 19.5000 8.3400 26 188 106
-7.2500 -22.0000 1.0000 162 187 36
10.1250 12.5000 2.3800 131 177 98
-15.6250 23.5000 3.0600 160 181 93
-2.6250 -21.5000 3.5100 179 219 1
2.7500 10.0000 0.0800 148 125 23
17.2500 17.5000 8.5800 8 205 109
11.8750 -22.5000 4.0600 199 151 61
-5.6250 -8.0000 0.1600 163 110 28
-17.5000 23.5000 2.3000 142 197 102
-8.2500 5.0000 0.0900 177 120 16
-16.7500 -18.0000 0.1100 152 110 15
5.8750 5.5000 4.5900 101 254 68
15.2500 -16.5000 4.4700 160 216 124
-23.7500 -23.0000 5.4600 142 254 142
6.0000 3.5000 2.8800 122 216 111
-17.5000 -20.5000 2.5900 188 209 112
-22.2500 -13.5000 0.1000 180 136 14
5.7500 21.5000 0.1000 143 146 30
-8.7500 14.0000 0.0900 176 132 0
8.6250 -5.0000 4.9400 70 254 104
22.3750 18.5000 6.7500 47 188 150
21.2500 -4.5000 7.1300 117 123 254
-27.0000 14.0000 0.2200 133 128 56
6.7500 -1.5000 7.9100 27 213 118
-3.2500 26.0000 0.0800 163 130 0
9.5000 18.5000 1.1800 158 142 37
-0.1250 -2.0000 1.4000 150 207 61
-12.2500 -17.5000 2.8900 169 200 130
4.8750 1.5000 5.4800 65 254 139
0.2500 14.5000 0.0900 168 137 7
-13.8750 22.0000 3.0400 157 196 89
13.8750 1.0000 4.7300 97 254 125
11.3750 23.5000 2.8700 148 188 100
11.8750 -13.5000 9.0500 29 134 165
21.3750 -8.0000 7.1600 111 108 254
-15.0000 12.0000 0.1300 142 102 24
5.7500 -18.0000 6.4900 43 213 137
-10.5000 -14.0000 2.7600 155 216 98
21.8750 26.5000 4.5400 113 254 61
14.8750 -16.0000 4.3800 166 210 112
2.1250 11.5000 0.1000 159 149 0
-11.3750 -0.5000 0.1100 173 135 7
-0.6250 -22.5000 7.4600 31 219 112
12.5000 15.0000 3.1100 146 183 105
18.1250 13.5000 7.3500 24 194 167
20.5000 -10.5000 7.1600 109 116 254
-8.5000 8.5000 0.0900 188 147 0
16.0000 21.0000 4.0500 151 254 0
-24.5000 -3.5000 0.1000 152 131 8
-25.0000 6.0000 5.5700 73 254 157
-17.8750 18.5000 3.7200 186 231 11
12.8750 19.5000 3.3400 160 193 38
5.7500 -22.0000 9.2300 26 153 77
4.8750 12.0000 1.8300 158 254 42
7.8750 -13.0000 11.3100 0 152 82
-4.7500 5.5000 0.1000 173 116 0
-15.3750 21.0000 3.1600 174 200 85
-2.2500 -4.5000 0.1200 150 157 0
6.8750 -23.0000 12.7400 14 127 62
3.3750 -22.0000 9.1200 13 196 72
-18.6250 -15.5000 0.1200 167 124 22
19.2500 17.0000 8.5200 6 199 139
21.0000 -4.5000 7.1600 116 124 254
6.2500 0.0000 4.3700 108 254 46
3.1250 18.0000 0.1000 154 110 23
-8.0000 -9.5000 1.7200 162 217 27
4.1250 -16.0000 4.7200 91 254 89
19.8750 7.5000 3.4700 206 92 126
-14.8750 -19.5000 0.6600 180 161 21
15.6250 10.0000 5.0100 92 254 156
18.1250 17.0000 8.7900 13 198 128
-11.1250 -23.0000 5.2400 125 254 154
-25.1250 1.5000 0.2100 133 108 12
-12.0000 22.5000 0.6500 146 129 0
1.6250 -3.0000 1.9100 143 230 54
-25.3750 23.0000 2.1200 146 243 92
16.2500 13.5000 5.6100 54 254 161
-21.6250 21.5000 3.0800 168 196 93
10.0000 -15.5000 10.7600 6 116 117
6.2500 4.5000 7.9100 19 209 120
-2.1250 -11.0000 4.7000 119 254 96
-15.1250 18.5000 3.6600 197 214 15
-3.3750 1.0000 0.1000 152 114 40
-13.3750 19.0000 1.4200 146 185 11
7.8750 -7.5000 3.4400 161 180 42
10.2500 -3.0000 6.5800 38 217 144
-25.8750 -13.0000 0.0900 171 142 0
-17.5000 19.0000 3.7900 181 237 8
18.8750 6.5000 3.3900 202 81 150
19.2500 -2.5000 7.2700 91 156 254
19.3750 -20.5000 3.9400 244 147 63
10.5000 -7.0000 5.4100 56 254 125
10.8750 22.0000 2.5400 129 233 105
-21.3750 22.5000 2.4600 160 211 87
16.5000 14.0000 5.8700 48 254 168
-26.3750 -1.0000 5.2400 93 254 140
18.8750 0.0000 7.1400 76 170 254
-14.5000 -1.5000 0.1200 186 130 0
-16.1250 19.5000 3.5600 192 219 36
-8.1250 -22.0000 0.4700 174 138 40
12.3750 -12.5000 3.7700 216 146 71
-16.5000 -21.0000 0.1300 175 92 20
17.7500 -13.5000 3.8000 228 121 92
10.2500 -3.5000 6.9500 25 226 131
-14.6250 -3.5000 0.0900 176 97 0
-10.8750 -3.5000 0.1000 168 129 6
3.7500 -14.0000 3.9600 152 254 7
20.5000 16.5000 8.1900 18 190 145
-16.8750 11.0000 1.1600 147 204 39
-8.1250 -10.5000 3.4000 183 209 61
1.3750 -19.0000 9.6700 5 192 93
6.6250 -17.5000 3.9800 158 232 0
15.1250 9.5000 5.0600 90 254 162
-6.7500 -21.5000 0.9600 158 189 32
-16.1250 20.5000 2.6200 145 192 111
1.7500 -4.5000 2.3500 129 239 78
1.1250 19.0000 0.0900 166 134 0
-24.3750 23.0000 2.6900 131 254 115
-21.5000 -14.5000 0.1200 179 127 0
18.1250 -0.5000 7.1800 76 168 249
-2.1250 -4.5000 0.1300 162 155 0
-26.2500 -21.5000 5.4200 139 254 153
1.6250 -13.0000 3.3900 183 193 28
17.1250 22.0000 5.4700 70 254 136
-14.2500 24.5000 2.8700 146 194 101
14.6250 25.5000 2.6700 146 192 73
-11.7500 13.5000 0.0900 161 146 7
0.8750 15.5000 0.0900 164 137 12
9.5000 4.0000 9.3000 5 190 100
16.3750 18.5000 5.8400 49 254 158
3.2500 -16.5000 4.6000 92 254 78
12.5000 18.5000 3.4600 159 212 39
-25.6250 4.0000 2.6500 138 227 107
19.1250 16.5000 8.1300 10 206 144
11.7500 11.5000 4.6100 103 254 93
21.3750 10.0000 3.3600 171 102 129
12.1250 22.5000 2.5500 147 187 83
-4.0000 -18.0000 1.7800 153 215 74
8.6250 -10.0000 13.0700 0 131 92
-23.8750 6.5000 4.1200 144 254 3
-3.5000 -23.5000 3.5900 174 207 0
14.5000 14.0000 3.8600 158 254 22
-13.2500 18.0000 1.9400 150 214 45
4.3750 9.5000 4.9500 99 254 106
-15.8750 -18.0000 1.1500 177 218 67
-25.7500 -15.0000 0.1100 179 145 0
-4.7500 5.5000 0.0900 173 115 0
2.6250 8.5000 3.0000 152 239 72
15.8750 -10.5000 3.7900 234 130 100
-14.2500 6.0000 0.1100 144 125 18
7.8750 11.0000 2.7300 143 196 100
-27.2500 -2.0000 2.3400 150 207 95
12.0000 -16.5000 4.5500 136 220 136
-23.6250 0.5000 1.8100 162 179 57
10.0000 1.5000 5.1100 71 254 133
-23.5000 -9.0000 0.1100 179 139 0
-19.3750 25.0000 1.6700 153 135 82
18.3750 23.0000 4.1700 155 254 7
-26.6250 -18.0000 6.7800 88 228 120
10.6250 17.5000 3.0700 154 188 99
-11.8750 11.5000 0.0800 168 127 18
0.6250 -10.0000 4.4700 122 254 46
13.2500 19.5000 3.2400 151 189 53
-7.5000 -11.0000 0.2800 147 142 20
-4.5000 -23.0000 10.1600 20 201 79
8.8750 -21.0000 4.0700 197 202 33
-20.8750 -9.5000 0.1000 184 95 0
10.1250 15.0000 2.1700 141 187 82
-2.2500 9.5000 0.0900 166 123 31
17.6250 -7.5000 7.1500 92 147 254
6.2500 1.0000 7.7600 29 210 123
-26.5000 -17.5000 0.1000 179 133 0
11.2500 0.0000 5.7500 58 243 136
7.7500 -11.0000 11.3800 0 167 80
-10.6250 2.0000 0.1200 174 145 14
-14.0000 15.5000 1.9700 152 175 30
-2.3750 -9.5000 5.4000 94 254 151
-26.0000 -23.5000 5.4100 142 254 127
-25.5000 9.0000 5.3000 88 254 157
5.1250 -9.0000 4.1400 128 254 0
8.2500 21.0000 1.5300 151 254 67
7.2500 3.5000 9.5500 3 187 86
3.5000 2.5000 4.4900 106 254 55
0.8750 -7.0000 5.1500 89 254 122
-6.0000 17.0000 0.0900 170 122 4
10.3750 0.0000 2.5700 128 193 73
3.5000 -21.5000 5.5600 57 254 124
3.1250 -13.0000 9.4100 2 220 97
9.2500 1.5000 8.8400 14 178 100
11.5000 25.0000 2.6000 140 236 100
12.3750 0.0000 7.0200 29 197 179
22.2500 0.0000 7.1200 98 157 254
-26.3750 8.5000 3.6200 190 219 7
-13.8750 23.5000 2.8000 143 199 94
-26.6250 12.0000 0.9400 162 229 21
14.6250 -10.0000 3.7900 221 121 82
13.2500 21.5000 3.2000 153 189 62
8.6250 20.0000 1.5900 151 200 75
6.5000 -3.0000 2.0800 141 159 71
-19.1250 13.5000 1.7700 149 209 71
-14.8750 -18.5000 0.4000 169 134 16
4.3750 -22.0000 6.3000 37 229 113
4.8750 4.0000 7.3600 35 215 123
3.7500 -11.0000 2.5900 120 193 95
-0.1250 -14.0000 4.0600 148 254 10
15.7500 -9.5000 3.7900 234 122 85
-0.8750 -4.5000 1.2000 138 209 71
-14.6250 -1.0000 0.0900 179 122 0
-12.0000 25.5000 3.3000 165 215 82
11.8750 -6.0000 6.9400 51 187 174
-20.2500 20.0000 3.5400 196 208 19
-16.8750 -20.5000 1.3200 190 165 31
5.5000 -4.5000 2.0300 123 141 77
17.0000 12.5000 5.5400 68 254 174
-18.0000 19.0000 3.7000 188 215 16
-19.6250 14.0000 1.4400 145 205 30
0.0000 -9.5000 4.9500 95 254 109
19.8750 -3.5000 7.1300 97 158 254
-9.5000 -9.5000 0.1500 146 143 60
8.6250 -8.5000 3.6300 183 172 31
-13.1250 -17.0000 1.4900 153 238 88
9.1250 14.5000 1.4500 157 150 39
-26.1250 24.0000 2.2100 137 245 101
-10.3750 9.0000 0.1000 186 160 8
-14.1250 5.5000 0.0900 146 124 17
14.6250 3.5000 4.2100 145 251 63
-21.1250 16.5000 1.5400 148 193 36
17.8750 6.0000 3.3500 189 76 159
-15.8750 -18.5000 0.1500 166 91 17
-13.5000 22.5000 2.8500 142 210 101
19.7500 -19.0000 4.3800 191 187 103
14.6250 -19.0000 4.0300 211 148 76
-17.0000 7.0000 0.1100 158 144 0
8.8750 0.0000 8.3500 21 192 116
8.0000 11.0000 1.5700 130 184 42
-17.8750 23.5000 2.0400 149 180 86
10.8750 -4.5000 5.1200 76 254 118
-1.8750 25.0000 0.1200 169 116 2
19.3750 9.0000 3.3500 194 98 133
7.2500 -9.5000 2.9600 130 165 72
2.8750 -18.5000 7.5800 17 212 121
-24.8750 21.5000 0.9600 145 167 11
6.7500 3.0000 8.5000 14 206 106
3.2500 -17.5000 5.4300 59 254 134
14.1250 -18.0000 4.5300 152 203 131
-1.7500 -8.0000 6.8800 63 254 131
-13.6250 23.0000 2.8900 143 210 108
-27.2500 -6.0000 0.1000 144 131 33
-27.5000 9.5000 6.5200 66 254 140
-0.2500 -21.0000 3.8700 166 254 0
-11.2500 -12.0000 1.4400 144 225 70
-4.3750 -12.5000 0.1500 143 134 35
-11.3750 -15.5000 2.0300 159 239 102
-14.7500 -23.0000 5.5700 119 254 153
6.8750 -14.5000 10.2800 0 166 94
-1.1250 -23.0000 6.4900 46 251 123
15.1250 4.5000 4.2600 134 245 68
-10.2500 22.5000 0.1700 142 145 0
-26.1250 11.0000 3.8000 180 245 8
-10.2500 20.5000 0.0900 153 187 0
2.8750 -12.5000 9.5400 4 219 92
-18.2500 24.5000 1.6600 155 141 77
15.5000 12.5000 4.8900 91 254 142
17.8750 -16.0000 3.7700 231 100 60
8.0000 1.5000 9.3800 15 187 97
11.6250 -11.5000 3.8300 201 160 62
12.8750 -18.5000 4.0500 204 156 61
-3.3750 16.0000 0.0900 180 134 0
-18.2500 -20.5000 0.1100 170 100 12
-13.3750 -2.5000 0.1000 167 140 17
21.8750 18.5000 8.1600 28 186 108
2.6250 24.5000 0.0900 173 104 48
-20.6250 -20.0000 0.1400 199 72 6
-21.8750 19.0000 2.5100 146 217 103
-19.2500 20.0000 3.0900 152 187 122
-1.0000 -23.5000 9.3500 18 201 73
18.5000 -6.0000 7.1200 96 132 254
0.3750 1.0000 2.0700 157 244 97
-20.8750 -22.5000 5.4100 142 254 129
-5.3750 9.5000 0.1000 175 142 0
18.8750 16.0000 6.3800 42 220 193
-14.7500 3.5000 0.1000 172 130 4
-16.3750 -16.0000 0.1400 145 125 53
20.8750 -10.0000 7.1500 112 114 254
17.7500 -18.0000 4.6300 165 201 144
5.5000 -22.5000 5.2900 84 242 101
0.8750 14.0000 0.0900 166 134 7
0.3750 -15.5000 3.7800 177 239 0
-13.3750 16.0000 1.8700 141 201 46
-2.5000 -4.0000 1.5400 152 245 43
3.3750 9.5000 2.3100 138 254 50
-15.2500 -23.0000 5.5600 120 254 157
5.3750 23.0000 0.1000 138 125 44
-27.1250 10.0000 0.4400 135 169 55
9.2500 0.0000 7.1300 29 240 131
4.2500 -5.5000 2.5000 130 188 98
-17.6250 13.0000 1.6000 137 254 40
16.0000 -22.5000 3.9900 226 125 67
-22.3750 -20.5000 5.5800 129 254 155
-8.3750 -8.5000 0.1100 146 138 52
10.0000 5.0000 6.6100 30 241 146
11.3750 8.5000 4.5100 107 254 78
12.2500 5.5000 6.7500 28 216 170
16.7500 15.5000 7.1700 17 220 160
4.3750 -21.5000 5.6400 55 254 117
19.0000 -22.0000 3.9300 240 138 69
4.0000 -3.5000 2.4900 141 212 82
-17.1250 -5.0000 0.1000 174 120 0
-13.5000 16.5000 2.4100 139 224 91
-5.0000 -3.0000 0.1100 167 115 12
-6.8750 25.0000 0.1100 146 158 8
-26.6250 26.5000 3.2600 133 222 94
-15.7500 11.5000 2.2000 140 228 44
6.0000 4.5000 8.0800 18 207 116
20.1250 -10.5000 7.2100 107 116 254
11.5000 -9.5000 7.0400 53 176 172
13.2500 -4.0000 7.4000 27 189 159
17.0000 -9.0000 7.1800 83 145 254
-23.0000 -9.0000 0.1100 177 123 6
-27.3750 5.0000 4.4000 116 254 58
-25.7500 -19.0000 5.6300 135 254 154
-18.3750 -13.0000 0.1200 183 132 1
-0.8750 -18.0000 2.2300 124 222 75
17.7500 -0.5000 3.7800 213 131 68
6.5000 -21.5000 4.9100 99 254 96
-20.6250 6.5000 0.9000 142 173 23
-12.5000 2.5000 0.1000 190 146 0
-6.8750 -22.5000 1.5000 157 213 45
-22.7500 20.5000 1.9800 136 221 84
16.1250 -21.5000 3.9900 232 135 60
-24.2500 -20.0000 5.4800 136 254 167
-0.8750 -3.5000 1.2300 146 205 79
-26.1250 -19.0000 5.6100 136 254 153
3.1250 -9.0000 3.8600 168 254 0
17.6250 -12.5000 3.8000 231 116 89
-9.7500 -14.5000 2.0900 165 175 84
12.6250 24.0000 2.8500 146 190 100
15.7500 18.5000 5.4400 59 254 154
-27.5000 10.0000 7.3400 48 249 133
-19.6250 24.0000 1.8300 151 167 89
14.8750 -17.5000 4.4800 159 206 121
-13.7500 13.0000 0.1100 129 131 40
-20.5000 -15.5000 0.1700 179 131 0
-7.8750 -19.0000 0.0900 171 92 0
2.2500 2.0000 7.1200 51 226 124
-26.1250 10.0000 5.0000 102 254 114
9.3750 -20.0000 4.0700 200 203 38
5.2500 -19.5000 6.2900 43 234 125
-16.2500 21.5000 2.2600 151 192 82
12.8750 26.0000 2.7900 134 192 90
-9.8750 2.0000 0.1000 170 139 30
2.8750 -19.5000 6.9000 31 225 116
-1.1250 -4.5000 1.4000 148 238 31
-15.2500 -11.5000 0.1100 164 147 17
21.7500 -0.5000 7.1400 109 147 253
-20.3750 17.0000 2.6200 144 218 108
-19.3750 6.0000 1.9200 140 233 89
-16.6250 -1.5000 0.1000 160 113 26
-18.6250 25.5000 1.6200 151 133 80
-8.0000 23.0000 0.0900 148 150 0
21.5000 26.0000 4.5200 116 254 62
-9.2500 -7.5000 0.1000 143 152 60
-6.6250 2.5000 0.1200 168 140 13
5.3750 -14.0000 7.2200 15 233 131
19.3750 -10.5000 7.1900 97 115 254
20.6250 -16.5000 3.7800 240 103 79
-25.8750 0.5000 5.6700 79 254 149
4.1250 -21.5000 8.3000 14 198 84
-27.5000 17.5000 3.8000 173 241 17
-0.2500 20.0000 0.1000 174 132 0
2.8750 2.0000 5.2400 73 254 133
10.5000 22.5000 2.6000 129 236 108
7.6250 6.5000 4.2000 125 254 10
9.8750 -14.5000 10.0600 5 119 130
-24.6250 6.0000 0.1200 143 87 30
13.2500 -10.0000 3.7700 206 140 71
3.8750 1.5000 8.0900 21 218 105
-8.7500 -10.0000 0.3800 150 160 53
-3.5000 -15.0000 0.1400 130 124 59
9.2500 11.5000 2.3000 132 180 94
-15.8750 -0.5000 0.1100 177 129 7
-27.2500 -20.5000 5.3900 147 254 147
3.3750 -15.5000 3.9200 158 254 3
-12.7500 -10.5000 0.1200 147 134 23
21.8750 -12.0000 7.2100 101 107 234
1.0000 -16.5000 6.8200 27 254 143
13.1250 2.0000 4.2600 131 254 51
17.8750 0.5000 3.8400 222 152 85
15.6250 -0.5000 3.5000 215 95 84
-13.5000 24.0000 3.1100 149 208 96
13.8750 10.5000 4.8700 95 254 119
10.8750 -5.0000 5.0000 71 254 106
18.1250 -18.5000 4.7500 162 201 168
0.3750 -9.5000 5.0100 92 254 114
-25.3750 -11.0000 0.1100 181 137 4
6.2500 9.5000 2.6900 125 212 114
-20.7500 -23.5000 5.4200 148 254 143
-5.1250 -15.5000 0.0900 150 121 0
9.1250 -4.5000 3.9700 150 249 7
-22.0000 -20.5000 5.4700 132 254 150
16.1250 -8.5000 7.1500 79 150 254
2.3750 -11.5000 2.5500 118 206 99
-7.6250 11.5000 0.0900 185 128 0
-7.5000 7.5000 0.1000 185 145 0
-10.7500 -22.0000 0.1100 157 113 47
-10.1250 25.5000 2.8400 159 199 89
22.3750 -1.0000 7.1600 110 147 251
21.2500 1.5000 7.1000 93 154 253
17.6250 8.0000 3.4500 182 115 108
-17.1250 -20.0000 1.2400 187 163 30
22.2500 11.0000 3.3000 160 99 131
5.1250 -14.5000 4.2200 122 254 27
7.0000 -13.0000 11.8100 0 166 75
-12.3750 22.5000 2.2500 154 205 55
19.7500 11.0000 3.3500 174 110 117
-16.8750 26.0000 1.6700 158 141 52
-20.6250 4.5000 0.1100 139 145 13
-11.6250 2.5000 0.1000 191 139 0
-3.8750 -17.5000 2.9300 132 233 118
16.8750 14.5000 7.5100 10 216 155
0.2500 -7.0000 2.9800 151 216 75
6.5000 -2.0000 7.2200 25 235 151
4.2500 -3.5000 2.4700 142 211 79
-16.0000 1.0000 0.1100 173 134 12
-13.2500 -23.0000 5.6700 129 254 153
15.1250 1.5000 3.6000 196 134 85
14.8750 22.0000 2.6200 136 198 90
4.3750 5.0000 5.8000 61 254 143
0.6250 -16.5000 9.3700 2 214 108
-1.0000 17.5000 0.0900 156 126 10
4.1250 5.0000 5.7800 61 254 146
14.5000 -1.0000 3.6100 197 139 76
12.0000 -11.5000 3.8300 206 161 61
4.2500 5.0000 4.7500 102 254 85
8.1250 21.5000 1.8700 154 254 76
9.2500 -8.5000 7.1100 31 195 155
20.5000 -7.0000 7.1600 107 109 254
10.6250 10.0000 2.7700 127 168 102
11.2500 -23.0000 10.8600 53 74 130
18.0000 21.0000 4.5900 104 254 87
4.2500 -22.0000 5.3900 63 254 110
-13.3750 -3.0000 0.1100 167 140 18
-25.2500 20.5000 0.2300 140 114 0
17.6250 -3.0000 3.6500 234 113 97
-13.3750 13.0000 2.2000 151 235 36
7.1250 -12.0000 12.3900 0 163 70
2.0000 3.5000 3.4800 181 230 45
10.1250 12.0000 4.1300 142 254 2
-11.8750 -10.0000 1.0200 152 253 48
20.1250 7.5000 3.4500 205 89 130
-23.3750 5.5000 0.1100 142 87 28
-27.3750 -2.0000 4.0000 168 254 16
17.3750 25.0000 2.7500 133 218 103
-15.0000 16.5000 2.4200 150 190 84
7.2500 -2.0000 8.2900 21 205 107
19.1250 -23.0000 3.9100 233 126 78
15.1250 1.5000 4.5700 119 242 134
6.8750 -19.0000 8.4900 19 180 100
10.8750 -12.5000 12.4400 3 116 92
-14.7500 22.5000 3.0000 154 192 84
10.6250 6.0000 6.5300 33 242 149
1.3750 -20.5000 8.0100 11 221 100
15.8750 -7.5000 3.9700 208 166 91
8.7500 -21.5000 4.0900 173 199 15
-20.1250 5.5000 1.7900 139 203 52
-14.3750 -22.5000 6.6100 106 242 162
-18.8750 -9.0000 0.1000 169 104 0
-2.1250 11.0000 0.1000 174 114 9
7.2500 -21.5000 8.6700 20 168 108
-17.2500 14.0000 1.5700 146 215 35
-17.1250 24.0000 1.9900 145 173 79
9.1250 -22.5000 12.2200 26 102 78
4.8750 -5.5000 2.4700 129 182 89
9.1250 -11.0000 11.8300 0 123 101
-14.8750 -23.0000 5.4600 124 254 152
2.7500 -15.0000 3.3100 156 176 73
16.5000 15.0000 6.4900 34 230 173
-3.5000 -19.0000 2.9700 150 214 97
-13.6250 18.0000 2.2000 161 214 68
5.1250 11.0000 2.3900 142 231 115
17.0000 -1.5000 3.5300 222 79 81
-7.2500 -4.0000 0.1000 171 121 27
4.1250 -14.5000 4.4300 106 254 63
18.6250 23.0000 4.2900 143 254 26
-9.3750 -19.5000 0.1500 168 105 27
19.7500 7.5000 3.3600 202 76 145
22.2500 24.0000 5.8000 74 253 124
7.2500 -19.0000 7.6300 37 176 142
-4.1250 -2.0000 0.1100 149 131 40
9.1250 -16.5000 4.1600 151 199 48
-13.7500 -7.5000 0.0900 163 137 29
6.6250 12.5000 1.0300 144 185 44
7.8750 -7.0000 2.8000 129 139 84
17.1250 25.0000 2.5200 131 228 96
3.6250 -21.5000 7.2900 18 216 103
-16.2500 -22.0000 6.3700 106 254 175
-5.1250 -23.0000 2.1800 139 222 83
-1.5000 0.5000 0.0900 146 110 34
-26.3750 3.0000 7.0200 35 250 157
8.0000 17.0000 1.5600 155 202 101
19.2500 6.0000 3.3100 195 72 169
6.7500 -4.0000 2.1300 137 161 73
2.1250 18.0000 0.1000 147 108 29
1.2500 26.0000 0.1000 153 126 30
10.6250 19.5000 2.0400 135 203 77
8.6250 -10.0000 11.6900 0 142 101
-26.5000 10.0000 0.2700 136 139 57
11.7500 -16.5000 4.5500 136 219 123
16.3750 14.5000 5.6000 53 254 169
-13.1250 -7.5000 0.0900 156 148 39
-2.5000 -10.0000 3.6500 190 247 0
1.5000 -21.5000 4.1400 140 254 0
-17.6250 4.5000 1.2500 158 225 36
18.1250 14.5000 8.2200 11 203 153
-18.7500 11.0000 0.3300 148 123 58
18.5000 26.0000 3.0300 150 181 97
21.7500 5.5000 3.4900 197 83 136
-2.6250 -22.5000 10.7600 9 198 70
0.0000 -4.0000 0.6000 161 164 0
3.7500 9.5000 2.4400 139 254 57
-4.6250 -22.0000 2.6300 129 228 103
22.2500 20.0000 5.2800 78 254 126
7.7500 -3.5000 4.3100 124 254 21
-24.6250 2.5000 3.0800 171 201 87
11.8750 -6.5000 4.7400 115 253 132
0.1250 -7.0000 5.4700 81 254 138
-9.0000 26.0000 2.9300 146 219 78
-7.7500 6.5000 0.0900 173 128 18
10.1250 12.0000 2.6200 134 177 113
-14.8750 15.0000 2.2500 156 177 53
5.0000 14.5000 0.2400 146 104 43
-8.3750 11.5000 0.1000 189 126 0
18.0000 -16.5000 4.4400 162 203 128
-15.8750 14.5000 3.1700 165 198 92
21.7500 10.5000 3.3100 167 98 134
12.1250 -4.5000 5.5600 82 251 155
10.7500 17.5000 2.9500 145 193 113
11.3750 22.5000 2.5800 139 210 91
3.6250 -6.5000 2.7000 132 193 106
6.3750 0.0000 1.4900 146 131 45
-11.3750 24.5000 2.7900 143 214 103
-7.7500 -17.5000 0.0800 156 96 16
6.6250 0.0000 1.9800 136 190 75
-21.3750 2.5000 0.1200 140 119 20
-0.8750 -21.0000 3.8700 154 254 0
20.8750 -13.0000 3.7800 223 95 103
16.7500 -18.0000 6.5400 82 144 222
10.7500 -13.0000 12.5200 9 102 99
-16.6250 11.5000 1.4300 151 199 46
10.8750 -3.0000 7.3000 15 219 123
-3.1250 -23.0000 9.8300 20 203 71
6.5000 18.0000 1.8200 170 211 84
8.1250 -14.0000 11.2400 0 151 107
18.7500 -13.5000 3.8300 227 121 81
12.3750 -23.5000 4.1200 187 145 70
-10.6250 -22.5000 0.1400 154 117 51
-6.8750 -3.5000 0.1100 165 118 17
13.6250 -9.0000 3.7800 208 140 73
17.1250 10.5000 4.6300 109 254 104
-21.7500 -15.5000 0.1000 176 129 0
15.0000 9.0000 4.9900 92 254 157
-22.2500 4.5000 1.1200 154 219 0
-2.7500 -2.0000 0.0900 147 130 39
12.2500 -4.0000 5.7700 79 236 163
1.7500 12.0000 0.0900 154 147 1
-20.6250 5.0000 1.5600 140 201 42
12.6250 8.5000 3.7600 185 207 12
-25.1250 20.0000 0.1000 137 112 0
19.2500 -20.0000 4.6000 182 197 161
-26.0000 1.5000 5.6700 76 254 143
-2.6250 5.0000 0.0800 166 116 27
14.3750 2.0000 4.7200 109 239 134
7.8750 4.0000 5.9400 54 254 134
2.8750 -23.0000 7.8300 22 197 82
-3.1250 -19.0000 2.8600 143 223 104
-8.7500 -2.5000 0.1100 183 119 27
3.1250 -20.5000 7.3300 19 219 111
-14.0000 -16.0000 0.4100 168 161 15
18.5000 22.0000 4.8100 98 254 107
16.8750 15.0000 4.5100 101 254 76
-0.2500 13.5000 0.1000 163 143 31
9.5000 6.0000 4.8300 89 254 109
-26.0000 12.5000 0.1000 150 112 21
16.5000 3.0000 3.7600 200 157 74
-19.7500 -15.0000 0.0900 158 139 21
17.2500 20.0000 8.9700 8 207 106
1.2500 9.0000 0.0900 148 116 36
-24.8750 -15.0000 0.0900 181 138 0
8.1250 -2.0000 8.2800 28 212 100
4.8750 1.0000 7.9500 27 212 97
9.5000 -16.0000 7.7800 33 156 158
1.3750 -0.5000 2.9600 147 218 77
-6.5000 -2.0000 0.1100 166 117 15
4.2500 4.5000 5.7600 67 254 149
-22.7500 0.5000 0.1100 148 135 12
7.3750 1.0000 9.9500 0 203 98
-13.8750 -3.5000 0.1100 174 103 0
-27.5000 18.0000 0.1600 127 139 18
3.1250 -7.0000 3.5000 174 206 26
-11.8750 -15.0000 1.6800 166 224 92
-11.3750 26.0000 3.4700 184 222 39
21.8750 -0.5000 7.1600 109 146 251
21.8750 8.0000 3.4500 192 96 129
20.6250 -12.5000 3.7600 225 87 108
-11.0000 -17.5000 1.7400 164 218 82
-0.8750 -1.5000 1.6600 165 235 55
3.6250 -10.5000 8.8400 2 218 104
13.7500 -1.5000 4.6200 111 244 98
11.7500 -18.0000 4.0600 198 157 65
18.0000 5.0000 3.3400 191 85 177
9.5000 13.0000 3.3500 172 196 61
2.3750 -18.0000 9.6800 0 205 97
14.6250 -14.5000 4.6200 138 212 156
6.8750 -2.0000 2.6000 138 171 99
3.0000 25.5000 0.0900 169 111 54
-1.6250 -4.0000 1.3700 150 236 33
-3.2500 -13.5000 0.1100 124 126 70
21.1250 -12.5000 7.2500 94 112 240
12.1250 12.0000 5.0100 79 254 140
11.6250 -14.0000 4.8700 112 242 170
13.3750 -3.5000 7.3000 27 192 163
-15.1250 21.0000 3.2700 184 206 67
14.1250 -3.5000 3.6600 189 158 37
-24.8750 13.0000 0.1400 151 108 22
21.7500 -11.5000 7.1800 102 107 247
15.1250 7.5000 4.8300 98 254 134
7.2500 -18.5000 8.5500 16 179 102
13.6250 -14.5000 4.3500 155 228 105
4.1250 -21.0000 7.3500 17 214 104
-17.0000 -3.0000 0.1000 167 112 18
-1.0000 -19.0000 2.6700 126 222 92
-27.2500 -6.0000 0.1100 144 132 33
1.5000 -7.5000 5.3400 78 254 134
-17.1250 8.5000 1.6100 155 242 56
17.0000 18.5000 8.8900 5 196 107
-17.6250 -3.5000 0.1000 170 109 16
-2.1250 16.0000 0.0900 184 134 0
1.5000 -7.0000 5.2200 84 254 127
-25.2500 13.5000 0.1100 133 110 47
-1.6250 -12.0000 4.3500 133 254 48
-4.3750 3.5000 0.1000 175 129 2
10.2500 -15.0000 10.7400 3 115 118
4.8750 -15.0000 6.4900 30 245 147
-18.3750 -13.0000 0.1600 184 137 0
17.0000 22.0000 5.7700 63 254 140
-17.3750 24.0000 2.3500 140 198 105
0.8750 -12.0000 5.4100 76 254 155
-26.5000 0.5000 6.3900 67 254 139
-0.5000 -14.0000 4.2300 130 254 34
-1.2500 -22.5000 4.0700 136 254 0
-18.6250 26.5000 1.5700 147 123 77
-15.6250 -13.0000 0.1000 171 130 32
-14.1250 1.0000 0.1100 188 140 0
11.2500 -12.0000 10.5200 5 134 113
2.2500 3.0000 6.3800 58 254 137
9.3750 14.0000 1.7700 150 167 55
-21.0000 17.0000 1.6900 148 196 46
14.6250 2.0000 4.7200 109 238 135
-16.3750 -16.0000 0.1700 147 127 53
8.0000 16.5000 1.2600 166 207 49
12.5000 15.5000 3.3100 155 200 78
16.8750 18.5000 5.7900 50 254 154
-25.0000 7.0000 4.9200 102 254 110
10.0000 7.5000 5.0300 78 254 124
-13.7500 23.5000 3.0500 154 191 81
-1.3750 -18.5000 3.1700 137 213 95
13.6250 14.0000 3.3300 159 197 68
0.3750 -10.5000 4.2600 126 254 36
21.5000 9.0000 3.3200 175 105 136
12.5000 1.0000 5.1700 79 254 165
-1.5000 -12.5000 0.2600 145 129 23
-26.5000 25.5000 2.3900 118 254 109
7.8750 -19.0000 6.8500 52 189 142
15.5000 -17.5000 6.7800 76 136 222
18.7500 18.5000 5.7300 58 254 175
5.8750 17.0000 0.4000 144 131 28
-1.6250 -14.0000 0.5200 135 149 33
3.8750 5.0000 5.9200 59 254 149
-3.3750 17.5000 0.0900 176 117 0
11.0000 8.5000 3.2100 151 177 76
-9.5000 -23.5000 0.1100 155 114 48
19.7500 19.5000 8.0300 16 191 134
-8.7500 4.5000 0.1000 186 132 7
9.1250 -3.0000 5.6400 64 245 150
-12.8750 -19.5000 0.8100 177 159 32
8.5000 22.0000 0.1400 140 94 18
12.6250 -12.0000 3.8000 215 153 67
4.7500 -14.5000 4.1900 126 254 25
20.6250 0.0000 7.0900 89 165 254
-2.8750 -19.0000 2.9200 149 215 98
5.2500 -5.0000 2.0400 127 177 77
-4.8750 -22.0000 2.8200 143 230 75
-27.6250 13.0000 0.2900 136 137 51
3.0000 6.5000 2.9500 161 205 93
20.0000 -8.5000 7.1900 103 129 254
7.0000 19.0000 0.1200 153 122 11
-23.8750 22.0000 0.9500 155 144 25
13.3750 6.0000 4.2100 138 254 36
3.6250 7.0000 3.1400 174 204 69
-13.0000 -15.0000 0.3000 157 130 40
-15.1250 22.5000 2.7100 144 192 99
-24.6250 21.5000 0.8600 147 154 2
-11.3750 3.0000 0.1100 190 140 0
19.5000 8.5000 3.3000 190 94 140
-6.1250 -13.0000 1.0900 153 216 31
3.3750 -6.5000 2.8300 134 193 106
11.0000 -14.0000 9.6600 15 120 131
16.5000 19.0000 7.5600 17 201 143
0.8750 -12.0000 5.3500 78 254 153
-4.2500 13.5000 0.1800 179 146 2
6.2500 7.5000 4.6600 105 254 71
-12.3750 16.5000 0.1200 142 124 13
8.6250 -17.5000 7.2000 54 154 171
-27.1250 4.5000 5.7600 70 254 161
1.0000 -7.5000 5.2900 80 254 135
-26.7500 -20.0000 5.3800 143 254 139
18.6250 -7.0000 7.1400 98 129 254
-13.0000 -19.5000 0.7700 175 157 32
-27.2500 -10.0000 0.1100 164 152 7
-4.0000 1.0000 0.0900 157 107 26
19.1250 -16.0000 3.7400 237 103 66
20.6250 -21.0000 3.9200 242 137 65
15.8750 18.5000 8.1700 9 210 123
-2.0000 -10.5000 4.0600 157 254 0
17.8750 13.5000 6.1700 53 224 189
-14.8750 -14.5000 0.1100 150 140 26
-8.3750 -10.5000 1.7800 158 200 50
10.7500 -4.5000 5.0800 77 254 117
-0.6250 -5.5000 1.0800 142 198 31
4.6250 5.5000 4.3400 131 254 33
-12.7500 9.0000 0.1100 170 168 5
-19.0000 -7.5000 0.0900 178 103 0
2.3750 3.5000 6.3800 58 254 140
12.5000 17.5000 3.5300 166 218 19
-19.5000 25.0000 1.6100 152 129 82
17.6250 -21.5000 3.9900 223 135 72
2.3750 2.5000 1.4400 133 224 54
5.8750 -17.5000 3.7700 174 191 0
-20.0000 25.5000 1.6200 149 132 84
-11.0000 0.0000 0.1000 170 135 7
16.1250 5.5000 4.1800 143 247 46
2.6250 -14.0000 3.9200 156 254 10
-16.3750 -18.0000 0.1000 163 87 23
11.2500 3.5000 8.2300 19 199 113
13.6250 7.5000 5.2100 80 254 150
15.6250 -11.5000 3.8100 235 137 89
-4.2500 -18.0000 1.5100 158 194 52
-18.2500 -5.0000 0.0700 175 121 0
-23.7500 5.0000 1.8500 149 254 45
5.5000 3.0000 5.6000 63 254 148
-19.8750 13.5000 0.0300 130 113 0
-1.3750 -2.5000 1.7500 145 254 45
2.1250 7.5000 1.3800 160 209 63
-12.8750 -14.5000 0.1600 156 119 37
-17.2500 23.0000 2.5100 140 209 112
-17.5000 -6.5000 0.1000 178 112 0
-27.0000 5.0000 4.3200 120 254 46
-4.0000 -15.5000 2.1200 146 217 63
-1.2500 6.0000 0.1000 162 118 28
-27.2500 -8.5000 0.1000 149 130 31
-25.3750 -22.0000 5.4300 136 254 155
2.8750 7.5000 1.5700 166 217 48
-14.8750 -17.5000 0.1700 170 89 12
12.1250 -22.5000 4.0600 199 150 62
-23.2500 16.0000 0.1000 148 118 14
19.2500 17.0000 8.4300 6 201 141
1.2500 -20.5000 8.4400 8 218 91
1.1250 -18.0000 10.1500 0 205 101
16.7500 -20.5000 4.0200 229 145 59
19.8750 23.0000 5.1900 86 254 137
-23.5000 -2.0000 0.1100 144 136 16
14.8750 -18.5000 4.4800 160 202 137
9.5000 1.5000 8.6100 18 179 101
-20.1250 5.0000 1.4500 153 184 36
-19.8750 3.5000 0.8500 167 174 5
-7.6250 -17.5000 0.0800 155 97 17
-14.5000 -12.0000 0.1000 162 143 13
-10.2500 -12.5000 2.5100 132 230 89
-25.8750 -22.0000 5.4500 137 254 153
18.2500 1.5000 3.6900 226 116 99
-26.5000 2.0000 1.4700 128 214 65
17.5000 22.0000 4.4200 117 254 37
4.5000 -1.0000 5.6400 64 254 136
-27.5000 3.0000 1.9300 143 204 85
6.3750 -14.5000 8.3900 4 188 117
9.5000 8.0000 5.4600 67 254 153
16.5000 21.0000 6.4500 41 243 153
-14.5000 21.0000 3.6800 196 247 2
-1.0000 -23.0000 6.5700 44 249 121
9.5000 -17.0000 4.1100 163 198 40
-2.3750 -20.5000 2.8900 144 209 99
11.7500 -12.0000 3.8800 196 173 58
18.2500 25.5000 3.1500 164 178 85
-17.5000 9.5000 2.1800 152 253 94
13.6250 12.0000 4.3100 127 254 47
-18.3750 15.0000 3.3700 177 203 62
9.6250 -0.5000 3.7700 176 228 0
9.6250 0.5000 3.0500 137 192 86
16.3750 -7.0000 7.2000 80 141 243
1.5000 -17.0000 2.9500 142 199 88
22.2500 -10.5000 7.2000 113 109 254
-25.1250 -20.0000 5.3500 141 254 160
-9.5000 3.0000 0.1000 188 127 14
10.0000 0.0000 4.7500 91 254 101
2.0000 4.0000 0.1000 146 127 21
20.8750 -2.0000 7.1600 107 150 254
-1.0000 14.0000 0.1000 174 138 3
8.5000 -12.5000 9.6700 1 157 112
12.0000 -10.5000 3.7800 196 154 48
-24.0000 -11.5000 0.0800 185 119 0
1.2500 -16.0000 6.8300 31 251 140
15.7500 -16.0000 4.3800 167 215 107
3.1250 25.5000 0.1000 169 112 55
-25.0000 12.0000 0.1000 156 99 13
5.5000 12.0000 0.1000 140 113 4
7.3750 -15.0000 9.4800 0 173 96
6.3750 -7.5000 2.6500 121 151 86
-24.1250 3.0000 5.7300 62 254 145
4.6250 -5.5000 2.4800 129 184 92
-25.7500 7.5000 5.0400 98 254 135
-7.2500 -22.5000 1.4300 160 211 43
7.1250 -1.0000 6.2500 47 254 151
-13.6250 -20.0000 0.2700 155 131 45
-27.3750 7.5000 7.4600 38 225 149
19.1250 0.5000 7.1600 77 167 254
-19.3750 -21.5000 5.5200 143 254 147
22.0000 14.5000 3.2200 142 123 112
2.3750 -11.0000 8.9000 9 221 105
-16.2500 10.5000 0.2300 129 123 37
-15.3750 -19.0000 0.8900 174 191 39
-19.8750 3.5000 0.1500 142 143 15
4.8750 1.0000 4.6700 104 254 58
-21.6250 7.0000 0.1100 134 143 17
14.3750 9.5000 4.8600 95 254 137
-16.0000 24.0000 2.8600 145 188 110
10.6250 11.0000 2.5800 135 171 101
-27.3750 -17.5000 5.5600 131 254 148
-17.2500 7.5000 1.5800 148 223 57
19.8750 1.5000 7.1000 81 162 254
22.1250 -14.5000 3.8100 208 108 94
-11.2500 22.5000 1.9800 160 222 30
-27.1250 11.5000 0.8100 137 228 48
-21.3750 16.5000 1.2900 149 183 25
7.1250 -14.0000 10.1900 0 166 94
11.0000 -11.0000 10.5000 4 134 116
-17.8750 20.0000 2.5200 143 198 121
-7.1250 10.5000 0.0900 163 129 25
-7.2500 -5.5000 0.1300 161 140 30
3.2500 2.5000 5.0800 82 254 123
3.1250 9.5000 3.2600 170 222 49
22.3750 15.5000 3.2900 155 131 84
17.7500 -18.5000 4.7000 165 201 154
7.6250 -20.0000 6.2000 59 225 138
-0.7500 17.0000 0.0900 156 126 9
-23.8750 -20.0000 5.5600 134 254 168
0.1250 1.5000 1.5600 142 254 53
-25.6250 1.5000 4.0600 162 254 15
9.5000 2.0000 8.8200 10 191 100
5.8750 -22.5000 11.0700 18 140 54
-25.7500 -19.5000 5.5300 138 254 149
15.3750 23.5000 2.7000 145 206 80
19.5000 16.5000 7.7100 13 207 157
-13.6250 -23.0000 5.7100 129 254 154
-20.8750 20.0000 3.5600 200 208 17
2.8750 -19.5000 7.0600 28 222 114
-2.5000 -22.5000 5.7900 59 254 130
14.3750 14.5000 3.0000 142 138 106
-16.8750 24.5000 2.0900 153 184 88
3.6250 17.5000 0.1000 156 106 18
-8.3750 16.5000 0.0900 160 158 0
-17.1250 11.5000 1.5600 137 242 51
-2.3750 -9.0000 6.4000 72 254 150
0.8750 -20.5000 8.2200 8 221 101
12.1250 6.5000 6.0400 55 234 173
5.8750 -9.5000 3.0400 127 176 70
11.5000 -23.0000 4.0600 196 151 61
20.5000 24.0000 4.8600 102 254 107
4.6250 -10.5000 4.3000 115 254 15
-21.2500 21.5000 3.2000 182 193 75
7.8750 -14.5000 11.6900 0 150 82
9.3750 12.0000 2.2700 131 179 91
-22.3750 -16.5000 0.1100 168 123 8
-17.5000 8.0000 1.4000 154 231 49
-25.2500 1.0000 0.0900 121 113 42
1.6250 -23.5000 12.8300 20 157 30
5.7500 5.0000 7.0000 29 228 140
-18.7500 -13.0000 0.0900 185 123 4
10.6250 -2.5000 6.3500 48 210 147
14.6250 -20.5000 3.9900 224 131 71
-3.7500 -18.5000 2.2400 135 248 94
13.1250 -13.5000 3.7800 208 120 72
-14.3750 -7.5000 0.1000 164 132 30
-16.5000 -21.5000 0.1100 175 93 22
6.8750 7.0000 4.5600 101 254 63
-19.0000 11.5000 0.1000 140 97 66
11.3750 -19.5000 4.0400 209 163 64
3.3750 19.5000 0.0900 166 94 37
-0.6250 19.0000 0.0900 162 115 13
11.5000 12.5000 4.5600 108 254 83
9.6250 4.5000 5.6700 63 254 137
5.8750 -11.5000 10.8600 0 177 87
19.5000 -4.0000 7.1500 96 156 254
-17.7500 6.5000 0.2000 157 141 8
0.3750 0.0000 1.6500 166 229 68
10.0000 1.5000 8.2200 18 186 116
-25.7500 -20.5000 5.3700 140 254 160
3.6250 -10.5000 3.9900 147 254 0
-6.2500 -11.5000 2.1100 161 254 84
-25.7500 10.5000 0.1100 138 114 46
5.6250 -21.0000 7.7900 29 170 120
15.1250 18.5000 3.1700 141 161 99
2.5000 -1.5000 2.1100 128 235 77
-6.2500 -12.0000 1.8400 158 254 72
-0.2500 -1.5000 1.2000 149 211 59
-18.5000 -3.0000 0.0900 169 114 23
-16.8750 13.0000 2.0100 124 250 56
-11.1250 -11.5000 2.0200 139 238 89
-11.5000 -19.5000 1.8100 180 209 56
-20.6250 -15.5000 0.0900 177 126 0
7.0000 -19.0000 7.5100 39 180 143
-20.5000 16.5000 1.8900 147 210 55
9.7500 -11.0000 11.4200 0 124 109
20.3750 2.5000 7.1000 76 157 253
6.7500 -18.0000 9.6400 9 162 89
-18.0000 11.0000 0.6000 151 157 44
-14.7500 17.0000 2.3600 151 190 83
-11.0000 -11.5000 1.2500 144 217 63
-11.7500 -22.0000 0.1100 155 124 58
-18.5000 4.5000 1.0000 166 176 27
17.6250 -12.0000 3.8300 229 125 89
-20.3750 25.5000 1.6100 147 134 86
9.7500 7.0000 3.7200 174 207 1
-16.1250 21.0000 2.6900 146 193 114
18.7500 22.0000 4.7300 101 254 100
21.3750 -17.5000 4.7200 168 193 146
7.8750 19.5000 1.1000 163 190 35
20.3750 -15.0000 3.7700 236 108 69
-25.3750 2.0000 4.5700 112 254 82
-23.8750 4.5000 0.1300 148 107 14
-25.0000 4.5000 1.3300 143 192 50
16.1250 18.0000 8.2900 7 211 121
-4.5000 -15.5000 2.3300 148 223 77
18.3750 26.5000 0.4500 142 118 16
-10.8750 7.5000 0.0900 169 159 10
-13.3750 -15.0000 0.1300 153 119 39
16.3750 11.5000 5.0000 86 254 154
21.6250 -21.0000 4.0200 225 143 72
-25.0000 -22.5000 5.4500 135 254 147
-27.2500 15.5000 0.1200 135 143 3
17.6250 25.5000 3.0700 154 181 94
-6.1250 1.5000 0.1000 172 143 13
4.3750 -14.0000 4.1800 125 254 27
-15.7500 20.5000 2.8600 154 189 111
-16.0000 20.0000 3.1400 169 195 89
12.8750 -0.5000 5.0200 85 254 154
6.7500 8.5000 3.2300 167 175 68
3.3750 -19.0000 8.7200 12 208 87
-5.7500 5.0000 0.0900 175 120 2
-11.0000 6.5000 0.1400 166 143 14
15.0000 2.0000 4.7500 111 241 153
11.5000 11.5000 4.4800 110 254 72
-26.7500 13.0000 4.1400 147 254 12
-10.6250 12.5000 0.1000 168 141 11
-0.3750 -3.0000 0.7700 160 181 12
-19.5000 -23.0000 5.3700 150 254 138
15.2500 12.5000 4.6700 100 254 112
-10.5000 -9.5000 1.1000 143 219 34
0.3750 -20.0000 9.2300 2 214 83
18.1250 15.5000 5.5800 65 254 185
-26.3750 22.5000 1.1700 137 161 36
13.2500 14.5000 3.0700 148 174 106
6.2500 -10.5000 11.7400 0 167 80
9.3750 -20.5000 4.0900 199 206 36
21.6250 0.5000 7.1300 96 154 249
17.6250 16.5000 7.7200 19 212 133
0.5000 -19.5000 8.8300 6 217 88
12.5000 22.5000 2.9600 149 195 85
10.0000 -14.5000 9.9800 6 120 131
-1.3750 -17.5000 9.1500 17 226 102
8.8750 17.0000 1.8300 139 198 84
-18.2500 10.0000 1.6200 152 247 64
10.2500 5.5000 4.2400 125 254 8
9.7500 20.5000 2.3900 143 217 125
8.8750 -4.0000 6.7700 33 217 142
-24.2500 21.5000 0.7000 149 136 0
-26.1250 3.5000 6.8300 40 254 160
15.8750 -3.0000 3.6100 232 117 71
7.6250 -8.0000 3.6200 165 220 11
-13.8750 8.5000 0.1000 151 126 6
5.6250 -18.5000 6.1600 59 230 134
12.7500 19.5000 3.5800 171 212 4
11.8750 -8.5000 3.7100 205 133 73
2.7500 -18.5000 8.4100 16 197 97
14.2500 -13.5000 3.8000 209 135 70
17.1250 -19.5000 4.0200 214 146 55
8.3750 12.5000 1.1700 154 178 19
10.5000 -3.5000 6.5800 38 216 139
18.1250 -5.0000 7.1100 88 149 254
15.6250 -3.5000 3.6900 231 132 64
6.0000 -19.5000 5.9800 68 238 140
-11.0000 26.0000 3.4100 184 215 47
-21.8750 26.0000 1.5400 141 201 77
5.5000 6.5000 2.5200 119 221 93
-23.1250 10.0000 1.9300 169 221 29
-24.2500 -22.0000 5.4000 135 254 152
8.1250 -5.0000 5.3400 55 254 122
14.1250 -1.0000 5.5700 83 230 178
-1.2500 -7.0000 3.8400 161 254 0
13.7500 14.0000 3.6100 169 231 25
6.2500 13.5000 1.6300 144 246 82
5.0000 -0.5000 7.0500 34 245 145
4.7500 23.0000 0.1100 175 101 42
15.5000 -20.0000 3.9800 228 133 62
13.2500 2.0000 4.2900 128 254 55
-9.0000 17.0000 0.0900 142 161 11
10.5000 -11.0000 9.7500 3 156 126
0.2500 -17.5000 9.5100 0 215 110
-16.6250 16.0000 3.1700 173 182 91
18.7500 -6.5000 7.1300 97 131 254
-24.3750 24.0000 2.5400 129 254 114
-1.2500 -21.5000 4.7600 102 254 71
15.2500 -14.0000 3.7700 225 110 71
1.1250 -14.5000 3.4100 176 196 52
22.2500 18.0000 8.4800 30 181 99
9.7500 8.5000 4.8500 88 254 110
9.1250 -9.0000 5.3000 67 254 147
9.7500 1.5000 8.6000 17 179 101
20.8750 -11.0000 7.1700 110 114 254
-3.0000 7.5000 0.1000 169 125 23
-19.5000 21.5000 2.3200 145 215 97
0.0000 -2.5000 2.1100 147 243 62
13.5000 12.0000 4.2200 137 254 32
-2.3750 -19.0000 2.5500 133 217 94
-13.7500 -6.0000 0.1100 177 119 35
-18.3750 -13.5000 0.1100 167 124 25
17.6250 19.5000 9.1000 12 187 104
-9.8750 -11.5000 2.1300 153 201 72
10.1250 1.5000 5.7600 57 238 147
17.0000 26.5000 1.9600 147 203 66
4.5000 12.0000 1.7300 161 254 39
1.6250 -15.0000 3.4300 171 199 43
-7.6250 -12.5000 0.5600 146 157 37
2.7500 6.5000 0.8800 141 177 19
-0.8750 4.5000 0.0900 146 126 54
-26.2500 4.5000 6.6900 47 246 158
5.8750 -17.5000 6.6000 39 210 140
14.1250 -22.5000 4.0200 212 126 70
15.8750 -22.5000 3.9700 227 120 67
1.1250 -16.5000 9.9400 0 207 104
-22.5000 -16.5000 0.0900 167 121 9
-0.5000 -13.5000 2.2900 147 206 115
5.8750 -9.5000 12.5600 0 167 71
-19.0000 -18.0000 0.0900 143 134 17
-26.1250 -20.0000 5.4100 141 254 156
5.7500 -8.0000 2.1400 119 138 55
6.3750 8.0000 3.4400 185 181 30
-25.6250 -7.5000 0.1100 158 124 10
-16.1250 -21.5000 5.2700 125 254 173
-4.7500 10.5000 0.0900 179 121 0
-20.7500 -7.5000 0.1100 188 112 0
20.6250 -21.0000 4.0000 233 151 66
2.6250 6.0000 0.7000 133 164 19
-18.3750 8.0000 1.6700 158 243 67
-10.3750 -13.0000 0.9000 143 166 63
-20.2500 24.0000 1.6300 146 165 75
6.1250 -19.0000 5.7800 71 254 132
6.7500 17.5000 2.0100 171 217 91
1.3750 -14.5000 3.4700 176 201 40
10.2500 -7.5000 6.9400 38 195 152
9.1250 -1.5000 7.5600 25 224 118
15.3750 -16.0000 6.4800 78 152 228
-17.1250 14.5000 2.4200 123 236 82
-9.8750 -11.5000 0.8800 156 170 65
18.2500 10.5000 3.4900 182 143 89
-18.7500 17.5000 3.8700 176 254 0
7.3750 11.5000 1.1600 147 185 42
-26.1250 -18.0000 0.1000 181 128 0
-26.3750 22.0000 0.1200 125 104 25
-24.8750 7.5000 0.2400 126 108 62
5.5000 2.0000 6.1400 53 254 151
5.3750 -3.5000 1.4300 137 135 15
-25.6250 23.5000 1.7500 152 218 77
5.1250 6.0000 4.8500 95 254 89
-17.6250 -7.5000 0.1000 176 113 7
10.5000 8.5000 4.8900 85 254 112
-27.2500 -14.0000 0.1200 167 148 6
21.2500 -13.0000 3.7700 221 93 106
-5.7500 0.5000 0.0900 174 118 10
-9.6250 8.0000 0.1000 187 155 0
6.3750 15.0000 0.2000 134 99 25
15.8750 16.0000 3.8600 158 251 16
1.1250 -0.5000 2.7700 142 228 100
15.5000 1.0000 3.4800 205 93 97
12.8750 18.0000 3.5400 166 219 19
7.2500 -13.0000 12.0700 0 148 76
0.3750 -14.5000 5.0600 85 254 133
6.1250 -20.5000 8.1000 23 171 123
19.6250 -2.0000 7.1500 98 158 254
3.8750 6.0000 4.3600 130 254 39
-12.1250 23.5000 2.6600 145 218 96
4.7500 1.5000 0.5200 125 130 14
14.5000 18.5000 2.9100 137 171 102
-4.0000 -20.0000 2.1500 141 253 62
-15.5000 25.5000 1.9400 133 187 85
13.6250 5.5000 6.9100 25 206 170
-0.7500 -21.5000 9.9600 2 190 84
17.3750 17.0000 4.2700 119 254 21
-22.8750 7.0000 0.1100 145 116 32
19.3750 -15.5000 3.7500 240 106 65
-24.6250 8.5000 3.9000 185 254 0
1.3750 21.5000 0.0800 169 124 0
-25.3750 7.5000 0.4400 129 130 63
8.8750 13.0000 1.6400 151 156 48
-0.7500 0.5000 0.0900 137 137 11
8.1250 10.0000 4.8600 101 254 96
-9.7500 -8.5000 1.4700 161 214 30
-10.0000 -6.5000 0.1200 146 167 50
-18.2500 25.5000 1.6600 150 137 78
-27.1250 23.5000 0.1000 119 104 32
-27.3750 -7.5000 0.2600 150 133 31
20.1250 23.5000 4.6000 117 254 78
-21.3750 -2.0000 0.0800 169 134 0
-20.6250 -4.0000 0.0800 155 142 12
1.8750 -11.0000 4.3000 116 254 42
12.5000 -10.0000 3.7700 201 154 46
-21.7500 -10.5000 0.1100 192 128 16
-10.3750 -16.0000 2.0400 156 221 100
-10.7500 -9.5000 1.6300 152 216 48
2.6250 -9.0000 4.0100 149 254 0
18.7500 -9.5000 7.1400 103 133 254
6.2500 19.0000 1.1600 165 199 49
-5.6250 -20.0000 0.1300 159 69 22
7.6250 18.0000 1.9400 168 211 82
-1.1250 -21.0000 4.0000 146 254 0
16.8750 -15.5000 3.7700 226 112 52
3.7500 -21.5000 7.2900 18 216 103
4.7500 5.0000 2.5700 152 221 77
0.5000 -16.5000 2.5500 126 236 86
-23.6250 0.5000 3.4000 199 207 41
5.3750 -18.5000 6.4200 49 214 131
12.1250 12.5000 4.8600 89 254 126
4.0000 21.0000 0.1000 169 96 36
20.0000 17.0000 7.2400 17 204 171
-26.5000 20.5000 0.0900 130 119 20
-2.8750 3.5000 0.1000 175 121 34
15.1250 20.0000 2.8900 140 181 98
7.0000 3.5000 8.7300 12 202 98
7.5000 4.0000 6.2700 42 254 146
-5.6250 -11.0000 1.3600 154 237 50
12.0000 18.0000 3.4100 156 208 49
11.8750 22.5000 2.7500 148 188 85
-2.0000 25.0000 0.0900 169 113 3
20.3750 7.0000 3.4100 200 84 139
9.8750 -21.0000 4.0400 208 193 33
-25.5000 -19.0000 5.6200 135 254 153
-27.2500 9.0000 4.1400 145 254 26
8.6250 -22.5000 4.1200 166 194 23
3.8750 7.0000 2.6400 151 223 93
20.5000 8.0000 3.3700 197 81 142
7.2500 -18.0000 4.1400 142 248 0
-18.3750 20.5000 2.0700 144 182 83
-15.0000 -22.0000 0.3600 188 116 16
-5.2500 6.0000 0.1000 175 117 2
17.2500 -16.5000 4.6200 142 194 141
-26.8750 16.0000 0.1100 135 141 1
-25.7500 25.0000 2.6100 117 254 123
-7.7500 20.5000 0.1000 153 169 0
11.1250 -8.0000 4.3600 129 245 79
-25.6250 13.0000 4.4900 123 254 47
19.8750 -15.0000 3.7100 244 95 75
13.1250 19.5000 3.2700 154 190 49
-9.3750 21.0000 0.0900 154 180 0
-23.7500 2.0000 4.2500 136 254 38
3.6250 17.0000 0.0900 157 105 17
-3.1250 18.0000 0.0900 175 118 0
13.2500 -5.5000 3.7800 208 170 57
11.3750 -1.0000 4.8500 97 254 113
-2.5000 -15.5000 4.3300 146 254 19
8.8750 -13.5000 11.8300 0 130 93
8.2500 21.0000 1.8500 155 254 75
4.6250 -1.0000 3.0600 145 223 80
11.3750 -12.0000 11.9400 8 107 112
-11.0000 -10.5000 1.8700 150 236 74
-14.1250 -12.5000 0.1100 160 146 11
1.7500 -5.5000 2.2300 134 229 72
-13.8750 -8.0000 0.1100 161 133 40
9.7500 1.5000 3.3100 140 188 88
22.1250 18.5000 5.4300 71 253 138
-0.3750 -6.0000 5.1800 91 254 128
20.5000 -21.5000 3.9200 241 136 66
-18.1250 -9.0000 0.0900 170 96 0
18.1250 25.0000 3.7200 197 224 6
8.0000 15.5000 2.3000 151 254 102
-1.7500 0.5000 0.1000 148 111 34
-25.1250 1.0000 0.9100 148 164 26
2.7500 11.5000 0.0900 137 116 32
15.6250 1.0000 3.3800 196 87 115
4.7500 -17.5000 8.1800 11 209 102
-20.3750 21.0000 3.1800 178 194 73
11.5000 16.0000 3.5000 165 225 28
19.0000 26.5000 3.2500 159 172 85
6.7500 -14.0000 10.0800 0 168 96
7.5000 3.5000 8.8800 11 198 92
12.5000 -11.5000 7.7500 43 147 198
10.3750 -4.0000 4.9100 82 254 102
19.6250 -18.5000 4.7400 168 209 162
8.7500 5.5000 4.1500 133 254 0
1.2500 -23.0000 3.7600 171 207 0
-7.1250 -7.0000 0.1300 159 140 52
7.2500 -18.5000 9.1700 13 168 91
13.7500 7.5000 5.1600 82 254 147
11.0000 -10.5000 8.3300 28 186 120
12.1250 2.5000 6.4100 40 221 178
18.1250 -17.5000 4.6500 161 208 147
-19.1250 16.0000 3.3700 171 210 59
12.6250 -2.0000 8.9800 12 154 129
1.1250 18.0000 0.0700 154 118 5
-18.0000 19.5000 3.2900 172 179 83
-24.0000 -23.0000 5.4200 144 254 139
-15.6250 23.5000 3.0300 157 183 96
-16.7500 -21.5000 5.3600 141 254 162
-1.7500 -14.0000 3.8400 181 254 0
-2.6250 4.5000 0.0900 173 124 28
3.3750 -18.0000 8.1200 10 211 109
-26.8750 8.5000 0.5900 130 158 71
-2.7500 16.5000 0.1400 177 118 0
-23.8750 25.0000 2.7000 124 254 113
-1.2500 1.5000 0.0900 159 140 30
2.8750 -22.0000 9.1500 15 196 72
21.2500 10.0000 3.3100 170 98 136
-3.0000 16.5000 0.0900 176 117 0
-10.1250 -12.5000 0.7800 143 194 66
-3.3750 15.5000 0.0900 181 146 0
8.0000 -23.0000 13.0600 16 101 73
18.1250 -13.5000 3.8200 236 124 91
21.1250 -22.0000 3.9100 235 127 71
-8.7500 19.5000 0.1000 153 176 0
-24.2500 1.5000 4.3400 140 254 43
0.8750 -6.5000 5.0300 95 254 113
-2.7500 10.5000 0.0900 172 118 13
-16.5000 -18.5000 1.2800 170 179 46
-8.3750 -13.5000 2.6000 162 189 101
-25.2500 18.5000 0.1000 139 150 0
21.6250 10.0000 3.3100 168 99 134
22.3750 9.0000 3.5700 165 145 89
13.6250 8.5000 5.4500 69 254 163
-11.1250 -17.0000 1.9000 163 219 91
9.6250 -18.0000 4.0900 174 198 38
-19.5000 9.0000 1.5100 152 241 63
15.1250 -15.0000 3.7900 224 116 62
5.0000 8.0000 3.6500 180 224 0
-20.1250 -21.5000 5.3600 146 254 146
1.7500 -16.5000 3.3200 161 190 51
11.0000 3.5000 8.2800 14 190 103
10.7500 -20.5000 4.0400 209 187 39
20.1250 11.0000 3.3800 174 115 111
9.8750 -8.5000 4.1000 150 251 16
-15.1250 6.0000 0.1100 142 127 19
12.8750 5.0000 7.9100 12 196 152
-15.1250 -2.5000 0.1200 180 102 0
21.5000 -4.5000 7.1400 118 122 254
4.6250 12.5000 0.1000 137 104 33
8.6250 -12.0000 9.6500 5 164 120
19.5000 -16.5000 5.1100 138 208 198
-11.1250 -18.5000 0.3700 140 124 39
7.3750 -0.5000 6.5300 39 254 147
3.0000 -15.0000 3.6500 175 206 20
-5.6250 -10.5000 0.5100 159 165 8
-8.5000 4.5000 0.1000 186 132 7
18.1250 -7.5000 7.1100 104 142 254
-19.3750 7.5000 1.8200 145 232 93
-11.5000 -5.0000 0.1100 160 138 15
17.6250 17.5000 5.6300 59 254 163
11.8750 -1.5000 6.9500 32 201 164
5.8750 -16.0000 6.3100 47 227 144
-10.1250 23.5000 0.5400 146 169 3
-12.7500 21.5000 2.6300 147 208 110
-20.5000 6.0000 0.2100 135 143 10
2.2500 -11.0000 1.7000 132 215 50
14.0000 1.0000 4.8300 97 254 137
10.2500 -1.5000 6.0000 64 219 142
-14.1250 12.0000 0.1100 141 100 24
-24.2500 21.5000 0.6700 149 134 0
11.2500 -11.5000 10.6800 5 131 113
-4.8750 -19.5000 0.1400 155 72 21
-15.2500 -22.5000 5.5600 118 254 165
10.0000 19.0000 1.9200 130 197 83
-13.3750 -20.5000 1.4200 181 203 49
12.1250 13.0000 3.5400 162 228 38
2.6250 14.5000 0.1300 158 104 46
-14.0000 -13.5000 0.1000 157 145 0
17.6250 20.0000 5.7200 61 254 160
20.3750 -13.5000 3.7700 227 96 99
19.6250 -16.0000 3.7300 245 94 82
21.0000 20.0000 5.4100 72 254 143
15.7500 -17.0000 6.5400 82 142 225
7.7500 9.0000 4.8800 100 254 104
8.8750 7.5000 4.4100 115 254 35
10.2500 -16.0000 7.8300 48 131 172
-17.3750 9.0000 2.0300 156 250 81
4.8750 6.5000 0.4000 119 134 8
4.6250 5.5000 5.7600 62 254 142
-21.1250 -0.5000 0.1000 159 113 3
-17.6250 -19.0000 1.2700 202 180 14
16.2500 13.0000 4.9700 87 254 145
-25.3750 0.0000 3.1700 181 194 97
7.8750 -12.5000 10.9500 0 172 80
-2.6250 15.5000 0.0900 182 140 0
3.6250 -1.0000 3.0800 157 224 48
17.1250 2.5000 3.5700 203 114 102
-23.0000 22.0000 2.4000 144 213 109
2.2500 -22.5000 3.8300 166 215 0
7.8750 -18.0000 8.1000 19 179 110
-23.2500 -5.5000 0.1200 157 120 14
4.8750 -18.5000 5.8500 58 250 130
21.1250 -13.0000 3.7600 224 90 106
5.2500 -6.5000 2.3100 115 171 74
2.0000 -18.5000 9.7900 0 193 91
-25.8750 11.5000 0.1000 154 109 18
20.7500 -18.5000 4.5200 185 187 125
13.0000 7.0000 4.9400 88 254 136
2.8750 -9.0000 3.9000 163 254 0
9.0000 -22.5000 12.3200 25 102 78
-10.8750 -16.0000 2.1600 156 217 113
18.6250 -8.5000 7.1400 103 134 254
15.5000 25.5000 2.1200 143 190 51
-2.7500 -23.0000 3.3800 158 214 19
2.5000 -15.0000 3.0800 139 186 98
2.0000 -9.5000 4.0900 142 254 7
-18.2500 6.0000 1.7400 145 222 78
0.0000 -16.5000 1.8100 130 220 43
-17.2500 21.5000 2.0000 139 175 74
21.7500 6.0000 3.4400 188 96 142
-11.8750 -21.5000 0.1200 155 124 56
-21.8750 -6.5000 0.1100 160 123 24
-0.6250 -23.0000 6.9700 37 236 115
-13.1250 -6.5000 0.0800 159 144 23
12.3750 26.0000 2.7600 138 226 98
4.0000 2.5000 5.0300 85 254 117
6.0000 0.0000 5.5700 67 254 157
-6.8750 17.0000 0.0800 167 134 11
17.1250 10.0000 4.3300 120 254 52
19.0000 -23.0000 3.9100 233 126 78
18.8750 22.5000 4.6000 117 254 82
4.0000 -7.0000 3.7800 172 238 0
-19.3750 -13.0000 0.1700 185 134 6
11.5000 -19.0000 4.0600 205 158 68
8.2500 9.5000 4.9200 87 254 111
11.1250 17.0000 3.7000 176 226 0
-25.1250 14.5000 0.1100 150 107 26
19.8750 11.5000 3.3500 174 111 117
5.3750 -13.5000 8.2300 7 207 107
-22.1250 26.5000 1.9800 139 243 84
11.7500 6.5000 4.6500 99 254 105
-24.8750 -20.5000 5.3800 138 254 163
8.7500 -11.0000 11.9400 3 123 98
0.8750 0.0000 3.0400 153 218 77
5.6250 16.5000 0.1000 143 95 7
-26.8750 -2.5000 1.9500 159 182 45
1.7500 11.5000 0.0900 155 148 0
-14.2500 -21.0000 0.5500 191 126 13
-19.5000 -14.5000 0.0900 169 126 23
10.6250 -19.0000 4.0300 198 164 46
-18.2500 15.5000 3.5900 184 221 16
4.2500 4.0000 4.6400 101 254 75
-17.1250 8.0000 1.8200 156 244 66
-8.5000 10.5000 0.0900 186 128 0
14.1250 -14.0000 3.7900 206 121 71
-20.1250 -8.0000 0.1100 190 99 0
-27.3750 0.5000 6.3500 63 254 137
2.1250 -18.0000 9.4600 0 197 95
20.5000 -16.0000 3.7400 242 94 81
5.0000 -2.5000 3.4000 186 185 16
3.8750 -19.5000 7.7800 17 206 103
3.6250 6.5000 2.9100 161 207 92
-13.3750 -18.5000 2.0300 163 200 67
-18.6250 10.0000 1.4900 152 243 57
-3.0000 -3.5000 0.1000 154 131 27
0.2500 -18.5000 9.2100 3 217 105
-7.2500 -1.5000 0.1000 177 115 10
-20.0000 3.5000 1.3100 179 199 19
4.3750 -2.5000 2.3200 141 210 73
14.3750 9.0000 5.3500 77 254 150
19.0000 -16.5000 4.9100 147 211 180
6.5000 9.5000 4.1000 151 254 0
16.7500 20.5000 4.2700 130 254 3
-27.3750 13.5000 2.9800 144 248 103
-19.6250 16.0000 2.5800 135 208 95
12.5000 -3.0000 5.5500 78 243 176
2.8750 10.5000 0.0900 148 125 22
-16.1250 19.0000 3.6900 191 233 20
12.3750 4.5000 7.2000 20 203 161
4.0000 -12.0000 4.6800 86 254 82
-26.0000 -7.0000 0.1200 153 124 16
1.7500 26.5000 0.0900 153 125 33
4.8750 5.5000 2.7300 154 214 79
-12.7500 20.5000 1.9700 159 182 43
-13.1250 5.5000 0.1000 165 150 20
6.0000 -5.0000 2.0400 122 135 69
-23.0000 6.0000 4.5900 121 254 73
8.1250 -23.0000 12.0000 23 105 79
4.8750 4.0000 6.3800 56 253 144
-17.3750 12.5000 1.5600 136 244 52
4.1250 -22.0000 5.3700 64 254 112
14.7500 -9.0000 3.7800 225 117 88
-15.7500 21.0000 2.8200 152 190 113
-3.1250 4.5000 0.1700 172 130 27
-22.6250 -13.0000 0.1000 182 136 16
-2.7500 26.0000 0.1100 167 126 11
0.3750 -9.0000 6.0100 59 254 153
-16.6250 -4.0000 0.1000 183 94 17
2.3750 -1.0000 2.1700 127 238 83
-10.3750 -1.5000 0.1100 171 133 38
7.2500 21.0000 0.1100 144 132 23
-27.3750 -2.5000 0.1100 127 148 48
9.2500 -0.5000 3.1200 137 195 80
-19.7500 8.5000 0.1200 139 113 20
-15.5000 -12.5000 0.1100 165 147 15
17.5000 -11.5000 3.8400 228 141 92
1.2500 -12.0000 3.6900 187 227 5
-17.8750 6.0000 1.3700 149 206 61
22.1250 -18.0000 4.5300 180 180 118
-18.2500 -6.0000 0.1100 179 118 0
5.2500 -18.0000 6.6500 40 214 129
7.5000 -2.0000 8.2700 22 205 106
-24.7500 12.5000 0.1000 154 99 14
-9.7500 13.5000 0.0900 164 133 23
17.7500 20.5000 5.4500 69 254 152
16.0000 -14.0000 3.7500 230 105 70
-2.5000 -20.5000 3.0100 149 206 90
4.8750 -13.5000 6.9900 21 240 129
3.2500 -2.5000 2.8000 130 216 120
0.0000 -5.5000 1.4300 140 214 40
17.0000 -15.5000 3.8000 223 120 50
16.8750 20.0000 3.9300 163 254 0
6.8750 -13.5000 11.7400 0 153 85
13.5000 22.5000 3.4600 184 182 18
-12.0000 -18.5000 2.7000 164 217 115
-1.1250 4.0000 0.0900 156 121 48
10.8750 21.5000 2.4000 138 208 113
-0.8750 13.0000 0.0900 162 144 34
14.0000 -2.0000 8.5000 22 172 138
10.8750 21.5000 2.4500 138 206 116
-17.2500 19.0000 3.8200 178 245 6
11.0000 -15.5000 4.4800 129 215 97
13.5000 24.5000 2.6400 143 191 92
-24.6250 23.0000 2.4500 134 254 110
17.8750 -9.0000 7.1600 106 133 254
-12.7500 -20.0000 2.0400 188 205 69
8.3750 -0.5000 2.3800 122 186 80
-19.5000 -8.5000 0.0800 166 110 2
2.7500 9.0000 1.9600 140 254 40
12.8750 -12.0000 3.8100 215 155 66
9.6250 11.5000 1.8100 144 167 44
-26.0000 6.0000 0.2400 134 114 41
-11.3750 -7.5000 0.1100 167 141 2
-10.1250 9.5000 0.1000 186 161 8
-17.0000 14.5000 2.3700 122 236 77
0.0000 -15.5000 3.6900 183 222 8
-15.6250 9.0000 0.1400 146 128 7
12.3750 -5.5000 7.2000 46 178 175
10.3750 24.0000 2.2700 133 254 85
22.3750 -19.0000 4.5100 186 187 118
-21.1250 -12.0000 0.1100 200 124 8
10.6250 0.5000 6.0700 53 235 140
-17.8750 -18.5000 0.0800 140 130 18
-11.5000 -14.0000 1.5500 162 217 87
-17.6250 18.5000 3.9800 161 254 3
-3.0000 -17.0000 1.9200 152 216 74
4.5000 -14.5000 5.0100 70 254 120
9.5000 22.0000 2.4400 145 239 114
21.7500 13.0000 3.4800 176 143 61
9.0000 -9.5000 6.7300 38 203 156
-18.5000 1.0000 0.1000 184 130 0
-14.1250 11.0000 0.9000 155 194 28
-8.7500 24.5000 1.1100 159 177 22
-23.1250 -20.5000 5.5900 132 254 160
-26.8750 26.0000 1.2500 133 158 88
-15.5000 -8.0000 0.1000 162 121 35
8.3750 15.0000 1.6100 150 165 56
1.8750 4.0000 0.0900 146 127 24
11.2500 -4.0000 5.0700 84 254 123
1.5000 -20.0000 9.6700 3 203 72
-20.5000 -22.0000 5.3300 145 254 126
-2.0000 -7.5000 6.2400 72 254 137
7.2500 7.5000 4.9500 92 254 106
-25.1250 3.0000 0.4600 146 127 32
17.0000 10.0000 4.3400 120 254 53
-11.8750 25.0000 3.4300 180 221 60
16.6250 23.0000 3.5400 192 200 18
9.6250 12.5000 2.3200 130 180 95
-23.3750 25.5000 2.8600 148 248 99
6.7500 -21.5000 10.6300 6 152 67
20.6250 -7.0000 7.1400 108 109 254
10.7500 11.0000 3.8000 176 252 0
-0.2500 -13.5000 4.2900 136 254 39
10.0000 25.5000 0.1000 136 103 9
16.2500 0.5000 3.5300 216 97 84
3.7500 -8.5000 3.9400 156 254 0
21.8750 5.0000 7.1600 78 158 221
6.0000 -22.0000 11.0100 11 147 65
-13.6250 12.5000 1.0800 171 233 6
4.1250 3.0000 4.1100 137 254 1
-14.3750 -18.0000 1.3200 169 221 66
7.5000 9.5000 5.1800 85 254 136
9.3750 1.0000 8.8400 14 180 111
10.2500 -19.0000 4.0600 194 172 50
3.8750 0.5000 3.0000 156 222 56
-12.3750 23.0000 2.6200 145 218 91
-0.3750 -12.5000 3.9800 161 254 7
-11.7500 -19.5000 0.6700 171 147 28
-18.5000 7.5000 1.7000 146 232 82
9.6250 0.0000 3.7800 176 229 0
2.8750 -8.0000 4.3700 117 254 36
8.0000 10.5000 3.1200 150 170 76
17.2500 -7.0000 7.0900 98 140 250
-1.5000 -6.0000 0.1200 151 147 0
10.6250 12.5000 3.7700 176 251 0
-10.0000 16.5000 0.1200 140 143 22
-8.2500 4.0000 0.1100 186 127 17
8.1250 -23.5000 12.3600 23 103 76
14.7500 -23.5000 3.9800 215 116 66
15.7500 9.5000 4.8100 99 254 135
19.8750 15.0000 7.4700 15 199 172
3.1250 5.5000 2.1600 156 233 69
-0.6250 -22.0000 9.6900 7 194 82
11.6250 -4.0000 9.0000 17 167 115
-13.8750 -3.0000 0.1000 175 103 0
16.3750 -18.5000 4.3600 176 204 96
-12.3750 -17.5000 2.9000 170 199 130
-27.6250 8.5000 0.8700 144 182 75
1.3750 -9.0000 4.4500 121 254 43
17.7500 -11.5000 3.8200 235 140 113
6.7500 12.0000 1.0100 146 181 40
21.0000 12.5000 3.3600 167 124 95
2.5000 17.5000 0.1000 156 114 23
5.5000 1.0000 5.3700 64 254 134
15.1250 21.5000 3.0800 146 190 96
-17.6250 23.0000 2.0300 148 179 81
-17.3750 -21.0000 5.2100 145 254 136
16.7500 3.0000 3.8300 192 175 68
-16.2500 19.5000 3.1900 165 195 100
-20.7500 14.0000 0.1000 127 116 0
8.5000 8.0000 4.6600 105 254 73
21.7500 5.0000 7.2600 76 157 222
13.5000 5.5000 6.8600 25 209 171
-8.1250 -1.5000 0.1000 181 114 14
-12.1250 25.0000 3.4500 182 223 57
8.2500 -21.5000 4.1000 171 203 15
9.8750 14.0000 1.9000 148 171 62
-10.7500 -11.5000 0.4000 158 154 7
2.3750 -16.5000 10.2000 0 198 95
10.1250 -22.5000 3.9900 204 165 41
8.5000 4.5000 5.0000 83 254 108
18.1250 -8.0000 7.1600 107 133 254
15.6250 0.0000 3.5000 214 93 86
-13.6250 16.5000 2.5400 137 231 107
-3.6250 -18.5000 2.1200 145 225 81
15.2500 -12.5000 3.8300 227 143 85
-13.5000 23.5000 3.0300 152 207 108
-13.0000 8.0000 0.1200 172 170 5
-26.6250 9.5000 4.7800 110 254 92
-8.1250 8.5000 0.0900 188 146 0
19.1250 -12.0000 3.8100 242 125 101
-21.1250 -7.5000 0.1000 180 101 2
12.3750 -4.5000 5.5300 83 254 154
-9.1250 21.5000 0.0900 153 180 0
3.5000 -21.0000 6.9100 24 225 114
10.1250 -1.5000 6.0200 62 216 146
15.3750 22.5000 2.6900 140 201 88
-1.6250 -14.5000 0.2800 128 126 43
6.7500 -0.5000 1.8500 140 174 67
-26.6250 -0.5000 4.3900 135 254 64
-26.2500 15.5000 6.1800 81 254 137
-21.1250 0.0000 0.1000 156 115 5
-4.0000 -7.5000 0.0300 157 117 22
-16.0000 16.0000 2.6100 150 184 102
-25.5000 7.0000 1.8700 153 215 54
20.7500 -2.5000 7.1700 102 155 254
-1.5000 15.5000 0.0900 180 139 0
-14.8750 18.0000 2.9700 152 187 110
12.2500 20.0000 3.0300 137 193 85
2.7500 -9.0000 3.9800 153 254 0
6.3750 -16.5000 6.8800 32 198 139
10.7500 -14.0000 11.3000 3 111 112
13.8750 -8.0000 3.7800 203 137 80
14.3750 24.0000 2.6700 147 188 79
22.3750 -4.5000 7.1500 118 119 249
-19.6250 18.0000 3.5900 182 209 32
15.5000 -20.5000 3.9800 231 134 61
-27.3750 -18.0000 5.6400 136 254 146
-15.6250 -19.0000 0.5900 172 165 14
-26.8750 -20.5000 5.4500 142 254 152
-18.3750 19.5000 2.7000 140 197 126
14.0000 -2.5000 3.6800 188 159 40
10.0000 -19.5000 4.0800 199 199 44
17.6250 -19.5000 4.6200 173 211 163
16.1250 18.0000 7.9700 8 215 128
17.3750 5.5000 3.3000 185 80 167
-0.6250 -15.0000 2.7100 131 220 127
7.7500 -21.0000 11.8000 3 133 73
20.5000 -2.0000 7.1300 105 153 254
7.3750 -4.0000 3.2900 157 167 54
-0.7500 -23.0000 6.4600 47 251 120
9.8750 -15.0000 10.2700 5 118 125
-23.6250 1.5000 4.2800 143 254 32
12.5000 -8.0000 3.7300 206 134 78
-20.1250 -15.0000 0.1100 178 126 0
2.2500 0.0000 3.3000 161 219 37
10.1250 0.0000 3.0500 139 190 82
6.0000 -10.0000 12.5300 0 170 79
21.2500 26.0000 4.5000 118 254 62
10.8750 -5.5000 5.0700 68 254 113
20.6250 6.5000 3.4300 198 93 142
-23.0000 -14.5000 0.1100 178 132 0
-6.7500 -6.5000 1.0500 167 221 39
-25.0000 -1.0000 0.1500 127 114 33
-19.1250 14.5000 2.9400 135 215 110
16.6250 11.5000 4.8600 93 254 138
12.7500 -10.5000 7.0300 62 151 207
14.1250 25.0000 2.5500 145 194 77
14.7500 13.5000 4.3700 115 254 73
1.6250 -7.0000 2.0700 136 202 58
9.1250 10.0000 4.5400 105 254 79
-23.0000 -9.0000 0.1300 177 126 7
5.2500 1.5000 6.4500 44 254 144
-5.6250 -14.0000 0.1300 154 127 0
-6.7500 -5.5000 0.1000 161 141 16
-19.0000 13.0000 1.7500 150 207 67
4.3750 11.0000 2.7600 149 244 87
-23.6250 26.0000 2.8200 139 254 102
9.1250 -5.0000 5.7800 56 240 139
7.7500 5.5000 4.2100 127 254 9
8.0000 6.5000 0.8400 142 110 0
18.6250 9.0000 3.2200 178 88 159
13.1250 -20.5000 4.0200 223 150 65
-0.2500 -21.5000 9.5300 7 215 78
-19.5000 -21.5000 5.5800 141 254 151
-4.6250 12.5000 0.0900 164 109 19
-18.7500 -7.5000 0.1100 167 108 1
1.6250 -15.5000 2.7400 134 224 70
-21.1250 18.5000 3.2000 170 203 94
-18.8750 24.0000 1.7000 155 151 81
21.3750 22.0000 5.0100 87 254 114
2.1250 -11.5000 9.7300 7 235 96
7.2500 -20.5000 4.1200 163 246 0
13.3750 -5.0000 5.7800 79 224 184
-27.1250 -2.5000 4.1300 155 254 21
20.3750 21.5000 4.9700 87 254 119
-12.0000 22.0000 0.1800 130 159 0
11.5000 -19.5000 4.0400 209 163 64
-7.5000 -9.5000 1.5700 150 231 20
-17.6250 17.5000 4.0100 162 254 0
-13.8750 18.0000 2.7000 143 195 97
9.1250 11.5000 2.9600 144 184 112
-13.7500 -18.5000 0.6600 155 168 53
-25.5000 10.0000 0.3100 141 139 53
-15.7500 20.0000 3.1500 171 196 86
9.1250 18.5000 1.5400 145 184 66
-3.1250 -9.0000 0.5100 156 166 47
2.1250 -16.5000 3.3000 160 192 59
-13.6250 -18.0000 0.4600 150 141 50
4.6250 -17.5000 8.1200 11 209 104
5.5000 -4.0000 1.4200 135 120 18
3.8750 -11.0000 2.9300 130 187 98
1.7500 -20.5000 7.2300 20 236 111
9.2500 20.0000 1.9700 148 212 96
13.2500 -20.5000 4.0300 221 152 66
-26.8750 -2.0000 2.1900 155 196 74
-4.8750 -10.5000 0.5300 167 167 0
6.3750 -9.5000 11.1800 0 177 91
8.3750 -8.5000 3.6600 181 177 29
14.8750 17.5000 3.2900 152 169 77
-10.0000 -11.0000 1.0400 159 180 59
8.6250 16.0000 1.9500 150 188 96
1.3750 -14.0000 3.7100 176 228 5
-15.8750 13.5000 2.1900 142 197 60
-7.1250 12.5000 0.0800 188 128 0
-13.8750 13.5000 0.1200 129 132 39
20.3750 -22.0000 3.9100 240 131 68
-7.3750 11.5000 0.0900 174 125 0
-18.8750 -20.5000 5.3400 139 254 146
18.2500 9.0000 3.2800 182 92 146
-15.5000 -20.0000 2.0000 177 254 90
-23.3750 13.5000 0.1300 160 112 1
-26.5000 21.5000 0.1200 125 110 28
8.0000 -18.5000 8.3500 32 160 137
-5.3750 15.0000 0.0900 177 129 0
1.1250 -22.0000 4.9600 80 254 89
-3.1250 -14.0000 4.2600 148 254 22
1.7500 -15.5000 2.7000 133 229 69
-8.3750 -13.0000 3.6400 199 234 27
5.6250 -3.5000 1.4100 144 132 22
-10.2500 25.0000 2.6600 161 196 77
-16.8750 20.5000 2.5800 141 195 115
1.6250 19.0000 0.0900 166 135 0
-22.2500 -0.5000 0.0800 154 124 8
18.0000 -7.0000 7.1200 103 141 254
3.2500 6.0000 3.8300 193 254 0
3.7500 14.5000 0.0900 159 95 39
-27.5000 4.5000 7.8100 34 212 148
13.0000 16.0000 3.0700 140 183 105
-18.0000 -22.0000 5.5400 137 254 152
5.5000 3.5000 6.0500 49 254 154
-20.1250 24.5000 1.6000 151 133 83
-12.1250 -11.0000 0.1500 155 124 7
-6.1250 -17.5000 0.1100 152 125 16
9.7500 1.0000 8.5800 15 185 111
11.6250 16.5000 3.7100 168 249 0
-3.0000 7.0000 0.0800 164 120 33
-24.1250 -19.5000 5.5900 134 254 167
22.3750 -9.5000 7.1700 116 111 254
21.8750 23.5000 5.8000 70 247 129
16.2500 26.0000 1.5600 147 168 33
17.7500 23.0000 4.2200 130 254 19
2.0000 -20.5000 7.4500 17 212 115
11.8750 -1.0000 5.0800 89 254 140
0.7500 20.0000 0.1000 174 124 0
18.6250 11.0000 3.6800 181 181 41
16.1250 -0.5000 3.5300 218 98 80
11.0000 7.0000 2.4700 114 201 114
-16.0000 7.0000 0.1100 152 133 1
21.1250 13.5000 3.5100 181 146 55
-13.0000 -8.5000 0.1100 151 143 31
3.0000 23.0000 0.1000 177 100 43
-7.7500 -11.0000 0.3200 140 134 34
2.8750 -16.0000 3.4900 153 201 56
12.8750 -23.5000 4.0600 201 128 81
-6.0000 1.0000 0.1100 171 128 13
18.6250 6.5000 3.3800 199 79 152
13.3750 -17.0000 4.5600 145 209 137
8.0000 -21.5000 7.0700 56 156 144
-3.3750 -21.5000 3.5600 179 218 0
2.5000 -9.0000 5.2100 70 254 141
-12.6250 -3.0000 0.1100 169 134 11
-18.8750 3.5000 0.5200 152 175 29
-13.0000 18.0000 0.1300 139 130 16
8.0000 -19.0000 5.8700 75 225 147
-2.2500 -21.5000 3.7600 175 253 0
10.1250 17.5000 3.3500 175 187 66
-21.2500 -14.5000 0.1000 179 125 0
-18.8750 -19.0000 0.1100 157 109 12
-0.5000 -21.5000 3.7000 172 235 0
-20.5000 25.5000 1.5800 144 134 87
-13.5000 13.5000 0.9400 143 204 28
-18.3750 26.0000 1.5800 148 129 79
11.8750 13.0000 4.3000 122 254 52
17.3750 -14.0000 3.7600 233 113 92
-26.7500 14.5000 0.1200 127 122 52
12.3750 15.0000 3.2200 151 192 91
3.3750 -10.5000 0.4100 106 101 0
-11.2500 -18.0000 2.8500 171 207 121
-26.0000 -1.5000 3.5400 197 218 31
-10.0000 8.5000 0.0900 187 156 1
0.2500 -23.0000 10.9200 13 190 57
19.3750 -9.5000 7.1400 102 131 254
-21.1250 11.0000 0.1300 144 111 0
-24.6250 16.5000 0.1000 146 147 0
15.0000 9.5000 5.0100 92 254 158
-1.3750 -9.5000 6.4900 64 254 152
-18.7500 19.0000 3.5200 182 214 55
-25.7500 -1.0000 3.0700 167 186 112
0.3750 -0.5000 3.1700 162 213 60
8.5000 -3.0000 6.8100 34 225 137
-17.8750 -10.5000 0.1000 178 126 1
-23.7500 1.0000 3.2900 188 204 69
21.6250 14.0000 3.2900 153 126 102
20.6250 -20.5000 4.4900 193 187 137
-4.1250 -23.0000 3.0300 147 195 76
6.3750 -18.0000 6.0400 58 231 138
9.0000 -9.5000 6.3300 45 214 162
-25.7500 0.5000 3.0900 171 196 111
9.8750 -4.5000 4.6700 89 254 79
-17.7500 12.0000 0.1100 140 95 61
-22.3750 -10.0000 0.0900 177 115 13
19.7500 13.5000 7.6800 27 185 172
-22.7500 -20.0000 5.5600 136 254 155
5.6250 -18.5000 6.2800 54 222 133
-16.8750 18.5000 4.0800 153 254 11
10.8750 -8.5000 6.3800 48 208 163
-18.6250 14.0000 1.9500 134 234 62
-0.5000 -13.5000 2.2200 149 206 111
5.0000 1.0000 7.6000 28 232 100
16.2500 2.5000 3.6400 207 129 90
-25.0000 -19.0000 5.6000 136 254 151
-14.3750 21.0000 3.5700 197 234 15
7.6250 -16.5000 9.3100 13 161 94
-22.7500 19.0000 1.0000 137 164 46
-15.3750 22.5000 2.5800 143 190 101
3.1250 -13.5000 6.0500 50 254 157
17.7500 16.5000 4.4100 109 254 44
19.2500 1.0000 7.1300 80 164 254
-27.2500 3.5000 1.0600 135 184 49
-12.0000 22.0000 0.5100 140 152 0
-27.5000 7.5000 4.5400 116 254 96
6.3750 26.0000 0.1000 131 131 52
-15.6250 -23.5000 5.3400 145 254 137
16.7500 -3.0000 3.7100 231 136 66
-23.5000 -13.0000 0.1000 191 138 0
16.7500 26.5000 2.0200 145 203 67
0.7500 -12.0000 5.2600 81 254 149
-6.7500 -4.5000 0.1000 149 136 27
10.5000 -8.0000 4.4200 114 254 53
4.6250 -20.5000 8.4000 14 195 84
-21.7500 -8.0000 0.0900 181 101 1
-25.8750 1.0000 0.1100 128 105 21
-15.6250 -6.0000 0.0900 182 106 38
-0.5000 7.0000 0.0900 133 111 56
16.5000 24.0000 3.2500 178 176 68
1.3750 -23.0000 7.9500 23 200 95
19.7500 -4.0000 7.1300 98 156 254
-12.8750 19.0000 0.1900 132 143 14
5.0000 -11.0000 4.1400 137 254 4
-8.5000 2.5000 0.1600 192 133 11
16.2500 20.5000 6.4500 38 242 153
-13.2500 -19.5000 2.2300 204 222 56
-5.7500 -21.0000 2.0800 139 239 76
13.1250 -12.0000 3.7900 218 150 69
11.0000 14.5000 3.1200 149 200 88
1.6250 23.0000 0.1100 176 109 0
10.3750 -6.5000 3.6500 176 177 12
-11.5000 -10.5000 1.3500 140 235 72
19.8750 26.5000 3.4800 173 183 53
-12.1250 26.0000 3.1200 144 214 100
-24.2500 0.5000 3.3200 196 197 64
-25.8750 3.0000 2.7100 148 220 100
14.1250 -13.5000 3.8300 207 144 69
-14.5000 9.5000 0.1000 146 124 9
16.3750 16.5000 3.8000 164 239 0
17.7500 7.5000 3.2800 168 97 128
17.0000 -23.0000 3.9500 224 122 74
17.8750 19.0000 5.8300 60 254 162
-3.7500 -14.5000 3.3200 172 227 84
12.2500 -4.5000 5.5400 83 253 154
3.5000 4.5000 1.9400 145 238 62
19.1250 5.5000 3.3200 195 71 166
-20.6250 0.0000 0.1100 157 115 5
-17.0000 -1.5000 0.1000 164 117 16
3.6250 5.5000 4.7500 103 254 89
-7.0000 13.0000 0.0900 166 132 30
-18.2500 10.0000 1.7300 153 251 71
-14.1250 10.5000 0.0900 152 114 5
-26.1250 3.5000 2.3500 131 254 87
8.8750 13.5000 1.6900 151 158 53
20.3750 -10.0000 7.1400 110 116 254
-12.6250 20.0000 0.1500 134 154 0
8.0000 -6.0000 4.5900 99 254 61
-2.6250 -9.5000 0.9300 157 196 58
14.6250 0.0000 4.2500 150 227 92
-18.6250 6.0000 1.2400 153 205 58
0.8750 1.0000 0.1000 142 124 0
19.1250 18.0000 8.0900 8 208 149
-24.8750 7.5000 4.9000 105 254 124
-25.6250 6.5000 6.2900 57 254 165
-26.3750 25.0000 2.3300 124 254 107
-21.6250 1.0000 0.1000 149 126 13
-16.3750 21.5000 2.2600 151 192 82
4.1250 9.0000 4.8900 103 254 102
15.6250 23.5000 2.7000 146 207 80
5.3750 -6.5000 2.4000 115 173 81
9.2500 12.5000 2.1900 130 181 84
-8.3750 6.0000 0.0800 175 122 17
10.5000 13.5000 3.2500 164 184 74
0.6250 -16.0000 6.9700 34 247 127
11.5000 -4.0000 5.7200 66 224 152
22.2500 23.5000 5.9100 70 237 126
-3.5000 -21.5000 3.4400 173 209 19
-2.3750 -15.0000 4.7300 120 254 98
-24.8750 10.0000 0.1100 137 118 44
16.3750 8.5000 4.2900 130 254 40
19.0000 8.0000 3.3800 195 100 123
-18.1250 -2.5000 0.0900 168 113 24
22.2500 -21.0000 6.1100 138 121 207
12.1250 -8.5000 3.7600 205 142 70
15.5000 -8.0000 7.3000 76 145 254
-20.1250 19.5000 3.6300 190 224 36
10.0000 -16.5000 7.3100 53 147 173
14.6250 22.0000 3.2000 162 202 47
20.7500 16.5000 7.4300 27 187 159
5.2500 -1.5000 2.6300 132 235 80
21.2500 -7.5000 7.1600 110 109 254
11.8750 -10.5000 7.1200 53 175 178
7.8750 -6.5000 2.6200 129 157 82
-16.5000 17.5000 3.5500 192 190 34
-14.6250 -2.0000 0.1000 177 107 1
-27.3750 -17.5000 0.1300 192 117 0
-24.6250 1.0000 1.1100 156 166 28
-13.3750 -17.5000 1.9800 166 228 89
19.6250 -22.5000 3.9400 234 135 72
-22.8750 -20.0000 5.5600 135 254 156
9.8750 -12.5000 12.0500 0 121 98
-14.3750 25.0000 2.9300 147 193 100
-10.8750 -5.5000 0.1100 160 137 12
-12.3750 26.5000 2.8200 136 202 83
-16.6250 -14.5000 0.0900 148 151 38
18.5000 17.0000 8.5600 9 202 135
-26.3750 12.0000 1.0300 164 234 17
6.1250 -16.0000 8.6200 8 189 105
-11.6250 -22.5000 0.1000 153 126 61
7.0000 -1.0000 6.8200 33 254 140
-7.2500 -23.5000 1.3500 158 206 33
-18.3750 8.5000 1.6900 158 246 68
-27.3750 -6.0000 0.1000 144 131 33
-25.5000 -4.5000 0.1100 153 126 14
2.5000 -3.5000 2.7200 129 219 111
1.3750 -13.5000 1.6600 125 220 69
-6.5000 -22.0000 1.2500 155 209 41
13.1250 12.5000 3.5600 180 202 20
-18.1250 21.0000 1.6400 152 154 47
13.0000 7.0000 4.9000 90 254 133
9.1250 10.0000 3.2000 156 185 93
12.5000 -2.0000 5.2700 88 251 158
12.1250 -9.5000 6.6700 65 178 207
-17.7500 4.5000 0.6000 156 188 28
10.8750 -19.0000 4.0700 193 170 50
13.7500 10.0000 5.4600 72 254 162
22.0000 -11.5000 7.2000 113 107 250
14.5000 4.5000 4.2300 133 243 44
21.5000 9.0000 3.4000 180 112 123
20.5000 14.0000 5.8800 57 241 183
-4.3750 1.5000 0.1000 168 137 16
-19.1250 26.5000 1.6100 149 126 80
-0.5000 -18.0000 2.2800 123 239 71
-26.3750 -13.5000 0.1000 170 144 0
-17.2500 -21.5000 0.6500 178 134 21
5.8750 -4.0000 1.8100 127 127 57
-11.8750 14.0000 0.1000 139 135 18
17.8750 -6.5000 7.1200 94 126 254
5.6250 5.0000 6.5400 43 243 146
-18.5000 -22.0000 5.5800 137 254 154
9.5000 -4.0000 4.8400 84 254 103
-15.6250 -17.5000 0.1000 168 81 16
6.2500 -14.0000 8.3600 5 187 117
6.0000 5.5000 2.8200 120 212 100
5.0000 -6.0000 2.5200 129 181 88
8.6250 -18.5000 4.1300 171 211 32
16.6250 -10.0000 3.8100 233 126 103
21.8750 20.0000 5.1900 81 254 126
-18.7500 8.0000 1.6200 157 242 66
13.7500 0.0000 4.5900 106 254 104
20.8750 -4.0000 7.1300 115 127 254
-18.6250 23.0000 1.6200 159 145 71
-27.5000 10.0000 0.2600 132 142 60
15.8750 -13.0000 3.8100 231 135 86
-27.1250 -19.0000 5.3800 145 254 138
-17.0000 10.0000 0.1200 122 128 53
13.3750 5.5000 3.5600 185 174 54
-17.2500 17.5000 3.9400 169 254 0
0.0000 -7.5000 6.4500 53 254 150
2.8750 3.0000 6.4200 55 254 140
-26.3750 3.0000 0.8400 148 190 30
12.6250 -10.0000 7.9800 41 152 185
12.1250 7.0000 4.8000 93 254 119
8.7500 -12.0000 3.7500 178 170 18
9.1250 2.0000 5.7800 61 253 139
-25.8750 1.5000 0.6300 135 148 32
-18.5000 -20.0000 0.1000 167 102 16
-17.7500 15.0000 3.3200 172 200 67
-27.2500 17.5000 4.9400 112 254 113
5.3750 -15.0000 8.9100 4 185 101
-23.7500 2.0000 3.9300 177 254 7
-22.2500 25.5000 1.9800 145 249 74
7.3750 -19.0000 7.5300 39 176 141
9.0000 -20.5000 4.1000 195 209 37
17.0000 9.0000 4.2300 134 254 34
-3.6250 7.5000 0.1000 169 129 26
-20.6250 20.0000 3.4200 196 197 38
-8.1250 17.0000 0.0900 144 158 8
19.7500 6.0000 3.3500 199 77 160
11.2500 16.0000 3.4200 170 192 35
14.5000 6.5000 5.4500 67 254 179
7.5000 -18.5000 8.6600 16 176 99
7.8750 12.0000 2.9200 148 187 105
-6.6250 -9.5000 0.7200 150 215 53
-9.7500 24.0000 0.2400 141 160 0
21.5000 4.5000 3.6600 212 109 115
19.1250 13.5000 6.8200 31 208 173
-23.1250 26.0000 2.5600 138 254 101
-22.2500 25.0000 2.6000 146 254 95
6.3750 -11.0000 10.2600 0 180 94
0.1250 -13.0000 4.2000 145 254 19
-23.1250 -6.0000 0.1600 158 121 15
-22.0000 12.0000 0.1000 139 116 0
2.7500 -18.0000 8.5100 11 210 97
5.5000 12.5000 0.4300 146 143 0
2.5000 25.5000 0.1100 160 120 29
-18.8750 4.5000 1.6900 170 192 39
18.5000 10.5000 3.3400 173 118 126
21.5000 -2.0000 7.1400 110 148 254
9.5000 -16.0000 7.8900 31 154 156
-18.5000 19.5000 3.0100 148 187 123
-5.5000 -20.5000 1.7500 151 225 52
-3.2500 11.5000 0.1100 174 118 9
1.3750 -22.5000 8.0000 21 200 97
21.6250 -10.5000 7.1700 114 111 254
14.3750 -2.0000 3.5700 206 140 85
0.1250 21.0000 0.0800 173 126 0
10.6250 8.0000 4.7900 90 254 98
16.7500 -13.5000 3.7800 224 113 72
-2.8750 -21.5000 3.4600 177 213 11
-24.3750 4.0000 0.1300 134 106 28
10.3750 -17.0000 7.3500 53 148 173
-12.3750 -22.5000 0.1000 152 129 63
8.1250 7.0000 4.4000 115 254 28
-6.1250 -1.0000 0.1100 176 120 7
6.8750 -19.0000 8.5800 18 179 99
-14.1250 13.0000 0.6600 149 178 19
1.8750 25.0000 0.0900 160 116 23
-11.5000 24.0000 2.5700 146 214 83
22.2500 1.5000 7.0700 97 152 247
9.1250 -18.5000 6.9800 62 159 174
-24.3750 -12.5000 0.1000 187 126 0
4.5000 -0.5000 7.1200 37 246 107
-14.0000 14.5000 0.5900 135 143 37
6.0000 -22.5000 11.0700 19 140 53
2.5000 -10.5000 8.8400 7 229 103
-27.2500 11.0000 5.5200 88 254 144
-14.8750 -20.0000 1.9000 176 254 80
5.1250 13.5000 0.2700 148 123 31
12.5000 17.0000 3.4900 163 215 26
-0.2500 5.0000 0.1100 144 106 46
-17.1250 16.5000 3.5100 193 182 23
-24.1250 26.5000 3.0900 156 226 86
3.0000 -21.5000 7.3400 19 216 105
14.7500 -20.5000 4.0000 223 134 71
9.0000 -1.5000 7.9400 25 209 115
-3.1250 4.5000 0.0900 172 126 20
-9.6250 -17.0000 0.1400 148 114 27
-26.0000 4.5000 6.8700 41 246 155
19.7500 18.0000 7.9400 8 206 155
10.1250 -14.5000 9.7100 8 123 135
-26.2500 4.5000 3.4400 178 190 59
7.6250 -23.0000 12.2000 21 106 78
12.7500 -3.5000 7.6000 21 187 159
18.3750 -4.0000 7.3200 83 146 254
-27.0000 3.0000 5.4300 72 254 141
17.3750 21.0000 4.4600 115 254 45
-25.1250 1.5000 2.7800 154 208 112
-1.8750 -13.5000 0.4500 130 147 47
5.2500 7.0000 3.1100 155 191 70
-17.7500 25.5000 1.6300 149 132 73
9.6250 22.5000 2.5200 133 254 105
14.0000 14.0000 3.2900 155 194 72
14.6250 11.0000 5.6900 67 254 173
21.1250 -7.0000 7.1500 110 108 254
6.6250 -13.5000 8.7200 2 180 108
-10.7500 -9.0000 1.7400 153 254 62
14.8750 -17.0000 4.4400 159 203 115
2.3750 2.5000 7.7200 34 220 100
6.5000 0.0000 1.3900 150 123 33
-23.1250 21.0000 1.8200 135 234 82
20.5000 -19.0000 4.5800 182 192 137
-22.3750 3.5000 0.1100 135 126 26
-6.6250 -11.5000 2.2400 160 254 90
5.8750 -14.5000 4.4700 108 254 54
14.5000 13.5000 4.2900 118 254 46
17.6250 -1.0000 7.2600 64 154 239
-3.6250 15.0000 0.0900 182 145 0
-11.1250 -15.0000 1.7800 161 226 91
-25.6250 1.0000 1.9400 142 202 76
19.5000 18.5000 8.0300 9 206 150
0.2500 8.5000 0.1000 150 117 40
10.2500 -14.0000 9.7600 8 122 133
0.7500 -22.0000 9.2500 8 214 75
-22.6250 8.5000 0.1100 144 121 7
9.1250 25.5000 0.1000 139 123 20
14.1250 -19.0000 4.0400 206 152 70
11.6250 19.5000 3.0300 138 194 91
3.6250 -22.0000 5.5400 57 254 118
14.2500 -2.0000 8.0500 32 173 170
2.1250 3.5000 0.1000 147 127 17
19.2500 -10.5000 7.2000 97 115 254
-6.3750 14.0000 0.0900 178 137 5
-11.2500 -9.0000 0.1000 155 131 22
17.2500 -22.0000 3.9700 224 129 75
-25.0000 3.0000 0.1300 138 102 24
14.3750 11.0000 5.4700 72 254 168
-16.5000 5.0000 0.1100 149 127 20
-1.1250 -3.5000 1.2400 147 205 79
-16.7500 8.0000 0.1200 147 124 27
17.0000 14.0000 5.9400 48 253 161
6.1250 -20.0000 6.2800 55 222 143
-4.0000 -6.0000 0.1200 152 153 0
-11.2500 9.5000 0.0800 172 159 3
22.1250 18.0000 7.8900 33 182 113
-8.0000 25.5000 0.2100 142 159 11
16.1250 -6.5000 3.7700 235 125 98
14.0000 16.5000 2.5200 128 144 99
-17.1250 17.5000 3.9200 170 254 0
-12.6250 -20.5000 1.8900 187 207 62
6.1250 -14.5000 8.3300 5 190 118
-7.8750 -15.0000 0.1000 136 132 50
-12.2500 21.5000 0.6600 148 149 1
11.0000 20.5000 2.3000 140 206 102
-10.5000 -10.5000 1.4000 155 231 44
2.5000 -13.5000 3.0400 138 202 99
-9.0000 -17.0000 0.1500 152 108 22
8.5000 0.0000 5.8700 62 237 146
3.2500 7.0000 3.2100 179 205 62
-0.6250 13.5000 0.1000 162 144 32
7.6250 14.5000 1.2700 155 209 46
9.3750 -15.5000 9.5800 13 126 134
13.3750 -15.5000 4.5500 141 235 135
19.5000 1.0000 7.1100 82 165 254
-11.7500 11.0000 0.0900 169 128 17
9.2500 -13.0000 10.1200 1 142 114
16.0000 1.0000 3.4300 204 89 105
15.5000 19.0000 5.5000 64 254 139
17.3750 -18.5000 5.6200 122 180 229
6.7500 12.5000 1.0000 144 182 41
8.6250 1.0000 7.7600 29 194 120
-5.2500 -19.0000 0.4800 160 131 24
5.7500 -2.0000 7.2700 29 241 132
4.8750 12.0000 0.0900 137 103 29
5.1250 -15.5000 3.9900 150 241 9
10.1250 19.5000 2.0500 145 208 90
20.7500 -14.0000 3.7900 230 109 81
0.2500 9.0000 0.1000 151 118 38
1.3750 19.5000 0.0900 167 134 0
3.7500 -19.5000 8.9100 12 194 81
15.2500 21.0000 3.1000 151 187 93
11.5000 8.0000 4.2600 125 254 32
-23.1250 -14.0000 0.0700 176 133 1
-9.8750 -1.0000 0.1100 170 131 38
-24.5000 -5.5000 0.1200 163 121 11
0.8750 -19.0000 8.6500 11 202 102
-2.8750 18.0000 0.0800 176 115 0
-27.1250 6.5000 0.8600 143 163 66
15.2500 19.5000 3.2300 153 185 75
-3.7500 11.5000 0.1000 173 119 11
14.6250 -16.5000 4.4700 158 208 116
-19.1250 12.5000 0.0900 135 102 62
-26.2500 -14.0000 0.0900 171 144 0
13.8750 -15.0000 4.4000 152 230 112
-3.1250 17.5000 0.0900 176 115 0
-2.1250 13.0000 0.0900 183 133 0
11.5000 -0.5000 6.7000 45 200 164
11.6250 6.5000 4.7400 94 254 116
20.7500 22.5000 5.3300 76 254 138
8.0000 -0.5000 6.4400 51 246 147
7.7500 -11.5000 11.9600 0 164 73
-24.5000 25.5000 3.1800 159 220 92
-8.2500 10.0000 0.0900 187 150 0
13.1250 -5.0000 5.2900 92 247 176
-27.2500 8.0000 3.0900 150 206 100
14.0000 -9.0000 3.7900 205 140 73
8.3750 -9.0000 13.0100 6 128 95
4.2500 22.0000 0.1300 173 118 33
0.3750 -20.5000 3.9000 167 254 0
11.5000 -22.5000 4.0500 200 153 60
5.7500 -19.5000 6.3200 50 220 129
7.6250 7.0000 4.5500 107 254 53
8.3750 -3.5000 6.6500 41 219 142
19.3750 -9.5000 7.1500 102 131 254
-1.0000 -12.5000 3.8500 171 254 0
21.6250 19.0000 7.8800 31 185 117
-18.0000 -2.5000 0.1100 169 114 21
-22.6250 -0.5000 0.2200 159 139 1
-22.7500 2.5000 0.1200 128 111 48
8.5000 13.0000 1.5500 152 151 46
-0.3750 -13.5000 4.4900 119 254 75
14.1250 -2.0000 8.2300 23 177 142
-24.3750 23.0000 2.2700 141 254 95
16.8750 -20.0000 4.0300 223 147 60
17.1250 -8.0000 7.1700 85 143 254
-11.0000 -3.5000 0.1100 168 130 7
18.0000 15.0000 8.1100 11 204 158
2.5000 -8.5000 6.1500 47 254 155
-25.8750 1.5000 1.7100 135 205 67
5.5000 -7.5000 2.2200 121 149 66
12.0000 -20.5000 4.0100 221 146 65
-4.3750 2.0000 0.0900 162 109 37
-13.6250 14.5000 2.0200 151 187 16
2.1250 -9.0000 4.4900 108 254 65
18.2500 16.0000 8.3300 10 207 145
12.2500 2.0000 5.3900 68 254 170
3.6250 26.5000 0.1000 164 120 62
20.3750 3.5000 3.4700 218 76 145
3.2500 -6.0000 2.4900 129 198 106
13.6250 -13.5000 3.7800 206 119 74
-20.6250 23.0000 1.7000 153 178 67
-2.5000 -15.0000 4.7900 116 254 110
4.6250 -19.0000 7.4000 32 203 109
-8.3750 -11.0000 1.5600 165 195 43
4.0000 16.0000 0.0900 168 120 5
-26.8750 -5.5000 0.1000 149 134 22
5.6250 -22.5000 5.1500 89 243 94
-7.0000 -9.5000 1.7100 143 254 82
15.1250 -7.0000 3.8000 220 134 98
-5.0000 -5.5000 0.1100 162 136 12
-26.1250 -5.0000 0.0800 151 128 15
18.3750 -4.5000 7.2500 85 146 254
-14.5000 14.5000 2.1800 157 179 43
-8.1250 -22.5000 0.7500 160 171 43
20.3750 17.0000 7.2100 19 201 168
14.1250 26.0000 2.8300 144 187 79
-17.8750 5.5000 1.7500 149 217 74
3.3750 -7.0000 3.9100 163 254 0
17.1250 19.5000 5.7500 54 254 153
-22.5000 3.5000 0.0900 134 127 28
2.8750 -21.0000 6.4600 35 233 125
11.7500 23.5000 2.8700 144 195 99
16.7500 17.5000 7.5500 9 221 137
-19.1250 -5.0000 0.1100 173 133 0
12.8750 -10.0000 3.7700 205 142 70
-17.2500 18.5000 4.1200 146 254 14
7.2500 10.0000 4.3600 126 254 35
-10.5000 -11.0000 1.0600 153 223 39
-6.2500 17.5000 0.0900 168 127 7
15.1250 -16.0000 4.4600 160 216 125
-19.0000 -3.5000 0.1700 174 127 15
10.5000 14.5000 2.4400 137 202 93
6.7500 3.5000 9.2500 5 194 90
-4.1250 -14.0000 2.0600 161 232 50
-25.1250 -11.5000 0.1100 184 133 0
1.8750 -7.5000 6.2300 56 247 143
8.1250 -5.0000 6.4400 34 235 128
2.1250 -8.5000 4.6200 110 254 70
6.3750 -7.0000 2.6200 125 169 91
-1.6250 -9.0000 7.0000 61 254 127
-13.1250 26.0000 3.0500 141 208 98
-22.5000 -9.5000 0.1900 181 117 6
4.7500 -2.0000 2.9700 136 217 99
11.2500 0.5000 6.2600 41 220 154
-2.6250 4.0000 0.0800 172 118 35
-0.3750 -14.5000 5.7300 67 254 166
17.6250 9.0000 3.9800 164 233 26
-12.2500 -20.0000 2.2300 189 207 82
-17.8750 18.0000 4.0600 155 254 5
2.8750 14.5000 0.1000 158 100 43
2.0000 -4.5000 2.5100 132 243 92
21.8750 -17.0000 3.7900 238 99 82
4.1250 11.0000 3.3600 182 221 56
-13.1250 -13.5000 0.1100 157 120 8
21.8750 20.5000 5.2700 78 254 126
-4.5000 0.5000 0.1000 169 119 10
-9.7500 12.0000 0.0800 182 134 11
0.7500 1.5000 0.0900 139 128 1
-11.3750 22.5000 2.1500 152 233 53
1.7500 -2.5000 2.2700 141 243 54
8.5000 -17.0000 8.3000 25 158 133
-21.1250 -3.5000 0.0900 172 132 0
-10.1250 -23.0000 0.1100 154 114 51
6.0000 2.5000 3.3600 173 198 42
-26.5000 13.5000 1.4300 155 234 47
18.5000 11.5000 3.6900 181 184 38
12.5000 -3.5000 7.6400 21 186 157
1.7500 -19.0000 10.5900 0 183 82
19.7500 5.0000 3.3700 199 76 154
-2.8750 20.0000 0.1000 187 126 0
-2.2500 -11.5000 3.2000 165 208 93
-23.2500 5.5000 3.8500 169 254 0
20.2500 24.0000 4.7700 107 254 99
-13.0000 -17.0000 0.7800 141 202 71
21.0000 18.5000 7.9200 25 188 125
21.8750 7.0000 3.5800 191 127 109
9.8750 -8.5000 6.8600 35 200 159
5.3750 5.5000 2.6200 118 219 94
-20.7500 8.5000 0.4100 148 122 4
3.2500 -2.0000 3.1600 150 212 86
8.8750 0.5000 7.3800 27 231 131
-11.0000 -17.0000 1.9400 162 220 91
6.7500 -19.5000 6.9600 41 194 132
-25.6250 10.5000 0.2200 141 126 53
-5.6250 5.5000 0.0900 176 117 1
-17.3750 -21.0000 2.8300 189 206 120
19.1250 -18.5000 4.8400 159 211 177
-7.0000 -22.0000 1.0600 160 189 35
12.1250 -19.5000 4.0300 212 150 71
-5.8750 -6.5000 0.0900 165 134 9
-12.0000 2.5000 0.1100 191 143 0
-13.8750 5.0000 0.1200 159 141 0
-23.2500 3.5000 2.8700 160 231 79
16.1250 7.5000 4.6000 102 254 103
-16.5000 12.5000 0.4000 150 142 54
-3.5000 -18.0000 1.8800 153 218 74
5.0000 -15.0000 3.7900 172 203 7
18.7500 6.5000 3.3400 194 76 162
-18.3750 -17.0000 0.2000 144 143 16
9.3750 -3.5000 6.4400 44 219 145
-1.0000 9.5000 0.1000 163 139 20
12.7500 0.0000 6.8300 34 199 184
-1.2500 0.0000 1.6500 178 254 11
0.6250 -18.0000 7.5800 13 232 129
9.6250 11.5000 2.6900 136 180 116
20.3750 25.5000 4.5200 120 254 68
4.6250 -19.5000 6.6500 39 218 122
-26.3750 0.5000 3.0200 161 199 117
-19.5000 -16.5000 0.0900 149 149 22
-26.2500 -19.5000 5.4000 143 254 142
11.0000 14.0000 3.0700 146 202 90
19.5000 7.5000 3.3400 200 74 148
11.0000 0.0000 5.6300 60 252 139
-14.5000 14.0000 2.4800 154 186 74
-5.2500 23.5000 0.0800 160 136 0
-5.2500 -14.5000 0.0700 152 121 0
-14.7500 -19.5000 0.6800 180 163 21
15.6250 4.5000 4.1500 149 241 52
-16.8750 22.0000 1.9900 144 179 73
20.1250 -3.0000 7.1800 97 158 254
-21.5000 -11.5000 0.1000 198 124 10
-20.3750 -3.5000 0.0900 171 131 0
-14.1250 6.5000 0.0900 143 127 21
-19.0000 -12.5000 0.1100 184 133 1
8.3750 13.0000 1.3800 154 140 39
-14.8750 5.0000 0.1000 145 125 17
-10.8750 1.0000 0.1000 175 141 0
-19.5000 20.0000 3.1400 161 185 100
14.5000 18.5000 2.8700 136 170 104
-3.0000 15.0000 0.0900 184 140 0
5.7500 2.0000 3.6400 164 218 14
14.7500 -7.0000 3.8100 210 142 89
-16.1250 -21.0000 0.8800 188 189 44
-23.6250 10.0000 1.8500 174 217 25
18.0000 17.0000 8.8800 12 197 126
19.3750 10.0000 3.3700 188 103 132
12.1250 4.0000 6.3100 47 226 163
-13.2500 26.0000 3.0800 143 209 97
22.1250 14.5000 3.3200 152 131 93
0.1250 -12.0000 4.5700 115 254 69
-14.5000 18.5000 2.7300 145 189 104
19.5000 23.0000 4.9900 95 254 128
2.2500 1.5000 6.9000 42 242 127
6.7500 -18.5000 7.8200 22 187 116
7.6250 15.5000 1.8000 156 237 63
-12.6250 1.0000 0.1800 168 153 17
20.5000 10.5000 3.5600 181 139 91
20.3750 -17.0000 4.8800 154 206 173
-10.6250 -12.5000 2.3600 128 245 83
7.2500 4.0000 4.0700 144 254 0
12.6250 -4.5000 7.0300 50 183 170
9.8750 -9.0000 7.9100 17 185 149
-21.1250 20.0000 3.1300 177 190 81
3.3750 -10.0000 4.4200 115 254 33
6.2500 3.5000 8.1500 20 206 116
-17.7500 -22.0000 5.5500 137 254 152
21.1250 -2.0000 7.1900 107 148 254
-14.3750 5.5000 0.1200 147 123 16
-24.2500 2.0000 1.8300 136 254 45
2.0000 -22.5000 11.7800 11 153 42
-6.1250 -10.5000 0.1100 146 130 17
11.0000 -17.0000 4.3200 137 205 78
7.7500 -11.5000 12.4300 0 161 68
9.0000 14.0000 1.7200 151 167 54
-10.3750 -13.5000 2.6000 151 229 88
8.0000 -5.0000 3.7000 167 213 10
-12.7500 -16.0000 1.8200 161 243 98
-10.7500 24.0000 1.5900 163 164 27
-15.8750 -19.0000 0.3500 172 133 2
5.0000 -1.5000 6.1000 59 252 134
-15.6250 10.0000 0.1400 140 131 14
-15.1250 17.5000 2.9200 151 188 110
19.3750 19.0000 6.2900 44 224 176
1.3750 3.5000 0.0900 146 116 33
10.2500 21.5000 2.3400 140 214 116
-2.8750 -9.5000 4.6500 132 254 67
20.8750 4.0000 3.7800 212 139 103
15.6250 1.5000 4.8500 108 242 167
-24.1250 -9.5000 0.0900 179 138 0
-9.2500 26.0000 2.9000 159 200 84
-0.8750 -18.5000 2.2600 123 222 74
9.8750 -18.0000 4.0800 176 196 38
-23.6250 4.5000 1.7500 140 254 32
11.5000 24.5000 2.8100 141 229 108
-6.7500 -16.5000 0.1000 147 123 17
13.2500 18.0000 2.9200 139 173 111
20.8750 -19.5000 4.6700 178 195 149
-6.5000 -12.0000 2.0800 159 254 82
17.2500 -4.0000 3.7400 229 124 87
5.6250 11.5000 1.0200 146 188 42
-19.3750 21.5000 2.0800 140 183 90
12.0000 -12.0000 10.6400 23 114 146
-6.6250 -13.0000 0.1700 154 126 13
-15.1250 20.5000 3.2600 185 204 66
-14.8750 20.5000 3.5500 201 228 17
2.8750 -5.5000 2.3600 127 199 101
-27.5000 15.5000 5.9400 89 254 141
21.6250 -7.0000 7.1600 113 107 254
8.2500 -12.0000 4.1600 128 242 20
14.6250 -7.0000 3.7900 211 138 90
-7.2500 1.0000 0.1100 184 138 20
-27.1250 -21.5000 5.4500 141 254 146
-27.5000 0.5000 0.6800 127 157 47
12.7500 6.5000 4.8800 90 254 133
20.3750 18.0000 5.7900 57 248 173
6.2500 -9.5000 12.7600 0 164 69
-10.2500 24.5000 1.9600 181 177 16
21.6250 -5.5000 7.1500 120 117 252
10.7500 -9.0000 7.5000 26 185 151
10.3750 -1.0000 4.3700 120 254 38
3.7500 -19.5000 9.8200 3 187 75
-15.8750 7.0000 0.1000 152 133 2
13.0000 -4.5000 5.3700 90 241 174
3.3750 -17.0000 5.1800 66 254 124
-12.1250 21.5000 2.2100 151 194 70
10.6250 14.0000 2.3900 137 199 87
10.8750 -21.5000 4.0700 204 183 43
14.1250 -10.0000 3.7700 209 125 71
11.6250 -2.0000 9.0300 11 170 120
-26.0000 10.5000 1.8800 134 254 40
-19.8750 9.0000 1.4900 142 197 62
2.3750 8.5000 1.8600 141 254 39
-26.0000 2.5000 4.7000 102 254 99
-24.2500 9.5000 3.8400 190 254 0
-25.0000 -13.5000 0.1100 179 144 0
14.0000 23.0000 2.9100 146 191 79
-5.1250 14.5000 0.0800 178 127 0
18.6250 15.5000 8.5200 4 193 151
-20.2500 15.0000 2.7400 147 218 94
2.0000 2.5000 5.9200 73 254 153
11.5000 -3.5000 5.3100 75 254 140
-13.7500 -3.5000 0.1100 163 126 31
-25.5000 5.5000 4.8800 100 254 108
-8.0000 0.5000 0.2400 179 139 26
10.1250 3.5000 8.9800 5 192 102
9.5000 2.0000 8.8200 10 191 100
-26.0000 5.0000 0.1600 117 106 51
-20.7500 -15.0000 0.1100 179 124 0
14.1250 -4.0000 3.7200 195 140 53
8.5000 -22.0000 12.4300 15 105 79
-26.0000 0.0000 0.1200 123 115 41
16.1250 15.5000 3.9200 157 254 10
-26.1250 18.0000 0.1300 138 157 0
20.8750 5.0000 3.5500 210 88 126
17.2500 7.0000 4.0100 158 229 47
6.0000 0.5000 7.6300 29 220 125
0.5000 -7.0000 5.0000 97 254 110
-19.5000 21.5000 2.2600 147 214 89
-23.6250 16.0000 0.1200 149 118 15
-22.2500 -5.0000 0.0900 149 135 37
-27.6250 4.0000 4.0900 139 254 30
2.0000 -19.0000 6.3400 45 229 134
-14.1250 0.5000 0.0900 176 123 0
12.3750 6.5000 4.8200 92 254 127
-13.5000 -8.5000 0.0900 161 132 36
-9.0000 -23.0000 0.1000 156 104 37
21.8750 -14.0000 3.8100 213 108 98
1.6250 -12.5000 1.7500 116 206 51
-15.8750 -18.5000 1.4400 173 230 78
-1.5000 25.0000 0.0900 177 127 0
22.2500 -8.0000 7.1800 113 106 254
0.8750 -9.5000 4.8800 98 254 100
17.6250 21.0000 5.2500 69 254 136
-16.0000 -11.5000 0.1100 164 150 20
-21.7500 3.5000 0.1000 136 122 24
7.6250 -21.0000 4.1100 165 240 0
-8.8750 25.5000 2.0900 154 193 56
12.2500 21.5000 2.7400 127 203 99
13.1250 5.5000 6.1700 47 228 175
-1.3750 -3.5000 1.5400 148 217 79
22.2500 18.0000 5.9700 62 205 149
0.0000 10.0000 0.1000 150 126 39
10.0000 18.0000 2.0000 132 200 88
-24.2500 23.5000 2.5500 131 254 113
-9.2500 -8.0000 1.8800 162 212 42
11.3750 -20.0000 4.0300 213 161 62
17.6250 -5.0000 3.7400 242 125 124
3.3750 0.0000 3.4400 177 226 11
-27.5000 -14.0000 0.1800 167 151 10
2.2500 4.0000 3.3500 175 221 56
-14.1250 -18.5000 1.5900 176 254 58
-27.6250 17.0000 4.8300 115 254 103
6.0000 -7.0000 2.4100 122 158 81
5.1250 20.5000 0.1100 165 104 32
4.5000 -18.5000 7.5500 16 213 116
20.0000 11.0000 3.3500 171 111 118
-12.8750 -17.5000 2.8700 163 201 133
-27.5000 26.5000 2.2700 111 242 97
15.2500 22.0000 2.9300 144 202 80
-11.2500 10.5000 0.0800 174 147 0
22.0000 -21.5000 3.9200 227 121 75
-17.6250 16.0000 3.6600 192 206 0
6.5000 18.5000 1.7100 166 210 80
16.1250 23.0000 3.0700 164 190 75
15.5000 -6.5000 3.7900 231 129 96
6.3750 4.0000 1.4900 131 195 39
12.0000 6.0000 7.2600 21 205 165
19.5000 18.5000 6.8300 26 211 182
11.8750 4.5000 6.8800 28 211 162
4.5000 -9.0000 4.8700 82 254 99
-21.2500 1.5000 0.0900 146 127 17
-18.1250 19.0000 3.5900 183 207 29
1.3750 -13.0000 8.2800 29 240 100
10.8750 10.5000 3.0700 140 165 88
14.1250 14.0000 3.1600 149 182 89
4.1250 -23.0000 5.5400 74 231 108
2.2500 -19.5000 8.5400 17 211 83
1.6250 -5.0000 2.0000 142 238 76
-6.0000 -11.5000 2.1900 163 254 86
13.8750 22.0000 3.3000 166 188 34
11.5000 -4.5000 5.6600 80 241 158
4.3750 -21.5000 7.6100 16 205 93
22.2500 11.0000 3.3500 162 103 124
-12.7500 -23.5000 0.1000 176 134 32
16.8750 22.5000 4.0300 146 254 0
20.7500 12.5000 3.6200 178 170 46
6.6250 -19.5000 8.9300 15 167 101
7.6250 -9.0000 11.9000 0 168 80
-26.1250 -14.0000 0.0900 172 143 0
-18.8750 8.5000 1.8600 158 247 81
19.6250 -21.5000 3.9500 240 145 64
-25.3750 -0.5000 3.9200 186 254 0
-6.0000 23.0000 0.1000 161 143 0
20.3750 19.5000 8.3900 17 194 122
1.2500 -17.0000 10.2200 0 203 101
-11.3750 -16.0000 1.9600 162 214 104
22.2500 -18.0000 6.3000 127 129 210
17.7500 23.0000 4.0900 146 254 1
-0.5000 -19.0000 9.4000 2 227 98
2.5000 -20.5000 8.0100 17 204 101
3.5000 2.0000 4.9000 92 254 102
-23.8750 23.5000 2.6600 131 254 111
8.8750 13.0000 1.6900 150 159 51
6.0000 -9.0000 11.5200 0 173 89
20.0000 24.0000 4.7200 110 254 95
2.6250 -13.5000 5.8800 58 254 146
-1.7500 -23.0000 7.6800 36 211 98
-14.8750 2.5000 0.1200 175 126 1
-22.0000 3.5000 1.4000 165 212 0
-16.2500 -21.0000 0.6200 189 151 28
21.0000 -15.0000 3.7200 234 97 79
-4.3750 9.5000 0.0800 162 125 18
10.0000 -18.0000 4.1100 173 199 41
19.7500 -15.0000 3.7300 243 100 72
-10.6250 13.0000 0.0900 163 149 9
10.0000 -7.5000 3.5200 179 154 43
-2.1250 6.0000 0.0900 165 113 28
-22.1250 22.0000 2.9600 158 204 91
8.8750 5.5000 4.9500 84 254 121
9.8750 -1.5000 7.0300 27 222 130
15.2500 25.0000 2.4900 143 201 68
5.1250 3.0000 5.3100 72 254 131
-9.7500 24.5000 1.8600 160 193 50
1.0000 -10.0000 4.0800 148 254 6
9.3750 12.5000 2.2800 130 181 92
19.2500 3.5000 3.5800 230 92 124
8.6250 -4.5000 3.9200 153 240 9
7.5000 10.0000 4.4600 122 254 45
4.6250 5.5000 6.0900 57 254 146
-26.5000 0.0000 5.2100 91 254 141
-22.8750 3.5000 1.6200 155 254 0
-1.7500 -21.5000 4.0300 151 254 0
20.1250 -21.5000 3.9400 241 142 65
0.5000 -6.0000 2.1000 137 234 74
-3.0000 17.5000 0.0900 177 113 0
4.3750 11.0000 0.0900 139 103 25
18.5000 6.0000 3.3800 199 78 152
-20.7500 -5.5000 0.1100 158 122 22
21.2500 -2.0000 7.1700 109 148 254
-1.6250 -23.0000 9.2600 18 201 79
3.1250 5.5000 4.7000 107 254 84
12.5000 -4.0000 5.4200 82 249 164
11.5000 4.0000 7.8300 19 196 130
0.1250 -13.5000 4.5500 108 254 80
17.6250 -12.0000 3.8100 232 119 91
11.3750 -3.0000 9.1700 2 165 115
4.2500 -18.0000 8.1300 10 210 105
-2.8750 -17.5000 1.8800 154 215 71
9.0000 -12.5000 6.7200 43 193 159
-16.5000 -18.5000 1.1700 168 176 44
16.0000 4.5000 3.8200 183 172 73
0.6250 -18.0000 2.7800 138 207 88
20.0000 -8.5000 7.1400 103 130 254
-26.6250 13.5000 1.4200 155 233 47
6.5000 0.5000 3.4900 151 205 31
-21.5000 -22.5000 5.4000 141 254 131
-4.7500 5.0000 0.1000 173 118 1
-25.2500 23.0000 2.4100 133 254 113
5.8750 -14.5000 8.1700 8 193 121
-24.3750 0.5000 1.6400 163 174 50
14.3750 1.0000 4.6700 113 251 143
4.1250 -18.0000 8.5900 7 210 94
21.1250 -4.5000 7.1300 116 124 254
10.0000 -13.5000 11.5400 2 111 110
-26.5000 13.5000 2.9100 143 254 103
17.7500 15.5000 8.1600 5 222 150
5.3750 -22.5000 5.1000 91 244 91
-25.2500 -12.0000 0.1300 185 138 0
-14.0000 -9.0000 0.1100 163 132 28
-3.3750 2.0000 0.0900 176 123 33
0.8750 -13.0000 1.3500 131 210 73
-10.0000 -17.0000 0.6900 154 166 30
-20.0000 5.0000 1.7200 151 194 43
7.1250 -19.5000 6.1300 62 231 140
17.8750 7.5000 3.3200 169 100 152
15.1250 -22.5000 4.0100 214 124 64
-27.1250 5.0000 4.2700 123 254 42
-17.0000 -10.5000 0.0900 174 127 0
21.5000 6.0000 3.5000 195 105 128
-6.7500 -6.0000 0.1100 162 141 16
-26.2500 5.0000 3.8400 165 246 14
7.8750 24.5000 0.1000 134 114 39
2.3750 -14.5000 3.8500 163 249 9
-27.2500 -0.5000 6.1000 77 254 153
2.3750 -10.0000 3.5600 167 229 30
4.0000 -11.5000 7.5100 2 240 139
19.0000 19.5000 6.4300 40 224 166
4.3750 -19.0000 7.5100 30 202 110
17.6250 5.0000 3.3000 184 79 166
12.1250 -22.5000 4.0500 200 149 61
-7.3750 6.5000 0.0900 177 138 12
14.1250 -7.5000 3.8000 203 148 67
13.5000 -21.0000 4.0000 226 142 65
5.8750 8.0000 3.9200 169 254 0
-27.1250 2.5000 2.1000 132 220 87
-14.2500 0.5000 0.1100 177 124 0
-17.2500 -21.5000 5.6600 132 254 158
-3.8750 18.0000 0.0900 172 125 6
20.2500 4.0000 3.4400 211 69 143
-9.0000 -8.5000 1.5300 164 217 26
-16.6250 10.5000 1.1700 163 195 29
12.6250 -15.0000 4.4400 147 234 119
-12.6250 -11.0000 0.1000 152 122 11
-0.5000 16.5000 0.0800 160 135 15
9.1250 -21.0000 4.0800 198 204 34
4.5000 9.0000 4.8300 105 254 92
19.6250 17.0000 7.5100 13 206 167
4.6250 -8.0000 2.7400 120 194 91
8.0000 3.0000 9.1000 11 192 83
10.3750 0.0000 2.7600 132 202 81
-13.8750 19.5000 2.4000 149 193 74
20.2500 -9.0000 7.1400 103 129 254
7.1250 -1.0000 2.2100 128 215 87
21.8750 -5.0000 7.1700 119 118 251
-22.7500 15.0000 0.1100 128 133 13
-24.3750 4.5000 3.6300 198 228 37
6.1250 -22.0000 9.7600 18 161 74
6.3750 -3.0000 8.3500 16 207 109
-9.7500 -12.0000 2.0400 156 201 65
2.0000 1.0000 3.7600 177 251 0
15.6250 1.0000 3.4100 200 88 109
9.7500 26.0000 0.1100 132 114 17
5.2500 10.0000 3.5100 185 212 20
15.3750 -11.5000 3.8200 232 141 88
-7.1250 -23.0000 1.5100 157 214 43
3.5000 -2.0000 2.8000 129 217 119
-25.5000 7.5000 0.4500 128 132 64
-20.3750 -11.0000 0.0900 194 124 11
17.1250 19.5000 5.1500 73 254 130
-21.7500 -2.5000 0.1400 172 138 0
-23.0000 8.5000 2.0100 148 239 59
17.5000 9.5000 3.7900 182 198 41
21.7500 -20.5000 4.4400 196 171 123
-21.7500 -9.5000 0.1100 182 99 0
20.3750 23.5000 5.2300 85 254 135
-14.0000 19.5000 2.3200 149 194 68
2.8750 11.5000 0.0900 138 113 31
3.2500 21.0000 0.1000 170 97 39
-19.6250 17.0000 3.5200 179 211 31
22.0000 22.5000 5.5200 75 254 130
1.1250 3.5000 0.0800 149 114 34
-13.2500 18.0000 0.1800 137 134 20
-13.6250 1.0000 0.0900 169 151 6
6.0000 -1.5000 3.4000 166 179 5
13.7500 -2.0000 8.3400 17 165 138
4.2500 5.5000 2.8000 156 210 87
17.0000 -4.0000 3.7600 228 128 86
5.0000 -22.5000 6.0800 64 211 117
11.0000 -23.5000 11.1900 54 73 123
-22.5000 18.5000 0.6700 135 165 30
7.2500 -13.0000 11.9900 0 149 78
-6.0000 -1.0000 0.1100 176 118 7
-17.8750 23.0000 2.2400 144 195 99
-13.1250 -2.5000 0.1700 169 146 20
10.1250 15.5000 2.4400 135 204 98
10.1250 -1.5000 6.8500 32 219 133
16.1250 19.0000 3.7600 164 228 0
1.3750 -19.5000 9.6900 5 190 88
3.6250 -3.0000 2.8500 133 215 115
17.8750 -14.5000 3.7400 236 98 83
-16.3750 -16.5000 0.1000 143 119 50
19.5000 25.5000 4.2500 141 254 28
3.1250 -15.5000 4.7200 85 254 102
-9.6250 25.0000 2.6600 147 213 91
6.8750 2.5000 8.6500 12 207 99
1.0000 0.5000 2.6800 143 233 108
-25.0000 -19.5000 5.6000 134 254 169
0.6250 -12.0000 5.1100 88 254 137
-15.1250 -15.5000 0.1200 150 139 27
19.7500 16.0000 7.2700 24 194 168
-20.5000 -23.5000 5.4200 148 254 143
-20.7500 -13.5000 0.1000 176 128 1
-14.3750 13.5000 0.2100 131 134 40
-12.6250 17.5000 0.0900 141 124 13
-27.2500 1.5000 0.5200 130 140 43
-18.3750 5.5000 0.1500 158 139 7
18.3750 -16.0000 3.7600 235 99 54
10.2500 -6.0000 4.7500 85 254 89
-1.2500 -16.0000 4.5800 113 254 65
7.6250 3.5000 8.8200 13 198 92
12.6250 -6.0000 3.7300 210 163 57
10.5000 -19.0000 4.0600 194 171 49
1.5000 -21.0000 7.1900 20 238 113
13.0000 7.5000 4.7500 99 254 111
18.1250 -21.5000 3.9500 226 126 67
13.7500 -2.5000 8.2600 16 170 142
-26.3750 1.5000 7.1100 33 251 141
5.2500 -2.0000 2.5700 141 219 80
6.6250 -14.0000 10.1100 0 168 96
13.8750 -20.5000 4.0400 218 150 68
18.3750 -19.0000 4.4400 181 197 127
5.6250 2.5000 3.6600 179 221 4
-1.6250 22.0000 0.0800 171 113 0
-17.3750 26.5000 1.5900 159 132 50
21.3750 24.0000 5.2300 88 254 120
-3.5000 -3.5000 0.1100 155 136 31
-14.7500 -16.0000 0.1000 168 110 7
-24.8750 9.0000 0.1200 142 114 40
8.5000 5.0000 4.4300 102 254 41
3.3750 16.0000 0.0900 156 103 43
8.2500 10.5000 3.1600 153 169 70
18.2500 14.0000 6.3900 41 223 186
1.2500 -21.0000 7.9300 11 223 104
4.5000 21.0000 0.1000 168 98 35
-25.5000 -1.5000 3.5800 201 225 19
-0.2500 -0.5000 0.4300 145 155 3
13.3750 -13.5000 3.8100 205 127 71
2.8750 -15.5000 3.1300 143 180 89
6.7500 -2.5000 2.5000 139 169 99
5.3750 16.5000 2.1900 152 244 100
-24.7500 -23.5000 5.4200 139 254 130
-3.5000 26.5000 0.1000 162 133 0
4.6250 -12.5000 7.1500 11 245 129
9.6250 -12.0000 9.9800 0 154 123
6.1250 15.5000 2.9300 139 252 134
-22.8750 24.0000 2.4800 147 254 95
1.7500 -10.0000 4.1300 141 254 8
12.2500 10.0000 4.8900 87 254 120
15.1250 -12.0000 3.8000 232 134 90
-1.0000 -1.0000 0.3500 144 153 21
-4.3750 -21.5000 3.7800 179 244 0
10.2500 16.5000 3.1800 154 189 80
10.6250 -18.5000 4.0800 178 189 44
14.0000 15.0000 3.0800 145 178 99
-0.8750 -20.5000 8.4200 14 225 97
19.8750 -17.0000 4.6900 162 211 152
19.8750 -16.5000 3.9700 219 155 52
20.5000 -15.5000 3.7100 242 86 85
21.1250 8.0000 3.4100 195 87 135
10.5000 5.5000 7.5700 16 216 129
-27.3750 9.0000 6.0200 81 254 135
12.7500 -4.0000 5.4400 81 249 166
-3.8750 -21.0000 3.6800 177 228 0
-25.2500 4.5000 5.9300 69 254 159
7.3750 17.5000 1.5900 167 202 65
7.0000 -20.5000 4.5700 122 254 40
12.1250 23.0000 2.9300 148 194 94
20.5000 -9.5000 7.1700 104 126 254
6.8750 4.0000 4.2300 130 254 7
-9.0000 -15.5000 0.1600 140 139 52
12.2500 15.0000 3.4600 166 211 52
-9.3750 -9.0000 1.6700 165 212 33
13.3750 -2.0000 8.4300 15 164 137
-19.0000 -10.0000 0.1000 164 124 3
-6.0000 -22.5000 2.3100 134 236 80
18.1250 -2.5000 3.6400 245 97 112
7.5000 -21.5000 11.8300 6 132 73
-26.0000 -15.0000 0.0900 178 146 0
12.2500 -11.5000 3.7900 213 151 66
15.1250 -18.5000 4.4700 161 203 134
3.6250 -14.5000 3.9000 161 254 3
18.3750 -19.0000 5.3500 137 197 221
7.3750 -18.5000 9.5500 13 160 85
13.5000 3.0000 4.1000 148 254 33
11.7500 -3.5000 5.1100 83 254 125
5.3750 16.0000 0.1000 141 99 9
4.2500 18.0000 0.0900 152 106 20
1.0000 -17.5000 3.2000 155 195 78
-25.3750 9.5000 0.1000 138 117 42
7.6250 4.0000 4.7400 95 254 80
-20.2500 24.0000 1.6400 146 166 75
18.1250 -4.0000 3.6800 241 108 118
-27.5000 6.0000 0.5500 137 124 44
11.0000 -19.5000 4.0500 197 164 48
5.6250 -16.0000 8.9200 5 187 100
-0.1250 -3.0000 0.3200 161 140 0
5.8750 12.5000 0.2800 146 128 0
12.7500 8.0000 4.2500 138 254 32
-25.7500 25.0000 2.5800 118 254 122
-2.0000 -20.0000 3.4600 174 216 18
20.0000 -10.5000 7.1600 108 117 254
17.2500 10.5000 4.3200 121 254 51
-27.2500 11.5000 6.8300 62 250 140
0.1250 -12.0000 4.6900 111 254 85
-7.7500 -22.0000 0.7200 160 165 42
6.7500 19.0000 0.6900 142 171 43
-2.1250 -3.5000 1.4100 153 238 38
-2.1250 10.0000 0.0800 162 127 38
-7.7500 -0.5000 0.1100 181 115 21
-1.1250 -20.0000 9.1100 9 238 90
-3.8750 3.0000 0.0900 175 128 37
7.0000 1.0000 7.2100 28 244 128
14.8750 5.5000 4.3400 123 250 72
-2.0000 3.0000 0.1000 174 117 33
-18.8750 19.5000 3.0700 159 186 109
-1.5000 1.0000 1.5200 162 254 64
22.1250 19.0000 5.0100 88 254 116
-4.2500 -19.5000 1.6000 149 226 42
1.1250 -11.5000 4.8000 104 254 97
-5.3750 -13.5000 0.1300 153 128 0
-25.6250 2.5000 0.5000 149 133 30
-26.8750 16.5000 0.0900 134 141 2
-12.2500 14.0000 0.0900 136 136 20
3.2500 8.0000 2.9100 151 242 72
19.3750 6.0000 3.3400 198 75 162
11.6250 -10.0000 3.8000 193 159 46
-11.5000 18.0000 0.1000 139 123 10
-10.8750 17.0000 0.0900 140 122 10
8.6250 -1.0000 6.3900 47 237 139
0.0000 24.5000 0.1100 171 120 0
20.5000 20.5000 5.2800 71 254 144
-17.3750 -7.0000 0.1000 178 117 6
18.7500 18.0000 5.6200 59 254 176
-21.5000 18.5000 3.2400 174 204 89
-13.8750 -1.0000 0.1100 181 131 0
-15.0000 -9.5000 0.0800 166 124 30
0.8750 -6.0000 3.0300 161 211 67
-17.8750 -16.0000 0.1000 158 126 27
14.8750 -2.0000 3.5500 208 135 88
-0.5000 -18.5000 9.6000 0 222 98
-25.8750 -23.0000 5.4200 140 254 135
-24.8750 11.0000 0.1900 160 108 17
11.0000 -11.0000 7.6800 30 178 144
-0.8750 7.5000 0.1000 135 116 59
19.2500 14.5000 8.0700 8 202 161
13.0000 -19.0000 4.0500 203 152 64
-16.8750 9.5000 1.9600 199 205 50
10.3750 3.0000 9.0400 5 191 100
10.1250 -6.5000 3.4000 166 155 37
10.3750 -13.0000 12.1800 8 104 103
-0.5000 -1.0000 0.2500 138 142 11
-11.3750 17.5000 0.1000 141 121 9
-26.6250 -17.5000 5.2000 138 254 112
6.0000 9.0000 3.8100 181 240 0
19.1250 14.5000 7.8800 10 204 164
3.7500 8.0000 3.9600 155 254 0
-17.2500 -21.5000 6.6400 107 235 161
10.1250 1.0000 7.8500 16 203 129
17.3750 23.5000 4.2200 134 254 4
20.1250 18.5000 7.5600 14 203 165
-18.6250 17.5000 3.7900 185 252 2
-20.1250 -6.5000 0.1000 175 118 11
8.3750 2.5000 9.4200 10 178 95
13.3750 4.5000 3.0400 140 138 136
11.5000 8.0000 4.3700 115 254 53
-16.5000 10.5000 1.3100 166 195 33
20.3750 16.5000 6.9400 33 187 171
-1.3750 -6.0000 0.3900 152 158 0
12.7500 2.0000 5.3100 70 254 169
20.8750 -12.0000 7.2300 93 111 254
-10.1250 -1.0000 0.1000 170 131 38
16.0000 13.0000 4.9200 89 254 141
7.6250 -7.5000 3.2500 150 163 64
3.1250 3.0000 5.0700 84 254 124
20.5000 18.0000 5.5400 64 254 167
15.3750 -18.5000 4.4500 167 203 115
-25.0000 6.0000 2.8800 143 224 109
17.5000 3.5000 3.4800 196 105 120
17.1250 -13.5000 3.7700 233 112 83
4.3750 -11.0000 4.0300 142 254 0
16.7500 -18.5000 6.2900 88 151 221
10.7500 -7.0000 4.9800 83 254 118
-25.1250 21.0000 0.3200 142 116 0
10.6250 -9.5000 11.3900 7 145 103
-22.6250 -10.0000 0.1100 176 120 15
7.8750 -5.5000 2.5500 126 150 84
7.0000 -13.5000 8.6100 4 180 109
5.7500 -5.5000 2.1800 122 141 77
-20.2500 2.0000 0.1100 144 132 15
2.2500 -18.5000 10.2200 0 187 87
3.3750 1.5000 7.4700 30 224 105
-24.2500 4.5000 2.2500 128 254 80
-21.0000 24.0000 1.7000 152 174 73
-2.6250 -13.5000 3.7100 187 254 0
6.1250 -2.0000 2.1000 136 169 73
5.2500 16.5000 0.4500 133 155 48
-21.6250 -21.0000 5.3200 140 254 141
-21.5000 -1.5000 0.1000 167 138 0
6.7500 -16.0000 6.5300 34 223 142
6.7500 8.5000 0.8300 142 148 13
11.2500 -9.5000 7.5500 41 163 165
3.5000 2.0000 7.5000 35 222 101
7.1250 13.0000 0.8800 144 168 28
5.1250 -17.0000 5.1000 71 254 122
-19.7500 7.0000 1.2200 157 211 41
16.5000 26.5000 2.2600 138 210 78
-16.0000 13.5000 2.0800 143 197 51
-16.8750 24.5000 2.1400 151 187 93
-17.3750 -10.5000 0.1200 176 127 0
13.6250 25.0000 2.4400 135 204 82
-16.0000 -23.5000 5.3400 146 254 141
11.5000 -1.5000 6.6300 43 204 167
-21.7500 7.0000 0.1100 134 145 18
-26.3750 15.5000 0.0800 138 138 0
5.6250 -9.5000 3.0400 125 177 70
2.8750 13.5000 0.0900 138 101 55
8.2500 19.0000 1.4300 165 205 43
17.8750 16.0000 7.2300 20 221 160
8.0000 -19.5000 4.1000 178 226 15
-25.7500 10.0000 0.1200 137 114 47
-0.2500 -11.5000 5.2400 85 254 150
9.6250 -21.5000 4.0900 199 199 37
17.6250 -18.5000 6.1200 112 151 232
13.8750 6.5000 3.9400 166 233 19
-25.2500 5.5000 4.9000 100 254 111
-0.6250 23.5000 0.1000 172 116 0
14.0000 21.5000 3.4000 164 197 28
11.1250 20.0000 2.2500 140 205 97
-20.6250 21.5000 2.8100 144 209 109
16.1250 17.5000 7.8200 8 219 132
-20.8750 -5.0000 0.1100 153 129 27
-2.6250 -20.0000 3.3700 173 209 36
-25.6250 7.0000 1.6500 162 209 42
18.0000 -0.5000 7.2600 75 163 249
9.1250 16.5000 2.4300 144 214 118
-0.3750 -18.0000 8.5300 15 220 110
6.2500 -21.0000 10.6200 4 154 67
18.2500 26.0000 3.0500 152 181 95
16.0000 18.5000 5.9400 47 254 161
11.6250 1.0000 6.5200 37 212 157
-4.8750 -22.5000 2.7700 133 218 101
12.0000 -7.5000 4.1800 157 230 62
10.7500 2.0000 5.6600 59 254 137
8.3750 -8.0000 3.6100 176 213 17
7.7500 -2.0000 8.4000 21 203 102
-1.0000 -13.5000 0.5200 131 149 37
-3.1250 -3.5000 0.1100 155 133 28
15.7500 -3.0000 3.6600 231 126 66
4.0000 10.5000 4.9100 104 254 112
-4.2500 16.0000 0.1100 185 141 0
-21.2500 -11.5000 0.1700 201 132 7
-11.3750 14.0000 0.1000 141 134 19
13.2500 23.5000 3.0100 153 187 86
4.6250 5.0000 4.2700 137 254 25
-11.6250 24.5000 2.9900 149 209 108
-16.2500 0.5000 0.1200 173 134 14
13.7500 -2.5000 7.4200 24 188 164
-20.3750 -2.0000 0.0900 169 135 0
-12.6250 21.5000 2.6600 148 208 110
14.6250 -10.5000 3.7800 223 138 92
16.2500 -16.0000 6.7300 79 138 215
9.8750 -17.0000 4.1000 167 196 40
4.2500 2.5000 7.1900 39 229 108
-20.8750 4.5000 0.0900 139 145 13
14.8750 -2.0000 3.5200 207 131 91
12.5000 19.5000 3.5700 176 229 12
0.0000 9.0000 0.1100 152 120 40
10.1250 -3.5000 6.8700 27 226 134
17.7500 0.0000 3.8000 209 150 66
-25.5000 -0.5000 0.1300 126 115 37
14.3750 20.5000 3.0100 136 179 98
7.8750 -4.5000 3.2800 154 167 55
4.8750 -13.5000 6.7500 26 243 133
2.0000 -11.0000 9.0700 12 238 101
6.8750 12.0000 1.1600 145 193 49
20.0000 20.5000 5.3700 66 254 153
6.1250 -13.0000 8.9500 0 197 97
8.6250 -4.5000 3.9800 148 250 10
-18.7500 17.0000 3.9200 170 254 0
22.1250 -11.0000 7.2000 113 109 254
9.6250 23.5000 1.4500 144 254 32
9.5000 -3.5000 6.3800 46 217 147
-26.0000 8.5000 6.2400 67 254 160
19.1250 -5.5000 7.1200 95 131 254
20.3750 15.0000 7.9600 11 193 161
-26.2500 7.0000 4.6600 112 254 103
-13.2500 -6.5000 0.0900 160 129 33
12.1250 -16.0000 4.5300 136 221 133
13.0000 -1.0000 7.0000 31 196 174
15.1250 -2.0000 3.5600 216 107 82
6.3750 9.0000 2.9600 137 189 111
8.8750 -8.5000 3.7100 185 185 23
11.2500 5.5000 7.5500 18 199 156
-12.5000 -23.5000 5.6400 130 254 145
5.5000 -9.0000 4.4500 95 254 52
17.3750 -8.5000 7.1600 87 142 254
20.8750 -11.5000 7.1900 96 111 254
-12.2500 -17.5000 2.6900 162 213 125
-19.0000 7.5000 1.4000 143 224 70
21.2500 14.0000 3.4300 171 136 69
-12.5000 23.0000 2.6000 145 218 89
3.7500 -7.5000 2.4200 113 200 89
-13.6250 15.5000 0.4500 134 142 35
20.1250 13.5000 5.7400 69 239 189
13.1250 -8.0000 3.7700 207 139 78
-16.1250 24.0000 2.7900 142 190 113
15.7500 -20.0000 3.9700 230 131 60
10.7500 21.0000 2.4400 140 208 118
-9.5000 -1.5000 0.0900 173 125 35
10.3750 -16.0000 4.5200 127 222 104
18.0000 -18.0000 4.7300 158 210 161
8.0000 2.5000 9.4900 9 176 96
17.0000 19.5000 9.0900 13 190 113
-23.5000 25.0000 2.8200 143 254 102
9.0000 -10.5000 8.9500 6 181 117
16.6250 2.5000 3.4600 203 101 117
-22.5000 2.5000 3.5500 174 232 33
9.1250 -19.0000 4.0800 182 210 29
-0.6250 5.5000 0.0900 143 105 46
6.7500 18.0000 1.7600 169 209 80
20.7500 3.5000 7.2800 70 153 251
-27.5000 14.5000 5.4200 98 254 145
19.3750 21.0000 4.9500 88 254 125
-25.8750 2.5000 0.5100 148 136 32
17.7500 -21.0000 3.9600 226 129 69
-9.6250 -12.0000 1.8300 160 197 56
5.5000 8.0000 4.4300 117 254 46
-16.1250 -11.0000 0.1200 161 156 25
-12.5000 -3.0000 0.1100 169 134 11
6.8750 -8.5000 3.8100 163 250 1
-27.0000 6.5000 2.6200 141 218 97
-27.1250 0.5000 3.3100 166 199 85
-23.3750 -11.0000 0.0900 181 122 0
13.1250 -8.5000 3.7300 211 133 76
-20.0000 19.5000 3.6300 188 224 36
-10.3750 21.5000 0.0800 144 176 0
16.1250 23.5000 2.9900 158 194 81
-2.3750 4.5000 0.1000 173 124 28
-1.7500 -10.0000 5.7600 82 254 144
10.5000 -3.0000 6.6500 35 217 141
-18.0000 1.5000 0.1100 185 131 0
-26.5000 23.0000 1.4500 134 183 60
-10.1250 -19.5000 0.1100 157 112 50
19.1250 -17.0000 4.4900 171 206 118
21.2500 0.5000 7.0600 96 159 250
-1.5000 -15.5000 4.2000 140 254 8
-4.8750 -4.0000 0.0900 164 147 21
-25.2500 1.0000 0.9900 149 167 30
10.8750 -7.0000 6.5900 47 199 148
18.2500 15.5000 5.6400 63 254 188
-12.1250 16.0000 0.1100 132 143 25
11.5000 5.5000 7.1800 20 209 164
-16.6250 -18.5000 1.5300 172 187 56
-7.2500 -7.0000 0.8500 156 186 51
-22.0000 25.5000 1.6100 140 176 79
-4.8750 4.0000 0.0900 166 131 12
14.5000 15.0000 3.1300 151 175 99
-7.7500 -15.0000 0.0800 135 132 50
-20.2500 6.0000 1.1400 143 185 27
-5.5000 -22.5000 2.4600 134 234 80
15.7500 15.0000 3.7900 169 240 12
-26.0000 -22.5000 5.4600 137 254 144
0.3750 -14.0000 4.3100 122 254 40
13.3750 -1.0000 8.7800 11 177 139
17.8750 19.0000 7.5800 21 196 149
11.7500 1.5000 5.8300 66 237 167
3.5000 10.0000 2.5900 139 254 66
2.2500 3.5000 2.7300 134 228 94
0.6250 -6.0000 2.0000 138 230 66
-21.2500 10.0000 0.1000 144 117 4
8.6250 -8.0000 3.8000 174 241 9
13.0000 23.0000 2.9300 149 192 90
-21.8750 -19.5000 5.4000 134 254 144
10.1250 1.5000 4.2700 116 254 28
-11.2500 -6.0000 0.1200 162 136 12
7.6250 -2.5000 7.3900 18 226 142
9.5000 25.5000 0.1100 136 107 14
-0.1250 -18.0000 9.7800 0 212 108
14.3750 -21.5000 4.0000 218 127 65
8.5000 -5.5000 3.1500 135 156 79
8.2500 -22.5000 12.9400 15 101 75
-21.5000 12.5000 0.1100 138 115 0
11.0000 -10.5000 10.5700 14 146 111
5.1250 5.0000 6.8700 42 236 142
-6.2500 -15.0000 0.1000 152 128 0
-17.0000 6.5000 0.5300 153 169 21
-15.0000 -20.0000 0.6500 184 154 18
2.3750 -4.0000 2.4400 134 207 96
9.7500 11.0000 2.6500 135 179 112
11.8750 -22.0000 4.0600 203 155 60
-14.1250 -20.0000 0.4400 181 121 13
17.3750 -18.5000 6.4400 102 135 230
3.6250 13.0000 0.0900 135 109 41
13.6250 -5.5000 3.7100 207 158 63
-23.0000 -2.0000 0.1200 154 133 13
-19.0000 23.0000 2.0000 150 183 89
-8.8750 18.5000 0.1000 138 170 15
8.0000 24.5000 0.1000 139 117 24
-27.3750 18.0000 0.1000 125 138 19
21.3750 -11.0000 7.1700 113 111 254
-8.7500 -9.5000 1.7300 165 213 31
-17.7500 4.5000 1.2000 158 223 36
15.1250 -6.5000 3.8000 226 131 96
3.2500 10.0000 0.1300 148 103 31
1.1250 -22.5000 4.0500 146 254 0
7.5000 10.0000 4.1900 139 254 5
-1.8750 -8.0000 5.0200 111 254 119
11.8750 -1.5000 5.1900 85 254 144
-27.5000 12.5000 0.3500 139 147 42
-18.8750 -16.0000 0.1200 148 145 24
-12.0000 22.5000 0.5100 141 130 0
0.5000 5.5000 0.0800 144 100 41
10.3750 18.0000 2.4000 129 214 108
8.0000 2.5000 9.6400 7 176 97
-23.3750 20.0000 1.2600 140 199 42
12.3750 -16.0000 4.5000 139 223 128
18.5000 14.0000 7.8200 15 206 160
18.3750 -21.0000 3.9600 238 148 68
-5.0000 1.0000 0.0900 168 123 15
7.5000 2.0000 9.3100 8 195 83
12.1250 1.0000 7.5500 26 188 168
8.1250 2.5000 9.4400 10 177 97
-27.2500 6.5000 6.9100 47 237 147
4.5000 25.5000 0.1000 159 123 48
1.5000 0.5000 4.1800 139 254 17
-4.5000 -16.5000 0.1200 141 141 0
18.5000 7.0000 3.2500 167 94 159
2.8750 -0.5000 6.3900 49 254 142
-24.5000 9.0000 3.7900 195 254 0
-16.6250 11.0000 1.2600 150 199 41
20.5000 -19.5000 4.5600 183 194 135
1.6250 -21.0000 7.0400 23 239 112
6.7500 9.0000 3.8200 182 241 0
5.8750 -13.5000 7.2800 16 221 126
0.7500 -16.5000 9.6300 0 211 107
17.1250 -8.0000 7.1400 86 144 254
-14.3750 15.5000 2.0100 154 173 33
16.7500 18.0000 5.2000 66 254 139
-18.6250 11.5000 0.5900 151 157 46
-9.1250 5.0000 0.1100 176 124 18
13.8750 5.0000 3.5700 180 175 53
7.8750 -18.0000 6.2500 52 213 135
-9.5000 -20.0000 0.0700 168 98 27
19.3750 -4.5000 7.1400 97 128 254
16.3750 4.0000 3.7000 196 142 85
-14.8750 -17.0000 0.3700 169 132 20
11.8750 8.0000 4.3800 123 254 53
3.0000 8.5000 3.1400 163 231 58
9.7500 -9.5000 5.5700 60 254 156
-10.6250 -8.5000 1.8800 181 198 51
-12.1250 -16.0000 1.7800 162 232 95
1.6250 -22.0000 3.9100 161 241 0
-4.2500 12.0000 0.0900 165 107 16
8.6250 -21.0000 4.0800 195 203 35
-7.7500 -9.0000 1.8600 162 217 32
-18.7500 12.5000 0.1100 137 100 62
-11.5000 23.5000 2.2500 154 205 55
-16.6250 23.0000 2.4100 138 187 93
0.5000 1.5000 1.5400 163 233 68
-10.6250 -15.5000 2.0300 144 221 110
21.8750 3.5000 7.0700 88 156 223
-18.0000 -8.5000 0.0900 169 95 0
4.8750 9.5000 4.8100 105 254 86
6.3750 -16.0000 3.9600 159 231 0
9.3750 2.0000 9.6600 2 185 98
-22.6250 18.0000 0.1100 132 152 20
-10.8750 -12.0000 0.7400 150 196 46
2.0000 -7.5000 5.9000 54 254 142
11.0000 -23.5000 8.4200 70 101 161
5.1250 16.5000 0.1000 164 124 1
-26.8750 -0.5000 6.9400 51 250 145
16.0000 -0.5000 3.6000 221 110 72
-19.8750 1.0000 0.1100 161 128 13
-2.8750 -23.0000 10.2400 14 201 75
18.8750 15.5000 8.2400 7 198 159
-7.2500 -10.5000 1.1400 175 200 40
-27.3750 -2.0000 2.3700 150 208 98
0.2500 -11.5000 5.1100 89 254 138
0.8750 -23.0000 7.3300 30 224 97
11.8750 -20.0000 4.0300 214 150 69
21.5000 21.5000 6.5100 54 207 134
11.7500 26.0000 2.4500 142 234 90
-24.6250 -19.0000 5.6800 127 254 127
-12.3750 -11.5000 1.2900 149 238 73
7.6250 -4.5000 3.2200 152 166 61
2.2500 -17.5000 10.1400 0 198 96
20.5000 -3.0000 7.1300 101 157 254
-22.0000 -17.5000 0.1200 180 113 0
-12.7500 -14.0000 0.1400 155 119 36
-11.7500 -7.5000 0.1000 152 142 29
10.1250 14.5000 2.0000 146 175 70
0.3750 1.5000 0.1100 139 132 2
15.0000 0.0000 4.0900 171 220 68
8.3750 11.0000 4.2100 131 254 21
-19.1250 5.5000 2.0000 143 233 90
2.3750 -1.0000 3.6900 178 234 0
5.6250 19.5000 0.1100 137 128 42
6.5000 17.5000 1.9300 171 214 87
-12.7500 11.5000 0.1000 164 132 22
18.3750 -13.5000 3.7900 240 118 90
21.0000 0.5000 7.0700 94 161 253
5.1250 9.5000 5.0100 93 254 121
7.1250 21.0000 0.1000 144 132 23
21.8750 -16.5000 3.7600 239 94 82
19.8750 0.5000 7.0800 83 169 254
6.5000 2.5000 5.3100 70 254 139
-15.3750 -22.5000 5.5600 118 254 165
22.2500 -12.5000 7.1500 102 114 230
4.1250 -22.0000 6.7300 29 221 105
8.0000 5.5000 4.1300 124 254 0
0.5000 -21.5000 4.3200 124 254 14
5.7500 -20.0000 5.7000 74 253 137
6.5000 -18.0000 6.1200 55 227 139
1.8750 22.5000 0.1000 180 124 0
-13.2500 -18.5000 0.6700 155 166 51
-20.8750 -12.0000 0.0900 199 122 8
10.3750 -7.5000 6.8100 41 199 151
-27.1250 -5.5000 0.0900 148 135 23
22.1250 -6.5000 7.1600 115 106 254
-0.3750 -21.5000 9.8200 6 210 76
1.0000 -4.0000 2.0100 147 235 56
-22.1250 22.5000 2.4100 148 214 105
19.8750 14.0000 7.5600 15 199 166
-22.3750 -23.0000 5.4300 144 254 137
21.0000 7.0000 3.5200 198 109 121
6.3750 -12.0000 12.1400 0 166 74
20.8750 0.0000 7.1300 90 162 254
-2.0000 15.0000 0.1100 182 138 0
20.1250 16.0000 6.9800 29 191 173
9.3750 10.0000 2.9900 136 182 111
14.1250 16.5000 2.3700 129 137 84
-21.1250 25.5000 1.5100 136 161 83
16.6250 -10.5000 3.8100 233 134 100
16.1250 26.0000 1.3000 147 158 31
15.6250 -2.0000 3.6100 224 116 76
14.7500 21.5000 3.1800 158 195 50
-3.3750 -14.0000 4.4700 134 254 59
13.2500 -19.0000 4.0400 207 155 71
-18.3750 20.5000 1.7500 150 162 54
-16.7500 20.5000 2.4000 129 214 106
-2.5000 21.0000 0.0900 184 121 0
-0.8750 -16.5000 1.3300 152 192 40
5.1250 -13.5000 4.1800 127 254 20
3.8750 -1.5000 3.4900 177 203 19
1.1250 -18.0000 10.0000 0 207 102
16.3750 9.0000 4.5400 112 254 89
7.3750 19.0000 0.6500 154 160 30
12.3750 -6.0000 6.8600 52 189 182
22.1250 12.0000 3.3300 155 124 101
-9.5000 6.5000 0.0900 170 134 25
-0.5000 -5.5000 1.3800 140 212 40
13.7500 -20.5000 4.0400 219 152 67
-2.5000 11.0000 0.1000 174 114 9
11.1250 0.5000 3.7900 169 221 0
14.1250 -13.5000 3.8100 209 139 70
-8.0000 -10.5000 0.3800 160 155 26
5.1250 5.5000 4.8600 101 254 87
-5.3750 -15.0000 0.0800 152 121 0
12.0000 4.5000 7.9800 16 194 146
-4.3750 3.0000 0.0900 169 131 10
5.3750 14.0000 0.1800 146 93 38
3.6250 1.5000 7.6800 26 216 107
-13.6250 -21.0000 0.5500 184 133 26
-12.8750 -16.5000 1.6600 158 240 89
21.2500 16.5000 7.3600 33 183 153
8.1250 -15.0000 11.4100 0 152 83
8.3750 -21.5000 10.8900 19 115 84
6.3750 -8.5000 12.8400 0 160 72
1.1250 -20.0000 9.6500 1 205 76
-24.7500 0.0000 1.6500 163 175 52
10.2500 12.5000 3.9500 160 254 0
15.8750 8.0000 4.8800 96 254 145
-4.0000 12.0000 0.1000 172 121 12
-17.6250 15.0000 3.2200 163 198 81
16.3750 -6.0000 3.8000 234 133 94
-26.2500 -22.5000 5.4200 140 254 139
11.8750 15.5000 3.5500 164 222 43
-2.6250 2.5000 0.1000 177 118 32
-14.6250 19.5000 4.6300 118 254 74
-9.8750 18.5000 0.0800 133 175 22
7.2500 -23.0000 4.1600 153 199 22
-26.5000 -20.5000 5.4100 141 254 155
-23.2500 -20.5000 5.3700 140 254 153
-6.3750 -7.5000 0.1100 162 128 43
21.3750 -3.5000 7.1400 118 125 249
-18.3750 -17.0000 0.0800 140 137 21
-16.6250 17.0000 3.2800 179 180 69
-26.2500 18.0000 0.1100 136 158 0
11.6250 -23.5000 4.1000 190 152 63
-15.1250 20.0000 3.3000 188 205 57
10.5000 2.5000 7.0100 18 216 149
5.3750 -14.0000 7.3500 13 230 130
-27.5000 3.0000 2.3600 147 202 109
0.8750 12.5000 0.0900 157 144 4
18.1250 22.5000 4.4100 117 254 60
11.3750 19.5000 2.5700 117 209 104
-1.2500 -17.0000 1.0400 151 175 33
-15.3750 -13.0000 0.0900 163 146 15
-4.7500 25.5000 0.1100 163 133 0
17.1250 8.0000 4.3000 130 254 44
9.3750 -3.5000 6.2700 50 216 149
16.0000 -4.5000 3.7500 228 123 94
17.7500 20.0000 5.4500 68 254 150
19.1250 8.0000 3.3500 193 97 129
-5.0000 -20.5000 0.8000 154 155 18
0.8750 1.0000 0.1200 142 125 0
4.5000 11.5000 2.9800 152 235 98
0.3750 -15.0000 4.0300 152 254 0
11.1250 -8.5000 4.3300 125 254 42
20.6250 11.0000 3.3400 171 96 130
6.2500 9.5000 2.6400 125 214 111
-9.1250 3.5000 0.1100 188 126 14
2.6250 -18.5000 7.4200 16 212 126
-4.5000 16.0000 0.1000 186 138 0
-17.8750 6.5000 1.6800 143 218 74
-5.5000 -21.5000 2.4400 134 242 89
10.0000 1.5000 4.4700 103 254 61
6.7500 16.0000 1.5500 155 236 63
-20.3750 13.0000 0.0500 133 111 0
-16.7500 11.0000 1.2700 148 202 43
-14.2500 -17.5000 1.1500 170 216 60
19.3750 -1.0000 7.1700 81 167 254
13.5000 10.0000 5.2700 77 254 154
-5.1250 23.0000 0.1400 163 141 0
8.1250 11.0000 3.3600 173 189 63
-20.6250 -8.5000 0.1000 184 96 0
-17.5000 8.5000 1.3500 154 229 46
20.1250 15.0000 8.6500 3 185 148
-24.7500 24.0000 2.3600 135 254 106
10.7500 1.0000 6.9200 34 229 131
2.8750 14.0000 0.0900 157 99 44
8.1250 -13.5000 5.6100 60 249 144
-2.2500 17.5000 0.0900 177 109 0
-10.8750 -10.5000 0.1700 168 141 1
9.2500 -9.0000 8.3000 13 186 138
19.3750 17.0000 8.8800 4 190 133
-12.3750 -17.5000 2.6500 162 214 122
7.3750 4.5000 5.5800 62 254 132
-1.0000 -13.5000 4.1400 149 254 0
-2.3750 15.0000 0.1000 184 138 0
8.1250 0.5000 2.1100 128 191 73
-0.2500 -18.5000 9.8200 0 211 104
5.7500 -4.0000 1.2800 140 117 2
7.0000 15.0000 0.9000 159 180 17
17.2500 2.5000 3.4500 198 100 120
-6.8750 -23.0000 1.6900 152 222 51
-8.8750 5.0000 0.1200 177 124 17
-25.8750 8.0000 4.9200 105 254 125
2.7500 -15.0000 3.2700 153 177 79
10.8750 -2.5000 6.6000 38 211 140
-16.8750 14.0000 1.0400 151 188 19
-10.5000 -18.0000 1.3200 158 210 36
-11.1250 12.5000 0.0900 165 128 19
16.1250 19.0000 5.5900 57 254 151
-22.6250 -6.5000 0.1000 156 127 30
5.7500 -21.0000 9.6200 16 165 79
12.0000 5.5000 7.1000 22 209 165
6.8750 -5.5000 2.4600 125 150 88
-13.0000 -2.5000 0.1000 168 137 14
-17.3750 -17.5000 0.1100 138 134 18
-2.2500 -0.5000 0.1000 149 107 35
14.3750 -22.0000 4.0100 216 127 66
-7.8750 4.0000 0.1100 187 139 5
20.5000 20.5000 7.5200 19 186 150
-14.7500 -12.0000 0.0900 163 142 14
10.0000 19.5000 1.9800 145 206 85
9.0000 18.0000 1.8000 138 196 82
11.0000 15.5000 3.3500 162 198 56
-17.0000 6.5000 1.2100 149 196 47
16.8750 26.0000 2.3400 135 217 85
5.6250 -13.0000 6.7200 26 233 138
9.2500 12.0000 0.6600 139 121 0
6.2500 -2.0000 2.0700 137 165 70
-18.8750 -23.0000 5.3400 151 254 132
4.3750 -0.5000 4.4400 118 254 22
-19.6250 -15.5000 0.1000 156 140 21
-12.5000 3.0000 0.1000 189 146 0
2.1250 -16.0000 3.2800 141 194 82
-23.0000 23.0000 2.4900 142 253 107
2.5000 -19.0000 9.8900 2 188 90
-10.6250 24.5000 1.9500 181 178 17
-20.0000 17.0000 3.2000 159 197 81
-17.6250 -23.5000 5.3300 150 254 141
-20.8750 -8.5000 0.1000 184 95 0
-27.1250 7.5000 4.6500 112 254 106
-15.5000 -22.0000 5.4300 120 254 173
14.7500 0.0000 4.0600 171 214 69
-7.1250 15.5000 0.0800 171 149 0
19.2500 23.0000 4.9500 97 254 126
6.1250 -18.5000 7.9300 23 188 112
-14.8750 14.0000 2.3600 155 183 61
-17.7500 24.0000 1.8600 152 163 75
6.6250 -15.0000 8.8100 0 184 107
-0.8750 -2.0000 1.6200 164 245 44
19.3750 -2.5000 7.1900 94 159 254
-17.1250 -20.0000 0.2100 164 106 14
18.5000 6.0000 3.3700 198 77 154
11.5000 3.0000 7.9000 22 187 154
5.8750 -2.0000 2.3600 132 179 93
-18.8750 19.5000 3.0400 157 186 111
10.6250 9.0000 2.8000 133 184 112
-23.5000 26.5000 2.6500 133 254 105
11.1250 11.0000 3.3900 168 176 41
9.0000 -18.5000 4.0900 171 196 38
0.3750 -20.5000 9.6200 0 210 80
-20.5000 24.5000 1.5600 142 159 78
15.5000 -12.0000 3.7600 239 122 94
2.8750 -18.5000 4.9700 77 254 104
-4.7500 2.0000 0.1000 169 138 17
1.5000 -22.5000 7.8900 21 201 100
3.7500 9.0000 3.1500 163 227 59
16.7500 -22.5000 3.9800 226 121 65
-2.7500 26.5000 0.0900 164 128 14
13.8750 3.5000 4.1600 139 254 41
7.0000 -19.5000 4.9900 97 254 106
11.8750 18.5000 3.6100 164 226 15
5.2500 -10.5000 4.2300 127 254 17
-6.8750 14.0000 0.1000 178 144 10
8.0000 6.0000 4.6600 98 254 68
-25.3750 -8.5000 0.0900 174 152 0
11.5000 -17.5000 4.3600 157 192 112
21.1250 -18.0000 4.5900 179 197 133
-21.8750 25.0000 2.5100 157 203 91
19.5000 0.0000 7.1700 78 168 254
2.2500 -4.0000 2.5000 133 207 99
17.1250 16.5000 4.2600 121 254 27
-27.0000 -23.0000 5.4600 142 254 129
-13.8750 0.0000 0.1200 176 126 0
21.3750 26.0000 4.6500 111 254 72
-23.8750 9.0000 2.2800 159 238 55
-21.8750 4.0000 0.1100 134 126 27
-9.7500 -13.5000 2.3700 149 192 91
9.6250 12.5000 0.8600 143 127 1
-20.1250 -14.0000 0.1600 181 119 6
-24.6250 8.5000 2.3600 158 236 65
6.5000 -20.0000 8.2000 22 171 124
19.3750 7.0000 3.3500 194 83 159
-21.0000 18.0000 3.1700 169 202 96
13.1250 11.0000 5.9000 48 254 163
8.0000 -9.5000 5.5300 61 254 154
-5.3750 6.0000 0.1000 175 117 2
4.6250 17.5000 0.1000 153 107 16
15.1250 -8.5000 4.0000 204 176 82
-21.0000 -7.5000 0.0800 180 100 1
10.0000 -0.5000 3.3000 149 179 66
17.0000 18.5000 8.9200 5 196 107
11.0000 -6.0000 5.6000 55 253 131
15.7500 -16.5000 6.6400 80 138 219
-18.2500 25.0000 1.5800 153 128 78
-2.3750 22.0000 0.0900 173 114 0
9.8750 -4.5000 4.7300 85 254 86
10.3750 -23.0000 11.2800 54 74 125
-26.5000 2.5000 2.4800 139 216 104
13.5000 25.5000 3.2000 158 178 69
-13.2500 25.5000 2.8500 140 208 96
-22.1250 6.0000 0.1100 138 143 14
11.3750 4.5000 7.1200 25 204 158
20.6250 -17.5000 4.8000 162 205 164
2.5000 19.5000 0.0900 149 101 58
-14.3750 16.5000 2.3800 136 218 87
12.8750 11.0000 5.8600 49 254 163
-23.7500 -21.5000 5.3900 136 254 152
-12.6250 -15.0000 1.8400 164 231 101
-27.1250 25.5000 1.8500 132 223 87
13.6250 10.5000 4.9500 90 254 130
-6.6250 5.5000 0.0900 176 127 8
11.6250 -22.5000 4.0600 199 153 61
10.1250 4.5000 6.9900 27 211 153
-2.6250 15.0000 0.1000 184 139 0
20.7500 15.5000 7.9800 14 190 158
-2.6250 -5.5000 0.1200 155 147 0
19.1250 18.5000 5.7500 57 254 177
6.0000 21.0000 0.1100 145 140 26
-1.5000 -15.0000 3.6000 189 254 9
6.0000 -12.0000 11.4000 0 171 83
8.7500 2.5000 9.7200 4 184 97
-20.8750 20.0000 3.6300 198 217 6
-5.2500 -20.5000 0.8100 156 159 20
-3.5000 -3.0000 0.1100 155 134 34
19.1250 17.5000 8.1100 7 208 149
3.6250 19.5000 0.0800 166 92 36
7.1250 11.5000 1.2100 147 193 47
0.2500 13.0000 0.0900 155 148 10
-17.8750 1.0000 0.1000 185 125 0
2.8750 -18.5000 8.5500 12 209 92
16.7500 -14.0000 3.7600 229 107 69
13.0000 22.5000 3.1100 157 187 69
-22.0000 -20.0000 5.6000 128 254 154
16.3750 -18.5000 6.0300 93 164 225
-22.7500 -20.5000 5.3600 138 254 145
8.2500 -6.0000 6.6400 37 216 146
7.5000 16.5000 2.0000 174 226 77
-16.1250 4.0000 0.1000 141 131 36
9.7500 10.0000 3.4700 176 179 40
18.8750 -16.5000 4.3800 175 197 99
3.3750 22.0000 0.0900 166 103 44
-2.2500 -20.0000 3.3400 170 209 40
9.6250 13.5000 3.0200 144 205 102
5.8750 -6.5000 2.3800 123 154 85
-16.6250 25.0000 2.0100 152 178 79
2.8750 -9.5000 4.0100 149 254 0
-15.2500 12.5000 1.8300 138 234 27
14.8750 -13.5000 3.8500 219 142 78
12.1250 -2.5000 8.1000 16 175 144
18.5000 21.0000 4.8700 92 254 118
-19.0000 22.0000 1.6500 148 164 70
-1.6250 -1.0000 0.0800 140 123 28
10.1250 1.0000 2.8600 127 208 89
10.2500 11.5000 2.3800 134 172 95
-5.8750 6.5000 0.1100 176 124 7
-0.3750 -23.0000 7.0100 37 234 113
11.0000 4.0000 8.1600 19 193 115
-23.3750 8.0000 0.1200 146 126 24
16.8750 -9.0000 7.1700 82 146 254
4.6250 11.5000 2.7400 149 245 88
5.1250 -3.0000 2.1500 142 194 59
-16.3750 13.5000 0.8700 141 173 34
7.5000 26.5000 0.0900 131 128 41
-13.8750 -22.5000 5.3700 135 254 156
8.2500 -16.5000 4.0600 157 204 35
-11.0000 -6.0000 0.0800 161 134 9
22.0000 -2.5000 7.1900 113 143 245
-15.0000 24.5000 2.9700 152 187 101
14.7500 6.5000 5.1400 76 254 169
0.7500 -16.5000 2.3600 125 235 73
-20.8750 -22.0000 5.3800 141 254 133
-19.7500 8.5000 1.6700 148 221 82
16.3750 -6.5000 3.8000 233 131 97
-22.5000 -20.0000 0.1400 196 80 10
3.5000 -22.5000 8.3400 21 196 76
9.5000 -5.5000 3.0800 136 153 82
8.0000 -12.0000 11.8400 0 163 72
19.6250 12.5000 5.3800 75 254 192
12.1250 -4.5000 5.6500 81 246 158
14.6250 12.0000 4.2900 119 254 61
13.6250 8.0000 4.9700 89 254 135
3.3750 18.0000 0.0900 154 107 22
19.2500 2.5000 3.7800 226 141 97
-24.7500 -10.0000 0.0600 177 141 0
-5.5000 18.0000 0.1700 171 125 4
-9.6250 18.5000 0.0900 135 173 19
6.7500 -18.0000 9.2900 9 168 93
-27.1250 1.0000 2.1300 140 208 88
-6.5000 3.5000 0.0900 167 138 14
17.2500 -11.5000 3.8400 230 142 91
-1.1250 -5.0000 0.2900 149 162 0
15.0000 -3.5000 3.6800 226 128 64
-27.0000 11.5000 0.8200 138 229 46
-9.5000 -10.0000 2.0200 175 170 73
16.1250 -23.0000 3.9800 222 118 71
-12.3750 -14.0000 0.5300 163 147 41
21.8750 4.0000 7.1100 83 158 225
21.8750 12.0000 3.3100 154 121 105
11.3750 0.5000 3.7400 177 208 29
-1.6250 -10.0000 5.2900 94 254 131
11.5000 -12.5000 11.9000 11 108 111
14.7500 2.0000 4.7100 109 238 134
-3.0000 -21.5000 3.3600 171 209 30
-6.7500 10.0000 0.0900 165 129 21
-24.2500 -21.5000 5.4100 135 254 158
21.6250 -21.5000 3.9100 233 124 72
-20.1250 24.0000 1.5900 143 160 76
7.0000 -11.5000 12.7400 0 158 69
-0.8750 -13.5000 6.3200 66 254 142
-15.0000 -7.0000 0.0900 179 106 37
11.6250 3.5000 7.9600 21 187 153
-13.3750 -11.5000 0.5200 156 189 24
-23.8750 9.5000 3.7400 197 254 0
18.1250 12.5000 5.8800 63 235 197
-27.5000 -2.5000 0.1200 126 149 50
9.3750 -13.0000 8.0100 23 175 127
-13.6250 8.0000 0.1100 155 159 4
14.1250 2.0000 4.3500 124 240 73
-1.7500 -16.0000 3.6100 192 230 16
12.1250 -7.5000 6.1100 77 204 183
-11.3750 -9.5000 1.6300 156 254 64
-26.3750 10.0000 6.5000 66 254 144
-20.1250 25.0000 1.5600 148 128 84
14.6250 -14.0000 3.8100 212 132 90
-18.1250 0.5000 0.1000 187 123 0
-22.2500 2.0000 0.1100 134 119 35
-4.8750 14.5000 0.0900 177 128 0
11.0000 -15.0000 8.3600 26 134 158
-27.0000 12.5000 3.7100 179 242 4
-23.7500 -22.0000 5.4400 134 254 149
-20.6250 22.5000 2.2400 152 201 79
11.0000 18.0000 3.3200 169 189 65
2.6250 4.5000 0.3100 123 151 0
12.0000 22.5000 2.9200 151 186 83
-0.6250 -8.5000 6.4100 53 254 152
8.5000 17.0000 1.5400 153 199 98
-2.6250 -23.0000 10.4700 13 200 71
-12.8750 21.0000 2.4400 148 203 99
-7.3750 5.5000 0.1000 174 127 21
14.0000 -21.0000 3.9900 226 135 67
12.2500 -11.5000 3.7900 213 151 66
-15.3750 25.0000 2.9600 149 185 105
11.2500 21.5000 2.5900 140 209 96
8.1250 18.0000 1.5800 161 203 62
5.0000 -11.5000 3.7100 168 220 0
-12.8750 -4.0000 0.1000 155 131 31
-21.5000 3.0000 0.1000 138 120 22
-13.3750 19.0000 1.5300 146 187 14
8.1250 20.5000 0.1500 142 133 22
3.6250 4.5000 1.9800 118 245 74
3.7500 5.0000 4.6600 109 254 77
-17.7500 -7.0000 0.1000 178 114 0
4.5000 13.0000 0.0900 146 108 32
5.2500 16.5000 2.4400 150 252 112
-7.3750 19.0000 0.0800 148 160 0
-12.0000 14.5000 0.1100 138 135 18
20.2500 9.0000 3.3600 191 103 131
-5.7500 17.0000 0.0800 169 120 4
15.5000 -9.0000 3.7900 234 121 87
-27.6250 -19.0000 5.3900 145 254 138
-14.6250 -18.0000 0.7300 169 193 40
8.6250 -5.0000 6.0400 47 244 128
21.2500 3.5000 7.1000 85 158 228
6.2500 -22.5000 11.1100 17 142 63
20.2500 -7.5000 7.1600 105 112 254
-26.8750 11.0000 0.6600 139 205 51
4.5000 -15.0000 4.6200 93 254 84
14.2500 3.5000 4.1800 136 253 45
-22.1250 23.5000 1.6800 156 182 63
-24.8750 20.5000 0.1100 138 111 0
9.2500 -15.0000 11.6000 2 111 109
11.2500 14.0000 4.1300 130 254 12
-18.0000 -14.5000 0.1400 167 123 23
14.2500 2.0000 4.5900 112 238 116
0.0000 22.0000 0.0900 157 110 5
-18.1250 22.5000 1.6800 158 152 67
-1.0000 -12.0000 3.7700 182 233 13
-1.3750 -5.0000 0.2600 151 161 0
14.2500 -16.0000 4.4900 154 204 118
-26.5000 6.0000 0.1600 129 114 40
2.7500 -20.5000 6.1600 44 240 132
5.7500 -3.5000 3.1400 155 164 81
-16.8750 -7.0000 0.1500 178 123 7
13.7500 -11.5000 3.8700 207 168 62
3.8750 24.5000 0.1000 176 100 47
15.8750 17.0000 3.2400 150 163 84
-23.1250 4.5000 3.3700 179 203 71
0.5000 -13.0000 4.6300 112 254 71
2.2500 9.0000 0.0800 148 103 34
20.2500 -13.5000 3.7900 226 102 96
10.5000 19.0000 2.9100 135 214 124
-11.3750 -7.5000 0.1100 167 141 2
1.7500 5.0000 1.7500 161 254 32
3.8750 5.5000 5.9600 59 254 152
-13.0000 -21.0000 0.4900 166 145 33
-25.1250 -18.5000 5.5700 129 254 129
10.8750 -17.5000 4.0800 176 189 43
4.3750 -9.0000 4.9900 73 254 113
17.1250 15.5000 4.9600 77 254 133
0.2500 -3.0000 2.2400 147 247 62
10.8750 23.5000 2.7800 140 230 107
-12.6250 -11.5000 1.1800 151 237 72
16.1250 -22.5000 3.9600 228 118 66
-19.8750 -22.5000 5.3600 149 254 142
-13.2500 -20.5000 1.4600 181 205 50
-18.2500 14.0000 2.8800 133 216 107
9.3750 12.5000 2.3100 129 182 95
6.6250 -20.5000 6.1300 58 231 143
2.8750 3.5000 1.6200 126 232 69
18.2500 -1.0000 7.1800 76 170 248
-24.2500 13.0000 0.1100 151 101 19
3.7500 -13.5000 4.7900 81 254 108
5.7500 -9.0000 4.5100 92 254 60
2.8750 1.5000 6.8400 43 247 127
2.6250 4.0000 1.4800 137 225 41
-14.0000 17.0000 2.1000 151 190 62
15.2500 -8.5000 7.3300 74 146 254
-8.3750 19.0000 0.1100 147 166 2
8.3750 11.0000 3.2200 159 188 89
-6.2500 -21.0000 1.6000 156 225 52
21.3750 17.5000 8.1000 18 191 134
-2.5000 8.0000 0.0900 169 120 26
-22.5000 20.0000 2.0500 137 222 84
7.0000 21.0000 0.1000 144 132 23
9.7500 26.0000 0.1300 132 116 17
-10.6250 -1.0000 0.1200 174 126 24
17.1250 -6.0000 7.2500 77 140 242
16.2500 -13.0000 3.7900 234 129 88
7.3750 12.0000 1.0600 146 178 40
-18.6250 5.5000 0.1100 157 137 7
21.3750 26.5000 4.0600 140 245 29
-11.6250 23.0000 2.2700 154 206 55
-25.6250 7.0000 4.8500 105 254 119
2.0000 11.0000 0.1000 159 149 0
6.6250 15.0000 0.5600 145 139 18
14.6250 -10.5000 3.8100 221 144 88
-20.2500 21.5000 2.8300 144 208 107
-21.7500 -4.0000 0.0900 170 135 0
-18.2500 -4.0000 0.1000 171 115 18
-25.7500 24.5000 2.5600 121 254 123
-9.3750 0.5000 0.1100 177 120 27
-13.8750 -17.5000 0.8800 167 206 47
21.2500 24.5000 4.9900 98 254 107
7.0000 0.5000 2.4500 124 230 102
-15.8750 -1.5000 0.1100 162 111 19
7.3750 -15.5000 8.6800 6 181 104
17.0000 9.0000 4.2700 130 254 41
7.8750 22.0000 0.1000 148 112 15
-19.6250 16.5000 2.9600 147 201 100
20.5000 6.0000 3.4700 206 96 132
22.0000 22.0000 5.3900 77 254 128
3.2500 25.0000 0.1000 172 107 52
14.6250 -13.0000 3.7900 222 127 87
5.5000 -10.5000 11.6600 0 176 87
-22.6250 22.5000 2.5300 146 215 106
11.1250 22.0000 2.4400 128 235 101
8.3750 5.5000 4.4300 102 254 42
0.0000 18.5000 0.0900 154 124 6
21.2500 26.0000 4.6300 112 254 73
-24.3750 13.5000 0.1100 148 103 27
-15.6250 -22.5000 5.5400 119 254 165
5.7500 6.0000 2.5300 120 221 93
14.6250 -4.0000 3.7000 208 129 40
-17.8750 10.0000 1.5300 151 243 57
-24.1250 -1.0000 0.1000 128 111 32
6.5000 -20.5000 9.3200 11 166 91
-1.2500 -9.5000 6.5800 63 254 148
-19.2500 -22.0000 5.3800 147 254 139
-13.3750 24.0000 3.1200 152 213 110
-26.0000 8.0000 0.8100 146 166 65
-6.6250 -11.5000 2.0900 160 254 83
18.8750 13.0000 7.1100 32 183 184
4.6250 -12.0000 7.7100 2 230 128
3.0000 3.0000 4.9800 90 254 115
-19.3750 20.0000 3.1000 153 186 121
-17.3750 24.0000 2.1100 143 181 88
8.1250 -17.5000 10.0900 12 146 83
-11.0000 -19.5000 0.1200 150 127 41
-11.3750 -15.5000 2.0600 158 240 103
9.0000 -10.0000 13.3500 0 130 92
2.8750 -3.0000 2.8200 129 217 121
21.3750 -11.5000 7.1800 101 108 250
3.6250 4.5000 5.4400 70 254 145
-11.6250 -18.0000 2.0700 166 224 89
-9.2500 -11.0000 1.7000 160 195 53
-23.3750 2.0000 0.1600 124 114 33
-4.0000 -14.5000 3.7900 182 254 0
11.2500 20.5000 2.4000 139 203 106
18.6250 -1.0000 7.1700 78 168 253
-12.3750 -14.0000 1.7000 163 224 96
-14.3750 -6.0000 0.1100 180 112 36
-18.0000 -21.0000 0.6400 179 132 19
-15.8750 17.0000 3.0100 154 184 104
8.5000 -1.5000 4.5100 100 254 69
-3.8750 -16.5000 1.1800 145 180 63
8.8750 1.0000 2.5800 131 202 88
15.7500 -10.5000 3.8000 232 133 98
10.2500 21.0000 2.3900 141 212 120
-24.8750 -19.0000 5.6900 134 254 154
-4.5000 -23.5000 7.5800 40 213 100
18.3750 21.5000 4.5900 104 254 88
10.6250 8.0000 4.6800 96 254 82
-9.3750 -15.0000 1.8200 174 165 68
-25.0000 4.5000 5.7600 72 254 156
10.3750 -15.5000 10.9500 7 114 114
-6.8750 -11.5000 1.9500 157 254 78
6.3750 2.5000 5.0400 81 254 123
-13.6250 5.5000 0.1100 157 135 0
-13.6250 -6.5000 0.0900 160 128 34
-12.1250 -13.5000 0.7000 164 163 49
-0.1250 19.5000 0.0900 163 114 11
-1.0000 6.5000 0.0900 136 106 56
16.0000 19.5000 6.1200 47 246 148
-7.7500 -2.0000 0.1000 178 112 14
7.6250 10.5000 5.3200 80 254 138
-6.1250 16.5000 0.0800 155 140 13
-8.5000 9.5000 0.0800 188 147 0
-27.3750 18.0000 3.8700 165 254 37
10.8750 16.0000 3.5500 176 206 21
-16.3750 5.5000 0.1100 138 134 27
-22.1250 -2.5000 0.0900 169 135 0
15.2500 0.5000 4.4300 136 238 120
17.7500 -1.0000 7.2100 65 157 239
20.8750 14.0000 3.5900 179 164 45
-5.3750 -23.0000 2.1200 140 222 82
15.5000 10.0000 5.0900 85 254 157
-20.7500 -4.5000 0.1000 156 143 13
6.1250 11.0000 1.2200 146 201 51
-18.5000 -23.5000 5.4100 150 254 130
6.3750 0.5000 6.9100 30 254 145
15.6250 2.5000 3.7100 202 148 79
4.5000 -9.0000 4.7200 93 254 80
2.0000 1.0000 3.2400 178 200 38
-17.8750 4.5000 1.4800 157 233 43
-24.8750 16.5000 0.1000 143 132 0
17.2500 -19.0000 4.4500 173 198 109
9.3750 10.0000 3.8800 165 249 0
-2.0000 5.0000 0.1000 165 116 27
20.3750 20.0000 5.4800 63 254 151
-26.5000 10.5000 1.8200 130 254 43
2.0000 1.0000 5.6700 69 254 138
7.6250 2.5000 8.8900 12 200 89
-26.7500 4.5000 1.2700 137 190 62
7.7500 26.0000 0.1000 133 126 36
1.1250 -19.5000 4.5100 107 254 42
9.1250 -4.5000 4.1800 131 254 19
0.6250 -12.0000 5.0900 89 254 134
-23.0000 -20.5000 5.3700 147 254 150
-13.6250 -20.5000 0.2100 150 138 53
-10.3750 24.5000 2.2200 176 182 33
9.6250 -3.5000 4.9100 81 254 110
-14.8750 20.5000 3.3700 194 211 46
-23.6250 11.5000 0.1100 159 96 9
-13.6250 -16.5000 1.7000 162 254 87
20.7500 2.5000 7.0400 79 156 250
-19.7500 24.5000 1.6300 154 134 82
-3.2500 -20.5000 3.3100 169 203 48
-23.6250 -23.5000 5.4100 144 254 137
-16.3750 25.5000 1.7500 155 154 56
12.1250 -0.5000 5.2800 75 254 168
-11.6250 15.5000 0.0900 136 137 21
-27.1250 -1.0000 4.9100 107 254 121
-24.7500 17.5000 0.1000 145 144 0
-27.6250 15.0000 0.8800 138 175 22
7.5000 5.5000 4.5800 103 254 62
19.7500 -5.0000 7.1200 97 128 254
17.2500 18.0000 5.8100 49 254 150
-0.8750 -21.5000 3.4800 170 209 12
13.3750 5.0000 6.6600 30 213 170
-15.1250 -14.0000 0.1100 149 144 27
1.1250 -23.5000 5.7000 59 254 109
4.5000 -2.5000 2.2500 141 208 70
11.8750 -5.5000 7.7600 41 167 159
-15.1250 19.5000 3.2600 181 203 61
21.7500 -15.5000 3.7500 235 93 82
-27.6250 7.0000 5.4400 85 254 154
4.6250 -20.0000 7.0300 28 216 105
-21.6250 21.0000 3.1300 176 192 86
-21.8750 -11.5000 0.1900 199 138 8
-3.7500 -16.5000 1.1900 146 180 61
15.6250 7.0000 4.8400 98 254 151
-23.3750 22.0000 1.8500 144 234 65
-1.0000 -14.0000 4.1800 147 254 0
-21.5000 17.0000 1.2100 151 178 25
19.5000 7.5000 3.3600 202 76 144
10.3750 9.0000 4.9200 85 254 116
14.1250 6.0000 3.8500 176 215 21
-18.1250 10.0000 1.7400 153 250 70
0.7500 16.0000 0.0900 160 144 17
20.5000 3.0000 3.3200 207 63 167
10.0000 8.5000 4.6000 100 254 72
4.1250 6.0000 4.7100 105 254 82
-8.1250 -13.0000 2.4700 166 217 84
17.7500 -14.0000 3.7700 232 116 92
-8.3750 -10.0000 1.5900 160 243 29
15.2500 3.5000 3.8500 184 186 64
-12.3750 18.0000 0.0900 139 126 12
-25.5000 -23.5000 5.4400 140 254 131
12.8750 -21.5000 4.0000 225 141 66
13.5000 17.5000 2.6300 136 158 108
3.8750 6.0000 2.4400 151 238 85
6.0000 -9.5000 11.3100 0 176 90
-11.0000 -11.5000 0.1900 158 123 0
-20.2500 22.0000 2.3200 149 197 83
-25.0000 22.0000 1.1600 137 160 27
-16.2500 13.0000 2.0400 142 201 52
-5.1250 -17.0000 0.1000 149 124 14
1.1250 -5.5000 2.1300 136 231 72
12.6250 6.0000 6.0500 53 235 177
10.0000 -2.5000 6.7800 31 222 140
2.7500 -7.5000 2.6200 123 199 119
-12.7500 24.5000 3.1600 158 210 104
21.2500 -17.5000 6.1300 120 148 211
-10.8750 10.5000 0.0800 174 147 0
-1.1250 -16.0000 4.4400 122 254 37
14.5000 -20.0000 4.0100 226 146 71
-18.5000 21.5000 1.7900 145 165 63
4.1250 2.0000 5.7300 60 254 149
18.8750 -1.5000 7.1600 79 170 249
3.0000 3.5000 1.6200 126 231 69
0.2500 0.0000 2.7000 144 238 114
-25.6250 11.0000 0.1500 157 110 19
22.3750 2.0000 7.0800 96 150 244
-22.3750 15.5000 0.1100 129 132 7
-25.0000 9.5000 3.9700 175 254 0
11.0000 17.5000 3.0900 154 187 92
18.5000 24.5000 4.1500 155 254 8
12.6250 -4.5000 5.5800 83 232 180
5.2500 -3.5000 1.6100 131 143 34
14.6250 22.0000 3.0800 149 202 68
-19.0000 9.5000 1.7400 155 250 74
5.6250 -7.5000 2.3200 122 154 73
15.3750 26.0000 2.1400 146 198 47
-10.8750 -12.5000 0.6600 152 190 39
-18.8750 21.5000 1.6700 149 159 54
4.1250 -13.5000 5.1100 66 254 127
13.6250 -8.5000 3.7700 208 137 75
6.0000 24.0000 0.0900 139 118 42
-17.8750 5.0000 0.5000 161 164 17
0.0000 5.0000 0.1000 144 104 44
-16.7500 15.0000 2.7600 144 197 85
-22.2500 7.5000 0.0900 134 145 21
-1.8750 -6.0000 0.1100 153 144 0
-18.7500 20.5000 2.3400 144 197 114
-12.2500 22.0000 0.1500 127 140 10
-9.5000 24.5000 1.0100 156 179 20
16.1250 -6.5000 3.7800 234 127 98
0.0000 -8.0000 6.1200 59 254 156
16.7500 -21.5000 3.9900 232 133 59
-15.1250 -17.0000 1.4700 172 226 79
15.3750 -2.5000 3.5800 226 111 75
18.1250 26.5000 2.2400 136 222 83
15.8750 -16.5000 4.5200 153 212 128
22.1250 4.5000 7.1100 81 159 224
8.0000 -5.0000 4.1300 136 254 4
-17.6250 18.5000 3.9800 161 254 3
13.0000 9.5000 4.8200 97 254 121
7.7500 5.5000 4.1300 132 254 3
19.7500 -8.5000 7.1400 103 132 254
-18.0000 7.0000 1.8500 137 226 80
-20.3750 5.0000 0.1200 135 142 6
22.3750 24.5000 5.8000 76 251 124
-14.3750 -14.0000 0.1000 147 141 25
9.2500 -12.0000 3.8600 173 200 9
-0.1250 -23.5000 3.7800 156 242 0
-27.0000 3.0000 6.8700 44 248 153
-7.5000 -9.0000 2.1800 158 219 48
-23.3750 -5.5000 0.1200 157 120 14
22.2500 10.5000 3.3100 164 99 131
-4.8750 8.5000 0.1000 176 136 0
18.8750 -18.0000 4.6000 170 212 140
9.3750 -10.0000 13.2800 6 126 92
-17.0000 -0.5000 0.1100 168 128 16
0.7500 -23.0000 7.8400 25 215 92
16.0000 2.5000 3.8200 194 175 67
16.3750 11.5000 4.9300 89 254 146
-5.0000 9.0000 0.0900 175 137 0
4.6250 -4.0000 3.7200 173 230 0
9.3750 -1.5000 7.3300 23 232 119
9.0000 8.5000 5.3900 70 254 154
-10.7500 -10.5000 1.7300 153 229 66
-6.2500 6.0000 0.1100 177 127 9
-13.3750 -12.0000 0.7600 152 219 58
-13.1250 20.5000 2.7300 150 208 111
12.3750 10.5000 4.2200 133 254 31
-17.2500 20.0000 3.1500 160 182 107
12.0000 -10.0000 7.0300 54 178 184
-24.5000 -15.5000 0.1000 180 137 0
-1.3750 -3.0000 1.6000 147 249 41
-26.3750 5.0000 4.1300 133 254 22
-14.8750 -8.5000 0.1100 164 123 30
6.7500 -14.0000 10.1600 0 167 95
-20.3750 6.5000 1.1000 141 184 28
8.7500 -23.0000 12.6000 22 100 76
21.3750 25.5000 4.7800 107 254 84
-25.8750 8.0000 0.7300 141 159 66
-6.0000 -12.0000 3.8400 195 254 32
-9.6250 16.0000 0.0800 143 141 17
-26.2500 -0.5000 0.1100 123 133 56
16.6250 26.0000 1.6900 155 192 49
-9.5000 26.0000 3.2600 179 206 63
-24.6250 2.0000 4.6700 108 254 88
7.3750 23.5000 0.0900 136 108 36
16.8750 -4.5000 3.7700 230 131 88
-8.5000 -11.5000 0.3200 143 131 37
-4.6250 -17.5000 1.4500 162 198 20
-25.8750 4.5000 7.3200 31 232 149
20.6250 -14.5000 3.7800 234 109 73
0.0000 -11.5000 4.5500 115 254 68
-21.8750 22.0000 3.0400 165 200 83
-2.3750 -2.5000 0.1000 150 128 30
17.2500 -5.0000 3.7700 226 126 97
-7.7500 -6.5000 0.1100 147 153 47
-16.7500 11.0000 1.1900 148 201 39
-26.2500 -15.0000 0.1100 176 150 0
2.0000 -14.5000 3.8000 171 247 21
-2.7500 -1.0000 0.1000 149 109 37
1.1250 -11.5000 4.3900 119 254 45
-11.8750 -8.5000 0.1000 155 134 25
9.0000 0.0000 8.4300 18 190 116
5.5000 -21.5000 9.1100 25 155 83
-4.6250 -19.0000 0.2700 155 107 13
-8.6250 -11.0000 0.3500 140 136 40
-12.7500 -13.5000 0.1100 153 120 37
-15.0000 12.5000 0.1400 140 106 26
8.7500 21.0000 2.1300 144 220 116
-10.3750 -12.0000 2.4700 129 232 92
4.5000 -20.0000 6.9300 29 220 110
-1.2500 -1.5000 0.7500 166 205 0
-1.3750 17.5000 0.0900 173 108 0
13.7500 -16.0000 4.5500 150 210 131
8.3750 -11.5000 12.1100 3 123 94
1.6250 -13.0000 8.5400 25 238 98
0.3750 -19.0000 8.7000 12 218 102
7.7500 12.5000 1.1800 141 189 47
5.1250 -10.5000 7.7200 8 225 123
6.2500 -11.0000 9.2700 0 192 102
9.6250 8.5000 5.3200 69 254 152
11.3750 10.0000 4.0600 149 254 0
7.5000 -13.0000 11.9900 0 148 76
6.3750 11.5000 1.4800 145 216 63
-25.0000 17.0000 0.1100 146 147 0
0.7500 -14.5000 3.9100 166 254 0
-7.7500 23.0000 0.0900 147 150 0
-15.0000 -1.5000 0.1200 177 113 4
-21.3750 22.0000 2.6200 137 213 105
15.6250 19.5000 3.5900 184 216 6
1.5000 -22.5000 7.9100 21 201 100
-2.8750 15.5000 0.1000 182 144 0
7.0000 -14.5000 10.2400 0 166 94
1.6250 -6.5000 2.2300 135 224 69
21.0000 -21.0000 3.9300 238 135 67
12.6250 14.0000 2.9600 142 166 116
6.7500 15.0000 0.6300 150 148 15
18.5000 13.0000 7.2600 25 193 167
-27.0000 6.5000 6.9000 46 240 146
-19.5000 18.0000 3.5700 181 206 35
-26.8750 -2.0000 1.9400 158 182 49
15.6250 -3.5000 3.6800 231 130 65
6.0000 17.5000 0.6100 148 160 28
10.3750 -13.0000 12.4000 8 103 100
-24.6250 -2.0000 1.2200 176 211 58
-8.1250 17.0000 0.1200 145 157 8
6.6250 15.0000 0.4100 137 123 28
13.5000 -2.5000 7.2600 26 191 168
10.7500 9.0000 4.7900 91 254 98
1.2500 5.5000 0.0900 143 100 38
13.6250 -22.5000 4.0100 212 123 73
-11.6250 -9.5000 0.0900 155 129 22
-21.1250 -4.0000 0.0900 170 133 0
-17.7500 -22.0000 5.5900 135 254 154
2.2500 -18.5000 8.4200 14 197 97
-15.2500 12.0000 0.1800 141 108 26
-3.0000 -5.0000 0.0700 152 153 0
10.3750 -14.0000 9.7900 9 121 132
-19.1250 19.5000 3.2000 166 188 99
11.8750 -12.0000 6.6600 68 159 208
-5.5000 21.0000 0.0900 155 139 26
9.7500 9.0000 5.2900 71 254 154
0.2500 -8.0000 6.1000 59 254 156
-8.7500 5.0000 0.1100 177 122 17
2.1250 -10.5000 3.9400 154 254 16
-26.6250 -23.0000 5.4000 142 254 130
-11.1250 24.5000 2.4000 147 209 62
-5.8750 -23.0000 2.2600 134 233 74
-25.2500 23.0000 2.0900 147 242 90
10.5000 20.0000 1.8800 145 200 78
9.7500 -9.0000 7.8900 17 186 150
18.8750 -12.0000 3.8700 235 141 98
0.5000 -13.0000 4.3700 123 254 39
6.0000 -8.0000 2.3100 121 137 64
7.7500 10.5000 3.2300 163 166 62
21.0000 2.0000 7.1000 92 152 252
11.6250 -5.5000 6.7500 54 193 173
10.7500 10.0000 4.1800 127 254 0
-4.0000 25.5000 0.1000 165 128 0
9.3750 2.0000 8.7200 11 191 101
7.2500 7.5000 4.1400 138 254 0
-22.7500 -6.0000 0.1100 151 131 35
7.0000 -4.0000 2.2500 136 160 79
-21.8750 22.5000 2.3600 160 212 89
-22.7500 -6.0000 0.1000 151 130 35
-18.7500 -15.0000 0.1800 169 133 20
5.2500 2.5000 5.8600 60 254 151
19.5000 17.0000 8.6600 5 195 137
-2.7500 -13.0000 0.8600 169 197 30
0.8750 22.5000 0.0800 177 106 0
15.6250 -17.0000 6.7800 76 136 220
11.2500 4.5000 7.2700 28 202 136
22.2500 -21.0000 6.3100 133 114 207
-1.7500 -7.0000 6.0400 75 254 139
20.8750 -7.0000 7.1500 109 108 254
10.7500 -10.5000 10.0100 13 161 119
3.1250 0.5000 7.1200 36 244 112
6.2500 -13.5000 11.1400 0 161 91
10.8750 -14.5000 10.6600 6 113 118
20.5000 12.5000 3.8800 166 232 21
-4.7500 16.0000 0.0900 187 136 0
0.5000 -12.5000 4.5200 116 254 59
1.3750 -2.5000 2.6300 143 235 61
-4.0000 -2.0000 0.1200 149 133 40
20.0000 17.5000 7.4300 14 204 170
1.7500 -3.5000 2.0100 144 235 53
12.8750 -3.0000 5.3500 85 254 167
18.0000 1.5000 3.7100 224 120 97
-2.2500 -13.5000 0.6000 141 160 37
7.7500 8.0000 4.8500 100 254 98
7.3750 -13.5000 11.7800 0 151 83
9.6250 -12.0000 10.0400 0 152 122
19.6250 20.0000 5.3100 68 254 150
11.5000 -3.0000 9.2100 2 164 114
9.6250 -1.0000 4.5100 110 254 65
9.6250 -3.0000 5.4400 65 254 144
11.5000 1.0000 5.9700 52 229 158
12.1250 -6.0000 4.3800 140 247 83
5.5000 -5.5000 2.0500 122 136 71
0.6250 -20.5000 8.1800 8 223 104
4.3750 2.0000 7.9000 26 224 98
21.0000 -7.0000 7.1400 111 108 254
13.6250 17.0000 2.2100 138 132 62
-25.3750 2.5000 0.2300 140 109 27
-20.6250 17.5000 3.1200 164 203 97
-11.8750 22.5000 1.4900 172 152 16
18.1250 6.5000 3.3300 187 76 164
-2.3750 -23.0000 8.8000 23 222 77
-18.1250 21.0000 1.6100 153 152 44
-25.7500 7.0000 0.2000 123 107 60
5.6250 -11.0000 4.1600 118 254 11
-1.1250 -3.0000 1.7800 143 254 45
11.3750 -20.5000 4.0300 214 147 71
-19.6250 10.5000 1.0700 141 205 56
15.5000 23.0000 2.6100 145 206 75
1.6250 -20.0000 7.9500 13 220 99
19.7500 13.0000 7.1000 30 182 185
-21.5000 10.5000 0.1000 148 134 0
15.6250 12.0000 4.8800 92 254 141
9.5000 1.5000 8.7000 16 179 100
22.0000 21.0000 5.1600 81 254 116
-17.0000 25.5000 1.6300 160 137 47
-11.1250 25.5000 3.4600 190 224 40
-25.1250 0.5000 1.5200 160 172 48
5.2500 -12.5000 9.5400 0 201 91
-22.7500 -20.5000 5.5500 131 254 153
-1.6250 -19.5000 3.9300 144 254 0
2.2500 -14.5000 3.9800 149 254 11
-21.0000 6.0000 0.4500 138 153 14
-19.5000 24.5000 1.6300 154 133 81
-22.0000 -22.0000 5.3600 141 254 137
14.3750 -5.5000 3.7300 217 141 82
13.8750 -1.0000 5.8000 77 218 185
-18.5000 26.0000 1.5600 148 128 80
-27.0000 -10.0000 0.1000 165 150 4
12.3750 -16.0000 4.5100 138 223 129
2.7500 7.0000 2.8900 157 248 67
2.0000 4.5000 2.0200 146 243 69
-5.1250 -9.0000 0.1200 165 97 24
0.3750 -22.0000 8.8300 11 218 81
15.5000 5.5000 4.2700 132 251 58
-22.3750 0.0000 0.1200 153 129 7
0.0000 1.5000 0.2500 151 135 30
9.5000 -22.0000 12.2300 28 100 108
7.0000 -15.0000 9.4800 0 174 98
-15.7500 14.5000 2.2500 154 181 54
-20.7500 4.0000 0.1000 135 122 24
11.0000 -22.5000 10.9600 51 73 132
-21.5000 19.5000 2.9500 156 196 100
-19.7500 0.0000 0.1100 180 138 1
5.3750 3.5000 7.7600 29 214 124
-12.2500 -10.0000 1.1800 153 254 57
6.7500 -21.5000 12.5200 0 130 69
17.0000 7.0000 4.5900 118 253 114
13.5000 -14.0000 3.8700 201 144 63
-22.3750 11.0000 0.1100 140 119 0
0.5000 -17.5000 9.3300 0 217 109
16.0000 15.5000 3.8800 161 254 10
17.1250 14.5000 7.3900 13 216 154
1.1250 -6.0000 2.2100 136 232 77
-16.3750 -23.0000 5.3200 147 254 145
13.1250 -7.5000 3.7300 205 131 85
15.7500 5.5000 4.4000 122 254 82
4.2500 9.0000 4.8300 106 254 93
17.2500 15.5000 6.8700 26 221 158
-0.2500 -18.0000 9.8700 0 211 107
12.0000 18.5000 3.3900 153 207 54
20.1250 -16.0000 3.6900 246 83 87
16.2500 -12.0000 3.8400 233 146 83
2.2500 -20.5000 9.8100 8 188 75
17.3750 12.5000 5.7200 58 254 174
-26.6250 23.5000 1.2500 151 153 65
12.8750 -4.5000 6.9600 52 185 172
20.5000 2.5000 7.1300 75 156 252
1.6250 -21.0000 6.6800 31 243 117
-20.7500 16.0000 0.1200 128 142 9
-4.7500 -20.0000 0.5200 148 122 26
-12.1250 3.5000 0.1100 189 146 0
7.8750 25.0000 0.1000 137 121 29
7.2500 -0.5000 5.9800 55 254 157
-26.1250 8.5000 6.3400 65 254 155
-6.8750 -8.0000 0.8800 148 237 56
-1.5000 0.5000 1.7200 179 254 14
-24.7500 0.0000 3.1400 183 197 98
-23.0000 8.5000 1.2300 140 221 40
-7.1250 -21.5000 0.5700 154 142 42
1.0000 -8.0000 5.7100 67 254 146
0.5000 14.0000 0.0800 167 135 6
14.8750 15.5000 3.2400 145 153 93
1.2500 0.5000 2.7800 143 229 101
0.8750 -6.5000 3.0500 162 211 62
0.6250 -11.5000 5.1200 88 254 138
-24.3750 3.0000 0.2000 140 104 24
-1.1250 -21.0000 3.8900 153 254 0
1.2500 -6.0000 2.3400 135 230 83
-13.6250 -19.0000 2.1600 202 215 66
-22.5000 -17.5000 0.0900 177 113 0
-4.7500 -5.0000 0.1000 159 139 14
5.7500 -18.5000 6.3600 51 218 132
-26.8750 6.0000 6.5000 55 252 146
-18.5000 15.0000 3.1900 160 202 90
15.1250 20.0000 3.2200 159 186 72
-20.5000 4.0000 0.1100 138 146 14
-3.0000 10.5000 0.0900 166 113 21
1.5000 -2.5000 2.4500 141 245 57
-8.7500 20.5000 0.1000 156 173 0
-13.5000 -16.5000 0.1300 170 116 2
18.3750 -21.5000 3.9500 238 143 70
-2.1250 -9.0000 5.0600 108 254 129
-22.2500 -20.5000 5.3600 137 254 146
-24.0000 8.5000 2.6000 156 232 81
-19.0000 23.5000 1.8600 154 171 82
7.5000 3.5000 0.8900 131 122 16
-17.7500 4.5000 0.1200 160 140 15
7.3750 5.0000 4.8600 92 254 94
1.1250 -3.0000 1.8000 148 226 58
17.5000 14.0000 6.2500 52 219 183
17.7500 14.5000 6.2900 50 217 185
9.7500 2.5000 5.3600 67 254 139
1.8750 2.5000 1.4400 140 242 57
9.3750 16.0000 2.1100 148 194 100
-26.3750 -3.5000 0.1200 147 139 17
-14.6250 9.5000 0.1100 147 125 8
-17.3750 -17.5000 0.1100 138 134 18
19.7500 21.0000 5.2500 72 254 149
14.2500 23.5000 2.8100 143 190 81
19.1250 15.5000 4.2800 124 254 51
-25.8750 -14.5000 0.1200 178 148 0
4.7500 -2.5000 3.3900 168 206 39
6.6250 9.0000 2.5700 128 214 105
-19.8750 -20.0000 0.1200 172 95 26
20.5000 -23.0000 3.9200 228 124 77
-1.6250 0.5000 2.1400 180 254 25
8.6250 -20.0000 4.1100 189 210 41
-27.2500 -21.5000 5.4500 142 254 143
-22.7500 -5.0000 0.1100 148 122 9
-14.6250 20.5000 3.4100 195 216 37
22.2500 16.0000 6.8100 48 180 157
16.8750 -3.0000 3.7000 231 134 67
7.3750 19.0000 0.1200 152 122 10
-26.3750 -2.0000 1.8400 164 174 36
16.7500 -3.5000 3.7200 231 138 65
21.5000 1.0000 7.0600 95 156 252
9.8750 -15.5000 10.7000 6 116 117
3.3750 10.5000 2.4900 151 254 69
4.8750 12.5000 0.1500 137 106 33
-18.7500 6.0000 1.5000 145 218 72
11.3750 13.5000 4.2800 123 254 53
17.5000 -19.5000 4.5900 174 209 158
5.7500 -1.0000 3.0400 132 232 77
9.1250 -23.0000 12.4500 27 100 77
20.5000 -22.0000 3.9300 238 135 68
7.6250 -22.5000 12.6300 15 106 76
10.7500 -4.5000 4.9400 83 254 105
-23.3750 -19.5000 5.6000 133 254 147
-22.0000 16.5000 0.0900 129 119 18
8.1250 -5.0000 3.4400 150 185 50
2.6250 -6.0000 2.3600 127 199 101
10.7500 17.0000 3.3200 170 189 63
0.6250 -20.5000 9.8500 0 204 77
21.7500 -1.0000 7.1900 108 146 254
-24.2500 -4.5000 0.1200 159 127 17
9.0000 13.0000 0.7200 152 105 0
-24.8750 25.5000 2.7000 119 254 121
13.0000 7.0000 4.9400 88 254 136
-5.8750 2.5000 0.1000 169 132 11
3.8750 -3.0000 1.9500 142 193 59
-0.3750 26.5000 0.1000 167 137 0
-20.8750 23.5000 1.6300 151 171 69
-5.5000 2.0000 0.0900 168 130 12
-11.1250 -20.5000 0.0900 153 120 53
7.0000 -4.5000 2.8600 131 174 96
19.5000 -21.5000 3.9200 244 139 65
8.2500 17.5000 1.3900 153 189 80
4.0000 5.5000 3.0700 171 202 70
-17.0000 3.0000 0.1100 154 124 27
-21.0000 21.0000 3.2100 185 192 71
6.3750 -22.0000 9.3900 18 163 83
-21.6250 19.0000 3.2300 169 205 91
0.3750 -18.0000 2.9700 141 198 96
3.6250 -5.0000 3.0500 146 193 94
-14.6250 -16.5000 0.4400 166 148 27
7.5000 -18.0000 3.9900 156 230 0
-22.1250 13.0000 0.1300 135 121 1
12.6250 -4.0000 5.3000 86 254 159
-14.1250 -16.0000 0.1300 166 114 8
-8.8750 -20.5000 0.1300 171 96 22
-1.5000 11.0000 0.0900 172 115 11
21.2500 17.0000 3.3000 159 123 88
-23.1250 -4.5000 0.1100 164 142 0
19.3750 12.5000 6.8200 33 190 198
15.1250 11.5000 4.8200 95 254 131
10.2500 0.0000 6.4200 45 234 139
-0.3750 -14.0000 5.7900 67 254 168
17.1250 -17.0000 6.7800 77 135 211
2.5000 -15.5000 2.9600 135 196 91
22.2500 -3.5000 7.1600 119 123 244
17.7500 -6.5000 7.1400 93 125 254
5.5000 -12.0000 9.4700 0 193 99
-18.6250 -21.5000 5.5700 135 254 158
-13.1250 18.0000 2.0900 150 217 56
14.3750 -17.5000 4.5000 153 199 123
-26.0000 -4.0000 0.2200 150 141 19
-18.1250 19.5000 3.0400 151 184 118
21.2500 16.0000 8.1500 24 186 135
19.7500 10.0000 3.2700 180 95 151
11.5000 -12.5000 11.7100 11 108 114
-25.5000 -1.0000 0.6800 134 149 35
-24.2500 -6.5000 0.0900 164 118 5
13.3750 17.5000 2.7600 137 164 112
18.7500 9.5000 3.4000 194 104 123
1.1250 -16.0000 9.8200 6 212 110
15.5000 17.0000 3.1200 139 157 104
6.5000 13.5000 1.7900 143 248 85
-11.6250 -11.0000 1.7300 139 238 83
-26.0000 10.0000 5.1800 95 254 128
5.3750 8.0000 3.2400 171 196 48
21.3750 -21.0000 4.1500 217 158 79
7.7500 -19.0000 4.1400 154 232 0
-26.6250 -21.0000 5.4200 141 254 154
-24.1250 3.0000 0.1100 138 102 21
-23.6250 -19.0000 0.0600 193 92 0
18.8750 8.0000 3.2500 181 90 148
20.5000 19.5000 7.5800 28 187 142
-7.2500 -9.5000 1.6400 150 233 20
-2.2500 8.5000 0.0800 169 118 27
5.7500 12.5000 0.4800 149 143 0
-26.8750 -22.0000 5.4300 141 254 143
6.7500 -18.0000 4.0700 149 245 0
21.8750 22.5000 5.3700 78 254 128
-8.8750 -14.5000 1.6300 176 160 57
-18.3750 22.5000 1.6100 159 144 67
-8.0000 26.0000 0.1500 137 156 17
7.2500 18.5000 2.1100 167 217 95
10.3750 2.0000 8.0400 14 191 111
-0.6250 -11.0000 4.0200 152 254 15
2.0000 -18.5000 9.8600 0 192 90
17.6250 11.5000 3.8300 163 212 15
-0.7500 -18.0000 2.2500 123 238 70
12.1250 1.0000 6.2200 54 209 185
7.3750 -21.5000 11.9300 5 132 72
-10.2500 -11.5000 1.9600 152 199 69
16.5000 26.0000 0.7600 135 123 36
-6.2500 -14.5000 0.0900 151 129 0
-2.6250 -0.5000 0.1000 150 107 35
11.3750 -17.5000 4.0800 192 159 68
18.8750 21.5000 4.8200 95 254 112
-25.0000 26.5000 3.1100 133 242 98
-12.5000 14.5000 0.0900 135 138 21
-6.6250 6.5000 0.0900 175 128 10
-25.5000 17.5000 0.1300 143 151 0
-12.1250 24.0000 3.0200 151 210 112
12.5000 14.0000 3.2400 153 191 85
20.3750 20.0000 7.7600 17 184 142
11.6250 -2.0000 5.1400 80 254 143
-15.8750 11.0000 3.3000 183 200 57
3.0000 6.0000 0.4900 126 150 17
20.8750 22.0000 5.1200 82 254 127
12.0000 13.5000 4.3200 120 254 55
-0.2500 -3.0000 1.9400 149 237 62
-24.7500 9.0000 3.8400 191 254 0
9.5000 1.5000 5.7000 70 254 147
16.1250 -23.0000 3.9700 223 116 70
17.7500 -15.0000 3.7600 229 99 53
-21.3750 7.5000 0.1200 143 117 17
20.1250 19.5000 8.1200 18 197 129
-24.8750 -20.0000 5.3800 140 254 162
19.3750 -21.5000 3.9300 243 142 65
-26.5000 2.0000 4.3300 128 254 60
-26.3750 10.5000 0.1500 136 123 52
-15.3750 -15.5000 0.1300 151 141 28
-17.0000 18.0000 4.0000 159 254 2
-24.8750 2.5000 5.6500 63 254 148
9.3750 3.5000 6.6000 33 231 154
19.5000 18.0000 7.0900 19 210 179
13.6250 -1.5000 8.6900 19 170 142
19.0000 16.5000 8.2700 10 204 141
6.0000 2.5000 8.3300 18 210 110
8.8750 -5.5000 3.1400 137 155 79
-0.2500 -21.5000 3.5100 172 206 6
-19.7500 4.0000 1.7900 176 221 49
11.6250 21.0000 2.6000 125 200 93
-2.6250 18.0000 0.0900 176 113 0
-2.5000 -23.0000 6.1600 52 254 122
-19.2500 9.0000 2.0100 153 250 94
7.0000 25.5000 0.1000 132 122 46
-2.8750 6.5000 0.0900 166 117 29
12.1250 -4.0000 5.8100 78 233 164
10.3750 -21.5000 4.0900 202 191 42
12.8750 -4.5000 5.4700 86 237 177
-18.2500 -11.5000 0.1100 183 125 0
20.6250 23.5000 5.2100 86 254 131
5.0000 10.0000 4.9300 97 254 114
-15.0000 -18.5000 0.3800 170 129 15
-6.8750 -15.0000 0.0500 147 133 0
9.7500 -17.0000 4.0900 168 196 39
20.3750 23.0000 5.2500 83 254 134
18.6250 20.5000 5.3100 68 254 152
-2.7500 15.5000 0.0900 182 141 0
-16.1250 18.0000 3.8700 182 253 5
14.8750 2.5000 4.4600 119 240 116
-20.0000 -2.0000 0.1100 188 130 0
1.8750 -13.5000 8.8200 17 246 101
8.7500 -10.5000 12.0200 0 138 93
19.3750 -23.0000 3.9300 231 129 76
7.0000 -5.5000 2.5000 126 151 89
-27.2500 1.0000 5.6400 78 254 145
-25.7500 5.0000 7.2800 31 232 151
5.8750 13.5000 0.5600 142 144 25
7.1250 3.0000 8.6400 12 204 100
21.5000 21.5000 5.2300 78 254 127
5.8750 -13.5000 6.1000 44 249 140
15.8750 15.0000 5.0300 74 254 151
-17.0000 14.5000 2.4600 122 234 83
-10.6250 -18.5000 0.2300 139 124 48
0.6250 25.0000 0.1000 168 122 0
-19.8750 -9.5000 0.0800 176 116 3
17.2500 21.5000 6.2700 49 243 144
-26.3750 -21.5000 5.4500 138 254 154
7.8750 -21.5000 9.7100 21 130 103
12.3750 9.5000 3.9500 163 252 11
5.7500 -13.5000 7.2600 16 221 127
11.2500 -3.0000 5.4300 66 254 128
-23.2500 -13.5000 0.1000 191 136 0
16.6250 13.5000 5.6400 56 254 177
-22.3750 -19.0000 5.3400 136 254 143
-0.7500 -9.0000 6.9600 47 254 126
-25.3750 1.5000 0.4600 135 130 19
22.1250 26.0000 4.6200 111 254 64
-6.6250 -3.0000 0.1000 167 112 13
-2.5000 0.0000 0.1000 151 106 35
10.6250 -21.0000 4.0500 208 187 39
-24.5000 -7.5000 0.0900 172 154 0
-1.7500 17.5000 0.0900 175 107 0
0.2500 -12.5000 4.3900 122 254 44
4.6250 -19.5000 6.5700 40 219 125
9.0000 -22.0000 10.0500 38 109 138
5.3750 0.0000 5.3000 76 254 142
-26.7500 -21.5000 5.4400 140 254 150
-3.2500 -1.0000 0.1000 150 111 40
-6.3750 -5.5000 0.1200 163 139 15
-6.0000 -9.0000 0.2500 163 127 27
18.5000 -16.5000 4.4100 171 196 105
19.2500 -14.5000 3.7500 243 103 74
-5.2500 -5.5000 0.1000 163 134 11
16.5000 -23.5000 3.9800 217 123 80
-27.3750 -12.0000 0.0900 165 149 14
21.6250 17.0000 3.3200 158 127 83
-0.5000 -14.5000 4.4000 117 254 57
-16.1250 -22.0000 5.7100 126 254 170
-19.2500 14.5000 2.2500 124 240 87
-10.3750 -12.5000 2.2400 127 246 76
-16.7500 0.5000 0.1100 189 125 0
3.8750 -12.5000 9.2500 1 221 94
19.0000 -16.5000 6.2200 109 155 224
10.1250 1.5000 5.5100 62 253 148
14.6250 3.0000 4.3300 126 236 97
-19.7500 16.0000 2.8400 141 204 102
-3.0000 -15.0000 3.0000 154 230 105
14.1250 -3.5000 5.2100 92 254 149
-18.1250 -7.5000 0.0900 167 101 0
8.2500 -15.0000 11.9400 0 111 86
-12.0000 -15.5000 2.1300 159 244 110
13.8750 18.5000 2.6900 133 163 110
19.2500 -10.5000 7.1600 98 116 254
8.0000 -4.5000 3.1700 148 167 63
-13.6250 12.5000 0.0900 145 127 43
-0.2500 16.5000 0.1000 160 135 13
17.2500 25.0000 2.5100 131 229 97
-25.0000 5.0000 4.9700 96 254 120
-17.7500 18.0000 4.0900 152 254 8
19.8750 18.5000 5.3600 68 254 165
8.8750 -12.0000 6.8700 39 191 160
0.8750 -13.0000 1.5700 129 225 80
7.1250 21.5000 0.1000 143 134 25
-11.2500 -19.5000 1.7000 178 209 52
-26.8750 5.0000 4.5300 109 254 70
1.3750 -5.0000 2.0300 134 226 62
20.6250 25.5000 4.6300 114 254 79
12.3750 -10.5000 6.9700 64 152 207
-18.5000 9.5000 2.2200 150 254 107
13.0000 -16.5000 4.4600 150 204 123
-25.6250 -2.0000 3.4700 202 229 36
21.1250 -14.0000 3.7800 221 100 98
20.2500 -15.5000 3.7500 237 105 66
9.3750 -11.0000 11.4800 0 124 108
-14.0000 -19.5000 0.5400 181 150 17
4.1250 22.0000 0.0900 174 112 34
-7.6250 -20.0000 0.0800 171 93 3
19.6250 24.0000 4.9900 97 254 127
8.2500 -9.5000 13.2100 0 132 81
12.3750 9.5000 4.5000 115 254 75
-26.3750 25.5000 2.4800 115 254 115
-15.3750 12.5000 2.0800 137 231 37
-18.7500 -9.5000 0.1100 170 105 0
-7.2500 23.0000 0.0800 145 156 0
18.2500 16.0000 6.4700 41 229 171
12.3750 10.5000 4.1500 139 254 22
-0.6250 3.0000 0.0900 153 122 35
-12.0000 -21.0000 0.3100 157 136 44
-14.0000 22.5000 3.0400 153 194 92
6.6250 4.0000 7.9800 23 208 118
11.3750 18.5000 3.1700 150 190 78
-20.2500 -21.5000 5.4100 139 254 131
9.5000 23.0000 2.8300 139 237 119
2.2500 -11.5000 8.9600 9 223 103
11.5000 -13.5000 9.2700 21 140 152
-9.0000 -15.5000 1.2600 177 153 39
-23.1250 10.5000 1.8100 174 218 21
10.2500 2.5000 8.9600 6 191 100
5.3750 6.0000 2.5300 119 221 92
4.0000 -21.5000 5.7500 51 254 123
-25.3750 -9.5000 0.1000 176 147 0
13.7500 -0.5000 4.6900 101 254 116
14.8750 26.5000 2.3200 143 204 58
22.1250 -13.0000 3.9100 201 132 101
6.3750 3.5000 5.7800 55 254 152
20.5000 -13.0000 3.7700 227 92 103
-18.5000 -22.0000 5.3400 144 254 141
8.8750 -1.0000 8.1700 25 198 113
-18.1250 -14.5000 0.1100 168 119 23
-27.2500 15.0000 5.7900 93 254 136
-3.7500 -12.5000 0.1100 149 127 20
11.2500 21.5000 2.4300 139 220 91
4.2500 -8.0000 2.5800 117 193 92
8.7500 -4.0000 6.8500 30 215 141
10.6250 -8.5000 5.3600 69 254 150
8.1250 20.5000 1.3400 159 197 60
-13.0000 3.5000 0.1000 186 151 0
2.6250 -19.5000 6.9700 31 224 115
13.1250 25.0000 2.9500 146 185 93
-25.6250 11.0000 0.2400 159 121 22
-7.2500 -12.0000 0.1500 145 128 23
5.3750 -14.0000 3.8900 159 237 3
-24.6250 13.0000 0.1400 152 105 21
9.8750 23.0000 1.7000 143 254 45
17.7500 -19.0000 4.6000 162 206 136
-13.0000 -14.0000 0.1200 154 120 37
-3.1250 8.0000 0.0800 168 124 27
6.0000 0.0000 0.9800 149 111 15
-13.3750 26.0000 2.6200 142 202 82
-24.2500 -2.0000 0.1000 144 137 15
-24.7500 -18.0000 0.0900 182 113 0
-15.8750 15.0000 2.4400 150 182 80
-27.0000 0.5000 0.2000 125 114 32
11.3750 14.0000 3.0600 144 184 116
-27.3750 2.0000 7.5000 35 238 143
13.1250 5.5000 4.2000 139 254 33
-21.0000 -10.5000 0.1100 193 126 14
-18.8750 -12.5000 0.1000 183 132 2
-23.1250 4.5000 3.6400 192 234 33
-0.8750 5.5000 0.1000 151 116 66
20.2500 5.5000 3.4300 203 87 141
20.3750 -11.0000 7.1500 98 113 254
-26.3750 4.5000 6.7200 46 245 158
1.1250 -5.5000 2.2100 135 233 77
9.8750 21.5000 2.4800 140 215 129
-24.1250 -23.0000 5.4500 136 254 137
5.5000 8.5000 3.0900 144 188 93
13.2500 -16.0000 4.4800 146 227 121
-15.2500 26.0000 2.1600 130 194 92
-5.2500 9.5000 0.0900 175 141 0
-14.1250 -13.0000 0.1200 158 144 0
15.8750 9.5000 4.7200 103 254 121
0.5000 0.0000 1.6400 166 228 67
21.5000 19.0000 8.1100 26 188 113
-12.6250 0.0000 0.1200 172 145 12
1.2500 -7.5000 5.5800 72 254 142
19.2500 -9.0000 7.1700 101 133 254
14.3750 -19.0000 4.0100 209 143 69
0.1250 -8.0000 5.9600 63 254 155
17.6250 24.5000 3.7700 198 236 0
13.7500 -3.0000 6.7900 38 197 174
-14.7500 -17.5000 1.3300 172 221 69
-16.8750 10.5000 1.2000 159 211 25
-17.2500 14.5000 2.7400 127 222 100
-2.7500 -18.5000 2.6400 133 235 96
4.5000 -12.5000 7.4000 6 240 131
18.5000 0.5000 7.2900 72 160 254
-12.1250 -17.0000 1.9000 166 222 93
21.6250 18.5000 5.6200 65 240 147
-16.7500 16.0000 3.2100 170 169 69
-24.8750 8.5000 2.2200 159 233 55
13.8750 -6.0000 3.7400 207 160 64
3.0000 12.0000 0.1000 138 111 34
9.5000 -9.0000 3.8800 176 219 12
-0.6250 2.0000 0.3900 149 182 48
-13.7500 16.0000 1.6700 146 195 47
9.0000 2.0000 9.5200 5 186 97
-20.6250 3.5000 0.1100 137 120 22
-25.8750 19.0000 0.0900 127 127 7
-12.8750 23.5000 2.9200 142 219 116
-22.7500 -16.0000 0.1200 166 127 12
21.5000 13.5000 3.2800 156 123 106
-26.2500 6.0000 7.2100 37 225 139
-14.5000 9.0000 0.1200 149 124 5
14.3750 -2.0000 8.1500 32 170 169
-22.3750 -11.5000 0.1600 197 137 11
11.2500 3.5000 7.9000 19 197 126
7.8750 3.0000 9.8900 2 184 81
-27.1250 -21.0000 5.4200 143 254 148
13.8750 -2.5000 4.4000 124 248 62
14.2500 9.5000 5.0000 90 254 130
2.2500 -18.0000 9.6600 1 205 96
2.1250 -8.0000 1.9400 139 215 70
6.3750 -21.0000 12.6700 0 129 69
19.6250 -8.5000 7.1300 103 132 254
-26.0000 3.0000 0.7300 151 171 28
16.7500 -8.5000 7.2000 80 146 254
8.7500 -14.5000 12.2100 4 110 100
7.3750 5.5000 4.7700 95 254 85
18.7500 -0.5000 7.1700 76 169 254
-14.1250 -7.0000 0.0900 165 132 30
-16.6250 2.5000 0.1100 164 122 6
-25.6250 -18.0000 5.2300 138 254 116
4.6250 12.0000 2.9800 151 237 100
-0.5000 -18.5000 3.2300 137 217 92
9.0000 20.5000 2.2500 145 219 121
-21.0000 22.0000 2.5900 145 201 99
5.7500 -6.5000 2.2600 123 146 79
-0.6250 -0.5000 1.3600 164 224 60
6.2500 -19.5000 6.4400 51 215 141
-13.1250 6.0000 0.1000 162 153 23
-14.2500 18.0000 2.7800 145 192 104
22.0000 17.5000 3.1900 143 110 104
18.1250 26.0000 0.4800 144 115 16
18.0000 -1.0000 7.2100 76 168 246
20.7500 14.5000 6.5700 35 204 184
-24.8750 6.5000 0.2000 140 102 38
8.5000 -10.5000 11.7500 0 141 97
15.8750 1.5000 3.4600 193 111 109
20.8750 -2.5000 7.1800 103 153 254
20.7500 1.0000 7.0600 89 161 254
-27.2500 5.5000 0.4500 121 130 71
10.8750 -2.5000 8.7800 5 184 104
9.8750 20.5000 2.2400 145 214 113
1.1250 12.0000 0.0900 157 143 1
5.2500 -8.5000 3.1600 129 212 67
13.0000 1.5000 4.4700 107 254 90
16.7500 18.5000 8.9300 3 197 110
8.7500 -1.5000 8.1500 27 200 112
22.2500 5.5000 7.1000 79 159 215
19.1250 -13.5000 3.8100 231 116 81
-2.7500 7.5000 0.1000 169 124 22
13.8750 7.5000 5.9200 62 221 171
-13.6250 -19.5000 0.3100 154 136 46
19.0000 25.0000 4.1100 156 254 6
-3.0000 -13.5000 0.9300 154 178 40
19.1250 -0.5000 7.1500 78 171 254
21.6250 16.5000 7.3000 37 182 150
2.8750 -14.0000 5.8700 55 254 156
16.1250 18.5000 8.5300 6 204 117
-21.1250 16.5000 1.4700 149 190 32
18.3750 14.5000 6.5900 34 218 187
-22.7500 -10.0000 0.0900 175 118 16
-2.0000 -20.0000 3.3200 167 213 41
11.6250 13.5000 4.9500 89 254 134
-12.1250 -15.0000 2.0600 160 240 109
-17.2500 7.5000 1.7200 147 228 62
-19.6250 -11.0000 0.1100 186 140 0
15.0000 -1.0000 3.5000 203 118 95
19.0000 -16.0000 3.8300 228 126 57
11.8750 15.5000 3.3600 154 205 72
2.2500 24.5000 0.0900 164 111 20
-22.7500 -21.5000 5.4100 145 254 146
21.6250 -5.5000 7.1500 120 117 252
-17.0000 14.0000 2.6500 136 201 103
4.0000 2.5000 7.3300 36 225 105
-25.8750 21.5000 0.1000 126 107 22
10.2500 -17.0000 4.4900 124 220 106
11.2500 17.0000 3.7100 163 241 0
3.0000 -11.5000 9.1900 1 221 100
9.1250 7.5000 4.5500 106 254 60
11.7500 -17.5000 4.3700 157 195 112
-1.6250 12.5000 0.0800 170 111 10
-15.6250 23.0000 2.7700 145 192 106
-15.6250 6.5000 0.1200 139 132 22
-24.7500 -16.5000 0.0700 179 120 0
13.1250 3.5000 4.3500 120 254 66
6.0000 -8.5000 11.4200 0 174 92
-19.7500 8.0000 1.5400 149 216 72
10.2500 5.0000 4.3700 115 254 32
-24.2500 -2.0000 0.1200 145 138 14
16.6250 25.5000 0.7300 136 116 33
-14.5000 13.0000 1.4700 148 233 7
-23.3750 -7.5000 0.2300 179 122 0
-7.1250 19.5000 0.1000 145 132 33
-22.6250 6.5000 0.1100 136 148 20
-12.5000 24.0000 3.1200 157 210 107
3.8750 21.0000 0.0900 170 94 37
7.3750 0.0000 2.3400 126 219 94
0.6250 -16.5000 2.4100 125 235 76
-25.7500 -18.0000 5.3000 136 254 120
8.2500 -10.0000 12.9600 0 132 81
14.6250 9.0000 5.0900 89 254 164
12.8750 12.5000 4.7700 95 254 115
21.0000 20.5000 7.4800 23 183 140
12.5000 20.0000 3.1100 143 190 77
-23.6250 6.0000 0.1100 143 86 30
-27.0000 -20.0000 5.4100 143 254 140
1.8750 -17.0000 10.2000 0 213 103
3.8750 13.5000 0.0900 154 97 42
-19.8750 19.5000 3.4300 188 196 58
19.0000 -5.5000 7.0900 95 132 254
10.5000 -10.0000 11.5800 16 131 110
-24.0000 0.5000 1.5100 162 174 40
10.8750 25.0000 1.0000 160 181 12
-12.8750 -5.0000 0.1200 155 145 26
-7.6250 10.5000 0.0800 182 129 0
2.2500 -1.5000 2.9400 134 229 83
15.5000 -11.5000 3.8200 232 141 88
9.7500 -6.0000 3.1900 146 153 70
4.3750 1.5000 7.5800 32 218 103
3.3750 -10.5000 8.8500 3 219 104
-18.0000 26.0000 1.6300 147 133 75
-11.5000 26.0000 3.2000 163 204 76
17.3750 -4.0000 3.7100 230 117 89
-20.6250 1.5000 0.1100 147 131 13
-19.6250 7.5000 1.2200 143 215 64
10.2500 -16.5000 4.5700 119 220 118
12.5000 1.0000 6.5100 45 202 186
14.7500 -13.5000 3.8000 210 130 94
18.8750 -18.5000 4.4300 183 202 109
22.0000 -17.5000 5.5900 137 195 237
1.1250 1.5000 0.0900 147 129 0
9.3750 7.5000 4.3100 124 254 14
-14.0000 26.0000 2.5900 142 201 88
-27.5000 3.0000 2.7600 146 200 135
-23.3750 4.0000 0.1400 147 112 13
11.5000 -12.5000 11.4700 11 108 116
18.1250 12.0000 3.4300 177 124 93
-12.2500 20.5000 0.0900 134 154 0
-4.2500 -21.5000 3.4800 185 203 14
-24.2500 2.0000 4.6000 112 254 80
-12.1250 -11.0000 0.7200 151 209 52
14.2500 -2.5000 8.0800 23 171 143
2.2500 -5.5000 2.4600 124 202 109
22.2500 -11.5000 7.2100 95 120 254
18.1250 -21.5000 3.9800 223 133 69
6.1250 19.0000 1.1700 165 200 50
-24.3750 11.5000 0.0900 159 94 10
13.7500 26.0000 3.1200 151 176 74
19.6250 10.0000 3.3200 184 99 142
10.3750 21.0000 2.4000 141 210 118
-22.3750 -13.0000 0.1100 182 136 15
5.7500 6.0000 2.5300 120 221 93
14.1250 20.0000 3.1900 147 188 57
5.0000 17.0000 0.1000 158 88 15
3.0000 -14.0000 4.5200 97 254 83
-26.3750 4.5000 3.9300 158 254 12
-1.7500 -15.5000 4.0100 166 254 0
11.2500 -11.5000 8.2000 23 180 130
16.5000 -0.5000 3.6100 221 112 71
-2.3750 19.0000 0.0800 181 127 0
-17.2500 12.0000 2.1100 141 250 66
-5.2500 -16.0000 0.0900 144 141 0
3.5000 -4.5000 3.0500 143 194 95
-25.3750 -15.0000 0.1100 180 142 0
21.2500 -3.5000 7.1800 116 125 250
15.5000 2.0000 3.6600 201 136 86
11.8750 6.5000 4.7200 96 254 115
22.0000 -3.5000 7.1500 119 124 245
6.3750 15.5000 2.4100 149 250 119
-21.2500 -18.5000 0.1000 182 107 0
4.2500 0.5000 2.9000 154 223 59
18.8750 10.0000 3.2800 180 94 149
20.1250 -21.5000 3.9300 242 140 65
16.5000 -1.5000 3.5400 224 80 80
12.3750 -23.0000 4.0700 195 144 66
2.7500 6.0000 2.9100 156 207 95
5.5000 -16.0000 8.6600 10 191 105
-12.2500 -7.5000 0.1000 151 145 32
-7.8750 16.0000 0.1300 163 158 0
-8.7500 21.5000 0.0900 153 177 0
19.7500 24.5000 4.6400 116 254 87
5.3750 11.5000 2.2000 142 229 100
8.8750 -13.5000 9.8400 6 145 115
11.5000 13.0000 4.0600 145 254 2
9.7500 13.0000 3.9200 161 254 0
-12.2500 -12.0000 1.4500 148 238 77
14.3750 -3.0000 6.6600 46 194 166
15.5000 -15.5000 4.3900 157 208 110
0.2500 -22.5000 7.6300 23 225 103
5.3750 -5.5000 2.2500 121 148 81
21.2500 -5.0000 7.1300 117 121 254
14.0000 -5.0000 3.7000 199 157 64
-27.6250 16.0000 6.1900 79 254 141
-23.5000 20.5000 1.0800 142 177 20
-3.2500 -19.0000 2.6800 134 236 110
-17.7500 -17.5000 0.0800 139 132 19
-11.7500 23.0000 2.1800 156 202 51
-27.0000 10.0000 2.2300 134 254 61
10.5000 1.0000 5.7900 60 242 143
13.0000 -3.0000 7.7900 17 184 157
-18.0000 8.0000 0.1300 135 118 49
14.7500 -23.0000 4.0200 211 125 67
6.3750 18.5000 0.1600 144 103 27
15.1250 14.0000 4.7700 88 254 129
-22.5000 -20.0000 5.6100 129 254 154
-15.7500 -19.0000 0.6200 172 169 18
4.7500 -12.0000 7.8700 1 225 125
-21.3750 -17.5000 0.1000 181 109 0
12.0000 0.0000 7.6600 21 189 165
2.7500 3.0000 4.9700 91 254 114
-11.1250 -10.5000 1.2400 158 222 46
2.7500 -8.0000 4.6200 103 254 79
-15.7500 -22.0000 5.3700 123 254 172
-25.0000 -6.5000 0.1200 165 124 7
22.2500 -12.0000 7.2400 103 107 230
-25.5000 -11.0000 0.1000 180 138 5
9.6250 -17.0000 4.1100 165 198 40
14.8750 -6.5000 3.8000 213 140 88
-20.5000 24.5000 1.5700 142 160 78
1.7500 -5.5000 2.2800 134 229 75
8.0000 21.5000 1.9400 155 254 79
10.3750 0.5000 6.5300 43 232 137
-0.1250 -17.5000 2.6900 129 227 94
6.8750 0.5000 7.0300 28 254 138
-14.7500 26.5000 2.1100 149 178 78
-12.2500 24.5000 3.3300 175 214 79
4.2500 5.0000 5.8400 60 254 145
-1.3750 -3.5000 1.5700 148 218 79
-8.2500 -14.5000 1.5400 177 158 49
-24.7500 7.5000 4.8700 107 254 121
21.0000 2.0000 7.0700 92 153 252
-21.1250 -4.0000 0.1100 171 135 0
11.5000 11.0000 4.5900 107 254 83
20.0000 -20.5000 4.0400 231 162 65
15.1250 -15.5000 4.4000 163 212 116
-10.3750 7.0000 0.1000 164 166 11
2.6250 -2.0000 2.7100 126 220 120
-27.2500 17.5000 3.8500 171 249 13
-27.3750 10.5000 0.3900 136 163 60
-0.1250 -1.5000 1.0600 144 203 55
0.8750 -19.0000 10.0800 0 189 94
-0.1250 22.0000 0.1200 157 113 6
7.5000 -22.0000 12.6200 4 127 68
1.7500 -18.0000 9.9600 0 205 97
-12.3750 -19.5000 2.4600 184 214 100
-20.3750 6.5000 0.1600 132 142 12
-0.1250 -22.5000 10.9800 7 176 56
16.2500 19.0000 3.9300 146 254 0
-17.5000 -22.0000 5.5200 138 254 149
-24.1250 21.5000 0.5900 148 128 0
17.3750 18.5000 8.6500 10 213 117
-21.2500 -12.0000 0.0900 199 123 9
-24.0000 24.0000 2.6300 129 254 112
21.5000 18.0000 8.2900 25 186 110
22.0000 18.0000 8.2100 30 184 104
15.1250 -17.5000 6.4100 87 143 228
12.8750 17.0000 3.3000 153 206 66
4.1250 11.0000 3.9400 170 254 0
17.3750 21.0000 4.5500 110 254 62
7.8750 -11.5000 12.1900 0 162 69
-6.5000 -11.5000 2.0600 160 254 82
19.1250 -8.0000 7.1500 104 133 254
7.1250 -17.5000 9.8400 8 156 88
-24.1250 -10.0000 0.1200 179 139 0
18.7500 14.5000 6.1200 47 235 194
4.7500 -13.0000 6.9400 20 241 130
-26.6250 3.5000 1.1600 138 188 46
-2.3750 24.5000 0.0700 171 106 0
0.7500 -7.0000 3.7000 187 242 0
16.7500 23.0000 3.7900 183 246 0
-25.8750 -4.5000 0.1100 151 129 15
20.3750 15.5000 8.0100 12 191 160
21.2500 -1.0000 7.1200 108 149 254
-8.3750 -4.0000 0.1100 180 116 25
3.5000 -11.0000 1.5700 129 154 18
3.2500 -9.5000 3.9700 153 254 0
3.2500 -20.5000 6.6200 31 231 123
16.1250 -18.5000 5.7200 101 182 227
9.3750 6.0000 4.0400 145 254 0
-1.6250 -17.5000 1.2800 154 186 43
18.2500 -12.0000 3.8600 233 139 101
0.8750 -18.0000 7.1200 15 249 139
9.1250 18.5000 1.2100 156 151 43
-12.8750 -17.5000 0.9700 143 222 73
-25.3750 3.5000 5.2900 71 254 144
-25.3750 1.0000 3.4400 196 195 47
-14.1250 -23.5000 5.5100 136 254 152
17.8750 -16.0000 6.2800 101 143 244
1.2500 -22.5000 8.9800 18 204 69
-0.5000 -6.0000 0.9500 143 190 28
-13.8750 17.5000 3.8700 182 254 0
12.5000 14.5000 4.1700 128 254 18
17.3750 19.5000 7.6300 23 197 131
-13.0000 2.5000 0.0900 188 148 0
-7.8750 -12.0000 2.5000 155 214 77
-24.8750 19.0000 0.0800 129 121 0
6.2500 2.5000 5.1400 77 254 131
17.2500 -17.0000 6.6300 82 138 212
7.5000 11.0000 3.6400 183 219 33
-0.3750 -22.0000 9.1700 12 218 78
-10.1250 -16.0000 1.7000 161 212 76
17.6250 15.5000 6.5500 30 232 167
15.2500 -18.0000 4.5100 160 210 126
-27.5000 1.0000 6.2900 63 254 144
-26.0000 3.5000 6.9100 36 254 160
11.6250 -7.0000 4.3600 135 238 85
21.5000 9.5000 3.3100 169 100 135
8.0000 11.5000 3.4700 173 200 60
4.3750 1.5000 7.7700 29 215 102
-27.2500 8.5000 1.3700 157 208 59
2.3750 -9.5000 5.1000 74 254 131
1.6250 -16.5000 3.0300 148 191 73
-7.3750 -13.0000 2.6300 138 227 129
-16.0000 -1.0000 0.1100 177 132 7
12.6250 -10.0000 6.9100 60 171 204
-24.2500 -19.0000 0.1300 195 97 0
-24.0000 9.0000 2.1300 160 236 45
11.5000 -22.5000 4.0800 196 156 62
-5.1250 14.0000 0.1000 177 131 0
-4.8750 23.0000 0.1000 161 135 0
16.5000 14.0000 5.6100 53 254 166
17.6250 -1.0000 3.6400 220 92 70
2.1250 -15.5000 2.8600 129 216 97
15.7500 26.0000 2.0300 147 192 43
20.1250 -2.5000 7.1500 98 158 254
-11.3750 -15.0000 2.1000 158 240 106
-14.8750 18.0000 3.1000 161 186 99
-2.2500 -20.0000 3.4400 176 212 23
-14.0000 -16.5000 0.5100 167 176 17
-10.1250 24.5000 1.8700 184 176 10
-26.6250 -5.0000 2.5200 143 254 73
13.2500 1.5000 4.2700 129 243 64
10.7500 17.0000 3.3600 172 191 57
1.0000 -18.0000 10.2100 0 204 101
-27.2500 12.5000 0.0900 125 127 53
-12.3750 -14.5000 1.8500 163 231 101
-13.3750 -17.0000 1.2400 151 254 79
-18.0000 23.0000 1.6200 159 142 67
-27.1250 12.0000 1.1600 149 223 27
17.1250 11.5000 4.6400 103 254 106
21.1250 -14.5000 3.7600 231 104 78
-6.6250 3.0000 0.1000 168 138 13
3.2500 -1.5000 3.2200 162 218 54
9.7500 -17.5000 4.0700 174 195 36
-25.1250 -11.5000 0.1100 184 133 0
-17.0000 4.5000 0.1200 158 140 18
-7.3750 24.5000 0.0900 148 153 6
14.0000 -9.5000 3.7600 205 135 73
18.2500 11.5000 3.5900 184 156 57
-8.2500 8.0000 0.2200 192 166 0
-16.6250 8.5000 0.2900 154 138 8
2.2500 -17.5000 10.1300 0 198 96
-7.5000 5.0000 0.0900 173 125 22
4.0000 -18.5000 8.7700 8 209 88
-20.3750 -14.5000 0.1100 178 125 0
3.6250 -18.0000 8.8600 4 210 93
-26.5000 5.0000 6.8300 44 240 155
13.2500 -19.5000 4.0200 217 147 69
19.7500 18.0000 6.8400 24 211 184
10.3750 1.0000 2.7900 126 208 86
-7.6250 -16.0000 0.1600 152 131 24
14.3750 -18.0000 4.4600 158 189 121
9.6250 -0.5000 3.9400 164 254 0
-4.8750 -15.5000 0.0900 149 121 0
3.2500 -1.0000 3.5400 179 232 0
-27.3750 1.0000 0.6800 130 156 48
-1.5000 -16.5000 2.7100 126 245 97
-23.6250 -9.0000 0.1100 179 139 0
-18.1250 8.5000 0.4800 149 142 28
-26.3750 -21.0000 5.4700 138 254 159
-16.3750 19.0000 3.8100 183 248 15
9.1250 -9.5000 13.1700 4 127 94
12.6250 14.0000 3.4500 167 209 50
-27.3750 -20.5000 5.4300 146 254 149
5.7500 0.0000 0.7500 139 104 10
16.2500 -13.0000 3.8200 231 137 85
6.6250 3.5000 1.5100 136 192 35
16.2500 -18.0000 6.1300 90 160 230
8.7500 1.5000 7.3100 28 218 130
6.8750 17.5000 1.5800 169 202 68
-14.7500 25.5000 2.6000 139 191 103
9.0000 -3.0000 6.8100 32 227 140
-20.2500 8.0000 0.7700 145 152 25
-25.2500 -12.5000 0.1000 186 135 0
7.6250 3.5000 4.0900 144 254 0
17.6250 -18.5000 4.7300 164 201 158
2.1250 -10.5000 4.1400 132 254 23
-11.8750 3.0000 0.1000 191 142 0
-0.6250 -13.5000 4.1200 155 254 14
11.7500 12.0000 4.7500 95 254 113
11.5000 21.5000 2.3300 140 222 84
3.5000 -22.0000 7.9700 15 202 91
-18.1250 8.5000 1.3800 155 233 50
15.5000 18.0000 6.0300 44 254 163
2.2500 -5.5000 2.4200 124 201 106
-12.5000 19.0000 0.2400 133 142 12
9.7500 15.5000 2.1700 140 189 85
-4.0000 -23.0000 9.9300 18 202 76
2.7500 -21.0000 7.8600 16 207 103
6.5000 2.5000 8.5100 14 209 104
-1.8750 -10.0000 4.0300 159 254 0
12.1250 -6.5000 4.2300 157 236 65
-1.6250 12.0000 0.0900 171 111 9
3.3750 -18.0000 8.9500 3 210 94
-19.2500 -23.0000 5.3700 150 254 137
13.0000 -17.0000 4.5200 147 209 132
-12.0000 22.0000 0.3800 135 154 0
10.0000 -9.0000 8.0200 16 185 147
8.2500 -19.0000 8.5400 27 161 117
4.3750 -23.5000 11.2400 23 143 54
-3.2500 1.5000 0.0900 166 97 47
-27.1250 4.5000 5.0700 83 254 131
-2.6250 -5.0000 0.1000 152 152 0
7.3750 -9.0000 12.4000 0 165 73
-15.1250 -3.0000 0.1100 179 99 0
-3.2500 -11.5000 0.1400 150 128 16
6.0000 8.0000 3.5400 188 191 16
10.7500 26.5000 1.9200 149 233 65
-13.0000 18.5000 0.3700 138 140 18
-9.0000 -12.5000 2.0600 160 205 57
1.1250 -19.5000 9.3800 3 208 77
18.0000 -20.0000 3.9900 229 152 72
15.1250 -4.0000 3.7000 217 122 73
-12.8750 -6.5000 0.1100 160 145 22
18.1250 22.5000 4.3000 125 254 40
10.3750 -2.5000 7.6700 8 217 124
-26.7500 1.5000 5.5400 78 254 144
9.2500 -10.0000 13.0000 0 129 92
-21.8750 -21.0000 5.3700 137 254 145
-5.2500 4.0000 0.1000 167 133 12
13.0000 16.0000 2.8600 133 163 116
-3.6250 18.5000 0.0900 173 125 5
6.0000 13.5000 1.8000 144 250 88
-19.6250 20.0000 3.1600 163 185 98
-0.1250 -10.0000 5.0400 97 254 109
7.6250 21.5000 0.1000 141 134 24
-19.3750 -14.5000 0.0900 169 124 22
2.7500 -7.5000 2.6100 122 199 119
-15.0000 25.0000 3.0400 154 184 97
11.2500 -21.0000 4.0500 205 162 59
-25.2500 -7.5000 0.1000 159 123 8
8.2500 3.0000 9.3200 11 187 79
-23.5000 -12.5000 0.0900 186 123 0
4.7500 0.0000 2.7800 152 224 60
5.7500 26.0000 0.1000 152 129 46
-22.3750 -0.5000 0.2500 161 140 0
10.7500 3.5000 8.9300 7 191 99
-3.6250 -19.5000 2.9400 138 209 107
17.6250 -14.5000 3.7500 235 113 88
15.8750 -4.0000 3.7600 228 144 62
0.7500 3.5000 0.0900 150 116 35
20.5000 3.0000 7.1100 73 158 254
-14.0000 24.5000 2.8800 140 211 101
17.0000 -22.5000 3.9800 222 129 76
16.1250 17.5000 7.9000 8 218 129
-3.8750 -21.0000 3.5000 175 211 15
15.8750 -15.0000 3.7900 228 118 56
-5.6250 -5.0000 0.1100 161 138 14
8.5000 24.0000 0.1000 140 115 20
20.3750 17.5000 7.5000 15 201 165
-2.3750 -23.5000 10.0800 17 191 70
5.8750 -13.0000 11.5200 0 171 82
18.5000 21.5000 5.0300 85 254 130
6.1250 -3.0000 2.0500 140 161 70
-5.8750 -15.5000 0.1000 151 126 0
2.1250 5.0000 0.1100 146 101 14
18.1250 -12.5000 3.8500 232 131 96
-23.3750 6.5000 4.4300 125 254 42
8.3750 -15.5000 11.9400 1 110 84
5.1250 -9.5000 7.2900 11 227 139
-13.7500 -17.5000 0.5100 163 159 24
-14.7500 -20.5000 1.8600 178 254 78
18.8750 17.0000 8.6000 7 199 136
-1.7500 -3.0000 1.6800 148 252 44
11.2500 -0.5000 7.7500 18 187 154
13.5000 7.5000 4.8300 95 254 119
-27.0000 -21.5000 5.4400 141 254 147
13.0000 -9.0000 3.7700 210 141 71
-4.3750 -20.0000 2.1800 139 252 65
-18.2500 16.0000 3.6700 178 231 5
20.0000 15.0000 8.6900 3 185 147
3.2500 14.5000 0.0900 159 97 41
-26.1250 -1.5000 3.6800 196 241 12
10.0000 -6.5000 3.5400 174 163 21
-19.5000 22.0000 1.8300 148 173 82
20.6250 3.0000 7.1100 75 156 252
15.5000 0.5000 3.5000 211 94 89
10.2500 -3.5000 5.1000 73 254 120
-26.8750 -1.0000 4.7500 114 254 108
19.0000 8.0000 3.3000 188 93 138
0.1250 -19.5000 8.5800 8 220 95
12.8750 -1.0000 7.1600 27 194 171
-22.2500 1.0000 0.1100 137 121 28
3.0000 -20.0000 7.5000 19 214 110
-25.6250 8.0000 2.9600 158 218 94
8.8750 -1.5000 8.1300 26 201 112
-3.8750 -23.5000 7.9300 35 211 88
-23.0000 -9.5000 0.1100 176 122 7
-11.1250 -14.5000 2.2900 155 244 112
5.3750 -19.0000 6.3400 50 219 132
0.2500 -20.0000 3.8800 166 254 0
-27.1250 12.5000 3.9500 162 254 0
16.7500 8.0000 4.5100 115 254 82
15.5000 19.0000 3.6000 172 217 18
11.1250 -22.0000 4.1100 196 164 65
-18.2500 8.0000 1.6500 158 243 66
-11.1250 6.0000 0.1000 168 139 10
-26.6250 -12.0000 0.1100 181 147 7
2.8750 -18.0000 8.8900 6 210 94
6.7500 11.5000 1.3000 146 204 54
16.5000 -6.0000 3.8200 233 138 93
-22.1250 -21.5000 5.3900 138 254 142
19.3750 16.5000 8.5200 8 197 136
-24.2500 7.5000 0.1200 157 121 20
12.1250 -23.0000 4.1000 192 150 65
-23.8750 25.5000 3.0400 143 242 100
13.8750 -6.0000 3.7000 207 154 67
2.5000 -1.5000 2.5500 125 253 91
-1.1250 -13.5000 4.2100 143 254 3
7.7500 0.5000 2.5400 123 229 95
6.6250 13.5000 0.8100 155 166 13
7.0000 -22.0000 12.3500 4 131 69
20.2500 8.5000 3.4500 196 115 112
-16.7500 17.5000 3.7200 191 222 0
-26.1250 -21.0000 5.4500 138 254 160
4.3750 11.5000 1.9300 159 254 47
4.7500 -14.0000 4.0800 135 254 15
21.7500 20.0000 5.2800 77 254 132
12.8750 -8.5000 3.7600 210 139 73
-27.5000 21.5000 0.1000 124 115 35
17.0000 -1.5000 3.5500 222 82 79
17.2500 3.5000 3.5200 198 109 114
10.2500 -14.0000 10.7800 1 115 118
7.3750 20.0000 0.3900 144 147 35
-17.8750 -21.5000 6.6300 106 235 167
-1.1250 -9.5000 5.1600 100 254 120
-0.2500 -19.5000 3.8100 165 246 0
-24.3750 6.0000 4.8200 107 254 99
-18.1250 10.0000 0.5200 143 157 38
8.6250 -22.5000 7.0700 62 153 135
11.3750 0.5000 3.8300 170 225 22
-19.6250 19.0000 3.1800 163 189 100
-2.0000 -17.0000 0.9500 155 169 25
20.3750 -16.0000 3.7300 242 92 82
-13.7500 -22.0000 0.1000 178 128 31
-3.6250 -21.0000 3.6500 181 226 0
10.5000 -17.5000 4.0800 176 193 41
16.5000 9.5000 4.4900 113 254 79
-27.0000 18.5000 0.1100 126 135 15
7.5000 15.5000 0.7600 154 159 11
12.1250 6.5000 4.7200 96 254 115
8.6250 -16.5000 8.1100 32 153 143
5.2500 -15.5000 3.5900 178 167 14
11.5000 12.0000 4.1800 138 254 9
10.8750 -23.0000 11.0200 53 74 128
-2.3750 -9.0000 6.5000 71 254 147
6.3750 1.5000 7.8500 27 221 115
-19.5000 -23.0000 5.4100 149 254 140
-17.6250 2.0000 0.1000 159 117 20
-25.1250 18.0000 0.1100 142 148 0
-14.2500 16.0000 2.0100 141 207 67
19.2500 21.0000 4.6600 102 254 96
-25.7500 5.5000 3.3900 177 184 57
18.3750 -23.5000 3.9400 221 120 68
4.8750 5.0000 5.3100 81 254 134
-25.5000 -18.0000 5.3100 135 254 120
-21.5000 4.5000 0.1100 131 112 21
-19.7500 5.5000 1.9200 144 203 57
-25.3750 -19.0000 5.6000 136 254 152
5.0000 -1.5000 2.7300 142 223 86
-1.7500 -2.0000 1.4700 150 244 41
-11.8750 -1.5000 0.1700 169 141 16
3.7500 -16.5000 4.7100 87 254 89
-12.3750 17.5000 0.0800 141 123 12
0.6250 -14.0000 4.0500 147 254 4
16.6250 -8.0000 7.1400 83 147 254
-26.0000 0.5000 3.1500 173 194 103
10.8750 16.5000 3.7100 171 232 0
-4.6250 20.0000 0.1000 160 133 20
-9.3750 5.0000 0.1200 176 127 19
19.3750 -11.0000 7.2100 94 115 254
5.0000 -13.5000 6.6300 25 243 140
6.2500 8.5000 3.4100 184 178 38
-0.3750 -15.5000 3.9100 164 254 0
-22.6250 -19.5000 5.6900 130 254 153
1.1250 -22.5000 4.4000 116 254 22
-18.2500 -20.0000 0.1000 167 101 15
3.2500 4.0000 0.6500 130 183 2
-14.7500 23.0000 2.6700 144 194 101
-22.8750 -16.5000 0.0600 172 123 0
-4.8750 5.0000 0.1000 173 117 1
10.6250 -16.0000 7.0900 61 140 181
-26.2500 -3.5000 0.1100 147 138 16
16.5000 -8.5000 7.1800 80 148 254
16.3750 25.0000 0.6300 135 108 29
0.3750 -7.5000 5.7300 69 254 148
17.2500 7.5000 3.5400 185 134 80
5.0000 -17.5000 6.8700 26 223 124
-6.3750 20.0000 0.1000 156 144 27
10.3750 9.5000 3.0500 142 178 101
3.3750 10.5000 2.3700 149 254 62
12.1250 24.5000 3.0200 148 182 95
0.3750 4.5000 0.1000 144 126 48
11.7500 4.5000 8.1900 16 195 140
18.0000 -18.5000 6.3100 113 148 234
-23.7500 23.5000 2.7600 133 254 109
-13.3750 -20.0000 0.7500 190 165 30
10.8750 -18.5000 4.0900 189 172 53
3.0000 6.0000 2.5900 148 232 100
9.7500 -12.0000 6.4000 49 201 172
18.7500 -18.5000 4.4600 180 203 115
14.1250 18.5000 2.8000 134 168 108
-20.7500 18.0000 3.1900 170 203 92
10.8750 26.0000 2.0800 149 237 72
-27.1250 7.0000 6.8700 45 242 152
6.2500 16.0000 2.3800 153 249 106
9.0000 -11.5000 4.7000 100 254 106
15.6250 21.0000 3.6200 189 222 1
18.0000 18.0000 8.7300 12 197 129
4.1250 -17.5000 5.2900 64 254 125
15.3750 -18.5000 4.2400 184 188 82
15.1250 0.5000 4.1000 168 221 71
-24.2500 24.5000 2.5500 127 254 114
0.0000 22.5000 0.0900 176 111 0
-21.7500 -23.0000 5.4100 141 254 126
7.1250 -0.5000 6.0100 54 254 158
12.1250 7.0000 4.5700 106 254 93
-27.5000 8.0000 4.2700 130 254 57
13.8750 -14.5000 4.3300 157 224 101
20.7500 19.0000 8.5600 16 191 119
4.5000 -15.5000 4.9100 75 254 111
10.2500 7.0000 5.1900 74 254 131
18.1250 3.0000 3.4600 216 72 142
17.0000 15.5000 4.9500 78 254 133
12.0000 2.5000 5.6400 63 254 175
1.6250 3.0000 6.1200 75 254 138
-14.0000 23.5000 2.5100 142 193 92
-12.6250 -13.0000 0.1400 159 116 6
9.3750 -9.5000 10.6800 3 161 101
-10.3750 22.0000 0.2900 145 166 0
-14.8750 9.5000 0.1000 146 125 9
16.8750 -1.5000 3.5800 224 88 77
5.8750 18.5000 0.1200 144 103 28
17.2500 -14.5000 3.7700 227 110 63
5.1250 7.0000 2.7200 137 216 87
19.2500 13.5000 7.4900 20 201 160
22.1250 5.0000 7.1000 79 160 220
1.7500 18.0000 0.0900 153 120 6
19.5000 0.5000 7.0900 81 170 254
15.7500 14.5000 4.9400 79 254 146
3.7500 -7.0000 4.0700 148 254 0
6.2500 13.0000 0.8200 145 168 22
3.8750 24.0000 0.1000 177 97 45
-16.6250 20.5000 2.9200 150 193 112
-4.1250 4.5000 0.1000 172 132 26
4.3750 -12.0000 8.1600 1 220 118
8.7500 -15.5000 8.3300 25 145 141
11.1250 -10.0000 9.7000 18 169 120
4.1250 8.5000 3.8500 168 254 0
4.1250 -20.0000 6.6600 33 227 121
20.3750 -15.0000 3.7600 237 106 70
-2.2500 2.5000 0.0900 176 116 31
8.6250 -12.5000 3.6900 172 167 17
-0.2500 -16.0000 2.8600 137 213 116
1.2500 0.0000 2.8300 143 226 96
21.3750 -3.0000 7.1700 109 149 250
4.2500 -6.5000 2.4700 130 188 94
11.1250 -16.5000 4.5200 129 216 108
-26.0000 14.0000 1.3200 155 232 43
-21.1250 -17.5000 0.0600 181 105 0
0.1250 -16.0000 0.5100 135 126 3
-16.5000 -17.5000 0.0900 161 89 27
-27.6250 -19.5000 5.4000 144 254 138
18.5000 -5.0000 7.1300 96 131 254
18.2500 22.0000 4.8600 96 254 111
12.1250 -16.5000 4.5500 136 220 136
1.1250 13.5000 0.1000 156 149 0
11.7500 -11.5000 3.8200 202 158 63
-24.7500 25.5000 3.0600 142 239 105
8.6250 17.5000 1.4900 150 178 63
18.5000 15.5000 5.4500 68 254 183
0.2500 -13.0000 4.3700 123 254 40
-12.5000 -16.0000 0.7100 152 170 62
5.2500 4.5000 2.2500 136 219 86
21.0000 -16.5000 3.7200 243 88 87
-17.7500 -2.0000 0.1500 168 124 22
9.7500 -18.0000 4.1000 173 199 38
5.8750 -16.5000 3.7200 181 191 0
3.5000 -1.5000 3.2800 160 208 64
20.7500 18.5000 8.0700 20 192 125
-25.5000 8.0000 0.4000 145 150 39
-21.3750 -1.5000 0.1700 169 144 0
6.3750 10.5000 2.2900 137 238 97
16.6250 -7.0000 7.2600 79 139 242
21.6250 -7.0000 7.1500 113 107 254
7.2500 6.5000 4.1900 127 254 9
-3.2500 2.5000 0.0800 177 120 33
8.5000 -19.0000 4.0900 175 210 29
16.1250 24.5000 2.8900 150 198 85
5.2500 6.0000 4.9900 86 254 109
2.8750 6.0000 2.6000 147 233 101
7.8750 9.5000 5.2500 83 254 136
11.0000 23.5000 2.7900 140 228 104
8.5000 22.5000 1.4800 141 246 57
-16.2500 -18.5000 0.1200 163 107 18
3.0000 1.0000 6.9000 43 250 115
12.3750 -11.0000 7.0900 59 151 206
-9.2500 -1.5000 0.1000 174 126 35
-12.8750 16.5000 1.8600 141 201 42
8.5000 5.5000 4.1600 122 254 0
-6.8750 -9.5000 1.1400 148 254 58
11.5000 14.5000 3.2100 150 189 103
-10.1250 -12.5000 2.4000 130 236 81
-26.1250 4.0000 5.3200 75 254 150
-0.8750 -10.0000 4.4000 126 254 44
-15.3750 25.0000 3.0300 153 182 100
9.3750 3.0000 6.9700 22 220 153
-8.6250 -17.0000 0.1000 153 102 20
10.3750 22.0000 2.6400 131 230 108
-25.8750 17.0000 0.1300 142 155 0
-10.2500 -21.5000 0.1000 159 108 41
15.7500 -3.0000 3.6500 231 124 67
1.3750 -12.0000 3.9000 166 254 2
8.0000 -12.0000 11.8900 0 163 71
-4.6250 12.5000 0.0800 163 108 19
9.8750 -18.0000 4.0700 178 195 38
-24.2500 9.5000 0.1200 142 113 41
-16.7500 -18.0000 0.1100 152 110 15
-26.6250 22.0000 0.1100 124 105 27
16.1250 -1.5000 3.5300 218 106 91
10.7500 -8.0000 4.3800 117 254 49
-0.1250 -14.0000 5.6000 70 254 164
17.7500 23.5000 4.1700 136 254 12
3.7500 14.5000 0.0900 159 95 39
7.8750 16.5000 1.1200 167 199 35
-22.5000 -20.5000 5.6000 129 254 155
-22.1250 26.0000 1.6600 140 222 76
6.1250 -11.0000 11.6500 0 168 81
-19.3750 4.0000 1.5400 171 190 35
-13.8750 -2.5000 0.1200 176 107 0
-26.1250 2.5000 7.0800 33 249 155
-20.0000 15.0000 2.2400 141 242 70
14.0000 5.0000 3.5900 181 163 52
11.2500 -6.0000 5.0200 71 254 106
-2.2500 -20.5000 3.7200 180 242 0
-26.5000 0.0000 0.1000 122 118 46
-3.8750 -17.0000 1.4900 162 205 41
8.8750 0.5000 4.9500 81 254 124
6.6250 3.0000 0.9300 136 129 15
3.6250 5.5000 4.7200 105 254 86
-21.2500 25.5000 1.6300 140 172 82
-27.6250 6.5000 3.7600 168 232 13
11.0000 19.0000 2.5400 124 209 123
-22.3750 -13.0000 0.1100 182 136 15
3.6250 -8.0000 3.7800 171 245 0
14.6250 -18.5000 4.1400 188 159 80
-24.0000 -21.0000 5.3700 138 254 158
7.1250 17.5000 1.6000 169 203 68
6.6250 0.5000 7.4400 26 232 127
7.1250 23.5000 0.1200 137 111 38
-27.6250 -22.0000 5.4600 142 254 137
10.1250 -9.0000 4.3000 128 254 36
-19.3750 25.5000 1.6200 151 129 81
2.1250 18.0000 0.0900 147 107 30
16.1250 16.0000 3.9900 144 254 17
15.8750 -12.0000 3.8000 237 134 88
-11.3750 -14.5000 2.0200 158 236 102
9.2500 21.0000 2.2600 143 220 122
-13.6250 -16.5000 0.1900 170 125 5
2.0000 -15.0000 3.1600 141 192 89
-15.5000 14.5000 3.9400 167 254 0
21.0000 19.0000 8.0900 23 190 118
11.7500 -2.5000 6.0900 63 205 181
-11.6250 -9.0000 1.5300 156 254 62
-27.5000 8.0000 6.7200 51 244 151
-13.8750 11.5000 0.1100 143 100 23
-25.8750 -18.5000 4.6200 166 254 62
12.3750 -3.0000 5.5400 79 244 175
-18.8750 -2.5000 0.1300 168 125 24
-19.2500 -21.5000 5.5800 142 254 149
-15.2500 10.0000 1.3700 170 208 27
15.8750 -14.0000 3.7800 227 114 68
11.7500 8.0000 4.2300 129 254 27
-10.2500 -5.5000 0.0900 157 154 4
16.1250 26.0000 0.6100 131 121 34
4.8750 6.0000 4.4600 120 254 47
-13.2500 -17.0000 0.1800 172 122 0
-26.7500 -4.0000 0.1200 146 139 18
16.8750 -9.0000 7.1800 82 146 254
-24.1250 24.0000 2.7000 129 254 116
20.2500 -12.0000 7.3300 88 112 254
5.2500 -20.0000 7.4700 28 204 100
8.7500 9.0000 4.6900 96 254 87
-17.6250 10.5000 2.0100 152 231 96
7.0000 -1.0000 5.7400 61 254 152
-14.6250 18.0000 2.8800 148 190 108
-23.6250 -16.0000 0.1000 181 137 0
16.5000 15.5000 4.1100 136 254 17
-7.5000 -18.0000 0.0900 156 97 15
-1.8750 -5.0000 0.1200 150 153 0
-18.0000 -11.0000 0.1000 180 124 0
-3.1250 11.5000 0.1000 174 115 9
-20.8750 25.0000 1.6200 142 167 81
20.1250 26.0000 4.1700 143 254 24
-27.0000 5.0000 4.3000 121 254 44
15.5000 16.0000 3.6200 164 213 15
-2.6250 -23.0000 9.7300 15 210 78
-1.0000 5.0000 0.0900 151 116 66
-12.1250 -13.5000 2.5600 142 253 126
14.8750 15.5000 3.1600 141 148 106
16.3750 26.5000 2.0000 145 202 65
-10.3750 10.0000 0.0900 186 159 0
4.6250 11.0000 2.6400 149 247 81
-23.7500 4.0000 1.0000 144 219 21
-3.8750 25.5000 0.0900 165 127 0
-3.3750 -14.0000 0.0800 125 122 66
-11.8750 18.0000 0.0900 139 124 10
-15.5000 10.0000 0.1300 140 131 15
17.8750 9.0000 3.2700 176 93 148
7.3750 3.0000 8.8800 10 200 92
11.7500 2.5000 6.6300 34 215 168
-23.3750 -9.5000 0.1000 179 137 0
2.1250 -15.0000 3.5800 169 203 26
3.5000 11.0000 1.9400 159 254 51
8.7500 -21.0000 4.0800 195 203 35
-13.6250 24.0000 3.1200 150 208 95
15.0000 -3.5000 3.6600 226 125 65
-7.2500 -13.0000 2.7700 139 223 130
-24.2500 23.5000 2.5300 132 254 113
-5.1250 -10.5000 0.5900 160 172 12
2.8750 -1.0000 2.1800 142 225 74
3.3750 -4.0000 2.6100 137 216 92
-16.2500 18.0000 3.7700 191 225 11
-24.1250 -19.5000 5.5900 134 254 167
-26.3750 -1.5000 0.1600 128 139 48
6.2500 -11.5000 9.6600 0 189 100
12.3750 -3.0000 8.9600 10 159 129
-10.0000 -12.0000 1.8600 157 198 60
-19.2500 7.0000 1.4300 143 223 73
22.0000 10.0000 3.3900 168 107 122
6.5000 5.0000 7.0200 26 231 137
2.2500 -6.5000 2.4800 121 210 119
-16.2500 -7.5000 0.1000 166 112 41
6.3750 -19.5000 5.5400 77 254 135
8.1250 21.0000 0.1000 141 132 22
7.8750 19.5000 1.1500 163 193 37
-21.6250 20.5000 2.9700 159 197 105
-12.0000 -23.0000 0.1100 150 131 64
12.6250 -6.0000 3.9200 195 202 52
10.3750 4.5000 7.9400 20 195 127
-9.8750 21.5000 0.0900 151 188 0
17.5000 13.5000 5.8600 54 250 171
20.0000 -17.0000 6.7400 96 142 216
-17.2500 -11.5000 0.0700 181 121 0
20.5000 -20.5000 4.3300 206 181 104
4.3750 -21.5000 6.8800 27 219 103
7.2500 -14.5000 12.1100 0 149 79
-1.2500 1.0000 1.5700 157 254 55
-23.2500 4.5000 0.1600 146 113 15
7.0000 -18.0000 4.3100 128 254 14
4.3750 6.0000 4.5400 115 254 59
9.8750 5.5000 4.2900 121 254 17
20.1250 22.0000 5.1400 82 254 135
19.1250 -3.0000 7.2600 91 157 254
17.6250 -12.0000 3.8400 228 128 89
-5.0000 -20.5000 0.4300 152 103 20
7.6250 -18.0000 3.9500 159 221 0
-17.2500 13.5000 1.2400 142 237 28
7.6250 21.0000 0.1100 143 132 23
6.3750 -8.5000 2.9100 126 164 85
13.0000 3.0000 4.7700 93 254 132
13.3750 4.5000 2.9900 136 140 137
-3.8750 -20.0000 2.4800 129 245 88
-13.2500 23.5000 2.9200 140 220 116
-24.1250 1.0000 4.2600 150 254 24
-20.6250 22.5000 2.1100 154 206 73
4.7500 -21.5000 6.0400 44 240 118
-10.5000 -22.0000 0.1000 157 111 45
8.1250 3.0000 3.8000 171 240 0
13.6250 -12.0000 3.8600 209 165 64
-2.8750 13.0000 0.0900 170 118 12
-15.7500 21.5000 2.8300 151 191 112
-6.1250 -21.0000 1.5500 157 221 49
-25.6250 -4.0000 0.7100 154 207 46
-25.8750 8.0000 3.0000 157 202 101
-11.5000 22.5000 0.4800 141 130 0
3.8750 9.0000 3.0600 157 231 67
2.3750 -10.5000 8.9300 6 227 100
15.7500 19.0000 3.6400 174 221 10
10.3750 13.0000 2.8100 134 176 109
-1.0000 -23.5000 7.2900 35 226 109
-21.8750 -17.5000 0.0900 179 110 0
-11.0000 25.0000 2.9600 158 203 94
21.1250 5.0000 3.4700 203 76 139
10.0000 4.0000 4.6300 93 254 81
-6.1250 13.5000 0.1000 167 129 25
7.8750 -5.0000 5.3900 64 254 130
-5.1250 -11.0000 0.2800 155 135 3
-9.0000 -21.0000 0.1000 170 93 23
-6.7500 1.5000 0.1100 172 148 16
10.6250 3.0000 7.6100 13 198 130
-27.3750 14.0000 0.2600 135 132 56
9.7500 -8.0000 6.9400 35 197 156
20.2500 20.5000 7.7600 15 185 146
21.7500 25.5000 5.2100 95 254 107
-19.8750 22.0000 2.4100 145 195 85
-19.7500 -1.5000 0.1200 169 125 14
-22.6250 21.0000 2.7400 135 214 118
13.8750 -1.5000 6.4500 58 192 185
12.1250 4.0000 6.2700 49 228 163
-1.2500 -5.5000 0.1500 149 152 0
-22.5000 20.5000 2.1500 134 224 90
-16.0000 10.5000 2.0200 168 197 62
-4.3750 20.5000 0.1000 160 133 20
10.0000 1.5000 8.3300 18 186 113
18.6250 10.5000 3.2400 163 107 149
-21.7500 -11.5000 0.1100 198 126 10
-13.2500 -12.0000 0.1000 150 127 14
0.7500 -22.5000 9.3400 14 211 69
9.0000 0.0000 7.1900 29 238 131
-1.0000 23.0000 0.1000 163 103 7
-27.5000 7.5000 7.1300 41 230 152
-23.0000 -18.5000 0.0900 173 81 6
3.5000 -16.0000 4.0600 142 254 12
-26.7500 7.5000 2.7900 144 217 104
-16.5000 -3.5000 0.1100 184 95 16
22.1250 22.5000 5.3400 79 254 126
17.0000 -22.5000 3.9700 223 127 76
22.3750 -14.0000 3.7900 214 102 100
6.1250 18.5000 1.3800 163 201 64
-25.8750 -4.0000 0.1300 150 133 15
5.5000 -14.5000 8.0200 12 196 123
0.0000 -16.5000 2.1500 125 234 63
-24.0000 9.0000 2.3100 159 238 58
5.1250 8.5000 4.2600 126 254 22
0.0000 -23.0000 7.4600 34 214 103
-12.2500 -19.0000 2.7100 188 216 111
19.7500 -17.5000 4.8300 157 215 174
15.2500 -22.0000 3.9700 229 124 67
-23.3750 3.5000 3.0200 165 215 82
-25.5000 14.5000 0.1100 148 111 27
10.7500 -3.5000 5.4200 65 254 133
-16.3750 16.5000 3.1400 172 181 96
4.6250 19.5000 0.1100 160 121 13
-13.5000 -17.5000 1.9700 165 229 88
-19.5000 26.0000 1.6200 149 129 82
-27.5000 5.5000 4.5700 106 254 77
-16.1250 -15.0000 0.1200 150 150 34
-4.8750 -13.5000 0.1100 160 141 0
-22.8750 1.0000 0.1000 138 112 38
6.2500 -17.0000 6.8200 32 203 141
2.7500 -13.5000 8.7400 8 235 107
-26.1250 23.0000 2.1900 140 242 100
21.3750 15.0000 3.3700 159 154 76
-14.8750 17.5000 2.7100 147 190 105
5.3750 -10.0000 7.4900 11 220 133
6.0000 -19.5000 8.7100 20 171 106
20.8750 11.5000 3.5300 176 145 72
17.6250 -18.0000 6.2400 107 145 236
9.2500 11.0000 3.0200 149 184 103
-18.2500 -6.0000 0.0700 178 114 0
21.5000 22.0000 6.8700 47 201 132
-18.3750 -23.5000 5.3700 145 254 124
15.7500 -6.5000 3.7600 234 123 98
-17.3750 24.5000 2.0300 143 173 82
-27.1250 4.5000 7.9600 31 211 146
-9.2500 -13.0000 0.7700 140 157 56
0.0000 -13.5000 4.3900 116 254 56
-12.6250 22.5000 2.5600 146 216 82
16.6250 -3.5000 3.7300 231 139 64
-20.8750 17.0000 2.4700 143 222 108
-0.1250 1.5000 0.4000 147 170 38
9.3750 -9.5000 11.9000 6 138 102
-10.8750 14.0000 0.0900 141 135 19
10.0000 -9.5000 4.0200 160 239 14
12.7500 15.0000 2.9600 141 168 119
-26.0000 10.5000 0.2300 139 130 55
-0.1250 2.0000 1.6000 146 254 46
-2.0000 -23.5000 7.3000 37 222 105
9.5000 4.0000 6.3100 45 236 149
-24.5000 21.5000 1.0000 144 170 14
21.3750 22.0000 6.4200 56 211 136
19.6250 -17.5000 4.9200 152 214 185
-25.3750 -18.5000 0.1100 182 122 0
-25.1250 7.5000 0.2800 126 113 63
12.7500 24.5000 2.9600 148 185 96
-10.5000 24.5000 2.3400 172 186 44
8.1250 9.0000 5.6200 69 254 145
11.3750 -4.5000 5.1700 91 254 134
-23.7500 22.0000 0.9200 154 140 24
-6.2500 14.0000 0.1100 178 140 5
-25.1250 -19.0000 5.6100 136 254 152
10.7500 4.5000 8.1100 19 196 121
15.6250 -20.5000 3.9700 233 132 59
16.8750 -11.5000 3.8200 235 138 91
22.1250 21.0000 5.3800 75 254 123
-14.7500 16.5000 2.4000 137 217 90
-8.8750 5.5000 0.1000 176 122 17
-18.2500 14.0000 2.0800 129 238 69
2.8750 18.0000 0.0900 154 111 25
15.0000 -23.0000 3.9900 214 118 64
-7.8750 7.0000 0.1100 187 145 1
12.0000 -11.5000 7.0100 59 154 205
19.5000 -22.5000 3.9300 235 133 72
7.2500 16.0000 2.1000 172 231 82
19.2500 10.5000 3.3300 168 109 121
19.8750 22.5000 4.9700 92 254 122
19.8750 13.5000 6.5700 39 199 195
17.3750 -12.5000 3.7800 233 111 92
7.2500 -19.0000 7.5700 38 177 142
-10.3750 4.5000 0.1200 166 121 30
-21.0000 -20.5000 5.6100 128 254 151
-2.6250 -3.5000 1.2000 158 225 35
-24.7500 9.0000 3.7800 196 254 0
-6.3750 9.5000 0.1000 175 150 4
13.0000 -14.0000 5.3500 96 229 222
12.5000 -4.0000 5.3100 85 254 159
5.1250 -23.5000 5.0300 95 241 78
18.5000 -22.5000 3.9700 220 127 69
-13.2500 16.0000 0.5000 124 143 37
-9.5000 -23.5000 0.1100 155 114 48
8.8750 -9.0000 13.0500 2 127 95
-23.3750 -5.0000 0.1000 148 118 8
-10.1250 22.0000 0.3100 145 166 0
12.0000 -1.5000 6.8000 37 204 167
-25.0000 -22.0000 5.4500 134 254 156
6.8750 0.0000 5.4100 71 254 151
-2.1250 6.5000 0.1000 165 115 29
11.8750 -11.5000 9.3400 25 138 166
-7.1250 -11.5000 1.8500 156 254 75
-16.1250 -19.0000 1.2800 185 208 57
18.7500 -5.0000 7.1100 96 131 254
-13.8750 25.5000 2.7600 139 208 96
3.8750 19.5000 0.0900 166 94 35
-21.3750 -20.0000 5.5500 129 254 150
-1.7500 -8.0000 6.9500 62 254 129
7.2500 0.5000 2.2100 128 212 89
7.3750 3.5000 8.8800 11 198 92
9.3750 1.0000 5.5700 66 254 147
-19.6250 17.5000 3.4700 177 194 45
-27.3750 9.0000 5.6400 85 254 134
2.6250 9.5000 0.0900 149 101 31
15.5000 17.0000 3.1600 142 159 98
1.6250 -18.0000 10.1000 0 203 97
-24.1250 6.0000 4.8300 108 254 101
-25.5000 -14.5000 0.1100 180 144 0
-14.2500 -19.0000 0.5200 177 148 20
-24.7500 8.5000 5.0200 99 254 135
19.6250 -10.0000 7.1700 103 128 254
3.8750 14.0000 0.0900 157 95 40
21.7500 16.0000 7.1500 39 182 152
5.1250 4.5000 7.2900 37 214 122
-5.2500 -10.0000 0.1500 163 106 24
2.1250 -9.0000 4.5200 107 254 68
5.0000 -21.0000 6.4200 52 199 134
13.2500 3.0000 4.3400 122 254 64
-24.3750 -22.0000 5.4400 134 254 154
0.1250 -0.5000 1.8600 161 236 82
-26.1250 9.0000 3.7700 186 246 0
10.3750 -23.0000 11.4300 54 72 124
5.6250 10.0000 2.5700 132 241 111
-26.3750 13.5000 1.3700 156 231 43
12.5000 24.5000 3.0000 149 183 95
-19.3750 -20.5000 5.6700 130 254 161
-16.6250 -18.0000 1.4800 174 185 56
16.8750 3.0000 3.6700 203 134 88
12.0000 0.0000 6.8400 35 197 180
-8.3750 19.5000 0.0800 148 166 2
13.2500 0.0000 7.2300 25 194 176
-1.8750 -11.5000 3.4100 170 213 75
-26.8750 11.5000 6.0400 83 254 151
20.5000 10.0000 3.3100 175 95 138
21.1250 23.0000 6.5100 51 210 141
4.1250 20.0000 0.1100 169 96 34
14.8750 1.0000 4.1500 152 229 74
-11.8750 -12.0000 0.1400 159 117 0
-9.5000 5.5000 0.2300 177 141 18
-26.5000 11.0000 6.0100 83 254 152
17.3750 21.0000 6.1200 52 247 145
7.8750 -6.0000 2.6200 128 156 85
5.6250 -20.5000 7.8500 28 171 121
-23.6250 -1.0000 0.0800 134 134 6
6.6250 -17.5000 9.1800 9 169 96
-17.8750 7.0000 1.8700 137 227 81
-3.6250 -10.5000 0.0400 136 110 53
-15.2500 14.5000 2.4400 154 184 75
15.3750 -19.5000 3.9800 224 131 64
20.6250 13.5000 4.0600 149 254 27
-26.2500 8.0000 3.9900 161 254 9
17.3750 -23.0000 3.9700 222 128 72
18.7500 9.0000 3.2600 183 90 150
10.1250 14.0000 1.8500 148 166 57
-21.8750 -9.0000 0.1000 182 99 0
-25.2500 -2.0000 0.1000 141 147 16
-2.1250 -13.0000 0.6800 157 171 20
9.8750 23.5000 2.1600 135 254 82
9.0000 -22.5000 12.3000 25 102 78
-24.5000 2.0000 4.7200 105 254 94
-10.0000 -12.5000 2.3800 151 202 80
-13.6250 -16.5000 0.4400 162 174 27
-12.2500 -5.0000 0.1000 159 139 19
17.5000 20.5000 4.7500 99 254 88
13.5000 11.5000 4.5500 110 254 84
-25.1250 8.5000 2.6700 154 231 91
8.1250 -23.0000 12.8400 18 101 74
13.5000 -0.5000 6.1700 53 214 184
20.0000 -18.0000 4.7000 170 210 156
14.8750 8.5000 5.1900 86 254 171
19.0000 21.0000 4.7400 99 254 105
16.6250 -10.0000 3.7900 235 121 104
18.7500 0.5000 7.1800 75 166 254
11.5000 -23.5000 4.1000 190 153 63
-12.3750 -1.5000 0.0900 161 128 20
-21.7500 14.0000 0.1100 129 122 0
-19.3750 6.0000 1.8800 140 232 87
-1.6250 -18.0000 3.0500 146 215 89
12.5000 17.0000 3.4000 157 210 46
17.1250 25.0000 2.6100 130 226 99
-14.6250 -12.0000 0.1000 162 143 13
-5.6250 25.0000 0.0900 154 149 0
4.0000 -17.5000 5.1200 70 254 117
15.1250 16.5000 3.3000 146 176 85
17.0000 -4.5000 3.8000 227 136 87
9.8750 5.5000 6.8600 25 239 145
-7.1250 12.0000 0.3100 170 155 18
6.1250 -6.5000 2.4500 123 158 88
-6.5000 4.0000 0.0900 165 142 16
11.3750 -2.0000 8.8300 10 174 124
-17.6250 23.0000 2.3600 142 202 104
-18.3750 10.0000 1.6100 152 247 64
-3.0000 -3.5000 0.1100 155 132 26
20.8750 -3.0000 7.1400 104 154 254
21.6250 -22.0000 3.9200 229 123 75
3.5000 8.0000 2.6500 144 254 69
-0.7500 -23.0000 3.8900 148 254 0
14.0000 -2.5000 8.0000 21 174 147
20.6250 -4.5000 7.1000 114 127 254
-25.6250 23.5000 1.9600 150 234 85
-15.5000 25.5000 2.0900 133 191 91
6.2500 17.5000 0.4900 145 143 29
-17.2500 -18.0000 0.1100 139 132 17
-12.6250 -21.0000 0.1500 153 128 54
14.2500 -6.0000 3.7400 203 158 68
-21.3750 -16.5000 0.1000 176 117 0
-7.1250 -17.5000 0.1100 150 132 25
0.7500 -7.0000 1.3700 139 208 36
20.2500 24.5000 4.7400 109 254 96
9.5000 10.0000 1.7600 131 156 50
14.7500 13.5000 4.2900 122 254 60
-20.2500 14.5000 1.6400 149 218 27
3.1250 -18.5000 9.2900 3 207 92
-13.8750 -10.0000 0.0900 166 155 14
-24.7500 26.5000 3.1900 144 231 90
-9.0000 3.5000 0.1100 189 125 14
-18.8750 25.0000 1.5800 152 132 83
-17.7500 -23.0000 5.3300 148 254 143
7.8750 -9.0000 3.7300 167 230 0
-3.0000 -21.5000 3.2900 166 207 42
-7.3750 -3.0000 0.1000 173 120 28
-11.7500 1.5000 0.1000 176 145 0
-20.1250 13.0000 0.1100 134 113 0
5.5000 -22.5000 11.1500 17 140 55
8.7500 6.0000 4.9100 85 254 117
-13.8750 8.5000 0.1000 151 126 6
-27.0000 26.0000 2.3100 115 248 102
1.8750 -16.5000 3.0900 148 197 83
-15.3750 25.0000 3.0000 151 183 102
21.3750 22.0000 5.3900 75 254 133
-10.2500 -2.0000 0.1100 176 127 17
9.7500 21.0000 2.3300 143 218 122
-26.6250 13.0000 4.2300 140 254 21
10.3750 -14.5000 10.7100 3 115 118
13.0000 3.0000 6.8500 27 216 179
-12.0000 -14.0000 1.5800 163 219 90
6.0000 2.5000 8.4900 16 210 106
-12.8750 0.0000 0.1100 170 148 16
18.8750 -17.5000 4.8400 153 216 177
4.7500 3.5000 5.9300 59 254 153
-12.6250 24.5000 3.1200 156 210 107
15.7500 18.5000 5.7500 52 254 160
-26.8750 -0.5000 3.2000 163 186 105
17.8750 16.5000 4.4400 111 254 65
-18.5000 14.5000 3.1200 153 203 97
7.3750 -6.0000 2.0400 125 126 62
3.1250 9.0000 3.1100 160 231 66
-25.1250 -3.0000 0.1000 149 137 9
-0.6250 -13.0000 3.9600 168 254 5
-18.7500 -9.5000 0.1000 169 104 0
-26.3750 24.0000 2.2400 135 245 103
19.5000 2.0000 3.8600 215 163 89
20.2500 3.0000 7.2500 68 156 254
12.0000 -7.5000 4.1800 157 230 62
-23.0000 -20.5000 5.3900 146 254 152
-22.7500 3.5000 0.1100 133 129 29
3.0000 -11.5000 3.3100 151 194 70
3.8750 2.0000 7.3700 36 224 102
-20.3750 4.0000 1.4400 153 186 31
-26.8750 2.5000 2.0300 130 220 84
6.2500 5.5000 2.9500 124 207 98
-13.0000 20.0000 1.7700 164 174 24
-0.8750 22.0000 0.1000 156 115 12
9.8750 -6.5000 5.9200 50 235 141
19.8750 -9.0000 7.1500 102 131 254
-19.0000 4.0000 1.3500 171 219 33
21.3750 -12.5000 7.2900 96 111 235
17.3750 -22.0000 3.9800 224 132 74
0.0000 -3.5000 1.0800 153 195 50
4.6250 -15.0000 4.4300 107 254 57
-12.5000 -12.0000 0.3600 160 152 3
16.6250 3.5000 3.7800 195 161 73
16.3750 16.5000 6.8900 21 235 143
-25.3750 -19.0000 5.6000 136 254 152
-26.3750 3.5000 2.4400 131 250 92
14.5000 11.5000 4.1300 137 254 25
-7.1250 -10.5000 0.6100 158 187 31
-13.3750 24.5000 3.0900 147 209 99
7.6250 10.0000 4.2100 137 254 8
22.0000 21.0000 5.1100 83 254 113
12.1250 14.0000 3.7200 163 247 18
-26.1250 7.0000 4.7200 110 254 108
4.5000 -8.5000 4.6600 98 254 74
-14.0000 -4.0000 0.0900 171 119 28
-24.8750 1.0000 2.9100 167 200 119
-12.3750 -15.5000 2.4800 150 250 126
-24.8750 -20.5000 5.3900 138 254 164
-20.7500 0.5000 0.1100 155 117 7
1.8750 -2.0000 3.1800 172 191 50
-24.8750 2.0000 4.7400 103 254 98
-21.7500 -21.5000 5.3500 140 254 140
-6.5000 6.5000 0.1000 176 129 11
-10.1250 -20.5000 0.1100 168 105 32
10.3750 -14.5000 9.7000 10 122 134
17.2500 -5.0000 3.7800 226 128 97
-17.1250 0.0000 0.1100 187 119 0
14.2500 -21.5000 4.0000 218 127 67
6.7500 -7.0000 2.5100 125 158 86
-4.2500 20.0000 0.0900 168 129 15
4.0000 -14.5000 4.0300 145 254 8
-4.1250 -14.0000 1.9400 160 229 48
11.1250 -9.0000 4.4200 118 254 53
11.0000 -0.5000 5.1600 69 254 124
13.6250 12.5000 3.7700 177 245 9
-6.6250 20.5000 0.0900 155 145 29
15.1250 -15.0000 5.0300 120 217 200
1.8750 -3.5000 2.4900 127 238 105
-18.0000 2.5000 0.1200 157 122 23
-12.1250 8.5000 0.0800 174 161 0
6.1250 4.5000 7.9500 19 208 119
10.0000 -6.5000 3.5600 175 165 20
5.0000 -2.0000 2.4400 143 219 75
13.1250 23.5000 3.1700 165 177 71
-20.2500 8.5000 0.3100 145 114 3
-18.5000 2.0000 0.1000 157 124 22
11.2500 21.0000 2.4200 140 219 91
3.8750 -1.5000 3.2200 156 212 71
20.5000 21.5000 5.1500 78 254 133
15.5000 5.0000 4.1500 143 243 43
6.7500 13.0000 0.8500 145 168 25
15.6250 24.5000 2.7200 145 204 81
14.8750 -4.5000 3.7300 216 126 73
17.6250 4.5000 3.5300 194 103 107
-9.8750 -11.5000 1.8500 156 197 61
-22.7500 19.0000 1.0300 138 164 46
-18.8750 -9.5000 0.0900 168 106 0
3.3750 2.5000 1.5100 130 223 56
8.3750 9.0000 5.1100 80 254 139
-26.7500 24.0000 1.9600 142 228 88
7.3750 -13.5000 8.9400 2 175 101
1.6250 -22.5000 7.9100 20 201 98
19.0000 14.5000 6.0000 51 242 195
-8.1250 16.0000 0.0900 162 156 0
0.1250 -14.0000 3.7000 184 226 12
-19.3750 17.0000 3.7200 183 236 14
-23.0000 3.0000 2.9000 154 235 99
19.5000 13.5000 7.4800 20 200 160
6.0000 -21.5000 3.8300 191 196 0
21.1250 15.0000 6.2900 45 207 185
-2.5000 -13.5000 0.6400 144 164 36
-10.1250 20.0000 0.0900 153 186 0
8.8750 17.0000 1.5100 150 175 64
4.3750 1.5000 7.7200 29 215 103
17.0000 -10.0000 3.8000 233 122 104
-2.5000 -1.5000 0.0900 144 132 43
-7.0000 -10.5000 0.5600 159 180 25
-9.1250 -5.5000 0.1000 151 154 43
-24.1250 24.5000 2.7000 127 254 116
4.0000 7.5000 3.8600 171 254 0
4.0000 -19.5000 6.5100 38 230 124
-22.8750 -6.0000 0.2200 159 120 15
13.1250 -8.5000 3.7500 210 136 75
-10.7500 21.5000 0.0900 142 174 0
19.3750 3.0000 3.5600 232 88 125
-7.7500 -22.5000 0.5600 152 148 45
12.8750 -4.5000 5.5300 85 235 179
13.3750 -13.5000 3.8000 205 125 71
-14.3750 20.0000 4.6200 113 254 76
5.8750 -20.5000 6.3300 51 219 142
-3.6250 8.0000 0.1000 168 129 27
-8.1250 -11.0000 0.6000 148 150 51
-25.2500 1.5000 6.1300 65 254 142
17.5000 15.0000 6.8100 28 221 157
8.3750 -9.5000 13.1500 0 131 82
-5.7500 1.5000 0.1000 168 129 17
21.1250 6.5000 3.6000 202 134 106
11.0000 -18.5000 4.0600 192 166 49
19.5000 8.5000 3.3400 194 97 132
3.0000 -17.5000 5.5200 57 254 136
11.7500 -12.0000 10.7300 25 113 144
13.6250 -9.0000 3.7900 208 142 72
3.0000 6.5000 0.1500 131 140 0
16.8750 3.5000 3.5400 202 112 109
5.8750 -19.0000 6.0900 61 236 134
17.2500 12.5000 5.3400 72 254 166
16.1250 -15.0000 3.8000 228 121 54
21.1250 -13.5000 3.7500 225 90 103
6.1250 -19.5000 8.9100 18 169 99
17.3750 -19.5000 4.8400 156 213 190
16.0000 -11.0000 3.8000 237 133 95
-10.6250 -12.5000 0.7200 144 191 69
-25.1250 0.5000 0.0900 124 110 38
6.0000 12.5000 0.6900 152 151 4
2.6250 5.5000 0.1500 132 140 0
-17.2500 -7.0000 0.1200 178 119 6
-23.2500 -18.0000 0.1200 179 110 0
-20.5000 -7.5000 0.1100 187 113 0
7.8750 -0.5000 2.5000 124 224 92
-15.5000 26.5000 1.6600 148 150 55
-18.2500 22.0000 1.6600 146 157 55
-14.0000 23.0000 3.0400 154 192 80
22.1250 6.0000 3.5100 187 105 128
15.3750 -20.0000 3.9900 227 136 63
-0.1250 -18.5000 9.6600 0 213 105
10.7500 -6.5000 4.6700 91 254 75
13.7500 14.0000 3.4100 163 205 54
17.2500 16.5000 7.8100 16 212 136
19.8750 -15.0000 3.7700 240 109 66
-25.8750 -0.5000 0.1300 125 117 39
7.1250 -11.0000 11.5200 0 167 81
17.0000 21.0000 6.3700 44 243 148
13.6250 19.0000 3.2100 143 188 68
7.7500 1.0000 2.6100 121 233 89
-0.3750 -19.5000 9.1900 6 215 85
-0.8750 -5.5000 1.0300 141 197 32
-25.7500 -19.0000 5.6200 135 254 153
11.3750 -11.0000 7.8300 33 176 164
3.0000 0.0000 3.5300 179 230 1
5.6250 7.5000 3.9100 163 254 0
15.8750 -6.0000 3.7800 235 129 94
13.2500 17.0000 3.2400 150 202 75
20.2500 16.5000 8.1100 18 192 148
21.3750 -19.5000 4.6900 177 194 149
17.5000 -8.0000 7.1300 90 150 254
-4.6250 -16.5000 0.1400 141 142 0
14.6250 -12.0000 3.8100 214 138 82
20.3750 -11.0000 7.1700 97 112 254
-4.8750 1.5000 0.0900 168 134 16
-25.6250 3.5000 7.1400 28 252 161
-20.6250 25.0000 1.6200 140 164 82
13.1250 13.5000 3.5500 166 222 35
9.2500 -4.0000 4.6900 93 254 87
14.8750 -6.5000 3.8000 213 140 88
-24.5000 2.0000 6.1800 51 254 150
20.5000 -5.0000 7.1200 113 126 254
12.3750 -12.0000 10.4800 23 115 149
4.5000 3.0000 5.1500 78 254 127
-26.5000 6.0000 6.1500 64 254 157
21.8750 -8.0000 7.1700 112 107 254
3.6250 1.0000 7.6800 24 217 110
16.3750 -4.5000 3.7500 228 123 95
9.3750 6.5000 4.7700 91 254 101
6.3750 8.5000 3.4700 189 181 26
-8.2500 -17.0000 0.0800 154 100 20
6.3750 -11.5000 10.1500 0 182 95
-15.6250 -3.0000 0.1100 179 100 0
2.6250 -20.0000 9.9100 4 186 75
6.7500 -1.0000 7.1100 29 252 132
3.6250 -4.5000 2.9700 139 192 101
4.8750 15.0000 0.0800 155 97 36
14.8750 -18.5000 4.5000 159 203 140
-1.3750 -11.5000 4.8800 112 254 111
-27.0000 -10.0000 0.1200 165 151 3
15.6250 15.0000 3.6700 173 214 20
0.1250 -22.0000 7.6700 19 230 110
-2.1250 -11.5000 3.2800 167 209 88
14.3750 7.0000 6.0000 58 221 182
22.0000 17.0000 7.9400 33 184 131
15.8750 0.5000 3.4500 210 89 97
5.1250 -2.0000 2.1500 150 205 67
-26.6250 -18.0000 5.6600 127 254 132
6.1250 4.5000 7.7600 20 210 125
-10.8750 -18.5000 0.3900 148 143 35
-25.5000 4.0000 6.0500 65 254 159
17.2500 19.0000 8.6600 17 189 113
3.0000 -0.5000 6.4500 47 254 140
10.3750 -11.5000 10.0900 0 148 123
-1.8750 -12.5000 3.9300 159 254 24
-17.2500 -22.5000 5.4300 143 254 155
-15.6250 9.5000 0.1100 143 127 11
-14.2500 -1.5000 0.1000 184 129 0
-15.3750 14.5000 2.5000 154 185 83
7.7500 -10.0000 11.4700 0 167 86
-0.5000 -6.5000 6.4500 60 254 130
-9.7500 -10.5000 1.6700 173 166 55
17.1250 0.0000 3.8800 207 174 63
-22.3750 11.5000 0.1000 140 118 0
14.0000 2.5000 4.3400 124 254 64
15.7500 8.0000 4.9800 91 254 157
20.5000 3.0000 7.1300 73 157 254
-6.3750 -11.0000 0.3400 156 150 5
-19.5000 -5.0000 0.1000 163 130 6
12.6250 -2.5000 5.7300 74 231 182
-4.3750 2.5000 0.0900 163 109 39
9.6250 9.0000 5.0100 81 254 130
18.5000 18.5000 5.8600 55 254 175
7.2500 -3.5000 6.0400 49 248 159
-1.8750 6.0000 0.0900 164 114 28
-22.7500 16.0000 0.1000 129 126 26
-20.6250 -3.5000 0.0900 171 131 0
1.8750 -5.0000 2.4800 133 244 92
11.0000 11.5000 4.1100 142 254 0
8.7500 -11.5000 11.6600 2 125 102
-6.7500 -13.5000 2.2000 162 241 97
3.7500 2.5000 7.3800 36 225 106
19.5000 -17.5000 4.7600 161 215 165
-9.6250 -5.5000 0.1100 150 158 44
-13.8750 -9.5000 0.1100 155 136 41
19.7500 -16.5000 5.4500 125 197 215
5.5000 3.0000 3.9100 160 254 0
4.0000 -6.5000 3.8600 170 250 0
10.8750 0.0000 5.6900 59 249 141
5.5000 5.0000 3.9900 148 254 2
12.2500 17.0000 3.5600 165 222 13
7.6250 11.0000 3.6500 182 221 31
18.0000 -18.5000 4.6000 168 199 151
7.0000 4.0000 1.0500 130 145 28
13.8750 -11.0000 3.8000 211 148 70
22.2500 2.0000 7.0800 96 150 244
-2.0000 -8.5000 6.7700 64 254 138
4.3750 -20.0000 7.2300 23 213 105
4.1250 6.0000 2.8200 158 210 92
6.7500 -19.0000 7.5900 26 189 117
-13.2500 -16.0000 1.2700 154 221 85
21.5000 -11.5000 7.2200 100 107 249
12.5000 1.5000 6.4300 47 210 167
-14.6250 12.0000 0.9800 156 205 23
4.1250 -11.5000 7.2300 7 248 140
21.6250 -19.0000 4.4100 191 182 104
11.5000 -13.5000 6.1800 61 192 201
9.6250 21.5000 2.3400 141 219 123
6.3750 26.5000 0.0900 146 130 43
21.2500 2.0000 7.0900 93 151 250
14.1250 -22.0000 4.0000 217 125 69
22.3750 22.0000 5.7200 70 254 131
13.6250 -9.0000 3.7700 209 138 73
-13.3750 10.5000 0.1500 146 136 32
21.7500 20.0000 5.4500 72 252 136
-22.0000 18.5000 1.0500 146 173 30
14.8750 20.0000 3.1400 149 184 84
7.6250 -13.0000 12.0000 0 147 75
-4.6250 -1.0000 0.1100 184 127 0
4.0000 4.5000 4.6900 103 254 79
-11.7500 2.0000 0.1000 190 141 0
-9.8750 -5.0000 0.1100 149 161 46
9.5000 5.5000 4.4000 113 254 38
7.8750 -1.5000 6.7100 35 240 144
-24.5000 -1.0000 0.1000 127 112 33
-26.7500 24.0000 0.1100 125 95 40
9.5000 -10.5000 6.3400 54 201 171
-26.7500 2.5000 2.9900 149 205 114
13.1250 2.0000 5.0400 79 254 156
1.6250 -22.5000 7.6200 20 206 103
-23.6250 -16.0000 0.1000 181 137 0
9.3750 -9.5000 6.0200 52 228 163
-13.1250 14.5000 0.0700 131 142 25
0.8750 -17.0000 2.4300 126 235 75
-4.3750 19.5000 0.1000 164 137 9
17.8750 -18.0000 6.3100 112 148 221
22.3750 8.0000 3.6100 186 137 99
19.1250 18.0000 8.1900 7 206 146
-10.2500 -19.5000 0.1000 153 125 47
5.5000 1.0000 8.5900 17 236 95
16.7500 16.0000 4.1600 132 254 18
11.2500 18.5000 3.1400 148 191 82
-24.6250 2.0000 1.8900 136 254 49
-13.1250 -23.0000 5.6400 130 254 151
17.5000 24.5000 3.5900 204 203 16
6.5000 3.0000 5.1600 76 254 133
22.1250 17.5000 7.6700 37 181 136
10.5000 22.0000 2.3700 129 240 103
20.3750 -21.0000 3.9500 240 144 64
0.5000 -10.5000 4.0300 149 254 16
14.3750 0.0000 4.6300 104 253 108
-5.1250 -20.5000 1.9400 143 230 60
-9.2500 8.0000 0.0900 187 152 0
15.5000 18.5000 3.3100 158 168 71
3.5000 -3.0000 2.4900 140 218 91
-16.6250 24.5000 2.2100 149 194 99
6.2500 19.0000 0.9100 156 189 48
10.8750 18.5000 2.9200 139 199 118
6.7500 0.5000 3.9700 141 254 4
14.5000 6.0000 3.9700 160 233 20
-13.1250 -22.0000 0.4500 184 133 28
4.6250 1.5000 5.1000 81 254 121
-19.6250 25.0000 1.6400 153 133 82
-14.3750 6.5000 0.0900 143 126 21
10.1250 -15.0000 10.6900 3 116 119
6.1250 -9.0000 2.9300 125 167 82
-20.2500 16.5000 2.7000 142 208 103
4.0000 -14.0000 4.9000 76 254 115
-6.6250 26.0000 0.1200 142 163 13
-3.0000 -19.0000 3.3300 182 204 51
6.7500 4.0000 7.2000 29 232 133
0.1250 13.0000 0.0900 155 149 12
-0.3750 -16.5000 1.7300 131 214 42
10.0000 -20.0000 4.0400 206 193 38
19.5000 7.0000 3.3900 198 87 150
-17.2500 9.5000 0.2400 134 127 44
-19.1250 17.0000 3.7800 181 251 7
-17.3750 -2.0000 0.1100 166 119 25
-3.3750 -17.5000 2.5200 132 241 104
10.6250 9.5000 2.7500 131 184 114
-7.8750 -11.0000 0.1200 136 115 39
12.2500 -9.5000 6.7600 62 176 208
-18.1250 26.5000 1.6000 146 131 77
17.7500 15.0000 6.4900 32 234 167
-27.6250 10.0000 4.6600 115 254 85
16.0000 16.5000 6.5600 29 242 150
-10.1250 14.5000 0.0900 166 143 10
21.2500 -19.5000 4.6000 182 191 137
-25.1250 -22.0000 5.4100 136 254 154
-16.1250 -2.5000 0.1200 177 109 6
10.8750 16.5000 3.6800 173 227 4
18.6250 21.5000 4.9400 89 254 123
15.6250 -5.5000 3.7700 233 127 92
18.5000 2.5000 3.7400 225 130 102
17.2500 11.5000 4.4700 112 254 78
-11.0000 13.5000 0.0900 161 149 8
11.6250 -22.0000 4.0700 201 157 61
5.0000 15.5000 0.1200 144 104 30
-22.8750 13.0000 0.1000 146 107 7
5.2500 5.0000 5.6400 72 254 144
-20.2500 -1.5000 0.1100 179 121 0
3.1250 -22.0000 3.6200 188 173 0
-8.5000 14.5000 0.1000 176 131 0
10.7500 4.5000 8.0200 20 195 124
8.8750 -9.5000 12.8000 6 129 94
4.3750 22.0000 0.0900 173 113 32
11.6250 -0.5000 6.7500 43 199 165
-13.8750 -6.0000 0.1100 179 116 35
19.1250 22.0000 4.8600 95 254 111
-26.3750 1.5000 0.3900 130 125 28
-20.8750 23.5000 1.5600 148 164 69
4.8750 9.5000 5.1500 90 254 120
10.5000 19.5000 2.0600 135 205 82
9.7500 14.5000 1.9600 147 175 69
-14.1250 24.5000 2.9600 149 192 96
-23.6250 11.0000 0.1200 159 98 10
-16.3750 13.0000 1.7900 143 204 38
7.6250 10.5000 3.2200 162 166 64
-26.8750 14.5000 0.1300 127 124 54
3.8750 -9.0000 4.9200 79 254 111
-17.0000 8.5000 0.4400 146 141 24
-19.8750 8.0000 1.5300 150 216 72
12.3750 -1.5000 7.6700 18 192 152
11.6250 6.5000 4.5800 103 254 96
-10.2500 -10.5000 0.9500 150 219 39
18.2500 -15.0000 3.7100 241 92 79
-25.7500 -12.0000 0.0900 184 136 0
-6.5000 -5.5000 0.1000 162 139 15
17.0000 -8.5000 7.1900 83 144 254
20.7500 20.0000 5.0300 83 254 123
6.3750 25.0000 0.0900 136 122 45
9.3750 -21.5000 4.0500 202 193 33
-23.8750 9.5000 3.8700 186 254 0
14.3750 -13.5000 3.8100 209 132 92
4.8750 -10.0000 7.5600 9 233 124
-12.0000 2.5000 0.1100 191 143 0
-18.2500 -10.5000 0.0800 178 125 2
-23.7500 -18.5000 5.3100 138 254 104
3.1250 22.5000 0.0900 174 101 44
14.1250 12.5000 3.9900 154 254 13
-23.6250 7.5000 0.1900 156 129 21
16.0000 11.0000 4.9700 87 254 150
12.1250 4.0000 6.2300 50 229 163
13.8750 17.5000 2.3200 137 138 74
4.1250 8.0000 3.7100 181 253 0
9.0000 -1.5000 3.5800 154 218 11
10.0000 0.0000 3.0000 138 194 82
6.7500 13.5000 0.9600 155 182 26
13.7500 -9.5000 3.8000 205 145 70
21.0000 19.5000 5.0200 86 254 127
-5.6250 26.5000 0.1000 152 146 5
2.6250 -13.0000 4.1800 130 254 10
-24.2500 3.5000 0.1200 137 103 24
-8.6250 -17.0000 0.1000 153 102 20
-4.3750 12.5000 0.1000 163 121 10
-8.6250 -10.0000 1.7000 163 215 29
-17.3750 8.0000 1.7600 157 244 65
-2.6250 -19.0000 3.1700 158 207 75
-8.7500 -18.5000 0.1500 159 101 15
-22.8750 -19.5000 3.6500 229 223 15
5.7500 -11.0000 7.8900 11 208 123
-19.6250 24.0000 1.7500 152 159 87
12.8750 -5.5000 5.0800 100 254 170
-0.6250 -14.0000 4.1800 135 254 27
11.7500 17.5000 3.4800 157 213 33
11.8750 23.0000 2.9500 148 193 93
-26.8750 11.0000 3.7800 178 238 17
-15.0000 -8.5000 0.1100 164 123 30
6.1250 16.0000 1.8400 154 227 82
-24.5000 -19.5000 5.5600 135 254 168
18.5000 1.0000 3.6100 234 85 101
-21.8750 -18.0000 0.1300 181 112 0
5.6250 -5.0000 1.9700 121 136 67
-0.6250 -16.5000 3.1200 150 197 98
5.6250 18.5000 0.0900 144 102 28
2.1250 -14.5000 3.9600 157 254 16
-11.7500 -0.5000 0.1100 174 137 7
-12.6250 -21.5000 0.3700 161 143 42
4.3750 -23.0000 5.8000 69 222 111
6.2500 -9.5000 3.9000 151 254 0
0.8750 -23.0000 7.6400 26 218 94
6.1250 12.5000 1.6900 139 234 80
19.2500 8.5000 3.2800 188 92 144
-24.8750 3.0000 0.4300 146 123 31
14.8750 -5.5000 3.7800 225 128 92
20.0000 -17.5000 4.7700 162 212 165
14.6250 -9.5000 3.7700 219 117 68
-9.6250 6.5000 0.1000 171 135 25
-1.1250 -20.0000 9.0100 10 240 90
17.7500 12.5000 5.4200 63 254 175
3.2500 2.5000 3.3700 169 192 59
-10.5000 25.0000 2.6800 160 197 81
2.5000 -14.5000 3.1300 141 184 98
-14.3750 20.5000 3.4000 193 216 38
-1.0000 -13.0000 4.1900 146 254 28
12.5000 -5.0000 5.3300 89 245 176
-25.8750 -0.5000 4.0400 170 254 1
9.6250 -16.0000 4.5100 117 240 84
-24.7500 7.5000 2.4000 155 216 87
-2.5000 -21.5000 3.7200 178 244 0
-22.7500 11.0000 0.1100 146 118 9
14.0000 -12.5000 3.8300 209 155 70
1.8750 -5.0000 2.4400 134 246 91
13.3750 26.5000 2.7300 138 192 81
-2.1250 -21.5000 3.9100 162 254 0
-7.0000 18.5000 0.0900 161 141 18
14.6250 -6.0000 3.7800 223 127 95
-24.2500 8.5000 3.8200 193 254 0
10.7500 16.0000 3.3600 170 190 44
-9.0000 -22.0000 0.0600 163 93 28
3.3750 -14.0000 3.6000 173 196 30
-15.1250 -19.5000 0.5400 180 141 17
-1.5000 -2.0000 1.1900 169 244 19
-4.0000 16.0000 0.1000 179 139 3
16.2500 0.5000 3.5900 218 107 77
21.8750 11.0000 3.2800 160 96 135
-27.2500 -23.0000 5.4300 144 254 123
8.7500 1.0000 2.4100 137 183 88
-16.1250 -13.0000 0.0900 171 132 38
1.3750 -10.5000 3.6400 183 224 9
-17.6250 4.5000 0.1600 159 143 16
-6.7500 -9.5000 0.8100 150 226 55
-17.2500 13.0000 1.4800 138 250 36
6.3750 -21.0000 10.2800 5 157 71
8.1250 -4.0000 8.3700 14 212 101
11.3750 10.0000 4.0500 150 254 0
-6.5000 2.5000 0.1000 168 138 14
10.7500 1.0000 6.8200 37 229 132
-24.6250 5.5000 4.1700 142 254 2
11.7500 -3.0000 8.7700 15 161 127
8.7500 -23.5000 12.1800 27 102 77
11.3750 -4.0000 5.0900 83 254 123
-27.2500 9.0000 6.0000 82 254 135
12.3750 -11.0000 7.0800 59 152 207
2.5000 21.0000 0.1000 167 103 42
17.2500 -16.0000 6.5800 93 118 219
-12.2500 25.5000 3.2000 156 212 97
-10.0000 -12.0000 1.1100 165 179 53
16.3750 -10.0000 3.7900 235 121 87
-7.2500 -13.0000 2.6400 138 227 129
10.0000 -20.5000 4.0500 207 195 36
-0.3750 -2.5000 1.9800 148 238 63
-23.1250 -15.5000 0.1600 173 144 0
0.6250 -19.0000 9.0300 9 201 101
5.1250 16.0000 0.0900 165 123 2
-24.0000 24.5000 2.6900 127 254 114
-26.6250 12.0000 1.1000 162 238 17
-24.1250 9.5000 3.8500 189 254 0
3.1250 -1.5000 2.7200 129 246 88
7.8750 -5.5000 5.6500 58 254 138
9.8750 -11.0000 6.4500 51 198 173
1.2500 24.0000 0.1000 174 109 0
-8.2500 3.5000 0.1100 189 125 13
4.8750 1.0000 2.6800 126 239 87
15.5000 -14.5000 3.8300 222 130 59
-3.2500 19.0000 0.0800 173 115 20
10.2500 0.5000 2.8400 132 204 85
15.6250 -21.0000 3.9900 232 137 61
9.2500 -4.0000 4.8100 86 254 101
-23.6250 3.5000 0.1100 136 107 23
6.3750 -1.0000 2.6600 119 245 99
-27.1250 14.0000 2.8900 140 254 106
-19.5000 -3.0000 0.1000 166 126 29
10.5000 -23.0000 4.1200 187 161 66
15.6250 -12.0000 3.7800 239 128 91
6.6250 -17.5000 4.0400 151 241 0
-16.7500 25.5000 1.6500 159 140 48
-4.7500 23.5000 0.0900 160 134 0
-5.1250 -19.5000 0.1200 156 71 21
12.8750 3.5000 7.0700 22 211 175
13.3750 -1.0000 5.7900 62 232 179
-14.6250 -16.0000 0.1000 167 110 7
-20.0000 17.0000 3.0800 152 197 91
13.0000 4.5000 3.9000 166 222 28
2.1250 -3.0000 2.7300 128 226 100
8.2500 10.5000 3.0500 144 172 82
-13.8750 20.5000 3.0500 164 199 83
5.0000 -21.0000 6.6800 45 190 128
22.3750 -11.0000 7.1900 113 108 254
19.0000 -18.0000 4.5800 172 212 136
-4.1250 -16.0000 2.1100 143 218 80
10.2500 -0.5000 3.6200 176 197 12
14.6250 -20.0000 3.9500 234 128 71
-21.0000 -1.5000 0.0900 179 117 0
-9.2500 -22.0000 0.1000 165 99 31
22.0000 -20.0000 4.4500 189 182 112
-10.1250 25.0000 2.8300 161 201 91
-26.7500 -17.5000 0.0900 178 134 0
19.0000 9.5000 3.2900 186 93 146
4.1250 -18.5000 7.5300 15 214 120
-2.2500 -17.5000 2.8300 134 233 106
8.8750 23.0000 1.1400 143 248 23
1.3750 -16.0000 7.0100 28 248 136
14.5000 1.5000 4.7400 102 251 125
-21.2500 18.0000 3.2100 173 203 92
8.6250 0.5000 7.3300 30 233 129
-16.5000 24.5000 2.7500 138 222 123
21.6250 -11.5000 7.1900 102 106 247
-11.6250 -7.5000 0.1100 152 143 28
21.8750 4.5000 7.1300 80 159 225
-1.0000 3.0000 0.0900 153 125 38
6.1250 -22.5000 11.1700 19 139 54
-17.5000 20.0000 3.0000 151 186 122
21.0000 -20.0000 4.5500 184 190 132
-6.2500 -7.5000 0.3600 151 165 52
18.5000 -6.5000 7.1400 97 131 254
-26.0000 0.5000 2.1200 156 186 89
-26.3750 -0.5000 5.1700 96 254 137
-7.3750 -21.5000 0.5900 155 147 43
20.0000 18.5000 5.2900 71 254 160
-18.5000 -5.5000 0.1000 178 121 0
-1.7500 -18.0000 2.6700 135 236 88
19.7500 -20.0000 4.5100 189 193 144
9.6250 -3.0000 6.2500 51 215 154
-4.1250 21.0000 0.0900 172 137 3
14.8750 9.5000 5.0600 90 254 161
-0.3750 -20.5000 9.2900 4 217 84
16.3750 4.0000 3.5800 199 120 104
9.1250 15.5000 2.0000 144 181 77
16.1250 16.5000 6.8600 22 236 146
9.3750 -7.5000 3.5300 179 156 43
-15.2500 -23.0000 5.5500 121 254 157
-13.7500 17.5000 2.5700 144 197 87
11.6250 5.0000 7.9200 18 193 140
-26.3750 6.0000 0.3100 132 125 47
20.5000 13.5000 5.6900 72 240 185
-11.7500 -10.5000 0.1100 152 121 9
2.6250 -3.0000 2.8900 128 217 123
21.6250 -11.5000 7.1700 103 107 247
4.5000 5.0000 4.5800 113 254 63
-0.6250 -6.5000 5.1000 95 254 121
-26.1250 5.5000 7.1100 37 232 140
22.3750 -19.0000 4.5100 186 187 118
5.1250 -1.0000 2.8800 131 232 86
-16.2500 18.5000 3.9300 170 254 10
6.2500 -20.5000 8.2200 21 171 122
-9.1250 24.0000 0.8200 155 169 11
13.8750 25.0000 2.6100 140 193 84
21.7500 -17.5000 6.2000 121 141 203
3.7500 -20.0000 8.2700 13 199 94
-26.2500 -16.0000 0.0800 170 130 0
1.5000 -11.5000 9.6100 14 228 100
18.1250 13.5000 7.3300 24 194 168
2.0000 -13.5000 3.2300 156 191 71
-22.5000 -17.5000 0.1000 177 114 0
0.0000 5.5000 0.0800 144 101 43
2.8750 5.5000 2.0100 158 228 59
21.0000 -2.5000 7.2000 105 151 254
2.0000 9.5000 0.0900 153 130 20
20.2500 24.0000 4.8100 105 254 104
5.8750 -22.5000 11.1300 18 139 54
9.2500 20.5000 2.2200 146 218 117
1.1250 -5.0000 1.7700 136 222 51
7.5000 -11.5000 12.8500 0 156 67
-12.5000 6.0000 0.1000 166 148 17
17.0000 18.5000 8.8100 6 197 108
21.0000 19.5000 5.1000 82 254 133
7.5000 -13.5000 10.7400 0 162 89
-20.5000 -12.5000 0.0800 198 124 9
7.3750 -12.0000 12.9400 0 155 66
19.1250 16.5000 8.0000 11 208 148
10.8750 3.5000 7.7900 15 194 120
-23.3750 5.0000 3.6700 193 238 27
11.0000 7.0000 3.8700 159 245 0
4.0000 -22.0000 5.6600 54 254 117
6.7500 -22.5000 12.0100 14 132 68
4.3750 -15.5000 4.7900 81 254 101
15.5000 -4.0000 3.7200 228 136 63
-11.8750 -4.0000 0.1200 167 135 10
4.6250 -16.5000 4.4200 111 254 39
-3.3750 -8.5000 0.1300 155 118 36
18.3750 21.0000 4.6800 101 254 98
-11.7500 -4.5000 0.1000 158 139 18
10.6250 20.5000 2.2500 142 208 104
-18.3750 -21.0000 3.7200 229 222 31
12.0000 -12.5000 3.7900 210 151 69
-6.0000 17.5000 0.0800 168 123 6
9.3750 -9.5000 3.8500 179 210 14
16.0000 -22.0000 4.0100 229 136 64
7.1250 3.5000 9.1800 6 194 90
-18.7500 2.0000 0.1000 156 126 23
-1.7500 -20.5000 3.7400 175 248 0
21.2500 -6.5000 7.1400 112 106 254
4.7500 -4.5000 3.6100 174 218 9
8.6250 7.0000 4.5300 107 254 56
18.7500 12.5000 5.9700 60 231 200
-15.3750 19.5000 3.2000 175 199 72
4.2500 9.5000 4.3600 120 254 22
12.7500 23.0000 2.7300 145 194 97
-2.0000 -23.0000 11.0900 9 176 56
7.6250 9.0000 5.1400 87 254 131
-0.3750 -8.5000 7.3500 38 254 121
-0.1250 -14.0000 4.0300 151 254 8
16.1250 7.5000 4.8800 95 254 140
21.2500 12.0000 3.4300 165 128 95
-18.8750 18.0000 3.7700 183 247 10
14.6250 18.5000 2.9100 137 170 101
13.0000 -0.5000 5.1200 82 254 162
-26.5000 -6.5000 0.0900 149 125 24
13.2500 10.0000 4.8700 95 254 124
14.1250 -13.0000 3.7900 211 135 71
8.3750 -5.0000 6.3000 40 238 129
-17.3750 24.5000 1.8800 147 162 74
-25.2500 -0.5000 3.9600 182 254 0
15.3750 -21.5000 3.9900 230 134 64
4.2500 12.5000 0.1000 138 105 34
-23.2500 13.5000 0.1100 159 111 1
-21.1250 24.5000 2.3300 163 199 91
22.2500 -21.5000 3.8800 228 113 76
5.5000 13.0000 0.3500 138 123 26
8.7500 6.5000 5.6200 67 254 152
11.2500 7.0000 6.5700 31 234 145
-13.6250 -17.0000 1.4200 156 254 82
9.5000 8.0000 4.9400 83 254 121
-20.7500 -20.5000 5.6400 127 254 150
-3.3750 15.5000 0.0800 181 144 0
8.0000 -18.5000 7.7000 40 161 146
16.8750 0.5000 3.7100 217 132 68
-22.6250 19.0000 0.9600 136 162 44
13.1250 -3.5000 6.9500 33 197 170
11.6250 19.5000 2.8700 132 188 99
-14.2500 4.0000 0.1100 169 137 6
-9.3750 25.5000 2.7100 145 213 88
13.3750 -8.0000 3.7800 205 139 79
19.0000 -23.0000 3.9200 232 127 78
16.2500 -9.0000 7.2300 78 148 254
12.8750 23.5000 2.8500 147 192 97
18.2500 3.0000 3.7000 224 119 107
13.5000 -19.5000 4.0200 217 146 70
9.2500 12.5000 1.4300 147 154 26
11.5000 -13.5000 9.2200 22 141 153
6.6250 -9.0000 4.2000 120 254 14
-1.8750 -15.0000 2.4800 156 244 62
6.6250 -19.5000 6.9200 42 196 132
13.3750 -9.0000 3.7600 210 137 73
-21.1250 -20.0000 5.7200 124 254 154
19.6250 -5.0000 7.1200 97 128 254
5.0000 -2.0000 2.4600 143 219 76
20.3750 9.5000 3.3700 188 105 131
4.2500 -10.0000 4.2400 119 254 11
15.5000 -5.0000 3.7700 228 127 92
-2.7500 2.5000 0.0900 177 118 32
6.3750 2.0000 5.8600 51 254 145
-15.8750 24.0000 3.0900 159 176 95
-5.0000 -5.5000 0.0900 162 134 10
19.0000 12.5000 6.5900 40 197 201
5.7500 24.5000 0.1000 138 125 46
-22.5000 -13.0000 0.0900 182 135 15
1.3750 3.0000 6.0100 76 254 142
0.0000 -8.5000 6.1600 57 254 157
-26.2500 1.0000 0.3100 129 118 26
-2.5000 7.5000 0.0900 170 121 20
2.0000 -14.0000 3.4600 168 197 52
-25.6250 26.5000 3.2200 141 225 93
-15.1250 -5.5000 0.1000 182 108 38
18.2500 -8.0000 7.1200 107 134 254
6.1250 18.0000 1.5200 166 205 69
-1.7500 -23.5000 7.8100 39 209 90
5.6250 10.5000 2.3400 135 241 102
20.0000 -8.5000 7.1400 103 130 254
9.5000 -14.5000 10.2900 4 118 125
-4.8750 4.5000 0.0900 180 121 0
0.7500 -7.5000 5.5600 72 254 143
3.8750 -18.5000 8.5100 10 210 92
-27.2500 9.0000 0.2900 130 141 55
8.5000 13.5000 1.3500 155 138 40
17.3750 -16.5000 5.7600 99 189 205
4.1250 -12.0000 7.3500 5 245 139
12.6250 -17.5000 4.4800 152 208 127
-18.5000 -21.0000 0.6700 181 134 21
8.7500 -16.5000 9.5600 13 133 114
5.5000 -20.5000 6.7000 43 202 135
-2.6250 3.0000 0.0800 176 114 32
8.3750 -1.0000 3.0200 131 211 87
20.5000 -12.5000 7.1600 92 115 247
-14.2500 -21.0000 0.1800 178 107 13
9.1250 -9.0000 5.9800 53 232 164
-27.5000 3.5000 1.7700 132 223 69
19.6250 -7.5000 7.1300 107 130 254
7.5000 -5.5000 2.3100 125 137 76
-2.7500 25.5000 0.0900 169 118 7
9.1250 -10.5000 11.4400 0 142 100
-25.8750 26.0000 3.3000 153 211 87
-25.8750 3.0000 7.1500 30 249 159
-11.5000 -17.0000 1.9600 164 220 94
-1.5000 -22.5000 4.2500 121 254 0
2.1250 -23.0000 11.7100 13 154 41
-11.1250 -12.5000 0.5600 157 180 27
6.2500 -12.5000 11.6200 0 168 80
-26.2500 0.0000 5.2500 89 254 143
4.2500 0.0000 7.7200 23 217 111
16.5000 18.5000 9.1100 0 195 109
11.8750 -0.5000 6.6800 40 197 177
-23.1250 23.0000 2.4200 143 253 109
-9.0000 20.0000 0.0600 155 174 0
7.7500 1.0000 7.2100 28 241 122
19.3750 -2.5000 7.3100 91 155 254
-8.6250 -8.5000 0.1300 146 140 54
3.1250 -8.5000 4.0700 142 254 0
-0.7500 -15.5000 4.4500 118 254 47
18.7500 -11.5000 3.8100 241 127 105
0.2500 -19.5000 8.9800 5 216 87
-2.8750 13.5000 0.1400 176 125 12
-22.8750 -14.5000 0.0800 177 130 0
-26.3750 25.5000 2.8200 113 254 123
-27.6250 19.0000 0.1100 125 133 22
9.3750 14.0000 1.9500 147 177 68
-11.0000 14.0000 0.0700 140 135 20
3.2500 -19.0000 8.6500 14 197 89
-21.8750 17.5000 0.1300 134 145 14
13.0000 -2.0000 8.8100 12 157 132
-7.6250 -12.0000 2.0700 155 212 53
-19.2500 5.0000 1.8700 162 197 55
6.3750 22.5000 0.0900 135 118 39
-23.1250 25.0000 2.8600 153 245 98
-27.1250 10.5000 0.3700 136 159 60
-1.3750 26.0000 0.0800 172 131 0
0.6250 -21.5000 9.3700 5 214 77
19.2500 1.5000 7.2500 79 155 254
2.8750 -12.0000 3.4300 164 194 40
-18.0000 -13.0000 0.1700 183 137 0
-12.6250 4.5000 0.1000 164 139 14
14.5000 10.0000 5.0700 84 254 156
2.8750 -8.0000 4.3000 122 254 24
14.3750 9.5000 5.1700 80 254 163
10.2500 1.0000 2.9600 132 197 86
-15.3750 21.5000 2.7900 152 190 109
-7.7500 -10.5000 1.5900 158 248 27
-5.3750 8.5000 0.0300 177 130 0
10.6250 -18.5000 4.0800 178 189 44
-2.2500 6.0000 0.0900 166 114 27
8.3750 -6.0000 6.6900 32 223 143
-2.1250 18.5000 0.1100 175 116 0
-17.7500 6.0000 1.6000 146 212 69
14.1250 -13.0000 3.8100 209 141 70
-16.0000 -21.5000 0.1300 175 110 22
14.0000 -12.5000 3.8300 209 155 70
15.1250 6.5000 4.4100 117 252 85
16.3750 -3.5000 3.7100 232 136 65
4.5000 -14.0000 4.1000 133 254 17
1.8750 -9.0000 3.9600 164 254 0
12.6250 16.0000 3.1100 141 188 104
-0.3750 -23.0000 6.8200 40 239 114
-27.5000 26.0000 1.0400 121 141 88
17.8750 18.0000 8.7500 14 197 127
17.0000 2.5000 3.5600 203 113 103
19.1250 -5.5000 7.0900 95 132 254
-8.7500 9.0000 0.1000 190 150 0
-1.1250 12.5000 0.0900 162 140 9
15.3750 -15.0000 6.2400 91 150 233
-26.5000 -18.0000 5.5200 130 254 128
-21.8750 25.5000 1.6100 140 176 79
5.5000 -13.0000 6.9500 21 227 134
20.0000 17.5000 7.7300 10 204 162
-14.3750 7.0000 0.1000 155 153 2
20.0000 19.5000 8.1100 18 197 129
-14.3750 -17.0000 0.9500 169 209 53
8.6250 22.5000 1.8100 144 254 72
16.2500 11.5000 5.0000 86 254 154
-8.6250 -9.5000 1.1100 162 216 17
2.7500 5.0000 0.1200 133 139 0
11.2500 6.0000 5.0300 78 254 114
16.3750 -16.5000 6.6800 78 138 215
10.6250 -15.0000 10.7200 5 114 117
3.5000 0.5000 8.0500 17 209 111
1.1250 -13.5000 3.9500 154 254 0
16.8750 -1.5000 3.5900 224 90 77
-0.1250 6.0000 0.0900 142 102 45
-14.2500 -23.0000 5.5400 135 254 156
22.0000 5.0000 7.1400 79 159 220
-10.3750 3.0000 0.1100 186 134 17
-12.1250 -20.0000 1.9000 185 207 61
7.0000 -12.5000 12.2800 0 164 70
-18.1250 21.5000 1.6300 150 153 48
5.6250 -15.5000 9.0500 3 183 100
6.7500 -20.0000 8.4300 19 171 119
-16.7500 25.5000 1.6300 159 138 47
22.1250 3.5000 7.0800 89 155 222
3.3750 8.0000 2.6800 145 254 70
-22.7500 15.5000 0.1100 146 114 15
-3.1250 24.5000 0.1100 172 113 2
-3.7500 -2.0000 0.1200 152 126 50
7.2500 -2.0000 5.7000 64 254 155
-23.7500 1.5000 0.1700 126 111 35
5.7500 2.0000 3.6500 164 219 12
6.7500 2.5000 3.1800 153 198 75
-22.5000 3.0000 2.9900 159 227 105
-20.0000 21.0000 2.6500 130 221 132
-2.0000 3.5000 0.1000 173 117 34
21.2500 6.0000 3.4000 190 90 150
0.7500 -11.0000 5.0200 94 254 125
-25.6250 23.0000 1.6700 154 207 75
0.6250 0.5000 3.1600 160 217 66
17.6250 17.0000 4.1300 134 254 0
20.8750 14.0000 5.6300 75 237 179
18.7500 6.0000 3.3600 198 75 157
2.5000 -22.5000 8.3500 20 194 80
13.5000 14.0000 3.6300 170 234 23
12.5000 -10.5000 3.7400 212 137 75
-14.2500 -22.5000 5.3400 137 254 157
12.8750 -3.0000 5.5200 80 247 175
-0.8750 -11.5000 4.2400 131 254 34
1.2500 -9.5000 4.3500 129 254 29
8.2500 11.5000 3.3300 170 187 72
0.8750 -20.5000 8.4900 6 220 93
3.3750 -22.5000 7.5200 21 207 90
-0.7500 -2.0000 1.5400 163 240 43
10.8750 -7.5000 4.4700 113 254 50
-20.6250 13.0000 0.0900 134 112 0
11.7500 -6.0000 5.6100 81 231 180
18.3750 -11.5000 3.8100 240 127 106
5.8750 -12.5000 5.0600 68 254 125
-26.5000 -10.5000 0.0900 169 145 0
22.2500 0.5000 7.1100 99 152 243
18.3750 -1.0000 7.1600 78 169 251
-10.8750 -21.5000 0.0800 159 111 44
15.7500 -11.0000 3.7900 236 131 96
1.7500 15.5000 0.0800 161 136 12
-25.7500 0.0000 4.3700 141 254 48
-9.8750 -16.0000 1.6700 163 211 72
13.7500 9.5000 5.5300 69 254 166
-6.8750 12.5000 0.0900 163 126 31
10.1250 0.5000 4.6200 100 254 85
11.6250 0.0000 5.5800 67 243 178
6.3750 19.0000 1.1700 157 195 57
9.7500 0.0000 4.6400 99 254 88
-16.5000 18.5000 4.0100 161 254 7
11.6250 -12.5000 10.7700 11 115 121
19.6250 5.0000 3.4700 209 91 130
2.2500 8.0000 2.3100 140 254 62
11.5000 5.5000 6.9300 25 216 167
2.8750 7.5000 2.8800 157 250 69
18.0000 5.5000 3.3600 192 75 156
1.0000 23.5000 0.1100 177 107 0
13.5000 -2.0000 8.4800 15 162 136
-23.5000 21.5000 1.7800 136 233 83
-12.3750 24.0000 3.1200 158 209 105
5.2500 6.0000 4.8800 90 254 98
4.7500 4.0000 6.1500 59 254 149
1.5000 -13.5000 2.1500 111 241 105
-27.2500 -5.0000 2.8500 150 253 82
17.3750 4.0000 3.6400 204 133 115
-15.8750 -18.0000 1.2000 177 220 69
4.1250 -20.5000 9.4100 5 193 76
-17.6250 22.0000 1.6500 157 146 56
-12.7500 -17.0000 0.8100 141 205 71
11.7500 -1.5000 5.2000 84 254 143
7.6250 0.5000 7.0900 28 249 127
7.1250 -22.5000 12.1900 13 131 67
-25.6250 -2.0000 3.5600 205 236 25
18.6250 12.5000 5.6600 67 254 198
22.3750 -8.0000 7.1900 113 106 254
-18.5000 25.5000 1.5800 151 129 80
12.3750 -5.0000 7.1700 47 180 171
1.3750 -6.5000 3.4600 188 219 0
20.0000 -16.5000 3.8000 239 113 63
0.1250 -1.0000 0.9900 154 203 39
8.0000 -16.5000 9.4800 15 147 115
-18.0000 22.5000 1.6100 159 142 65
-0.8750 0.0000 1.6900 165 238 77
-2.2500 13.0000 0.1000 170 117 11
-26.8750 8.5000 2.3600 136 216 92
11.3750 5.0000 7.1200 22 210 162
-7.2500 11.0000 0.0900 174 126 0
6.7500 6.5000 4.6000 101 254 69
-18.1250 -4.5000 0.1100 174 126 0
5.8750 -12.5000 11.5700 0 169 81
-5.7500 21.0000 0.0900 155 140 27
-1.7500 -16.5000 0.8400 165 164 0
-18.1250 26.5000 1.6100 146 132 77
17.3750 11.5000 4.4900 111 254 81
7.6250 -8.5000 9.9200 0 194 94
21.3750 -5.0000 7.1700 117 120 254
-1.1250 -13.0000 0.6500 152 169 14
0.8750 -14.0000 3.3200 170 195 67
21.3750 22.5000 6.1900 60 221 138
18.3750 8.5000 3.2800 184 91 144
-22.2500 -20.5000 5.5800 129 254 155
13.5000 9.5000 5.3300 74 254 161
9.3750 4.0000 8.0800 17 194 115
8.7500 16.0000 2.3100 146 207 113
-8.0000 -12.0000 0.7300 153 155 56
3.8750 -3.0000 1.8600 143 185 54
20.6250 -22.5000 3.8900 235 121 75
-18.0000 23.5000 2.3100 143 199 106
6.5000 -2.5000 8.1900 19 209 113
16.2500 1.5000 3.4500 201 92 105
21.7500 19.0000 7.4600 37 181 134
9.6250 13.0000 2.7200 130 186 118
3.0000 21.5000 0.0900 168 100 41
-25.5000 -18.5000 5.5600 137 254 148
15.5000 -22.5000 4.0000 214 120 63
21.5000 -19.5000 4.6500 179 192 144
7.5000 -14.0000 12.2900 0 148 75
4.7500 2.0000 6.1500 51 254 142
0.7500 -7.0000 5.2200 87 254 128
7.0000 -14.0000 10.1600 0 167 94
2.7500 -22.5000 8.0400 20 195 85
-8.3750 -8.5000 1.7300 164 216 29
20.2500 16.0000 6.9900 30 190 171
-9.0000 0.0000 0.1100 179 116 25
-21.2500 23.5000 1.8800 163 193 71
2.8750 2.5000 0.5400 136 179 0
-4.7500 -2.5000 0.1100 166 117 12
10.2500 -17.0000 4.1000 169 195 42
16.6250 4.5000 3.5700 198 109 98
0.2500 3.0000 0.0800 152 115 31
-7.2500 -19.0000 0.1100 168 98 0
11.0000 -21.0000 4.0400 208 180 41
13.6250 6.5000 4.3900 122 254 66
-17.8750 -13.5000 0.1100 165 123 26
19.1250 -11.5000 7.3100 89 115 254
8.6250 -13.5000 10.6400 3 136 106
15.7500 -2.5000 3.6100 229 116 72
9.6250 -8.5000 7.2300 28 192 155
-9.1250 -23.0000 0.1000 157 105 38
1.7500 -18.5000 8.2800 16 203 100
-9.5000 -11.5000 2.5400 152 203 92
15.8750 12.5000 4.8100 95 254 132
-20.1250 15.0000 1.6200 145 214 25
9.7500 5.0000 5.3300 70 254 141
-12.8750 4.0000 0.1100 166 142 16
-24.3750 6.0000 4.9100 103 254 112
-4.1250 2.0000 0.1000 163 109 37
-18.5000 6.0000 0.1500 156 138 8
8.0000 15.5000 1.6700 164 228 79
5.6250 -1.0000 5.3300 80 254 134
-25.2500 -0.5000 0.1600 127 114 35
-17.5000 4.0000 0.1000 151 132 32
14.5000 2.0000 4.6300 111 238 122
10.8750 -4.5000 4.9800 82 254 106
16.3750 -3.5000 3.7100 232 136 65
-18.2500 9.5000 1.9100 156 253 82
-26.1250 -0.5000 3.4000 184 191 69
21.8750 -3.5000 7.1600 119 124 246
21.3750 -15.0000 3.7400 232 89 87
2.3750 3.5000 6.3400 58 254 141
-16.7500 26.5000 1.6500 156 140 52
14.2500 -8.5000 3.7700 204 135 77
5.5000 -10.0000 3.9800 138 254 3
-26.0000 -12.0000 0.0900 183 138 2
16.7500 25.0000 2.4700 146 200 61
-21.1250 -1.5000 0.0700 167 135 0
14.5000 -6.0000 3.7600 201 160 68
1.7500 2.5000 5.8900 77 254 136
13.7500 -8.0000 3.7600 206 135 81
-17.0000 -19.5000 1.6500 199 200 36
2.8750 19.5000 0.0800 149 97 56
4.8750 0.5000 7.6900 27 215 107
-10.7500 -23.5000 5.3000 124 254 152
20.5000 11.5000 3.3100 166 109 125
-0.2500 -10.0000 4.8000 109 254 86
2.3750 5.5000 0.4500 125 154 19
1.1250 -9.5000 4.2400 139 254 12
11.1250 -16.0000 4.4700 131 215 97
-12.5000 10.5000 0.1000 149 132 29
19.5000 20.5000 5.3000 68 254 153
-6.6250 15.0000 0.0900 178 137 4
0.6250 -0.5000 3.0900 157 214 68
1.6250 -16.0000 3.4200 169 191 34
14.2500 2.0000 4.6000 112 238 118
18.6250 23.5000 4.3700 136 254 40
-14.6250 26.0000 2.2300 148 186 80
-16.8750 25.0000 1.7200 160 148 52
20.0000 21.5000 4.9000 91 254 116
-16.8750 -17.0000 0.1000 146 118 34
8.2500 -12.0000 10.7600 0 145 102
6.2500 -14.0000 7.9000 9 195 128
-18.6250 24.0000 1.6900 156 148 77
19.0000 14.5000 8.1500 8 202 159
-25.6250 6.5000 4.0400 146 254 4
-7.3750 -7.0000 0.6800 155 183 54
9.6250 -18.0000 4.0800 175 197 37
22.0000 19.5000 4.9900 89 254 114
-15.1250 6.0000 0.1200 142 127 19
-7.7500 -8.5000 1.6500 161 221 24
-2.8750 16.0000 0.0900 179 147 0
19.8750 -20.5000 3.9500 242 148 63
15.8750 -15.5000 6.2100 89 151 226
-22.0000 -11.0000 0.1600 195 135 13
-13.8750 16.5000 2.5000 134 223 93
-24.5000 -21.5000 5.4000 136 254 158
-15.5000 -18.5000 0.6400 169 186 37
-4.1250 3.0000 0.0800 175 128 37
18.2500 -16.5000 4.4200 164 204 123
4.3750 11.5000 0.0900 139 102 26
-23.0000 9.0000 1.9700 177 211 48
-16.1250 -22.0000 5.7100 126 254 170
-17.5000 8.0000 0.1100 133 118 50
13.5000 14.0000 3.3900 163 203 58
-1.3750 16.0000 0.1000 182 136 0
-0.7500 -14.0000 4.2000 133 254 32
-26.6250 7.5000 7.1500 39 236 150
8.8750 -11.0000 11.8700 1 123 100
3.6250 -12.0000 4.7900 80 254 97
5.0000 22.5000 0.1100 146 114 64
16.6250 -7.5000 7.1400 93 143 254
0.6250 -17.5000 2.8800 141 202 95
19.1250 -5.5000 7.1100 95 131 254
4.3750 17.5000 0.0900 153 105 17
16.0000 18.0000 5.7100 51 254 161
-19.5000 -21.0000 5.7100 131 254 160
5.6250 -1.0000 5.2000 83 254 125
-19.2500 2.0000 0.0900 143 137 39
-21.5000 -19.5000 0.0900 197 74 4
12.6250 -7.5000 3.7100 205 130 84
-4.1250 -18.5000 0.2800 149 118 23
20.8750 3.5000 7.2800 72 151 248
-14.5000 21.5000 3.3800 188 216 48
0.0000 -21.5000 9.7600 4 210 76
-19.1250 6.5000 1.2400 148 211 62
-5.5000 24.5000 0.1000 158 145 0
-2.2500 5.5000 0.0900 166 114 27
0.1250 26.0000 0.0700 167 133 0
4.3750 -17.0000 4.8900 80 254 98
5.0000 13.0000 0.1000 144 110 31
2.8750 -22.0000 9.3000 14 194 71
7.0000 0.0000 1.9300 138 178 69
22.3750 -8.5000 7.1500 113 104 254
7.6250 -0.5000 6.3800 44 254 147
-26.3750 2.5000 1.5700 125 221 68
6.1250 -20.5000 7.8900 26 171 126
-26.8750 3.0000 6.7900 46 249 153
-22.5000 -19.5000 6.6000 94 236 135
-1.8750 -15.5000 1.1200 164 170 28
8.2500 12.0000 1.1800 156 179 20
-25.1250 11.0000 0.2100 160 113 19
8.7500 9.5000 5.5400 70 254 158
-0.8750 0.5000 2.2100 167 254 72
-21.5000 -15.5000 0.0900 176 127 0
15.8750 13.0000 4.9200 89 254 142
12.8750 -5.5000 4.0100 183 221 51
-26.5000 9.0000 4.6000 120 254 77
-24.8750 -11.5000 0.1100 185 131 0
17.1250 -20.5000 3.9900 231 135 57
10.1250 -16.5000 4.6600 115 224 130
-25.3750 10.0000 0.1000 139 109 44
-9.0000 24.0000 0.3800 144 159 0
22.0000 6.0000 3.5600 187 119 118
16.8750 15.0000 5.4200 58 254 163
2.3750 -15.5000 2.9300 135 196 91
6.2500 -8.5000 11.5500 0 172 90
9.8750 6.0000 4.0100 149 254 0
-19.2500 -21.0000 6.7200 105 225 160
12.7500 -15.5000 4.4500 148 229 117
-27.3750 7.0000 6.9200 45 239 152
6.5000 -10.5000 12.1700 0 164 74
13.6250 14.0000 3.3600 161 200 63
13.8750 -21.0000 4.0100 224 142 67
-8.2500 -23.0000 0.8900 162 184 38
-10.3750 -4.5000 0.1100 152 159 31
5.0000 -11.5000 3.9400 151 254 0
-22.7500 11.5000 0.1200 138 124 0
-14.1250 17.5000 2.3600 149 192 79
2.7500 25.5000 0.1000 160 119 30
-12.5000 -16.0000 1.6900 161 237 93
-6.6250 6.5000 0.1000 176 129 11
-16.8750 22.0000 1.9800 144 178 72
-12.8750 18.5000 0.4200 138 142 19
9.8750 -9.0000 4.7000 98 254 90
1.1250 -13.5000 2.2600 138 216 101
21.6250 -17.0000 3.7500 241 91 86
3.5000 -8.5000 4.1700 132 254 0
5.0000 -10.5000 7.6600 8 226 124
11.3750 -3.5000 8.6400 6 174 125
17.6250 13.5000 7.1500 33 203 155
20.6250 18.5000 8.0100 21 191 127
19.8750 18.0000 6.9300 22 208 181
-11.5000 -18.5000 2.1200 165 224 86
-11.3750 12.0000 0.0800 167 126 18
6.7500 -10.0000 9.4800 0 201 96
13.3750 2.5000 4.1600 142 254 39
3.3750 -9.5000 4.8700 82 254 105
-19.5000 -21.5000 5.5300 142 254 149
2.0000 25.0000 0.0900 161 116 24
-0.8750 -22.0000 8.6800 18 204 91
1.7500 -20.0000 9.6200 4 202 70
-26.2500 -1.5000 3.7100 194 246 11
-10.1250 -16.0000 1.8700 158 218 88
-15.1250 -15.0000 0.1000 150 138 26
17.5000 0.0000 3.7800 212 147 66
16.7500 25.5000 2.8100 144 198 77
16.1250 16.5000 3.8600 158 252 0
2.2500 -22.5000 7.5000 20 207 98
-8.0000 8.0000 0.1700 189 159 0
17.8750 -12.0000 3.8300 233 130 106
-12.6250 -14.0000 0.5000 162 146 42
-19.3750 -15.0000 0.0900 169 124 22
21.3750 -1.5000 7.1700 109 147 254
-12.2500 18.5000 0.1000 138 128 12
-22.1250 11.0000 0.0900 141 116 0
20.1250 -23.0000 3.8900 234 121 77
-16.5000 18.0000 3.6600 192 205 23
6.3750 -15.5000 8.9300 2 183 101
14.6250 7.0000 5.4500 69 254 178
-23.2500 3.0000 3.0000 165 217 80
-16.2500 14.0000 2.8200 147 192 107
-6.1250 -5.0000 0.1100 161 139 16
4.3750 -9.0000 4.9000 80 254 103
18.6250 15.0000 7.6300 14 207 169
13.7500 6.5000 5.9700 58 232 178
19.1250 18.5000 7.9000 11 209 153
-26.3750 13.0000 3.9300 168 254 0
-5.8750 -11.5000 0.1300 153 125 8
-21.1250 -7.5000 0.1200 181 103 3
4.6250 9.0000 5.0500 95 254 114
-27.3750 -20.5000 5.4000 146 254 147
2.8750 3.0000 2.6900 137 229 94
20.5000 -14.5000 3.7800 235 109 72
14.2500 -6.0000 3.7700 202 163 66
-17.2500 -10.5000 0.1000 175 125 0
11.5000 -12.0000 10.7500 9 114 125
-20.7500 25.0000 1.6100 140 165 82
-6.5000 25.0000 0.0800 152 157 0
5.3750 -11.5000 7.8400 12 209 123
2.2500 -1.0000 3.9200 164 254 0
14.2500 -2.0000 8.2300 30 170 167
8.0000 -4.5000 3.1100 145 168 67
10.7500 -23.0000 4.0900 191 158 63
15.5000 10.0000 4.9900 90 254 148
20.2500 -4.5000 7.1400 111 128 254
-2.0000 -6.5000 0.1400 153 143 0
-13.1250 -17.0000 1.4900 153 238 88
-11.2500 13.5000 0.1000 161 147 7
20.3750 13.5000 5.7700 70 235 186
-18.2500 15.5000 3.6100 184 224 12
-9.1250 4.5000 0.1000 171 111 26
16.1250 8.5000 4.6600 107 254 110
4.2500 17.0000 0.0900 155 105 16
21.0000 -22.0000 3.8900 237 123 72
-12.5000 0.0000 0.1100 172 144 12
-10.6250 17.0000 0.0800 147 137 0
-24.1250 6.0000 0.0900 144 83 28
-12.7500 22.0000 2.6700 144 208 108
-18.6250 3.0000 0.1100 152 129 25
3.7500 -21.5000 5.6200 55 254 124
7.2500 -23.5000 12.0800 24 108 77
9.1250 7.0000 4.8800 89 254 108
22.1250 -20.5000 4.4600 195 190 123
6.0000 -7.5000 2.2800 122 150 68
-15.6250 -18.5000 0.3400 170 123 15
7.3750 -23.0000 12.2600 20 107 77
21.7500 -9.5000 7.1700 115 111 254
-13.8750 21.0000 3.1800 172 206 72
-14.2500 -6.0000 0.1200 180 114 36
20.1250 10.0000 3.3200 178 95 137
1.1250 -17.0000 10.3200 0 203 102
-23.6250 26.5000 3.1800 168 220 75
-23.1250 4.0000 1.5800 153 254 1
-19.3750 24.0000 1.7100 153 154 85
-7.1250 -3.5000 0.1100 172 121 26
21.1250 -2.5000 7.1900 105 152 254
11.3750 -14.0000 9.6300 19 136 145
-10.7500 13.5000 0.1000 161 150 8
22.0000 -11.5000 7.1700 114 108 250
-16.6250 24.5000 2.4200 143 208 115
-17.8750 6.5000 0.2000 157 141 8
-14.1250 13.0000 0.7900 153 191 11
18.3750 16.0000 6.5600 38 227 171
11.1250 10.0000 4.1800 126 254 0
-15.1250 23.0000 2.6300 144 192 105
-2.0000 -14.5000 0.5000 139 144 32
-17.6250 14.0000 1.6000 146 218 37
8.7500 16.5000 1.9000 149 190 97
18.6250 -17.5000 4.6300 165 212 144
9.5000 -18.0000 4.0700 175 196 36
8.5000 16.5000 1.7800 149 187 93
-16.6250 21.5000 2.0900 151 180 70
1.0000 -6.5000 3.0600 162 211 59
3.3750 -11.5000 8.8700 0 224 105
5.8750 -9.5000 11.2100 0 177 91
-18.3750 12.0000 0.1700 142 101 63
-26.5000 12.5000 5.8800 93 254 152
-6.7500 -8.5000 0.1900 160 126 32
9.1250 9.5000 4.5400 102 254 64
20.8750 10.0000 3.3500 174 100 132
-12.7500 -16.0000 2.2900 153 254 121
-18.0000 22.0000 1.6400 159 144 57
-20.5000 -18.0000 0.1200 183 109 0
-13.8750 -19.0000 0.4800 174 141 19
18.0000 23.0000 4.2300 147 254 19
-14.6250 23.5000 2.6400 144 194 101
2.8750 6.5000 2.5600 146 238 100
-15.7500 11.5000 1.9900 138 234 35
17.3750 24.5000 3.4100 196 182 41
-1.7500 -11.0000 4.5400 123 254 72
0.2500 -5.0000 1.6100 137 221 49
-7.7500 0.0000 0.1000 181 114 22
-25.7500 4.0000 1.4500 140 202 51
-27.6250 7.0000 2.1400 141 214 83
-7.1250 -19.0000 0.0000 144 90 37
22.2500 -23.0000 3.8600 215 101 89
-10.3750 -1.0000 0.1000 173 124 26
-22.6250 -4.0000 0.1000 153 125 8
-16.2500 -18.0000 0.1200 164 90 22
17.3750 1.0000 3.9000 211 179 85
14.0000 -1.5000 8.6600 21 170 139
19.5000 9.5000 3.3700 194 101 130
4.2500 -4.5000 3.1300 140 199 102
-10.2500 -11.0000 0.6800 154 191 44
-0.7500 -15.0000 4.4900 111 254 70
-11.1250 -5.0000 0.1000 159 138 14
-3.6250 -15.0000 3.6400 190 247 8
9.5000 7.0000 5.0200 80 254 122
0.6250 23.5000 0.0900 177 106 0
17.6250 13.0000 7.6400 23 193 158
-24.0000 20.0000 0.3800 145 120 0
-0.2500 8.5000 0.1000 150 121 43
21.6250 15.0000 5.6700 69 230 158
17.2500 20.5000 6.1000 49 249 147
7.8750 20.5000 0.1000 143 130 22
8.3750 5.5000 4.5100 99 254 54
2.6250 -20.0000 9.9200 4 186 75
22.0000 -6.0000 7.1900 115 102 254
16.6250 -1.0000 3.5300 216 100 80
12.1250 -2.5000 6.6700 42 195 179
9.1250 -8.5000 8.4900 11 185 132
-25.5000 -19.5000 5.4500 141 254 145
11.1250 6.0000 7.6000 17 212 125
-11.3750 -6.0000 0.1100 162 135 11
-23.6250 3.5000 2.0800 136 254 54
6.2500 0.5000 4.4500 103 254 57
-18.8750 -22.5000 5.3800 149 254 134
22.0000 -13.0000 7.2600 99 114 228
-5.8750 -19.0000 0.1100 144 92 28
0.5000 -16.0000 2.3800 136 219 104
7.2500 25.0000 0.0900 134 118 43
-14.0000 14.0000 1.7800 156 179 16
22.2500 -7.5000 7.1900 113 107 254
20.1250 2.5000 3.6500 232 108 112
6.5000 -14.0000 8.7200 1 182 109
-0.2500 -20.0000 8.6900 8 222 94
20.3750 9.5000 3.3800 188 106 129
-16.2500 -21.5000 5.5300 133 254 169
11.8750 -3.0000 8.8900 13 159 127
-17.0000 -17.5000 0.1300 137 137 18
19.1250 -15.0000 3.7600 241 107 68
-11.8750 -11.5000 0.1400 159 118 2
-24.8750 2.5000 0.2900 142 111 27
15.3750 15.5000 3.6700 170 213 24
1.2500 -17.5000 10.2500 0 203 101
13.0000 3.5000 5.5900 64 254 180
-3.3750 -18.5000 2.3100 138 231 89
21.0000 15.5000 7.2800 31 186 155
-22.8750 -13.0000 0.1000 181 138 18
-18.0000 10.0000 2.1000 150 254 93
-1.8750 -9.5000 5.6800 86 254 151
13.7500 20.5000 3.0800 143 188 73
-23.6250 24.5000 2.6200 127 254 107
4.0000 -2.5000 3.0000 139 215 105
5.6250 -11.5000 9.3400 0 194 101
14.5000 9.5000 5.1700 80 254 163
-1.5000 -16.5000 0.7200 161 156 0
6.5000 -10.5000 12.1100 0 165 75
18.7500 24.0000 4.4300 131 254 53
21.1250 22.0000 5.9400 62 240 143
-15.5000 21.5000 2.9400 157 192 107
-26.1250 2.0000 5.7300 74 254 146
12.7500 -18.5000 4.0900 199 163 65
7.7500 -21.5000 4.1300 162 237 0
8.8750 2.5000 9.7300 2 184 98
11.5000 -6.5000 6.0500 65 208 178
17.2500 18.5000 8.6100 10 200 108
7.5000 -18.0000 10.6400 7 142 81
16.1250 -22.0000 3.9900 230 131 62
16.5000 -12.0000 3.8200 236 139 87
20.6250 -22.5000 3.8900 235 121 75
12.8750 25.5000 3.1700 156 176 76
17.0000 8.0000 4.3000 130 254 44
-13.7500 -16.5000 0.1800 171 123 4
-24.8750 -12.0000 0.1300 186 134 0
-20.3750 24.5000 1.6400 144 164 78
5.0000 6.0000 2.5800 152 221 72
-2.0000 -23.5000 8.7800 28 205 78
18.8750 -8.5000 7.1400 103 134 254
11.0000 23.0000 2.7500 139 232 100
-26.8750 15.0000 0.1300 137 142 0
15.1250 5.5000 4.3600 122 252 75
8.3750 -5.5000 3.5300 162 165 33
11.7500 -22.5000 4.0700 198 154 62
20.8750 12.0000 3.4100 170 124 100
5.5000 -3.5000 2.9600 134 177 112
3.1250 1.5000 7.2000 32 229 119
-7.8750 -2.0000 0.1000 179 120 32
9.6250 9.5000 4.4500 107 254 46
11.3750 25.0000 2.5100 143 240 95
7.7500 -22.5000 12.4300 16 106 78
10.6250 7.0000 4.9300 82 254 111
2.5000 -18.5000 9.5800 5 192 92
9.6250 -2.5000 6.8000 31 225 141
15.8750 -22.5000 3.9700 227 120 67
-24.5000 -2.5000 0.0900 148 133 11
-8.6250 0.5000 0.0900 180 113 25
5.2500 -22.5000 5.0600 92 245 88
-24.0000 5.5000 1.8900 151 254 48
-14.3750 14.5000 2.2400 156 181 48
-19.2500 15.5000 2.9300 132 217 109
13.7500 -2.5000 6.4800 49 200 179
-25.1250 -18.5000 0.1100 182 120 0
13.3750 -1.0000 5.3600 74 254 171
-14.5000 -17.5000 0.1000 168 80 12
21.2500 -15.0000 3.7400 230 100 78
-15.3750 18.0000 3.4400 194 187 45
-4.8750 -7.5000 0.1100 173 125 1
-0.5000 -12.0000 3.9900 159 254 9
1.2500 25.0000 0.1000 168 120 0
-17.8750 1.5000 0.1200 184 133 0
-0.1250 -17.0000 2.6100 125 237 93
-9.1250 -2.5000 0.1100 183 123 28
-15.8750 10.0000 0.1400 128 121 33
15.8750 18.5000 5.9400 47 254 161
16.6250 -11.0000 3.8300 233 141 93
2.1250 -20.0000 9.8700 3 203 78
-3.8750 16.0000 0.0900 179 137 3
21.6250 19.0000 5.4400 70 254 142
19.3750 16.0000 8.0200 11 195 162
11.3750 -13.5000 9.3500 21 139 151
10.8750 -9.0000 6.7400 41 199 157
-12.1250 11.0000 0.1000 168 130 18
20.7500 -17.5000 4.7100 167 205 152
15.3750 -23.0000 3.9800 214 114 64
18.1250 14.0000 7.7500 18 207 159
-26.8750 8.0000 6.3200 65 254 155
-12.5000 26.5000 3.0700 139 208 92
22.3750 19.0000 4.8600 95 254 101
-25.8750 2.5000 4.1600 140 254 36
2.1250 -22.5000 3.7100 175 194 0
-2.6250 2.5000 0.0900 177 117 31
6.7500 2.5000 8.6500 12 208 100
6.5000 3.5000 6.0300 47 254 154
-13.1250 -20.5000 1.5500 182 207 51
6.2500 -18.0000 5.7900 65 245 136
15.8750 21.5000 3.6300 188 226 0
-17.2500 19.0000 4.0700 154 254 10
6.0000 0.5000 4.5900 97 254 73
-26.0000 14.0000 0.0900 129 114 48
17.8750 21.5000 4.5600 107 254 77
-11.1250 -8.5000 1.6400 154 254 62
-26.5000 2.5000 6.9000 40 251 144
-21.0000 17.0000 1.2500 150 178 25
8.8750 -13.5000 8.2600 24 171 123
-17.6250 4.5000 1.3500 157 229 37
15.3750 -17.5000 6.7300 77 137 223
-19.7500 19.5000 3.6000 181 228 55
-12.6250 4.0000 0.1200 185 153 0
14.5000 -23.0000 4.0000 214 121 67
3.1250 -7.0000 3.2400 156 198 63
17.6250 17.5000 5.6300 59 254 163
-3.8750 -14.5000 3.9400 172 254 0
-16.6250 13.5000 0.8300 138 173 40
20.5000 -11.0000 7.1800 97 112 254
-9.1250 -11.5000 2.0900 158 204 64
9.7500 -10.5000 11.4100 0 125 109
1.7500 13.0000 0.1100 155 151 0
10.5000 -16.0000 7.0100 61 142 183
-9.3750 -0.5000 0.0900 178 113 25
8.7500 -2.5000 6.6800 39 225 142
21.6250 24.5000 5.1700 92 254 112
6.0000 -15.5000 3.7000 182 177 1
-13.3750 8.5000 0.1000 168 171 10
5.7500 -23.5000 11.4500 22 136 52
-11.3750 -15.5000 1.6500 163 223 85
4.0000 -20.0000 7.8500 14 204 101
9.8750 23.5000 2.6000 134 251 114
13.3750 10.0000 5.2400 78 254 153
16.6250 -12.5000 3.8200 233 137 85
10.7500 11.5000 4.0400 151 254 0
17.1250 14.5000 6.8700 25 222 160
3.8750 4.5000 5.7400 67 254 151
-18.0000 23.0000 1.9500 152 174 79
10.3750 -6.5000 4.3900 112 254 39
10.3750 0.5000 6.1300 52 234 141
-0.3750 -2.5000 1.2000 152 201 57
12.6250 -21.5000 4.0500 218 151 68
-15.2500 -18.0000 0.1200 169 82 13
-24.0000 2.0000 3.2000 175 192 78
13.8750 -4.5000 3.7100 199 140 59
-6.2500 -2.0000 0.1100 167 116 13
2.3750 -12.0000 9.4300 6 219 95
11.3750 -5.0000 5.5300 62 251 151
-1.8750 -23.0000 10.7700 9 181 63
-23.2500 -13.0000 0.1100 191 139 0
-13.7500 -13.0000 0.1100 158 144 0
21.8750 -6.5000 7.1400 114 106 254
-25.6250 4.5000 7.4900 27 227 150
12.7500 13.5000 4.2400 127 254 38
13.0000 -23.5000 4.0800 199 131 82
-27.2500 3.0000 1.9200 143 204 84
-16.0000 13.5000 2.3400 141 197 74
14.6250 -19.5000 3.9800 228 135 73
4.0000 21.5000 0.1000 168 99 38
-25.7500 10.5000 1.8200 134 254 36
-10.8750 15.0000 0.0900 138 136 20
-0.5000 -22.5000 11.0000 5 176 57
5.0000 -12.5000 7.6500 10 211 129
-15.6250 -18.0000 1.4900 174 229 79
5.7500 -5.5000 2.2200 122 144 79
-13.5000 0.0000 0.1200 166 154 22
-27.6250 13.5000 2.9800 143 247 104
21.3750 13.5000 3.4400 174 137 68
8.6250 21.0000 1.9000 145 217 99
-20.3750 -3.0000 0.0800 171 130 0
9.0000 -16.0000 8.5800 21 142 137
2.2500 -5.0000 2.4800 134 242 90
5.2500 -12.5000 9.6000 0 200 91
0.3750 11.5000 0.1000 161 143 0
13.6250 7.5000 6.0500 58 214 175
-26.1250 -22.0000 5.4300 138 254 150
-21.8750 -19.5000 5.5200 131 254 149
8.2500 -14.5000 10.0800 0 163 88
21.5000 19.0000 5.6200 66 243 148
-6.3750 -14.0000 0.1100 151 133 0
-23.7500 20.0000 0.1400 137 115 0
-10.5000 -1.0000 0.1100 173 125 25
-14.3750 14.0000 1.6400 159 174 11
6.3750 14.5000 0.5400 145 139 19
-4.6250 -20.0000 1.0000 151 179 21
7.3750 -20.5000 4.1100 164 244 0
12.0000 5.0000 7.8600 15 197 149
17.6250 -19.5000 4.0100 228 146 54
-5.7500 -19.5000 0.1000 158 74 25
-16.2500 11.0000 1.5500 155 194 44
10.5000 19.5000 1.9800 137 202 73
-24.1250 -13.5000 0.1500 180 142 0
7.8750 -0.5000 6.4800 42 254 142
16.0000 19.0000 5.8000 53 254 154
15.6250 -9.5000 3.8100 232 127 84
8.7500 -22.0000 4.0800 173 195 16
5.5000 12.0000 0.2500 144 128 0
10.0000 -3.5000 6.6200 37 220 140
-20.3750 -14.5000 0.0900 178 123 0
2.6250 2.0000 7.4500 32 219 118
21.8750 5.0000 7.2700 77 156 220
-18.3750 7.0000 0.2600 153 147 13
3.5000 -18.5000 9.1500 4 208 90
10.0000 -5.0000 4.2700 119 254 32
-4.2500 -15.5000 2.1300 146 219 68
-25.7500 10.5000 0.3000 141 139 56
11.7500 -7.0000 4.2100 151 231 62
5.6250 -12.0000 11.6100 0 169 81
20.3750 -21.0000 3.9300 242 140 64
18.2500 21.0000 5.1100 80 254 137
-26.3750 10.0000 2.0600 134 254 48
-23.5000 -2.0000 0.1000 144 135 17
-5.7500 -0.5000 0.1100 175 115 6
-10.7500 23.5000 1.4400 165 156 16
-12.6250 22.0000 2.6800 145 208 107
19.1250 17.5000 8.1500 7 207 148
-15.1250 9.5000 0.1200 145 126 9
12.2500 4.0000 7.7300 20 191 163
9.8750 -1.5000 4.5600 99 254 72
-14.5000 23.0000 2.9000 150 194 94
19.0000 2.5000 3.6600 233 109 111
14.3750 0.0000 4.4200 117 249 79
-16.6250 1.0000 0.1000 187 124 0
-3.8750 14.5000 0.0900 182 147 2
-24.7500 5.0000 2.3100 144 254 69
1.6250 6.0000 0.0900 140 102 37
8.0000 -13.0000 10.9800 0 155 83
20.0000 -14.0000 3.8000 234 113 77
6.8750 -0.5000 1.7600 141 159 61
7.0000 -2.0000 8.3100 20 205 108
10.2500 -9.5000 10.4500 4 163 101
10.6250 -0.5000 4.3700 120 254 38
8.6250 -9.5000 12.2500 0 134 90
19.2500 -19.5000 4.7000 177 197 174
5.7500 9.5000 5.1700 87 254 138
17.3750 22.0000 4.3200 121 254 19
3.5000 0.5000 3.8600 168 254 0
-22.6250 7.5000 0.1000 134 147 23
-0.6250 -10.0000 4.8300 108 254 90
-15.8750 19.0000 3.8600 180 254 10
7.2500 -3.0000 7.8200 18 216 122
4.7500 0.0000 7.9300 23 210 108
9.0000 12.0000 1.6800 144 168 41
8.3750 -22.5000 4.1200 165 196 22
-13.3750 17.5000 1.9400 151 215 45
1.1250 -23.5000 12.9700 23 161 32
0.7500 -17.5000 9.2000 1 217 108
6.6250 -5.0000 2.6400 125 164 98
-2.3750 25.0000 0.1000 170 114 3
-16.1250 14.0000 2.4500 149 188 77
3.0000 9.0000 0.6800 140 193 50
-27.2500 19.5000 0.0900 124 130 23
19.6250 26.0000 3.2500 162 172 84
13.0000 -1.5000 9.3300 14 146 126
19.3750 23.0000 5.0000 95 254 129
10.8750 -3.0000 7.0200 22 220 128
-11.7500 -2.0000 0.0900 168 130 9
11.0000 -1.5000 9.3000 14 182 91
-22.5000 26.5000 2.1300 142 248 89
19.6250 -4.5000 7.1300 108 132 254
16.5000 -21.0000 4.0000 233 140 58
15.0000 23.0000 2.7500 143 205 80
16.7500 -11.0000 3.8100 235 135 96
0.2500 16.5000 0.0900 156 123 8
6.1250 -21.5000 5.4600 75 254 127
-14.5000 19.0000 2.5800 149 189 92
0.0000 12.5000 0.0800 158 145 7
-4.0000 -12.0000 0.1200 149 130 20
-5.7500 -21.5000 2.4800 135 243 91
13.3750 12.5000 3.9100 165 254 11
10.0000 -7.0000 4.2500 125 254 24
-21.5000 -16.0000 0.1200 175 132 0
10.6250 -14.0000 9.7600 11 121 132
-23.2500 -5.0000 0.1700 150 123 11
-7.8750 25.0000 0.0900 142 153 11
-1.0000 -9.0000 6.5100 53 254 144
9.2500 -9.5000 8.8200 9 184 119
11.3750 -20.5000 4.0800 207 156 74
-24.0000 13.0000 0.1100 162 108 0
-19.3750 1.5000 0.1100 149 138 36
-2.0000 -13.0000 0.5900 150 163 24
-17.6250 0.0000 0.1200 188 122 0
-19.8750 6.5000 1.4000 160 226 57
17.6250 -7.5000 7.1200 92 147 254
11.2500 -19.5000 4.0300 209 161 64
-0.3750 -19.5000 3.9100 157 254 0
14.6250 26.5000 2.2900 143 206 60
-7.1250 17.0000 0.0800 152 143 0
-4.1250 -3.5000 0.1100 161 136 24
7.3750 -21.5000 11.9800 5 132 72
-13.6250 -16.5000 0.5000 159 185 33
10.8750 1.0000 7.0300 26 207 134
4.8750 5.0000 7.0700 38 223 135
14.1250 -19.0000 4.0000 212 143 70
-17.7500 19.5000 3.6300 190 200 22
8.6250 9.0000 4.6300 98 254 78
-11.7500 6.5000 0.1100 167 146 15
-27.5000 13.0000 0.2900 136 137 51
-7.0000 26.5000 0.0900 139 160 17
-10.3750 25.0000 3.0100 166 202 90
15.0000 16.0000 3.6300 161 214 17
10.0000 12.5000 2.4000 131 177 100
20.7500 -21.5000 3.9000 242 130 67
-18.8750 10.5000 1.6900 139 235 75
8.6250 1.5000 9.5300 2 185 103
13.6250 -6.0000 3.7000 208 155 65
17.7500 16.5000 6.4700 42 230 147
12.3750 -1.5000 7.7700 17 191 149
-24.0000 8.5000 2.3200 158 237 59
10.0000 18.0000 1.7700 137 188 73
3.0000 -14.0000 4.8700 78 254 118
4.6250 2.0000 6.3000 48 253 140
14.5000 11.0000 5.5900 69 254 171
2.3750 8.0000 2.3600 136 254 57
-0.2500 17.5000 0.0900 156 122 6
-16.0000 2.5000 0.1000 170 131 8
9.7500 8.5000 5.2900 70 254 151
-25.3750 23.5000 2.2300 141 250 100
15.5000 -11.0000 3.7900 234 131 96
0.5000 -20.0000 8.9200 3 218 87
21.5000 -11.5000 7.2000 100 108 250
-0.3750 -12.0000 4.1600 141 254 19
16.3750 -21.0000 3.9900 234 137 57
1.8750 -8.5000 4.9200 93 254 98
3.3750 -9.0000 3.9900 150 254 0
15.3750 -23.5000 3.9900 211 116 65
14.6250 14.0000 5.0600 83 254 139
-20.5000 22.5000 2.2100 152 202 78
-27.5000 -2.5000 1.6500 155 175 40
-1.0000 -20.5000 3.8900 158 254 0
17.2500 -9.5000 7.2800 83 141 254
12.6250 -22.0000 4.0500 216 146 69
8.1250 -8.5000 11.2500 0 174 88
20.6250 20.0000 7.9400 17 185 134
3.3750 -21.5000 5.5600 57 254 124
17.2500 -19.0000 4.4700 171 199 113
19.8750 -11.0000 7.2100 94 114 254
-0.1250 -9.5000 5.0000 93 254 113
6.6250 -19.5000 8.8500 16 168 104
6.3750 5.5000 4.4800 108 254 50
19.1250 14.0000 7.6500 14 204 165
-26.0000 13.0000 4.2800 137 254 22
21.1250 -23.0000 3.8700 228 112 82
9.1250 2.5000 9.6200 2 186 99
3.7500 10.0000 3.6400 179 229 1
-2.7500 12.5000 0.0900 172 112 9
11.1250 -6.5000 5.4900 56 254 125
18.1250 12.5000 5.5600 69 254 194
-17.2500 10.5000 1.0600 160 205 18
21.0000 19.0000 8.3600 21 190 115
0.8750 8.5000 0.1000 149 116 39
10.3750 -18.0000 4.0900 177 194 41
-27.3750 8.0000 2.8700 142 217 107
-15.8750 21.0000 2.8800 153 191 113
-16.1250 24.5000 2.6000 138 191 113
-24.6250 -19.0000 6.7200 85 233 124
17.6250 -23.0000 3.9600 223 126 71
-1.2500 -7.5000 7.3000 51 254 106
19.7500 9.5000 3.2700 184 93 150
0.7500 -4.5000 2.3200 129 238 88
18.0000 20.0000 4.7600 96 254 104
-2.0000 -9.5000 1.5300 159 239 37
-0.7500 -12.5000 4.0700 151 254 0
15.1250 -10.5000 3.7900 226 122 80
6.8750 3.0000 8.6500 12 205 101
15.7500 7.0000 4.7500 101 254 141
-17.1250 -14.0000 0.1000 162 121 28
17.2500 -5.5000 3.8000 229 132 96
-25.7500 8.5000 5.4500 84 254 161
13.6250 2.0000 4.0300 153 243 31
-24.1250 19.0000 0.1100 138 145 0
18.3750 -8.5000 7.1600 104 134 254
2.1250 -17.5000 10.1100 0 198 96
16.0000 5.0000 3.4200 189 116 102
4.1250 0.5000 2.8500 154 222 62
-27.1250 7.5000 7.2000 39 231 151
-24.1250 -22.5000 5.4600 134 254 145
11.8750 -11.0000 6.9600 63 154 203
-11.7500 24.0000 2.6000 146 215 88
19.1250 -23.5000 3.9300 225 125 82
-9.8750 -11.5000 1.0400 162 177 58
-25.1250 4.0000 2.5700 145 236 94
2.3750 7.5000 2.0800 155 254 53
-25.5000 11.0000 0.1200 156 107 17
13.8750 4.0000 3.8800 167 214 29
-21.2500 9.5000 0.1100 146 112 1
13.1250 21.0000 3.2900 162 189 48
-25.5000 2.0000 6.0600 66 254 145
19.6250 12.5000 5.5900 69 254 197
2.2500 -10.0000 3.6500 167 239 21
19.1250 -2.5000 6.2600 117 183 254
-3.8750 -19.0000 3.0900 159 206 86
-25.7500 -10.0000 0.1100 170 144 0
14.1250 -16.5000 4.5100 154 205 121
4.1250 9.0000 2.4400 140 254 54
9.2500 -21.5000 12.1800 24 101 109
5.0000 10.5000 0.0700 160 76 0
-24.7500 -1.0000 0.1000 127 112 34
3.7500 -19.5000 6.4400 39 232 128
21.3750 0.5000 7.0900 95 156 250
6.5000 17.5000 2.0700 170 220 95
-6.6250 6.0000 0.0800 176 126 8
12.8750 16.5000 3.0000 137 184 99
-26.2500 4.0000 7.0700 37 237 150
-12.3750 16.0000 0.0800 131 143 26
13.7500 22.0000 3.4700 178 190 12
22.0000 7.5000 3.5500 192 120 113
-17.6250 19.0000 3.7100 187 217 14
14.5000 26.0000 2.8500 145 188 78
6.6250 -7.5000 2.9200 122 170 87
-19.5000 4.5000 1.9000 161 199 57
7.7500 -1.0000 6.5400 39 238 146
14.3750 11.0000 5.3900 74 254 165
9.3750 23.5000 1.3200 144 254 27
14.8750 20.5000 2.8000 136 186 100
-11.5000 -13.0000 0.7300 160 186 53
0.1250 -13.0000 1.9200 148 207 102
6.8750 17.5000 1.9900 171 215 89
-2.5000 -10.0000 0.1400 153 118 29
3.0000 -22.0000 9.2400 13 195 72
17.8750 -12.0000 3.8300 233 130 106
-11.0000 -22.0000 0.1100 156 115 48
-3.1250 7.5000 0.1100 169 127 24
8.7500 21.5000 2.0100 154 254 80
14.2500 3.5000 4.1100 143 248 38
11.5000 12.0000 4.6600 102 254 96
-8.7500 -5.5000 0.1100 151 152 43
-17.5000 -21.0000 0.6500 178 133 19
-2.8750 -3.5000 0.1100 155 132 26
18.3750 17.5000 8.4900 9 203 137
8.6250 -4.5000 4.2200 127 254 25
15.8750 -13.5000 3.8000 222 120 71
16.1250 10.5000 4.9400 90 254 143
13.1250 8.0000 4.6500 108 254 97
17.2500 10.0000 4.2400 126 254 41
5.2500 -15.0000 8.3300 6 186 118
-16.7500 11.0000 1.2000 148 202 40
-9.6250 12.0000 0.0900 184 132 8
-5.1250 6.5000 0.0900 174 117 3
-13.6250 -19.5000 0.3800 158 141 45
-26.0000 11.0000 6.1600 80 254 152
-25.7500 8.0000 3.1200 164 198 93
2.1250 -17.5000 10.3000 0 195 95
2.6250 -3.0000 2.9200 129 217 122
14.6250 10.5000 5.3700 80 254 169
17.8750 -16.5000 5.9400 98 179 207
4.7500 -1.5000 5.8000 62 254 136
20.3750 0.0000 7.1400 86 165 254
-17.2500 22.5000 1.6900 154 151 59
-10.0000 -17.5000 0.1900 148 118 28
-3.2500 -1.5000 0.0700 150 116 53
-26.3750 4.5000 1.3900 138 197 61
-11.7500 13.0000 0.1000 161 133 22
-26.2500 -17.0000 0.0900 171 129 0
6.0000 -17.0000 6.8100 33 204 140
-2.5000 -2.0000 0.1000 147 131 37
12.0000 18.5000 3.5500 162 219 23
21.2500 21.0000 5.2600 74 254 131
-17.1250 23.5000 2.3900 140 202 105
-1.0000 1.5000 1.6100 142 254 58
8.6250 14.5000 1.2400 161 142 26
22.1250 -3.0000 7.1600 121 124 240
6.2500 -6.5000 2.5600 125 165 92
3.8750 6.0000 3.8000 195 254 0
7.1250 2.0000 8.6900 13 207 95
21.7500 -20.5000 4.4000 199 169 116
21.6250 20.5000 5.1700 81 254 124
9.1250 -13.0000 11.3500 0 132 100
-22.6250 23.0000 2.4200 158 211 92
22.1250 -14.5000 3.7800 212 100 97
6.6250 -2.5000 8.6100 14 203 107
-26.5000 5.5000 5.7600 74 254 159
7.1250 -4.5000 2.9900 136 179 92
-17.1250 25.5000 1.6200 161 135 47
-25.8750 8.5000 3.7400 190 241 0
-14.0000 25.0000 2.9800 141 207 102
6.5000 -20.0000 5.7900 71 251 140
11.6250 -9.0000 3.8200 198 156 64
22.3750 -1.5000 7.2000 109 146 251
12.7500 1.5000 4.9000 84 254 135
10.2500 -8.5000 6.2000 50 218 168
-3.2500 -17.0000 1.8700 152 216 76
13.0000 -12.0000 3.8300 213 160 64
-26.6250 -19.5000 5.4100 143 254 142
-15.0000 -23.0000 5.5600 119 254 155
4.3750 -11.5000 4.1000 137 254 0
-3.2500 -16.0000 1.5800 151 192 61
15.5000 -7.0000 3.7700 226 130 101
8.1250 -1.5000 4.6300 99 254 67
-2.1250 -23.0000 8.7300 28 204 82
12.7500 1.0000 6.3800 49 206 188
10.0000 -9.5000 4.8000 93 254 105
-8.2500 -16.5000 0.1100 151 106 23
4.8750 25.5000 0.1000 158 124 46
10.7500 3.5000 7.8900 14 193 118
-13.3750 -9.5000 0.1100 152 132 39
-20.6250 8.5000 0.5100 147 130 9
15.8750 -8.5000 7.1600 79 150 254
14.6250 0.5000 4.5200 125 254 121
15.5000 19.5000 3.5000 170 205 35
14.6250 8.0000 5.1100 89 254 149
21.1250 11.0000 3.3500 168 98 128
-12.1250 -12.0000 1.5300 147 236 78
-22.1250 22.0000 2.8000 150 210 100
-23.5000 16.0000 0.1100 149 118 14
-14.6250 13.5000 2.3400 140 234 41
17.1250 13.0000 5.6600 57 254 173
10.7500 -11.5000 8.8200 10 175 128
-20.3750 -15.0000 0.1300 179 126 0
1.3750 15.5000 0.0900 162 136 12
11.5000 -23.5000 4.0800 192 151 61
15.0000 -10.0000 3.7700 226 117 82
-1.5000 -11.5000 4.7100 118 254 94
-27.3750 15.0000 0.1300 135 144 3
-8.3750 1.5000 0.1000 194 138 3
10.2500 12.5000 3.9500 160 254 0
-25.8750 10.5000 1.8100 133 254 38
10.1250 10.5000 2.6900 124 172 108
-1.1250 -15.0000 3.5700 185 230 37
2.6250 -11.0000 0.6100 111 111 5
-9.0000 22.0000 0.0900 150 183 0
-16.0000 -18.5000 1.2000 175 222 68
-14.7500 -5.5000 0.1300 181 114 38
-19.0000 22.5000 1.6800 148 166 74
-24.1250 10.0000 1.9000 159 234 33
17.5000 26.0000 2.6000 129 222 99
-13.6250 -19.5000 2.0800 205 224 50
13.8750 -13.0000 3.8200 209 144 70
-11.6250 -18.0000 2.3300 165 223 96
16.5000 -4.0000 3.7200 230 137 65
14.5000 4.0000 4.2500 138 249 69
-19.8750 25.5000 1.6200 149 132 84
-3.0000 -14.5000 3.7000 192 254 0
-8.5000 -7.5000 0.1100 143 148 56
-20.2500 -1.0000 0.1000 176 119 0
-5.2500 15.5000 0.1300 176 138 0
7.8750 7.5000 4.4400 114 254 35
20.5000 -12.0000 7.1600 93 115 254
5.3750 -14.0000 7.4700 12 227 128
-4.6250 -22.5000 2.8000 132 216 98
-20.5000 -21.5000 5.3500 142 254 131
7.7500 3.0000 5.3100 70 254 131
9.7500 -22.5000 11.2400 40 97 114
-23.8750 3.5000 0.8200 151 189 18
-9.3750 -2.5000 0.1100 183 126 28
14.7500 11.5000 4.3400 118 254 56
15.2500 17.0000 3.3400 158 172 64
12.0000 25.5000 2.7300 139 230 101
1.8750 20.0000 0.1000 154 108 49
-16.7500 12.5000 0.3900 150 140 56
4.3750 2.0000 7.7300 30 222 98
3.7500 4.0000 1.8100 120 238 73
21.0000 -18.0000 4.5300 182 195 124
11.6250 0.5000 3.8500 167 212 45
-19.1250 -17.5000 0.0900 143 137 19
-21.6250 21.0000 3.0000 161 197 103
13.3750 24.0000 3.0300 153 184 86
0.7500 -23.0000 10.5900 13 192 58
14.1250 -7.5000 3.7700 205 142 69
20.8750 9.0000 3.5400 189 138 94
12.3750 -14.5000 4.4900 142 237 131
7.1250 6.0000 5.0800 82 254 118
19.7500 22.0000 4.6000 111 254 83
13.1250 17.0000 3.2800 152 205 69
-24.6250 8.5000 2.3900 158 236 67
19.7500 1.5000 7.1200 79 162 254
-20.0000 -19.0000 0.1100 201 97 0
-26.2500 4.0000 2.5000 134 231 108
10.5000 -15.5000 4.4000 129 238 70
-5.6250 -4.0000 0.0900 166 115 14
-15.7500 24.5000 3.0400 155 179 100
-19.8750 -15.5000 0.1000 157 140 21
-21.0000 10.5000 0.0900 153 110 0
12.5000 -7.5000 3.7500 201 151 72
1.7500 -23.0000 7.7700 22 203 98
-15.1250 -23.5000 5.2900 133 254 137
-7.3750 9.5000 0.0800 184 146 0
11.3750 6.0000 4.9000 81 254 125
-17.5000 -6.5000 0.1300 178 115 0
21.8750 17.5000 7.8000 34 182 135
-0.2500 -2.5000 2.0100 147 240 63
-1.2500 -13.0000 3.7200 179 250 4
5.3750 -10.0000 3.8700 150 236 5
11.5000 -4.0000 5.3800 72 252 141
-18.1250 17.5000 4.0900 153 254 5
10.3750 6.5000 6.6900 30 240 148
-14.0000 20.0000 3.1200 168 202 75
16.7500 4.5000 3.4800 199 95 115
6.2500 -9.5000 12.7500 0 164 69
-1.6250 -19.5000 2.0000 141 212 68
0.1250 -19.0000 9.5100 0 225 94
-19.3750 -0.5000 0.0900 183 129 0
17.7500 -1.0000 3.6300 220 90 71
16.2500 -22.0000 3.9900 231 131 62
8.0000 2.0000 9.3900 12 178 94
10.2500 -3.5000 6.8700 27 225 132
13.0000 -1.5000 9.2300 14 147 126
-10.5000 25.0000 2.7900 158 200 90
15.2500 4.0000 4.0500 158 233 49
-2.5000 7.0000 0.1100 164 121 32
16.6250 -16.5000 6.5400 82 141 217
-8.2500 13.5000 0.1000 192 137 0
-11.5000 -1.0000 0.1100 173 137 7
22.3750 5.5000 7.1300 79 158 215
-21.1250 5.5000 0.1200 138 139 7
-26.5000 11.0000 5.5400 89 254 145
13.8750 -9.0000 3.7800 207 139 73
9.8750 -23.5000 10.9800 52 96 109
-23.1250 7.5000 1.3000 149 238 32
18.3750 1.5000 3.6800 228 114 100
11.3750 8.0000 4.4200 112 254 62
2.3750 -0.5000 4.1000 143 254 0
-23.6250 3.5000 2.7500 157 234 81
-25.8750 6.0000 3.3700 174 184 64
8.1250 0.0000 6.1500 53 253 149
3.3750 4.5000 2.0500 147 239 67
-27.5000 3.0000 4.8600 100 254 126
21.7500 2.5000 7.0700 96 149 244
7.7500 -6.0000 3.7000 168 244 0
14.1250 -7.0000 3.8000 203 151 64
-2.5000 -10.5000 3.6800 175 251 37
6.7500 -1.5000 7.3400 26 230 145
-24.2500 -16.5000 0.0800 179 118 0
21.3750 -20.5000 4.3800 200 172 113
12.3750 -9.0000 3.8200 205 154 65
-26.5000 8.0000 6.3400 64 254 156
-18.1250 -13.5000 0.0800 166 120 26
13.6250 -6.0000 3.7100 208 157 65
-3.2500 4.5000 0.0800 172 126 20
-7.0000 -14.0000 1.8700 151 228 83
-25.0000 -12.5000 0.0800 186 128 0
-27.2500 -20.5000 5.4200 146 254 148
1.2500 8.0000 0.1000 146 117 41
-0.8750 -20.0000 9.1300 8 238 89
11.7500 10.5000 4.0100 145 254 17
21.7500 -13.5000 3.7800 218 98 103
-20.6250 7.5000 0.7700 151 173 14
12.7500 -9.0000 3.7900 208 147 68
14.1250 -12.0000 3.8600 207 163 66
-24.3750 1.0000 3.1900 182 200 91
-26.5000 4.0000 5.8900 69 254 161
-15.6250 -11.5000 0.1200 164 149 17
-11.6250 -10.5000 1.6100 137 239 79
-20.7500 -23.0000 5.4200 147 254 146
18.2500 -12.0000 3.8500 234 136 101
-12.3750 -13.0000 3.0300 145 222 110
7.1250 -6.0000 2.2600 126 137 75
9.1250 20.0000 2.2800 145 220 121
-18.0000 6.5000 1.7600 143 220 76
7.3750 23.0000 0.1000 135 109 36
-21.1250 24.5000 2.1400 162 195 88
-19.0000 20.0000 2.6100 141 201 132
-10.6250 24.0000 1.2800 166 164 7
-25.3750 6.5000 6.2600 58 254 166
-18.2500 14.5000 3.0900 151 203 98
21.7500 -7.5000 7.1900 112 107 254
-15.3750 14.0000 2.2900 155 183 55
20.5000 17.5000 7.4000 16 201 167
13.3750 -14.5000 6.2100 74 172 226
-14.2500 15.0000 2.0300 156 175 33
3.6250 11.0000 0.1000 140 107 26
12.3750 25.5000 2.7000 133 199 96
10.5000 -20.0000 4.0500 205 191 41
-5.7500 6.0000 0.0900 176 119 3
-11.0000 18.5000 0.0800 136 127 12
-3.6250 -21.0000 3.5900 181 219 0
18.7500 9.5000 3.2500 180 90 154
18.6250 -6.0000 7.1400 95 131 254
4.8750 -19.5000 6.4300 44 222 126
14.3750 -3.0000 6.7100 45 193 165
18.2500 -6.0000 7.1000 96 132 254
12.7500 9.5000 4.5700 111 254 86
-22.2500 19.0000 2.1800 144 204 83
14.2500 14.0000 3.0500 145 140 103
-21.5000 -9.5000 0.1000 183 96 0
20.8750 -3.0000 7.1800 103 153 254
12.5000 25.5000 2.9200 140 186 95
8.3750 -9.5000 5.3200 67 254 145
-13.8750 15.0000 0.5400 131 143 42
9.2500 5.5000 4.4300 111 254 44
1.0000 -15.5000 2.7700 132 215 106
-22.6250 -3.5000 0.2100 172 148 0
19.7500 19.5000 6.5200 38 218 163
-16.3750 -19.5000 1.4300 191 213 60
-14.2500 -2.5000 0.1200 178 103 0
-3.5000 -6.0000 0.1100 154 149 0
16.3750 -3.5000 3.6700 233 129 67
-10.8750 23.0000 0.8200 151 132 0
-24.1250 4.0000 3.6700 197 225 35
-21.2500 8.5000 0.0900 146 105 0
8.2500 5.0000 5.4300 72 254 133
2.3750 -18.5000 6.2400 48 234 136
16.5000 -19.0000 4.3900 177 194 101
-1.2500 -6.5000 0.1700 141 146 0
-20.2500 25.0000 1.6100 148 135 86
-23.7500 -2.5000 0.1000 148 130 12
8.7500 1.5000 9.5800 1 186 102
11.8750 -14.5000 4.5300 138 233 136
12.6250 16.5000 3.1800 142 201 83
18.3750 -12.5000 3.8500 233 134 97
17.8750 -16.5000 4.4000 165 204 96
12.8750 15.0000 2.8800 139 161 122
17.2500 -0.5000 3.5500 214 102 79
11.2500 0.5000 6.6100 31 212 152
6.3750 9.0000 2.7800 128 207 116
-12.7500 -11.5000 0.1100 154 122 8
-26.8750 -0.5000 5.1500 98 254 136
6.8750 13.0000 0.9000 143 173 32
-2.0000 14.5000 0.0900 184 133 0
-18.0000 15.0000 3.4800 184 210 38
17.0000 -23.5000 3.9700 221 126 74
16.0000 1.5000 3.4300 199 91 108
-14.1250 1.5000 0.1300 188 141 0
9.3750 13.0000 0.6400 134 120 0
6.7500 22.0000 0.0900 140 141 29
-17.8750 8.0000 2.1900 154 250 95
10.6250 15.5000 3.2000 154 199 83
11.7500 -12.5000 10.0900 15 126 135
-12.2500 -21.0000 0.4000 161 141 37
-7.0000 -2.5000 0.1000 166 116 16
-16.1250 3.5000 0.1000 164 140 15
-7.0000 6.5000 0.0800 174 132 13
5.7500 -14.5000 8.0400 10 195 124
-14.3750 24.0000 2.8300 145 196 101
12.2500 -14.0000 5.9300 79 188 230
-2.1250 -15.5000 1.7100 160 206 32
11.8750 18.5000 3.4500 155 211 43
-10.8750 15.5000 0.0900 137 138 22
22.3750 -5.0000 7.1600 119 117 249
20.8750 -13.5000 3.7800 223 99 100
-17.8750 22.5000 1.6200 159 143 65
3.8750 17.0000 0.1300 158 109 14
-14.3750 -18.5000 0.5500 166 165 26
-16.3750 18.5000 3.9500 167 254 11
13.5000 23.0000 3.1400 161 183 69
0.2500 22.0000 0.0900 157 109 3
-3.0000 -14.5000 0.3200 132 133 53
6.6250 -20.0000 6.0000 65 239 142
8.5000 -8.0000 3.7200 178 229 10
18.1250 -8.5000 7.1100 106 135 254
-1.1250 -21.0000 8.5200 16 205 102
6.1250 6.5000 4.8200 94 254 93
-22.8750 23.5000 2.5400 142 254 106
4.8750 -6.0000 2.5900 131 183 93
3.3750 24.5000 0.1100 176 102 48
8.8750 26.5000 0.1000 135 128 28
7.1250 -6.0000 2.2500 126 136 75
-0.1250 -15.0000 3.9100 167 254 0
12.1250 -10.0000 3.7700 198 154 46
-12.2500 -20.5000 0.5000 166 142 30
19.5000 16.0000 7.7700 14 197 167
3.0000 14.5000 0.0900 159 98 42
-4.7500 -16.5000 0.1100 141 141 0
-0.6250 -19.5000 3.7700 165 249 5
-23.3750 -12.0000 0.1100 185 124 0
17.0000 20.5000 6.3500 42 243 147
13.3750 17.0000 3.4400 160 215 34
-15.1250 23.5000 2.9200 151 190 101
9.2500 5.5000 4.4900 107 254 55
-8.7500 24.5000 0.4100 141 160 1
13.2500 25.0000 3.0200 149 183 88
18.5000 23.5000 4.2600 146 254 21
-2.6250 22.0000 0.0900 176 126 2
19.1250 -20.5000 3.9500 242 149 64
6.3750 -18.0000 5.8200 65 244 136
10.1250 17.0000 3.1500 161 187 90
17.5000 -22.5000 3.9500 225 124 72
7.3750 3.5000 9.0600 9 195 89
5.3750 -9.5000 11.1300 0 174 86
9.6250 -23.0000 11.0600 45 97 112
-23.8750 2.5000 3.2500 179 187 78
-4.7500 25.5000 0.0900 162 131 0
13.2500 -17.0000 4.5300 147 209 133
-17.5000 3.0000 0.1000 156 122 25
6.8750 -22.5000 11.9400 14 132 69
5.1250 5.0000 6.8200 43 239 144
-26.6250 -13.5000 0.1200 169 146 2
-24.0000 -12.0000 0.0900 186 120 0
-18.7500 4.0000 1.4700 170 222 38
-27.0000 -2.0000 2.3500 153 205 93
7.6250 -9.5000 10.4600 0 185 89
-2.8750 11.5000 0.0900 174 113 9
22.0000 23.0000 5.7000 72 254 129
-1.3750 -18.0000 2.3900 137 230 72
7.3750 -2.5000 6.8800 26 238 156
-27.3750 10.0000 5.3300 89 254 133
16.7500 11.0000 4.8600 93 254 137
-19.1250 4.5000 1.9200 162 200 56
10.2500 7.5000 5.1400 73 254 131
-19.3750 -9.0000 0.1000 168 109 0
-23.1250 1.0000 0.1000 137 112 40
-12.5000 12.0000 0.0900 163 130 21
14.1250 -2.5000 6.4000 54 199 175
16.5000 -11.5000 3.8100 237 136 90
5.5000 -10.0000 7.4800 11 220 133
11.3750 -3.0000 5.6800 67 229 158
11.3750 -2.5000 6.4700 45 200 167
19.8750 3.5000 3.7600 224 135 102
-4.7500 -21.0000 2.4700 131 240 83
-13.8750 15.5000 1.7000 154 173 18
-3.0000 19.0000 0.0900 175 113 17
-19.8750 15.0000 2.5800 134 233 90
-0.2500 -18.5000 3.1300 139 197 91
3.5000 4.0000 4.6200 103 254 75
16.0000 -11.5000 3.8500 231 150 84
3.6250 -19.0000 8.1000 15 209 100
13.8750 -12.5000 3.8100 212 152 70
8.0000 -1.0000 2.8600 124 219 95
-9.6250 -16.0000 1.5300 166 205 59
13.7500 10.5000 5.5600 69 254 164
19.7500 10.5000 3.3100 178 91 138
15.6250 -22.5000 4.0000 223 127 70
14.8750 24.5000 2.7700 148 188 78
5.1250 25.0000 0.1000 159 122 41
-25.5000 3.5000 0.5200 145 138 35
15.5000 19.5000 3.2500 155 185 72
0.0000 4.5000 0.0900 146 122 52
1.5000 -18.5000 8.4100 15 202 100
9.5000 23.5000 1.5900 143 254 41
16.8750 5.0000 3.3700 183 111 111
-0.2500 -9.0000 5.9700 62 254 152
16.7500 -22.0000 3.9400 235 116 59
8.1250 1.0000 9.0100 17 223 104
-10.7500 -21.5000 0.1000 159 111 44
-19.2500 12.0000 0.1000 137 103 64
18.6250 16.0000 8.1300 9 209 151
-12.0000 -17.0000 2.0700 165 222 97
15.5000 8.5000 5.1300 87 254 170
16.0000 17.0000 3.5200 174 192 23
10.5000 -22.5000 8.6300 51 124 152
4.5000 8.5000 3.8500 166 254 0
8.6250 4.0000 6.9700 26 228 129
9.3750 24.0000 0.0900 142 88 5
-8.3750 -6.5000 0.1000 148 153 47
-15.6250 -15.0000 0.1200 151 143 29
-2.7500 -15.0000 3.3600 178 234 69
6.7500 -20.0000 6.0100 64 238 142
21.1250 16.5000 7.5000 30 185 153
21.5000 -9.0000 7.1500 110 121 254
20.6250 -2.5000 7.1200 103 156 254
-18.5000 11.0000 0.1300 142 96 67
-7.2500 5.5000 0.0800 173 125 20
17.6250 -19.5000 4.5300 179 207 148
18.6250 -14.5000 3.7300 242 97 79
7.6250 2.0000 5.9100 50 254 135
8.3750 2.5000 9.3700 11 178 95
18.1250 25.5000 2.9900 148 186 101
-26.8750 24.5000 2.0600 136 231 93
14.6250 14.0000 3.9600 148 254 20
8.7500 17.5000 1.3800 155 167 55
-1.6250 10.0000 0.1100 168 138 20
-11.5000 6.0000 0.1000 169 141 11
20.8750 15.0000 6.2600 45 210 188
-27.5000 -20.0000 5.4100 144 254 138
-23.2500 23.0000 2.5900 132 254 100
13.5000 -4.0000 5.1900 92 254 150
5.8750 -13.0000 8.0800 4 208 113
12.7500 10.0000 4.5600 110 254 85
5.2500 -8.0000 2.4500 122 184 83
-20.1250 -15.5000 0.0900 157 140 21
-25.7500 -4.0000 0.1200 151 131 14
-9.0000 15.5000 0.1000 170 138 1
9.3750 -5.0000 5.9500 54 232 143
-25.8750 -18.5000 0.0900 181 111 0
-6.5000 18.5000 0.1000 163 137 15
19.5000 -12.5000 3.8300 238 128 96
-23.2500 5.5000 0.1000 142 86 27
0.7500 -19.5000 8.8100 6 216 87
22.3750 -21.0000 4.4200 196 159 116
21.0000 21.0000 5.0600 82 254 122
20.8750 0.0000 7.0800 91 164 254
13.7500 4.0000 4.0000 153 239 33
16.0000 -21.0000 4.0100 231 143 60
8.3750 -8.5000 13.7700 4 127 92
-8.1250 7.0000 0.0900 186 142 1
-16.3750 13.5000 0.9500 143 179 27
17.3750 20.0000 9.1500 10 187 109
4.2500 5.0000 4.7200 104 254 81
7.8750 10.5000 4.3400 129 254 27
4.3750 -15.5000 4.7100 87 254 93
-19.0000 -3.5000 0.1000 170 119 22
0.3750 24.5000 0.1000 172 116 0
8.7500 -9.0000 10.4400 5 167 101
3.6250 -10.0000 3.3100 152 198 53
7.1250 -20.0000 6.0900 62 233 141
16.7500 24.5000 2.7400 147 204 77
10.7500 20.0000 2.0500 143 204 88
2.1250 -10.5000 9.0200 13 237 102
-23.3750 6.0000 0.1000 142 87 29
18.6250 21.5000 4.8100 95 254 111
21.2500 -16.0000 3.7500 238 94 81
-13.6250 9.5000 0.1400 166 145 6
8.3750 -10.0000 12.2000 0 138 95
-22.8750 21.0000 2.1300 144 254 106
12.3750 7.5000 5.0200 83 254 140
-24.0000 -22.5000 5.4400 135 254 142
-7.2500 6.5000 0.1200 177 142 14
-24.5000 -16.0000 0.0800 177 137 0
9.3750 -22.0000 9.7100 38 112 146
19.7500 23.0000 4.8900 100 254 118
8.8750 -15.5000 8.2800 27 139 160
22.1250 10.0000 3.4100 169 109 119
11.6250 -20.0000 4.0300 214 161 63
2.8750 -5.0000 2.3600 124 200 100
-13.8750 -20.5000 1.3000 172 239 47
1.7500 7.5000 0.0900 140 111 38
20.6250 -8.0000 7.1300 106 111 254
-19.8750 6.0000 1.2000 141 187 28
5.1250 17.0000 0.1500 158 94 13
12.2500 0.5000 7.2700 26 193 175
9.0000 -4.0000 3.3200 145 178 72
10.7500 11.5000 3.8100 176 254 0
15.6250 -18.5000 4.4500 167 205 114
-3.7500 -15.0000 1.8700 153 222 47
-25.6250 -1.5000 1.8400 169 170 30
-18.0000 3.0000 0.1200 155 126 25
-9.6250 21.0000 0.0900 154 182 0
-15.5000 23.0000 2.8500 148 191 103
-0.2500 -3.5000 1.0900 153 196 52
2.2500 -13.5000 8.5000 12 238 112
12.5000 -8.0000 3.7400 206 136 78
12.0000 -23.0000 4.1000 192 150 65
5.2500 -5.5000 2.2700 129 179 88
3.5000 -3.0000 2.6100 137 217 100
-3.3750 -16.5000 1.6300 153 208 71
21.1250 10.0000 3.3500 173 100 131
11.1250 12.0000 4.4200 117 254 49
16.0000 -19.0000 4.4100 171 201 106
19.5000 1.0000 7.1100 82 165 254
13.7500 18.5000 2.9400 138 174 106
-3.8750 -14.5000 3.5000 184 233 46
16.5000 -1.0000 3.6300 220 117 70
14.1250 -5.0000 3.6700 199 153 66
-11.1250 -15.5000 1.9600 159 235 98
-23.8750 2.0000 0.1100 139 103 21
19.2500 -15.5000 3.7500 240 105 65
18.2500 17.0000 8.6700 11 200 131
10.3750 -23.5000 11.0300 56 77 123
-24.0000 3.5000 2.1400 137 254 62
-22.3750 19.0000 1.2000 142 166 46
7.8750 -22.5000 12.6200 15 105 76
-11.6250 3.5000 0.1000 189 141 0
2.7500 -5.0000 2.3600 123 200 101
-22.5000 -20.5000 5.3500 138 254 145
3.8750 -3.0000 2.2400 142 210 76
16.7500 -11.5000 3.8400 233 145 87
-12.7500 22.5000 2.6600 144 208 108
-2.0000 -22.5000 8.8000 24 204 86
10.3750 -18.5000 4.0600 181 188 42
12.3750 17.5000 3.4700 163 213 32
-14.0000 12.5000 0.7800 150 187 33
-12.8750 -10.0000 0.1100 147 135 29
-13.0000 12.0000 0.1000 161 132 24
5.1250 -8.5000 2.7500 121 193 83
-4.2500 -17.5000 1.5200 162 199 22
-25.2500 -22.0000 5.4700 135 254 157
-13.8750 -18.5000 0.6000 173 163 20
-16.2500 17.5000 3.3900 185 180 57
1.7500 -18.0000 10.2400 0 202 96
7.0000 3.5000 5.7800 55 254 148
-13.6250 26.0000 2.5700 143 200 82
3.8750 -12.0000 9.0000 0 223 100
-2.5000 17.0000 0.0900 177 111 0
17.3750 16.5000 7.7800 17 212 135
-16.3750 -22.0000 5.5600 134 254 165
-27.3750 -4.0000 1.3100 144 254 69
-19.8750 -2.5000 0.1200 190 130 0
12.6250 -16.0000 4.5000 139 224 127
-7.1250 -7.0000 0.5800 141 204 67
16.6250 -9.5000 6.6300 96 162 254
-12.5000 4.0000 0.1200 185 153 0
-14.8750 -12.0000 0.1000 164 143 14
4.0000 -17.5000 7.0100 20 224 134
-17.1250 13.5000 1.1100 144 227 22
19.0000 19.0000 4.7600 95 254 110
1.7500 -13.0000 8.6600 24 237 98
-1.5000 -22.5000 4.0500 137 254 0
7.8750 -3.5000 6.0600 49 244 152
-8.3750 26.0000 2.0500 156 206 68
-26.0000 10.0000 0.1300 137 117 49
-4.1250 -17.0000 1.2700 158 200 38
13.6250 6.5000 5.7900 62 242 176
5.5000 -13.5000 7.1500 18 222 128
-1.3750 -19.0000 2.9600 134 205 89
-20.1250 3.0000 0.1200 138 122 21
6.6250 4.5000 7.1900 23 229 133
16.6250 19.5000 8.7800 14 191 119
0.8750 -23.5000 11.3300 18 165 52
0.8750 2.5000 4.3200 141 254 11
2.5000 0.5000 3.4300 169 221 21
14.1250 -3.5000 6.6100 46 198 167
-16.0000 1.5000 0.1100 161 117 18
10.0000 0.5000 7.8300 15 206 131
-11.5000 -1.5000 0.1100 179 136 1
14.0000 14.5000 3.1600 149 183 90
-1.7500 -17.0000 0.6900 149 147 15
9.1250 -23.5000 11.9800 32 101 78
-16.0000 24.5000 2.8900 146 186 110
-2.6250 -1.5000 0.1100 144 135 41
8.7500 18.5000 1.4500 147 182 62
21.8750 22.5000 6.5500 55 208 131
-1.3750 -9.0000 6.6200 68 254 131
13.7500 -13.5000 3.7900 205 122 73
-16.3750 17.5000 3.5100 192 187 39
-27.5000 8.0000 7.3700 40 226 148
-7.5000 22.5000 0.0900 154 167 0
3.7500 10.5000 3.7100 187 254 0
-23.5000 -21.5000 5.4100 136 254 151
14.6250 -4.5000 3.7100 214 124 75
12.2500 11.5000 4.9600 82 254 134
-3.6250 -23.0000 3.6300 175 214 0
-26.3750 -20.5000 5.4100 141 254 157
0.6250 -23.0000 11.6400 16 178 45
3.5000 0.0000 7.0900 36 247 113
-23.3750 -7.5000 0.1100 174 115 0
-3.7500 -22.0000 7.9800 29 211 101
7.8750 -5.5000 5.5000 61 254 135
-8.7500 16.0000 0.0900 167 142 3
14.5000 13.0000 4.0800 140 254 20
14.1250 26.0000 2.7800 143 189 78
-10.2500 7.5000 0.0700 161 138 21
-27.6250 21.0000 0.0900 124 118 36
7.8750 15.0000 1.4900 155 228 50
-1.1250 18.0000 0.1000 163 119 0
10.8750 7.0000 3.9700 149 254 0
-19.6250 2.0000 0.1100 145 127 22
20.2500 8.0000 3.4900 195 124 104
0.2500 -18.5000 3.1700 147 194 83
-25.0000 -0.5000 0.1700 128 113 33
14.1250 17.0000 2.2000 137 132 59
18.8750 -6.5000 7.1100 97 131 254
-17.5000 -21.5000 5.5900 134 254 157
-11.7500 23.5000 2.5500 148 215 82
-23.3750 12.5000 0.0800 154 98 11
21.3750 6.5000 3.4900 193 101 130
18.7500 15.0000 6.3100 41 226 197
-18.3750 -22.0000 5.4000 142 254 145
7.8750 12.5000 1.3600 137 202 53
-18.2500 20.5000 2.3700 145 197 115
8.3750 -2.0000 6.9400 25 240 143
18.6250 -10.0000 7.2000 96 123 254
17.1250 -22.5000 3.9500 225 123 75
7.8750 9.5000 5.1800 86 254 131
-0.8750 16.5000 0.1000 160 138 16
-20.5000 -8.5000 0.1000 184 96 0
21.1250 -14.5000 3.7500 232 101 80
-23.8750 26.0000 2.6200 131 254 106
1.7500 10.0000 0.1000 153 141 22
1.3750 -20.5000 9.0300 5 213 77
5.3750 -17.5000 3.9700 155 230 0
-3.7500 -14.0000 4.3900 139 254 47
-24.1250 23.0000 2.7000 132 254 113
3.8750 -12.0000 8.7800 0 225 105
7.6250 11.5000 3.8500 177 254 16
12.3750 26.0000 2.7300 138 227 97
-16.1250 -23.0000 5.3400 146 254 144
21.8750 -1.5000 7.1300 110 147 254
-14.0000 -12.0000 0.0800 158 143 13
15.6250 16.0000 3.6500 164 217 10
-12.2500 -13.0000 2.8400 139 235 114
-3.1250 1.0000 0.0900 152 112 40
21.5000 17.5000 7.5200 22 192 151
11.6250 1.0000 6.4500 39 214 157
6.1250 0.5000 4.0300 134 254 10
3.8750 -22.5000 5.4700 60 254 107
8.8750 -16.0000 8.6000 21 142 135
-25.3750 25.5000 2.9200 123 254 120
1.8750 -21.5000 5.8700 54 251 130
-10.3750 -13.5000 2.5400 150 235 85
6.7500 10.5000 1.8100 143 217 71
21.8750 9.5000 3.4100 170 110 119
14.1250 13.0000 3.8300 165 254 12
13.5000 14.5000 3.0700 148 174 104
11.2500 -12.0000 11.4800 6 119 106
2.5000 1.5000 7.1700 35 230 121
-19.5000 -5.5000 0.1100 173 133 0
22.2500 -4.5000 7.1900 118 119 248
14.7500 -9.5000 3.8100 215 127 67
19.2500 -19.5000 4.7300 175 198 178
2.1250 -11.0000 2.0600 132 240 65
16.1250 8.5000 4.7600 102 254 128
17.3750 5.0000 3.3500 189 84 154
8.8750 -13.0000 9.8200 4 148 117
16.5000 -15.5000 5.5200 102 195 217
7.7500 3.0000 6.3800 37 254 145
3.8750 -7.0000 3.8400 169 245 0
19.2500 -16.5000 5.1500 135 207 201
8.7500 -1.5000 8.1900 27 198 111
-0.1250 -18.5000 3.1300 141 196 90
19.2500 12.5000 6.8200 33 190 198
2.7500 -22.0000 9.2600 13 199 61
-23.5000 22.0000 1.8600 145 235 67
17.5000 -23.5000 3.9800 220 129 72
-2.7500 19.0000 0.0800 173 124 5
-24.1250 12.5000 0.1000 155 97 13
22.3750 8.5000 3.6200 182 140 96
-2.7500 -11.0000 0.1300 149 128 12
-25.3750 15.0000 0.1100 149 111 27
11.3750 16.5000 3.6300 169 240 9
-26.6250 2.5000 1.7800 126 223 75
-19.1250 4.5000 1.8500 165 197 50
-0.6250 26.0000 0.1000 170 135 0
10.8750 14.5000 3.1300 151 199 89
22.0000 3.0000 7.0600 82 172 249
21.8750 17.5000 7.7100 35 181 137
-21.0000 -22.0000 5.3500 143 254 132
4.0000 9.5000 4.8800 103 254 100
10.5000 22.0000 2.4300 129 239 106
10.5000 -22.0000 4.0800 201 185 43
19.3750 17.0000 7.7800 10 208 160
13.8750 25.0000 2.7800 142 190 86
8.6250 -21.5000 4.1100 171 200 16
0.3750 1.5000 1.6400 162 236 73
-21.2500 -10.5000 0.1100 193 127 15
6.5000 0.5000 7.4500 27 232 128
19.5000 6.0000 3.4000 205 81 147
13.6250 11.0000 5.4600 63 254 154
4.5000 -10.0000 3.9900 141 254 0
-10.5000 13.5000 0.0900 161 151 9
21.1250 24.0000 5.9400 65 254 151
4.2500 10.0000 4.0700 141 254 0
1.7500 -17.5000 3.3900 166 203 48
6.8750 -22.0000 6.4200 49 210 132
21.6250 4.5000 7.1900 79 158 225
-24.7500 8.0000 4.9600 103 254 128
10.0000 -16.5000 4.5700 118 221 118
-3.7500 -17.0000 1.4000 156 200 64
6.8750 -17.5000 9.7900 8 157 89
-22.6250 24.0000 2.3500 159 207 93
21.7500 3.5000 7.1000 87 156 225
16.2500 -18.0000 6.1200 90 161 230
2.5000 8.5000 2.1200 138 254 46
22.0000 21.5000 5.5800 71 254 129
2.0000 -10.5000 3.9400 154 254 16
8.1250 0.5000 2.3900 124 215 89
1.1250 -11.0000 4.8400 102 254 101
9.7500 -5.5000 3.1400 141 154 76
9.5000 8.5000 5.1300 75 254 142
-17.3750 4.5000 0.1200 159 140 17
8.8750 -10.0000 12.6300 0 132 92
-8.8750 -3.5000 0.1000 183 118 25
-9.0000 3.0000 0.1100 190 125 12
-19.3750 -9.5000 0.0900 167 111 0
-27.3750 6.0000 4.7500 105 254 109
10.5000 -14.5000 8.3800 21 137 163
17.2500 -8.5000 7.2000 84 142 254
-27.1250 -5.0000 0.0900 147 135 21
-10.7500 -20.5000 0.0900 154 120 51
3.0000 -10.0000 4.2700 120 254 24
-25.0000 3.0000 3.0500 168 202 94
9.3750 13.0000 3.1900 157 192 90
1.0000 10.5000 0.1000 156 140 21
19.0000 -1.5000 7.1500 97 158 254
-24.0000 -20.0000 5.4000 139 254 160
18.6250 -13.0000 3.8400 237 129 89
-3.5000 24.5000 0.0800 170 113 4
-9.5000 -7.5000 0.1100 141 153 57
0.3750 -2.5000 1.6900 150 220 61
-22.8750 6.0000 0.1000 149 112 26
-6.0000 -22.0000 1.9600 143 234 65
15.6250 -1.0000 3.5100 214 97 82
11.8750 -6.5000 4.2600 152 238 67
12.5000 7.0000 4.9000 89 254 132
-6.3750 -21.5000 2.5800 136 247 97
-23.2500 -19.0000 0.0800 193 95 0
-15.1250 17.5000 2.7600 148 189 108
13.1250 3.0000 4.2800 128 254 54
8.0000 -17.5000 10.1600 12 145 82
20.8750 -15.0000 3.7500 234 103 73
20.3750 -6.0000 7.1300 100 125 254
0.8750 3.0000 0.0700 151 111 29
-25.0000 22.0000 0.9300 137 141 13
-4.8750 -21.0000 1.7400 149 220 46
19.3750 6.5000 3.3700 200 80 155
19.6250 -15.5000 3.7500 239 106 65
-14.7500 -19.5000 0.7700 178 179 26
10.3750 -2.0000 8.8500 6 182 106
2.1250 2.0000 6.4200 70 254 142
-4.6250 10.0000 0.1000 180 124 0
-1.2500 6.0000 0.0900 161 117 28
9.1250 -8.0000 3.6200 183 170 32
8.6250 18.5000 1.4500 147 182 62
-20.6250 -8.0000 0.1100 182 100 0
-14.2500 12.0000 1.2300 149 226 11
9.2500 -20.5000 4.0700 200 204 34
20.3750 -4.0000 7.1500 112 128 254
10.0000 2.0000 8.5400 12 192 103
11.6250 6.5000 7.7000 21 198 154
8.5000 -13.0000 11.0500 1 135 104
-18.3750 -21.0000 5.6500 129 254 166
7.2500 -5.0000 3.3000 150 194 71
5.0000 23.5000 0.0900 173 101 41
-22.0000 20.0000 2.3700 136 219 96
-17.5000 6.0000 1.2600 153 198 53
-2.5000 18.5000 0.1000 175 117 0
0.0000 -2.0000 1.3700 150 205 60
7.7500 -12.5000 10.9500 0 173 81
-24.8750 -8.0000 0.1000 173 154 0
13.6250 -9.5000 3.8000 205 145 70
10.0000 2.5000 4.7800 90 254 101
6.5000 -13.0000 11.1900 0 173 82
20.1250 8.0000 3.4500 196 114 112
18.1250 13.0000 7.3300 25 192 167
-26.0000 7.0000 1.5000 166 203 41
11.3750 -8.0000 4.4700 121 248 103
19.1250 -23.0000 3.9300 231 129 78
-1.1250 -18.0000 8.9900 14 210 114
5.8750 17.0000 0.2700 145 111 25
-15.6250 -12.5000 0.0800 164 144 16
6.3750 3.0000 2.6000 123 233 94
9.7500 26.0000 0.4900 129 165 25
-5.3750 -20.5000 2.2100 135 240 80
2.2500 -8.0000 5.8000 58 254 142
-21.0000 -1.5000 0.1500 181 126 0
-8.6250 8.0000 0.1700 191 159 0
20.3750 2.0000 7.1200 86 155 254
17.6250 26.0000 2.6400 129 222 101
-15.6250 13.5000 2.0600 144 196 46
16.8750 7.5000 4.3200 131 245 69
-12.3750 -20.5000 0.1700 151 130 53
22.0000 -0.5000 7.1500 110 146 250
-15.3750 21.0000 3.1300 171 199 90
-19.5000 7.5000 1.8400 144 232 95
12.3750 -10.0000 5.6900 91 223 188
5.3750 25.0000 0.0900 158 122 39
19.5000 -19.5000 4.5900 183 194 158
-14.1250 -11.0000 0.0900 156 149 19
-22.6250 -21.0000 5.3800 137 254 145
11.1250 -17.0000 4.5600 123 215 116
1.7500 -7.5000 5.7800 66 254 141
13.0000 -10.5000 3.7600 213 140 74
-10.6250 16.5000 0.0800 143 135 14
3.0000 5.0000 4.8100 100 254 96
7.0000 -6.0000 2.5200 127 153 89
-27.2500 7.5000 7.1600 41 231 151
17.5000 -12.0000 3.8200 231 135 92
17.5000 26.0000 2.3600 134 222 89
-17.1250 20.0000 2.4600 141 195 109
15.2500 0.5000 3.5800 213 106 79
21.5000 -22.0000 3.8800 234 118 74
21.2500 18.0000 8.2200 15 191 133
14.2500 -18.5000 4.0800 196 150 77
-24.5000 2.0000 0.1200 139 102 22
0.7500 8.5000 0.0900 149 115 39
-26.3750 1.5000 4.2900 134 254 50
0.2500 -17.5000 9.6500 0 213 109
-13.5000 21.0000 3.2500 174 224 69
-15.5000 12.5000 1.9000 137 234 31
-0.2500 -2.0000 1.4400 150 209 63
7.2500 18.0000 0.9800 156 185 39
5.8750 26.0000 0.0900 151 128 44
8.7500 4.5000 4.6100 94 254 79
-22.7500 2.5000 0.0900 128 111 49
17.2500 -12.5000 3.8500 222 136 79
7.1250 -0.5000 5.7200 62 254 156
6.5000 -5.0000 2.4400 122 152 89
18.2500 1.5000 3.6700 226 112 101
8.2500 -12.0000 11.9000 0 139 90
8.6250 14.5000 1.2900 160 145 30
13.3750 -19.0000 4.0300 209 152 71
17.1250 26.0000 2.6300 130 219 97
17.0000 21.5000 3.9500 159 254 0
-23.5000 -20.5000 5.3700 139 254 155
15.2500 -3.0000 3.6300 228 119 68
2.8750 -20.5000 7.2800 20 220 111
21.2500 17.5000 7.3300 23 194 158
-25.2500 2.5000 3.5600 197 188 53
14.7500 -15.5000 4.3600 155 205 104
7.2500 -20.5000 6.1000 60 231 141
16.6250 10.0000 4.5500 109 254 92
16.1250 17.0000 3.5700 176 199 15
-15.0000 -4.5000 0.1200 178 119 43
-17.1250 23.5000 2.6100 138 211 118
-25.3750 -16.5000 0.0900 179 128 0
-16.6250 13.5000 0.8200 138 172 40
-16.8750 -17.5000 0.1000 136 136 19
-8.3750 18.0000 0.1000 141 163 11
-4.2500 -3.0000 0.1100 165 122 14
-11.5000 -19.5000 1.4100 176 199 43
22.0000 18.5000 8.6000 26 181 101
21.1250 -16.0000 3.6900 242 81 88
-8.3750 6.5000 0.0800 174 126 19
3.8750 -12.0000 3.6800 180 220 0
-27.0000 5.0000 0.4900 125 129 68
-24.5000 23.5000 2.5700 130 254 116
19.3750 22.5000 4.8400 102 254 111
-15.7500 10.5000 1.7800 172 192 42
-23.7500 12.0000 0.0900 157 95 9
1.7500 -22.5000 9.0500 17 202 65
11.7500 -11.0000 8.1500 28 176 158
-27.6250 -1.5000 5.0500 102 254 125
-0.2500 26.0000 0.1000 169 135 0
12.7500 -15.5000 4.4200 150 227 112
-0.2500 25.0000 0.1000 166 130 1
-19.0000 16.5000 3.5100 175 221 38
-17.0000 -20.0000 1.4700 198 193 27
-20.5000 -20.5000 5.6100 128 254 147
17.1250 -2.0000 3.6000 222 116 81
17.2500 18.5000 8.7100 9 198 107
21.6250 6.5000 3.4900 192 101 130
-10.5000 -13.0000 2.2800 128 245 96
21.0000 -9.5000 7.1400 113 113 254
-25.1250 1.0000 3.3100 188 193 73
17.2500 3.0000 3.4600 199 102 121
10.5000 8.0000 4.5900 101 254 68
2.1250 -16.5000 10.0900 1 214 103
9.2500 -16.5000 8.4600 37 137 148
4.1250 -23.5000 5.5300 75 230 103
0.6250 -7.0000 4.8800 103 254 95
-17.1250 -22.5000 5.3500 146 254 151
9.5000 -11.0000 11.7100 0 122 105
-11.1250 -9.0000 1.6900 155 254 64
-12.0000 -14.5000 2.4000 153 250 122
16.0000 -16.5000 4.4400 158 209 112
6.3750 16.0000 0.1200 130 98 26
-12.3750 11.5000 0.0900 166 129 19
13.1250 -5.0000 5.1800 96 250 171
2.6250 19.0000 0.0700 148 96 55
19.2500 -10.0000 7.2100 103 129 254
-26.6250 -4.5000 0.0900 148 133 17
3.6250 15.0000 0.0800 159 95 38
16.8750 5.0000 3.3800 183 112 110
-19.5000 -20.0000 0.1100 166 110 21
10.0000 -13.0000 12.2500 3 120 94
14.1250 1.5000 4.7000 104 253 123
5.3750 0.5000 4.8500 91 254 103
6.5000 3.0000 0.6100 130 103 2
12.7500 2.5000 6.7500 30 217 178
18.6250 5.0000 3.3600 196 73 156
8.7500 11.0000 3.7400 175 228 9
1.8750 2.5000 1.7700 135 248 52
17.6250 17.5000 5.4500 63 254 158
-8.3750 -17.5000 0.1000 157 97 16
17.1250 25.5000 2.4000 133 224 90
5.1250 -7.0000 2.3400 115 177 76
-13.2500 23.0000 2.7200 140 205 99
-0.2500 -2.5000 1.3100 152 205 59
7.5000 -1.5000 6.1500 50 241 151
17.0000 -9.5000 7.3000 81 142 254
-8.3750 -11.5000 2.1600 158 208 62
-27.5000 -22.5000 5.4100 144 254 127
-13.0000 -3.5000 0.1100 167 137 14
-27.0000 17.5000 0.1000 131 146 8
6.2500 21.5000 0.0900 144 139 26
18.5000 -13.5000 3.7900 240 118 90
-18.1250 7.0000 1.7000 137 225 78
7.0000 -18.0000 9.1300 10 169 95
10.5000 -3.0000 6.8800 26 223 135
-24.0000 1.5000 4.3800 135 254 50
21.2500 13.0000 3.4000 172 131 79
1.8750 -0.5000 4.5000 117 254 43
7.8750 25.0000 0.1000 137 121 29
16.6250 18.0000 8.5600 6 205 115
-8.2500 -11.5000 2.3300 157 210 71
4.1250 -12.0000 4.5500 96 254 64
-10.7500 -11.5000 1.4400 140 218 67
17.2500 5.0000 3.3500 188 86 136
-19.3750 -10.5000 0.1000 165 129 4
15.0000 23.0000 2.8700 145 203 82
1.0000 -17.0000 9.8800 0 208 105
-20.0000 -16.5000 0.0900 153 139 18
-26.3750 3.0000 7.0400 35 250 157
5.0000 7.5000 3.0900 164 205 50
10.0000 -9.5000 4.2400 135 254 28
6.6250 -11.5000 12.4200 0 163 71
-3.8750 16.5000 0.0800 178 135 5
-27.3750 -5.0000 2.3500 141 254 70
7.6250 11.0000 1.3000 145 193 45
8.5000 -15.0000 12.1400 7 110 101
5.2500 -1.5000 5.9400 66 254 151
8.8750 19.5000 1.9400 146 207 99
22.0000 21.5000 5.3500 77 254 125
-3.6250 -7.5000 0.0700 158 116 18
1.7500 2.5000 0.0900 147 112 25
16.8750 5.0000 3.4100 185 115 105
17.2500 25.5000 2.3000 137 224 85
-21.1250 20.5000 3.1600 181 190 78
19.0000 -3.5000 7.2500 92 156 254
14.8750 -13.0000 3.8000 223 129 84
-25.7500 4.5000 5.7900 71 254 160
-13.0000 26.0000 2.8800 138 206 94
-16.8750 -19.5000 1.5400 197 195 31
-14.6250 18.0000 2.8800 148 190 108
-6.1250 -22.5000 1.9200 143 233 61
11.7500 0.0000 7.0100 32 194 173
3.8750 -18.0000 8.8900 4 210 93
-20.3750 5.0000 0.1200 135 142 6
9.2500 -18.0000 4.0900 171 198 37
-15.6250 -15.0000 0.1000 150 142 29
10.7500 10.0000 2.6500 124 169 103
-19.3750 11.0000 0.0900 138 100 69
20.7500 18.0000 7.8700 12 199 152
17.8750 15.5000 8.3200 4 218 147
-6.8750 -10.0000 0.4600 158 173 24
21.1250 21.0000 5.1800 77 254 130
14.5000 -13.0000 3.8200 207 142 69
0.2500 -1.5000 0.9300 148 192 43
8.2500 11.5000 1.5700 131 181 42
16.0000 25.0000 2.7200 145 202 78
10.2500 -2.5000 6.5800 39 216 145
-6.1250 9.5000 0.1200 175 151 3
18.2500 -18.0000 6.4000 109 147 223
21.5000 9.5000 3.3600 171 104 129
-26.8750 4.0000 5.9000 69 254 161
-10.5000 -17.0000 1.6100 180 213 69
-22.3750 19.0000 1.1600 141 165 46
15.1250 -23.0000 3.9900 214 118 64
6.1250 -18.5000 7.4200 27 194 121
5.6250 -21.5000 5.7700 72 229 123
-18.3750 16.0000 3.7800 171 250 0
12.1250 -7.5000 3.7300 198 151 70
12.0000 22.0000 2.5700 147 188 84
5.1250 8.0000 3.4900 182 205 21
15.5000 -5.5000 3.7600 233 125 93
13.8750 16.5000 2.4200 129 139 90
20.7500 -9.5000 7.1700 111 113 254
-23.7500 9.0000 0.1000 142 111 38
-24.2500 -19.0000 5.5000 134 254 146
-26.0000 20.5000 0.1000 134 115 10
17.8750 6.5000 3.3300 178 105 138
11.6250 11.0000 4.9000 92 254 114
-14.1250 -2.5000 0.1100 176 104 0
0.2500 -23.0000 7.1300 33 232 101
-21.3750 25.5000 1.6600 141 174 82
14.0000 -19.5000 4.0400 209 150 70
14.8750 0.0000 4.2400 152 228 89
6.2500 4.5000 7.8900 19 209 121
8.5000 0.0000 7.1700 33 239 127
7.5000 5.0000 3.7000 160 222 9
18.6250 -7.5000 7.1300 104 142 254
4.8750 -2.0000 3.4900 186 188 6
0.6250 -2.0000 1.0900 149 195 50
-18.2500 -1.0000 0.1100 187 125 0
17.5000 -1.5000 3.6300 222 98 74
11.6250 -14.0000 8.5200 27 149 171
10.3750 13.5000 4.0700 140 254 0
9.3750 -9.0000 5.8100 56 243 163
21.2500 3.5000 7.0700 86 159 228
13.2500 10.5000 5.4400 71 254 164
3.0000 -20.0000 7.2500 22 220 112
9.6250 2.5000 5.3500 68 254 139
16.2500 -16.5000 6.7000 78 138 216
-8.1250 -13.5000 2.7200 161 209 107
18.1250 20.5000 5.4900 64 254 157
9.8750 -13.0000 12.4500 2 119 91
-1.6250 1.0000 2.1300 158 254 88
-2.0000 -12.5000 3.9400 158 254 24
-16.0000 23.0000 2.4600 143 188 106
-14.1250 19.5000 3.0600 163 188 92
19.6250 -16.5000 3.7700 243 108 66
-19.6250 -8.0000 0.1000 189 99 0
15.3750 1.5000 4.7500 112 243 155
10.2500 3.5000 9.2800 2 190 100
13.3750 22.5000 3.2700 169 179 46
-21.1250 10.5000 0.1100 153 111 0
6.5000 14.5000 0.6700 153 153 13
21.1250 4.5000 3.6800 214 115 112
21.3750 -19.0000 4.6000 181 190 135
10.7500 12.5000 3.8800 167 254 0
20.3750 0.5000 7.1000 87 164 254
-18.5000 5.5000 1.8900 147 226 83
18.8750 -4.5000 7.1200 97 130 254
13.6250 -23.5000 4.0300 207 123 72
-8.5000 7.5000 0.0900 185 145 2
-7.0000 14.5000 0.0900 178 141 8
-8.0000 -10.0000 0.9300 166 213 54
14.8750 2.0000 4.7800 109 239 156
19.5000 9.5000 3.2900 187 94 146
0.5000 -2.5000 2.0100 147 238 61
2.7500 16.5000 0.0900 148 132 33
2.1250 -22.5000 6.1700 49 233 118
-18.7500 21.5000 1.6700 149 158 53
13.6250 5.5000 6.7300 29 210 172
19.5000 13.5000 5.7200 60 254 180
19.7500 14.0000 7.7200 13 201 164
-11.2500 14.0000 0.0900 140 134 19
-12.2500 23.5000 2.7100 143 219 102
4.1250 -19.5000 8.7300 14 194 83
-23.3750 16.5000 0.0800 146 117 11
-18.5000 -9.5000 0.1000 170 103 0
-13.8750 -20.0000 0.3600 177 117 14
-0.5000 9.0000 0.1100 152 125 43
-8.0000 -14.5000 0.1800 135 133 51
-16.7500 12.0000 0.6400 154 176 56
9.8750 -14.0000 8.5800 17 138 157
-25.6250 11.5000 1.1300 169 241 8
-6.1250 -9.5000 1.1800 150 254 55
-15.3750 19.0000 3.4900 189 193 43
11.5000 -1.0000 5.1000 86 254 136
9.5000 -8.5000 7.0300 32 197 156
-27.3750 25.0000 0.1000 114 110 56
-10.7500 25.5000 3.3400 185 211 58
20.1250 13.0000 3.8200 180 216 25
8.0000 16.0000 1.7800 172 219 63
7.5000 8.0000 4.8000 102 254 93
19.5000 -5.0000 7.1100 96 129 254
-18.3750 14.0000 2.6200 124 232 103
-7.6250 -12.0000 0.5700 149 146 44
18.2500 7.5000 3.2100 163 93 164
12.6250 -2.5000 6.7500 38 196 180
-25.8750 8.5000 2.6400 147 237 88
6.1250 5.0000 5.9200 58 254 148
-0.2500 -20.0000 3.8900 162 254 0
14.1250 13.0000 4.0800 141 254 20
14.5000 1.5000 4.7800 100 251 130
-16.5000 10.0000 1.0500 161 191 22
6.3750 -20.5000 8.0200 23 171 128
12.1250 3.5000 6.3600 42 223 180
9.3750 26.5000 0.2500 133 137 29
-16.0000 23.0000 2.8500 146 190 105
21.3750 -13.0000 3.8000 217 101 104
5.2500 6.5000 2.4700 141 227 70
3.6250 21.5000 0.1100 169 100 39
-18.1250 -1.5000 0.1200 165 125 29
5.2500 16.0000 0.0900 142 99 10
8.5000 18.0000 1.4200 149 178 60
-11.7500 21.5000 0.2700 136 153 0
6.6250 -16.5000 7.2200 26 189 133
-12.5000 -10.5000 0.1200 150 127 14
5.1250 -9.5000 4.9200 83 254 104
10.6250 -7.0000 6.4800 47 201 153
1.6250 -23.0000 12.8900 17 157 31
10.5000 12.0000 2.5300 133 173 105
-4.2500 16.5000 0.0900 185 137 0
-1.0000 -21.0000 8.0200 21 207 111
-17.6250 12.0000 0.1400 140 97 60
0.2500 -10.5000 3.9100 166 254 14
18.7500 7.5000 3.2900 173 97 154
13.8750 -19.5000 4.0400 212 148 71
14.6250 -2.5000 6.6400 58 194 187
7.3750 -11.0000 11.7500 0 164 77
6.6250 -21.0000 10.5500 3 154 68
-21.5000 11.5000 0.1200 143 113 0
11.0000 -20.5000 4.0300 209 179 41
6.6250 -21.0000 12.5500 0 130 70
11.5000 21.0000 2.5400 142 209 93
9.0000 -5.5000 3.2700 149 156 63
-18.2500 5.5000 1.7600 148 221 77
-24.7500 12.0000 0.7500 168 212 16
-1.8750 -11.0000 4.6500 120 254 88
9.3750 -2.5000 5.4400 66 254 145
-23.6250 23.5000 2.7300 132 254 106
11.2500 7.0000 4.1400 140 254 17
20.5000 -9.0000 7.1200 104 128 254
13.2500 5.5000 3.6500 188 186 37
-25.6250 -10.5000 0.1000 173 140 0
0.2500 -12.0000 4.8100 105 254 101
-7.5000 24.0000 0.0900 142 151 0
12.8750 -4.0000 5.4600 81 248 167
-13.7500 19.5000 2.1600 148 196 55
6.2500 19.0000 1.4600 171 211 53
15.0000 13.5000 4.5400 104 254 96
10.8750 -1.5000 4.6900 96 254 75
-11.0000 -11.0000 1.8400 135 233 81
-6.8750 -13.5000 2.2000 162 241 97
-17.2500 -10.0000 0.1100 175 127 0
-15.5000 26.0000 1.6200 136 170 73
-20.7500 24.0000 1.6000 147 164 75
-25.7500 12.5000 0.3800 158 153 24
12.1250 -19.0000 4.0400 210 157 62
5.0000 -14.0000 4.0300 144 254 6
12.3750 -5.0000 5.5300 83 237 182
-1.2500 8.5000 0.0800 165 121 26
22.2500 -12.5000 3.8800 203 122 105
9.8750 -17.5000 4.0900 173 197 38
17.8750 17.0000 8.2900 10 201 131
2.6250 8.0000 2.7200 142 254 73
6.5000 9.0000 0.7900 141 149 16
-27.0000 18.5000 0.1000 126 134 16
3.6250 10.5000 3.5500 190 235 14
13.3750 3.5000 5.6100 64 254 180
-10.0000 24.5000 1.7400 159 194 47
-27.3750 -1.5000 4.1500 155 254 32
13.8750 -10.0000 3.7600 210 124 72
20.2500 -4.0000 7.1100 112 130 254
11.6250 -3.5000 5.1800 80 254 130
-4.3750 -4.5000 0.1000 161 153 20
-3.5000 -15.0000 3.8700 180 254 0
19.5000 24.0000 4.5500 122 254 73
-16.5000 17.5000 3.4400 187 182 50
4.1250 -17.5000 7.2800 15 218 131
-7.0000 21.0000 0.0900 151 151 34
-23.0000 -22.5000 5.4200 144 254 141
10.0000 9.0000 2.9600 139 181 110
16.6250 15.5000 6.8500 25 224 165
-18.8750 26.0000 1.5600 149 122 79
2.2500 25.5000 0.1000 159 119 28
-5.3750 9.0000 0.1000 176 139 0
4.6250 6.0000 2.6300 154 219 81
9.7500 0.5000 6.2200 52 235 144
13.2500 8.0000 4.4900 120 254 70
-14.5000 -16.5000 0.7100 168 191 44
6.3750 -20.5000 7.9500 24 171 129
3.6250 -23.0000 8.1100 23 195 74
13.3750 -7.0000 3.7100 205 154 70
17.0000 -9.0000 7.1400 84 146 254
-21.3750 -10.0000 0.1000 182 97 0
-25.3750 4.0000 6.8800 37 254 161
0.2500 -17.5000 2.3800 125 239 75
21.8750 16.0000 6.5000 52 184 171
14.8750 -5.0000 3.8000 214 152 80
19.3750 22.5000 5.0100 94 254 125
20.1250 14.0000 7.4400 17 197 166
-10.6250 -18.5000 0.3900 142 132 44
4.6250 3.0000 5.0800 82 254 119
2.6250 -11.0000 8.9600 6 220 104
3.2500 -8.5000 4.1000 138 254 0
2.2500 -19.5000 6.9600 28 233 109
3.8750 6.0000 3.3600 193 209 38
-20.5000 -20.0000 5.3400 137 254 133
8.8750 -1.0000 8.2300 25 195 113
0.5000 -13.5000 2.0200 143 213 94
16.8750 -18.5000 6.3500 88 148 218
14.0000 -0.5000 6.3000 51 207 178
1.3750 1.5000 6.0300 78 254 142
20.6250 1.0000 7.0600 89 161 254
-26.7500 8.0000 6.2800 67 254 156
19.7500 13.0000 5.4800 73 254 188
-26.2500 5.0000 7.2100 35 231 149
10.1250 -10.0000 11.7200 9 140 102
2.0000 22.0000 0.1000 161 109 52
17.7500 -3.5000 3.7100 233 124 92
-15.5000 1.5000 0.1200 162 115 16
-15.3750 17.0000 2.7900 148 189 107
4.1250 9.5000 4.7600 108 254 84
-26.3750 25.0000 2.1000 135 240 94
-12.0000 21.0000 0.0800 133 155 0
-13.6250 -16.5000 0.1600 170 120 3
-6.1250 2.5000 0.1000 169 134 12
19.2500 21.5000 4.9700 88 254 126
16.8750 19.5000 8.6400 16 190 118
19.3750 -16.0000 3.7200 238 99 68
-11.0000 17.5000 0.1100 139 122 10
-25.8750 -3.0000 0.6500 166 193 22
17.5000 -22.5000 3.9500 225 124 72
19.2500 16.5000 7.7600 13 208 156
-17.3750 -20.0000 0.1500 165 102 14
17.2500 8.5000 4.1300 146 254 20
21.6250 11.5000 3.3300 160 100 128
1.8750 18.5000 0.0900 145 110 32
5.5000 7.0000 3.1200 146 203 76
19.5000 -8.0000 7.1500 104 132 254
5.7500 11.5000 1.2000 145 203 55
-17.6250 -2.0000 0.1200 166 120 24
-13.5000 -5.5000 0.1000 170 122 29
-25.5000 1.0000 0.1100 130 104 16
-27.1250 13.5000 0.0800 124 122 52
20.3750 9.0000 3.3600 189 103 131
8.8750 -1.0000 6.5000 43 239 137
-4.5000 -15.0000 0.2200 152 124 0
-14.6250 15.0000 2.2200 155 177 49
-24.6250 1.0000 6.0300 73 254 144
1.8750 2.5000 4.5500 113 254 60
4.0000 2.5000 3.4600 175 199 39
11.1250 4.5000 7.8900 21 193 124
-24.3750 8.0000 2.4300 156 237 69
4.5000 6.0000 2.2700 153 235 63
2.5000 -19.0000 7.3900 17 212 124
6.8750 10.0000 2.3900 125 214 91
-13.0000 -17.5000 2.0900 166 226 92
20.6250 -19.0000 4.5400 184 190 129
-1.2500 -19.5000 3.7600 165 252 0
-15.2500 17.0000 2.5600 149 189 97
-6.7500 -8.5000 1.3700 145 254 68
-22.3750 -7.5000 0.1000 153 97 28
7.6250 11.5000 3.8700 175 254 15
8.1250 -4.0000 4.3100 119 254 14
11.1250 -5.0000 4.9800 80 254 129
4.1250 -22.0000 5.5400 58 254 115
3.3750 3.0000 6.9200 45 245 123
-5.0000 1.5000 0.0800 168 133 16
22.3750 15.5000 5.7800 70 220 158
-25.3750 -5.5000 0.1000 162 126 12
19.5000 19.5000 6.0000 50 245 164
2.0000 -19.0000 9.9600 3 185 91
-0.3750 -5.0000 0.9600 139 193 33
-3.6250 12.0000 0.1000 173 118 10
-7.8750 6.0000 0.0900 175 124 16
10.8750 -10.0000 7.8600 37 177 133
0.1250 -15.0000 4.0100 155 254 1
-2.1250 -19.5000 2.4100 132 229 101
12.0000 -22.5000 4.0700 198 151 63
5.8750 1.5000 7.5500 32 227 120
-5.2500 -7.0000 0.0900 165 133 8
2.1250 9.0000 1.5700 153 254 37
-16.1250 -19.0000 0.4600 172 150 5
7.7500 10.0000 5.2700 81 254 134
2.1250 -14.0000 3.9100 161 254 20
3.8750 -7.0000 3.8200 171 242 0
-8.5000 -10.0000 0.3600 149 157 53
-8.5000 1.0000 0.2000 177 136 31
20.8750 -4.5000 7.1200 115 125 254
10.8750 6.0000 4.6600 97 254 83
13.5000 18.5000 3.0900 143 184 95
-23.3750 -1.5000 0.1000 137 133 4
-24.2500 -11.5000 0.1000 185 124 0
-18.1250 -22.5000 5.3600 144 254 135
5.8750 8.5000 3.5300 189 188 20
15.0000 -2.5000 3.5800 222 110 75
7.8750 -20.5000 4.1000 165 239 0
9.2500 -14.0000 11.6300 1 112 109
-9.0000 -7.0000 0.1000 145 160 50
-25.3750 -5.0000 0.1000 160 129 15
-22.2500 -21.0000 5.3600 138 254 145
16.5000 3.0000 3.8400 191 179 66
-15.8750 8.0000 0.0900 144 130 11
2.8750 9.0000 1.9900 140 254 40
0.0000 -22.0000 3.5700 174 211 0
-1.0000 -7.5000 7.0600 43 254 120
8.3750 11.5000 3.1400 153 187 104
-2.8750 9.5000 0.0700 165 125 32
-3.7500 -6.5000 0.1400 153 149 0
17.6250 4.0000 3.4400 202 101 145
-11.6250 3.0000 0.1300 191 142 0
9.3750 5.5000 3.7000 181 205 0
-25.0000 -5.5000 0.1000 163 123 11
-24.3750 2.5000 3.2600 181 184 80
6.2500 1.5000 7.5800 30 226 119
-26.2500 -20.5000 5.4300 140 254 157
-26.5000 25.5000 2.3700 118 254 108
-14.8750 24.5000 2.8200 146 192 107
14.6250 9.0000 5.0200 91 254 159
2.3750 8.5000 2.2200 137 254 50
-3.5000 -18.5000 2.2200 141 228 86
9.3750 13.0000 3.1000 149 190 103
-14.6250 20.0000 3.3400 190 211 47
-19.3750 19.5000 3.2600 169 190 95
4.6250 -9.0000 4.7600 90 254 83
9.3750 -11.5000 6.4100 49 201 172
2.7500 3.5000 6.4500 56 254 139
22.2500 -2.5000 7.1600 114 143 244
-26.7500 2.0000 1.6300 127 217 71
11.0000 -6.5000 6.3600 42 219 135
-3.1250 0.5000 0.1000 152 109 37
19.2500 7.5000 3.3600 203 75 144
-12.2500 23.0000 2.6500 145 219 94
-10.3750 -10.0000 1.9700 170 170 77
5.2500 -13.5000 3.9800 147 254 7
-12.3750 15.5000 0.1000 133 140 23
11.8750 -8.0000 6.1200 78 196 209
-19.8750 13.5000 0.1200 132 113 0
6.7500 9.0000 3.7000 191 212 0
-22.6250 0.5000 0.1000 149 132 12
10.1250 24.5000 0.1000 141 89 3
6.3750 -10.5000 12.8600 0 157 71
-27.5000 4.0000 5.7100 69 254 160
-26.1250 -7.0000 0.1100 152 124 19
12.2500 -12.5000 10.5400 26 115 144
15.2500 -14.5000 3.8000 224 120 63
12.3750 4.5000 7.1700 21 204 161
6.5000 11.5000 1.9700 143 225 86
14.3750 -3.0000 3.6200 186 150 45
1.6250 4.5000 1.5400 158 254 22
20.0000 -20.0000 4.4100 197 186 123
-19.5000 23.5000 2.2000 140 200 107
6.3750 -6.5000 2.6100 126 167 94
17.1250 -15.5000 6.4500 86 140 219
9.7500 -10.5000 6.3600 54 200 171
-17.7500 23.5000 2.2300 144 193 99
-0.8750 -18.5000 3.2900 147 211 77
10.5000 -2.0000 6.7700 33 216 136
21.2500 7.5000 3.6400 192 145 98
-12.0000 -10.5000 1.0100 146 229 68
22.2500 19.0000 4.7400 99 254 87
18.5000 -3.5000 3.6500 251 102 112
16.5000 -13.0000 3.8100 232 134 86
-5.7500 -23.5000 1.5300 146 216 38
17.2500 -22.5000 3.9900 221 132 75
1.5000 11.0000 0.0900 156 148 0
15.2500 -13.5000 3.7900 226 126 79
17.3750 19.0000 8.8400 16 189 109
20.5000 -20.0000 4.5200 190 188 144
13.6250 -7.5000 3.7700 206 144 69
0.3750 -21.5000 4.2700 129 254 6
2.8750 1.5000 7.4700 29 219 115
-17.1250 12.0000 1.8200 139 246 56
8.3750 -0.5000 6.5200 49 245 142
-1.6250 7.0000 0.0800 165 120 19
-13.5000 25.0000 3.0400 144 208 102
-12.0000 -13.5000 1.0500 163 200 73
-2.5000 -7.5000 0.1100 152 119 32
17.1250 17.5000 4.3300 115 254 21
-7.2500 -21.5000 0.1100 147 87 54
6.2500 0.5000 5.9400 58 254 166
12.5000 -18.0000 4.0600 202 161 60
-10.7500 -12.5000 0.7300 144 192 69
-3.3750 -3.0000 0.1100 154 133 33
3.7500 5.0000 4.4300 125 254 47
7.3750 -10.0000 11.6700 0 166 84
17.1250 -18.5000 5.6200 115 184 227
-1.5000 -14.0000 4.4500 134 254 45
11.0000 -7.5000 5.4500 66 254 148
12.6250 -18.5000 4.0500 204 156 61
3.8750 -12.5000 9.3300 0 220 93
-26.5000 4.5000 6.7800 45 242 156
-6.6250 -7.5000 0.1300 161 132 44
4.3750 13.5000 0.0800 147 108 34
-7.0000 -9.0000 1.5800 143 254 78
19.0000 21.5000 4.7800 97 254 109
-6.3750 -23.5000 1.7400 146 223 47
-10.1250 26.5000 3.4800 187 220 35
-6.0000 10.0000 0.1000 173 150 6
16.3750 -8.5000 7.1600 80 148 254
-6.0000 -12.0000 1.4000 155 239 51
-11.7500 24.5000 3.0600 154 208 106
9.0000 -5.5000 6.1700 48 227 146
-10.5000 -12.5000 2.5800 134 226 95
10.7500 5.5000 7.2700 18 225 133
-10.7500 17.0000 0.1100 148 135 0
-27.1250 -2.5000 3.6800 188 243 17
-25.6250 10.5000 0.3000 142 138 55
-13.5000 15.0000 2.2200 157 206 87
19.8750 -22.0000 3.9200 241 136 67
-18.3750 -23.0000 5.3700 145 254 130
-19.3750 12.5000 0.0700 134 103 62
-9.3750 -12.5000 2.5800 155 201 86
-8.1250 23.0000 0.0900 148 150 0
-25.7500 19.5000 0.0900 128 123 7
-22.8750 6.0000 4.5600 122 254 67
-27.5000 5.0000 0.9400 133 179 69
-17.8750 22.5000 1.6400 158 146 66
6.3750 -13.0000 11.0500 0 174 83
17.5000 -1.5000 7.3400 71 165 216
12.3750 4.0000 6.0100 54 235 179
-0.5000 -11.0000 3.8400 175 248 14
1.0000 -16.5000 6.9800 23 254 141
-8.7500 -3.5000 0.1100 183 117 25
20.7500 7.5000 3.4500 201 91 130
15.1250 -6.0000 3.8000 227 133 92
1.5000 -23.0000 13.3100 18 158 30
1.6250 -21.0000 7.3600 18 233 108
3.8750 -10.0000 3.0400 131 197 82
12.1250 -13.0000 9.0600 26 135 168
5.5000 -15.0000 7.8800 14 199 125
-19.8750 12.5000 0.1000 141 112 0
8.6250 13.5000 1.5900 152 152 49
15.6250 13.0000 4.8800 91 254 139
-25.6250 -21.5000 5.4200 137 254 158
21.0000 15.0000 6.0900 52 217 185
18.5000 -11.0000 3.8300 236 132 110
-8.0000 -9.5000 1.5100 161 221 20
-9.6250 -13.0000 0.9200 145 165 57
7.7500 -14.5000 11.9700 0 148 80
-11.2500 -14.5000 2.4300 153 249 120
5.6250 -7.0000 2.2600 121 147 70
-25.1250 -10.5000 0.0800 178 133 5
4.8750 -21.5000 5.7600 70 231 127
-26.1250 -18.5000 5.6900 134 254 154
20.3750 2.5000 7.0900 76 157 253
-25.2500 6.0000 5.6000 73 254 158
12.0000 -13.5000 9.2800 27 130 161
11.3750 -10.0000 7.0800 53 174 170
9.5000 -7.5000 3.3300 162 139 70
21.5000 -7.5000 7.1500 112 108 254
13.8750 -10.5000 3.8000 207 135 71
18.8750 -12.5000 3.8700 232 139 95
-24.5000 -6.0000 0.1200 164 120 9
-11.8750 25.5000 3.1900 156 212 95
-18.2500 15.5000 3.4000 177 204 58
17.2500 1.5000 3.7300 208 129 77
-20.7500 -22.0000 5.3400 144 254 129
-14.0000 12.5000 1.1500 148 222 13
-13.8750 23.0000 2.8200 144 199 91
12.7500 3.5000 6.0400 51 235 184
15.7500 -10.5000 3.8000 232 133 98
20.0000 -20.5000 4.3600 203 185 111
2.7500 -21.5000 7.7900 17 207 100
-12.2500 -16.5000 2.0800 163 221 99
1.0000 6.0000 0.0900 142 100 39
13.1250 2.5000 4.2200 135 254 45
10.1250 9.0000 3.0100 141 180 106
5.7500 14.0000 0.5000 138 147 30
15.3750 -18.0000 6.3100 87 149 230
16.2500 2.0000 3.9200 179 199 64
-14.6250 22.0000 3.3900 188 195 49
13.3750 -9.0000 3.7900 208 143 71
13.6250 -1.0000 8.6300 14 178 140
14.8750 -19.5000 4.0400 212 152 75
19.7500 15.5000 8.3200 6 192 157
10.3750 1.0000 5.8500 59 239 143
19.8750 24.5000 4.5900 118 254 79
-4.0000 16.0000 0.0900 179 137 3
-0.6250 -13.5000 6.0300 69 254 161
-0.8750 -19.0000 3.6700 163 243 19
-13.2500 4.0000 0.1000 178 151 0
-24.8750 26.5000 3.3100 156 217 80
14.0000 -7.5000 3.7900 204 146 68
10.7500 19.5000 1.9800 136 201 71
-17.8750 8.5000 1.2700 155 224 43
21.5000 -7.5000 7.1300 112 109 254
-15.3750 23.5000 2.8700 149 191 104
12.7500 20.5000 3.1800 151 187 68
-10.7500 25.5000 3.3300 185 210 59
7.0000 -7.5000 3.2100 135 189 67
-21.0000 24.0000 1.7000 152 174 73
14.3750 12.0000 4.2000 134 254 40
3.2500 6.5000 0.7000 132 162 18
17.8750 -3.5000 3.6500 235 113 100
22.1250 -4.0000 7.1800 118 122 247
4.6250 -5.0000 3.8300 169 247 0
9.8750 17.5000 2.1000 133 206 95
17.2500 18.0000 5.7800 50 254 150
-26.8750 6.5000 0.3600 122 126 64
-21.3750 -15.5000 0.1500 178 131 0
7.8750 -1.5000 6.9900 29 239 141
-8.2500 -8.0000 1.7800 162 216 33
21.8750 18.5000 5.4900 69 249 142
-10.1250 11.0000 0.0900 177 137 4
8.2500 -5.5000 5.1900 57 254 120
-11.7500 10.5000 0.0900 174 148 0
7.5000 -18.0000 7.8100 19 183 119
0.3750 -6.5000 4.6100 118 254 53
8.5000 6.0000 5.1500 78 254 135
-15.0000 25.5000 3.1000 155 184 91
18.2500 -21.5000 3.9500 237 142 72
12.8750 19.5000 3.3700 162 194 33
14.5000 -7.0000 3.8000 210 141 89
-0.8750 12.5000 0.0800 162 140 8
10.7500 0.5000 5.5700 61 254 145
4.3750 -13.5000 6.7100 24 246 139
14.5000 1.5000 4.6400 107 249 114
-19.6250 -12.0000 0.1200 182 137 3
4.5000 5.0000 4.3900 127 254 40
21.0000 -8.5000 7.1700 108 124 254
-12.7500 14.5000 0.1000 134 139 22
-4.1250 15.5000 0.0900 180 136 0
6.1250 14.5000 0.5700 145 148 22
22.3750 -15.5000 3.7400 235 91 83
19.0000 26.5000 3.3500 167 174 71
-25.7500 2.5000 4.3800 120 254 64
1.2500 15.5000 0.0900 163 136 12
-15.1250 -1.0000 0.1100 180 126 0
0.0000 -4.0000 0.6800 161 171 0
20.3750 -21.0000 3.9400 241 142 64
13.6250 -1.5000 8.6400 19 171 142
-0.1250 -20.5000 10.0900 0 202 77
-27.2500 -22.5000 5.4500 142 254 131
18.7500 -4.5000 7.1500 87 149 254
-8.3750 -22.5000 0.0200 156 92 30
21.8750 -7.0000 7.1700 114 107 254
14.1250 -9.5000 3.7700 205 137 73
-17.7500 0.0000 0.1100 189 121 0
9.8750 7.5000 4.9100 84 254 113
17.5000 4.0000 3.5600 206 118 124
0.0000 -18.5000 9.6000 0 213 105
-23.6250 9.0000 2.2700 157 240 52
18.7500 -1.0000 7.1400 79 170 253
20.7500 -22.5000 3.8900 235 121 75
3.6250 -18.0000 5.6600 54 254 137
-22.3750 22.5000 2.6300 147 215 104
12.0000 21.0000 2.6600 126 201 96
2.3750 -4.5000 2.4600 136 204 95
-13.5000 -21.5000 0.2300 180 129 27
15.5000 13.0000 4.7500 96 254 118
-10.5000 -12.5000 0.7000 144 188 69
17.6250 -21.5000 3.9400 228 124 70
20.1250 5.5000 3.5000 211 100 124
3.8750 -23.0000 8.0700 23 195 74
-27.6250 13.5000 2.9800 143 247 104
-8.7500 8.0000 0.1100 188 151 0
-9.6250 20.5000 0.1000 155 181 0
6.1250 -12.5000 11.6700 0 168 80
16.8750 -15.5000 3.7400 228 104 56
7.8750 18.5000 1.1300 153 190 47
-23.0000 1.5000 0.0700 132 123 38
9.7500 7.0000 5.0900 78 254 127
-15.1250 23.5000 3.0300 158 185 93
13.2500 -10.5000 3.7700 212 142 73
2.8750 -2.5000 2.7400 129 218 120
-14.2500 23.0000 2.9300 150 195 91
-6.5000 14.0000 0.0900 178 138 6
9.7500 -15.0000 10.3800 4 117 123
-25.2500 -15.0000 0.0900 180 141 0
3.1250 -20.5000 7.6100 15 212 108
4.1250 -23.0000 5.5400 74 231 108
-17.8750 9.0000 1.2800 154 227 43
2.5000 3.0000 4.5000 106 254 62
-2.8750 -18.0000 3.0100 146 215 104
-7.8750 -22.5000 0.6000 154 155 46
22.1250 -13.5000 3.8300 211 113 100
3.3750 -2.5000 2.8700 132 216 119
-15.3750 17.0000 2.4700 151 188 92
-23.1250 -20.0000 5.4900 136 254 154
15.7500 16.0000 3.7600 159 233 0
-11.7500 -23.0000 5.3200 111 254 147
22.0000 -19.0000 4.3700 194 181 98
-18.6250 7.5000 2.1000 144 237 104
2.1250 1.5000 3.0300 156 204 83
-17.3750 -21.0000 5.3300 141 254 145
5.0000 3.0000 7.3300 39 219 103
-21.3750 24.0000 2.1800 164 200 88
-1.8750 -22.0000 4.1300 143 254 0
-6.0000 15.0000 0.0700 178 129 0
9.8750 1.0000 8.4800 15 186 112
11.8750 -19.0000 4.0500 208 158 64
-19.2500 2.5000 0.1100 150 134 27
-20.0000 24.0000 1.6500 155 139 83
5.1250 -20.0000 7.1100 29 213 106
9.5000 -22.5000 11.0000 40 100 116
21.3750 20.5000 5.2300 76 254 126
-18.5000 -9.5000 0.1000 170 103 0
-11.0000 24.5000 3.5400 189 233 30
21.5000 -17.0000 3.7700 240 96 84
-19.0000 -8.5000 0.0900 168 103 0
0.0000 -23.0000 7.5300 34 212 102
-16.1250 19.5000 3.6400 192 227 26
3.7500 17.0000 0.0900 157 105 17
-6.7500 13.5000 0.0700 166 130 29
16.6250 4.0000 3.5200 197 111 114
6.7500 -20.5000 7.6500 28 173 132
8.8750 -7.5000 3.8400 163 214 14
-13.5000 -5.0000 0.1000 167 123 31
-22.1250 3.5000 0.1300 136 125 25
9.5000 -22.0000 11.2000 33 100 118
1.2500 -2.0000 2.2500 140 242 57
-23.2500 -23.5000 5.4300 143 254 139
19.6250 12.0000 5.6000 69 254 200
-23.1250 8.5000 1.5300 146 231 43
-13.3750 -20.0000 1.4400 197 224 32
2.3750 -17.0000 10.3100 0 195 96
3.3750 -16.5000 4.3100 112 254 33
-27.6250 0.5000 6.3900 62 254 138
0.3750 5.5000 0.0900 144 100 41
19.0000 -5.5000 7.1600 94 130 254
-12.6250 25.0000 3.1500 154 211 104
5.8750 4.5000 8.1100 18 206 115
4.8750 -16.5000 4.0400 141 254 0
18.6250 -1.5000 7.1500 79 171 248
15.3750 -13.5000 3.8100 219 122 72
14.5000 7.5000 5.1400 84 254 140
-21.6250 22.0000 3.0200 157 203 100
12.1250 -11.0000 6.8200 67 156 208
-0.8750 -8.0000 7.0400 51 254 107
-11.0000 23.0000 1.9500 159 188 39
13.2500 8.0000 4.6600 107 254 98
6.5000 9.0000 3.7000 191 212 0
-11.1250 -14.0000 2.5800 146 246 122
9.2500 -9.0000 9.2800 5 181 110
18.2500 2.0000 3.6300 222 103 110
-23.6250 25.5000 2.8800 147 248 99
-26.5000 25.5000 2.3200 121 252 105
-21.3750 22.5000 2.0200 163 203 76
-10.6250 9.0000 0.0900 172 158 2
19.2500 24.5000 4.3200 139 254 33
10.6250 -9.0000 7.7800 21 183 148
18.7500 26.5000 3.0200 148 180 96
-15.6250 -19.0000 0.6000 172 166 15
15.6250 -20.0000 4.0000 226 140 62
-25.3750 -18.0000 5.2100 138 254 114
19.3750 -14.5000 3.7400 243 100 75
9.7500 -19.5000 4.0500 201 196 40
17.8750 -16.0000 6.3800 98 140 243
7.3750 6.0000 4.6800 98 254 75
1.1250 -16.5000 2.4500 125 234 75
-19.8750 19.5000 3.5100 190 205 50
-23.7500 4.5000 0.6800 147 190 18
-15.2500 10.0000 0.1600 141 131 12
7.5000 9.0000 3.6800 189 207 0
-20.2500 -11.5000 0.1000 197 124 8
-26.1250 -22.0000 5.4500 138 254 151
1.1250 12.0000 0.0900 157 143 1
-21.6250 3.0000 0.1200 138 120 21
17.6250 2.5000 3.6100 212 96 99
20.3750 1.0000 7.0800 87 161 254
-8.6250 15.0000 0.1100 173 134 0
-25.8750 6.5000 3.3000 167 187 77
-14.5000 19.5000 3.1400 172 187 84
0.5000 -1.5000 0.9700 147 193 46
17.5000 -6.5000 7.0800 94 126 254
21.6250 3.0000 7.1000 86 147 237
11.6250 5.0000 7.0800 22 211 163
7.7500 -4.0000 5.0400 76 254 115
11.0000 4.5000 7.9500 21 193 122
4.2500 6.5000 2.8100 157 211 90
18.7500 -21.0000 3.9500 241 147 67
5.0000 -10.5000 7.7700 7 225 122
-13.1250 -10.0000 0.1200 147 139 29
-21.7500 18.5000 1.0100 145 170 29
11.2500 -18.0000 4.0700 187 167 56
-4.3750 -19.5000 1.0400 148 179 30
20.6250 5.0000 3.5700 213 91 123
13.5000 -3.0000 6.4800 48 201 179
0.1250 -17.0000 9.4500 0 215 110
11.8750 -15.0000 4.4800 143 229 125
-14.5000 -2.5000 0.1100 178 102 0
3.1250 -1.0000 6.6700 45 254 127
15.6250 26.5000 1.9200 147 188 39
10.8750 -15.5000 6.8900 44 160 178
8.2500 -17.5000 10.2400 13 142 81
16.3750 -11.5000 3.8200 236 139 89
13.5000 11.5000 5.6500 56 254 163
-13.6250 -17.0000 0.3200 169 147 11
13.5000 17.0000 2.4500 136 147 88
-6.1250 -13.0000 0.2800 159 141 3
2.5000 -0.5000 4.3700 121 254 15
10.6250 -1.5000 6.1400 60 214 139
20.1250 24.0000 4.6800 112 254 90
16.3750 -9.5000 7.2300 79 147 254
10.2500 10.0000 2.7000 128 185 117
9.0000 15.5000 1.9200 145 176 72
-22.7500 13.5000 0.1000 134 125 10
-1.1250 -6.5000 6.0900 74 254 150
-25.0000 23.5000 2.2500 141 253 99
5.7500 -3.0000 2.7100 136 175 107
3.1250 -20.0000 9.4300 6 192 78
4.0000 -15.0000 4.5300 99 254 76
15.1250 13.0000 4.4400 110 254 82
-5.0000 25.0000 0.0900 155 145 0
4.7500 12.0000 0.1000 138 103 29
-23.0000 -16.5000 0.1100 172 128 0
-25.6250 4.5000 5.7300 72 254 158
18.0000 -8.5000 7.1200 106 134 254
-21.3750 -21.5000 5.3600 140 254 139
5.7500 1.0000 6.3000 48 254 141
16.7500 3.0000 3.7200 202 146 80
-12.3750 -13.5000 0.6200 163 156 45
3.3750 -22.5000 9.0500 19 194 66
-13.3750 -17.0000 0.1500 172 118 0
4.8750 2.5000 6.0500 55 254 144
-3.7500 -19.5000 2.1200 136 247 80
6.1250 -16.5000 6.9600 31 198 136
-26.6250 17.0000 5.1100 106 254 128
-27.0000 19.5000 0.1000 124 128 19
-15.8750 4.0000 0.1000 161 145 17
-16.8750 -8.0000 0.0900 167 92 24
10.2500 -18.5000 4.0600 181 189 41
7.3750 3.5000 8.8100 12 199 93
19.6250 23.5000 4.9200 99 254 121
13.3750 -16.5000 4.4800 149 204 125
1.2500 3.0000 0.1100 148 115 30
-3.7500 1.5000 0.0900 165 100 48
7.8750 -12.5000 11.9500 0 164 71
13.3750 5.5000 3.5600 185 174 54
-10.8750 -7.0000 0.1000 165 143 2
-19.5000 7.0000 1.3600 143 220 70
-26.3750 -6.5000 0.1000 150 125 21
8.5000 -22.0000 4.1200 168 200 18
-18.2500 0.0000 0.1200 188 126 0
-18.1250 23.0000 1.6700 159 149 69
15.1250 6.0000 4.3200 125 251 68
21.3750 -13.5000 3.8000 217 104 101
21.8750 -18.0000 4.5000 181 179 115
-23.1250 19.5000 1.2200 151 183 31
12.2500 -5.5000 4.9700 103 254 158
-25.0000 -23.0000 5.4500 136 254 140
-7.1250 -6.0000 0.1000 160 144 19
11.3750 11.0000 3.1800 149 165 70
6.5000 -6.0000 2.4700 125 155 90
-6.8750 -9.5000 1.7700 144 254 84
-9.5000 -7.0000 0.1000 142 153 58
-4.2500 -23.0000 2.9900 144 198 81
-21.8750 17.5000 0.1300 134 145 14
-5.0000 -1.5000 0.1100 187 128 0
-15.8750 26.5000 1.5900 152 140 50
9.8750 13.0000 3.1300 153 191 98
-26.8750 -21.0000 5.4400 141 254 151
-20.1250 4.0000 1.6000 154 192 34
-23.6250 12.0000 0.1000 157 96 10
7.7500 11.0000 1.3400 145 196 47
-5.6250 3.0000 0.0800 169 129 10
3.8750 -22.5000 7.4300 22 206 88
13.0000 3.5000 5.6900 61 254 182
-16.7500 -0.5000 0.1300 169 130 15
12.6250 -9.5000 3.7700 207 143 68
7.2500 20.5000 0.0900 145 130 22
-23.5000 -3.5000 0.0900 151 128 10
-0.7500 -15.5000 3.1900 145 228 103
-1.1250 -22.0000 4.1100 135 254 0
16.0000 6.0000 4.3700 125 254 77
5.8750 3.5000 5.8200 55 254 153
-13.7500 15.5000 1.5900 168 181 39
12.3750 0.0000 5.3800 71 254 179
2.7500 2.5000 7.5200 36 222 104
-12.0000 -0.5000 0.1200 174 138 8
3.3750 -13.0000 5.3600 59 254 130
15.0000 -18.5000 4.4600 162 203 132
18.0000 8.5000 3.2400 175 90 152
-21.5000 18.5000 1.2100 149 177 31
-26.2500 3.5000 4.7000 101 254 100
13.0000 21.5000 3.1400 148 189 72
4.5000 -9.5000 4.2900 120 254 11
22.0000 19.5000 5.1100 84 254 123
20.6250 9.0000 3.4500 191 117 114
7.0000 -3.5000 6.2200 43 243 162
19.7500 5.5000 3.4200 206 83 142
5.6250 3.0000 7.7200 28 217 125
-21.5000 13.0000 0.1000 133 118 0
-25.6250 12.0000 0.1000 154 105 16
-18.8750 -16.5000 0.1100 141 146 22
17.8750 -14.5000 3.7600 234 103 81
-3.5000 -20.0000 2.7900 132 216 116
17.3750 16.5000 6.7600 34 227 144
-11.2500 -12.0000 0.9200 150 208 57
2.5000 -2.5000 3.0600 135 215 109
8.6250 9.0000 4.8600 89 254 111
15.1250 1.5000 4.2300 145 235 82
17.5000 17.0000 8.5900 10 197 126
19.5000 -6.0000 7.0900 96 130 254
-27.6250 14.0000 5.2400 100 254 139
5.6250 -4.0000 1.3100 140 117 5
1.0000 3.0000 4.4500 134 254 30
-5.6250 6.0000 0.1100 176 119 4
-19.8750 6.5000 1.2200 159 212 38
6.1250 4.5000 8.0600 18 207 116
5.7500 -7.5000 2.2300 121 148 65
9.8750 21.5000 2.4300 141 216 126
3.5000 -21.0000 8.5400 12 199 87
2.0000 -10.5000 3.7100 168 240 24
10.2500 5.0000 6.9000 24 236 140
-14.8750 19.5000 2.8400 154 188 98
21.6250 5.5000 3.4800 196 82 138
14.6250 -14.0000 3.8400 209 139 87
20.8750 23.5000 4.9800 95 254 113
6.5000 12.5000 0.8200 150 161 17
11.2500 -3.5000 6.7500 40 194 150
13.1250 2.5000 4.1600 142 254 38
12.0000 3.0000 7.8000 18 190 163
1.8750 1.5000 5.9200 79 254 138
-20.1250 15.0000 2.5400 145 224 80
21.7500 -17.5000 5.3000 141 179 189
-26.2500 2.5000 6.7400 44 254 144
3.3750 0.0000 7.5700 25 224 111
-1.5000 -19.5000 3.6000 163 232 7
15.1250 26.5000 2.2900 144 203 54
-19.2500 22.0000 1.6400 148 164 72
-20.3750 1.0000 0.1000 148 130 13
-20.1250 5.0000 1.6700 151 192 43
20.3750 -22.5000 3.9000 235 125 74
-21.1250 -23.0000 5.3900 143 254 124
-12.2500 22.0000 2.2300 149 187 75
16.3750 19.5000 8.5300 9 209 113
3.7500 -22.5000 6.4600 36 223 106
-12.5000 16.0000 0.0900 123 131 35
8.0000 -4.5000 6.4900 41 220 136
1.0000 -17.0000 9.8400 0 209 105
22.1250 9.5000 3.5200 170 132 99
5.1250 14.5000 0.2600 146 107 43
-3.1250 -22.0000 3.5100 175 216 3
-14.5000 -4.5000 0.1000 174 118 32
-15.6250 10.0000 1.3900 170 209 29
8.2500 13.5000 1.2100 152 182 34
-26.7500 3.0000 1.1300 138 226 40
11.5000 -6.5000 6.0200 66 209 178
4.7500 -16.5000 4.4200 111 254 39
-24.7500 2.5000 0.2000 141 105 24
9.2500 -12.5000 9.7300 3 160 121
12.7500 -9.5000 8.0100 39 152 187
-5.0000 13.0000 0.1000 173 124 7
10.8750 13.0000 4.0300 143 254 0
7.0000 12.5000 1.1800 142 196 51
-10.7500 25.5000 3.3700 187 214 54
20.6250 -15.0000 3.7600 235 106 71
-13.2500 14.5000 0.1200 131 144 27
20.3750 5.0000 3.4500 206 72 141
-0.2500 -2.0000 1.4300 150 209 62
2.6250 15.0000 0.1300 158 105 45
-25.2500 4.0000 5.7000 64 254 149
0.5000 19.0000 0.0800 152 127 9
-17.8750 9.5000 2.4100 146 254 115
-17.0000 24.5000 2.0500 154 181 84
-7.0000 -11.5000 1.8700 157 254 75
21.1250 21.5000 5.1600 80 254 128
13.2500 12.0000 4.2000 139 254 30
11.3750 0.5000 5.9100 53 232 159
-9.7500 10.5000 0.0900 180 146 18
-27.0000 25.0000 1.3500 143 162 76
-24.2500 1.0000 1.9900 161 178 75
-6.6250 -11.5000 2.3800 159 254 98
-13.1250 -20.5000 1.8200 185 210 61
-3.1250 -15.5000 3.0300 152 228 100
-13.0000 23.0000 2.9200 142 220 113
-0.3750 -8.5000 6.0800 60 254 155
4.6250 -16.5000 4.2800 120 254 20
2.7500 -3.5000 2.6700 132 219 106
16.8750 11.0000 4.7100 101 254 116
-8.6250 19.5000 0.0800 153 173 0
-11.1250 -4.5000 0.1000 166 152 2
-5.2500 -13.0000 0.0500 160 141 0
-24.3750 2.5000 5.0400 84 254 124
-15.1250 24.5000 2.9100 149 188 106
-27.3750 -22.5000 5.4500 142 254 131
-2.6250 -9.5000 0.3500 155 137 35
-12.2500 -14.0000 1.5400 165 219 91
-19.2500 13.0000 0.1200 127 122 12
-7.0000 17.5000 0.1000 167 135 11
3.7500 -18.5000 8.6700 9 210 91
18.3750 18.5000 8.3800 11 203 137
12.8750 12.0000 5.1800 70 254 153
-15.7500 6.0000 0.1000 139 131 22
14.2500 15.5000 3.1400 149 177 97
19.3750 7.5000 3.3900 205 78 139
-20.6250 -4.5000 0.1400 157 146 12
-2.3750 -17.0000 2.3700 138 235 87
-1.6250 1.5000 0.0900 159 139 30
9.1250 21.5000 2.2000 141 222 119
-25.5000 1.5000 3.7700 191 241 22
-11.8750 0.0000 0.1000 172 138 9
4.5000 13.5000 0.0900 147 109 34
-0.7500 1.5000 0.1000 151 125 40
5.8750 7.5000 4.0400 152 254 0
10.5000 -14.5000 9.6900 10 122 134
21.8750 -12.5000 4.0300 189 150 107
4.3750 -16.5000 4.4700 107 254 48
-19.6250 -1.5000 0.1000 169 121 14
0.8750 -5.0000 1.7100 136 222 50
-15.2500 24.5000 3.0600 158 179 97
7.5000 -17.5000 8.7800 12 172 102
-6.6250 -23.0000 1.6700 150 220 48
-3.1250 -20.5000 3.2800 168 204 52
6.5000 1.5000 5.6500 63 254 137
-4.3750 6.5000 0.0900 174 105 7
1.2500 -16.5000 9.8800 0 207 103
20.2500 -17.5000 4.9000 155 209 179
9.8750 2.0000 5.0800 77 254 125
20.7500 19.5000 7.7700 26 188 132
14.8750 -11.5000 3.8200 227 140 90
4.3750 3.5000 3.9900 148 254 0
6.5000 8.5000 3.3400 178 175 50
-13.1250 2.5000 0.1100 187 152 0
21.6250 -9.0000 7.1400 116 110 254
-3.3750 14.5000 0.0800 184 140 0
-18.1250 -20.5000 0.5400 175 128 14
2.2500 -3.5000 2.7800 130 222 93
-26.6250 -14.0000 0.0700 170 143 0
15.1250 19.5000 3.3600 160 192 58
8.3750 -11.5000 11.9500 3 124 97
19.6250 -10.0000 7.2000 103 127 254
-20.7500 24.5000 1.6000 144 163 78
21.0000 -3.0000 7.1400 105 153 254
-0.2500 -14.0000 5.7100 68 254 166
16.0000 -12.0000 3.7900 239 131 90
-19.1250 4.5000 1.6500 170 191 38
2.6250 2.5000 7.6600 34 221 101
20.6250 15.0000 6.9500 28 197 173
-3.3750 -15.5000 1.0100 160 173 36
-14.5000 24.5000 2.9200 149 191 101
-19.3750 10.5000 1.1900 140 214 59
12.7500 22.5000 3.0800 156 189 75
-6.0000 17.5000 0.0800 168 123 6
6.3750 -4.0000 1.9600 142 152 61
14.7500 17.5000 2.6500 125 134 105
2.7500 -3.0000 2.9500 130 216 120
-17.6250 3.5000 0.1000 154 126 27
5.7500 -15.5000 3.9200 163 229 0
-6.7500 11.5000 0.0900 168 121 23
-15.0000 12.0000 2.0400 138 233 32
-12.0000 -14.0000 2.1500 155 242 110
-25.5000 2.0000 0.1400 133 104 16
9.3750 -12.5000 11.2700 0 127 108
-26.7500 -1.0000 5.1000 99 254 132
-20.7500 25.0000 1.5800 139 162 82
14.8750 11.0000 5.0600 88 254 143
9.1250 -14.0000 11.6200 1 112 109
20.8750 3.0000 7.0700 78 155 250
-18.3750 23.0000 1.6100 160 142 70
-12.0000 -11.5000 0.1200 158 116 2
10.3750 12.5000 3.8400 172 254 0
-0.3750 0.0000 0.1100 140 130 3
6.0000 9.5000 3.5300 190 182 22
-25.5000 13.0000 4.2900 136 254 20
15.0000 13.0000 4.4200 112 254 79
21.0000 -6.0000 7.1300 105 121 254
-9.1250 7.0000 0.0800 168 138 26
-26.8750 -0.5000 4.9800 104 254 127
6.2500 19.5000 1.2000 161 193 70
1.6250 7.5000 0.0900 140 111 38
-12.6250 -22.0000 0.1100 154 128 60
-26.2500 8.5000 3.9000 173 254 0
-18.6250 14.0000 0.7100 148 160 22
12.5000 15.0000 3.2000 150 190 94
-21.0000 13.5000 0.1200 134 112 0
21.0000 -8.0000 7.1700 108 109 254
-0.8750 -19.5000 3.9300 156 254 0
-12.1250 -14.0000 1.6200 163 221 92
2.8750 -8.0000 4.7600 95 254 97
15.1250 12.0000 4.7300 98 254 119
10.8750 4.5000 7.3500 25 201 139
4.1250 11.0000 0.1000 140 105 25
6.3750 22.0000 0.0900 129 127 49
-11.0000 -23.0000 0.1400 151 122 58
15.5000 23.5000 2.7000 145 206 80
-27.6250 -4.5000 0.6900 147 214 55
-3.1250 -2.5000 0.0800 152 128 36
18.2500 20.5000 5.4000 66 254 155
-17.6250 -21.0000 5.4200 137 254 152
9.7500 -9.0000 11.1200 0 154 104
12.2500 -10.5000 7.0200 55 177 182
-9.3750 6.0000 0.0900 173 128 21
19.7500 8.5000 3.3600 195 100 128
-12.6250 -1.5000 0.1200 162 130 22
-9.5000 24.0000 0.1800 142 157 0
-22.6250 11.5000 0.1200 139 122 0
-1.8750 -6.5000 0.1600 154 143 0
15.5000 3.0000 3.8700 184 192 62
10.1250 10.0000 2.3600 123 184 107
14.5000 6.0000 4.0500 151 244 23
11.1250 -0.5000 5.5100 61 254 135
15.1250 18.0000 3.5300 171 192 31
20.5000 -22.5000 3.9100 234 126 73
14.3750 -20.0000 3.9900 228 140 70
6.5000 -18.0000 5.8600 64 242 137
-2.2500 -12.5000 0.2200 148 126 22
2.8750 -2.0000 2.5600 131 222 104
-26.8750 10.0000 0.3500 135 153 58
-13.1250 23.0000 2.8600 139 222 112
-27.5000 9.0000 0.5600 131 182 44
-12.0000 16.5000 0.0800 142 123 12
-26.2500 -21.0000 5.4100 140 254 156
7.8750 -5.0000 4.0300 139 254 0
4.1250 -7.0000 3.4900 171 210 23
7.5000 -8.0000 11.1600 0 176 92
-7.5000 15.0000 0.0900 172 135 0
12.6250 -11.0000 3.7500 216 140 73
-20.5000 -18.5000 0.1100 183 107 0
-13.8750 -13.5000 0.1100 157 146 0
-3.7500 -21.5000 3.5300 184 207 1
-0.1250 -19.5000 8.5700 9 220 95
-19.5000 2.0000 0.1100 145 127 22
-13.0000 -8.5000 0.0900 151 141 32
10.3750 -6.0000 4.1200 140 254 10
13.0000 3.5000 4.5600 104 254 101
5.8750 16.5000 0.2300 139 110 18
0.0000 13.5000 0.1000 162 140 28
16.8750 -6.5000 7.1300 81 143 244
-14.0000 -9.0000 0.1200 163 134 28
-14.3750 5.0000 0.1200 147 124 15
15.1250 -7.5000 3.7700 222 127 102
10.2500 3.0000 8.9700 5 192 101
7.5000 -23.0000 12.0400 22 108 79
-3.6250 -15.5000 1.8100 154 217 44
-18.3750 24.5000 1.7000 154 145 77
6.6250 -2.5000 8.4000 16 206 109
4.0000 -18.0000 8.6100 7 210 94
4.8750 6.5000 2.4300 149 234 69
0.6250 2.0000 0.0700 152 110 24
-15.8750 11.0000 2.0000 137 234 36
11.5000 24.5000 2.9300 146 216 105
5.8750 -10.5000 8.1400 4 215 122
-22.2500 19.0000 1.2500 143 167 47
4.6250 -5.5000 2.5700 131 184 96
1.3750 -19.5000 10.1700 2 184 84
-13.2500 -0.5000 0.0900 179 119 0
-18.6250 -13.0000 0.1000 183 132 2
7.3750 9.5000 4.7900 105 254 96
0.2500 4.0000 0.0900 148 122 43
18.5000 -7.0000 7.1000 104 142 254
4.7500 -0.5000 3.6700 178 251 0
-14.0000 -10.0000 0.1000 166 156 13
1.8750 -15.0000 3.1700 149 194 76
22.2500 -21.0000 4.4100 196 159 115
-0.3750 -2.5000 1.3500 152 206 60
-26.2500 3.5000 5.1600 77 254 137
5.7500 0.5000 4.8300 91 254 101
-22.8750 -21.5000 5.4000 145 254 146
-6.6250 -14.5000 0.0700 150 130 0
-19.0000 6.0000 0.1900 154 144 10
15.0000 2.5000 4.4000 123 240 107
20.7500 -3.5000 7.1400 102 153 254
4.5000 6.5000 2.8600 158 210 86
17.8750 22.5000 4.3300 122 254 47
15.8750 -11.0000 3.8100 235 136 93
18.8750 23.0000 4.6300 116 254 88
-13.8750 -7.0000 0.0900 164 134 30
0.5000 -12.5000 3.2500 177 195 57
-12.6250 -15.0000 2.6700 144 248 134
-12.8750 -23.0000 5.4700 131 254 149
-16.0000 12.0000 1.9800 136 234 37
2.5000 3.0000 0.1300 139 142 0
11.3750 19.0000 3.2600 152 207 64
-4.2500 -14.0000 0.1300 136 116 43
-6.8750 -9.0000 1.7000 143 254 83
4.7500 0.0000 2.8100 152 224 59
17.5000 14.5000 7.3700 16 214 149
-20.3750 18.5000 3.4900 188 218 42
-7.7500 -9.0000 1.8400 162 217 31
-13.6250 5.0000 0.1000 158 136 0
13.3750 4.0000 6.4100 42 219 180
-19.2500 -21.0000 5.5900 134 254 157
21.8750 14.5000 5.9200 69 212 170
19.7500 6.0000 3.4000 205 82 147
-23.8750 1.5000 0.1800 126 110 36
11.8750 -11.0000 3.7800 206 147 68
19.6250 -22.0000 3.9300 240 138 67
14.5000 14.5000 3.1100 147 143 100
-19.6250 -18.0000 0.1700 146 143 15
-6.3750 -9.5000 0.4900 155 180 38
11.2500 25.0000 0.4600 158 139 0
9.5000 -9.0000 7.3100 27 191 154
-7.1250 -7.5000 0.1100 159 135 49
2.0000 13.0000 0.1000 132 116 47
21.2500 19.0000 8.4700 21 188 112
-16.0000 -16.0000 0.1900 149 125 49
4.0000 -9.0000 5.1200 66 254 129
7.1250 3.0000 3.6000 185 212 5
20.2500 14.0000 5.8800 56 243 185
-21.0000 4.5000 0.1100 139 145 13
-3.8750 -17.5000 2.4900 131 240 106
-23.5000 14.5000 0.1200 150 100 27
-18.6250 7.5000 1.6400 146 231 79
2.1250 8.5000 2.2700 140 254 63
18.5000 16.5000 4.3400 118 254 46
-23.7500 -8.5000 0.1100 179 141 0
-20.6250 26.0000 1.6100 143 136 88
-23.6250 24.5000 2.8000 131 254 108
16.7500 -13.5000 3.8100 222 121 70
11.8750 -3.5000 5.2500 87 254 154
7.6250 -1.5000 6.9100 29 241 145
4.2500 0.0000 7.9100 21 212 111
8.6250 -4.0000 6.8800 29 215 140
-27.5000 -14.0000 0.2600 167 154 12
-8.2500 1.0000 0.1200 177 122 29
-5.0000 23.0000 0.0800 160 133 0
5.6250 -10.0000 4.0500 133 254 3
-0.6250 -6.5000 4.0100 160 254 0
-13.7500 15.0000 0.2900 126 137 46
2.0000 -19.5000 9.8800 4 203 79
19.2500 0.0000 7.1100 79 172 254
-9.5000 -9.5000 1.7000 163 211 35
11.2500 10.5000 3.3000 158 169 53
-16.5000 25.5000 1.6100 158 138 46
19.2500 4.5000 3.4100 208 69 160
14.6250 10.5000 6.0200 67 234 180
-1.3750 -23.0000 9.1900 19 202 79
1.1250 -17.0000 6.6200 30 254 147
9.8750 11.5000 2.5900 135 177 112
9.7500 2.0000 8.9600 8 191 99
-21.8750 5.5000 0.1100 139 142 10
1.8750 -17.0000 10.1800 0 214 103
-21.7500 0.0000 0.1100 155 121 5
-26.6250 -1.0000 0.1000 124 135 55
11.5000 15.0000 3.1300 145 197 78
-27.1250 6.0000 0.5200 127 135 64
-26.1250 19.0000 0.1300 128 129 8
5.6250 -2.5000 2.5300 134 178 103
8.8750 25.0000 0.0900 140 121 20
-19.0000 15.5000 2.9000 132 217 109
-26.6250 11.0000 0.2200 137 136 57
4.8750 -16.0000 4.2800 120 254 19
-12.1250 18.0000 0.1200 140 125 10
-1.0000 5.0000 0.0900 151 116 66
-25.2500 6.5000 4.1100 141 254 7
-3.8750 -20.5000 3.3500 167 203 44
14.5000 22.0000 3.1600 148 195 54
-20.5000 -6.0000 0.1500 161 123 18
16.7500 15.0000 7.0100 20 222 163
-15.7500 -16.0000 0.1000 145 117 49
17.6250 -8.5000 7.1400 91 151 254
10.6250 2.5000 6.2400 41 237 144
19.0000 5.0000 3.4200 205 81 141
-17.3750 22.0000 1.6800 155 150 57
10.0000 -15.0000 10.5400 4 116 121
-23.5000 4.0000 0.6600 149 188 16
15.6250 7.0000 4.9200 95 254 158
-27.2500 -19.5000 5.3800 145 254 138
4.0000 -20.0000 6.7300 31 226 119
-0.8750 -21.5000 7.9300 25 208 108
22.1250 -13.5000 3.8100 213 107 101
12.2500 -5.5000 7.4200 44 172 170
16.3750 -21.5000 4.0000 232 136 60
15.7500 -14.0000 3.7600 228 107 70
14.1250 22.0000 3.2500 160 190 41
-6.6250 7.5000 0.0900 175 132 15
-3.8750 11.5000 0.1100 173 121 12
21.2500 0.5000 7.0900 96 158 250
2.3750 3.0000 6.9100 49 245 122
0.6250 8.0000 0.0800 147 114 40
12.7500 3.0000 6.5500 35 221 182
14.1250 23.5000 3.0100 150 189 78
11.6250 19.0000 3.2200 149 204 69
-25.5000 -2.0000 0.0900 140 149 17
19.5000 13.0000 6.3300 50 206 196
2.6250 -4.0000 2.4600 134 207 96
16.3750 19.5000 5.8100 54 254 147
-26.0000 -1.5000 3.5500 198 220 29
-18.1250 22.0000 1.6600 145 156 54
12.8750 5.5000 6.5100 34 219 174
22.1250 2.5000 7.0600 97 148 242
-20.7500 -22.5000 5.4000 147 254 147
8.3750 -23.0000 13.0000 18 99 74
-20.0000 6.0000 1.1900 141 187 28
21.5000 26.0000 5.1800 96 254 103
-3.6250 0.0000 0.1000 153 109 39
-27.5000 7.0000 6.5700 55 254 154
16.1250 17.0000 7.5900 9 223 137
4.8750 -14.0000 6.8700 19 242 137
18.2500 17.5000 4.7200 97 254 108
-17.7500 8.5000 1.3200 155 228 45
10.0000 24.0000 0.0900 142 85 1
-14.2500 -17.5000 0.1100 168 82 12
14.2500 11.0000 4.4400 113 254 72
0.1250 -23.5000 5.9200 61 254 104
-13.2500 20.5000 2.8700 152 210 110
-27.2500 1.0000 5.6500 78 254 145
-2.0000 -9.5000 5.6200 88 254 151
9.3750 -4.5000 7.5300 14 213 133
-8.8750 1.0000 0.1500 176 129 31
3.8750 17.0000 0.1000 157 106 16
-17.6250 -10.0000 0.1100 176 126 0
-19.6250 15.5000 2.6400 135 230 87
-10.1250 17.0000 0.1100 147 140 0
-15.2500 18.5000 3.7800 193 233 4
-9.3750 24.0000 0.9300 157 174 15
15.5000 17.5000 3.1800 145 159 97
-12.7500 -21.0000 0.5000 167 144 32
14.8750 -11.5000 3.8300 226 143 89
14.2500 -2.0000 3.6100 205 146 81
-24.1250 1.0000 1.9400 161 177 70
-17.6250 9.5000 2.0600 154 253 86
-20.0000 3.0000 0.0900 137 122 22
-20.0000 17.5000 3.5100 182 210 35
-17.5000 4.0000 0.1100 150 133 32
-23.6250 1.0000 0.1000 125 115 37
-21.8750 -20.5000 5.5100 131 254 152
18.6250 11.0000 3.5700 184 151 62
-24.5000 -18.5000 0.1200 181 115 0
-25.8750 -2.0000 3.4600 196 208 43
-22.3750 -6.5000 0.1000 157 126 28
3.6250 -9.0000 4.9100 80 254 111
15.1250 15.5000 3.3200 152 158 79
3.3750 -12.0000 9.7200 0 213 93
8.7500 -22.0000 4.1000 171 197 18
10.1250 -16.0000 7.8300 31 139 171
16.2500 23.0000 3.1200 168 187 71
-26.8750 14.0000 6.2400 84 254 154
21.2500 -2.5000 7.2100 106 149 253
-12.8750 -15.5000 1.8900 161 233 103
1.8750 0.0000 3.8200 173 254 0
-16.7500 6.0000 0.1200 156 134 11
17.7500 25.0000 3.5400 200 195 26
-22.6250 22.0000 2.7400 146 212 105
3.1250 10.5000 0.1100 148 125 22
-26.6250 5.0000 5.3500 76 254 152
4.7500 7.0000 3.1800 175 202 39
0.0000 -17.0000 2.4100 124 239 80
8.6250 -8.5000 11.9800 6 138 102
6.2500 16.0000 1.5600 152 215 69
20.5000 -17.5000 4.7400 165 208 158
-11.6250 14.0000 0.1100 140 134 18
7.6250 -0.5000 6.5200 40 254 144
-27.3750 19.5000 0.1000 124 130 22
6.5000 -21.0000 7.4400 31 177 130
9.6250 1.5000 5.4700 73 254 141
-21.0000 -11.5000 0.0900 198 121 9
17.7500 11.0000 3.6500 178 173 37
-16.2500 3.0000 0.1200 165 140 14
-18.3750 22.5000 1.6200 159 146 67
17.6250 -0.5000 7.3100 61 151 242
10.0000 -21.0000 4.0500 207 193 35
10.6250 -14.0000 11.1400 3 112 113
-8.0000 -9.5000 1.0300 162 216 14
2.8750 -20.0000 7.4700 20 215 110
-8.0000 -22.0000 0.5600 156 147 49
13.2500 5.5000 5.9400 55 239 174
-24.5000 1.5000 1.2800 156 170 36
-10.6250 -17.5000 1.5800 159 216 76
21.0000 -18.5000 4.5100 185 185 121
10.1250 12.0000 2.4200 132 176 102
-2.1250 -11.0000 4.6500 120 254 89
-13.7500 24.5000 2.9100 140 211 102
-9.8750 -16.5000 2.3100 154 220 114
2.1250 -23.5000 12.5200 18 155 30
-1.7500 -17.0000 0.7800 151 154 18
-11.8750 -11.0000 1.5900 142 242 81
17.3750 13.0000 5.8000 56 254 170
2.8750 -11.5000 3.0500 135 196 99
2.2500 3.5000 3.7600 172 249 8
-16.6250 18.0000 3.9200 172 254 9
-23.3750 -20.0000 5.6000 133 254 163
-0.2500 -22.0000 9.3500 11 217 76
-10.5000 2.0000 0.0700 174 141 15
-12.8750 -16.5000 2.3800 147 254 124
3.7500 -19.0000 8.8300 10 208 86
-26.1250 7.5000 0.9000 151 170 64
-20.0000 21.5000 2.5800 132 221 127
15.1250 -17.5000 6.4500 86 142 227
12.0000 10.0000 5.1500 73 254 140
17.2500 21.5000 4.1600 138 254 0
-10.6250 9.0000 0.1000 172 159 1
-20.0000 9.0000 1.4000 141 194 59
-10.5000 13.5000 0.0800 161 151 9
15.2500 9.0000 5.1900 85 254 173
-0.1250 -20.5000 3.8300 170 254 0
20.2500 -4.5000 7.1400 111 128 254
13.7500 -14.0000 3.8000 208 124 68
16.8750 -14.5000 3.7600 230 108 62
20.0000 9.5000 3.3200 187 99 140
6.0000 -0.5000 6.9800 31 254 141
-25.3750 22.0000 0.6500 134 114 12
5.3750 -9.5000 7.4200 8 224 136
-9.2500 -2.5000 0.1100 183 126 28
-26.5000 5.0000 0.2600 116 115 58
21.7500 -21.0000 4.3000 206 164 99
-7.8750 -23.0000 1.2200 163 205 34
17.2500 -2.5000 3.6800 226 130 71
-13.2500 0.5000 0.1200 166 154 22
5.1250 -1.0000 2.8000 129 231 96
-22.1250 10.5000 0.1100 146 140 0
-25.8750 5.0000 5.6900 73 254 159
8.1250 -9.0000 3.5300 159 203 20
3.3750 0.0000 7.2900 31 237 111
-20.1250 7.5000 0.9900 151 189 23
7.1250 0.0000 5.9100 58 254 163
2.2500 -10.5000 8.9500 8 227 101
-10.1250 -2.5000 0.1100 180 135 32
17.2500 -16.0000 4.4700 149 189 117
17.5000 3.5000 3.4500 195 103 125
4.5000 -18.5000 7.3600 18 216 119
16.7500 11.5000 4.8700 93 254 139
19.0000 -4.5000 7.1400 97 129 254
-13.6250 9.0000 0.0900 167 142 6
13.2500 13.5000 4.1800 131 254 35
16.1250 -21.5000 4.0000 231 137 61
13.6250 2.5000 4.1100 147 253 35
20.3750 14.0000 3.9500 160 246 28
-5.2500 5.0000 0.0900 175 117 0
12.1250 -16.5000 4.5500 136 220 136
-27.1250 -0.5000 0.0800 121 134 62
2.7500 -4.5000 2.3900 137 203 91
-9.3750 -12.5000 2.5300 155 202 83
1.5000 -8.5000 4.9900 90 254 109
-23.3750 26.0000 2.7100 136 254 103
17.5000 3.0000 3.5000 198 106 115
-22.6250 15.5000 0.1200 129 134 11
11.5000 -11.5000 9.7600 16 160 145
-4.5000 8.0000 0.0900 176 128 18
-23.0000 21.0000 2.0100 148 254 100
-1.0000 -4.5000 1.3700 139 216 69
-1.3750 -7.0000 3.8200 163 254 0
0.1250 1.0000 0.0900 140 130 3
-19.7500 14.5000 1.9400 138 226 63
5.3750 -4.0000 1.2200 141 118 0
-26.1250 -20.0000 5.4300 141 254 157
-7.5000 -11.5000 0.1200 140 114 31
-20.8750 -1.5000 0.2100 182 136 0
-16.6250 -21.5000 0.0800 175 92 22
20.6250 15.0000 3.8300 170 229 33
6.7500 5.0000 5.4500 67 254 139
4.0000 19.5000 0.1000 166 96 35
-6.3750 23.0000 0.0900 160 146 0
-18.3750 2.5000 0.1200 156 125 23
15.8750 -23.5000 3.9800 210 111 66
-5.0000 18.5000 0.1100 164 125 10
2.8750 -18.0000 5.3200 62 254 127
15.0000 -16.5000 4.4500 162 214 122
-15.8750 -8.5000 0.1700 165 134 29
-7.3750 7.5000 0.1100 186 147 0
8.7500 -16.0000 9.7200 10 132 113
19.0000 -1.0000 7.1500 80 169 254
9.5000 -21.5000 10.9600 30 103 122
-2.3750 11.0000 0.1000 174 114 9
11.2500 -3.5000 8.9100 5 170 120
11.6250 -8.0000 6.0400 64 205 194
-0.8750 2.0000 0.1000 158 121 29
17.3750 19.5000 8.8900 16 189 110
-27.5000 3.0000 5.2200 80 254 161
-27.3750 -3.5000 0.9400 146 232 58
-2.2500 18.0000 0.0800 175 111 0
-11.8750 25.5000 3.2100 157 212 93
8.1250 -5.0000 5.4600 55 254 124
-16.2500 10.0000 0.1200 126 122 37
7.1250 9.5000 4.8700 102 254 107
0.2500 -9.0000 4.9700 94 254 113
-7.8750 -10.5000 0.9000 165 208 58
-24.1250 -5.0000 0.0900 160 121 14
-19.1250 -5.5000 0.0900 175 127 0
13.2500 2.5000 4.0900 149 254 32
-25.6250 7.0000 2.6100 150 216 97
-25.5000 5.5000 3.4600 183 187 45
13.7500 17.5000 2.3400 137 139 77
13.0000 20.5000 3.1700 151 186 67
7.2500 14.0000 1.1700 155 200 44
-10.8750 13.0000 0.0800 163 146 9
13.8750 -22.0000 3.9900 223 130 70
-17.1250 25.5000 1.6800 160 142 50
-11.1250 8.0000 0.1000 176 159 0
-13.6250 -12.0000 0.1100 150 131 20
-0.8750 24.5000 0.0900 178 124 0
1.2500 -6.5000 2.1700 136 228 70
-2.2500 12.0000 0.1000 173 111 8
-0.7500 -20.0000 9.1400 8 217 86
-18.8750 20.5000 2.0800 144 184 86
2.5000 26.0000 0.0900 157 122 33
-1.6250 -16.0000 4.3800 127 254 27
5.1250 -3.5000 1.3200 137 133 14
-11.2500 -18.5000 1.9700 165 223 82
7.1250 14.0000 1.0800 156 193 38
-14.5000 13.5000 2.4500 141 229 54
0.0000 9.0000 0.1000 152 119 39
-5.7500 10.0000 0.0800 174 146 5
-0.6250 -8.5000 7.4000 39 253 119
2.8750 8.0000 2.6500 141 254 71
-15.0000 10.5000 0.2000 153 121 5
-7.2500 6.0000 0.1000 179 138 11
18.1250 -6.5000 7.1200 98 131 254
14.1250 15.5000 3.1100 144 182 96
2.8750 -17.5000 8.4900 10 211 100
6.0000 0.5000 4.5900 97 254 73
8.7500 -9.5000 13.0000 0 131 82
-3.5000 -9.0000 0.1600 155 121 38
16.6250 15.5000 6.8500 25 224 165
-22.0000 -19.5000 5.5300 130 254 149
21.6250 -3.0000 7.1400 111 148 247
-8.0000 25.0000 0.1900 144 157 8
-25.0000 22.5000 2.3800 136 254 106
13.8750 -2.5000 7.7900 21 180 155
-23.6250 6.5000 0.1100 142 89 32
-2.6250 -3.5000 1.5200 153 244 44
0.6250 24.0000 0.0900 174 109 0
16.6250 5.5000 3.3900 187 112 108
12.2500 6.0000 4.7200 97 254 116
10.6250 -19.0000 4.0600 194 170 49
10.7500 24.0000 2.6600 136 236 110
11.8750 -16.0000 4.4500 141 216 123
-20.2500 18.5000 3.4000 183 211 56
-23.7500 22.5000 2.4900 128 254 112
0.1250 -12.5000 4.4000 122 254 46
-4.2500 13.0000 0.0800 174 121 6
-0.2500 24.5000 0.0900 169 122 0
21.7500 14.5000 3.1300 134 115 123
-23.8750 8.5000 1.7800 167 230 26
16.7500 -16.5000 4.6300 148 217 145
-1.5000 21.0000 0.1100 182 123 0
-8.3750 -8.0000 0.1200 145 144 54
-15.5000 -19.5000 0.6700 179 167 23
13.8750 -21.0000 4.0100 224 142 67
17.3750 14.5000 5.9100 49 254 159
7.1250 11.5000 1.2400 146 195 49
-4.1250 -10.5000 0.1800 144 126 20
-7.8750 -13.5000 2.2500 169 212 73
12.6250 -4.0000 5.4500 81 248 166
5.2500 13.5000 0.3400 136 125 32
15.7500 24.0000 2.7800 146 204 84
-26.6250 8.0000 6.1700 72 254 159
18.0000 -10.0000 7.2600 97 120 254
-13.1250 1.0000 0.1100 186 146 8
-6.2500 10.5000 0.1000 164 126 21
-16.8750 11.0000 1.3300 147 206 46
-4.2500 8.5000 0.1100 176 130 18
-18.2500 12.5000 0.0900 137 97 60
6.7500 7.5000 4.6100 106 254 65
21.2500 9.0000 3.3600 180 107 130
-26.6250 -22.5000 5.4200 141 254 138
4.3750 -8.5000 3.2000 142 202 69
14.8750 -8.0000 3.7700 220 128 106
8.0000 -19.0000 4.1100 157 228 0
-0.3750 -14.0000 2.3500 138 221 118
19.6250 9.0000 3.2900 188 94 145
6.0000 -2.0000 7.3100 26 234 147
-0.5000 -12.5000 4.4600 120 254 54
10.6250 -6.0000 5.5100 55 254 133
-12.5000 14.5000 0.1200 135 138 20
6.6250 -14.0000 8.8400 0 180 106
-17.1250 14.0000 1.2600 147 201 29
13.2500 -12.5000 3.8200 213 156 68
6.5000 14.0000 0.9600 158 185 26
-15.3750 11.0000 2.0400 139 232 33
13.5000 25.0000 2.8300 143 189 91
2.1250 -17.0000 10.3000 0 211 101
7.3750 16.5000 2.4800 157 238 113
-24.8750 9.5000 0.1000 140 114 42
-12.3750 -21.5000 0.2800 157 138 48
-16.2500 -8.0000 0.1000 167 92 25
11.6250 -4.0000 5.0800 96 254 128
-26.2500 9.5000 5.0100 99 254 113
2.8750 -22.0000 9.1300 15 196 72
11.6250 -19.0000 4.0400 208 154 65
22.0000 -22.5000 3.8700 222 107 83
21.7500 9.0000 3.4300 178 116 117
11.2500 24.0000 2.6800 141 241 105
22.0000 12.0000 3.3300 155 124 101
19.1250 25.5000 4.1200 153 254 12
10.1250 -7.0000 5.9100 50 233 137
2.5000 -18.0000 5.4400 60 254 129
5.0000 0.5000 2.5400 119 237 106
6.7500 3.5000 3.8600 169 254 0
-27.6250 2.0000 2.6000 141 215 106
7.0000 15.5000 0.9400 158 189 22
-20.2500 14.0000 0.1000 125 116 0
12.1250 -16.5000 4.5500 136 220 136
-0.8750 18.0000 0.1000 162 119 0
-13.0000 18.0000 1.2000 148 181 20
-24.6250 2.5000 0.3600 146 115 27
7.5000 -23.0000 12.2400 20 107 77
-8.7500 22.0000 0.0800 150 181 0
6.0000 -15.0000 8.9700 0 183 103
9.0000 10.5000 3.5900 180 208 31
16.2500 21.5000 3.8500 171 254 0
-17.7500 11.0000 0.8700 151 192 34
-16.3750 10.5000 1.1700 164 193 27
-18.2500 -2.5000 0.1000 168 115 24
-4.1250 17.5000 0.0900 168 123 0
-15.3750 26.0000 1.6700 135 173 74
-24.6250 20.5000 0.1200 139 111 0
14.2500 -1.5000 9.0200 21 161 134
-0.3750 -9.5000 5.1700 86 254 125
-5.8750 -4.0000 0.1100 166 115 14
-13.6250 -18.0000 0.4900 150 145 50
-19.7500 9.5000 0.1200 132 115 36
-20.1250 -9.5000 0.1200 178 119 4
14.2500 17.5000 2.8000 137 165 103
7.0000 7.0000 4.7700 94 254 84
5.3750 12.5000 0.1300 138 118 7
-6.7500 -19.5000 0.1000 146 93 37
-18.5000 23.0000 1.6600 159 150 72
-1.7500 24.5000 0.1100 170 109 0
16.5000 -8.5000 7.1700 80 148 254
-26.7500 -19.5000 5.4200 142 254 142
18.7500 16.0000 7.0900 21 221 166
-8.7500 10.0000 0.0800 187 151 0
-4.3750 22.0000 0.0800 168 127 0
17.3750 10.0000 3.9100 156 230 27
-21.3750 -14.0000 0.0900 178 127 0
-19.3750 -21.0000 5.6000 133 254 157
16.3750 16.5000 3.9200 151 254 0
-13.2500 -22.5000 5.3900 132 254 153
-27.5000 4.0000 8.3300 30 209 140
-12.6250 14.5000 0.0900 135 138 21
0.0000 -22.0000 8.7300 12 220 83
-27.1250 -3.5000 0.0800 144 142 18
-14.5000 -22.0000 5.3300 122 254 164
-11.5000 20.0000 0.0900 137 152 0
-8.0000 2.5000 0.1000 190 126 11
-9.5000 -10.5000 0.7600 153 169 41
19.3750 -21.0000 3.9400 244 146 63
-15.8750 -14.0000 0.0800 148 147 33
-14.5000 24.5000 3.0000 153 188 97
11.1250 10.0000 4.1500 129 254 0
6.1250 -22.0000 9.1700 21 166 86
-15.0000 1.5000 0.1100 187 138 0
3.2500 1.5000 6.9100 40 244 124
21.7500 11.0000 3.2700 161 95 137
6.1250 -9.5000 9.7100 0 199 97
12.8750 3.0000 4.8900 86 254 145
-19.0000 -10.5000 0.0900 165 125 1
16.8750 18.5000 8.9500 4 196 108
-27.5000 10.0000 0.4700 134 175 55
-26.8750 4.0000 2.9700 142 206 111
-7.7500 7.0000 0.1000 186 143 0
-4.8750 -20.0000 0.5600 149 129 27
3.6250 -17.0000 5.1400 68 254 121
7.2500 16.0000 2.5100 155 241 116
-17.6250 20.0000 2.6000 143 196 121
-23.7500 16.0000 0.1100 149 117 15
-5.1250 -3.5000 0.1000 166 115 13
12.5000 -20.5000 4.0300 220 152 65
-26.8750 15.5000 5.8200 92 254 140
13.1250 -9.0000 3.7500 211 137 73
-17.6250 20.5000 2.2500 143 190 98
-25.8750 -18.5000 5.7500 133 254 156
10.1250 1.0000 7.9100 16 201 127
-13.1250 -10.0000 0.1100 146 138 30
5.6250 -12.5000 9.3900 0 194 98
-13.7500 -14.0000 0.1100 146 122 21
-5.6250 12.0000 0.0900 166 110 19
3.1250 4.5000 5.2900 81 254 131
4.3750 1.5000 6.1000 51 254 147
9.1250 -2.0000 7.5500 17 222 129
-7.5000 -14.0000 1.6300 176 200 70
15.3750 7.0000 4.8900 96 254 155
10.6250 -6.5000 4.6100 95 254 67
-22.0000 -12.0000 0.1000 198 127 10
-26.6250 16.5000 0.1000 135 140 0
3.3750 21.5000 0.0900 169 98 40
8.0000 -21.5000 12.7600 7 106 79
7.0000 21.5000 0.0900 143 134 25
0.3750 -10.0000 4.3200 132 254 26
13.2500 13.5000 4.1500 135 254 30
-1.2500 -13.5000 4.1100 148 254 6
-26.1250 9.5000 5.1900 94 254 145
-1.0000 -12.5000 3.9400 163 254 0
15.5000 23.0000 2.6700 145 206 77
-0.8750 -19.5000 9.1200 9 236 90
-18.7500 24.0000 1.6600 156 145 79
-23.5000 -21.5000 5.4300 135 254 152
17.7500 17.0000 4.1800 129 254 3
17.7500 -2.0000 3.6100 233 102 95
10.2500 12.0000 3.9700 159 254 0
3.5000 20.5000 0.1100 170 95 37
-23.2500 23.0000 2.6200 132 254 101
-21.6250 22.5000 2.3300 162 211 88
-22.8750 -13.5000 0.1000 176 137 5
12.2500 7.0000 4.7600 96 254 115
19.3750 1.5000 7.2900 74 156 254
20.8750 -8.0000 7.1600 107 110 254
-8.6250 -10.0000 0.2100 144 142 57
-21.0000 -18.0000 0.1300 184 110 0
14.7500 -22.0000 3.9900 219 123 64
6.6250 4.5000 7.6500 19 216 126
15.8750 10.5000 4.8900 95 254 138
-1.2500 -20.0000 3.7800 166 254 0
2.1250 -8.5000 6.1300 46 254 143
0.6250 -15.0000 4.5400 107 254 74
-12.8750 -3.5000 0.0900 167 135 13
-15.2500 -12.5000 0.1300 165 149 14
-16.1250 -22.0000 5.6900 127 254 169
-8.5000 0.0000 0.1000 180 113 23
5.8750 -5.0000 1.9600 122 134 66
9.2500 6.0000 4.9200 84 254 118
-13.8750 -12.5000 0.1000 148 134 20
-14.2500 25.5000 2.8800 138 206 101
-15.6250 -11.5000 0.1300 164 150 17
-8.3750 -9.0000 1.6800 165 216 27
-11.7500 -10.0000 0.1000 153 131 22
-19.1250 23.5000 2.1000 146 190 98
2.0000 3.5000 2.8600 149 224 86
-23.5000 3.5000 1.5100 137 251 29
9.8750 -16.0000 9.1800 19 130 137
15.5000 -17.5000 6.8000 76 135 221
-16.5000 20.5000 2.6400 142 194 113
-15.3750 -21.5000 0.3000 186 112 15
10.5000 -18.5000 4.0700 180 189 42
-21.2500 18.5000 3.0400 158 204 114
20.6250 -10.5000 7.1600 110 115 254
-19.2500 7.0000 1.3200 143 218 67
20.6250 15.5000 8.0400 13 189 157
-20.8750 18.5000 3.2000 169 203 92
-13.7500 18.5000 2.3200 157 215 81
14.3750 -9.5000 3.8200 213 130 68
2.6250 -18.5000 5.5000 64 254 126
-20.2500 -15.0000 0.1100 178 125 0
12.2500 -21.5000 4.0300 219 146 67
8.1250 -5.5000 5.2800 65 254 125
-10.5000 26.5000 3.5900 190 235 19
-4.1250 -17.0000 1.4500 161 206 41
0.7500 -19.0000 4.3100 123 254 10
1.5000 -21.5000 4.0200 153 254 0
-20.8750 8.0000 0.6500 148 143 17
3.6250 3.5000 4.3900 112 254 46
-16.0000 16.5000 2.8600 155 181 112
13.8750 16.5000 2.5000 128 143 98
19.3750 20.5000 4.9300 89 254 124
13.8750 17.0000 2.1100 138 127 52
16.0000 -22.5000 3.9700 227 121 66
-27.1250 6.0000 7.2600 44 224 139
1.8750 -21.0000 6.6600 34 227 126
4.8750 -15.0000 4.2100 125 254 26
-22.0000 23.5000 1.8100 160 191 67
-1.3750 -21.0000 8.3700 14 233 93
17.6250 -11.5000 3.8100 236 138 114
3.6250 5.5000 2.4800 150 236 89
13.5000 -23.5000 4.0600 202 127 75
-12.2500 -12.0000 0.4700 160 169 12
-15.5000 22.5000 2.5300 143 189 101
10.7500 -20.5000 4.0500 207 189 39
-19.5000 -22.5000 5.3800 149 254 139
16.1250 -19.0000 4.1100 199 167 64
15.6250 -13.5000 3.8200 219 126 70
-10.7500 -6.5000 0.1100 158 148 24
-4.0000 -23.0000 7.6300 37 213 100
5.1250 6.5000 2.3700 145 226 62
5.2500 12.5000 0.3200 151 119 16
20.1250 -14.5000 3.8000 236 115 68
22.1250 19.5000 4.9500 90 254 110
2.1250 -22.5000 8.1500 20 196 89
-11.8750 -7.5000 0.1100 152 143 29
14.1250 16.0000 2.9200 135 161 115
14.6250 7.5000 4.8000 99 254 129
-14.0000 22.5000 2.8900 141 200 101
8.8750 22.0000 1.9500 144 254 80
11.1250 7.5000 4.1800 126 254 5
6.2500 -16.0000 3.8100 179 203 0
-9.8750 -16.0000 1.5900 164 208 66
7.3750 15.5000 1.0500 156 199 33
11.5000 3.0000 8.0700 22 186 147
6.8750 -21.0000 4.4200 132 254 16
10.5000 -6.0000 4.6900 89 254 80
14.1250 -3.0000 6.4400 52 200 174
7.3750 1.5000 3.3500 147 192 43
7.8750 24.0000 0.1000 134 111 37
8.7500 -17.5000 8.2300 40 146 148
-26.3750 25.5000 2.7400 112 254 123
3.8750 -15.0000 4.6000 94 254 87
8.7500 3.5000 8.3700 18 191 109
-25.1250 21.5000 0.6400 148 134 0
-4.7500 22.5000 0.0800 166 128 0
-0.8750 -21.0000 3.9200 151 254 0
1.3750 -7.5000 5.3300 79 254 134
9.7500 -15.0000 11.5600 1 110 110
16.8750 -4.0000 3.7500 230 127 86
8.1250 0.5000 9.0200 16 206 93
15.2500 9.5000 4.9500 94 254 152
-13.8750 -23.0000 5.6800 130 254 156
-24.1250 -21.5000 5.4300 134 254 158
-24.1250 6.5000 4.0800 147 254 0
9.8750 -12.0000 10.0700 0 151 122
-19.6250 -22.5000 5.4100 148 254 141
-25.5000 -2.0000 1.7700 173 226 70
1.5000 -11.0000 4.9600 96 254 112
21.0000 26.0000 4.5500 116 254 68
9.3750 18.5000 1.3300 153 160 50
9.0000 1.5000 9.1600 7 179 103
6.0000 -12.5000 5.2800 57 254 136
14.2500 25.5000 2.6000 145 194 75
-2.5000 14.0000 0.1000 185 136 0
12.0000 -14.5000 4.8500 120 241 178
17.7500 3.0000 3.4400 194 101 125
10.6250 9.0000 3.1400 149 176 89
3.8750 -1.0000 3.0700 157 225 48
-8.5000 -11.5000 1.3300 173 188 37
-8.6250 26.0000 2.1900 149 196 56
0.3750 -17.5000 2.4900 126 237 80
2.8750 -6.0000 2.7600 130 197 115
8.7500 -19.0000 4.1000 176 212 30
15.7500 18.5000 5.8000 51 254 161
0.7500 0.0000 3.2200 165 214 57
13.2500 -13.5000 3.8100 205 128 70
15.2500 -17.5000 4.4400 163 208 113
-26.6250 -6.5000 0.1300 149 127 24
20.2500 20.0000 8.1700 13 191 130
21.0000 2.5000 7.0800 92 151 249
-10.3750 24.0000 0.6800 142 154 7
-26.6250 -20.5000 5.4600 140 254 157
-23.2500 4.5000 0.5800 146 170 20
11.0000 -6.0000 5.6600 54 249 133
-15.6250 14.0000 2.1700 156 181 44
-16.6250 22.0000 1.9800 145 165 86
5.5000 -2.0000 2.8300 141 210 88
18.5000 11.5000 3.5400 185 143 67
6.3750 -21.5000 10.6700 6 152 66
-16.3750 -14.5000 0.1000 148 150 36
10.3750 21.0000 2.4000 141 210 118
17.6250 18.0000 8.6500 10 214 117
17.3750 4.5000 3.4400 194 92 123
17.0000 21.5000 4.1600 138 254 0
16.7500 -8.5000 7.1400 82 148 254
17.3750 15.5000 6.9000 21 228 162
-22.0000 -20.5000 5.6200 127 254 156
8.3750 -0.5000 5.9900 62 242 151
-1.0000 -1.5000 0.4200 139 166 13
-21.7500 23.5000 1.9500 164 198 74
1.3750 0.5000 2.9600 146 222 83
11.3750 17.5000 3.5600 171 228 18
1.1250 -16.5000 2.9400 141 203 94
3.0000 -13.5000 8.3800 10 223 106
6.7500 5.0000 5.7100 61 254 145
13.2500 22.0000 3.3400 172 185 32
9.8750 -7.5000 7.0100 35 194 153
16.7500 9.5000 4.4100 117 254 65
-20.0000 21.0000 2.7600 130 220 135
14.7500 -1.5000 3.5200 201 122 90
-9.2500 -8.5000 0.1200 146 144 57
19.1250 18.5000 7.9100 11 209 153
-0.1250 -13.5000 2.4000 136 222 119
9.2500 9.5000 4.5500 101 254 65
-19.7500 16.5000 3.2300 162 203 81
15.8750 -15.5000 6.2000 89 151 226
16.0000 -11.0000 3.8400 231 145 90
8.0000 12.0000 1.1900 142 184 43
-2.0000 0.5000 0.0900 148 108 35
-16.6250 -21.0000 0.1300 175 92 20
-13.2500 23.0000 2.9000 143 211 107
-5.8750 6.0000 0.1000 177 121 5
-18.7500 2.5000 0.1000 154 126 23
9.3750 26.0000 0.0900 132 114 18
-26.1250 2.0000 3.0300 155 203 113
-27.2500 -17.5000 5.3100 140 254 134
-20.3750 21.0000 3.0100 159 200 95
19.8750 -17.5000 4.9800 149 212 190
-24.5000 1.5000 1.8700 157 173 68
11.5000 -23.0000 10.8200 54 74 131
-10.6250 5.5000 0.1000 177 117 14
15.6250 10.5000 5.0000 90 254 149
6.7500 -9.0000 12.3700 0 166 75
21.5000 -19.5000 4.5700 183 190 132
11.7500 5.0000 7.1600 21 209 162
20.0000 12.5000 4.1000 149 254 28
17.6250 -1.5000 3.6300 221 98 74
-2.1250 -21.0000 3.8700 167 254 0
15.7500 -9.0000 3.7900 236 121 87
1.3750 0.0000 2.8500 143 225 92
11.6250 -14.5000 4.4900 140 228 128
14.0000 10.5000 4.9700 89 254 129
11.1250 4.5000 6.1200 48 231 149
22.3750 18.5000 5.6700 66 232 142
-8.1250 -7.0000 0.1100 156 160 46
20.6250 -4.0000 7.1300 114 128 254
6.5000 -19.5000 8.8800 16 168 102
19.6250 -12.0000 3.7800 245 117 103
14.0000 15.0000 3.3800 159 204 60
-1.2500 -14.5000 3.5500 185 251 25
-22.5000 22.5000 2.5500 146 215 106
6.0000 2.5000 5.2900 72 254 139
-15.1250 -10.5000 0.0900 157 151 25
-16.8750 23.0000 2.1800 134 188 84
-24.5000 18.0000 0.1100 143 144 0
14.8750 1.5000 4.4900 123 241 124
-27.3750 9.5000 0.3400 132 151 55
-9.8750 -13.0000 2.5800 148 187 105
17.0000 -14.5000 3.7400 230 102 65
-26.2500 11.5000 6.1100 82 254 151
-0.1250 -13.0000 4.1900 146 254 19
1.7500 2.5000 1.8100 141 254 36
21.8750 -16.0000 3.7400 238 91 82
14.0000 -15.5000 4.5200 152 207 125
-18.1250 -20.5000 0.6000 177 131 17
-26.8750 26.0000 1.2300 132 156 88
8.1250 12.0000 2.5000 139 199 96
7.1250 -20.0000 4.9500 99 254 103
4.0000 -11.5000 9.0700 0 220 99
-14.3750 19.5000 3.0900 166 187 90
14.0000 -11.0000 3.7900 211 145 72
4.7500 1.5000 4.9600 89 254 102
17.1250 14.5000 7.5200 10 215 152
22.0000 11.5000 3.2800 155 98 133
13.5000 -11.0000 3.8300 209 157 65
21.3750 0.0000 7.1100 97 157 246
-27.5000 3.5000 7.7800 40 212 144
-20.0000 20.0000 3.4000 182 195 63
16.2500 2.0000 3.7900 197 165 72
-25.0000 -18.5000 0.1700 184 124 0
4.7500 2.0000 5.0000 87 254 107
-16.1250 16.0000 2.9500 159 182 108
-12.1250 -4.0000 0.0900 167 131 9
-17.5000 9.5000 0.3900 142 138 34
-20.3750 -19.0000 0.1000 202 97 0
11.3750 15.0000 3.1800 148 199 71
10.7500 -14.5000 8.3700 22 136 162
-17.1250 24.0000 2.2400 140 190 95
18.6250 22.0000 4.7000 102 254 97
13.7500 22.0000 3.3900 174 186 23
10.5000 8.5000 3.0700 145 178 96
8.5000 1.0000 2.4800 134 236 80
-12.5000 15.0000 0.0900 133 139 22
16.0000 -23.0000 3.9600 224 114 70
7.3750 10.0000 4.2900 132 254 18
11.7500 16.0000 3.6100 170 238 7
6.5000 17.0000 1.8500 171 211 82
8.6250 2.5000 9.6100 5 185 98
9.3750 -14.0000 10.6500 1 117 119
-25.1250 -22.0000 5.4300 135 254 155
19.7500 -7.0000 7.1100 100 127 254
11.6250 6.5000 6.3700 45 221 170
3.0000 -20.0000 9.4300 6 192 78
12.2500 -9.5000 7.6500 43 157 193
-13.1250 -18.0000 1.6900 167 226 82
9.0000 -11.0000 11.7500 0 123 103
16.6250 14.0000 5.7500 51 254 165
-20.0000 26.5000 1.5400 144 124 84
-7.6250 2.5000 0.1500 181 140 18
0.0000 -2.5000 2.0100 148 239 62
-8.3750 -14.0000 1.9400 170 168 66
16.8750 20.0000 5.7100 57 254 150
-27.3750 -13.5000 0.1000 167 147 8
17.6250 7.0000 3.3600 179 108 134
22.0000 -18.5000 4.5100 185 185 118
-6.7500 -22.0000 1.6700 153 223 59
21.6250 15.0000 3.3400 160 146 75
17.0000 26.0000 0.4900 142 115 22
-17.3750 -21.0000 2.8800 189 204 120
8.1250 -13.5000 7.8000 21 182 120
19.1250 16.0000 8.1300 10 196 159
5.8750 -9.5000 3.5500 160 205 19
-7.7500 17.5000 0.0800 143 158 8
20.7500 8.0000 3.3800 196 83 140
8.3750 -12.0000 9.9900 5 155 117
11.3750 3.5000 8.2900 19 200 112
6.7500 -21.0000 4.5400 123 254 33
4.7500 -17.5000 5.7600 53 254 131
-16.5000 -23.0000 5.3800 145 254 148
9.3750 -9.0000 3.9000 174 223 12
-24.1250 -19.0000 5.6100 130 254 149
-23.8750 -5.0000 0.1100 159 122 15
-19.6250 -19.5000 0.1200 166 99 29
6.5000 -7.5000 3.2700 137 194 61
-6.8750 3.5000 0.1000 167 144 16
18.3750 14.5000 8.1200 10 204 158
13.8750 -3.5000 6.7800 40 197 167
12.3750 -12.0000 10.4100 23 116 150
-11.5000 2.0000 0.0800 190 139 0
14.6250 -18.5000 4.1200 191 156 78
18.8750 -5.0000 7.1400 95 130 254
0.6250 -7.5000 5.5600 72 254 143
-14.8750 -21.5000 0.1200 178 106 17
10.6250 20.0000 2.0100 144 203 85
