ply
format ascii 1.0
element vertex 15985
property float x
property float y
property float z
property uchar red
property uchar green
property uchar blue
end_header
-8.1250 7.0000 5.0530 103 112 210
-6.0625 -14.0000 4.4850 102 122 243
-9.3125 2.0000 1.2640 248 106 97
-1.1875 18.5000 2.0940 156 239 150
10.6250 2.5000 4.2270 84 129 239
-17.6250 8.0000 3.0350 114 205 204
3.5000 -15.0000 6.1070 76 125 212
9.5625 16.0000 1.2260 224 158 81
20.9375 -6.5000 2.2790 145 213 218
-12.0625 -17.0000 5.2350 96 103 238
12.4375 2.5000 4.0710 87 142 254
-13.0625 10.0000 1.7930 184 217 112
-6.4375 -4.0000 1.0740 243 76 119
12.0000 -6.0000 4.1810 104 130 241
11.6250 -13.5000 1.0080 239 78 129
13.1875 26.0000 1.1870 191 254 61
-7.1250 -8.5000 1.1460 245 112 112
24.1250 9.5000 0.1560 167 107 165
3.0000 -2.5000 1.1710 232 124 95
-17.4375 -9.0000 3.7110 98 189 236
-18.5625 15.5000 0.1330 170 109 149
-19.3750 1.0000 0.1490 196 101 166
3.2500 11.0000 5.3370 89 109 224
15.6250 -0.5000 4.0940 99 140 254
-9.0000 -7.0000 1.1090 247 103 118
-13.1250 -20.5000 1.1190 252 106 102
4.6250 24.0000 0.1270 181 90 148
-17.9375 26.0000 5.4270 83 159 210
19.0000 -2.5000 4.0470 98 142 254
3.6250 -14.5000 1.3970 211 187 92
-12.7500 -22.0000 4.1960 104 140 240
-24.1875 -14.0000 0.1400 177 159 148
-21.0625 -14.0000 0.5340 212 161 121
17.5625 5.0000 1.6210 175 219 143
-23.1250 -9.5000 0.1670 172 151 139
-4.3125 22.5000 0.1070 194 111 140
-13.3125 -1.5000 1.0430 253 67 95
19.0000 7.0000 1.3190 211 181 103
4.0625 20.5000 1.3140 215 195 80
11.8125 -19.0000 0.9720 231 63 132
-23.7500 20.5000 2.0060 165 223 170
-15.8125 3.5000 1.2930 221 149 57
-11.6875 1.0000 1.2200 234 107 86
-15.6875 -8.0000 1.1570 232 145 98
5.1875 -3.0000 3.9600 104 144 254
-11.0000 -20.5000 4.2110 100 142 247
20.5000 -4.0000 4.0690 95 148 254
17.5000 -5.0000 4.3470 95 145 229
-7.2500 -19.0000 4.2300 113 125 236
22.0000 2.0000 1.0170 253 86 127
-18.2500 -20.0000 1.1310 239 137 99
-9.1250 15.0000 0.9990 241 131 103
15.7500 11.0000 1.0770 235 120 117
6.3125 -16.0000 1.0890 245 123 109
22.9375 4.5000 1.0520 242 108 107
3.1875 18.5000 1.6710 186 223 111
18.2500 -14.5000 1.0720 236 104 130
-8.7500 -13.5000 4.0610 104 128 245
-22.1250 18.0000 1.9360 163 254 126
4.7500 -6.5000 1.1100 235 112 109
18.4375 -13.0000 1.0840 235 96 126
-22.2500 9.0000 0.1510 194 84 184
14.8750 25.0000 0.6510 207 203 75
-15.6875 9.5000 2.0580 169 223 131
-17.6250 10.0000 2.0250 174 239 127
-4.9375 25.5000 0.1310 183 124 126
-2.7500 13.5000 5.5000 81 134 201
4.1250 13.5000 1.2040 248 126 89
13.0625 -11.0000 3.6790 104 153 254
-18.0625 15.0000 0.1420 181 122 166
-21.1250 -23.5000 1.5280 180 224 98
17.6250 -16.0000 1.0080 228 73 143
23.3125 -9.0000 1.7090 169 221 136
1.8750 17.5000 4.5620 88 152 218
3.1250 -8.5000 1.0860 233 86 128
21.5000 -19.5000 0.9830 233 86 177
5.8125 18.5000 3.2450 126 194 248
24.0000 10.0000 0.1320 166 109 165
-9.3750 -8.0000 5.0010 89 120 252
-4.7500 19.5000 0.7200 217 180 97
-8.4375 -9.0000 5.0160 84 118 252
19.9375 1.0000 1.0350 251 82 119
7.2500 7.0000 4.1090 98 126 248
-11.8125 8.0000 1.7350 199 209 96
-2.3125 4.0000 5.3320 94 109 217
2.8125 -12.0000 1.0910 242 91 136
-18.5625 -2.0000 0.1290 188 112 153
6.2500 13.0000 1.1970 238 117 81
17.6875 14.0000 1.0720 218 180 77
-14.1250 14.5000 0.1420 189 133 138
-7.1250 26.0000 0.1460 162 152 139
10.9375 12.5000 1.1230 237 99 99
-1.5000 -19.0000 5.8730 81 111 194
12.0625 1.0000 4.2610 87 139 247
-23.7500 -13.5000 0.1410 181 157 148
-23.2500 -5.0000 0.1290 179 143 165
-21.1875 3.0000 0.1360 195 104 190
-20.6875 3.0000 0.1250 195 101 189
2.9375 -15.5000 6.2440 79 121 209
-15.7500 16.0000 0.1410 189 133 135
-6.8750 0.5000 1.2000 244 102 97
-2.2500 -3.0000 1.1300 246 98 120
-5.9375 -20.0000 4.2380 113 139 253
18.3750 -21.5000 0.9260 241 59 177
12.6875 -1.0000 4.4620 88 135 246
24.0000 -19.0000 5.2940 81 101 248
-8.0000 9.5000 2.0000 170 217 141
10.1250 20.0000 0.2950 186 114 192
9.6875 -13.0000 0.9890 246 85 140
-1.9375 5.5000 5.7610 83 107 221
21.5625 0.0000 1.0250 250 84 130
-22.8125 -9.0000 0.1380 172 143 141
-0.6875 9.5000 5.9230 81 135 215
-15.1250 -3.5000 1.1130 245 135 94
-19.6250 -16.5000 1.0880 225 164 101
-9.2500 -10.0000 5.2990 86 110 242
-20.3125 -16.5000 1.0760 233 195 83
-9.5000 -1.5000 1.1560 244 85 105
23.0625 -0.5000 1.0080 254 83 125
10.6250 15.5000 1.1850 220 153 68
-21.5000 -13.0000 0.3040 193 153 147
17.4375 -13.0000 1.0420 229 87 114
15.0625 -14.5000 1.0540 235 102 126
13.0625 -3.5000 4.6000 92 129 244
-6.5000 7.5000 5.3970 98 121 205
-1.0000 24.5000 0.1580 202 124 140
12.8125 -2.5000 4.5680 94 128 245
-6.5000 -15.0000 4.2240 107 125 249
14.6875 -10.0000 3.9220 109 142 254
-6.1875 -4.5000 1.0940 240 80 116
25.5000 3.5000 1.1300 227 115 95
-0.8750 -11.5000 1.1950 235 127 101
8.3125 -7.0000 1.5020 184 192 104
-13.1875 -5.0000 1.1140 235 115 97
9.0625 -0.5000 4.5940 76 132 244
1.5625 12.5000 4.8880 102 111 220
10.4375 15.0000 2.3920 137 231 234
24.6250 1.0000 0.9440 243 69 143
6.2500 -20.0000 3.7810 113 146 249
-11.6875 -18.5000 1.2920 231 145 81
-10.2500 -7.5000 5.0020 92 116 253
1.2500 5.5000 6.3050 82 90 199
-12.8750 0.0000 1.1590 244 88 93
20.3750 -13.5000 3.8140 92 135 254
-6.7500 -5.5000 1.0690 244 83 134
19.4375 23.0000 0.1250 195 141 148
25.3125 -16.0000 5.3120 95 96 231
21.8125 -8.5000 1.0910 234 93 110
7.1250 -16.0000 1.0550 249 119 111
-5.6250 11.5000 2.0960 167 222 161
-6.8125 21.0000 0.1530 180 129 141
-9.5000 1.0000 1.2190 251 102 103
-14.0625 3.5000 1.5240 206 179 96
14.5625 12.5000 1.1470 234 132 107
21.5000 -21.5000 0.8970 236 51 177
-17.8750 20.0000 0.2040 177 99 170
-16.7500 5.0000 1.0470 230 178 67
20.0625 -7.0000 1.1160 237 106 91
13.8125 18.0000 5.6510 55 207 173
-16.5625 2.0000 1.2760 219 171 59
9.5000 -15.0000 1.0470 241 99 128
2.7500 11.5000 2.2230 153 203 207
24.7500 -14.5000 4.9150 93 120 221
-10.0000 -20.5000 5.2920 90 109 220
10.6875 -23.5000 5.2770 90 106 235
-24.0000 23.5000 1.5220 192 198 105
21.0625 -18.0000 1.0120 231 69 122
19.9375 6.5000 1.2590 220 157 103
-23.6875 -0.5000 0.1390 174 145 141
17.1875 11.0000 1.1160 229 133 108
-23.8750 2.5000 0.1510 178 140 164
-22.6250 -14.5000 0.1280 179 123 149
15.6250 14.5000 0.2030 179 108 221
-23.3125 -23.0000 0.9510 216 145 114
-10.4375 15.5000 0.1240 187 98 152
-5.6875 -18.0000 5.1000 85 123 228
-4.5625 -4.0000 1.1180 238 91 107
-4.6250 26.0000 0.1650 188 127 116
-17.8750 -10.0000 1.8090 163 254 129
18.7500 5.5000 1.1440 240 122 97
22.8125 -9.0000 1.2380 222 143 86
12.8125 10.5000 0.9910 253 81 146
-6.6250 8.5000 5.5630 93 121 203
-24.1250 13.5000 0.3880 184 121 172
14.6875 23.5000 5.3040 57 254 170
-5.2500 16.0000 1.2570 217 174 69
-12.7500 18.5000 0.1570 190 150 114
-4.8125 5.0000 5.2160 91 102 231
24.8125 -22.5000 0.9130 218 59 169
-9.6250 -17.5000 5.0360 89 114 238
20.4375 -6.5000 2.3470 141 217 226
-5.0000 20.5000 0.1540 190 96 147
-9.4375 -10.5000 5.3700 87 97 233
0.6875 9.5000 5.6440 86 113 227
-13.1875 -19.0000 2.2530 151 202 216
7.3125 -18.0000 1.9230 170 206 172
11.6250 -12.0000 3.6420 102 154 254
-20.3750 8.0000 0.1080 200 77 173
3.0000 1.0000 4.3000 103 120 229
-24.1875 20.5000 1.9770 167 220 167
21.3750 15.0000 0.1320 157 125 174
-19.0000 20.0000 1.0010 233 165 52
9.1250 21.5000 1.1270 208 232 65
-24.1250 -12.5000 0.1400 177 161 148
13.2500 -22.0000 3.3550 107 179 254
1.1875 18.5000 1.2100 219 182 54
-21.9375 20.5000 1.2940 229 196 54
-16.3125 -9.5000 3.9890 104 163 243
16.3125 24.5000 0.4260 186 182 136
5.6875 -13.0000 1.0500 236 80 130
22.4375 -9.0000 1.1500 234 113 95
19.3750 -7.0000 4.4790 74 145 253
7.5000 -14.5000 1.0540 247 116 116
23.8125 -9.0000 1.8830 157 223 165
-14.1875 3.5000 1.5760 200 184 104
-13.6875 -1.0000 1.0500 253 103 86
6.4375 24.5000 0.1450 176 121 178
-4.7500 22.0000 0.1180 187 93 168
-3.3750 18.5000 1.1600 231 173 85
-11.8750 0.5000 1.1760 243 93 87
-21.8750 12.0000 3.0320 106 212 216
16.6250 -22.5000 0.9450 247 70 157
-8.8750 -20.5000 5.4090 82 117 230
1.3750 -10.0000 1.1110 237 96 116
2.5625 10.5000 5.1820 86 118 225
-1.6875 3.0000 5.2730 91 111 218
16.9375 4.5000 1.6620 174 224 152
-10.1875 -7.5000 5.0050 92 116 253
11.9375 -11.5000 3.6440 104 152 254
-20.9375 -10.0000 0.2990 194 150 134
-16.7500 -8.0000 3.7690 102 165 230
10.1875 22.0000 1.0890 205 251 44
-16.1875 17.0000 0.1720 193 151 136
-20.1250 9.0000 0.1460 199 79 175
2.6875 10.5000 5.1660 86 118 225
11.4375 9.0000 1.0510 254 96 132
-18.1250 11.0000 2.1000 162 254 141
3.8750 19.5000 1.2700 221 190 76
24.5625 -6.0000 1.1310 225 108 96
0.5000 -18.0000 6.9520 72 98 196
-5.8750 -2.0000 1.1360 242 101 121
22.0625 7.5000 1.1270 236 159 76
-10.7500 7.0000 1.5860 211 179 75
-15.1875 16.5000 0.1340 197 142 133
-14.6875 9.0000 2.0420 172 222 134
-5.5625 -15.0000 5.1640 85 117 235
-22.7500 25.0000 4.6820 107 155 215
-2.1250 -11.0000 4.1060 108 140 243
3.1875 -21.0000 3.8500 110 149 246
6.3750 24.0000 0.1280 176 117 183
-6.9375 -4.5000 1.0810 241 75 123
25.1875 -23.0000 0.9290 207 63 169
-6.0000 22.5000 0.1140 192 109 152
-19.4375 14.5000 2.1000 144 254 128
-18.1875 19.5000 0.1120 172 93 168
19.6250 -8.5000 1.0880 242 100 124
12.2500 -5.0000 4.3060 93 134 247
-12.3125 19.0000 0.1220 192 142 112
-7.5000 16.5000 1.1070 214 210 88
-8.7500 10.0000 1.4050 226 181 53
-2.6250 0.0000 1.2140 248 111 106
-14.1250 -18.0000 1.2160 234 128 107
-0.3750 0.5000 1.2370 233 120 102
-7.3750 -3.0000 1.1210 247 94 124
-14.5625 -8.0000 1.1540 233 136 90
16.2500 -14.0000 1.0900 232 103 132
-0.2500 22.0000 0.7140 214 179 116
5.8125 -12.0000 1.0350 238 85 153
-0.8750 -20.0000 5.8320 74 150 191
23.2500 -21.5000 0.9080 241 57 164
-14.3125 -11.5000 4.5350 85 148 239
22.8125 5.0000 1.0730 243 113 104
-16.7500 -13.5000 4.3070 97 155 221
-10.1875 13.5000 0.8920 228 141 100
11.0000 19.0000 0.6600 199 136 107
-8.2500 -4.0000 1.0710 254 84 128
2.8750 -15.0000 6.1300 79 123 211
-0.8125 -23.0000 5.6900 86 121 189
20.9375 -3.0000 1.1500 237 118 105
23.2500 -10.5000 4.5150 87 118 245
2.8750 -2.0000 3.9000 110 138 245
-7.6250 17.5000 0.5640 211 140 116
0.8125 11.5000 5.2230 86 127 227
-4.8125 -18.5000 5.1940 84 121 223
19.2500 -14.5000 1.1170 234 110 121
-22.7500 -18.5000 0.1470 180 118 151
-6.6250 -18.0000 5.3170 84 122 223
-9.2500 -18.0000 5.1170 85 117 236
17.6250 -5.0000 4.3540 96 145 227
-5.6250 9.0000 5.8500 87 117 205
18.0000 15.5000 0.8940 209 209 111
-22.4375 -14.0000 0.1510 187 142 145
20.3750 15.0000 0.9270 207 168 84
-3.1250 -19.5000 5.7440 75 131 218
-2.5000 7.5000 6.0750 77 118 210
23.2500 0.5000 0.9530 249 75 136
4.4375 14.5000 2.4220 142 214 228
21.3125 0.5000 0.9870 253 91 136
10.8750 -16.5000 1.0050 234 78 129
6.6875 -3.0000 4.0790 101 132 246
-22.4375 -4.0000 0.1060 176 121 152
20.8750 20.5000 0.1440 187 126 162
8.0000 6.0000 4.1030 97 139 244
13.8125 -15.5000 0.9860 245 79 129
-18.6875 -24.0000 0.8190 228 85 107
12.4375 20.5000 1.3260 197 254 23
-19.3125 9.0000 2.1310 152 254 159
22.9375 12.0000 0.1220 173 105 180
4.2500 3.5000 4.6520 95 107 229
19.9375 -6.5000 4.3450 77 150 254
12.3750 -6.0000 4.2290 102 130 241
-18.9375 -8.0000 0.2220 189 133 142
-20.9375 2.0000 0.1360 197 105 183
7.4375 -6.0000 1.5670 184 204 107
-4.2500 -12.5000 5.6030 79 126 207
11.7500 1.5000 4.2580 84 133 248
7.0625 20.5000 0.2990 195 83 211
7.3125 -5.0000 3.9160 111 126 242
-23.3125 -23.0000 0.1670 176 123 156
6.8125 -16.0000 1.0730 248 122 109
-21.0000 -24.0000 1.4670 182 212 94
-18.5000 -13.5000 3.9380 93 193 220
14.6875 11.0000 1.0610 238 98 124
-4.0000 -20.5000 5.6710 77 129 215
19.4375 18.5000 0.2100 188 112 169
-17.1250 -9.5000 3.8130 95 185 233
11.2500 -11.0000 1.0630 236 98 121
19.5625 23.0000 0.1410 196 143 145
-18.4375 -13.0000 3.9530 88 192 223
-13.4375 12.0000 0.4300 192 130 154
-0.3750 12.0000 5.3470 90 124 223
20.3125 1.5000 1.0040 252 84 123
-7.2500 -20.5000 5.0380 94 134 227
-1.9375 1.0000 1.2440 243 131 99
0.8750 -11.5000 1.2310 228 128 96
-23.1250 6.5000 0.1520 192 113 173
-23.9375 -18.5000 0.1390 174 123 159
-14.2500 19.5000 0.1130 184 130 140
0.8125 -9.5000 1.0870 242 91 120
12.3750 17.0000 0.1900 166 113 194
-16.5000 10.5000 2.0570 170 229 130
19.3125 14.0000 1.0790 208 180 75
-10.7500 20.5000 0.1340 191 150 105
9.3750 -5.5000 4.0700 101 139 243
-4.3750 9.5000 6.1770 87 114 189
4.1875 -9.5000 1.0630 240 84 120
11.1250 9.0000 1.0630 248 87 92
-5.5625 18.0000 1.1080 231 154 74
11.3750 -18.5000 0.9850 234 79 121
-8.4375 -17.0000 5.2030 83 115 230
-3.8125 -10.5000 4.3860 100 130 246
-2.8125 -20.0000 5.7610 71 145 197
-1.3125 22.5000 0.2000 202 130 146
-12.1250 -10.0000 5.6230 74 129 229
21.8125 20.5000 0.9130 204 228 75
16.0000 -20.5000 0.9420 249 74 168
15.5625 17.0000 0.2220 185 116 171
21.8750 -17.0000 4.6880 85 101 254
-8.3125 -17.5000 4.2650 106 127 244
-17.8750 19.5000 0.1600 174 97 166
10.0000 4.0000 4.1420 88 136 244
-8.1250 -18.0000 4.2090 106 131 242
-11.1875 -6.0000 1.1030 243 102 81
-15.5625 -5.5000 1.1700 233 144 97
2.8125 -1.5000 1.2910 222 138 98
18.1875 13.5000 1.0800 211 167 84
-17.8750 -12.0000 3.9260 89 193 232
7.2500 23.5000 0.1270 181 114 183
24.7500 -5.5000 1.1060 235 98 105
-4.6250 14.5000 1.7800 180 216 113
-2.7500 -22.0000 5.5550 76 151 197
3.0000 -12.0000 1.0970 243 94 134
-1.8750 -0.5000 1.2060 250 107 103
-5.7500 -19.5000 5.0870 86 121 237
-20.1875 21.5000 1.1560 241 163 61
-16.2500 -18.5000 1.1670 234 118 122
-8.5000 15.0000 1.0930 242 140 101
-15.8125 6.0000 2.0000 177 203 139
20.8750 -2.5000 4.0460 100 132 251
-9.8750 -5.5000 1.0950 241 112 118
-5.3750 9.0000 5.8900 87 116 205
3.6875 -1.0000 4.1020 107 127 231
-12.5000 0.5000 1.1610 243 88 92
21.9375 -4.5000 2.2670 150 222 236
-15.8125 -7.5000 1.1550 232 145 98
14.2500 -4.5000 4.5760 105 121 227
-21.3750 24.0000 4.7360 90 165 230
-19.4375 24.0000 4.9370 78 176 231
-21.8125 -17.5000 1.8300 156 254 148
8.4375 22.5000 0.1000 179 91 169
-22.1250 -4.0000 0.1610 180 133 151
24.0000 -5.5000 1.1460 234 111 102
0.6875 -3.5000 1.1190 241 92 89
-5.0000 5.0000 5.1100 92 104 234
7.0625 -14.0000 1.0390 245 112 122
-15.0000 -2.0000 1.0860 239 127 103
-0.2500 -0.5000 1.2220 231 130 88
5.7500 -3.0000 3.9980 105 134 247
5.4375 12.5000 1.2210 240 127 92
11.3750 -12.0000 3.5820 113 144 254
3.0000 20.0000 1.2440 220 186 82
-17.5000 -6.0000 0.9680 232 174 77
0.5000 -3.5000 1.1400 239 97 89
9.5625 -9.0000 1.0900 238 107 107
-10.9375 2.5000 1.3140 244 115 76
-18.1250 -11.0000 3.8180 96 193 233
-3.4375 8.5000 6.1640 77 116 212
-23.8750 6.5000 0.1350 190 116 179
1.8125 -4.0000 3.0700 123 168 253
14.4375 -1.5000 4.3000 108 127 236
-2.3125 -15.0000 5.1150 82 118 223
4.6875 13.5000 1.3300 233 154 90
-22.0625 -21.0000 0.1370 189 109 187
-1.8750 -10.0000 1.0910 254 82 94
-20.0000 -19.5000 1.0550 241 153 88
-4.8750 -13.0000 4.2500 103 140 235
-22.6250 3.5000 0.1520 187 112 160
-3.5000 -16.5000 5.3650 84 116 218
6.5000 -11.5000 1.0370 238 87 153
10.6875 -3.0000 4.4500 81 131 240
-15.0000 1.0000 1.2290 234 140 82
-13.0625 -14.0000 5.5590 84 113 215
-16.6250 -15.0000 4.9300 79 152 209
-13.2500 -17.0000 5.1220 94 121 233
-3.5000 3.0000 1.4370 218 162 93
-8.8125 -10.0000 5.1920 85 113 245
-11.9375 -9.0000 5.4230 76 128 239
-22.0625 2.5000 0.1380 193 109 189
-3.6250 3.0000 1.3960 224 153 89
9.0625 11.5000 1.2460 231 127 88
0.5000 15.5000 2.7480 131 203 229
15.1250 -1.0000 4.1770 96 131 254
-19.2500 3.5000 0.1550 186 83 175
-12.6250 7.5000 1.7810 198 206 105
-20.1875 10.0000 0.1380 192 78 175
5.9375 -15.0000 1.0520 246 112 119
-13.2500 2.0000 1.3170 226 137 84
-5.1250 -13.5000 4.2390 104 139 233
-7.4375 -6.0000 1.0530 245 87 122
-0.3750 16.0000 2.2190 147 229 181
22.7500 -1.0000 1.0160 254 83 125
8.8750 -21.0000 5.1190 85 105 250
-21.2500 20.5000 1.2260 240 184 53
-10.8125 -7.0000 1.2820 226 150 78
3.1250 -22.5000 3.6640 114 149 238
-7.4375 22.5000 0.1230 174 129 121
5.1250 -11.5000 1.0680 240 90 141
-16.5625 7.5000 2.1010 165 208 132
-15.0000 -13.0000 5.5430 78 122 219
16.8125 -14.0000 1.2200 217 142 121
-20.2500 -5.0000 0.1350 176 139 145
0.6250 2.0000 5.4530 84 117 219
23.5625 -15.0000 4.7360 81 122 251
4.0625 -22.5000 3.4950 117 152 239
-16.9375 24.0000 0.9110 226 145 97
-15.3125 11.0000 3.0350 109 204 218
-19.9375 -21.0000 2.1150 149 254 179
-11.6875 -12.5000 5.9270 68 126 210
21.7500 -7.5000 1.1090 233 99 110
-12.7500 -7.5000 1.1360 240 119 83
-23.4375 23.0000 1.5230 199 209 96
7.4375 -15.5000 1.0410 251 116 113
22.1875 -17.5000 1.0460 246 85 151
-16.1875 25.5000 0.9290 210 175 77
-6.0625 3.5000 1.3140 229 115 86
-5.8125 17.5000 1.1170 231 157 72
-9.8125 -6.0000 1.1060 243 102 124
-21.3750 15.5000 1.9910 169 254 110
14.2500 -18.0000 0.9710 236 78 136
-8.0000 16.5000 1.0900 217 209 89
-17.1250 -7.5000 1.3350 197 212 89
-3.2500 18.0000 1.2410 231 177 66
-6.9375 -13.5000 4.3440 100 121 250
-6.1875 -19.0000 4.9320 93 121 226
-20.1250 1.5000 0.1640 189 123 171
13.5625 -7.5000 4.1360 104 131 229
7.7500 -19.5000 3.8380 106 136 250
2.0000 -18.5000 6.7920 80 102 185
-12.5625 0.5000 1.1790 241 94 90
15.0000 24.5000 0.5610 197 198 95
16.7500 2.0000 1.3670 217 170 107
15.1875 -19.0000 0.9780 228 86 160
-21.3750 -24.0000 1.4130 186 208 91
7.6250 14.0000 5.4790 80 126 223
21.5625 -2.5000 1.0910 240 95 127
-20.8125 -4.5000 0.1400 184 127 149
-23.1250 19.0000 1.9150 172 235 140
-6.4375 -11.5000 3.5980 124 145 254
-2.9375 -3.0000 1.1430 244 102 123
-8.5625 -3.0000 1.1000 254 93 129
3.5000 -11.5000 1.0720 244 87 140
10.2500 -22.0000 5.0620 83 109 251
24.1875 8.5000 0.1440 168 81 179
-3.5000 -22.5000 5.5290 96 123 201
-8.6250 -20.0000 4.2480 107 135 247
10.0625 18.0000 5.1730 62 188 209
-2.3125 14.5000 5.2200 79 135 211
-11.4375 14.0000 0.1490 193 85 152
7.4375 3.0000 4.4210 88 126 234
4.6250 18.5000 1.1400 236 140 80
10.9375 22.0000 1.0360 212 225 32
-0.0625 22.0000 0.9520 222 193 90
-10.1875 20.5000 0.1560 185 154 112
2.7500 -15.5000 6.2500 79 121 209
2.8125 -0.5000 4.0880 108 127 234
-10.1250 -13.5000 6.0110 76 110 210
10.0000 -17.0000 1.0260 236 84 122
-13.5625 1.0000 1.2390 233 121 72
-8.5000 18.5000 0.1320 181 115 142
21.8125 6.5000 1.1020 234 136 103
-17.0625 8.0000 2.0160 169 236 129
11.6875 -23.5000 5.2150 88 113 233
20.0625 -9.0000 1.0690 245 97 125
-5.3125 -4.5000 1.1130 240 88 110
-16.5000 -8.5000 3.8640 95 172 227
-9.8125 0.0000 1.1570 250 85 97
19.2500 19.5000 0.1230 191 122 164
-17.3125 3.0000 0.3260 197 94 141
-20.3125 25.0000 5.0830 79 172 225
25.6875 5.5000 1.1160 238 145 86
0.1250 -1.5000 1.1910 232 120 89
13.6875 -9.0000 3.9300 110 138 251
-12.3750 24.5000 0.1710 181 143 134
2.6875 -22.5000 3.6480 124 151 238
9.1250 17.5000 1.0590 224 155 66
16.9375 -7.5000 4.3900 86 153 231
13.3750 6.0000 1.0700 246 92 123
8.5625 -13.0000 1.0130 232 94 135
2.4375 13.5000 4.6650 100 119 227
7.5625 11.0000 3.3030 121 162 239
23.5625 12.0000 0.1540 175 113 162
3.0625 12.0000 1.2880 233 146 84
-2.6875 -14.5000 5.9550 78 95 211
8.7500 -13.5000 1.0250 233 112 146
10.3125 8.0000 1.1300 248 103 83
3.4375 18.5000 1.7610 179 230 128
-12.7500 -14.5000 5.5870 80 101 216
-9.3750 18.0000 0.1400 184 113 143
20.0625 6.5000 1.1970 229 136 101
-19.7500 -21.0000 2.4390 136 252 204
-8.2500 19.5000 0.1480 187 145 148
14.2500 21.5000 0.5460 202 187 87
19.3750 -19.0000 0.9370 238 51 132
9.6250 -16.0000 1.0190 242 91 129
24.9375 2.5000 1.0230 236 90 127
-1.0625 18.5000 2.0340 160 237 142
-9.6250 7.0000 1.4760 231 167 71
-3.2500 -4.0000 1.0820 246 85 129
8.7500 4.5000 4.1610 98 129 247
-15.5000 10.5000 2.0610 160 241 130
8.3125 -19.5000 3.8450 107 136 247
18.8750 4.5000 1.9500 154 220 182
-0.4375 -5.0000 1.1160 241 85 107
-6.6250 -3.5000 1.1220 240 91 118
1.9375 -21.5000 3.3340 137 183 232
18.6875 -16.0000 1.0350 239 85 130
8.7500 -2.5000 4.3490 84 136 237
-23.0000 -22.0000 1.7830 161 245 131
11.6250 -0.5000 4.4920 77 131 230
-9.8125 -23.5000 4.6150 108 117 219
-16.6875 15.5000 0.1370 180 135 140
3.7500 1.5000 4.3740 99 112 229
-12.1875 9.0000 1.7390 195 207 99
-21.7500 -7.0000 0.1030 186 126 164
-18.5625 -0.5000 0.1450 195 95 149
-11.6875 15.5000 0.2090 191 97 145
13.7500 16.0000 0.1880 170 97 190
-22.6875 3.0000 0.1190 187 109 192
-5.7500 -6.5000 1.3760 208 170 103
6.3125 -18.0000 3.8730 105 131 254
-0.1875 -13.0000 6.2160 75 106 213
9.3750 -3.5000 4.2680 86 136 244
-7.3750 -11.0000 5.2140 86 122 229
-23.1250 -2.5000 0.1900 178 148 133
-8.6875 1.0000 1.2080 242 104 93
-15.0625 22.5000 0.1230 177 120 162
-2.0625 -17.0000 7.0980 72 95 188
-6.3750 17.0000 1.0670 232 142 78
-0.8125 0.5000 1.3720 220 162 96
-1.9375 -23.0000 5.5640 84 143 184
-8.1250 25.0000 0.1510 167 147 134
-7.6875 6.0000 5.0210 104 97 212
-24.0625 1.5000 0.1520 174 138 167
8.1250 10.0000 1.3620 217 153 80
2.6875 20.5000 4.5100 94 153 218
4.5000 14.5000 2.4110 143 215 227
-18.1875 9.5000 2.0660 162 236 145
-20.2500 -8.0000 0.7550 215 190 64
6.9375 24.5000 0.1530 178 120 176
6.6250 5.5000 4.2540 91 139 250
-22.8750 10.5000 0.1360 179 104 163
3.5625 18.0000 1.7030 186 217 125
-8.2500 -13.5000 3.9960 109 117 254
-10.5625 -3.5000 1.0510 248 77 106
10.0625 -18.5000 1.0550 241 91 111
14.6875 -21.5000 0.9960 237 70 130
14.3125 -1.0000 4.2870 95 134 242
-7.2500 16.0000 1.1250 217 158 80
-3.0000 14.0000 5.3900 80 135 205
-8.6250 25.0000 0.1420 167 144 136
-16.5625 -3.5000 1.1770 212 177 94
-11.6250 25.0000 0.1120 179 133 135
15.6250 -15.0000 1.0200 241 84 143
23.0625 -5.5000 1.1280 235 107 92
17.8125 -16.0000 1.0130 228 75 140
16.9375 24.5000 0.4900 196 192 122
-17.9375 -8.5000 1.8750 156 254 141
-7.1875 -2.5000 1.1170 250 92 123
24.8125 -4.5000 1.1240 233 101 107
21.1250 0.0000 1.0300 254 99 127
-12.3125 -20.0000 4.1190 106 147 250
-12.3125 -7.5000 1.1290 239 109 78
18.5000 -18.0000 0.9630 237 55 136
-0.7500 -6.0000 1.0850 242 85 128
-7.4375 22.5000 0.1350 175 132 121
9.9375 -19.0000 1.0620 239 92 111
-5.7500 -22.0000 5.4570 84 113 221
-10.6875 -13.5000 5.8990 79 110 201
17.8125 -10.0000 4.2310 92 121 254
-12.8750 -20.0000 2.7320 141 207 237
-19.1250 9.5000 3.0780 112 205 200
12.8750 13.5000 1.1740 240 143 92
4.1875 -17.0000 4.0350 106 145 239
-14.7500 -15.0000 5.2770 80 116 230
23.2500 6.0000 1.0990 238 122 101
-2.1875 23.5000 0.1550 204 113 162
10.8750 -5.0000 4.2570 92 132 238
21.8750 7.0000 1.1150 234 139 100
-16.6250 6.5000 2.9870 121 197 214
19.5625 -7.0000 4.4400 75 146 254
-5.2500 -4.0000 1.0980 243 86 109
-13.3750 6.0000 1.7560 201 183 86
12.9375 -17.5000 0.9780 238 76 139
-23.0625 22.0000 1.5720 200 209 109
-4.1250 12.5000 5.8830 83 127 175
-14.7500 -17.0000 1.1690 237 113 119
12.5000 13.5000 1.1950 236 147 93
20.5625 6.5000 1.1140 230 117 101
-24.1875 -17.0000 0.1370 165 153 148
0.5625 8.5000 5.9890 78 114 221
-2.1875 9.5000 6.1780 78 112 210
19.2500 22.5000 0.1510 194 147 144
-4.8125 -6.0000 1.0860 239 82 105
-11.1250 21.5000 0.1740 187 127 101
21.3750 8.0000 1.1300 233 159 78
21.3125 18.5000 0.9570 207 244 69
13.3125 -21.5000 3.3540 107 181 254
-6.8125 -5.0000 1.0710 238 78 133
-5.5625 23.0000 0.1230 194 112 152
18.6875 6.0000 1.2090 227 143 102
-14.9375 10.0000 2.0390 163 235 122
21.3750 10.5000 0.1710 173 114 183
-16.1875 7.5000 2.0270 168 202 122
-15.5000 -10.5000 4.1920 92 165 251
-13.7500 15.0000 0.1500 187 135 132
19.6250 4.5000 1.1740 238 130 94
-3.1250 -21.0000 5.6600 73 150 201
1.3750 -6.5000 1.0680 243 87 106
7.2500 -19.0000 3.8560 104 131 252
10.0000 -8.5000 1.1120 234 113 103
-5.7500 -10.5000 1.2250 236 125 86
-13.1250 -20.5000 4.9050 95 111 231
-17.5625 21.0000 0.1180 170 92 172
22.6875 -21.0000 0.9690 246 70 154
-15.2500 12.0000 0.1420 186 101 140
-15.9375 14.5000 0.1270 185 137 144
0.7500 16.5000 2.4210 139 239 204
17.2500 17.5000 0.2570 191 125 152
-5.3125 23.5000 0.1430 194 120 151
-0.8125 25.0000 0.1520 202 125 135
6.0625 5.0000 4.3680 92 134 243
17.0000 12.5000 1.0810 219 158 101
21.8750 -16.0000 4.5480 83 129 254
-12.9375 13.0000 0.1340 193 102 160
22.6875 -13.0000 4.2610 84 152 249
10.1875 -19.5000 1.0880 235 100 109
-7.1875 25.5000 0.1570 164 154 139
-12.0625 -23.5000 4.1990 113 129 219
5.5000 -23.5000 3.0030 136 158 227
-16.1250 -5.0000 1.1400 234 142 98
17.8750 3.5000 2.0790 145 227 213
-1.8750 2.0000 2.9490 127 173 250
-14.3750 -6.5000 1.3190 222 180 84
-17.1250 15.5000 0.1400 181 134 144
20.1875 -6.5000 2.3260 142 219 225
-6.6250 -5.0000 1.0950 238 82 127
14.5625 -10.5000 3.8830 113 129 252
12.6875 -13.5000 1.0100 246 95 135
-13.8125 16.0000 0.1590 190 137 146
20.5625 -24.0000 0.9440 226 52 157
-0.6250 1.0000 1.2790 228 132 101
14.3125 -15.5000 0.9990 243 82 127
9.3750 -7.5000 1.4670 193 194 89
-18.4375 2.5000 0.1430 195 70 158
-5.7500 6.5000 5.3730 91 97 230
2.3750 20.5000 2.5720 129 243 213
11.6875 1.0000 4.3090 91 129 228
3.0000 -8.0000 1.0670 235 91 126
-0.1250 1.5000 5.1760 96 113 221
16.5625 21.0000 0.1980 193 132 177
-1.2500 23.5000 0.1410 202 112 154
14.9375 -17.5000 0.9660 244 82 163
-6.3750 -21.0000 5.4090 84 114 228
-19.6875 -16.0000 2.9650 116 247 220
2.7500 5.5000 6.1940 81 88 204
21.8125 19.0000 0.9610 210 246 64
-19.3125 17.0000 0.1730 165 130 157
23.6875 -17.0000 5.1020 86 107 252
10.8750 14.0000 1.2230 232 128 82
-11.0000 -5.0000 1.0970 241 83 95
8.3750 12.0000 2.3830 138 214 223
13.5625 24.5000 0.5230 195 178 121
-12.3750 -2.0000 1.0410 254 78 106
-11.5000 -12.0000 5.8870 68 126 211
-22.7500 -6.0000 0.1700 178 154 157
0.1875 -13.0000 6.1690 73 108 214
-17.2500 -11.0000 3.9400 95 169 236
-16.5625 -9.0000 3.8700 96 178 226
-18.6875 15.0000 0.1280 178 123 173
17.5625 -20.5000 0.9480 242 77 163
10.6875 -1.5000 4.6620 73 132 234
14.9375 -10.0000 3.9550 108 142 254
-20.4375 8.0000 0.1370 200 79 172
20.3125 7.5000 1.1080 235 120 99
-16.5000 -19.0000 1.1370 245 131 121
18.1875 15.0000 1.0730 202 182 82
12.1250 2.0000 4.1520 87 139 254
-9.9375 -7.5000 5.0180 90 119 254
-0.4375 10.0000 5.7830 82 129 219
20.3750 -23.0000 0.9230 230 45 165
-21.9375 24.0000 4.6440 95 164 228
-18.0000 16.0000 0.1340 169 127 134
10.0000 7.0000 1.1780 241 108 82
-23.5625 -5.0000 0.1330 178 147 164
6.0000 21.0000 0.6150 219 96 170
-22.3125 -15.0000 0.1960 186 124 147
-20.6250 2.0000 0.1240 196 102 182
8.0625 -2.0000 4.3210 92 120 234
12.6250 18.0000 0.4550 179 137 186
1.3125 -2.5000 3.0340 124 174 254
-19.8125 -6.5000 0.1630 185 155 148
-10.1875 -15.5000 5.6940 81 87 230
-0.4375 8.5000 6.1010 82 114 220
12.5000 17.5000 0.1490 162 114 192
2.5625 21.5000 2.0720 161 231 177
-11.0000 11.5000 1.0820 238 152 64
-8.6250 17.5000 0.2700 189 115 148
10.1875 -9.5000 1.0760 240 103 105
-4.8125 2.5000 1.2720 238 109 75
20.7500 22.0000 0.1540 183 129 156
22.0625 2.0000 1.0070 254 84 129
19.1875 -3.5000 4.0880 92 148 254
3.0625 18.5000 2.0730 163 240 174
-17.0000 -9.0000 3.8160 96 182 232
-22.1250 9.5000 0.1570 185 102 159
12.4375 -1.5000 4.4820 90 132 243
-6.2500 9.5000 5.9280 80 127 192
-8.5000 -4.0000 1.0660 254 84 130
10.7500 7.5000 1.1190 245 99 85
-3.2500 -1.5000 1.1530 253 94 116
10.6875 23.0000 1.2060 198 254 40
16.3750 -18.0000 0.9420 243 55 148
7.1250 8.5000 3.8470 110 136 246
-18.2500 -12.5000 1.2580 222 212 70
0.7500 15.0000 4.5640 94 125 231
-6.8750 -15.0000 4.2190 109 123 247
11.5625 13.5000 1.1720 230 116 93
-3.8750 19.0000 1.1580 220 183 78
-4.1250 7.5000 5.8330 87 115 212
-7.5625 13.5000 1.2490 230 162 89
8.3125 8.0000 1.1940 241 115 75
20.6250 -5.0000 4.1440 92 152 254
-8.3125 25.0000 0.1410 167 144 136
-21.5625 13.5000 2.0490 173 254 113
8.5000 4.0000 4.2120 98 126 225
4.8750 19.5000 1.2850 218 186 75
20.1250 -23.5000 0.9430 226 51 161
-10.5625 6.5000 1.5500 216 172 69
-23.4375 -20.0000 0.1460 182 116 156
-12.6250 -11.5000 5.9580 69 126 209
12.9375 -18.0000 0.9840 240 78 135
-10.2500 -17.0000 3.4280 120 144 243
19.5625 4.0000 1.0370 248 84 107
25.1875 3.0000 1.0620 230 97 103
-8.5000 17.0000 0.7190 222 153 115
-15.3750 17.0000 0.1540 197 144 136
14.6875 3.5000 1.9930 152 217 198
10.3750 14.5000 1.2320 229 134 81
16.9375 12.5000 1.1030 224 129 120
18.0000 -17.0000 1.0190 232 83 141
22.7500 -7.5000 1.1130 234 104 87
-14.3750 -2.5000 1.0760 244 127 101
-16.8750 23.0000 0.8400 228 136 106
14.1875 -0.5000 4.2850 94 134 244
14.0625 24.5000 0.5280 194 182 118
24.3750 -14.0000 4.7460 93 126 228
19.3750 22.5000 0.1430 195 145 143
6.4375 -17.0000 1.0710 241 107 106
2.5625 18.0000 2.3580 144 236 207
-4.7500 14.5000 1.6770 189 211 96
8.6250 8.0000 1.1770 234 105 81
-3.4375 -4.5000 1.1120 238 94 137
-15.8125 17.5000 0.1350 192 144 144
16.3125 -16.0000 0.9860 242 79 147
22.0000 -3.0000 1.1240 242 106 114
13.1250 -15.0000 0.9770 247 76 133
-6.2500 -19.5000 4.2820 108 136 246
-12.8750 -15.0000 5.4610 83 101 219
-4.5000 23.0000 0.1430 197 118 141
-16.0625 4.5000 1.3910 208 170 60
22.3125 -1.5000 1.0410 252 87 125
20.2500 13.0000 0.1610 154 98 195
18.1875 16.0000 0.4050 195 159 177
7.4375 11.5000 1.7630 180 200 131
-19.5000 8.0000 0.1390 194 66 151
3.5625 22.5000 0.8510 232 181 79
6.9375 -13.0000 1.0410 242 89 141
2.5000 -7.0000 1.0680 237 81 115
1.6875 14.0000 4.6680 93 121 227
-10.0625 15.5000 0.2710 188 116 160
-6.8750 2.0000 1.2970 228 111 82
-17.8750 -1.0000 0.4130 202 99 148
-4.8750 3.0000 1.2780 237 111 77
10.4375 12.0000 1.1120 250 90 94
1.2500 5.5000 6.2930 82 90 199
2.0000 10.0000 5.3560 99 107 209
-1.8750 -19.0000 5.8780 80 112 197
0.1250 2.5000 5.4100 87 117 223
-21.4375 3.0000 0.1610 196 112 188
20.5625 -5.0000 4.1400 92 152 254
18.0625 16.5000 0.4080 193 158 166
6.0625 7.0000 5.3740 92 113 209
9.1875 0.0000 4.6610 74 132 243
-18.0625 22.0000 0.8710 234 135 103
5.8125 6.5000 5.5310 94 112 204
-22.3125 -21.5000 1.7970 162 254 132
18.3750 -13.5000 1.0730 239 100 133
-2.4375 12.5000 5.6430 81 125 201
-1.5000 16.0000 4.5320 88 143 202
-10.1250 20.5000 0.1170 183 154 111
17.5625 17.5000 0.2670 189 129 146
11.1875 -6.5000 4.0300 98 141 240
15.6250 10.5000 1.0780 234 119 118
6.3125 -12.0000 1.0390 241 87 149
-18.1875 25.0000 1.0080 222 156 91
13.5000 4.5000 1.1530 240 108 112
1.3750 -1.0000 1.2580 230 139 80
3.0000 -1.0000 4.0310 109 129 231
17.0000 12.5000 1.0900 219 160 99
-18.0625 -19.0000 1.3090 224 187 97
11.1250 -2.5000 4.5660 82 124 233
-14.8125 10.5000 2.2000 151 244 158
4.9375 20.5000 1.1380 225 161 77
-11.4375 -19.0000 1.1950 244 113 86
-21.1250 -4.5000 0.1310 183 125 150
4.8750 3.0000 4.6540 95 105 227
-13.4375 -8.0000 1.1260 241 133 93
-20.1875 -17.0000 1.0830 233 194 80
-7.6875 0.5000 1.2560 238 119 88
1.1250 -16.5000 6.6230 80 110 204
2.7500 4.5000 6.4280 82 85 197
-11.0000 -11.0000 5.6930 83 110 217
0.9375 10.0000 5.5510 86 123 213
-11.5000 0.0000 1.1360 249 81 88
-15.5625 -16.5000 1.1800 235 113 102
-18.6875 -6.0000 0.1520 185 117 157
-22.8750 -8.0000 0.1380 180 139 139
6.1875 23.5000 0.1330 177 116 184
-0.7500 4.0000 5.6220 90 107 218
19.0625 -16.0000 4.0170 92 129 254
-12.6250 -17.0000 5.1230 100 103 240
-10.1250 18.0000 0.1580 185 139 138
2.8125 -5.5000 1.0930 234 105 122
-5.3750 25.5000 0.1250 178 134 143
-7.6250 2.5000 1.2860 246 106 91
14.5000 21.5000 0.5390 201 187 87
21.4375 16.5000 1.0080 192 220 60
11.8125 14.5000 2.1220 151 232 198
-17.3125 20.5000 0.1260 171 93 167
-12.3750 -1.5000 1.0560 249 64 101
-10.9375 -11.5000 5.7760 72 121 208
-6.0000 14.5000 1.3530 223 173 58
-16.8125 -11.0000 4.0290 96 167 231
-16.2500 5.0000 1.5460 204 171 76
-10.0625 -3.5000 1.0280 249 73 131
2.0625 13.5000 4.6780 101 116 228
18.7500 -11.0000 4.2040 93 129 254
11.8750 -0.5000 4.4520 90 130 243
-14.5625 20.0000 0.1700 186 138 151
4.8125 1.5000 4.5310 105 102 223
3.0000 -7.5000 1.0840 234 95 122
-7.3750 3.0000 1.2840 244 101 93
12.0625 -13.5000 1.0360 243 98 136
15.0000 25.0000 0.5840 197 200 90
-2.0625 25.5000 0.0490 193 92 145
-22.8750 8.0000 0.1230 189 89 182
-4.5625 19.0000 1.1350 227 183 71
1.6875 -4.5000 3.0800 123 161 254
-4.8750 1.0000 1.2360 235 106 89
21.1250 21.5000 0.1500 183 127 158
-6.2500 -20.5000 4.2250 112 141 254
-9.2500 19.0000 0.1500 190 138 144
-7.9375 -4.5000 1.0530 254 80 129
13.5000 0.0000 4.2640 92 137 249
-14.6875 -5.0000 1.2010 231 150 96
-23.1875 -4.5000 0.1790 181 153 163
-1.1250 -9.5000 1.1160 249 86 94
12.9375 -23.0000 3.2280 113 178 252
-21.0625 -19.5000 1.0700 230 197 83
24.2500 -5.0000 1.1390 235 108 104
-5.4375 -7.0000 1.5850 190 199 135
21.9375 -22.5000 0.8970 233 50 176
5.8125 -17.5000 1.1010 240 110 103
11.5000 -8.0000 3.9200 106 135 247
-17.0625 -12.0000 4.0400 88 182 227
25.6250 3.5000 1.1300 227 115 94
14.1250 15.5000 0.2670 175 94 188
12.5625 23.0000 0.5520 206 175 105
25.3750 -16.5000 5.3870 93 96 228
9.3125 14.0000 2.1330 151 229 212
-3.3125 20.0000 1.1010 240 178 84
12.4375 -23.0000 4.9130 91 113 234
7.5625 6.5000 4.0820 100 137 246
-0.7500 -13.0000 6.2280 85 92 209
18.0625 -2.5000 4.0930 99 145 247
-16.0625 11.0000 2.0710 158 239 132
-17.7500 14.0000 3.0860 105 235 198
-8.0625 -13.0000 3.9350 105 132 249
10.6250 7.0000 1.1400 240 104 93
-17.8750 -7.0000 0.9400 231 180 71
21.6250 -15.0000 4.3630 87 131 254
23.5000 -19.5000 0.9940 253 61 150
-11.5000 6.0000 1.5990 214 174 78
24.2500 -19.0000 5.4760 78 105 243
-2.4375 -8.5000 1.1060 250 80 97
10.0625 5.0000 4.0170 94 133 250
-16.2500 17.5000 0.1380 189 148 144
-10.3750 13.0000 1.0150 227 146 79
22.1250 -22.0000 0.9300 240 59 165
14.2500 -3.0000 4.4780 94 132 241
-21.2500 16.5000 2.1660 154 254 167
-6.8125 23.0000 0.1500 188 127 152
2.3750 -6.5000 1.0830 234 100 124
-6.1250 -1.0000 1.1350 253 85 102
9.1250 -3.5000 4.2360 88 135 243
-9.8125 24.5000 0.1390 176 140 130
5.6875 25.5000 0.1120 173 124 174
-18.3750 3.0000 0.1520 194 70 160
-2.8750 -4.5000 1.1170 243 93 126
-10.9375 -22.0000 4.6830 89 118 239
14.1875 -13.5000 1.0370 232 82 126
18.0000 16.5000 0.3790 190 151 169
-0.3125 6.5000 6.1960 86 102 205
-7.0625 -9.5000 3.0540 125 187 254
22.4375 -4.5000 1.1930 233 127 102
8.5000 4.5000 4.1870 97 128 249
12.1875 20.5000 0.6400 202 190 98
4.6250 -4.0000 3.0210 131 179 254
20.6250 -1.5000 1.1210 237 106 116
-1.1250 -19.5000 7.3260 66 106 187
-0.5625 -2.5000 1.1710 239 111 112
1.0625 16.5000 1.2420 229 165 49
-23.5625 -23.0000 0.1470 174 124 154
-21.3125 20.5000 1.2180 241 183 54
-17.1875 10.0000 2.0480 171 238 127
-16.2500 -18.5000 5.1060 83 116 245
-1.0625 7.5000 6.3600 84 98 209
8.0000 -22.0000 5.3630 79 106 219
9.8750 6.5000 1.2300 226 121 82
14.8750 -21.0000 0.9770 243 80 165
-18.1250 4.0000 0.1480 194 72 171
-16.1250 -2.5000 1.1460 224 155 90
6.9375 24.5000 0.1530 178 120 176
13.9375 -16.0000 0.9830 243 80 131
5.6250 11.0000 1.3090 229 148 79
-12.2500 -18.5000 4.9900 98 108 242
11.4375 10.5000 1.0380 254 89 140
3.2500 7.0000 5.8390 80 100 207
2.6875 -13.0000 1.1330 232 105 113
0.1250 -10.5000 1.1050 240 87 114
24.8750 -22.5000 0.9120 218 59 169
0.1250 -11.0000 1.1040 240 87 109
18.5000 3.5000 1.1120 242 109 102
18.1250 14.5000 1.0580 213 187 72
-22.9375 11.0000 0.1520 170 108 167
-22.3750 -13.5000 0.1990 191 146 143
12.1250 25.5000 0.2500 177 158 165
-21.2500 -19.0000 1.8910 158 254 158
-9.0000 -3.5000 1.0590 254 84 134
-9.0000 10.0000 1.3700 231 174 56
21.1250 -13.5000 3.9780 92 128 250
-2.2500 2.0000 1.3730 231 158 77
-20.5625 14.5000 2.0470 169 254 113
13.2500 3.0000 2.2570 140 219 227
-16.5000 22.5000 0.1370 175 102 193
-22.8750 -23.5000 0.1850 177 120 154
-13.1875 -23.0000 4.1860 108 135 230
-8.0000 -9.5000 5.0610 83 116 249
19.6875 16.0000 1.0460 210 243 72
-15.2500 14.0000 0.1720 191 138 143
-16.3125 9.5000 2.0420 175 227 138
17.1875 6.5000 1.4730 182 204 122
13.0000 3.0000 4.0520 87 144 254
-2.3750 8.0000 6.1760 74 117 211
-14.6250 24.0000 0.0810 173 117 165
-22.0625 -20.0000 1.7990 162 254 136
2.0000 15.5000 4.7060 103 125 217
-8.5000 17.0000 0.5630 214 138 121
17.1250 16.0000 0.3890 189 139 164
-3.5625 -9.5000 4.0810 107 128 251
-19.6250 -19.5000 1.0710 242 143 107
-6.7500 25.5000 0.1240 163 151 142
0.1250 -16.5000 6.7640 75 112 189
7.3125 -13.5000 1.0290 239 87 141
-4.3750 17.5000 1.1500 226 161 72
-8.3125 19.0000 0.1770 185 154 139
2.6250 26.0000 0.1360 182 129 129
4.5000 -6.0000 2.3370 141 231 240
-14.8750 23.0000 5.0000 73 205 183
-19.3125 25.5000 5.2210 77 170 225
-5.1250 16.5000 1.1600 228 162 67
8.1250 10.0000 3.8000 114 124 231
-3.6875 5.5000 5.5030 92 111 229
3.6250 23.0000 0.3360 193 114 160
5.8125 -17.0000 1.1050 239 113 105
-6.4375 3.5000 1.3180 234 122 85
-2.5000 -1.0000 1.1760 254 100 109
16.3750 -16.5000 0.9720 238 77 150
8.6875 16.0000 1.2250 221 155 91
-13.0625 -16.0000 5.2230 89 93 226
-5.9375 18.5000 0.9060 224 179 84
-12.4375 24.0000 0.2170 187 148 124
-24.1250 15.0000 2.0730 165 254 140
21.0625 -21.5000 0.9090 235 45 172
21.0000 4.0000 1.0130 241 78 106
-2.8125 -4.0000 1.1170 246 94 123
-16.2500 23.5000 0.7030 204 159 92
9.8750 -1.5000 4.5470 76 133 240
1.0625 23.5000 0.2510 207 110 145
16.0625 5.5000 1.4220 194 197 111
-7.1875 -14.5000 4.2350 101 129 238
0.1250 -22.0000 3.1310 145 188 236
-12.5625 16.0000 0.1530 197 114 148
25.6250 1.5000 0.9950 234 80 135
-0.3750 -22.0000 5.7440 77 125 197
-10.6250 23.0000 0.1570 192 133 105
-18.5000 -3.5000 0.1540 185 102 157
-9.2500 13.5000 1.1460 240 146 97
-8.1250 -12.5000 5.5580 76 120 223
-21.3750 3.5000 0.1730 193 119 186
-21.0000 -23.0000 0.1640 192 103 168
24.5000 -9.5000 4.3330 96 119 236
1.1875 22.5000 0.7340 219 177 107
-0.1250 13.0000 5.1010 88 129 225
-8.2500 13.0000 1.2800 239 162 66
10.9375 19.0000 0.6600 200 134 108
13.8125 -20.5000 1.0100 240 84 133
17.6250 13.5000 1.1060 213 167 86
-5.4375 -18.5000 5.1850 84 123 227
-15.0000 25.0000 0.3260 177 134 154
-23.3750 -9.0000 0.1450 168 149 139
11.5000 25.5000 0.2530 178 155 164
15.7500 22.5000 0.5090 206 188 124
8.3125 -14.0000 1.0430 233 104 134
-12.3750 9.5000 1.7530 189 203 103
8.4375 10.0000 1.4930 200 166 92
9.1875 -2.0000 4.4200 84 132 239
-23.3125 21.0000 2.4350 146 232 211
12.6250 25.5000 1.3390 189 254 63
-9.5625 1.0000 1.2030 253 97 103
-6.8750 5.5000 1.3750 229 139 89
13.5625 13.5000 1.1600 242 140 90
-1.6250 21.0000 0.8940 239 167 95
-20.4375 15.5000 2.1680 154 249 141
-5.6875 -4.0000 1.0970 244 84 112
8.0000 -16.5000 1.3010 218 165 98
-12.4375 -16.5000 5.2660 93 108 224
-7.8750 18.5000 0.2140 177 131 148
-20.8125 25.0000 5.0460 88 158 220
20.8750 -23.5000 0.9060 228 42 166
8.1250 4.0000 4.2360 97 127 229
15.7500 -6.5000 4.4170 85 155 244
25.5000 -19.5000 0.9800 238 55 144
23.2500 -9.0000 1.7390 167 222 142
21.0625 -5.0000 4.1760 86 153 251
9.5000 -2.0000 4.4490 83 132 239
19.0625 8.5000 1.0730 238 108 107
25.3750 8.0000 0.1620 166 92 163
14.5625 10.0000 1.0020 241 80 129
-12.6250 -18.5000 1.2190 240 121 92
-11.8750 19.0000 0.1320 190 150 103
19.8125 9.5000 1.0390 232 103 111
20.7500 20.5000 0.1480 187 126 162
-23.7500 -17.5000 0.1430 165 150 146
-10.3125 -9.0000 5.2370 87 121 233
12.5000 0.0000 4.3470 90 134 248
0.5000 -15.5000 6.5520 75 116 200
-20.1875 -6.0000 0.1640 185 151 154
-7.0625 22.5000 0.1250 192 118 141
23.3125 0.5000 0.9720 249 79 134
17.3125 -11.0000 4.1090 100 124 254
21.6250 21.0000 0.1600 173 128 153
23.4375 9.5000 0.1560 167 102 174
5.3125 20.0000 1.2390 218 176 75
-10.1250 16.0000 0.1220 189 97 161
5.2500 1.5000 4.5050 101 105 228
-5.2500 -12.0000 4.7910 86 134 234
-16.8750 17.5000 0.1590 170 126 140
3.3125 -21.0000 3.8550 110 149 246
7.3125 -22.5000 5.5950 79 103 215
10.8750 6.5000 1.1460 238 105 92
0.4375 -8.5000 1.1090 236 96 126
-13.5625 3.5000 1.5100 215 164 81
-21.5625 -18.5000 1.9220 154 254 162
-12.4375 12.5000 0.2970 196 116 168
-9.5000 19.0000 0.1480 189 138 146
25.3750 -13.5000 4.8930 94 120 216
11.6250 14.0000 1.1980 227 124 90
3.1250 -5.0000 1.1140 236 115 114
0.2500 -5.5000 1.0980 239 90 112
13.4375 16.0000 0.3360 179 114 186
4.6250 21.0000 1.1420 223 163 80
-5.5000 -10.5000 1.2720 230 140 86
5.2500 21.5000 0.6740 216 110 127
-0.5000 17.0000 4.5320 91 151 221
-20.9375 16.5000 2.8760 123 247 212
-17.3125 -19.5000 1.1140 244 128 105
20.5000 1.5000 1.0160 249 76 119
-4.5625 -9.5000 1.8700 172 215 172
-13.4375 -15.0000 5.3860 87 106 217
-3.0000 -13.0000 4.2480 102 137 238
-11.3125 12.5000 0.5830 205 105 152
13.2500 24.0000 0.4900 197 172 127
-23.9375 -15.0000 0.1250 169 156 143
7.8750 -7.5000 1.1430 231 127 114
-4.5000 -14.0000 4.5010 101 130 234
-15.3125 12.5000 0.1400 183 105 141
-13.6250 -20.0000 2.6460 133 216 233
0.5625 -9.0000 1.0960 241 93 122
-13.9375 17.5000 0.1750 198 145 123
-20.5000 -16.0000 1.2730 218 247 69
-1.8125 15.5000 4.5680 88 141 205
-12.1250 8.5000 1.7250 198 208 96
1.1250 -8.0000 1.1040 232 95 130
-15.5000 -6.0000 1.2470 228 163 91
-10.7500 -12.5000 5.8170 73 121 207
12.1875 4.0000 4.0110 94 129 254
-22.5000 -14.0000 0.1140 185 142 147
-20.3750 22.5000 4.5530 94 167 226
-1.9375 -22.0000 5.6290 75 149 192
-12.3125 13.0000 0.1250 197 96 160
-8.6250 6.0000 1.4260 232 148 66
-13.9375 6.0000 1.8000 190 189 103
-12.0625 -9.5000 5.5400 74 129 235
4.6875 -8.5000 1.0570 233 84 125
-9.1250 16.0000 0.5790 211 144 150
13.5625 16.5000 0.1080 170 107 182
21.3750 16.5000 1.0080 192 220 60
-11.6875 14.5000 0.1540 193 86 152
-17.6250 -17.0000 3.1790 128 190 251
2.3750 -7.5000 1.1150 230 101 124
3.8125 -1.0000 4.0690 108 127 231
4.0625 20.5000 2.4590 138 233 215
24.5000 -22.5000 0.9370 225 65 162
20.3125 -20.5000 0.9520 241 76 170
-5.7500 12.0000 2.1940 162 222 174
-20.6875 -19.5000 1.0580 243 158 90
-12.0625 14.0000 0.1510 193 87 153
-2.6875 1.5000 1.2750 244 133 84
-24.1250 16.5000 1.9640 170 246 131
-9.9375 24.0000 0.1470 178 142 129
-2.8750 -23.0000 5.5080 87 144 189
-21.8125 12.0000 3.0640 105 211 217
-11.6875 -19.5000 1.1980 242 113 87
9.2500 8.5000 1.1410 243 106 88
24.6250 -15.0000 4.9900 86 112 235
-18.1875 -16.0000 1.1630 219 174 82
14.1875 -20.5000 1.0050 237 84 134
7.8125 -22.5000 5.4720 81 103 214
1.5000 -12.5000 1.2860 220 147 88
21.0000 -13.0000 3.8860 96 151 254
-4.8125 -20.0000 5.6680 81 100 217
2.3125 -0.5000 4.0330 108 122 235
20.8125 18.5000 0.9690 224 249 64
10.5625 2.0000 4.2630 83 128 235
3.2500 9.0000 5.3880 87 110 221
-3.8750 6.5000 5.5930 91 123 214
-1.4375 -8.0000 1.0810 238 70 121
-12.0000 -18.0000 5.0500 96 108 242
-4.0625 4.0000 5.0970 106 92 222
6.0000 -4.0000 3.9410 105 136 244
-3.4375 -12.5000 5.5940 82 110 221
-21.8750 -16.0000 2.1980 134 254 156
17.2500 -6.5000 4.5440 80 150 235
3.3750 6.0000 6.0480 80 91 208
7.5625 18.5000 1.2020 224 182 73
-1.1875 0.0000 1.3990 211 161 97
1.2500 13.5000 5.0670 87 118 225
6.6875 -15.5000 1.0630 250 119 111
17.0000 -18.5000 0.9400 241 57 144
-2.3125 19.0000 1.1170 239 175 74
-23.1875 1.5000 0.1440 179 129 170
2.0000 -11.5000 1.0980 241 98 137
-6.3750 5.5000 1.4080 229 149 85
-13.1250 -20.0000 1.1680 245 118 100
-7.1875 -3.0000 1.0990 254 89 123
-9.8750 -7.5000 4.9610 90 120 254
-1.3750 18.0000 2.2070 147 242 167
21.9375 17.5000 0.9650 197 216 60
-4.0625 21.0000 0.3410 199 122 157
-18.6875 -20.0000 2.9490 130 207 254
-2.6250 -22.0000 5.5890 75 150 196
24.3125 -10.5000 4.3900 95 118 238
20.8750 -13.5000 3.9370 91 130 253
-5.1875 11.5000 6.3650 70 122 178
-18.3125 -6.0000 0.3250 195 120 146
-7.8750 17.0000 0.8840 223 174 104
-1.7500 13.5000 5.2170 84 131 206
-14.2500 -8.5000 1.1380 236 132 87
-6.8750 -21.0000 5.2230 91 119 231
-6.6250 4.0000 1.3250 233 123 88
21.0000 3.0000 0.9640 248 81 137
6.0000 -19.5000 3.7820 117 147 254
4.1250 16.5000 1.9690 169 230 174
25.0000 -16.5000 5.2750 93 98 234
21.4375 -5.0000 4.1010 92 145 254
-15.2500 -24.0000 1.1220 223 105 84
-16.0000 -4.0000 1.1100 240 133 101
12.6250 8.0000 0.9940 253 75 127
7.3750 14.0000 5.4450 80 126 225
17.0000 16.0000 0.4360 193 148 159
6.2500 9.0000 3.5940 119 143 247
9.1875 -15.0000 1.0090 242 88 135
-15.2500 -18.0000 4.7840 83 120 252
-4.1875 19.0000 1.1520 224 183 71
-18.1250 17.0000 0.1370 169 124 151
16.8750 -17.5000 0.9520 239 58 148
4.4375 -19.5000 3.8720 115 140 242
4.5000 -16.5000 4.0600 105 136 240
20.1875 -18.5000 0.9780 238 61 123
-7.0000 20.5000 0.1480 179 130 143
2.4375 -16.0000 6.3840 83 108 185
-2.4375 24.0000 0.1460 202 110 160
14.0625 -15.0000 1.0160 245 85 125
25.1250 -17.0000 5.3790 90 98 232
6.0625 12.5000 1.1930 239 117 82
-4.1250 9.0000 6.1870 86 122 197
2.0625 21.5000 1.9440 163 246 135
21.5000 -1.0000 1.0450 248 88 128
-10.7500 11.0000 1.3450 214 204 50
12.4375 25.0000 0.9920 217 246 62
15.2500 -6.0000 4.4450 88 152 245
-4.5625 -12.5000 4.2380 104 139 234
22.1875 18.5000 0.9700 212 245 60
-20.5625 22.0000 1.2000 243 160 66
-21.7500 -21.0000 5.1510 71 174 205
-6.6875 -15.5000 4.1840 109 124 247
-16.5625 -20.5000 1.1330 250 137 117
-16.6875 23.0000 5.2090 71 172 222
-7.8750 -19.0000 4.2450 106 130 233
19.5000 -21.0000 0.9430 246 68 170
-2.2500 -1.5000 1.1520 254 92 110
9.1250 -14.0000 1.0390 234 115 141
18.7500 9.5000 1.0900 226 124 97
-8.1250 14.0000 1.1860 240 152 92
13.8750 25.0000 1.0080 212 235 55
-23.6875 -21.5000 0.1390 175 124 171
-14.9375 3.5000 1.6210 194 189 113
-23.6875 20.5000 2.5010 143 226 209
0.0000 15.5000 2.7130 129 224 223
-7.9375 -13.5000 3.9520 110 118 254
12.8750 11.5000 1.0650 251 97 138
-18.6875 12.0000 2.0610 164 254 133
14.0000 2.0000 4.0120 88 147 254
-7.2500 25.0000 0.1700 168 157 139
9.3125 19.0000 0.4210 188 102 187
7.6875 16.0000 1.2960 217 165 75
1.3750 11.0000 5.3240 85 126 220
-2.4375 14.5000 1.3600 225 170 47
24.3750 4.5000 1.1210 229 115 98
-16.6250 24.5000 0.8950 214 172 81
-3.6250 -12.0000 4.5440 98 130 238
-10.8125 -5.5000 1.1010 238 102 87
19.1875 8.0000 1.0920 238 115 103
13.2500 12.0000 1.1090 247 109 130
-23.0000 -11.5000 0.1630 182 160 141
-2.8750 14.5000 1.3820 221 173 51
15.0000 -7.5000 4.2240 91 144 243
4.6875 1.0000 4.3990 106 108 225
12.6250 -17.0000 0.9790 234 76 142
10.1250 -0.5000 4.5740 71 135 245
-5.5625 7.0000 5.4370 90 109 212
-15.6875 -2.0000 1.1170 241 131 86
-15.5625 18.5000 0.0950 179 129 148
-5.5625 -11.0000 1.1920 236 124 90
-4.3750 16.0000 1.2910 222 158 57
19.8125 -11.5000 1.0940 238 99 118
0.3750 -5.0000 1.0990 236 91 114
-21.3125 23.0000 4.5950 93 168 231
2.6250 -7.5000 1.0800 232 94 126
-8.4375 12.5000 1.3120 235 163 61
24.5625 11.0000 0.1400 166 120 153
-23.3750 -0.5000 0.1500 178 144 141
19.1875 -16.5000 1.0300 239 85 128
16.3125 13.0000 0.5810 202 115 177
-16.1250 21.0000 0.1330 159 121 169
-15.5625 12.5000 0.1570 186 124 147
-9.3125 15.0000 1.0370 239 137 102
-11.8125 -22.0000 4.2240 100 141 242
4.7500 -15.0000 2.1660 161 221 198
14.9375 23.5000 0.5800 207 197 88
-10.3125 -18.0000 5.2170 97 103 227
8.9375 22.0000 0.1380 181 107 180
18.1875 7.5000 1.4510 183 192 106
-6.1875 20.5000 0.1380 184 94 148
21.6250 0.5000 0.9990 248 88 128
6.5625 -20.0000 3.7640 111 147 252
24.2500 -13.0000 4.5840 95 127 230
-23.3125 14.0000 2.2350 162 244 151
3.3750 19.0000 1.7690 174 221 120
-8.3750 16.5000 1.0120 221 195 95
-4.1875 11.5000 6.0930 79 125 178
-18.4375 18.0000 0.1390 166 124 160
-20.8750 -17.0000 1.0770 231 200 88
16.2500 -8.0000 4.2460 85 140 254
14.3125 -4.5000 4.5480 105 121 228
19.6250 -12.0000 1.1270 238 110 112
-17.6875 25.0000 1.0090 222 157 89
12.8750 5.0000 1.1330 242 104 114
12.0000 5.5000 1.1220 238 99 121
12.0000 -17.5000 1.0070 233 80 139
18.9375 -22.5000 0.9540 238 64 168
24.5000 -17.0000 5.2310 89 102 242
-5.1250 -9.0000 1.5860 192 205 130
20.5000 13.0000 0.1470 153 98 192
-13.6875 -22.0000 1.8240 176 207 150
23.7500 -11.0000 4.5040 89 119 240
-19.8125 13.5000 2.0520 162 254 115
10.9375 7.0000 1.1410 239 104 93
-20.3125 12.5000 2.1000 163 254 133
10.5625 13.0000 2.3670 144 213 229
10.6875 -5.5000 4.1390 99 138 240
-2.0625 -8.0000 1.1230 245 84 98
-8.0625 0.0000 1.2020 250 104 85
18.0000 -22.0000 0.9720 239 62 155
1.2500 -5.5000 1.1050 238 97 108
-17.0625 -1.5000 1.1880 221 175 65
-21.0000 -14.0000 0.1430 186 112 150
-21.6875 -15.5000 1.1360 226 250 70
15.8750 -18.0000 0.9420 242 54 151
-8.0000 14.5000 1.1400 242 143 96
23.8750 -18.0000 5.2550 75 101 254
20.4375 10.5000 0.4460 183 95 162
9.1250 -8.0000 1.1230 234 121 116
24.7500 -17.0000 5.2900 91 100 236
-8.3750 -22.5000 4.9750 94 123 220
-7.0000 0.0000 1.1900 248 101 96
1.4375 9.5000 5.6240 94 106 209
-18.8750 9.5000 2.2340 151 242 159
8.1250 15.5000 5.1350 83 139 222
12.6250 -18.5000 0.9800 240 76 135
9.3125 -14.5000 1.0270 239 93 136
-8.3750 4.5000 1.3510 244 126 60
-1.8125 -4.0000 1.0970 246 88 122
-22.6250 10.5000 0.1330 180 102 162
6.7500 -14.0000 1.0650 244 116 119
-3.7500 -13.5000 5.6430 87 109 220
1.6250 -16.5000 6.5350 81 111 199
12.0000 7.0000 1.0590 248 103 133
-21.8125 6.5000 0.1190 178 91 166
-6.3750 4.5000 1.3380 235 136 80
0.8125 5.5000 6.1790 82 93 205
12.0000 -17.5000 1.0070 233 80 139
4.2500 -3.0000 3.9360 101 149 254
-1.8750 25.5000 0.1600 195 130 130
-13.0625 -4.5000 1.1360 238 121 90
-8.6250 19.0000 0.1850 186 156 138
-15.8750 3.5000 1.2930 219 149 59
6.4375 -3.5000 4.0130 103 135 247
0.9375 4.5000 5.9980 87 95 205
-15.4375 -4.0000 1.1420 242 140 93
12.1250 -9.0000 1.1780 227 129 98
13.3750 -17.5000 0.9820 238 79 137
0.8750 5.0000 6.0910 84 94 205
19.8750 13.0000 0.1360 153 95 200
-12.6250 -18.0000 5.0360 99 107 242
4.6875 14.0000 2.1550 156 218 202
5.0000 -9.0000 1.0670 233 87 121
-0.2500 -14.0000 6.3330 74 100 213
-6.5000 -4.5000 1.1070 238 85 128
13.6875 16.5000 0.1410 171 108 184
-6.8750 -9.5000 2.1450 154 212 213
13.3125 17.5000 0.1370 166 112 190
22.8750 -6.5000 1.0930 240 99 88
12.8750 5.0000 1.1520 240 108 112
-13.5000 1.0000 1.2220 235 116 72
-14.4375 9.0000 2.0070 175 219 128
18.9375 22.5000 0.1420 191 149 148
16.3750 -17.5000 0.9500 240 56 150
-6.7500 21.5000 0.1530 176 121 150
-16.7500 -16.5000 3.1260 130 168 243
-12.9375 7.5000 1.8040 194 184 89
-3.0000 15.5000 1.4230 220 188 59
9.3125 5.5000 4.0660 96 132 251
4.8125 24.5000 0.1130 174 117 175
-13.4375 10.5000 1.3350 202 194 24
-22.3125 5.0000 0.1310 182 95 163
-7.9375 -12.0000 5.4370 78 121 225
16.2500 -4.5000 4.4490 99 143 231
8.9375 -2.0000 4.4330 85 130 239
-13.6250 -20.0000 5.0950 94 111 224
-13.5000 -2.0000 1.0230 246 97 109
13.2500 -5.0000 4.4210 103 121 233
5.7500 -11.5000 1.0430 235 87 157
-2.4375 -10.5000 4.0850 106 129 243
22.8750 11.5000 0.1500 175 108 177
-1.8750 9.0000 6.2430 75 113 210
-5.5000 7.5000 5.6300 92 120 206
20.5000 -17.0000 1.0530 233 74 121
0.6875 -19.0000 7.0850 75 94 191
-22.6875 18.0000 1.9980 167 242 150
-6.2500 -10.5000 3.4440 123 167 254
6.8750 17.5000 1.2950 229 173 83
1.7500 1.0000 4.1010 113 119 234
5.4375 17.5000 1.7910 183 225 140
22.3125 -15.5000 4.5560 81 129 254
1.1250 -6.5000 1.0860 244 92 105
14.1875 -4.0000 4.6540 94 127 233
25.5000 9.0000 0.1690 167 116 150
-6.6250 -9.5000 2.8720 131 194 254
-8.9375 -19.0000 5.5440 82 114 221
13.6250 -8.5000 4.0030 110 135 247
10.4375 -11.0000 1.0320 240 93 135
15.4375 8.0000 0.9200 244 70 146
-3.0000 4.0000 5.2270 95 106 227
20.9375 8.5000 1.0230 233 99 106
-14.1875 -12.5000 5.7140 75 121 214
-0.4375 -17.5000 6.9730 76 96 196
-15.4375 7.5000 2.0290 173 216 129
-2.5000 1.0000 1.2190 240 112 110
-1.0625 20.0000 1.1890 232 187 68
17.3750 -11.0000 4.0770 102 123 254
17.3750 -9.0000 4.2730 82 138 254
-22.6250 -10.0000 0.1180 179 146 151
-21.8750 8.5000 0.1400 196 82 184
1.9375 24.5000 0.1490 190 115 146
2.6875 16.0000 4.6320 96 125 229
-6.1250 4.5000 1.3430 235 138 79
-20.7500 -11.0000 0.3330 191 158 150
3.0000 -19.5000 3.9800 110 147 244
9.3125 -9.0000 1.0850 237 105 112
8.3750 5.0000 4.1370 98 130 252
-23.4375 -6.0000 0.1480 174 150 158
-7.8750 -12.5000 5.4990 78 120 223
12.7500 18.5000 0.5700 189 181 131
-2.3750 17.5000 2.0430 155 245 156
4.5000 7.5000 5.5710 85 110 210
-12.6250 -24.0000 4.1750 116 134 212
-6.0000 -5.5000 1.1130 235 86 109
-5.7500 -2.5000 1.1550 237 104 113
-4.2500 -5.0000 1.0950 231 75 107
17.0000 25.5000 0.4850 181 200 110
2.6875 -2.0000 1.1940 233 114 99
-16.3750 -2.5000 1.1180 224 154 91
-19.6875 6.5000 0.1490 175 93 162
-21.3125 11.5000 3.1000 102 210 220
16.5000 -21.5000 0.9620 252 76 157
-4.5625 -15.0000 4.7440 94 121 233
6.1250 -22.0000 3.5710 117 148 249
13.8750 21.5000 0.5640 205 186 86
14.0000 -11.5000 3.6600 102 156 254
-23.9375 23.0000 1.5620 192 195 116
21.4375 20.5000 0.1510 174 126 157
-17.6250 13.0000 2.9580 109 234 187
20.3125 -9.5000 1.0600 245 96 125
-3.3125 -10.0000 4.0860 107 129 246
9.7500 -7.5000 3.8470 102 151 245
22.7500 5.5000 1.0710 243 114 104
-19.5000 24.5000 5.1070 77 174 227
-20.3125 -16.5000 1.0690 233 193 83
22.4375 -3.0000 1.1070 246 101 115
-6.0000 -19.5000 4.2650 109 137 246
20.8125 22.5000 0.1550 185 133 112
3.0000 23.5000 0.3300 190 115 159
18.6250 12.0000 0.3930 175 90 192
18.5000 -22.5000 0.9410 235 54 160
-10.3125 -14.5000 5.8060 80 123 215
-10.1250 -17.5000 5.2300 92 114 226
-22.5000 2.0000 0.1620 191 120 178
-2.8750 -3.5000 1.0860 248 87 126
-3.3750 -13.5000 4.3450 100 134 241
3.2500 11.5000 1.3440 229 160 80
7.8125 -11.0000 1.0400 240 89 140
-9.9375 4.0000 1.3890 234 132 86
17.9375 -21.5000 0.9130 240 46 167
10.6875 -17.5000 1.0130 238 82 120
12.8125 -23.0000 4.9530 94 124 240
20.3750 19.0000 0.1400 183 121 169
-3.6250 -15.0000 4.3830 102 134 236
-15.8125 -8.0000 3.9570 96 158 250
-8.1250 -15.5000 5.0100 88 111 241
-17.0625 6.5000 1.7520 186 200 86
-10.6875 25.5000 0.1510 170 138 132
22.2500 9.5000 0.2570 179 83 194
10.3125 -3.0000 4.4100 81 133 242
0.3125 -20.5000 7.3530 60 101 180
17.2500 13.5000 1.0760 221 175 78
22.1875 9.0000 0.4170 196 93 184
13.5625 -11.5000 3.6660 102 156 254
12.7500 12.5000 1.1270 240 111 134
23.4375 19.0000 0.9110 207 202 71
0.3750 -14.0000 6.3190 75 117 201
-19.8125 -9.0000 0.3300 194 155 126
-5.6875 20.0000 0.2140 190 114 145
-24.1875 -8.0000 0.1530 177 147 138
-20.3750 20.0000 1.1130 250 162 61
-14.9375 19.5000 0.1210 182 134 151
-19.4375 17.5000 0.1490 163 126 164
6.0000 14.5000 1.1080 240 96 92
13.8750 -19.5000 0.9660 236 72 139
1.7500 7.5000 5.9540 83 109 207
22.5000 10.5000 0.1750 178 112 174
-11.9375 4.5000 1.5410 224 160 68
-5.0000 13.0000 1.3420 223 161 49
-12.3750 -11.0000 5.8470 72 124 210
-13.9375 5.5000 1.7410 195 186 92
0.7500 22.0000 1.0430 221 212 87
-3.6875 -23.0000 5.4640 100 123 198
-16.2500 -23.5000 1.0860 233 101 85
5.1875 20.0000 1.2540 217 179 75
9.3750 -23.0000 5.3490 94 95 222
19.0625 -5.0000 4.2320 88 146 251
-15.6250 -14.5000 5.2060 85 118 229
-1.3750 -9.5000 1.1010 252 83 95
-21.1875 7.5000 0.1570 199 82 173
-19.2500 23.5000 1.0510 230 155 82
-13.2500 0.5000 1.1720 248 120 88
11.5625 -9.5000 1.0860 232 105 118
5.8125 -17.0000 3.9420 104 135 253
-15.3750 -0.5000 1.6140 187 205 104
19.3125 -4.0000 4.1240 91 151 254
-8.8750 -20.0000 4.3020 107 134 248
-5.2500 24.0000 0.1220 191 117 152
-15.3125 -12.0000 4.3690 89 153 245
-13.6875 -16.0000 5.1870 95 104 222
4.7500 19.0000 1.1940 230 153 77
24.3125 -14.5000 4.8600 91 124 228
1.3750 8.5000 5.8240 81 112 218
-4.0625 2.0000 1.2630 230 115 90
18.6250 -9.0000 1.0480 245 93 136
-13.5625 8.0000 1.9040 184 208 107
-23.3125 16.5000 2.0020 167 254 129
4.1250 10.0000 5.0990 98 105 230
-20.2500 2.0000 0.1570 196 112 174
-11.4375 18.0000 0.1560 194 130 147
-7.0000 13.5000 1.2760 231 155 69
-6.8125 -2.5000 1.1170 250 92 123
3.8750 5.5000 6.0680 79 92 207
11.1250 11.5000 1.0850 251 86 96
-10.3125 -7.0000 4.9610 91 116 254
-13.8125 4.0000 1.6090 200 168 99
-16.3125 17.0000 0.1260 185 140 129
-5.0625 25.0000 0.1440 185 133 144
16.9375 -18.0000 0.9640 242 60 143
0.0000 1.0000 5.1290 96 108 224
25.2500 -4.5000 1.1300 231 103 106
5.3750 5.0000 4.4130 93 121 243
-5.1250 11.0000 6.3850 70 124 178
-20.8125 9.0000 0.1340 199 78 180
4.6250 -16.5000 2.8710 135 188 235
16.0000 8.5000 0.9620 246 80 137
-20.3750 13.0000 2.0700 165 254 127
-22.5000 1.0000 0.1160 183 118 164
15.7500 9.5000 1.0250 235 91 129
17.4375 18.0000 0.1810 185 119 156
-21.1875 1.0000 0.1400 189 128 157
9.0625 -16.0000 1.0290 238 100 134
2.6250 -9.0000 1.0980 233 89 127
-20.1250 19.0000 1.0860 229 183 47
5.2500 -24.0000 6.1340 85 90 182
16.6875 -12.5000 1.0880 233 97 108
5.9375 -12.0000 1.0250 238 82 155
-22.4375 20.0000 1.4270 212 210 63
-11.3125 -9.0000 5.3580 78 126 240
-10.2500 -18.5000 5.1710 95 99 234
-21.6875 -10.0000 0.3500 196 157 133
9.5000 -21.0000 4.9580 84 108 254
12.3125 8.5000 1.0120 251 78 129
6.8750 20.5000 0.5440 216 93 181
-8.9375 18.5000 0.1380 190 135 143
14.3125 -21.5000 1.0490 238 95 122
22.5625 -22.0000 0.9290 242 60 162
-9.3750 -12.0000 5.6240 77 118 221
25.3750 9.5000 0.1380 167 118 150
-16.6250 24.5000 0.8960 214 173 81
12.9375 21.5000 0.5860 208 183 86
-23.3750 19.5000 1.9190 171 228 140
6.0000 -17.5000 3.9430 105 129 254
-5.8125 25.5000 0.1320 177 140 147
-1.5000 13.0000 5.3620 89 126 201
-7.0625 -11.5000 3.6580 110 153 244
7.4375 8.0000 2.1150 166 208 188
-8.1250 5.5000 1.3890 238 138 62
1.3125 7.5000 6.0720 79 112 211
13.4375 -17.5000 0.9900 237 81 136
-2.3750 8.5000 6.3030 73 113 211
15.6875 -13.0000 2.2650 143 216 245
10.0000 25.0000 0.7720 205 216 78
-8.3750 7.0000 1.4040 221 149 74
-3.0000 1.5000 1.2600 246 130 86
1.5625 18.5000 1.2110 219 180 54
-15.7500 17.0000 0.1370 194 145 140
-9.8125 -7.0000 1.1340 240 110 121
15.5625 22.5000 0.4940 203 186 126
-0.2500 12.5000 5.2420 87 129 221
-2.8750 22.0000 0.1810 200 129 151
-10.9375 -1.5000 1.1190 243 78 93
2.3750 -16.0000 6.3480 83 108 185
17.9375 2.5000 2.0080 153 210 193
21.6875 -6.0000 1.1090 234 100 93
3.5000 -4.5000 3.0840 128 175 254
-23.6250 11.5000 0.1190 168 104 161
7.5000 24.5000 0.1590 180 121 173
-1.7500 -20.5000 5.7650 69 146 191
0.5000 -15.0000 6.4480 73 117 202
-12.7500 -8.5000 1.1660 235 127 82
18.7500 -18.5000 0.9890 239 62 127
-2.0625 18.0000 2.0460 155 243 155
-9.2500 14.5000 1.0780 243 140 100
13.5000 -11.0000 3.6830 104 154 254
21.5000 22.5000 0.1820 179 154 103
6.8750 -14.5000 1.0300 249 110 121
18.7500 -8.5000 4.4930 85 115 254
11.3750 -15.0000 1.0240 238 94 128
7.0625 7.5000 4.0650 105 129 237
-8.4375 5.5000 1.4320 233 149 65
-3.6250 -17.0000 7.2470 76 83 192
-0.3125 -19.5000 7.2900 61 100 188
23.6875 -5.5000 1.1320 232 108 94
23.6875 -9.0000 1.8720 158 225 165
21.5625 2.5000 0.9900 251 78 136
10.1875 -23.5000 5.3500 92 103 227
-7.5000 7.5000 5.2710 90 122 189
19.6250 -7.5000 1.0740 238 100 95
-7.1875 -7.5000 1.1120 243 96 105
-10.4375 -14.5000 5.7850 80 123 215
-3.6250 -13.0000 5.6400 85 107 218
16.5625 -13.5000 1.0520 230 89 113
-5.4375 -9.5000 1.5830 193 205 128
19.8750 -13.0000 3.6610 92 167 254
0.8125 13.0000 5.0780 89 117 221
-9.9375 18.5000 0.1140 188 132 148
19.0625 -1.0000 2.0270 166 209 202
20.1875 -18.5000 1.0120 238 70 118
6.0000 -7.5000 1.1250 234 121 127
-23.8125 -17.0000 0.1490 167 151 148
-16.6250 -16.5000 3.1160 131 167 241
-2.0000 -19.5000 5.8150 78 144 180
10.8125 -20.0000 1.0170 249 86 141
3.6875 4.0000 4.6310 93 120 225
-16.9375 -8.5000 3.8090 96 180 230
-18.0625 17.5000 0.1350 168 123 157
4.1875 -9.0000 1.0640 239 84 121
3.5625 -1.5000 4.0120 110 129 228
9.7500 -7.0000 1.4180 205 184 79
25.5625 -7.5000 4.0290 113 126 230
22.0625 19.5000 0.9480 206 228 71
-15.0000 -8.5000 1.1390 237 133 89
-14.6250 -22.5000 1.1710 245 126 91
-15.1250 -11.5000 4.3320 91 153 245
25.1875 -6.0000 1.1300 228 103 101
-6.2500 -7.5000 1.1120 245 102 102
-7.8750 -10.5000 5.1380 86 123 239
-8.3750 12.0000 1.2680 246 154 53
15.0000 16.0000 0.1470 177 123 183
14.2500 1.0000 4.0940 99 132 247
-10.7500 -11.0000 5.5820 86 107 218
0.8750 2.0000 5.4670 83 117 218
2.8125 16.5000 4.6190 97 133 214
22.2500 11.0000 0.1210 173 105 185
13.6250 -17.0000 0.9890 234 81 139
17.6875 5.5000 1.6800 169 224 155
-22.4375 22.5000 1.5500 202 223 89
7.0625 -22.5000 5.5720 79 104 216
23.8750 2.5000 0.9770 251 82 133
11.0000 -4.0000 4.3770 84 132 232
-3.5625 7.5000 5.8510 86 116 210
-0.6250 -9.5000 1.1200 235 95 125
-8.1875 -14.0000 4.1180 106 123 254
-9.3750 -4.5000 1.0810 250 87 138
-2.3750 -16.5000 7.0020 80 76 187
-20.8125 17.0000 0.2500 190 110 188
20.1250 1.5000 1.0100 253 85 122
9.5625 -19.0000 1.1100 236 106 108
7.6875 25.0000 0.1470 178 125 172
4.6875 5.0000 5.9880 82 92 202
-5.9375 -12.5000 4.3080 100 139 244
4.6875 -17.0000 4.0070 107 144 237
-0.3750 19.0000 1.4660 200 219 75
4.1250 3.5000 4.6530 95 107 230
-7.2500 3.5000 1.3230 242 108 92
23.3125 -20.0000 0.9980 240 79 154
-19.5000 -3.5000 0.1590 187 112 148
11.5625 -1.0000 4.5060 84 120 241
5.7500 11.0000 1.5790 196 184 103
-0.3750 24.5000 0.1610 204 125 137
-0.6875 -1.0000 1.2040 232 115 94
-6.5000 25.0000 0.1240 166 151 143
-22.0625 -21.0000 1.8580 158 254 142
-24.0000 -18.0000 0.1440 164 142 160
-16.0000 3.5000 1.2410 224 135 58
-18.3125 -20.0000 1.1160 239 135 101
7.7500 22.5000 0.1340 185 113 179
15.3125 6.0000 1.4890 183 197 130
4.0625 -15.0000 2.9040 129 207 250
-2.4375 -12.0000 4.2740 99 139 243
-3.1875 11.5000 5.9320 76 129 199
-10.0625 -12.5000 5.7900 79 112 213
-6.7500 -7.0000 1.0690 246 86 104
15.1875 -20.5000 0.9750 244 81 168
-1.6875 6.0000 5.8310 83 104 219
-4.4375 22.5000 0.1430 197 119 136
25.0625 7.5000 0.1240 169 86 170
10.5000 -22.5000 5.1100 85 108 245
-1.6250 21.5000 0.8000 212 184 94
4.1250 -15.0000 2.8670 130 209 249
7.8125 -16.0000 1.0660 246 121 109
7.9375 9.5000 3.8270 112 125 233
0.5000 7.5000 6.2230 78 113 212
6.6250 0.0000 4.4080 91 122 234
-12.3125 9.5000 1.8360 185 208 116
24.5625 -2.0000 1.0540 239 79 118
-9.3750 10.5000 2.4540 143 228 206
-23.5000 -21.5000 0.1390 177 122 172
-10.7500 16.5000 0.1460 194 126 140
10.6250 10.0000 1.0760 249 85 103
-16.1250 -21.5000 1.1130 247 110 107
-19.0625 4.0000 0.1420 187 78 176
6.8750 -17.5000 1.4060 209 175 90
8.1875 -6.0000 1.5370 184 198 101
-2.5625 -7.0000 1.0980 240 88 125
-22.5625 24.0000 1.6270 189 221 107
-20.8750 17.5000 1.7430 177 254 75
-17.0625 -22.5000 1.0860 238 127 91
12.6250 -11.0000 3.6710 106 151 254
-0.7500 8.0000 6.2420 83 99 213
-11.5000 14.0000 0.1870 195 89 153
-2.2500 -6.0000 1.0930 241 87 128
16.2500 -16.5000 1.0020 238 83 146
24.8125 -1.0000 1.0030 236 67 122
23.8750 -16.5000 5.0380 90 105 251
-15.7500 -20.0000 1.1280 244 113 114
9.1875 13.5000 5.5860 76 131 217
12.1875 -6.0000 4.2290 102 129 240
12.1875 -2.5000 4.6820 95 122 238
13.6875 -8.5000 4.0280 109 135 246
-7.1250 15.5000 1.1130 218 152 80
-18.3125 -3.0000 0.1340 184 98 157
20.3750 -13.5000 1.1050 229 100 113
5.1250 9.5000 5.0520 101 103 220
10.3125 -7.0000 3.9090 99 148 247
18.0625 7.0000 1.4740 190 206 131
6.0625 16.5000 1.8230 170 212 148
-20.6250 5.0000 0.1260 184 87 156
-20.1875 -18.0000 1.0460 235 190 80
-14.8750 -2.5000 1.1070 242 131 97
-13.6250 7.5000 1.8950 191 189 103
20.3750 7.5000 1.1240 233 124 97
16.5625 -15.0000 1.0730 239 101 129
-3.1250 -5.5000 1.0710 237 81 138
-15.5000 -15.0000 5.1710 84 119 231
6.9375 22.5000 0.1510 184 112 183
-20.8750 -9.0000 0.6530 230 186 90
16.0000 12.0000 1.1190 230 133 114
4.4375 10.5000 5.4680 87 109 216
-19.1875 14.0000 2.0640 148 254 121
-11.1875 3.0000 1.3530 238 122 77
-17.3125 -12.0000 4.0390 87 184 228
4.0000 -6.5000 1.1020 240 110 110
7.8125 -13.5000 1.0300 234 98 137
-10.2500 9.5000 2.5560 143 213 195
1.4375 8.0000 5.8880 80 113 215
1.4375 -2.0000 1.1820 231 118 90
-4.1875 1.5000 1.2320 233 107 94
-23.3125 4.0000 0.1410 183 117 166
20.5625 16.0000 1.0430 209 228 68
-22.0625 10.5000 0.1530 175 101 166
8.5000 17.5000 1.2030 227 182 71
-23.9375 18.0000 1.9220 172 229 146
-21.9375 -6.0000 0.1760 183 151 158
-9.3125 -19.5000 5.4290 89 98 221
20.3750 3.0000 1.0050 250 83 125
4.0000 -7.0000 1.0800 239 103 114
-3.0625 -9.5000 1.1440 247 95 89
-24.0625 -22.5000 0.1430 171 128 157
8.8750 20.5000 1.1270 207 201 54
-9.6875 17.5000 0.1260 184 111 144
6.5625 9.5000 3.4240 124 151 244
-6.6250 -14.0000 4.2820 101 123 249
7.7500 -9.5000 1.0640 247 100 129
1.3750 -20.5000 7.2190 62 104 179
23.5625 9.5000 0.1540 167 104 171
4.9375 -11.5000 1.0450 243 85 143
5.5000 23.0000 0.1120 168 104 154
14.2500 -10.5000 3.8730 112 130 254
0.1250 19.5000 1.5590 187 241 87
-16.5625 10.0000 2.0680 168 234 125
0.1875 -10.5000 1.1450 238 97 110
2.0625 -1.5000 3.9580 112 115 234
20.1875 21.5000 0.1540 185 128 162
-20.5625 -8.0000 0.1610 175 148 154
-14.3750 -17.5000 1.1900 237 119 113
6.5000 19.0000 1.2500 225 167 65
-18.0000 -17.0000 1.1410 240 149 95
2.8125 -4.0000 3.1020 128 174 254
17.3750 2.5000 2.2380 141 215 220
11.4375 21.0000 0.5960 203 168 111
24.8750 25.0000 0.1350 176 153 73
7.6250 -6.5000 1.2290 227 150 82
-13.5625 -17.5000 1.1800 246 125 114
-5.6875 24.0000 0.1510 190 128 153
15.5000 6.5000 1.0540 234 93 122
19.6250 4.5000 1.0620 248 100 95
-4.0625 -21.5000 5.5350 84 108 215
0.3125 4.0000 5.8070 84 108 209
-18.9375 13.0000 2.0800 158 254 131
-2.6875 2.5000 5.0170 95 111 227
11.4375 1.5000 4.2790 84 131 249
5.2500 6.0000 4.3590 97 140 223
17.8125 2.0000 1.1670 234 116 93
-17.5000 -12.5000 4.0510 86 185 227
-22.4375 21.0000 1.5360 199 216 82
-7.8125 -22.5000 4.2310 112 129 236
18.6250 16.5000 0.3920 200 157 145
6.5625 -9.0000 1.0450 250 96 137
22.3125 5.0000 1.0460 244 106 108
-20.3125 -13.5000 0.1270 175 111 154
-7.5625 -21.5000 5.2150 85 121 223
5.4375 1.0000 4.4390 97 117 231
1.8750 15.5000 4.6860 102 125 219
-9.6875 25.0000 0.1530 174 142 130
-11.1875 6.0000 1.5570 219 167 71
16.5000 5.0000 1.4940 188 210 121
13.0000 25.0000 1.0350 212 235 55
-9.1250 -16.0000 4.2520 100 124 251
-5.9375 4.5000 1.3250 238 137 77
-15.3125 -2.5000 1.1170 239 132 96
25.4375 -20.0000 0.9730 239 53 144
-15.1250 5.0000 1.9200 183 201 129
-11.5000 15.0000 0.1770 193 90 150
-9.5000 11.0000 2.4020 147 229 204
-22.6875 -4.5000 0.1710 183 148 165
20.7500 -23.0000 0.9140 230 44 166
-6.7500 -21.5000 5.3220 88 117 227
-18.3750 -8.5000 1.7980 160 254 130
17.3125 25.5000 0.2340 162 175 150
16.1250 1.5000 1.2180 233 132 97
-8.6250 -5.0000 1.0650 244 93 129
-7.7500 -7.5000 1.0940 242 89 115
2.9375 -14.0000 1.1100 241 108 113
5.5625 -11.0000 1.0220 236 92 166
-22.0000 -20.0000 1.7420 164 254 130
14.3750 -4.0000 4.5690 96 128 232
-12.0000 -5.0000 1.1030 237 103 89
-21.3750 -3.5000 0.0980 182 115 156
13.9375 -13.0000 2.9880 119 188 254
-14.0625 18.5000 0.1050 188 147 129
2.3125 24.0000 0.1340 194 108 152
22.9375 9.5000 0.1520 172 78 194
16.6250 -6.0000 4.5840 79 150 242
-4.1875 16.0000 1.3650 215 170 59
-7.0625 17.0000 0.7610 216 112 111
-23.4375 22.0000 1.5780 198 209 111
-20.2500 22.0000 1.1710 238 166 61
-0.1875 11.0000 5.5000 86 125 221
-8.0625 17.0000 0.9620 223 188 96
-21.1250 11.0000 2.2140 150 254 164
1.4375 12.0000 5.0300 90 126 226
6.6875 22.0000 0.1660 185 113 180
3.3750 7.5000 5.7190 83 110 209
-6.6250 -22.5000 5.3490 88 102 219
-17.0000 -16.5000 3.1070 130 170 244
-1.0000 -14.0000 6.4610 81 109 204
-3.8750 17.5000 1.2140 225 186 70
-3.0000 -19.0000 5.8080 83 115 203
8.4375 4.5000 4.1860 98 128 249
-2.5000 9.0000 6.3660 73 111 211
-23.8125 -13.5000 0.1510 181 158 148
2.3125 23.0000 0.5190 204 135 138
-18.0625 5.5000 0.1910 191 50 149
23.1875 -15.0000 4.6860 80 125 254
-0.1250 24.0000 0.1710 200 113 149
14.3125 -18.5000 0.9650 236 77 136
-21.2500 -14.5000 1.6140 177 254 79
16.5000 3.5000 1.1230 238 99 103
-9.0625 9.0000 1.4220 219 169 60
2.8125 11.0000 5.0790 92 111 227
12.3750 -13.5000 0.9890 245 92 140
17.8750 14.5000 1.0570 212 186 73
-12.8125 19.5000 0.1610 189 151 113
20.3125 -6.0000 4.2590 81 151 254
23.5000 -3.5000 1.0940 246 96 114
-3.0000 10.5000 6.0830 77 128 196
1.8750 -3.5000 3.1050 124 166 254
21.0000 -3.5000 3.9860 101 150 254
8.6250 11.5000 2.3890 137 216 224
-6.8125 18.5000 0.4870 200 152 126
3.0625 -19.5000 3.9920 109 147 244
-14.8125 20.0000 0.0850 181 129 152
-2.3125 -10.5000 1.1380 248 95 88
21.2500 18.5000 0.9940 207 246 67
9.2500 14.5000 1.2140 228 129 84
9.7500 17.0000 1.1620 224 177 55
16.0625 16.5000 0.3140 196 129 150
-24.0625 0.0000 0.2000 172 144 142
16.7500 5.5000 1.4660 189 207 115
22.9375 -20.0000 0.9820 242 74 158
8.3750 -12.0000 0.9890 235 80 150
-5.5000 16.5000 1.1750 227 166 68
6.3125 0.0000 4.4120 94 121 233
-12.4375 10.0000 1.7940 183 222 109
17.2500 -12.5000 3.8760 100 139 254
1.5625 -12.0000 1.2970 217 148 92
-24.1875 -9.0000 0.1400 173 150 134
-5.1875 19.0000 1.0530 217 226 70
-17.5000 22.0000 0.8420 231 135 106
-23.2500 20.0000 2.5220 144 238 207
19.8750 -15.5000 4.4190 83 121 254
-14.0000 -23.5000 1.2230 229 125 87
9.2500 -12.5000 1.0010 245 86 141
15.8750 18.0000 0.1640 181 117 174
-0.9375 14.5000 2.2220 151 212 173
-2.1250 -23.5000 5.5540 89 139 181
16.3750 0.5000 3.9640 103 138 254
4.3750 10.0000 5.0450 99 104 227
-3.3750 -3.0000 1.1080 244 92 128
-3.8750 -18.0000 5.9060 80 115 206
-4.0000 10.0000 6.3530 87 110 183
-1.6250 12.5000 5.5040 86 127 200
-7.7500 8.5000 1.5570 207 184 69
11.8125 -6.5000 4.1070 105 132 241
3.4375 16.0000 4.6260 94 126 228
16.9375 -17.0000 0.9770 236 62 147
12.9375 11.5000 1.0830 250 102 135
-18.2500 5.0000 0.1500 188 51 147
24.3125 -22.0000 0.9680 232 74 152
19.7500 21.5000 0.1370 185 124 165
14.6875 6.5000 1.0130 240 87 148
-1.4375 22.0000 0.5350 204 163 114
10.0625 -12.0000 1.0550 245 98 125
17.1875 25.0000 0.4650 185 197 114
10.6250 -21.0000 1.0260 254 89 134
-12.5625 21.5000 0.1540 179 142 130
-15.7500 -13.0000 4.3840 91 148 240
22.0000 -4.5000 4.0170 99 140 254
19.5625 -13.0000 1.1210 237 109 112
-19.6250 -7.0000 0.1430 190 130 142
19.6250 -20.5000 0.9140 243 65 179
9.2500 -22.5000 5.2940 87 103 239
-10.8750 6.0000 1.5530 219 165 70
-7.9375 2.0000 1.2660 250 104 90
5.8750 9.0000 3.5740 121 142 244
1.0000 19.5000 1.4450 199 233 75
-7.5000 -18.5000 4.2200 107 130 234
11.0000 21.0000 0.5970 200 150 130
-16.1875 2.5000 1.0540 245 84 73
2.7500 21.0000 4.5010 94 151 220
24.8125 1.5000 0.9690 239 73 140
19.6250 -17.5000 1.0010 238 65 125
5.9375 -6.0000 1.1950 227 137 100
19.9375 10.5000 0.6460 201 103 139
-7.6250 -14.5000 5.6090 86 98 222
21.4375 15.5000 0.1330 161 118 190
-14.4375 4.5000 1.7560 194 186 97
16.3750 17.5000 0.1500 185 114 170
25.0625 -17.0000 5.3660 91 99 232
-16.0000 16.5000 0.1550 194 149 134
4.9375 -21.5000 3.6570 116 148 238
-6.6875 -20.0000 4.2290 112 136 241
-23.1250 25.0000 4.6930 110 152 211
12.9375 4.0000 1.1750 229 108 106
-13.9375 -22.5000 1.7500 180 202 139
17.1875 -23.0000 0.9770 234 64 160
9.9375 -16.5000 1.0230 239 91 128
17.8125 -11.5000 4.0740 89 144 254
15.1875 1.0000 4.0800 101 141 254
0.0000 0.5000 1.2490 226 136 89
23.2500 1.0000 1.0040 250 80 138
9.0625 -12.0000 1.0380 242 92 135
3.8750 -20.5000 3.8360 112 147 245
-1.4375 0.0000 1.3800 215 159 96
-3.3125 18.0000 1.1740 235 161 71
11.8750 -15.5000 0.9910 240 76 136
0.0000 -18.0000 7.0040 73 96 196
13.1875 -5.5000 4.3660 101 125 236
7.0000 -7.0000 1.7620 169 214 137
20.0000 -7.5000 4.4400 77 142 249
-6.9375 17.5000 0.7170 236 148 99
-13.8750 11.5000 0.7640 227 143 83
-10.5625 13.5000 0.7960 211 172 103
10.9375 -16.5000 1.0060 234 78 129
-9.1250 0.0000 1.2100 248 106 89
-21.3750 23.0000 4.5400 94 169 231
-2.6250 -9.0000 1.0690 254 72 99
-8.3750 23.5000 0.1340 174 134 136
-15.3750 -12.5000 4.4140 88 151 244
3.1875 -13.0000 1.1170 240 102 123
23.8125 6.5000 0.8950 237 113 106
11.7500 -13.0000 1.0250 237 89 134
1.0625 -20.5000 7.2960 60 102 180
-3.0625 -20.5000 5.6710 73 149 201
-15.4375 -9.5000 4.1090 97 164 245
21.8750 6.0000 1.0970 238 118 105
-0.1250 14.0000 5.1120 88 121 225
-3.3125 22.0000 0.1510 190 112 180
14.8750 -10.0000 3.9380 108 142 254
4.0000 14.0000 1.2190 248 130 89
-16.9375 2.0000 0.6320 214 123 110
-1.1250 2.0000 5.1730 94 108 211
3.9375 -18.0000 4.0040 104 147 245
4.1875 -10.5000 1.0690 236 84 120
16.5625 24.0000 0.7170 229 216 85
-8.7500 -2.0000 1.1150 247 95 133
-12.2500 -15.0000 5.5510 77 104 220
16.6250 3.5000 1.1520 236 109 101
-16.6875 -10.5000 3.9780 97 164 232
0.9375 -8.5000 1.0820 238 90 128
-8.2500 -5.0000 1.0740 241 98 129
1.6875 20.5000 2.3450 143 250 181
-8.3750 13.0000 1.2730 240 161 67
-8.7500 -13.0000 5.7380 76 117 217
22.7500 4.0000 1.0130 244 85 111
1.5000 13.5000 4.6780 93 121 227
-14.1875 -1.5000 1.0200 253 100 89
21.2500 20.0000 0.7280 193 214 97
-19.6875 -15.5000 2.9190 114 254 195
4.2500 -18.0000 3.9890 104 146 244
-8.2500 18.0000 0.3460 190 122 141
-4.9375 5.5000 5.2500 90 102 233
0.7500 -21.0000 1.6990 195 224 109
-8.3750 1.0000 1.2340 239 104 95
-10.5625 10.0000 1.6540 190 198 85
12.1875 -1.5000 4.5340 86 129 250
-15.1875 -16.5000 5.0010 89 116 227
-0.3750 23.0000 0.1500 200 110 154
18.5625 15.0000 1.0510 205 180 80
10.8125 -9.5000 1.0790 238 105 103
12.8125 -10.0000 1.1070 241 119 108
-18.9375 10.0000 2.1110 159 243 149
20.7500 10.5000 0.3210 174 108 184
-16.1875 15.5000 0.1290 186 132 139
-15.0000 6.5000 1.9610 179 197 130
21.0625 21.0000 0.1360 176 124 158
-14.8750 -19.5000 1.1680 235 118 115
14.8750 9.5000 0.9980 239 91 140
-16.7500 -1.0000 1.5870 183 229 96
-0.8750 6.0000 5.9680 80 114 211
18.3750 15.0000 1.0480 204 179 82
12.4375 10.0000 0.9780 254 84 143
20.2500 -9.5000 1.0770 244 98 122
-8.9375 -23.5000 5.0140 102 116 207
-8.8125 -18.5000 5.5420 79 116 224
-15.6875 -18.5000 4.8590 84 120 250
-10.1250 25.0000 0.1570 174 142 131
2.6250 17.0000 1.9870 166 226 177
-14.8750 14.0000 0.1170 189 131 144
5.7500 -5.5000 1.1490 228 123 108
-22.6250 -18.5000 0.9620 225 185 82
-8.5625 13.0000 2.0320 157 219 174
17.9375 2.5000 1.1360 236 108 100
-13.8125 -17.5000 4.9980 85 111 238
5.8750 13.0000 1.2010 236 117 85
-7.0000 -13.0000 4.2190 104 125 244
-11.5000 -17.5000 3.1740 128 167 254
16.9375 -20.5000 0.9720 248 82 160
22.1250 8.5000 0.5950 218 106 162
25.1875 -15.0000 5.1200 94 111 211
-10.1250 -19.5000 4.3660 100 129 254
6.8750 5.0000 4.3080 90 137 247
-11.3125 -18.0000 5.2490 92 106 236
6.6250 22.5000 0.1580 184 112 183
11.5000 23.5000 1.2610 190 254 40
17.5000 12.0000 1.0700 226 122 119
-0.6875 25.0000 0.1720 201 129 132
-10.6250 5.5000 1.5190 225 156 65
22.7500 -19.5000 0.9530 254 49 156
4.9375 -21.0000 3.6980 116 147 239
-22.0000 16.0000 2.0050 165 254 119
-19.6250 -5.5000 0.1460 190 131 152
1.0000 -12.5000 1.2060 235 125 91
14.1875 22.0000 0.5590 202 186 87
-10.0625 -20.0000 4.2480 99 144 249
17.5000 5.0000 1.1270 233 109 102
5.3125 1.0000 4.4720 108 104 218
-0.1875 -22.5000 5.7650 80 123 193
6.1250 11.0000 1.7080 185 193 122
21.0000 -6.5000 1.1210 229 93 93
-17.0625 -24.0000 1.0710 230 101 91
-16.5625 -5.0000 1.1090 225 147 77
6.0000 -17.5000 1.1100 241 112 101
-18.5000 -15.0000 1.1620 219 180 79
24.7500 -22.0000 0.9280 223 62 163
13.7500 9.5000 0.9560 247 70 138
10.2500 -15.5000 1.0130 246 90 128
-17.8125 25.5000 0.9630 215 152 102
13.1250 -17.5000 0.9890 238 79 136
-11.9375 -16.0000 5.4390 81 103 219
-0.2500 21.5000 1.1140 223 204 79
-7.1875 8.5000 1.6230 199 183 78
-14.0625 -15.5000 5.2410 83 113 228
19.8125 12.5000 0.1510 159 88 204
-22.6250 -20.5000 1.0980 230 173 93
21.6250 10.0000 0.2340 182 103 189
-17.1250 8.0000 2.7110 121 223 197
-1.5000 11.5000 5.6370 81 127 204
10.6250 -17.5000 0.9990 238 79 121
8.6250 -0.5000 4.5500 80 131 242
17.0625 -13.0000 1.0770 230 95 110
-1.2500 10.0000 5.9240 83 124 206
2.5625 3.5000 6.1550 81 104 208
-1.8750 22.5000 0.1520 204 115 160
7.5000 5.5000 4.1930 92 140 249
14.1875 13.0000 1.1440 236 132 107
9.1875 -11.5000 1.0640 239 97 131
-21.7500 -14.5000 0.9930 220 245 88
6.4375 13.5000 5.1290 87 125 232
-6.0000 -7.0000 1.3750 208 168 104
0.6250 6.0000 6.2870 82 91 203
-12.6875 12.0000 0.3380 191 92 167
18.8750 -11.5000 1.1090 236 103 126
-9.9375 -22.0000 4.2380 114 127 247
0.8750 7.5000 6.1340 78 113 213
-16.3125 3.0000 0.9430 239 122 83
-9.6250 9.5000 2.4640 143 216 207
4.0000 13.5000 4.5240 96 141 236
19.1250 -14.5000 1.0810 237 99 127
13.5000 -21.0000 1.0470 243 94 125
3.0625 18.0000 4.6700 95 139 215
1.8125 11.0000 5.1810 88 125 218
4.8750 24.0000 0.1240 180 90 146
1.5625 23.0000 0.4120 210 132 127
18.2500 -4.0000 4.1730 98 142 254
-20.6250 1.0000 0.0990 192 112 176
-11.1875 -17.0000 3.2970 127 153 254
-15.0000 5.5000 1.8990 185 200 122
-3.9375 1.5000 1.2680 229 115 90
6.3125 -2.5000 4.0650 105 130 246
6.6250 9.0000 3.6130 117 143 248
6.6875 -10.0000 1.0090 250 86 141
2.6250 6.0000 6.1540 83 88 205
10.0000 23.5000 0.8390 214 218 62
-14.3125 16.5000 0.1370 199 140 126
-18.9375 -19.0000 1.5770 193 217 121
12.7500 9.5000 0.9510 248 67 141
-13.0625 21.5000 0.1290 176 141 135
-1.2500 -19.0000 7.3080 68 105 189
-1.5625 -17.5000 7.1080 72 97 186
-11.3125 19.0000 0.1340 191 150 100
-21.3125 -5.0000 0.0700 182 117 172
11.1250 14.0000 1.3140 221 151 88
9.1250 0.5000 4.5440 80 125 230
-19.0625 -20.5000 2.8060 132 218 254
-1.5000 9.0000 6.1840 77 112 209
2.3750 -18.0000 6.7170 86 121 187
19.2500 11.0000 0.7050 207 105 137
4.4375 -7.0000 1.0940 237 108 111
-0.5625 -21.5000 5.7260 74 138 207
-20.1875 20.5000 1.1280 248 161 62
19.9375 20.0000 0.0950 191 115 169
20.3750 8.5000 1.1090 233 121 97
-10.7500 -16.5000 3.4140 128 126 254
-16.5000 0.5000 1.9670 151 220 158
-17.0625 -13.5000 4.2110 96 160 226
1.1875 11.0000 5.2980 85 127 222
21.8750 -5.5000 2.2810 151 220 237
-22.3750 -8.5000 0.1110 172 134 141
-14.8125 -7.5000 1.1560 236 142 88
-14.3750 -7.5000 1.3060 221 173 85
-4.1250 16.5000 1.3020 217 164 66
21.5000 -1.0000 1.0370 248 86 130
7.3125 -0.5000 4.4420 88 123 232
-13.8750 -21.5000 1.4980 207 205 102
23.8125 5.0000 1.0800 237 115 104
-0.6875 16.0000 2.2030 147 227 180
-3.4375 11.0000 6.0370 78 129 196
8.6250 20.0000 1.1520 213 183 46
21.5000 12.0000 0.1470 167 113 190
24.1250 -5.5000 1.1320 236 107 103
17.1875 -22.0000 0.9660 246 75 154
17.8125 -14.5000 1.2210 219 142 113
18.0625 -6.5000 4.5550 79 142 243
16.1875 23.0000 0.5010 206 187 125
20.4375 18.0000 1.0040 213 239 82
20.9375 -21.0000 0.9280 238 70 173
-8.1875 -21.0000 5.2560 82 121 229
-1.3125 9.0000 6.1770 78 112 207
8.0625 -20.5000 5.1220 79 111 231
15.5000 10.0000 1.0390 236 101 119
19.5625 18.0000 0.2470 192 115 168
19.6875 10.0000 0.8730 223 96 110
-22.6250 -1.0000 0.1170 185 129 143
-1.9375 1.5000 1.4630 215 177 83
13.3750 -19.0000 0.9720 239 77 134
-23.7500 -22.5000 0.1440 174 124 160
-3.2500 21.0000 0.6340 229 146 132
-15.3750 -18.0000 4.7580 83 120 253
-20.6875 -20.0000 1.0520 238 155 102
13.4375 -4.5000 4.5050 96 130 238
2.2500 -6.5000 1.0920 237 88 113
20.3125 12.0000 0.1410 161 87 201
-10.0000 16.5000 0.1040 192 95 135
-22.7500 -4.0000 0.1400 181 140 170
24.0000 -9.5000 4.3450 92 121 242
10.6875 13.0000 2.3830 143 212 230
12.9375 -23.0000 4.9500 94 124 240
-18.1875 7.5000 0.1770 192 51 142
-21.2500 2.5000 0.1630 197 112 185
-4.5000 -7.5000 1.0680 237 72 114
-22.1875 -3.0000 0.1470 179 127 155
6.0000 6.5000 4.2410 102 137 235
5.5000 18.5000 3.2020 127 192 250
-11.5000 8.0000 1.6790 203 205 85
-17.5000 24.5000 0.9700 226 152 92
20.8125 11.5000 0.1490 160 87 191
-17.1875 17.5000 0.1630 171 126 143
-18.8125 5.0000 0.1470 184 55 147
-17.7500 -22.5000 4.8040 80 148 241
-0.2500 -19.5000 7.2890 60 100 187
-9.2500 -21.0000 4.2650 105 137 254
-7.5625 25.5000 0.1320 162 147 142
-6.8125 0.5000 1.2130 246 90 99
9.3125 12.5000 1.7570 175 207 158
-23.5625 13.0000 0.3310 182 118 169
14.8750 -15.0000 1.0080 235 78 151
-5.3125 -17.0000 4.3410 106 127 231
-15.6875 12.0000 3.0950 109 203 217
24.3750 7.5000 0.3180 179 87 166
-9.6250 25.5000 0.1340 171 137 128
-20.0625 -20.0000 1.0420 241 151 92
-24.2500 -3.0000 0.1390 168 139 131
-23.7500 17.0000 1.9840 167 244 129
25.0000 1.5000 0.9780 238 75 139
-13.5625 -8.0000 1.1470 230 131 83
-23.5000 -21.5000 0.1380 177 122 172
-10.1250 12.0000 1.4630 210 219 78
9.6250 -13.0000 1.0030 245 88 137
-2.5000 14.5000 5.2280 79 135 211
-17.6250 -18.0000 3.6540 115 163 254
-15.8125 25.5000 0.9000 210 173 81
12.3125 -17.0000 0.9910 235 75 124
-3.6250 -17.5000 5.9380 85 109 202
9.3125 9.0000 1.1490 241 107 90
12.7500 5.0000 1.1280 242 103 115
4.8750 -12.0000 1.0680 245 89 135
13.2500 -17.0000 1.0110 234 85 136
-23.6875 0.5000 0.1400 174 133 154
-17.8750 18.5000 0.1380 164 125 156
-14.4375 10.0000 3.0140 112 191 222
-1.0625 -5.0000 1.0980 239 83 119
-17.8125 11.0000 2.0600 165 254 131
2.6250 -1.0000 3.9880 111 130 230
-5.6250 18.5000 0.9980 231 133 85
2.1250 -7.5000 1.0980 229 92 120
22.9375 1.5000 1.0130 254 88 125
5.8750 18.5000 3.2690 126 192 248
-18.8125 1.0000 0.1520 199 98 160
5.5625 -20.5000 3.7110 118 154 234
-8.8750 7.0000 1.4290 237 159 62
13.5000 14.0000 1.1430 243 137 91
-14.0625 11.5000 0.6020 217 130 104
-15.7500 -23.5000 1.4160 194 183 98
7.2500 9.0000 1.6150 197 186 107
-13.8750 -18.0000 1.1950 236 120 110
20.5000 14.0000 0.1520 165 114 196
-22.4375 -10.5000 0.1330 183 147 149
-22.2500 -19.0000 1.8740 156 254 147
-0.6875 -5.0000 1.1060 239 80 113
14.5625 -9.0000 4.0210 109 134 238
-17.1250 21.0000 0.1420 170 96 167
-16.2500 -11.5000 4.1690 90 169 233
-1.3750 -20.0000 5.8370 78 144 171
15.6875 5.5000 1.3730 200 185 109
-12.0625 -22.0000 4.1830 103 142 242
5.5625 13.0000 1.1850 236 112 87
-13.8750 -11.0000 5.9850 79 124 212
-20.8750 -15.5000 1.6200 180 254 81
-18.6250 -11.5000 1.3860 201 234 77
-2.5625 -3.0000 1.1360 246 100 121
-16.8750 -8.0000 3.7870 100 166 230
17.7500 17.5000 0.2330 198 136 149
-13.3125 -19.5000 1.1800 227 109 102
6.1250 2.0000 4.6660 89 120 230
-12.3750 18.5000 0.1570 192 147 112
20.8125 -5.5000 2.3300 138 227 230
15.6250 20.5000 5.6690 59 254 140
9.8750 -2.5000 4.4480 83 129 242
-10.7500 -9.5000 5.3930 81 122 234
-19.8125 -14.0000 0.3690 192 133 143
24.3750 10.5000 0.1480 166 117 158
-0.0625 9.5000 5.8490 82 130 216
-8.1250 -11.5000 5.3270 80 121 229
-0.6875 -5.0000 1.0900 239 75 115
3.5000 23.5000 0.1780 187 90 161
14.8125 -15.5000 1.0000 246 82 148
5.8750 -5.5000 1.8600 160 201 159
19.6875 -14.5000 3.6550 99 140 254
-8.3750 -19.0000 4.3080 104 130 236
-0.6250 -2.0000 1.1590 233 101 104
11.1250 -9.5000 1.0880 236 107 102
-6.2500 14.0000 1.3200 228 166 54
-12.1250 -8.0000 1.2530 225 150 83
-0.4375 -8.5000 1.1210 232 97 129
6.3125 -8.0000 1.0820 238 114 132
19.6875 -2.0000 3.9910 103 141 254
23.0000 -11.0000 4.1910 86 153 246
11.6875 11.5000 1.0660 247 97 124
-6.2500 -8.5000 1.4990 197 193 125
17.9375 -2.0000 4.0680 107 129 239
-19.2500 19.5000 1.0150 231 166 51
2.1875 11.0000 5.1710 86 117 229
24.8750 11.0000 0.1440 165 122 151
-12.6250 -20.0000 2.5810 143 205 228
16.8750 -12.5000 3.8620 99 141 254
-0.1875 14.5000 4.6090 94 127 230
-10.5625 -2.0000 1.0860 239 73 115
-12.8750 -17.0000 5.1160 99 108 228
-14.7500 -13.5000 5.5070 80 121 216
17.1875 -2.0000 4.1640 103 131 243
18.3750 -22.5000 0.9520 235 57 158
-0.0625 -10.0000 1.1120 237 94 120
0.7500 20.5000 1.7460 172 246 113
-0.9375 9.0000 6.1310 76 136 213
0.5000 9.5000 5.7170 85 113 226
-21.2500 -22.0000 1.0620 242 158 95
-2.1875 -13.0000 4.2950 97 137 236
-1.2500 -7.5000 1.0940 235 72 119
23.7500 -18.5000 1.0610 243 95 143
-6.6875 16.0000 1.1540 225 157 82
12.6875 0.0000 4.3340 90 134 248
8.2500 -21.5000 5.2110 79 109 225
12.2500 -11.0000 3.6660 115 145 254
6.0625 -20.0000 3.7460 115 146 248
-8.1875 -16.5000 4.8860 94 110 239
4.8750 -1.5000 4.0460 110 126 246
-10.1875 -17.5000 5.1690 92 115 227
13.6875 -3.5000 4.5810 91 131 243
-17.0625 -5.0000 1.0680 230 144 83
12.2500 -0.5000 4.4420 88 133 246
-3.7500 1.0000 1.2290 241 108 112
3.3125 13.0000 2.1600 153 201 197
11.3750 -16.0000 0.9940 237 75 129
2.6250 15.5000 4.6180 97 124 229
-20.0625 -3.5000 0.1430 184 127 151
-8.0000 25.0000 0.1820 167 155 132
-21.3125 -7.0000 0.1420 188 139 159
-4.4375 13.5000 2.1160 161 224 158
-17.3750 -16.0000 1.2190 214 185 81
-2.5000 -5.0000 1.1030 234 89 135
22.2500 10.5000 0.1490 175 109 180
-14.9375 -16.5000 5.0350 88 115 227
18.3750 2.5000 1.0850 248 102 115
-12.2500 -20.5000 4.2340 100 144 251
8.3125 -9.5000 1.0530 244 97 130
4.0000 16.0000 2.0320 165 224 182
18.8750 22.5000 0.1360 191 148 149
-21.6250 20.5000 1.2210 239 184 54
-7.3125 -20.5000 5.2150 87 118 223
19.0000 -22.0000 0.9220 242 58 174
9.9375 -1.5000 4.6100 75 133 239
2.9375 -14.0000 1.1270 239 111 111
-15.6875 4.0000 1.5360 198 183 83
15.7500 -5.5000 4.5720 84 148 246
-6.5625 6.0000 5.1440 94 97 231
12.0625 -16.0000 1.0130 233 80 124
-7.3125 20.5000 0.1590 183 146 147
-4.9375 -2.5000 1.1490 236 102 111
12.4375 20.5000 0.6340 203 189 98
8.0000 -15.0000 1.0330 247 114 116
17.6875 1.5000 1.1470 235 111 95
22.2500 -8.0000 1.1000 231 96 110
20.6250 17.5000 1.0180 212 241 78
2.6250 2.5000 4.3990 101 113 231
-0.1250 17.0000 4.5000 90 152 224
-0.9375 4.0000 5.5390 102 100 207
9.4375 -1.0000 4.5780 75 134 243
-10.3750 21.0000 0.1310 183 153 112
-3.7500 21.5000 0.1480 187 113 180
-10.1875 12.5000 1.1980 230 175 77
-12.7500 8.0000 1.8350 194 210 116
13.2500 20.0000 0.5790 203 183 99
-6.4375 20.5000 0.2150 185 116 143
-15.6250 20.5000 0.1280 177 142 166
-18.4375 23.5000 0.9750 235 148 87
1.0000 25.0000 0.1620 197 116 136
10.8125 -22.5000 5.1150 85 109 242
8.0625 -2.0000 4.2790 92 121 235
13.6875 -16.5000 0.9690 238 62 140
15.2500 -3.0000 4.4170 101 141 242
3.8750 -2.5000 3.9500 103 146 254
14.5625 15.0000 0.3240 187 102 193
-19.1250 -22.0000 1.0500 239 125 84
5.6875 -23.5000 3.0590 135 154 227
-2.8125 -19.5000 5.7670 73 131 216
-22.2500 1.0000 0.0850 185 109 165
-11.6875 11.5000 1.0850 239 155 63
9.5000 11.0000 1.1850 243 110 87
-19.0000 -9.5000 0.3880 201 124 132
-20.6875 0.5000 0.1250 191 125 158
-16.8750 -19.0000 1.1520 238 137 103
-8.0625 -14.0000 4.1070 106 123 254
-15.1875 2.0000 1.4340 219 179 71
-5.7500 -17.5000 5.2480 83 122 225
17.7500 -21.5000 0.9650 241 60 157
-10.7500 -2.5000 1.0810 245 81 105
6.4375 -7.0000 1.8510 163 213 156
5.4375 -11.5000 1.0530 243 100 161
-12.8750 5.0000 1.6130 212 169 86
-14.1875 24.5000 0.0970 169 117 161
10.5000 -11.5000 1.0400 243 95 130
17.1250 21.0000 0.1430 193 122 170
-9.2500 -15.5000 3.7670 115 132 254
16.4375 10.5000 1.0870 234 124 113
24.5000 -3.5000 1.0650 238 85 122
8.7500 -5.5000 4.0190 105 139 221
-12.1875 -20.0000 4.1370 104 146 250
24.3125 -0.5000 0.9880 244 79 128
-5.8125 -10.5000 2.8540 132 192 246
18.4375 5.0000 2.1040 146 221 209
-0.2500 -18.0000 7.0690 74 95 196
3.1875 -8.5000 1.0410 236 74 133
10.6875 -11.0000 1.0440 239 96 132
-1.1875 -23.0000 5.6060 87 123 190
11.5625 23.0000 1.1440 204 228 14
-5.5625 -5.5000 1.0710 239 77 112
-18.1875 -5.5000 0.3330 194 118 149
13.5000 -15.5000 0.9890 247 80 129
-9.4375 15.0000 0.8740 237 117 111
-1.1875 -13.5000 4.8000 92 120 217
-9.6250 -16.5000 4.0310 112 125 254
-5.0625 13.0000 1.4010 218 170 53
20.8750 -5.5000 4.1770 84 156 252
12.5625 -12.0000 3.6390 103 157 254
-1.2500 24.5000 0.1120 202 114 144
-4.1250 9.5000 6.2580 87 112 186
21.5000 7.5000 1.1210 228 131 89
-15.8750 -0.5000 1.7060 176 207 121
10.6250 6.0000 1.2260 230 121 77
-19.6875 11.5000 2.0940 161 246 140
21.0000 -10.5000 3.5450 106 160 246
14.6250 24.5000 0.6750 213 204 69
15.0625 -14.5000 2.0250 153 230 215
-17.1250 9.5000 2.0700 169 240 131
23.6250 -13.5000 4.5070 94 132 239
17.2500 2.0000 1.2250 234 133 98
25.3125 -6.5000 1.1270 214 107 109
-8.1250 -20.0000 4.3120 106 134 243
-1.3125 13.5000 5.1690 86 129 203
21.7500 -21.5000 0.9110 240 54 170
-18.8125 13.0000 2.0620 159 254 127
-14.3125 -13.0000 5.6060 77 122 215
-1.3125 -22.5000 5.6620 83 123 195
2.0000 -10.0000 1.1030 228 80 115
13.0000 15.5000 0.6570 207 73 176
-21.0000 4.0000 0.1420 181 103 186
-5.5000 -20.5000 5.5810 79 106 223
-1.8750 6.5000 5.9760 82 102 216
-12.8750 -1.5000 1.0780 251 77 104
23.3750 -3.5000 1.1040 245 99 112
-17.7500 11.0000 2.0580 165 254 131
-12.6875 -3.0000 1.0740 250 81 104
0.5625 16.0000 1.2430 227 161 51
11.4375 3.0000 4.0800 92 125 231
23.3125 -10.5000 4.5080 87 118 246
5.8125 8.0000 5.1810 97 114 210
7.1875 -3.0000 4.1020 100 130 242
4.7500 -13.5000 1.0570 243 75 126
-22.0000 -5.0000 0.1470 185 137 167
20.7500 -4.5000 4.0690 95 148 254
10.1875 2.0000 4.2980 82 129 237
-10.7500 -18.5000 4.8420 101 109 235
7.4375 2.5000 4.4550 86 127 233
-22.8750 -10.0000 0.1260 177 152 151
9.6875 4.0000 4.1210 89 136 245
-1.2500 15.5000 4.4940 92 141 199
21.1250 16.0000 1.0200 206 225 72
6.3750 23.5000 0.1300 178 115 184
15.0625 -5.5000 4.5470 100 136 213
13.5000 -11.5000 3.6740 102 156 254
-0.5000 10.5000 5.7380 91 118 210
-17.3750 13.0000 2.9970 107 231 186
-6.6250 -11.5000 3.5780 125 144 254
2.8125 -24.0000 3.5250 134 151 217
14.9375 4.0000 1.7730 163 207 181
-23.2500 -4.0000 0.1520 180 146 168
16.3750 13.5000 0.3830 192 106 205
3.0000 19.0000 2.1500 160 241 182
-12.4375 -19.5000 1.2130 239 122 88
-16.0000 25.0000 0.9150 214 177 76
12.2500 -6.0000 4.2060 103 130 241
-2.0625 15.0000 4.6050 90 137 215
-12.0625 11.5000 0.9100 238 127 84
-13.3750 -17.5000 5.0280 94 123 235
-2.5000 -8.5000 1.1020 250 79 98
-15.4375 17.5000 0.1340 195 142 142
6.6250 7.5000 4.0800 106 130 237
3.7500 10.0000 5.1330 91 112 219
15.0000 -15.5000 0.9970 238 77 151
23.0000 -15.5000 4.6950 79 126 254
-13.3125 -18.5000 2.4980 143 199 236
0.0000 -20.5000 5.8530 68 133 206
-4.7500 -13.5000 5.4460 87 121 224
3.9375 12.0000 1.2350 243 133 81
2.3125 -8.0000 1.0980 237 99 137
-0.6875 19.0000 2.0010 159 228 142
12.9375 9.5000 0.9020 247 59 148
14.4375 13.0000 1.1560 234 135 105
-21.5625 -6.0000 0.1710 185 149 160
-0.3125 -18.0000 7.0610 75 95 196
13.8750 4.0000 2.2610 146 214 226
13.1250 4.5000 1.9900 153 201 190
-15.9375 12.5000 0.1530 185 125 147
8.7500 6.5000 1.2830 227 135 92
5.3125 12.5000 1.1910 238 117 84
15.8750 2.5000 1.1710 239 117 99
4.5625 21.0000 1.1790 222 170 79
15.4375 26.0000 0.5140 180 196 104
-19.3750 3.0000 0.1410 188 76 164
23.3750 -16.0000 4.8170 80 122 248
-10.8125 -21.5000 4.9100 85 105 242
-7.6875 -1.5000 1.1500 246 100 122
-0.3750 22.0000 0.6510 211 175 123
9.8750 -12.0000 1.0140 247 90 136
19.3125 -15.0000 4.7240 78 117 254
-12.5625 -24.0000 4.1880 116 134 212
-13.2500 -22.5000 4.2020 103 136 239
-3.8125 -8.0000 1.0720 244 80 120
18.9375 -6.0000 4.3620 79 151 254
7.3750 -3.5000 4.1020 99 130 239
16.9375 8.5000 1.1300 233 117 101
13.0000 23.0000 0.5730 210 178 98
-9.0000 14.5000 1.0910 243 141 99
5.2500 -15.0000 1.2280 232 142 81
11.6875 -23.5000 5.1230 89 112 235
-18.3125 23.5000 0.9990 235 152 83
-16.2500 -19.5000 1.1460 242 128 121
-4.0000 -12.0000 4.3030 106 141 227
-15.6875 -6.5000 2.6540 128 221 243
-23.4375 -3.5000 0.1110 168 128 152
-22.1875 16.0000 2.0070 165 254 121
-10.6250 16.5000 0.1570 193 130 138
-6.6875 25.5000 0.1750 167 159 135
0.8125 -13.5000 6.1580 74 110 209
24.8125 -3.0000 1.0970 233 90 115
-14.0625 16.5000 0.1460 198 142 123
8.7500 9.0000 1.2410 229 131 91
0.1875 16.0000 1.9430 159 227 152
2.0000 -2.5000 3.1160 125 172 244
-8.1875 25.5000 0.1440 160 146 139
16.1875 -10.5000 3.9890 91 148 254
22.8750 -17.5000 1.0280 249 81 154
-11.3750 25.0000 0.1500 180 141 129
-14.1875 -16.5000 5.0950 94 108 228
-3.3125 2.5000 1.3820 229 153 85
5.0000 -5.5000 2.3180 132 213 224
14.6250 23.5000 0.6050 211 198 82
-6.5625 -19.5000 4.2210 111 136 246
-2.9375 12.5000 5.6630 80 130 198
-21.9375 16.0000 1.9960 165 254 117
-3.1250 -12.5000 4.2510 102 137 241
-12.9375 19.5000 0.1460 188 151 113
14.3750 25.0000 0.5400 189 193 105
-12.0000 -6.5000 1.1000 245 102 79
-9.8125 10.5000 2.4820 143 223 208
14.2500 -14.0000 1.0360 232 83 126
-2.3750 15.0000 1.3570 224 169 49
-3.7500 1.5000 1.2700 229 116 89
-1.5625 -7.5000 1.1030 237 75 117
12.3125 2.5000 4.1230 87 140 254
0.6250 14.5000 5.2410 83 120 225
-22.4375 16.0000 2.0440 164 254 128
-20.6875 10.5000 2.2340 149 252 166
0.9375 -1.5000 1.1870 235 120 85
6.5625 7.5000 4.1020 106 129 237
22.5000 21.0000 0.1370 175 123 148
21.7500 -14.5000 4.2790 91 131 254
-0.6875 -15.0000 6.6030 80 111 196
-6.6875 10.0000 2.0230 169 213 152
-19.0625 16.0000 0.1320 170 105 155
11.8125 6.5000 1.0820 244 102 126
-24.0000 25.5000 4.6140 122 144 199
-19.5000 19.0000 0.1580 186 92 192
-5.6250 -5.5000 1.1000 237 83 108
19.0000 -23.0000 0.9470 232 61 170
-8.5000 22.5000 0.1550 176 133 131
-21.0000 7.5000 0.1480 199 81 172
22.0000 4.0000 1.0080 238 87 113
-5.2500 -15.5000 5.2190 84 117 230
16.1875 1.0000 1.3580 212 165 111
-6.1250 -22.0000 5.4220 85 114 222
-19.4375 7.5000 0.1450 194 64 146
-22.1250 9.5000 0.1430 184 102 160
-1.4375 19.5000 1.2090 230 189 66
1.8125 -3.5000 3.1210 124 164 254
4.7500 -17.5000 3.9950 106 144 238
-8.6250 13.5000 1.2380 234 165 93
-12.6875 -18.5000 1.2320 237 124 92
13.3750 -24.0000 3.2770 118 162 237
-8.3125 -5.0000 1.0460 245 89 131
-13.1875 24.0000 0.1230 179 124 161
-8.8750 24.5000 0.1710 169 150 138
14.1875 5.5000 1.0620 243 89 122
-9.4375 -23.5000 4.4890 114 118 218
-18.2500 -22.0000 1.0800 244 128 91
-15.4375 -23.0000 1.2250 231 140 93
-14.6875 8.0000 2.0140 176 220 128
24.3125 -7.0000 1.1740 219 123 100
23.6250 -12.0000 4.3850 82 144 244
-4.3125 -3.5000 1.1180 238 93 108
-7.2500 9.5000 2.4090 143 217 189
-17.6875 -14.5000 2.4810 134 240 220
18.7500 -19.5000 0.9330 235 66 158
7.9375 17.0000 1.2910 228 171 80
18.0000 -2.5000 4.0840 100 145 248
-16.1250 12.0000 3.0710 104 217 187
23.3125 9.0000 0.1650 175 78 192
1.8125 15.0000 4.6500 96 119 224
23.1875 -5.0000 1.1160 241 102 106
19.2500 -10.5000 1.0980 240 101 124
5.8125 8.0000 5.1540 97 114 210
5.8125 23.5000 0.1380 175 118 183
-6.5625 2.0000 1.2300 242 90 81
9.3125 -9.0000 1.0980 236 108 110
2.1250 16.5000 4.5980 97 120 220
-12.9375 -17.5000 5.0500 102 104 241
-23.1250 -5.0000 0.1080 178 139 167
-2.7500 -8.5000 1.0750 251 70 102
-7.6875 -11.0000 5.2150 84 124 233
-14.1875 5.5000 1.7730 193 189 98
12.8750 11.0000 1.0360 253 91 140
13.3125 16.0000 0.2240 173 109 187
-12.2500 -2.0000 1.0450 254 79 103
15.0000 -21.5000 0.9750 245 80 161
-9.3750 23.0000 0.1230 174 129 131
-18.0625 -21.0000 1.0920 246 130 94
14.4375 -11.0000 1.3210 203 172 109
11.6250 18.5000 0.6500 194 140 107
20.2500 -13.0000 3.7450 90 163 254
21.7500 -9.5000 1.1010 237 97 102
21.3125 -10.0000 1.1250 234 100 108
-16.3125 4.0000 1.2670 221 141 62
6.1875 1.0000 4.4970 92 121 229
-19.6250 23.5000 4.8360 78 178 231
24.4375 11.0000 0.1420 174 118 146
-17.0000 -21.0000 1.0880 242 126 98
6.2500 -0.5000 4.3280 94 123 235
-23.8750 -16.5000 0.1090 165 149 147
-17.5625 13.5000 0.1630 187 121 156
-15.6250 -3.0000 1.1190 241 134 95
-4.8750 25.0000 0.1170 184 124 145
-21.6250 -24.0000 0.1680 183 109 157
-0.1875 -20.5000 5.8450 69 133 205
-2.5000 -22.5000 5.5570 79 148 193
15.8750 6.5000 1.3930 192 185 114
-13.0000 -23.0000 4.1960 108 135 229
-16.1250 -11.0000 4.1070 95 166 249
9.6875 9.5000 1.1380 241 104 93
0.1250 18.0000 1.4790 201 207 71
-6.6875 -15.5000 4.1880 109 124 247
-11.4375 12.5000 0.6030 207 106 149
23.1250 -13.5000 4.3930 95 136 247
24.5000 2.0000 0.9700 240 72 141
23.4375 -1.5000 1.0330 250 86 123
23.6250 5.5000 1.1030 237 122 101
6.5625 -22.0000 3.4670 119 154 254
-1.1875 -19.0000 6.1110 80 133 175
21.1875 -21.5000 0.9510 235 54 162
-15.3750 23.5000 0.1690 179 122 172
-10.9375 2.5000 1.3060 245 113 76
-6.9375 -13.5000 4.3350 100 121 251
-13.3125 14.5000 0.0790 189 106 146
1.6250 -7.0000 1.0790 240 91 107
24.5625 -5.0000 1.1220 235 103 105
-2.3125 2.5000 1.4310 222 171 81
10.1250 -1.0000 4.6630 72 134 241
-10.0000 -13.5000 5.9010 77 112 212
10.1875 4.0000 4.0960 95 120 241
5.3750 -14.0000 1.0750 241 119 109
-13.6875 -20.5000 2.6050 136 230 230
-12.0625 -10.0000 5.6700 73 130 228
12.6250 5.0000 1.6900 170 190 138
-8.0625 18.0000 0.3730 192 124 139
10.7500 -1.5000 4.6850 74 131 232
14.9375 -11.0000 3.8300 101 151 254
18.0000 -15.5000 1.4830 174 195 121
10.1875 13.0000 2.1870 150 220 214
15.1250 24.0000 1.2110 216 254 30
14.0000 12.0000 1.1010 245 107 130
1.3750 19.5000 1.9620 159 251 138
-1.5000 -10.5000 1.1100 241 94 116
6.3125 -19.5000 3.7970 115 147 254
18.8125 11.0000 0.6670 202 101 148
18.8125 0.0000 1.1410 244 115 101
17.7500 -6.0000 4.4110 85 154 223
-7.3125 16.5000 1.1280 216 161 86
-23.1250 -8.0000 0.1790 181 151 134
-16.9375 -21.0000 4.8740 78 144 248
14.0625 -17.0000 0.9740 232 79 141
2.0625 12.0000 4.8170 100 121 217
11.8125 -21.5000 1.5070 187 192 110
-22.3750 11.5000 0.1360 174 106 172
5.0625 -23.0000 3.2460 131 145 237
15.3125 -12.0000 3.7530 102 146 254
24.8125 11.0000 0.1470 166 122 151
18.3125 15.5000 1.0450 209 216 104
4.6250 -10.5000 1.0610 244 95 160
-11.1875 14.5000 0.1500 192 86 151
-19.6875 -13.5000 0.4110 187 144 146
24.8750 9.5000 0.1330 166 113 156
-8.6250 -23.5000 5.1030 99 115 206
22.6875 10.0000 0.1540 176 110 168
11.0625 -8.5000 3.8770 102 141 254
12.0000 -5.0000 4.2880 94 134 247
-11.7500 -2.5000 1.0140 252 70 109
-13.7500 -11.5000 5.8640 76 116 208
22.3750 -11.0000 3.8820 93 168 250
7.1875 -23.0000 5.6730 83 99 205
24.5000 9.5000 0.1320 166 110 161
-7.4375 18.5000 0.2240 176 132 145
14.0000 10.0000 0.9990 246 79 131
-6.5000 11.5000 1.3490 228 158 47
11.1250 -16.0000 1.0020 240 88 129
-23.6875 20.5000 2.4430 145 227 205
1.0000 11.5000 5.2160 86 127 227
-3.3125 16.5000 2.0130 156 234 150
-8.3750 -20.5000 5.4340 80 117 229
-12.6875 -23.5000 4.2080 111 134 221
-18.4375 24.5000 1.0160 226 155 87
-15.0625 -8.5000 4.1210 97 161 243
20.3125 7.0000 1.1250 231 121 101
11.3750 -11.0000 1.0590 235 97 121
12.5625 26.0000 1.4110 183 254 66
3.8125 -18.0000 3.9920 105 147 246
-2.6875 -22.5000 5.5640 79 148 194
-19.4375 -22.0000 1.0610 239 129 85
-9.0625 3.0000 1.3040 245 115 98
9.3750 10.5000 1.6860 181 197 137
-12.8750 -9.0000 1.3050 220 165 84
18.1250 -2.0000 4.0360 100 142 254
12.8750 24.5000 1.0640 216 241 50
17.6875 8.0000 1.3500 200 176 107
-19.7500 -6.0000 0.1380 184 145 155
-4.6875 12.0000 1.2770 237 146 42
3.7500 -2.0000 3.9850 104 143 254
16.2500 21.0000 5.5810 59 254 139
5.8125 9.0000 5.3920 94 113 207
12.1250 -23.0000 5.0280 88 112 236
2.8125 12.5000 1.3990 222 167 94
9.9375 3.0000 4.2180 86 128 243
6.6250 4.0000 4.4380 86 128 241
9.5000 4.5000 4.0860 94 131 245
-21.5625 -10.5000 0.3030 192 153 133
20.6250 -18.0000 0.9800 235 61 125
16.1250 -22.0000 0.9710 250 77 155
6.6875 4.5000 4.3970 90 132 241
20.5000 -20.0000 0.9410 241 73 177
-22.2500 19.5000 1.4950 204 216 69
-11.0000 8.0000 1.6320 206 201 76
-5.3125 23.0000 0.1340 195 114 149
17.6250 18.0000 0.1090 191 119 157
-15.2500 25.5000 0.8700 203 172 71
-19.1250 10.5000 2.0680 165 254 141
21.8125 -9.5000 1.0970 237 96 103
9.6250 26.0000 0.1630 182 126 179
-6.8125 23.5000 0.1120 185 120 160
19.3125 1.5000 1.0710 252 99 113
8.1875 8.5000 2.0900 167 202 180
-12.1875 -2.5000 1.0440 250 75 106
-5.3125 8.5000 5.8330 87 118 206
2.2500 12.0000 4.9020 100 119 217
5.5625 16.5000 1.1740 231 121 89
2.8125 -14.5000 2.8540 131 203 247
-14.6250 3.5000 1.5790 200 186 105
-21.7500 7.0000 0.1380 200 96 171
12.3125 22.5000 0.5520 204 176 103
-21.8750 6.5000 0.1330 198 99 170
-5.5625 -19.0000 5.1840 86 121 225
19.8125 18.5000 0.2120 188 126 167
2.6875 2.0000 4.3570 101 115 229
0.3125 13.5000 5.1070 87 120 225
-9.5625 10.0000 1.4840 216 193 73
-19.1875 -8.0000 0.1490 186 129 150
-11.6250 20.5000 0.1470 192 148 114
-8.1250 -17.0000 4.2130 109 125 243
-1.9375 -4.5000 1.0970 245 87 124
14.8750 10.0000 1.0140 233 96 129
4.1875 -19.0000 3.9230 108 144 240
-13.8750 -5.5000 1.1450 235 138 92
19.4375 15.5000 1.0640 203 186 75
-20.1250 -10.5000 0.3130 188 148 148
11.9375 0.5000 4.3390 80 144 239
-23.6250 -8.0000 0.1440 178 143 139
24.7500 7.5000 0.2610 175 87 166
9.1250 -15.0000 1.0140 241 89 136
-10.3750 -15.0000 5.7260 77 102 209
20.5000 14.0000 0.1600 166 114 196
-19.5625 -18.5000 1.0760 241 151 86
-23.0625 -14.0000 0.1330 182 150 146
10.4375 24.5000 0.3320 193 130 157
4.8125 -24.0000 3.1900 132 147 227
-18.8125 -19.5000 3.0640 136 198 250
-13.6875 -7.0000 1.3070 220 172 84
4.6250 5.0000 6.0110 82 92 201
6.0000 2.5000 4.6580 88 121 233
-23.0000 26.0000 4.8290 114 148 202
2.6875 -4.5000 3.0440 132 176 254
18.3125 0.0000 1.5980 193 184 126
21.1875 -13.5000 4.0090 87 145 254
-24.1250 -4.0000 0.1410 176 151 166
3.8750 11.0000 5.3840 87 110 223
-13.9375 -14.0000 5.5260 84 105 218
-0.1250 -0.5000 1.2410 229 135 87
21.1250 4.0000 0.9920 241 74 108
-20.6250 10.0000 0.1550 193 78 177
2.5625 4.0000 6.2200 79 100 209
12.1250 -8.5000 3.8670 108 146 240
10.5625 14.0000 1.2440 230 134 82
10.6875 -21.5000 4.9340 82 112 254
-20.6250 -11.0000 0.3450 191 160 148
-17.5625 16.0000 0.1350 179 135 149
-15.8125 -22.0000 1.1030 249 108 102
-7.6875 -3.5000 1.0730 254 85 127
10.0625 -2.5000 4.4710 82 129 242
2.1250 20.0000 4.4760 77 165 208
-17.4375 -12.5000 4.0260 87 184 226
-2.1875 3.0000 5.1760 92 112 223
2.1250 -21.5000 3.4050 135 179 229
4.3125 4.0000 4.6110 94 115 234
-18.8750 8.5000 2.1480 154 243 157
-10.1875 -19.5000 4.2530 103 134 254
-6.3750 -3.0000 1.1230 240 93 117
-19.0000 3.5000 0.1530 188 81 174
22.2500 -6.5000 1.0980 239 99 89
11.1875 -14.5000 0.9950 238 87 134
-15.2500 7.5000 2.0280 174 217 129
-20.9375 16.5000 3.0100 117 238 213
17.1250 8.0000 1.3350 205 176 104
18.8125 -13.0000 1.0880 238 98 122
-7.8125 -9.0000 4.9840 84 117 249
-1.0000 -21.0000 5.7730 73 142 183
1.7500 -20.5000 3.9910 114 170 217
16.0000 16.5000 0.3360 198 133 146
-3.9375 -22.0000 5.5580 94 123 206
-13.6250 -5.0000 1.1240 239 137 94
-1.7500 -19.5000 5.8250 79 143 178
-6.6250 11.5000 1.3950 223 165 50
-16.6875 26.0000 0.9780 207 177 74
-2.5625 22.5000 0.1140 204 104 168
24.1250 -8.5000 1.6170 182 186 124
-15.8750 -8.5000 3.9600 104 160 246
6.0625 -22.0000 3.5300 119 150 249
-23.8125 4.5000 0.1400 179 120 172
23.4375 -10.0000 1.8860 157 226 168
-12.4375 -23.0000 1.1550 243 102 78
-13.5625 22.5000 0.1530 183 126 143
-7.8750 24.5000 0.1590 170 147 134
-6.5625 -10.5000 3.5090 121 162 254
5.6250 22.5000 0.1550 170 102 154
11.6875 -16.5000 0.9990 230 76 129
-21.5000 -6.5000 0.1590 186 144 160
1.4375 25.0000 0.1440 186 120 142
-5.1250 12.0000 1.7010 191 199 93
2.6875 -5.5000 1.1270 234 122 116
-4.8750 0.0000 1.1810 248 96 94
-22.0625 7.5000 0.1440 194 86 178
19.3750 7.5000 1.2520 221 168 90
-20.5625 -16.0000 1.2010 223 240 73
22.1250 1.0000 0.9670 250 85 133
20.3750 26.0000 0.1150 177 163 110
-0.3125 -9.0000 1.1100 236 94 126
-23.9375 -19.5000 0.1380 178 122 161
21.1250 -14.5000 4.1330 84 140 254
-8.0625 12.5000 1.3010 237 159 60
0.4375 -16.5000 6.6550 75 114 188
6.2500 -16.0000 1.0850 245 122 109
-18.1250 5.5000 0.2260 193 53 149
-0.1250 5.5000 6.0590 87 95 210
19.3750 -11.5000 1.1000 238 101 120
14.1250 -2.5000 4.4340 96 132 243
11.1875 -20.0000 1.0540 240 102 143
0.4375 23.0000 0.2870 207 115 144
21.1875 -1.5000 1.0850 243 94 120
19.6875 -12.0000 3.4700 95 181 254
10.5625 8.0000 1.1180 248 100 84
-12.5000 5.5000 1.6330 210 176 87
-23.0000 20.0000 2.5260 143 241 209
22.1250 10.5000 0.1500 174 109 181
8.6250 -14.0000 1.0070 237 109 140
-8.3125 -23.0000 4.2680 114 125 232
-23.9375 12.5000 0.2480 179 115 171
-21.1875 12.0000 2.0990 159 254 146
6.3125 12.0000 1.2000 243 119 81
-18.3750 -19.0000 3.3580 125 178 248
-12.7500 -22.0000 4.1870 105 140 240
-4.8750 -6.5000 1.0690 242 79 106
14.0625 0.0000 4.2460 94 135 245
6.3125 6.0000 4.2350 94 138 250
12.6875 9.0000 0.9840 252 73 132
7.2500 -12.0000 1.0310 242 87 145
4.0000 -11.5000 1.0480 246 84 142
-2.5000 -6.5000 1.1060 241 91 125
-20.0625 12.0000 2.0780 162 251 139
11.0625 25.0000 0.3020 183 156 158
-6.1875 20.5000 0.1510 185 97 147
-18.1250 -23.5000 5.0680 86 139 225
21.0625 -23.0000 0.9240 230 46 164
-24.1875 10.5000 0.1460 177 108 167
16.0000 24.5000 0.2610 167 167 151
1.5625 21.5000 1.2210 209 209 81
-0.3125 -24.0000 3.2600 145 164 208
15.8125 2.0000 1.2440 231 140 98
11.1875 -7.5000 3.9350 105 133 249
-6.3750 13.0000 1.6160 201 195 92
-18.4375 0.5000 1.2650 213 210 84
14.6250 -3.5000 4.5330 96 129 234
-3.7500 -22.5000 5.4990 96 123 203
5.1875 -8.0000 1.0660 227 92 121
-7.4375 13.0000 1.3110 233 167 62
-8.2500 6.5000 1.4410 224 148 73
-11.6875 2.5000 1.3520 241 124 75
-11.7500 5.0000 1.5450 224 164 67
-21.1250 13.5000 2.0820 170 254 119
12.0625 23.5000 1.0470 220 236 49
-4.5625 21.5000 0.1700 190 96 165
20.8125 -4.0000 4.0420 97 151 254
-21.6250 -13.5000 0.3050 201 150 135
23.5625 -18.5000 1.0410 247 87 148
-9.0625 0.5000 1.2210 243 109 92
7.1875 -13.0000 1.0600 240 97 136
-12.4375 11.0000 1.0260 240 143 69
-11.2500 6.5000 1.6100 209 172 83
-11.7500 -1.5000 1.0720 249 68 97
-6.8750 -10.5000 5.0740 85 122 245
-8.8750 -3.0000 1.0660 254 86 134
14.3125 -6.0000 4.3800 101 124 229
24.5625 -4.5000 1.1340 233 104 107
16.7500 -7.0000 4.4140 83 154 235
-14.0625 24.0000 0.1520 175 121 157
8.6250 -12.0000 1.0390 238 91 138
-22.7500 -7.0000 0.1750 180 144 138
-10.7500 -20.5000 4.2390 100 140 246
23.0000 -19.5000 1.0040 254 64 151
25.6250 2.5000 1.0540 246 102 91
21.2500 4.0000 1.0110 235 87 119
20.6875 22.5000 0.1390 197 142 129
-11.8125 -20.0000 4.1860 102 144 250
-19.5000 -5.0000 0.1250 189 125 155
6.2500 22.0000 0.1720 181 101 180
-0.9375 19.5000 1.2600 221 188 62
5.4375 -15.5000 1.1420 237 120 103
-19.1875 -16.5000 5.0170 76 157 226
-12.0000 -4.5000 1.0820 249 82 99
19.1875 -10.0000 1.1020 242 102 121
2.0625 -22.0000 3.4330 130 163 243
18.8750 -19.5000 0.9390 235 68 156
14.1875 -6.0000 4.3710 101 124 230
16.6250 -15.5000 1.0210 243 89 138
-21.3125 4.5000 0.1450 185 92 157
-21.3125 13.0000 2.0440 174 254 108
-0.2500 -1.5000 1.1980 231 112 98
9.6250 -20.0000 1.8770 154 208 177
14.6250 0.5000 4.1920 100 140 238
-9.3125 21.0000 0.1100 185 135 160
-20.8750 14.5000 2.0560 169 254 116
13.8125 -13.5000 1.0190 236 76 129
4.6875 -17.0000 4.0160 107 144 237
14.3750 -13.0000 2.9360 119 187 254
11.0625 -21.5000 4.8980 83 112 254
17.9375 -15.0000 1.4980 183 202 131
16.8125 2.0000 1.4740 202 191 121
5.3125 25.5000 0.0850 170 122 173
21.0000 16.0000 1.0270 206 226 71
-22.3125 -22.5000 0.1780 187 112 173
-11.1250 -14.0000 5.7990 74 101 212
7.7500 -16.0000 1.1820 238 141 98
-4.8125 6.5000 5.5140 95 111 220
-8.4375 -4.5000 1.0200 254 75 132
10.5000 10.5000 1.0950 253 88 92
0.1875 -1.5000 1.2030 232 124 87
-18.8750 -15.0000 1.2470 209 205 80
16.3125 1.0000 2.8210 142 189 254
-19.6250 12.0000 2.0700 164 254 133
21.0625 -18.0000 0.9700 231 59 127
-3.3125 8.0000 6.0900 78 117 211
-11.8125 15.0000 0.1920 193 91 150
-6.0625 -17.0000 4.1930 111 128 238
8.6250 -6.5000 1.6510 176 200 110
15.1250 5.5000 1.7570 166 218 178
-23.3750 22.0000 1.5820 198 209 112
-8.3125 26.0000 0.1500 159 146 137
15.3750 0.5000 4.0560 104 137 254
-13.3750 20.0000 0.1170 192 133 115
-20.0000 20.0000 1.0940 248 157 64
-13.5625 24.0000 0.1420 179 127 161
12.5000 9.5000 0.9730 254 82 141
17.5625 3.0000 2.1480 145 213 209
-14.3125 15.0000 0.1480 189 134 138
7.4375 -11.5000 1.0380 238 90 148
18.2500 -5.0000 4.3030 88 143 247
-23.6875 15.5000 1.9960 169 254 131
-10.8750 -5.5000 1.1100 238 104 86
11.0625 -22.5000 5.1150 87 108 246
15.2500 10.0000 1.0280 235 99 123
-11.6250 2.5000 1.3170 246 117 75
15.5625 -12.5000 2.3870 138 219 254
24.9375 -6.0000 1.1120 223 103 99
10.6875 19.0000 5.1970 71 195 189
21.8750 -5.0000 2.3950 142 220 246
-7.9375 19.0000 0.1630 175 127 152
13.0000 -5.0000 4.3780 103 122 234
-1.1875 1.5000 1.2200 242 123 98
3.0000 -19.5000 3.9720 110 147 244
-21.5625 12.0000 3.0820 104 211 218
-5.5625 -10.0000 1.3380 223 162 91
18.9375 -15.0000 4.3710 86 119 254
-12.3750 -22.0000 4.1870 103 141 241
12.3125 17.0000 5.5640 61 206 182
-0.8750 7.0000 6.2570 86 95 202
-0.6250 14.5000 2.9230 127 191 233
18.8750 -14.5000 1.0720 237 96 130
-17.3750 -23.5000 1.0700 231 102 94
8.3750 -7.0000 1.6460 170 200 119
2.3750 15.0000 4.6570 98 127 224
25.1875 0.0000 0.9950 233 79 134
-9.2500 3.0000 1.2990 245 114 98
10.9375 -0.5000 4.5290 72 134 240
0.6250 6.5000 6.3890 83 89 200
-3.0625 17.0000 1.9900 158 238 149
19.9375 -4.5000 4.1390 91 150 254
-2.1875 19.0000 1.1360 238 177 72
-3.6250 13.5000 2.2330 152 216 182
-16.2500 -21.0000 1.1080 247 107 110
-20.4375 -10.0000 0.3030 194 150 130
13.0000 -3.5000 4.5830 92 130 245
-13.9375 -11.0000 4.4630 91 150 232
-1.8125 26.0000 0.1250 195 124 132
16.7500 -2.5000 4.2090 103 140 245
11.0000 -8.5000 1.1510 227 122 97
24.6250 -3.5000 1.0930 234 92 119
-21.5000 5.5000 0.1420 184 91 164
13.7500 18.5000 0.1500 166 134 183
-14.5625 16.0000 0.1400 197 143 121
-2.1875 2.0000 1.3730 231 158 77
9.1250 11.5000 1.3690 213 158 90
-22.5000 13.5000 2.0470 174 254 122
-7.8750 18.5000 0.1530 177 120 153
-11.5625 -4.0000 1.0920 251 85 97
15.5625 8.5000 0.9740 244 80 135
13.5625 7.5000 0.9920 252 77 125
-10.1250 -12.0000 5.7250 79 121 211
0.8125 -21.5000 1.7800 189 228 125
13.6875 -18.5000 0.9870 240 80 132
-6.9375 11.0000 2.3060 159 209 181
21.1875 21.5000 0.1310 179 129 157
-21.4375 -4.0000 0.2090 188 142 150
9.8125 6.0000 1.2640 225 133 77
-3.3125 11.0000 6.0880 77 128 195
22.8125 -24.0000 0.8870 219 52 176
-1.8750 -23.5000 5.5450 93 121 185
-7.0000 -21.0000 5.2800 90 117 229
14.6250 -18.5000 0.9460 231 58 150
8.5000 -6.5000 3.8660 110 128 235
-8.8750 -9.5000 5.1550 84 115 250
14.3750 -14.0000 2.5420 125 208 250
-3.0625 23.0000 0.1420 202 114 164
-10.8750 -13.0000 5.9940 73 121 203
-3.9375 -8.5000 1.0830 243 77 103
-7.2500 6.0000 5.0260 102 103 217
-5.5625 -17.0000 4.2160 109 128 236
6.1875 17.5000 2.0470 157 221 183
-18.4375 20.5000 0.1300 174 90 179
13.0000 -15.5000 0.9820 247 77 131
-17.3750 -20.5000 1.0850 243 126 101
8.4375 -14.5000 1.0580 236 121 131
-0.0625 20.0000 1.3250 210 219 73
5.6250 15.5000 1.0550 244 104 105
-22.8125 18.5000 1.9770 168 242 147
-20.1875 -1.0000 0.1260 192 127 145
6.9375 23.0000 0.1220 181 112 186
-19.0625 -11.0000 0.5520 207 147 128
-8.8125 -24.0000 4.2300 122 117 221
-17.6250 -6.0000 0.8400 232 150 88
18.1250 9.0000 1.0620 234 110 117
2.3125 3.5000 6.0760 83 120 203
-13.0625 -10.0000 5.8050 69 127 216
11.7500 -5.5000 4.2390 92 141 233
6.1875 7.0000 5.3730 92 113 208
9.1875 13.5000 2.1390 150 226 212
-21.0000 10.0000 0.1380 192 76 178
-6.2500 -16.0000 4.1790 108 126 242
19.6250 -12.0000 3.4910 95 180 254
8.3125 0.0000 4.6450 84 116 221
7.5625 3.5000 4.3530 91 123 232
-23.6250 -14.5000 0.1350 177 154 145
18.5000 -20.0000 0.9110 233 63 169
4.1875 16.0000 2.0310 160 214 188
-9.5625 -16.0000 3.6740 120 132 254
-16.6250 -16.0000 1.2120 222 144 82
-20.0625 3.0000 0.1480 194 107 181
-16.6875 16.5000 0.1440 184 143 128
-21.5000 21.5000 1.2810 235 175 63
15.4375 -1.0000 4.1710 99 139 254
-17.5000 2.0000 1.1530 215 198 52
3.7500 21.5000 1.0840 221 152 92
19.0000 -14.5000 4.7770 79 114 254
4.8125 6.0000 5.8110 84 94 205
-11.3750 -13.5000 5.8390 78 114 207
1.8125 24.5000 0.1410 190 115 146
-23.0000 6.0000 0.1510 177 104 165
-1.9375 3.0000 5.1830 92 111 222
-5.3750 13.0000 1.3480 223 169 51
-19.9375 -2.0000 0.1410 176 130 153
-17.3125 5.5000 0.7680 231 145 99
5.6875 21.5000 0.5650 206 121 160
-0.2500 -9.0000 1.1030 238 93 125
2.6875 -3.5000 3.1110 130 173 254
15.4375 -8.0000 4.2040 90 145 240
-16.6250 -11.5000 4.0790 89 172 235
11.1250 15.0000 2.4400 136 225 233
-19.4375 6.5000 0.1350 183 72 158
11.1250 3.5000 4.0980 96 120 235
-21.9375 -18.5000 1.9400 151 254 162
-22.6875 10.0000 0.1290 181 102 163
6.6875 12.0000 1.1750 246 113 80
-6.7500 8.0000 5.5380 96 121 203
4.6250 20.5000 1.2340 221 180 76
3.8125 7.5000 5.6260 84 110 211
-11.6875 -0.5000 1.1280 251 80 88
-1.1875 7.0000 6.2180 85 97 204
13.4375 -20.5000 0.9980 242 81 135
-11.8125 21.0000 0.1410 191 147 117
12.1250 -3.0000 4.6030 96 125 240
-16.0625 -9.0000 3.9810 104 161 247
1.1250 8.0000 5.9410 79 114 218
-1.1250 -10.0000 1.1000 241 89 113
-14.0000 5.0000 1.7010 198 183 86
-22.6250 1.5000 0.1360 183 121 171
-23.3750 -16.0000 0.1420 170 144 147
11.5000 2.5000 4.1750 89 125 230
-18.9375 0.5000 0.1160 198 95 163
-13.9375 14.0000 0.1560 190 136 137
-22.1875 25.5000 4.9730 101 153 211
-8.5000 -22.0000 5.0340 90 124 225
-2.1875 7.5000 6.1870 76 116 208
-21.7500 9.5000 0.1550 186 101 158
-7.8125 -1.5000 1.1480 247 100 122
6.5625 0.5000 4.4590 93 120 231
-16.8125 -2.5000 0.8620 224 131 111
13.4375 21.0000 0.5630 198 185 104
9.7500 20.5000 1.0820 214 200 45
-23.1875 -22.5000 0.1630 180 120 165
8.5625 19.5000 1.1660 213 185 47
-14.9375 -16.5000 5.0170 89 116 227
-19.1250 15.5000 3.0450 117 223 194
13.4375 14.0000 1.1690 241 143 89
-5.3125 -6.5000 1.1230 239 92 101
-1.1250 9.5000 6.0300 81 123 205
19.1875 -22.5000 0.9210 239 57 174
16.9375 18.0000 0.1240 184 116 164
8.1875 -20.0000 5.0490 86 100 240
23.6250 -16.5000 5.0390 89 106 253
-6.3125 17.5000 1.0600 232 143 78
11.5000 1.0000 4.2960 90 130 230
20.2500 -18.0000 1.0100 238 68 120
21.1875 16.5000 1.0230 199 234 68
-10.0625 -5.0000 1.0570 245 85 143
-14.0000 -9.5000 1.0850 242 119 86
-21.0000 15.5000 2.0390 166 254 116
-7.8750 -4.0000 1.0800 254 86 127
-3.1250 -24.0000 5.4300 107 120 185
21.5625 -5.5000 2.3210 148 217 241
-1.6250 23.5000 0.1080 204 100 162
-13.5000 -10.0000 4.4420 91 142 239
17.2500 15.5000 0.5040 198 155 150
-11.1250 9.5000 1.6360 196 198 80
13.8125 -13.5000 1.0720 230 97 122
16.6875 -2.0000 4.1680 106 140 246
-1.5000 -5.5000 1.0740 236 81 135
-8.1250 -14.5000 4.1080 104 125 254
-17.6875 19.0000 0.1500 170 99 157
6.4375 -23.0000 5.7440 84 98 205
24.9375 -4.5000 1.1220 233 101 107
-10.8125 1.5000 1.2310 240 101 81
-11.1875 -22.5000 4.2210 103 136 234
3.2500 -9.0000 1.0680 239 82 125
1.4375 -18.5000 6.8800 75 100 190
13.6875 -22.5000 1.8340 164 227 178
-18.6250 24.5000 5.1600 75 170 231
2.8125 1.5000 4.3050 102 120 232
20.9375 12.5000 0.1490 153 100 187
-21.2500 23.5000 4.6360 91 168 232
-6.8125 20.0000 0.1660 181 110 145
3.8750 -22.0000 3.7200 112 149 242
18.1875 9.5000 1.0920 224 123 103
21.8750 16.5000 0.1150 167 105 187
22.8125 -14.5000 4.5260 84 127 254
-6.3750 -21.0000 5.4050 84 114 228
22.6875 -22.5000 0.9070 237 55 169
11.1875 -12.5000 1.0010 244 91 134
0.6875 19.5000 1.4200 201 232 73
8.0000 -11.0000 1.0170 241 83 143
-5.8750 9.0000 5.8950 87 117 204
-3.5625 2.0000 1.3070 238 136 86
21.3125 -19.5000 0.9550 230 80 184
-7.3125 13.5000 1.2610 233 152 72
7.6875 -16.5000 1.4260 204 181 98
-17.1875 22.0000 0.8270 224 144 93
10.2500 10.0000 1.1110 248 91 92
6.0000 18.0000 3.2490 124 176 254
13.6875 12.5000 1.1340 240 114 129
-23.1875 5.0000 0.1340 180 112 171
25.3750 -4.5000 1.1190 232 100 106
3.2500 -6.5000 1.0980 239 107 114
8.3125 -19.5000 4.8810 88 105 242
3.1875 -5.5000 1.1190 235 113 116
-0.0625 -17.5000 6.9120 75 98 196
18.3125 -17.5000 0.9630 232 54 142
-18.7500 25.5000 5.4720 77 165 215
15.0000 8.0000 0.7900 236 56 173
10.1875 -1.5000 4.6440 74 133 237
-10.0000 15.5000 0.2340 188 111 160
9.1250 -12.0000 1.0540 240 96 132
3.8750 -19.5000 3.9140 110 142 237
14.8125 10.5000 1.0240 239 89 128
-7.2500 -23.5000 5.2080 96 102 210
0.9375 -2.5000 1.1700 232 106 89
17.9375 14.5000 1.0620 212 186 72
-12.4375 2.5000 1.3490 241 122 79
17.8750 18.0000 0.1820 194 128 153
10.8125 5.0000 4.0120 95 131 245
3.9375 18.0000 1.3600 221 176 73
-2.8750 -10.0000 1.1630 245 103 86
12.1250 -22.5000 4.9660 87 113 242
12.5000 22.0000 0.5750 206 180 91
12.0000 -13.5000 1.0190 243 95 138
-22.5625 -12.0000 0.1880 185 141 154
19.1875 -1.5000 2.0110 167 206 199
3.1875 11.0000 5.0510 90 112 229
-3.6250 4.0000 5.1120 100 106 230
-24.0000 23.0000 1.5490 193 194 114
3.5625 -13.0000 2.0540 150 217 200
-3.8125 10.5000 6.2310 77 118 190
0.8750 -3.0000 1.1620 237 105 87
-5.6875 17.5000 1.1710 227 171 69
9.1250 -2.5000 4.3870 87 131 235
6.9375 -22.0000 5.5460 77 106 221
13.5000 -6.5000 4.2050 101 131 238
-5.2500 -9.0000 1.3730 218 173 96
8.1875 15.5000 1.2040 225 144 76
-1.8125 19.0000 1.1920 241 178 65
22.6875 -3.0000 1.0830 249 92 117
3.5625 -17.0000 6.4420 81 120 193
7.6250 -20.0000 3.7940 108 145 251
-17.3750 5.0000 0.4610 211 95 126
20.1875 -5.5000 4.2360 84 151 254
21.4375 -12.0000 3.8410 94 169 252
17.7500 -16.5000 0.9790 230 68 149
-24.0000 -8.5000 0.1450 176 146 137
-0.1250 18.5000 2.2570 149 244 179
-12.0625 15.5000 0.1130 195 105 147
4.1250 -4.5000 3.0410 129 177 254
14.7500 -17.0000 0.9410 241 78 167
-11.2500 1.0000 1.2010 247 95 81
-11.2500 5.5000 1.5450 223 164 67
8.8750 -22.0000 5.2750 88 97 237
-13.1875 -9.5000 1.1350 239 119 82
5.3750 2.5000 4.6780 89 124 226
-6.1250 -11.5000 4.1270 108 138 250
-23.3125 24.5000 4.5430 110 154 214
-5.9375 11.0000 1.5190 212 186 59
-20.3750 8.0000 0.1390 200 79 172
-16.3125 6.5000 2.1420 162 209 153
-7.5625 20.5000 0.1440 184 141 150
7.9375 11.0000 1.6480 190 193 107
-8.8750 3.0000 1.3170 244 119 97
19.2500 -14.5000 4.6740 81 115 254
-1.3750 4.0000 5.4620 101 101 214
17.0625 -15.5000 1.0370 240 93 135
19.5625 -14.5000 1.4540 186 196 110
-23.1250 15.5000 2.0190 167 254 129
20.1250 4.0000 1.0390 246 84 106
5.5000 7.0000 5.4910 95 112 208
-10.6250 19.0000 0.1220 189 130 152
-7.2500 -17.5000 4.2090 102 136 227
-23.7500 13.0000 2.0500 174 245 127
-9.1250 17.5000 0.1490 187 109 148
-0.1875 16.0000 2.0550 154 229 164
20.1875 7.0000 1.1360 230 125 100
-20.8750 -14.5000 0.1340 187 110 152
2.7500 -12.0000 1.1020 241 95 135
18.1250 -16.0000 1.1120 222 105 126
16.8125 -13.0000 3.8610 99 140 254
1.4375 -20.0000 4.1000 111 169 217
1.8750 23.5000 0.2100 205 106 142
-1.4375 -15.0000 6.6550 76 80 192
-19.0625 17.0000 0.1240 163 124 160
-13.9375 -24.0000 1.2470 224 131 87
-0.9375 -22.5000 5.6650 82 124 195
-9.5625 6.5000 1.5090 228 172 75
19.3125 3.0000 1.0520 253 93 118
-12.5000 10.0000 1.6600 196 214 83
-13.3750 1.5000 1.2950 229 133 84
-20.3125 4.0000 0.1550 180 106 181
-2.8750 -19.5000 5.7960 73 130 217
-15.8750 -24.0000 1.0680 232 94 85
22.5625 10.5000 0.1440 176 108 175
-0.9375 -14.5000 6.5260 80 109 202
-17.4375 3.0000 0.2130 195 76 151
7.2500 24.5000 0.1120 176 119 179
12.5000 12.0000 1.0730 247 98 141
24.5000 -9.0000 4.2750 97 120 237
17.9375 18.0000 0.1580 193 124 155
0.9375 7.0000 6.1980 83 101 211
-7.1250 17.5000 0.6660 232 145 103
7.5625 0.0000 4.5000 87 121 228
7.5625 9.5000 3.8340 112 125 234
5.6250 9.5000 3.5290 129 147 234
-22.8750 -19.5000 0.1530 186 113 155
-5.1250 22.5000 0.1590 198 121 141
7.4375 18.5000 1.2230 223 186 74
-2.0625 10.5000 5.9320 78 128 199
-22.8125 8.5000 0.1490 190 89 184
-19.0625 26.0000 5.4760 76 166 217
19.1250 -22.0000 0.9500 242 64 168
4.5625 8.0000 5.3870 86 112 216
-9.7500 -10.0000 5.3310 89 108 237
9.6250 -1.5000 4.5240 77 133 241
-3.3125 14.0000 2.0930 159 218 166
-21.5625 4.0000 0.1310 192 100 162
-7.2500 12.0000 1.7230 195 208 99
-9.7500 -10.5000 5.3680 89 96 233
23.3750 3.0000 0.9970 251 84 131
1.8750 -20.0000 4.0380 120 166 207
-1.8125 14.0000 5.1760 82 132 209
-2.1250 21.5000 0.5600 208 164 113
5.4375 -17.5000 3.9340 104 144 239
12.8125 -2.5000 4.5400 94 129 245
-10.1875 -1.0000 1.1220 243 70 92
-5.7500 5.0000 1.4340 228 157 83
-16.2500 -15.0000 5.0930 90 119 227
-7.3125 25.0000 0.1580 167 153 141
-15.8750 3.0000 1.3300 221 156 70
-12.5000 25.0000 0.1270 175 123 158
19.4375 12.5000 0.1460 160 88 209
4.5625 -4.5000 3.0630 125 160 254
-1.4375 16.0000 4.5210 89 143 201
-24.0625 -2.0000 0.1190 169 139 137
-15.2500 6.5000 1.9940 177 199 135
11.1250 17.5000 0.5110 190 104 145
10.6875 25.5000 0.4100 185 171 140
17.0000 7.0000 1.4190 189 196 113
-21.6875 -15.0000 5.1070 60 217 179
19.7500 11.0000 0.4030 182 89 177
-12.6875 16.0000 0.1390 195 113 149
15.8125 14.0000 0.4760 197 110 199
0.1875 17.5000 4.4980 88 154 227
14.9375 2.5000 2.3080 131 206 233
12.4375 -18.0000 1.0030 238 81 134
-7.5000 2.0000 1.2620 249 100 90
9.0000 0.5000 4.5340 80 125 230
0.5000 -11.5000 1.3190 214 153 94
9.0000 6.5000 1.2400 232 124 89
14.4375 -15.5000 1.0070 241 84 126
-15.0000 -14.5000 5.2650 82 116 230
21.5625 -12.5000 3.9610 90 166 253
-9.5000 23.5000 0.1390 172 137 135
14.5000 -9.5000 3.9560 110 136 243
5.3125 8.0000 5.3170 92 101 213
22.1875 6.5000 1.1000 235 120 106
3.6875 2.0000 4.4180 98 113 233
24.8125 -10.0000 4.3120 100 118 234
-7.6875 -18.5000 4.2110 107 131 236
-7.5000 -0.5000 1.1670 251 92 87
5.1875 19.0000 1.2310 225 159 76
20.5000 -22.0000 0.9460 239 69 166
0.0625 18.0000 1.3860 210 197 62
5.0000 10.0000 1.3350 222 152 77
10.1875 -9.0000 1.0960 239 109 103
-19.9375 22.5000 4.5450 95 166 222
-21.1250 1.5000 0.1200 196 103 181
-18.5625 9.5000 2.1640 154 235 159
22.7500 -3.0000 1.1020 247 98 114
-18.2500 -11.5000 3.8750 92 194 234
1.7500 12.5000 4.8350 104 111 219
6.3125 19.5000 1.1710 227 177 58
21.6875 17.0000 1.0040 195 221 58
-1.0625 2.0000 5.1050 95 108 213
-8.8750 -13.0000 5.7160 77 117 218
-19.8125 16.5000 0.1290 171 102 171
3.0000 19.0000 1.1950 229 161 74
22.2500 -15.5000 4.5730 81 129 254
-8.1250 19.5000 0.1630 187 149 146
-5.8750 23.5000 0.1160 190 115 158
-10.9375 -18.5000 4.1850 107 127 244
21.1875 -4.0000 4.0730 96 150 254
14.6875 12.0000 1.1420 240 139 127
8.4375 -9.5000 1.0140 244 88 134
-11.5625 26.0000 0.1370 172 140 132
-7.4375 -6.0000 1.0750 244 91 119
-18.0625 0.0000 1.1470 229 185 80
12.8750 -20.0000 0.9820 239 76 143
-9.5000 0.0000 1.1820 249 95 94
-12.0000 -18.0000 1.2520 237 131 86
6.6250 9.0000 1.6260 196 187 110
19.2500 16.5000 1.0480 214 245 72
20.3125 -23.5000 0.9240 227 46 164
-12.1875 -5.0000 1.1180 235 107 89
14.5625 14.0000 0.7070 217 71 154
-16.9375 18.5000 0.1820 171 134 135
-20.6875 -0.5000 0.1010 194 120 155
-15.8750 20.5000 0.1420 175 147 168
0.4375 14.0000 5.4310 80 121 219
-13.3125 -11.0000 6.0200 70 141 209
9.0625 -9.5000 1.1030 234 109 111
0.9375 3.5000 5.8150 79 110 214
-22.3125 8.5000 0.1400 193 85 184
5.1875 1.5000 4.5290 101 104 228
17.4375 -11.5000 4.0720 100 131 254
16.3750 -1.5000 4.1800 96 138 254
11.1875 4.5000 3.9940 100 116 236
-9.8750 -21.5000 4.3400 106 132 250
19.0625 10.0000 1.0280 228 114 103
-24.0000 -22.0000 0.1430 174 125 164
0.1250 -19.0000 7.2080 76 91 192
11.6875 1.5000 4.2190 85 133 249
11.7500 6.5000 1.0840 244 102 125
-16.1250 6.0000 2.0180 175 200 141
-16.5000 -1.0000 1.7150 172 216 113
22.5625 -19.0000 1.0070 251 74 157
18.8125 -18.5000 0.9780 239 59 129
7.2500 -12.5000 1.0560 242 95 139
-23.8125 9.5000 0.1380 180 105 165
-11.3750 -1.5000 1.0800 247 69 96
-3.0625 -8.5000 1.0640 250 65 106
-3.3750 -7.0000 1.0730 238 81 133
12.1250 18.0000 0.6210 187 156 163
-18.2500 -10.0000 1.9010 157 254 141
-20.6250 11.5000 2.0760 161 254 144
18.1875 -6.0000 4.4140 81 148 249
-2.5625 -4.5000 1.0970 246 88 126
-22.1250 22.0000 1.4850 212 207 84
18.5000 14.5000 1.0620 205 178 82
-23.6250 15.5000 2.0110 168 254 131
9.1875 3.0000 4.2920 87 126 241
11.6250 -19.5000 1.0400 238 97 146
-11.7500 -20.5000 4.2990 97 141 251
20.1875 20.0000 0.1580 191 127 164
3.5625 15.0000 5.7340 79 116 225
-4.1875 -11.0000 4.3840 107 128 229
11.9375 -18.0000 0.9980 234 78 139
10.3750 5.5000 2.0570 162 202 187
-9.2500 1.0000 1.2600 248 117 97
-1.3125 6.0000 5.9840 83 101 212
3.0625 -22.5000 3.6860 114 149 237
15.1250 14.5000 0.3630 185 110 216
-22.5000 -9.0000 0.1520 175 142 142
-4.6250 -9.5000 1.3540 220 164 92
6.3750 22.5000 0.1340 181 113 186
3.7500 4.0000 6.4080 76 92 202
-12.0000 17.5000 0.1680 194 132 150
-1.4375 16.0000 4.5110 90 143 201
14.2500 9.0000 0.9530 249 70 133
-19.5625 -22.0000 2.1130 155 243 183
-22.7500 7.0000 0.1430 195 104 175
-23.8125 6.0000 0.1320 187 118 172
16.1250 7.5000 0.9640 244 80 133
2.5625 2.5000 4.4140 100 113 231
13.5000 0.0000 4.2960 91 136 249
7.9375 -6.0000 1.2320 225 148 82
17.8125 4.5000 1.9440 155 215 190
1.2500 -8.5000 1.0930 236 93 126
-12.0625 8.5000 1.7390 198 209 98
11.3125 3.0000 4.1080 90 126 234
17.5625 14.5000 1.0520 218 185 77
-0.9375 -5.0000 1.0940 239 81 118
1.8750 -12.0000 1.1060 243 96 117
10.8125 20.5000 0.6120 203 148 127
21.0000 -20.0000 0.9710 241 87 174
20.3750 3.5000 1.0030 244 77 111
-12.6875 5.5000 1.6380 209 175 89
-10.1250 -17.0000 3.5060 118 141 243
19.1875 8.5000 1.0880 237 114 104
-20.1875 -16.0000 1.1420 221 234 82
10.8125 10.5000 1.0650 253 83 96
-22.5625 23.0000 1.5150 204 218 86
5.0625 -23.0000 3.3720 128 139 238
17.4375 -13.0000 1.0860 227 96 110
10.9375 5.5000 1.1990 233 114 76
-18.8125 4.0000 0.1490 190 76 174
-5.5000 -21.0000 5.5700 79 109 223
-3.3125 15.5000 1.4560 215 190 64
7.8750 -15.5000 1.0600 248 120 111
8.0000 14.5000 1.1900 232 121 79
-16.0000 -5.0000 1.1180 237 139 98
-18.8750 2.5000 0.1380 192 74 161
19.6875 10.5000 0.6400 201 102 142
-19.4375 12.0000 2.0780 164 254 134
-1.6875 -18.5000 7.2920 70 99 186
1.6875 -7.5000 1.0780 234 86 122
-17.8750 9.0000 2.0600 163 243 142
10.3750 -3.5000 4.3720 82 134 241
6.3750 -11.0000 1.0190 235 83 159
12.3125 1.5000 4.2380 88 140 251
18.7500 17.5000 0.3240 196 135 157
-16.6875 -5.0000 1.1390 224 156 76
7.6875 -5.0000 3.9440 113 124 237
2.3750 11.5000 2.2460 152 199 209
-16.5625 -22.0000 1.0900 238 104 91
11.9375 -3.5000 4.4630 98 128 242
7.5000 12.5000 2.2750 152 206 204
-22.3125 20.5000 1.3960 216 206 62
14.8125 12.5000 1.1420 236 139 130
2.6875 9.0000 5.5330 88 107 215
-19.1875 -3.5000 0.1490 181 107 153
-12.5000 18.0000 0.1390 191 127 154
-0.5625 21.0000 1.2000 220 202 86
16.6875 7.0000 1.3450 198 184 104
1.2500 -18.0000 6.8770 73 100 193
-13.4375 -1.5000 1.0320 253 65 96
-14.0625 15.0000 0.1420 189 133 137
6.3750 8.5000 1.6180 198 186 108
10.8125 9.0000 1.0770 249 90 91
-20.8125 0.5000 0.1070 191 122 159
1.2500 18.5000 1.2120 219 182 54
20.3125 -11.0000 1.0940 240 93 118
23.5625 8.0000 0.4920 203 108 165
-22.4375 -23.0000 0.1850 184 114 164
-16.1250 -15.5000 5.0300 91 120 227
-14.3750 -18.5000 1.1770 240 118 111
-16.5625 1.5000 1.6460 176 195 106
-5.1250 18.0000 1.1150 230 155 74
-15.1875 -12.5000 4.4280 87 151 243
14.6250 4.5000 1.1050 242 89 111
-4.3125 -8.5000 1.1120 243 89 95
-2.0625 -9.0000 1.0780 254 76 97
-18.1250 -5.0000 0.3100 191 118 151
15.5000 12.5000 1.1240 231 140 110
24.4375 6.0000 1.1100 225 125 104
-15.0625 5.0000 1.9100 184 200 127
11.4375 16.5000 0.6950 202 116 159
7.5000 -4.5000 3.9810 104 131 233
-4.8125 17.5000 1.1530 228 163 70
-18.6250 -9.5000 0.7240 227 150 115
25.0000 -6.0000 1.1400 228 106 101
-2.6250 -10.5000 1.1400 247 96 88
11.6250 6.5000 1.0840 244 101 124
-21.5625 10.5000 0.1440 179 97 166
-14.1250 17.0000 0.1360 198 140 127
8.5000 -1.5000 4.4020 89 117 243
-15.9375 -7.5000 1.1270 232 141 101
-20.3750 2.0000 0.1410 196 107 178
1.3750 23.5000 0.3300 208 119 135
12.6875 13.0000 1.1470 239 117 103
10.3125 20.5000 0.4990 196 129 160
13.3125 -4.0000 4.5240 94 131 242
19.9375 -7.5000 1.0980 237 103 93
12.2500 -14.5000 0.9680 241 72 142
-12.5000 3.5000 1.4480 222 134 90
17.1875 -12.5000 3.8760 100 139 254
-0.5625 -16.0000 6.7540 74 100 186
15.3750 -5.0000 4.6240 99 137 214
5.7500 20.5000 0.9660 234 133 92
-4.5000 9.5000 6.2080 85 114 190
-16.6250 -7.0000 1.1840 220 184 74
2.7500 9.0000 5.4680 88 108 218
22.1250 -3.5000 1.1210 243 106 113
5.9375 -18.0000 3.9160 106 129 254
9.0000 17.5000 1.1820 218 177 65
16.1875 7.5000 0.9850 243 85 128
-5.8125 15.0000 1.2900 228 156 56
-19.1250 20.5000 1.0880 230 175 49
23.8125 4.5000 1.0780 235 104 101
-15.3125 -17.0000 1.2070 231 125 116
5.8750 2.5000 4.6450 90 120 233
23.5625 -21.0000 0.9690 241 72 152
10.4375 -15.0000 1.0050 245 89 130
15.8750 -12.5000 1.1020 231 101 109
-5.5625 21.0000 0.1360 187 91 147
20.5000 -1.0000 1.0920 248 105 103
4.5625 7.0000 5.6270 93 106 208
-16.2500 -19.5000 4.7870 86 136 253
-12.5625 25.5000 0.1410 173 125 155
-4.8750 6.0000 5.4260 89 100 229
22.0625 -5.0000 2.3660 144 222 243
-15.7500 6.0000 2.0290 175 204 144
-14.9375 -18.0000 1.2640 227 147 105
-12.5625 22.5000 0.1090 187 126 126
0.8125 -12.0000 1.4140 203 172 96
3.7500 15.0000 4.6790 93 136 235
6.2500 13.5000 5.2110 87 124 230
3.5625 -16.0000 6.2260 79 122 206
7.2500 24.5000 0.1320 178 120 177
-9.3750 20.5000 0.1410 186 143 156
-24.1250 22.5000 1.5750 194 202 118
11.6250 24.5000 0.9250 221 237 66
6.1875 -21.5000 3.6080 115 151 254
14.9375 -11.5000 1.0580 240 111 130
8.8125 -2.5000 4.3240 85 137 238
-11.5000 -21.0000 4.4070 92 136 250
9.8750 16.5000 1.2350 218 190 56
-15.5625 7.0000 2.0100 172 210 132
-20.6250 25.0000 5.0180 88 158 219
-5.1250 -7.5000 1.5500 192 191 130
15.5000 -12.5000 2.2680 142 219 247
20.6875 -12.0000 3.6420 91 170 254
21.5625 9.5000 0.3850 189 114 171
-11.1250 5.0000 1.5390 224 161 66
-15.1250 13.0000 0.1340 188 120 148
-17.3750 -18.0000 3.0150 129 201 252
-13.8125 14.0000 0.1510 189 136 135
-16.1875 13.5000 0.1450 187 110 149
0.0000 -12.5000 2.0110 159 198 186
-10.5000 10.0000 2.2020 162 221 174
-4.2500 15.5000 1.4330 210 178 62
11.5000 -10.0000 1.1030 230 107 116
1.1250 12.0000 5.0670 89 127 229
5.4375 -13.0000 1.0390 237 77 133
17.1250 -9.0000 4.2450 81 141 254
0.5625 -5.5000 1.0630 241 80 112
3.1875 20.5000 1.2050 223 178 83
2.6250 18.5000 4.5540 92 155 209
10.5000 21.5000 0.2090 186 103 173
14.0000 8.0000 0.9420 251 68 129
-22.3125 20.5000 1.3920 216 206 62
6.1250 -17.0000 1.1030 240 114 104
16.5625 25.5000 0.4450 178 191 126
2.3125 4.5000 6.3010 88 77 198
24.6875 7.5000 0.2030 172 85 171
19.6875 -13.5000 1.4870 189 200 102
-10.1250 -4.5000 1.0500 245 75 126
1.5625 17.5000 4.5340 88 153 221
-23.0000 3.5000 0.1430 185 114 161
24.7500 2.0000 0.9930 236 77 138
20.2500 16.0000 1.0440 211 229 67
-3.2500 -23.0000 5.4840 101 122 193
-20.5625 -5.5000 0.1550 183 145 160
-18.1875 -0.5000 0.1500 195 92 147
22.6250 -12.5000 4.1850 84 158 252
-20.0625 13.0000 2.0560 166 254 123
4.5000 13.5000 1.2030 248 126 89
-0.3125 0.5000 5.0340 99 106 224
25.6250 -12.5000 4.4210 105 121 214
6.5625 -7.0000 1.9000 160 216 161
-22.1875 -19.5000 0.1130 190 101 154
22.2500 3.0000 0.9740 254 77 139
-18.5625 14.0000 2.8990 113 246 196
-7.7500 -11.5000 5.3690 80 120 225
-23.3750 -7.0000 0.1460 176 139 142
12.2500 -9.5000 3.8750 112 138 254
1.7500 24.0000 0.1210 202 103 144
-9.8750 -17.5000 5.1580 92 115 227
-20.1250 16.0000 3.0310 111 212 210
-19.8750 -15.5000 2.9290 113 254 198
10.0000 -10.0000 1.0760 239 102 107
-20.9375 -16.5000 2.0650 145 254 145
-4.6875 18.5000 1.1610 227 187 67
9.0625 -4.5000 4.1130 103 134 235
0.5000 24.0000 0.1160 201 107 151
24.6875 0.0000 0.9720 238 78 133
-11.6875 18.0000 0.1300 194 122 151
24.0000 11.5000 0.1330 175 113 156
-3.1250 20.5000 0.7530 240 153 118
-12.8125 20.0000 0.1480 189 149 117
6.2500 16.0000 1.2880 227 152 91
-22.5625 8.5000 0.1470 192 87 184
15.5000 5.5000 1.3680 200 183 110
6.2500 3.0000 4.5640 89 123 235
10.0000 -11.5000 0.9960 245 87 142
3.5000 -11.0000 1.0790 240 89 143
16.7500 21.5000 5.5830 69 254 128
17.1250 1.0000 1.6220 189 191 131
5.1875 -2.0000 4.0550 111 130 242
-20.9375 -19.5000 1.0620 243 160 90
-16.0000 24.5000 5.2490 67 187 197
-16.5625 -15.0000 4.9800 79 151 208
-17.4375 25.0000 5.1860 77 167 225
-3.6875 -10.5000 4.3240 101 131 247
0.9375 -21.5000 3.1620 143 193 241
0.8750 -10.5000 1.1040 237 93 116
-9.2500 -4.0000 1.0540 254 82 135
1.5000 0.5000 4.0860 107 124 245
15.3750 3.5000 1.7540 165 211 172
-24.1250 -18.0000 0.1420 164 143 161
6.1250 -17.0000 1.0960 241 113 105
-9.7500 19.0000 0.1320 189 136 147
-3.8125 24.5000 0.1470 196 119 124
16.8125 -12.0000 3.9070 99 139 254
-22.1875 -21.0000 0.1630 190 108 187
4.8125 -23.5000 3.1860 132 147 232
20.8125 -8.0000 1.0810 230 87 119
-6.8125 13.5000 1.3050 226 162 68
3.0625 4.5000 6.3510 81 86 198
3.0000 3.5000 6.1330 79 98 210
-16.8750 3.5000 0.7350 238 102 105
0.0000 -20.0000 5.9440 69 128 202
-6.3750 -6.0000 1.0710 240 75 114
17.6250 9.5000 1.0750 226 114 111
1.5000 -3.0000 3.1100 123 169 254
25.6250 4.0000 1.1500 225 121 92
-7.7500 23.0000 0.1590 176 137 129
11.8750 -23.0000 5.0520 88 112 238
18.6875 14.0000 1.0940 205 180 79
-9.2500 -2.5000 1.0870 251 90 136
7.3750 -7.0000 1.6970 173 212 125
-16.3125 18.5000 0.1300 177 141 145
18.6250 -6.5000 4.4900 76 146 251
-22.8125 23.0000 1.5490 200 219 93
-19.6875 19.5000 1.0650 242 168 38
-20.5000 3.0000 0.1480 195 107 185
12.0625 19.5000 0.6430 200 189 97
20.6875 5.0000 1.0890 243 107 94
6.4375 19.5000 1.2520 220 196 55
0.6875 -23.0000 3.3700 137 174 222
6.3750 6.5000 4.2110 97 135 248
11.2500 -20.5000 1.0660 247 97 129
8.6875 -13.5000 1.0340 231 113 147
-5.9375 -6.0000 1.0810 241 78 109
19.1250 -15.5000 4.2150 88 124 254
3.0625 14.5000 4.6700 96 137 237
-15.3750 -8.0000 1.1410 232 134 95
25.5000 -8.5000 4.1030 113 124 231
-19.3750 -10.5000 0.2600 188 127 157
-3.6250 -9.5000 4.0380 108 130 251
23.2500 6.5000 1.0890 234 122 106
12.3125 -0.5000 4.4280 88 133 246
-8.8750 -1.5000 1.1400 254 83 91
21.7500 -16.5000 1.0350 237 85 137
-17.2500 -1.5000 1.2820 212 189 67
19.8750 -0.5000 1.7980 182 201 158
9.3750 -20.0000 1.2800 217 155 104
-12.4375 -0.5000 1.1310 250 80 89
21.6250 -8.0000 1.0950 234 97 115
24.4375 -21.5000 0.9690 232 72 152
-9.0000 -2.0000 1.1030 251 77 107
21.6250 11.5000 0.1640 171 113 187
25.7500 -8.5000 4.1030 113 124 229
10.1250 -8.0000 3.8120 104 147 254
-2.8750 16.0000 2.3130 147 218 185
-15.5000 2.0000 1.4000 220 173 68
-22.5000 -22.0000 1.7160 167 249 121
-22.8125 -2.0000 0.1690 179 143 136
17.3125 -20.0000 0.9190 242 72 171
17.4375 -10.5000 4.1510 100 120 254
1.4375 -23.5000 3.5200 133 152 222
19.6250 -2.5000 4.0050 100 143 254
-15.6875 15.5000 0.1490 188 134 134
1.3125 -11.5000 1.2740 220 140 96
19.5000 -17.0000 1.0090 235 67 129
-1.0000 -3.5000 1.1190 239 93 119
-17.3750 -11.0000 3.8940 96 171 238
21.6250 -16.5000 1.1060 232 103 131
19.2500 9.5000 1.1030 230 118 108
-18.5625 -3.5000 0.1270 184 99 155
5.0000 1.0000 4.4340 107 106 221
-23.7500 -3.0000 0.1580 171 141 131
-21.0625 -15.0000 1.6590 175 254 85
-22.1875 -9.0000 0.1260 176 136 144
6.0000 -15.0000 1.0620 247 115 116
14.8125 8.0000 0.8550 249 54 156
-7.7500 -14.0000 4.2100 107 113 248
3.0625 -13.0000 1.0730 244 87 132
20.0625 14.5000 0.9290 210 166 84
-22.7500 -1.5000 0.1370 177 136 139
-3.7500 18.5000 1.1360 230 171 89
9.9375 17.5000 0.7440 215 106 105
-12.5000 -16.0000 5.3500 85 101 221
-20.9375 -16.5000 1.0820 219 234 91
20.2500 19.5000 0.1000 191 116 165
-3.5000 9.0000 6.2260 79 113 211
-6.9375 -5.5000 1.0750 244 84 133
7.2500 -8.5000 1.0680 245 104 132
-15.6875 4.0000 1.4560 207 175 71
-22.0000 -16.5000 1.0540 219 242 92
5.3125 0.0000 4.3090 107 113 219
-2.5000 -9.5000 1.1270 252 91 89
20.3125 17.0000 1.0320 214 243 75
-0.6250 22.0000 0.7320 213 182 115
-11.8125 -16.5000 5.3660 84 102 219
-10.6875 19.5000 0.1490 192 152 100
-4.6250 -1.0000 1.1680 247 93 96
-0.6250 18.0000 2.2260 149 241 179
-2.0000 -8.5000 1.0890 251 76 99
-2.1250 -5.0000 1.1120 234 91 133
-24.0625 -14.5000 0.1440 174 158 146
-9.5625 10.0000 2.4370 145 217 207
1.3125 -20.0000 7.1590 63 104 180
22.5000 -7.5000 1.1090 234 102 89
22.7500 -22.5000 0.9190 237 59 165
11.2500 2.0000 4.2010 87 126 229
11.1875 -6.5000 4.0650 98 140 239
-2.0000 16.0000 1.6700 180 211 90
14.3125 19.0000 5.6760 59 226 152
-12.2500 -0.5000 1.1270 251 79 89
15.0625 -18.5000 0.9440 236 53 157
-15.1250 10.5000 2.1820 152 244 156
-13.0000 4.5000 1.5810 205 160 93
-19.9375 -3.5000 0.1390 183 127 149
1.1250 14.0000 5.2830 83 119 223
-19.3750 13.0000 2.0620 160 254 129
12.0000 -12.0000 3.6510 105 153 254
-15.8750 -1.5000 1.1670 236 136 83
21.1250 -23.5000 0.9210 228 46 163
-16.2500 19.0000 0.1220 177 139 148
-4.2500 -12.5000 4.3390 103 136 226
0.8750 20.5000 1.2080 225 197 76
-10.5000 -13.0000 5.9410 80 111 209
3.5625 21.0000 1.2250 221 181 84
-5.4375 12.5000 1.8450 178 202 120
25.4375 -15.0000 5.1840 93 108 208
4.5000 0.5000 4.3570 105 114 226
-9.5000 9.5000 1.4570 219 189 70
2.5000 21.5000 2.1700 158 230 183
19.8125 12.5000 0.1390 159 88 205
-18.2500 21.5000 0.8220 225 147 91
-8.1250 -20.0000 4.3140 106 134 243
11.6250 -21.0000 1.0780 245 102 125
9.0000 -14.0000 1.0410 234 116 141
9.2500 12.0000 1.7980 169 203 161
10.5625 -10.5000 1.0700 237 97 120
-16.4375 5.0000 1.5090 193 183 74
1.1875 20.0000 1.3920 204 228 74
4.6250 -16.5000 4.0320 105 135 239
25.2500 -17.5000 5.4580 90 98 226
-2.0000 -7.0000 1.0930 239 87 125
-13.1250 14.5000 0.1440 186 93 147
14.3750 18.5000 0.1660 167 136 177
24.3750 -7.5000 1.3270 205 158 98
-1.5000 -4.5000 1.0840 241 81 120
-18.0000 24.0000 0.9910 232 153 85
-14.7500 -18.0000 1.2680 227 148 104
1.2500 12.5000 4.9170 100 112 223
-12.6250 15.0000 0.1520 189 90 147
1.3750 -4.0000 1.1310 238 99 89
-9.5000 6.5000 1.5040 228 171 74
15.1875 16.5000 0.2200 182 117 172
-20.0625 9.5000 2.1070 160 244 151
-3.3750 -20.5000 5.7000 74 148 200
-23.5625 6.0000 0.1280 188 116 172
-4.2500 12.5000 2.2030 157 212 172
0.8125 16.5000 2.3970 140 240 202
-19.3125 9.0000 2.1710 149 254 164
3.9375 -16.5000 6.2380 82 120 201
-2.1250 -8.0000 1.1110 246 80 99
-14.2500 -10.5000 4.4270 92 150 232
-8.6250 6.5000 1.4790 220 157 78
19.1875 -0.5000 1.9380 172 209 187
-20.7500 -2.5000 0.1090 182 118 154
-5.3750 -13.0000 4.3940 98 139 236
-19.3125 -18.5000 1.0840 243 138 96
11.1875 -21.0000 1.1530 239 122 104
-7.7500 22.5000 0.1570 176 135 126
5.3125 -19.5000 3.8360 119 139 236
18.6875 -3.5000 4.1450 92 147 254
14.5000 12.5000 1.1410 236 131 108
23.8125 -20.5000 0.9490 238 66 159
8.9375 2.5000 4.3640 87 125 238
13.6250 -9.5000 3.8900 111 140 251
-17.5625 -3.0000 0.4260 196 120 167
-11.9375 4.5000 1.5240 226 157 66
-7.0625 4.5000 1.3340 236 114 78
-17.7500 -19.5000 1.1180 245 130 105
4.0000 -2.0000 4.0010 104 142 254
3.3125 3.5000 6.2820 76 96 208
-20.5000 -3.5000 0.1380 185 125 154
-8.1875 15.5000 1.1030 222 155 85
-18.5625 -23.0000 1.0490 234 118 97
-20.5000 16.5000 3.0140 116 237 212
6.1250 18.0000 3.2410 124 176 254
25.2500 -16.5000 5.3260 94 97 231
6.8750 -9.5000 1.0380 251 94 136
13.0625 -9.5000 3.8870 111 140 254
-17.6250 22.0000 0.8370 230 135 107
-7.8750 3.0000 1.3080 245 113 93
19.4375 -11.0000 1.1070 235 102 123
9.0000 14.5000 1.2180 226 129 86
-21.1250 24.0000 4.7200 90 165 230
-18.1250 -4.5000 0.2150 189 108 156
-23.9375 -18.0000 0.1540 165 143 160
-2.6875 4.0000 5.2580 94 106 226
22.8125 -1.5000 1.0510 252 89 122
20.3125 -13.5000 3.8010 92 136 254
17.5625 11.0000 1.1180 225 133 109
8.0000 -5.5000 3.9590 109 124 234
21.3125 10.0000 0.2780 182 107 188
21.2500 -18.5000 1.0000 244 68 165
-3.2500 -15.5000 5.2350 84 114 219
-15.8750 -12.5000 4.3400 92 151 244
1.3125 -2.5000 1.2780 219 141 92
19.8750 23.0000 0.1430 197 142 142
13.1875 -16.0000 0.9980 245 82 129
14.1875 -0.5000 4.2350 95 135 244
-8.7500 14.5000 1.1010 244 141 98
-9.5000 -17.0000 5.0910 91 115 237
16.1875 -11.0000 3.9730 102 136 254
22.6875 -3.5000 1.1370 244 111 108
11.3125 -8.0000 3.9190 105 135 250
21.0000 16.0000 1.0420 206 227 69
-22.8750 -21.5000 0.1680 183 116 178
-23.0000 -19.5000 0.1420 185 112 155
6.1875 21.5000 0.2770 190 103 179
16.1250 12.0000 1.1320 229 136 112
1.1875 14.5000 4.6770 92 122 230
3.5000 0.0000 4.2170 105 123 234
-5.5000 17.0000 1.1820 227 171 67
20.7500 6.0000 1.0830 240 124 107
8.2500 -5.0000 4.0100 113 123 227
-18.3750 1.0000 0.2410 200 110 150
6.0625 0.0000 4.3130 97 121 235
2.3750 -12.5000 1.0960 238 93 136
-21.9375 18.0000 1.8420 168 253 103
6.3750 -10.0000 1.0380 248 93 140
1.3750 -20.5000 7.1850 62 105 180
25.1875 -16.5000 5.3510 93 97 231
16.3750 -19.5000 0.9420 237 57 148
10.4375 6.5000 1.2040 229 113 81
23.7500 11.0000 0.1440 177 113 157
7.7500 -4.5000 4.0240 111 122 232
-4.8125 8.5000 5.8950 89 116 204
-20.6875 24.5000 4.9350 87 161 224
6.2500 1.5000 4.5610 91 121 229
-22.0000 17.5000 1.9860 162 254 138
23.3750 -21.5000 0.9540 243 68 154
2.8750 -3.0000 3.0750 132 176 254
-23.3750 -1.5000 0.1640 174 146 139
22.0625 21.5000 0.1750 181 133 149
-15.2500 -17.0000 1.1850 235 119 118
9.7500 2.5000 4.2970 83 129 241
-1.3750 2.0000 5.1120 94 109 215
-9.8125 -11.5000 5.6270 80 114 217
20.2500 -4.5000 4.1140 91 152 254
-10.8125 3.5000 1.4150 235 127 78
2.1875 -19.0000 4.0690 117 147 220
-9.7500 -11.5000 5.5400 81 115 219
-23.3125 7.5000 0.1400 192 103 180
-4.1875 -10.0000 4.3550 107 119 250
20.1250 -4.0000 4.1070 92 150 254
13.3125 -10.0000 1.2320 226 149 89
4.5000 0.5000 4.3110 106 115 227
-7.8125 10.0000 2.0750 165 217 151
-19.1875 -22.0000 1.0510 239 125 84
8.1250 9.0000 2.0730 168 203 179
11.1875 18.5000 0.6400 196 135 111
-6.6250 -12.5000 4.3250 102 137 244
22.3750 18.0000 0.9730 199 219 55
4.6875 17.0000 2.4030 147 226 222
-12.0625 -13.5000 5.7420 74 111 218
1.3750 4.0000 5.9580 88 106 208
4.3750 23.0000 0.1640 186 88 155
5.1250 13.5000 1.1990 245 123 89
23.1875 1.0000 1.0350 248 87 134
-1.3125 -4.0000 1.0930 244 86 122
21.0625 -16.0000 4.3940 94 111 254
-19.2500 11.0000 2.0900 163 254 144
-19.1875 23.0000 0.9990 233 146 87
-20.6250 4.0000 0.1550 180 106 183
18.5000 19.0000 0.1330 189 112 162
0.8750 9.5000 5.6440 85 113 226
-17.9375 10.5000 2.0440 167 254 130
18.2500 -12.5000 3.9850 93 147 254
-24.1875 16.0000 2.0030 169 254 137
-7.5625 3.0000 1.2800 246 102 93
-8.0000 17.5000 0.6650 219 151 113
-2.7500 0.0000 1.2050 249 109 108
-19.2500 5.0000 0.1350 180 59 147
1.6875 16.5000 4.5990 88 147 218
-20.5000 20.5000 1.1530 248 167 59
7.1875 -20.0000 3.7960 108 146 252
-15.0000 -12.5000 5.6280 76 123 220
-10.5625 22.0000 0.1800 185 128 95
11.4375 11.5000 1.0780 247 85 99
0.8750 -21.0000 5.9470 67 133 205
-11.3750 -19.5000 4.1880 102 135 253
-2.5000 -18.5000 5.9270 78 112 203
-7.9375 -6.0000 1.0710 249 92 119
-9.8750 20.5000 0.1790 183 157 151
9.7500 11.5000 2.7070 129 204 245
8.3750 23.0000 0.0310 179 114 177
-23.5625 25.5000 4.7030 117 147 202
-3.4375 21.5000 0.1870 189 118 176
2.4375 -11.5000 1.0820 242 96 141
4.0000 1.0000 4.3540 106 114 227
-19.3125 2.0000 0.1560 198 92 151
-19.5625 26.0000 5.3330 77 168 222
-7.0000 -22.5000 5.3460 88 101 219
4.1250 -3.0000 1.4600 205 182 95
14.0625 6.5000 1.0220 244 72 114
9.8125 22.5000 1.1100 205 254 48
-0.1875 11.5000 5.4570 87 125 223
-6.6875 10.0000 2.0480 168 214 156
17.6250 12.5000 1.0680 216 156 102
3.0000 -3.5000 3.0890 130 177 254
13.7500 12.5000 1.1250 241 126 112
-9.9375 -18.5000 4.4130 106 124 241
-18.6250 20.0000 0.1290 174 92 177
-18.9375 -11.0000 0.6090 212 152 124
12.5625 -22.0000 3.3630 107 181 254
-5.3125 8.5000 5.8110 88 119 207
3.0625 7.0000 5.8480 81 100 207
18.4375 11.5000 0.7360 204 107 141
-7.6250 -6.5000 1.0920 245 96 115
2.9375 -23.0000 3.5900 128 151 229
-16.6875 11.0000 2.0580 162 254 122
19.8125 16.0000 1.0290 209 241 74
17.4375 20.5000 0.1070 195 115 161
17.3750 15.0000 0.1840 177 116 201
1.3125 0.0000 3.9810 105 129 249
-6.0625 -2.5000 1.1190 239 93 118
9.3125 -7.0000 3.8460 103 150 247
2.3750 11.5000 5.0270 96 109 227
-19.8750 -22.5000 0.7460 236 81 128
-19.4375 -13.0000 0.4860 199 143 117
-19.3125 -9.5000 0.5630 209 144 126
-5.0625 -13.5000 4.2310 104 139 234
-15.3750 23.5000 0.0830 174 119 174
-17.0000 -2.0000 0.7790 225 116 124
4.5625 19.5000 2.0230 163 230 167
-4.5000 21.5000 0.1270 187 92 167
-13.1875 7.0000 1.8130 200 195 123
8.8125 2.5000 4.3740 86 125 237
-21.0625 10.5000 0.1440 181 96 165
-7.6250 11.5000 1.6840 196 205 91
-21.8750 22.5000 1.4640 212 217 74
15.6250 -4.5000 4.5220 99 139 219
16.6875 6.5000 1.3990 192 190 110
-9.7500 -8.0000 5.0510 90 119 251
-1.6250 4.5000 5.5650 90 106 217
-12.4375 7.0000 1.7090 207 194 101
4.6250 17.0000 2.3490 149 227 217
-24.0625 -13.0000 0.1840 180 164 149
15.0000 5.0000 1.6470 169 195 145
3.0000 9.0000 5.4780 87 109 218
-16.8125 -23.5000 1.0710 234 99 89
7.5000 -9.0000 1.0790 247 106 129
-12.3750 15.0000 0.1450 190 88 147
23.8125 -7.5000 1.1140 227 107 103
0.8125 10.5000 5.4640 84 126 219
8.6875 -4.0000 4.1740 107 120 231
15.3125 -4.0000 4.4930 101 140 234
16.6875 10.0000 1.0590 232 107 117
15.7500 16.5000 0.3010 194 127 154
11.0000 16.0000 1.1830 217 155 70
-19.0000 -5.5000 0.1400 181 118 158
-21.1250 8.0000 0.1390 199 80 178
-9.0625 19.5000 0.1550 187 148 148
10.6875 12.0000 1.1330 248 94 92
15.9375 6.0000 1.3740 198 186 108
0.3750 16.5000 2.4790 137 238 210
-19.3125 -17.0000 1.1070 234 186 89
3.8750 -13.5000 1.1140 240 102 121
-12.2500 -22.5000 4.2130 104 138 236
-23.5625 -1.0000 0.1250 171 140 140
2.8750 -8.5000 1.0680 233 80 132
-13.7500 -9.0000 1.1280 237 128 85
12.1875 12.0000 1.1060 243 105 137
16.5625 11.0000 1.1390 230 140 105
-16.5000 -1.0000 1.6970 173 215 110
2.8125 -1.0000 4.0110 110 129 231
1.4375 5.0000 6.2140 85 91 197
24.6250 -19.0000 1.0280 240 73 140
25.0625 -9.0000 4.1980 111 121 229
-6.1250 5.0000 1.3580 235 143 79
-21.6875 5.0000 0.1350 184 92 162
-10.0000 -9.0000 5.2280 90 111 243
-20.2500 -22.0000 5.1370 74 161 202
23.0625 10.0000 0.1540 168 102 180
-19.1875 23.5000 4.8510 79 174 238
1.8750 -4.5000 3.0090 124 168 254
-1.7500 -12.5000 4.6410 89 129 235
7.1875 -7.5000 1.7340 170 211 133
-18.5000 8.0000 2.1020 158 244 149
-15.0000 19.5000 0.1320 182 135 151
-1.1250 -7.5000 1.0940 235 72 119
-11.5000 -13.0000 5.8970 72 124 209
6.0000 0.5000 4.3900 97 121 227
8.3750 0.5000 4.6390 80 129 222
13.1250 -24.0000 3.2900 117 164 238
18.5000 -3.0000 4.0930 95 144 254
-9.8750 2.5000 1.3020 240 113 105
-11.4375 0.5000 1.1660 243 90 89
0.3125 -22.0000 3.1010 145 191 237
-9.6250 -6.0000 1.1140 244 104 122
16.6875 -21.0000 0.9430 252 72 161
5.7500 -0.5000 4.2540 98 122 235
-15.3750 -23.5000 1.1350 225 111 83
23.5000 12.0000 0.1410 175 110 167
17.1875 -13.5000 1.0710 233 91 131
-3.3750 -12.0000 5.6260 81 108 221
-16.1875 -5.5000 1.1510 227 161 105
-3.8125 25.5000 0.1100 190 110 119
-16.6250 -20.5000 1.1180 251 134 119
-22.5625 25.5000 4.8130 108 152 210
-10.0000 -11.0000 5.5040 89 97 225
-8.6875 -20.5000 4.2500 106 137 251
10.1875 -10.5000 1.0490 237 95 111
5.5000 -20.5000 3.7530 117 152 233
-0.2500 -22.5000 5.7200 81 124 194
8.5000 22.0000 0.1550 179 97 165
-19.0000 15.0000 3.0660 108 230 200
-0.8750 -18.5000 7.1540 73 82 193
5.0625 15.5000 1.1230 239 105 92
-12.6875 26.0000 0.1520 171 126 155
-1.0000 -16.5000 6.8610 82 105 182
12.6250 -7.0000 4.1340 103 133 237
10.5625 1.0000 4.3550 86 132 236
-15.9375 14.5000 0.1550 186 140 143
15.3750 9.5000 1.0010 236 94 124
13.2500 -13.0000 1.0440 244 101 123
16.3125 -9.0000 4.1810 83 145 254
16.5000 9.0000 1.0240 241 93 122
-20.0000 -12.5000 0.1520 182 122 149
20.5625 9.5000 0.6740 202 79 133
-16.1875 11.5000 2.1240 152 244 143
16.6875 -16.0000 1.0050 241 85 142
-8.6250 13.0000 1.2690 227 168 94
-6.3750 18.5000 0.6570 215 162 103
20.0625 6.0000 1.4950 193 207 116
20.0000 12.0000 0.1340 161 86 204
-3.6875 -21.5000 5.5600 91 124 211
10.8750 -2.5000 4.5720 81 124 235
-18.5000 0.5000 0.1610 191 97 149
-10.1875 -17.5000 3.5200 117 143 244
6.3750 -3.0000 4.0310 103 133 247
-4.1250 -7.5000 1.0750 234 74 114
9.0000 21.5000 1.1150 208 230 66
23.9375 2.5000 0.9740 251 82 134
-13.6250 4.5000 1.6560 197 170 101
25.0000 3.5000 1.1070 230 109 98
-10.0000 13.0000 1.0700 235 142 97
17.1250 -13.5000 1.0770 233 93 130
5.2500 -3.0000 3.9620 104 144 254
20.4375 12.0000 0.1530 160 87 197
-20.4375 -15.5000 1.7000 172 254 94
14.5625 11.5000 1.0950 241 106 129
-11.0625 7.0000 1.6530 205 186 85
5.8125 -4.0000 1.2480 220 137 80
13.0625 -13.5000 3.6290 101 156 254
19.3750 -4.0000 4.1390 91 151 254
-9.9375 -10.5000 5.4480 89 95 230
7.1875 21.5000 0.2020 183 85 191
10.0000 -23.5000 5.3760 92 102 227
-4.3125 -14.0000 4.2350 107 132 234
4.0625 -21.5000 3.7480 112 149 245
8.1875 -17.5000 1.1130 236 113 99
9.5625 3.0000 4.2360 86 128 243
-6.6875 21.5000 0.1250 175 114 152
-19.8125 17.5000 0.1450 185 98 185
8.1250 12.0000 2.3660 146 206 209
-15.8125 -6.5000 1.2110 231 156 91
12.9375 -12.0000 3.6410 102 158 254
-3.5000 -17.0000 5.1980 87 120 220
12.8125 11.5000 1.0560 252 95 139
-5.8125 -20.0000 4.2260 113 139 253
11.1875 -16.5000 1.0090 232 79 128
-6.3750 -23.5000 5.2840 96 101 207
4.3750 14.0000 1.2110 248 128 88
22.0625 -6.0000 1.1280 235 106 89
-20.3750 3.0000 0.1380 194 104 184
6.8125 8.5000 1.7170 190 195 125
-22.1250 11.0000 2.1640 151 252 158
-10.1250 -21.0000 4.3520 107 131 251
-12.2500 -20.0000 4.2040 102 144 250
-5.3750 17.0000 1.1910 227 172 66
-5.8125 10.5000 1.8260 182 207 111
1.1250 -9.5000 1.1010 241 94 118
-20.5000 -13.5000 0.1530 176 114 156
-21.9375 -23.0000 1.0170 231 151 102
6.6250 -4.5000 1.4420 207 177 80
-13.5000 14.0000 0.1720 188 139 133
-4.7500 -20.0000 5.6620 81 100 217
0.3750 13.5000 1.2840 234 142 59
13.3750 -4.0000 4.5540 93 130 241
9.6250 6.5000 1.2340 225 123 83
-16.1250 -13.0000 4.3450 97 147 221
-21.7500 1.0000 0.1800 190 124 164
22.8125 9.5000 0.1340 171 77 195
3.6875 17.0000 2.0200 166 234 183
1.2500 17.0000 1.2330 230 165 49
-12.9375 19.5000 0.1470 188 151 113
-4.1875 23.0000 0.1450 196 120 136
8.3750 9.0000 2.0820 163 210 189
16.6250 -10.5000 4.0510 89 146 254
9.3125 -11.5000 1.0110 242 87 143
-11.1875 -15.5000 5.5490 77 105 218
-0.3125 12.0000 5.4090 90 123 222
25.4375 10.0000 0.1580 167 121 149
-17.1875 0.0000 1.6750 173 239 110
-7.3750 -7.5000 1.1060 238 92 113
-17.3750 -4.5000 0.7790 212 142 128
21.2500 16.0000 0.1500 162 119 192
21.6250 20.0000 0.9590 203 230 73
-5.3125 -23.5000 5.3400 95 109 207
-2.5000 21.5000 0.3470 201 135 156
5.7500 6.5000 5.5650 94 112 203
5.7500 -6.5000 1.9400 157 209 172
-10.6875 15.5000 0.1700 188 105 153
-16.0625 16.5000 0.1410 186 141 124
11.8750 20.0000 0.6650 201 192 96
15.1875 1.0000 4.0800 101 141 254
-0.5000 -3.0000 1.1470 231 92 97
5.0625 15.0000 4.5390 97 138 229
-7.7500 8.5000 2.2540 158 213 171
-3.9375 -11.0000 4.3080 109 136 228
-13.7500 6.0000 1.7820 191 186 99
22.5000 -6.5000 1.0970 239 99 88
-6.3750 8.0000 5.5700 93 121 205
18.4375 -11.0000 4.1580 96 128 254
-21.7500 10.5000 0.1420 178 98 166
18.5000 -21.0000 0.9500 242 66 172
-18.1875 18.0000 0.1400 167 124 158
3.6250 21.0000 1.2100 222 178 83
-15.8750 6.5000 2.0030 171 208 133
20.4375 -19.5000 0.9690 240 76 167
-22.5625 19.5000 1.5870 192 219 86
9.3125 -7.5000 3.8680 103 144 251
18.1875 15.0000 1.0330 203 176 85
16.7500 -6.0000 4.6000 79 149 241
10.0000 11.5000 1.1510 249 99 89
1.3750 15.5000 4.6470 101 126 223
-2.8750 18.0000 1.2020 236 168 66
-3.1250 -11.0000 4.3520 100 133 241
11.4375 -17.5000 1.0090 236 82 119
-22.8750 24.0000 4.5440 104 160 221
20.4375 -9.5000 1.0820 242 99 122
12.5625 -14.0000 1.0090 241 82 135
-5.3125 -21.0000 5.5910 78 108 222
5.3125 -4.5000 2.3630 145 198 231
17.2500 9.5000 1.0810 228 115 112
-18.2500 25.0000 5.3600 75 167 222
12.1250 16.5000 0.5220 181 135 182
-15.8125 24.5000 0.8440 209 168 70
2.8750 21.0000 4.5380 94 151 219
18.1250 -2.5000 4.1060 99 145 247
-15.2500 -13.5000 5.3960 81 122 220
-6.3125 -9.0000 2.8790 130 195 254
-18.9375 -3.0000 0.1400 182 104 154
-16.8125 25.0000 0.9470 212 177 75
-0.6250 -12.5000 4.3460 100 128 246
0.3750 -12.5000 1.9780 161 199 180
-7.0000 7.0000 5.2220 96 108 215
1.3750 14.5000 4.6350 93 122 229
0.5000 25.5000 0.1370 190 122 130
15.6250 -17.0000 0.9550 236 56 158
4.9375 -7.5000 1.1000 226 102 118
11.6875 4.0000 4.0650 99 117 232
8.6875 14.5000 1.1940 228 133 82
-22.1875 -4.0000 0.1540 180 131 151
8.5000 -6.5000 1.5730 181 200 104
19.8750 -4.0000 4.1020 92 150 254
-16.1250 22.5000 0.1780 176 125 167
-8.6250 9.5000 2.2700 157 212 171
3.1250 7.5000 5.7400 84 109 207
5.8125 -16.0000 1.0780 237 111 114
-22.6875 24.5000 4.6590 104 157 218
25.3750 -16.0000 5.2540 97 96 230
19.7500 -17.0000 3.1650 109 175 254
-1.3750 8.0000 6.3720 76 110 204
-13.0000 -19.5000 2.8810 137 199 248
24.0625 -18.5000 1.0130 245 77 154
25.3125 10.0000 0.1370 166 119 151
7.9375 15.0000 1.1970 231 123 81
24.6250 -11.5000 4.4450 94 119 233
-17.3125 -17.0000 3.3440 126 178 251
-7.3750 3.5000 1.3090 243 109 84
23.2500 -16.5000 4.8980 90 110 254
-10.8750 -16.0000 5.5280 80 104 215
18.0000 -17.0000 0.9720 233 73 145
21.6250 -5.5000 2.3240 148 217 241
4.4375 12.5000 1.1990 241 122 87
1.0625 -21.5000 3.1900 142 192 240
-2.5000 18.5000 1.2200 231 172 68
-11.1875 12.0000 0.8780 235 124 90
2.8125 20.0000 1.2180 220 181 84
9.3750 -7.0000 1.4790 197 191 84
-14.6875 5.5000 1.8680 187 198 116
15.6250 24.5000 0.2650 167 168 152
-5.0000 -19.0000 5.2100 86 120 222
10.0000 8.0000 1.1310 247 104 83
-3.2500 0.5000 1.2330 240 115 111
18.5625 -10.5000 1.1400 229 113 124
20.1250 6.0000 1.5140 191 208 118
5.7500 15.5000 1.1310 242 115 96
-7.6875 14.0000 1.1830 239 149 91
14.6875 -8.5000 4.0970 96 140 233
-10.4375 2.0000 1.2490 237 90 74
23.3125 10.5000 0.1430 177 110 166
-15.2500 0.0000 1.3920 216 182 79
4.4375 -23.0000 3.3530 122 152 228
15.5625 -12.5000 1.1020 230 101 110
-15.3125 19.5000 0.1020 178 135 154
-19.0000 9.0000 3.0520 115 202 211
-1.3750 -19.5000 5.8180 80 142 173
-9.5000 13.5000 1.1170 239 141 100
-16.1875 17.5000 0.1470 190 149 143
-14.0625 -4.5000 1.1950 235 152 94
-15.8750 -19.5000 1.1360 244 127 120
-13.5625 -15.5000 5.2970 86 108 221
-16.5000 -19.5000 1.1600 236 138 100
20.8750 6.5000 1.1080 230 115 101
11.6250 -11.0000 1.2570 211 160 108
-12.1875 -22.0000 4.1820 103 142 242
-14.2500 -3.5000 1.0990 246 133 94
6.6875 1.0000 4.5830 89 120 227
-19.2500 -8.5000 0.2020 188 106 134
-17.3750 14.0000 0.1250 186 117 154
-0.0625 7.0000 6.3600 84 100 203
-22.5000 -0.5000 0.1300 186 131 147
24.3125 1.0000 0.9420 246 67 144
-5.4375 2.0000 1.2850 238 112 75
-14.3750 4.5000 1.7370 195 185 93
-12.7500 5.5000 1.6110 212 172 85
10.3125 -14.5000 0.9900 243 85 136
13.1875 12.5000 1.0950 244 104 137
-20.5625 21.0000 1.1700 244 169 60
11.2500 11.0000 1.0620 251 83 98
13.3750 -9.5000 3.8910 110 140 252
-24.0000 -2.0000 0.1240 170 139 137
-10.7500 14.5000 0.3200 197 107 145
-14.9375 -23.5000 1.2510 226 142 93
-20.3125 9.5000 2.1740 156 245 159
-5.8125 6.5000 5.3100 92 97 231
2.7500 -8.5000 1.0650 233 80 133
16.4375 -22.5000 0.9570 247 73 156
-8.8750 -8.5000 4.9770 87 119 253
5.3125 9.5000 1.3100 224 147 76
10.9375 -3.0000 4.4760 81 129 238
-22.5625 2.5000 0.1480 191 115 187
5.7500 -7.5000 1.1060 234 117 132
22.1250 21.0000 0.1500 174 125 151
23.5000 10.0000 0.1480 167 105 174
-23.1875 -9.5000 0.1430 170 149 139
13.0625 1.5000 4.1500 84 143 254
-18.9375 -17.5000 1.1100 242 144 96
-8.2500 -19.0000 4.2990 105 130 235
4.2500 0.5000 4.2780 106 117 229
3.9375 16.5000 4.7120 92 132 216
-11.3125 12.5000 0.7120 217 113 128
-7.0625 -15.5000 4.1760 108 120 254
-1.4375 6.0000 5.9240 83 101 213
-22.0000 12.0000 3.0710 105 210 216
3.8750 16.5000 2.0540 164 232 188
13.5625 2.0000 4.0520 86 147 254
23.7500 3.5000 1.0300 240 91 108
-24.1250 -22.5000 0.1400 171 127 157
17.5000 -1.0000 4.0290 99 135 254
25.6875 -1.5000 1.0460 235 78 114
-2.4375 7.0000 6.0160 81 117 205
20.4375 1.0000 1.0140 249 76 119
20.2500 -3.5000 4.0330 96 147 254
-6.6875 -10.0000 4.9460 87 108 248
1.8750 16.0000 4.6100 103 126 218
-18.5625 10.0000 2.0730 161 246 143
18.8125 -18.0000 0.9980 239 64 127
-16.5000 -14.0000 4.4100 91 160 209
-15.7500 -17.5000 1.2020 231 126 116
1.1250 -7.5000 1.0660 242 86 110
0.0000 16.5000 1.3720 216 190 57
-15.0625 25.0000 0.1580 171 121 174
-24.1875 24.5000 1.7700 171 197 142
-18.5000 -12.5000 1.3040 215 222 69
-6.6250 6.0000 5.0840 95 98 232
15.0625 0.0000 4.0720 104 137 254
-10.0625 7.5000 1.5680 205 176 80
8.1250 -21.0000 5.1830 77 110 230
19.8750 -11.0000 3.4530 99 178 254
7.5625 1.5000 4.5310 86 124 224
-10.8750 -21.5000 4.4090 93 134 244
-11.6250 -8.0000 1.3140 218 164 87
1.3125 19.0000 1.2440 215 191 56
-5.8750 10.0000 6.0910 75 124 190
-21.8125 25.5000 4.9850 98 154 214
-19.8750 9.0000 2.1840 147 254 163
13.8125 -6.5000 4.2830 101 128 234
9.7500 -13.5000 1.0130 243 91 134
19.7500 -19.0000 0.9490 237 55 129
-13.3750 -19.0000 2.7260 137 188 241
11.9375 5.5000 1.1210 236 98 123
-14.7500 0.5000 1.2090 240 136 79
-13.4375 19.0000 0.1450 192 136 106
-9.0000 11.5000 1.3550 234 179 56
24.0625 -7.5000 1.1550 223 119 100
11.7500 22.5000 0.3360 188 118 135
3.0625 24.5000 0.1440 181 96 153
10.3750 18.5000 5.1240 70 194 193
-4.6875 -17.5000 5.0340 88 121 222
-19.5000 -6.0000 0.1420 192 135 152
-15.4375 -7.0000 2.6490 126 222 240
-1.5625 -23.0000 5.5700 89 123 190
-6.1875 18.0000 1.0680 231 146 78
-19.0625 -10.5000 0.4430 202 136 139
10.3750 12.0000 1.1420 247 96 91
5.9375 -21.0000 3.6430 116 149 252
9.1875 -6.5000 1.4360 201 186 81
12.3125 -14.0000 0.9830 244 90 140
23.7500 -21.0000 0.9580 240 68 154
-8.1250 1.0000 1.2280 239 102 94
-1.6250 -8.5000 1.0910 249 77 100
9.6250 -4.5000 4.1840 89 137 236
-22.1250 23.5000 4.5520 97 166 229
15.0625 23.0000 0.5320 203 191 123
-15.9375 7.0000 2.2700 158 218 166
-17.7500 20.5000 0.1380 173 93 173
-14.1875 -9.5000 4.2890 91 162 234
-17.1250 12.0000 2.1020 157 254 127
18.0000 18.5000 0.0620 184 103 164
-10.8750 -22.5000 4.3530 99 131 233
-17.8125 -24.0000 5.0510 89 121 221
-6.3750 3.0000 1.3100 232 115 84
9.3125 -1.5000 4.4840 81 131 242
5.0000 -16.0000 2.0250 165 199 172
1.9375 23.0000 0.4770 210 145 120
-1.0625 -6.5000 1.1130 234 91 125
1.2500 4.5000 6.0500 87 94 201
-5.4375 16.5000 1.1700 227 165 67
13.6250 20.5000 0.5710 201 184 100
-13.0625 13.0000 0.1210 192 103 159
-15.9375 -14.5000 5.2000 88 118 227
2.3125 -21.0000 3.4700 133 177 225
-6.6250 -20.0000 4.2190 112 136 242
11.3750 -9.5000 1.0890 232 108 102
12.7500 0.0000 4.3450 89 135 249
-12.3750 25.5000 0.1470 173 127 152
-3.6875 11.0000 6.0640 80 127 193
-5.2500 -22.5000 5.4250 86 113 217
4.1875 5.0000 6.1260 80 91 202
4.1875 9.5000 5.1580 90 114 223
6.9375 5.5000 4.2790 90 138 250
-14.3750 21.0000 0.1260 181 135 154
11.1875 14.0000 2.3310 143 222 227
-1.0000 13.0000 5.2060 95 123 196
-16.9375 -16.0000 1.1850 221 140 88
5.0000 14.0000 2.1740 155 214 201
19.9375 4.5000 1.1020 245 109 94
-18.4375 -0.5000 0.1380 195 93 147
-21.7500 -23.5000 1.4980 181 222 96
-1.8125 23.5000 0.1360 204 108 161
-22.5625 17.5000 1.9800 162 254 135
-4.7500 4.5000 5.1410 94 102 229
21.9375 -12.5000 4.0530 87 163 253
-7.0625 20.0000 0.1520 184 118 145
-23.2500 25.5000 4.7600 113 149 205
22.6250 4.0000 1.0120 242 84 136
15.9375 13.0000 0.8970 235 114 150
-8.0625 -10.5000 5.1940 86 112 240
-18.3750 13.0000 2.0860 157 254 129
-23.1875 -19.0000 0.1470 183 115 156
-19.3750 7.0000 0.1230 185 69 158
17.9375 -20.5000 0.9220 247 71 170
-12.5000 12.5000 0.2530 194 112 166
8.1875 -11.5000 1.0430 240 98 140
7.5000 8.0000 2.2620 157 208 204
-9.5625 10.0000 1.4320 221 186 68
-24.1875 0.0000 0.1400 170 136 145
-0.5000 1.5000 5.1720 98 96 219
5.5000 -19.5000 3.8070 117 143 254
-10.0625 -7.0000 1.1180 239 100 107
-24.1875 -21.0000 0.1440 179 111 153
-13.8125 21.5000 0.1540 185 128 142
-13.1250 8.0000 1.8690 192 190 100
-12.3125 -1.5000 1.0650 248 66 100
2.8125 -7.0000 1.0750 236 98 122
-9.3125 -9.5000 5.2090 86 113 247
20.5625 19.5000 0.0700 189 112 164
12.2500 -2.5000 4.5970 96 125 240
-20.1875 23.5000 4.7600 87 164 226
-1.9375 -14.5000 6.6810 76 78 196
-8.3125 -12.0000 5.4850 77 121 226
17.9375 -13.0000 3.8800 104 138 254
-8.5625 8.5000 1.4070 224 167 54
23.4375 0.0000 0.9720 252 77 130
13.1875 22.5000 0.5600 209 181 97
9.1875 18.0000 0.8450 220 118 88
20.0000 -23.5000 0.9440 226 51 161
-9.0625 -7.5000 1.1600 239 117 115
-17.1875 -21.5000 1.0880 243 127 94
6.7500 -21.5000 3.6440 112 151 254
-3.3750 25.0000 0.1580 196 119 116
7.2500 9.0000 3.8710 110 135 244
-5.0000 24.5000 0.1970 191 147 136
-12.9375 12.0000 0.3910 192 96 165
-13.9375 -12.0000 5.8080 75 119 211
-2.1250 -0.5000 1.2150 249 111 103
5.8750 -10.5000 1.0190 237 92 167
-12.3125 -13.0000 5.7940 73 126 212
-22.9375 -5.5000 0.1580 179 148 160
15.3125 14.0000 0.6160 206 118 177
8.5625 18.0000 1.0890 229 167 75
-2.0000 14.0000 5.2260 81 133 209
-10.3750 -16.0000 3.5080 126 121 254
-2.8125 -12.5000 4.3680 97 137 240
20.1250 -18.0000 0.9770 240 60 125
-4.3750 -20.0000 5.6580 81 114 213
-3.0000 -7.5000 1.0970 236 87 128
-12.6875 7.0000 1.7840 201 196 117
-12.3125 14.5000 0.1820 192 91 151
-16.5000 0.5000 2.0690 145 221 170
-10.1875 -10.0000 5.3820 88 96 237
10.3125 12.5000 1.1730 239 103 94
6.8750 17.0000 1.2930 230 172 81
0.6875 -7.5000 1.1050 240 96 109
1.6250 7.5000 5.9960 82 111 208
-18.8750 -14.0000 1.0430 227 184 61
18.9375 7.5000 1.1650 228 139 99
-10.8750 9.5000 2.5310 143 219 218
18.9375 5.0000 2.0090 151 223 194
14.0000 23.0000 0.5530 207 183 98
-11.5000 -20.0000 4.2070 101 143 250
-10.1250 4.5000 1.4350 231 132 75
10.5625 25.5000 0.3270 181 158 153
0.4375 0.0000 1.3560 218 162 84
-6.5000 -10.0000 4.9650 88 112 247
-14.9375 -22.5000 1.2840 231 160 87
13.7500 24.0000 0.5350 201 179 113
17.8750 -5.5000 4.3960 87 153 223
-13.0000 6.0000 1.6930 203 177 100
5.1875 10.0000 1.3000 225 145 76
23.6875 19.0000 0.7520 200 191 82
-12.2500 0.5000 1.1770 243 94 88
-16.6875 -17.0000 1.3780 205 177 102
9.8750 -15.0000 1.0110 245 89 131
-13.5000 -6.5000 1.3020 220 171 85
-16.3125 -8.0000 1.1940 225 152 103
12.1875 -10.5000 1.3570 205 177 99
25.1875 -22.5000 0.9320 214 62 165
-4.4375 -4.0000 1.0980 238 86 109
7.9375 9.5000 2.2310 149 196 194
6.4375 22.5000 0.1460 182 113 184
8.0000 7.0000 4.0350 101 126 240
12.0625 -21.5000 1.7800 166 227 172
-15.0625 3.0000 1.5200 206 187 90
7.3125 -1.0000 4.3160 90 124 233
-19.1875 23.5000 4.8650 78 174 238
21.7500 -2.0000 1.0730 246 97 131
-11.8125 -14.5000 5.6790 74 104 217
22.1250 -4.5000 2.1810 143 216 229
14.5000 -5.5000 4.4800 100 135 217
7.1875 11.0000 1.3340 229 158 68
23.8750 3.0000 0.9980 248 85 131
-22.0000 17.5000 2.7380 132 251 212
-5.9375 0.0000 1.1770 249 95 97
-15.1875 -10.5000 4.2570 95 162 235
0.2500 0.5000 5.0490 92 107 232
-3.3750 26.0000 0.1100 190 107 114
21.5000 -9.5000 1.0950 235 94 107
2.5625 -18.0000 6.6490 84 122 189
17.6250 -4.0000 4.2780 98 142 254
-15.4375 25.5000 0.8620 209 169 86
-4.1250 6.0000 5.4440 93 126 218
23.5000 -17.5000 5.1340 77 99 254
-11.0625 -9.5000 5.4250 78 124 236
18.3750 10.0000 1.1160 223 129 98
-5.0000 -11.5000 4.7420 89 133 232
-16.3750 7.5000 2.0310 168 204 123
8.8750 -22.5000 5.3040 90 97 232
5.8750 7.0000 5.4230 93 113 208
19.6875 16.5000 1.0450 214 244 72
-6.0625 7.5000 5.4840 95 121 206
-23.4375 -14.0000 0.1520 181 153 145
-21.3125 -23.0000 1.0330 234 151 101
20.3750 5.0000 1.1010 244 110 93
4.6250 5.0000 4.4640 94 130 229
-16.6875 4.5000 0.9030 240 101 84
-0.6875 15.5000 1.3700 217 176 74
3.2500 -8.5000 1.0490 236 76 131
-14.6875 -12.0000 5.7430 75 122 218
-23.0625 -9.0000 0.1320 169 146 140
-18.4375 12.5000 2.0820 160 254 130
19.8125 -2.0000 1.1530 236 117 114
-13.6875 0.5000 1.1940 239 110 71
-14.2500 -11.5000 4.4810 86 149 238
8.5000 -17.0000 1.3850 208 177 98
-15.0000 15.0000 0.1480 189 134 142
1.8125 -17.5000 6.7160 79 102 187
6.8750 -5.0000 1.7110 169 201 133
3.5000 -17.0000 4.0840 106 144 240
-17.8125 21.5000 0.7450 226 138 107
14.6250 -18.5000 0.9640 231 62 147
-12.9375 17.5000 0.1560 190 132 153
22.9375 7.5000 0.8200 243 124 111
-3.4375 3.0000 5.0070 99 110 227
19.8750 -3.0000 4.0190 96 146 254
-8.5625 -18.0000 5.4880 79 116 225
-7.6875 -0.5000 1.1740 252 94 86
20.8125 0.0000 1.0430 247 93 110
-3.1875 3.5000 5.1330 98 110 224
-8.5000 6.5000 1.3990 231 139 68
-1.3750 -21.5000 5.7180 72 146 188
-23.6875 11.0000 0.1370 175 107 165
4.1250 -12.5000 1.0540 250 85 134
-12.4375 8.0000 1.8010 196 211 109
11.0000 -2.5000 4.5020 83 125 234
-12.1250 25.5000 0.1530 173 143 136
-0.8125 -4.0000 1.1170 237 88 107
-1.1250 15.0000 2.2520 149 214 176
-14.6250 9.5000 2.0170 171 216 131
11.6875 -7.0000 4.0590 111 128 241
25.1875 -3.5000 1.1080 225 89 115
-2.6250 8.0000 6.1200 75 118 212
-13.8750 -17.0000 5.0450 95 109 227
-21.6250 -17.0000 1.1390 224 219 89
-15.2500 -24.0000 3.9150 110 141 223
-20.3750 24.0000 4.8620 86 163 226
-14.8125 26.0000 0.8510 199 173 76
16.5000 -17.5000 0.9300 240 53 153
4.1250 3.0000 4.5730 95 109 233
-13.5000 10.0000 1.7690 180 218 73
-7.2500 10.5000 1.6350 191 179 80
-16.3750 -14.0000 4.4150 92 158 209
-12.2500 -21.5000 4.2250 99 143 248
20.0625 19.5000 0.1310 192 121 164
4.6250 15.5000 1.9630 164 212 178
5.4375 25.0000 0.0880 172 120 178
13.1875 -7.0000 4.1150 102 133 237
-15.6250 18.0000 0.1350 192 143 143
19.1250 -15.5000 1.0370 243 88 128
8.3125 5.0000 4.1750 94 136 239
10.4375 -19.0000 1.0380 239 87 112
12.0625 15.5000 0.9690 226 141 122
-21.0000 2.0000 0.1620 198 113 179
-23.0625 9.5000 0.1270 181 103 163
15.3750 4.5000 1.4140 195 188 118
-8.7500 -11.5000 5.4650 78 119 226
6.4375 -4.0000 3.9680 104 136 243
17.1875 4.5000 1.1070 235 102 105
-13.5000 25.5000 0.1440 172 124 164
24.8750 -17.0000 5.3850 89 99 234
-18.2500 -14.0000 4.0080 96 175 234
-8.2500 24.0000 0.1520 173 141 136
-6.8125 -0.5000 1.1790 245 94 103
21.9375 8.5000 0.6830 229 110 145
-1.6250 -23.0000 5.5930 88 122 190
-9.5625 -7.5000 1.1650 239 110 111
0.5625 -4.5000 1.1240 237 94 93
6.0625 -20.5000 3.6990 114 149 252
21.4375 9.0000 0.7190 228 114 141
-11.9375 -23.0000 4.2260 108 132 227
13.8750 11.5000 1.0680 250 99 133
4.8125 -2.5000 3.9800 104 142 254
20.0000 23.5000 0.1380 197 141 142
5.5000 9.5000 1.4170 216 165 80
12.0000 -8.0000 3.9710 104 140 251
23.0000 -12.5000 4.2450 83 153 250
-2.2500 14.0000 5.3350 80 134 207
-2.7500 16.0000 2.2750 149 219 181
9.6250 -8.5000 1.1110 234 113 106
-19.2500 -6.5000 0.1540 184 124 153
-18.6875 5.5000 0.1490 186 52 150
-21.5625 -14.0000 0.1470 185 115 150
-19.4375 20.5000 1.1040 228 176 50
-16.5625 -15.5000 5.0460 86 118 227
-8.1875 -9.0000 5.0270 83 117 251
-17.4375 -21.0000 1.1040 244 131 94
21.9375 -23.5000 0.8920 223 40 169
-20.0625 -1.5000 0.1410 176 130 157
-7.2500 2.0000 1.2720 231 104 83
-8.5625 -11.0000 5.3290 82 119 228
15.7500 9.0000 1.0040 242 87 129
21.6250 -9.0000 1.0860 236 92 108
-19.7500 -2.5000 0.1480 187 123 144
4.6875 -16.0000 2.8300 132 204 237
16.1875 11.5000 1.1160 232 133 111
0.8750 -16.0000 6.5830 78 113 197
24.2500 -21.5000 0.9620 235 70 153
-19.4375 -11.5000 0.2810 190 134 151
-3.2500 -15.0000 5.1620 85 116 222
-18.1875 24.0000 5.0940 71 173 236
10.8750 -20.5000 1.0520 251 94 131
18.0625 -12.5000 3.9160 103 136 254
-10.3125 1.0000 1.2070 242 96 84
-23.8125 1.5000 0.1390 175 133 169
11.6250 -1.0000 4.5290 83 120 241
-1.8125 -5.0000 1.1030 241 86 120
-1.6250 -14.0000 6.5150 80 82 204
-6.2500 -13.5000 4.5000 94 123 245
-4.5625 9.0000 6.0500 88 111 200
4.3125 5.0000 6.0870 80 92 203
-5.5625 -21.0000 5.5260 79 111 225
5.4375 -17.5000 3.9710 103 143 238
-16.1250 -10.5000 4.0780 96 166 254
19.9375 -11.5000 3.4900 96 178 254
7.0625 -11.0000 1.0040 236 82 157
25.0625 -22.5000 0.9140 216 59 169
25.5625 11.5000 0.1360 165 148 113
13.5625 4.5000 1.1310 242 103 115
-6.0000 -1.5000 1.1690 248 94 100
16.3750 7.5000 1.4800 188 202 123
-3.5000 12.0000 5.9040 80 127 196
-7.5000 -6.5000 1.0560 247 88 120
-20.3125 -6.5000 0.1440 187 143 158
14.3125 21.0000 0.5400 194 186 102
14.3750 -21.0000 0.9800 237 79 132
-2.3125 4.0000 5.3990 93 108 215
-12.6875 0.0000 1.1280 248 78 94
11.9375 12.5000 1.1040 237 108 115
12.3125 -13.0000 1.0230 242 92 131
1.2500 -9.5000 1.0900 240 92 119
-13.2500 -22.5000 4.2130 103 136 239
17.2500 -13.5000 1.0640 234 90 132
-17.1250 -20.5000 4.5120 84 152 254
-16.2500 25.0000 0.9010 213 173 80
-2.3125 11.5000 5.7640 77 129 204
10.3125 18.0000 0.6150 200 102 134
9.9375 -7.0000 3.8790 101 150 248
25.3750 -11.0000 4.3270 98 121 231
11.3750 3.0000 4.1280 91 124 231
-11.5625 19.5000 0.1380 192 149 107
-4.3125 3.0000 1.3640 225 132 83
9.4375 -18.5000 1.0610 240 91 113
4.3125 -23.5000 3.3230 123 150 223
0.1250 -5.0000 1.0910 244 77 105
-14.9375 16.5000 0.1410 198 142 131
-12.1250 23.5000 0.2970 195 161 105
-21.8125 -1.5000 0.1600 189 133 139
6.5625 -2.5000 4.1360 102 128 244
-3.2500 -12.0000 4.3090 101 136 242
-15.1875 -22.5000 1.3230 226 170 88
22.8125 -20.5000 0.9720 244 71 156
-2.3125 5.5000 5.6840 84 109 225
22.7500 11.5000 0.1380 175 107 178
-21.1875 19.0000 1.1570 241 173 56
17.9375 3.5000 2.0880 144 228 214
-21.1250 -21.5000 1.0690 244 160 93
-15.3750 -21.5000 1.1320 251 117 98
-17.8750 -11.0000 3.8190 96 193 233
-1.0625 -15.0000 6.6670 77 80 190
10.1250 1.0000 4.4450 78 132 243
23.1875 -1.5000 1.0350 251 86 123
16.1250 24.0000 0.8780 235 240 61
-18.1250 10.0000 2.0710 162 248 140
3.0000 12.5000 2.2400 149 199 201
21.2500 -1.5000 1.0850 243 94 120
-21.1875 -13.0000 0.2950 192 149 148
-5.9375 -3.5000 1.1260 243 94 112
25.1250 4.5000 1.1330 224 118 96
13.8125 18.0000 0.1310 166 114 183
8.3125 8.5000 1.2980 229 141 74
8.5000 10.5000 2.9650 129 178 237
-20.6250 -23.5000 0.1440 191 75 166
-14.5000 2.5000 1.4220 221 175 71
3.3750 13.5000 4.7040 95 136 235
16.0000 -7.5000 4.2940 90 156 233
10.4375 18.5000 0.6820 206 128 105
-4.4375 10.5000 6.3410 77 123 173
9.2500 -20.5000 4.9710 85 107 254
3.0000 12.0000 1.3170 230 152 84
13.8750 4.0000 1.1380 242 102 115
-19.0000 -17.5000 1.1160 242 145 96
-8.3750 -10.0000 5.1480 84 114 246
11.1250 -17.0000 0.9950 234 75 129
-2.8125 -2.0000 1.1540 249 102 130
-10.2500 -10.0000 5.3950 88 96 236
-12.2500 -5.5000 3.1750 126 174 254
-15.4375 -6.5000 1.2960 223 176 88
-21.3125 -13.5000 0.5890 201 206 100
-19.1875 15.5000 0.1610 171 111 152
12.5000 22.0000 0.5820 207 181 90
11.6875 2.5000 4.1320 91 124 227
16.5625 -2.0000 4.2040 105 140 245
19.5625 -23.0000 0.9440 233 63 169
-23.6875 18.0000 1.9470 171 232 148
-17.0625 21.5000 0.1800 176 99 189
11.5000 -14.0000 0.9740 241 71 131
-7.0000 13.0000 1.7090 190 198 114
-10.4375 12.0000 1.1010 237 161 74
-16.6875 -10.5000 4.0070 96 164 232
-21.6250 17.5000 1.7640 175 254 82
-0.8125 23.0000 0.1350 193 110 147
-11.1875 -7.0000 5.0590 78 130 250
8.1875 -18.5000 1.3620 214 162 88
-11.5625 -2.5000 1.0520 250 77 105
-2.1875 -17.0000 7.0970 72 95 188
15.0625 17.0000 0.1150 174 116 181
-0.2500 14.5000 1.2750 233 139 61
-18.0625 12.0000 2.0910 161 254 134
23.8750 -9.0000 1.9000 156 223 168
-12.1875 18.5000 0.1420 193 145 110
7.6250 -17.5000 1.1650 238 124 93
-22.3125 -17.0000 1.0550 213 241 93
5.4375 -18.5000 3.8990 112 127 254
22.5625 -23.5000 0.9140 225 57 171
-9.3125 -0.5000 1.1560 254 87 92
-20.4375 -23.0000 1.9250 159 233 155
25.5625 -9.0000 4.1340 115 121 224
6.3125 14.0000 1.1870 235 117 82
9.2500 2.5000 4.3110 85 127 240
-12.1250 5.5000 1.6260 211 177 83
-9.5625 8.0000 1.4550 218 172 67
-23.7500 -14.5000 0.1550 176 157 145
-1.7500 -5.5000 1.0840 237 84 134
0.6250 -18.5000 7.0310 72 96 194
11.3125 4.0000 4.0580 98 118 235
-4.1875 4.0000 5.0930 106 92 222
20.7500 9.0000 0.9550 238 133 86
12.6250 -19.5000 0.9940 241 95 154
20.1875 19.0000 0.1490 184 122 170
10.3125 -8.5000 1.1020 235 111 103
18.3125 18.0000 0.1710 194 125 154
-7.5000 26.0000 0.1240 160 146 141
18.6250 -22.0000 0.9120 240 54 178
4.0000 11.0000 5.2800 87 110 224
23.6250 -9.5000 1.9770 151 228 181
-16.3750 14.0000 0.0990 186 107 148
18.0000 -21.0000 0.9380 238 63 178
-8.3750 18.0000 0.2350 186 117 147
-21.8125 -20.0000 1.7800 162 254 135
6.8125 -17.5000 1.0980 245 112 99
-17.9375 7.5000 0.1490 193 48 140
13.3125 23.0000 0.5500 208 178 103
-11.0625 2.0000 1.2820 249 108 74
20.0625 22.5000 0.1450 197 143 137
-21.1250 21.5000 1.2300 234 179 62
-13.0000 -10.0000 5.7480 70 127 216
13.1875 14.5000 1.1490 240 140 91
19.7500 7.5000 1.1460 233 132 96
-6.5625 9.5000 5.8300 82 129 193
18.0000 1.5000 1.1250 237 105 93
-4.1250 -16.5000 5.2840 91 113 205
-19.5625 24.5000 5.0390 77 174 229
-2.2500 2.5000 5.1050 92 112 224
-0.6250 -3.0000 1.1370 232 89 98
18.1250 15.0000 1.0380 212 187 74
-0.4375 -21.5000 5.7660 72 137 208
22.1250 4.0000 1.0130 238 88 113
-12.6875 14.5000 0.1580 189 91 149
23.1875 -6.0000 1.1070 238 103 89
21.5625 -17.5000 1.0560 241 87 150
6.7500 -14.5000 1.0650 247 117 116
-6.1250 24.0000 0.1250 187 123 158
7.1250 19.5000 0.9580 240 140 86
9.0625 17.5000 1.2260 215 185 66
-2.6875 12.0000 5.7050 79 129 203
-10.7500 12.5000 0.9290 228 133 86
16.3750 -3.0000 4.2870 100 144 245
4.2500 -2.0000 4.0180 108 133 252
24.6875 -12.0000 4.5110 87 134 228
-0.7500 25.5000 0.1460 200 126 130
7.0625 6.0000 4.2060 93 139 251
21.1250 -23.5000 0.9270 228 47 161
20.4375 17.0000 1.0200 213 241 76
-20.3750 11.5000 2.1310 157 254 150
2.0625 16.0000 4.5990 104 125 217
-15.3125 23.5000 5.2270 73 203 177
-21.6250 17.5000 3.0060 119 237 216
19.6875 -10.5000 1.0680 242 95 127
-9.7500 9.0000 2.5400 148 208 200
-0.6250 3.5000 5.5180 91 108 219
-18.6875 23.5000 0.9950 234 149 86
23.6250 19.5000 1.0100 207 242 57
1.5625 13.5000 4.7360 93 119 225
-22.1250 3.5000 0.1370 189 106 160
-9.6875 18.0000 0.1370 182 115 141
-6.1250 21.5000 0.1720 179 126 144
21.1250 4.0000 1.0140 241 78 106
-12.0625 -16.0000 5.3790 83 102 221
-10.7500 21.5000 0.1510 185 124 100
-11.1250 -10.0000 5.5230 77 124 230
-19.3750 -17.5000 1.0910 237 184 87
-2.4375 -10.5000 1.1120 250 88 92
19.3125 0.5000 1.1190 245 108 104
16.1875 -14.0000 1.0870 232 102 132
16.1250 25.5000 0.9890 213 254 61
0.9375 16.0000 4.5930 90 144 218
-2.5625 -21.5000 5.6130 72 152 199
-19.3750 -5.5000 0.1470 191 130 152
-11.1875 19.0000 0.2010 190 153 148
-2.9375 -14.0000 4.4900 100 130 232
21.9375 -1.0000 1.0330 252 86 127
-17.0000 11.0000 2.0840 161 254 128
-8.8125 5.0000 1.4090 238 143 63
9.3750 15.5000 1.2040 227 151 81
25.3750 -19.0000 5.7760 78 104 226
-20.5625 -21.0000 1.0470 244 153 98
-9.5000 -5.0000 1.0520 250 84 138
4.4375 6.0000 5.7900 83 95 209
23.6250 9.0000 0.1390 171 78 186
7.8750 8.0000 2.1780 162 205 193
6.4375 -22.5000 3.3790 122 154 249
-24.1250 23.5000 1.5180 191 195 107
-3.7500 -24.0000 5.3890 105 123 191
-9.4375 -18.5000 4.2640 107 129 244
-22.1875 -4.5000 0.1380 185 136 170
0.5000 1.0000 5.1800 93 108 223
-5.4375 11.0000 6.2810 71 126 180
13.5625 17.5000 5.5190 56 208 179
12.1875 6.5000 1.0790 247 104 128
-10.0000 3.5000 1.3880 237 128 91
6.2500 -22.5000 3.3870 122 153 248
10.7500 -7.0000 3.9530 99 145 242
2.2500 -5.0000 1.1200 227 106 115
11.5000 -6.5000 4.0660 99 139 236
-6.4375 -7.5000 1.0950 245 98 105
-1.3125 -7.0000 1.0930 235 86 127
6.5000 13.0000 1.1580 241 108 79
-6.1250 -20.0000 4.2180 114 139 252
-21.6875 21.5000 1.3460 227 190 66
0.1250 16.0000 2.0030 156 228 159
-8.8750 0.0000 1.1800 252 96 89
-20.1875 -19.5000 1.0700 241 157 88
-6.5000 10.5000 1.4280 220 169 49
-9.8125 17.5000 0.2460 184 120 143
10.6250 -21.0000 1.0430 254 92 131
-20.7500 -4.0000 0.1520 186 128 151
19.3750 -1.0000 2.0000 169 210 198
-14.8750 -0.5000 1.0690 254 106 85
-19.6250 19.5000 1.0800 241 169 33
-1.0000 18.0000 2.2920 145 240 186
19.8750 -6.0000 4.3150 78 151 254
-7.5625 -12.5000 3.7890 110 133 248
14.6875 22.5000 0.5350 200 188 117
20.0000 -18.0000 1.0000 240 66 121
10.5625 20.0000 0.6250 206 146 124
15.5000 26.0000 0.4940 178 194 108
6.6250 -4.5000 3.9090 106 135 240
20.8750 -11.0000 3.5700 101 148 253
6.1875 15.5000 5.5560 82 134 218
-6.3750 -22.5000 5.3920 89 113 218
14.5000 -11.0000 3.8710 111 134 254
9.8750 -11.0000 1.0530 239 95 132
-6.3125 -18.5000 5.2760 85 122 224
4.8750 -8.5000 1.0640 231 86 124
-11.2500 -10.0000 5.5520 77 124 229
16.3750 23.5000 0.8570 238 237 59
-0.5625 7.0000 6.3390 85 99 204
-20.9375 17.5000 1.7180 179 253 70
21.0625 -3.0000 3.9910 100 134 253
18.7500 -5.0000 4.2480 88 145 250
-4.2500 -8.0000 1.0840 235 76 110
-2.8750 15.0000 1.4000 217 175 54
10.3125 15.0000 5.5320 71 132 222
17.3125 -3.5000 4.2370 101 141 237
-8.1875 -16.0000 4.3800 96 122 247
11.9375 25.5000 0.2570 178 158 165
-14.8125 -1.5000 1.0490 253 105 87
10.3750 7.5000 1.1180 247 100 84
12.5625 25.5000 1.3300 190 254 62
13.1250 0.0000 4.2800 91 136 249
10.6875 22.0000 1.1780 199 254 41
-9.0625 14.5000 1.0820 243 140 100
-3.0000 7.0000 5.8670 83 121 215
-11.0625 -19.5000 4.1980 103 134 252
-8.5000 11.0000 1.3880 231 185 51
17.6875 -3.5000 4.1970 104 139 233
2.7500 11.0000 5.0470 93 111 227
10.8750 8.0000 1.0920 249 94 86
10.7500 -21.5000 4.9360 82 112 254
-19.8125 8.0000 0.1410 194 68 153
-4.5000 5.5000 5.3140 91 101 230
1.3750 22.0000 1.1580 212 207 82
-12.2500 -3.0000 1.0580 253 78 102
4.8750 -22.5000 3.5310 124 133 245
-23.9375 17.0000 1.9740 168 242 130
-22.0000 -19.5000 1.7870 163 254 136
23.3750 -1.5000 1.0230 250 84 124
10.0625 -4.0000 4.2700 85 137 239
13.5000 -4.5000 4.5260 96 129 238
24.2500 -10.5000 4.4000 95 118 238
14.6875 9.0000 0.9690 242 85 139
3.5000 16.0000 2.1610 156 227 206
-17.6875 -22.0000 4.8310 78 149 246
13.3125 -20.0000 1.0010 239 81 139
-12.0000 -15.5000 5.4340 79 104 222
21.1875 -20.5000 0.9420 243 82 176
19.3125 -11.5000 1.1010 238 101 122
-13.2500 -4.0000 1.1020 241 115 92
-20.3125 -20.5000 1.0490 240 152 101
1.2500 3.0000 5.7770 77 113 213
6.4375 10.0000 3.4860 128 155 238
-9.1250 -5.5000 1.0740 246 95 127
-16.6250 11.5000 2.0480 161 254 116
6.3125 -21.0000 3.6760 113 150 254
3.6250 10.5000 4.9120 90 115 229
-7.2500 -9.0000 2.2030 150 222 219
15.6250 -16.0000 0.9680 240 73 154
8.1250 -0.5000 4.4850 87 120 225
-15.7500 24.0000 0.6520 203 156 101
5.5000 24.5000 0.1530 178 123 178
-8.2500 -10.5000 5.2530 86 111 239
14.3125 2.5000 2.2900 138 215 222
12.6250 -11.0000 3.6730 106 151 254
7.5625 6.5000 4.0920 99 137 246
20.4375 -18.5000 0.9440 236 53 129
15.4375 19.0000 0.1700 186 119 191
23.1250 6.5000 1.1220 233 128 102
0.5625 -5.5000 1.0740 241 84 111
19.5000 9.0000 1.1000 235 118 103
2.8125 22.5000 0.7660 221 173 92
-16.4375 22.5000 0.1460 176 103 190
-11.8125 -19.0000 3.5620 118 147 254
14.4375 24.0000 0.6650 216 201 70
3.4375 8.5000 5.5080 84 110 218
-17.7500 -15.5000 2.4320 136 243 221
18.6875 -1.5000 3.9890 102 146 254
3.2500 -5.0000 3.0570 130 180 254
0.7500 -20.0000 7.3040 62 100 179
-3.6250 18.0000 1.1660 234 159 73
1.0000 18.0000 4.5250 88 155 225
-17.1250 0.5000 1.4990 187 228 90
-21.6875 4.0000 0.1210 191 99 163
7.3750 3.0000 4.4010 88 126 234
-10.7500 -6.5000 4.9600 80 130 252
-6.9375 13.0000 1.4660 216 179 75
24.3125 4.5000 1.0780 232 104 100
-9.4375 5.0000 1.4330 234 147 68
3.6250 8.0000 5.5970 83 111 214
-6.8750 6.0000 5.0620 102 102 216
13.1875 -23.0000 3.1870 114 178 251
-14.0625 -23.5000 1.2990 220 145 89
12.9375 23.0000 0.6230 214 181 88
-6.8125 -12.0000 3.7120 121 141 254
-23.0625 -23.0000 1.0700 215 158 105
18.1875 -13.0000 1.0750 230 81 110
12.2500 14.0000 1.1780 236 144 95
-8.8750 21.0000 0.1690 186 148 155
12.1250 19.5000 0.6220 199 187 100
-16.6875 22.0000 0.1920 177 103 187
-16.6250 23.0000 0.8570 224 140 101
-22.6875 22.0000 1.5290 205 208 97
15.4375 12.0000 1.1210 228 131 118
-12.0000 20.0000 0.1540 192 148 114
-0.5625 1.5000 5.1260 99 96 220
-13.4375 10.0000 3.0650 114 185 216
21.4375 -2.5000 1.0930 242 100 131
14.6875 7.5000 0.9550 249 67 136
19.1250 -12.5000 1.1460 236 116 114
-15.5625 8.5000 2.0200 172 220 130
-24.2500 14.5000 2.9870 118 230 197
3.6250 11.0000 1.2850 237 149 74
-23.6250 19.0000 1.9240 172 231 144
4.0625 -2.0000 3.9890 104 142 254
9.9375 9.0000 1.1210 247 100 88
-8.8750 20.0000 0.1440 188 144 153
1.8125 5.5000 6.4170 84 86 191
16.8125 3.5000 1.1260 237 102 102
-23.2500 5.0000 0.1510 180 114 171
-22.2500 -4.5000 0.1640 185 141 167
-11.9375 20.5000 0.1680 192 148 117
5.1250 12.0000 5.1720 92 107 222
13.6250 6.0000 1.0540 246 89 124
-2.5625 -15.0000 5.1890 81 116 222
10.6875 14.5000 2.4450 135 229 240
5.0000 15.0000 2.0220 163 213 183
8.1250 -18.0000 1.1880 235 128 90
-22.5000 5.5000 0.1380 180 98 165
-23.8125 14.5000 2.1520 159 254 143
18.2500 -12.5000 1.1400 231 112 123
13.9375 -1.0000 4.3010 92 136 246
-18.7500 -12.5000 1.1560 227 195 73
-3.8125 22.0000 0.1170 188 108 182
-20.6875 -23.0000 1.7230 166 240 121
-22.5000 -18.5000 0.9060 225 177 84
18.4375 -6.0000 4.4680 78 147 249
-18.8125 -22.5000 1.0470 240 120 97
-20.9375 7.0000 0.1230 175 95 172
-7.1250 0.5000 1.2100 243 103 96
5.4375 2.0000 4.6360 96 102 229
-4.6250 -20.5000 5.6580 81 102 217
-7.5625 23.0000 0.1550 175 137 127
19.0000 -6.5000 4.4780 74 147 254
-11.7500 25.5000 0.1190 174 136 137
24.5625 -6.0000 1.1180 225 105 97
11.6875 25.0000 0.3150 184 163 158
21.5000 6.0000 1.0960 236 115 108
4.5000 -15.5000 2.8460 131 208 244
-7.6250 -9.0000 1.2320 235 130 92
7.0000 15.5000 1.2870 218 146 86
-18.5000 5.0000 0.1610 186 54 147
4.3125 17.0000 4.6770 91 134 217
25.2500 -9.0000 4.1780 112 121 228
14.3750 16.0000 0.2040 171 99 184
-7.6875 -16.5000 4.2310 108 113 246
8.7500 -19.0000 1.9410 161 208 200
6.1875 15.5000 1.2700 230 148 89
19.5000 -18.0000 0.9540 241 53 130
9.0625 1.0000 4.5230 79 125 232
-14.4375 25.5000 0.1570 171 124 169
18.6875 5.5000 1.1100 242 111 98
14.6250 13.0000 1.1400 234 131 105
16.7500 7.5000 1.3420 203 178 106
10.1875 -3.5000 4.3510 82 135 242
-20.0000 -15.0000 2.9290 113 254 198
12.6250 2.0000 4.1290 85 143 254
-15.0625 17.0000 0.1280 197 141 137
-21.6875 19.5000 1.2090 238 183 53
-11.6250 14.5000 0.1450 193 85 152
21.3750 -14.0000 4.1150 85 141 254
-14.7500 0.5000 1.1570 246 122 82
-11.2500 19.0000 0.1350 189 135 155
-4.2500 21.5000 0.1830 190 98 161
-20.2500 16.0000 3.0040 112 214 210
23.5625 -17.5000 5.1080 78 99 254
-16.1250 -15.5000 5.0320 91 120 227
24.1250 -4.0000 1.0980 240 98 114
19.1875 -3.5000 4.0980 92 148 254
21.8125 18.0000 0.9750 196 217 61
5.6250 17.5000 3.2290 125 173 254
-19.6250 8.5000 0.1340 204 73 164
6.0000 17.0000 3.1850 123 179 254
3.0000 20.0000 1.2000 223 178 82
22.4375 10.0000 0.1550 180 93 188
11.7500 -9.0000 1.2570 215 147 93
-4.1875 -17.0000 5.2080 90 123 202
-7.5625 9.0000 2.1260 163 210 154
2.0000 -4.0000 3.0780 126 173 254
-15.8125 13.5000 0.1500 187 140 142
25.1250 -21.5000 0.9630 224 69 155
-6.8750 13.0000 1.7210 189 198 116
9.0000 -11.5000 1.0380 239 91 138
22.7500 7.5000 0.9660 246 146 92
-7.7500 17.5000 0.8410 221 172 104
16.1875 22.5000 0.5040 207 187 123
-16.5625 -19.0000 1.1560 243 136 118
0.5625 6.0000 6.2660 82 92 204
24.8125 -2.5000 1.0780 236 85 115
-10.7500 -14.0000 5.8410 78 110 200
17.8750 -22.5000 0.9470 237 54 161
19.0000 11.0000 0.6520 202 101 148
20.3750 -7.5000 1.1100 229 90 111
5.2500 5.5000 4.3840 98 128 226
-12.9375 2.0000 1.2980 245 109 83
-12.5000 2.0000 1.3070 246 113 79
3.0625 -18.0000 4.0640 105 145 242
11.3750 -22.5000 5.0700 86 110 245
1.8125 13.5000 2.2990 146 208 200
-18.5625 -18.5000 1.0920 249 140 92
24.0625 -8.5000 1.2070 218 134 93
-2.3750 -18.5000 5.9440 77 111 202
-1.7500 -6.5000 1.0920 240 86 127
11.2500 5.5000 1.1290 236 96 81
-21.1875 9.5000 0.1380 196 79 181
-24.0625 7.0000 0.1240 190 112 183
-17.3750 -22.5000 1.0750 239 125 92
-7.3125 2.5000 1.2990 243 108 92
12.6250 22.5000 0.5530 206 177 101
-6.5625 -6.0000 1.0530 239 70 118
22.1875 7.5000 1.0690 242 154 82
-11.3750 19.5000 0.1510 193 150 106
-22.1875 -22.0000 1.7680 164 254 127
-13.7500 -11.5000 5.9080 76 116 207
-15.2500 17.5000 0.1430 196 142 139
-13.6875 24.5000 0.1580 176 128 163
6.2500 7.5000 4.0860 108 129 236
-16.6250 14.0000 0.1750 186 115 154
4.0000 12.5000 1.2280 240 128 87
16.6875 0.0000 4.0170 99 139 254
-17.1875 -4.5000 0.9140 231 122 100
-2.0625 -21.0000 5.6990 69 150 196
10.1875 14.0000 1.2150 233 127 80
-10.5625 -17.0000 3.4130 128 129 254
9.5000 17.5000 4.9800 67 187 215
-17.9375 -10.0000 3.7980 95 189 232
-1.6250 -10.0000 1.0770 253 79 98
2.1250 6.5000 6.1280 87 94 197
-9.8125 14.5000 0.8850 236 117 109
24.8750 -24.0000 0.9100 201 60 174
1.4375 -11.5000 1.1010 243 94 121
-0.7500 -15.5000 6.6840 72 100 190
-9.0000 -1.0000 1.1670 254 92 88
11.5000 -0.5000 4.5110 75 132 233
-5.0000 9.0000 6.0180 86 113 203
-22.1250 24.5000 4.7320 98 160 223
13.3125 25.5000 1.0040 205 229 63
-12.1875 5.0000 1.5760 219 169 74
-13.6875 14.5000 0.1370 188 134 134
1.6250 -5.5000 1.1180 235 102 108
8.8750 11.5000 1.2430 230 125 90
-6.3125 16.0000 1.1840 225 161 77
-0.1250 10.5000 5.6190 86 124 217
-2.6875 -15.0000 5.3410 81 112 219
21.0625 -14.5000 4.1430 84 139 254
12.8125 20.5000 1.5250 180 254 39
-1.6875 15.0000 1.5570 200 195 71
-20.6250 20.0000 1.1370 249 167 58
-20.5000 -2.0000 0.1540 178 130 157
2.6875 -0.5000 4.0840 109 127 233
3.1250 -13.0000 1.1070 240 98 126
24.4375 -13.0000 4.5810 96 126 228
-11.3125 24.5000 0.1410 183 136 129
1.2500 -19.0000 7.0460 76 95 189
15.0000 9.0000 0.9800 242 89 136
9.3125 6.5000 1.2600 231 129 88
-11.7500 -10.5000 5.7060 74 128 223
8.8125 18.5000 0.9020 221 151 81
4.0625 14.5000 4.7050 91 137 235
-4.3125 -14.0000 5.4280 90 119 219
-0.6875 6.5000 6.1570 81 111 208
11.8750 -1.0000 4.4780 84 121 242
-2.3125 17.0000 2.2500 144 247 182
22.2500 -10.0000 1.3960 200 186 86
-21.6875 -22.5000 1.0140 240 152 100
13.1250 26.0000 1.2290 187 254 61
1.1875 25.5000 0.0940 181 127 136
-16.6875 23.0000 5.2120 71 172 222
18.5625 12.5000 0.3140 177 117 204
-7.0625 12.5000 1.7330 188 199 108
14.4375 19.5000 0.1310 163 149 142
2.5000 22.5000 2.0030 157 244 154
-19.3750 -11.5000 0.3310 193 138 144
14.4375 15.5000 0.2000 173 95 185
-2.3125 2.5000 5.0640 93 112 225
6.8125 -23.0000 5.7120 83 99 205
20.5625 -16.5000 1.0370 233 69 123
-5.8750 5.0000 1.3510 236 144 77
-23.7500 13.0000 0.3530 183 121 170
-5.0000 -18.0000 4.6920 95 126 228
8.8750 -9.0000 1.1110 232 111 113
-5.1875 1.0000 1.2250 237 103 89
-14.5625 -10.5000 4.3550 92 160 230
-4.6875 1.5000 1.2420 240 97 74
-15.4375 -20.5000 1.1380 249 117 105
14.3750 13.5000 1.1030 240 126 95
-18.5000 8.0000 0.1730 192 54 148
-5.1875 -0.5000 1.1800 250 97 94
-11.1250 -21.5000 4.2560 97 141 246
20.9375 -18.5000 1.0160 233 71 119
20.5000 17.5000 0.9970 214 239 81
10.5000 5.5000 2.0170 164 202 182
-9.1875 23.0000 0.1610 175 137 134
-7.5625 8.0000 1.6300 202 187 83
18.1250 16.0000 0.4700 197 174 168
22.5625 -6.0000 1.1130 238 104 88
11.1250 -18.5000 1.0040 238 81 117
-16.3750 -1.0000 1.4310 201 196 66
-10.3750 10.0000 2.5380 142 214 216
-16.8750 -22.0000 1.1030 238 131 91
-14.9375 -9.5000 4.2200 93 164 242
10.6875 4.0000 4.0470 96 120 240
25.3125 -3.0000 1.0940 231 88 114
11.5000 -2.0000 4.6520 88 119 228
13.3750 -22.5000 3.3720 108 174 254
2.8750 2.0000 4.3720 100 115 230
-20.5000 22.5000 4.5870 93 167 227
-21.7500 -5.5000 0.1370 182 136 166
-11.0000 -5.5000 1.1070 238 103 86
19.2500 9.0000 1.0860 236 113 106
-1.0625 23.5000 0.1610 202 118 151
12.6250 -9.5000 3.8330 112 140 254
10.6250 -9.0000 1.1140 236 114 99
-11.3750 7.0000 1.6450 206 185 84
16.3125 -9.5000 4.1100 85 148 254
-13.8125 9.5000 3.0060 115 190 217
17.9375 7.0000 1.4900 178 203 125
-7.0000 -8.0000 1.0920 243 95 112
-14.8750 13.0000 0.1540 188 138 138
24.3125 -19.5000 1.0030 246 64 145
-19.8125 2.5000 0.1410 193 106 175
3.9375 14.0000 4.6840 92 138 236
25.4375 -18.0000 5.6400 70 115 239
8.0625 7.0000 4.0290 101 126 240
6.0000 6.0000 4.2680 95 137 248
11.1875 -11.5000 1.0700 237 101 123
14.6875 20.5000 0.4850 194 189 118
23.5000 -6.0000 1.1080 237 104 90
-6.1250 -7.5000 1.2330 232 130 97
-8.5625 -9.5000 5.1170 83 116 250
24.5625 4.0000 1.0820 232 105 100
-0.8125 -11.5000 4.0880 99 144 239
-13.3125 10.0000 1.6270 187 210 50
-3.5000 -7.0000 1.0920 235 85 133
4.0000 23.0000 0.3720 193 122 156
20.1875 -6.5000 4.3840 77 147 254
25.1250 -24.0000 0.9200 199 62 173
19.3750 16.5000 1.0380 215 244 73
14.6250 -10.0000 3.9330 109 141 254
20.0000 -13.0000 3.6720 91 167 254
12.1875 15.0000 1.1830 230 148 95
-1.1250 -20.5000 5.8190 71 141 184
-4.1875 17.0000 1.1950 222 168 69
-14.8125 16.0000 0.1560 198 145 121
22.1875 -16.0000 4.6680 80 128 254
-8.5000 -6.0000 1.0630 251 92 121
1.0625 15.5000 4.5940 97 122 226
-23.8750 -6.5000 0.1640 172 147 141
21.5000 -23.5000 0.9020 226 42 167
17.7500 6.0000 1.6260 170 229 146
-18.9375 -21.0000 1.0720 243 127 99
-12.9375 -20.0000 1.1500 245 101 97
-15.0000 -20.0000 1.1700 244 127 103
8.4375 -12.5000 1.0090 233 92 139
20.3750 15.0000 0.9200 207 168 85
11.8750 18.5000 0.6410 191 190 128
17.3750 23.5000 0.1110 158 156 144
11.6250 12.5000 1.1090 240 104 121
4.5000 6.0000 5.8550 82 94 208
-5.3125 -5.0000 1.0830 234 80 113
-23.5000 4.0000 0.1510 181 121 166
22.6250 7.5000 0.8420 244 126 109
18.6250 2.0000 1.0970 248 106 111
1.8125 3.5000 5.9780 88 106 203
-19.4375 -20.0000 2.8230 126 226 233
20.4375 19.0000 0.1530 184 122 169
-5.6250 5.5000 5.2120 89 101 235
-11.3750 21.5000 0.0990 185 117 109
11.6875 -2.5000 4.5900 87 130 231
-3.5000 8.5000 6.1610 78 115 212
4.5000 16.5000 1.8050 181 222 142
-2.3125 -7.0000 1.0850 240 85 127
21.9375 -11.0000 3.7920 94 161 247
19.7500 14.0000 1.0460 209 176 74
-18.3750 -8.0000 0.6920 216 156 119
-2.7500 -21.0000 5.6780 70 151 200
-21.5000 3.5000 0.1670 193 117 188
-8.0000 1.5000 1.2230 253 90 91
-18.0000 -14.5000 2.4490 135 243 218
-4.6875 21.0000 0.1580 189 98 144
19.3125 4.5000 1.8460 161 219 163
21.5625 19.0000 0.9550 209 246 66
-9.5625 5.5000 1.4460 231 150 71
8.2500 23.0000 0.1390 184 114 175
8.6250 -20.0000 4.9450 85 106 234
12.8750 24.5000 5.3870 57 240 177
6.4375 -9.0000 1.0670 248 102 136
-6.5000 15.0000 1.2050 235 127 64
-23.3750 18.0000 1.9400 170 235 145
-19.0000 8.5000 2.1730 152 242 160
-8.7500 -22.5000 5.0210 93 122 221
21.3750 -3.0000 3.9850 104 136 254
0.2500 -17.0000 6.8090 75 101 195
-7.9375 -21.5000 5.2260 84 122 226
-3.4375 16.0000 1.9940 163 215 150
-20.1250 12.0000 2.0840 161 251 140
15.9375 -7.5000 4.3110 90 155 233
-1.7500 13.5000 5.2770 83 131 205
24.1250 -11.5000 4.4550 91 120 238
-17.9375 -16.0000 1.1530 220 170 82
-7.2500 13.5000 1.2960 228 161 71
11.8750 -15.5000 0.9990 241 78 134
22.5625 -23.0000 0.9220 231 59 168
-23.0000 16.5000 1.9700 168 254 120
-10.1875 19.0000 0.1500 182 151 138
7.2500 -5.5000 3.8840 110 128 246
22.3750 -14.0000 4.3350 90 130 254
14.1250 4.5000 1.1290 240 102 115
-23.9375 -9.0000 0.1460 174 151 133
6.4375 2.0000 4.6370 87 122 231
-11.4375 22.5000 0.1180 192 123 115
-22.9375 -10.5000 0.1320 180 154 150
-6.5000 -9.0000 2.8710 130 194 254
18.5000 -3.0000 4.0980 95 144 254
-19.3125 -15.0000 2.8910 120 230 233
0.1250 -5.0000 1.0990 243 80 104
6.3750 18.0000 3.2180 124 182 254
13.3750 -14.0000 1.0350 242 89 129
11.1250 -19.0000 1.0070 236 82 116
-9.3750 -23.5000 4.2370 122 123 225
9.6250 1.0000 4.4590 79 128 233
-20.4375 -18.5000 1.0700 235 195 80
21.8125 1.5000 0.9510 253 72 141
4.4375 12.0000 1.2310 243 130 80
22.6875 -9.5000 1.2700 218 155 82
19.1875 11.5000 0.3400 176 86 194
-10.0625 15.5000 0.2280 187 111 160
-20.1250 -21.5000 2.3750 137 254 205
11.8125 -14.0000 0.9870 242 95 140
-19.1875 9.5000 3.0610 113 206 200
-18.2500 23.0000 0.9220 237 141 93
19.4375 -19.0000 0.9680 238 59 127
3.6250 12.5000 2.0870 160 201 193
-1.0000 20.5000 1.1710 223 200 86
-16.3750 1.0000 1.7810 168 205 138
2.1250 22.5000 1.9040 162 242 143
3.5625 -23.0000 3.5310 118 148 231
-6.4375 7.5000 5.4710 96 121 205
-15.9375 -7.5000 1.1580 230 145 100
5.0625 2.5000 4.6040 97 105 225
-7.3750 -7.0000 1.0860 246 90 108
-20.8125 -20.5000 1.0460 242 154 100
18.6250 -9.0000 3.1910 113 171 254
14.3750 9.5000 0.9870 242 77 132
3.6875 -5.0000 3.0670 117 176 254
6.5625 -21.0000 3.6750 111 151 254
2.1875 -23.0000 3.5960 128 153 230
-12.5625 14.0000 0.1380 191 88 151
10.5625 -2.5000 4.4780 82 127 238
19.4375 -11.0000 1.0860 236 97 125
15.1250 2.5000 1.2250 227 130 106
4.6875 13.0000 1.2080 239 124 87
-15.4375 -15.5000 5.1220 84 119 231
19.4375 -7.0000 4.4210 75 147 254
-13.3750 -21.0000 1.4710 207 195 99
7.5000 -20.0000 3.7950 108 145 252
13.8125 -11.0000 3.6790 104 154 254
-22.8125 -5.5000 0.1230 179 140 164
3.2500 8.0000 5.6520 83 110 212
-4.2500 20.5000 0.5670 206 177 110
12.7500 4.0000 2.1130 146 193 200
18.8125 9.5000 1.0880 226 123 97
-13.8750 21.0000 0.1340 182 135 148
10.8750 14.5000 2.4140 137 228 236
-17.6250 24.0000 0.9480 231 148 91
10.5000 -2.5000 4.5120 81 127 239
-20.3125 -12.5000 0.2450 188 139 153
-21.7500 -16.5000 1.0460 220 240 94
-7.3750 18.5000 0.2350 177 133 144
-21.6875 -21.0000 1.0370 244 159 96
-1.1875 4.5000 5.6380 93 95 224
14.5625 20.0000 0.3210 177 166 128
17.4375 11.0000 1.1180 227 134 108
0.0625 14.0000 5.3360 83 121 221
-2.7500 -12.0000 4.2580 100 138 243
12.8125 -1.0000 4.4500 88 136 247
20.4375 -14.0000 4.0770 87 128 254
-2.4375 -5.0000 1.0810 236 84 138
-20.0625 -14.5000 0.2170 192 117 145
-1.1250 -2.5000 1.1580 240 105 114
-12.3750 16.5000 0.1560 193 127 148
20.3750 -19.0000 0.9690 239 73 164
22.2500 -8.5000 1.0950 235 95 106
-22.1250 -9.5000 0.0940 175 134 144
-18.8750 -21.0000 2.7350 131 229 254
11.3750 7.0000 1.1120 239 96 97
-0.1875 -6.0000 1.0680 242 77 113
-5.3125 -14.0000 4.2220 106 130 244
3.6875 -11.5000 1.0820 244 90 138
-21.1875 -4.5000 0.1370 183 126 150
-19.7500 -11.5000 0.1940 186 129 161
20.6875 -6.0000 4.2850 82 147 254
15.4375 8.0000 0.9250 244 71 145
11.8125 19.0000 5.4400 63 220 175
6.8125 1.0000 4.5260 92 117 227
12.4375 -19.0000 0.9790 237 76 136
1.0625 -17.0000 6.7560 76 102 192
-15.6250 -8.5000 1.1910 229 149 91
6.3750 18.0000 1.3840 216 186 92
21.1250 -13.0000 3.9250 95 149 254
-16.1250 -20.5000 1.1220 244 110 114
-5.6250 17.0000 1.2150 224 178 66
25.5000 -1.0000 1.0520 232 80 115
2.6250 -5.0000 1.1080 234 113 118
-19.8125 20.0000 1.1120 245 158 62
-10.1875 -21.0000 4.3600 106 131 250
-19.1875 19.0000 0.1540 171 99 186
6.4375 -3.0000 4.0500 102 133 247
18.6875 -14.0000 1.0790 240 102 129
-17.0000 -3.0000 0.8590 215 147 118
-18.6875 5.0000 0.1320 184 55 147
21.6250 -10.0000 3.5230 102 159 249
6.6250 -5.5000 1.5380 185 195 111
5.8750 14.5000 1.1570 235 108 89
6.0625 15.0000 1.1190 238 100 93
8.6875 -8.0000 1.1100 233 119 121
11.6250 23.5000 1.2010 214 254 52
-14.6875 25.0000 0.1540 170 121 169
19.0000 -0.5000 2.0200 167 211 201
0.0000 -17.0000 6.8460 76 99 195
3.7500 17.5000 1.3310 226 171 71
12.6250 3.0000 4.0130 89 143 254
22.2500 13.0000 0.1390 159 115 183
-20.6250 -18.0000 1.0580 236 194 81
-14.8125 -11.5000 4.4090 88 151 243
11.4375 -2.5000 4.5890 87 130 230
8.5000 9.0000 2.0810 163 210 189
10.3750 7.0000 1.1530 239 107 92
-2.9375 18.0000 1.2420 232 177 65
20.2500 17.5000 1.0020 215 239 81
7.6875 12.0000 1.2430 238 130 72
-13.0625 20.5000 0.1510 186 138 140
-8.1250 -22.5000 5.0580 92 121 219
-5.0625 1.5000 1.2550 240 102 74
-2.8750 4.5000 5.3930 92 113 228
17.3750 -18.5000 0.9330 238 57 145
-2.5625 21.0000 0.5470 219 135 142
9.0000 11.0000 2.9430 124 185 244
5.8125 16.0000 1.2280 233 135 94
-21.3125 7.0000 0.1290 202 92 169
0.4375 -6.5000 1.0940 244 92 107
-6.1875 9.0000 5.8690 88 117 203
-11.7500 -19.5000 4.0870 112 130 241
20.8125 -8.5000 1.0500 241 97 127
-12.3125 -11.5000 5.8680 70 126 211
-6.8125 -20.5000 4.2240 115 140 250
7.5000 -11.5000 1.0120 239 84 151
19.2500 17.5000 0.2710 194 121 165
11.3750 16.0000 0.9060 226 90 94
14.8750 13.5000 0.8370 235 87 150
16.7500 25.0000 0.4920 192 194 121
12.1875 -9.5000 1.0860 240 113 113
-10.6875 6.5000 1.5910 211 178 75
-4.5000 17.0000 1.1960 224 170 67
-14.4375 19.0000 0.1040 187 148 132
-15.8125 -2.5000 1.1060 236 129 99
5.5625 -21.0000 3.6950 116 147 249
-8.0625 -4.5000 1.0710 254 83 128
15.6250 -14.5000 1.0340 238 87 142
-6.3750 -15.0000 4.2080 106 127 249
14.8125 -8.5000 4.0890 96 140 234
-13.9375 16.5000 0.1300 198 140 122
10.5625 -20.5000 1.0510 252 93 131
12.6250 9.5000 0.9560 247 68 141
5.8125 17.5000 3.2190 124 176 254
10.4375 23.0000 1.0580 209 250 42
-21.0625 20.0000 1.1560 248 172 56
-15.1875 18.5000 0.1350 190 142 139
-0.2500 8.0000 6.1950 80 114 216
-14.1250 -6.5000 1.3180 222 179 84
0.9375 14.5000 4.6660 92 124 232
7.6250 11.5000 3.4900 118 150 243
-1.1875 25.5000 0.1210 198 121 134
25.3125 -0.5000 1.0130 229 83 128
18.5000 9.0000 1.0590 234 101 115
-13.5625 19.5000 0.1460 192 138 115
13.4375 1.0000 4.1780 95 132 251
21.1875 -10.0000 3.4630 107 165 249
-12.3750 -7.5000 1.0980 241 100 80
-17.0000 5.0000 0.7530 229 142 97
-22.4375 1.5000 0.1420 185 120 172
4.6875 15.0000 4.6760 93 136 231
14.3750 -24.0000 3.2270 130 158 253
1.1875 -9.0000 1.0900 240 92 122
1.8750 3.5000 5.9510 88 106 203
-22.5625 25.5000 4.8160 107 152 210
21.9375 -14.0000 4.2980 78 139 254
8.7500 -11.0000 1.0360 237 100 130
10.6875 19.5000 5.4160 60 213 182
23.2500 8.5000 0.2790 184 85 186
24.9375 -6.0000 1.1150 223 104 99
17.5625 -6.5000 4.5150 82 150 230
0.2500 24.0000 0.1710 202 110 150
3.8125 -16.0000 6.2390 79 122 205
-21.2500 15.0000 2.0650 168 254 120
-8.6875 23.5000 0.1150 173 130 136
16.3750 -2.0000 4.2240 105 140 246
22.1250 -12.0000 3.9910 88 167 254
9.1250 14.5000 2.1290 151 230 212
-20.5625 -22.0000 5.0900 73 164 206
-20.5625 -19.5000 1.0600 242 157 89
2.4375 -20.5000 3.9900 110 166 211
0.5625 13.0000 5.0620 89 118 222
10.4375 5.0000 1.2070 233 119 74
8.0000 2.5000 4.4210 88 126 227
-16.0000 4.0000 1.3060 220 150 59
-3.0625 -9.0000 1.0720 253 70 101
10.8125 18.5000 0.6850 204 133 102
3.4375 7.0000 5.7910 81 101 207
-17.9375 7.5000 2.0010 168 239 131
-3.1250 -7.0000 1.0940 238 87 129
-3.3125 7.0000 5.8430 85 121 216
21.8125 13.0000 0.1410 157 116 186
4.0625 21.5000 1.0780 229 176 75
9.4375 9.5000 1.1470 248 98 86
10.3125 1.0000 4.3750 79 132 243
-19.3750 18.5000 0.1320 167 99 187
-18.0625 -15.5000 2.4610 135 245 224
20.3750 -22.0000 0.9150 239 63 173
-1.3750 2.0000 5.0900 94 109 215
3.3125 18.0000 1.5000 204 196 90
-4.7500 18.0000 1.1490 226 162 73
16.0625 -4.5000 4.4660 100 142 231
-23.8125 6.0000 0.1450 187 121 171
-13.0625 -19.5000 2.8780 137 198 248
-10.8125 25.0000 0.1310 172 135 131
-23.9375 -5.0000 0.0960 175 142 165
15.6875 -17.0000 0.9360 235 53 161
-16.8750 -20.0000 4.5810 95 143 244
8.3125 12.5000 2.2150 152 206 197
-8.1250 -9.0000 4.9870 84 118 252
11.9375 19.5000 0.9250 209 196 55
-5.7500 -0.5000 1.2030 247 103 94
-18.5625 8.5000 2.9620 116 210 212
5.5000 15.0000 1.1760 238 124 95
16.0625 11.0000 1.0900 235 124 114
23.9375 -14.5000 4.7340 84 120 247
18.0000 -8.0000 4.4320 80 135 254
-23.3750 -10.5000 0.1450 178 160 151
17.8750 -23.5000 0.9580 232 58 160
-2.3125 -9.0000 1.0950 254 80 95
7.0000 3.5000 4.4210 91 123 234
21.5625 -7.0000 1.0940 234 96 94
13.6875 -17.5000 0.9810 237 79 137
-18.9375 9.0000 3.0390 116 202 211
-5.8750 1.0000 1.2430 244 99 89
-5.1875 23.5000 0.1600 195 125 146
-18.4375 -12.0000 3.8980 90 196 232
12.5000 -1.5000 4.5000 89 132 243
9.7500 -18.5000 1.0360 242 85 113
-11.0625 -23.0000 4.1870 109 132 224
-13.6250 -22.5000 4.1600 104 135 240
-18.6875 9.0000 3.0430 115 203 211
5.5000 16.0000 5.4930 85 133 222
3.1250 -3.0000 1.1740 236 126 92
11.7500 -7.0000 4.0630 111 128 240
-8.9375 2.0000 1.2940 246 115 94
-2.8125 22.0000 0.1820 201 128 152
-16.5625 -11.5000 4.0690 89 173 235
-24.1250 -4.5000 0.1580 177 155 163
7.1250 9.5000 1.6970 187 188 124
-24.1875 24.5000 4.4750 117 148 207
8.3750 12.5000 2.3040 147 204 204
-10.0000 -15.0000 5.8180 85 99 223
15.3750 -1.5000 4.1950 99 141 254
18.8125 -15.5000 4.1370 90 125 254
1.0000 -8.5000 1.0850 237 91 127
-19.0000 -7.5000 0.1490 186 128 152
-9.1875 21.0000 0.1770 185 151 154
-10.3750 2.5000 1.3100 241 110 79
-18.2500 1.5000 0.1210 194 71 148
-24.1250 13.5000 1.9930 175 239 121
-1.8750 -7.5000 1.0980 236 88 125
6.5625 -15.0000 1.0620 250 117 113
11.8125 -11.0000 1.2590 215 155 103
1.5000 -16.0000 6.5170 80 112 194
-0.5000 24.0000 0.1500 206 120 147
-3.8125 -5.5000 1.0970 237 92 117
-23.4375 -16.5000 0.1260 170 144 146
-1.1875 -11.5000 1.1810 235 123 102
6.6875 -24.0000 5.8730 91 89 178
3.7500 0.0000 4.2680 104 121 232
-16.8750 5.0000 0.9350 231 168 80
2.1250 14.0000 2.3890 143 207 206
-2.0000 -11.5000 4.3580 98 136 241
-10.9375 -9.5000 5.3820 79 123 236
-0.6875 20.5000 1.1910 222 202 85
-16.3750 16.5000 0.1400 185 141 125
-22.9375 -14.5000 0.1370 180 149 144
-2.8125 14.5000 1.3660 224 171 49
2.1875 22.5000 1.0000 217 199 94
8.6250 -18.5000 1.0770 231 85 105
5.7500 14.0000 1.2090 230 122 86
-15.6875 -18.5000 1.2220 230 135 113
-17.8125 -23.5000 1.0390 230 115 97
14.5000 -3.5000 4.5330 95 130 237
-10.0625 -19.0000 4.8630 101 104 235
21.3125 -6.0000 1.1500 228 110 95
4.4375 -1.0000 4.0950 108 125 227
-19.5000 -21.0000 2.6270 134 237 229
-15.3125 0.5000 1.2780 228 156 79
-12.7500 -11.0000 5.8710 68 134 213
-13.8125 6.5000 1.8350 194 184 96
-17.0000 12.5000 2.1390 151 254 117
-21.5000 9.5000 0.1460 194 80 182
7.0000 10.0000 3.5230 121 147 230
2.6250 -17.0000 6.5110 79 115 197
17.6875 2.5000 2.1020 148 213 205
21.0625 15.5000 0.1640 166 107 172
-20.0000 -8.0000 0.8060 213 194 60
-20.3125 -2.5000 0.1410 183 126 152
13.9375 -3.0000 4.4810 93 132 245
-18.3125 16.0000 0.1400 167 128 139
7.1875 -23.0000 5.6690 83 99 205
4.8125 -22.5000 3.5730 123 132 245
15.3750 -9.5000 4.0030 91 149 254
7.6250 21.5000 0.1810 181 86 189
1.5000 -9.5000 1.0980 239 94 119
-22.6875 16.5000 1.9700 168 254 118
6.5625 -9.5000 1.0310 251 92 138
-2.6875 14.5000 5.2910 79 135 209
11.4375 24.0000 1.0940 220 254 55
-10.0000 -5.5000 1.0770 242 109 121
13.9375 4.5000 1.0990 243 97 118
-5.8750 -23.5000 5.2790 97 100 204
12.1250 4.5000 1.7330 161 181 153
1.0625 -8.0000 1.0920 233 92 131
-17.3750 25.0000 0.9550 220 151 97
8.8125 15.0000 1.2210 224 140 82
-0.3750 -13.0000 6.1800 77 106 213
-18.0000 25.0000 1.0430 221 160 85
-0.1250 21.0000 1.1620 223 190 82
21.8750 -16.0000 4.6030 82 128 254
8.2500 -20.0000 3.7100 111 140 248
1.7500 -1.0000 1.3120 222 149 81
13.0000 -21.5000 3.3730 107 181 254
1.9375 8.5000 5.6570 85 111 217
6.6875 3.0000 4.5020 88 125 236
-5.9375 -17.0000 4.1840 110 128 238
-7.6250 -18.0000 4.1930 108 129 236
-15.2500 9.5000 2.0410 169 217 135
-5.7500 21.5000 0.1660 182 123 141
-19.1250 22.0000 0.8910 235 152 100
8.8750 -11.5000 1.0400 240 99 139
-9.8125 16.5000 0.1660 186 112 146
-14.6875 -12.0000 4.5090 84 150 243
-5.9375 -13.0000 4.6110 93 135 236
2.5625 -9.5000 1.0590 236 77 130
6.8750 -3.0000 4.0680 101 132 246
-19.5625 6.5000 0.1340 191 74 158
12.3125 -4.0000 4.4450 97 130 242
20.7500 -21.5000 0.9360 238 70 170
21.0000 -8.0000 1.1010 234 105 121
-4.3750 -16.0000 4.3820 111 119 224
11.5000 -19.5000 1.0480 239 99 144
-4.1250 20.0000 0.7830 216 188 92
-10.0625 20.0000 0.1440 183 150 148
19.8750 3.0000 1.0360 253 90 120
-11.2500 10.5000 1.4630 205 215 57
1.2500 7.5000 6.0170 80 113 212
1.0000 6.0000 6.3880 81 89 199
-0.0625 -0.5000 1.2290 230 132 87
20.6875 -16.5000 4.0000 98 120 254
2.9375 -5.0000 3.0240 130 180 254
3.4375 13.5000 4.6790 95 137 235
-16.4375 -20.0000 4.8140 83 148 247
-6.4375 -6.5000 1.1130 237 87 107
-9.8125 -21.0000 4.3710 104 133 251
19.0000 -9.5000 3.2050 111 174 254
17.1875 -1.0000 4.0560 98 136 254
-2.6250 7.0000 5.9080 81 121 214
0.1875 23.0000 0.3040 206 118 142
7.3125 -16.0000 1.0600 249 120 110
-5.3750 23.0000 0.1510 196 119 147
1.1875 -5.0000 1.1110 232 103 116
-22.5000 7.0000 0.1390 196 102 174
4.6250 13.0000 1.2140 238 126 87
5.9375 3.0000 4.5840 92 121 234
24.5000 -13.5000 4.7180 93 126 227
-17.5000 13.0000 2.2900 145 254 139
14.3750 3.0000 2.2010 145 213 210
16.4375 3.0000 1.1610 239 114 98
16.0000 9.5000 1.0180 236 91 129
-4.0000 3.5000 5.0020 99 110 215
-15.5625 -11.0000 4.2110 91 165 247
13.7500 5.5000 1.0860 245 94 120
24.9375 10.0000 0.1460 167 116 155
22.1875 -4.0000 1.1120 244 104 111
-1.1875 -3.0000 1.1550 237 103 117
3.2500 -13.5000 1.1710 235 122 107
-1.8750 -1.5000 1.1730 252 96 108
7.6250 -21.5000 5.3150 76 110 228
15.3125 9.5000 1.0010 235 94 125
7.6875 -4.0000 4.0900 100 130 232
12.6250 20.0000 1.1780 211 254 20
-19.1250 -0.5000 0.1410 192 100 151
-17.8125 12.5000 2.0940 157 254 126
-6.3750 -4.0000 1.0760 243 76 119
5.8750 1.0000 4.4670 95 119 230
18.3750 6.5000 1.3670 203 192 112
-12.5000 -5.5000 1.1220 237 108 86
-5.8750 17.5000 1.1400 229 163 71
10.9375 13.0000 2.3590 145 211 227
-21.3750 -7.0000 0.1620 187 147 155
6.8125 -24.0000 5.8840 91 91 190
0.7500 6.5000 6.4370 82 88 198
2.3125 21.5000 1.9260 163 244 132
-3.2500 13.0000 5.6730 78 130 200
0.7500 13.5000 5.3740 82 120 220
-13.4375 25.0000 0.1580 175 129 161
-2.5000 3.5000 5.1820 95 111 223
-9.0000 23.0000 0.1350 175 130 133
-2.8750 -14.0000 4.6940 95 126 229
9.8125 -19.5000 2.0190 157 215 206
7.7500 8.5000 1.9440 175 203 164
20.7500 20.5000 0.1370 186 124 162
-21.4375 10.0000 0.1520 188 99 158
-9.2500 24.0000 0.1190 171 134 137
22.6250 -17.0000 4.8680 81 99 254
-23.1875 -8.5000 0.1500 179 145 136
11.3750 13.0000 1.1590 231 109 97
4.0625 22.0000 0.9300 230 189 76
-19.9375 16.0000 3.0500 111 209 208
-6.6250 -12.0000 3.7070 120 143 254
12.3750 3.0000 4.0700 88 141 254
-3.5000 -22.5000 5.4940 96 124 203
-16.7500 -18.5000 1.1480 241 146 98
-1.8750 -14.0000 5.1340 84 115 218
-7.8750 -17.0000 4.2110 110 125 241
-4.3750 23.5000 0.1240 193 115 143
22.3125 -22.5000 0.9110 236 55 170
-14.3125 -3.5000 1.1170 246 136 92
-15.0625 20.0000 0.1260 181 137 158
18.9375 -19.0000 0.9450 236 53 135
11.2500 -2.0000 4.5920 87 121 231
-0.1875 3.0000 5.5130 87 116 221
-4.6250 8.5000 5.9910 89 113 201
-6.2500 8.5000 5.6480 90 121 206
-14.8125 10.0000 2.0880 159 235 132
2.3750 10.5000 5.2520 86 116 224
-7.3750 5.5000 1.3680 236 128 66
-17.8125 -14.0000 4.1160 94 170 231
-9.4375 -17.0000 5.2870 86 112 230
-23.3125 0.5000 0.0880 175 122 156
9.1250 -24.0000 5.5620 95 97 207
14.3125 -14.0000 1.0170 234 77 129
21.9375 2.5000 0.9890 253 79 135
6.5625 -17.0000 1.0960 241 112 103
15.9375 17.0000 0.2410 188 118 167
-18.5625 12.0000 2.0840 162 254 136
-12.6250 -2.5000 1.0210 250 70 111
16.8125 19.5000 0.1460 198 120 166
7.1250 -19.5000 3.8150 107 129 248
11.3125 -10.5000 1.0650 235 97 119
-15.5000 -7.5000 1.1260 235 140 97
-18.2500 25.5000 5.4920 79 162 213
-18.4375 -13.0000 1.2060 224 201 70
-1.0000 6.5000 6.1070 80 112 210
15.1875 10.0000 1.0120 235 96 125
-0.3750 0.5000 5.0230 99 106 224
-11.1875 -18.0000 3.1570 127 169 254
-19.0625 2.5000 0.1380 190 75 163
-20.5000 -11.5000 0.3300 192 156 150
-16.3125 -13.0000 4.3520 97 148 222
-3.8125 14.0000 1.8500 175 207 125
-18.7500 -0.5000 0.1570 194 97 150
6.5625 13.0000 1.1660 241 110 77
-4.1250 -11.5000 4.2910 107 138 228
-16.5000 -12.5000 4.2310 99 151 230
21.3125 -1.0000 1.0610 246 89 123
-14.3125 -2.0000 1.0450 248 101 105
-5.7500 5.0000 5.0630 92 103 235
-4.8750 -24.0000 5.3010 105 122 199
-19.1250 -23.5000 0.7440 228 80 119
11.5625 -15.5000 0.9780 238 70 130
19.6875 -6.0000 4.2950 78 152 254
16.0625 12.0000 1.1120 230 131 115
-24.1875 13.5000 2.0100 175 240 123
23.9375 0.5000 0.9350 248 66 146
-20.6875 19.5000 1.1400 248 169 57
22.6250 -19.5000 0.9890 248 69 161
18.6250 10.0000 1.1070 224 128 97
-2.0000 9.5000 6.1350 79 112 209
15.0000 -16.0000 0.9800 245 80 152
-7.3125 -2.0000 1.0970 249 88 128
-23.8125 8.0000 0.1680 189 111 179
-20.8750 -22.5000 1.9130 156 254 148
-16.3125 -0.5000 2.2060 146 209 189
8.0000 -6.5000 1.2690 220 158 80
-17.8125 5.5000 0.3520 201 72 141
7.3125 -18.0000 1.8770 172 204 163
23.5000 8.0000 0.3830 194 95 176
-7.6250 -22.0000 5.2150 90 102 224
24.6875 -16.0000 5.1570 94 99 239
13.8125 15.5000 0.3080 176 95 188
5.1250 -23.5000 3.1860 132 147 231
-2.6875 -11.0000 4.3430 103 134 240
25.0000 -10.0000 4.2510 102 119 233
0.0625 -23.0000 3.2050 146 164 214
0.8125 5.0000 6.1500 84 94 203
15.8750 -4.0000 4.4160 100 143 237
22.6875 9.0000 0.2260 180 79 195
7.4375 -8.5000 1.0750 245 106 130
4.1875 -18.0000 3.9540 106 147 245
-7.6250 8.0000 5.4220 86 123 186
-15.2500 25.5000 5.1900 85 189 170
1.6875 18.0000 2.0350 158 238 158
-22.8750 2.5000 0.1170 186 111 188
9.5625 -14.5000 1.0320 241 95 132
5.3750 10.0000 1.3160 229 145 82
7.8125 0.0000 4.5250 86 120 226
16.8750 -16.5000 1.0090 234 74 148
-20.3750 -17.5000 1.0590 234 194 83
21.5000 -16.5000 4.5110 83 112 254
-22.4375 23.5000 1.6490 190 228 107
24.5625 1.5000 0.9610 241 71 141
10.4375 -12.5000 1.0230 247 93 130
-21.3750 -18.0000 1.8400 159 254 151
-0.8750 1.0000 1.2640 236 133 95
15.2500 1.5000 4.0670 101 141 254
10.4375 -9.5000 1.0700 240 102 105
-0.3125 4.0000 5.6760 88 108 215
-21.9375 1.0000 0.1880 189 127 163
-20.0625 -21.5000 2.2440 142 254 194
-11.3750 -9.0000 5.3500 78 126 240
-7.5000 3.5000 1.3100 244 111 84
-18.0625 -21.0000 1.0790 247 127 96
-7.7500 15.5000 1.1270 220 157 83
-3.6250 -23.0000 5.4460 101 123 197
-23.2500 -20.5000 0.1400 182 113 155
-11.5625 -18.5000 1.2460 238 130 83
6.5625 3.5000 4.4750 91 123 235
1.5000 2.5000 5.7030 78 114 212
7.6250 23.5000 0.1220 182 114 181
2.5625 -3.0000 3.1040 131 173 254
-11.5000 19.5000 0.1550 193 150 107
-16.3750 18.5000 0.1320 178 141 145
18.3125 21.5000 0.1210 190 150 154
-15.8750 -23.0000 1.5790 181 201 120
18.5625 -18.0000 0.9990 238 64 128
-12.2500 17.0000 0.1340 195 121 151
8.3750 0.5000 4.6240 80 129 222
-1.5625 -19.0000 5.9360 80 110 193
3.7500 -23.5000 3.3870 122 149 225
9.1875 -10.0000 1.0710 236 100 114
19.4375 1.5000 1.0770 252 101 112
-19.6250 -6.5000 0.1410 188 129 148
5.8125 -8.0000 1.0730 236 111 137
-13.5625 -20.0000 1.1870 241 124 100
0.9375 -22.0000 3.2350 141 186 237
-16.3750 -21.0000 1.1040 246 105 112
1.3750 -13.5000 1.1130 239 105 111
-2.3125 -1.0000 1.1760 254 99 108
-20.3750 21.0000 1.1460 246 163 63
14.2500 -15.0000 0.9800 243 78 131
-3.0625 -12.0000 4.2590 102 137 242
18.3125 3.0000 1.0880 244 103 117
17.8125 16.5000 0.4370 195 163 162
12.5625 -21.5000 1.2060 224 154 103
13.3750 5.5000 1.0970 246 97 119
-7.5625 -22.0000 5.1430 92 103 225
-13.8125 -15.5000 5.2630 85 110 224
20.6875 -10.5000 1.1310 234 102 115
-6.8750 -16.0000 4.2050 108 121 250
23.3750 -18.0000 1.0170 250 78 153
2.5000 25.5000 0.1370 184 126 133
14.3750 -16.0000 0.9980 234 68 133
13.8125 13.0000 1.1420 239 131 108
-7.1250 7.5000 5.2680 92 105 207
-10.6875 4.5000 1.4340 236 138 55
17.6250 -16.5000 1.0050 231 74 146
1.1250 -18.5000 6.9320 73 99 193
-18.8750 16.5000 0.1550 166 128 152
6.1250 -2.5000 4.0370 106 130 246
8.5000 -7.5000 1.1190 233 118 106
-17.6250 9.0000 2.0610 164 241 139
10.0625 13.5000 2.0040 162 227 195
2.4375 -7.0000 1.0420 238 73 119
-13.7500 -23.0000 1.2690 226 139 84
-21.3750 12.5000 2.0460 162 254 136
4.7500 17.5000 2.1030 164 228 187
10.4375 12.5000 2.5560 138 202 234
-6.9375 10.5000 2.2890 160 208 177
-5.3750 -22.5000 5.3970 86 114 219
-13.5000 -5.0000 1.1860 234 149 90
22.3125 -14.5000 4.3570 88 131 254
-5.8125 10.0000 1.6810 199 200 91
20.4375 6.0000 1.1160 241 113 96
25.5625 -11.0000 4.2900 99 122 231
8.1250 25.5000 0.1200 179 125 180
18.2500 -19.0000 0.9430 232 66 161
-9.3125 -5.5000 1.0680 245 94 129
2.0625 14.5000 4.6390 96 119 223
-15.9375 -20.5000 1.1300 245 114 111
1.4375 -23.5000 3.4810 134 154 223
-2.8125 -15.0000 5.3500 80 112 219
20.6250 0.0000 1.0530 249 95 109
-22.6250 16.5000 1.9900 163 254 136
-14.5625 -17.5000 1.1890 237 119 113
21.6250 9.5000 0.2850 185 105 183
-21.6875 -1.0000 0.1620 190 132 143
1.6250 -2.5000 3.1010 125 165 252
-1.7500 8.0000 6.2920 74 114 208
-1.8125 10.0000 5.9650 80 127 212
15.1875 2.5000 2.2480 135 213 229
-8.8750 5.5000 1.4480 232 153 68
23.7500 -11.5000 4.4230 83 140 239
10.1250 -4.5000 4.2480 87 136 236
16.3750 -23.5000 0.9930 234 82 153
-22.4375 -23.0000 1.0170 228 152 104
-17.8750 -21.0000 1.0960 246 131 94
-22.5625 15.5000 1.9940 167 254 120
5.3750 -12.0000 1.0600 246 102 156
-9.6875 19.5000 0.1140 185 141 151
-18.1875 -19.5000 3.2810 127 179 243
15.2500 -12.0000 1.0710 230 92 119
5.5625 9.0000 5.0820 96 125 209
-23.7500 10.5000 0.1480 178 107 166
-15.6875 8.0000 2.0450 170 218 134
-9.1875 18.0000 0.1430 184 112 145
-23.6250 -5.5000 0.1240 176 145 161
-17.4375 -15.0000 2.4220 137 239 218
-6.3125 -19.5000 4.3260 107 136 244
23.6250 -6.5000 1.1130 235 105 88
-0.2500 0.0000 1.2310 229 132 88
3.5625 -17.0000 4.0780 106 144 240
1.1875 6.5000 6.2340 84 90 200
-21.3125 -20.5000 1.0760 240 163 95
21.3125 -10.0000 3.4710 107 165 250
-23.8125 -20.0000 0.1350 180 119 159
11.7500 0.0000 4.4150 77 145 237
21.5000 9.5000 0.5660 201 124 143
-11.4375 -9.5000 5.4540 76 125 237
1.6250 13.5000 4.6630 94 120 225
1.8750 -14.0000 6.0760 80 119 202
-1.7500 6.5000 5.9240 83 102 216
-9.8125 -22.5000 4.2480 116 125 241
6.3750 -9.0000 1.0330 249 93 140
-19.3125 3.0000 0.1450 188 77 164
2.1250 2.0000 4.3320 101 111 230
-14.1875 -19.0000 2.8880 128 189 246
-0.5000 4.5000 5.7770 91 92 217
9.7500 6.5000 1.2590 223 129 82
-7.5625 -14.5000 4.2840 101 119 248
-4.3750 -7.0000 1.0750 237 81 107
10.8125 15.0000 5.4400 72 130 222
-14.0000 0.5000 1.1980 240 130 80
6.3125 25.5000 0.0670 171 120 175
-4.0000 25.0000 0.1400 193 117 122
20.4375 -0.5000 1.0780 250 101 104
-5.5000 15.0000 1.4730 209 192 71
-17.3125 23.5000 0.8960 232 141 98
-17.7500 -1.0000 1.3320 210 216 77
-14.5000 -18.0000 1.1930 238 123 110
11.3750 14.0000 2.0490 160 220 196
4.5000 -3.0000 1.1990 234 130 84
-18.8125 -23.5000 0.8940 232 94 99
20.3750 5.0000 1.2930 219 168 98
6.8750 6.5000 4.1370 98 138 249
-8.0000 20.5000 0.1800 186 150 150
-4.4375 22.0000 0.1300 188 96 165
4.1875 -6.0000 2.3590 139 232 243
-20.8125 18.5000 1.1120 228 189 44
3.8750 22.0000 0.8250 227 177 83
-13.6875 4.5000 1.6640 196 169 104
-4.3125 -18.5000 4.9970 91 121 221
-2.8750 -11.5000 5.5850 80 105 223
16.0000 4.5000 1.4810 189 203 123
8.8125 -15.0000 1.0120 239 88 138
19.8125 -18.5000 0.9720 240 59 125
13.6250 10.5000 1.0110 252 87 141
18.1875 -2.5000 4.0840 101 145 248
-9.5000 -11.5000 5.5170 80 116 221
-1.5000 -14.0000 4.2780 103 126 226
8.3750 10.0000 2.9720 129 168 221
13.0000 -23.5000 3.2700 115 170 245
19.6875 13.5000 0.1530 165 113 203
6.9375 -21.0000 3.6780 111 152 254
-14.1250 -4.5000 1.2090 233 155 93
19.6875 -15.0000 4.2920 86 121 254
20.8125 1.5000 0.9880 254 77 127
0.8125 18.5000 4.5390 91 155 223
-13.8125 19.0000 0.1390 186 152 126
-12.2500 -24.0000 4.1960 117 133 208
-20.8750 2.5000 0.1240 196 101 189
-14.1250 -3.0000 1.0830 246 130 97
-6.0625 15.0000 1.2950 227 156 61
-7.1875 22.0000 0.1440 192 124 134
-0.4375 -6.0000 1.1210 238 96 112
20.9375 19.0000 0.9810 224 250 64
-10.5000 21.5000 0.1400 185 122 100
-1.5625 10.0000 6.0150 80 125 210
13.6875 21.5000 0.5650 205 186 87
6.0000 -7.0000 1.8450 162 209 158
12.7500 5.0000 2.0300 152 204 198
-4.8125 -12.0000 4.3340 100 138 236
2.0625 19.5000 1.1890 217 172 63
-21.0625 23.5000 4.6680 90 167 231
-13.5000 -20.5000 1.1810 245 123 98
5.5000 20.5000 1.0890 228 171 79
-18.0625 -4.0000 0.1870 188 103 158
-8.3750 -15.5000 4.8220 89 114 246
-12.1250 -23.0000 4.2230 108 132 227
-1.3125 0.5000 1.4070 214 166 92
-0.1250 17.0000 2.2870 144 242 191
-22.9375 16.0000 2.0180 166 254 128
-6.8125 3.0000 1.2650 235 98 86
-5.0000 4.0000 1.3980 226 139 84
-18.0000 -10.5000 3.7870 96 188 229
11.5000 -8.0000 3.9540 105 134 246
18.8750 -3.0000 4.0630 95 145 254
13.7500 -11.0000 1.9970 151 215 194
-8.5625 5.0000 1.4120 237 143 63
15.0000 10.5000 1.0390 237 93 124
4.9375 -3.0000 3.9560 102 146 254
19.0625 3.5000 1.0620 247 96 120
20.3750 13.0000 0.1430 153 98 193
-16.4375 12.5000 3.0850 110 231 188
-12.5625 15.0000 0.1300 188 88 146
0.3750 15.0000 4.5890 94 126 231
22.6875 -11.5000 4.0760 86 162 251
13.6875 10.5000 0.9960 253 84 143
-0.2500 2.5000 5.4150 88 117 222
-12.6875 3.0000 1.4260 227 134 87
-4.0000 -18.5000 5.7990 84 112 222
-5.0625 5.5000 5.2480 89 102 234
-0.2500 -11.0000 1.1150 239 89 110
-18.9375 20.0000 1.0750 232 175 44
12.8125 3.5000 4.0130 92 141 254
-11.2500 -17.5000 5.2680 93 104 235
5.2500 22.0000 0.3900 192 99 171
-1.4375 11.0000 5.7560 82 126 200
11.0625 0.0000 4.4990 73 134 239
-1.5000 3.5000 5.3880 92 108 212
9.4375 1.0000 4.4770 79 127 233
6.4375 0.5000 4.4460 94 119 231
5.8750 16.0000 4.6200 90 140 230
5.6250 -21.0000 3.6820 116 147 249
-20.0625 1.5000 0.1490 189 120 173
-20.2500 -15.0000 2.7840 114 254 197
15.1875 7.0000 0.9770 234 83 140
-16.2500 -10.0000 3.9960 105 164 238
-21.3125 -6.5000 0.1970 186 159 153
-11.6875 -15.0000 5.6030 75 105 219
-10.0000 8.0000 1.4780 213 172 74
-17.0625 6.5000 0.6760 222 86 109
10.2500 24.0000 0.7000 212 207 80
-1.3125 12.0000 5.5060 84 125 203
-7.2500 -16.0000 4.1940 108 121 251
16.3750 10.0000 1.0680 231 117 117
13.8750 7.5000 0.9850 251 76 125
10.8125 -2.5000 4.5100 82 126 236
0.0625 -24.0000 3.3400 144 160 206
-9.2500 12.5000 2.1260 157 228 177
8.5000 21.0000 1.1370 219 202 59
13.0000 -10.5000 1.0720 242 114 114
-19.6875 5.0000 0.1590 183 72 137
-20.3125 23.5000 4.8170 86 164 227
-6.3750 -17.0000 4.2380 102 124 240
-0.9375 2.5000 5.2940 94 108 209
8.0625 -19.5000 3.8390 107 136 248
2.6250 -18.5000 6.8310 83 121 186
22.0000 11.5000 0.1500 172 109 186
17.8125 -9.0000 4.3650 82 131 254
7.2500 14.5000 1.1560 239 111 81
4.1875 10.5000 5.2610 88 111 221
-20.5000 12.0000 2.0670 162 254 140
-7.4375 -17.0000 4.1700 112 116 240
-0.1875 -1.5000 1.1860 232 109 99
-8.8750 -14.5000 3.9390 111 127 254
-21.1250 -17.5000 1.7800 162 254 144
7.5000 22.5000 0.0310 179 112 188
-10.6875 11.0000 1.3730 212 207 52
-0.0625 -6.0000 1.1020 240 90 111
-13.6250 -18.5000 1.4040 200 178 104
10.6875 19.5000 0.6510 207 149 115
18.1875 17.0000 0.3180 192 139 156
0.2500 6.5000 6.2730 85 91 204
-14.5000 24.5000 0.1530 173 121 166
-0.0625 20.5000 1.2870 214 212 76
0.6250 -13.0000 6.0750 73 110 214
-13.3125 -17.5000 5.0220 94 123 235
-3.7500 4.0000 5.1750 100 105 229
-21.0625 18.0000 1.9540 162 254 131
-9.6875 23.0000 0.1500 173 137 130
5.1250 6.0000 4.3790 98 129 228
-23.1875 21.0000 2.4370 146 234 212
-5.0000 -17.0000 4.3910 105 126 227
-3.8125 6.0000 5.5270 93 125 215
20.0625 0.5000 1.0710 248 99 109
15.4375 -7.0000 4.3340 90 156 238
21.0625 19.5000 0.9300 225 236 84
15.5625 -15.0000 1.0110 242 82 145
21.1250 2.0000 0.9810 254 75 127
6.1250 -6.5000 1.9040 159 211 165
7.4375 -5.5000 1.5190 187 196 103
-2.6875 -13.0000 4.3750 98 135 237
8.4375 16.5000 1.1970 220 145 81
15.3125 16.0000 0.2540 181 126 179
3.8125 -1.5000 4.0150 110 128 228
9.0000 3.5000 4.2330 88 132 240
-9.5625 -17.0000 4.8940 94 116 239
13.3125 -17.0000 0.9590 235 75 143
-11.1250 -4.0000 1.0690 251 80 101
22.8750 6.5000 1.1250 233 128 102
13.5625 -1.5000 4.3880 91 135 244
17.6250 -6.5000 4.5390 82 149 230
11.0625 13.5000 1.2320 230 127 84
20.1875 2.5000 1.0220 253 87 121
-20.0625 -10.5000 0.3020 187 147 150
9.0000 1.5000 4.4410 82 126 235
0.1875 -19.0000 7.1430 76 93 192
18.1875 -0.5000 1.5140 202 179 115
-20.8125 -7.5000 0.1680 188 152 147
-0.4375 16.5000 3.1340 122 195 229
18.0000 11.0000 0.9120 226 77 122
-14.6250 18.0000 0.1600 196 143 132
-13.5000 -20.0000 1.1800 242 121 101
-20.4375 -21.5000 2.0560 151 254 173
3.1875 -21.0000 3.8310 110 149 246
-8.0000 13.0000 1.2700 240 159 65
13.3125 5.0000 1.8840 158 201 173
-7.3750 -8.5000 1.1500 244 112 112
6.3750 -5.5000 1.9440 157 209 164
-20.0000 6.5000 0.1470 176 93 163
11.0000 -2.0000 4.6080 86 122 233
-18.3125 6.5000 0.2670 192 59 147
-3.5625 23.0000 0.1550 199 121 160
2.0000 19.5000 1.2270 212 181 63
4.6250 22.5000 0.3750 192 123 152
8.9375 7.5000 1.2110 230 113 80
-21.5625 -2.0000 0.1180 187 124 138
-11.9375 6.0000 1.6160 212 176 82
7.2500 21.5000 0.1600 179 83 193
12.8125 25.0000 0.9950 213 226 59
2.4375 -22.0000 3.4830 128 160 244
10.7500 16.5000 1.1420 223 177 51
14.6875 5.0000 1.0880 244 85 111
-16.0000 14.0000 0.1650 187 142 142
-5.8125 -10.5000 1.2740 230 141 88
25.5625 25.5000 0.0880 167 153 62
-15.6875 24.0000 5.2670 75 199 176
-13.1250 9.5000 1.8810 180 220 128
-8.9375 -2.5000 1.0840 252 90 135
-15.2500 -3.5000 1.1130 245 135 94
-11.1875 15.0000 0.1150 189 84 149
2.3125 4.0000 6.1830 89 98 198
-18.8750 20.5000 1.0620 232 172 49
16.6250 -22.0000 0.9680 250 76 154
-0.9375 7.5000 6.3080 84 99 210
23.8750 -23.0000 0.9220 225 62 167
-22.5625 -22.0000 1.7680 163 250 128
-1.1250 12.0000 5.4650 86 124 202
-18.6250 3.5000 0.1390 191 70 161
-6.5000 5.0000 1.3900 230 143 85
-2.4375 -14.0000 4.9630 88 120 224
-8.8125 -19.5000 5.3060 87 114 223
-19.8750 22.0000 1.1490 239 159 62
25.4375 -2.0000 1.0640 236 81 113
-14.7500 -13.0000 5.6130 77 122 217
-21.8750 -0.5000 0.1310 190 126 149
22.4375 -10.5000 1.2200 222 137 86
-9.0000 -14.5000 3.8980 112 128 254
4.6875 22.5000 0.5080 199 142 139
-3.7500 -7.0000 1.1130 231 77 109
-20.8125 18.0000 1.8870 165 254 114
12.3125 -15.0000 0.9790 244 74 136
-19.0000 4.5000 0.1570 182 59 145
-17.0000 23.0000 5.1870 70 172 225
0.2500 -7.5000 1.0850 241 88 111
4.4375 23.5000 0.1650 184 91 152
-8.8750 -6.0000 1.1010 248 101 119
10.2500 -5.0000 4.2100 100 136 237
7.6875 17.5000 1.2080 236 154 84
0.5625 8.5000 5.9790 78 114 222
-14.8750 -11.5000 4.3820 89 152 244
3.2500 7.0000 5.8660 80 100 206
5.0000 -4.0000 1.1640 234 121 87
18.5625 0.0000 1.4460 211 176 105
-6.3750 -11.5000 3.5720 125 146 254
17.8750 -15.0000 1.4100 191 192 125
-14.5000 -4.5000 2.0510 160 222 182
-4.0625 -13.5000 4.2460 108 130 231
12.3750 7.0000 1.0500 249 103 131
-15.4375 -10.0000 4.1700 96 164 241
7.3750 22.5000 0.1330 184 112 182
-6.7500 14.0000 1.3380 223 167 62
19.3750 -11.0000 4.2490 85 144 254
-11.1250 -21.0000 4.2220 98 143 248
-18.9375 -1.5000 0.1340 187 113 158
17.9375 -13.0000 1.1020 228 89 112
14.1875 9.5000 0.9670 244 72 136
10.1875 -2.0000 4.5480 83 125 238
12.7500 -16.5000 0.9590 237 70 123
-7.3125 13.5000 1.2760 231 156 73
-1.5000 -14.0000 6.5720 80 81 203
-21.6250 3.0000 0.1150 194 100 194
3.6250 7.0000 5.8000 80 101 207
24.7500 -3.0000 1.0840 233 86 116
-23.3750 15.0000 1.9910 168 254 123
6.5000 2.5000 4.5790 87 124 235
3.4375 -12.5000 1.0890 246 92 130
-11.6250 16.0000 0.1420 193 123 140
-15.3750 12.0000 0.1480 186 102 141
9.3125 -15.5000 1.0300 242 94 131
-16.0625 -1.0000 1.2940 215 176 56
-7.5000 5.5000 1.3990 233 137 66
14.0000 -10.5000 3.8610 112 131 254
-23.1875 1.0000 0.0970 178 121 162
14.5000 -11.5000 1.0650 236 108 124
12.6250 -2.0000 4.5740 85 129 249
-18.5625 -12.5000 1.3640 208 231 71
21.4375 -19.0000 0.9930 232 86 177
5.8750 26.0000 0.1250 173 127 171
-3.7500 20.0000 0.9940 241 167 95
-1.0625 -14.5000 6.5130 78 81 192
-2.8125 -15.5000 5.3360 81 112 218
18.0625 21.0000 0.1490 188 140 157
6.7500 9.5000 3.5150 121 147 245
-2.9375 3.5000 5.1670 97 110 224
23.0000 -18.5000 1.0310 251 83 151
15.3750 -14.0000 2.0790 152 223 219
12.0000 6.5000 1.0710 246 102 130
-14.3125 21.0000 0.1350 182 136 154
-21.5625 -16.0000 2.2510 132 254 165
17.2500 -18.0000 0.9370 239 57 145
15.1875 -5.5000 4.4790 90 149 245
9.1875 7.5000 1.2170 235 124 85
-15.0625 14.5000 0.1340 189 133 144
4.6875 -11.5000 1.0530 244 86 142
3.0000 -17.0000 6.4650 84 119 192
9.3750 -4.5000 4.1410 91 138 236
-7.1875 -12.5000 3.7880 117 126 254
18.9375 9.0000 1.0900 235 112 108
-10.0625 18.0000 0.1070 187 129 138
7.0000 -0.5000 4.3530 90 124 235
-11.3125 -12.5000 5.8930 69 125 210
14.1875 10.5000 1.0030 248 86 142
-18.0000 0.0000 1.0910 232 175 82
3.1250 20.0000 1.2110 222 180 82
8.0000 -15.0000 1.0330 247 114 116
-1.0000 22.5000 0.4030 195 146 135
2.5625 12.0000 5.4110 93 104 222
12.8750 18.0000 0.1550 163 115 192
-1.5625 15.5000 1.2150 232 156 50
4.2500 12.0000 1.2250 244 129 80
-0.8125 1.0000 1.2330 233 117 106
12.6875 14.5000 1.1900 235 150 90
-9.6875 -4.0000 1.0720 250 86 139
21.9375 -16.5000 4.6480 80 111 254
-6.5625 22.0000 0.1650 179 124 148
-15.6250 19.0000 0.1500 183 137 144
14.7500 8.5000 0.9500 243 82 138
21.0000 2.5000 0.9500 246 74 130
-19.1250 12.0000 2.0950 162 254 140
17.1250 -6.0000 4.4980 81 152 238
5.2500 -24.0000 3.0740 135 153 225
23.5625 6.5000 1.0600 236 138 97
-17.0000 -8.0000 3.7620 101 166 231
-4.0000 12.0000 5.9660 82 137 182
-7.4375 9.5000 2.4030 148 217 182
17.5625 -11.0000 4.1200 103 122 254
-2.0000 -14.0000 4.9360 87 120 222
6.1250 -4.5000 1.2750 217 147 89
24.3750 -10.0000 4.4160 96 115 235
-14.7500 4.5000 1.8090 190 191 107
-8.6875 -20.5000 5.4120 81 117 230
1.2500 10.0000 5.4880 95 109 215
0.1875 17.5000 2.4740 138 241 207
9.5000 14.5000 1.2210 228 131 83
15.5625 -0.5000 4.1100 99 140 254
-11.6250 19.0000 0.1580 192 151 101
5.6250 -13.5000 1.0330 242 85 145
-15.4375 -18.5000 4.8640 82 119 250
-12.3125 0.0000 1.1530 248 87 88
-15.5625 6.5000 1.9900 176 197 134
-15.9375 -3.0000 1.1220 238 133 97
7.4375 8.5000 1.2230 242 126 73
6.8125 15.5000 1.2990 216 149 87
2.3125 13.0000 4.7220 108 110 216
12.3750 20.0000 0.6080 202 185 100
7.6875 8.5000 2.0250 171 207 176
16.3125 18.0000 0.0820 181 117 170
0.7500 -21.0000 1.7340 191 226 115
12.8750 20.5000 0.5940 202 185 101
-2.7500 24.5000 0.1590 197 117 153
17.0000 -13.5000 1.0520 236 87 134
-14.0625 12.0000 0.3910 196 120 130
14.6250 12.0000 1.1200 242 134 131
0.6875 -21.5000 1.6790 198 223 106
23.1250 -7.5000 1.1100 233 103 87
10.1250 8.5000 1.1110 249 98 86
-16.5625 20.0000 0.1490 169 100 150
13.2500 -10.0000 3.8440 112 141 251
2.8750 12.5000 1.3110 233 145 91
13.3125 -13.5000 1.0310 242 97 126
-15.5625 5.5000 1.9710 179 204 136
3.6250 -2.5000 1.6550 181 193 127
14.8125 -22.0000 1.0050 235 74 124
-6.6250 2.0000 1.3050 234 114 83
-14.7500 9.0000 2.0320 172 221 133
23.4375 -10.5000 4.4800 89 118 244
-2.9375 -20.5000 5.7090 71 148 200
-11.5000 -2.5000 1.0500 250 76 105
2.3125 -17.0000 6.5230 86 118 184
22.8125 3.5000 1.0080 247 84 133
19.3125 -1.5000 2.0110 167 206 199
16.3125 0.0000 4.0110 100 140 254
-15.9375 10.5000 2.0440 161 237 126
-22.9375 -23.5000 0.9880 216 147 110
14.5000 20.5000 0.5310 195 185 100
2.3125 25.0000 0.1050 187 119 138
-0.1250 -20.0000 5.8700 70 129 202
-18.6250 25.5000 5.4760 78 163 214
0.9375 -14.5000 6.2760 73 119 203
7.8750 15.5000 5.1800 82 139 223
23.0625 2.5000 0.9630 254 78 137
8.9375 -5.5000 4.0190 105 139 221
11.3125 20.5000 0.6150 202 154 122
-4.3125 8.5000 6.0090 90 112 199
-3.5625 -14.0000 4.4770 98 130 237
21.2500 -19.5000 0.9580 230 80 184
-13.5625 22.0000 0.1660 184 130 140
-21.0000 -13.5000 0.5330 200 195 111
-10.6875 -13.5000 5.8940 79 110 201
-9.6250 -10.0000 5.2940 88 109 240
-5.4375 -3.0000 1.1360 242 99 109
-11.1875 -24.0000 4.1980 117 125 226
-5.3750 -14.5000 4.2130 104 131 246
-8.1250 24.0000 0.1750 173 147 136
21.7500 1.0000 1.0060 249 89 127
-18.9375 14.0000 2.1140 146 254 129
-23.6250 6.5000 0.1560 191 118 174
13.0625 -12.0000 3.6460 101 158 254
-0.5000 -16.0000 6.7570 74 100 186
-20.6250 8.0000 0.1250 200 78 174
-11.0000 -12.5000 5.8950 71 123 207
16.3125 7.0000 1.3620 203 180 111
-5.5000 17.5000 1.1640 228 169 69
2.5625 -15.0000 6.1580 80 123 210
-1.5625 1.5000 5.0530 95 109 215
-21.1250 13.0000 2.0560 172 254 110
-22.0625 -1.0000 0.1910 188 142 138
0.8750 15.5000 1.2420 232 126 64
-8.0000 4.5000 1.3620 241 127 62
-10.1875 21.5000 0.1850 176 141 118
-1.3125 17.5000 2.2920 143 243 177
-8.0625 -16.0000 4.9990 89 112 236
-20.8125 12.0000 2.0880 160 254 144
-22.2500 -16.5000 1.0520 217 243 92
20.1250 -7.0000 2.3510 140 217 228
-11.5625 4.0000 1.4840 227 140 83
-10.5625 -16.0000 5.5820 88 101 221
-7.9375 23.0000 0.1220 175 129 130
-21.7500 -13.0000 0.3020 192 154 147
24.9375 2.0000 1.0140 235 81 135
14.7500 3.0000 2.1420 143 222 215
-12.1875 13.5000 0.1850 194 92 152
-23.0625 -6.5000 0.1180 177 138 163
-20.8125 3.0000 0.1370 195 104 188
9.6875 21.5000 1.1130 211 231 61
21.8125 -16.5000 4.5770 81 112 254
-6.5625 18.0000 0.9740 231 128 86
25.1250 6.0000 1.0760 225 135 96
12.8125 -12.0000 3.6380 102 158 254
-3.8750 -1.0000 1.1810 244 100 127
-8.3750 -12.5000 5.5340 77 121 224
10.4375 -20.5000 1.0570 252 94 130
-13.5000 13.0000 0.1260 181 115 143
15.1875 14.5000 0.3990 188 111 212
25.1875 -7.0000 1.5490 186 173 116
3.1250 24.0000 0.1330 184 89 159
14.7500 -1.0000 4.1940 96 131 254
-4.8750 26.0000 0.1630 184 131 120
0.3125 26.0000 0.1820 199 132 118
7.7500 -22.0000 5.3680 79 107 221
-8.5000 -21.0000 5.4420 79 119 229
25.4375 4.5000 1.1390 223 120 95
-1.4375 -17.5000 7.0600 73 98 185
15.6250 -3.0000 4.3800 100 143 244
18.4375 9.5000 1.0940 225 124 101
-11.6250 23.0000 0.1270 192 125 120
-4.7500 8.0000 5.8480 90 117 203
-12.4375 19.5000 0.1220 190 148 112
-3.8750 7.5000 5.8210 86 116 211
-12.8125 23.5000 0.1220 183 132 135
8.7500 9.0000 2.0680 164 200 194
-2.3750 -6.0000 1.0800 242 83 130
23.4375 4.5000 1.0710 239 112 105
-8.6875 -9.5000 5.1140 84 116 251
0.1875 25.5000 0.1250 201 120 126
5.6250 -4.5000 2.0680 154 210 198
-7.8125 -17.0000 4.1910 109 117 243
-1.0625 -18.0000 7.1600 74 99 183
-7.0000 -9.5000 4.9690 90 110 248
4.1250 14.5000 4.6930 92 137 236
-18.0000 6.0000 0.4330 206 89 134
22.9375 3.0000 0.9840 254 81 135
8.1875 14.0000 5.4380 82 125 218
25.6250 2.5000 1.0550 246 102 91
-1.3125 -18.0000 7.1190 72 99 185
-1.8750 -13.0000 4.2610 98 137 235
9.3750 20.5000 1.1310 210 206 46
23.8125 1.0000 0.9910 247 77 138
1.0000 -13.0000 6.0720 72 111 213
16.1875 -23.0000 0.9560 240 72 157
1.4375 4.0000 5.9610 88 106 208
7.2500 -18.5000 3.9110 101 132 254
-19.0000 -23.0000 1.0200 234 119 86
-16.8125 -1.0000 1.6990 172 234 112
-14.5625 -18.5000 1.1800 240 120 110
-10.7500 -4.0000 1.0500 249 77 104
-7.1875 19.5000 0.1190 184 112 145
11.1875 2.5000 4.1950 87 126 232
1.6875 -17.0000 6.6110 81 109 194
-14.9375 -15.0000 5.2120 82 117 231
-14.5000 -4.0000 1.4480 207 196 86
0.1875 -9.0000 1.1050 240 95 122
-17.8750 -15.0000 2.4100 137 246 219
-11.0000 -10.0000 5.5310 78 123 228
-18.8750 5.5000 0.1520 185 54 150
14.2500 -3.0000 4.4540 95 132 242
-4.0000 11.5000 6.0970 81 137 179
20.5625 20.0000 0.0930 189 115 166
17.6875 11.5000 1.1100 224 131 112
-13.1250 8.5000 1.9160 188 211 131
-21.8750 20.0000 1.2600 233 192 53
-11.3750 -20.5000 4.1920 100 144 250
-18.6250 -7.0000 0.3340 194 129 135
6.7500 18.0000 1.2950 227 172 86
13.6250 18.0000 5.5940 56 208 175
12.8125 15.0000 1.0890 239 127 99
13.0000 17.5000 0.1360 165 113 191
12.1250 19.0000 0.6230 193 189 128
23.0000 4.5000 1.0330 242 104 109
12.5000 6.0000 1.0720 243 91 126
-10.0625 -1.0000 1.1390 241 75 91
18.6250 0.5000 1.1010 243 104 110
-23.6250 13.5000 3.0180 126 207 210
-19.9375 8.5000 0.1300 199 78 172
20.5625 14.5000 0.1310 164 113 197
-21.0000 -23.0000 1.0620 232 154 99
-14.0000 -11.5000 5.8530 76 117 210
-1.3750 9.0000 6.1250 78 113 207
-7.1250 -22.0000 5.2240 89 103 225
-8.8750 -10.0000 5.2620 85 111 243
24.5000 -15.5000 5.0130 83 113 237
14.5625 1.0000 4.0660 101 132 244
-20.5625 3.5000 0.1390 192 106 186
12.6250 -13.5000 1.0270 246 98 133
16.8125 -1.0000 4.1060 96 138 254
-24.1875 19.0000 1.8690 176 224 139
0.0000 -8.0000 1.1040 240 92 119
17.0625 -18.5000 0.9480 241 58 143
8.8125 -15.0000 1.0290 238 93 136
7.9375 12.0000 2.3790 146 207 212
25.6250 -9.0000 4.1200 115 121 224
-1.0000 5.0000 5.8330 90 92 220
19.0625 -8.5000 1.0630 243 96 132
11.4375 -6.0000 4.1180 99 137 235
-11.8125 15.5000 0.1180 188 87 144
23.8125 -10.5000 4.4570 91 117 241
4.1875 0.0000 4.2180 105 121 231
19.9375 17.5000 1.0110 217 240 79
-0.6250 -10.5000 1.1070 237 86 119
-12.8125 2.5000 1.3760 236 125 83
10.3750 -3.0000 4.4290 81 132 241
20.5000 15.0000 1.0210 205 178 75
13.2500 2.0000 4.1190 84 145 254
-15.3750 14.0000 0.1490 189 136 144
-8.3125 11.5000 1.3620 234 178 53
2.4375 -7.0000 1.0490 238 75 118
-1.8125 4.5000 5.5770 89 108 219
-10.8125 21.5000 0.1640 186 126 99
10.9375 19.0000 5.2060 71 195 187
7.2500 26.0000 0.1230 173 129 175
-18.5625 0.5000 0.1990 191 98 151
17.6875 17.5000 0.2650 189 128 146
6.6875 -23.5000 5.8140 87 95 198
-3.3125 -13.0000 4.2230 104 136 237
-3.3125 -4.5000 1.1160 237 95 137
3.6250 2.5000 4.4940 96 112 234
10.8750 -14.0000 0.9790 238 84 139
-3.3125 -14.5000 4.3260 104 134 237
20.6875 -6.0000 2.3790 141 215 226
-16.5625 11.5000 2.0640 160 254 118
3.8125 8.5000 5.3970 85 112 221
-14.3125 -5.5000 1.1230 239 135 93
2.6250 4.5000 6.3480 87 76 194
-24.0625 12.0000 0.1340 171 109 168
-23.2500 10.0000 0.1580 181 105 163
-20.4375 12.5000 2.0670 166 254 127
-16.7500 4.0000 0.6950 236 99 110
-9.6250 -6.5000 1.1260 244 108 119
21.4375 -3.0000 1.1010 240 98 123
-7.9375 -13.0000 3.9430 105 131 247
17.5625 -17.0000 0.9900 231 70 148
-13.6875 10.5000 1.7180 179 233 64
-7.5625 -16.0000 5.3720 88 109 224
6.5625 -22.5000 3.3850 122 154 250
-0.9375 0.0000 1.3560 224 161 94
-7.1250 21.5000 0.1310 177 130 148
-16.5000 24.0000 5.2480 66 192 200
-5.1875 16.5000 1.2060 224 172 66
-9.6250 -16.5000 3.7240 122 129 254
-11.7500 -3.5000 1.0710 254 81 100
-22.0000 11.0000 2.1560 152 254 157
1.0000 12.5000 5.0600 92 124 227
1.3125 -15.5000 6.4280 75 116 199
-11.0625 -22.0000 4.8000 87 111 241
13.4375 18.5000 0.1860 164 119 187
-22.4375 -20.0000 1.7980 162 254 135
-21.3750 1.5000 0.1510 197 112 177
18.1875 2.5000 1.0910 245 104 115
23.4375 -20.0000 0.9650 239 70 159
13.0625 2.5000 4.0570 86 145 254
16.4375 -20.5000 0.9390 249 74 167
6.6250 -23.5000 5.7730 88 95 198
10.0000 2.5000 4.2550 84 129 242
-21.6250 14.5000 2.0230 172 254 113
-23.1875 13.5000 2.7890 131 226 206
-9.2500 -12.5000 5.6790 76 118 220
14.3750 17.5000 0.1320 169 113 177
-21.1250 -16.0000 2.2250 135 254 165
6.1250 2.0000 4.6930 88 120 230
19.5625 -8.0000 4.5100 84 113 250
-7.8750 9.0000 2.1540 162 214 161
-22.2500 10.0000 0.1340 183 101 161
13.1250 -6.0000 4.3200 100 128 238
-13.9375 -9.5000 4.3490 90 160 231
-20.6250 -22.5000 2.0990 148 254 175
2.0000 2.0000 4.2750 102 114 231
-19.8125 22.0000 1.1680 236 164 61
-6.1875 2.5000 1.2740 239 106 79
2.3125 10.0000 5.3410 100 107 207
21.2500 21.0000 0.1190 175 122 158
-22.1250 14.0000 2.0510 172 254 117
4.0000 18.5000 1.3360 220 169 77
-10.1250 2.0000 1.2570 236 93 73
-21.1875 8.0000 0.1580 199 82 176
16.9375 11.0000 1.1130 231 133 108
-2.6875 -5.5000 1.0940 238 87 134
-19.8125 8.5000 0.1330 198 79 170
11.2500 7.5000 1.0990 244 95 88
-18.2500 17.0000 0.1330 169 123 152
6.3750 -13.5000 1.0400 246 90 136
-22.0625 -14.0000 0.1760 190 142 144
0.0000 -21.5000 5.8150 70 137 208
13.0625 5.5000 1.0750 247 93 122
-21.0625 0.0000 0.1760 193 133 151
10.0625 14.5000 1.2070 232 127 80
-10.3125 24.5000 0.1730 175 146 130
25.1875 -21.0000 0.9780 221 72 153
2.5000 -1.5000 3.9620 112 127 235
-3.3125 10.5000 6.1480 78 127 193
11.8125 4.5000 1.9740 151 174 175
8.0625 -8.0000 1.0900 236 112 123
-16.1875 -17.5000 1.1640 234 134 107
-0.5000 18.5000 2.2750 148 241 180
-16.5000 25.5000 0.9710 210 179 72
17.8750 -15.0000 1.4660 186 199 129
-0.9375 7.0000 6.2710 86 95 201
0.2500 0.0000 5.0160 89 108 234
19.3750 4.5000 2.1100 149 222 208
3.5000 2.5000 4.4900 96 112 234
-5.1250 -12.0000 4.8350 85 134 233
14.2500 -1.0000 4.2830 95 134 242
14.1875 -13.0000 3.3410 109 166 254
-2.8125 -6.5000 1.1080 240 92 126
18.6250 -2.5000 4.0450 99 141 254
-16.4375 20.5000 0.0930 157 116 170
-22.4375 24.5000 4.6630 101 160 222
7.1250 14.0000 1.1910 236 120 77
-21.9375 -8.0000 0.1670 186 144 135
1.9375 14.0000 4.6400 94 120 225
-18.6875 20.0000 0.1460 175 93 178
16.2500 -12.0000 3.8360 100 143 254
-17.3750 23.0000 0.8920 233 141 96
3.8750 -12.0000 1.0770 248 90 133
-13.8750 -8.0000 1.2610 220 163 81
12.6875 -3.5000 4.5100 94 131 246
-12.3125 26.0000 0.1340 171 123 153
-17.2500 13.0000 3.0810 102 226 184
-11.7500 -1.0000 1.1170 250 77 89
-2.3125 15.0000 1.4340 214 182 55
11.0000 3.0000 4.1330 89 127 237
18.1875 -15.0000 1.4070 189 185 113
24.2500 6.5000 0.7680 226 102 120
-20.2500 13.0000 2.0640 165 254 124
25.3750 -22.0000 0.9090 213 56 169
9.8750 -15.0000 1.0330 244 95 128
-16.9375 23.0000 0.8850 229 142 97
-14.5000 19.5000 0.1740 186 138 145
21.4375 -12.0000 3.8520 93 169 252
-20.0000 -9.5000 0.3030 193 150 129
9.0625 5.0000 4.1050 95 131 247
-23.9375 8.5000 0.1590 178 109 160
15.0000 13.5000 0.9670 238 110 124
12.7500 1.0000 4.2170 86 143 247
2.4375 -18.5000 4.0500 117 144 226
8.8750 -10.0000 1.0590 236 88 116
5.3125 15.5000 1.0660 241 91 93
2.5625 11.0000 5.1070 94 110 225
-19.8125 4.5000 0.1550 183 72 134
-21.7500 -19.0000 1.8560 159 254 150
-16.7500 -4.0000 1.1030 232 149 97
-0.8750 19.5000 1.2560 222 187 62
4.4375 -15.0000 2.8310 131 210 246
9.6250 -10.0000 1.0810 238 103 109
-23.3125 -20.5000 0.1420 181 115 155
-10.2500 15.5000 0.1750 187 105 160
23.9375 -8.0000 1.1420 226 116 99
-1.2500 -3.0000 1.1070 241 91 120
-10.0625 -20.0000 5.3530 90 109 217
-2.7500 -22.5000 5.5260 80 149 195
-20.9375 4.0000 0.1120 181 95 188
21.3125 1.5000 0.9780 254 75 126
7.6875 7.0000 4.0300 100 127 244
3.3750 -9.5000 1.0530 241 78 124
-15.0000 -4.0000 1.2090 236 154 84
5.7500 6.5000 4.2590 102 136 235
-11.6250 -13.0000 5.8860 72 124 209
8.1875 18.0000 1.2020 225 180 73
-10.5000 -6.5000 1.1190 240 105 81
7.0625 15.0000 1.2670 224 143 80
15.1875 -17.5000 0.9840 236 59 155
3.1250 -7.0000 1.0790 237 100 120
2.3750 0.0000 4.0930 106 134 224
-18.7500 24.5000 5.2250 76 169 229
10.8750 21.5000 0.9870 214 215 34
-15.0000 -18.0000 1.2700 226 149 105
-7.8750 -1.0000 1.1620 254 91 87
21.1250 -12.0000 3.7320 86 181 243
8.5000 -22.5000 5.4530 89 97 226
-8.2500 -8.5000 1.1750 243 110 102
-12.5625 -19.5000 1.1230 248 91 99
25.3750 -7.5000 1.8150 172 184 142
-23.3750 7.5000 0.1500 192 106 179
12.5000 -8.0000 3.9600 104 141 250
-10.8125 -8.5000 5.2520 85 123 238
5.8125 -14.0000 1.0550 244 91 134
8.0000 -5.0000 3.9940 113 123 231
-3.3750 -19.5000 5.7590 75 131 219
9.5000 5.0000 4.0510 94 133 249
12.8125 -2.0000 4.5620 85 130 250
18.6875 9.5000 1.1010 225 126 98
-4.1250 -15.0000 4.4860 101 124 230
11.7500 20.5000 0.6100 207 172 103
-13.7500 -23.0000 4.1740 107 133 232
17.8125 -7.5000 4.5050 82 142 251
25.4375 7.5000 0.1450 169 89 166
10.7500 12.0000 1.1090 249 89 95
17.3750 0.0000 1.6300 190 197 138
9.0000 -10.5000 1.0720 237 105 123
0.9375 13.0000 5.0270 90 118 222
11.3750 15.0000 1.2990 220 171 85
19.0625 11.5000 0.4270 181 90 183
-20.1250 -16.0000 2.9280 113 254 197
13.5000 -21.5000 3.3580 107 179 254
20.9375 15.5000 0.9640 208 219 80
20.8750 7.0000 1.1220 229 120 100
5.5000 0.5000 4.3660 100 121 216
17.5000 0.0000 3.9710 102 135 254
4.5000 -23.5000 3.2720 130 141 231
-2.6875 -4.5000 1.0840 246 85 128
-9.7500 -22.5000 4.2300 116 126 241
-3.8750 -8.5000 1.1100 240 86 100
-3.3750 22.5000 0.1430 200 118 161
6.2500 -8.0000 1.0830 238 114 132
-19.1250 -10.0000 0.3600 197 121 128
9.1250 13.0000 5.6100 82 120 215
2.8750 -18.5000 4.0750 106 144 239
20.1250 -16.0000 1.0040 241 80 128
0.8125 -17.0000 6.7230 76 103 193
-9.8125 9.0000 1.4610 212 172 70
-6.8750 20.5000 0.1290 179 125 144
-13.1875 9.0000 1.9720 179 226 132
14.8125 -19.5000 0.9590 226 84 165
-19.5625 7.0000 0.1430 184 72 160
7.8750 18.5000 1.1770 225 177 73
8.4375 3.0000 4.3400 85 135 230
12.5000 -12.5000 3.6500 102 156 254
-13.8125 -3.5000 1.0800 245 130 97
-19.2500 8.5000 2.1340 155 240 155
10.5625 -8.0000 1.1580 229 121 89
-4.4375 -14.5000 4.3840 102 126 234
-19.3125 -16.5000 1.1260 225 171 100
-21.6875 -12.5000 0.3160 194 155 150
-22.9375 15.5000 1.9920 168 254 123
-11.3125 -1.5000 1.0820 247 70 96
-4.2500 -1.5000 1.1730 245 99 129
-4.5625 -11.0000 4.3620 106 129 234
-19.2500 -9.5000 0.2710 193 110 132
4.4375 20.0000 1.2600 222 186 75
0.8750 1.5000 5.3740 86 115 217
-13.1250 5.0000 1.6530 196 170 97
3.5625 13.5000 2.2550 149 216 219
7.3750 -10.5000 1.0560 245 97 134
17.2500 -23.0000 0.9690 234 61 161
9.9375 -14.0000 0.9870 240 84 141
16.8750 16.5000 0.3410 199 138 138
-10.7500 3.0000 1.3800 233 126 79
15.9375 -22.0000 0.9690 249 77 155
15.4375 -1.0000 4.1520 99 139 254
-18.8750 -18.5000 1.0920 247 140 94
16.5625 -15.0000 1.0520 241 96 133
9.1250 -4.5000 4.1210 103 134 235
-20.4375 4.0000 0.1340 180 100 183
1.3750 7.5000 6.0270 80 111 210
-7.4375 24.5000 0.1350 167 148 145
-22.6875 -17.5000 0.1200 171 141 144
-21.0000 16.5000 3.0150 117 237 213
22.1875 -23.0000 0.9060 229 53 174
-21.6250 -0.5000 0.1190 192 123 152
-3.3750 -16.0000 5.2760 87 111 213
8.4375 19.0000 1.1040 226 161 72
18.0625 -20.0000 0.9160 244 70 171
21.6250 -4.0000 4.0550 99 138 254
11.8750 -11.0000 1.3620 203 179 102
17.8125 10.0000 1.1020 223 123 106
13.9375 -7.5000 4.1660 104 129 227
4.7500 -10.5000 1.0550 243 95 160
3.8125 23.5000 0.2900 189 108 156
22.1875 9.5000 0.2400 178 82 196
7.3125 6.5000 4.1340 98 137 248
17.3750 -15.5000 1.0470 236 96 134
17.1875 15.5000 0.4320 193 146 161
1.4375 25.5000 0.0780 182 126 135
-4.3125 -18.5000 5.8210 78 118 212
10.7500 12.0000 1.1130 248 90 95
-15.7500 21.0000 0.1500 176 147 169
-8.2500 -19.5000 4.3090 112 132 225
12.1875 10.5000 1.0080 249 83 148
15.8750 11.5000 1.1080 232 129 115
14.3750 -8.0000 4.1160 107 130 233
-13.1250 -18.0000 1.2020 239 111 102
-15.6875 25.0000 5.1890 70 184 197
-11.9375 0.0000 1.1410 250 83 88
-21.4375 6.5000 0.1620 182 94 163
-22.9375 -12.0000 0.1420 181 138 150
-22.8125 -1.5000 0.1160 177 132 140
-21.6250 -0.5000 0.1290 192 124 151
-1.2500 25.0000 0.1270 200 119 138
15.4375 -15.5000 1.0080 241 81 146
25.0000 24.5000 0.1450 178 154 74
-9.3125 22.5000 0.1630 175 137 129
18.8125 0.0000 1.1910 239 128 97
19.8125 -7.0000 4.4430 75 145 254
-23.9375 11.5000 0.1490 168 108 164
-2.0625 18.5000 1.1570 236 160 68
24.6875 -5.5000 1.1310 234 105 103
19.4375 -9.5000 1.0800 246 99 124
20.3125 -21.0000 0.9220 243 67 174
-3.6250 -5.0000 1.1100 237 93 139
-13.5000 -6.5000 1.2990 221 170 85
2.6875 -16.5000 6.4390 77 115 203
-19.1250 0.0000 0.1490 191 100 153
16.3750 -15.5000 1.0220 243 88 139
-18.4375 8.0000 0.1550 193 51 146
-9.1875 4.0000 1.3530 241 128 77
-20.1250 -1.0000 0.1290 192 128 145
-15.8125 18.5000 0.1330 181 136 144
-15.5625 -4.5000 1.1550 238 142 94
-7.9375 -23.0000 4.2210 119 120 239
5.4375 6.0000 5.6570 92 114 193
21.6250 5.5000 1.0650 240 109 109
-0.8750 -11.5000 4.0940 98 145 238
-11.8750 0.5000 1.1700 244 91 88
-23.8750 26.0000 4.7790 123 142 193
-17.6875 -9.0000 1.5670 179 250 105
-19.8750 -5.0000 0.1290 175 138 144
21.1250 14.0000 0.1320 153 104 194
-19.5625 21.0000 1.0950 241 181 65
11.1875 22.5000 1.0440 206 245 39
2.3750 16.5000 4.6000 97 120 220
6.4375 14.0000 1.1150 243 98 86
-24.1250 0.0000 0.1590 170 138 144
-2.9375 -8.0000 1.0790 247 82 111
-15.6250 8.0000 2.0180 173 218 129
-14.6250 10.5000 3.0510 109 201 215
-12.4375 1.0000 1.2160 243 105 85
-5.6875 15.5000 1.2550 228 142 63
2.8125 17.5000 1.5140 203 196 93
-13.5000 -10.5000 5.9440 81 123 209
23.8750 -13.0000 4.5020 94 130 236
-0.1875 25.5000 0.1370 201 123 128
-11.0625 -6.5000 1.1230 243 107 79
-8.5000 4.5000 1.3520 244 127 60
1.5625 6.0000 6.3790 83 87 194
3.2500 -4.0000 3.0920 128 176 254
19.1250 -21.5000 0.9140 245 58 177
-7.0625 -14.0000 4.3570 100 127 235
-0.8125 9.0000 6.1150 76 135 212
10.8125 22.5000 1.1310 203 254 39
-15.6250 -12.5000 4.3770 89 151 244
-23.6250 -17.0000 0.1380 168 148 147
-16.0000 -6.5000 1.1940 231 151 93
-8.6875 22.0000 0.1650 175 135 124
-18.4375 4.0000 0.1410 193 72 172
-12.0000 -8.5000 5.3820 78 127 240
13.3125 9.0000 1.0190 253 82 127
-9.4375 -16.5000 4.0270 112 126 254
5.0625 -3.5000 3.9220 103 148 254
12.3750 -1.0000 4.4680 88 134 245
17.8125 -3.5000 4.1830 105 137 231
19.3125 16.0000 1.0510 210 245 70
1.5625 -8.5000 1.0880 234 92 127
-3.8750 8.5000 6.0790 88 123 197
-3.1250 -23.0000 5.5080 101 122 192
16.5625 13.0000 1.0550 221 153 105
-20.3125 -15.0000 1.7630 166 254 102
-20.6250 -13.5000 0.1390 175 113 156
-15.6250 4.0000 1.6000 193 188 90
18.0625 -0.5000 3.9780 104 139 254
-1.9375 20.0000 1.1740 238 186 70
-10.5000 4.0000 1.4380 232 131 78
-6.0000 -11.5000 4.0500 110 139 251
-13.2500 -13.0000 5.7570 77 110 216
18.5625 11.5000 0.5780 191 99 165
-14.6250 -5.0000 1.2260 228 155 94
10.2500 15.0000 1.2320 227 135 82
-12.6250 19.0000 0.1460 191 146 114
11.8125 3.0000 4.0860 91 136 242
-20.6875 -15.5000 1.3420 211 254 66
18.1250 -22.5000 0.9730 237 62 155
18.8750 -21.0000 0.8640 242 50 191
-1.9375 26.0000 0.1750 193 136 125
-10.3750 -3.5000 1.0530 246 78 107
6.8750 8.5000 3.8900 109 135 245
16.8750 5.0000 1.5480 183 217 130
19.3125 22.0000 0.1540 192 150 138
15.5000 -7.0000 4.3260 90 156 238
14.4375 -12.0000 3.5690 104 158 254
5.6875 -0.5000 4.2970 99 120 233
-15.5625 -13.0000 5.3810 82 122 223
-22.1875 -0.5000 0.1590 188 134 146
-3.0000 -20.5000 5.7120 71 148 200
15.8750 -21.5000 0.9780 251 81 156
-6.0000 -17.0000 4.2060 110 128 237
3.6875 -14.0000 1.2160 234 140 87
0.5625 16.0000 2.2880 144 236 190
16.0625 -2.0000 4.2740 95 143 254
14.6250 11.0000 1.0590 239 97 124
-7.9375 0.5000 1.1990 246 102 88
13.0000 1.0000 4.2270 86 144 247
2.7500 -2.5000 1.1770 230 125 96
-21.3125 -19.5000 1.8290 162 254 145
19.6875 23.0000 0.1530 196 145 143
-22.8750 -14.0000 0.1220 182 147 147
-19.8750 2.0000 0.1420 194 108 174
4.4375 18.5000 1.1920 232 153 80
0.5625 -14.5000 6.3290 73 118 203
21.0000 9.5000 0.5110 208 95 172
11.3125 23.0000 1.2360 194 254 39
-20.0000 -6.5000 0.1550 186 150 152
-8.5000 -10.5000 5.2570 86 111 240
-19.0000 12.0000 2.0960 162 254 139
8.8125 -24.0000 5.5790 95 97 207
24.0000 -12.5000 4.4890 83 139 238
-9.5000 -14.5000 3.8590 115 125 254
3.6250 13.0000 1.2940 236 143 93
1.4375 -20.0000 7.1560 64 104 179
1.4375 -2.0000 1.2030 229 125 90
-17.7500 25.0000 0.9940 222 155 92
-7.2500 -12.0000 3.7680 113 131 243
17.7500 2.5000 2.1130 148 210 204
-1.5625 16.5000 1.5550 197 221 71
-6.4375 -5.5000 1.0790 236 76 116
19.9375 11.5000 0.1630 165 85 205
-21.4375 18.0000 1.6970 179 249 68
23.8125 -17.5000 5.1800 78 99 254
-22.0000 -22.0000 1.5050 189 243 92
23.7500 0.0000 0.9810 248 79 129
-15.6250 24.0000 0.3560 185 132 151
-7.0000 -17.5000 5.1990 86 131 218
-10.4375 24.5000 0.1430 175 139 131
-10.8125 -11.0000 5.6250 85 107 217
3.5625 19.5000 1.1940 227 177 77
-2.6875 15.0000 1.4410 213 182 57
-17.3750 -18.0000 1.1550 244 151 94
-5.7500 22.0000 0.1210 192 109 143
-15.8750 -8.5000 1.1670 228 142 96
1.9375 20.0000 4.4970 76 165 210
-4.9375 23.0000 0.1620 198 123 142
-14.9375 -24.0000 3.9050 108 135 229
13.2500 -21.0000 1.0470 243 93 126
-20.2500 -22.5000 2.1800 153 240 186
17.5625 -2.5000 4.1320 97 145 245
-11.3125 5.0000 1.5370 225 161 66
21.2500 -17.0000 1.0440 237 78 123
-20.8750 -21.0000 1.0280 246 153 98
-19.1875 5.5000 0.1280 182 56 150
-21.6875 24.0000 4.6840 93 164 229
-3.2500 -8.0000 1.0910 245 85 112
19.3750 10.5000 0.6460 202 101 143
19.8125 -14.0000 1.4890 179 197 117
19.1875 -23.5000 0.9760 227 69 164
20.1250 -5.0000 4.2050 88 155 254
-15.3125 25.5000 0.8570 208 169 87
-17.8750 -16.5000 1.1320 218 162 85
15.5625 -5.0000 4.6210 98 138 213
-10.8125 7.0000 1.6200 208 183 80
20.8125 -9.5000 1.0960 238 100 120
-0.1875 -18.5000 7.1280 75 93 195
-2.2500 -23.0000 5.5450 84 143 186
0.5000 7.5000 6.1860 78 113 213
19.9375 -16.5000 1.0080 238 58 126
19.0000 -11.5000 4.2040 86 145 254
-14.6875 -21.5000 1.1700 249 129 92
-22.9375 12.0000 0.1510 174 104 161
-16.3750 -21.5000 1.1000 238 105 92
-18.0000 13.0000 2.0970 149 254 116
-17.2500 3.0000 0.4180 201 103 132
-11.5625 13.5000 0.2370 196 96 151
-19.3750 -8.0000 0.8200 220 197 75
0.4375 25.0000 0.1160 194 116 137
-15.0000 13.5000 0.1350 189 134 143
1.2500 -22.5000 3.3700 135 180 229
4.6250 9.5000 5.1290 98 104 223
-19.0000 21.0000 1.1000 229 177 49
8.5625 8.5000 1.1920 234 118 92
-7.9375 12.0000 1.3190 238 165 54
-6.7500 -11.0000 3.5740 120 156 254
22.3750 20.5000 0.8870 208 227 71
8.5000 20.5000 1.1290 222 201 57
-13.5625 -8.5000 1.1130 244 131 92
-10.7500 4.5000 1.4710 232 144 59
23.0625 -13.5000 4.4130 94 135 246
22.5625 -1.5000 1.0400 253 87 124
-10.1250 6.0000 1.4900 228 163 62
-19.8125 -22.0000 2.0920 156 242 181
-10.5000 13.5000 0.7080 209 163 112
11.0000 14.0000 2.4630 136 222 240
8.5625 -15.0000 1.0220 236 91 139
-16.3125 20.5000 0.1430 161 120 168
3.9375 18.0000 1.3740 219 179 74
3.3125 14.0000 4.6830 95 137 237
-6.4375 16.5000 1.1080 228 149 77
19.3750 -7.5000 1.0790 238 101 94
13.0625 -15.0000 0.9680 247 74 135
17.3750 16.0000 0.4640 194 156 152
-13.8125 -5.5000 1.1400 234 136 92
17.3750 -24.0000 0.9550 231 58 162
-20.2500 11.0000 2.3020 145 250 170
3.0000 4.5000 6.4170 81 85 197
2.6875 8.0000 5.7600 85 108 208
22.3125 -7.0000 1.1000 237 99 89
4.5000 -11.0000 1.0440 242 85 146
13.6250 15.0000 0.7720 226 72 149
-13.0625 -12.0000 5.8760 74 126 211
-7.0625 -12.5000 3.7570 118 126 254
-10.5625 20.0000 0.1360 191 151 100
-2.5625 -8.0000 1.0890 247 73 103
11.9375 18.5000 0.6430 191 190 127
2.5625 -23.5000 3.6150 130 150 223
-13.5000 -9.5000 4.4490 89 156 225
-23.7500 -16.0000 0.1440 167 149 149
-14.0625 -19.5000 5.0690 95 100 228
-7.3125 -1.5000 1.1410 244 97 123
-23.4375 -1.5000 0.1520 174 143 139
2.4375 4.5000 6.2280 88 78 198
7.8125 -3.0000 4.1670 99 127 235
0.0625 -7.5000 1.0920 238 89 120
3.5000 11.0000 1.3430 230 161 76
12.5000 11.5000 1.0840 248 101 137
-15.6250 25.0000 0.8560 207 169 70
25.5625 -1.0000 1.0440 232 78 115
12.2500 18.5000 5.4350 63 222 174
-13.3750 -4.0000 1.1140 241 118 93
0.1875 18.5000 1.4860 199 222 72
-3.8750 -16.5000 5.3480 91 112 201
24.0000 -13.5000 4.6470 92 129 233
10.4375 2.0000 4.2960 82 129 236
-20.0625 -23.0000 0.3430 202 69 166
-12.8125 -9.0000 1.3090 220 167 82
24.8125 -7.0000 1.4470 194 168 108
-7.9375 -7.5000 1.1320 239 101 113
-12.9375 -4.0000 1.1030 246 87 101
18.7500 21.5000 0.0970 192 146 153
-19.8750 24.5000 5.0410 78 174 227
-1.0000 -14.0000 6.4830 81 109 203
6.8750 8.5000 1.6520 195 190 113
9.9375 -10.5000 1.0510 237 95 113
24.5000 -5.5000 1.1290 235 105 103
-18.7500 8.0000 0.1430 192 53 148
-4.8125 -3.0000 1.1210 241 95 108
-2.4375 -4.0000 1.1170 247 94 121
18.6250 -14.5000 1.0700 236 95 132
-13.1875 -11.0000 5.9320 69 132 212
17.8125 -16.0000 1.0110 228 74 141
-0.2500 -5.5000 1.0910 237 85 115
9.1250 -21.0000 5.0310 85 106 254
-12.9375 -7.0000 1.1460 236 114 81
-14.1875 -4.0000 1.2660 229 165 81
19.0625 -0.5000 2.0140 167 211 200
5.7500 10.0000 1.3390 228 153 78
-7.0625 -14.5000 4.2410 101 129 238
5.5000 20.5000 0.9700 231 146 90
6.9375 9.0000 1.6290 196 187 110
-8.2500 -9.5000 5.0690 83 116 250
-0.3125 17.5000 1.6840 180 221 104
-20.0000 24.0000 4.8610 78 178 231
10.2500 -14.0000 1.0120 239 91 135
-21.4375 -17.0000 1.7080 166 254 134
15.8750 -1.5000 4.2250 97 139 254
-24.0000 9.5000 0.1370 180 106 166
-22.0000 17.5000 2.6930 133 253 211
-2.1875 13.0000 5.4240 85 130 198
-13.7500 26.0000 4.8790 81 190 178
-3.0000 -3.0000 1.0940 247 89 127
3.7500 3.5000 4.6060 96 108 231
1.9375 -6.0000 1.0760 239 90 107
-18.2500 -5.5000 0.3580 196 118 148
13.9375 6.0000 1.0530 245 88 125
-7.2500 -16.5000 4.2070 111 112 241
16.9375 -1.5000 4.1160 97 137 254
2.5625 -23.0000 3.6540 126 150 229
16.5625 -6.5000 4.4820 81 154 241
-21.1250 -21.5000 5.0810 71 169 209
-19.6250 -4.5000 0.1300 186 107 144
17.0625 16.5000 0.3540 199 142 134
14.5625 18.5000 0.1840 168 137 174
19.6250 -8.0000 4.5270 84 113 250
21.3125 -12.0000 3.7830 96 169 251
-13.5000 -24.0000 1.1220 237 96 85
-3.1250 -8.0000 1.0800 246 82 113
16.1250 6.5000 1.3790 194 184 111
-6.0000 15.5000 1.2060 227 161 72
3.5625 -22.0000 3.7530 112 149 242
-1.0625 13.5000 5.1640 92 120 221
7.9375 14.5000 1.1720 235 116 79
19.7500 8.5000 1.1130 236 123 98
-10.5625 17.5000 0.1490 193 128 140
10.8750 -8.0000 3.8900 104 138 254
10.4375 13.5000 2.1320 154 227 210
-22.1875 6.0000 0.1630 182 98 165
0.0625 23.5000 0.1220 201 107 154
-20.3125 -11.5000 0.3120 190 152 151
13.2500 -14.5000 0.9740 245 75 136
9.5000 -16.0000 1.0180 241 90 130
-18.7500 8.5000 3.0010 115 207 212
-12.7500 12.5000 0.1700 193 104 161
-13.6250 12.5000 0.1750 183 115 139
7.8750 12.5000 2.2640 151 208 205
-2.8125 -0.5000 1.1950 252 106 108
3.8125 -21.0000 3.8260 111 148 246
-18.1875 8.5000 3.0580 114 205 211
-20.8125 -16.0000 1.3700 206 254 69
18.8750 18.5000 0.1510 190 114 161
-17.4375 26.0000 5.2790 73 180 201
-22.1250 8.0000 0.1470 195 85 181
-18.8125 19.0000 0.1430 171 97 183
-12.0000 25.5000 0.1250 173 137 138
23.8125 -1.0000 0.9950 249 79 127
15.6875 23.5000 0.9520 235 254 51
-18.8125 -15.0000 1.0850 223 157 82
13.1875 8.0000 0.9910 254 76 126
23.4375 11.5000 0.1150 175 105 170
21.6875 -18.0000 1.0140 248 73 160
0.6875 2.5000 5.5360 81 117 220
13.3750 -21.5000 3.3010 109 183 254
-12.5625 -22.5000 4.1860 106 138 235
-17.7500 -2.5000 0.2210 184 106 163
6.3125 -6.0000 1.1390 236 124 103
19.5625 13.5000 0.1540 166 113 203
-15.0000 -12.0000 4.3840 87 153 244
-2.7500 -6.0000 1.0870 241 85 130
1.3125 1.5000 5.5000 83 115 213
2.0000 13.0000 4.8810 105 109 217
4.6875 -16.0000 2.8220 132 204 237
-9.4375 -7.5000 1.1640 240 110 110
-22.7500 -19.5000 0.1710 188 110 153
2.8750 -4.0000 3.0790 129 175 254
-12.1875 -16.5000 5.3300 91 108 222
-2.5625 -18.5000 5.8600 79 113 204
-22.3750 -8.0000 0.1480 183 140 137
25.1250 -8.0000 4.1550 110 123 234
-8.3750 17.0000 0.6300 219 144 118
-17.2500 13.5000 0.1500 187 119 150
20.8125 -17.0000 1.0430 236 76 122
10.5000 -16.5000 1.0000 236 76 130
8.5000 7.0000 1.2090 230 118 81
7.3125 -21.5000 5.3960 75 110 228
-17.1250 4.0000 0.4980 221 85 138
-2.5625 24.0000 0.1490 202 111 160
4.7500 -6.0000 1.8060 173 221 172
-1.5000 1.0000 1.2820 236 140 96
3.5000 -13.5000 1.3780 207 176 97
24.4375 -17.0000 5.2630 88 102 241
-5.8750 -1.0000 1.1130 254 80 103
-3.7500 12.5000 5.8910 81 127 191
6.6250 10.5000 1.6580 190 193 110
-16.1875 16.0000 0.1720 187 139 134
-4.8750 21.5000 0.1530 189 93 168
13.5000 11.0000 1.0420 253 93 137
-21.0000 13.5000 2.0710 171 254 116
19.9375 9.0000 1.1030 234 120 100
-7.8750 6.5000 1.4550 222 150 76
12.6250 11.0000 1.0300 253 89 142
-21.0625 8.0000 0.1480 199 81 177
-0.8125 6.0000 5.9840 81 113 210
-11.8750 15.0000 0.2000 193 93 150
23.0625 -12.0000 4.1890 84 156 251
-17.8750 14.5000 0.1360 184 120 164
14.0625 -10.5000 3.8030 113 131 254
-9.0625 -11.0000 5.3600 83 118 226
10.4375 -20.0000 1.0570 249 93 132
24.5625 -14.5000 4.9290 92 121 222
5.0000 -11.5000 1.0230 242 82 147
-18.3750 -13.0000 1.2970 216 218 69
0.0000 24.5000 0.1390 196 115 143
-0.3125 0.5000 1.2610 230 128 99
14.2500 3.5000 1.1450 240 104 114
-0.1250 9.0000 5.9940 82 114 223
-4.5000 20.5000 0.2140 191 111 141
10.0625 -21.0000 4.9690 81 110 254
-3.8750 13.0000 2.4530 148 207 192
17.3750 -3.0000 4.2000 103 139 238
-12.1250 -8.0000 5.3280 82 127 239
-16.7500 11.0000 2.0570 162 254 122
18.1875 9.5000 1.0950 224 124 103
9.8750 10.0000 1.1270 250 95 87
6.3125 -12.0000 1.0350 241 86 150
13.1875 -11.0000 3.6660 104 154 254
-19.4375 -10.0000 0.3940 197 128 124
19.5000 12.0000 0.1490 163 85 210
8.5625 3.0000 4.2830 86 136 231
5.0625 -2.5000 3.9950 111 133 245
-0.8750 8.5000 6.2100 80 111 203
-5.8125 22.0000 0.1400 194 114 141
23.2500 12.5000 0.1030 167 122 148
-13.9375 -17.5000 4.9950 84 112 240
-22.6875 5.0000 0.1450 180 101 162
-8.6250 -22.0000 5.0780 89 123 225
11.8750 -10.5000 1.0950 234 116 128
-11.0000 5.5000 1.5280 225 160 65
13.5000 19.0000 0.5340 196 182 99
-9.6875 6.0000 1.5150 219 161 84
21.0000 -17.5000 1.0290 240 71 121
0.8125 -3.0000 1.1670 236 107 87
-7.6250 8.0000 5.3220 87 124 188
8.0000 5.0000 4.2150 92 136 241
-17.9375 24.0000 0.9960 232 154 84
1.6875 -23.5000 3.5540 132 152 223
23.6875 -22.5000 0.9520 235 70 156
0.0625 -19.5000 7.2740 60 100 187
6.0000 -1.5000 4.1880 100 131 244
11.0000 13.0000 1.1740 231 113 96
6.5000 -2.5000 4.0720 104 130 246
-3.5000 2.5000 1.3520 232 146 86
18.5625 -21.5000 0.8790 241 50 187
-11.0625 -6.5000 1.3450 221 169 79
15.4375 -20.0000 0.9820 242 83 169
21.3125 -17.0000 1.0200 238 68 125
-19.0000 -21.5000 1.0780 243 129 97
-2.8750 24.0000 0.1630 200 117 159
18.2500 15.5000 1.0300 210 215 104
3.0625 -24.0000 3.5030 134 151 217
-4.7500 -1.0000 1.1950 246 100 94
4.6875 -22.0000 3.6160 116 148 237
13.5625 -14.5000 1.0010 245 81 131
-11.5625 -20.0000 4.1940 102 143 250
23.1875 -13.5000 4.4750 93 134 244
8.6875 6.0000 4.0520 96 137 238
-21.8125 -13.0000 0.3070 193 155 146
-21.5000 10.5000 0.1630 180 98 166
-5.0000 1.5000 1.2280 243 93 73
9.3125 11.0000 2.1440 150 213 207
12.1250 -21.5000 1.8550 161 231 189
9.8125 -11.0000 1.0490 239 95 133
14.5000 -22.5000 1.0630 231 86 116
2.3125 11.5000 5.0110 98 119 215
-23.8750 8.5000 0.1410 178 108 161
8.1250 5.5000 4.1610 94 138 244
19.8125 6.5000 1.2580 220 157 103
-14.5000 3.0000 1.4850 213 182 83
-17.7500 0.0000 1.2370 220 200 76
5.5000 17.0000 1.2080 227 130 89
-21.3750 13.0000 2.0340 174 254 106
-16.8125 -10.0000 3.9080 108 165 241
-17.9375 21.5000 0.8160 224 148 91
-12.7500 -3.5000 1.0900 249 84 101
13.5625 -1.5000 4.4080 91 135 244
19.6250 -2.0000 3.9950 102 141 254
-1.6875 -7.0000 1.0830 239 84 127
2.6875 5.5000 6.2040 82 87 203
14.0625 14.0000 1.0730 244 121 96
15.8750 23.0000 0.4970 204 186 127
8.5625 -1.5000 4.4120 88 118 242
-19.8750 -18.0000 1.0860 233 197 80
-16.9375 3.0000 0.6660 216 125 114
-17.3750 18.0000 0.1490 168 125 148
22.9375 -16.0000 4.7420 79 126 253
-7.0625 -7.0000 1.0710 247 86 107
-7.5625 12.5000 1.5480 208 194 82
11.8125 4.5000 1.1710 223 109 103
-17.3125 -6.0000 1.0430 228 188 74
-15.1250 -5.5000 1.1440 238 139 95
7.6875 -12.0000 1.0150 241 84 146
-11.6875 7.0000 1.6760 203 197 85
0.2500 -3.5000 1.1430 238 97 90
24.6875 -4.0000 1.1120 233 96 111
-16.0625 -12.0000 4.2380 96 153 246
6.9375 -22.0000 3.4680 118 154 254
13.4375 -6.0000 4.2680 100 129 239
-18.1875 -19.5000 1.5750 189 207 121
-12.3750 11.5000 0.6080 213 105 139
-16.0625 25.5000 0.9280 210 175 77
-8.2500 12.0000 1.3620 232 176 56
16.3125 24.5000 0.4330 187 183 135
-23.1250 -16.0000 0.1670 172 144 149
24.1875 7.0000 0.5920 206 96 145
13.2500 18.0000 0.1100 163 113 187
4.0000 -3.0000 1.1690 238 124 86
-1.3125 -16.5000 6.9160 80 105 185
12.3125 -11.0000 3.6810 114 144 254
-9.6875 -10.5000 5.4200 88 96 231
-21.5000 3.5000 0.1470 192 110 191
-11.0625 6.0000 1.5580 219 167 71
6.5625 -1.0000 4.2960 93 124 235
18.5625 -12.0000 1.1080 237 103 123
-17.1875 25.0000 0.9730 210 179 74
-1.8125 -3.5000 1.1070 246 91 120
-7.1250 11.5000 1.4910 222 196 63
4.1875 -13.5000 1.0820 243 91 127
11.9375 19.5000 0.7720 206 183 82
12.8750 -12.5000 3.6340 102 158 254
6.5000 -11.0000 1.0220 235 84 158
-17.9375 -19.0000 3.4090 124 174 250
1.7500 -9.0000 1.0970 235 94 122
-14.6875 -9.0000 4.2140 93 163 241
-3.0000 -6.5000 1.0790 241 83 131
7.3750 7.0000 4.0700 99 126 246
24.0625 3.5000 1.0360 238 93 107
-21.7500 -8.5000 0.1470 178 135 142
-8.5000 10.0000 1.5380 211 197 65
13.5000 13.5000 1.1720 241 142 90
20.3125 18.0000 0.9840 214 237 85
-23.0000 11.5000 0.1300 170 110 170
6.0625 7.5000 5.2200 96 113 208
-1.3125 -14.0000 6.5540 81 81 201
-16.9375 17.5000 0.1580 170 126 140
21.5625 6.5000 1.1040 234 136 104
-12.6250 20.0000 0.1450 190 149 117
12.4375 23.5000 0.5410 202 172 114
-19.8750 -15.0000 1.0830 220 236 83
-9.0625 -3.0000 1.0730 254 88 135
24.1250 3.5000 1.0350 238 93 107
0.9375 -10.5000 1.0860 238 88 118
12.7500 -13.0000 3.6600 101 156 254
20.1250 -14.0000 4.5290 85 114 254
8.5625 -13.5000 1.0360 231 114 147
14.7500 -23.0000 1.5300 169 203 131
-16.0000 0.0000 2.2470 144 213 195
-8.8750 18.5000 0.1410 190 136 143
-5.0000 6.0000 5.3350 89 100 231
-14.7500 17.0000 0.1430 199 141 133
-24.1875 21.0000 1.9900 167 222 171
-23.9375 5.0000 0.1500 176 123 173
8.8125 16.5000 1.2240 215 154 78
3.7500 23.0000 0.4440 196 134 151
11.8125 -2.5000 4.6060 87 130 231
-11.5625 -17.5000 5.2020 94 105 239
-23.5000 -9.5000 0.1420 169 157 150
4.4375 1.0000 4.4180 105 108 227
-22.0625 14.0000 2.0690 171 254 120
-5.6250 0.0000 1.1360 253 85 98
-14.0000 -12.0000 5.8290 75 119 211
12.1250 16.0000 0.7690 211 128 159
-8.8125 17.0000 0.3930 197 119 140
11.5625 8.0000 1.0730 246 96 117
5.3125 4.0000 4.5150 98 117 227
-0.8750 22.5000 0.2420 194 125 142
1.8750 -12.0000 1.1190 242 99 115
21.3125 4.5000 1.0370 242 89 101
-23.1250 -0.5000 0.1540 180 143 142
17.6875 -10.5000 4.2050 101 118 254
-13.1875 3.0000 1.4430 228 155 73
0.1875 23.0000 0.3800 207 128 136
-2.9375 16.5000 2.1060 151 240 165
4.0625 17.0000 2.0270 167 233 183
18.9375 0.5000 1.0910 245 102 110
-17.3750 -0.5000 1.5070 191 234 87
-10.9375 23.5000 0.1240 190 129 119
-11.3750 -7.5000 1.2360 231 138 76
17.3750 5.5000 1.5370 181 214 128
11.0000 4.0000 4.0640 97 119 237
7.5625 25.5000 0.1480 177 129 177
-15.6875 -18.5000 1.1780 236 122 117
18.6250 19.0000 0.1200 190 107 162
23.1250 -11.0000 4.5480 78 138 241
2.9375 -10.5000 1.0900 239 97 142
16.1250 -14.0000 1.0910 232 102 132
-6.4375 -9.5000 3.0290 129 186 254
-19.3125 -23.0000 0.9010 238 97 101
10.8125 3.0000 4.1450 88 128 239
-14.4375 -20.5000 2.4940 139 238 230
15.2500 -7.0000 4.2930 92 156 237
-16.6875 13.5000 0.1490 184 111 153
-12.5625 9.5000 1.8690 181 223 123
-7.0625 1.5000 1.2330 235 93 84
24.0000 11.5000 0.1680 176 118 152
-2.0000 -8.5000 1.1080 249 81 96
-16.9375 -17.5000 3.1890 128 186 250
-23.4375 -12.5000 0.1650 180 146 145
-9.0000 -9.0000 5.0850 85 117 252
7.3125 -9.0000 1.0540 250 99 132
6.5625 7.5000 5.1870 93 113 211
4.3125 8.0000 5.4550 85 112 217
-12.3125 5.0000 1.5930 216 170 78
-12.0625 4.0000 1.4800 223 149 71
11.0625 23.5000 1.0090 208 241 42
-11.8750 24.5000 0.1330 181 134 136
-7.3125 21.5000 0.1640 177 137 149
19.4375 17.0000 1.0510 217 246 72
-21.3750 12.0000 3.0320 105 214 218
13.5000 17.0000 0.1380 169 110 188
24.5000 -17.0000 5.2330 89 102 242
22.5000 -16.0000 4.7210 79 127 254
-17.6875 -16.0000 1.1710 219 174 81
-16.1875 -3.0000 1.1210 236 132 99
22.0625 -5.0000 2.3650 144 222 243
7.1875 -4.5000 3.9870 103 132 234
-19.5000 16.0000 0.1340 170 104 157
-16.0000 21.0000 0.1220 172 147 170
9.0000 6.5000 4.0030 102 134 248
-15.6250 16.5000 0.1710 197 148 131
22.0000 -1.5000 1.0520 250 90 125
-10.5625 10.0000 2.5580 141 215 218
-22.5000 25.5000 4.8830 106 152 209
3.8750 21.0000 1.2430 220 184 82
11.0625 -23.5000 5.2490 89 110 235
-19.3750 -3.0000 0.1460 179 109 152
16.5000 16.5000 0.3400 199 135 142
15.1875 -23.0000 1.6590 158 206 146
21.6875 18.0000 0.9650 195 215 64
-20.7500 -19.0000 1.0410 235 190 81
-8.6875 -18.0000 4.2710 105 130 245
1.4375 11.0000 5.2370 86 127 222
12.9375 -23.0000 3.2210 113 178 252
25.3125 -22.0000 0.9420 218 64 161
14.3750 9.0000 0.9110 246 63 138
7.6875 -13.5000 1.0340 235 98 137
13.9375 -20.0000 0.9660 237 75 142
23.6875 -13.0000 4.4360 83 142 241
14.5000 -10.5000 3.8440 113 130 254
22.0625 20.5000 0.9370 206 231 71
22.0000 -22.0000 0.9060 238 53 171
15.1875 11.5000 1.0900 231 121 122
-20.6250 22.0000 1.2010 242 160 66
20.1875 -2.0000 1.1490 236 116 115
1.9375 -14.0000 1.1010 239 102 108
19.5000 -11.5000 1.0840 239 97 121
-9.6875 -20.5000 5.3840 87 114 226
-14.6250 16.5000 0.1350 199 140 128
-18.9375 -4.5000 0.1410 185 116 155
13.5000 -21.5000 2.2260 138 242 237
2.1250 -3.5000 3.1080 124 163 253
-12.5000 2.5000 1.3760 237 126 81
-13.6875 -23.5000 1.1670 235 109 85
-10.4375 0.0000 1.1480 253 80 88
-22.1875 -16.0000 1.0750 219 244 85
-15.0000 -0.5000 1.0520 254 103 86
14.5625 11.5000 1.0720 243 100 133
7.2500 0.5000 4.5120 89 119 229
4.7500 6.5000 5.7280 92 104 204
-15.8125 14.5000 0.1460 187 137 144
15.5000 -14.5000 1.0470 236 89 141
18.2500 8.0000 1.4350 195 198 102
18.0000 -5.5000 4.3810 87 153 224
8.7500 -8.5000 1.0960 237 121 124
-13.1875 9.5000 1.9710 176 224 141
-11.5000 -2.5000 1.0360 251 74 107
7.8750 17.5000 1.2130 235 155 84
-3.3125 3.0000 1.4120 223 159 88
-17.5000 -1.0000 1.4160 201 226 81
-9.8750 -5.0000 1.0480 247 84 142
-6.4375 -1.0000 1.1050 254 77 106
24.1250 11.0000 0.1510 176 116 153
-13.1875 -2.5000 1.0730 253 105 109
25.5625 4.0000 1.1610 224 124 92
1.3750 -12.0000 1.3400 212 158 92
-3.1250 23.0000 0.1550 201 118 163
3.8125 -15.0000 2.9170 129 206 250
-5.5625 -15.0000 4.2410 103 130 246
11.0000 9.5000 1.0680 248 83 102
-9.6875 3.0000 1.3410 236 122 105
13.2500 6.5000 1.0470 242 88 130
-2.4375 -11.0000 4.3510 101 135 240
16.5000 -8.5000 4.2190 83 142 254
6.2500 10.0000 3.3230 133 162 235
15.1875 -15.0000 1.0210 239 82 146
-3.1875 9.0000 6.2890 75 112 212
19.3750 9.0000 1.0880 236 114 104
1.0000 -14.5000 6.2510 74 118 202
-9.0625 16.0000 0.7040 218 151 138
-16.8125 6.0000 1.7870 175 209 96
-11.8125 13.0000 0.1470 192 89 148
10.5625 -0.5000 4.5400 72 135 242
1.1250 4.0000 5.9710 87 107 212
20.5625 -9.0000 1.0290 243 91 131
-19.8750 18.5000 1.0310 228 180 52
5.0625 15.5000 1.9480 164 209 174
10.0625 15.5000 1.2190 223 131 87
16.5625 14.5000 0.1860 180 109 213
1.3125 -7.0000 1.0940 242 95 106
23.1250 4.0000 1.0220 243 88 109
16.8125 -9.0000 4.2350 81 142 254
10.8125 5.0000 1.1930 233 114 75
-2.3125 -23.5000 5.5300 89 140 182
-11.6250 -15.5000 5.5590 76 105 219
17.5000 23.5000 0.1350 160 158 144
11.1875 10.5000 1.0550 250 82 99
6.7500 12.0000 1.1890 245 116 77
12.6250 15.5000 0.7820 217 125 151
13.3125 22.5000 0.5510 208 180 99
-1.3750 -24.0000 2.1110 170 197 167
-5.8125 19.5000 0.5120 203 166 121
16.6250 -12.5000 3.8520 99 142 254
-0.0625 -18.0000 6.9830 74 97 196
-3.2500 6.0000 5.6060 87 109 228
-2.8125 -18.0000 5.9470 78 111 204
-14.6875 -11.0000 4.3590 92 151 241
-1.5625 -17.5000 7.1090 72 97 186
-16.6250 -7.0000 1.2140 217 188 75
-18.3750 17.5000 0.1490 168 125 158
-8.4375 -8.5000 4.9880 85 118 251
12.7500 -15.0000 0.9850 247 77 132
20.3750 -9.0000 1.0650 243 96 126
7.0625 -20.5000 3.7270 109 150 254
5.1250 -7.5000 1.0870 226 98 119
-12.8125 -23.0000 4.1920 108 136 227
17.4375 1.5000 1.1810 230 128 103
-5.1875 13.0000 1.3680 221 166 50
-1.7500 0.0000 1.4120 212 168 96
6.8125 -2.0000 4.1950 103 125 240
0.8750 -4.5000 1.1060 238 90 93
-9.0625 12.0000 1.4100 224 188 65
16.2500 14.0000 0.3230 188 106 213
-18.1875 -23.0000 1.0570 235 120 95
11.0625 19.5000 5.2690 63 214 181
-17.0000 7.0000 1.9870 169 209 120
24.9375 -9.0000 4.2630 102 118 230
4.2500 -20.0000 3.8260 114 145 241
-14.5625 -12.5000 5.6240 76 123 219
3.8125 13.5000 4.6730 94 138 235
-6.8125 -18.5000 5.2490 88 121 221
-11.8125 18.5000 0.0870 191 115 149
-10.8125 14.5000 0.1710 191 89 149
18.3750 11.0000 0.9610 217 129 92
23.0625 -17.0000 4.9340 80 99 254
-15.7500 -2.0000 1.0810 242 128 90
7.2500 -11.5000 1.0230 239 86 150
8.8750 16.5000 5.1570 78 134 228
-13.5000 16.5000 0.1190 194 114 149
23.0000 0.0000 0.9550 254 74 133
-4.5625 2.0000 1.2830 236 111 75
-20.8750 4.5000 0.1740 186 96 154
0.7500 10.5000 5.4800 84 126 219
-20.6875 9.5000 0.1350 197 78 179
-4.5625 -13.0000 5.6460 79 127 209
-15.7500 3.5000 1.3170 219 154 58
17.0625 8.0000 1.3410 204 178 105
0.8750 -12.0000 1.3910 206 169 93
-6.6250 3.0000 1.3020 232 112 85
-8.4375 7.0000 5.0450 103 113 211
14.8125 -9.5000 3.9580 107 141 254
-11.4375 7.5000 1.6940 202 204 88
-5.0625 -17.5000 4.9210 90 123 225
-18.5000 -4.5000 0.1430 185 103 150
-10.6875 8.5000 1.5740 210 195 66
22.5625 3.5000 0.9610 249 75 145
4.5625 2.5000 4.5600 96 107 229
-3.5625 -13.5000 4.2180 103 135 244
-19.6250 -19.5000 1.0700 242 143 107
7.1875 -20.0000 3.7860 108 146 253
4.8125 -16.5000 4.0160 106 135 237
-6.4375 21.0000 0.1540 182 98 146
18.9375 -12.0000 4.1460 86 147 254
-14.7500 9.0000 2.0180 173 221 130
-0.7500 25.0000 0.1670 201 128 133
-11.6875 -21.5000 4.2370 98 143 248
22.4375 19.5000 0.9540 208 230 67
18.7500 -12.5000 1.0760 241 95 123
-16.6875 -7.5000 1.1850 210 189 80
3.5625 15.5000 5.6490 83 115 222
-21.1875 16.5000 2.9830 119 240 214
-9.1250 -14.0000 5.9720 82 94 220
-18.7500 14.5000 3.0820 106 230 202
-6.9375 11.5000 1.4100 220 164 56
-18.3125 -12.0000 3.8640 91 197 233
6.4375 6.5000 4.1800 98 136 249
4.9375 -12.5000 1.0480 246 85 135
11.3750 0.0000 4.4900 76 132 233
-3.3125 1.0000 1.2410 241 112 107
13.6250 17.5000 0.2150 171 115 191
-21.3750 11.0000 0.1600 181 99 169
-13.2500 -5.5000 1.1240 242 133 98
-0.8750 -17.5000 7.0290 74 123 191
13.0000 -4.0000 4.5270 94 130 242
12.4375 11.5000 1.0610 250 95 141
-17.6875 -18.0000 2.9100 129 210 251
-3.4375 -8.5000 1.0790 248 69 105
2.7500 9.0000 5.4540 88 108 218
21.8750 -17.0000 1.0690 237 93 147
21.8125 -4.5000 2.3520 146 220 243
-23.2500 -17.0000 0.1770 171 148 149
10.3750 -12.5000 1.0160 247 92 132
-22.8125 8.5000 0.1450 190 89 184
20.6250 -16.0000 3.1770 110 160 254
22.6250 21.0000 0.1210 176 120 146
-21.1875 13.5000 2.0560 172 254 113
13.1875 -4.5000 4.4350 97 131 241
-7.0625 -18.5000 4.2190 112 125 239
21.3125 -8.0000 1.0740 234 92 122
-19.0000 7.5000 0.1380 191 55 145
-16.2500 -16.0000 2.9970 130 184 238
-19.8125 21.0000 1.1180 241 183 63
15.1250 -1.0000 4.1540 97 131 254
0.6250 17.0000 2.5870 134 236 218
9.9375 10.5000 1.1600 247 103 87
-3.6875 -3.0000 1.1140 241 93 131
24.6250 -17.5000 5.3940 87 101 235
-10.4375 21.5000 0.1040 183 119 100
-19.6875 10.5000 2.2750 155 239 164
-22.5625 -11.5000 0.2510 187 165 135
-19.0000 -11.0000 0.5790 210 148 126
-5.1250 -15.0000 5.1810 85 117 233
-16.1875 4.5000 1.4010 207 171 61
24.3750 -9.5000 4.3480 96 119 236
6.1250 -0.5000 4.3190 96 122 234
23.9375 -4.5000 1.1170 238 101 109
2.4375 -2.5000 1.1610 235 117 92
-20.1875 -11.5000 0.3060 189 151 150
11.6875 13.5000 1.1590 232 113 94
11.0625 3.0000 4.1680 88 127 236
6.9375 13.0000 1.1720 234 111 82
23.1875 7.0000 1.0190 240 133 99
19.0625 -19.5000 0.9230 235 65 160
-19.1875 -5.0000 0.1360 185 124 156
7.5625 -1.0000 4.3990 88 122 229
-0.3750 -19.0000 7.2020 61 101 190
-19.7500 -4.5000 0.1510 173 143 142
-11.6250 -4.5000 1.1100 247 88 96
-14.5625 21.0000 0.1010 180 134 156
-17.4375 -8.0000 1.4120 190 219 100
-12.3125 -20.0000 1.3800 219 167 84
-19.6875 -2.5000 0.1530 187 124 144
-14.5000 -15.0000 5.3160 80 115 229
14.3750 -10.0000 3.9310 109 141 254
-6.9375 16.5000 1.1320 216 160 83
6.6250 -11.0000 1.0360 236 88 155
-19.5000 -12.5000 0.4130 196 136 129
10.3750 -22.0000 5.0220 84 110 251
8.5000 -16.0000 1.0440 244 99 120
-16.0625 -1.5000 1.1190 237 129 89
-1.8750 12.5000 5.4890 84 125 203
23.0625 11.5000 0.1350 175 107 175
20.8750 -14.5000 4.0880 84 139 254
7.3125 -15.5000 1.0470 251 117 112
2.6250 -5.0000 2.8190 132 196 254
-21.3750 5.0000 0.1660 186 95 159
0.6250 18.0000 4.4900 89 155 226
-15.3750 -19.5000 1.1240 248 126 116
-8.7500 -7.0000 1.1240 246 106 115
-0.7500 19.0000 1.9780 160 228 140
-6.9375 19.0000 0.3390 189 141 144
25.4375 3.0000 1.0920 228 103 100
12.6250 -9.5000 1.0990 242 117 108
-8.2500 12.0000 1.3480 234 173 55
-22.6875 -24.0000 0.1600 175 118 150
22.3125 -1.5000 1.0640 250 92 122
0.3125 15.0000 4.4810 96 128 231
-9.5000 25.0000 0.1670 174 145 129
16.1875 12.5000 1.0120 229 106 135
18.2500 -9.5000 3.1760 115 168 254
-2.7500 6.5000 5.8260 84 105 222
-14.5625 -13.5000 5.5200 79 121 215
23.1250 -8.0000 1.1100 231 100 105
-13.2500 25.5000 0.1290 172 121 163
2.4375 -23.5000 3.7010 127 148 223
20.4375 -9.0000 1.0530 244 95 128
12.8750 3.5000 1.1980 225 117 98
19.5625 -16.0000 1.0180 242 83 127
-0.0625 -5.5000 1.1080 236 91 114
1.6250 19.0000 1.2040 219 180 56
-16.3125 13.5000 0.2100 187 117 153
17.1875 -6.5000 4.5700 79 149 235
1.3750 19.0000 4.5090 88 167 214
21.5625 -22.0000 0.9180 236 54 171
-5.0625 15.0000 1.6150 194 206 90
-3.1875 15.5000 1.4480 217 190 62
-2.2500 6.5000 5.9000 82 104 219
5.2500 4.5000 4.4810 93 118 237
9.9375 23.5000 0.7990 214 214 69
-13.0000 4.5000 1.6360 199 167 103
13.9375 14.0000 1.1530 242 139 90
13.9375 -17.5000 0.9750 236 79 138
-9.7500 23.5000 0.1530 171 141 135
6.0000 -11.0000 1.0110 238 90 163
-16.6875 13.5000 0.1390 184 110 152
-14.6250 20.5000 0.1260 182 135 156
21.1250 -7.0000 2.3010 151 201 225
-19.4375 5.5000 0.1390 181 58 151
-24.0000 4.0000 0.1470 180 124 167
-1.1875 14.0000 5.1160 86 128 204
11.0000 -4.5000 4.3840 92 126 232
9.7500 -5.5000 4.0820 100 140 244
4.0625 -5.0000 3.0490 117 178 254
-4.5000 15.5000 1.3320 220 165 56
-10.3750 -3.5000 1.0540 246 78 107
-1.1875 10.5000 5.8420 90 117 211
-11.3125 -6.5000 1.2880 228 156 75
17.5000 -3.5000 4.2420 102 140 235
8.2500 -4.0000 4.1420 108 119 232
-8.3125 22.5000 0.1480 176 132 130
-15.2500 -13.5000 5.4550 81 121 218
-8.1250 -16.5000 4.1970 108 115 250
-0.3750 -12.0000 4.1280 104 129 254
23.8125 -16.5000 5.0230 91 105 251
-16.7500 -18.0000 5.0530 78 137 238
9.1875 -4.5000 4.1410 102 135 235
-15.0000 15.5000 0.1560 187 137 138
-11.1250 -6.5000 1.1790 239 123 76
13.7500 14.5000 0.9000 240 85 119
-13.0000 -2.5000 1.0430 251 80 112
10.4375 13.5000 1.2100 233 123 81
-2.3125 15.0000 4.9360 84 135 214
22.3750 -10.5000 3.7320 98 153 247
7.8750 -1.5000 4.3420 92 117 234
-14.1250 10.5000 0.8530 234 148 67
-18.4375 -18.5000 3.4580 122 175 254
-20.4375 24.0000 4.8530 86 163 226
24.3125 11.5000 0.1150 174 111 154
19.8125 -11.5000 1.0910 238 99 118
25.1875 -4.0000 1.0980 232 91 111
3.5000 -15.0000 2.8840 130 206 250
-3.3125 1.5000 1.2480 239 114 105
-5.6250 21.0000 0.1460 187 93 147
-17.5000 -2.5000 0.4310 193 122 165
8.8125 22.5000 0.1320 184 97 179
-2.4375 18.0000 1.7510 173 232 110
-2.1250 -8.5000 1.1050 250 80 97
-22.6875 -21.5000 1.7390 165 253 126
25.3750 5.5000 1.0750 220 130 96
21.6875 22.0000 0.1100 181 125 150
-13.3125 -6.5000 1.2750 220 161 78
7.6875 -8.0000 1.1180 236 120 121
-4.2500 12.0000 6.0780 81 136 179
17.1875 -21.5000 0.9510 249 73 157
15.8750 0.0000 4.0210 101 140 254
3.0625 13.0000 4.6800 96 126 231
-2.3125 13.5000 5.3810 81 134 204
-4.3125 16.5000 1.2750 216 180 68
22.4375 4.0000 1.0170 239 90 110
-9.8125 19.0000 0.1360 188 137 147
25.6250 -16.5000 5.4170 94 96 226
19.6250 3.5000 1.0290 249 88 125
4.4375 -12.0000 1.0830 246 92 132
0.6875 11.0000 5.3600 84 127 224
-11.7500 18.5000 0.1700 191 137 146
13.3750 13.0000 1.1480 240 135 95
-7.3750 -13.0000 3.9010 114 124 253
-2.0000 8.5000 6.3460 73 112 210
17.3125 20.0000 0.1440 197 120 163
0.8750 24.0000 0.1430 203 106 150
-8.5000 -5.0000 1.0710 244 94 128
-18.1875 -18.0000 3.7120 113 163 254
11.5625 12.0000 1.0900 244 101 121
14.3125 -2.5000 4.4060 97 132 241
11.3125 7.0000 1.1080 240 95 97
16.8750 15.5000 0.4800 197 150 157
10.5625 11.5000 1.1060 252 89 93
-5.0625 20.5000 0.1180 189 88 149
9.1875 17.0000 1.2220 218 185 62
-9.2500 -8.0000 1.1930 238 119 104
-1.4375 7.5000 6.2810 78 112 203
-12.7500 7.0000 1.7590 203 195 112
4.5000 3.0000 4.5720 95 108 231
-24.1875 11.5000 0.1390 167 108 165
15.8125 -17.5000 0.9420 239 54 155
24.7500 -20.0000 0.9980 241 63 143
-6.0000 15.5000 1.2130 226 162 72
0.2500 23.5000 0.1720 203 108 152
10.1875 -7.5000 3.8320 102 150 245
24.2500 -16.5000 5.1200 91 102 246
9.5625 -23.5000 5.4550 97 95 213
-10.8125 -1.0000 1.1180 244 77 93
-17.0000 3.0000 0.5650 211 117 120
20.5625 4.0000 0.9970 244 75 108
2.5000 24.0000 0.1760 195 111 151
-11.6250 6.5000 1.6590 205 178 92
10.1875 -5.0000 4.2040 100 136 237
-11.6250 1.5000 1.2320 254 95 74
-3.6250 -21.5000 5.6010 77 150 201
23.3125 -11.0000 4.5410 79 138 240
0.0000 7.5000 6.2480 80 113 213
15.4375 -17.0000 0.9600 243 76 164
-0.2500 20.5000 1.2320 220 202 77
-17.8125 9.0000 2.0650 163 242 141
-1.1250 11.5000 5.6470 83 125 201
3.8750 15.5000 2.0690 158 214 194
15.5000 -3.5000 4.4320 100 142 241
13.3125 -6.5000 4.2280 100 131 239
25.2500 -9.0000 4.1400 113 122 228
-24.1250 22.5000 1.5730 194 202 117
-5.9375 4.0000 1.3140 235 125 83
4.9375 25.0000 0.0590 169 116 173
-14.0000 -14.5000 5.3660 83 110 223
22.0000 -23.5000 0.9430 223 53 158
-9.5625 -21.0000 4.3200 105 135 253
13.1875 4.5000 1.9530 154 201 184
-14.6875 0.5000 1.2180 239 138 79
-12.5000 11.0000 1.0180 238 141 71
3.6875 15.0000 5.7310 79 117 225
-5.5625 5.5000 5.1550 90 102 236
-0.4375 -17.5000 6.9580 76 97 196
7.5000 -16.5000 1.0690 244 117 113
-20.9375 -11.0000 0.3460 192 160 149
-6.1250 17.5000 1.1150 229 157 73
-21.1250 -23.5000 0.2650 191 106 163
22.1250 -2.0000 1.0640 248 96 131
-0.2500 -22.5000 3.1480 146 170 222
2.9375 0.0000 4.1390 108 125 234
22.9375 -18.5000 1.0310 252 82 151
-23.3750 3.0000 0.1370 181 118 154
-18.9375 -9.5000 0.4210 203 128 132
-7.7500 26.0000 0.1560 161 150 138
24.6250 6.5000 0.6570 210 99 135
-3.9375 7.0000 5.7410 96 108 210
1.3125 -4.0000 1.1340 238 99 89
-9.0625 -14.0000 5.9520 82 94 221
14.3750 -19.0000 0.9620 231 70 140
-12.9375 -15.5000 5.3570 86 100 221
-18.3750 7.0000 0.1970 195 63 151
23.7500 -14.0000 4.6660 91 130 236
11.1250 15.0000 2.4000 138 226 230
12.9375 -1.0000 4.3970 89 136 248
-8.1250 -7.0000 1.0910 248 97 116
-22.5625 20.0000 1.5750 194 220 85
-8.1875 -3.5000 1.0930 254 90 127
-11.8750 -1.0000 1.1120 250 76 90
-16.5000 16.0000 0.1400 180 136 139
-18.5000 26.0000 5.4610 79 162 215
6.9375 13.5000 1.1890 236 118 78
-9.0625 -16.5000 5.2610 86 114 237
-5.5000 -3.5000 1.1400 242 99 108
-20.5000 -22.5000 2.0540 150 254 169
-6.1875 -12.0000 4.3030 101 138 246
20.2500 -21.5000 0.9320 243 67 170
-14.9375 19.5000 0.1400 182 136 151
-4.8750 -14.0000 5.4160 86 113 226
24.5625 2.0000 0.9990 237 77 137
-2.4375 16.5000 2.3290 138 243 189
-11.1250 -16.0000 5.4870 80 104 217
-8.6875 -6.5000 1.0750 251 94 120
4.8125 23.0000 0.1290 183 86 151
23.6875 -18.0000 5.2550 74 101 254
10.8750 17.0000 0.8440 224 124 76
-14.5625 14.0000 0.1380 190 133 142
-13.0000 14.5000 0.1350 187 90 147
-14.3750 14.5000 0.1540 190 135 139
14.3750 -19.5000 0.9830 232 76 136
-23.4375 13.5000 3.0040 126 209 210
23.8125 2.5000 0.9690 251 81 135
6.2500 -20.5000 3.7090 113 149 253
-18.0625 -6.0000 0.5280 210 125 128
-10.6875 -17.5000 3.2970 126 153 254
-5.0625 -5.5000 1.0650 238 77 111
21.1875 -11.5000 3.6790 90 182 241
22.4375 -20.5000 0.9540 244 66 161
-14.2500 4.0000 1.6430 198 173 104
10.5000 1.0000 4.3970 84 132 237
19.8125 14.0000 0.1870 168 114 203
-10.7500 -10.0000 5.4540 81 122 228
6.9375 -1.5000 4.2950 93 123 232
-9.5625 19.0000 0.1520 189 139 146
-7.0000 -19.5000 4.2170 111 135 244
-22.4375 4.0000 0.1270 188 105 164
25.0000 -12.0000 4.4680 93 132 222
-21.2500 -15.5000 2.1880 138 254 161
6.0625 -17.0000 1.1090 240 114 104
5.3125 6.0000 5.6700 91 114 194
0.8750 -7.5000 1.0690 242 86 110
-4.8750 13.0000 1.4120 216 172 54
11.7500 19.0000 0.6500 194 193 125
-9.5000 2.5000 1.3050 243 116 100
-23.5625 17.5000 1.9620 169 233 148
0.6875 15.5000 4.5510 97 124 227
1.2500 -7.0000 1.0670 243 86 108
-23.5625 -22.0000 0.1350 177 122 167
7.6250 26.0000 0.1090 177 126 178
-21.1875 -16.0000 2.2270 135 254 165
-24.1250 13.0000 0.3710 183 123 172
9.6250 4.5000 4.1140 93 130 245
12.5625 -11.5000 3.6570 104 154 254
25.0000 2.0000 1.0170 233 82 134
-19.3750 2.5000 0.1380 189 77 163
16.2500 -17.5000 0.9740 241 60 148
3.2500 -18.5000 4.0250 105 145 243
-23.6250 -16.0000 0.1450 168 147 148
7.8125 26.0000 0.1230 178 128 179
1.7500 3.0000 5.9150 78 109 205
5.3125 6.0000 4.3270 97 140 223
-15.2500 12.5000 0.1530 184 105 141
17.1875 9.0000 1.0360 237 98 119
-2.7500 -11.0000 4.2890 104 135 240
11.6875 25.0000 0.2880 183 159 162
-0.5000 -14.5000 6.4540 80 111 203
-14.0000 7.0000 1.9240 189 192 111
-2.0625 -2.5000 1.1440 241 101 123
9.1875 25.0000 0.1630 185 123 184
4.5625 11.0000 1.2640 239 142 72
14.0625 22.5000 0.5490 206 185 96
-5.5000 -22.5000 5.4130 86 113 219
-16.5000 18.0000 0.1130 175 117 154
19.8750 -13.5000 4.2400 83 143 254
3.1250 -3.0000 3.0990 130 176 254
-5.6875 -20.0000 4.2280 113 139 253
12.6250 0.5000 4.2570 93 133 247
11.9375 -23.5000 5.1650 88 113 232
-18.1875 -14.0000 4.0360 96 174 234
-21.3750 4.0000 0.1120 192 96 161
-14.1250 24.5000 0.1320 171 120 160
-19.5000 -4.5000 0.1350 186 108 144
14.0000 -21.5000 1.9870 153 239 205
-8.0625 -10.0000 5.1270 84 114 245
-13.3125 -9.0000 1.1460 245 139 87
-22.8750 -3.5000 0.1230 172 127 153
-12.4375 -11.0000 5.8190 72 124 211
5.8125 -10.0000 1.0450 244 94 144
-6.4375 11.0000 1.3340 232 157 41
25.3750 -23.5000 0.8590 197 52 181
12.1250 0.5000 4.3650 85 137 242
15.5625 15.0000 0.0860 173 112 216
7.0000 -23.5000 5.8020 87 95 197
-6.3125 20.0000 0.1730 184 108 145
-4.6875 6.0000 5.4270 89 99 228
-0.1250 -12.0000 2.0510 158 197 195
-15.1875 2.5000 1.4840 212 185 81
1.1875 -12.5000 1.3200 216 156 87
-9.4375 22.0000 0.1230 176 127 123
-13.3125 25.5000 0.1700 173 130 159
14.5625 -3.0000 4.4800 97 130 236
-15.0625 10.5000 2.6710 123 230 209
-14.6250 16.0000 0.1390 197 143 121
18.0000 -22.5000 0.9390 236 52 161
18.5625 -2.0000 4.0100 101 145 254
-17.5000 -5.0000 0.7930 226 113 116
-16.3750 23.0000 0.3060 183 130 156
-21.3125 -18.0000 1.8210 161 254 148
7.8125 -6.0000 3.8540 109 129 243
-23.8750 -3.0000 0.1570 170 141 131
24.0625 -15.0000 4.8550 82 118 245
-20.1875 -22.0000 2.1880 145 254 186
12.6875 -3.0000 4.5820 93 128 245
-22.1250 -14.5000 0.1230 181 117 151
11.9375 -10.5000 3.6290 116 141 254
6.0625 -22.5000 3.3800 128 139 242
-21.4375 -14.0000 0.1600 186 115 150
-12.2500 -7.0000 1.1330 242 110 77
-19.8125 5.5000 0.1400 180 88 152
-2.4375 -1.0000 1.1920 252 104 107
2.2500 -15.5000 6.3040 81 110 190
10.3750 12.0000 1.1420 247 96 91
-23.3125 26.0000 4.8180 118 146 198
-17.0000 9.0000 2.0620 165 235 135
12.6875 12.5000 1.1090 241 111 108
-5.0000 -14.5000 5.3030 85 115 229
-22.2500 21.0000 1.4270 213 208 66
17.9375 -2.5000 4.1180 98 145 246
1.7500 11.5000 5.1360 89 124 221
-16.3125 10.5000 2.0500 170 228 128
2.4375 -10.5000 1.0820 237 96 147
-4.4375 -13.0000 4.2390 107 128 231
14.0000 -17.0000 0.9740 232 79 141
17.5625 1.0000 1.5860 192 186 126
5.9375 -7.5000 1.0850 235 114 135
16.3125 0.0000 4.0180 100 140 254
8.8750 -1.5000 4.4510 83 130 243
18.8750 -9.0000 3.1020 114 179 254
11.6875 -19.0000 0.9990 232 69 129
3.5625 12.5000 1.2410 238 132 87
20.5000 -8.5000 1.0660 240 96 130
0.6250 -3.5000 1.1560 238 103 87
4.2500 -6.0000 1.1700 233 129 103
5.5625 19.0000 1.2320 224 159 72
-1.3750 -5.0000 1.1110 239 88 118
15.8750 23.0000 0.5650 213 195 116
1.4375 -5.5000 1.1330 235 107 107
-12.3750 -17.0000 5.2160 97 103 238
6.0625 -18.5000 3.8500 107 130 254
0.6250 10.0000 5.5580 87 124 214
-12.1875 -19.0000 1.2050 242 117 88
5.7500 -15.5000 1.0990 243 122 111
20.5000 -11.0000 1.1210 237 100 114
13.7500 15.0000 0.5450 202 72 187
16.4375 22.0000 5.4440 55 245 156
23.8750 -3.5000 1.0880 244 94 116
-6.1875 25.5000 0.1570 166 157 134
-5.3750 -16.0000 4.1970 105 128 238
-15.1875 -4.5000 1.2130 234 153 87
3.3125 -2.0000 1.4920 203 177 108
1.2500 11.5000 5.2050 86 127 226
-14.9375 -17.0000 1.2020 233 123 115
20.3750 -19.0000 0.9620 240 72 166
0.5625 -17.5000 6.8440 73 100 195
2.0625 20.5000 2.2750 146 245 171
-20.2500 23.0000 4.6940 90 165 225
24.8125 -1.0000 1.0050 236 68 122
9.7500 -7.0000 3.8760 101 150 249
-24.0000 14.0000 0.3830 182 118 170
5.0000 -1.5000 4.0890 109 125 243
-10.2500 -21.5000 4.3240 109 125 251
13.1250 -11.0000 3.6820 104 153 254
-14.7500 4.5000 1.7910 191 190 104
21.6875 -2.0000 1.0810 245 99 131
16.7500 -1.0000 4.0850 97 138 254
-6.3125 -21.0000 5.4150 84 114 227
-0.7500 -17.5000 6.9960 75 123 190
3.5625 6.5000 5.8500 83 94 210
23.3750 7.5000 0.6310 219 115 145
10.1875 17.0000 0.8570 228 120 75
21.8750 -13.0000 4.0850 89 159 251
7.5000 -18.5000 1.6510 189 193 122
19.6875 11.5000 0.3160 174 87 193
3.6250 20.0000 1.2850 219 193 78
-20.5000 -9.0000 0.3160 196 152 134
4.5000 -9.5000 1.0540 240 82 121
-2.4375 -20.0000 5.7700 70 145 195
3.1250 -14.5000 2.3140 152 223 219
1.9375 -20.0000 4.0650 119 165 206
2.3750 -10.0000 1.0710 230 71 115
-18.4375 -15.0000 1.8340 166 241 150
-21.8125 -4.0000 0.1480 182 128 152
-12.1875 -15.0000 5.5430 77 104 220
10.0000 18.0000 0.6330 201 102 131
-4.1250 17.0000 1.1990 221 169 69
-0.3125 -1.0000 1.1720 234 115 94
11.4375 2.5000 4.1600 89 125 230
10.1250 -2.5000 4.4750 82 129 242
19.8750 18.5000 0.1910 187 123 169
-20.4375 19.0000 1.1110 228 186 45
-14.2500 20.5000 0.1400 184 135 150
-1.9375 20.0000 1.1710 239 186 70
2.0000 12.0000 4.9680 99 119 216
5.8125 -13.5000 1.0740 242 96 136
-6.0000 22.5000 0.1600 194 122 145
-22.9375 14.0000 2.0470 171 254 116
10.6875 -8.5000 1.1170 232 114 100
-1.1875 1.0000 1.2790 235 138 95
1.6250 23.0000 0.5600 213 158 116
16.3125 -20.0000 0.9500 246 78 169
-6.6875 2.5000 1.2900 234 108 85
7.3125 -17.0000 1.5190 195 184 106
15.4375 22.5000 0.4990 202 187 126
14.8125 23.0000 0.5420 201 188 118
14.3750 -0.5000 4.2450 97 133 241
-6.1875 23.0000 0.1470 192 121 151
-15.5000 -19.0000 5.0580 83 117 244
-19.5625 -13.5000 0.4450 197 124 152
4.9375 -18.0000 3.9420 107 145 240
-9.6250 -8.5000 5.1040 89 115 248
-19.2500 -4.5000 0.1540 185 119 155
-3.0000 22.5000 0.1480 202 116 162
18.8750 -15.5000 4.3080 87 122 254
-0.1875 -24.0000 3.2970 145 162 207
-12.0625 0.0000 1.1360 250 81 89
-3.1250 -15.0000 5.1500 85 116 222
15.4375 -23.0000 1.3560 182 184 108
6.5625 -20.5000 3.7370 110 149 254
-13.9375 -10.0000 4.3980 90 159 228
-3.7500 -11.5000 4.4460 105 137 226
24.4375 -9.0000 4.2620 98 120 237
-14.5625 -14.0000 5.3990 81 112 224
17.8750 7.5000 1.4450 183 192 108
14.9375 4.0000 1.8150 160 208 188
24.3125 -12.5000 4.5440 83 137 235
-15.8125 9.0000 2.0310 170 218 133
-0.1875 17.0000 2.2640 145 242 188
-13.6250 24.0000 0.0910 178 118 166
-15.4375 3.0000 1.4690 211 181 82
-11.4375 21.0000 0.1310 191 147 113
-22.0000 13.5000 2.0480 173 254 114
16.0000 -11.0000 3.9200 103 137 254
-20.9375 22.0000 1.2580 237 175 61
7.3750 -5.0000 3.9220 113 125 240
-9.6875 0.5000 1.2190 248 102 105
2.8750 12.5000 4.7180 98 123 228
5.6875 -4.5000 1.1940 223 123 98
15.5000 8.5000 0.9620 243 77 139
-21.2500 25.0000 4.8890 92 160 222
-18.6250 14.0000 3.0330 107 235 200
-20.9375 -16.5000 1.1680 221 238 79
14.9375 10.0000 1.0170 233 96 128
-9.3125 -21.5000 4.2210 107 137 254
-15.8750 -18.0000 1.2450 225 140 113
-14.6875 -9.0000 1.1350 241 132 85
-2.9375 -18.5000 5.8490 81 114 205
-11.2500 22.0000 0.1590 186 122 103
8.9375 11.5000 2.3910 139 207 227
-9.0000 18.0000 0.1710 185 114 146
7.9375 15.5000 1.1780 230 137 78
-18.9375 -15.0000 2.9210 118 231 236
15.0000 18.5000 0.1790 182 121 193
18.1250 0.0000 1.6030 196 194 124
-2.6250 0.0000 1.2080 249 109 106
0.1250 -18.0000 6.9430 73 98 196
11.8125 18.5000 0.6380 191 190 128
9.5000 -17.5000 1.0420 237 86 120
-9.8750 -10.0000 5.3230 89 97 239
13.5625 -5.5000 4.3880 102 124 234
20.4375 -13.0000 3.7540 90 162 254
9.4375 20.5000 5.4400 61 208 192
22.6250 -14.0000 4.3930 89 129 254
-21.1250 -14.0000 0.1570 187 114 150
20.5000 22.0000 0.1790 185 134 156
-11.0000 -21.0000 4.2470 98 141 247
-12.2500 3.0000 1.3660 238 125 80
11.5625 -12.0000 3.6330 102 155 254
17.8750 -1.5000 4.0240 106 135 254
5.3750 -20.0000 3.7820 116 149 232
5.3750 14.0000 2.0350 166 202 181
4.6250 -20.5000 3.8070 114 146 239
-14.9375 6.5000 1.9440 180 196 127
-21.3125 4.0000 0.1600 192 105 160
9.2500 15.5000 1.2060 226 151 83
-12.0625 19.0000 0.1670 191 152 104
24.5000 -18.0000 5.3710 78 101 247
0.3125 -1.0000 1.2260 232 131 84
-16.3750 -17.0000 3.0990 123 186 242
7.8750 -5.5000 3.9340 109 125 238
21.5000 19.0000 0.9600 208 246 68
16.0625 14.5000 0.1020 176 109 217
-16.6875 -3.5000 1.1550 214 176 94
-10.7500 -15.5000 5.6380 77 104 214
-21.5000 18.0000 1.7460 175 251 79
-19.8125 23.0000 4.7260 90 163 221
0.8750 -22.5000 3.2710 139 182 232
-7.1875 -20.5000 4.2200 111 145 233
3.3750 -9.0000 1.0680 239 82 124
-15.0000 -17.0000 1.1870 235 119 117
16.8750 -3.5000 4.3000 99 143 240
-8.7500 -4.5000 1.0730 254 85 131
-3.1875 6.0000 5.6040 87 109 228
19.8125 -19.5000 0.9350 245 69 177
0.8125 -11.0000 1.1030 242 93 122
21.5000 -10.5000 3.5850 102 163 253
-18.7500 -16.0000 1.4260 198 223 93
-3.1250 19.0000 1.1520 231 175 87
1.7500 -5.5000 1.1080 234 99 109
10.6875 5.5000 2.0790 161 201 188
11.1875 23.0000 1.1440 201 254 38
-19.1250 17.5000 0.0950 161 121 166
3.6875 23.0000 0.5130 200 145 142
16.6250 -18.5000 0.9300 242 54 147
14.4375 23.0000 0.5250 202 184 103
-8.2500 7.0000 1.3890 222 147 73
1.3125 -4.0000 3.0650 121 175 254
13.5000 2.5000 4.0620 86 146 254
9.3125 -21.5000 5.1210 83 106 252
17.4375 -21.0000 0.9550 247 75 159
-2.0625 9.0000 6.2180 74 114 211
17.1250 -12.5000 3.8420 100 141 254
-15.0625 -5.0000 1.1810 232 145 98
20.8750 -18.0000 1.0190 233 71 120
-16.6250 -9.5000 3.8960 95 178 225
-16.6875 24.0000 0.8850 215 172 81
0.0000 12.5000 5.2060 87 129 222
4.2500 -6.0000 2.1890 149 235 225
16.7500 -8.5000 4.2870 81 139 254
-16.8750 -6.0000 1.1660 219 207 76
-14.6875 -14.5000 5.3500 80 114 228
-21.0625 14.0000 2.0410 173 254 112
-2.3750 14.5000 5.1430 80 135 212
-22.5625 3.5000 0.1450 187 111 161
-1.5000 -18.5000 7.2850 71 99 185
12.7500 16.0000 0.4850 190 110 197
3.4375 21.5000 2.0940 159 235 179
15.3750 11.5000 1.1170 230 130 116
-14.3125 -13.5000 5.4810 84 109 224
17.5625 -12.5000 3.9100 101 135 254
7.6250 12.0000 2.2840 150 209 206
-22.2500 0.5000 0.1380 185 119 159
-5.1875 -6.0000 1.0780 241 80 106
5.5000 -9.5000 1.0560 239 92 158
-6.8125 5.0000 1.3700 231 138 85
5.3125 24.0000 0.1180 177 116 182
14.0625 -10.5000 1.7330 165 201 143
-19.3750 0.5000 0.1440 202 120 143
-14.5625 -20.5000 1.8280 173 234 166
11.0000 -23.5000 5.2140 89 109 236
17.1875 17.5000 0.1960 187 118 159
-18.4375 -19.5000 1.1320 246 149 99
20.5625 -10.0000 1.0760 239 97 123
13.8750 -10.0000 3.8860 112 140 247
-7.2500 -17.5000 4.1990 103 136 227
-10.9375 -3.5000 1.0630 251 80 102
-16.1250 8.0000 2.0780 167 215 139
0.0000 16.5000 2.3370 142 240 196
-2.5625 23.0000 0.1500 204 113 165
2.8750 5.5000 6.2030 81 88 204
-23.8125 7.0000 0.1470 191 114 179
-17.9375 -17.0000 1.1480 240 150 95
-6.4375 1.5000 1.2680 238 103 81
15.8125 -14.5000 1.0320 239 87 142
22.0000 20.0000 0.9220 206 227 72
-23.5625 -6.0000 0.1610 174 154 152
14.0000 10.5000 0.9940 250 84 143
-14.6250 -22.5000 4.1150 93 139 250
-0.0625 15.0000 1.2590 232 134 62
9.5625 13.5000 2.2860 142 228 228
-17.1250 -23.5000 1.0670 232 100 92
-3.5625 17.0000 1.3010 225 186 64
-19.8750 -8.0000 0.8180 213 196 59
-4.9375 -15.5000 5.2070 84 117 229
-10.5000 -4.0000 1.0490 247 77 105
-11.4375 2.0000 1.2850 249 109 74
13.3125 13.0000 1.1350 241 132 97
6.8125 -21.5000 3.5620 114 154 254
-7.8750 8.0000 5.2930 86 125 193
5.3125 -23.5000 5.9600 83 94 191
7.3125 -20.0000 3.7830 109 146 253
-2.3750 -21.5000 5.6510 71 151 197
-7.3125 -10.0000 5.0380 87 106 247
-14.6250 -22.5000 4.1000 93 140 250
14.7500 -18.5000 0.9650 230 62 146
5.6250 -9.5000 1.0180 244 87 149
8.6875 12.5000 1.7110 177 201 152
-4.8750 -16.5000 4.4170 110 121 228
-4.2500 -10.0000 4.3700 106 119 250
-21.6250 5.5000 0.1430 184 91 164
-11.9375 2.5000 1.3090 247 115 76
-12.6250 10.5000 1.2130 226 179 54
-3.6250 19.5000 1.1340 236 178 83
12.1875 18.0000 0.6180 189 156 163
10.8125 -6.5000 3.9990 98 144 245
15.5000 16.5000 0.2780 190 123 161
5.7500 25.5000 0.1270 174 125 173
11.6875 15.0000 1.1770 232 144 87
-11.7500 -13.0000 5.9330 71 125 208
17.0000 -14.0000 1.2270 216 143 121
-10.6250 -4.5000 1.0810 240 78 100
-13.1875 -9.0000 1.1470 237 122 83
-3.8125 -9.5000 1.2020 233 114 91
-14.5625 1.5000 1.2780 235 139 58
-8.6875 -5.5000 1.0930 246 99 122
0.8125 18.5000 4.5110 91 155 223
-2.2500 -23.0000 5.5480 84 143 186
-1.1875 -17.0000 6.9930 80 106 182
-16.7500 7.5000 2.8250 127 201 208
15.2500 -11.5000 3.8350 103 142 254
16.9375 -21.5000 0.9650 251 76 156
-5.5000 -11.5000 4.8690 85 133 234
-18.9375 2.0000 0.1370 192 76 157
12.5625 17.0000 0.1290 164 111 190
-11.0625 -17.0000 5.4070 91 100 230
-18.0625 -4.5000 0.2750 191 113 158
-23.4375 19.5000 1.9270 171 228 142
12.2500 15.0000 1.1650 231 144 96
-12.7500 1.5000 1.2530 236 114 90
-0.0625 -4.0000 1.1450 235 96 95
-0.1250 -21.0000 5.8050 70 136 208
-9.1875 13.0000 2.0920 157 226 175
19.0000 23.0000 0.1530 193 148 149
-2.9375 11.0000 5.9980 76 129 199
-9.9375 -14.5000 5.9000 80 121 214
-23.6875 16.5000 2.0120 167 251 135
-21.6250 11.0000 2.1990 150 254 162
3.6250 -3.5000 3.0680 130 180 254
-4.3750 -14.5000 5.4350 87 112 220
17.5625 -16.0000 1.0070 228 73 143
-13.6875 12.0000 0.2220 187 108 133
-3.5000 -11.0000 4.4310 99 131 240
-16.5625 15.0000 0.1360 181 135 137
-9.6875 10.5000 2.4660 144 223 207
7.1875 8.0000 2.2140 160 209 200
-20.1875 -8.5000 0.7890 232 205 62
-9.1250 6.0000 1.4820 225 159 75
-19.6250 3.5000 0.1460 193 93 170
12.5625 6.0000 1.0830 244 93 124
-16.8125 15.0000 0.1350 183 120 143
0.7500 -14.0000 6.2460 75 118 202
-20.6250 7.0000 0.1600 178 92 169
21.1250 -3.5000 3.9800 101 150 254
17.8750 -6.0000 4.4620 83 153 223
7.3750 -9.5000 1.0430 250 95 133
-23.5625 11.0000 0.1560 176 108 164
1.0000 2.0000 5.5490 81 117 216
10.5000 25.5000 0.5700 191 197 111
6.2500 17.5000 3.2230 123 180 254
-22.7500 3.0000 0.1610 188 122 187
23.3750 1.5000 0.9330 254 74 139
20.0000 -7.5000 1.0830 237 100 95
20.6250 -14.5000 4.0450 94 122 254
-10.5000 -3.0000 1.0660 247 79 105
24.0625 -18.5000 1.0460 243 89 147
-16.7500 6.0000 1.4730 199 208 64
8.3750 -13.0000 1.0240 232 96 134
2.1250 10.5000 5.2440 87 115 226
-20.2500 14.5000 2.0460 169 254 110
11.0625 3.0000 4.1310 89 127 237
-5.1250 19.0000 0.8600 222 189 80
-22.4375 14.0000 2.0250 173 254 112
-1.0000 11.0000 5.6540 91 119 215
9.3125 -16.0000 1.0230 240 91 131
5.7500 -4.0000 3.9060 107 137 244
-17.3750 25.0000 5.2620 76 166 222
5.8750 -15.5000 1.0650 245 116 116
-24.0000 20.5000 1.9220 169 220 161
-19.5625 15.5000 3.0620 116 219 194
-18.8125 -12.5000 1.1100 229 186 76
5.0000 15.5000 1.1610 236 115 90
12.6875 -22.5000 4.8840 90 128 249
20.4375 -3.0000 3.9920 99 144 254
-21.4375 21.0000 1.2310 238 184 56
7.5625 -11.0000 1.0170 243 82 144
-23.9375 -20.5000 0.1450 179 119 157
-18.6875 13.5000 2.0840 149 254 122
-13.6250 18.0000 0.1810 192 147 112
-4.0000 11.0000 6.2040 76 118 192
-2.6875 -15.5000 5.3000 81 113 218
1.2500 0.5000 4.0320 107 126 247
0.7500 -7.0000 1.0780 244 89 108
16.3750 11.0000 1.1210 232 134 108
-19.1250 -7.5000 0.2120 186 136 146
6.0625 -23.0000 3.2980 131 142 233
-1.0625 -14.0000 6.4340 81 83 201
25.3125 -1.5000 1.0480 235 78 116
7.1250 22.5000 0.1470 185 112 183
13.8750 -18.0000 0.9850 239 80 133
2.5625 -11.0000 1.0930 239 96 142
-8.1875 -20.0000 5.4440 82 115 227
-1.9375 13.0000 5.4250 87 128 203
-10.5625 0.0000 1.1710 240 91 89
19.2500 -17.0000 1.0120 235 67 129
-22.2500 -6.0000 0.1440 182 139 163
-11.0625 11.5000 1.2340 226 186 53
10.2500 16.0000 1.2000 218 181 54
24.2500 -14.5000 4.8400 91 124 228
8.2500 -11.5000 1.0090 243 89 144
5.0000 16.5000 1.1950 240 133 79
16.8750 14.5000 0.1470 178 109 211
-7.3750 -15.5000 4.1870 103 122 246
-11.8125 3.0000 1.3780 236 128 78
0.7500 -9.0000 1.0950 241 93 121
-18.7500 13.5000 2.0870 148 254 122
-4.6250 13.5000 2.1830 157 226 168
-4.9375 14.5000 1.4890 209 196 66
-10.1875 -14.5000 5.8790 80 122 214
12.3750 -9.0000 3.8720 112 139 254
19.0000 1.5000 1.0760 251 100 113
10.8125 10.5000 1.0610 253 82 96
16.3750 -3.5000 4.3170 99 144 242
20.2500 -23.5000 0.9350 227 49 162
-4.6875 -13.5000 4.2210 106 132 237
6.7500 15.5000 1.3040 216 150 88
19.0625 -16.5000 1.0380 240 94 134
23.1875 -10.0000 1.8880 157 228 169
9.2500 -13.0000 1.0190 243 90 136
-14.8125 -11.5000 4.4200 88 151 243
-22.3750 -15.5000 0.1750 184 123 146
8.6875 10.5000 2.3840 147 200 212
18.8750 18.0000 0.2480 189 120 168
-0.9375 1.0000 5.0250 111 99 209
14.9375 -22.0000 1.0020 235 73 125
-2.5000 23.0000 0.1590 203 116 163
-14.3125 -17.0000 5.0220 83 111 242
-23.6250 24.5000 1.7440 175 206 134
19.6250 -14.5000 1.3000 207 168 102
-12.0625 15.5000 0.1720 197 115 145
16.7500 1.0000 2.8350 134 183 254
-17.6250 -10.0000 1.3870 198 231 98
-10.3125 11.0000 1.4380 205 185 57
-6.5625 -22.0000 5.4010 88 114 221
-17.2500 -23.5000 1.0530 233 97 93
-10.7500 24.0000 0.1360 187 134 119
8.5625 17.0000 1.1960 220 145 81
-5.2500 -18.0000 5.0950 85 123 227
-19.8125 -1.0000 0.1440 192 108 143
21.0000 -18.5000 0.9890 240 78 164
-15.6875 -1.5000 1.1000 241 127 87
-5.8125 -23.5000 5.3190 96 109 208
15.8750 -19.5000 0.9460 232 83 160
-16.1250 -8.5000 3.9110 96 171 228
13.2500 -18.5000 0.9780 241 78 133
-13.1250 -11.5000 6.0180 69 142 208
-12.8125 21.0000 0.1950 189 151 120
-5.6250 4.5000 5.0270 93 103 233
18.9375 -10.5000 1.1390 230 113 123
9.3125 21.0000 1.1390 207 206 51
-18.0000 -3.0000 0.1490 186 97 159
-18.2500 15.0000 0.1530 181 123 166
-21.8750 13.5000 2.0440 173 254 113
20.5625 8.0000 1.1150 233 122 97
-2.4375 -5.0000 1.0870 235 85 137
13.2500 12.0000 1.1020 248 107 132
-21.6875 -2.5000 0.1330 179 123 155
8.5000 13.0000 1.2030 233 123 83
-6.3750 0.0000 1.2110 243 104 98
-7.0000 -12.0000 3.7050 122 140 254
-5.8750 -20.5000 5.5960 80 106 222
-14.3750 -19.5000 1.1980 229 120 105
1.9375 -18.0000 6.7410 78 103 187
-6.6250 18.0000 0.9890 231 130 85
4.0000 -3.5000 1.1680 239 125 85
3.9375 -6.0000 1.1200 239 114 109
22.8750 11.0000 0.1450 176 108 175
20.8750 21.0000 0.1260 176 121 159
-20.6250 -10.0000 0.3100 195 151 131
19.3750 3.5000 1.0520 248 93 121
-3.5625 15.5000 1.4240 218 185 64
14.8750 -7.5000 4.1690 105 138 232
3.1250 -4.0000 3.1010 128 175 254
-16.0625 9.0000 2.0310 169 214 133
-16.5625 5.0000 1.4800 196 182 72
18.8750 -9.0000 1.0950 243 101 124
-20.8125 -20.0000 1.0340 239 153 103
-1.5000 -13.5000 4.2780 103 123 226
-24.0625 21.0000 2.2590 155 226 196
-13.3750 13.5000 0.2180 189 119 139
2.3125 20.5000 1.2440 215 199 98
-22.2500 5.0000 0.1450 183 96 162
-4.8125 16.0000 1.2800 224 156 58
-23.1250 -3.0000 0.1400 171 132 153
11.3750 5.0000 1.1460 228 104 109
23.2500 -17.0000 5.0130 80 99 254
24.5000 -12.0000 4.5200 85 135 232
-9.2500 15.0000 0.9340 240 123 106
1.0625 -11.5000 1.3100 215 150 95
-14.8125 -7.5000 1.2240 230 157 86
-20.1250 15.5000 2.1570 154 248 137
12.7500 18.5000 0.5950 192 185 127
-13.1250 17.0000 0.1230 189 123 152
-12.6250 -16.0000 5.3410 85 101 221
24.5000 4.0000 1.0960 233 108 100
11.1250 1.0000 4.3460 87 131 233
-5.3750 6.5000 5.4410 90 97 229
25.6250 24.5000 0.1520 174 157 68
7.1875 12.5000 1.2030 240 118 80
-2.3125 11.0000 5.8670 77 130 202
3.5625 -5.0000 3.0430 117 179 254
-8.0625 -22.5000 4.2350 111 130 240
16.9375 14.0000 0.1180 179 104 211
-12.1875 3.0000 1.4450 226 140 82
-23.0625 4.5000 0.1440 182 115 170
-9.3750 -16.5000 4.6960 95 117 246
2.4375 -8.0000 1.0780 233 93 130
-7.5625 -2.5000 1.1220 248 95 126
4.9375 4.5000 4.5220 95 126 223
14.4375 0.5000 4.1900 100 130 243
-11.1875 -1.0000 1.1000 248 73 93
-5.5625 -23.5000 5.3050 96 110 209
-1.0000 13.5000 5.1350 92 120 222
15.7500 -9.0000 4.1230 86 147 254
-21.8750 -20.5000 1.4000 200 238 86
12.1875 -3.0000 4.5350 95 128 244
-12.7500 20.5000 0.1350 188 148 121
7.3125 12.0000 1.1950 245 118 75
-24.0000 -4.0000 0.1440 176 151 167
22.6250 -24.0000 0.9190 220 58 171
14.8125 17.0000 0.1620 171 117 185
-10.6875 3.0000 1.3330 239 117 79
23.3750 5.0000 1.0740 240 114 104
-14.2500 -14.0000 5.4950 82 109 220
0.1875 4.5000 5.8660 89 98 211
-8.3750 6.5000 1.3970 231 138 68
20.0000 -20.0000 0.9480 239 75 174
-10.8125 4.5000 1.4540 234 141 57
25.3125 -7.5000 1.9460 165 187 160
-4.6250 -18.0000 4.8930 91 122 223
20.7500 -6.5000 2.3290 143 213 222
-3.8125 -12.5000 5.6390 84 109 218
-20.0000 -23.0000 0.6210 224 75 141
-13.8125 0.5000 1.2030 238 112 71
-6.5625 13.5000 1.3690 221 173 61
-11.8125 -22.5000 4.2300 103 137 236
7.7500 14.0000 1.1640 237 113 78
9.8750 -20.5000 4.8800 83 110 254
-5.7500 9.5000 6.0190 87 112 200
-23.0000 24.5000 4.5990 107 156 217
24.0625 -17.0000 5.1630 87 104 247
23.6250 11.5000 0.1410 176 111 163
-16.0000 -5.5000 1.2100 227 151 100
-0.8125 -16.0000 6.7300 74 100 187
16.5000 10.0000 1.0750 231 119 116
24.3125 -7.0000 1.1670 220 121 101
-14.5625 -21.5000 1.6200 195 225 122
24.9375 0.0000 0.9950 235 79 136
-15.3750 25.0000 0.8380 208 169 71
1.2500 9.0000 5.7630 82 113 222
4.8125 14.5000 2.1560 156 217 202
1.1875 10.0000 5.5170 95 108 215
-7.2500 -2.5000 1.1300 250 96 123
24.2500 4.0000 1.0800 235 104 101
18.7500 0.5000 1.1100 244 106 108
22.1875 6.0000 1.1110 239 122 101
24.0000 -22.5000 0.8790 226 53 174
1.8125 -12.5000 1.0990 244 96 116
1.1250 19.5000 1.3960 204 228 72
21.9375 -10.0000 1.3810 201 181 88
-0.6875 17.5000 1.7450 183 231 107
21.7500 -20.5000 0.9420 241 62 167
-20.8125 -3.0000 0.1550 186 127 155
16.3750 -10.0000 4.0730 87 147 254
12.4375 -12.5000 3.6350 103 156 254
-12.6875 9.0000 1.8230 190 209 115
-20.6250 -4.5000 0.1270 183 125 148
-0.5625 3.0000 5.4480 92 115 221
-2.6875 11.5000 5.8390 76 129 202
11.8750 2.0000 4.2030 85 133 252
-14.5625 20.5000 0.1480 183 137 156
-20.0000 15.5000 3.0120 113 211 208
22.6250 -17.5000 1.0140 250 76 158
11.5000 24.5000 0.3150 187 161 158
12.0000 11.5000 1.0480 247 91 146
4.3750 18.0000 1.2170 239 142 78
9.6250 -12.0000 1.0270 246 92 134
-3.1875 -11.5000 5.6290 80 104 221
3.5625 21.0000 1.2150 221 179 83
-21.0625 26.0000 5.1410 96 153 209
10.1875 -20.0000 1.0570 250 92 132
-17.9375 0.5000 1.3150 207 217 83
-16.6250 15.0000 0.0850 179 131 142
12.1250 1.0000 4.2890 86 139 247
-14.4375 12.0000 0.2450 189 108 137
-18.0000 -10.5000 1.7230 169 249 117
22.5000 -17.5000 1.0460 247 86 150
-19.3750 8.5000 2.1870 151 238 161
10.0625 19.5000 0.2480 184 113 193
14.5000 22.5000 0.5430 204 187 95
-9.0625 -19.5000 5.4150 88 98 221
21.0625 6.0000 1.0820 240 125 107
-3.4375 20.5000 0.8690 243 161 105
-3.8125 7.0000 5.7510 88 121 217
12.6875 -14.5000 0.9970 244 79 134
11.1875 -3.5000 4.4560 83 129 233
-22.6250 -19.0000 0.2340 193 111 146
-6.5625 19.0000 0.4450 197 152 132
-22.3750 -7.5000 0.1500 182 137 139
11.1875 -13.5000 1.0000 241 76 130
-13.0625 10.5000 1.3620 200 196 26
14.7500 -20.0000 0.9520 234 85 146
9.3125 18.5000 0.6530 201 117 137
-17.6250 20.5000 0.1560 173 95 170
17.3125 18.5000 0.1400 182 127 154
-22.6875 11.5000 0.1670 172 111 171
-4.6875 -13.5000 5.3920 88 121 225
-20.2500 4.5000 0.1500 183 91 149
-19.1250 -9.0000 0.2440 191 108 133
4.0625 -11.0000 1.0750 241 89 142
1.0000 5.5000 6.2200 82 92 202
22.1250 -15.0000 4.4310 85 131 254
9.7500 22.0000 1.0920 204 250 48
-2.1250 19.0000 1.1320 238 177 72
-6.1250 18.5000 1.0120 218 199 81
21.7500 7.5000 1.1170 236 157 78
-16.1250 16.0000 0.1290 187 132 139
-19.2500 25.5000 5.3500 77 168 220
20.6875 -13.0000 3.7960 93 137 254
17.3125 1.0000 1.6090 191 190 130
-10.4375 7.5000 1.5700 205 176 81
22.8125 -9.0000 1.1230 237 105 96
14.1875 -19.0000 0.9600 233 69 141
-5.5625 13.0000 1.4720 212 188 63
7.3750 -15.0000 1.0520 250 117 113
-9.0625 -5.5000 1.0510 247 90 130
-6.2500 -22.0000 5.3890 86 115 223
-5.7500 -6.0000 1.0610 242 74 111
4.2500 18.5000 1.1800 234 151 80
15.1250 9.5000 0.9950 234 92 128
23.5625 19.5000 0.9390 207 232 61
-8.0000 6.0000 1.3920 234 138 65
3.5625 -21.0000 3.8300 110 149 247
3.4375 24.0000 0.1670 185 92 157
18.3750 -14.0000 1.0480 241 96 135
-3.7500 -4.5000 1.0910 236 89 143
-7.8125 24.5000 0.1600 169 148 133
-23.1250 -22.5000 1.0390 224 157 104
10.5000 3.5000 4.1390 90 126 241
13.6250 22.0000 0.5600 206 187 90
21.0000 22.0000 0.1440 183 130 106
3.5625 -17.5000 4.0560 104 146 243
-1.0625 -8.0000 1.0810 237 70 121
-11.5625 16.0000 0.1530 193 126 140
-22.7500 15.5000 2.0110 166 254 125
20.4375 5.0000 1.4920 195 202 112
-6.8125 7.0000 5.3040 94 108 214
13.6250 -5.0000 4.4480 103 120 230
-2.4375 -21.0000 5.6690 69 151 198
12.6250 17.0000 5.6440 57 205 182
-23.9375 -22.0000 0.1460 174 125 164
21.1875 8.5000 0.9610 239 138 102
-15.0625 9.0000 2.0470 171 222 136
-8.5000 12.5000 1.3080 236 162 62
17.0000 3.0000 2.2300 140 218 222
9.0000 11.0000 2.9820 123 183 245
-1.1875 -13.0000 4.6850 99 117 241
-5.4375 6.5000 5.3670 91 97 230
-22.7500 22.5000 1.5540 201 219 93
24.3125 3.0000 1.0140 243 88 129
15.2500 -19.0000 0.9370 228 79 169
-22.1250 -18.0000 1.8000 159 254 141
-12.7500 11.0000 1.0150 237 140 72
7.4375 24.0000 0.1410 182 116 179
10.5625 -13.5000 0.9950 243 74 131
-9.8125 15.0000 0.6960 217 106 141
4.2500 10.5000 1.2630 239 142 71
-6.5000 11.0000 1.3950 224 166 47
-12.9375 6.0000 1.7260 201 179 105
-22.5625 -8.5000 0.1490 182 143 136
-0.1875 25.5000 0.1590 201 127 125
20.2500 15.0000 1.0380 206 180 74
-2.5625 5.0000 5.5800 87 111 226
18.1250 15.5000 0.3520 190 146 181
-17.8125 -6.0000 0.7630 229 140 97
8.4375 -22.5000 5.4080 89 97 228
6.0000 -14.0000 1.0500 245 91 133
13.5625 -11.5000 3.6740 102 156 254
11.4375 0.0000 4.4630 76 132 234
-2.9375 -6.5000 1.0860 241 85 130
-17.5000 -8.5000 1.7220 165 250 124
-5.0000 13.5000 1.3660 223 177 50
-23.8125 14.5000 2.1790 157 254 146
-14.6250 18.5000 0.1230 187 148 133
15.9375 -4.0000 4.4410 99 143 236
9.1875 19.5000 0.2360 181 113 199
-7.4375 -1.5000 1.1200 247 91 125
-1.8750 15.5000 1.5030 199 198 64
-24.1250 25.0000 4.5190 120 146 204
2.6875 15.5000 4.6410 96 124 228
14.3125 -16.0000 0.9610 239 76 135
20.4375 -10.5000 3.5120 102 148 254
-22.5625 -20.0000 1.7870 162 254 134
15.4375 -12.0000 1.0850 230 96 115
24.7500 -11.0000 4.3710 96 120 234
4.3125 9.5000 5.0860 91 115 224
23.5000 11.0000 0.1330 177 109 166
8.3750 18.5000 1.0270 232 140 81
-7.5625 19.5000 0.1440 184 145 145
-7.2500 14.5000 1.1810 229 144 77
-5.5000 -9.0000 2.8150 131 203 254
17.6875 -3.0000 4.1530 105 137 236
-23.6250 13.5000 3.0100 126 207 210
-10.6875 16.5000 0.1450 194 126 140
-17.0625 17.0000 0.1410 171 124 139
22.0625 -17.5000 1.0220 247 77 158
2.8750 -11.5000 1.0950 239 92 141
20.3750 -0.5000 1.7400 187 194 146
-21.4375 -20.5000 1.4640 195 245 91
23.1250 -2.0000 1.0690 247 86 121
22.0625 -2.0000 1.0810 247 98 128
-4.3750 18.0000 1.1580 223 163 74
-21.5625 14.0000 2.0400 173 254 113
-2.0625 -4.0000 1.1030 247 90 122
-8.5000 0.0000 1.2170 248 110 85
-8.6875 0.0000 1.1700 253 93 88
-20.4375 -17.0000 1.0620 231 195 86
13.1875 23.5000 0.5460 205 176 110
-19.1250 -15.0000 2.9080 119 230 235
12.5000 21.0000 1.4720 181 254 37
-23.3750 -9.5000 0.1460 169 151 139
22.8125 -6.5000 1.1270 238 108 85
16.6250 -9.0000 4.1890 83 144 254
16.0625 4.5000 1.4690 191 202 121
-10.2500 11.0000 1.4320 205 184 56
3.6875 -21.0000 3.7710 112 149 248
20.9375 4.0000 0.9990 242 76 108
3.5625 9.0000 5.3120 87 112 224
-16.6875 6.5000 1.9730 169 206 116
-17.1250 -3.5000 0.8440 217 146 119
11.6250 14.0000 1.1680 230 116 92
11.6250 -23.5000 5.1950 88 113 233
-15.2500 -5.5000 1.1490 237 140 95
18.3750 -13.0000 3.9180 94 148 254
1.9375 1.5000 4.2150 112 116 229
9.6875 6.0000 4.0080 98 132 254
-19.6250 25.5000 5.2720 77 170 223
17.1250 -14.5000 1.5170 183 209 137
11.8125 1.5000 4.2460 84 133 248
-21.2500 -2.5000 0.1770 184 132 155
21.4375 3.0000 0.9610 248 71 146
15.4375 23.5000 0.3720 184 173 145
-7.8750 -23.0000 4.2420 118 120 238
21.4375 -3.0000 3.9640 105 136 254
12.4375 17.5000 0.1310 161 113 191
-17.6250 -20.0000 1.1000 241 129 102
4.8750 7.0000 5.6250 93 106 206
2.2500 17.0000 1.2600 223 144 63
11.5625 2.0000 4.2170 85 133 253
-15.1875 17.5000 0.1380 196 141 140
5.0625 -3.5000 3.9320 103 147 254
-15.6875 -8.0000 1.1400 233 142 99
-14.2500 6.5000 1.8410 193 186 96
-4.3125 4.5000 5.1680 105 93 224
14.3125 8.0000 0.9540 250 70 128
5.9375 20.5000 0.9140 235 124 106
9.8125 13.0000 2.1280 154 219 207
8.6250 9.0000 2.0830 163 210 189
14.6250 -17.0000 0.9560 241 81 165
15.3125 -2.5000 4.3720 96 141 254
7.3750 -14.0000 1.0160 245 108 125
2.5000 -15.5000 6.2920 81 110 189
-21.5000 -1.5000 0.1310 190 126 142
4.3750 -11.5000 1.0740 244 90 138
14.0625 -19.0000 0.9870 236 81 132
7.8750 -5.5000 1.4080 199 183 89
-3.3750 -13.0000 4.2610 103 135 237
23.8750 -5.0000 1.1370 237 108 104
20.8750 8.5000 1.0820 232 113 100
-20.3750 16.5000 0.1250 187 98 187
-17.1250 6.0000 0.6970 228 134 106
5.3750 22.5000 0.1410 170 102 156
24.0000 -6.0000 1.1050 233 103 93
15.1875 24.5000 0.2900 173 165 146
-11.2500 -17.5000 3.2360 127 160 254
-13.0625 -2.0000 1.0220 252 77 117
5.6875 9.5000 1.3680 225 159 81
-13.9375 25.0000 0.1520 174 126 166
2.1875 -8.0000 1.0880 238 97 138
1.5000 -6.0000 1.0720 242 88 107
23.3125 -3.0000 1.0920 247 94 116
12.8750 3.5000 4.0300 91 140 254
2.5625 15.0000 4.6440 100 134 235
-3.6875 18.0000 1.1770 226 178 73
15.6250 9.5000 1.0390 236 102 116
-23.8750 10.0000 0.1500 180 107 166
17.4375 -7.5000 4.4900 86 133 242
21.9375 10.5000 0.1650 174 112 181
17.1250 -21.0000 0.9310 250 69 163
-11.1250 -6.5000 1.3730 218 174 82
-15.7500 -9.0000 4.0420 100 163 247
19.8125 -7.0000 1.1390 236 111 88
8.5625 -20.0000 4.9470 85 106 234
-18.1875 -0.5000 0.2020 195 94 149
23.1250 -0.5000 0.9760 254 76 129
-20.0000 -21.0000 2.1810 146 254 187
17.0000 -23.5000 0.9670 231 62 163
-0.1250 -22.5000 1.3420 216 174 80
14.3750 6.5000 1.0430 240 78 112
11.1250 -4.0000 4.3990 84 131 232
1.5625 -12.5000 1.1120 245 99 113
15.3750 -23.0000 1.1590 216 116 104
19.6250 2.0000 1.0540 254 95 115
12.8125 -13.0000 1.0120 246 91 129
0.4375 21.0000 1.5360 187 240 91
20.0625 -10.5000 1.0990 240 93 122
-16.6875 1.0000 1.7690 164 206 120
16.5625 -8.0000 4.3050 83 138 254
-14.3750 -1.0000 1.0090 254 98 89
-7.8750 11.5000 1.9380 173 223 141
3.3125 -7.5000 1.0750 235 94 121
9.1875 -23.5000 5.4900 95 96 213
-6.9375 9.0000 5.6370 90 132 179
1.2500 22.0000 1.1540 218 225 82
8.1875 19.5000 1.1770 222 182 53
-13.6875 5.0000 1.6910 198 181 84
-1.0625 -19.5000 5.8390 81 140 170
1.0000 -1.5000 1.2170 233 128 82
5.1250 -13.0000 1.0360 238 76 135
24.0625 -1.5000 1.0460 242 78 120
14.8125 6.0000 1.0330 242 94 143
-6.0000 5.5000 5.1290 91 101 235
20.7500 10.5000 0.3330 175 110 182
-0.9375 9.5000 5.9410 83 124 203
18.1250 3.0000 2.0280 150 231 209
-7.3750 10.5000 1.9390 174 197 129
13.1250 9.5000 0.9160 248 62 146
23.5625 12.0000 0.1370 175 110 164
5.6875 3.5000 4.5130 92 125 228
-9.8750 -4.5000 1.0450 247 84 146
-10.1250 2.5000 1.2740 242 104 107
16.2500 11.0000 1.1160 233 133 109
-17.5625 25.5000 5.3610 73 182 198
2.5000 -21.5000 3.4580 128 162 249
1.5000 -17.0000 6.6480 79 105 189
-11.5000 -9.5000 5.4860 75 126 236
6.6875 14.5000 1.0860 245 94 91
-19.9375 13.5000 2.0700 170 254 109
19.8750 -8.5000 1.0810 242 98 126
-4.3125 -19.5000 5.7110 81 113 215
-19.2500 -17.5000 1.0740 243 136 97
-8.8750 7.0000 1.4150 239 156 60
5.4375 -1.0000 4.1910 112 114 230
-21.8125 3.5000 0.1540 192 114 190
12.7500 20.5000 0.6150 204 187 98
10.5000 8.0000 1.1210 248 101 83
15.6250 -18.5000 0.9410 241 53 152
25.3125 3.5000 1.1010 229 108 97
-24.1875 7.5000 0.1370 189 110 184
-11.0625 -12.5000 5.8460 71 124 210
-9.2500 -6.0000 1.1140 247 104 119
-0.2500 -6.5000 1.0960 241 89 110
7.6250 -18.0000 1.8110 176 200 151
23.6250 -22.0000 0.9430 238 66 157
5.4375 -21.5000 3.6380 120 131 253
-18.8750 25.5000 5.3110 77 167 221
21.6875 12.0000 0.1540 169 112 188
1.5000 -0.5000 1.3360 222 157 81
15.3125 17.5000 0.1310 176 117 180
-8.2500 16.0000 1.1250 220 162 84
-16.6875 6.5000 1.9090 174 203 107
3.3125 5.5000 6.1460 79 90 206
4.1250 -1.0000 4.0650 108 127 230
-7.6250 9.0000 2.1170 163 209 153
14.5625 -16.5000 0.9380 232 55 142
-23.7500 -22.5000 0.1420 174 124 160
-20.3125 21.5000 1.1410 243 159 63
2.8125 9.5000 5.3740 90 113 213
9.4375 11.5000 2.7930 127 198 246
-4.6875 -7.0000 1.0720 240 80 106
14.4375 11.5000 1.0830 244 103 131
11.1875 -9.0000 1.1260 231 116 97
12.8750 -4.5000 4.4390 97 131 241
22.5625 -20.5000 0.9720 244 71 157
10.2500 -15.0000 1.0110 245 90 129
-10.0000 -8.5000 5.1010 91 131 236
-11.6250 -0.5000 1.1280 250 79 88
-10.3125 -1.5000 1.1100 242 68 94
-22.2500 -17.5000 1.0670 226 204 86
20.3750 -7.5000 2.3000 139 200 224
-5.1250 -10.5000 4.2430 95 132 249
22.8125 13.0000 0.1630 161 126 143
2.5000 -8.0000 1.0510 233 88 134
-7.0000 11.0000 1.4620 211 165 55
-9.0000 25.5000 0.1930 163 159 132
4.8750 12.0000 1.2050 244 121 82
3.7500 -17.0000 6.3360 81 121 195
20.5625 21.5000 0.1550 184 128 160
0.8750 3.0000 5.7030 78 115 217
-13.8125 -9.5000 4.3970 89 158 228
25.5625 8.0000 0.1400 165 93 162
18.1250 14.0000 1.0510 212 167 88
24.6875 -1.5000 1.0240 239 72 120
-21.5000 -12.0000 0.3250 194 156 152
-12.8125 8.0000 1.8560 193 211 119
4.0625 -17.0000 4.0360 106 145 240
-5.6250 -9.0000 1.8700 171 219 177
-20.5625 -21.0000 1.0550 243 154 97
-5.8750 6.0000 5.2080 91 99 234
-1.5625 18.5000 1.2310 236 186 60
11.2500 -11.0000 1.0450 238 95 126
-11.0000 -16.5000 5.4620 89 102 227
-0.9375 -4.5000 1.1070 237 85 112
-13.1250 7.0000 1.8180 199 195 124
-20.8125 13.0000 2.0650 165 254 129
22.9375 -5.0000 1.1310 232 107 95
-1.0000 16.5000 4.5340 84 145 223
-22.9375 15.0000 1.9990 167 254 121
-0.1250 -8.5000 1.1060 234 93 129
13.8125 -0.5000 4.3180 91 136 247
12.2500 4.5000 1.3040 216 139 98
19.0625 6.0000 1.1090 243 111 98
-10.9375 -17.0000 5.3940 92 100 229
19.2500 4.0000 1.0550 248 97 98
-1.8750 -17.5000 7.1860 70 97 188
-18.6875 -4.0000 0.1510 184 104 153
-17.0000 -7.5000 3.7200 102 166 230
-19.5000 23.5000 4.8750 78 178 231
0.5000 -21.0000 5.8640 67 135 207
-17.1875 4.5000 0.6190 223 123 108
11.8750 17.0000 0.4140 174 128 192
-4.3125 -4.0000 1.0900 238 84 109
-23.6875 7.5000 0.1380 190 107 182
11.6875 -15.0000 0.9880 236 86 133
-20.3750 17.0000 0.1680 188 101 189
-23.0000 14.5000 2.0280 170 254 116
-15.1250 24.0000 0.1840 178 122 171
-8.3125 -20.5000 5.4510 80 117 229
-20.2500 -24.0000 0.1400 192 72 161
1.0625 -10.5000 1.1060 236 94 116
-19.3750 10.5000 2.0890 163 239 145
-23.8125 25.0000 1.7130 173 196 133
24.6250 5.5000 1.1230 224 125 103
9.2500 21.0000 1.1490 206 208 50
-8.0625 -21.0000 5.2280 83 121 229
-19.6875 11.0000 2.1000 160 244 144
18.1250 -8.5000 4.4220 79 139 254
-17.9375 -3.0000 0.1660 186 99 160
-18.8750 -10.5000 0.6420 215 155 125
9.9375 13.0000 2.1580 152 220 211
9.7500 -14.5000 1.0150 242 91 133
22.6875 -1.0000 1.0420 254 88 122
-16.2500 1.5000 1.6520 175 194 105
-8.3750 -14.5000 4.0310 107 127 254
-1.3125 15.5000 2.5570 127 223 204
3.7500 -4.0000 3.1000 128 177 254
3.1250 5.0000 6.3090 80 87 201
-23.3750 -15.0000 0.1390 172 134 145
-19.4375 -11.0000 0.2040 183 126 161
-21.6250 4.0000 0.1660 192 107 161
17.2500 -1.0000 4.0690 98 136 254
-23.8125 -18.5000 0.1430 175 121 157
14.7500 -16.0000 1.0180 244 87 146
-21.1250 18.0000 1.7340 176 251 75
-8.6875 -15.0000 3.9490 108 129 254
-19.7500 -10.0000 0.2990 191 121 124
-14.8125 8.5000 2.0280 174 222 132
4.1875 -17.0000 4.0470 106 145 239
-11.3750 -3.0000 1.0380 253 75 105
-12.7500 3.5000 1.5140 216 154 82
23.6250 4.0000 1.0470 240 95 105
-13.1250 -3.0000 1.0870 246 83 106
-7.8125 -7.0000 1.0860 246 94 116
13.0000 -14.5000 1.0030 245 81 131
-7.5000 22.5000 0.1530 176 135 124
-11.8750 -11.0000 5.7610 72 124 212
-8.5000 0.5000 1.2040 246 104 89
13.8125 23.5000 0.5460 205 180 107
3.3750 -2.5000 1.2770 222 148 90
-2.5625 18.0000 1.2140 236 172 63
-21.8125 -3.0000 0.1350 181 123 156
14.5000 19.0000 5.6100 61 225 151
-12.6875 -13.0000 5.7860 75 126 212
-22.3125 4.5000 0.1460 186 106 168
9.0000 -17.0000 1.0190 240 95 130
-1.5000 -11.5000 4.1960 102 140 240
3.7500 -18.0000 4.0080 104 147 245
-22.5000 -11.5000 0.1480 184 154 142
-18.1250 12.0000 2.0940 161 254 134
-14.3125 -17.0000 1.2060 232 122 114
-9.8125 -8.5000 5.1030 91 115 247
-6.0000 -5.5000 1.0720 238 76 114
-19.6250 7.5000 0.1450 194 66 148
12.5625 21.0000 5.1860 59 244 172
-12.8750 8.5000 1.8680 191 211 123
9.8125 17.0000 1.1690 224 178 55
-23.2500 24.5000 1.7620 175 213 134
-13.4375 -11.5000 5.9190 70 143 210
17.3750 17.0000 0.3040 194 134 140
-19.8125 -12.0000 0.1910 182 130 150
-15.7500 -9.5000 4.0570 100 164 246
2.0000 23.0000 0.6040 212 165 110
-15.4375 -14.5000 5.2870 82 116 229
-22.4375 0.5000 0.1790 185 129 157
-7.0000 18.5000 0.3590 190 139 142
1.0625 12.0000 5.1330 88 126 228
10.0000 3.5000 4.1970 89 126 242
13.1250 -13.0000 3.6100 101 158 254
-19.7500 10.5000 2.1150 164 239 148
13.6875 -21.5000 2.2260 138 241 236
-5.1875 4.0000 1.3990 226 140 84
19.0625 -11.0000 4.2290 87 142 254
1.5625 7.0000 6.1410 85 97 204
11.4375 -8.5000 3.8530 104 147 244
20.7500 -16.0000 4.2850 96 112 254
-3.1250 15.0000 1.4010 216 174 55
-21.0625 9.5000 0.1370 196 79 181
2.7500 -2.5000 1.1690 231 123 97
-9.7500 20.0000 0.1380 185 146 152
11.8125 -16.0000 1.0110 235 79 124
-7.3750 17.0000 1.0560 215 204 88
-7.8750 13.5000 1.2280 234 159 90
17.0625 -7.5000 4.4750 85 135 245
19.5625 -20.5000 0.9250 243 67 177
-8.3125 -19.0000 4.3100 104 130 236
13.2500 -20.0000 1.0030 239 82 139
18.7500 -21.5000 0.9290 244 61 174
19.0625 -15.5000 1.0440 243 90 127
-23.8750 1.0000 0.1330 174 134 160
1.1875 -19.5000 7.1240 64 101 190
-5.0625 17.5000 1.1480 230 163 70
14.5000 23.0000 0.5400 203 185 99
11.3750 22.5000 1.0520 208 211 21
-4.0000 -14.5000 4.5280 97 135 232
22.8750 -16.5000 4.8050 79 123 249
1.3125 23.0000 0.5130 213 151 123
-21.2500 3.0000 0.1340 195 104 191
18.5000 -20.5000 0.9080 239 59 185
-13.0000 12.0000 0.2350 187 86 163
-7.1875 6.0000 1.4210 227 150 79
-11.8750 19.5000 0.1240 191 148 110
3.6875 -6.0000 1.1050 240 110 111
-15.1250 -4.5000 1.2000 235 151 88
-23.7500 3.0000 0.1440 179 122 154
-6.8125 -17.0000 4.2020 104 123 242
-3.5625 -1.0000 1.1830 248 101 116
-2.4375 -22.5000 5.5670 78 148 192
-5.1250 -15.0000 5.1960 84 117 232
1.3125 -21.5000 3.2300 141 190 239
-17.7500 26.0000 5.3520 75 179 198
8.6250 -23.5000 5.5300 93 97 212
5.3750 23.5000 0.1560 181 118 184
-4.0000 0.5000 1.2040 243 110 111
6.8750 20.5000 0.4860 210 90 192
3.3125 -11.5000 1.0790 243 89 140
-11.3125 -15.5000 5.5990 76 105 218
5.7500 23.5000 0.1310 174 118 184
0.6875 8.0000 6.0260 78 115 218
0.5000 14.0000 5.4000 81 121 220
-3.8125 12.5000 5.8290 81 128 193
-18.0625 12.5000 2.1000 158 254 131
24.5000 -8.0000 1.5570 186 181 117
-18.7500 0.0000 0.1430 193 96 151
-10.0625 -9.5000 5.2480 89 98 246
-6.2500 18.0000 1.0910 229 151 76
-12.1250 10.0000 1.6220 200 214 74
11.8750 -6.0000 4.1500 105 130 241
-20.9375 17.5000 1.7250 179 253 71
-14.8125 -9.0000 4.1970 93 163 241
7.1250 9.5000 3.5300 121 146 244
-22.2500 -6.0000 0.1750 182 152 158
12.6250 6.5000 1.0520 241 88 132
-5.4375 -2.5000 1.1150 240 93 114
19.7500 11.0000 0.4390 185 91 172
25.5000 -18.5000 5.7530 83 103 226
-13.7500 -10.5000 4.4800 92 148 227
-8.1875 -23.5000 4.2490 119 118 234
-20.2500 7.0000 0.1260 174 94 166
-12.5000 -21.0000 4.2540 99 142 249
19.6875 21.0000 0.1480 188 128 166
22.6875 -6.0000 1.1100 239 103 88
3.6875 -23.0000 3.4670 119 150 232
-19.5625 22.0000 0.9180 243 128 92
-3.5625 3.0000 5.0350 100 109 226
17.9375 4.5000 1.1160 229 101 98
-17.1875 13.0000 3.0980 101 225 184
5.0000 -6.0000 2.0870 155 226 208
12.3125 20.0000 1.2750 203 254 22
-21.6250 21.5000 1.3250 230 185 64
3.3125 -2.5000 1.5440 191 185 113
25.2500 -2.5000 1.0930 234 89 111
3.7500 11.5000 1.2580 241 141 77
-16.6250 23.5000 5.1890 66 194 201
16.1250 23.0000 0.5160 208 189 123
-6.6875 -1.0000 1.1450 248 86 106
-16.3750 -6.5000 1.2900 217 170 97
2.0625 24.0000 0.1460 194 108 153
-9.3750 -6.5000 1.1180 246 106 119
5.2500 -19.5000 3.8130 120 140 237
-17.0625 19.0000 0.1800 170 134 139
-19.6875 18.5000 0.1430 185 95 197
-14.6875 14.5000 0.1500 190 134 142
2.5625 13.5000 4.6830 100 119 226
-1.3750 -3.5000 1.1370 241 99 117
-6.8750 14.5000 1.1910 229 145 75
20.2500 2.5000 0.9920 254 81 125
0.1875 13.0000 5.0830 87 129 226
6.5625 5.0000 4.2920 91 138 247
14.4375 11.5000 1.0960 243 106 128
7.1875 20.0000 0.7450 235 109 134
-10.9375 1.0000 1.2130 244 98 81
-18.6250 -8.0000 0.4690 206 152 107
18.0625 -19.5000 0.9520 232 71 160
-16.6250 -23.5000 1.0690 234 98 88
20.5625 0.0000 1.0400 249 93 110
-8.7500 -19.0000 4.3930 103 128 237
-6.9375 9.0000 1.7820 190 206 101
-14.1250 -19.0000 1.1890 235 122 109
21.2500 22.5000 0.1550 185 130 107
-8.3125 15.0000 1.1080 242 140 100
-19.3750 -6.5000 0.1510 183 126 153
8.1250 19.5000 1.1540 225 177 53
-22.8750 -2.5000 0.1280 177 136 136
7.1250 -4.5000 3.9620 104 133 237
17.6875 0.0000 1.6500 188 196 141
23.3750 11.0000 0.1330 177 109 166
12.2500 -7.0000 4.1200 104 132 237
-8.6875 10.0000 1.4000 226 180 52
-13.1250 -20.5000 1.3100 228 160 87
19.6875 -4.0000 4.0890 92 151 254
22.5625 4.0000 1.0190 241 85 135
-10.3750 14.0000 0.6340 206 158 119
-21.5000 8.0000 0.1380 198 81 180
-22.3125 -9.0000 0.1310 175 138 143
-15.1875 24.0000 0.1230 175 120 174
8.1875 4.5000 4.2420 96 126 248
-19.6875 -8.0000 0.8220 212 196 58
-15.7500 -6.5000 1.3170 218 180 92
23.3125 1.5000 0.9630 254 79 134
15.6250 -13.0000 2.2260 144 216 241
3.6875 14.5000 4.6790 93 138 237
2.4375 -19.5000 4.0480 108 145 241
-16.3125 -14.0000 4.4120 92 158 209
-14.3125 10.0000 2.2000 160 238 157
13.3750 24.0000 0.5410 202 177 114
11.1875 4.5000 1.1050 232 95 112
0.3750 22.0000 0.9150 220 194 94
21.4375 -1.0000 1.0670 247 92 126
-21.5625 1.5000 0.1480 196 111 178
12.6250 -21.0000 1.0940 240 107 124
18.0000 2.5000 1.1660 236 125 108
-0.2500 9.0000 5.9410 83 114 224
18.2500 4.5000 1.9280 154 214 186
-4.4375 19.5000 1.0430 216 223 74
-7.8750 12.5000 1.3160 235 170 64
-21.0000 -3.0000 0.1330 184 122 156
-2.7500 -3.0000 1.1040 247 92 125
-23.5625 -10.0000 0.1670 175 164 151
10.5000 7.0000 1.1610 238 110 91
-0.7500 -7.5000 1.1040 228 86 113
-23.1875 -21.0000 0.1430 180 119 178
-21.9375 21.5000 1.4690 215 208 80
19.7500 6.5000 1.4380 196 198 114
-1.8125 5.0000 5.6140 87 107 221
4.3125 21.5000 0.9610 231 148 81
12.0625 22.5000 0.3400 186 158 147
1.9375 14.0000 4.6520 94 120 225
-3.5000 -11.5000 5.6290 83 104 219
25.2500 -4.5000 1.1100 233 97 107
8.2500 -13.0000 1.0550 230 101 129
17.6875 -19.5000 0.9340 242 58 150
9.8125 24.5000 0.8340 208 220 67
22.3125 -12.5000 4.1490 84 160 253
13.5000 -14.0000 1.0240 242 87 130
-22.2500 17.5000 2.0980 157 254 160
-22.9375 -7.5000 0.1400 179 137 141
19.7500 -3.5000 4.0590 94 148 254
-18.3125 -4.0000 0.1420 186 100 154
-1.8125 6.0000 5.8600 82 104 218
-8.0000 15.0000 1.1110 241 139 99
-10.1875 13.0000 1.0140 233 137 101
-12.7500 -19.0000 1.2280 234 124 93
2.1875 -12.0000 1.0790 245 96 138
4.7500 -15.5000 2.7680 133 209 239
20.6250 -6.5000 2.3910 140 214 228
-5.8750 19.5000 0.5010 201 166 122
-7.4375 -21.5000 5.2840 85 119 220
17.0625 -13.0000 3.8480 100 140 254
-5.3750 -4.5000 1.1050 240 85 110
-19.7500 18.5000 0.1310 185 94 198
-13.9375 -6.5000 1.3110 222 176 84
-8.8125 15.0000 1.0670 242 138 101
15.8125 -16.0000 0.9880 241 78 149
-20.2500 3.5000 0.1520 181 103 179
2.2500 -12.5000 1.0870 238 90 123
-3.6250 -11.5000 5.5850 83 105 220
2.8750 -18.0000 6.6160 82 123 190
-0.3125 2.5000 5.3500 92 116 223
-1.4375 15.0000 4.6090 93 132 209
-3.3750 -10.5000 4.2880 102 133 248
-11.0625 -11.5000 5.7330 72 122 211
-8.6875 -18.0000 4.2510 105 130 245
3.3750 14.5000 4.6530 94 138 238
-6.5625 -11.5000 3.6380 124 143 254
-8.8750 -6.0000 1.0800 250 96 121
-2.1875 23.0000 0.1480 204 112 164
-2.9375 23.5000 0.1480 202 112 163
22.3750 -6.0000 1.1190 238 105 88
-4.4375 10.5000 6.3800 77 122 173
1.0000 -17.5000 6.8060 74 101 194
-0.3750 -20.0000 5.8510 81 134 174
22.3125 3.0000 0.9690 254 76 140
-23.6250 17.0000 1.9510 168 247 122
22.7500 -18.5000 1.0230 252 79 153
-13.2500 2.5000 1.3880 232 125 88
5.3125 21.0000 0.8110 229 119 110
6.8125 19.5000 1.0030 239 147 76
-21.6875 -5.0000 0.1360 186 134 168
18.8125 -14.5000 4.1260 92 121 254
1.0625 4.0000 5.9610 87 108 212
-8.8125 -7.5000 1.1850 238 123 110
-21.4375 4.5000 0.1420 185 92 157
-7.4375 15.5000 1.1320 218 156 80
21.7500 -13.5000 4.1160 83 146 254
4.7500 19.0000 1.2060 229 156 77
6.8125 10.0000 3.4740 128 157 237
-7.6250 -12.0000 5.4160 79 120 223
-3.6250 -13.0000 4.2370 107 132 237
-21.8750 -19.0000 1.9320 152 254 160
19.0625 15.5000 1.0640 212 215 97
-22.0000 0.0000 0.1480 190 130 150
16.6875 25.5000 0.3440 168 179 137
13.9375 -2.5000 4.4450 95 132 245
-19.6250 17.0000 0.1390 171 102 171
15.5000 -12.5000 1.0680 232 92 116
19.5625 -2.0000 3.9880 103 141 254
18.9375 3.0000 1.0790 249 100 115
12.6875 -19.0000 0.9910 238 79 133
4.8750 0.0000 4.2990 105 116 224
-13.1875 5.0000 1.6770 194 172 102
-15.3125 -21.0000 1.1310 251 116 101
-12.2500 -10.0000 5.6750 73 130 228
-24.0000 -20.5000 0.1410 179 119 157
6.1250 -2.0000 4.1180 100 134 246
15.1250 1.5000 1.2140 218 109 83
6.9375 16.5000 1.2820 231 168 80
-21.0625 -1.5000 0.1920 192 138 138
-20.5625 19.0000 1.1050 229 185 46
1.1250 21.5000 1.1780 213 208 82
2.1875 -9.0000 1.0750 243 96 134
8.0625 6.0000 4.1550 96 137 244
19.0625 -8.5000 1.0860 241 99 126
20.8750 23.0000 0.1660 197 146 126
13.1875 -18.5000 0.9830 241 79 133
-20.1875 16.0000 3.0270 111 212 210
-1.0000 11.0000 5.6520 91 119 215
24.0000 2.0000 0.9750 249 82 132
24.1250 2.0000 0.9630 249 80 134
15.6250 1.5000 1.3680 213 167 108
-23.0625 -24.0000 0.9120 207 139 116
-13.3750 15.0000 0.1540 190 116 142
23.0000 -24.0000 0.9420 220 65 166
-16.1875 10.0000 2.0570 168 220 132
-7.8125 21.5000 0.1660 179 139 152
-11.4375 23.5000 0.1400 190 130 123
-23.6250 12.5000 0.2820 180 116 168
-14.8750 -3.0000 1.1110 245 134 94
-23.6875 23.0000 1.5880 190 197 119
24.9375 -16.0000 5.2220 94 98 236
-15.5000 -16.5000 1.2230 231 124 100
2.1875 5.5000 6.4390 87 83 186
-2.3750 -23.5000 5.5090 89 140 182
-18.2500 -3.5000 0.1280 186 96 156
-20.1875 25.0000 5.0860 78 173 226
11.9375 3.5000 4.0340 95 134 243
-7.6875 4.0000 1.3310 242 117 84
16.2500 9.5000 1.0280 236 94 126
-7.1875 8.0000 5.4330 89 105 205
-16.8125 16.0000 0.1260 180 135 142
-17.1250 -15.0000 2.4010 139 237 215
11.3750 9.0000 1.0650 253 99 130
-14.7500 -9.0000 1.1430 240 135 85
9.1875 -17.5000 1.0380 236 85 122
19.5000 1.0000 1.0590 246 96 116
-5.4375 9.0000 5.9400 86 116 205
-23.9375 -23.0000 0.1460 171 127 151
18.5000 1.0000 1.1230 243 113 108
-6.6875 -7.0000 1.0720 246 86 103
-11.5625 -14.0000 5.7280 75 102 214
-22.1875 -22.0000 0.1050 188 109 177
-3.5000 5.0000 5.3390 94 113 232
6.5000 -13.0000 1.0340 241 86 144
22.5000 -9.0000 1.1030 238 99 99
-16.2500 -3.5000 1.1330 236 136 98
-14.6250 14.0000 0.1330 190 132 142
-22.1250 2.0000 0.1020 192 102 186
15.9375 4.0000 1.5030 188 200 126
-7.7500 -15.5000 4.9110 89 111 240
-17.7500 -4.5000 0.5230 201 127 154
-6.5625 0.5000 1.2450 243 99 96
-10.5625 2.5000 1.2800 246 105 78
-24.0000 -1.0000 0.1650 170 149 139
9.8125 2.0000 4.3320 82 129 238
24.4375 1.5000 0.9560 243 69 142
15.6875 13.0000 0.8290 232 105 163
-4.3750 12.5000 2.1540 159 213 168
-12.9375 -10.5000 5.7500 68 132 219
-11.2500 17.0000 0.1880 195 137 144
22.5000 3.5000 0.9760 249 77 142
-17.1875 23.0000 0.8780 231 140 99
-13.1875 -16.5000 5.1370 98 106 229
-6.8125 23.0000 0.1290 187 120 155
16.0625 2.0000 1.2500 231 142 98
-10.4375 -16.5000 5.4870 90 101 221
-8.8125 -11.5000 5.4820 78 119 225
-12.6250 6.0000 1.6610 206 178 92
-2.4375 -6.5000 1.1190 240 95 123
-9.1875 -23.5000 4.2210 124 122 223
18.3750 -11.5000 4.1420 91 142 254
-7.3750 12.5000 1.5170 212 191 77
-5.5000 -17.5000 5.2210 83 123 225
-8.1875 -13.0000 5.6500 78 118 218
-3.1250 -3.5000 1.0980 247 90 126
-11.8750 2.0000 1.2890 249 110 75
20.6875 -22.0000 0.9440 234 50 163
4.0625 15.0000 4.6720 93 137 235
23.3750 3.0000 0.9890 251 83 133
-18.6250 -13.0000 3.8930 90 195 223
20.8125 -15.5000 4.2490 89 121 254
-7.2500 2.0000 1.2910 229 110 84
-22.5000 11.0000 0.1400 173 104 168
23.0000 13.0000 0.1280 167 124 148
-18.8125 -3.0000 0.1260 182 101 154
13.0625 0.0000 4.3000 90 136 249
12.0625 17.5000 0.1680 160 115 193
-5.2500 -1.0000 1.1570 251 91 96
21.4375 -6.5000 2.2970 148 217 239
11.9375 -2.0000 4.6380 86 123 245
-15.6250 -7.5000 1.1430 234 143 96
-22.0625 8.5000 0.1600 195 85 183
-1.5000 -0.5000 1.2020 248 105 102
-20.0625 25.0000 5.1080 78 172 225
25.6250 -2.0000 1.0590 236 80 112
-20.7500 -4.5000 0.1370 184 126 149
-3.1250 2.5000 1.3120 239 141 83
-6.6875 5.5000 5.0320 96 98 231
-12.1250 -13.5000 5.8050 73 111 216
8.3125 17.0000 1.2090 233 153 83
-2.8125 -2.5000 1.1510 241 104 125
-12.0625 24.5000 0.1140 180 132 140
-13.0000 19.0000 0.0000 188 133 111
-3.1250 21.0000 0.3950 197 116 160
-4.3750 -18.0000 5.1070 88 121 220
-7.4375 2.5000 1.2740 247 101 91
-16.6875 -13.5000 4.3020 97 155 221
3.9375 -19.0000 3.9680 107 144 240
13.5000 12.0000 1.1020 247 107 131
-13.6875 -10.5000 4.4720 92 149 227
-16.3125 14.0000 0.1120 186 108 148
-10.6250 -4.5000 1.0790 240 77 101
13.0625 17.0000 0.1590 168 111 191
1.8125 -23.5000 3.5840 131 152 224
21.8750 -20.5000 0.9640 241 67 164
-10.0000 7.0000 1.5530 220 179 86
2.6250 10.0000 5.2290 89 114 219
-23.3125 -9.0000 0.1520 168 150 139
5.2500 10.5000 1.2910 225 141 74
21.8125 3.0000 0.8720 252 59 163
-4.7500 -3.0000 1.0990 242 89 110
-23.0625 10.0000 0.1390 181 104 164
19.8750 22.5000 0.1390 196 143 140
9.3750 4.5000 4.0860 94 131 245
5.8125 17.5000 3.2220 124 176 254
10.3750 18.5000 0.6630 203 126 110
-12.3125 13.0000 0.1710 197 101 162
4.0000 -14.5000 1.0570 253 98 98
-17.3125 15.5000 0.0900 179 132 148
-19.1250 -19.5000 1.1060 243 147 103
-23.0000 22.0000 1.5610 201 209 105
-4.9375 10.5000 6.2900 74 126 178
1.7500 7.0000 6.0940 86 97 202
5.1250 13.0000 1.1990 238 120 85
19.8125 -9.5000 1.0630 247 97 126
-0.1875 -22.5000 3.1200 147 171 222
0.4375 -21.0000 5.8600 68 135 207
-20.6875 13.0000 2.0510 166 254 126
-21.2500 -17.0000 1.0660 231 199 89
7.0625 9.0000 1.6590 193 190 115
7.0000 -4.0000 4.0150 102 133 240
10.9375 -13.5000 0.9980 243 75 131
21.2500 -7.0000 1.0810 231 84 94
18.6250 -10.0000 1.0780 242 97 132
12.2500 12.5000 1.1100 239 110 111
-10.3125 13.0000 1.0560 226 153 76
-4.6875 -22.0000 5.4690 84 112 218
-21.3125 -11.0000 0.3250 191 158 152
-18.7500 -4.5000 0.1180 185 112 156
-4.5000 -0.5000 1.1560 249 90 97
-6.3125 -8.5000 1.2020 236 119 97
-10.5625 -7.5000 5.0770 91 122 241
14.6875 -20.5000 0.9640 236 87 141
-20.1250 -19.0000 1.0630 241 157 88
-10.0625 -10.5000 5.4350 89 96 231
1.1875 -18.5000 6.8970 74 100 192
22.6250 -14.0000 4.4070 88 129 254
22.8750 -9.0000 1.1810 230 123 91
2.9375 -5.0000 1.1150 235 115 115
-4.6875 21.0000 0.1430 189 95 145
7.8125 -15.0000 1.0450 248 116 114
13.5000 -14.5000 1.0350 245 89 125
14.3750 15.0000 0.2960 184 78 199
-17.8125 12.5000 2.0970 157 254 127
-8.1250 15.5000 1.1040 222 155 85
-23.5625 16.5000 1.9730 169 253 126
20.6250 20.0000 0.1790 191 131 160
-18.7500 15.0000 0.1000 177 121 172
-16.9375 11.5000 2.0440 162 254 119
20.4375 3.5000 0.9830 244 73 113
-5.9375 22.5000 0.1170 192 110 152
13.8125 -13.5000 2.8520 115 189 254
-18.4375 14.5000 3.0850 106 233 203
-6.0625 13.5000 1.4020 219 181 60
-9.5000 17.5000 0.1290 185 110 145
12.5625 17.5000 0.1450 163 113 192
25.2500 -20.0000 1.0140 237 69 138
9.6250 20.0000 0.2010 182 113 201
22.4375 2.5000 1.0110 254 85 128
-10.0625 -15.0000 5.7930 86 99 222
-20.4375 24.5000 4.9240 87 161 222
10.6875 19.0000 0.6630 202 131 109
23.3750 -4.5000 1.1320 238 105 108
-23.2500 18.5000 1.9740 169 238 149
23.6250 -21.5000 0.9450 241 66 156
5.4375 4.0000 4.5010 89 124 240
-19.4375 -1.0000 0.1580 191 107 140
-2.0000 15.0000 4.9150 85 134 212
11.4375 25.0000 0.2590 181 154 164
-0.5625 1.5000 5.1030 99 96 220
-16.8125 3.0000 0.7220 217 130 108
-19.4375 -9.0000 0.3380 194 122 131
-18.5000 -12.5000 3.9000 89 196 229
-15.7500 -10.0000 4.1100 99 163 242
13.4375 17.5000 0.1410 167 112 189
-12.4375 8.0000 1.8020 196 211 109
24.3750 -20.0000 0.9690 246 53 149
-7.8125 21.0000 0.0990 184 129 156
5.1250 17.5000 1.9980 169 225 173
-13.4375 -4.5000 1.9970 166 202 177
-18.6875 -14.0000 1.1480 223 201 57
-19.5000 12.0000 2.0690 164 254 133
-21.8750 24.5000 4.7900 96 160 224
-4.3125 6.5000 5.5690 96 110 215
24.5625 -19.0000 1.0290 240 74 140
2.5000 11.0000 5.1100 86 118 229
-13.7500 -0.5000 1.0980 252 109 82
12.3750 25.0000 1.0170 217 250 60
-5.0000 0.0000 1.2390 240 112 91
-2.3125 -15.0000 6.7790 75 78 196
-24.1875 2.5000 0.1250 177 138 165
22.5000 17.5000 0.2830 173 148 162
-22.3125 13.0000 2.1060 171 254 131
-1.6250 1.0000 1.2260 244 125 98
11.8750 -20.5000 1.0520 242 104 148
4.2500 -13.0000 1.0870 245 93 126
10.8125 -20.5000 1.0460 251 92 132
-1.5625 7.0000 6.1730 84 100 209
-8.1250 22.5000 0.1490 176 132 129
-8.4375 1.0000 1.2170 241 100 95
3.0625 -6.5000 1.1250 236 114 112
-17.0000 24.5000 5.0710 70 187 206
11.4375 9.0000 1.0330 254 92 134
2.4375 21.0000 1.9480 159 230 158
22.2500 12.5000 0.1300 168 109 184
0.8750 0.5000 5.1820 89 104 228
22.3750 -0.5000 1.0160 254 84 125
-22.0625 6.0000 0.1460 181 96 166
17.5625 18.5000 0.0640 180 125 151
24.1250 -15.5000 4.9200 80 117 244
16.1875 11.0000 1.1100 233 131 110
17.0000 -5.0000 4.4060 93 147 233
18.5000 -11.5000 4.1170 91 143 254
-14.2500 18.0000 0.1310 196 139 130
11.1875 0.5000 4.3860 87 131 229
14.5000 4.0000 1.1370 240 100 113
-16.6875 23.5000 0.8540 225 138 105
-18.8125 -19.5000 3.1100 135 195 251
13.3125 -5.0000 4.4730 103 120 231
-8.6875 25.0000 0.1020 165 137 135
-9.1250 4.0000 1.3640 239 130 77
-14.8750 -21.0000 1.1370 252 118 97
-22.8750 13.5000 2.0670 173 253 126
-13.3125 14.5000 0.1700 190 119 144
-23.3750 -14.5000 0.1440 178 153 144
-14.8750 -23.5000 3.9220 104 139 237
4.2500 1.5000 4.4510 99 108 227
1.4375 19.5000 1.3870 204 225 73
2.8750 7.0000 5.8670 81 100 207
-2.3125 -9.0000 1.0730 254 74 98
23.3750 -10.0000 4.4920 87 119 243
2.0000 -21.0000 3.3200 139 182 231
1.7500 -2.5000 3.1190 131 153 251
11.3125 15.0000 5.3870 74 128 220
-1.5000 -6.5000 1.1190 237 94 123
-17.5000 6.0000 0.7980 231 150 98
20.1250 21.5000 0.1560 186 128 162
2.1250 -13.0000 1.1320 234 105 116
-16.8750 23.0000 5.1640 70 172 226
6.4375 -20.0000 3.7970 111 146 251
6.8750 -8.0000 1.0690 242 105 136
-7.9375 -2.5000 1.1240 248 96 127
24.6250 -19.0000 5.5530 78 105 237
-19.6250 -24.0000 0.2760 198 68 157
-1.6250 -12.5000 4.4290 93 135 235
-15.7500 2.0000 1.4450 213 179 74
-8.2500 -17.0000 4.2430 108 125 243
24.4375 7.0000 0.3980 188 87 163
-8.1875 15.5000 1.1130 221 156 85
9.3125 -4.0000 4.2120 88 137 240
-8.9375 -13.5000 4.0380 105 128 245
2.3125 -13.5000 1.1290 234 108 108
-3.6250 -6.0000 1.0920 236 86 135
18.5625 19.0000 0.0050 190 89 162
-4.0625 -16.0000 5.3570 84 101 213
11.2500 24.5000 0.2710 184 153 163
-7.5000 14.5000 1.1670 238 145 94
-6.0625 -23.5000 5.2590 97 101 206
3.3125 3.5000 4.6340 97 107 230
-19.8125 -23.0000 0.7540 233 82 123
19.6250 19.5000 0.0780 191 113 166
-15.9375 -18.5000 4.9960 83 118 248
18.8125 7.0000 1.1840 230 137 105
-21.0625 19.5000 1.1610 245 174 55
-11.0625 25.0000 0.1180 180 135 130
12.0625 14.5000 1.1930 230 149 95
20.3750 18.5000 1.0040 227 254 64
-4.8125 25.0000 0.1580 189 127 125
-13.0000 -20.0000 1.0960 248 84 102
-23.6875 13.5000 2.9650 128 211 209
-5.8125 -4.5000 1.0840 242 79 114
-4.8750 -7.0000 1.1860 230 114 95
-3.2500 25.0000 0.1600 197 119 115
-6.6875 17.5000 0.8000 231 106 99
-16.9375 -1.5000 1.6140 180 212 96
-18.8750 23.0000 0.9690 235 143 90
-21.6875 3.5000 0.1720 192 120 188
-10.3750 -7.0000 1.1100 239 99 108
-12.0625 -23.5000 4.2160 113 128 219
16.2500 -8.5000 4.2000 84 143 254
-20.5000 -4.5000 0.1380 184 127 148
-6.6875 -3.0000 1.1410 236 98 120
2.8750 11.5000 1.3390 227 157 83
3.6875 -9.0000 1.0610 240 81 123
17.0000 -6.0000 4.5230 80 152 238
18.8125 -14.5000 1.0590 238 92 131
12.3750 3.0000 4.0530 89 141 254
14.8750 -19.5000 0.9620 227 84 164
-2.5625 3.0000 5.0930 94 112 226
-18.3125 -12.0000 1.2670 220 215 71
4.3750 20.0000 1.9700 164 231 160
23.6875 -9.5000 4.4120 89 121 246
-12.2500 3.5000 1.4240 227 131 86
-5.0625 -17.0000 4.8600 93 122 223
-6.6250 -16.5000 4.1780 104 123 248
-22.3750 19.0000 1.6350 195 232 83
6.1875 -8.5000 1.0690 243 103 139
-10.3125 -3.0000 1.0320 246 74 110
6.7500 10.5000 3.7400 114 141 238
-3.5000 -9.0000 1.1710 239 103 92
16.8125 18.0000 0.1440 185 116 164
12.8750 6.0000 1.0870 244 94 123
-1.3750 -23.0000 5.6000 88 122 190
7.4375 -10.5000 1.0320 246 91 136
-9.4375 -18.0000 5.2850 84 115 232
3.2500 19.5000 1.2200 223 182 79
20.1250 -3.0000 3.9970 98 146 254
7.3750 23.5000 0.1600 185 115 178
-13.6875 -2.0000 1.0470 246 100 105
19.8125 -3.0000 4.0260 96 146 254
18.3125 -8.0000 4.5340 77 133 254
10.6250 -18.0000 1.0200 240 83 115
-10.4375 -16.5000 3.4480 129 124 252
-5.3750 2.5000 1.2960 237 116 76
4.3125 3.0000 4.5660 95 109 232
23.3750 -7.0000 1.1110 235 104 86
-4.6875 0.0000 1.2200 242 106 92
2.9375 14.0000 4.6700 97 136 236
-16.3125 2.5000 1.0790 241 90 73
19.7500 19.5000 0.1380 192 123 164
1.0625 1.0000 5.3210 93 108 216
-10.4375 4.5000 1.4510 229 135 77
5.6250 -14.5000 1.0770 243 120 107
-19.7500 -10.5000 0.2930 185 147 148
11.0000 15.5000 2.4530 130 246 213
22.4375 -2.0000 1.0780 242 88 128
-21.6875 15.5000 1.9930 165 254 115
14.3125 -24.0000 3.2640 129 156 254
-6.7500 -11.0000 5.1660 84 125 239
19.0625 -10.0000 1.1330 238 108 114
-11.8750 20.0000 0.1240 191 147 114
-0.7500 -5.0000 1.0960 239 77 114
17.7500 15.5000 0.5150 196 161 144
-18.7500 3.5000 0.1600 190 74 161
5.9375 -2.5000 4.0450 103 136 246
-1.7500 16.0000 1.7240 176 213 99
-1.0625 -8.0000 1.1080 235 79 116
-9.3750 5.0000 1.4270 235 145 67
15.6250 -2.0000 4.2550 97 143 254
-12.0625 21.5000 0.1230 179 139 132
-19.8750 22.0000 4.5090 87 171 217
15.2500 21.5000 0.5320 209 196 117
19.1250 -10.0000 1.0880 243 99 126
7.7500 13.5000 1.1840 234 118 77
11.8750 -2.5000 4.6700 87 128 230
-13.3125 -13.0000 5.6950 78 110 218
-11.5000 -7.0000 1.2840 228 154 74
-6.5625 -6.0000 1.0580 239 71 117
-3.9375 -6.5000 1.0940 233 73 112
-17.6875 4.0000 0.2630 194 74 163
2.6875 11.5000 5.3710 93 106 222
-17.7500 -22.5000 1.0640 241 123 92
0.4375 -9.5000 1.1070 241 95 119
7.3125 -6.5000 1.5390 187 203 104
19.5625 -3.0000 4.0180 96 147 254
-3.7500 6.5000 5.7050 90 121 216
-14.1250 16.5000 0.1610 199 144 121
19.8125 5.5000 1.7260 172 220 146
-8.3750 -4.5000 1.0490 254 80 130
12.8750 12.0000 1.0890 248 103 136
11.4375 19.0000 0.7730 205 153 81
10.3750 -18.5000 1.0160 241 82 114
-15.9375 17.0000 0.1630 194 149 137
-11.6250 5.5000 1.5490 222 166 68
18.3125 9.5000 1.1060 223 126 102
-16.3125 24.5000 0.8900 215 173 81
-14.2500 -13.0000 5.6700 77 121 212
9.5000 21.0000 1.1060 210 201 50
7.9375 -5.5000 3.9580 108 125 237
-15.6250 -19.0000 5.0370 83 117 244
12.1250 13.0000 1.1560 235 117 108
10.5000 17.0000 0.7600 218 109 97
7.0625 16.5000 1.2730 232 167 79
-18.1250 8.0000 2.1200 157 245 150
-16.3750 -2.5000 1.1140 224 154 91
-3.5000 23.0000 0.1260 199 112 164
11.6875 22.0000 0.4400 193 137 115
7.0625 -12.5000 1.0360 243 88 143
5.5625 5.5000 4.3400 95 134 243
-1.8125 16.5000 1.4230 215 210 56
25.6875 3.5000 1.1180 227 112 94
13.8750 -14.5000 1.0320 243 89 126
-19.4375 -14.5000 0.7710 212 171 95
-17.4375 -19.0000 1.1360 244 145 96
20.0625 -4.0000 4.0660 93 150 254
-19.1250 -12.0000 0.5880 204 119 120
12.5625 14.5000 1.1830 235 148 91
-12.6875 -9.0000 1.2090 233 141 79
10.5000 -12.0000 1.0290 246 94 130
-18.4375 -13.0000 3.8780 90 195 224
-5.0625 -7.5000 1.0810 239 81 106
9.7500 20.0000 5.4100 60 211 190
-12.5000 -3.0000 1.0650 251 79 103
-0.6875 11.0000 5.6320 91 119 214
14.9375 -3.5000 4.4820 99 125 236
-23.9375 -1.5000 0.1520 171 146 139
1.6250 3.0000 5.8340 78 110 209
2.2500 6.0000 6.1750 82 106 197
-23.9375 3.0000 0.1270 178 120 155
0.1875 -22.5000 3.1540 144 185 233
-2.4375 -14.0000 4.9360 88 120 224
-13.3125 3.0000 1.4490 226 157 73
-6.8750 -10.5000 5.0510 85 122 246
-17.3125 7.0000 1.8940 175 208 107
19.6875 -23.5000 0.9620 227 67 165
12.6875 -0.5000 4.3870 88 135 248
-8.0625 -12.5000 5.5050 77 121 224
-19.0625 19.5000 0.1280 172 95 177
-23.1250 -20.0000 0.1400 183 114 156
2.1875 -6.0000 1.0840 238 110 116
-8.0000 -5.0000 1.0450 243 90 133
25.1250 7.0000 0.2480 178 84 166
23.1250 -11.5000 4.1620 85 156 249
-21.5625 16.0000 2.0240 163 254 121
-23.2500 11.0000 0.1400 176 105 163
11.5000 11.0000 1.0560 249 82 100
20.3750 -3.0000 3.9930 99 144 254
-8.3750 -6.0000 1.0690 251 93 120
1.8125 -6.0000 1.1020 238 98 105
8.9375 -3.0000 4.2950 88 132 243
1.2500 -15.0000 6.3020 74 118 201
-9.5625 4.0000 1.4120 233 138 83
6.1250 -10.0000 1.0320 246 91 144
-19.5000 -15.0000 2.9410 112 249 204
19.3750 20.0000 0.1190 191 121 168
1.3125 -19.0000 6.9990 76 96 189
20.4375 11.0000 0.1700 166 86 194
21.3750 1.0000 0.9980 247 87 131
16.1250 3.5000 1.1360 237 102 105
-11.2500 20.5000 0.1420 192 149 110
-21.3750 -5.5000 0.1540 183 142 163
3.4375 1.5000 4.3680 100 114 230
-10.0625 25.5000 0.1380 172 136 130
-3.6250 -19.0000 5.8010 76 127 219
23.6875 -22.5000 0.9130 233 59 166
-16.3125 -6.0000 1.2560 218 189 98
17.7500 9.5000 1.0890 229 114 116
18.5625 -15.0000 1.1590 229 124 117
-24.0000 -0.5000 0.1560 165 145 153
-5.3750 12.0000 2.1000 167 220 161
-23.8750 -4.0000 0.1710 178 156 164
20.9375 -7.0000 1.1120 229 91 96
-13.7500 -14.5000 5.4150 84 108 220
25.0625 -6.5000 1.3500 205 154 98
-13.6250 -11.0000 6.0030 81 121 207
-13.6250 -11.0000 6.0150 81 121 207
-1.0625 8.0000 6.4190 77 109 202
-14.1250 0.0000 1.1370 251 117 80
-20.3125 -7.0000 0.1140 189 135 158
-12.8125 4.0000 1.5430 212 159 85
8.7500 14.0000 1.2090 227 124 86
13.9375 6.0000 1.0470 245 88 125
-22.4375 18.0000 1.9900 160 254 138
-23.7500 -20.5000 0.1400 179 118 157
-3.3750 -17.5000 7.3160 74 93 188
4.5625 -23.5000 3.2680 130 142 232
-19.2500 -6.5000 0.1320 183 123 155
-12.9375 17.5000 0.0880 190 115 156
2.1875 -1.0000 1.3170 211 140 92
23.0000 -4.0000 1.1120 245 104 110
-13.2500 10.0000 1.7930 184 217 112
-3.6875 -5.0000 1.1270 235 97 138
-6.1250 -3.0000 1.1120 242 90 115
13.4375 -15.0000 0.9780 247 76 132
14.3125 15.0000 0.4770 195 75 190
14.5000 -15.0000 1.0030 241 82 128
2.0000 6.0000 6.2150 87 87 193
-16.8125 -5.0000 1.1490 223 158 75
25.1875 -1.5000 1.0370 236 75 117
20.9375 -8.5000 1.0760 239 101 123
4.8125 12.0000 1.2140 243 124 81
-13.0625 -18.5000 1.2370 223 122 98
4.5000 20.0000 2.0420 161 233 172
-2.4375 11.0000 5.9550 76 129 201
6.2500 -6.5000 1.8690 161 212 159
20.6250 14.0000 0.1640 165 114 193
-18.1250 -23.5000 1.0280 230 113 99
8.4375 8.5000 2.0900 166 199 179
-4.0000 -17.5000 5.1280 92 125 205
9.3125 20.0000 1.1130 211 200 49
18.0625 -7.0000 4.5520 79 141 252
16.6875 -3.0000 4.2590 100 143 244
5.4375 9.5000 1.3100 225 147 78
20.9375 -3.5000 3.9950 100 143 254
-8.5625 -18.5000 5.5350 79 116 223
-5.3125 -20.0000 5.6340 80 102 220
4.3750 -3.5000 1.1810 237 127 84
-7.0000 -17.5000 4.2150 103 135 226
-9.4375 22.0000 0.1780 177 139 122
14.1875 3.0000 2.2760 140 214 221
14.5625 -16.5000 0.9510 232 57 140
8.5625 23.0000 0.1190 183 97 180
9.3125 2.0000 4.3810 84 127 236
19.8125 1.0000 1.0450 250 85 118
-14.5000 12.5000 0.1690 185 105 139
1.1875 4.5000 6.1020 87 93 200
21.0625 -20.5000 0.9700 243 88 173
21.8125 -10.5000 3.6850 98 161 253
-21.6875 1.0000 0.1360 189 115 166
10.0000 -0.5000 4.5850 71 135 244
-18.3125 17.5000 0.1600 169 126 157
-21.6250 -3.0000 0.1700 184 130 156
10.1875 -17.0000 1.0300 236 85 121
10.6250 0.0000 4.5030 72 135 243
3.4375 4.5000 6.3800 80 87 198
16.7500 -18.5000 0.9150 241 53 148
-2.0625 -22.5000 5.6030 78 147 191
25.6875 -3.0000 1.1100 228 92 111
0.3750 -10.5000 1.0950 238 90 118
21.0000 -16.5000 4.2830 97 108 251
4.5000 -22.5000 3.4060 120 154 237
-8.4375 -22.5000 4.9560 94 123 220
12.5000 -15.5000 0.9670 244 73 137
2.9375 25.0000 0.1240 187 119 135
-13.3750 -10.0000 4.4580 90 141 239
-17.5625 22.0000 5.1280 74 168 223
-11.3750 11.0000 1.2060 231 179 50
-19.8750 -20.5000 1.2200 221 182 91
-22.6250 -23.0000 1.0760 223 160 100
-7.6250 -16.5000 4.2120 109 113 245
-9.5625 -3.0000 1.0500 254 83 141
-6.9375 19.5000 0.1600 185 120 141
-2.2500 -20.5000 5.7190 69 148 196
20.3125 13.5000 0.1420 164 113 195
-8.0000 5.0000 1.3610 242 129 61
6.1875 -19.0000 3.8530 107 129 252
-12.1875 20.5000 0.1050 189 145 119
12.6875 -19.0000 0.9970 238 80 132
-4.0625 -2.0000 1.1240 242 96 116
-7.5000 8.5000 2.0700 167 210 150
16.8125 -17.5000 0.9470 239 57 148
24.2500 9.0000 0.1310 166 81 177
-21.0000 -24.0000 0.1480 185 104 157
-1.6875 -11.0000 4.0940 107 140 242
-12.5625 13.5000 0.1210 190 88 151
10.0000 16.0000 1.2370 215 188 57
-8.5000 21.0000 0.1390 186 138 158
11.6250 0.5000 4.3550 78 144 239
15.3125 -11.5000 1.0700 227 92 122
-18.8750 -21.0000 1.0760 243 128 99
-7.5000 -11.5000 3.7300 112 134 248
-17.3750 21.5000 0.2950 186 105 179
-0.8125 -1.5000 1.1740 236 105 97
-22.8750 7.5000 0.1520 194 103 177
-17.0625 -13.0000 4.1900 85 175 217
-17.0000 -3.0000 0.8810 216 149 114
-3.3750 6.5000 5.7300 88 122 215
-3.6875 -16.5000 5.3450 85 116 219
-23.6250 1.5000 0.1240 176 129 169
-3.7500 25.0000 0.1340 193 115 122
0.0625 19.5000 1.4960 193 237 80
-16.0625 18.5000 0.1490 180 142 143
9.9375 -24.0000 5.4870 99 95 208
25.5000 -7.0000 1.7000 178 179 130
7.6250 -8.5000 1.0870 243 109 128
-16.1250 -2.5000 1.1270 225 154 90
-7.4375 -22.5000 5.1880 92 102 221
-7.5000 -13.0000 3.9080 107 130 243
-18.8125 2.5000 0.1560 193 75 160
-14.0000 21.5000 0.1970 186 133 140
-6.3125 25.5000 0.1210 163 151 139
24.2500 8.0000 0.2310 176 88 175
25.0625 -13.0000 4.7590 95 122 219
8.3125 14.5000 1.1810 232 118 80
4.4375 8.5000 5.3020 86 113 221
4.5625 -14.0000 1.0810 242 85 117
-10.8750 19.0000 0.1680 190 143 151
-15.8750 13.0000 0.1660 185 128 146
-14.0000 3.0000 1.4590 216 175 80
-5.8125 -10.5000 2.7350 134 198 245
-13.1250 -20.5000 2.5990 136 219 231
19.6875 -17.5000 1.0140 238 69 123
-2.6250 12.5000 5.6300 82 126 201
16.4375 -17.0000 0.9430 237 56 154
7.7500 -10.5000 1.0170 243 80 141
17.6875 0.0000 3.9800 103 134 254
8.8125 22.5000 0.1620 186 100 179
-11.2500 18.0000 0.1540 194 129 145
10.7500 6.5000 1.1770 235 113 89
10.7500 14.5000 2.4330 136 228 237
-0.7500 -23.0000 5.6890 86 121 189
19.6875 6.0000 1.6600 175 218 139
9.0625 16.0000 1.2040 225 150 86
2.0625 12.5000 4.9140 104 110 216
2.4375 3.0000 5.9520 83 124 204
4.6875 -4.0000 1.1710 236 124 86
2.4375 16.0000 4.6080 97 125 229
6.0000 -13.0000 1.0350 239 84 147
2.6250 -1.5000 3.9680 108 133 246
-8.3750 -21.5000 5.2550 83 122 228
-2.5625 17.5000 2.0180 157 243 153
18.1875 3.5000 2.0780 149 219 201
4.0000 -10.5000 1.0550 237 80 122
16.6250 9.5000 1.0470 234 99 121
19.1250 -0.5000 1.9350 171 208 186
-20.3750 10.0000 0.1460 193 78 176
-17.8125 -16.5000 1.1500 217 166 84
15.3750 17.5000 0.1100 177 116 178
21.0000 10.5000 0.1450 169 86 200
10.1250 -12.5000 1.0390 246 95 128
15.7500 13.5000 0.6230 209 118 172
-17.7500 15.0000 0.1700 183 124 160
-24.0000 17.0000 1.9470 169 241 125
8.6875 -2.0000 4.3640 87 130 240
-23.9375 -10.5000 0.1460 175 167 152
18.3750 -9.5000 3.2020 113 169 254
-17.0000 14.5000 0.1660 185 123 148
9.6250 -2.5000 4.4160 84 130 243
15.6875 0.0000 4.0510 101 139 254
23.0000 -10.0000 1.5290 186 206 102
14.1875 3.5000 2.2480 145 211 220
15.7500 6.5000 1.6780 167 215 162
4.3125 23.0000 0.3500 192 118 155
11.8125 25.5000 0.2820 179 160 162
21.2500 -19.5000 0.9740 231 84 181
11.0000 10.0000 1.0660 249 82 104
16.5625 21.5000 0.1750 186 142 175
-13.6250 18.0000 0.0940 191 140 116
-16.0000 -2.5000 1.1090 238 131 89
-22.8750 -1.0000 0.1740 175 147 139
25.5000 10.5000 0.1470 166 123 146
-14.3750 -21.5000 1.5900 198 220 116
24.1875 -9.0000 4.3250 95 120 240
-4.8750 3.0000 1.2780 237 111 77
24.7500 -16.5000 5.1950 94 99 238
-6.3750 -9.5000 2.9220 130 193 254
7.1875 8.0000 4.0310 105 131 240
-17.4375 1.0000 1.3910 196 200 72
13.7500 -16.5000 0.9540 237 58 141
-3.6250 13.0000 5.6220 80 131 201
12.8750 -12.0000 3.6520 102 157 254
10.8125 -8.5000 1.1850 225 131 94
-19.4375 -22.0000 2.1240 155 243 183
17.9375 -4.0000 4.2390 98 142 254
-22.3750 -16.5000 1.0470 216 243 92
18.4375 -7.0000 4.5550 77 142 245
-7.6875 2.5000 1.3010 246 112 91
3.1875 -5.0000 3.0320 130 182 254
-17.5625 0.5000 1.4830 190 232 90
-20.2500 -22.0000 2.0630 151 254 171
5.6875 9.5000 1.4080 221 166 84
25.3750 -15.0000 5.1150 95 110 209
1.3125 11.5000 5.2030 86 127 226
-1.8750 16.5000 1.9600 160 240 140
6.5000 -21.5000 3.6180 114 152 254
7.1875 10.0000 1.7710 175 186 132
-5.6875 10.0000 6.0930 75 124 190
-24.0000 12.0000 0.1970 173 112 167
-15.4375 6.0000 1.9640 180 202 133
5.8750 4.5000 4.4340 88 128 244
-23.1875 -5.5000 0.1360 178 145 162
2.5000 4.0000 6.1300 81 101 210
-3.2500 -18.0000 5.8950 81 112 205
9.1875 -13.5000 1.0220 235 112 143
-16.6250 2.5000 0.8540 219 144 91
-17.5000 4.0000 0.3170 199 74 160
-12.8750 15.5000 0.1790 194 120 147
5.8750 19.0000 1.2470 224 164 70
-20.0000 7.5000 0.1280 193 69 153
-8.0000 -0.5000 1.1780 252 96 85
-18.9375 7.5000 0.1460 191 55 146
-10.6250 11.5000 1.2230 225 179 56
19.3125 -22.0000 0.9120 242 56 176
21.8125 -0.5000 1.0250 253 84 127
2.5000 -6.0000 1.1340 230 116 119
-12.2500 -8.5000 1.3520 215 176 86
-7.6250 12.0000 1.7740 185 207 111
2.2500 -0.5000 4.0150 109 122 235
8.7500 13.5000 2.0660 162 206 197
17.0625 17.5000 0.2500 191 123 156
-15.5000 1.0000 1.5220 196 196 89
18.6250 17.5000 0.2800 191 127 163
3.6875 11.0000 1.3080 234 154 74
18.8750 2.0000 1.1010 249 107 109
-9.6250 -12.0000 5.6770 77 116 219
-11.3750 14.5000 0.1570 193 86 152
5.5625 19.0000 2.2070 153 228 201
-6.1250 6.5000 5.3290 93 96 229
-3.8750 -22.0000 5.5210 94 124 208
12.9375 -14.0000 1.0200 242 85 133
-11.8125 7.5000 1.7260 201 206 94
10.6250 10.0000 1.0900 248 88 102
15.0000 2.0000 2.2580 139 206 218
1.5625 -15.0000 6.3370 76 115 198
11.1875 9.5000 1.0420 249 77 104
20.5625 15.5000 1.0490 208 228 66
11.6875 -14.0000 0.9880 242 95 140
-8.6250 20.0000 0.1140 188 135 155
5.9375 -3.5000 3.9640 105 136 247
12.2500 -7.5000 4.0260 103 138 250
-10.0000 -5.5000 1.0560 243 106 124
20.2500 20.0000 0.1550 191 126 164
-14.2500 -2.5000 1.1010 242 130 98
-9.8750 11.0000 2.4160 147 224 205
-4.1250 -9.5000 4.1350 99 135 246
23.5625 -20.5000 0.9780 240 74 153
16.5000 -7.0000 4.4380 83 154 237
2.9375 1.0000 4.2610 104 121 230
-17.9375 7.5000 2.0540 163 240 139
-4.8125 16.5000 1.1690 226 163 67
3.1875 13.5000 4.6950 96 136 235
-16.5625 13.0000 0.1250 183 105 139
-1.7500 25.5000 0.1070 196 118 136
3.3750 1.5000 4.3590 100 114 230
7.6875 18.0000 1.2090 234 154 87
-24.1250 17.5000 1.9500 170 226 149
7.3125 7.5000 4.0110 106 130 238
2.3750 14.0000 2.6370 142 184 229
7.6250 -11.5000 0.9940 238 80 154
2.6250 5.5000 6.2500 82 87 203
-3.6875 17.0000 1.3510 219 192 67
-17.8125 14.0000 0.1350 186 118 161
-8.1875 13.5000 1.2200 236 159 91
10.4375 24.0000 0.4390 200 151 136
-5.6875 6.0000 5.2800 90 99 233
18.1875 -0.5000 3.9880 103 140 254
0.5625 -20.5000 7.3220 60 101 180
8.3125 16.0000 1.1970 225 143 77
-16.8750 25.0000 4.2700 78 193 215
12.8750 -13.0000 1.0300 245 96 127
-10.9375 -4.5000 1.0940 241 80 99
3.5000 4.5000 6.3050 80 88 199
14.3750 -17.0000 0.9780 233 64 139
14.0625 -9.0000 3.9660 109 137 247
-1.3125 -5.5000 1.1090 233 89 131
-17.9375 -3.0000 0.1610 186 99 160
25.4375 -15.5000 5.2130 100 96 227
17.8125 -15.0000 1.4360 189 196 127
0.3125 -4.0000 1.1230 239 91 93
-3.5625 23.0000 0.1460 199 118 162
1.6250 -10.5000 1.0770 238 89 137
8.3750 10.0000 3.7500 117 125 227
-17.0625 -9.0000 3.7500 97 186 234
11.9375 -16.0000 0.9600 236 66 131
-19.1250 20.5000 1.0900 230 175 49
21.2500 -14.0000 4.1130 86 140 254
-7.3125 -13.5000 4.0300 110 115 248
-8.6250 3.0000 1.3000 246 114 94
1.5000 23.0000 0.6220 216 166 114
1.0625 -14.5000 6.3180 74 117 202
20.4375 -12.0000 3.5720 92 174 254
-11.8750 -13.0000 5.8560 72 126 211
-19.5000 -20.0000 1.2050 223 172 108
-15.5625 -6.5000 1.2320 230 161 89
-22.6250 -20.5000 5.0230 78 176 202
2.2500 -7.5000 1.0940 235 88 117
-6.8125 14.5000 1.2850 227 153 63
2.6875 11.5000 1.3340 227 154 85
-16.8125 18.0000 0.1220 175 118 154
-23.4375 1.5000 0.1480 178 131 169
5.0000 21.0000 0.9970 219 134 93
14.6875 16.5000 0.1980 172 115 185
-4.1875 -12.0000 4.2580 106 135 229
-19.2500 -19.5000 1.1320 242 150 103
4.3750 -12.0000 1.0730 247 90 134
-3.2500 -20.5000 5.7060 72 148 200
20.6250 9.5000 0.7010 205 81 129
4.3125 17.0000 2.1740 159 233 202
-2.6250 17.0000 2.0590 154 244 159
16.1250 -18.5000 0.9050 242 49 154
19.9375 -14.5000 3.5840 100 144 254
-17.6875 -9.5000 3.7560 96 191 236
7.8125 19.0000 1.1880 223 181 70
5.6250 15.0000 1.0250 248 93 111
18.4375 -22.5000 0.9460 235 55 159
-20.6875 16.5000 3.0330 116 236 213
-5.0625 2.5000 1.2780 239 111 75
14.0625 2.5000 2.2950 138 217 225
10.1250 -10.5000 1.0580 237 97 111
-3.0625 1.5000 1.2450 246 126 89
-22.6875 -3.0000 0.1370 174 128 154
22.2500 2.0000 0.9990 254 83 130
-14.8125 -9.0000 1.0680 245 115 91
20.7500 -2.0000 1.1070 237 105 120
-7.6250 -12.0000 5.4280 79 120 223
-12.5000 8.0000 1.8250 195 211 114
-5.3125 13.0000 1.4050 218 179 55
18.4375 4.5000 1.9170 153 217 177
10.5625 23.5000 0.8020 215 215 64
24.3125 2.5000 1.0170 245 89 126
-9.8750 -1.5000 1.1370 241 75 89
-15.9375 -4.5000 1.1260 235 139 100
2.3750 -20.5000 3.9670 111 166 212
-8.4375 8.5000 1.4710 217 177 59
-7.3750 -0.5000 1.1650 250 91 88
11.0625 10.5000 1.0510 252 81 98
12.9375 -10.0000 3.7060 116 144 254
2.3125 -10.5000 1.0870 228 74 114
-16.3750 -15.5000 2.8530 133 197 239
12.4375 19.5000 0.5950 200 184 101
-16.1875 2.0000 1.5520 197 187 95
-10.1875 23.5000 0.1310 179 139 126
8.9375 -14.5000 1.0080 239 110 138
-20.6250 21.5000 1.1900 238 176 60
19.8125 -5.5000 4.2650 82 152 254
-1.2500 -10.0000 1.0880 242 86 114
0.9375 -23.0000 3.3350 138 175 223
16.1875 -5.0000 4.5230 86 149 242
17.5000 2.0000 1.6460 183 202 146
-3.3750 19.5000 1.1690 235 182 79
7.2500 -3.5000 4.0840 100 131 241
-8.4375 -15.5000 4.2620 98 124 254
8.4375 0.5000 4.6760 80 128 221
4.3750 -23.5000 3.3080 129 139 232
-13.3125 -19.5000 2.9100 130 185 230
-13.2500 -21.5000 4.1480 101 140 250
-12.6875 -20.0000 1.0870 250 82 101
-16.8125 -14.5000 4.3870 89 163 210
-7.0000 -11.0000 3.6320 113 153 242
-19.5000 17.5000 0.1610 179 109 178
-20.2500 16.5000 0.1280 187 98 184
23.0000 -8.5000 1.1190 233 103 100
-2.1875 2.0000 2.9560 127 172 252
-11.5625 20.0000 0.1400 192 148 111
-18.5000 -9.5000 1.5990 177 254 104
-13.8125 25.5000 0.1360 172 122 167
20.8125 12.5000 0.1450 153 100 187
7.1250 -17.5000 1.2060 235 134 88
-24.0625 24.5000 1.7010 174 194 133
-9.9375 -12.0000 5.7000 79 115 216
-15.4375 4.5000 1.9530 181 200 136
12.5000 -10.5000 3.6920 113 144 254
24.7500 7.0000 0.3340 183 86 163
-4.1250 -14.5000 4.5800 96 135 232
5.7500 -10.5000 1.0120 237 91 167
-6.3750 -2.5000 1.1190 238 92 120
22.9375 -7.0000 1.1020 237 101 87
-3.6250 14.0000 1.9310 169 213 140
-11.3750 22.5000 0.1490 193 128 112
18.0625 -13.5000 1.0810 237 102 137
9.8750 -19.0000 1.0570 239 91 112
-17.6875 -20.0000 1.1130 240 132 101
-9.5625 -21.5000 4.2320 108 136 254
24.4375 -3.0000 1.0830 236 88 121
22.5000 13.5000 0.1120 159 121 157
-20.3750 18.5000 1.0980 227 188 45
-24.2500 -9.5000 0.1400 167 162 152
-2.6250 14.0000 5.3600 80 135 207
5.8125 14.0000 1.1760 233 112 86
-3.8125 -16.0000 5.2680 84 103 214
6.1250 24.5000 0.1100 176 120 181
11.0625 -0.5000 4.5200 73 134 238
19.6875 22.0000 0.1390 193 145 136
18.6250 -14.5000 1.0660 236 94 132
10.0000 5.5000 4.0160 96 133 253
-24.1875 -21.0000 0.1400 179 111 154
-15.5000 -11.0000 4.2700 89 163 246
13.9375 -21.5000 2.1490 142 240 227
-10.3750 -20.0000 4.2390 98 144 249
-15.0000 3.5000 1.5800 198 186 106
-0.4375 9.0000 5.9730 84 114 223
19.8125 -5.5000 4.2640 82 152 254
7.1875 10.5000 3.8710 109 136 236
17.9375 -6.5000 4.5170 83 149 227
-10.7500 0.5000 1.1830 246 90 83
-10.2500 23.0000 0.1730 184 132 112
1.3125 22.5000 1.0020 222 210 88
5.2500 16.0000 1.1640 234 116 90
-8.6250 -12.5000 5.5870 76 120 223
-9.3125 -12.0000 5.6170 77 118 221
-18.3750 16.5000 0.1360 169 125 149
16.8125 -11.0000 4.0940 100 132 254
12.6250 7.5000 1.0120 252 79 126
-17.5625 25.5000 1.0330 203 181 73
7.0625 -17.0000 1.0920 241 112 103
-8.8125 -0.5000 1.1840 253 98 86
20.6875 2.0000 0.9710 250 77 127
4.2500 -4.0000 3.0890 129 177 254
-6.8125 -19.5000 4.2070 111 136 245
15.6250 1.0000 3.9800 103 144 254
-5.8125 -3.0000 1.1240 243 95 112
9.1875 10.0000 1.2290 239 118 84
-16.2500 6.0000 2.0040 175 199 139
-13.8125 -11.0000 4.4960 91 149 229
-15.7500 -11.5000 4.2240 96 154 247
5.4375 17.5000 3.2300 122 182 241
-6.4375 19.5000 0.2960 189 139 138
14.6875 5.0000 1.0800 245 83 112
-16.0000 -1.5000 1.1800 235 138 82
4.8125 1.5000 4.5020 106 102 223
20.3125 -2.0000 1.1540 236 117 114
16.9375 -6.5000 4.5350 80 152 239
-15.3750 11.5000 0.1000 186 98 139
12.9375 25.5000 1.2490 189 254 58
-10.8750 18.5000 0.1610 191 139 151
2.3125 -11.5000 1.0890 241 97 139
-7.8125 -15.5000 5.6230 83 102 222
-17.1875 -14.0000 4.2590 95 161 224
-19.8125 25.0000 5.1060 77 173 227
-11.8750 -7.5000 1.2730 227 150 75
-15.3750 -8.0000 1.1320 233 131 96
19.6250 -14.5000 4.2240 89 120 254
-19.0625 20.0000 1.0520 231 171 48
9.4375 2.0000 4.3760 83 127 237
-7.1875 0.5000 1.2400 240 110 95
25.1875 -21.5000 0.9370 220 61 162
-10.3125 18.5000 0.1170 190 127 150
17.5000 16.5000 0.3470 196 144 131
20.6250 -3.5000 4.0120 98 145 254
-13.8750 -6.5000 1.3130 221 176 84
9.8125 -6.5000 3.9820 98 146 249
4.4375 -8.0000 1.0690 230 92 123
-3.7500 13.5000 1.8550 177 202 124
-11.4375 14.0000 0.1500 193 85 152
4.5000 -10.5000 1.0590 245 94 161
2.8750 18.0000 1.5260 199 196 96
-14.2500 0.5000 1.2230 238 137 79
-21.5625 -16.0000 2.2370 133 254 164
-16.1875 -16.5000 3.0840 135 169 254
-0.4375 -23.5000 3.1680 146 167 212
-19.0000 9.0000 0.1800 189 59 155
-16.7500 1.5000 1.5850 176 200 90
-19.1250 -6.0000 0.1380 183 121 157
12.5625 -17.0000 0.9960 233 80 140
23.1250 -6.5000 1.1060 239 103 87
18.6250 15.5000 1.0580 211 216 100
-5.9375 -18.0000 5.1860 84 123 227
2.3125 -18.0000 6.6920 82 104 183
15.8125 -6.5000 4.4660 84 154 244
16.1875 21.0000 5.6030 59 254 139
-16.4375 -9.5000 3.9610 105 163 243
0.6250 -23.5000 3.3410 139 171 216
-2.2500 2.0000 2.9690 126 171 252
-19.2500 -22.0000 1.0460 239 124 85
-5.3750 18.0000 1.1120 231 155 74
-2.0000 1.0000 1.2750 239 139 97
-6.9375 5.5000 5.0410 97 97 229
-13.5000 -4.5000 1.1700 234 146 92
-3.4375 4.5000 5.2910 95 113 230
-22.0625 -0.5000 0.1450 188 131 147
-2.5625 9.0000 6.3770 73 111 211
-2.3750 -21.0000 5.6840 69 150 198
-14.5000 26.0000 0.1930 171 131 166
-1.3750 3.0000 5.3360 91 109 213
18.7500 14.0000 1.0700 207 176 79
3.8750 15.5000 4.6770 96 133 232
-0.8125 -15.0000 6.5920 80 112 196
-6.0625 26.0000 0.1640 165 157 131
-8.8125 7.0000 1.4440 235 163 62
-19.5625 18.5000 0.1210 166 97 189
19.1875 -7.0000 4.4610 75 146 253
-7.6875 4.0000 1.3590 239 124 85
12.4375 -23.5000 5.0710 90 113 228
-3.1250 -4.0000 1.0870 246 86 128
-11.1875 -3.5000 1.0640 252 80 102
22.4375 -1.0000 1.0300 254 85 124
2.5000 -0.5000 4.0570 110 127 232
8.4375 15.0000 1.1960 227 132 84
8.1250 20.0000 1.1540 225 179 52
25.3750 -24.0000 0.8850 193 55 178
-17.0625 -18.0000 1.1360 245 146 95
4.0625 -10.5000 1.0580 237 80 122
-11.5000 -17.5000 5.2390 93 104 238
-3.6250 -5.5000 1.0770 238 89 121
-9.1875 15.5000 0.8110 224 156 121
7.0000 -18.5000 3.8690 103 132 254
-13.3125 -17.0000 5.0660 94 121 234
5.3750 20.0000 1.2280 218 172 59
-13.6250 7.0000 1.8650 193 186 100
10.2500 -12.5000 1.0300 247 94 129
-6.8750 21.0000 0.1270 179 123 144
1.1250 -1.0000 1.2170 235 129 81
5.1875 18.5000 2.4440 144 209 214
0.8125 -15.5000 6.4470 74 117 201
-24.1875 -11.5000 0.1510 176 170 144
-12.0625 2.0000 1.3120 246 115 76
-5.8125 3.5000 1.2890 233 110 83
4.0000 -1.5000 4.0160 110 128 227
-2.6250 -17.5000 7.2270 70 95 189
5.2500 -24.0000 6.1610 85 90 181
-8.3750 -3.5000 1.0960 254 91 127
-14.0000 25.0000 0.1300 173 121 168
-19.4375 -2.5000 0.1510 189 122 143
-21.5000 -17.5000 1.8380 156 254 150
13.6250 3.0000 2.2690 140 218 226
6.0625 1.5000 4.5690 91 118 232
13.3750 15.0000 0.7080 220 69 163
-21.2500 -6.5000 0.1580 187 144 160
23.8125 -16.0000 4.9570 93 105 250
25.1250 -23.0000 0.9110 209 59 172
-20.5000 -7.0000 0.1500 188 146 154
-16.8750 19.0000 0.1140 167 130 137
-5.1250 -9.0000 1.5670 194 203 127
17.5000 -23.0000 0.9300 234 50 166
1.5000 -10.5000 1.1050 237 95 131
-10.2500 -17.5000 3.4520 119 145 244
-3.7500 -6.0000 1.0800 235 83 138
-13.7500 16.0000 0.1110 189 131 149
-21.7500 11.0000 0.1670 179 101 169
16.9375 -11.0000 4.0750 100 132 254
17.8750 -13.5000 1.0870 229 95 128
-20.6250 14.0000 2.0480 172 254 111
14.1250 -5.0000 4.5110 106 123 228
-15.6875 1.5000 1.9730 167 205 157
9.1875 -16.0000 1.0410 239 96 129
-23.8125 22.0000 1.7590 182 217 144
4.3750 -16.0000 6.1310 81 124 204
-8.6875 -22.5000 4.9950 94 122 221
-8.1875 24.0000 0.1680 173 145 136
-1.6250 -12.0000 4.3570 96 137 238
-4.7500 20.5000 0.2130 192 111 142
15.3750 -18.5000 0.9600 240 56 151
-0.2500 15.5000 4.5370 88 141 219
12.2500 24.5000 1.0340 220 254 57
-14.5000 7.5000 1.9480 180 213 114
8.6250 15.5000 1.2020 224 148 89
6.7500 -13.5000 1.0360 239 87 141
7.5625 15.0000 1.1780 234 118 81
19.3125 -15.0000 1.0630 242 96 125
5.0000 -17.0000 4.0020 107 134 236
18.4375 -15.0000 3.8650 97 129 254
-12.3125 22.0000 0.1600 181 141 130
0.1875 -3.0000 1.1350 237 93 90
-6.2500 -10.5000 5.0580 82 123 244
23.3125 -5.5000 1.1270 234 107 92
7.1250 15.5000 1.2920 217 147 86
-4.5000 3.5000 4.9860 105 93 226
0.6250 18.0000 1.1850 231 161 50
-12.6875 -18.5000 2.4970 144 215 244
23.4375 3.5000 1.0040 245 85 134
9.5000 14.5000 1.2180 229 130 83
16.0625 1.0000 1.4110 209 179 113
-9.3125 12.5000 2.0950 157 227 175
25.0000 -8.0000 1.8960 167 189 154
-7.0000 -2.5000 1.0950 252 86 124
-13.7500 17.5000 0.1640 197 144 122
0.8125 -23.5000 3.4340 136 170 214
14.6875 13.5000 1.0930 236 128 104
22.5000 10.5000 0.1590 177 110 176
-0.1250 -19.0000 7.1590 77 92 192
-16.5625 17.0000 0.1360 185 141 130
15.8125 15.5000 0.3330 186 131 171
3.8125 -11.0000 1.0690 242 88 143
11.7500 20.5000 0.6200 208 173 101
-17.8125 15.0000 0.1400 183 121 160
-19.3125 -10.0000 0.2920 190 116 121
19.1250 4.0000 1.7580 163 221 163
-17.4375 10.5000 2.0690 163 254 129
-10.3750 3.5000 1.3460 241 119 92
6.3750 1.0000 4.5230 91 121 228
10.5000 -9.0000 1.0810 239 105 104
9.4375 -21.0000 4.9850 83 108 254
6.1875 -10.0000 1.0130 248 87 144
-1.1250 -11.0000 1.1500 234 106 109
14.4375 -9.0000 3.9910 109 135 242
3.4375 14.0000 4.6740 94 138 237
8.9375 -13.0000 1.0330 230 99 131
13.1875 7.0000 1.0350 247 85 124
-6.5625 17.5000 0.9810 233 127 85
-21.8125 -0.5000 0.1240 191 124 151
21.6250 14.0000 0.1690 160 127 166
22.7500 9.5000 0.1330 171 77 195
-21.5000 -23.5000 0.1600 186 108 163
9.6875 13.5000 2.0410 158 227 200
-8.8750 21.5000 0.1560 176 135 124
8.4375 16.5000 1.2320 216 155 80
-22.0625 11.5000 2.1510 154 254 155
-8.0625 7.5000 1.4930 216 175 67
-8.1250 -1.5000 1.1090 254 75 91
4.4375 -9.0000 1.0520 239 82 122
15.5000 -23.5000 1.5500 163 200 130
14.8750 -3.5000 4.4780 99 125 236
-2.0625 -5.0000 1.0940 235 87 136
16.8125 -10.0000 4.1270 86 145 254
25.3750 3.5000 1.1160 228 111 95
24.0625 7.5000 0.3640 183 86 167
14.1250 4.0000 2.0600 153 211 203
24.2500 -1.5000 1.0330 241 74 121
-6.3750 -20.0000 4.2160 115 139 252
-14.6875 13.5000 0.1230 189 132 143
-12.8125 -5.5000 1.1360 235 112 86
-15.5625 0.0000 1.4990 199 194 89
-23.3125 -3.0000 0.1420 173 138 131
2.3750 13.5000 2.3670 153 189 210
6.7500 -4.5000 3.9580 104 134 238
14.8125 -6.0000 4.4000 100 138 216
-16.0000 20.5000 0.1580 176 148 167
4.5000 14.5000 4.5820 94 140 235
-14.9375 -12.5000 4.4770 85 150 243
15.1250 -2.5000 4.3170 96 148 247
-11.4375 9.5000 1.6640 194 200 85
-10.8125 7.5000 1.6240 207 197 75
-2.3750 -18.5000 7.2900 70 98 188
16.8125 12.0000 1.1080 228 131 114
-19.4375 -6.0000 0.1550 182 125 155
-16.4375 15.5000 0.1610 185 138 137
21.6875 -12.0000 3.9230 91 168 253
-9.7500 7.0000 1.5020 227 171 77
8.0625 -19.0000 3.8810 106 133 247
-2.5000 -10.5000 4.1270 106 128 243
-3.8125 -0.5000 1.1780 248 100 118
-4.0000 7.5000 5.8480 86 115 211
0.7500 -11.5000 1.4320 199 171 105
8.0625 4.5000 4.2070 93 135 238
14.4375 6.5000 1.0140 241 71 113
-23.8750 20.0000 1.9630 169 217 149
-15.3125 8.0000 2.0250 173 219 130
25.1875 -12.0000 4.3970 98 119 225
4.1875 -1.0000 4.1020 107 125 229
16.2500 -6.5000 4.4350 83 155 243
-3.5000 -23.5000 5.4090 103 122 194
-7.0625 18.5000 0.2910 179 140 138
-0.6875 16.5000 4.4980 85 146 223
-16.3125 -15.0000 5.1020 91 119 226
1.9375 1.5000 5.6210 91 106 207
7.5000 23.5000 0.1510 184 114 179
-5.3125 1.5000 1.2420 242 97 74
19.3125 -1.5000 3.9620 102 140 254
7.4375 13.0000 1.1670 241 112 87
10.6875 8.5000 1.1060 249 96 86
14.7500 2.0000 4.0140 95 138 254
-9.1875 -17.5000 5.2800 83 115 232
-16.1250 -7.0000 1.1900 220 181 73
-10.6250 -23.5000 4.8320 101 112 218
-3.6250 -20.5000 5.6470 76 148 201
23.0625 -18.5000 1.0190 252 78 153
15.4375 -14.0000 2.1810 149 222 226
-17.8750 -6.5000 0.7590 230 143 92
2.2500 -11.0000 1.0850 239 94 142
-0.6250 23.5000 0.1310 197 112 153
11.4375 -15.5000 0.9940 239 87 131
14.0625 9.0000 0.9010 249 61 140
-6.0000 -13.5000 4.5400 93 123 243
1.7500 -5.0000 1.1200 229 106 115
14.1250 18.5000 5.6670 58 225 154
-13.5625 1.0000 1.2270 235 118 72
13.0000 20.0000 0.5830 203 183 100
-17.3125 -19.5000 1.1180 244 129 104
7.9375 9.5000 3.8240 112 125 233
10.4375 10.5000 1.1080 252 91 91
-6.6875 -16.5000 4.1980 103 121 248
25.6875 -21.5000 0.9420 215 61 161
22.7500 10.5000 0.1440 177 108 172
7.2500 13.5000 1.1840 236 118 77
-2.2500 17.0000 2.1470 150 247 169
-3.2500 16.5000 2.0380 155 237 154
6.8125 16.5000 1.2880 230 170 80
17.5000 -10.5000 4.1950 100 119 254
-3.2500 9.5000 6.3280 81 112 193
-12.8750 8.0000 1.8560 193 209 120
-3.4375 10.5000 6.1510 78 127 193
12.8750 -18.5000 0.9960 240 80 132
-18.0625 20.5000 0.1520 175 92 177
-21.7500 -11.0000 0.3270 190 160 152
16.0000 23.5000 0.9850 236 254 45
16.8125 -11.5000 3.9620 101 136 254
-18.6250 18.5000 0.1520 170 101 179
-5.8125 4.5000 1.3190 239 138 76
-21.8750 -20.5000 1.0630 238 165 95
-8.3750 -4.0000 1.0660 254 84 129
-17.5625 -19.0000 1.1410 245 147 95
-13.2500 -13.5000 5.6680 78 110 221
-0.7500 17.5000 2.1520 153 242 172
-22.1250 -7.0000 0.1250 184 134 161
-7.7500 4.0000 1.3260 243 116 84
-15.2500 -15.0000 5.1810 82 118 232
-14.0000 14.0000 0.1050 188 130 138
-21.6875 5.5000 0.1590 185 95 164
-7.3125 4.0000 1.3440 239 118 84
13.6875 7.0000 1.0100 247 68 114
4.4375 2.5000 4.5240 96 109 231
-13.9375 -5.0000 1.1410 240 141 95
-5.0000 9.5000 6.1550 86 109 198
-6.0625 0.0000 1.2220 242 107 96
7.0625 11.0000 3.2800 122 165 242
8.7500 11.5000 2.3680 140 208 226
-7.5625 -19.0000 4.2120 116 126 219
-19.2500 -18.0000 1.0840 245 139 95
5.2500 -5.5000 2.1610 141 216 207
13.5625 -10.0000 3.8570 112 141 249
6.9375 11.5000 1.2190 244 126 72
2.7500 16.5000 2.2110 154 227 210
-17.8125 -20.0000 1.1010 241 130 102
-1.4375 18.5000 2.0310 160 238 143
16.4375 -11.5000 3.8940 101 139 254
-14.5000 5.0000 1.7800 193 191 100
-3.4375 -18.0000 5.8790 83 113 205
-19.6875 15.5000 3.0220 113 209 205
4.2500 15.5000 4.6920 95 133 230
10.3750 16.5000 1.1680 223 179 51
-20.0000 -2.5000 0.1430 177 130 151
8.1875 -21.5000 5.2450 79 108 224
7.8750 19.0000 1.1790 224 179 70
-15.6250 -9.0000 4.0620 99 163 247
-10.0625 -8.0000 5.0610 93 130 236
-0.6250 -20.0000 5.8830 74 146 190
14.3125 23.5000 5.3080 54 241 180
-21.0625 24.0000 4.7980 88 164 229
-9.6875 -23.0000 4.2400 118 125 234
8.3125 11.0000 1.4510 210 174 79
-0.1875 18.0000 1.8540 164 231 134
3.2500 17.0000 2.0850 162 233 192
2.4375 20.0000 1.1920 217 175 88
-0.3750 4.5000 5.8110 86 104 212
-7.2500 0.5000 1.2210 242 106 95
-19.0000 -22.0000 1.0790 240 129 96
-13.3750 19.0000 0.1650 192 139 107
9.9375 -4.0000 4.3160 84 136 239
24.3750 1.0000 0.9460 244 69 143
3.4375 17.5000 1.3980 218 183 75
-19.2500 -1.5000 0.1580 186 116 160
-3.4375 0.0000 1.1870 249 104 114
15.4375 6.0000 1.5140 182 202 133
16.1250 13.0000 0.8060 230 103 166
-15.4375 -20.0000 1.1380 246 117 109
-13.7500 -23.5000 4.1140 111 134 226
3.1250 8.5000 5.5300 85 109 217
-2.6250 -16.5000 7.0470 81 75 187
-14.7500 -16.0000 5.1020 85 116 229
20.5000 7.5000 1.1140 233 121 98
6.0625 18.0000 3.2460 124 176 254
-8.3125 11.0000 1.4080 229 188 51
23.5000 -2.0000 1.0450 247 79 123
-19.2500 -14.0000 0.7890 219 156 98
13.5625 2.0000 4.0880 85 146 254
21.4375 17.5000 0.9790 194 217 64
1.3125 19.0000 2.6070 137 232 205
-13.0000 21.5000 0.1390 177 141 134
-1.0000 14.5000 2.4330 140 210 192
12.6875 -7.5000 4.0590 105 133 234
-5.8125 -9.0000 2.7880 131 204 254
9.0000 18.5000 0.6510 200 116 139
-10.6875 -8.0000 5.1490 89 122 241
-2.7500 -14.5000 5.0540 86 118 225
-21.1875 -3.0000 0.1390 184 123 157
0.5625 14.0000 5.4910 79 121 218
-14.3125 -19.5000 1.1730 233 110 107
-5.0625 -9.5000 1.4890 204 194 112
16.1250 -10.0000 4.0380 89 149 254
-21.2500 -13.0000 0.3130 193 152 146
19.4375 -14.5000 4.6670 80 115 254
20.1875 0.0000 1.0570 251 97 107
5.0000 11.5000 1.2370 240 131 78
-5.0625 -15.0000 5.1850 84 117 233
-9.3750 25.0000 0.1330 174 139 129
-4.3125 4.5000 5.1300 106 93 225
19.7500 -13.0000 3.6430 92 168 254
-14.3125 12.0000 0.1770 188 103 138
-23.4375 24.0000 1.6240 186 211 113
0.8125 -6.5000 1.1170 243 102 104
16.9375 -15.0000 1.3640 201 193 121
11.8125 -4.0000 4.4130 94 124 239
21.5625 1.5000 0.9630 247 82 140
-10.1875 -14.0000 5.9140 80 121 215
12.3125 -16.0000 0.9670 240 73 139
8.0625 -15.5000 1.0450 247 117 113
-9.3125 20.0000 0.1800 187 155 149
-11.7500 14.0000 0.1250 193 83 153
-0.6875 12.5000 5.3060 88 132 215
3.4375 19.5000 1.1990 226 178 78
-11.1875 -5.0000 1.0760 243 78 96
-3.5000 19.0000 1.1410 230 173 90
5.3750 -4.0000 1.1870 221 121 92
11.6250 5.5000 2.0360 155 207 184
-10.0000 11.5000 1.4880 212 196 78
-8.0625 15.5000 1.1030 222 155 85
-7.8125 -10.0000 5.0900 85 114 244
-11.0000 17.5000 0.1240 195 121 145
3.6875 -15.5000 6.1090 77 125 211
-3.9375 -18.5000 5.8410 84 112 221
15.5000 0.5000 4.0310 105 137 254
-10.7500 -16.5000 5.4780 89 102 225
20.9375 -15.5000 4.2280 89 121 254
-2.6250 -17.5000 7.1970 70 96 189
-2.1250 6.5000 5.9470 82 103 218
-18.6875 4.5000 0.1250 182 57 144
10.1875 -21.0000 4.9480 81 111 254
17.6875 11.5000 1.0560 226 118 118
-14.5625 22.5000 0.1360 179 119 152
-6.6250 -2.5000 1.1100 237 89 123
-22.5000 19.5000 1.4810 203 212 71
-19.6875 22.5000 4.6880 89 174 229
-23.4375 12.0000 0.1370 172 105 163
21.8125 -13.5000 4.1450 82 145 254
-17.5000 -7.0000 1.0310 227 195 69
5.5625 -19.0000 3.8230 116 129 252
25.5000 -2.0000 1.0760 235 84 111
21.5625 -1.5000 1.0720 244 97 133
-8.2500 7.0000 5.0740 102 112 209
17.1875 -10.5000 4.1530 99 121 254
25.4375 3.0000 1.0680 228 99 102
8.8750 -15.0000 1.0540 236 101 132
11.7500 -18.5000 1.0130 232 72 128
12.2500 3.5000 4.0300 93 129 254
-7.5000 20.5000 0.1430 184 141 150
-20.0000 17.0000 0.1500 187 99 184
-1.2500 -16.5000 6.9050 81 105 184
20.6875 -5.0000 4.1800 91 151 254
-11.1250 -17.0000 3.2930 128 153 254
-0.3750 4.0000 5.6900 88 108 215
-20.3125 0.5000 0.1240 190 126 157
-3.6250 6.5000 5.6320 90 123 216
-3.0625 1.0000 1.2410 242 113 105
16.0625 -10.5000 3.9900 91 148 254
24.6875 1.0000 0.9590 242 72 141
0.1875 12.0000 5.3260 87 125 226
-23.0625 -3.0000 0.1630 171 138 152
22.0625 21.5000 0.1290 180 127 150
-4.8125 -2.0000 1.1190 246 95 116
-9.4375 -5.0000 1.0780 251 87 134
3.6875 -22.0000 3.6370 114 151 243
14.0625 -7.5000 4.1110 107 130 235
-9.6250 4.0000 1.3450 240 125 81
-23.0000 -8.5000 0.1650 181 149 134
-21.9375 -21.5000 1.5340 187 250 95
-14.3750 -1.0000 1.0400 254 102 86
10.5000 -5.0000 4.2760 99 134 235
-7.6875 -21.5000 5.2230 84 121 224
-18.8750 0.5000 0.1460 197 101 161
10.2500 12.5000 2.4270 142 207 228
14.0625 4.0000 1.1230 243 96 115
22.0000 -24.0000 0.9350 221 50 158
-14.3125 -23.0000 1.2420 232 140 90
6.9375 17.0000 3.1900 121 185 253
-1.6250 18.0000 2.1070 152 242 158
-20.5000 -23.0000 0.1400 192 101 166
-10.8125 3.0000 1.3390 238 118 79
9.5000 -18.0000 1.0480 240 87 116
-15.6875 7.0000 2.0200 171 209 134
18.8750 1.0000 1.0830 247 107 109
5.0625 -17.0000 3.9860 107 134 237
23.5000 -18.5000 1.0360 249 85 149
18.5000 -1.5000 4.0240 100 144 254
-16.3750 7.0000 2.9990 127 208 215
-13.1875 -24.0000 1.0810 240 85 82
20.4375 15.0000 0.1930 168 116 199
-9.4375 9.5000 1.4470 221 188 66
11.2500 -23.5000 5.2030 88 111 235
-10.8750 -1.0000 1.1240 246 79 91
9.0625 -16.5000 1.0130 239 97 133
-10.3125 -13.0000 5.8760 80 111 209
-21.3125 17.0000 1.7240 181 254 71
-1.1250 -8.5000 1.0940 238 85 116
8.0625 10.0000 1.6600 182 179 114
21.6250 -10.0000 3.5410 102 158 249
14.3750 10.0000 1.0080 243 81 128
14.8750 1.5000 4.0330 95 138 254
12.8750 -6.0000 4.2990 100 128 239
-11.8125 24.0000 0.1810 189 139 125
4.6250 -15.0000 2.4950 142 220 232
14.1250 -8.0000 4.1020 106 131 237
13.3125 -9.0000 3.9070 110 139 254
-16.1250 -12.5000 4.2820 94 151 244
13.8125 25.5000 0.9540 207 230 47
18.9375 -7.0000 4.4790 76 145 250
-22.5000 4.0000 0.1460 187 110 164
21.9375 21.5000 0.1540 180 130 152
-16.3125 6.5000 2.9430 123 200 212
16.3125 1.5000 1.3050 224 154 101
22.7500 12.5000 0.1350 171 108 176
18.6250 4.5000 1.5930 177 212 130
-19.2500 21.0000 1.0850 228 173 53
9.3125 14.0000 1.2080 230 125 83
-17.0000 3.5000 0.4980 221 87 135
-12.9375 22.0000 0.1360 177 140 135
3.2500 -10.0000 1.0690 238 81 123
16.3750 21.5000 5.5370 63 251 137
-19.9375 -13.5000 0.2120 176 121 154
8.7500 -22.0000 5.2250 88 97 239
-12.5625 -21.0000 4.2360 100 143 249
10.2500 14.5000 1.2140 231 129 80
21.3125 -23.0000 0.9220 229 46 164
25.1875 -6.5000 1.4030 195 158 109
-5.0000 7.5000 5.6400 93 119 204
12.5000 -15.5000 0.9530 244 70 140
7.7500 7.5000 2.2380 158 202 198
17.5000 5.0000 1.0950 236 100 106
-8.0625 19.0000 0.1670 185 152 139
24.5625 -15.0000 4.9820 86 112 235
20.0000 -6.0000 4.3310 78 150 254
-2.1250 25.0000 0.1680 196 123 143
-5.6875 -7.0000 1.4920 198 188 121
5.1875 16.0000 1.1640 234 116 90
10.5625 17.5000 0.5760 198 102 138
4.0000 -16.5000 6.2460 82 120 201
9.1875 -10.0000 1.0910 235 105 112
13.8750 -22.0000 2.1800 141 235 226
-5.5625 1.5000 1.2180 245 90 74
-18.4375 8.0000 2.0850 160 245 146
0.5625 1.5000 5.3550 87 116 218
9.4375 11.0000 1.9680 161 212 185
-23.8125 4.0000 0.1540 181 124 167
-20.8750 20.5000 1.1740 246 173 57
-0.1250 4.5000 5.8650 92 98 211
-22.9375 10.5000 0.1590 180 106 163
11.6250 -8.0000 3.8950 105 144 241
-0.2500 -17.0000 6.8930 78 109 187
-23.7500 -23.5000 0.1460 170 126 148
-16.9375 -13.0000 4.1840 86 173 215
0.7500 -21.0000 3.2190 143 191 240
-5.6875 8.5000 5.7370 88 120 207
11.3125 -2.5000 4.5920 88 121 231
-4.8750 -2.5000 1.1550 236 104 110
-4.6875 -11.0000 4.3800 105 129 236
-16.0000 -16.5000 1.2180 229 123 103
7.8750 22.0000 0.1160 176 86 190
-0.3750 25.0000 0.1620 203 126 132
-22.2500 0.0000 0.1470 188 131 149
-11.5625 -15.5000 5.5040 77 105 220
-24.1250 -10.0000 0.1420 172 166 154
-4.5000 -16.5000 5.0140 96 114 214
-15.7500 -11.5000 4.2620 95 153 246
-8.1875 21.5000 0.1570 180 137 155
-4.9375 13.0000 1.3400 223 161 49
3.5625 6.0000 6.0290 80 92 208
-12.9375 -8.5000 1.1210 244 133 91
14.8750 4.5000 1.6850 168 196 151
14.5625 -23.0000 1.9010 150 209 174
-21.8750 -3.5000 0.1430 181 125 155
-21.1875 3.0000 0.1710 196 115 185
3.8125 -5.5000 1.1400 234 119 110
-19.4375 -16.5000 1.1000 226 166 100
14.7500 2.0000 2.2900 137 206 222
20.4375 -11.5000 3.5080 95 175 254
2.7500 7.5000 5.8560 83 108 204
-17.5625 18.0000 0.1130 166 121 152
-10.7500 0.0000 1.1340 245 80 92
-21.3125 10.0000 0.1410 187 98 159
25.1875 2.0000 1.0050 233 80 136
16.3750 12.0000 1.1240 229 135 112
-0.4375 -9.5000 1.1090 237 93 124
9.0000 9.5000 1.8950 167 202 171
14.1875 -8.0000 4.0830 107 131 236
-8.1875 4.5000 1.3760 240 132 62
-11.6875 -2.0000 1.0590 247 77 106
-7.3125 1.0000 1.2040 240 94 94
6.6875 7.5000 4.0600 106 130 238
24.2500 -20.5000 0.9800 233 74 153
-10.7500 -5.5000 1.1030 237 102 87
17.6875 4.5000 1.1210 229 102 99
24.6875 -8.5000 4.2390 107 122 236
-4.0625 -22.0000 5.5170 94 123 208
-11.3125 23.0000 0.1860 194 137 112
-1.3750 -0.5000 1.3960 214 162 96
9.0625 -2.5000 4.3750 87 132 235
20.7500 22.0000 0.1280 183 124 158
3.8125 -4.0000 3.0820 129 178 254
-9.5000 26.0000 0.1370 170 136 128
9.6875 -21.5000 5.0840 82 108 254
13.3125 -15.0000 0.9980 248 81 129
24.5625 -17.5000 5.3160 89 101 236
-1.7500 -22.5000 5.6110 78 146 188
18.8125 -17.0000 0.9920 234 61 135
17.1875 -8.0000 4.3450 87 138 246
6.5625 -15.0000 1.0580 250 117 114
16.8750 -15.5000 1.0370 241 93 135
-21.7500 -16.5000 2.2160 134 254 173
23.1875 -8.0000 1.1030 231 104 103
-3.8750 3.0000 4.9890 99 110 215
10.4375 -1.0000 4.5920 72 134 240
15.6875 22.0000 5.3930 51 248 168
12.4375 4.0000 1.1750 227 107 109
-22.8750 5.5000 0.1440 178 103 165
-2.0625 -18.5000 7.3240 69 98 188
-0.7500 20.0000 1.2200 226 180 64
-3.1875 -16.5000 7.1630 73 84 192
-14.0625 1.5000 1.2820 234 138 59
17.0625 19.5000 0.1150 198 116 163
-2.2500 16.0000 1.6030 191 219 78
-8.9375 6.5000 1.4610 224 153 75
21.1875 10.0000 0.3190 184 111 183
-15.1875 11.5000 3.0440 109 208 220
16.9375 -12.5000 3.8290 100 142 254
-9.2500 -20.5000 4.2900 106 135 252
20.8750 -21.0000 0.9320 238 71 172
7.0625 0.0000 4.4250 89 122 233
-9.3750 -1.0000 1.1820 251 96 91
-8.2500 -17.0000 5.1480 84 115 230
-16.7500 -13.0000 4.2730 98 150 224
17.7500 11.5000 1.0650 220 147 94
-23.6250 -13.0000 0.1470 182 156 147
-4.6875 24.0000 0.1560 193 126 143
-7.2500 20.5000 0.1490 179 131 143
14.1875 -17.0000 0.9810 235 65 139
6.0625 -10.0000 1.0420 246 93 143
3.0000 13.0000 4.6940 96 126 231
16.6875 14.0000 0.2170 183 105 213
-7.5625 4.5000 1.3340 239 115 83
18.8125 -9.5000 1.0300 248 90 137
-12.2500 9.0000 1.7330 195 207 98
5.8750 -1.0000 4.2120 99 122 234
-17.6250 -17.0000 1.1420 240 148 96
2.5000 -22.0000 3.5070 127 159 244
-21.4375 -5.5000 0.1140 184 128 169
-7.0625 -18.0000 4.2300 109 126 230
-22.4375 4.5000 0.1600 186 109 167
-13.4375 -18.0000 1.2260 227 126 108
-12.2500 10.5000 1.5250 198 219 68
4.1250 -7.5000 1.0660 237 99 119
-19.5000 -22.5000 1.0590 238 130 87
18.3750 -2.0000 4.0380 100 144 254
7.6875 -19.5000 3.8320 106 136 251
-14.2500 -11.5000 5.8860 75 118 211
7.7500 6.0000 4.1950 94 137 246
14.1875 19.5000 0.1670 166 151 142
7.3125 -10.0000 1.0220 250 90 136
-12.5625 10.5000 1.5360 196 218 72
20.6250 13.0000 0.1590 153 100 190
22.1250 6.0000 1.1110 238 122 102
-23.0625 1.5000 0.1560 179 131 169
21.6250 7.0000 1.0940 234 136 105
-16.8750 10.5000 2.0470 164 254 122
-21.7500 -22.5000 1.0310 239 154 98
0.2500 16.5000 2.2560 145 242 188
3.1250 19.0000 2.1480 160 241 182
-19.1250 25.0000 5.2330 77 171 224
15.2500 15.5000 0.1090 177 120 184
-5.9375 -21.0000 5.5350 80 110 224
17.6875 -22.0000 0.9660 240 59 158
-20.2500 13.5000 2.0710 170 254 111
-23.4375 -8.5000 0.1500 178 146 136
2.0000 -17.5000 6.6970 83 117 186
18.2500 10.0000 1.1090 222 127 102
-12.8750 16.5000 0.1070 190 118 150
-19.0000 22.5000 0.9360 235 138 96
2.8125 25.5000 0.1500 184 126 131
24.5000 3.0000 1.0300 239 91 126
25.6875 1.0000 0.9850 236 78 134
-12.3750 -15.5000 5.4030 81 103 222
-21.0625 -4.0000 0.0960 182 116 153
16.9375 -23.5000 0.9480 230 57 167
-9.6875 -6.5000 1.1250 242 107 121
-19.8750 11.0000 2.1030 159 247 146
7.6875 25.0000 0.1760 180 126 168
9.0625 -20.0000 4.9020 78 113 254
10.3750 14.5000 2.4150 136 231 238
8.3125 13.5000 5.4700 87 111 220
5.3750 6.0000 4.3190 98 140 224
-6.9375 -17.0000 4.1980 104 133 226
-1.1250 -1.0000 1.2100 243 105 102
-1.1875 1.0000 5.0140 110 99 211
-4.0625 -10.5000 4.3720 106 125 233
-2.5000 -18.5000 7.2830 70 98 189
-7.1875 -15.0000 5.5460 87 99 218
-1.6875 -13.0000 4.4660 93 132 232
17.5625 -11.5000 4.0160 90 145 254
-9.7500 -21.0000 4.3670 105 133 251
-23.0000 -6.0000 0.1410 177 144 161
17.9375 9.0000 1.0620 234 109 117
-9.7500 -21.5000 4.3420 106 133 251
-23.4375 10.0000 0.1380 180 104 164
-8.8750 -8.0000 1.1830 239 114 108
-21.1250 19.5000 1.1670 245 175 54
-1.1875 13.0000 5.3030 92 124 197
-17.2500 -21.5000 1.0920 243 128 94
-23.5625 -0.5000 0.1360 176 143 142
-11.0000 6.5000 1.5840 212 177 74
-15.6875 -12.0000 4.3140 92 153 246
14.7500 7.0000 0.9610 232 81 147
-19.3750 -3.0000 0.1410 179 108 152
-3.0625 -23.0000 5.5010 101 122 193
22.8750 -2.5000 1.0750 246 87 123
-2.9375 9.0000 6.4200 74 109 211
13.5000 -22.0000 3.3590 107 177 254
4.1875 9.5000 5.1660 90 114 223
-14.2500 -18.5000 1.1850 238 120 110
-14.6250 -21.0000 1.1770 248 130 92
-20.0000 -7.0000 0.1380 187 146 150
2.8750 -23.5000 3.5840 130 150 223
-23.0625 -20.5000 0.1460 182 113 154
-5.1250 -23.0000 5.3640 91 111 212
18.0625 -8.5000 4.4310 79 139 254
-3.1875 -7.0000 1.0810 239 83 131
-7.2500 -10.5000 5.1340 89 120 231
1.9375 -11.0000 1.0850 237 93 136
23.3750 -15.5000 4.7760 79 123 252
2.9375 23.0000 0.5810 202 155 130
-15.6250 12.0000 0.1350 185 102 140
8.4375 14.5000 1.1990 228 134 81
-5.2500 22.0000 0.1840 199 129 130
-5.5000 -23.0000 5.3760 91 111 212
-8.3750 -8.0000 1.1530 243 103 108
7.5625 -22.5000 5.5280 80 103 214
-8.5625 -12.5000 5.6200 75 120 222
2.8750 21.0000 1.2530 213 184 90
3.1250 11.5000 5.4510 89 106 223
-11.5000 17.5000 0.1330 195 122 150
-13.1875 25.5000 0.1230 172 120 163
-6.1875 23.5000 0.1400 190 123 156
20.9375 21.0000 0.1320 176 122 159
11.0625 8.0000 1.0850 248 92 87
3.0625 14.0000 4.6850 96 137 237
-8.8125 -22.5000 5.0230 93 122 221
-9.1875 25.5000 0.1450 171 140 127
2.1250 -14.5000 6.1490 83 130 206
-13.6250 25.5000 0.1420 172 123 164
11.9375 11.0000 1.0540 254 91 138
22.3125 -8.5000 1.0790 236 91 108
-11.1250 19.5000 0.1480 192 150 104
-21.5625 2.0000 0.1410 196 108 184
0.5625 23.0000 0.3710 209 125 136
24.0625 -23.5000 0.8870 216 56 175
18.3750 -1.5000 3.9880 102 145 254
-17.0625 23.0000 0.8580 231 137 103
3.3125 22.0000 1.0690 224 190 102
-14.8750 15.0000 0.1120 188 130 143
-21.1875 11.0000 2.2600 147 254 169
15.6875 -23.5000 1.0350 223 82 116
-17.6875 -24.0000 1.0360 227 96 97
-4.3125 -2.5000 1.1280 242 98 115
-22.2500 -10.5000 0.1020 183 142 150
-8.6250 -5.0000 1.0610 244 92 129
22.5000 -13.5000 4.3180 85 148 246
17.8125 16.0000 0.4770 194 161 147
8.8125 -7.5000 1.1230 232 121 117
9.5000 -12.5000 1.0420 244 95 130
6.1875 -8.0000 1.0840 238 114 132
15.0000 -9.5000 3.9740 94 147 254
1.7500 -20.5000 3.2470 143 186 231
-5.3125 12.0000 1.9260 175 212 133
3.9375 -3.0000 3.8860 102 151 254
23.1875 -21.5000 0.9400 243 64 157
21.5000 8.5000 0.8340 239 121 120
11.1250 26.0000 0.3200 180 161 155
16.6250 -17.0000 0.9660 237 60 150
4.2500 4.0000 4.5870 94 116 235
16.2500 -16.5000 0.9880 238 79 148
-21.9375 -12.5000 0.3120 193 156 150
-1.4375 -12.5000 4.7400 89 125 231
-10.3125 16.5000 0.1790 192 111 136
2.0000 10.5000 5.2850 87 115 225
-24.0625 22.0000 1.6430 190 212 127
-22.6875 13.0000 3.0380 122 210 208
13.3125 -15.5000 0.9770 247 77 132
-3.5625 13.0000 2.2370 160 218 188
23.9375 -13.5000 4.5540 94 131 236
-21.6250 -12.5000 0.3160 194 154 151
-14.7500 -20.5000 1.9230 167 239 182
-22.1250 20.0000 1.2900 228 196 54
-13.6250 -1.0000 1.0560 254 68 96
15.8125 -7.0000 4.3740 87 156 238
-1.8750 14.5000 5.1320 81 134 211
-15.9375 12.5000 0.1040 185 119 146
8.7500 3.0000 4.2750 89 125 240
20.6250 12.0000 0.1400 159 87 194
17.3750 -14.5000 1.4220 190 195 130
-23.1875 13.0000 2.9890 124 212 208
-0.2500 16.0000 2.0100 156 228 159
-13.3750 0.5000 1.1850 247 123 87
-17.6875 -6.5000 0.8500 233 155 83
-4.6875 5.0000 5.2220 91 102 231
-0.3125 22.0000 0.9320 221 192 92
-7.5625 15.0000 1.1410 238 140 98
13.5625 0.5000 4.2200 95 134 245
-0.9375 -17.0000 6.9210 76 123 190
11.8750 -14.5000 0.9490 245 87 144
16.0625 -14.5000 1.0490 238 92 137
-8.5000 1.5000 1.2570 250 103 92
21.9375 5.5000 1.0850 240 114 105
6.2500 -23.5000 5.8390 86 92 187
-1.6875 21.0000 1.0660 240 179 78
-5.6875 -8.5000 1.1720 242 109 94
-16.0000 1.5000 1.6780 176 200 120
-20.0000 11.0000 2.9910 107 212 210
10.1875 11.5000 1.0900 254 86 94
-15.9375 23.5000 0.1680 176 123 176
-7.3750 -22.5000 5.3200 89 100 219
-0.0625 8.5000 6.0110 81 115 223
-18.3750 9.0000 2.2200 150 243 165
5.8125 2.0000 4.6660 90 119 230
3.6875 10.5000 5.0490 89 113 227
-15.8750 -23.5000 1.1230 229 110 84
-23.7500 14.5000 2.0190 167 254 127
-7.7500 -18.0000 4.2100 107 130 238
-8.5000 -3.0000 1.0810 254 89 130
10.3750 -2.0000 4.5510 85 124 239
23.6875 -20.0000 1.0040 250 66 147
3.1250 0.5000 4.1700 109 123 233
-17.7500 25.0000 5.3670 75 167 221
1.0625 16.5000 1.2190 231 160 48
-2.0625 -18.0000 7.2590 69 98 189
-21.1875 17.5000 1.7360 178 254 74
-7.0000 -4.5000 1.0860 240 76 123
8.0000 -3.5000 4.1460 100 127 232
19.7500 -7.5000 1.0870 237 101 94
23.5625 -10.0000 4.4730 88 119 242
-2.1875 -20.5000 5.7290 69 147 195
8.9375 -7.5000 1.1390 231 124 115
-6.6250 5.5000 1.3840 230 144 85
-21.0000 -15.0000 1.6520 176 254 84
18.1250 10.0000 1.0970 222 124 105
8.1250 -16.0000 1.0510 241 112 115
-8.1875 -7.5000 1.1110 244 101 116
4.6875 23.5000 0.1440 183 89 150
20.4375 2.0000 0.9930 252 81 124
-21.1875 -15.5000 5.0290 59 212 187
4.8125 -21.5000 3.6930 115 147 238
-22.3125 6.5000 0.1330 196 102 172
18.8750 -17.5000 0.9730 237 57 134
8.4375 -23.5000 5.6090 93 98 210
-19.0625 10.0000 2.0860 160 242 148
8.8750 -5.5000 3.9780 106 139 223
5.1250 -7.0000 1.1080 232 111 110
-14.2500 -12.5000 5.7000 75 121 215
-14.1250 8.5000 1.9910 177 218 125
22.1250 13.5000 0.1700 161 127 159
-20.1875 -14.5000 0.1680 188 113 148
-3.1875 13.5000 5.5540 82 134 198
15.1250 12.5000 1.1320 230 140 112
-13.6875 -22.0000 1.7840 178 205 145
4.0000 20.0000 2.3720 143 237 209
21.4375 2.0000 0.9650 251 73 141
0.8125 -18.5000 6.9580 73 98 194
3.3750 -1.0000 4.0860 107 128 231
-12.0625 12.0000 0.3340 194 88 169
-9.5000 18.0000 0.1410 183 114 142
19.8750 -11.0000 1.0960 235 100 121
-14.8125 -4.0000 1.2760 228 168 81
5.6250 -16.5000 1.0900 238 112 111
-9.7500 -12.0000 5.6090 79 117 219
3.8125 -15.0000 6.0610 77 126 212
-21.8125 15.0000 2.0020 172 254 111
11.8750 -4.5000 4.3340 96 126 238
19.1250 -22.5000 0.9100 239 54 177
-5.5000 -11.5000 4.8770 85 133 234
-17.9375 -0.5000 0.6810 221 123 144
24.3750 -12.5000 4.5440 85 135 231
12.3125 0.0000 4.3650 90 132 247
-4.6875 8.0000 5.7930 91 118 204
19.2500 -13.0000 1.1740 231 126 108
-19.9375 6.0000 0.1450 181 89 156
-3.4375 8.0000 6.0330 79 118 211
18.4375 1.5000 1.1180 242 112 109
10.4375 -8.5000 1.0840 235 107 105
-11.5000 -8.0000 5.2590 83 126 241
-0.5000 21.5000 1.0110 222 197 86
11.0000 -15.5000 1.0000 242 88 129
18.0625 0.0000 1.5960 196 194 123
20.3750 -5.0000 4.1580 91 153 254
-2.8750 -1.0000 1.1700 254 99 112
-1.7500 -3.5000 1.1030 247 90 120
7.1250 -6.0000 1.3320 213 174 82
-12.0625 -21.0000 4.4570 92 133 250
-2.5000 2.0000 1.2610 248 132 83
22.9375 -20.0000 0.9580 241 68 162
-11.5625 21.5000 0.1280 186 119 109
-4.8750 -12.5000 4.3010 100 140 237
8.3750 -5.5000 3.9750 105 138 224
-17.0625 1.5000 1.3380 198 209 51
-2.9375 2.5000 1.3160 239 143 81
-13.1875 -1.5000 1.0330 253 65 94
17.8125 -23.5000 0.9690 233 61 158
4.0625 -12.0000 1.1070 245 98 129
13.3750 -8.0000 4.0420 111 134 244
5.6875 -1.5000 4.1250 114 116 228
9.8750 -7.5000 1.2560 225 153 84
-22.5000 -12.0000 0.3810 193 172 140
9.8750 20.0000 0.1510 181 113 201
-10.1250 -13.5000 5.9660 77 111 211
-16.9375 5.5000 0.9740 231 172 77
-2.1250 -13.5000 4.3110 99 134 231
-2.8125 -17.0000 7.2080 72 94 188
-5.3750 -11.0000 4.2210 106 136 243
-0.9375 -1.0000 1.1900 235 110 97
15.5000 16.5000 0.2880 191 124 159
18.8750 -10.0000 2.0490 142 212 193
-15.5000 -18.0000 1.2810 222 152 108
-7.7500 12.0000 1.8410 180 213 124
7.9375 21.5000 0.1920 183 87 186
24.5625 0.0000 0.9840 237 80 131
11.5000 15.0000 1.1630 232 140 88
6.5625 24.0000 0.1450 179 117 181
-5.1250 4.0000 1.3890 227 138 83
-5.6875 3.0000 1.2790 237 109 78
2.9375 -2.0000 3.9490 108 136 245
-9.6875 11.5000 1.4820 214 197 75
4.3125 24.0000 0.1430 183 91 151
-7.7500 -1.5000 1.1310 248 95 124
-11.0625 1.5000 1.2410 252 97 75
-22.3750 -5.0000 0.1340 183 138 167
-4.9375 11.5000 6.2500 72 125 180
-18.5625 17.0000 0.1450 168 125 155
-0.1250 20.0000 1.3040 213 215 73
-1.8125 13.0000 5.3430 89 127 202
10.6250 -2.0000 4.6050 85 123 237
14.6250 -11.0000 1.2930 207 165 109
4.6875 8.0000 5.4410 86 111 214
-13.8750 -23.5000 1.2600 224 135 87
-7.1250 15.5000 1.1280 218 154 79
-18.9375 18.5000 0.1790 171 104 180
0.9375 20.0000 1.2710 219 209 71
-15.5625 2.5000 1.3930 220 171 69
-2.9375 -17.5000 7.3040 71 94 189
13.6250 -9.0000 3.9480 109 138 250
-16.1250 14.5000 0.1260 184 138 144
-5.6250 -8.0000 1.7640 175 209 166
-2.3750 -15.5000 5.1480 82 117 221
-19.8125 13.0000 2.0740 164 254 123
16.4375 -18.0000 0.9320 243 54 149
5.6250 -2.0000 4.0570 103 134 249
14.2500 -23.5000 1.0900 225 92 110
7.8750 -7.0000 1.1980 230 143 87
-15.1250 14.0000 0.1480 190 135 144
8.9375 20.0000 1.1400 207 202 54
15.5625 4.0000 1.4720 191 195 122
19.4375 -5.0000 4.1870 86 154 254
17.6875 1.5000 1.1410 236 110 95
5.3750 0.5000 4.3670 100 120 216
-16.5625 -11.0000 4.0390 91 172 235
-4.1250 -2.0000 1.1220 242 96 116
7.0625 23.5000 0.1290 181 114 183
3.1875 4.0000 6.3020 76 99 206
-23.0625 17.5000 1.9620 162 247 131
18.6875 15.5000 1.0550 211 215 100
-8.7500 -4.0000 1.0750 254 86 131
10.0000 5.5000 4.0590 94 132 253
-3.9375 0.5000 1.2270 241 114 107
-14.7500 16.0000 0.1530 198 145 122
22.0000 -9.0000 1.0980 237 96 103
-2.5000 -20.0000 5.7450 70 146 196
-2.1875 -15.0000 6.8040 75 78 195
11.0625 -21.5000 1.1130 247 111 113
20.2500 -17.0000 1.0210 233 71 126
23.4375 7.0000 0.9280 240 119 104
-10.0625 -14.0000 5.9470 80 121 215
17.5000 13.0000 1.0970 215 163 99
-7.9375 24.5000 0.1070 169 136 133
-7.5000 17.0000 1.0660 216 207 87
10.6250 -21.0000 4.8900 82 112 254
-11.6875 2.5000 1.3320 244 120 75
-19.1250 23.5000 4.9900 77 172 235
1.6250 4.5000 6.1090 88 91 196
10.7500 4.5000 4.0140 95 130 242
8.2500 -23.0000 5.5370 91 98 217
-6.6875 20.0000 0.1250 180 99 147
5.1250 -8.5000 1.0690 229 88 124
-6.9375 12.5000 1.7270 188 200 114
-17.3125 5.0000 0.6070 224 121 112
23.7500 -19.5000 0.9980 250 62 148
22.8125 -11.0000 1.3880 204 201 101
12.5625 -20.0000 0.9790 238 75 145
2.3750 17.0000 1.4210 212 179 85
20.3750 1.5000 1.0050 249 73 120
15.6875 5.0000 1.4240 195 193 116
-18.0625 -13.0000 3.9890 87 190 223
25.0625 10.0000 0.1600 167 119 152
-15.1250 -10.5000 4.2440 96 162 235
-0.5000 3.0000 5.4690 91 116 220
18.4375 -18.5000 0.9610 237 55 135
7.3125 5.5000 4.1980 92 140 250
-17.9375 -23.0000 1.0710 235 123 93
-6.7500 -12.5000 3.8640 116 139 254
3.3125 -6.0000 1.0970 239 107 115
23.1875 -4.0000 1.1200 244 106 109
-19.8750 -7.5000 0.1470 173 147 156
14.5625 -8.5000 4.0650 96 140 234
-22.0000 9.0000 0.1550 195 83 183
21.2500 13.0000 0.1730 157 120 188
-12.4375 -21.0000 4.3350 96 139 250
-21.5625 -7.5000 0.0990 187 126 161
-4.8750 -3.5000 1.1310 241 97 107
-2.0000 18.5000 1.2670 232 194 61
17.8750 13.0000 1.0820 213 160 101
6.1250 -5.0000 1.1470 231 115 96
4.3750 20.0000 1.2640 221 187 75
0.7500 7.5000 6.0830 79 114 214
-14.3750 -20.5000 1.8950 169 235 176
24.1875 5.0000 1.1340 229 126 101
-21.8750 12.0000 3.0540 105 211 216
7.4375 25.0000 0.1540 178 124 172
-13.1250 -20.0000 2.9510 126 209 245
6.5625 7.0000 4.1410 104 139 239
-4.2500 -9.5000 2.1370 158 214 202
-1.6250 -20.5000 5.7590 69 145 190
-13.8750 -19.0000 1.1520 239 110 113
13.0000 6.0000 1.0700 246 92 124
18.5000 17.5000 0.3190 193 137 157
-14.9375 -12.0000 4.4660 85 151 244
-21.8750 -17.5000 1.7880 158 254 141
11.6250 6.0000 1.1250 244 106 111
21.4375 -5.0000 2.3920 142 217 245
1.9375 6.5000 6.2010 85 94 198
-19.3750 0.0000 0.1560 190 102 154
14.6250 -11.0000 3.8030 113 134 254
11.9375 -12.5000 3.6160 106 153 254
19.8750 14.0000 0.1500 166 113 204
24.4375 -1.0000 0.9960 239 65 124
7.7500 16.0000 1.3060 215 166 75
3.8750 12.0000 1.2350 243 133 81
11.1875 -10.5000 1.0520 236 95 122
15.3125 -8.5000 4.1200 91 143 254
-12.6875 -9.0000 1.2860 223 162 81
-11.5000 -5.0000 1.1120 236 105 89
-4.4375 -24.0000 5.3350 104 124 196
0.4375 -21.5000 1.5600 211 216 87
15.9375 4.0000 1.5030 188 200 126
5.6250 11.5000 1.1930 241 116 84
-23.9375 6.5000 0.1270 190 114 180
5.4375 -2.0000 4.0670 103 134 249
15.5000 24.0000 0.2440 168 165 155
16.0625 9.0000 1.0130 242 89 126
-11.7500 6.5000 1.6560 205 177 91
-19.5000 -14.5000 0.6410 207 162 111
1.4375 -3.0000 3.1100 123 169 254
18.3750 11.0000 0.8440 214 113 117
-8.5000 -20.0000 4.2240 108 136 248
0.4375 -4.0000 1.1480 237 101 90
25.7500 10.0000 0.1610 168 123 147
-14.5000 -7.5000 1.3130 220 176 85
-2.7500 20.0000 1.1350 242 182 77
9.3125 -23.0000 5.3380 94 95 223
-19.9375 -20.5000 1.9830 155 254 162
-5.6250 -11.0000 3.7990 119 142 252
16.0625 3.5000 1.7280 168 208 169
-9.8750 8.0000 1.5090 210 176 77
3.6250 24.5000 0.1370 181 94 150
16.8125 -7.5000 4.4280 85 152 231
-12.4375 -15.5000 5.4380 81 103 221
15.1250 12.5000 1.1510 228 144 109
-2.6250 -2.0000 1.1370 239 99 129
6.0625 -1.5000 4.1530 100 131 245
4.9375 -16.0000 2.3450 150 215 213
7.0625 3.0000 4.4400 88 126 236
5.8750 -4.5000 1.2140 222 129 94
-8.1875 11.0000 1.3640 235 177 47
-16.7500 15.5000 0.1300 180 134 140
-3.3750 -6.0000 1.0980 237 88 132
-22.3125 -23.5000 0.1670 181 115 158
-24.0625 -7.5000 0.1540 176 145 140
5.4375 18.5000 3.2350 127 190 250
-12.9375 6.0000 1.7280 201 179 106
-4.0625 25.5000 0.0280 184 102 127
13.8750 -3.0000 4.4930 93 132 245
6.9375 7.0000 4.1050 105 140 239
-18.0000 16.0000 0.1290 169 127 135
-20.0625 -14.5000 2.7440 114 254 193
-5.9375 -7.5000 1.3150 213 153 100
3.5625 -22.0000 3.7200 112 149 242
-18.8750 19.5000 0.1640 174 97 175
-16.8125 -20.0000 1.1380 239 133 100
-15.8125 -8.0000 1.1320 233 141 100
7.8750 -20.0000 5.1260 79 111 231
-2.5625 -16.0000 6.9950 78 76 190
-18.3750 -14.0000 3.9940 97 176 234
9.8750 -0.5000 4.6140 71 134 244
-5.6250 1.5000 1.2130 245 88 74
-17.6250 21.0000 0.1990 174 99 172
18.0000 -5.0000 4.2900 89 142 247
0.1250 -6.0000 1.1100 241 95 109
-4.5625 11.5000 6.2100 74 124 179
7.8125 -17.5000 1.2950 221 153 86
-15.3750 5.5000 1.9610 180 204 135
15.7500 -13.5000 2.1770 150 222 227
-15.2500 24.5000 0.2040 175 124 171
-13.6875 9.0000 2.1170 170 218 142
10.3125 -5.0000 4.2290 100 135 236
4.4375 -1.5000 4.0610 109 125 224
-20.2500 8.5000 0.1290 200 78 174
-19.6875 -21.5000 2.3060 148 244 204
-9.8750 13.0000 1.1450 234 147 95
7.3125 1.0000 4.6080 88 121 228
-17.8750 22.0000 0.8630 233 135 104
0.9375 -18.0000 6.8780 72 100 195
-5.1875 19.5000 0.6550 215 176 104
-18.3125 -23.5000 1.0410 229 115 99
-18.1250 8.0000 3.0230 114 206 208
16.3750 -9.0000 4.1770 83 145 254
-15.7500 23.5000 0.1750 178 123 175
-9.6250 24.0000 0.1500 170 142 138
-23.0625 5.5000 0.1400 176 104 165
-9.1875 -4.5000 1.0550 254 81 135
6.3750 18.5000 1.2240 229 160 65
2.7500 -9.5000 1.0510 238 76 129
-10.9375 26.0000 0.1460 168 137 133
-1.8125 -20.0000 5.7950 70 143 189
16.5000 -23.0000 0.9390 240 68 159
-21.3125 -9.0000 0.3540 199 156 135
15.7500 1.0000 4.0160 102 143 254
-11.0625 -14.0000 5.8260 74 101 212
-9.1250 -14.5000 6.0030 79 95 221
-17.6250 -10.0000 3.7710 96 188 232
-22.0000 -6.0000 0.1290 184 133 166
-9.2500 -8.0000 4.9850 89 120 252
-4.2500 -15.0000 4.5310 100 123 230
15.4375 25.5000 0.5620 189 200 94
-17.0000 -12.0000 4.0800 88 178 224
-15.1875 23.5000 5.1620 73 203 179
-18.7500 9.0000 3.0260 116 204 211
-2.1875 -3.5000 1.1110 248 93 120
-19.3125 17.0000 0.1350 163 125 160
24.3750 -3.0000 1.0590 237 81 124
2.1250 -5.0000 1.1230 228 106 115
4.6250 -3.0000 1.2750 224 148 83
17.3750 14.5000 1.0760 219 185 73
-7.0625 0.0000 1.1990 247 103 95
-20.8750 26.0000 5.2010 94 152 207
-16.5000 -10.0000 4.0040 105 163 239
19.6875 -9.0000 1.0750 246 98 125
7.5625 -19.0000 3.8770 103 130 250
-9.6250 23.0000 0.1280 173 130 130
-1.2500 2.5000 5.2230 93 109 213
1.2500 -13.5000 6.1580 77 120 209
-9.5000 -21.5000 4.2810 106 135 253
9.1875 -5.0000 4.0740 103 135 232
10.8750 -3.5000 4.4270 82 132 237
-23.6875 22.0000 1.7710 181 217 146
21.2500 -14.0000 4.0520 88 142 254
-24.0625 19.5000 1.8930 174 219 142
-23.2500 12.5000 0.1530 177 105 165
16.7500 -15.5000 1.0120 242 87 140
3.5625 -16.0000 6.2620 79 121 205
18.6875 -23.5000 0.9760 228 64 155
-21.0625 6.5000 0.0860 177 84 165
-0.0625 -3.0000 1.1500 234 96 93
21.6875 -17.0000 1.0730 234 93 131
-16.0000 10.5000 2.0380 161 237 125
-1.1875 -16.5000 6.8470 81 106 184
1.0625 3.0000 5.6800 79 114 216
22.9375 -8.5000 1.1110 234 101 102
20.6875 -23.5000 0.9270 228 47 162
10.0625 -10.0000 1.0470 240 95 111
15.8750 15.5000 0.2920 185 128 173
-16.5000 5.0000 1.3010 217 161 58
12.5625 10.0000 1.0110 254 88 139
2.2500 -23.5000 3.7010 127 149 223
-10.1250 -3.5000 1.0360 248 74 130
6.5625 15.0000 5.3830 82 125 229
-9.5000 -11.5000 5.5100 81 116 222
24.4375 3.5000 1.0570 235 98 104
22.5625 -8.5000 1.1070 235 100 103
-23.3125 -15.0000 0.1260 171 133 146
-21.0625 -10.5000 0.3270 195 154 130
-4.8125 26.0000 0.1300 184 123 122
15.2500 2.5000 1.1710 235 114 104
25.0625 -4.0000 1.1030 232 93 111
11.1875 14.5000 2.4400 137 223 234
-14.5625 18.5000 0.1450 187 150 133
-4.8750 -8.5000 1.1800 241 110 91
22.3750 19.0000 0.9610 206 228 66
-5.9375 16.0000 1.1620 228 158 73
21.3125 22.0000 0.1420 180 130 154
14.4375 -20.0000 0.9600 233 73 138
-22.6875 -6.5000 0.1300 180 138 162
4.2500 -14.5000 2.7880 132 211 247
-2.0000 -2.0000 1.1540 242 103 113
17.8750 -4.0000 4.2300 98 142 254
-23.6875 -17.5000 0.1370 165 150 146
0.0000 5.0000 5.9780 88 97 210
1.5000 4.5000 6.1580 87 91 197
19.7500 -2.5000 3.9930 100 143 254
22.8125 -0.5000 0.9970 254 80 127
-5.3125 0.5000 1.1650 247 90 98
-10.2500 16.5000 0.1540 192 104 136
11.2500 -6.5000 4.0770 98 140 239
-21.3125 17.0000 3.0330 117 237 216
21.9375 13.0000 0.1310 157 116 187
22.0000 -9.5000 1.2250 223 139 89
1.1875 -20.5000 3.1120 146 196 236
-2.3125 -22.0000 5.6260 74 150 195
7.3750 11.5000 1.2340 242 129 70
-22.2500 -7.0000 0.1270 184 134 160
4.3125 23.5000 0.1240 184 87 153
10.0625 9.0000 1.1190 248 100 88
-13.5625 -4.0000 1.1280 240 122 94
-13.0625 9.0000 1.8450 185 220 110
-6.9375 22.5000 0.1260 192 116 140
22.7500 -13.5000 4.3540 84 146 244
-6.5625 -10.5000 4.9770 84 122 247
22.2500 -16.5000 4.7230 77 110 254
2.0000 -16.0000 6.4180 84 106 188
7.8125 14.0000 1.1730 236 116 77
-8.3750 13.5000 1.2820 228 175 92
6.0625 -11.0000 1.0200 238 92 162
-22.5625 -16.0000 0.1690 177 138 148
4.1250 -19.5000 3.9070 113 140 244
14.0625 -21.5000 1.1660 230 132 107
-22.8750 22.5000 1.5390 200 202 103
17.2500 6.0000 1.5010 184 209 122
-4.1875 21.5000 0.1740 190 97 162
17.1875 16.0000 0.4740 195 155 152
10.8750 20.0000 0.6240 205 148 122
2.1250 10.0000 5.3400 99 107 209
-5.0000 4.0000 5.0320 104 94 230
-20.0625 -8.5000 0.3050 192 153 130
0.8750 -7.0000 1.0810 244 90 107
-13.1250 20.5000 0.1690 187 140 138
5.9375 18.5000 3.2290 127 195 249
-11.4375 18.5000 0.1280 191 131 156
-13.7500 2.0000 1.3140 231 145 62
21.3125 -7.5000 1.0900 232 94 119
3.8750 -3.0000 1.4870 202 184 99
-9.6875 -23.0000 4.2270 118 125 234
-17.3125 0.0000 1.7200 169 242 118
-20.6875 8.0000 0.1550 200 81 174
20.1250 -9.5000 1.0850 245 100 121
11.5625 -19.5000 0.9990 240 89 153
-21.1875 -2.0000 0.1440 181 126 153
-23.3750 4.5000 0.1340 181 115 170
8.7500 -7.0000 1.2920 208 166 89
25.6250 -19.5000 5.8620 76 104 224
12.5000 -11.5000 3.6440 105 153 254
-0.6250 2.5000 5.3420 94 116 222
-2.6250 -10.5000 4.0920 106 129 243
-23.1875 -19.5000 0.1540 184 115 156
-3.8750 14.5000 1.9790 166 218 143
4.3125 22.0000 0.7570 223 168 91
-13.6875 -23.5000 4.1530 109 134 226
-15.3125 -8.5000 4.1420 97 160 243
-21.6875 23.0000 1.6080 197 232 95
24.9375 -8.0000 1.8420 170 189 148
14.3125 20.0000 0.4680 192 178 108
-10.4375 -12.5000 5.8420 76 118 202
13.0625 18.5000 0.4270 176 139 182
17.3125 10.0000 1.0860 227 117 111
-9.6250 -15.0000 5.8800 81 99 223
-6.8125 -6.0000 1.0490 238 68 121
22.7500 18.5000 0.9650 197 219 56
-10.8125 13.0000 0.7830 221 117 110
-6.0625 18.5000 0.8070 223 169 89
22.7500 -15.0000 4.5650 82 128 254
-20.0000 21.5000 1.1500 240 161 61
3.4375 7.5000 5.6820 84 110 210
-13.3750 -8.5000 1.1200 244 133 91
3.3125 -22.0000 3.6560 114 151 243
-17.8125 19.5000 0.1160 171 93 163
-18.4375 -12.0000 1.2900 217 219 71
24.3750 -17.5000 5.2900 87 103 239
22.9375 4.5000 1.0320 243 103 110
-0.9375 1.5000 1.2440 236 124 96
-0.5000 -14.5000 6.4390 80 111 203
-2.5625 14.0000 5.3290 80 135 208
-6.0000 7.0000 5.4260 91 109 213
5.5000 -7.5000 1.0690 230 103 132
25.6250 -14.5000 5.1290 92 112 211
-15.4375 -16.0000 1.2230 237 134 85
-6.1875 -13.0000 4.3820 100 137 239
-10.6875 14.0000 0.5300 206 145 132
13.6875 7.0000 1.0130 246 69 114
10.7500 -10.0000 1.0650 237 101 106
20.1875 10.0000 0.6470 201 77 135
10.4375 23.0000 1.0560 209 250 42
-13.1875 18.5000 0.1640 188 153 117
-12.6875 3.5000 1.4450 226 140 75
0.3125 1.5000 5.3510 89 116 219
5.5625 -18.5000 3.9080 108 127 252
2.8125 -16.5000 6.3670 76 116 203
4.6250 18.5000 1.1860 232 151 79
-1.7500 -7.5000 1.0820 239 68 122
-19.5625 20.0000 1.0870 241 168 33
-10.1875 8.0000 1.5360 208 174 75
19.3750 -7.5000 4.5410 75 141 249
3.7500 19.0000 1.8390 172 225 132
14.9375 6.5000 0.9940 241 85 150
20.6250 1.5000 0.9940 248 70 120
-21.2500 -0.5000 0.1560 193 129 151
8.4375 3.5000 4.2910 87 133 232
10.9375 -7.5000 3.9330 103 135 252
19.8750 -17.0000 4.2040 88 125 254
1.9375 2.5000 5.7660 79 111 207
-18.1875 6.0000 0.2650 194 57 148
25.1250 4.5000 1.1390 224 119 96
-11.3750 -10.0000 5.5130 76 125 231
14.3125 17.5000 0.1620 170 114 181
-20.0625 -23.0000 0.3360 201 69 166
12.4375 19.5000 0.6090 201 185 99
-12.8125 -18.5000 2.5560 142 212 246
13.1875 5.5000 1.8840 158 202 174
-13.2500 3.5000 1.4760 221 158 78
13.0000 8.5000 0.9680 254 71 131
-2.1250 16.0000 1.6270 188 220 82
-1.0000 15.0000 2.1190 148 226 172
1.3750 -17.5000 6.7720 76 102 191
-2.3750 -2.0000 1.1410 239 100 128
2.2500 2.0000 5.6910 77 97 213
-13.2500 -19.0000 2.2500 151 202 216
-2.5000 25.0000 0.1410 195 112 149
-19.7500 22.5000 4.5840 89 178 230
-8.8125 24.0000 0.1420 172 139 138
11.4375 -10.0000 1.0800 232 103 121
18.6250 9.0000 1.0710 235 106 112
0.4375 7.0000 6.2890 82 102 202
1.0625 -19.0000 7.0380 76 95 190
24.5625 -15.5000 5.0870 84 111 233
-20.8750 -5.5000 0.1220 184 132 168
-10.1250 -2.5000 1.0550 244 82 117
12.0000 -10.5000 3.6610 115 142 254
14.7500 -19.0000 0.9340 230 57 150
-15.6875 -14.0000 5.3350 83 122 222
2.6250 25.0000 0.1140 187 119 136
11.2500 14.5000 1.2680 222 142 85
-23.2500 -21.5000 0.1420 180 118 176
24.9375 5.5000 1.1330 221 127 104
8.7500 -19.0000 1.0760 242 89 115
-10.5000 18.0000 0.1540 192 131 139
1.8125 19.5000 4.5050 77 165 208
-14.0000 15.0000 0.1610 188 136 134
-11.8125 -12.5000 6.0080 67 126 209
-21.1875 -23.5000 0.1850 189 105 163
-19.8125 16.5000 0.1500 171 104 170
-9.4375 10.0000 1.4630 218 191 69
-22.2500 6.5000 0.1330 197 101 171
-3.3750 8.5000 6.1080 78 117 212
-15.3750 6.0000 1.9350 181 200 128
21.2500 5.0000 1.0520 242 93 99
-21.6250 4.5000 0.1490 185 94 158
12.4375 -15.5000 1.0220 245 85 127
23.0000 0.0000 0.9840 254 79 129
19.2500 2.0000 1.0680 254 98 113
-12.1250 -20.5000 4.5750 90 126 251
-17.8750 1.5000 1.2220 208 211 50
-9.6250 -1.0000 1.1300 254 78 95
1.7500 20.5000 2.3150 145 248 177
-16.5000 -22.5000 1.0950 236 106 89
15.1875 -10.5000 3.9190 99 146 254
8.1875 18.0000 1.2220 223 183 73
-23.8750 18.5000 1.8850 175 228 141
-15.1250 -5.0000 1.1910 231 147 98
13.2500 -1.0000 4.3830 89 137 248
-15.6875 13.5000 0.1530 187 140 142
-4.0625 12.5000 5.9460 82 126 173
-17.6250 -9.0000 1.7570 165 253 126
18.8125 18.0000 0.1930 186 110 173
-1.7500 -17.0000 7.0320 73 96 186
-6.1875 16.5000 1.0980 230 147 76
6.0000 -21.0000 3.6770 114 150 253
8.0625 3.0000 4.3520 90 125 229
-10.7500 -12.0000 5.8210 72 121 207
14.3125 11.5000 1.1030 245 108 127
17.2500 -8.5000 4.3560 80 135 254
-20.8750 -13.0000 0.3230 194 154 145
-0.8750 -22.5000 5.6570 82 124 196
1.5625 1.0000 5.4460 92 107 209
-3.8125 -3.5000 1.1300 240 97 129
-20.6875 -6.5000 0.0650 189 116 172
-12.5000 18.0000 0.1410 191 127 154
-5.0000 -1.5000 1.1340 251 86 100
-19.3125 6.5000 0.1550 184 72 158
22.0625 17.5000 0.9800 199 219 57
1.8125 -5.0000 1.1290 228 108 115
-7.7500 -10.5000 5.1300 87 122 237
-19.5625 17.5000 0.1490 178 108 179
-21.0625 17.0000 3.0070 118 239 216
-13.2500 8.0000 1.9040 190 191 106
-5.0000 -4.0000 1.1020 242 87 108
-17.0000 0.0000 1.8860 156 241 138
11.1875 6.0000 1.1530 234 100 82
-18.1875 24.5000 0.9970 227 154 90
-4.2500 20.0000 0.6770 212 180 102
1.6250 24.5000 0.1200 189 114 147
11.0625 -15.5000 1.0090 242 90 128
-10.7500 1.5000 1.2520 238 106 80
-1.6250 -5.5000 1.0940 235 86 133
19.1875 -10.5000 1.1080 239 102 122
21.8750 9.5000 0.3760 190 113 171
-15.1250 -7.0000 1.1640 237 146 88
-10.4375 -2.5000 1.0580 243 82 116
-10.2500 15.0000 0.4150 196 135 155
-14.2500 8.5000 2.0270 175 220 131
-9.5625 -5.0000 1.0350 250 82 140
19.6250 -14.5000 3.7420 98 135 254
-3.0625 -18.5000 5.8370 82 114 205
-0.1250 20.5000 1.3720 204 226 78
13.5625 4.0000 2.2440 146 215 226
19.8750 5.0000 1.6800 176 217 137
-9.2500 2.0000 1.2660 249 107 95
14.1875 8.0000 0.8840 249 59 136
-3.1250 21.5000 0.2180 191 122 173
-22.0625 -18.0000 1.8250 157 254 145
-8.3750 -17.5000 4.2740 105 127 244
-2.3125 -16.0000 6.9450 78 77 190
-0.6875 1.0000 5.0200 101 106 226
-22.9375 -21.5000 1.7080 167 249 123
3.2500 2.0000 4.4090 98 114 232
-19.6250 -21.5000 2.3570 146 244 208
1.7500 -18.5000 6.8990 78 99 187
-7.9375 0.5000 1.2110 244 106 88
-1.0000 -9.5000 1.1160 247 85 95
-12.5000 -11.0000 5.8880 67 134 212
-10.9375 -4.5000 1.0980 241 81 98
23.5000 -10.5000 4.4970 88 118 244
25.0625 -23.5000 0.8920 203 57 177
-10.3750 1.0000 1.2060 242 96 84
6.7500 -6.5000 1.8030 166 215 143
9.4375 9.5000 1.1530 247 100 86
-16.2500 -7.0000 1.1790 221 179 73
12.5625 4.5000 1.8250 159 194 163
-4.1875 -23.5000 5.3590 103 123 199
22.6250 -1.5000 1.0340 253 86 125
6.5000 -17.0000 1.1070 239 113 102
22.1875 -10.0000 3.7000 98 154 252
10.8750 -11.5000 1.0380 241 96 130
-4.2500 -11.5000 4.3020 107 138 228
10.0000 21.5000 1.1070 207 204 48
5.9375 -23.0000 5.8050 82 95 196
5.6250 -5.5000 1.1340 231 120 99
21.5000 -20.0000 0.9600 231 81 179
25.2500 -7.5000 1.7600 175 183 136
13.3125 3.0000 2.1580 146 219 214
-12.9375 23.5000 0.1000 181 131 138
0.2500 12.0000 5.2420 88 126 227
11.9375 23.0000 1.0470 219 237 48
-8.7500 23.5000 0.1290 174 132 137
-4.3125 20.5000 0.3480 195 142 132
-1.8125 21.0000 1.0930 239 181 76
-22.1875 18.5000 1.8860 172 244 130
-6.4375 -19.0000 5.2240 88 120 222
20.2500 6.5000 1.1370 230 125 100
-6.7500 -4.5000 1.0880 237 82 132
-7.1250 23.0000 0.1810 175 145 121
-21.0000 5.5000 0.1470 185 90 162
14.6875 -10.0000 3.9040 110 142 254
-8.9375 -17.0000 5.4420 82 112 226
18.5000 -13.5000 1.0820 239 102 132
11.8125 7.5000 1.0890 243 97 113
21.8125 -23.0000 0.9070 226 44 167
-3.1875 3.5000 5.1220 99 110 225
3.1250 -17.5000 4.0360 107 143 242
-20.5625 9.5000 0.1260 197 78 178
-7.0000 -23.5000 5.2510 96 101 209
7.8125 -9.0000 1.0550 247 99 130
-12.0000 -9.0000 5.4780 75 128 238
-6.3750 -4.5000 1.0770 239 80 130
-3.1875 9.0000 6.2660 76 113 212
14.8750 19.0000 0.1330 182 120 185
16.9375 2.0000 1.8880 163 215 182
-16.0625 -18.5000 5.0320 84 117 247
18.6250 -12.0000 1.1650 231 121 117
-21.8125 1.5000 0.1400 195 110 178
-8.6875 -21.5000 4.2660 105 137 251
16.3125 1.0000 3.9810 105 136 254
19.2500 7.5000 1.6150 183 218 119
-5.2500 -23.5000 5.3180 95 110 208
-8.0625 -20.0000 5.2580 85 118 228
0.6250 7.0000 6.3140 82 102 201
5.5625 -3.5000 3.9690 106 135 246
20.9375 -10.0000 3.4840 107 161 249
-16.0000 -9.0000 3.9920 102 162 248
-20.9375 -0.5000 0.1300 194 124 153
-18.1875 3.0000 0.1540 195 69 159
9.5625 11.5000 2.8360 126 196 248
-22.0000 22.0000 1.5020 211 210 86
-6.5000 9.0000 5.7960 90 117 200
-4.5625 -18.5000 4.8990 92 122 224
-9.3125 9.0000 1.3970 221 164 60
-17.1875 2.0000 0.4230 200 104 125
4.6875 19.0000 1.2200 228 160 77
15.3125 -19.0000 0.9630 228 83 163
19.3750 -20.5000 0.9000 243 61 183
-3.5625 -15.0000 5.1460 88 115 220
-13.9375 -21.5000 1.7030 187 226 135
14.2500 -8.5000 4.0380 110 133 240
15.6875 -14.5000 1.7430 164 220 172
-5.3125 -11.0000 4.2010 107 136 243
16.6875 13.0000 0.8400 220 114 130
-18.8750 14.5000 3.0510 108 231 200
7.0000 22.5000 0.1460 185 112 183
7.3750 8.5000 3.8160 110 136 245
14.5000 -16.0000 0.9670 234 60 137
4.4375 -8.0000 1.0700 230 92 122
18.8750 -15.0000 1.1110 236 109 122
-3.2500 11.0000 5.9980 77 129 198
19.0000 8.5000 1.0830 237 111 106
14.7500 -24.0000 3.1980 131 159 251
6.1875 -13.5000 1.0500 245 92 136
-20.8750 -19.0000 1.0310 235 189 81
14.3125 6.5000 1.0200 242 72 113
-19.6250 -9.5000 0.3280 193 122 126
-8.8750 -20.5000 4.2130 107 137 253
-16.3750 23.5000 0.8090 215 164 92
-21.9375 -4.5000 0.1720 187 142 167
-19.9375 -11.0000 0.2840 186 147 150
7.5625 -12.5000 1.0360 241 89 141
3.1875 18.5000 1.7140 182 227 119
16.9375 -19.0000 0.9510 240 59 144
-23.5000 -12.5000 0.1790 181 158 146
-6.6250 11.0000 1.3070 234 150 40
4.6875 15.5000 2.0170 161 213 185
3.9375 9.5000 5.2230 90 112 224
-10.3125 -13.5000 5.9460 79 108 197
0.6875 0.5000 5.1910 88 104 228
-5.1875 -3.5000 1.1290 242 97 107
6.6250 -3.5000 4.0120 102 135 246
-13.8125 -19.0000 2.9110 130 185 233
-11.8125 22.5000 0.1630 193 131 115
-11.4375 3.5000 1.4100 228 129 83
-15.6875 13.5000 0.1510 187 140 142
14.2500 -13.0000 3.4560 106 161 254
-5.7500 -4.5000 1.0960 241 82 113
-16.8750 0.0000 2.0040 149 244 151
24.5000 -13.0000 4.6830 94 125 226
3.5000 -3.0000 1.2030 234 133 88
-13.1250 -19.0000 2.3150 149 201 220
16.0625 13.0000 0.6900 220 94 189
25.6250 -4.0000 1.1170 230 97 109
-21.1250 -23.0000 1.6660 170 239 112
-20.0000 3.5000 0.1500 180 103 177
9.8125 -20.0000 2.0570 149 210 199
-2.3125 18.5000 1.2430 229 177 66
22.8750 -17.5000 5.0020 78 99 254
21.6875 -11.5000 3.7740 96 171 252
-12.8125 16.5000 0.1400 191 125 149
8.5000 -13.0000 1.0160 232 94 135
-7.3750 14.5000 1.1700 237 144 94
-8.4375 24.0000 0.1540 173 141 137
-2.6250 8.0000 6.2160 74 116 211
-15.8750 -16.0000 2.9360 138 180 251
16.3125 -3.0000 4.3250 99 144 245
-18.4375 6.5000 0.1820 190 49 149
16.3750 -23.5000 1.0000 234 84 152
19.3125 -15.0000 4.6640 79 117 254
20.3750 0.5000 1.0330 248 82 119
11.6875 7.0000 1.0880 239 91 100
-22.2500 3.0000 0.1230 192 105 194
-14.4375 10.0000 2.9810 113 195 221
14.1250 21.5000 0.5590 204 187 86
20.2500 1.0000 1.0290 250 81 119
2.7500 23.5000 0.3980 190 130 156
-11.5000 -23.5000 4.2160 111 128 219
17.8750 4.5000 1.1280 228 104 97
2.0625 0.5000 4.1140 105 133 226
1.4375 -21.5000 3.2830 139 187 237
8.1875 -7.0000 1.2300 218 152 99
-18.8125 25.0000 5.2790 77 168 222
12.4375 -21.0000 1.7630 169 230 168
-12.0625 3.5000 1.4340 225 133 87
23.0625 1.0000 1.0220 250 84 136
16.5625 26.0000 0.4980 176 200 109
-22.3125 -11.5000 0.2040 184 143 157
9.5000 10.5000 1.2610 232 132 84
-2.8750 12.0000 5.7220 79 129 202
24.5625 -11.5000 4.4580 93 119 232
7.3125 0.5000 4.5880 87 118 227
0.9375 -6.0000 1.0710 244 85 107
23.8750 -16.0000 4.9490 93 105 250
-0.8125 14.5000 4.8500 89 132 212
-22.8125 -22.5000 0.3420 191 118 168
1.3750 3.5000 5.8760 79 107 209
5.8750 19.0000 1.2530 223 165 71
-2.6250 13.5000 5.4300 81 134 203
-14.3125 -19.5000 2.6730 133 200 235
-13.6250 -3.0000 1.0850 242 129 98
-5.1875 10.5000 6.2800 73 126 179
5.3125 -13.5000 1.0590 241 75 127
-24.2500 20.0000 1.9780 169 216 152
12.1875 -21.0000 1.6180 179 219 139
14.8750 -4.5000 4.5680 100 123 224
-1.9375 -18.5000 7.3140 70 98 187
-11.0625 22.5000 0.1030 191 122 114
-15.3750 1.5000 1.4040 220 172 68
10.7500 -12.5000 1.0170 246 93 131
20.1875 15.5000 1.0080 211 224 72
3.9375 -20.0000 3.8390 113 146 243
-6.1875 4.5000 1.3450 235 139 79
-24.2500 14.5000 2.2570 152 254 157
9.8750 -9.0000 1.1100 237 112 103
18.6250 13.5000 1.0910 204 176 81
18.5000 13.0000 1.0910 216 168 95
9.8125 9.0000 1.1360 246 104 87
-9.8125 1.0000 1.2390 247 108 104
23.9375 3.0000 1.0250 246 90 126
5.9375 -23.0000 3.3640 130 139 235
-0.6875 -12.5000 4.3050 103 125 252
-9.6875 7.5000 1.4910 213 173 74
22.1875 1.5000 1.0250 252 88 125
-18.5000 -19.5000 3.1290 135 194 251
-7.1250 4.5000 1.3580 233 120 80
3.1250 7.5000 5.7500 84 109 207
5.1875 -10.5000 1.0520 241 95 160
-11.8750 17.0000 0.1650 195 129 149
9.1250 -19.5000 2.0530 156 210 211
10.1875 18.5000 0.6480 197 109 127
18.8750 8.0000 1.3540 207 191 91
17.1250 10.5000 1.0900 231 126 111
6.3750 -11.5000 1.0470 238 90 151
18.5000 -0.5000 1.2670 228 148 97
-10.5625 20.5000 0.1410 191 151 103
-21.5625 -12.0000 0.3210 194 155 152
12.9375 23.5000 0.5820 208 177 103
21.3750 7.5000 1.1340 227 134 87
-1.5625 14.5000 5.0580 83 132 209
-10.4375 9.0000 2.5650 143 217 199
-20.1250 -18.5000 1.0700 235 194 79
-21.4375 14.5000 2.0380 171 254 115
9.3750 17.0000 5.1040 65 185 214
2.8125 -16.0000 6.2920 82 119 205
4.1250 -9.0000 1.0300 241 74 126
12.4375 3.0000 4.0440 89 141 254
1.3125 -10.0000 1.0740 240 87 118
4.0625 -7.5000 1.0870 236 104 115
19.9375 22.0000 0.1510 194 147 132
17.3125 0.0000 3.9830 101 136 254
-10.8125 -17.5000 3.3500 125 150 254
-15.0000 -4.0000 1.1360 244 140 91
2.1250 20.0000 2.5180 137 244 191
2.2500 -9.0000 1.0830 242 98 134
15.8125 -1.0000 4.1490 97 140 254
-0.4375 -6.0000 1.1040 239 89 112
18.9375 -1.0000 2.0700 163 209 208
0.5000 13.0000 1.2390 244 127 66
22.3125 -22.5000 0.9020 236 53 172
11.2500 16.0000 5.5850 66 168 194
0.5625 18.5000 1.4070 205 198 65
-7.7500 -6.0000 1.0720 248 92 119
-6.5000 -17.5000 4.2290 109 129 237
-18.3125 7.5000 0.1620 192 51 143
19.8750 -7.0000 4.4320 75 146 254
1.8125 -2.0000 1.2260 226 130 90
-4.1875 14.0000 1.7590 182 213 105
14.1250 -13.5000 2.9170 114 183 254
5.6250 20.0000 1.1930 221 180 63
17.8125 13.5000 1.0720 213 165 88
-17.2500 7.5000 3.0170 115 203 196
14.8750 -22.0000 0.9950 235 71 127
-9.5000 5.5000 1.4850 226 157 77
14.3125 22.5000 0.5490 205 186 95
-13.1250 19.5000 0.1220 192 133 110
-1.8125 0.5000 1.2600 236 123 101
-12.5625 25.0000 0.1660 176 133 152
-10.7500 -16.5000 3.4770 127 123 254
7.6250 -12.5000 1.0060 242 82 145
6.1250 8.0000 5.1600 96 114 212
-10.0000 1.5000 1.2340 238 85 73
14.6875 -22.5000 0.9800 234 68 129
24.3750 -2.5000 1.0700 239 84 117
-23.1875 7.0000 0.1420 193 108 177
9.1875 -12.5000 1.0280 244 91 135
9.7500 4.5000 4.0620 93 131 246
6.9375 -20.0000 3.7520 111 148 253
1.6875 12.0000 4.9780 92 125 225
15.8750 -12.0000 3.8140 101 144 254
10.0625 -2.0000 4.5060 84 126 239
25.6875 -19.0000 5.8290 78 104 224
12.7500 -14.5000 0.9800 245 75 136
8.9375 -9.0000 1.0730 234 101 117
10.0000 -6.0000 4.0270 98 143 248
4.1875 -21.0000 3.7110 114 149 246
-1.0000 -2.5000 1.1720 239 110 113
-0.0625 19.0000 1.4930 198 221 76
-3.9375 -23.0000 5.4310 100 123 200
0.0625 -2.5000 1.1730 229 103 94
20.9375 -14.0000 4.0220 91 128 254
17.1875 13.5000 1.0870 221 176 76
-23.5000 21.5000 2.3090 154 230 206
24.2500 -7.5000 1.2240 215 138 96
1.1250 20.5000 1.2630 219 206 75
4.1875 13.0000 1.2130 240 127 88
23.3750 -11.0000 4.5320 86 119 243
14.0625 2.0000 4.0460 87 146 254
-1.2500 6.0000 5.9130 85 100 211
-17.4375 -17.5000 2.9960 129 200 250
24.1875 0.5000 0.9490 245 69 143
-5.7500 7.5000 5.5670 93 121 206
18.3750 -5.0000 4.2870 88 144 248
-23.0625 21.0000 2.4500 146 233 213
16.2500 3.5000 1.3100 217 156 106
-24.1250 -6.0000 0.1410 172 152 151
2.1250 18.0000 2.3040 146 236 199
2.0000 25.0000 0.1340 188 120 140
-15.6875 20.0000 0.1400 177 143 161
-21.0625 14.0000 2.0620 171 254 116
-5.4375 13.0000 1.3710 221 173 53
2.8750 24.0000 0.2080 185 96 160
16.8750 -5.5000 4.4890 83 152 239
-16.8125 13.5000 0.1260 184 108 152
-0.2500 1.0000 5.0930 97 108 225
-13.1250 -4.0000 1.1050 241 115 92
-18.1875 -18.0000 3.7290 112 162 254
-2.8750 -16.0000 5.3370 84 111 213
13.2500 7.5000 1.0040 252 79 125
22.5000 -12.5000 4.1440 84 160 253
16.3125 -7.0000 4.3960 85 155 238
-3.1250 10.5000 6.1610 77 127 194
23.1875 -9.0000 1.7060 170 220 136
5.6250 3.5000 4.5570 92 124 228
14.8125 21.0000 0.5160 196 193 114
-14.6875 14.5000 0.1430 190 133 142
-1.4375 -23.0000 5.5760 88 123 191
13.3750 1.5000 4.1370 84 144 253
-12.6250 -13.5000 5.7490 75 111 218
-21.5000 -7.5000 0.1880 186 157 146
-20.1875 10.5000 3.0950 104 206 209
6.0625 -3.0000 4.0090 105 134 248
-20.3125 15.5000 2.1290 156 249 136
-14.8125 -6.0000 1.1350 242 139 89
-5.1250 -10.0000 4.2090 94 135 253
-21.5000 -14.5000 0.1500 187 113 152
5.6875 -18.0000 3.9190 107 128 254
13.3125 -0.5000 4.3290 89 137 249
10.6875 16.0000 1.2110 216 161 70
25.0000 -17.5000 5.4350 89 99 229
-10.2500 25.0000 0.1690 174 144 130
-3.5625 -15.5000 5.1890 88 114 218
-7.8750 -16.5000 4.2170 108 114 248
-2.4375 -22.5000 5.5950 78 148 192
4.5625 -1.0000 4.0900 108 124 226
24.7500 -15.5000 5.0860 99 98 234
14.8750 -23.0000 1.9020 150 209 172
-13.3125 12.0000 0.3030 187 121 155
-11.3125 -5.5000 1.0760 241 97 87
21.6250 -6.5000 1.0950 236 96 93
-8.1250 -7.0000 1.0830 249 95 117
17.1875 -10.0000 4.2100 84 140 254
24.1250 0.0000 0.9710 246 77 131
-14.3750 2.0000 1.3490 229 159 62
15.9375 6.5000 1.4190 189 189 117
13.7500 -15.0000 0.9700 245 75 133
-20.6250 -8.5000 0.6710 229 192 85
20.7500 -1.5000 1.0690 245 92 125
-18.6875 2.5000 0.1460 193 73 160
-4.9375 -19.5000 5.7000 79 115 221
7.2500 -14.0000 1.0180 245 108 125
-1.8125 -14.5000 4.8460 87 124 223
16.1875 7.0000 1.3460 205 176 109
7.8125 2.5000 4.4000 88 127 230
-6.1875 -22.0000 5.4140 86 114 222
22.3750 8.5000 0.4650 203 98 179
1.8125 -2.5000 3.1170 131 153 251
6.5000 -5.5000 1.1870 228 135 94
-5.3750 20.0000 0.1970 191 108 146
-19.3125 24.0000 5.0340 77 175 229
11.2500 9.5000 1.0530 248 80 104
-10.0000 -1.5000 1.1420 240 76 89
-20.3125 -22.5000 2.0680 150 253 170
6.7500 -1.5000 4.2140 94 124 235
4.4375 -18.5000 3.9610 106 145 242
-14.4375 5.5000 1.8110 191 193 105
20.5000 -5.5000 4.2180 85 150 254
23.1250 8.5000 0.4310 199 97 177
23.6250 -23.0000 0.9280 227 63 165
8.5000 10.5000 1.2260 230 118 82
-8.8750 12.5000 2.0760 165 221 169
-15.7500 13.0000 0.1530 186 125 147
-12.5000 17.0000 0.1710 192 133 150
-6.0000 -8.5000 1.1850 240 113 94
7.6250 2.0000 4.4960 86 126 228
-16.8750 -20.0000 1.1260 241 131 102
-19.5000 11.5000 2.1080 161 254 142
16.7500 19.5000 0.1160 198 116 166
16.0625 11.0000 1.0680 236 118 117
-13.8750 25.0000 0.1560 174 126 165
19.7500 -23.5000 0.9490 227 64 167
-1.9375 8.5000 6.3040 73 113 210
-5.0625 23.5000 0.1890 197 136 141
-21.3125 16.5000 2.9280 121 243 213
-10.6250 -21.5000 4.4890 92 128 240
-16.0625 -5.5000 1.1740 225 166 104
4.7500 5.0000 4.4840 94 128 227
-13.0000 -14.0000 5.5420 82 108 222
7.5000 11.0000 3.3790 120 158 241
14.0625 -20.0000 0.9860 236 79 140
16.1250 14.5000 0.1750 179 108 218
12.2500 26.0000 0.2480 176 159 165
0.8125 14.5000 5.3700 81 120 222
-1.0625 -10.5000 1.1180 238 95 115
10.1250 -9.5000 1.0790 240 104 106
5.2500 0.0000 4.3050 107 114 219
0.1250 5.5000 6.0980 85 95 209
-7.3125 -21.5000 5.3430 84 119 220
20.2500 -7.5000 1.0830 233 86 118
-8.6250 -1.0000 1.1520 254 88 87
-16.5625 12.0000 2.1510 148 254 135
-4.5000 7.0000 5.6620 94 110 217
20.0000 -1.0000 1.1870 242 127 93
8.0625 -14.0000 1.0160 235 97 138
-8.7500 13.5000 1.2090 237 158 94
13.1250 11.0000 1.0320 254 90 140
13.2500 13.0000 1.1510 240 135 95
-10.7500 25.0000 0.1510 172 139 131
17.1250 -22.5000 0.9550 245 72 155
1.1250 16.5000 2.2570 147 242 187
14.1875 -20.5000 0.9880 237 80 136
8.3750 22.0000 0.1160 177 93 165
-3.5625 -4.0000 1.1010 242 89 130
-16.8750 6.5000 1.8920 175 204 105
-22.1875 18.5000 1.8360 176 242 121
-23.3125 -7.5000 0.1510 178 141 140
-23.5625 -8.0000 0.1500 178 144 138
-15.3750 22.5000 0.1280 177 121 164
-1.3750 -1.0000 1.1960 247 102 103
-8.1250 23.5000 0.1420 174 136 135
1.8750 -3.5000 3.0970 124 167 254
-14.8125 -20.5000 1.1960 244 136 96
6.1250 -5.5000 1.1330 231 120 108
-21.7500 13.0000 2.0610 175 254 124
7.8125 -3.0000 4.1730 99 127 235
-10.2500 -10.0000 5.3410 89 97 238
-11.9375 -1.5000 1.0690 249 67 98
-6.6875 -14.5000 4.2190 103 130 237
16.0000 -17.5000 0.9480 240 55 153
1.1250 -0.5000 3.9850 104 131 249
-11.0000 -0.5000 1.1300 247 80 90
-22.5000 -19.5000 1.7470 164 254 130
-11.0625 14.0000 0.2510 197 96 150
2.2500 -21.0000 3.4160 135 178 226
21.6250 17.5000 0.9860 196 219 61
-18.0625 -18.5000 3.4400 122 176 254
6.1875 19.0000 1.2410 225 164 66
3.9375 23.5000 0.2190 187 95 157
-16.8750 -14.0000 4.3120 95 159 221
-15.0625 -7.5000 1.1460 236 141 90
-12.0625 1.0000 1.2100 244 104 84
5.6250 22.5000 0.1490 170 102 154
-2.6875 8.0000 6.1880 75 116 211
-19.0625 15.0000 0.0590 173 120 174
-20.1875 17.5000 0.1500 186 98 191
-19.5000 -7.5000 0.1510 191 133 137
2.6875 1.5000 4.2820 103 121 232
-3.6875 -0.5000 1.2030 245 106 116
-21.5000 8.5000 0.1220 197 79 184
3.3125 19.5000 1.2120 224 180 79
-12.7500 -12.0000 5.8800 71 127 212
-20.6250 -12.0000 0.3010 192 149 153
-1.6875 15.0000 4.5760 92 135 213
-7.6250 -20.5000 4.2760 106 135 241
-22.1875 8.0000 0.1430 195 85 181
17.7500 1.5000 1.1490 235 111 94
16.1875 -16.0000 1.0250 241 88 140
20.6875 -6.0000 2.3450 142 215 223
-0.2500 -2.5000 1.1430 231 93 96
-19.7500 25.0000 5.1650 77 172 225
-12.6250 -3.0000 1.0670 251 79 103
-9.3750 -15.0000 3.7920 116 130 254
11.6875 -11.5000 3.6460 102 151 254
-8.1875 7.0000 1.4610 215 155 79
-18.6875 -2.5000 0.1440 180 104 154
-20.1250 -5.0000 0.1590 176 145 142
15.1250 -17.5000 0.9630 244 82 163
16.4375 22.0000 5.4560 55 245 156
7.0000 -19.5000 3.8170 106 129 248
-4.2500 13.0000 2.7360 142 200 205
19.0625 17.0000 0.3340 198 137 154
-21.3750 -22.5000 1.0130 242 150 100
-15.6250 26.0000 0.9050 208 172 80
6.8125 -0.5000 4.3400 91 124 236
-0.6875 -14.0000 6.4560 81 110 204
-18.3750 3.5000 0.1400 192 68 160
19.1875 -21.0000 0.8860 244 55 184
-17.1250 -13.5000 4.2260 96 160 225
10.6250 17.0000 0.8470 225 122 76
-0.3125 23.5000 0.1490 199 111 153
-4.6250 -8.0000 1.1020 236 82 108
15.5625 0.0000 4.0610 101 139 254
17.2500 -11.0000 4.0710 101 125 254
12.8125 7.0000 1.0400 251 104 130
-20.4375 4.0000 0.1430 180 102 182
-20.9375 20.0000 1.1780 246 176 54
2.3750 -2.0000 1.1820 233 111 101
4.4375 -16.0000 1.5690 197 203 105
-3.1875 22.0000 0.1520 190 111 180
22.7500 20.0000 0.9370 210 231 65
17.8750 1.0000 1.2130 227 134 103
22.5000 11.5000 0.1320 173 106 184
4.3750 -21.5000 3.6740 114 149 243
-7.3750 -19.5000 4.2030 118 129 219
25.1250 -21.0000 0.9810 224 73 152
3.0000 10.0000 5.1570 87 116 220
-7.1250 4.0000 1.3410 238 116 83
-6.4375 -19.0000 4.3380 106 130 233
16.7500 -5.0000 4.4640 92 147 234
0.0625 -6.5000 1.0670 244 79 110
10.6250 -9.5000 1.0870 238 107 102
6.6250 11.5000 1.2080 245 123 74
-19.9375 20.5000 1.1050 247 156 65
21.3125 -6.0000 2.3050 148 215 240
-19.7500 5.5000 0.1400 180 88 152
-3.8750 -12.0000 5.6450 81 131 211
-14.3125 -7.0000 1.3190 221 179 84
-7.3750 1.5000 1.2430 234 96 86
13.1250 -8.5000 3.9710 111 136 251
1.9375 13.0000 4.6830 106 112 221
21.1250 2.0000 0.9740 254 74 128
20.7500 4.5000 1.0310 243 89 104
1.7500 18.0000 2.0040 160 235 154
-10.0625 14.5000 0.7510 221 174 110
-7.3125 -18.0000 4.2090 108 127 233
-12.9375 -6.0000 1.1230 237 108 84
-11.4375 24.0000 0.0990 186 127 129
21.0000 20.5000 0.1370 178 124 162
-16.6875 -15.5000 1.1980 215 177 79
6.1875 -2.5000 4.0890 104 129 245
18.8125 -3.5000 4.1100 92 148 254
20.9375 6.0000 1.1120 239 129 104
-2.8750 -18.5000 5.8800 80 113 204
12.8750 -1.0000 4.3960 89 136 248
20.4375 -16.0000 1.0190 238 85 128
18.7500 13.5000 1.0820 205 176 79
13.8125 -4.5000 4.5690 96 128 235
-14.8750 25.5000 0.6270 193 159 111
0.1250 8.0000 6.0770 79 115 219
4.6250 -9.0000 1.0470 238 81 123
5.7500 18.0000 3.2420 125 174 254
-15.5625 1.0000 1.7050 175 208 122
7.5000 1.5000 4.5770 86 124 225
12.5625 19.5000 0.6050 202 185 98
12.6875 18.0000 5.4280 61 210 182
-17.5625 11.5000 2.0630 163 254 127
12.4375 -4.0000 4.4170 97 132 244
22.9375 -13.0000 4.2630 84 152 249
-9.1875 -18.0000 4.2460 107 129 246
-22.6250 22.5000 1.5190 205 218 86
17.8750 6.0000 1.6770 165 231 155
17.3125 -3.0000 4.1830 103 140 241
2.3125 6.0000 6.2120 82 106 197
-3.9375 10.0000 6.3230 87 111 183
24.1250 -8.0000 1.2250 217 140 94
-9.0625 14.0000 1.1310 242 145 97
3.1250 -13.0000 1.1200 239 103 124
-11.0000 15.5000 0.1650 188 105 154
-5.3125 -18.0000 4.4620 100 130 233
15.3750 -15.5000 0.9790 242 74 152
8.8750 -19.0000 1.0700 242 88 116
-4.1875 -3.0000 1.1100 236 92 110
19.3750 -22.0000 0.9300 243 61 171
-9.9375 -7.5000 1.1520 238 105 117
1.9375 18.5000 2.2160 151 241 172
-17.5000 -17.0000 3.1040 129 194 250
0.4375 24.0000 0.1370 202 107 150
-21.8125 -23.5000 1.1240 220 164 95
3.1875 -7.5000 1.0680 235 92 122
-19.7500 -8.5000 0.7660 225 198 71
-8.3125 8.5000 1.6600 197 197 87
2.7500 -1.5000 4.0020 107 132 245
9.2500 21.0000 1.1380 207 206 51
11.2500 -3.0000 4.5060 82 126 233
4.3125 -16.0000 6.1660 80 123 205
21.1875 8.0000 1.1270 228 133 88
16.9375 21.0000 0.1630 193 126 174
-9.2500 24.5000 0.1680 168 149 138
15.1250 -21.0000 0.9850 245 82 162
-1.0625 24.0000 0.1430 204 117 149
-16.8750 21.5000 0.1070 171 97 190
-18.0625 18.5000 0.1430 163 126 158
13.1250 7.0000 1.0370 251 104 130
-6.6250 -18.5000 5.2550 86 121 223
-21.9375 23.0000 1.5580 202 227 87
15.0000 -20.5000 0.9820 235 91 140
5.4375 22.0000 0.4040 184 111 157
-17.6875 -11.0000 3.8410 96 191 232
13.3750 -10.5000 1.8580 165 207 154
3.3750 19.0000 1.2810 216 189 79
-7.0625 -15.5000 4.1600 108 121 254
4.7500 -14.5000 1.2290 232 143 84
12.8750 -23.5000 3.2570 115 172 245
16.5625 9.0000 0.9940 242 89 129
0.2500 -19.0000 7.1200 76 93 192
23.9375 -10.5000 4.4910 90 117 241
-0.8750 -22.0000 5.7140 78 125 198
18.9375 7.5000 1.1810 226 144 98
19.3750 -6.5000 4.3700 76 150 254
-11.9375 -20.0000 4.1900 102 144 250
22.5625 -3.0000 1.0650 250 87 120
-22.2500 -15.5000 0.9030 219 227 105
2.4375 22.0000 1.9370 166 230 166
3.5625 6.5000 5.8900 83 93 210
11.7500 -7.5000 4.0320 103 137 251
-7.6875 -13.0000 3.9010 107 131 246
-19.7500 -23.0000 0.6460 225 75 137
-0.6875 -9.5000 1.0950 242 86 112
20.4375 16.5000 1.0430 211 243 73
16.6250 5.5000 1.4740 189 208 117
-3.9375 -10.0000 4.3660 106 119 249
-5.8750 -8.0000 1.7320 176 206 162
14.3125 -17.5000 0.9520 233 75 142
-3.1875 -12.5000 4.2250 103 138 242
16.5000 7.5000 1.3530 202 181 109
-14.1875 1.0000 1.2440 235 126 70
-6.7500 6.0000 5.0530 96 97 231
6.9375 10.0000 3.7500 118 144 237
12.8125 -17.0000 1.0020 234 82 138
-18.7500 -14.0000 1.1130 225 194 57
11.9375 -21.0000 1.3620 201 192 110
-2.2500 12.5000 5.5430 83 125 203
1.0625 21.0000 1.7990 167 244 121
-7.8750 -21.5000 5.2190 84 122 226
-18.8125 9.5000 3.0620 113 208 199
-0.8750 15.5000 1.3880 212 184 53
-19.8750 -11.5000 0.2190 183 136 154
-4.1250 -20.0000 5.6630 78 127 216
-11.7500 -19.0000 3.5540 118 147 254
-5.3125 18.5000 1.1080 226 154 78
-14.1250 4.5000 1.6670 200 180 81
-1.0000 -1.0000 1.2040 233 114 96
-2.7500 -21.0000 5.6540 71 151 200
10.6250 11.0000 1.0830 254 86 93
-15.8750 -21.5000 1.1170 248 111 104
21.8125 7.5000 1.1220 236 158 78
19.8125 -14.0000 4.3200 89 116 254
20.6250 18.0000 0.9960 211 238 82
10.6250 -19.5000 1.0680 241 102 139
14.3125 19.0000 5.4900 62 225 155
-12.8125 -10.5000 5.8350 66 132 216
9.6875 17.0000 5.0880 64 185 214
5.6875 -1.0000 4.1900 111 114 229
-1.8125 -13.0000 4.2840 97 136 233
-10.3750 -5.0000 1.0810 239 79 98
-2.9375 1.0000 1.2490 242 116 102
-5.2500 24.5000 0.1550 188 132 145
-9.1875 -20.0000 4.3420 106 133 248
14.8125 18.5000 0.1670 181 121 194
12.5000 -21.5000 3.2170 109 192 254
-22.3750 2.5000 0.1110 191 104 192
10.7500 14.0000 1.2300 231 130 82
-20.0000 -0.5000 0.1130 192 125 151
-18.7500 17.5000 0.1460 166 125 161
-9.9375 12.5000 1.1090 236 142 92
-19.3750 20.0000 1.0860 229 175 47
7.5000 12.5000 1.2140 238 120 79
20.0625 -19.5000 0.9520 243 73 172
-13.5625 18.0000 0.1300 191 143 115
4.5000 -20.0000 3.8110 115 145 240
-20.0625 22.0000 4.5540 86 171 218
2.0000 14.0000 2.3560 144 207 203
-6.3750 9.5000 5.8410 81 128 194
-0.1875 -11.5000 1.1210 242 97 115
-19.3750 10.5000 2.0970 163 239 146
-21.8750 -10.5000 0.6180 204 205 107
-16.6250 -16.0000 2.8610 133 194 236
-19.5625 12.5000 2.0850 161 254 132
15.9375 18.5000 0.2560 192 127 178
3.3750 -22.5000 3.6280 115 150 239
20.5000 18.5000 0.9610 226 249 67
-13.1875 11.0000 1.0270 228 142 41
-18.4375 1.5000 0.1730 193 80 147
-20.8750 24.0000 4.7970 88 164 229
21.6250 -21.5000 0.9180 239 55 170
12.1875 -14.5000 0.9600 241 70 143
-13.8125 -21.0000 1.4600 210 198 98
-16.3125 17.5000 0.1270 179 120 150
12.6875 -2.5000 4.5360 95 128 245
9.3750 14.5000 1.2490 225 140 84
-12.3125 12.0000 0.4740 200 98 162
6.1250 7.0000 4.1810 103 138 239
-20.6250 25.0000 5.0160 88 158 219
2.6875 22.0000 1.9790 164 231 170
-0.4375 15.5000 2.0430 154 227 163
-23.8125 -12.0000 0.1320 176 164 137
15.0625 16.5000 0.2230 174 117 180
-21.1875 -18.0000 1.8200 161 254 149
16.9375 -23.0000 0.9390 239 68 159
-16.0000 10.5000 2.0540 160 237 128
25.0625 -12.5000 4.5280 101 122 218
3.0625 0.5000 4.2060 108 122 233
11.0625 -1.5000 4.6650 85 119 231
-4.0000 2.5000 1.3260 238 135 72
-14.8750 5.5000 1.8740 186 198 117
-23.1875 16.0000 2.0030 167 254 128
-8.6875 -3.5000 1.0550 254 83 133
-17.5625 4.5000 0.2430 193 57 142
-7.6250 2.0000 1.2610 249 99 90
-18.7500 -19.0000 1.5600 190 212 120
9.3750 -20.5000 4.9330 84 108 254
13.3125 -8.5000 4.0100 109 136 249
7.3125 10.0000 3.7260 114 129 237
13.0625 11.5000 1.0610 252 97 137
-2.1875 14.0000 5.2090 81 134 210
19.1250 -10.0000 3.2000 112 173 254
5.3750 -13.5000 1.0560 235 81 128
-17.0000 -17.0000 3.2900 125 161 246
-22.6875 -20.5000 0.1820 183 117 184
5.7500 19.5000 1.2580 217 194 61
-6.2500 -17.5000 5.2560 84 122 224
-12.0000 -0.5000 1.0910 253 70 93
-7.1250 -4.5000 1.0990 240 80 123
7.4375 12.0000 2.2580 152 210 205
-2.5000 -19.5000 5.8070 72 129 215
-23.0000 -0.5000 0.1140 182 132 146
-9.6250 14.0000 1.0670 241 136 100
14.3125 23.0000 5.2460 54 242 181
-16.7500 -18.0000 1.1430 241 146 98
-5.1250 18.0000 1.1240 230 158 73
-5.3750 -5.5000 1.0850 238 80 109
11.9375 15.0000 1.1560 234 141 89
-9.2500 6.5000 1.4820 221 156 79
-9.6250 -15.5000 3.6680 120 132 254
-0.1875 21.5000 1.0960 224 202 80
18.3125 -11.0000 4.1410 97 128 254
6.3125 12.5000 1.1650 241 110 80
19.6250 -3.0000 4.0580 95 147 254
18.3125 8.0000 1.4420 195 199 103
-20.8125 7.5000 0.1260 199 79 172
17.0625 -12.0000 3.9560 99 137 254
-1.1875 24.0000 0.1680 204 123 147
-15.8750 2.5000 1.3900 217 169 72
-20.3750 14.5000 2.0140 172 254 106
5.0000 3.5000 4.6060 97 113 227
3.9375 5.0000 6.1920 79 90 203
8.7500 -10.5000 1.0680 236 105 125
-15.8125 8.5000 2.0490 170 220 135
10.3125 -16.5000 1.0230 240 92 127
13.6875 -6.0000 4.2970 100 128 237
-5.1875 3.0000 1.3160 233 122 79
-3.0000 3.0000 5.0270 96 111 228
-12.5625 3.0000 1.4330 227 136 85
20.7500 15.0000 0.1350 168 128 186
-10.8125 -2.0000 1.0700 241 69 118
-7.9375 -19.0000 4.3020 105 129 233
0.8750 19.0000 4.5190 77 165 211
-9.8750 17.5000 0.1520 182 115 142
22.8125 2.5000 1.0050 254 85 128
23.2500 5.5000 1.0700 241 115 104
11.6875 -10.5000 1.0930 230 106 118
16.3750 2.0000 1.7740 171 213 166
-19.6875 -4.0000 0.1470 187 111 146
17.4375 13.5000 1.0860 219 177 77
7.1875 -12.0000 1.0180 243 84 147
5.3125 6.5000 5.6160 95 104 200
4.1875 23.0000 0.2210 188 94 157
3.5000 16.0000 4.6700 93 126 228
20.6250 7.5000 1.1110 232 120 99
-11.4375 -16.0000 5.4740 80 104 218
23.3125 19.5000 0.9360 209 230 63
-10.1250 -11.5000 5.5800 81 118 214
-14.8125 26.0000 0.7970 198 170 84
18.6250 -1.0000 3.9960 101 140 254
3.3750 -16.5000 6.3660 74 116 200
1.2500 20.5000 1.2440 221 201 76
0.8125 23.0000 0.4760 211 145 128
-5.7500 -20.0000 5.5470 81 105 223
-1.8125 17.5000 2.1130 152 245 162
-7.8750 8.0000 1.5790 207 186 76
22.8750 -14.0000 4.4240 88 128 254
-13.1250 20.0000 0.1290 186 150 118
-13.5000 15.5000 0.1420 189 134 145
22.1250 2.5000 0.9780 254 77 137
-9.1250 -3.5000 1.0670 254 86 135
-18.8750 -10.0000 0.6080 216 142 122
-15.3750 -18.5000 1.2540 227 145 107
13.7500 -18.0000 0.9990 238 83 131
-10.3750 20.0000 0.1350 190 152 98
13.5625 -17.0000 0.9400 234 73 146
7.0625 4.5000 4.3460 89 133 243
8.5625 9.5000 2.0850 163 207 190
4.7500 -19.5000 3.8590 116 140 239
-1.3750 -24.0000 5.6020 93 120 183
3.4375 -8.5000 1.0440 237 76 131
4.9375 -1.0000 4.1350 108 122 223
18.5625 -19.0000 0.9770 236 60 132
-9.6875 13.5000 1.0880 238 136 102
-9.4375 -16.5000 4.1780 107 125 252
10.8125 -10.5000 1.0840 235 100 116
5.0000 -10.0000 1.0430 235 81 124
-6.6875 -21.5000 5.2760 89 118 229
8.0625 13.5000 1.1720 234 115 78
2.4375 8.0000 5.7810 82 96 215
9.6875 11.5000 1.1750 244 106 88
19.6875 -1.0000 1.9750 171 209 194
13.0000 2.0000 4.1170 84 144 254
-19.1875 -6.0000 0.1420 183 121 157
15.6250 13.5000 0.5980 206 115 178
-13.5000 8.5000 1.9490 180 211 117
17.1875 3.5000 1.1490 232 114 101
-12.8750 -21.0000 4.1590 104 145 247
2.2500 23.5000 0.4000 199 149 145
-23.0000 -7.0000 0.1450 178 137 142
1.1250 -3.5000 3.1000 122 173 254
10.3750 7.0000 1.1650 237 111 91
9.7500 -16.0000 1.0230 243 92 127
6.6250 19.5000 1.2100 225 188 54
25.5625 -5.5000 1.0950 233 95 103
-9.5000 1.0000 1.2070 252 98 103
-19.3750 -13.5000 0.6560 209 146 127
-24.0625 -1.0000 0.1210 168 142 140
14.7500 -0.5000 4.2020 102 137 254
-6.3750 0.0000 1.1950 245 99 99
-21.3125 23.5000 4.7070 90 166 231
-16.4375 -8.0000 3.8630 100 157 253
2.4375 -1.0000 1.2280 220 119 88
16.0000 8.0000 0.9550 246 78 136
7.7500 -22.0000 5.4110 78 106 220
-3.5625 19.5000 1.1470 236 179 82
-21.6875 -11.0000 0.3020 189 156 154
24.8125 -6.5000 1.1860 219 121 92
15.1875 3.0000 1.1590 235 108 107
6.3750 21.5000 0.3150 193 106 176
25.1875 10.5000 0.1250 165 121 149
-6.7500 -23.5000 5.2750 95 101 208
0.2500 21.0000 1.5630 184 241 94
-5.0625 -20.5000 5.6270 79 104 221
-11.7500 -18.0000 1.2600 236 134 84
-16.8125 16.5000 0.1340 184 142 128
12.8750 22.5000 0.5570 207 178 99
-19.5625 -7.5000 0.1640 190 135 135
-3.6875 -3.5000 1.1210 241 94 129
3.0625 13.0000 2.1940 152 199 199
9.6875 -9.5000 1.0750 240 102 109
7.8750 -20.0000 3.7810 108 144 249
-22.6875 23.5000 1.5850 194 220 100
-4.6250 -19.5000 5.6950 81 114 217
-0.6875 0.5000 1.2670 236 134 97
3.0625 -1.5000 4.0010 110 129 228
9.6875 12.0000 2.4700 137 210 233
21.7500 -2.0000 1.0820 246 99 129
17.7500 5.5000 1.7840 162 227 171
-11.0000 0.0000 1.1450 245 83 89
0.6250 12.0000 5.2130 87 126 228
24.3750 3.0000 1.0340 239 91 126
-13.6875 9.0000 2.0040 175 215 126
-15.6250 -22.5000 1.8170 178 227 153
-7.5000 8.5000 2.2650 157 211 171
20.6250 8.5000 1.1010 232 119 98
6.3125 -16.5000 1.0700 241 112 111
24.6875 7.0000 0.4230 189 91 160
-18.5625 -17.0000 1.1210 241 146 96
-12.3125 -14.5000 5.6160 77 103 217
19.8125 -11.5000 3.4620 97 180 254
-13.6875 -16.0000 5.2080 95 105 221
5.2500 -4.0000 1.1630 224 113 95
3.2500 22.5000 0.8620 230 183 80
-16.3750 -0.5000 2.0050 156 210 163
-21.6875 -6.0000 0.1670 184 147 160
8.8750 -20.0000 4.9030 85 106 235
23.0625 -17.0000 4.9220 81 99 254
-18.5000 -2.0000 0.1490 188 113 154
-9.5625 23.5000 0.1700 172 145 136
22.0625 -17.0000 4.7260 84 101 254
-9.8125 -15.0000 3.7660 118 128 254
-19.2500 5.5000 0.1530 183 56 151
-19.3750 -16.0000 2.9120 117 247 218
-2.3750 -12.5000 4.7680 88 125 237
-15.9375 9.0000 2.0600 168 217 137
-11.1250 21.0000 0.1300 191 148 111
-11.0625 -5.0000 1.0940 242 83 95
-15.4375 -14.5000 5.2510 83 117 229
6.6875 -22.0000 3.4850 118 153 254
-4.9375 4.0000 1.4060 225 140 85
13.0625 -5.0000 4.4190 103 121 233
6.6875 -22.0000 5.5510 77 106 221
13.4375 9.5000 0.9590 248 70 139
-8.2500 3.0000 1.2760 249 105 93
-0.6250 -14.0000 6.3810 76 97 213
23.8750 -6.5000 1.1320 233 110 87
-8.3750 5.5000 1.4000 237 142 62
-10.9375 14.5000 0.2500 195 97 148
-16.2500 12.0000 2.3170 137 254 165
23.1875 -15.0000 4.6250 82 126 254
0.3125 7.5000 6.2380 79 113 213
-21.3750 -11.5000 0.3270 193 157 153
-19.0625 -14.5000 0.9700 219 136 89
-0.2500 -15.5000 6.5650 77 115 199
-22.8125 4.0000 0.1340 186 110 165
0.8750 22.5000 0.7870 221 181 104
25.5000 25.5000 0.1870 167 166 60
-14.3125 -15.5000 5.2400 82 114 229
2.8750 25.0000 0.1350 187 120 135
-23.3125 15.5000 2.0160 167 254 130
22.0625 6.5000 1.1150 234 123 105
7.3125 2.0000 4.5130 86 126 231
6.5000 -19.0000 3.8490 107 130 252
-6.3125 25.0000 0.0920 163 148 144
6.6250 -4.0000 3.9700 103 135 243
-22.0000 15.5000 1.9880 165 254 115
7.9375 2.5000 4.4460 87 126 229
-13.4375 -17.0000 5.0530 94 121 234
-6.2500 -8.5000 2.8210 131 197 254
-9.5625 17.5000 0.1690 185 114 145
-17.8750 -8.5000 1.8930 155 254 143
24.2500 5.5000 1.1240 229 126 101
12.6875 -5.0000 4.3350 93 134 246
-18.8750 22.0000 0.8880 236 152 99
22.0625 -18.0000 1.0220 250 77 156
2.8750 16.0000 4.6310 95 126 229
5.0000 -23.0000 3.3620 129 139 238
24.5000 -10.0000 4.3850 97 116 236
13.1250 -4.0000 4.5020 94 131 243
17.0000 -7.0000 4.4240 83 154 233
1.5625 -24.0000 3.6090 132 150 217
6.3750 17.0000 3.1740 122 183 254
22.6250 -5.5000 1.1280 235 107 91
13.2500 -10.0000 1.0720 245 115 112
9.5625 -11.5000 1.0450 242 94 132
17.3750 11.5000 1.0870 227 126 114
-16.5000 1.5000 1.4640 196 187 73
14.8125 23.0000 5.4380 54 234 175
-15.6875 -6.5000 1.2690 224 169 91
7.1250 -10.5000 1.0400 246 93 137
0.2500 -22.0000 3.1450 144 189 237
11.8125 22.5000 0.9470 211 191 31
-8.0000 -18.0000 4.2170 106 130 240
-1.8750 -4.0000 1.0820 248 84 123
6.1875 2.5000 4.6320 88 122 234
-23.8125 -5.0000 0.1210 177 146 164
-18.1250 18.5000 0.1430 163 126 158
-21.3750 -5.5000 0.1520 183 142 164
-23.1250 -15.0000 0.1560 175 132 145
-9.0000 -5.0000 1.0420 245 89 133
-5.3125 21.5000 0.1160 185 87 145
17.0625 -10.5000 4.1310 98 123 254
9.4375 19.0000 0.2440 184 102 200
2.3125 1.5000 4.2480 103 116 228
23.1875 22.5000 0.1450 187 142 92
23.6875 -11.0000 4.5410 87 118 241
-20.6875 5.0000 0.1540 185 91 157
5.1250 9.5000 1.3350 222 151 77
12.7500 14.0000 1.1980 238 150 89
-13.4375 -22.0000 4.1730 102 137 245
-21.0000 -15.5000 2.1320 142 254 155
4.3125 -3.0000 1.5200 198 187 102
19.5625 -8.5000 1.0760 243 98 127
21.2500 1.5000 0.9820 254 76 125
10.3125 -22.0000 5.0970 83 109 250
-16.5625 -10.0000 3.9610 106 164 239
20.2500 -20.0000 0.9300 238 72 178
25.0625 -3.0000 1.1070 231 93 113
7.6875 3.5000 4.3160 92 124 232
-19.0625 7.5000 0.1480 190 57 147
16.7500 -20.5000 0.9290 248 72 167
7.3125 -4.0000 4.0200 102 133 238
14.8750 11.5000 1.1000 244 131 132
-12.0625 5.5000 1.5990 215 174 79
1.5625 12.0000 4.9780 92 125 225
-11.3125 -22.5000 4.3490 99 132 235
0.8750 17.0000 2.3430 143 244 196
-6.7500 -3.0000 1.1280 237 94 121
17.7500 -24.0000 0.9680 232 61 158
-11.3125 -13.0000 5.9370 72 123 207
22.8125 22.5000 0.0990 186 134 97
-18.1875 22.5000 0.8940 237 137 98
12.9375 -14.5000 1.0060 245 81 132
4.5625 4.0000 4.5710 95 116 232
7.9375 0.5000 4.6500 85 116 222
-14.6250 5.5000 1.8280 190 195 108
6.0000 -9.0000 1.0510 246 97 141
-4.3125 -1.0000 1.1750 245 94 97
2.4375 25.0000 0.1210 187 119 138
6.6250 -13.5000 1.0320 239 86 143
3.5000 25.0000 0.1540 179 99 148
-14.3750 16.0000 0.1570 192 137 150
-18.6250 -21.5000 1.0590 246 124 96
-21.4375 4.0000 0.1640 192 105 160
-3.0000 -14.5000 5.0750 87 117 224
0.0000 -14.0000 6.3060 76 117 201
16.9375 -20.0000 0.9490 245 78 167
-4.4375 -20.5000 5.6560 82 101 215
13.6875 24.0000 5.3780 52 241 180
19.9375 -9.0000 1.0580 247 96 128
-4.7500 14.0000 1.7010 188 214 98
-12.3125 -5.0000 1.1130 238 114 92
6.1250 -13.0000 1.0350 239 84 147
-22.2500 23.0000 1.5350 203 224 85
-7.4375 -7.5000 1.1150 237 94 113
1.8125 25.0000 0.1710 188 122 142
-21.5625 -10.0000 0.3300 195 155 134
11.8125 -17.0000 0.9950 235 78 124
-13.1875 24.0000 0.1830 181 137 153
3.0000 -12.5000 1.0970 243 94 131
18.5625 -5.5000 4.3400 83 151 252
15.3750 13.5000 0.7310 218 123 151
7.8750 13.5000 1.1750 235 115 77
-12.1875 -10.0000 5.6200 74 129 229
2.7500 -2.5000 3.1040 132 171 254
10.6875 -14.5000 1.0120 242 91 132
-10.6250 -2.0000 1.0670 240 69 119
17.6875 -12.5000 3.9470 101 135 254
-22.6875 10.5000 0.1490 180 104 162
-5.5625 -12.0000 4.8800 84 134 235
2.1250 16.5000 4.6040 97 120 220
8.5625 -10.0000 1.0600 236 88 119
-14.8750 -1.5000 1.0110 253 99 91
-20.3125 2.5000 0.1450 196 106 182
-11.0000 -22.5000 4.8060 89 109 235
18.3125 -1.5000 4.0010 101 144 254
11.0625 12.0000 1.1100 247 90 96
7.6875 10.0000 1.6320 185 179 110
-14.1250 10.0000 3.0310 112 189 221
19.6875 -8.5000 1.0680 243 97 129
14.5625 17.5000 0.1610 169 115 175
7.5625 -16.0000 1.0610 247 120 110
-22.9375 -13.0000 0.1780 187 152 145
-13.2500 6.5000 1.7790 198 183 91
20.9375 -0.5000 1.0480 248 95 109
7.1250 -2.0000 4.2180 102 124 239
-2.4375 -21.5000 5.6560 71 151 197
25.1250 8.5000 0.1300 161 87 167
-17.5625 8.5000 2.0870 162 243 143
2.1875 9.5000 5.4090 92 115 212
0.8125 18.5000 1.5670 191 212 84
-8.6250 -7.0000 1.1100 248 102 115
-3.8125 -15.0000 4.4050 103 132 235
8.8750 15.0000 1.2030 226 136 84
-0.5625 10.0000 5.8530 83 127 218
13.2500 1.0000 4.1870 96 132 244
-21.8750 0.5000 0.1650 188 134 151
9.5000 3.5000 4.1850 91 125 243
-10.3125 -7.0000 1.1390 236 104 103
-3.0000 5.5000 5.5530 87 111 229
1.0625 19.5000 1.7860 170 248 113
-6.9375 -6.0000 1.0250 248 76 137
14.9375 12.0000 1.0990 242 130 134
1.4375 11.0000 5.3160 85 126 220
25.3750 7.0000 1.1120 218 150 96
3.9375 -14.0000 1.0330 252 92 107
9.8750 5.5000 4.0150 96 133 253
-23.6250 2.0000 0.1160 175 128 174
-4.3750 10.0000 6.2480 86 113 189
5.6250 23.5000 0.1500 175 120 181
18.8125 13.5000 1.0860 205 176 79
-16.4375 1.5000 1.5500 185 191 87
-4.3750 12.0000 2.2000 163 217 171
5.9375 -3.5000 3.9740 105 135 247
-22.3750 16.5000 1.9940 163 254 137
-19.1250 23.5000 1.0070 231 148 88
13.6250 -5.0000 4.4760 103 120 230
5.7500 13.5000 1.2040 230 119 86
18.6875 -11.5000 4.1380 89 144 254
17.8125 3.0000 2.0760 146 231 214
5.1250 23.0000 0.1260 182 87 148
-23.1250 4.5000 0.1460 182 115 170
23.1250 -22.5000 0.9130 236 58 166
-10.4375 -22.0000 4.9550 94 113 228
3.4375 -7.5000 1.0710 237 98 121
-20.8125 19.5000 1.1260 249 166 59
0.4375 8.0000 6.0750 78 115 218
14.2500 23.5000 5.4190 53 238 178
13.6250 12.0000 1.1010 247 107 130
10.0000 21.5000 1.0930 207 202 49
-23.9375 -3.5000 0.1880 175 159 162
-20.6875 -6.0000 0.1470 187 141 162
12.1875 0.5000 4.3080 85 139 243
7.5000 3.0000 4.3940 88 127 234
15.0625 9.5000 0.9890 234 91 129
11.6875 4.0000 4.0480 100 117 232
-7.1875 3.5000 1.3160 243 106 92
4.3125 -0.5000 4.1910 105 123 230
16.9375 -13.5000 1.0730 234 92 131
17.1875 -23.5000 0.9710 232 62 161
-4.4375 -16.0000 4.4410 109 119 223
2.1875 14.0000 2.6270 142 184 230
-13.5625 -10.0000 1.1350 231 115 79
13.2500 -13.0000 3.6310 100 158 254
18.1250 12.0000 1.0720 218 149 94
-23.8125 18.5000 1.9270 172 231 146
-9.0625 -22.0000 4.9360 94 124 227
-23.2500 8.5000 0.1430 187 92 183
-18.1875 -8.0000 0.8550 222 171 106
19.8750 5.5000 1.6860 175 219 141
-7.0000 -7.5000 1.0770 245 88 105
-1.8750 10.0000 6.0560 79 127 213
20.3750 22.0000 0.1230 184 122 161
-15.3750 19.0000 0.1530 180 139 145
18.8750 12.0000 0.2380 167 85 208
4.5625 25.0000 0.1250 173 120 170
-17.0625 23.5000 0.8970 230 142 97
-20.6250 -4.0000 0.1490 185 128 150
18.9375 12.0000 0.3320 172 88 198
-9.3750 -17.5000 5.2640 85 114 233
0.0000 22.0000 0.7360 216 179 113
-23.0625 8.0000 0.1470 191 100 179
7.0000 15.0000 1.1940 233 122 81
7.5625 -18.5000 1.7260 183 196 135
25.2500 -1.0000 1.0140 234 70 120
-14.1875 6.5000 1.9330 188 193 115
-19.8750 20.5000 1.1070 247 156 65
1.8125 8.0000 5.8670 83 110 211
-12.1250 -5.5000 1.1420 237 113 83
15.8125 23.5000 0.8480 237 232 64
-12.2500 6.0000 1.6690 206 181 92
-19.0000 -20.5000 2.8000 132 220 254
22.8125 -15.0000 4.5450 82 128 254
-15.1250 -12.5000 4.4770 86 150 243
-5.3125 -8.0000 1.9560 166 215 193
19.3750 -3.5000 4.0730 93 149 254
-16.5000 -20.5000 1.1160 252 133 120
-6.6875 5.5000 1.4120 226 146 90
-18.4375 24.5000 5.2280 74 170 229
9.2500 -17.0000 1.0420 240 99 125
-3.5625 -12.0000 5.2320 87 115 230
24.6875 -17.0000 5.3060 89 100 238
21.8125 -15.0000 4.3680 87 131 254
-10.0000 -20.5000 4.2850 98 144 249
-4.9375 19.0000 1.0570 232 173 73
4.6250 25.0000 0.1480 174 122 170
-13.9375 8.5000 1.9810 178 216 123
2.0000 -21.5000 3.4160 134 179 229
-2.5000 -17.5000 7.2290 70 95 189
-6.0625 -20.5000 4.2550 111 140 253
-21.5000 -13.5000 0.3260 202 153 133
20.1875 4.0000 1.0250 246 81 106
7.4375 7.5000 4.0360 106 129 236
-20.8750 -5.0000 0.1480 181 142 163
1.7500 -10.0000 1.1000 234 94 118
6.9375 -14.5000 1.0590 247 116 117
11.5625 -14.5000 0.9780 245 93 139
-13.9375 1.5000 1.2740 235 133 60
4.5000 6.5000 5.7500 85 95 209
13.1250 23.5000 0.5410 204 175 112
22.1875 -20.5000 0.9430 243 63 164
-13.2500 18.0000 0.2120 193 151 107
-18.2500 -12.5000 1.2940 218 219 69
19.1250 -16.5000 1.0460 240 96 133
-4.1875 18.5000 1.1660 225 184 68
11.0000 23.5000 1.1420 201 254 39
-3.5000 -1.0000 1.1860 248 102 116
3.8125 22.0000 1.0310 230 203 75
21.1250 -16.5000 4.3680 97 104 249
-0.1875 15.5000 2.0320 154 228 162
-3.1875 23.0000 0.1300 202 110 166
-13.8125 8.0000 1.9450 181 211 115
-17.5625 4.5000 0.3030 197 65 140
-10.0625 -1.0000 1.1280 242 72 92
5.5625 4.0000 4.5160 88 124 240
13.5625 -23.0000 3.1930 114 175 250
20.6875 -23.0000 0.9150 230 44 166
19.4375 -2.5000 4.0170 99 143 254
-16.9375 22.5000 0.7870 226 132 114
-6.3750 1.5000 1.2720 237 104 81
8.2500 -8.5000 1.1010 237 121 124
-2.3750 -5.5000 1.0780 239 83 135
23.3125 -18.0000 5.1260 76 99 254
-17.3125 -24.0000 1.0520 230 97 93
-21.2500 -10.5000 0.3170 194 153 131
-6.6250 -7.5000 1.0890 244 96 108
-0.3750 -3.0000 1.1510 232 95 95
8.8125 -16.5000 1.0310 238 100 133
-13.0625 2.5000 1.4170 228 131 88
16.6250 -8.0000 4.3120 82 137 254
7.8125 18.5000 1.2080 223 183 72
-18.9375 -3.5000 0.1340 182 103 153
-21.9375 -2.0000 0.1500 185 135 137
-19.5625 -15.5000 2.9380 115 250 222
-10.6250 8.0000 1.6020 208 196 71
-15.5000 13.0000 0.1160 187 120 147
-22.8125 -8.0000 0.1460 181 141 138
7.4375 18.5000 1.2150 224 185 74
-17.4375 18.0000 0.1220 167 122 150
-9.3750 24.5000 0.1340 167 142 138
2.9375 -9.5000 1.0740 237 82 126
-2.3125 8.0000 6.2570 73 115 210
-11.6875 7.0000 1.6870 203 197 87
-14.0000 11.5000 0.6460 220 133 97
15.8750 -3.0000 4.3510 100 144 245
-5.1875 -14.0000 5.4150 85 113 228
-22.3125 17.5000 1.9980 161 254 140
-14.1875 26.0000 0.1500 170 124 169
18.6250 -4.5000 4.2250 89 144 254
-7.1875 -16.0000 4.1920 108 121 251
10.5000 -10.5000 1.0750 235 101 107
-22.6250 -3.5000 0.1480 177 130 153
-20.8750 -13.0000 0.2960 192 149 148
18.8125 -3.0000 4.0740 95 145 254
-20.3750 -5.5000 0.1280 184 136 163
17.5000 17.5000 0.2210 188 121 154
21.1250 -5.5000 4.2100 84 154 251
-23.5625 10.0000 0.1520 181 106 165
5.0625 13.5000 1.1790 246 119 89
7.5625 18.0000 1.1980 235 152 87
-3.6250 -13.0000 5.6380 85 107 218
22.8125 -21.0000 0.9410 245 63 159
10.4375 -16.0000 1.0110 243 90 127
-16.1250 -14.0000 4.4510 98 135 229
-1.9375 -2.0000 1.1620 241 105 112
-6.9375 13.5000 1.3340 224 169 71
-12.0625 7.0000 1.7350 205 197 105
11.0625 9.5000 1.0630 249 82 103
-3.0000 5.0000 5.4980 89 112 228
15.0000 -14.5000 1.0650 234 105 126
-16.0000 1.0000 1.5510 190 196 96
11.6250 11.0000 1.0640 254 93 137
-8.8125 3.5000 1.3300 240 117 100
7.4375 12.0000 1.2050 243 120 74
-4.7500 -2.0000 1.1380 244 99 114
8.7500 25.0000 0.1430 184 123 185
5.4375 -0.5000 4.2300 110 112 231
-23.1875 -17.0000 0.1530 171 146 147
-9.9375 -7.0000 1.1480 235 106 102
10.2500 8.5000 1.1150 249 99 85
-3.3750 -0.5000 1.2110 247 110 112
-5.5000 -9.0000 1.3110 226 157 90
15.0000 6.5000 0.9900 233 84 137
-17.6250 25.5000 1.0210 203 180 75
22.7500 1.0000 1.0250 250 84 137
21.6250 -21.0000 0.9200 240 56 170
0.5000 24.5000 0.1290 198 113 143
-13.5625 5.5000 1.7360 195 183 91
-15.5000 -18.0000 1.2430 228 141 110
-7.8750 -11.5000 5.3520 80 120 227
2.6875 13.0000 4.6900 98 124 231
9.4375 12.5000 1.3190 222 151 88
13.0625 8.0000 0.9820 254 74 127
1.5000 -18.0000 6.8170 75 102 191
20.6875 17.0000 1.0020 211 239 79
22.5000 6.5000 1.0990 236 121 105
-5.0000 -21.0000 5.6120 79 107 220
-7.2500 23.5000 0.1590 173 149 142
-6.0625 15.0000 1.2820 229 152 60
13.0000 -2.0000 4.5220 96 129 244
-2.8125 7.5000 6.0360 78 119 210
4.8750 2.5000 4.5890 96 106 227
-12.2500 -18.5000 1.2160 242 120 88
-4.0625 23.5000 0.1120 192 113 141
25.4375 7.5000 0.9110 219 128 103
-15.5625 -7.5000 1.1470 234 143 96
-9.0000 9.0000 1.4160 220 169 58
-6.5000 -21.5000 5.4140 85 114 225
-21.0625 -18.5000 1.8550 160 254 154
15.3125 -18.0000 0.9420 238 52 156
8.4375 7.5000 1.2100 231 113 82
-11.8125 -18.5000 5.0570 96 108 240
-6.2500 -6.5000 1.1180 238 89 105
7.6250 7.5000 4.0050 106 129 235
-20.1250 19.5000 1.1110 247 162 61
-22.4375 -18.0000 1.0360 227 198 83
-15.8125 -2.5000 1.1070 236 129 99
10.4375 -10.0000 1.0750 238 102 106
16.6250 0.0000 3.9830 100 139 254
6.2500 14.5000 1.1670 236 112 85
-0.1250 -13.5000 6.2150 73 102 218
13.3125 -0.5000 4.2980 90 137 250
19.5000 -14.0000 3.8290 98 130 254
1.8750 12.0000 4.8710 94 125 224
-13.1875 -14.0000 5.5900 83 113 214
-4.5625 -18.5000 5.1320 87 121 222
10.6875 24.0000 0.3010 196 120 159
4.5625 9.0000 5.2310 88 114 220
5.2500 -17.0000 1.1220 239 126 107
20.8750 15.5000 0.1870 168 110 172
24.7500 8.5000 0.1400 163 86 170
-19.0000 -13.0000 0.9090 226 151 92
14.6250 -22.0000 1.0100 235 74 124
12.1250 22.5000 0.5520 202 176 104
-0.7500 -15.0000 6.6190 81 111 196
16.0000 7.0000 1.4360 196 192 119
-10.3125 -23.5000 4.9690 99 111 215
9.3125 0.5000 4.5300 77 131 244
-20.7500 -16.0000 1.1950 224 242 72
-14.1250 20.0000 0.1230 184 132 145
-21.1875 25.0000 4.9720 90 159 221
-20.0625 25.5000 5.2410 78 170 222
19.8125 1.5000 1.0360 253 91 118
-1.0625 -2.5000 1.1430 241 102 115
-6.9375 8.0000 5.4210 89 105 204
-12.8125 -22.5000 4.2120 103 137 237
-5.4375 -16.0000 4.1890 105 128 238
-20.2500 9.5000 0.1500 193 77 174
15.3750 -3.5000 4.4220 100 143 241
-15.0625 -4.0000 1.1180 245 137 95
0.5625 21.5000 1.5130 186 234 92
9.7500 -17.0000 1.0360 236 86 121
13.2500 13.0000 1.1530 240 136 95
-4.0625 15.0000 1.8110 179 209 116
6.9375 10.0000 3.6320 123 149 238
21.0000 -20.0000 0.9510 241 82 177
23.6875 2.0000 0.9450 254 76 138
-0.4375 24.5000 0.1460 204 122 139
1.3125 9.5000 5.5450 87 112 224
12.3125 -21.0000 1.0910 238 106 127
16.8125 0.5000 3.9640 104 137 254
19.3125 -7.5000 4.5100 76 142 249
24.0625 -17.0000 5.1700 87 104 247
13.7500 -1.0000 4.3640 91 136 245
-7.8750 -23.0000 5.0730 99 103 214
22.1875 0.0000 0.9820 254 77 132
12.5000 23.5000 1.0210 223 233 48
8.8125 -1.0000 4.5240 84 117 241
12.5000 -7.5000 4.0540 103 138 249
17.5000 14.5000 0.1430 177 110 203
-1.7500 2.0000 5.0580 93 110 219
-7.3750 15.5000 1.1430 218 158 80
0.6250 -4.5000 1.1160 238 92 93
11.7500 -22.5000 4.9790 87 112 244
21.9375 -5.5000 2.0740 162 218 214
-8.7500 -14.5000 3.9510 110 127 254
4.4375 16.0000 1.1930 234 125 90
-20.8125 16.5000 0.1500 188 101 191
-14.7500 12.0000 0.2760 190 111 139
17.3125 3.0000 2.2870 137 216 225
11.6875 18.5000 0.6500 194 140 107
12.2500 7.0000 1.0500 249 103 133
-15.1875 -4.5000 1.2320 232 157 86
-23.6250 8.5000 0.1290 184 94 183
-22.0000 -22.0000 1.2820 215 210 79
-24.0000 10.0000 0.1370 180 106 167
-11.1875 16.0000 0.1430 188 104 153
6.0000 11.5000 1.2070 242 121 79
6.0000 4.0000 4.5000 87 126 241
-13.8125 2.5000 1.4000 223 165 70
-16.1875 -17.5000 1.1670 234 134 107
-20.1250 -14.5000 0.1540 188 111 148
25.0625 -0.5000 1.0060 232 82 129
-11.6250 -13.5000 5.7990 76 122 208
-10.6250 14.0000 0.4820 204 136 137
-14.5625 -18.0000 1.2290 233 135 106
7.4375 -22.0000 5.4550 77 107 221
13.7500 24.5000 0.5350 196 181 117
1.4375 8.0000 5.9470 80 112 214
11.1250 -3.0000 4.4940 81 128 235
18.6250 -14.5000 4.4620 87 115 254
-13.3125 -14.5000 5.4750 84 114 217
10.8125 -12.5000 1.0360 245 96 127
-11.4375 -4.0000 1.0600 252 79 101
4.4375 21.5000 1.0330 229 165 76
12.1875 -10.5000 3.6330 116 144 254
-8.6250 -14.5000 3.9830 108 127 254
-23.0000 -2.5000 0.1650 178 142 134
23.8750 9.5000 0.1320 166 104 169
19.1250 -12.5000 3.4540 98 179 254
-14.6875 3.0000 1.5410 206 189 93
14.1250 -2.0000 4.3550 107 130 239
-9.3750 -7.5000 1.1860 237 116 106
-14.1250 7.0000 1.8720 191 189 101
-4.5000 -20.5000 5.6680 80 102 216
15.0625 13.0000 1.1080 231 136 115
8.0000 -0.5000 4.4880 87 120 225
3.5000 8.0000 5.5590 84 110 215
-17.2500 -13.5000 4.2060 96 160 226
-6.5625 4.0000 1.3240 233 123 88
-20.0000 -15.0000 2.9150 113 254 198
25.0000 -2.0000 1.0540 237 79 116
21.2500 17.0000 1.0050 191 220 63
-23.8125 18.0000 1.9600 170 232 150
6.5625 16.5000 1.2820 231 168 81
0.1250 11.5000 5.3380 87 126 226
-1.8750 -11.5000 4.2910 100 138 241
19.2500 12.0000 0.1840 164 85 210
-14.8750 7.5000 1.9780 177 215 120
-20.5625 10.5000 3.1050 102 207 213
21.7500 -8.0000 1.0900 235 96 114
-23.5625 -16.5000 0.1390 169 147 148
-22.5000 6.0000 0.1470 179 99 165
-23.6875 -3.0000 0.1590 171 141 131
20.5000 -16.0000 1.0180 238 84 128
0.2500 24.0000 0.1450 201 109 150
-5.8125 -1.0000 1.1240 254 83 101
8.6250 1.5000 4.5180 88 115 230
1.0625 23.5000 0.2460 207 110 145
6.8125 3.5000 4.4410 91 123 235
-17.1250 -21.0000 1.0950 243 128 96
-22.1875 5.5000 0.1460 182 96 165
5.6250 9.0000 5.0680 96 125 209
-22.1875 11.0000 0.1480 176 102 169
-7.6250 -14.5000 5.6220 85 98 221
-8.0625 -9.0000 4.9990 84 118 252
-13.3125 -7.5000 1.2350 225 150 79
0.1875 -20.0000 7.3100 62 100 180
-18.3125 -8.5000 2.0210 150 254 157
19.3125 -9.0000 1.0930 244 101 122
-19.4375 0.0000 0.1210 190 101 152
22.8750 -1.5000 1.0370 253 86 124
-18.1875 21.5000 0.8320 225 148 89
12.6875 2.5000 4.0850 86 143 254
-13.1875 -20.0000 1.1840 243 123 99
23.6250 6.0000 1.1090 234 125 101
-3.1875 -1.0000 1.1800 252 101 113
1.1875 -17.0000 6.6750 77 104 191
3.5000 10.5000 5.0540 90 113 227
23.1875 -22.0000 0.9350 240 63 159
-1.5000 7.5000 6.2000 77 115 205
-8.1875 -6.5000 1.0780 250 94 117
11.6250 -6.0000 4.1630 91 145 235
-16.0000 -8.0000 1.1590 230 146 100
-16.0000 -0.5000 1.6230 183 202 109
-21.2500 -6.0000 0.1260 187 132 167
6.4375 -1.5000 4.2330 95 123 234
0.5000 -6.0000 1.0800 244 86 108
-9.9375 17.0000 0.1650 184 114 145
17.8750 -18.5000 0.9430 241 45 134
-1.6250 -24.0000 5.5590 94 121 183
16.0625 15.0000 0.1040 175 112 214
6.7500 -8.5000 1.0420 247 97 138
-1.7500 -5.5000 1.0840 237 84 134
10.8750 -16.5000 0.9910 235 74 131
0.0000 -6.5000 1.1080 242 94 108
-12.1250 7.0000 1.7000 208 194 99
-1.4375 -15.5000 6.7760 77 79 190
-19.0625 6.5000 0.1530 186 70 157
4.6250 -3.0000 3.9100 103 148 254
-17.1875 -11.5000 3.9500 92 184 229
17.5000 3.0000 2.2080 142 215 216
5.5625 -13.5000 1.0800 240 96 137
-21.3750 10.0000 0.1400 187 98 159
-5.4375 12.0000 2.1730 163 222 172
3.8750 9.5000 5.1770 90 113 224
14.5000 -14.0000 2.5310 125 209 249
22.8125 -13.0000 4.2920 84 151 248
-9.0625 -1.0000 1.1610 254 90 90
-22.0000 22.0000 1.4970 212 209 85
7.3125 14.5000 5.4550 79 126 227
12.3125 20.5000 1.3220 197 254 24
11.7500 13.0000 1.1240 235 112 113
0.6250 -17.0000 6.7690 75 102 194
-21.5000 2.0000 0.1750 197 118 179
-19.1250 7.0000 0.1360 187 67 157
-9.8750 -15.5000 3.6320 123 130 254
-15.7500 -13.0000 4.4080 91 147 239
11.9375 23.0000 1.0300 219 233 49
23.6250 22.5000 0.1120 187 139 88
1.1250 9.5000 5.5820 86 113 226
-11.3125 20.5000 0.1420 192 148 112
-2.5000 10.5000 6.0440 77 128 198
0.8125 -22.5000 3.2940 139 181 232
0.3750 11.0000 5.4650 84 126 222
7.0625 9.0000 1.6490 194 189 113
10.7500 -9.5000 1.1000 236 110 100
11.8750 11.0000 1.0310 254 88 140
-16.6250 -12.0000 4.1170 90 172 219
0.0625 9.5000 5.8040 81 131 217
-4.1250 -23.5000 5.4080 102 123 197
-22.3750 -22.5000 0.1650 187 112 172
5.5000 8.0000 5.2680 92 101 213
-10.1250 4.5000 1.4460 229 134 76
10.6875 18.0000 0.4010 180 99 165
21.5000 14.5000 0.1250 157 125 172
-18.8125 -15.5000 1.3000 207 213 81
-8.2500 -22.0000 5.1130 88 122 223
-14.0000 12.0000 0.3900 195 120 129
-2.8750 -6.0000 1.1030 239 90 129
22.3750 7.0000 1.1250 235 143 95
14.8125 1.0000 4.0590 102 139 254
-2.3750 -14.5000 5.8730 77 98 210
4.3125 -13.0000 1.0750 246 90 128
-2.6875 -3.5000 1.1350 246 100 121
-14.4375 -10.5000 4.3610 93 151 234
-0.6875 -22.5000 5.7030 81 124 195
-3.2500 22.0000 0.1590 191 113 179
-18.1875 11.5000 2.1080 161 254 139
-13.5000 4.5000 1.6150 200 168 94
20.6250 -10.5000 1.1030 237 94 118
-13.7500 -18.0000 1.2020 234 121 110
16.5625 -1.0000 4.1170 96 139 254
-18.6875 -7.5000 0.2870 191 138 135
-19.2500 10.0000 2.2450 151 240 162
9.9375 -15.5000 1.0250 245 93 127
-15.1875 0.0000 1.3660 219 178 77
-8.7500 -6.0000 1.0640 251 92 122
1.0000 13.5000 5.1570 85 119 224
-15.6875 0.5000 1.9280 159 211 154
-21.5000 -1.0000 0.1510 191 129 145
25.0000 -8.0000 4.1170 111 124 234
7.0625 15.5000 1.2970 216 149 86
7.0000 -17.0000 1.0430 243 103 108
-3.5625 -6.5000 1.1030 236 89 132
20.8750 -17.0000 1.0210 238 67 123
11.8750 14.0000 1.1930 231 146 98
1.9375 17.5000 1.5950 195 213 87
-11.8750 -17.0000 5.2450 95 103 238
18.4375 -9.0000 1.0780 242 97 131
-1.3750 -12.0000 4.2980 97 138 237
14.3750 -14.0000 1.0610 229 92 123
8.5000 -7.5000 1.1380 231 123 105
5.3750 12.5000 1.1980 242 122 93
-15.3125 -8.5000 1.1490 235 137 91
-9.1250 -16.5000 5.3510 84 113 235
14.2500 6.5000 1.0080 243 70 114
19.5625 -18.5000 0.9720 241 59 125
-17.5625 -13.0000 4.0570 87 183 222
-17.9375 14.5000 0.1490 184 121 164
-0.1875 10.0000 5.7510 82 130 219
-8.6875 5.0000 1.3970 239 140 62
5.9375 -17.0000 1.0860 240 111 108
2.0625 14.0000 4.6690 95 118 223
10.1250 0.5000 4.4690 75 133 245
0.6250 3.0000 5.6720 79 115 218
-20.8125 1.5000 0.1420 197 108 176
-10.1250 0.0000 1.1580 252 84 88
21.5000 -22.0000 0.9040 232 44 171
-11.7500 -15.0000 5.5760 76 105 219
17.9375 -17.0000 0.9930 232 77 144
-12.9375 -12.0000 5.8990 72 126 211
-7.9375 -11.0000 5.2680 83 125 233
4.8750 -19.5000 3.8120 118 140 240
24.3750 5.0000 1.1090 226 112 98
-9.3750 -15.5000 3.7580 116 131 254
11.6875 -22.0000 4.9460 86 112 250
-18.0000 24.0000 0.9800 233 151 87
0.8125 19.0000 1.4850 194 233 76
-6.0000 3.0000 1.2880 236 111 80
23.1875 -23.0000 0.8920 228 54 173
-12.5000 -18.0000 1.2340 238 124 92
20.9375 -14.0000 4.0610 90 127 254
10.1875 -7.5000 1.2680 224 154 83
-12.5000 25.0000 0.1350 175 125 157
21.4375 12.5000 0.1330 155 117 188
-4.0000 -16.0000 5.3150 84 102 213
-23.0000 -3.0000 0.1190 171 126 154
21.5000 -6.0000 2.2740 150 218 237
-4.9375 -15.0000 5.2060 85 117 231
5.6875 5.0000 4.3680 93 123 244
19.6875 13.5000 0.9910 209 165 80
-0.0625 23.0000 0.2890 204 119 144
-8.0000 7.5000 5.2890 88 123 193
-10.3750 -23.5000 4.2660 115 125 232
12.1250 -14.5000 0.9790 240 74 141
20.7500 -0.5000 1.0570 248 96 107
-5.5625 -11.5000 4.8810 85 133 234
-22.4375 2.5000 0.1500 192 114 188
21.6250 -16.5000 4.5830 81 111 254
11.3125 20.5000 0.6110 201 153 123
-21.1875 7.5000 0.1630 199 83 172
19.5000 13.0000 0.1420 163 114 198
-7.6250 9.5000 2.2480 155 219 171
-22.5625 -23.0000 1.0520 224 156 102
-20.1250 -8.5000 0.6710 226 193 85
15.6875 9.5000 1.0160 236 97 120
-15.1875 -9.0000 4.1360 96 163 245
-19.8750 -14.0000 0.2550 182 125 153
0.3125 9.0000 5.9110 81 114 225
-14.8125 7.5000 1.9830 178 215 121
-18.0000 -9.5000 1.9050 157 254 144
-0.4375 2.0000 5.2370 95 115 222
10.7500 9.0000 1.0710 249 89 91
-23.8125 16.5000 1.9870 168 251 131
12.5625 -23.5000 3.2980 117 166 241
-0.6250 -21.0000 5.7830 72 136 206
21.7500 9.5000 0.4160 192 116 165
-19.1875 5.5000 0.1440 183 56 150
-6.5625 23.5000 0.1200 186 120 159
13.6875 -13.0000 2.8920 121 195 254
21.7500 22.5000 0.1550 182 146 103
-14.5625 -19.5000 1.1710 233 110 108
-15.1875 -16.0000 1.2120 239 131 85
-17.9375 3.5000 0.2580 193 86 151
-13.7500 -1.5000 1.0170 247 93 110
-23.3125 16.5000 1.9710 169 254 124
-2.2500 -7.5000 1.0890 237 85 126
14.1250 20.5000 0.5600 199 185 99
-19.4375 22.5000 4.1070 95 196 230
-11.5000 25.5000 0.1180 175 136 135
9.3125 -4.5000 4.1630 101 135 234
-18.0000 -10.5000 3.7880 96 188 229
17.0625 -6.5000 4.5720 79 150 237
-21.3750 20.5000 1.2380 238 187 53
8.2500 -20.0000 5.0000 87 101 241
1.7500 22.5000 0.7970 216 185 100
10.7500 4.0000 4.0490 97 120 238
15.9375 -13.5000 2.1740 150 222 226
5.6875 19.5000 1.2530 216 177 58
-1.2500 12.5000 5.3900 90 125 197
9.5625 5.5000 4.0440 95 133 253
20.8750 4.5000 1.0470 242 92 103
-5.6875 -16.0000 4.1990 106 127 240
-21.7500 2.5000 0.1200 194 102 192
-7.8125 20.0000 0.1700 185 150 147
7.6875 -20.5000 3.6310 112 151 254
-21.1875 25.5000 5.0120 94 156 215
23.2500 -10.5000 1.8220 166 220 160
-1.2500 15.5000 4.5200 91 140 199
-7.6250 13.5000 1.2300 232 158 89
6.9375 -1.0000 4.3270 91 124 234
20.8125 -7.0000 2.2880 152 200 224
-13.7500 -4.5000 1.2580 225 164 90
-1.7500 -9.5000 1.0750 254 77 97
19.4375 7.0000 1.4520 199 209 115
-16.1250 -6.5000 1.1840 229 149 96
0.1250 -18.5000 7.0750 74 95 195
4.0625 8.5000 5.3590 85 112 222
-11.6875 -15.0000 5.6230 75 105 219
-6.6250 0.5000 1.2080 247 89 97
-14.9375 -0.5000 1.0750 254 107 84
-12.0000 -21.5000 4.5390 90 129 248
0.1875 -13.0000 6.1370 73 108 214
8.3750 -8.0000 1.1070 232 115 121
8.0625 1.5000 4.5100 92 119 221
1.0625 16.5000 2.3680 142 240 198
-8.6875 -1.5000 1.1420 254 84 90
-2.1875 18.0000 2.0680 154 244 158
-18.8750 8.0000 0.1400 191 55 149
-14.8750 -10.0000 4.2570 93 163 238
20.5000 11.5000 0.1250 161 86 198
6.2500 7.5000 5.2710 94 113 208
-14.5625 -19.5000 2.5280 137 204 233
19.2500 11.5000 0.2800 172 85 201
-15.5625 7.5000 2.0060 173 214 125
10.6250 15.5000 5.4720 66 166 201
-19.0000 -18.5000 1.5130 196 213 114
-17.6250 -6.5000 0.9900 231 182 73
25.6250 5.0000 1.1400 219 120 95
-19.6875 23.5000 4.8530 78 178 230
-17.0625 2.5000 0.5040 207 110 123
-2.6875 21.0000 0.5440 219 136 143
1.3750 3.0000 5.7480 78 112 212
-15.7500 18.5000 0.1580 184 140 141
18.3125 10.5000 1.0720 222 119 96
-23.5000 -4.0000 0.1460 178 148 168
21.5625 -14.0000 4.1370 84 142 254
-17.5000 3.5000 0.2260 194 78 152
-18.5000 23.0000 0.9390 237 141 92
-1.1250 -21.5000 5.6960 74 146 186
2.9375 8.0000 5.6150 86 108 212
4.5625 -22.5000 3.5930 117 147 233
-3.4375 -10.5000 4.3280 101 132 247
-18.5625 -14.5000 1.1800 215 187 79
-18.0000 -1.0000 0.1720 196 92 144
-24.0625 12.0000 0.1850 173 112 168
-17.7500 -7.5000 1.7040 168 254 126
7.3125 13.0000 1.1710 234 112 80
-1.0000 -12.0000 4.3080 98 135 233
-14.5000 8.0000 2.0280 176 220 130
-3.0625 11.0000 5.9880 77 129 198
-7.9375 -20.5000 5.3790 81 118 227
-22.6250 -18.5000 0.1780 182 117 153
3.5625 18.5000 1.7440 180 214 134
23.5000 8.0000 0.4330 198 101 172
18.8750 7.0000 1.3770 204 195 109
-6.9375 -2.0000 1.1560 236 105 127
-17.3125 20.0000 0.1640 173 97 162
-10.0625 20.0000 0.1660 183 155 146
-10.3750 -18.0000 5.1120 98 104 229
-19.1875 -16.5000 1.0930 227 165 98
17.6250 -8.5000 4.3930 79 141 254
-18.3125 21.5000 0.8280 236 146 108
-15.0625 9.0000 2.0430 171 222 135
-21.9375 22.0000 1.4860 213 208 83
2.9375 11.5000 5.4370 91 106 222
-17.0000 24.5000 0.9190 212 174 79
17.0625 7.0000 1.3930 192 192 109
23.8750 -7.5000 1.1210 227 109 103
16.1875 -23.0000 0.9680 240 75 155
-4.6875 15.0000 1.8130 177 215 121
24.3125 8.5000 0.1340 168 81 179
0.3750 19.0000 1.4510 197 230 74
13.5625 8.5000 0.9300 254 65 134
21.9375 -12.5000 4.0100 88 165 253
23.6250 -20.5000 0.9630 240 69 156
19.3125 2.0000 1.0380 254 91 118
-18.1875 3.5000 0.1330 193 67 160
13.5000 8.0000 0.9960 254 77 125
-4.0625 18.5000 1.1700 224 185 68
3.3125 23.0000 0.5230 199 147 142
11.9375 6.0000 1.1060 245 105 117
5.6875 2.0000 4.5830 98 104 229
25.6250 -10.0000 4.2210 103 121 230
13.9375 -15.5000 0.9930 246 81 128
-1.5625 25.5000 0.1370 197 125 133
-19.8750 3.0000 0.1340 193 103 180
-4.5625 7.5000 5.7300 94 117 201
17.1875 2.0000 1.4090 211 177 113
-11.6250 -8.0000 5.2620 83 126 241
11.0000 -6.0000 4.0960 98 139 241
14.3125 1.5000 4.0530 97 131 248
-15.8125 10.0000 2.0440 169 222 129
5.1250 -15.0000 1.2470 231 148 80
4.2500 18.0000 1.2570 234 153 74
8.8750 22.5000 0.1520 185 99 179
14.7500 13.0000 1.1330 228 140 113
-2.0000 -13.5000 4.3070 102 124 229
-11.3750 0.5000 1.1930 240 99 86
-21.6250 -6.5000 0.1420 186 138 163
10.3125 4.5000 4.0480 93 131 245
22.3750 -23.0000 0.9150 230 56 170
-22.8750 21.5000 1.5630 202 211 104
-9.7500 -6.0000 1.0940 244 100 126
25.5625 -17.0000 5.4550 92 97 225
9.5625 -4.0000 4.2180 87 138 240
8.1250 23.5000 0.1920 187 118 171
2.4375 17.5000 1.3450 214 187 69
2.1875 -17.0000 6.5620 86 117 185
-7.0625 8.0000 5.4980 88 104 204
-15.6875 2.0000 1.3830 220 170 67
24.6875 -19.5000 1.0200 241 71 141
-21.8750 -6.0000 0.1860 183 155 156
-20.6875 7.5000 0.1680 200 83 170
-4.8125 -12.0000 4.3900 98 138 235
-16.2500 -23.5000 1.1030 231 105 85
1.7500 1.5000 5.5810 91 106 207
23.6875 -1.0000 1.0100 250 82 125
13.6875 -4.0000 4.5640 93 130 240
20.0625 -22.0000 0.9200 242 62 172
-18.3125 3.0000 0.1420 194 69 160
-6.3125 -14.0000 4.3050 100 124 247
-23.3750 12.5000 0.2140 178 110 166
-18.8750 5.0000 0.1270 182 57 147
15.5625 -8.5000 4.1660 88 143 254
9.2500 16.5000 1.2170 218 183 61
19.6250 2.0000 1.0350 254 90 118
-11.7500 13.0000 0.3050 196 108 147
6.6250 3.5000 4.4710 91 123 235
23.6875 3.5000 1.0290 241 91 109
8.6250 -12.5000 1.0120 232 93 137
0.6250 23.5000 0.2170 205 109 149
-15.5625 -19.0000 1.1570 238 116 119
-23.5625 22.5000 1.5880 194 203 116
-12.3750 13.5000 0.1590 192 90 152
-1.3125 -12.0000 4.2870 98 138 237
21.6250 -14.0000 4.2300 80 140 254
5.9375 13.0000 1.1900 237 114 85
2.4375 -11.5000 1.0870 241 97 141
-20.7500 22.5000 1.3380 227 198 60
-16.2500 -11.0000 4.1380 94 165 249
-3.3125 -21.5000 5.6000 76 151 201
-16.6250 -17.5000 1.2570 225 158 106
-17.6250 -14.5000 2.4330 137 239 216
-22.3125 20.5000 2.4890 145 249 212
16.8750 -18.0000 0.9500 242 58 145
7.3750 -1.5000 4.2870 91 123 231
24.1250 6.0000 1.0430 233 112 109
8.6250 -3.0000 4.2770 83 140 237
24.6875 -2.0000 1.0630 239 82 116
8.4375 -19.5000 1.0850 242 87 105
-18.8750 -1.0000 0.1470 194 99 146
-22.0000 25.0000 4.8300 98 158 220
-7.6250 -9.0000 1.1890 241 114 96
-13.0625 -6.5000 1.1340 236 111 84
24.7500 4.5000 1.1150 227 113 97
-23.3750 14.5000 2.0060 171 252 112
2.9375 19.5000 2.2450 148 236 196
6.1875 -15.0000 1.0740 247 118 113
-4.2500 -13.5000 5.4100 90 119 218
3.7500 24.0000 0.1520 184 91 154
9.3125 20.5000 1.1340 209 205 49
1.5625 -17.0000 6.5910 81 110 194
-1.5625 -4.5000 1.0980 240 85 119
-5.1250 8.0000 5.6950 90 120 206
15.5625 -15.0000 1.0070 242 81 146
-4.5000 -15.5000 4.5730 97 124 232
-18.7500 -10.0000 0.6660 222 145 118
9.1875 22.5000 0.1220 186 96 179
19.1875 -8.0000 4.5710 84 113 252
-18.8125 -10.5000 0.6570 217 156 124
-10.5000 2.5000 1.3030 243 110 78
-14.1250 12.0000 0.1330 187 100 136
-4.9375 0.5000 1.2010 241 99 95
-17.1250 6.0000 1.0030 231 175 75
6.2500 12.0000 1.1940 243 117 81
-5.3750 -8.5000 1.1880 241 114 91
3.6875 -15.0000 6.1010 76 125 212
-20.3125 -14.0000 0.1520 177 113 156
-12.6875 11.5000 0.8260 230 119 97
-6.1250 10.5000 1.7360 188 200 93
7.1250 0.0000 4.4530 89 122 233
12.8750 2.0000 4.0800 85 145 254
17.0625 3.0000 2.2200 140 218 221
5.1875 9.0000 5.0990 95 126 210
1.6875 -22.5000 3.4380 132 160 237
-8.2500 -22.0000 5.1090 88 122 223
6.2500 -16.5000 1.0940 241 114 107
-19.6875 -19.0000 1.0670 241 152 87
21.6875 19.5000 0.9740 203 230 72
18.6875 18.5000 0.1370 189 112 161
20.6875 -15.0000 4.1520 90 122 254
-7.0000 -4.0000 1.0860 242 77 122
13.6875 26.0000 1.0080 201 238 47
15.8750 -15.0000 1.0150 243 84 143
11.1875 11.5000 1.0700 250 83 98
-22.8125 24.5000 4.5950 105 158 219
4.6875 11.5000 5.2580 88 108 224
13.6250 -21.5000 2.2090 139 241 234
20.8125 -19.0000 0.9760 240 77 168
15.7500 -23.0000 0.9940 238 84 151
-19.6250 0.0000 0.1490 203 124 144
-19.5000 22.0000 0.9230 243 128 91
-15.1875 -9.0000 4.1160 96 164 245
-10.3750 -16.5000 3.4690 129 123 252
19.5625 3.0000 1.0440 253 92 119
25.4375 -13.0000 4.5760 101 123 219
-10.6875 3.5000 1.4060 236 126 78
-12.8750 4.0000 1.5530 210 159 89
14.8125 19.5000 5.6220 59 240 142
1.2500 -17.0000 6.6740 77 104 191
-2.9375 2.5000 5.0560 95 111 226
23.6250 -11.0000 4.5330 87 119 241
-4.9375 11.5000 1.2840 239 149 40
-11.5000 -15.5000 5.5710 76 105 219
16.1250 1.5000 1.2290 232 135 97
4.4375 23.5000 0.1310 183 88 152
-20.9375 -4.0000 0.1430 185 126 152
-13.0625 -22.0000 4.1680 102 138 244
25.6250 -21.5000 0.9650 215 67 156
-19.6250 16.0000 3.0920 115 216 199
6.2500 8.5000 5.0800 96 115 215
20.1250 -12.5000 3.6570 90 171 254
1.1875 -22.5000 3.3680 135 180 229
-17.0625 16.5000 0.1150 170 122 135
-18.3125 25.0000 5.3610 76 167 222
14.5000 2.5000 2.3130 137 213 222
-2.4375 12.0000 5.6530 79 128 204
19.5625 15.0000 1.0650 207 185 73
9.1875 8.5000 1.1530 242 109 88
4.6875 -10.0000 1.0090 239 72 127
20.3750 -2.5000 1.1280 239 115 110
-9.6250 18.0000 0.1570 183 116 141
-15.3125 4.0000 1.6240 192 189 92
-2.2500 11.5000 5.7650 77 129 204
-19.6875 -7.0000 0.1520 190 133 143
1.6875 24.5000 0.0340 186 114 144
-5.4375 -23.0000 5.3520 91 112 213
5.8750 24.5000 0.1450 178 122 179
-13.1875 -24.0000 1.0660 241 82 82
-15.3125 6.5000 1.9740 178 197 132
18.2500 -9.5000 4.2220 92 119 254
-6.1250 0.0000 1.1690 249 92 99
8.9375 16.5000 1.2260 215 154 78
23.5000 -5.0000 1.1340 238 108 105
2.9375 -17.5000 6.5230 83 121 191
-14.6250 1.0000 1.2560 234 132 70
-14.3125 -19.5000 5.0220 94 101 232
12.0000 19.0000 0.6330 193 191 126
-9.5000 -24.0000 4.7860 107 115 208
10.7500 -6.0000 4.1010 97 140 242
-9.6250 -23.0000 4.6780 106 117 220
0.1875 -1.5000 1.1820 234 118 89
-24.2500 8.5000 0.1510 178 109 161
12.8750 18.0000 5.3990 60 211 182
1.0625 -22.5000 3.2920 138 182 231
-23.2500 -19.0000 0.1360 182 115 156
-20.2500 8.5000 0.1440 200 79 174
-19.1875 11.0000 2.0570 166 254 139
14.5625 22.5000 0.5450 201 189 115
-17.3750 -8.0000 3.7100 101 170 233
-17.5625 -12.0000 3.9850 88 188 230
-20.3125 -1.0000 0.1250 193 126 146
3.3125 10.5000 5.0520 91 113 226
7.7500 6.0000 4.1470 95 138 246
3.3125 13.0000 2.1630 153 201 197
7.1875 20.5000 0.4810 209 92 190
7.0625 -6.0000 1.2340 227 151 83
-9.0625 -21.5000 4.2790 105 136 252
18.3125 -16.5000 0.9900 237 83 150
19.6250 -22.0000 0.9050 242 57 176
-5.6875 -22.0000 5.4110 84 115 223
-2.0000 -4.5000 1.0620 246 79 127
-17.1875 9.0000 2.0590 165 237 136
-19.5625 -18.0000 1.0830 241 138 98
2.1250 16.5000 1.1580 236 114 69
-4.4375 -13.0000 5.6360 88 118 217
13.7500 -20.0000 0.9680 237 75 141
-3.1250 16.0000 2.2790 149 218 182
-6.1250 -21.5000 5.4660 82 113 224
23.6875 -21.0000 0.9470 241 66 156
17.3750 25.0000 0.4590 186 198 114
-12.0625 20.0000 0.1460 191 148 115
-3.1875 4.5000 5.3170 94 113 230
16.6250 21.0000 0.1510 194 124 177
-15.1250 23.5000 5.1650 73 203 179
20.2500 9.0000 1.0990 233 119 100
3.6250 15.5000 4.6640 97 134 232
-0.8750 11.5000 5.5160 86 124 201
7.8750 -20.0000 3.7480 109 145 250
20.1250 -8.0000 1.0730 235 87 122
14.8125 19.5000 5.7330 58 240 141
-2.3750 -15.5000 6.8410 76 78 194
-23.6250 -20.5000 0.1410 180 116 156
0.9375 23.5000 0.0940 203 102 153
23.8750 -12.0000 4.4290 82 142 241
-3.1875 17.0000 1.9550 160 236 143
-16.4375 -15.5000 2.1500 160 210 192
-13.0625 1.0000 1.2510 235 113 91
-20.8750 3.0000 0.1560 196 110 186
-9.6875 18.5000 0.1090 189 131 148
13.3125 -20.0000 0.9950 239 80 140
19.3125 6.0000 1.1400 241 120 97
-6.9375 6.5000 5.1620 102 102 215
-13.6250 -7.5000 1.3030 214 169 80
-9.6250 18.5000 0.1440 188 137 145
5.1875 -19.0000 3.8310 116 129 253
-14.3125 18.5000 0.1370 188 150 131
5.3125 -7.0000 1.1220 228 113 123
-23.5000 14.0000 2.2670 161 241 156
-11.6250 -16.0000 5.4420 80 104 219
21.9375 -4.5000 4.0290 95 146 254
-9.7500 2.0000 1.2520 247 101 102
9.2500 -11.5000 1.0380 240 92 137
18.8125 14.0000 1.0370 208 170 81
-18.7500 19.5000 0.1750 175 97 174
23.8750 -18.5000 1.0370 246 86 149
15.6875 -8.5000 4.1720 87 143 254
-13.4375 -19.0000 2.3270 149 200 222
15.4375 6.0000 1.5810 176 209 145
-3.5000 -15.0000 4.3380 103 135 237
20.1250 14.0000 0.1500 166 113 201
20.5625 -11.0000 1.1260 235 102 113
2.1875 25.0000 0.1790 189 122 140
17.5000 -10.0000 4.1970 86 139 254
-18.3750 10.0000 2.0710 162 247 141
10.4375 5.0000 4.0350 94 132 248
-15.7500 11.5000 3.0530 110 205 218
3.8750 -7.0000 1.0890 239 105 113
-5.9375 5.0000 5.0550 92 102 234
16.8750 21.0000 1.4310 174 254 39
-9.0625 -10.5000 5.3430 87 97 234
22.5625 8.0000 0.7180 236 114 131
-0.0625 15.0000 2.7100 131 205 230
5.1875 -4.5000 2.3820 144 198 233
-1.8750 18.5000 1.1890 243 177 64
24.1875 -7.5000 1.2910 209 153 96
3.6875 24.5000 0.1310 181 94 150
3.8750 -8.0000 1.0650 232 83 129
-20.5625 -15.5000 1.4490 196 254 69
4.0625 16.0000 2.0590 163 225 187
1.4375 -14.5000 6.2210 75 117 200
21.1875 -4.0000 4.0610 97 150 254
8.5625 15.0000 1.2120 225 137 83
18.8750 17.5000 0.2970 194 129 161
-11.5625 1.0000 1.2110 247 98 79
-8.6250 -20.0000 5.4110 82 116 229
9.1250 -18.0000 1.0310 238 82 121
-7.5625 6.5000 1.4460 216 149 78
10.5000 23.0000 1.0880 207 254 42
-18.6250 13.5000 2.0800 149 254 121
14.3750 11.0000 1.0600 246 98 133
3.5625 1.0000 4.3050 102 118 227
20.3750 -17.5000 1.0330 234 74 121
1.3125 13.0000 4.7640 103 112 225
8.5625 11.0000 1.2540 227 126 80
-7.6250 -12.0000 3.7930 110 133 249
-0.9375 -23.5000 5.6490 89 120 186
-16.0000 2.5000 1.2490 231 136 63
4.5625 7.5000 5.4970 86 110 211
15.6250 -0.5000 4.0840 99 140 254
-15.1250 -16.5000 1.2100 237 129 88
-20.0000 -17.0000 1.0640 233 188 80
14.5625 -5.5000 4.4120 101 136 219
-22.9375 2.5000 0.1490 187 119 185
-4.6875 9.5000 6.1330 85 116 193
-12.2500 -21.5000 4.1890 101 145 248
-16.7500 -8.0000 3.7770 102 165 230
-21.9375 -9.0000 0.1670 180 140 144
5.8750 20.0000 1.0930 230 159 66
-21.4375 16.5000 2.0880 158 254 156
-21.4375 -20.5000 1.0360 243 157 99
11.5000 -6.5000 4.1020 98 139 235
-17.4375 20.5000 0.1680 173 97 168
-17.8125 -3.5000 0.3270 193 113 168
23.4375 -8.5000 1.2910 211 154 88
2.9375 9.0000 5.4390 88 108 218
-13.8125 17.5000 0.1400 196 140 124
-20.2500 1.0000 0.0930 190 110 175
6.3125 -4.0000 3.9330 105 137 244
16.0625 3.0000 1.1450 240 108 101
-0.3125 22.0000 0.9180 221 191 94
-10.9375 16.5000 0.1120 194 118 143
21.2500 -22.5000 0.9150 232 45 168
0.1875 24.0000 0.1300 201 109 151
4.8125 1.0000 4.3720 107 108 223
15.7500 -2.5000 4.2860 103 142 247
-20.3750 -22.0000 5.0700 74 162 205
13.7500 4.0000 2.2590 146 214 226
-16.0625 9.5000 2.0320 170 219 127
-13.3750 -1.0000 1.0800 253 72 92
-18.8125 -22.0000 1.0520 243 122 96
1.1250 -5.5000 1.1090 239 98 108
-23.3750 -19.5000 0.1420 182 117 157
-19.7500 21.0000 1.1010 241 181 65
13.1875 -10.5000 3.7200 116 144 249
-20.0000 21.0000 1.1270 244 157 65
-1.7500 8.0000 6.2900 74 114 208
-22.3750 -21.0000 0.8910 242 139 112
2.5625 17.5000 4.7060 95 137 214
-21.4375 -10.0000 0.4440 206 165 124
-14.9375 5.0000 1.8900 185 199 123
-0.0625 24.0000 0.1360 199 112 150
9.6250 -20.0000 4.8610 85 109 254
-20.4375 -22.0000 2.2300 142 254 191
-12.8125 -18.5000 1.2250 238 122 93
-21.4375 0.0000 0.1310 192 124 155
21.6875 -13.0000 4.0800 90 159 250
17.1250 -17.5000 0.9730 238 62 144
-9.6875 15.5000 0.6060 209 148 145
0.8750 -14.0000 6.2090 75 118 202
20.3750 22.5000 0.1450 197 143 131
-3.7500 -4.5000 1.1050 236 92 142
23.2500 11.0000 0.1390 177 109 169
19.0625 -2.5000 4.0270 99 142 254
-9.9375 -9.0000 5.1710 90 112 245
18.2500 7.5000 1.4530 183 192 107
-10.5625 -11.5000 5.6770 76 118 207
7.9375 13.0000 1.1880 237 119 84
12.1875 17.5000 0.1590 161 114 193
-8.6875 9.0000 2.2620 158 217 177
13.0000 -23.5000 3.2740 115 170 246
23.0625 -23.0000 0.9040 229 56 171
1.6250 -4.5000 1.1140 230 102 115
-14.3750 15.0000 0.1530 189 135 138
13.6875 -2.0000 4.4330 104 132 240
-5.2500 -7.0000 1.6070 188 200 138
-7.0625 -19.5000 4.2180 118 129 217
-4.0000 17.0000 1.2760 220 161 66
13.5625 -16.0000 0.9930 244 82 129
4.5000 14.5000 4.6710 92 138 234
-14.6250 22.5000 0.1160 178 118 152
20.8750 -2.5000 3.9790 102 132 253
21.6250 3.5000 0.9730 238 82 122
10.1250 18.5000 0.6530 198 107 128
-0.8125 16.0000 2.0920 152 226 168
24.5000 -7.5000 1.5490 187 178 117
-17.1875 -15.0000 4.3280 87 163 225
-23.1250 -23.5000 0.8750 213 137 118
-6.6250 -10.5000 5.0010 84 122 246
-19.4375 -15.5000 2.9130 119 228 234
14.0000 -7.5000 4.1480 106 130 234
14.9375 -11.5000 3.7780 102 153 254
-2.5625 1.0000 1.2480 237 119 108
10.0625 -1.0000 4.6420 72 134 241
8.2500 16.5000 1.2200 218 151 81
-2.0000 19.5000 1.1530 239 182 71
-6.8125 -22.0000 5.3780 85 102 223
7.8125 18.0000 1.2040 233 153 88
-22.0625 13.0000 2.0690 174 254 126
4.8750 -16.5000 2.8090 136 190 231
15.6875 7.0000 0.9550 236 82 142
25.6250 10.0000 0.1740 168 123 146
-12.3125 -20.5000 4.2000 101 145 251
-19.9375 -18.0000 1.0630 234 192 79
23.3125 11.5000 0.1210 175 105 173
-22.5000 14.5000 2.0050 172 254 112
-23.6875 26.0000 4.7570 122 143 195
-13.8125 -15.0000 5.3320 84 109 223
-18.1250 -17.5000 1.1500 243 152 94
-14.0625 -8.5000 1.1240 237 128 88
-16.8750 -21.5000 1.0890 242 127 95
-15.0000 8.5000 2.0470 172 223 135
17.8125 -21.5000 0.9150 240 46 166
-19.8750 -1.0000 0.1660 192 134 140
-10.5625 -10.0000 5.4150 88 97 236
22.3750 -1.0000 1.0240 254 84 125
6.1875 14.0000 1.1780 236 114 82
21.1250 -8.5000 1.0910 237 104 120
-15.8125 -20.0000 1.1170 245 110 114
23.9375 -9.0000 1.8460 159 222 159
18.7500 11.5000 0.5990 194 100 160
3.1875 12.5000 4.6490 97 126 229
-4.6875 -7.0000 1.0450 241 75 110
4.8125 4.5000 4.4740 96 127 223
7.1875 -7.0000 1.6750 175 211 124
15.2500 -15.5000 1.0000 240 78 149
-9.1875 9.5000 1.3890 219 160 60
-12.4375 4.0000 1.5220 216 157 77
15.1875 -19.5000 0.9740 229 87 158
3.3125 -0.5000 4.1320 106 126 234
-23.1875 -22.5000 0.1710 180 120 166
15.0625 22.0000 0.5250 207 196 121
1.3125 -18.0000 6.7910 74 103 192
-10.0625 7.5000 1.5190 210 171 72
21.3750 -22.5000 0.8970 230 42 171
10.4375 -21.0000 4.9370 81 111 254
13.8125 22.0000 0.5730 204 185 86
-8.2500 -10.5000 5.2570 86 111 239
18.8750 22.0000 0.1590 192 155 151
21.3125 -13.5000 4.0500 86 144 254
14.3750 -5.5000 4.4410 100 135 219
-20.0000 8.0000 0.1480 199 81 168
-10.5625 -13.0000 5.8960 80 111 209
20.6250 12.0000 0.1330 159 87 195
-14.5000 -0.5000 1.1120 254 114 80
-3.7500 8.0000 5.9670 82 115 214
-0.5000 17.0000 4.5020 91 152 222
-20.5000 10.5000 3.0830 103 208 213
4.5000 1.5000 4.4460 99 107 226
-11.3750 -9.5000 5.4260 77 125 237
-20.3750 -1.0000 0.1220 193 126 146
-22.0000 1.5000 0.1460 194 113 177
1.4375 16.5000 4.5920 87 148 220
17.4375 -19.5000 0.9330 243 57 150
-9.3125 0.0000 1.1940 249 100 91
9.4375 -20.0000 1.9750 151 207 189
-15.8750 -7.5000 2.5810 134 220 239
21.8125 3.0000 0.9510 252 71 146
-4.8750 -18.0000 4.8250 92 124 227
19.9375 -23.0000 0.9450 232 64 168
5.0625 17.0000 1.8020 181 219 141
9.2500 16.0000 1.2310 222 159 85
-7.9375 18.0000 0.3380 189 122 140
1.5000 -2.0000 1.1780 232 117 91
5.0625 23.0000 0.1480 183 89 149
-1.8750 -1.5000 1.1590 253 93 109
-14.3750 -10.0000 4.3210 91 161 233
4.6250 -16.5000 1.2830 223 153 81
5.4375 -9.0000 1.0710 239 110 135
-10.3750 -9.5000 5.3060 85 120 231
13.6875 8.5000 0.8300 249 50 149
21.3125 11.0000 0.1300 168 111 190
13.0000 25.5000 1.3530 179 254 61
15.4375 24.5000 0.2470 171 160 149
11.0000 -12.0000 1.0520 243 99 124
-8.0000 24.0000 0.1550 173 142 135
11.3125 -13.5000 1.0030 241 76 130
-11.3750 -5.5000 1.1040 240 103 85
20.6875 22.0000 0.1700 184 132 156
6.8750 15.0000 1.2170 231 128 81
-22.6875 19.0000 1.8280 177 236 123
14.1250 16.0000 0.1640 170 97 188
-23.9375 25.5000 4.6580 121 144 199
19.1875 -5.5000 4.3030 81 152 254
21.5000 21.5000 0.1350 179 129 155
-17.7500 -10.5000 3.7700 97 188 229
-11.0625 0.5000 1.1710 241 91 89
12.0625 4.0000 1.9110 151 186 176
-3.5000 -8.0000 1.0840 244 83 116
15.2500 -14.5000 1.7020 166 216 170
-6.2500 4.0000 1.3340 233 129 85
3.3125 3.5000 4.5360 99 109 231
-2.1875 -15.5000 6.8630 75 78 193
-22.4375 21.5000 1.5920 202 217 104
-2.8125 24.0000 0.1520 201 113 160
-11.5000 -19.5000 4.1700 102 136 254
-9.9375 -4.0000 1.0520 246 75 126
24.1250 4.5000 1.1040 232 111 99
-23.0000 13.5000 2.2380 163 254 150
17.2500 -5.5000 4.4020 86 154 234
11.2500 10.0000 1.0490 248 78 105
-13.9375 -21.0000 1.5160 204 209 105
8.9375 -16.5000 1.0240 238 99 134
17.9375 5.5000 1.3670 196 184 103
2.6875 -14.0000 1.1220 239 110 113
11.6250 15.5000 1.1750 217 150 71
-6.7500 19.5000 0.1350 180 104 145
9.8750 -6.5000 3.9710 99 146 249
-15.2500 -3.0000 1.1070 245 133 95
9.1875 13.5000 5.6090 76 131 216
10.1250 15.5000 1.2260 222 133 87
7.2500 23.0000 0.1440 184 112 183
7.2500 5.5000 4.2520 90 138 249
-16.5000 11.0000 2.0540 169 232 129
12.7500 11.0000 1.0310 253 89 141
11.6250 -16.0000 1.0030 236 77 126
20.5000 -0.5000 1.0910 249 103 102
-10.1875 -15.5000 3.6260 123 114 254
23.0625 19.0000 0.9440 207 228 63
6.8125 3.0000 4.5030 88 125 236
14.6875 -12.5000 3.1460 117 176 254
17.5625 -0.5000 4.0140 101 135 254
-11.5000 -19.0000 1.1380 252 96 90
-18.5625 24.0000 0.9980 232 151 87
-14.8125 -23.0000 4.0490 98 137 243
4.6250 6.5000 5.7060 91 105 206
-18.9375 -21.0000 2.0090 160 247 193
8.1250 -14.5000 1.0260 244 111 121
-23.3125 -17.5000 0.1550 168 148 147
4.8750 -18.0000 3.9990 105 144 239
10.5000 -20.0000 1.0380 250 89 137
1.2500 -1.0000 1.2300 233 132 80
-20.7500 22.5000 4.5300 94 168 228
-7.6875 10.5000 1.6590 200 206 80
8.8125 4.0000 4.1730 89 133 244
-14.0000 -4.0000 1.2790 226 167 81
17.1875 -11.5000 3.9910 101 134 254
-8.8125 -18.5000 5.5670 79 115 223
14.5625 -24.0000 3.2110 131 159 252
17.5625 -10.0000 4.2360 92 121 254
14.4375 -22.5000 1.2050 214 137 107
-14.3750 9.5000 2.0240 171 215 131
7.1250 21.5000 0.2110 185 84 211
23.1875 4.0000 1.0190 242 87 109
3.1875 24.0000 0.1680 185 92 159
1.5625 -9.5000 1.0800 238 90 120
-23.4375 22.0000 1.6710 190 215 128
-3.1875 -9.5000 1.1610 245 101 88
-11.2500 -12.0000 5.8270 70 124 210
-3.7500 -9.0000 1.2680 223 136 93
-13.4375 8.0000 1.9020 191 191 106
21.4375 -18.0000 1.0040 246 70 163
-0.0625 12.0000 5.3290 89 125 225
-8.5000 14.0000 1.1600 242 148 94
6.4375 -16.0000 1.0630 247 119 111
-22.6250 24.0000 4.5590 101 162 225
-22.5000 -1.0000 0.1490 185 136 141
-10.1875 -20.0000 4.2650 98 143 249
14.7500 1.5000 4.0170 96 138 254
13.0625 -1.5000 4.4850 88 134 245
11.3125 13.0000 1.1610 232 109 97
21.6250 13.0000 0.1410 157 117 187
-19.5625 6.0000 0.1410 190 78 158
-17.3125 24.5000 0.9520 225 150 94
5.0625 -5.0000 2.3560 144 202 232
-11.3125 -0.5000 1.1150 250 76 90
14.3125 23.5000 0.5350 202 182 107
-6.9375 22.0000 0.0560 194 101 135
5.8125 11.5000 1.2370 238 129 80
12.5625 -8.5000 3.9010 113 137 254
22.0000 -12.5000 4.0690 87 163 254
-13.1250 -15.0000 5.4270 85 99 218
-8.1250 10.0000 1.8940 178 211 121
2.2500 20.0000 2.4420 145 235 198
-20.2500 -8.0000 0.1850 175 151 149
-20.5625 10.0000 2.1930 155 243 164
8.1250 0.0000 4.5830 85 118 224
18.5625 15.5000 1.0610 211 216 100
-16.5000 -6.0000 1.1720 227 170 99
22.0625 8.0000 0.9470 247 138 98
2.0625 2.0000 5.7190 77 97 213
3.3125 -8.0000 1.0750 236 93 123
21.7500 18.0000 0.9600 196 215 63
13.0000 17.0000 0.1150 166 110 188
-1.1875 19.5000 1.2350 226 193 65
11.3750 -22.0000 4.9450 86 111 251
-6.1875 -3.5000 1.1220 242 93 114
-1.1875 -22.5000 5.6250 83 125 196
8.3125 14.0000 1.1750 233 116 78
20.3750 -4.0000 4.0450 95 148 254
3.5625 -15.0000 2.9140 129 206 251
25.5625 -15.5000 5.2460 101 95 224
9.8750 -1.5000 4.5890 75 133 240
24.1250 -17.5000 5.2430 78 99 254
-0.1250 -7.0000 1.1150 239 96 110
5.2500 3.0000 4.6090 89 125 227
18.8750 14.5000 1.0620 207 180 78
24.3750 -11.5000 4.4690 92 119 234
-22.7500 -9.0000 0.1300 172 142 141
4.2500 -12.0000 1.0370 250 82 139
-15.5625 24.5000 0.4610 188 141 137
-5.1875 -11.5000 4.8180 86 133 232
-21.6875 0.0000 0.1420 191 128 152
-6.2500 26.0000 0.1580 164 156 132
20.5625 -21.5000 0.9040 239 63 177
-17.3750 -13.5000 4.1700 96 162 228
-2.5625 12.5000 5.5890 82 126 202
9.6250 11.5000 1.1090 251 89 94
-16.3125 -23.5000 1.0890 233 102 86
11.6875 0.0000 4.4210 76 145 238
-3.1875 7.5000 6.0000 80 119 210
19.2500 -21.0000 0.8970 245 57 181
16.0000 -15.0000 1.0040 244 82 144
-24.1250 -21.5000 0.1370 171 127 168
-4.7500 14.0000 1.7160 187 215 100
-21.7500 17.0000 2.0480 160 254 150
7.4375 -9.0000 1.0830 247 107 128
19.0000 -8.0000 4.5810 84 112 252
-5.4375 -9.0000 1.1830 244 113 87
3.8125 -9.5000 1.0740 240 85 119
15.8750 12.5000 1.0690 235 134 117
-10.5625 -21.0000 4.3320 96 136 243
6.8750 0.5000 4.4920 91 119 230
9.7500 -5.0000 4.1650 101 137 238
3.3750 -3.5000 3.0640 130 180 254
2.0625 -23.5000 3.6310 129 151 224
-18.8125 21.5000 0.8600 236 150 102
19.1875 -9.5000 1.0780 246 99 126
-17.3750 2.5000 0.3360 197 95 138
20.7500 3.0000 0.9680 247 76 130
-2.8750 -11.5000 4.3580 101 135 241
-10.0625 2.0000 1.2440 237 89 73
13.9375 -23.5000 3.2550 128 156 254
5.5625 -3.0000 3.9830 107 133 247
-6.6875 0.5000 1.2330 243 95 98
-21.3125 -1.0000 0.1710 193 133 144
3.3750 -6.0000 1.0970 240 108 114
-13.2500 12.5000 0.1760 191 108 161
-18.2500 12.0000 2.0910 161 254 134
-6.0625 -21.0000 5.5070 81 111 224
-20.5625 -12.5000 0.3010 192 149 151
-8.0000 2.0000 1.2760 249 107 90
16.1875 17.5000 0.1550 184 114 172
13.8125 23.0000 0.5560 208 182 99
-5.6250 -2.5000 1.1510 237 103 112
-14.5625 14.5000 0.1560 190 135 141
12.8125 -4.0000 4.4860 95 131 243
-23.9375 -20.0000 0.1410 179 121 159
-18.0000 11.0000 2.0960 162 254 138
14.9375 8.0000 0.8340 248 52 160
21.1875 13.5000 0.1280 152 103 188
8.7500 -18.0000 1.0510 236 87 121
-2.2500 0.0000 1.2030 250 107 104
9.3750 17.5000 1.1800 220 178 61
2.4375 2.0000 4.3550 100 112 229
0.0000 18.5000 1.6670 181 230 100
-11.1250 -1.0000 1.1020 248 73 93
-19.2500 -8.5000 0.1790 187 104 135
-9.9375 9.5000 2.4900 142 213 212
-15.5000 -20.0000 1.1320 245 115 111
12.3125 12.5000 1.1190 239 111 110
15.6250 -12.0000 1.0990 230 100 112
-1.1875 23.0000 0.1360 203 111 155
20.8125 2.5000 0.9720 249 77 128
9.0625 -8.0000 1.1090 235 119 118
23.1250 2.0000 0.9980 254 85 128
-20.5000 -13.0000 0.4440 198 176 128
-23.2500 -14.5000 0.1370 179 151 145
-10.4375 22.5000 0.1270 184 123 110
-2.8125 7.5000 6.0310 78 119 210
19.1250 21.5000 0.1600 192 154 148
1.9375 26.0000 0.1950 183 135 134
-9.7500 -22.5000 4.2440 116 126 241
17.3750 -21.5000 0.9280 246 68 161
2.0000 -20.0000 4.0220 110 166 208
22.7500 -19.0000 0.9770 252 66 161
-11.6250 -2.0000 1.0520 247 76 107
10.9375 5.0000 4.0000 96 131 245
11.1875 15.5000 5.4640 67 165 196
-7.6250 -6.5000 1.0650 247 90 119
23.1875 -19.0000 1.0160 249 78 154
-20.8125 1.5000 0.1520 197 111 175
-23.2500 2.0000 0.1670 178 132 174
11.3125 -5.5000 4.1460 100 135 235
-0.5625 17.0000 4.4890 92 152 222
4.6250 12.5000 1.2150 239 126 86
7.8750 9.0000 3.8280 111 135 240
12.8125 -8.0000 3.9770 113 135 249
20.8125 -21.5000 0.9170 238 66 174
-11.2500 -20.0000 4.2000 102 141 248
16.2500 -3.0000 4.2960 100 144 246
5.0625 -21.5000 3.6670 117 147 235
-10.3750 25.5000 0.1330 171 135 131
-3.9375 16.0000 1.4330 209 178 64
14.0625 -21.5000 2.1660 141 239 227
-21.1875 -12.0000 0.3250 194 154 152
-24.2500 1.5000 0.1620 174 140 167
14.8750 -17.5000 0.9690 244 83 162
-8.1250 11.0000 1.3840 232 182 49
7.4375 0.0000 4.5000 87 121 230
-9.9375 -20.0000 5.4000 90 108 215
2.0000 18.0000 2.1930 152 237 188
2.0000 -10.0000 1.1000 228 79 115
-15.7500 4.5000 1.8130 187 188 109
-21.7500 11.0000 2.1210 155 254 153
1.5625 2.0000 5.6530 80 114 209
-17.4375 2.5000 0.2600 196 86 144
-15.0000 -6.5000 2.6450 127 226 241
-24.1875 17.0000 1.9640 169 239 130
22.0000 8.5000 0.8000 242 120 120
-14.9375 -3.5000 1.1100 246 135 94
17.3750 12.5000 1.0940 216 161 99
25.0000 6.0000 1.1120 223 142 94
-21.2500 21.0000 1.2320 238 183 56
-12.2500 18.0000 0.1420 193 126 152
3.0625 -23.0000 3.6310 127 149 228
15.3125 -11.5000 3.8250 103 142 254
1.5000 12.5000 2.8070 137 183 230
-4.1250 13.5000 2.2520 163 212 179
0.4375 3.5000 5.7520 81 112 216
8.0625 9.0000 2.0860 167 203 181
-3.6250 23.5000 0.1960 198 132 155
-9.8750 16.0000 0.1690 189 103 159
-2.1875 20.0000 1.1540 241 184 72
16.6250 11.0000 1.1280 231 137 106
-14.6875 -2.5000 1.0850 243 128 100
12.5625 -15.0000 0.9790 246 75 134
-6.8750 15.0000 1.1490 229 140 79
18.6250 -20.0000 0.9110 237 62 185
21.9375 -6.5000 1.0860 237 94 93
-5.3750 4.5000 5.0490 93 103 232
4.9375 -5.5000 2.3260 142 224 231
8.3125 2.5000 4.3650 90 125 226
2.0625 -20.5000 3.9890 109 168 210
-16.8125 11.5000 2.0920 158 254 124
23.8750 -0.5000 0.9860 250 79 128
8.5000 3.0000 4.3090 85 136 230
15.0000 -19.0000 0.9350 229 57 150
11.5000 -21.5000 4.9090 85 112 249
0.1250 9.0000 5.9570 81 114 224
14.6875 -14.5000 1.0230 237 92 128
5.8750 14.5000 1.1690 233 111 88
1.3125 -16.0000 6.5290 79 113 195
-6.7500 -22.0000 5.3980 84 102 222
12.5625 -17.0000 0.9950 233 80 140
-22.7500 -19.5000 0.1720 188 110 153
-2.9375 22.0000 0.1480 200 120 157
9.6875 9.5000 1.1370 241 103 93
7.3750 14.5000 5.2670 81 127 230
-24.1250 9.5000 0.1340 180 106 167
13.8750 20.5000 0.5470 199 183 102
-1.6250 17.0000 2.2600 144 245 177
1.3125 6.0000 6.3740 82 89 198
-12.1875 5.5000 1.6280 211 177 84
0.4375 -20.0000 7.2870 62 100 181
-11.1875 -0.5000 1.1030 250 73 93
6.1250 3.5000 4.5500 87 123 237
-8.8125 -17.0000 5.3330 82 114 228
23.5000 -11.5000 4.2870 84 147 245
7.3750 1.0000 4.6600 86 120 226
-15.5000 -19.0000 1.2010 232 129 115
-22.3125 10.5000 0.1440 174 102 165
-16.1250 -11.5000 4.1790 90 168 233
-20.3750 -11.0000 0.3230 191 149 147
12.7500 -18.0000 0.9940 240 80 133
-20.5000 -16.0000 5.1160 62 207 182
-3.5000 22.0000 0.1660 190 116 178
-16.3125 -21.0000 1.0840 247 99 113
21.8750 1.5000 0.9710 253 76 137
0.5000 -21.0000 1.6390 201 221 99
11.7500 -4.0000 4.3770 94 125 240
-10.0000 8.5000 1.4670 213 172 72
-12.7500 15.0000 0.1350 188 89 146
-8.6875 -8.0000 1.1820 240 113 107
-5.1250 13.5000 1.3400 226 171 48
7.6250 -15.5000 1.0480 249 118 112
11.3125 -20.5000 1.0350 249 91 136
9.5625 3.0000 4.2290 86 128 243
22.0000 -11.0000 3.7620 98 171 251
-20.7500 -20.5000 1.0520 241 155 99
-14.1250 26.0000 0.1900 171 132 163
-10.6875 5.0000 1.4700 233 147 57
-10.4375 19.5000 0.1450 182 152 146
-19.1875 -21.0000 2.0870 155 246 204
23.5625 -10.0000 1.8880 157 225 167
-11.4375 0.5000 1.1460 245 83 91
20.1875 -3.0000 3.9990 98 145 254
-13.6875 7.0000 1.8890 191 188 104
7.5000 6.5000 4.1170 98 137 247
20.1875 -22.0000 0.9130 240 61 174
23.6875 -12.5000 4.3780 83 145 244
-3.7500 -10.5000 4.3930 100 130 246
10.1250 -8.5000 1.1280 233 118 101
-0.0625 0.0000 1.2310 229 132 88
4.3750 -7.5000 1.0480 236 96 121
12.6250 4.0000 1.1980 226 112 106
16.3750 -11.5000 3.9340 101 138 254
1.7500 17.0000 4.6010 87 149 217
4.6875 3.5000 4.6210 96 107 227
17.7500 0.0000 1.6190 194 195 126
-7.5625 -20.5000 5.2270 86 119 225
10.0000 1.5000 4.3820 82 127 233
-7.7500 -24.0000 5.1870 99 102 205
20.6875 13.5000 0.1510 164 115 189
-11.0000 0.5000 1.1780 239 93 89
23.5625 -2.0000 1.0310 246 74 124
8.8750 12.5000 1.7290 176 204 154
-18.3125 -10.0000 1.8320 161 254 131
-21.7500 24.5000 4.8000 94 161 225
24.8125 -11.5000 4.3940 96 120 232
4.9375 14.0000 2.1620 156 216 201
-11.2500 -16.0000 5.4670 80 104 217
-8.8750 -13.5000 4.0350 105 128 245
19.5625 0.0000 1.8090 179 200 160
7.8750 -11.5000 1.0220 237 86 149
16.3125 -21.0000 0.9510 252 74 161
3.4375 -20.0000 3.9360 111 144 242
-9.6250 8.0000 1.4940 214 177 72
11.6875 -8.5000 3.8750 104 146 242
11.6250 18.5000 0.6270 192 138 113
-12.0000 -19.5000 4.1480 105 134 254
20.4375 13.5000 0.1460 164 114 193
-1.0625 15.0000 2.2800 147 213 179
-12.8125 0.0000 1.1380 247 81 93
18.6250 -10.0000 3.2030 114 169 254
9.9375 -9.5000 1.0490 242 96 111
-20.6250 -6.5000 0.1270 188 136 163
2.8750 -20.0000 3.9510 112 147 239
10.2500 -18.0000 1.0470 241 89 112
6.8750 -5.0000 3.9010 112 127 245
-19.3750 -14.5000 0.7420 212 169 98
25.6875 -12.0000 4.3890 88 131 246
23.8750 -14.5000 4.7630 83 119 247
-2.0000 11.0000 5.8390 78 129 202
-17.6250 -21.0000 1.0900 246 128 95
23.3125 -6.5000 1.0970 239 101 88
17.4375 20.0000 0.1760 195 126 161
2.3750 -8.5000 1.0630 241 92 138
6.1875 5.5000 4.2700 93 138 249
6.9375 -2.0000 4.1670 103 125 241
1.1875 -21.0000 3.1430 144 195 239
-12.1875 22.5000 0.1350 190 127 121
-15.5625 -7.0000 1.1750 234 148 90
5.1875 -16.5000 1.1540 234 120 85
12.0000 17.0000 0.2600 167 117 196
-20.6875 21.0000 1.1630 246 168 61
-16.5625 -16.5000 3.0920 131 168 241
-20.0000 2.5000 0.1640 195 113 175
-2.8125 9.0000 6.4100 73 110 211
1.7500 11.0000 5.2500 88 125 217
-13.3750 17.5000 0.1510 193 145 113
-12.5000 13.5000 0.1580 191 91 151
-14.1875 -6.5000 1.3160 222 178 84
15.1250 8.5000 0.9700 239 77 140
2.2500 5.0000 6.3790 86 75 199
6.6875 10.0000 3.5190 127 154 238
17.5625 -4.0000 4.3020 97 142 253
25.0625 -23.0000 0.9130 209 60 172
-14.0000 10.5000 1.7810 176 236 74
-17.0000 -18.0000 5.0810 77 139 239
14.9375 -23.0000 1.8410 152 209 167
-23.6875 24.5000 4.5410 114 151 210
21.0625 3.5000 0.9870 244 85 137
-9.1250 8.0000 1.4000 226 165 59
22.5000 -21.5000 0.9380 245 62 160
16.0625 -1.0000 4.1240 97 140 254
-13.6250 17.0000 0.1810 198 147 115
9.4375 0.5000 4.6110 75 131 242
22.5625 -11.0000 3.8950 93 167 250
-10.0625 -2.0000 1.0930 245 75 122
-9.6250 16.0000 0.4160 198 133 158
-15.9375 -22.5000 1.1770 226 130 84
15.1250 1.5000 4.0110 96 138 254
-23.1875 -7.0000 0.1660 178 144 139
-0.6875 15.0000 1.2940 233 151 62
24.7500 -6.5000 1.2340 216 133 92
-4.3125 18.0000 1.1450 224 160 74
-8.0625 -23.5000 5.2190 98 100 208
9.6875 -0.5000 4.6660 72 134 244
-23.9375 -0.5000 0.1670 166 146 153
17.5625 6.5000 1.4720 181 203 122
-14.8125 -8.5000 1.1400 237 133 88
19.0000 12.5000 0.1510 160 88 212
-0.5000 -19.0000 7.2780 76 81 187
0.3750 20.5000 1.2800 217 211 74
-16.5625 18.5000 0.1520 170 134 131
-5.3125 22.0000 0.1330 195 112 139
0.3125 19.0000 1.5620 193 226 81
-5.4375 11.0000 6.3360 70 125 179
-4.6250 -15.0000 4.6620 95 123 234
-11.6250 20.5000 0.1060 191 146 114
-5.1250 -20.5000 5.6220 79 104 221
-21.7500 -13.5000 0.3080 201 152 135
21.1250 22.0000 0.1710 183 136 105
-7.6875 19.5000 0.1540 185 147 145
-15.8750 -13.5000 4.4420 98 136 233
11.7500 22.5000 0.1800 179 106 157
-11.9375 -18.5000 1.2150 243 120 87
-5.3125 0.5000 1.2110 241 102 95
-10.4375 22.0000 0.1470 184 122 97
-3.6250 19.0000 1.1810 228 176 89
15.9375 -3.5000 4.3630 99 144 243
-0.5625 24.0000 0.1680 206 124 145
-20.8750 10.5000 2.3050 144 253 173
-12.8750 -14.0000 5.6370 81 109 220
-12.7500 -9.5000 5.6420 74 130 230
-12.4375 -18.0000 5.0520 98 107 242
0.7500 -21.0000 5.8960 67 134 206
-23.2500 21.0000 2.4340 146 234 212
20.2500 -17.0000 3.7710 96 142 254
15.7500 -6.5000 4.3940 86 156 243
15.3750 0.0000 4.0490 102 139 254
25.0625 -15.0000 5.0960 89 107 227
-16.2500 19.0000 0.1520 180 143 145
4.3750 3.5000 4.6660 95 106 228
-15.3125 21.0000 0.1440 178 143 167
-20.6250 1.0000 0.1990 192 133 161
-5.4375 -15.0000 4.2370 103 130 245
8.8125 13.0000 1.4650 202 180 107
-1.5625 -6.0000 1.1190 237 93 125
-20.3125 19.0000 1.0930 229 184 46
-24.0625 -19.0000 0.1420 176 125 162
-12.9375 -7.5000 1.1190 240 115 86
-1.9375 -8.5000 1.1090 249 81 96
11.3750 -8.5000 3.8830 103 146 243
4.4375 -21.5000 3.7090 114 149 242
7.8750 15.5000 1.1950 228 141 77
-15.1250 -19.5000 1.1520 247 132 112
-20.0625 20.0000 1.1060 249 160 62
-13.6875 -19.5000 2.9420 128 186 236
-11.8125 -9.5000 5.4900 75 127 237
1.8125 1.0000 4.1820 112 119 231
13.2500 18.0000 0.1510 165 114 190
15.2500 7.5000 0.9020 241 67 150
-21.8125 -6.5000 0.1550 185 143 161
13.3125 3.5000 1.8470 158 204 159
-22.6250 6.0000 0.1330 178 98 166
25.5625 -1.5000 1.0480 235 79 114
-12.8125 -15.0000 5.4120 83 101 221
-19.3125 -11.5000 0.4770 201 153 123
-13.6875 -10.5000 5.9590 81 123 212
14.8750 14.0000 0.6640 217 79 188
-17.6250 25.5000 5.3490 73 181 198
-4.5625 18.5000 1.1280 229 180 68
-12.5625 -5.0000 1.1010 238 112 94
10.1875 14.0000 1.2310 231 132 80
11.0000 9.0000 1.0740 248 89 91
-22.6875 -21.5000 0.1290 184 114 179
-13.3750 -6.0000 1.1460 244 139 93
-3.2500 2.0000 1.2910 242 136 84
8.3750 -11.0000 1.0560 237 101 140
-23.3125 15.0000 1.9830 169 254 122
15.5000 3.0000 1.1240 240 97 106
14.5000 -4.0000 4.6120 95 128 231
9.3125 17.5000 4.9930 68 187 215
-12.6250 -6.0000 1.1060 241 103 82
0.6875 -22.0000 3.1620 143 189 237
-18.1250 11.0000 2.0900 163 254 139
-12.8125 -17.0000 5.1730 98 109 226
-10.7500 -8.0000 5.1060 89 123 242
-16.6250 -8.5000 3.8210 97 173 228
-1.8125 -17.5000 7.1200 71 97 187
-20.3750 3.0000 0.1340 194 103 184
0.1875 3.0000 5.5690 83 116 221
-22.7500 -23.0000 1.1160 217 166 98
-16.0000 -16.0000 1.2030 229 118 102
4.5625 -18.5000 3.9270 107 145 241
7.9375 -20.5000 5.1110 78 112 233
-0.5000 -6.0000 1.0910 238 83 115
5.5625 -16.5000 1.0980 237 113 110
22.0000 7.0000 1.1140 235 140 99
-9.9375 20.0000 0.1420 184 148 152
5.0000 19.0000 1.2050 228 155 76
2.6250 -18.5000 4.0950 107 143 236
-15.5000 -12.0000 4.3240 91 153 246
-20.0625 9.0000 0.1070 199 76 176
8.0000 -23.0000 5.5480 91 98 217
1.4375 23.5000 0.1700 205 103 148
-0.6875 14.0000 5.0690 91 121 224
-22.5000 3.0000 0.1400 190 113 191
-5.7500 18.0000 1.1110 230 156 74
-1.6250 -22.5000 5.6270 79 145 186
7.8125 14.0000 5.4930 80 126 220
-8.3750 -10.5000 5.2070 86 112 241
22.4375 5.5000 1.0900 242 118 102
20.0625 18.0000 1.0110 215 240 81
1.6875 -15.5000 6.3560 77 115 197
1.1875 2.0000 5.6020 80 116 213
-3.7500 -1.5000 1.1610 246 96 128
-3.3125 -10.0000 1.1610 242 102 89
-12.3750 -18.0000 1.2150 242 118 92
-12.8125 -24.0000 1.1370 235 98 78
-19.3750 22.5000 0.9890 243 139 73
-3.2500 4.0000 5.1600 97 106 229
-5.0625 12.5000 1.3950 220 166 52
-22.8125 -9.5000 0.1560 174 146 141
10.9375 5.0000 2.1240 158 199 191
21.0000 19.5000 0.1710 185 127 151
20.9375 11.0000 0.1420 162 87 190
14.4375 14.0000 0.8890 235 84 120
8.0000 -16.5000 1.4860 197 185 103
24.6875 3.5000 1.0450 234 95 104
-5.8750 -23.0000 5.3150 93 113 215
-7.0625 -8.5000 2.0730 158 220 205
3.8125 4.5000 6.2770 80 89 199
20.9375 1.5000 0.9820 254 76 128
23.0625 -4.5000 1.1270 242 108 108
-2.6875 -21.5000 5.6390 72 151 199
9.9375 12.5000 2.0990 155 209 200
-11.8125 4.5000 1.5160 228 155 64
3.8125 16.0000 2.1210 159 225 196
-16.5000 25.0000 0.9320 213 176 76
-22.2500 3.0000 0.1170 191 104 194
3.1875 22.5000 0.7750 225 173 89
-20.1250 -7.0000 0.1480 187 148 151
10.4375 21.5000 1.0730 213 230 31
11.4375 16.0000 1.0370 226 119 78
6.1250 -4.0000 1.2480 221 139 77
5.0000 -20.5000 3.7570 117 145 234
-0.1875 14.5000 1.2540 235 133 61
4.4375 12.0000 1.2270 243 129 80
-10.2500 -23.0000 4.9840 97 112 218
-20.6875 -5.0000 0.1540 181 145 161
-1.4375 24.5000 0.1300 201 117 143
-18.1875 7.0000 0.2410 196 67 149
-24.1875 -6.5000 0.1420 171 141 144
-15.0000 -5.5000 1.1360 239 138 95
15.5625 -23.5000 1.8240 148 203 159
25.5000 -10.0000 4.1890 104 121 232
4.5000 -15.5000 1.2310 237 146 76
11.3125 19.5000 5.1510 65 213 181
-11.8125 -11.0000 5.7620 72 123 211
-0.0625 1.5000 5.2090 95 114 220
-11.8750 -4.0000 1.0620 252 79 101
21.3750 13.0000 0.1510 157 118 188
17.7500 -11.5000 4.0680 89 144 254
12.3750 -2.5000 4.5940 95 126 242
23.1875 -22.5000 0.9000 235 56 169
-3.8125 -16.5000 5.3860 85 116 218
-10.2500 2.5000 1.3070 238 113 107
24.0625 -1.5000 1.0370 242 76 121
10.5000 -8.0000 3.8750 102 144 254
-7.3750 -18.5000 4.2060 108 129 232
-23.8750 24.5000 1.7210 174 198 134
-19.1875 13.0000 2.0500 160 254 126
-13.6250 -20.0000 1.1580 245 115 103
7.6250 16.5000 1.3040 227 173 79
-20.7500 -8.0000 0.1710 181 137 138
-20.8750 -10.0000 0.3130 195 151 133
12.3125 -22.5000 4.9090 88 114 241
-0.4375 12.5000 5.2970 87 129 219
9.5000 -0.5000 4.6520 73 133 244
-19.1250 5.0000 0.1320 180 59 147
4.5625 17.5000 2.3700 150 227 218
-22.5625 -23.5000 0.9240 222 140 112
10.2500 24.0000 0.7040 213 207 80
11.5625 10.0000 1.0260 247 73 107
13.2500 15.0000 0.9530 241 95 113
2.2500 -19.5000 4.0980 120 160 204
-0.6250 25.5000 0.1450 200 125 129
0.9375 -17.5000 6.7770 73 103 194
20.3750 -11.5000 3.5400 95 174 254
-20.0000 22.5000 4.6530 93 164 221
-19.9375 24.5000 5.0510 77 174 227
7.5625 21.0000 0.2140 188 85 208
12.0625 2.5000 4.1240 88 139 254
13.0000 14.0000 1.1710 241 144 90
-5.9375 16.5000 1.1550 227 161 71
1.1250 -2.0000 1.1940 231 123 91
-7.3750 20.0000 0.1660 183 150 144
13.7500 -8.0000 4.0810 106 131 240
-10.3125 22.5000 0.1480 185 126 109
19.2500 10.0000 1.0200 229 113 103
-0.4375 -14.0000 6.3990 75 98 213
25.4375 -5.0000 1.0940 235 94 105
-19.0625 20.5000 1.0890 230 175 49
10.1875 -19.5000 2.0670 149 220 210
18.4375 2.5000 1.1020 246 107 112
-18.3750 -3.0000 0.1330 184 98 157
16.3125 -5.5000 4.5670 83 149 244
-3.6875 -17.5000 7.2510 75 102 189
-18.7500 -20.0000 2.9970 129 204 254
-18.7500 -2.5000 0.1500 181 105 154
21.6875 -15.5000 4.4380 85 130 254
-7.6250 -1.0000 1.1760 250 94 87
-5.0000 -11.0000 4.3670 102 134 236
-15.2500 -11.0000 4.2720 95 153 244
-21.0000 0.5000 0.1380 191 127 157
6.9375 -3.5000 4.0570 101 133 245
19.8125 -24.0000 0.9400 222 51 161
-0.6250 0.0000 1.3610 213 158 91
-22.3125 22.0000 1.5370 206 211 95
-9.3750 18.5000 0.1340 189 135 145
24.8750 -23.0000 0.9060 211 59 173
-1.2500 -13.0000 4.2570 105 124 247
-22.4375 -16.0000 0.1640 178 135 148
8.2500 17.5000 1.2210 231 156 86
0.3125 22.5000 0.6740 216 171 115
4.5625 -1.5000 4.0640 110 124 223
-20.3750 -7.5000 0.1130 173 142 162
-6.0625 -9.5000 2.9630 129 192 254
-2.4375 15.0000 1.3360 226 164 48
10.9375 15.5000 5.4420 66 166 200
18.4375 -17.0000 0.9990 239 84 143
-9.1875 -20.0000 5.3910 85 115 228
-11.2500 7.0000 1.6330 207 184 82
19.8125 -13.0000 1.2750 215 162 94
-6.8125 -9.5000 2.9600 130 187 253
1.0000 21.0000 1.8360 165 245 126
5.0625 9.5000 5.3190 97 103 216
3.5625 14.0000 4.7250 92 137 236
14.2500 19.0000 0.1620 165 138 178
12.1250 2.5000 4.1090 88 139 254
-16.7500 0.5000 1.9340 156 210 145
13.8750 -10.0000 3.8590 112 140 248
-11.2500 2.0000 1.2830 249 108 74
18.3750 -13.0000 1.0850 235 96 125
-21.5625 7.5000 0.1350 197 82 176
0.8750 -2.0000 1.1990 225 114 92
-23.8750 -8.5000 0.1340 176 143 138
-4.5000 0.5000 1.1930 238 93 92
14.6250 9.0000 0.9490 242 81 141
14.5625 25.0000 0.6580 207 203 74
9.6250 3.0000 4.2470 86 128 243
-0.3750 -14.5000 6.4710 77 114 199
-14.1875 -11.0000 4.4450 90 151 234
25.6875 -16.5000 5.4010 94 96 227
22.1250 -23.0000 0.9260 229 57 171
13.0625 6.0000 1.0840 245 94 123
21.5625 -3.0000 1.1120 241 102 119
-10.8125 19.0000 0.1330 189 134 152
5.5000 4.5000 4.4810 93 118 238
-6.8750 -19.0000 4.2140 114 126 237
-21.6875 -20.0000 0.1650 190 107 190
11.7500 -21.0000 1.2630 211 171 107
12.1875 9.5000 0.9880 254 84 141
16.5000 -9.5000 4.1460 84 146 254
18.6875 7.5000 1.1040 232 116 107
-13.2500 -2.5000 1.0580 254 103 111
8.3750 6.0000 4.1090 94 135 238
20.9375 -0.5000 1.0710 247 99 105
17.8750 -22.0000 0.9420 239 53 161
14.5625 -22.0000 0.9890 235 70 128
-17.4375 -15.5000 1.1740 220 175 78
24.1875 -22.5000 0.9450 228 68 159
-9.6250 -19.5000 5.4140 90 97 222
-6.5000 -22.0000 5.3970 88 114 221
-6.3125 -7.0000 1.3520 209 161 105
18.1250 -18.5000 0.9380 240 43 133
-12.8750 10.5000 1.2660 207 185 24
6.3125 -9.5000 1.0190 249 89 143
23.3750 -14.5000 4.5740 85 124 253
-21.5000 17.5000 3.0040 120 237 216
1.6250 25.5000 0.1310 184 127 136
12.0625 4.0000 3.9980 95 128 254
21.5625 -4.0000 3.9970 101 138 254
5.6250 -8.5000 1.0520 237 106 140
-18.5625 -13.0000 1.3470 209 226 70
11.8750 -22.5000 4.9780 87 112 244
4.6875 13.5000 2.1380 157 215 199
-20.9375 0.0000 0.1370 193 125 155
20.6875 -9.5000 1.0680 242 96 124
-3.6250 -4.0000 1.0820 243 84 132
-14.3125 25.0000 0.1440 169 120 163
-9.3750 7.5000 1.4500 219 169 67
-1.2500 2.5000 5.1990 93 109 213
19.4375 21.0000 0.0610 186 112 171
21.1250 -3.0000 1.0980 244 110 126
-23.2500 2.5000 0.1490 185 122 184
-2.1875 -6.5000 1.1080 241 91 124
0.0000 -15.0000 6.4640 75 117 201
14.3125 23.5000 0.5530 204 183 103
-16.2500 -15.0000 5.0600 91 120 227
11.1250 18.0000 0.6500 199 112 121
-7.8125 -18.0000 4.1940 108 130 239
10.3750 -16.0000 1.0090 243 89 127
17.1875 -14.5000 1.4710 186 203 133
18.1250 -0.5000 1.6040 193 183 128
4.4375 -13.5000 1.0900 241 87 120
-10.1250 -18.5000 5.0970 96 99 235
-23.6875 -23.0000 0.1390 172 125 153
-10.7500 9.0000 1.5840 205 196 68
-5.5625 -0.5000 1.2110 246 106 93
18.2500 -3.5000 4.1470 94 145 254
4.5625 18.0000 1.1770 242 133 82
5.5625 -5.0000 2.0600 154 210 197
-19.3125 7.5000 0.1600 195 65 145
12.1875 -20.0000 1.0350 239 101 151
8.4375 17.5000 1.2280 225 186 70
6.1875 9.0000 5.4560 91 113 208
9.8750 20.5000 1.0830 214 200 45
-17.9375 -4.5000 0.2840 192 113 159
8.7500 24.5000 0.1430 185 121 186
17.3125 -4.0000 4.2960 101 142 230
-11.2500 -18.5000 4.1280 108 129 247
-7.5625 10.5000 2.0690 164 225 154
10.3750 6.0000 1.2390 229 125 76
7.0000 -6.5000 1.2600 224 158 82
22.1875 21.0000 0.1460 175 125 150
6.5625 -18.5000 3.8560 104 132 254
-5.0625 -3.0000 1.1310 242 98 108
-20.9375 -17.5000 1.8330 159 254 153
6.7500 -1.5000 4.2230 94 124 235
-0.5000 21.0000 1.1580 222 197 88
21.4375 -23.5000 0.9310 226 48 160
-23.8750 14.5000 2.0110 168 254 127
-8.0000 4.0000 1.3070 245 112 84
-20.9375 14.5000 2.0540 170 254 116
15.8750 -11.0000 3.9180 103 138 254
2.0625 0.0000 4.0750 107 122 239
-18.2500 -16.0000 1.2820 209 205 83
-14.6875 -13.0000 5.5480 78 122 219
15.3125 -6.0000 4.4470 88 152 245
7.1875 -6.0000 1.4340 199 191 91
-17.0000 20.0000 0.1670 172 99 157
-23.5000 -23.5000 0.1630 172 125 149
-11.9375 14.5000 0.1270 191 84 151
-2.6250 -16.0000 5.0450 86 119 220
-4.3750 -19.0000 5.7400 82 112 215
-11.1875 12.0000 0.8930 236 125 88
-10.0625 -22.5000 4.2190 115 126 244
-8.1875 -3.0000 1.0830 254 88 128
-15.5625 -15.0000 5.1790 84 119 231
-20.0625 0.0000 0.1510 191 130 151
10.1875 7.5000 1.1360 245 104 83
13.8125 -12.0000 3.6380 101 158 254
18.3750 4.0000 2.0420 150 221 197
14.2500 -22.5000 1.4510 179 198 127
-14.6875 -1.0000 1.0390 254 102 87
19.6250 4.5000 1.8430 163 218 161
-20.1250 -11.5000 0.3270 190 155 148
-7.7500 25.0000 0.1450 164 148 143
3.7500 -6.5000 1.1050 240 110 110
-18.5625 -18.0000 1.0920 249 140 92
16.9375 -17.0000 0.9620 236 60 149
-3.5625 10.0000 6.3830 80 111 194
9.8125 4.0000 4.1180 89 136 244
-5.5000 11.5000 2.2740 157 226 186
-14.8125 17.5000 0.1520 197 142 135
-23.3125 -15.0000 0.1360 171 133 145
1.3125 0.0000 4.0010 105 129 249
-22.9375 -1.5000 0.1880 177 150 138
-12.0625 -15.5000 5.4860 79 104 221
-4.6875 -16.0000 4.5890 98 123 228
-3.8750 -3.0000 1.1340 250 109 136
-4.3750 2.0000 1.2790 235 109 76
-14.4375 16.0000 0.1340 191 134 152
-14.4375 23.0000 0.1190 178 118 153
10.1250 -14.0000 1.0090 239 90 136
15.1250 -18.5000 0.9750 236 58 153
-16.4375 14.5000 0.1340 182 134 138
-17.3750 -7.0000 1.0660 225 199 69
5.2500 25.5000 0.1320 173 126 171
5.0000 -1.0000 4.1180 109 121 221
-4.2500 14.5000 1.8650 173 216 124
8.9375 -18.5000 1.0670 235 91 118
1.6250 -18.5000 6.9150 76 99 189
-12.8750 -21.5000 4.1850 104 142 245
6.5000 -20.5000 3.7500 111 149 254
-24.0000 -21.5000 0.1400 173 125 169
4.9375 -15.5000 2.0680 166 220 184
16.3125 10.0000 1.0510 232 112 120
-18.5625 22.5000 0.9240 237 139 95
14.7500 24.0000 1.2610 209 254 31
9.3125 -24.0000 5.5410 96 96 208
-19.1875 3.0000 0.1530 189 76 163
-16.5000 18.5000 0.1470 170 133 131
3.5000 21.5000 2.2490 153 235 190
15.0625 -17.0000 0.9410 241 78 168
-5.5625 -21.0000 5.5090 79 111 226
2.1875 21.0000 2.1710 146 237 183
9.2500 -14.0000 1.0280 236 114 141
-14.7500 -4.0000 1.1230 245 138 92
-2.3750 22.0000 0.2070 201 133 147
-4.5625 4.5000 5.0880 95 102 229
-16.5625 22.5000 0.1880 178 103 190
2.4375 -4.5000 3.0680 126 172 254
-11.9375 -5.5000 1.1170 239 106 84
-18.3125 -9.5000 1.8570 159 254 135
4.3750 24.0000 0.1380 182 90 150
-4.9375 -7.0000 1.1020 239 87 103
0.9375 -11.5000 1.4190 201 169 103
10.6875 21.0000 0.5880 201 144 136
12.9375 3.0000 4.0010 89 144 254
16.7500 -13.0000 1.0750 231 94 110
-15.2500 -15.5000 5.1200 84 118 232
4.1875 7.5000 5.5680 85 110 211
-14.3750 0.5000 1.2210 239 138 79
11.5000 -14.0000 1.0050 241 77 127
-13.1250 12.5000 0.1580 191 106 160
15.3125 10.0000 1.0240 235 98 123
-10.5625 4.0000 1.4210 234 128 78
10.3125 -22.0000 5.1060 83 109 250
11.4375 -12.5000 1.0310 241 96 129
12.7500 14.5000 1.1760 237 147 90
-17.3125 -4.5000 0.7880 213 143 127
-14.6250 -19.5000 1.1650 234 108 109
-9.0625 -20.5000 4.2370 107 136 253
-21.0000 -19.5000 1.0510 243 157 91
-14.8750 -16.0000 5.0560 86 117 230
16.9375 3.0000 2.0850 148 219 209
-2.7500 -12.0000 5.5030 80 110 226
-3.5625 25.5000 0.1500 193 116 114
-22.8750 24.0000 1.6700 185 218 116
25.3125 -9.0000 4.1780 112 121 228
9.3750 22.5000 0.0870 186 94 178
-5.5625 -18.0000 5.2160 82 123 227
-20.6875 11.5000 2.2410 149 254 164
-1.3125 -15.5000 6.7010 77 80 191
23.5625 5.5000 1.1130 236 124 100
-3.8750 -22.5000 5.4850 96 123 205
2.7500 10.0000 5.2840 88 114 217
-1.1875 23.0000 0.1420 203 113 155
-9.8750 -20.0000 5.4170 90 108 215
20.9375 -17.0000 1.0070 238 62 124
-7.8750 16.5000 1.0780 218 207 90
8.4375 -5.5000 3.9650 105 138 224
4.9375 -10.0000 1.0220 237 76 126
5.2500 -7.5000 1.0690 226 93 120
23.8750 -13.5000 4.5810 93 131 236
19.7500 13.0000 0.1550 154 96 199
10.4375 17.0000 0.9920 230 149 57
-6.4375 -13.5000 4.3420 99 125 249
1.0000 17.5000 1.2290 229 169 50
-23.3750 18.0000 1.9570 169 236 147
21.1875 -17.0000 1.0580 236 84 122
-16.8125 21.0000 0.1720 161 117 170
-18.6875 25.5000 5.3760 78 166 218
1.6250 15.5000 4.6340 102 126 221
6.3125 16.0000 1.2790 228 150 91
11.2500 5.0000 1.9260 169 192 162
0.4375 10.5000 5.4930 85 126 220
19.6250 -9.0000 1.0770 246 99 124
16.3125 -1.5000 4.2070 96 139 254
-19.6250 11.5000 2.0930 163 254 140
-1.4375 25.5000 0.1390 197 125 132
14.2500 12.5000 1.1500 237 133 109
24.9375 1.0000 0.9680 241 74 139
-9.8750 1.0000 1.2310 247 105 107
-14.3125 15.5000 0.1450 191 135 151
12.3750 -2.0000 4.5560 85 128 249
-17.0625 7.0000 3.0080 118 197 224
-13.6875 -11.5000 5.9390 76 115 206
-11.4375 -2.0000 1.0700 243 70 117
-0.2500 -1.0000 1.1860 234 119 91
-3.0625 2.5000 1.3950 227 158 84
-18.4375 -20.5000 1.1100 242 134 98
23.0000 -22.0000 0.9500 242 67 156
22.3125 -6.0000 1.1120 238 102 89
1.0000 19.5000 1.7370 173 246 107
9.9375 -17.0000 1.0230 236 83 123
-15.0000 8.0000 2.0170 175 220 128
-2.0625 3.5000 5.3340 92 110 218
2.6250 -2.0000 1.2070 232 117 99
19.8750 -21.0000 0.8840 244 57 183
5.6875 -16.0000 1.0870 240 111 109
-23.8125 -17.0000 0.1500 167 151 148
-0.6875 3.0000 5.4490 90 128 212
-3.5625 -22.0000 5.5330 94 124 206
16.9375 0.0000 3.9830 101 138 254
13.2500 -4.5000 4.4810 96 130 240
-1.6875 -19.0000 5.8350 80 112 196
-16.4375 -17.0000 3.1160 123 185 242
9.5000 15.5000 1.2080 226 152 81
-15.3750 -0.5000 1.0340 254 101 90
-0.5000 -4.5000 1.1020 240 80 109
7.2500 14.0000 1.1650 239 113 78
-19.0625 18.0000 0.1500 163 127 164
-22.0625 -22.5000 1.0290 236 155 99
-7.6875 10.0000 2.1600 160 219 162
-18.8750 -5.0000 0.1320 186 121 157
23.8125 8.5000 0.1510 172 79 185
15.7500 -10.0000 3.9880 91 150 254
-7.8750 25.5000 0.1090 159 141 143
13.3750 1.0000 4.1560 95 133 252
13.8125 -19.0000 0.9610 237 75 135
-4.3125 21.5000 0.1840 191 98 162
21.8125 20.5000 0.1940 175 135 153
13.0000 8.0000 0.9970 254 77 126
12.2500 -18.5000 0.9590 238 70 140
-9.8750 8.5000 1.4650 213 172 72
-4.6250 4.0000 5.0470 105 93 227
0.8125 -12.5000 1.3540 211 163 86
-3.0625 -7.5000 1.0600 246 79 117
-8.2500 -23.0000 4.2740 114 124 230
1.1250 -20.0000 7.1750 62 103 181
-9.2500 -1.0000 1.1560 254 88 90
-0.1250 -23.0000 3.1760 146 166 216
-15.6875 -1.0000 1.5020 198 192 91
-17.8125 -11.0000 1.5580 184 245 96
6.3750 -4.5000 3.9350 106 135 240
17.8750 2.0000 1.1420 236 110 93
13.0625 -9.5000 3.8860 111 140 254
-19.6875 22.5000 1.0010 244 140 73
9.0625 -6.5000 3.9270 103 145 247
-12.3750 4.5000 1.5540 221 162 73
-15.5625 10.0000 2.0140 171 222 123
17.8125 7.5000 1.4090 187 187 104
2.8125 12.0000 1.3010 231 148 85
-20.3750 6.5000 0.1370 175 94 166
-0.2500 -20.5000 5.8360 69 133 205
-4.7500 23.5000 0.1680 197 127 141
-0.8125 17.0000 4.5950 81 146 225
-13.4375 17.5000 0.1540 193 145 113
4.4375 -16.0000 1.2860 228 160 77
7.5625 -10.0000 1.0510 247 96 132
1.0625 -2.0000 1.1910 231 122 91
5.8125 -20.0000 3.7590 119 148 253
7.3750 8.5000 2.0590 169 209 181
10.5625 18.0000 0.3320 174 95 172
12.3125 11.0000 1.0330 250 88 145
19.1250 0.0000 1.1220 247 110 101
10.5000 -22.5000 5.1840 84 108 243
12.7500 -22.5000 4.8950 90 128 249
18.2500 6.0000 1.5380 179 210 133
-21.0625 -17.0000 1.0690 231 199 89
0.3750 -23.0000 3.2350 142 177 224
-7.8125 22.5000 0.1380 176 131 126
13.3750 -2.0000 4.4500 97 131 244
3.3125 -15.0000 6.1390 77 124 212
2.1250 -9.0000 1.0660 235 87 125
-15.7500 -7.0000 1.3060 218 176 91
-16.1250 24.0000 0.8290 216 166 89
-9.3125 10.5000 1.4080 225 187 59
10.8125 -7.0000 3.9540 99 145 242
-6.5625 -5.0000 1.1020 238 84 127
-4.9375 8.5000 5.8760 88 117 205
0.0625 15.5000 4.4540 90 142 219
-6.8125 -12.5000 4.0860 110 137 249
21.1875 -2.5000 1.0990 242 109 130
13.8125 25.0000 0.5750 195 185 111
-6.7500 18.0000 0.7680 236 153 95
-17.0000 8.5000 2.0340 168 235 131
-0.7500 -1.5000 1.1950 233 111 95
18.8125 -6.0000 4.3550 79 151 254
-23.8125 19.0000 1.9120 173 229 144
-12.0625 -19.0000 1.1880 245 111 90
14.7500 -2.5000 4.4300 93 145 246
-5.1250 -13.5000 5.4130 81 128 216
-16.6250 -19.0000 1.1350 246 131 121
7.4375 -16.5000 1.5330 193 189 107
14.4375 -23.0000 1.0450 229 82 115
22.1875 -4.0000 3.9830 99 142 254
8.2500 4.5000 4.2330 97 126 248
10.6875 -7.0000 3.9870 98 145 243
-9.3750 -11.0000 5.4330 88 98 227
1.8750 3.5000 5.9780 88 106 203
15.5625 1.5000 4.0310 100 136 252
19.4375 -11.0000 4.2370 85 144 254
-4.3750 21.0000 0.1420 188 96 143
12.8125 18.5000 0.5830 191 183 129
-1.1875 17.5000 2.1890 148 242 165
-0.1875 -20.0000 5.9350 70 128 202
13.0000 -18.0000 0.9660 241 74 137
-9.9375 -16.0000 3.5630 125 119 254
10.5625 -7.5000 3.8640 101 148 242
-12.5625 -6.0000 1.1030 242 103 82
-15.3750 12.0000 3.0640 110 207 219
-18.8750 -12.5000 0.9540 229 159 91
19.8750 -21.0000 0.9040 245 61 178
-11.1875 7.5000 1.6290 208 199 76
4.0000 11.0000 1.2910 237 150 72
-21.7500 -20.0000 1.8140 160 254 140
-1.1250 -17.5000 6.9820 75 98 184
2.0000 20.5000 4.5240 77 161 208
8.9375 10.5000 2.9440 129 179 235
25.4375 -22.5000 0.9360 211 63 165
-22.3125 15.5000 2.0270 164 254 125
9.8125 -12.5000 1.0430 246 96 128
16.0625 -20.0000 0.9180 245 70 175
-18.4375 12.5000 2.0800 160 254 129
-21.6875 18.0000 1.6470 183 246 62
-3.3750 3.0000 1.4150 222 159 89
17.5000 6.5000 1.4800 180 204 123
14.3125 26.0000 0.4550 173 185 125
-0.3750 17.5000 4.4770 91 154 225
-2.9375 -10.0000 1.1290 249 92 90
-11.0000 22.5000 0.1420 193 128 108
1.6875 0.5000 4.0780 107 123 243
1.8750 -19.5000 4.0800 119 163 207
7.7500 23.5000 0.1300 183 115 179
23.6875 -4.5000 1.1240 239 103 108
-7.5625 18.0000 0.3260 187 123 138
13.0625 -7.5000 4.0410 105 134 234
21.6875 -3.5000 3.9960 102 138 254
-9.4375 14.5000 1.0500 242 137 100
15.9375 -19.0000 0.9700 240 60 147
19.6875 -14.5000 1.1870 226 131 111
-21.6250 -8.5000 0.2120 184 142 141
11.9375 21.0000 0.6130 206 173 104
-11.8750 15.5000 0.1470 189 90 144
-0.6875 1.5000 5.1490 99 96 220
-3.5625 2.0000 1.2390 246 124 92
-1.0000 23.5000 0.1580 206 119 152
9.3750 -3.5000 4.2530 86 137 244
1.1875 8.5000 5.8450 80 113 220
-6.1875 -10.5000 3.1910 132 181 254
-23.3750 -22.5000 0.1490 178 121 164
8.9375 0.0000 4.5990 77 131 242
0.6250 14.0000 5.4480 80 121 219
-18.6875 -15.5000 1.5370 188 233 105
-12.3125 -18.0000 5.0050 99 107 243
-18.0000 -21.5000 1.0770 247 127 93
20.5625 -3.0000 4.0020 100 143 254
-6.1250 19.5000 0.4060 194 156 132
-8.0625 -20.0000 4.3070 106 134 243
-17.2500 -8.0000 3.6980 102 169 232
2.8750 -5.5000 1.1100 233 109 120
6.5000 -21.5000 3.6140 114 152 254
1.0625 -7.0000 1.0940 243 95 106
-9.0000 20.5000 0.1710 187 149 154
-11.2500 -9.0000 5.3950 78 125 238
-9.3750 -14.0000 5.9250 83 94 221
18.0000 -10.5000 4.1860 95 124 254
-8.5625 26.0000 0.1870 161 157 129
-11.7500 -6.5000 1.1380 243 112 77
-21.6875 11.5000 0.1630 179 103 173
8.3125 2.0000 4.4420 88 125 221
-4.2500 10.0000 6.3180 86 112 185
-10.5000 -5.5000 1.0990 239 111 114
-16.1875 6.5000 2.0410 169 209 139
21.8750 7.5000 1.1310 235 159 77
-1.3125 23.5000 0.1630 202 117 153
-1.8750 -20.0000 5.7800 70 144 192
-8.7500 -10.0000 5.2430 85 112 244
0.1250 -1.5000 1.2050 231 124 88
-17.1250 25.0000 0.9550 209 176 76
4.3125 9.0000 5.2200 87 114 224
23.9375 4.0000 1.0500 239 96 104
10.3750 -21.0000 1.0240 254 88 134
18.0625 1.0000 1.1300 240 114 112
22.2500 20.0000 0.9380 208 229 70
-16.8125 -7.5000 1.2000 209 191 80
-9.1875 14.0000 1.1060 243 141 98
8.5000 1.0000 4.5550 91 119 217
8.5000 -6.0000 3.9290 105 141 227
-13.4375 4.0000 1.5910 201 163 97
-7.8125 -8.0000 1.1770 234 114 110
10.6250 13.5000 1.2180 232 125 82
1.1250 -11.0000 1.0940 242 92 124
-4.7500 6.5000 5.4770 95 111 221
-23.1250 -1.5000 0.0780 173 127 139
-14.3125 4.5000 1.6320 203 178 76
-7.0625 -16.5000 4.1870 112 112 242
-0.0625 -22.0000 1.3610 231 194 79
-0.1875 22.5000 0.4570 205 146 130
6.5625 13.0000 1.1880 240 115 77
-11.1875 9.0000 1.6270 202 201 76
5.6250 10.0000 1.2870 233 138 80
-11.8125 -18.0000 5.1160 95 107 241
3.7500 -12.5000 1.0880 247 93 129
-10.1875 16.0000 0.1400 189 100 160
9.5625 21.0000 1.1200 210 205 47
-22.0000 -2.0000 0.1450 185 133 137
18.5000 8.0000 1.4940 191 206 106
8.6875 4.0000 4.2090 89 131 243
21.4375 -1.5000 1.0520 244 94 138
3.2500 13.0000 4.6630 96 128 231
-0.4375 0.0000 1.3090 220 150 88
22.0625 -3.5000 3.9950 100 140 254
6.8125 18.0000 1.2050 236 153 88
15.3750 -5.5000 4.5060 88 149 246
-3.8750 -21.0000 5.5910 90 123 212
22.6875 20.5000 0.9260 209 232 67
-9.6250 -14.0000 6.0150 75 113 209
-14.5625 26.0000 0.2490 172 142 157
12.1875 5.0000 1.1280 239 102 118
-10.6875 -2.5000 1.0780 245 80 105
-0.4375 21.5000 1.1430 222 207 80
-18.2500 -6.5000 0.5550 213 128 121
1.7500 -1.0000 3.9600 107 127 238
-10.0000 12.0000 1.3700 217 209 74
16.5000 0.0000 3.9820 101 139 254
6.8125 14.0000 1.1650 239 112 79
0.0000 26.0000 0.0840 200 115 127
-15.1875 -1.5000 1.0370 252 103 89
9.9375 23.5000 0.7610 215 211 74
6.8750 16.0000 1.2890 228 166 81
23.6875 -7.5000 1.1050 229 104 104
19.2500 0.5000 1.0840 248 101 109
20.6875 -8.0000 1.1210 227 94 110
-5.9375 1.5000 1.2360 242 94 77
11.7500 5.5000 1.1220 236 99 122
-7.0625 3.0000 1.2830 249 99 89
-19.0625 -19.0000 1.4370 206 208 109
-13.4375 0.0000 1.1630 251 119 85
3.2500 14.5000 4.6800 95 137 237
-23.8750 -12.5000 0.1470 178 160 148
-23.6875 -6.0000 0.1320 173 149 154
10.9375 15.5000 5.4760 66 166 199
3.3125 16.5000 4.6740 94 133 216
-0.2500 -4.0000 1.1320 236 91 95
-23.1250 -16.5000 0.1610 172 145 148
18.6875 -12.5000 1.0970 238 100 123
4.9375 -11.0000 1.0490 244 94 162
7.7500 -5.5000 1.4170 197 184 90
0.3750 18.0000 4.5210 88 155 226
2.3125 13.0000 4.6820 108 111 217
7.5625 13.5000 1.1880 234 119 76
9.1875 18.0000 0.9150 223 129 77
3.0625 -21.0000 3.8820 109 149 245
-10.6250 -8.0000 5.1220 90 122 239
-20.5000 0.0000 0.1510 193 129 153
1.0000 -11.5000 1.4000 203 167 102
7.8750 -19.0000 3.8680 103 129 248
2.9375 17.5000 1.6120 193 207 109
-10.1250 -9.0000 5.2020 88 132 233
-2.7500 -13.0000 4.2690 100 137 238
-9.4375 -9.5000 5.1810 86 114 248
19.3125 -19.5000 0.9460 236 69 152
-20.1250 -21.5000 1.0420 242 150 99
-5.6250 -1.0000 1.1560 252 91 97
4.5625 -9.0000 1.0330 238 78 125
-14.5625 -22.0000 1.1910 245 134 89
-20.8750 10.0000 0.1560 192 77 178
8.1250 10.0000 3.7960 114 124 231
-18.1250 -0.5000 0.4290 202 101 153
2.0625 18.0000 1.5550 197 210 87
22.2500 20.5000 0.1230 177 119 153
-2.2500 -17.5000 7.1460 70 97 189
16.2500 11.5000 1.1190 231 134 111
14.3125 -10.0000 3.9060 111 138 243
-0.1250 6.0000 6.1010 87 94 209
20.2500 -8.5000 1.0740 241 97 128
-2.2500 24.0000 0.1220 203 103 162
-5.3750 3.0000 1.2730 238 109 77
-21.6875 25.0000 4.8540 96 158 221
-4.4375 -5.0000 1.0830 233 71 107
-1.5000 -20.0000 5.8010 70 142 187
10.1250 -5.5000 4.1690 98 138 241
-16.6875 2.5000 0.7810 219 135 100
14.0000 15.0000 0.6000 206 72 178
15.6875 -12.0000 3.8510 100 143 254
-10.4375 10.5000 1.5650 192 192 74
24.6875 -9.0000 4.2290 100 120 234
-3.0000 7.0000 5.8830 83 121 215
-0.2500 -9.5000 1.1140 238 95 122
12.6875 8.5000 1.0020 254 77 128
-15.1250 12.0000 0.1840 187 104 141
-17.4375 21.0000 0.1030 169 92 169
-22.3750 -20.0000 1.7500 166 254 128
-20.0625 9.5000 0.1420 193 77 174
-10.5625 12.0000 1.1760 228 168 62
7.5000 18.0000 1.2090 235 154 87
-5.3750 17.5000 1.1670 228 169 69
-12.5625 -1.0000 1.0660 251 65 99
-21.7500 -2.5000 0.1280 179 122 155
-3.0625 25.0000 0.1750 198 123 112
-13.1875 18.0000 0.1150 192 142 113
18.8750 -4.5000 4.1840 91 151 254
-10.3125 -2.5000 1.1020 241 88 109
-14.1250 -9.0000 1.9890 161 234 174
3.9375 -5.0000 3.0920 117 174 254
-3.4375 -20.0000 5.7210 77 133 216
19.3750 -15.5000 1.0730 242 99 122
0.8750 4.0000 5.9290 88 109 213
-0.8750 -10.0000 1.0900 241 86 112
4.3750 10.5000 5.3930 88 109 217
0.5625 -3.0000 1.1270 239 93 89
10.3750 -5.5000 4.1390 99 138 241
-16.5625 -22.5000 1.1040 235 109 89
14.0625 21.0000 0.5600 197 187 101
0.0000 16.5000 2.0060 157 238 157
13.9375 -4.0000 4.6080 93 129 237
-7.8125 3.5000 1.2940 246 107 85
5.0625 3.5000 4.5610 97 115 228
-20.1250 -23.0000 0.6640 227 78 136
-21.5625 -22.0000 1.0260 244 154 97
-3.8750 26.0000 0.1540 191 119 113
20.3125 6.5000 1.1220 231 120 101
13.0000 -6.0000 4.2880 100 129 239
-10.9375 -11.5000 5.7460 73 121 209
9.3750 -0.5000 4.6810 72 133 243
-8.2500 8.5000 1.5240 211 183 65
-12.9375 -9.0000 1.2270 229 145 81
-19.3750 15.0000 3.0310 116 230 193
-15.1250 6.0000 1.9160 183 200 124
-16.6875 -3.0000 1.0580 216 166 95
-14.8125 15.5000 0.1490 187 135 137
-16.0625 -18.5000 1.1540 236 114 124
-3.7500 -15.0000 4.4160 102 132 235
0.8125 -6.5000 1.0910 244 93 105
19.5625 -14.0000 4.1980 91 118 254
-12.1875 -12.5000 5.9060 69 127 212
18.5625 -14.5000 4.0150 95 123 254
-7.5625 -3.5000 1.1000 251 90 125
-5.0000 -12.0000 4.4210 97 138 236
22.1875 -5.5000 1.1170 235 103 93
4.1875 -15.0000 1.1590 247 125 80
-14.5625 -0.5000 1.0800 254 108 83
-20.0000 10.0000 3.0670 103 190 202
16.8125 -2.0000 4.1600 102 133 246
-7.1250 -6.0000 1.0500 247 81 134
5.2500 -21.5000 3.6470 120 131 253
-0.5000 -12.0000 4.1160 106 129 254
-18.5625 -11.5000 1.6050 179 253 98
0.5000 -4.0000 1.1320 239 96 91
12.1250 22.0000 0.5600 204 177 96
-5.2500 -10.0000 1.3560 220 166 91
5.1250 15.0000 1.8970 170 211 165
25.2500 7.0000 1.1010 220 148 96
2.4375 -5.5000 1.0850 237 110 118
11.8750 -19.0000 1.0220 231 75 126
18.1875 2.0000 1.1080 244 109 112
-4.8125 1.0000 1.1920 239 93 91
-17.8125 -22.0000 1.0940 243 131 90
-8.1875 -4.0000 1.0660 254 83 128
-23.1875 24.0000 1.7580 178 219 132
5.3750 -23.5000 3.2160 132 146 231
-13.1250 -14.0000 5.6200 83 113 214
-14.1250 13.0000 0.1390 181 115 146
3.8125 21.5000 1.1960 218 173 88
-20.3750 22.0000 1.3340 220 206 57
1.9375 24.5000 0.0680 188 113 144
-13.6875 3.0000 1.4570 216 173 80
-0.5000 13.0000 5.1540 89 128 222
17.6250 -5.0000 4.3590 95 145 227
-20.7500 8.0000 0.1650 200 82 174
-20.8125 -13.0000 0.3010 192 150 147
-1.9375 -10.0000 1.1020 253 85 93
6.9375 6.0000 4.1650 94 141 252
12.0000 4.5000 1.2380 218 118 110
-13.5625 17.0000 0.1140 196 138 121
-12.1875 12.5000 0.2230 189 82 166
-15.9375 18.0000 0.1440 189 147 143
21.4375 18.0000 0.9560 193 214 68
-12.5000 -5.5000 1.1350 236 111 85
-10.1250 -22.5000 4.2170 115 126 244
2.8750 21.5000 1.9220 166 231 164
21.5000 -16.0000 4.5130 83 114 254
-2.9375 -4.5000 1.0700 245 81 131
-3.2500 -17.5000 7.2730 72 94 189
6.5625 -17.5000 1.1170 243 115 98
5.6250 14.0000 1.1710 232 110 89
16.6875 3.0000 1.3150 221 159 102
10.0000 4.5000 4.0650 93 131 246
4.9375 11.5000 5.2470 89 108 222
7.9375 0.0000 4.5110 86 120 227
-17.3750 -9.0000 3.7260 97 188 236
-5.5000 23.0000 0.1720 197 126 144
-17.8750 25.5000 5.4850 79 162 212
11.0625 -21.5000 4.8990 83 112 254
6.8750 13.5000 1.1860 236 117 78
1.1875 -24.0000 3.5410 133 149 216
10.5625 4.0000 4.1030 95 120 239
24.8750 -8.0000 4.1540 109 124 235
-7.0625 -17.0000 4.2090 103 133 227
18.7500 6.5000 1.1710 230 129 104
4.1875 5.0000 4.5530 92 128 231
-20.6250 -18.0000 1.0520 236 193 81
-17.5625 14.5000 0.0890 183 115 156
3.9375 6.5000 5.8310 83 94 210
6.6250 17.0000 3.1600 122 185 254
23.0625 2.0000 1.0060 254 87 126
8.9375 -3.0000 4.2840 89 132 243
12.5625 0.5000 4.3070 92 132 246
-23.3750 12.5000 2.0820 171 247 130
-0.0625 16.5000 2.0700 153 238 165
7.3125 14.5000 1.1490 240 110 81
-0.4375 -22.0000 5.7250 77 125 198
13.6875 -22.5000 1.7020 174 221 153
-23.1875 15.0000 1.9750 169 254 119
4.6250 9.0000 5.1460 89 115 222
-14.3750 -20.0000 2.6360 133 231 238
-8.1875 0.0000 1.1840 252 98 86
19.9375 -13.5000 3.6980 93 161 254
7.2500 2.0000 4.5480 85 125 230
20.8750 22.5000 0.1350 185 129 113
-12.1875 -4.0000 1.0740 252 81 100
-14.1875 21.5000 0.1410 185 125 148
12.3125 -15.0000 0.9740 244 73 137
24.3750 -16.0000 5.0430 96 101 242
22.6875 -7.0000 1.0940 238 99 88
-7.0625 -0.5000 1.1700 247 92 88
22.0000 -15.5000 4.5000 83 130 254
14.9375 -20.5000 0.9660 236 88 141
17.9375 11.5000 0.8890 220 117 118
15.8125 10.0000 1.0390 237 103 116
-6.6875 -12.5000 3.8460 116 139 254
-20.5000 -5.0000 0.1480 177 141 145
23.4375 1.0000 0.9930 250 77 139
-6.7500 4.0000 1.3560 229 128 91
11.4375 -11.5000 3.6410 101 150 254
1.8125 -13.5000 6.1070 79 119 205
-9.1250 -18.5000 5.5150 81 115 225
7.0000 14.5000 1.2000 235 123 78
19.8125 8.5000 1.1040 236 120 99
16.6875 -4.5000 4.3810 100 143 230
-17.5000 -18.5000 3.4690 121 172 254
-4.1250 4.0000 1.4520 219 144 91
18.1250 -21.0000 0.9600 238 68 173
19.4375 -20.5000 0.9080 243 63 181
16.8750 -23.0000 0.9350 239 67 159
-19.7500 -13.0000 0.2410 186 115 134
-19.0000 -9.5000 0.3540 199 119 132
16.0625 -13.0000 2.1920 146 217 238
-11.6250 -0.5000 1.1310 250 80 88
-18.3125 2.0000 0.1460 194 74 153
14.1250 5.5000 1.0730 245 92 121
10.2500 -9.0000 1.0780 240 105 105
-4.5000 -10.0000 4.2840 94 131 247
9.1250 9.5000 1.1670 244 103 88
-22.1250 -16.5000 1.0600 217 243 91
21.1250 -4.5000 4.1700 93 149 254
-17.5625 -5.5000 0.7630 226 138 104
-14.7500 -5.5000 1.1390 239 138 93
-17.8125 -15.5000 2.4530 135 243 223
-9.7500 -5.0000 1.0180 249 80 143
-21.7500 14.5000 2.0110 173 254 111
2.0000 -17.0000 6.5390 83 110 189
5.3750 5.0000 4.4350 92 120 242
25.5625 6.5000 1.0970 220 144 95
-21.3750 -16.5000 2.1960 136 254 158
17.6875 -8.0000 4.4610 87 132 243
7.9375 5.5000 4.2180 92 137 245
13.3125 25.5000 1.0310 205 234 61
-17.6250 -10.0000 3.7810 96 188 232
-12.9375 3.0000 1.4460 223 137 90
-0.7500 16.0000 4.4930 89 142 220
10.9375 -12.5000 1.0370 245 96 127
-16.2500 11.5000 2.1800 149 243 154
-10.8125 15.0000 0.1330 188 87 148
-15.5000 -20.5000 1.1440 247 119 106
-15.9375 -0.5000 1.9240 161 213 153
-14.8125 23.0000 0.1400 179 120 160
-22.0625 -21.0000 0.9720 244 150 103
13.3750 21.0000 0.5840 200 187 101
-11.3125 -7.5000 5.1110 80 129 247
-21.1250 9.0000 0.1460 198 79 181
12.9375 -20.0000 0.9990 239 80 141
-12.5000 -5.5000 3.0660 129 179 254
-14.0000 -22.0000 1.7570 184 224 142
-13.3750 -21.5000 1.4710 205 184 95
-0.5625 -8.5000 1.0620 239 84 124
21.8125 5.0000 1.0350 243 102 111
-18.0000 7.0000 0.3860 190 59 143
2.8750 -17.5000 6.5950 83 120 191
13.4375 11.5000 1.0510 253 95 137
-22.1250 -4.0000 0.1680 181 134 150
-15.6250 -15.0000 5.1330 85 119 231
-5.3750 -8.0000 2.0630 161 216 206
-23.1250 -11.5000 0.1210 180 156 144
6.3750 13.5000 1.2060 233 122 81
23.0000 3.0000 0.9680 254 78 138
-15.0000 1.5000 1.3120 231 151 60
-1.8125 11.0000 5.8170 79 128 202
-9.8750 20.5000 0.1580 183 152 153
-2.8750 -10.5000 4.1410 105 136 250
11.1875 6.5000 1.1390 238 103 93
-12.8125 17.0000 0.1590 191 131 151
9.8750 5.5000 4.0120 96 133 253
17.8125 17.5000 0.2390 198 137 148
12.6250 4.5000 2.0620 150 200 201
3.7500 9.0000 5.3490 86 112 223
15.2500 5.5000 1.4690 187 196 126
5.7500 -21.5000 3.6420 116 148 251
-15.0625 7.5000 2.0040 175 216 125
-12.4375 -18.0000 5.0640 98 107 242
-19.8750 23.5000 4.7970 87 163 224
-11.5625 -7.5000 5.1500 79 129 246
6.0625 13.5000 1.1720 234 111 85
-13.2500 7.5000 1.8580 192 187 97
-5.5000 -0.5000 1.2170 245 107 92
15.1250 -15.0000 1.0050 238 78 150
-9.5000 18.5000 0.1750 187 143 143
-3.1875 -20.5000 5.6710 73 149 201
-9.1250 2.5000 1.2770 249 110 96
-4.1250 24.5000 0.1400 193 119 127
-0.5625 -19.5000 5.9350 78 129 177
19.5625 -1.0000 1.9450 172 208 189
14.1875 3.0000 1.1790 230 113 95
15.1250 -6.5000 4.3520 91 154 242
17.0000 0.0000 4.0100 100 137 254
-14.9375 -10.5000 4.3020 94 161 234
-18.3125 -14.5000 1.5150 189 232 99
24.5000 8.0000 0.1320 168 82 177
5.1250 7.0000 5.4780 96 106 205
17.2500 13.0000 1.0790 217 159 101
4.2500 21.0000 1.2470 219 183 81
-8.6875 -13.5000 5.7950 78 116 214
-19.6250 -14.0000 0.4290 195 139 138
-14.0625 -12.0000 5.7710 75 120 214
10.4375 13.0000 2.1330 156 216 205
21.7500 -15.0000 4.3910 86 131 254
-19.6250 10.0000 3.0680 112 203 202
-2.5000 15.0000 1.4410 213 182 56
-23.5625 0.5000 0.1390 175 131 154
-6.3125 -20.0000 4.2360 114 139 251
-0.5625 16.0000 2.1660 149 228 176
-18.6875 21.5000 1.0270 237 169 67
-11.5000 4.5000 1.5020 230 153 62
-15.5000 -8.5000 1.1600 232 140 93
-8.0625 -1.5000 1.1390 254 83 89
13.5625 22.0000 0.5660 207 187 88
18.1250 2.5000 1.1220 240 112 113
22.9375 -14.0000 4.4730 87 127 254
-3.8750 19.5000 1.0200 226 177 88
-21.0625 12.5000 2.0690 161 254 139
13.7500 -5.0000 4.4980 105 124 230
-17.9375 21.5000 5.0690 79 169 194
14.3125 5.0000 1.0690 243 91 121
3.1250 -4.5000 3.0680 131 177 254
19.4375 9.0000 1.1020 235 119 103
24.6875 -14.0000 4.8040 93 124 225
9.3125 -5.5000 4.0250 102 139 243
-15.0625 25.5000 0.8470 203 170 75
0.1250 5.0000 5.9150 88 98 212
17.5000 1.0000 1.3220 218 158 105
7.1875 -17.5000 1.7640 177 199 143
1.7500 -16.0000 6.4620 83 113 200
-22.6875 1.5000 0.1640 182 128 170
7.8750 10.5000 1.6080 194 189 100
2.4375 25.5000 0.1450 185 127 133
0.3750 12.5000 5.1040 92 125 227
20.6875 -2.0000 1.1040 238 105 120
1.0000 -4.5000 1.1390 236 100 91
22.5000 -17.5000 1.0510 246 88 148
6.6250 9.0000 1.7020 189 192 123
20.4375 22.5000 0.1230 197 139 133
13.0000 -17.0000 0.9610 235 74 143
17.1250 -10.0000 4.1710 85 142 254
-21.9375 7.0000 0.1400 199 98 172
-6.7500 2.5000 1.2750 236 103 85
1.3750 17.5000 1.4260 210 199 63
11.0625 -8.0000 3.8790 105 137 253
24.2500 -0.5000 0.9990 244 81 127
-13.6250 -18.5000 1.2290 227 130 106
10.7500 -17.0000 1.0280 233 86 122
-2.9375 21.0000 0.7220 237 153 121
-22.4375 -7.0000 0.1360 183 138 158
22.0625 -0.5000 1.0110 254 82 128
23.8750 8.0000 0.2140 178 84 182
24.6875 12.0000 0.1790 171 146 118
-9.3750 17.0000 0.1230 188 105 150
-4.9375 -22.5000 5.4320 86 112 216
11.3125 9.5000 1.0430 249 77 104
-5.6875 -17.0000 5.2350 84 121 222
8.3125 -13.0000 1.0440 231 99 131
9.2500 10.0000 1.4160 215 169 89
11.0000 17.5000 0.6100 198 107 128
-23.6250 17.5000 1.9670 169 233 148
-21.5625 25.5000 4.9590 97 155 215
-14.3125 10.5000 3.0480 109 200 214
20.2500 -12.0000 3.5770 92 174 254
-13.1250 -8.0000 1.1250 239 117 87
-6.3750 -22.5000 5.3480 90 114 220
15.1875 26.0000 0.4910 177 193 110
18.1875 -23.0000 0.9560 233 57 158
24.0625 7.5000 0.4760 193 93 159
15.2500 -0.5000 4.1260 101 139 254
-20.5625 -23.5000 1.9100 157 230 151
12.5625 11.5000 1.0560 251 95 140
-1.5625 -6.0000 1.1240 236 95 124
-8.6875 13.0000 1.2870 224 173 95
-6.2500 16.5000 1.0860 231 144 76
-8.5625 -1.5000 1.1590 254 89 88
-16.8750 13.0000 3.1170 101 224 182
19.9375 7.0000 1.2730 218 168 100
19.8125 -23.0000 0.9470 232 65 168
1.4375 9.5000 5.5930 94 106 210
-2.2500 -11.5000 4.2330 102 139 243
-8.8750 1.0000 1.2520 249 115 95
-16.8125 -7.5000 3.7210 102 165 229
-23.2500 12.5000 2.0820 171 249 130
-21.3750 -2.5000 0.1640 183 129 155
10.2500 7.0000 1.1730 237 113 90
-17.9375 5.0000 0.1700 190 51 147
-8.3125 -2.5000 1.1070 251 94 130
-5.8750 -10.5000 3.4460 118 160 252
-9.7500 -19.5000 4.2470 102 136 254
-20.7500 -22.0000 5.0950 73 165 206
-16.1875 -11.5000 4.1440 91 169 234
-2.8750 19.5000 1.1550 239 182 76
-1.6250 -3.0000 1.1240 243 96 119
15.8125 -11.5000 3.8670 102 141 254
-12.3125 6.0000 1.6680 206 180 93
18.5000 -1.5000 3.9730 102 145 254
-9.3125 15.0000 1.0060 240 133 103
-9.0625 -12.0000 5.5620 77 119 224
2.6875 -17.0000 6.5320 79 114 197
11.6250 23.0000 1.1390 205 227 14
7.8125 24.0000 0.1220 181 117 178
12.3125 -21.0000 1.0730 239 100 130
19.1250 -8.0000 4.5800 85 112 252
0.2500 -21.5000 5.8610 69 136 207
16.8750 10.5000 1.0940 232 127 111
8.8125 -20.5000 5.0520 86 105 252
19.7500 -17.0000 4.0910 90 131 254
18.6875 -11.0000 4.2150 94 127 254
-3.1875 -18.5000 5.8240 82 114 205
-20.6250 15.5000 2.0690 159 250 130
21.3125 14.5000 0.1630 158 128 172
18.4375 -5.0000 4.2360 89 144 249
-1.4375 -10.0000 1.0920 251 82 96
-9.7500 -15.0000 5.8330 83 100 223
20.0625 -0.5000 1.8000 182 200 159
6.2500 1.5000 4.5670 91 121 229
24.5625 5.5000 1.1400 223 129 102
13.2500 2.0000 4.1050 84 145 254
4.1875 -13.0000 1.0690 247 88 129
8.5625 16.0000 1.2220 221 154 91
8.7500 -16.0000 1.0410 243 96 118
-4.1250 23.0000 0.1480 197 121 136
-16.2500 -7.5000 1.1960 225 152 100
-21.3750 6.5000 0.1340 180 90 165
9.8125 -1.0000 4.6660 72 134 241
-17.1250 21.5000 0.1340 173 97 192
22.8750 22.5000 0.1280 186 138 97
1.7500 -17.0000 6.6390 82 107 192
23.4375 -23.5000 0.8960 222 56 173
21.1875 2.5000 0.9910 247 77 138
-20.7500 17.0000 0.2510 190 110 187
15.7500 7.5000 0.9430 244 75 139
-3.1250 -22.5000 5.5300 82 148 195
13.8125 1.5000 4.0970 86 145 252
2.0000 2.5000 5.8370 79 110 204
21.4375 -5.0000 4.1350 91 144 254
15.8125 -12.5000 1.0900 232 98 110
16.3125 2.5000 1.1980 237 127 97
-12.2500 -6.5000 1.1240 243 108 78
-23.3125 23.0000 1.5800 195 213 103
-18.8125 -21.5000 1.0730 244 128 96
-11.1250 17.0000 0.1610 195 129 145
13.6250 23.0000 0.5510 208 180 101
23.6250 2.0000 0.9770 253 82 131
14.9375 -12.5000 2.9470 118 190 254
-11.9375 -13.0000 5.8840 72 126 210
14.1875 23.5000 0.5570 204 184 102
-12.5000 -17.5000 5.1080 99 105 242
-1.1250 0.5000 1.3790 218 161 92
-11.9375 8.5000 1.7340 198 209 97
-4.0625 -10.0000 4.4110 105 118 249
-0.8125 -20.5000 5.8080 75 152 191
18.9375 -9.0000 1.0970 242 101 123
3.5000 -5.5000 2.9100 118 196 254
-10.9375 0.0000 1.1240 247 78 92
-6.1250 8.0000 5.5270 93 122 207
2.5000 18.0000 2.2900 148 237 200
10.5000 -3.5000 4.3410 83 135 241
5.9375 -1.5000 4.1930 100 130 244
3.1875 8.0000 5.6200 84 110 213
-18.1875 10.0000 2.0800 161 247 141
1.1250 9.5000 5.6390 85 112 224
-8.3125 6.0000 1.4260 232 148 67
2.9375 -6.0000 1.1170 235 112 116
14.0625 4.0000 2.1750 149 213 216
2.8750 6.5000 6.0120 82 98 204
5.9375 6.0000 4.2540 96 137 247
6.0000 -18.0000 3.8960 106 130 254
-23.8125 -8.5000 0.1410 176 145 137
18.6875 -20.5000 0.9130 240 61 183
2.3125 -14.5000 6.1730 83 128 205
7.1875 24.0000 0.1540 182 116 178
-9.0000 -19.5000 5.4650 87 98 219
7.5000 -15.5000 1.0650 250 121 110
-17.8125 -9.0000 1.5890 177 251 107
9.5625 -13.5000 1.0280 236 115 139
-17.0625 10.5000 2.0800 162 254 129
-10.8750 -14.5000 5.7760 74 102 213
-17.1250 19.5000 0.1190 170 95 155
-3.4375 17.0000 1.3070 226 188 62
11.8125 -2.0000 4.5780 87 124 246
23.3125 5.0000 1.0640 242 112 105
-0.8750 -5.5000 1.0730 239 81 133
19.0000 -16.0000 1.0450 241 89 126
17.4375 7.0000 1.4350 186 197 115
14.5625 6.0000 1.0190 243 90 145
6.3125 -1.0000 4.2390 96 124 236
-12.1875 7.0000 1.7230 206 196 103
13.5625 -19.0000 0.9660 238 76 134
-8.2500 -2.0000 1.1250 251 97 126
13.2500 -3.0000 4.5420 92 131 247
-12.5000 0.5000 1.1850 240 96 90
-7.4375 -4.0000 1.0900 242 80 126
16.6875 -18.0000 0.9320 242 54 148
-15.8125 1.0000 1.7950 168 210 138
2.4375 -17.5000 6.6340 85 117 184
-17.3125 1.0000 1.3130 205 193 67
-16.6875 -12.0000 4.1230 88 174 221
-24.1875 7.0000 0.1490 190 118 181
-7.1875 19.5000 0.1380 184 116 143
-4.1250 -21.0000 5.5930 83 106 214
3.9375 -5.5000 2.5270 131 224 254
8.2500 -1.5000 4.4000 92 116 229
5.5000 3.5000 4.5740 91 124 228
15.1250 2.5000 2.2730 133 210 231
-11.8125 -19.0000 1.1830 246 109 88
16.7500 15.0000 0.2420 180 116 208
-23.6250 -4.0000 0.1660 179 152 165
-18.9375 -12.0000 0.8200 225 143 101
25.1875 6.5000 1.0780 223 141 96
3.4375 14.5000 4.7060 93 137 237
-14.0625 -2.5000 1.0750 243 127 102
-0.5625 17.0000 1.7870 171 225 122
-12.6875 -2.0000 1.0300 254 77 111
23.6875 -18.0000 1.9300 150 207 199
-10.3125 5.5000 1.4970 227 150 62
22.3750 -8.5000 1.1010 235 98 105
25.2500 -13.0000 4.8410 95 121 216
22.0000 -12.5000 4.0220 88 165 254
-4.4375 1.0000 1.2440 232 108 90
-8.3125 -13.5000 4.0370 104 129 244
-20.3750 -8.5000 0.4000 201 163 124
14.3750 -3.5000 4.5250 95 130 237
-17.1875 13.5000 0.1460 187 119 150
21.1875 -2.5000 1.1100 241 111 128
23.0000 -5.5000 1.1140 236 104 93
16.8125 16.0000 0.4130 192 143 163
7.7500 -12.0000 1.0240 240 87 145
24.6875 -8.5000 1.3140 206 156 94
0.5625 -10.0000 1.0970 240 92 117
1.1250 -23.0000 3.4050 135 174 221
-16.8125 23.5000 0.9020 226 144 96
-15.5625 -18.0000 1.2560 226 145 109
-3.6875 -9.5000 1.2020 233 114 91
-4.1875 -11.0000 4.3880 107 128 229
-7.5000 21.0000 0.1000 184 130 154
-3.6875 20.5000 0.6600 228 148 132
-6.6250 17.5000 0.8750 234 113 92
14.3750 23.0000 0.5330 203 184 101
1.3125 22.0000 1.0460 219 212 86
22.0625 -10.5000 3.7310 96 161 252
-13.5625 -10.0000 4.4330 91 142 239
0.0625 20.5000 1.2520 219 206 76
-7.2500 10.5000 1.5140 205 170 61
14.0000 22.0000 0.5500 202 184 89
-23.6250 25.5000 4.6790 118 147 202
-21.3125 5.5000 0.1530 185 92 163
-6.8125 25.0000 0.1630 169 157 139
22.3125 22.5000 0.1510 184 143 101
8.0000 -14.0000 1.0250 235 100 137
21.0625 -8.0000 1.1050 233 105 120
21.0625 -6.5000 1.0790 233 83 95
-3.5000 -15.0000 4.8070 94 124 228
-1.8125 -20.5000 5.7520 69 146 192
9.1250 -14.0000 1.0150 235 111 145
-21.2500 16.5000 2.0850 158 254 155
18.8125 12.5000 0.1740 173 115 212
-4.9375 -10.0000 2.1120 159 218 203
16.3750 -7.5000 4.3510 87 155 232
17.2500 19.5000 0.1300 197 118 160
-1.9375 5.0000 5.6800 86 108 221
-20.5000 -15.0000 1.6490 176 254 85
24.5000 5.0000 1.1130 226 113 98
16.1875 -5.0000 4.4730 87 150 242
-22.9375 9.5000 0.1360 181 103 162
5.0625 7.5000 5.4270 93 99 209
-2.3750 2.5000 5.0370 93 112 226
23.6875 -4.0000 1.1010 243 100 112
13.8125 -24.0000 3.2470 128 157 254
-23.8125 13.0000 2.0330 175 244 125
-15.1875 -14.0000 5.3430 83 114 226
-8.5000 25.5000 0.1480 163 147 133
-3.1875 -22.5000 5.5390 81 148 195
21.4375 22.0000 0.1530 181 131 152
22.8125 -7.5000 1.0980 235 100 89
5.3750 -6.0000 1.0950 237 110 100
9.0625 20.0000 1.1270 209 201 51
5.9375 24.0000 0.1380 174 120 181
-18.6875 -1.5000 0.1500 194 98 142
17.2500 3.0000 2.2220 141 217 220
3.9375 -21.5000 3.6920 113 151 247
-22.4375 18.5000 1.9170 171 244 136
-4.0000 -12.5000 5.6420 82 108 223
-15.8750 -11.5000 4.1970 98 154 247
-24.1875 -2.5000 0.0960 168 135 135
10.5625 -9.5000 1.0910 238 108 102
23.5625 -21.5000 0.9390 240 64 157
7.0000 -5.0000 1.6590 173 200 125
25.5000 -21.0000 0.9670 234 80 142
-19.9375 18.5000 0.1670 186 96 198
-14.2500 12.5000 0.1160 181 112 145
-18.5000 -11.5000 1.6030 179 253 97
-3.6250 -7.5000 1.0800 243 83 119
12.0000 9.5000 0.9960 253 84 142
15.9375 -24.0000 0.9730 224 69 132
1.0625 25.5000 0.1740 192 122 129
17.3750 -5.0000 4.3770 94 145 229
18.6875 -8.0000 4.5560 76 134 254
-19.8125 2.5000 0.1340 192 104 176
-9.3125 -16.0000 3.8620 112 129 254
-11.3125 18.5000 0.1310 191 132 156
-14.4375 20.5000 0.1700 185 139 152
6.9375 -19.0000 3.8490 105 131 253
-23.5625 5.0000 0.1570 178 120 172
0.6875 18.0000 4.4180 91 156 227
15.7500 -19.5000 0.9750 232 87 154
18.8125 -23.5000 0.9780 227 65 155
5.8750 10.5000 1.8050 177 193 139
21.8750 -8.5000 1.0870 234 92 111
-12.3125 -22.5000 4.2160 105 137 236
-11.6875 -20.0000 4.2080 101 143 250
-19.0000 19.0000 0.1430 171 97 185
-9.8125 19.0000 0.1340 189 136 147
-8.7500 21.5000 0.1300 183 137 158
0.2500 -7.0000 1.1150 241 98 107
23.1250 -15.0000 4.5960 82 127 254
-7.3750 14.0000 1.2070 234 152 89
-19.3750 19.5000 0.1540 187 88 197
15.2500 -23.5000 1.8920 148 206 167
-23.0625 -8.0000 0.1430 179 141 139
16.3125 2.5000 1.3220 222 162 102
6.6250 -19.0000 3.8480 106 130 253
3.5625 23.5000 0.2290 188 96 158
12.9375 0.5000 4.2470 93 133 247
-15.8125 -20.0000 1.1450 243 118 112
13.0000 -6.5000 4.1900 101 132 240
-0.8750 4.5000 5.6670 93 94 223
-17.3125 12.0000 2.0640 160 254 123
0.4375 24.0000 0.1390 202 108 150
20.0625 9.5000 1.0160 231 98 113
10.1875 25.0000 0.7840 206 217 75
11.5000 -21.5000 1.5450 183 197 123
0.8125 7.5000 6.1410 78 113 212
21.4375 -9.0000 1.0910 234 93 110
4.7500 7.5000 5.5420 87 110 208
19.2500 -3.0000 4.0770 94 146 254
-6.6250 -4.0000 1.1170 239 88 118
-15.1875 -19.0000 5.0480 82 117 243
12.7500 3.0000 4.0610 87 143 254
-21.8750 10.5000 0.1500 177 99 166
-11.2500 -8.5000 5.2970 82 125 240
-17.3125 25.0000 0.9670 220 153 95
-20.7500 -14.0000 0.1370 186 111 150
-3.5000 -18.0000 5.8850 85 113 204
4.8125 -10.5000 1.0480 244 93 161
10.5000 -15.0000 1.0130 245 91 129
12.7500 8.5000 0.9930 254 75 128
1.6875 1.5000 5.5020 84 113 209
-9.6875 -15.5000 5.8310 83 101 222
-5.8750 -7.5000 1.3290 212 156 101
20.8750 -9.5000 1.0860 239 99 122
-0.7500 -19.0000 7.2730 75 81 188
7.8125 24.5000 0.1270 179 121 175
-23.5625 -7.0000 0.1170 174 132 145
-2.0625 -1.0000 1.1950 252 104 106
-21.3750 -2.0000 0.1570 181 128 153
8.5625 1.0000 4.5160 81 124 232
15.5625 -12.5000 2.4960 134 216 254
-15.1250 6.5000 1.9440 180 196 127
15.1250 -22.0000 0.9750 236 68 132
15.1250 -11.0000 3.8670 102 145 254
14.5000 -1.5000 4.3240 107 127 235
14.8750 -11.5000 1.1220 237 127 122
8.1875 14.0000 1.1940 231 121 77
7.5000 -2.0000 4.2900 90 121 240
-12.8125 7.0000 1.7880 201 197 117
-6.8750 -21.5000 5.2640 85 104 230
-3.9375 19.0000 1.1420 221 182 79
21.6250 18.5000 0.9560 209 244 66
18.3125 -20.5000 0.9380 238 66 179
22.3125 10.5000 0.1450 175 108 180
14.9375 26.0000 0.5060 179 193 111
16.1250 9.0000 1.0200 241 91 124
6.6875 -10.5000 1.0330 246 91 140
-0.0625 -7.5000 1.0870 238 87 122
6.6875 21.0000 0.2460 190 82 215
10.6875 7.5000 1.1360 245 103 83
-23.1250 3.5000 0.1640 183 121 161
-1.0625 5.0000 5.8080 88 103 210
-16.2500 -22.0000 1.1140 235 110 87
-21.8750 -5.0000 0.1460 185 137 167
-15.8750 4.5000 1.6830 186 186 104
-6.7500 19.5000 0.1560 180 110 144
3.6875 -15.0000 2.9610 128 203 251
-24.0000 4.5000 0.1380 178 122 172
-9.5000 -6.0000 1.0800 246 96 125
-7.8125 -3.5000 1.1120 252 93 124
-23.7500 -7.5000 0.1470 177 142 141
-14.1250 13.0000 0.1610 182 116 145
20.6250 -6.0000 4.2780 82 148 254
12.9375 -6.5000 4.2420 100 130 239
-16.3125 -18.0000 1.1510 234 112 126
-9.4375 -21.5000 4.2460 107 136 254
-1.9375 16.5000 1.6450 187 227 86
-12.7500 21.5000 0.1620 179 143 130
2.3750 10.5000 5.2420 86 116 224
24.1875 1.5000 0.9590 244 70 142
18.3750 16.5000 0.3910 198 158 145
-5.0000 -2.0000 1.1480 244 101 113
-5.3750 -3.0000 1.1550 240 105 108
12.8750 20.5000 1.3720 193 254 25
-23.5625 -12.5000 0.1530 180 156 146
-1.1250 -19.0000 5.9440 82 136 172
18.6250 -8.5000 4.4810 86 114 254
-23.7500 8.5000 0.1520 178 108 159
-4.2500 -18.0000 5.1210 89 120 217
22.1875 -11.5000 3.9270 90 168 253
19.3750 15.0000 1.0540 207 183 74
3.6250 -6.0000 1.0960 240 108 113
8.3750 -5.5000 3.9760 105 138 224
-0.6250 -17.0000 6.8840 80 108 188
-22.2500 -13.0000 0.5510 201 199 109
-2.8125 26.0000 0.1450 191 114 106
-6.6875 18.5000 0.7690 218 168 92
-0.1875 23.5000 0.1450 200 110 153
-16.1875 23.5000 0.8130 210 166 72
-14.7500 3.5000 1.5840 198 187 106
-15.0625 -22.0000 1.1950 243 137 91
18.9375 -15.0000 4.4930 83 118 254
3.6250 -20.5000 3.8280 112 147 246
-24.1875 9.5000 0.1400 180 106 167
19.3125 10.5000 0.8210 216 113 113
14.8125 -2.0000 4.3400 98 139 254
21.3125 -18.5000 1.0090 244 71 163
-17.6875 -16.5000 1.1330 219 162 84
19.9375 -13.5000 1.4350 194 194 96
3.6250 -13.0000 1.1080 243 99 123
-24.0000 -12.5000 0.1390 178 159 148
-16.5625 24.0000 0.8610 215 170 85
-19.2500 -21.0000 2.6690 133 231 251
-10.3125 9.5000 2.5940 140 212 219
8.0625 13.0000 2.2460 151 206 203
-18.3750 -18.5000 1.1460 246 152 92
8.9375 23.5000 0.1330 185 99 181
-22.3750 -11.0000 0.1640 186 152 144
0.6250 0.0000 1.6070 195 196 116
-2.4375 13.0000 5.4720 85 131 197
25.5625 0.0000 1.0100 230 81 130
-23.1250 8.5000 0.1550 187 93 182
23.1875 -17.5000 5.0180 78 98 254
-19.0625 3.0000 0.1560 189 77 163
-9.2500 15.5000 0.7950 224 155 123
-5.6875 22.5000 0.1440 195 116 147
23.3750 6.5000 1.1160 233 148 92
-6.9375 20.5000 0.1060 179 119 145
-18.5625 25.0000 5.3300 77 167 223
25.5625 2.0000 1.0380 229 87 131
5.3750 9.5000 5.4930 90 122 203
12.7500 -22.5000 3.3800 107 177 254
24.6875 10.0000 0.1700 168 116 156
-15.6250 12.5000 0.1150 187 119 147
1.8125 -19.5000 6.9940 65 105 186
-0.3750 14.0000 5.0410 90 121 224
18.1250 -12.5000 3.9310 103 135 254
-9.0000 -18.0000 4.2090 107 130 246
-6.7500 -14.0000 4.2320 103 123 250
6.5000 -8.5000 1.0770 243 105 137
17.1250 -14.5000 1.5240 182 210 138
-0.3125 18.0000 1.5960 188 214 91
21.2500 0.0000 1.0540 245 89 129
-20.5000 -7.5000 0.1780 188 157 144
-6.0000 -15.0000 4.2460 104 128 248
-6.2500 21.0000 0.1370 183 92 147
-2.0625 -6.5000 1.1040 241 90 125
-4.1875 0.5000 1.2190 241 111 108
-0.3125 16.0000 2.1910 148 229 178
23.5000 -15.0000 4.7340 80 123 253
-5.5000 25.5000 0.1960 181 157 135
13.0625 11.5000 1.0620 252 97 137
15.1250 16.5000 0.1750 173 116 182
-19.5625 1.0000 0.1380 195 100 169
-11.7500 21.0000 0.1420 191 147 117
-21.5000 -11.0000 0.3020 189 155 155
-5.5000 2.0000 1.2540 242 102 74
-17.5625 -2.5000 0.3930 191 120 166
-15.6250 -12.5000 4.3510 90 152 244
-20.9375 23.5000 4.7270 88 166 230
-12.0625 -0.5000 1.1430 250 84 87
-15.8750 -12.0000 4.2850 93 153 246
-18.8125 -9.0000 0.4530 206 132 133
17.9375 -23.0000 0.9250 234 49 165
-0.4375 4.0000 5.6970 88 108 215
-2.7500 20.5000 0.9410 246 168 94
24.8125 0.5000 0.9610 240 73 140
-7.0000 -17.0000 4.2090 104 133 226
-17.8750 -23.0000 1.0390 236 116 96
15.0000 23.0000 5.4170 55 250 167
-9.1250 -14.5000 3.8940 113 127 254
4.5625 13.0000 1.2090 239 124 87
9.8750 -18.0000 1.0330 241 84 115
12.5000 -20.0000 0.9780 237 75 146
-7.3750 5.0000 1.3390 241 119 64
2.4375 6.0000 6.1890 83 105 196
1.1875 -20.5000 1.6750 194 220 104
-1.1875 2.5000 5.2890 92 109 211
-13.7500 12.0000 0.4540 198 125 123
5.5625 -22.5000 3.4780 125 136 244
9.6250 -8.5000 1.1460 230 123 101
11.5625 0.5000 4.4080 77 143 239
-16.0625 18.0000 0.1600 182 124 146
12.6875 10.0000 0.9740 254 84 142
-9.1250 -19.5000 5.4070 88 98 221
-16.3125 21.0000 0.1710 162 122 168
-1.6250 -1.5000 1.1650 251 93 107
0.0000 -23.5000 3.2130 146 163 210
-1.5625 25.5000 0.1370 197 125 133
7.0625 14.0000 5.1750 83 127 233
-11.3125 6.5000 1.6400 206 176 88
7.8750 24.5000 0.1670 181 123 171
3.2500 -23.0000 3.5850 128 149 227
-11.8750 -5.5000 1.1060 240 104 85
7.0625 -13.0000 1.0230 242 84 142
-20.1875 -2.0000 0.1650 178 132 155
-10.9375 24.5000 0.1310 183 136 125
-9.2500 -19.5000 5.4270 88 98 221
17.5625 -22.5000 0.9430 237 53 162
24.9375 -19.5000 5.7280 75 105 233
5.7500 12.5000 1.1810 239 113 84
-14.5000 15.5000 0.1320 187 133 137
3.1250 9.0000 5.4140 88 109 220
-8.8750 13.0000 2.0690 158 226 172
-8.8125 20.5000 0.0440 187 122 162
-17.9375 -15.0000 2.4580 135 245 223
-3.8750 18.0000 1.1320 228 171 75
-9.4375 -12.5000 5.6970 76 117 219
-1.7500 -15.0000 6.6780 75 80 195
-12.7500 4.5000 1.5790 216 163 80
10.7500 8.0000 1.1080 248 97 85
-22.0625 -23.5000 1.4790 182 218 97
23.9375 -22.0000 0.9170 235 60 163
-7.2500 -9.0000 2.1780 152 222 216
-16.7500 22.5000 0.2200 199 93 200
-15.6875 -23.5000 1.0820 232 98 84
1.8750 -8.0000 1.0830 233 88 123
15.0000 3.0000 1.9850 149 209 202
16.8750 4.0000 1.1130 236 100 104
3.1875 13.5000 4.6740 96 137 235
25.6875 -10.5000 4.2190 101 122 232
-16.6250 9.5000 2.0520 174 227 140
1.0625 -15.5000 6.4370 75 116 200
8.7500 -15.0000 1.0380 237 96 135
18.0000 2.5000 1.9630 153 211 184
-1.0000 20.5000 1.1730 223 200 86
-19.1875 1.0000 0.1450 197 99 165
21.3750 -7.5000 1.0960 232 96 116
-15.9375 -15.0000 5.1450 87 119 228
10.9375 20.5000 0.6090 203 147 128
4.4375 14.5000 4.7110 91 137 233
0.1250 23.0000 0.1670 202 108 153
4.1875 -23.0000 3.4320 120 149 229
10.0625 1.5000 4.3420 83 127 234
-13.3750 -16.0000 5.2380 89 92 226
-2.7500 2.5000 1.2730 246 135 83
-14.2500 1.5000 1.2820 234 138 59
-4.0625 -13.5000 5.6330 88 117 214
19.1875 -24.0000 0.9770 222 67 155
17.0625 -13.0000 1.0640 231 92 111
-7.5000 -8.0000 1.1420 236 103 112
17.0625 -20.5000 0.9440 247 75 164
-9.1875 -1.5000 1.1420 254 83 92
20.7500 -19.5000 0.9700 237 76 167
-17.8750 -18.0000 3.5800 117 169 254
5.9375 22.5000 0.1550 179 116 183
-15.6875 -19.5000 1.1570 243 131 116
24.0625 4.5000 1.0720 234 103 101
-6.0625 16.5000 1.1240 229 154 74
-11.5000 24.5000 0.1490 183 137 130
20.0625 4.5000 1.0750 247 103 94
-23.5000 11.5000 0.1490 169 106 161
13.8125 7.0000 1.0200 245 71 113
22.7500 9.0000 0.3100 186 86 187
0.9375 9.0000 5.7610 81 114 225
-11.0625 3.5000 1.4320 224 133 84
20.9375 -11.5000 3.6490 88 182 244
-13.0000 10.0000 1.6690 194 213 87
-0.1875 5.5000 5.9770 87 97 212
15.0000 11.0000 1.0690 232 114 125
-15.4375 16.5000 0.1610 197 146 131
-13.4375 9.5000 2.9600 125 200 202
-2.8750 -5.0000 1.0840 241 87 138
-23.5000 9.5000 0.1690 181 107 163
-10.6250 23.5000 0.1200 189 130 114
-22.6875 6.5000 0.1500 194 109 172
15.5000 -16.5000 0.9750 243 79 162
-11.3125 -21.0000 4.1970 99 145 249
6.8125 12.0000 1.1970 245 118 77
-22.3750 -3.0000 0.1290 177 124 155
13.4375 -12.0000 3.6370 101 159 254
20.2500 -11.0000 1.1050 239 96 117
6.5625 -6.0000 1.1550 236 130 95
5.6875 13.0000 1.1980 235 116 87
24.3125 -1.0000 1.0070 240 68 123
-17.0000 -15.5000 1.1960 217 178 79
-10.3125 8.5000 1.5210 214 188 58
1.7500 -21.5000 3.3310 137 183 233
22.6875 -2.0000 1.0320 245 75 134
-20.3125 20.0000 1.1100 250 161 62
2.1875 -3.5000 3.1250 125 159 250
-10.7500 11.0000 1.4410 206 213 57
19.9375 -21.0000 0.9290 245 67 172
-17.3125 9.0000 2.0420 166 239 136
-6.8125 -4.0000 1.0770 242 75 122
12.5000 -8.5000 3.9410 112 136 253
-9.3750 -3.0000 1.0610 254 85 138
3.4375 -22.0000 3.6780 113 151 243
5.8750 -19.5000 3.8120 116 145 254
-7.3125 9.5000 2.4260 147 216 183
-16.3750 -19.5000 4.8530 86 136 253
3.6875 0.5000 4.2570 106 120 232
-0.3125 -19.0000 7.2440 61 100 190
23.9375 -19.0000 1.0150 248 68 146
-17.2500 19.0000 0.1340 168 131 140
-15.1250 16.0000 0.1390 196 144 126
15.3125 8.5000 0.9410 242 73 145
23.7500 -21.5000 0.9350 238 63 158
12.7500 -18.0000 1.0050 240 82 132
20.6875 -19.5000 0.9830 238 79 163
-0.6875 -21.0000 5.7620 74 136 205
-8.8750 -7.0000 1.1500 243 114 113
-4.7500 12.5000 2.1020 162 214 163
4.8750 14.5000 4.6260 93 138 231
22.8125 -11.0000 4.0660 88 160 248
15.8750 -12.0000 1.1250 229 107 108
13.3125 21.0000 0.5710 199 185 104
22.6875 11.0000 0.1430 176 107 178
-8.1875 12.0000 1.2870 243 158 53
6.9375 -12.5000 1.0580 242 95 140
-10.6250 17.5000 0.1610 193 132 140
21.1250 6.0000 1.0920 240 127 106
4.3125 -8.5000 1.0150 237 72 132
-10.6875 21.0000 0.1150 190 149 106
20.5000 20.0000 0.1220 190 120 165
12.8750 -15.5000 0.9660 246 74 135
-0.4375 -4.0000 1.1110 236 83 99
-6.5000 1.5000 1.2610 239 101 95
-8.7500 -17.5000 5.2650 82 116 232
1.5625 -21.0000 3.1800 142 191 236
14.1875 25.0000 0.5160 185 190 112
-3.5625 -11.0000 4.3320 102 132 241
22.1250 -3.5000 4.0110 99 140 254
-20.0625 5.0000 0.1440 183 89 152
-2.3750 9.5000 6.2750 77 110 210
-0.5625 -23.0000 5.6980 86 121 189
-15.5000 13.0000 0.1020 187 118 147
19.7500 -13.5000 1.4940 188 201 101
-2.2500 -9.5000 1.0850 254 79 95
-17.8125 -22.0000 4.8780 77 148 245
0.6875 -15.0000 6.4090 73 118 202
-2.5000 7.5000 6.0670 77 118 210
-15.5625 -12.5000 4.3660 89 152 244
-18.1250 2.5000 0.1270 196 68 157
-19.6875 -1.0000 0.1270 192 106 143
18.6875 -20.0000 0.9180 238 63 184
1.7500 -23.0000 3.5230 131 155 230
-21.3125 1.0000 0.1560 191 117 166
-22.4375 16.0000 2.0210 165 254 124
-16.8125 12.5000 3.0760 104 223 180
13.3750 -10.5000 3.6920 117 145 249
9.3125 -10.5000 1.0570 238 103 123
-7.1250 18.0000 0.3980 200 125 136
9.0000 -4.5000 4.1490 102 134 235
-11.7500 21.0000 0.1360 191 147 117
10.8750 -1.0000 4.5540 73 134 237
0.7500 -5.0000 1.1110 235 98 112
14.7500 15.0000 0.3450 187 104 191
-15.4375 9.5000 2.0130 170 215 130
9.0625 -10.5000 1.0540 237 102 126
12.5000 5.5000 1.1040 242 97 121
-5.3125 10.0000 6.2060 83 118 195
5.4375 16.0000 1.1340 239 114 101
-7.6875 -5.0000 1.0600 241 94 130
-8.5625 -1.0000 1.1380 254 83 88
-5.0000 16.0000 1.2590 227 151 58
10.2500 -9.5000 1.0900 240 107 103
15.0000 4.5000 1.4500 187 180 114
-18.7500 9.5000 2.1100 158 245 147
7.6250 23.0000 0.1320 184 112 182
-19.6875 -12.0000 0.2270 183 136 150
10.5000 -19.0000 1.0420 239 88 111
17.1250 6.0000 1.5020 184 210 122
21.8750 20.0000 0.9370 205 228 73
-10.0000 10.0000 2.4700 144 213 212
21.1875 20.0000 0.1960 174 136 156
-2.7500 0.5000 1.2430 240 119 107
2.1875 2.5000 5.8160 81 108 202
-18.9375 -22.5000 1.0610 236 127 82
3.8750 -14.0000 1.0920 248 106 97
-14.0625 -13.0000 5.6110 77 121 214
-10.8750 -22.5000 4.2220 103 136 233
19.4375 -8.0000 1.0330 241 91 139
18.1875 -16.0000 1.0180 227 76 136
-8.3125 -17.0000 4.2720 107 125 244
13.3750 4.5000 1.9900 154 202 190
12.7500 -0.5000 4.3460 89 136 249
13.8125 11.0000 1.0800 250 103 130
-8.3750 -2.0000 1.1320 245 98 130
11.8125 -5.0000 4.2440 94 134 248
-8.6250 -2.5000 1.1150 250 96 130
13.5000 25.0000 0.9740 214 226 58
-20.9375 -5.0000 0.1560 181 145 161
17.1250 5.0000 1.5390 183 216 128
-20.5625 -24.0000 0.1480 190 75 163
-16.2500 9.5000 2.0230 170 219 126
2.2500 -3.5000 3.1170 125 160 250
-17.8125 -16.5000 1.1550 217 168 84
-15.0000 5.0000 1.9210 184 202 129
-12.3750 19.0000 0.1550 192 146 112
-6.0000 -17.0000 5.2460 85 121 222
-10.2500 1.5000 1.2430 236 88 73
4.3125 15.0000 4.7020 92 136 233
13.1250 -20.5000 0.9850 242 77 137
24.6875 2.5000 1.0290 239 91 125
7.0625 -7.0000 1.7790 167 214 140
-1.4375 15.0000 3.1410 124 187 219
17.8750 9.5000 1.0730 230 111 118
13.2500 -3.5000 4.6070 91 130 244
-16.3750 -16.5000 3.0920 135 167 254
-16.8125 -15.0000 1.2030 215 179 79
-8.9375 -16.0000 4.2060 100 126 252
-0.8750 -4.5000 1.1070 237 85 112
-22.1250 0.5000 0.1110 185 114 160
22.1250 -16.0000 4.5830 82 128 254
17.0625 -8.5000 4.2910 81 138 254
-8.5625 10.5000 1.3860 231 182 49
-8.4375 -13.0000 3.9390 105 132 250
-8.7500 -19.0000 5.5500 82 114 220
-2.8125 6.0000 5.7310 84 108 225
14.0625 5.5000 1.0590 245 89 122
2.6875 4.5000 6.3280 87 77 194
-23.0625 -18.0000 0.1420 175 122 151
-10.3750 -8.0000 5.0830 92 121 238
-19.3125 5.0000 0.1350 182 63 133
-16.5000 -4.5000 1.1210 230 151 96
1.8750 14.0000 4.6780 94 119 225
-2.8125 2.0000 1.2810 245 136 82
-8.1250 24.5000 0.1470 169 144 136
-5.4375 15.0000 1.3400 223 170 56
9.2500 -19.0000 2.0590 148 219 214
-24.1875 24.5000 1.7440 172 196 138
2.8750 0.5000 4.1610 107 124 228
-18.7500 22.0000 0.8850 236 152 98
-17.3125 -18.0000 2.9230 129 206 250
-17.3125 -7.5000 1.2810 203 208 85
20.8750 -2.5000 1.1100 241 111 128
12.8125 -22.0000 3.3870 106 180 254
24.5625 -8.0000 1.7630 174 188 139
2.1250 8.0000 5.7950 85 109 209
-18.1875 -24.0000 0.9270 224 93 108
17.8750 18.5000 0.0800 180 125 149
-18.5625 -7.5000 0.3940 196 135 126
5.8125 1.0000 4.4710 95 119 230
5.3125 -8.5000 1.0530 236 104 140
-8.8125 3.0000 1.2970 247 113 95
11.3750 15.0000 1.2360 227 156 84
-12.6250 -7.0000 1.1060 241 103 80
9.3750 3.5000 4.2200 90 124 242
3.2500 -2.5000 3.9120 104 147 254
-8.8750 -8.0000 1.1800 239 113 109
-14.0000 5.0000 1.6980 198 183 85
-10.9375 21.0000 0.1470 191 149 108
-15.0000 -22.5000 1.3610 222 178 89
-8.8750 8.5000 1.3640 229 159 53
-1.6875 -11.0000 1.1200 244 108 103
14.6875 -21.0000 0.9720 235 78 133
-14.7500 10.5000 2.9970 111 205 215
12.6250 4.0000 3.9770 94 132 254
9.0625 -20.0000 1.7470 175 205 172
-5.8750 5.0000 5.0660 92 102 234
15.7500 -15.5000 1.0300 242 88 140
-17.3750 -14.0000 4.2630 91 164 225
-10.9375 16.0000 0.1590 188 106 152
-2.6875 23.0000 0.1360 203 109 166
13.9375 -2.0000 4.3780 106 131 240
-3.2500 19.5000 1.1510 238 181 78
3.5000 -22.0000 3.6660 113 151 243
20.3125 -10.0000 1.0870 242 99 121
25.6250 -0.5000 1.0260 250 86 116
-4.0625 -13.0000 5.6320 85 109 221
-17.2500 -18.5000 1.1270 246 144 95
12.7500 3.0000 4.0400 88 143 254
-2.6250 -10.5000 1.1330 248 94 89
3.2500 21.0000 1.2100 220 178 87
8.6875 -21.5000 5.2160 85 98 244
1.3125 -17.5000 6.7370 75 103 192
-14.0000 -12.5000 5.6680 76 121 214
-5.5625 -4.5000 1.1080 240 86 111
-16.8125 -2.5000 0.9730 225 143 98
-16.7500 8.0000 2.0220 169 230 127
21.3750 -15.5000 4.3730 87 130 254
2.6250 20.5000 1.2170 216 179 89
-8.7500 -9.0000 5.0460 84 118 253
8.1875 -4.0000 4.0870 110 120 233
-7.3125 -12.5000 3.8080 110 132 245
-19.0625 -21.5000 1.0620 242 125 100
-14.5625 -14.5000 5.3130 81 114 228
18.5000 7.0000 1.2530 217 159 106
-11.9375 -16.0000 5.4200 81 103 220
-18.3125 11.0000 2.0690 165 254 137
20.0625 17.0000 1.0390 215 244 74
3.5000 -1.5000 4.0060 110 129 229
9.1250 14.0000 2.1190 151 228 210
-18.5000 22.5000 0.8940 237 135 101
8.3750 20.0000 1.1370 222 176 55
5.4375 -7.0000 1.1220 228 114 121
19.1875 -18.0000 0.9800 241 59 127
-1.8750 2.0000 4.9760 94 110 222
-1.6875 20.5000 1.1610 238 186 71
-19.3125 -5.5000 0.1410 191 129 153
-8.6250 2.0000 1.2820 249 111 91
-23.5625 12.0000 0.1310 172 106 164
3.0625 17.5000 1.4940 205 195 89
-17.8750 3.0000 0.1330 195 66 158
23.8750 10.5000 0.1620 177 116 153
-18.9375 -16.5000 1.1340 227 173 97
19.0625 -10.0000 3.1980 112 173 254
16.6875 -3.0000 4.2500 101 143 245
3.6875 4.0000 6.4040 74 96 203
-5.3750 6.0000 5.3270 89 100 233
16.3750 -22.5000 0.9660 247 75 154
-3.8125 -20.0000 5.6920 79 127 214
-20.1250 -16.0000 1.1110 220 233 86
24.5000 -4.0000 1.1160 233 97 111
1.3125 -4.5000 1.1060 238 91 93
-18.8750 3.5000 0.1530 188 81 174
5.1250 19.0000 1.9360 169 212 154
-1.1250 3.5000 5.4170 102 101 212
11.0625 16.0000 1.1060 224 136 73
-3.3125 25.5000 0.1680 195 120 110
4.1250 -11.0000 1.0580 242 86 144
14.1250 7.0000 0.9840 246 63 114
5.6250 -6.5000 1.1960 226 136 103
-16.3750 12.5000 0.1570 183 126 145
7.8750 22.5000 0.1350 185 113 179
-22.0625 -14.0000 0.1220 188 138 147
11.2500 15.5000 1.2000 217 156 70
-23.7500 -5.5000 0.1630 176 154 156
2.2500 1.0000 4.1930 115 117 226
-22.9375 6.0000 0.1510 177 104 165
19.3125 -17.5000 0.9980 238 64 128
-4.5000 8.0000 5.8370 92 116 202
-15.8750 -21.5000 1.1110 249 109 105
10.8750 -23.0000 5.1690 89 107 240
16.4375 -16.0000 1.0060 241 85 142
-19.0000 -15.5000 2.9420 118 229 237
-12.4375 -12.0000 5.9840 68 127 210
-22.6875 -22.0000 1.1240 227 173 92
-7.6250 16.0000 1.1140 219 157 82
-6.8750 -19.0000 5.2820 89 107 225
-22.0625 21.5000 1.5520 206 215 95
-3.9375 12.0000 5.9980 81 137 181
3.3125 3.5000 6.2530 76 97 208
-13.5625 13.5000 0.1610 188 113 136
4.5625 24.0000 0.1420 181 91 148
4.5000 19.0000 1.1920 231 154 78
-13.0625 19.0000 0.1800 189 154 118
4.3750 2.0000 4.5070 97 108 229
19.0625 -14.0000 4.8340 80 112 254
-19.2500 8.5000 0.1580 189 59 155
14.7500 3.5000 1.9120 157 215 185
1.2500 1.0000 5.4160 92 109 213
-20.1250 -6.5000 0.1280 187 139 159
2.0625 18.0000 1.5960 194 213 93
12.0625 2.5000 4.1280 88 139 254
-12.5000 -21.5000 4.1770 102 144 247
-17.0000 -20.5000 4.8830 79 142 249
-6.4375 -18.0000 5.3580 82 123 224
24.2500 -6.5000 1.1080 230 104 92
-13.6875 -10.5000 4.4950 92 148 227
10.1250 -11.0000 1.0430 240 94 134
-20.9375 6.0000 0.1390 183 89 164
-14.6875 22.5000 0.1350 179 120 155
16.6875 12.0000 1.1020 230 129 115
1.0000 16.0000 1.2210 229 155 51
19.6250 16.0000 1.0370 210 242 73
5.4375 20.0000 1.1860 222 161 59
12.1875 7.5000 1.0500 249 86 124
2.8750 -2.0000 1.2300 230 124 97
-11.8125 -18.5000 1.2590 236 135 83
-4.7500 -5.0000 1.0770 235 68 107
7.0000 20.0000 0.6560 228 100 155
-2.0625 1.5000 1.3770 230 158 78
-14.5000 13.5000 0.1320 190 133 142
-7.8125 -19.5000 4.2900 114 131 222
18.3125 16.5000 0.4230 194 161 163
-10.6250 12.5000 1.0450 228 150 75
-14.1875 22.5000 0.1430 179 119 144
14.8125 7.0000 0.9640 232 81 146
-20.3125 20.0000 1.1210 249 163 60
-14.0000 -7.0000 1.3110 221 174 84
13.1875 -19.5000 0.9820 236 78 133
-10.4375 18.0000 0.1650 185 141 137
22.6250 -2.5000 1.0780 246 89 123
16.6250 3.5000 1.1450 236 107 101
6.5625 -23.0000 5.7360 84 98 205
-19.0000 22.0000 0.9010 236 154 96
21.1875 -11.0000 3.6510 99 162 249
4.1875 0.0000 4.2250 105 121 231
-14.6875 4.0000 1.7060 193 179 113
-1.5625 3.0000 5.2870 91 110 216
7.6250 -9.0000 1.0530 248 98 131
-10.5625 21.5000 0.1720 185 128 96
20.5000 19.5000 0.0930 190 115 164
2.6875 17.0000 4.6120 97 135 215
-11.3750 -7.5000 5.1040 80 129 247
6.5000 -7.0000 1.7740 167 211 146
11.5625 -6.5000 4.1140 108 127 244
1.4375 -6.5000 1.0820 243 92 105
-7.0625 -7.5000 1.0650 247 85 108
-7.1875 16.0000 1.1150 217 156 80
-22.0000 2.5000 0.1620 195 115 187
1.0000 1.5000 5.3870 86 115 216
-22.2500 -1.0000 0.1480 188 132 142
6.9375 -11.0000 1.0220 236 85 156
-2.1875 -4.0000 1.1540 243 105 118
-1.8750 -6.5000 1.1230 239 96 122
23.6250 10.5000 0.1480 177 113 158
12.3125 -18.0000 0.9510 238 68 142
-12.1875 -23.5000 4.1900 113 129 219
19.9375 8.0000 1.0990 237 118 99
19.1250 -14.0000 1.1360 228 114 123
-13.3750 -21.0000 1.5770 196 209 115
0.0625 -2.0000 1.1860 233 109 96
20.9375 9.5000 0.5490 190 80 148
15.9375 7.5000 0.9670 243 79 134
21.8125 -4.0000 4.0030 100 139 254
-12.6875 -10.5000 5.7690 67 133 218
-19.0625 -4.0000 0.1340 181 107 149
-14.2500 -17.0000 5.0300 84 111 241
14.3125 21.5000 0.5490 203 187 87
4.0625 19.5000 2.0310 162 235 170
24.5000 25.0000 0.1730 178 157 75
-13.7500 -17.0000 5.0760 96 108 224
-0.5000 -2.5000 1.1490 241 105 113
4.6250 -7.5000 1.0900 227 99 120
18.1875 -1.5000 4.0370 100 143 254
-7.1250 14.0000 1.2530 234 149 71
19.0000 -22.0000 0.9120 242 56 177
15.6875 -4.5000 4.4710 100 140 220
4.6875 15.0000 2.0450 161 217 189
-11.9375 -14.0000 5.7270 75 102 215
-12.9375 4.5000 1.6030 203 163 97
10.6250 -6.0000 4.1040 97 141 244
22.3125 0.5000 0.9670 251 76 137
-15.7500 -19.0000 1.1820 233 123 118
1.6875 2.5000 5.7810 78 112 209
14.6250 -17.0000 0.9580 241 81 165
-13.0000 7.5000 1.8510 192 187 96
1.8125 18.5000 1.2080 218 179 54
1.6875 -13.0000 1.0900 245 97 114
-23.5625 -5.0000 0.1360 178 147 163
21.4375 23.5000 0.1360 179 148 108
20.3125 10.5000 0.4500 184 93 164
-14.1250 -23.5000 1.8510 175 199 148
12.5625 19.0000 0.6060 194 188 126
-7.6875 -12.5000 3.8470 107 133 251
3.2500 2.5000 4.4170 98 114 235
-8.9375 3.5000 1.3290 239 117 101
-16.5625 25.0000 0.9350 213 177 75
-17.0625 15.5000 0.1420 181 134 143
2.1875 -23.5000 3.6420 129 150 224
-14.6250 -19.5000 5.1040 93 101 231
20.5625 -16.5000 4.0820 97 117 254
-19.8125 11.5000 2.1020 160 246 141
-1.5625 -7.0000 1.1050 236 90 124
-19.0000 -20.5000 2.7920 132 221 254
-20.6875 1.5000 0.1480 197 110 176
11.6250 25.5000 0.2410 177 155 166
2.7500 11.5000 1.3360 228 156 83
-17.8125 -4.0000 0.3610 195 116 164
14.9375 25.0000 0.5860 197 199 91
7.6250 1.0000 4.6500 86 120 225
-3.3750 -13.0000 5.6560 83 109 216
25.3125 -5.0000 1.1160 234 100 104
2.0625 8.5000 5.7310 85 109 212
-3.1250 -18.5000 5.8430 82 114 205
-14.5625 7.0000 1.9380 187 195 114
-0.1875 -3.0000 1.1470 234 95 93
-7.7500 3.0000 1.2890 246 106 93
6.1875 -11.0000 1.0220 239 92 160
-6.3125 11.0000 1.3530 230 160 42
-14.3125 -9.5000 4.3020 90 162 236
4.1250 24.5000 0.1560 181 95 149
10.1250 13.5000 1.3320 219 157 87
8.1250 -3.0000 4.1980 99 125 233
15.6250 -1.5000 4.1600 99 139 254
16.1875 -12.0000 1.1030 232 101 109
16.8750 -7.0000 4.4910 82 152 235
-8.6875 -2.5000 1.1000 251 93 132
3.3750 8.5000 5.5140 84 110 218
-0.0625 -16.0000 6.6600 80 113 195
15.3750 -17.5000 0.9480 237 54 157
11.2500 20.0000 0.6160 202 153 120
13.4375 -15.0000 0.9840 247 78 131
-16.5625 3.0000 0.8030 240 105 98
-21.1250 2.5000 0.1380 196 105 188
12.9375 4.5000 1.1260 241 102 116
-20.3125 -9.5000 0.2980 194 149 133
18.1875 -17.5000 0.9780 233 57 139
-23.6250 16.5000 1.9880 168 253 129
-23.8750 23.5000 1.5230 192 199 105
16.0000 -9.0000 4.1240 86 147 254
-1.1250 -15.0000 6.6130 77 81 191
-10.9375 18.5000 0.1480 191 135 152
7.0625 12.0000 1.1930 245 117 76
-23.5000 -22.5000 0.1390 176 123 162
13.8750 -23.5000 3.2120 128 159 254
-0.6875 -18.5000 7.1980 73 82 192
15.0625 -14.5000 1.0280 236 94 128
-12.0000 -19.0000 1.1830 246 109 89
-21.8750 -11.5000 0.3100 190 157 153
-7.4375 -2.5000 1.0950 251 86 125
-3.9375 16.5000 1.3240 215 168 65
21.1250 -2.0000 1.0870 237 100 122
-18.5625 9.5000 3.0180 117 202 207
-14.5625 -16.5000 5.0630 92 110 232
2.8125 -17.5000 6.5690 83 120 191
19.9375 5.0000 1.7220 172 218 143
1.9375 -4.5000 1.1430 227 110 113
10.6875 16.5000 0.9930 229 149 56
-16.7500 21.0000 0.1270 158 113 173
10.7500 17.5000 0.6200 200 106 128
-9.9375 11.5000 1.5940 201 204 91
6.1250 15.5000 1.1640 240 121 92
5.7500 -23.5000 5.9060 84 92 188
25.6250 9.0000 0.1520 167 117 149
-1.0625 16.5000 4.5420 80 159 194
20.6875 -20.5000 0.9440 238 75 173
1.0625 -5.5000 1.1240 238 104 107
3.9375 -2.0000 3.9770 105 143 254
-8.6875 -13.5000 4.1100 103 128 244
5.4375 24.5000 0.1340 177 121 179
-7.5000 -24.0000 5.1970 98 102 206
-6.7500 10.0000 1.9510 173 210 142
22.0625 -14.0000 4.2470 93 131 254
-23.8125 -1.5000 0.1390 171 143 139
-18.0625 -22.5000 1.0890 240 130 91
16.6875 4.5000 1.6830 173 225 157
3.0625 -6.0000 1.1270 236 115 113
12.7500 20.0000 0.6040 204 185 98
-9.6875 -15.0000 3.7290 119 129 254
12.6250 15.5000 0.8820 226 133 130
9.2500 5.5000 4.0280 97 133 252
-13.5625 -21.5000 1.4860 208 199 101
-9.0000 0.5000 1.2010 246 103 91
-5.7500 10.5000 6.1760 73 128 181
-16.3750 15.0000 0.1510 183 136 134
2.6875 -19.0000 4.0270 109 145 244
-5.6250 -15.5000 4.2630 103 129 244
-16.1250 -19.0000 1.1490 243 133 117
3.7500 -7.5000 1.0650 237 98 120
-20.1250 8.0000 0.1370 200 79 171
-22.1875 17.0000 2.0530 160 254 151
-15.6875 10.5000 2.0410 161 239 126
12.0000 24.0000 1.0380 223 254 53
-8.3125 5.0000 1.3630 243 131 60
10.8750 12.5000 2.3420 146 213 226
-9.0625 -5.0000 1.0450 252 82 136
-10.9375 5.5000 1.5300 224 161 65
16.4375 4.0000 1.6630 175 216 159
-3.2500 -6.5000 1.1150 238 93 127
-2.8750 -2.5000 1.1360 242 100 128
19.5625 15.0000 1.0650 207 185 73
-3.7500 2.0000 1.3220 223 127 86
-23.0625 23.5000 1.5750 193 214 103
19.1250 13.0000 1.0540 218 166 92
21.1250 -10.0000 1.1230 235 100 110
25.6875 -20.0000 1.0000 236 62 138
-5.8750 7.5000 5.5910 94 121 206
-23.0625 -1.5000 0.1690 175 146 139
-21.6875 -8.0000 0.2150 190 156 130
-12.8750 -19.0000 2.4610 150 209 229
-8.5000 -17.5000 4.2870 105 127 245
11.4375 -4.5000 4.3120 95 126 230
20.2500 -11.0000 1.0980 240 94 117
-2.3125 -22.5000 5.5690 78 148 192
7.4375 -7.0000 1.6760 175 211 122
-6.4375 0.0000 1.2070 243 103 98
-23.6875 10.5000 0.1500 178 107 166
-22.4375 5.5000 0.1390 181 96 165
4.6875 15.0000 4.7010 93 135 230
25.6875 -19.0000 5.8680 78 103 224
-21.2500 10.5000 2.1560 153 253 158
-22.1875 12.5000 3.0160 121 214 205
14.2500 17.0000 0.1610 172 110 181
16.0625 -9.0000 4.1530 85 146 254
11.4375 13.5000 1.1680 231 115 94
5.5000 13.5000 1.1610 241 110 86
12.1250 13.5000 1.1560 236 137 100
-12.7500 -0.5000 1.1190 249 76 94
-23.2500 5.0000 0.1370 180 112 171
-2.2500 17.0000 2.1450 150 247 169
-4.5625 -3.5000 1.1070 241 91 108
-24.0625 -10.0000 0.1410 172 166 154
-6.7500 0.0000 1.1960 242 98 103
5.8125 4.0000 4.4810 88 126 241
-18.5000 -8.5000 1.9210 153 254 143
