ply
format ascii 1.0
element vertex 15996
property float x
property float y
property float z
property uchar red
property uchar green
property uchar blue
end_header
-0.3125 12.5000 1.6740 231 66 137
-15.3125 -15.0000 0.0350 184 152 64
9.8125 2.0000 2.7800 170 198 137
-8.1875 5.0000 1.1550 187 72 248
1.0625 5.5000 1.2240 191 52 211
16.0625 -17.5000 4.3320 112 166 188
1.3125 -19.5000 0.0400 156 107 90
-20.0000 17.0000 7.3560 50 126 225
23.3125 -19.5000 4.4370 148 165 179
-16.3125 -17.5000 0.0420 179 155 40
4.1250 11.0000 1.8840 224 117 78
-10.8750 19.0000 7.3060 54 139 228
-19.6250 17.5000 7.2890 61 132 238
6.3750 10.5000 2.4170 177 190 104
15.5625 8.0000 2.5050 214 162 79
-1.3125 10.0000 1.4980 241 58 178
-8.4375 9.5000 1.4250 209 75 177
-0.5625 5.5000 1.2300 192 56 203
-1.6875 -6.0000 0.0490 143 139 86
4.7500 -8.0000 1.0880 175 88 193
-26.2500 -2.0000 0.0360 164 111 118
17.8125 15.5000 2.4270 199 186 97
10.6875 -22.0000 1.1010 197 72 179
20.3750 12.5000 3.6610 122 174 199
-7.5000 2.5000 1.0670 170 130 205
3.5000 0.5000 1.1080 176 40 216
3.1875 -24.5000 0.0390 183 138 98
16.5625 -25.0000 1.0780 199 110 181
5.9375 -17.5000 0.9830 170 160 165
-2.8125 9.5000 1.4450 225 52 189
23.3750 -26.5000 4.7900 113 203 150
-4.7500 20.5000 7.3060 62 117 227
13.8750 12.5000 2.3290 216 153 96
-22.9375 2.0000 0.0280 163 94 120
13.8750 7.0000 2.4720 212 158 74
-18.1875 -26.0000 0.0360 180 128 35
-12.8750 -15.0000 0.0390 191 168 41
17.8750 -23.5000 2.5210 170 234 87
-8.5625 9.5000 1.3840 203 73 185
-18.9375 -17.5000 0.0370 190 175 38
-12.6250 4.5000 1.1180 179 118 201
7.0000 -21.0000 1.0180 162 186 162
-18.6875 -9.5000 0.0360 186 143 56
1.9375 -28.0000 0.0280 161 138 82
-11.8125 20.5000 7.2950 67 143 221
0.1250 11.5000 1.6840 222 84 139
5.8750 2.0000 1.2770 194 67 174
-12.1875 15.0000 5.1890 80 162 254
11.9375 -23.5000 1.0950 196 65 218
9.7500 -25.5000 1.0670 173 96 208
19.5625 18.5000 2.7880 159 234 148
16.4375 -14.5000 3.7500 164 202 172
-7.2500 21.5000 7.3180 72 143 229
-6.3125 9.5000 1.3240 204 61 188
8.8750 -22.0000 1.0720 172 172 162
11.5000 -8.5000 3.4950 123 189 191
-2.3125 -12.0000 0.0390 164 115 107
-15.1250 7.5000 1.1900 181 78 237
7.4375 3.5000 2.2070 192 184 74
16.7500 -3.5000 3.0990 199 191 131
-3.7500 16.5000 1.7710 234 120 106
10.5000 2.5000 2.6940 180 193 118
12.0625 1.0000 2.9360 167 200 138
-10.6875 -1.0000 0.0280 173 89 117
-9.1875 17.5000 7.3070 60 139 227
21.9375 -3.5000 3.2020 193 169 142
-6.5625 15.0000 5.1160 89 128 250
-5.1250 9.5000 1.3620 219 46 192
-6.6875 15.0000 2.7460 150 224 196
-11.6875 6.5000 1.1410 181 63 241
14.0000 22.0000 2.0790 223 111 94
22.7500 4.5000 3.0120 175 168 134
3.1875 -5.0000 1.0540 168 119 197
-12.9375 -23.0000 0.0370 188 150 44
13.3750 9.5000 2.4230 212 159 93
-9.7500 -16.5000 0.0340 182 119 32
14.5625 -3.5000 3.2660 176 196 152
14.4375 -2.0000 3.1590 178 189 150
-18.7500 5.0000 1.1280 181 121 202
17.0000 -13.5000 3.9950 146 184 182
10.5000 -14.0000 1.1440 205 64 166
9.1250 -13.5000 1.1350 189 66 181
-26.2500 -11.0000 0.0400 177 148 81
17.9375 -12.0000 3.7350 175 174 168
-7.6875 -14.0000 0.0490 164 133 45
-12.7500 18.5000 7.2960 64 135 223
13.1875 7.5000 2.4000 216 150 69
16.6875 -2.5000 3.0110 186 178 127
0.3125 22.0000 2.0270 216 133 115
22.6875 1.0000 3.1670 186 147 129
21.0625 -12.0000 3.7950 183 168 174
-20.7500 -27.0000 0.0260 194 138 24
10.3125 -15.5000 1.1140 197 59 171
-26.4375 11.5000 2.1850 166 202 122
-9.0000 -20.0000 0.0330 173 157 47
12.6250 -9.5000 3.8960 123 170 183
11.6250 6.5000 2.6620 191 184 131
-4.1875 1.0000 0.0380 170 88 126
-1.8125 -20.5000 0.0330 163 131 82
14.6875 -10.5000 5.4300 106 126 175
-0.6250 10.5000 1.5200 235 65 174
-22.4375 9.0000 1.2050 190 53 217
18.0000 -5.0000 3.2230 195 186 136
23.1875 -20.5000 4.4570 146 168 187
-19.0625 18.0000 7.2980 65 129 234
-11.7500 -17.0000 0.0370 187 140 35
19.2500 -16.0000 3.9710 165 192 204
-14.9375 3.5000 1.0970 177 119 205
5.0625 -14.5000 1.0470 183 134 168
-20.0625 -25.0000 0.0330 198 132 31
-19.0000 -5.0000 0.0270 176 97 85
11.8125 -25.5000 1.0860 182 82 202
7.5000 3.5000 2.0630 208 166 56
-23.3125 17.0000 1.6810 237 90 112
-14.5000 -14.5000 0.0380 198 156 61
-18.7500 11.0000 2.2570 169 224 89
1.0000 18.0000 1.8830 254 79 106
-10.3750 4.5000 1.0940 173 94 220
-16.3750 -27.5000 0.0370 176 137 69
22.3125 -7.5000 3.4850 185 177 153
-8.5000 -16.0000 0.0360 172 143 59
6.2500 -24.5000 0.0350 167 78 108
-25.0000 1.5000 0.0350 159 99 122
10.1875 -16.5000 1.1210 197 58 170
12.0625 -1.0000 4.5100 103 121 183
-6.9375 6.5000 1.2100 196 73 234
19.8125 -25.5000 1.0510 193 167 149
-21.2500 -24.0000 0.0380 181 130 41
-10.1875 15.5000 7.3760 52 131 225
22.3125 -19.0000 4.2750 149 179 181
12.5625 5.0000 2.7060 193 184 125
0.8125 -6.0000 0.0310 150 118 108
-20.0000 -0.5000 0.0310 151 108 110
-16.0000 4.0000 1.0880 177 159 193
-16.2500 -24.5000 0.0350 177 144 47
-18.1875 18.0000 7.2910 56 130 234
-9.0625 -2.0000 0.0430 153 125 115
-8.4375 -0.5000 0.0490 150 126 118
-4.5625 1.5000 1.0630 179 166 189
-15.5000 3.5000 1.0700 176 137 190
-17.5000 16.5000 4.5170 90 167 254
-26.0625 -3.0000 0.0350 166 117 107
15.5000 0.0000 2.8150 205 160 96
20.5000 20.5000 1.3710 220 77 116
-19.6250 -2.0000 0.0350 161 94 100
19.6250 16.5000 2.3050 200 190 56
-24.8750 -21.0000 0.0330 191 133 67
7.1875 -22.0000 0.1530 178 84 135
-20.0000 -5.0000 0.0450 178 104 92
-17.8750 10.5000 2.3040 166 224 119
6.4375 18.0000 2.1960 216 138 93
-13.3750 -21.5000 0.0450 178 163 45
-6.7500 17.5000 7.3000 69 127 216
-4.1250 13.0000 1.5250 237 65 166
20.9375 -9.0000 3.5050 199 173 168
-16.3750 -22.0000 0.0360 185 148 46
-11.5625 -6.0000 0.0450 177 124 92
-18.1250 -22.0000 0.0320 181 159 51
18.3125 10.5000 2.5230 202 161 88
3.1250 -6.5000 1.0610 170 139 179
11.1250 -18.5000 1.1220 197 72 181
-10.5000 17.0000 7.3230 51 126 229
16.6875 1.0000 2.8440 202 180 122
16.3125 -4.0000 3.0820 201 194 130
-18.6875 -3.5000 0.0430 185 111 111
-12.8125 -17.0000 0.0370 184 150 37
14.8125 -0.5000 2.8630 202 171 105
23.3750 9.5000 3.5150 141 162 154
-15.4375 -2.0000 0.0480 166 126 109
20.2500 -7.0000 3.4240 189 193 174
7.3125 18.5000 2.1270 237 140 83
22.1250 4.0000 2.9990 178 178 141
-17.0625 17.0000 7.3040 53 120 224
12.6250 16.5000 2.1860 230 144 70
12.2500 2.0000 2.9060 172 196 134
-26.1250 -4.0000 0.0440 162 117 100
4.1250 -5.5000 1.1070 180 70 216
23.4375 -21.0000 4.5240 143 166 185
4.0000 17.0000 2.0670 229 138 85
6.9375 -11.5000 1.0990 189 76 200
6.3125 6.5000 2.1420 188 168 71
2.2500 -12.5000 0.0320 174 113 90
15.5625 0.5000 2.8360 208 165 103
4.9375 -12.0000 1.0580 179 128 180
4.8125 -10.0000 1.0760 174 135 201
-15.1250 -17.0000 0.0330 174 152 54
12.5000 18.5000 2.1690 224 133 82
-8.2500 -7.5000 0.0360 179 128 75
-0.6875 1.5000 1.1280 177 132 193
-9.1875 8.5000 1.2820 195 72 217
-17.1250 4.5000 1.1210 179 157 204
-6.7500 13.5000 1.6290 231 111 137
9.1250 -3.0000 3.8710 109 162 216
-15.8750 -12.5000 0.0370 199 155 48
10.7500 4.5000 2.7730 179 194 144
22.3750 3.5000 3.0620 176 169 136
-7.1875 14.0000 2.2600 162 220 125
-10.2500 -22.5000 0.0360 183 134 54
-1.6250 12.0000 1.5710 226 42 157
-7.1875 -26.0000 0.0290 190 124 57
18.7500 -16.0000 4.2340 133 197 189
0.6250 15.0000 1.7920 245 81 132
-3.3125 15.5000 1.6460 232 90 116
-23.7500 -11.5000 0.0440 187 140 70
-12.2500 4.0000 1.0850 166 103 222
11.0000 -10.0000 2.8470 151 220 155
6.2500 -12.0000 1.0960 180 107 189
13.5000 6.0000 2.5060 220 164 90
3.6250 2.5000 1.1670 188 37 212
-15.8125 -11.5000 0.0350 194 151 35
1.1875 -21.0000 0.0420 165 129 99
23.4375 -10.0000 3.6890 195 142 139
-0.1875 -9.0000 0.0370 163 127 98
-10.0625 7.0000 1.1900 190 63 234
2.1250 8.0000 1.4760 219 62 158
23.3750 12.0000 2.6050 183 173 78
-7.0000 -5.0000 0.0960 184 149 88
11.6875 16.0000 2.1820 228 147 77
9.9375 9.5000 2.5010 192 171 108
1.8750 3.5000 1.1680 183 47 217
14.4375 20.0000 2.1070 237 136 73
-6.1875 5.5000 1.1370 187 72 238
10.3750 4.5000 2.7750 177 194 144
8.0000 -9.5000 1.1290 194 59 177
1.9375 2.0000 1.0940 186 80 215
-12.8125 15.0000 4.5530 98 154 254
-14.0000 0.0000 0.6380 165 209 108
1.1875 18.5000 1.9300 252 98 84
18.0000 14.5000 2.4690 193 177 89
18.9375 -15.5000 4.1230 145 198 184
18.1250 -21.0000 3.1010 170 229 132
17.9375 -17.5000 4.4770 130 164 188
-9.5000 -4.0000 0.0360 177 141 103
-4.8125 -17.5000 0.0300 164 150 66
19.1250 -4.0000 3.1670 211 185 142
-18.8750 17.0000 7.5800 54 141 223
-18.6250 13.0000 2.3450 154 216 118
-12.3750 3.5000 1.0750 169 132 205
-16.8125 -11.5000 0.0380 193 145 38
-7.5000 13.5000 2.3580 157 229 136
-3.3125 20.0000 6.1300 81 134 234
18.3750 -10.5000 3.5500 194 207 155
-25.1250 2.0000 0.0370 157 102 125
8.3750 7.5000 2.6090 177 195 129
9.3750 -8.5000 1.1830 195 53 138
-20.7500 16.5000 4.4810 83 165 254
-1.0625 -18.0000 0.0350 165 121 101
8.0625 -17.5000 1.0810 176 107 194
-12.7500 13.0000 1.6860 225 124 108
11.6875 -17.5000 1.1070 191 67 182
-22.0625 17.5000 4.7620 99 147 244
-10.7500 0.5000 0.0400 152 83 136
-9.4375 21.5000 7.3100 73 142 214
-23.7500 20.0000 7.2770 54 136 222
10.3125 -1.5000 3.6210 117 176 201
15.5000 -27.0000 1.0600 184 104 186
-7.6250 11.0000 1.5290 223 90 155
22.4375 -24.0000 4.6590 123 182 189
-4.6875 -13.0000 0.0360 171 139 70
21.6250 -21.5000 4.4380 128 182 200
-9.7500 2.0000 1.0240 172 163 151
-20.6250 -7.5000 0.0400 190 134 63
7.5625 -11.5000 1.1210 193 59 174
20.6875 -27.5000 0.0470 184 117 124
-12.5000 -22.5000 0.0340 170 140 59
-16.0625 3.5000 1.0790 175 162 189
21.3125 -23.0000 4.5940 122 171 202
-16.9375 9.0000 1.2350 189 89 194
-22.8750 -4.0000 0.0510 163 110 79
-6.1875 -23.0000 0.0460 168 144 67
11.8750 -2.0000 4.6480 99 117 178
9.5625 -4.5000 4.3370 94 133 208
20.2500 13.5000 3.6670 123 178 204
17.0000 22.0000 2.3280 190 158 89
11.6250 12.5000 2.2520 222 158 77
19.0625 -21.5000 5.6130 84 160 171
7.1250 -17.5000 1.0490 177 135 184
1.7500 -1.0000 1.0860 163 103 202
10.2500 -25.0000 1.0410 175 89 211
-9.5625 -2.0000 0.0350 173 89 103
4.1875 13.5000 1.9590 223 130 76
4.7500 22.0000 2.2190 203 124 117
-22.8125 12.5000 3.4130 103 241 222
12.2500 -6.5000 3.8380 116 144 181
-22.5000 -23.5000 0.0350 187 136 50
-12.5000 -3.5000 0.0450 163 126 93
-12.6250 22.0000 7.3420 71 143 220
-11.0000 -5.0000 0.0240 172 118 91
23.4375 -9.5000 3.6370 197 150 144
15.3125 12.5000 2.3120 209 137 76
-3.8125 12.0000 1.5130 230 50 171
-1.3125 2.5000 2.7600 138 251 195
6.6250 2.5000 1.5830 220 89 103
-1.7500 19.0000 1.8980 246 123 109
14.5625 4.5000 2.6460 218 177 109
9.9375 -2.5000 2.1870 204 178 45
-16.8125 21.5000 7.3050 69 117 223
-22.4375 16.5000 4.4730 91 170 254
-0.2500 20.5000 1.9320 236 113 108
1.2500 12.0000 1.7420 228 96 117
22.6250 8.5000 3.5760 135 167 166
13.5000 -0.5000 3.0510 183 183 134
8.1250 6.5000 2.6730 173 197 134
-2.1875 9.5000 1.4570 238 48 190
20.2500 21.0000 1.4260 219 80 108
-12.6875 19.0000 7.2590 64 135 223
-9.1250 19.5000 7.4240 64 148 212
5.6250 -11.5000 1.0720 177 109 195
9.0625 -2.0000 2.5280 154 210 126
3.3125 12.5000 1.8600 222 104 86
-15.8750 -11.5000 0.0380 193 152 35
-7.8750 -16.0000 0.0360 173 138 58
-23.5000 14.5000 1.6670 222 105 93
-17.7500 -2.0000 0.0330 162 113 122
-2.2500 21.5000 5.2530 106 128 233
-16.5625 -26.5000 0.0330 180 143 46
8.7500 3.0000 2.7810 153 199 145
-7.5000 -20.0000 0.0440 187 145 43
-23.3750 -9.5000 0.0330 184 136 76
16.3125 -4.5000 3.1120 199 194 134
-5.5000 20.5000 7.3150 64 118 228
20.5000 -7.0000 3.4270 189 193 173
-21.4375 5.5000 1.1140 179 133 211
17.5000 0.5000 2.9060 201 180 124
-5.8750 13.0000 1.6510 230 92 143
-0.3125 3.5000 1.1160 177 51 201
-1.3125 11.0000 1.5640 236 72 168
-23.6875 15.5000 1.6930 237 98 102
-22.5000 -27.0000 0.0380 185 135 47
14.8125 -19.5000 2.7510 163 217 143
-1.8750 -25.5000 0.0070 180 124 63
19.0000 -24.5000 1.1090 202 127 152
16.3750 20.5000 2.3090 198 165 87
0.1250 18.5000 1.8670 248 80 103
-15.0000 17.5000 7.3120 59 134 226
5.6875 15.0000 2.0920 208 149 72
2.5625 -1.0000 1.1050 165 100 196
21.4375 -20.0000 4.3120 142 183 190
2.8750 -10.0000 0.0390 172 109 101
2.2500 3.0000 1.1390 187 35 227
-7.3750 -24.0000 0.0380 184 126 69
12.1875 -24.0000 1.1520 203 67 207
21.2500 -14.5000 3.9930 177 160 187
-11.7500 3.5000 1.0750 168 103 217
20.1250 0.5000 2.9040 202 178 112
-4.0625 17.5000 1.7420 244 106 120
-22.9375 7.5000 1.1710 178 75 227
15.7500 9.0000 2.4470 215 141 86
18.6875 -15.0000 4.0330 157 177 155
-3.6875 -15.5000 0.0350 160 146 64
-11.6875 9.5000 1.3360 208 75 178
-21.3125 15.0000 1.8310 215 155 104
17.4375 -21.5000 3.0760 158 246 155
-25.4375 7.5000 1.1530 169 74 228
9.6250 -18.0000 1.0980 182 96 173
-12.8125 16.0000 7.5670 57 114 213
21.1875 15.5000 2.7830 170 220 134
-14.6250 9.5000 1.9710 195 192 107
22.0625 7.0000 3.7680 121 161 191
10.1250 -24.0000 1.0730 179 87 217
-0.9375 13.5000 1.6940 238 69 135
-13.8750 -28.0000 0.0300 178 133 54
-25.3750 -5.0000 0.0380 145 116 99
22.4375 9.0000 3.5670 135 168 169
-16.4375 5.5000 1.1200 178 106 214
18.4375 -19.0000 5.4970 100 121 169
20.9375 10.5000 3.3870 134 186 189
-3.6875 19.0000 1.7150 250 106 127
7.6875 -13.5000 1.0960 187 65 196
-26.0625 -2.0000 0.0340 164 110 116
-2.4375 6.5000 1.2380 184 56 214
-17.6875 -12.5000 0.0390 182 152 42
-23.3750 15.0000 5.9560 54 160 239
11.6875 19.5000 2.1600 232 144 84
-21.0000 20.5000 7.2340 53 125 232
-6.6875 19.0000 7.3190 60 136 219
9.5625 12.0000 2.4090 196 167 113
-0.2500 9.0000 1.5180 225 57 163
21.0000 6.0000 2.8790 180 189 121
4.3750 -5.5000 1.0960 180 69 216
10.8750 9.5000 2.4970 194 174 104
-10.6875 -26.5000 0.0400 196 125 57
20.9375 11.0000 3.4540 134 179 191
-15.5625 -25.5000 0.0360 176 134 74
-8.6250 -15.5000 0.0430 168 146 61
21.8125 -23.0000 4.5480 125 171 200
7.2500 0.5000 1.4610 223 63 114
11.9375 2.0000 2.8950 173 199 135
-21.7500 5.5000 1.1530 184 129 199
10.8750 -26.5000 1.0600 172 91 197
-11.6250 14.5000 6.5520 58 144 247
6.0625 -16.5000 1.0370 177 166 157
0.9375 17.0000 1.9000 243 87 114
-11.5000 -14.0000 0.0340 190 159 53
11.6250 18.5000 2.1550 235 145 81
5.1875 2.0000 1.1610 190 46 198
4.4375 -7.0000 1.1100 177 89 201
-17.2500 -20.5000 0.0300 192 146 35
0.3125 -21.0000 0.0400 159 116 97
19.1250 -27.5000 0.0360 174 112 140
2.5000 -14.5000 0.0350 179 116 84
-9.3750 -24.5000 0.0400 193 129 75
-15.4375 -18.5000 0.0390 197 156 56
5.8125 12.5000 4.0080 100 153 223
-18.6250 17.0000 7.3340 55 144 226
-11.7500 20.0000 7.3030 58 135 228
2.5000 12.0000 1.7900 229 89 110
-19.5625 -25.5000 0.0230 200 128 26
-24.1250 -3.0000 0.0350 172 113 91
-10.5000 3.5000 1.0480 171 95 213
8.0625 -7.5000 1.1500 196 51 166
15.7500 -13.0000 4.5460 122 144 188
5.1250 -20.5000 0.0380 176 113 121
-1.1250 5.0000 1.1710 183 51 207
11.8125 -24.5000 1.0720 182 80 206
-19.3750 15.0000 3.0420 134 235 219
3.3125 -5.5000 1.0730 169 120 192
9.5625 -25.0000 1.0740 174 95 211
7.4375 -3.0000 1.1520 196 51 172
8.3125 16.0000 2.2100 219 165 87
1.0625 4.5000 1.1690 182 46 226
-12.5000 -18.0000 0.0310 191 163 31
9.8750 -19.0000 1.1200 191 72 183
14.0000 13.0000 2.3110 218 153 92
-14.3750 19.0000 7.2940 61 138 230
7.0625 -24.0000 0.0320 157 44 122
-3.7500 22.0000 7.3480 82 119 223
-20.3750 0.5000 0.5030 182 144 146
9.3125 -4.0000 2.4330 185 198 94
-15.7500 19.0000 7.2700 58 126 227
-9.8125 17.5000 7.3130 60 137 226
-23.6250 12.5000 3.4810 102 237 229
-21.6250 -2.0000 0.0340 154 101 90
20.3125 7.5000 2.8590 174 204 130
-13.5625 1.5000 0.7220 167 181 158
-5.3750 5.0000 1.1430 188 75 236
20.8125 -26.0000 5.8580 75 198 176
-8.3125 -15.0000 0.0310 169 127 52
-18.9375 17.0000 7.3540 55 144 228
-18.6875 -15.0000 0.0340 186 159 47
1.6875 -10.0000 0.0410 173 111 99
-6.8125 2.5000 1.0600 168 115 210
19.3125 1.5000 2.8360 204 172 104
7.0000 -26.0000 0.0390 152 52 106
20.7500 -5.0000 3.2500 210 192 140
-22.8125 15.0000 4.4680 85 165 251
9.1875 3.0000 2.7930 153 196 143
23.0625 4.0000 2.9410 185 161 113
-14.5000 -6.0000 0.0360 161 119 96
-3.4375 -23.0000 0.0400 167 124 66
-15.8750 19.0000 7.2970 58 125 226
21.2500 -15.0000 3.9850 177 160 189
3.9375 11.0000 1.7890 233 87 84
-26.1250 9.5000 1.2210 185 74 228
-11.5625 6.0000 1.1450 178 76 232
20.6250 15.0000 3.5480 119 196 197
-11.1250 -21.0000 0.0330 176 150 61
20.4375 2.0000 2.8550 203 177 106
-10.4375 -7.5000 0.0370 192 137 77
-23.1875 21.0000 7.2620 61 133 216
18.1250 -13.5000 4.0040 149 180 178
20.1250 12.5000 3.5810 124 179 201
10.5000 -16.0000 1.1160 200 58 168
2.0000 21.5000 2.0610 216 120 108
-22.4375 14.0000 3.0650 124 251 198
-20.4375 15.0000 4.4780 80 169 254
21.0625 11.5000 3.5390 128 179 190
-21.5625 20.5000 7.2690 59 148 214
11.7500 -26.0000 1.0880 179 84 196
15.8750 6.0000 2.5920 215 156 109
-8.2500 -0.5000 0.0350 151 122 118
2.0000 -2.0000 1.0590 162 105 194
-22.0625 18.0000 7.2680 55 126 222
1.5000 1.5000 1.0900 184 84 216
-20.5625 -17.0000 0.0360 189 142 51
-6.1875 -0.5000 0.0440 169 127 111
-2.5000 8.5000 1.3820 212 71 210
-22.9375 17.0000 4.4970 92 171 254
-9.1250 10.0000 1.4130 208 80 179
16.9375 17.5000 2.3400 211 180 94
-25.8125 -3.5000 0.0330 165 118 101
-25.3750 -20.0000 0.0350 188 133 74
-10.0625 12.5000 1.6790 227 134 119
-21.0000 13.5000 3.2530 117 237 235
9.4375 3.0000 2.7420 156 193 133
23.3750 -6.5000 3.4210 196 167 145
19.4375 -11.0000 3.6640 189 172 173
3.3750 3.0000 1.1810 187 39 215
-2.2500 16.5000 1.7010 251 63 152
15.1250 15.0000 2.2250 223 134 80
22.8125 22.0000 1.4100 190 91 111
14.6250 -13.5000 4.4760 102 143 161
-22.8125 17.5000 7.4650 50 123 225
-15.1875 8.5000 1.2150 188 90 213
-2.2500 12.0000 1.5400 224 56 176
-6.9375 7.0000 1.2280 198 73 233
21.2500 15.0000 1.9040 233 123 7
19.6250 14.5000 3.6680 128 188 198
16.0000 -0.5000 2.9030 199 169 112
4.3750 19.0000 2.1190 237 142 83
22.3125 5.0000 2.9650 171 180 125
-14.4375 14.0000 3.0040 129 246 233
14.5000 -23.5000 1.0920 198 86 202
2.6875 -7.0000 1.0550 173 191 169
-10.8750 16.5000 7.3150 50 128 231
2.5000 -5.0000 1.0430 167 135 188
-8.0000 0.0000 0.0400 141 95 114
-9.4375 19.0000 7.3100 61 137 216
7.3125 -13.5000 1.0910 186 65 197
-18.3750 10.5000 2.2940 165 220 120
14.8750 -14.5000 4.3160 111 154 192
20.4375 -6.5000 3.3930 193 191 166
20.9375 2.0000 2.9620 195 178 119
3.0000 20.0000 2.1070 229 138 92
-13.1250 11.5000 1.3560 201 91 184
1.8750 -1.5000 1.0520 161 103 200
18.9375 -15.5000 3.9900 158 205 181
-24.2500 17.5000 7.5860 50 137 217
3.1250 -15.5000 0.0390 177 95 88
-3.4375 20.0000 3.2270 131 210 254
-25.5625 20.0000 7.5760 65 123 219
15.8750 -5.5000 3.4110 189 171 145
17.9375 6.0000 2.5920 213 149 97
19.2500 1.0000 2.8850 201 171 111
-22.0000 4.0000 1.0880 176 141 188
5.6875 7.5000 2.1600 183 188 81
17.8750 -3.0000 3.1220 192 176 129
18.4375 13.0000 2.5230 193 176 99
-17.5625 -14.0000 0.0430 186 151 41
16.3125 5.5000 2.6680 209 164 117
15.5625 -21.0000 2.6280 172 218 100
10.8125 21.5000 2.1260 222 119 101
18.6875 12.0000 5.1650 110 88 188
15.8125 -9.5000 3.7250 165 204 167
-18.1875 3.5000 1.0650 168 164 204
-6.7500 1.5000 0.8940 160 132 197
3.8750 -22.5000 0.0410 161 111 122
2.3750 0.0000 1.0890 172 86 205
3.0625 14.0000 1.8920 234 107 99
-11.3750 -11.5000 0.0390 163 150 58
7.2500 -0.5000 1.2560 200 46 154
-12.7500 -25.5000 0.0400 190 125 53
19.8750 -3.5000 3.1890 209 188 143
1.5625 -24.0000 0.0300 169 141 96
-20.0625 -16.5000 0.0380 190 138 50
-6.0625 5.0000 1.1160 188 71 240
-20.1250 -16.5000 0.0440 190 140 52
19.8750 21.5000 1.4400 218 80 110
8.6250 -5.0000 2.8150 128 211 184
-17.1250 15.5000 5.2280 73 144 254
-15.2500 -7.0000 0.0400 174 138 99
14.5625 9.0000 2.4330 218 145 72
16.1875 6.5000 2.5950 213 164 114
-4.3750 11.5000 1.3460 216 45 202
5.1250 18.5000 2.1660 231 149 82
2.3750 4.0000 1.1780 183 48 216
-23.4375 10.0000 1.2190 203 51 213
-5.3750 19.0000 7.3480 58 125 229
17.6875 7.5000 2.5270 215 159 100
-14.1250 0.5000 0.7160 167 189 146
-15.1875 -2.5000 0.0420 168 140 103
16.6875 -13.0000 3.9370 150 187 181
-14.4375 0.5000 0.0290 161 96 110
8.1250 5.5000 2.5600 170 196 123
-17.9375 14.0000 1.6960 222 125 110
-12.6875 9.5000 2.0900 175 198 107
-20.1875 -17.0000 0.0430 191 140 49
4.1875 6.5000 1.4220 230 46 153
11.3125 -5.5000 2.8800 159 196 137
12.1250 14.0000 2.2200 222 148 80
12.1250 22.0000 2.0920 226 114 89
13.3125 4.5000 2.5460 223 169 94
0.9375 -5.5000 0.0350 155 119 112
17.9375 12.5000 2.5030 197 174 94
3.4375 8.5000 1.5190 224 68 158
20.0625 -12.0000 3.7810 189 177 184
-11.2500 19.5000 7.2810 55 138 230
-1.5000 -13.5000 0.0340 155 104 107
-10.5625 19.5000 7.2980 54 138 227
20.6250 -13.0000 3.8260 185 181 188
-10.1250 8.5000 1.2640 210 59 200
11.3125 19.0000 2.1550 235 147 82
13.7500 18.5000 2.1610 235 146 76
20.6875 -10.5000 3.6640 189 183 174
-4.1250 -16.5000 0.0460 164 146 68
-12.5000 17.0000 7.3010 65 124 211
17.8750 4.0000 2.7050 202 176 112
7.7500 -24.5000 0.0650 164 40 122
-0.8125 18.0000 1.7670 254 67 134
-7.7500 -20.5000 0.0390 186 148 42
10.4375 17.0000 2.1310 228 139 81
-9.8750 -10.5000 0.0370 164 138 53
5.7500 -16.5000 1.0610 178 166 156
-20.9375 13.5000 3.3350 114 233 241
-20.5000 11.0000 3.9150 87 201 254
1.0000 -25.5000 0.0320 174 145 98
-7.8750 17.5000 7.3240 62 124 223
-21.6875 3.0000 0.0350 156 76 142
-11.5625 -13.5000 0.0300 189 161 56
-11.7500 21.0000 7.3060 68 142 219
17.9375 -9.0000 3.4680 194 202 157
5.5000 -25.0000 0.0340 171 110 90
17.8750 -23.5000 0.9920 200 112 176
12.1875 -11.0000 2.9280 148 215 151
11.5000 -23.0000 1.0970 197 67 169
-16.1875 15.5000 1.7260 234 131 123
8.8750 13.5000 2.3510 199 181 96
-16.0000 -24.0000 0.0350 183 158 40
-20.3125 -17.5000 0.0330 189 140 48
-2.4375 -8.0000 0.0350 144 140 82
-5.6250 -11.5000 0.0330 158 115 74
17.0000 -27.0000 1.0770 193 119 163
5.5625 -5.0000 1.0890 180 65 209
-2.5000 9.0000 1.4320 218 75 199
-20.1875 5.5000 1.1490 180 137 202
-17.1250 -12.5000 0.0350 184 148 39
17.8750 -20.0000 3.5900 161 216 174
3.0625 9.5000 1.6670 231 68 110
-13.5625 11.5000 1.3790 204 91 182
11.5000 2.0000 2.8990 171 203 140
11.2500 12.0000 2.2540 220 154 77
-16.0625 -9.0000 0.0520 160 144 53
15.7500 15.0000 2.1860 226 146 75
19.4375 7.5000 2.7070 184 187 100
-1.2500 22.0000 2.0090 210 128 123
20.4375 3.0000 2.7650 201 178 110
17.5000 8.0000 2.5070 214 155 96
-9.1875 14.5000 1.7400 221 131 125
-15.8125 -15.5000 0.0410 195 162 60
1.1875 -10.5000 0.0320 174 114 94
19.1875 -5.5000 3.3030 211 184 148
20.3750 2.5000 2.8270 203 171 102
-26.0625 -4.0000 0.0360 162 117 98
-1.8750 -8.0000 0.0390 145 136 80
14.3750 -22.0000 1.1620 207 83 177
-21.1875 -1.5000 0.1110 158 119 113
16.6250 -16.5000 3.6080 178 211 157
-11.7500 -7.5000 0.0360 188 143 84
19.5000 -23.0000 5.7600 84 175 168
-7.1875 12.0000 1.6150 227 102 140
-16.4375 12.0000 1.7800 211 148 95
11.0000 -24.0000 1.0960 184 83 213
18.8750 8.0000 2.4660 207 175 73
4.2500 2.0000 1.1610 191 36 206
-13.5000 -14.5000 0.0360 191 171 48
-25.0625 8.5000 1.1830 187 71 225
15.1250 -17.5000 3.2730 156 204 148
-7.3750 -23.5000 0.0430 176 147 69
-26.1250 -5.5000 0.0410 146 116 102
17.3125 0.0000 2.9110 202 171 126
-25.6875 13.0000 2.4750 151 225 133
5.7500 -24.0000 0.0330 168 110 103
2.6875 11.5000 1.7370 233 75 116
22.9375 11.0000 3.1500 148 178 147
11.1250 -15.0000 1.1050 198 62 162
6.6250 13.5000 4.2140 114 133 209
12.6875 16.5000 2.1610 233 141 67
20.4375 22.0000 1.4100 207 84 113
-19.2500 17.0000 3.0980 132 238 237
22.4375 17.0000 1.3540 221 62 90
-23.0000 20.0000 7.2580 54 137 220
-4.5000 -17.0000 0.0370 165 146 67
-7.5000 -4.0000 0.5750 166 215 129
23.0000 -26.5000 4.7800 109 206 160
-0.0625 12.5000 1.6840 230 63 133
-9.1875 14.5000 3.1190 129 233 238
14.7500 -17.0000 3.2850 159 206 146
5.1875 -17.5000 0.0360 161 118 106
20.5000 5.0000 2.8810 188 196 136
6.8125 -6.5000 1.1340 184 56 186
13.6875 -27.0000 1.0700 186 75 201
-16.5625 12.0000 2.3080 166 218 116
-24.1875 2.5000 0.0340 146 105 149
5.8750 -14.5000 1.0440 175 131 180
-22.5000 15.5000 4.4810 87 175 251
4.5625 12.5000 1.9650 223 133 70
-7.5625 11.0000 3.3520 109 240 254
5.7500 -1.5000 1.1340 183 54 200
20.6875 -7.5000 3.4030 190 195 171
-12.1875 -6.0000 0.0400 175 124 94
-4.6250 9.5000 1.3430 219 43 196
16.0000 3.5000 2.7290 204 163 108
-25.8125 -12.5000 0.0320 185 141 70
12.0625 -12.0000 2.6070 168 209 115
14.9375 -8.0000 3.5280 183 187 146
-10.1875 15.0000 4.4710 99 161 254
-21.5625 15.5000 5.2140 68 151 254
15.7500 17.5000 2.1220 235 145 75
-21.0625 22.0000 7.2840 63 141 211
-15.6250 21.5000 7.2700 80 134 210
-25.0625 -9.5000 0.0430 182 127 95
-22.9375 7.5000 1.1460 176 74 230
-23.0625 4.0000 1.0850 187 133 191
-14.9375 6.5000 1.1490 180 75 234
19.3125 -21.5000 4.6970 112 180 203
1.0625 -15.0000 0.0370 160 108 86
-2.0000 -5.0000 0.0520 171 130 76
-13.4375 4.0000 1.0940 182 119 204
20.5000 -20.0000 4.2930 141 187 198
11.8125 -12.5000 2.7320 154 223 147
-5.6250 18.0000 7.3260 65 125 218
-25.6875 16.5000 1.7320 227 123 130
-9.2500 -20.0000 0.0360 173 159 48
0.3750 3.0000 1.1330 182 81 203
4.3750 -5.5000 1.0970 180 69 216
-15.7500 15.0000 1.6990 230 120 124
5.3125 -2.5000 1.1390 183 52 198
-19.5625 -5.0000 0.0390 178 100 90
-25.6875 11.0000 2.1680 166 201 115
-19.0625 -21.5000 0.0370 184 130 25
-19.4375 -13.5000 0.0390 191 139 58
-23.0625 20.5000 7.2820 57 134 218
-22.5625 7.0000 1.1560 176 77 223
-5.0625 4.0000 1.1090 189 70 235
11.6250 -9.5000 3.7750 115 178 213
18.1250 14.0000 2.4780 192 175 95
22.0625 5.5000 2.9430 172 185 127
-21.1875 17.5000 4.7450 94 156 251
13.3125 9.5000 2.4130 214 158 91
-13.0000 -14.5000 0.0370 191 169 45
-9.3125 -1.0000 0.0250 178 114 103
-11.3750 -25.5000 0.0350 197 126 63
3.1875 21.5000 2.1220 218 130 103
4.3125 -24.0000 0.0350 166 121 100
23.3750 19.5000 1.3680 206 82 102
-18.7500 4.0000 1.0850 165 172 200
-21.6250 -21.5000 0.0320 203 145 37
-22.4375 -9.5000 0.0420 184 133 67
-22.7500 -5.0000 0.0450 165 108 74
4.2500 1.5000 1.1330 190 31 209
-2.5625 10.5000 1.5090 235 55 187
19.6875 13.0000 3.6620 125 172 203
-0.3125 -16.5000 0.0380 177 105 87
-19.3750 21.5000 7.2950 69 132 224
-20.3750 9.0000 1.2380 190 68 194
-3.9375 4.0000 1.0860 188 70 232
7.4375 11.5000 3.3550 137 192 203
9.6875 15.5000 2.1290 223 141 84
19.4375 18.0000 2.7880 165 221 143
18.0000 0.5000 2.9000 202 176 119
3.0000 -20.5000 0.0420 159 132 91
23.5000 6.0000 7.3230 103 89 103
-11.2500 0.5000 0.0330 151 85 139
-14.1250 16.0000 7.5090 52 119 222
11.0625 -8.5000 2.4020 179 195 79
18.6875 -9.5000 3.4910 195 211 153
-4.5000 -16.0000 0.0330 163 148 68
-21.9375 5.5000 1.1470 178 129 197
-21.0000 1.5000 0.7240 173 177 151
4.0625 -22.0000 0.0330 161 107 122
-17.3750 -13.0000 0.0410 186 150 41
5.0625 19.0000 2.1560 232 149 83
-20.2500 -10.5000 0.0430 181 131 64
5.3750 -20.0000 0.0380 160 125 87
-24.0000 -6.5000 0.0430 180 131 99
-15.4375 16.0000 5.4820 70 153 254
-7.6250 -25.5000 0.0390 191 127 64
-24.7500 -14.5000 0.0390 186 136 53
-10.5625 5.0000 1.1340 174 95 221
-15.0000 16.0000 1.8610 217 152 115
6.6875 -14.5000 1.0670 174 103 202
6.1875 12.0000 3.9920 113 135 210
-18.9375 7.0000 1.1700 198 68 217
-20.3750 5.5000 1.1580 180 136 202
-4.0625 17.0000 1.7570 233 117 109
-2.0000 -15.0000 0.0350 168 119 102
-11.0000 14.5000 4.6900 94 161 254
9.1875 -18.0000 1.0570 168 95 195
15.3750 20.0000 2.2710 215 166 80
-4.2500 -0.5000 0.0410 148 122 114
4.5000 -8.5000 1.0770 173 91 189
7.7500 -13.5000 1.1220 190 65 193
6.5000 1.5000 1.3150 205 54 148
1.5625 1.5000 1.1120 186 83 217
8.8125 3.5000 2.2260 194 182 69
-15.3750 5.5000 1.1340 181 92 226
-9.1250 -25.0000 0.0380 185 137 73
-11.1875 -1.0000 0.0440 174 97 121
-10.8750 -26.0000 0.0400 197 125 60
1.1250 -25.5000 0.0400 175 144 98
-6.5000 4.0000 1.0700 177 75 235
13.5000 -24.5000 1.0850 195 72 221
-2.1875 1.5000 1.0660 169 135 206
2.1875 8.0000 1.5050 220 68 154
6.8750 -1.0000 1.1400 191 40 175
-11.0625 -24.5000 0.0270 191 120 66
21.4375 -23.0000 4.6190 122 171 200
-10.6250 -17.5000 0.0350 187 129 27
10.2500 -11.5000 1.1430 198 72 169
15.1250 9.5000 2.4630 211 155 95
-12.8750 5.5000 1.1410 179 88 212
17.8750 -23.5000 2.5650 167 235 95
12.3125 10.5000 2.3270 206 157 75
8.8125 -24.5000 1.0570 180 187 145
-0.7500 -9.5000 0.0350 169 115 104
-14.8125 8.0000 1.1980 183 78 236
-9.6875 18.5000 7.3180 60 138 217
-5.5000 8.0000 1.3800 202 75 206
22.6250 11.5000 3.3870 138 177 167
-17.5000 15.0000 5.2320 75 143 254
7.1250 19.5000 2.1580 230 143 91
-19.1875 -11.0000 0.0340 182 125 56
-25.8125 18.0000 7.5930 61 131 223
-7.1875 -17.0000 0.0360 175 133 54
21.3750 1.5000 3.0620 187 177 130
-24.6250 6.0000 1.1320 181 98 213
-7.5625 -8.5000 0.0360 180 122 68
-10.9375 5.0000 1.1520 175 96 222
-16.4375 -7.5000 0.0420 166 121 64
-25.3750 -11.5000 0.0340 182 144 74
15.0000 2.0000 2.7670 205 177 100
-14.9375 11.5000 1.7260 216 140 111
-2.5625 18.5000 1.8990 240 123 116
-16.7500 13.0000 3.2270 118 237 245
5.0000 12.0000 2.2070 195 173 92
6.6875 0.5000 1.2330 191 50 154
6.3750 -6.5000 1.1100 191 53 189
11.9375 8.0000 2.3490 214 159 75
-7.3750 13.5000 1.8680 209 163 95
8.9375 19.5000 2.0480 246 120 82
-11.2500 13.0000 1.7710 230 152 109
17.6875 -21.5000 2.8970 166 242 132
19.4375 19.5000 2.6890 163 226 131
-15.5625 20.0000 7.2460 72 137 210
8.7500 10.0000 3.9040 124 138 211
12.1875 -11.0000 2.9680 146 215 156
-6.1875 14.0000 1.6500 226 113 134
22.7500 9.0000 3.5480 137 166 163
1.5625 -17.0000 0.0310 168 103 83
-12.8750 18.0000 7.2900 67 113 216
-13.8750 -11.0000 0.0260 184 131 62
17.0625 -6.5000 3.2430 212 209 146
17.6875 -2.0000 3.0220 187 184 130
-23.4375 6.0000 1.0990 171 75 221
0.9375 -10.5000 0.0340 173 115 94
-16.0000 14.5000 4.5040 98 150 254
-14.6875 -14.0000 0.0430 198 158 64
-6.3750 -20.5000 0.0340 180 159 47
-19.9375 21.5000 7.2700 62 119 224
19.0625 -17.0000 4.2650 151 185 206
22.3125 -12.5000 3.8580 179 155 164
4.0625 10.0000 1.7680 237 83 85
17.4375 -17.0000 3.8400 153 200 178
5.6875 21.5000 2.2320 209 133 109
7.9375 -1.5000 1.9200 213 162 64
-10.9375 11.0000 1.5670 222 110 133
17.0625 1.0000 2.8450 203 181 120
7.3125 7.5000 2.4150 187 190 100
14.5625 12.0000 2.3520 210 145 87
14.3125 3.0000 2.6530 221 171 89
20.8125 -15.0000 3.9930 168 184 201
21.3750 -13.5000 3.9230 182 174 179
-2.6875 21.0000 4.0380 130 164 250
12.2500 10.0000 2.3350 207 160 73
-11.5625 8.5000 1.2510 192 77 225
20.3750 -8.0000 3.4880 183 189 176
6.2500 21.0000 2.2030 217 138 101
22.5000 -17.0000 4.2010 166 173 182
-25.1875 18.0000 7.2780 62 138 220
-23.1250 5.0000 1.0850 186 130 199
0.1875 10.0000 1.5660 222 60 145
-23.0625 13.5000 3.5220 102 239 234
14.5000 -1.0000 3.0080 189 184 128
3.1875 -17.0000 0.0340 164 123 93
-10.0625 17.0000 7.3780 53 126 226
-7.1250 12.5000 1.9390 197 180 91
15.0000 18.0000 2.1370 230 131 71
9.3750 -6.5000 2.4850 161 205 121
-10.3750 -14.0000 0.0360 189 148 52
-10.6875 -14.0000 0.0360 190 150 53
-16.1875 -25.5000 0.0310 180 141 46
13.2500 15.5000 2.2470 222 146 90
5.6875 12.5000 3.8320 104 166 225
-8.1250 12.5000 2.5950 145 238 163
21.8750 -23.0000 4.5940 124 171 197
21.1875 8.0000 2.7840 178 194 109
15.8750 18.0000 2.2090 216 144 77
-20.4375 -23.5000 0.0330 187 138 26
-5.0625 21.0000 7.3260 66 115 225
23.2500 15.0000 1.3070 216 57 89
-1.6875 0.0000 0.0370 144 75 143
19.0625 7.0000 2.5400 199 174 74
8.3125 -4.0000 2.0060 198 177 86
12.1875 22.0000 2.0990 225 115 89
14.3750 -27.0000 1.0840 188 81 194
2.8750 -20.0000 0.0460 158 132 92
9.8750 -4.5000 4.0840 99 142 210
5.7500 10.5000 2.1790 187 180 82
-5.6250 8.5000 1.2790 194 68 214
-22.5625 13.0000 3.4010 105 243 223
10.4375 7.0000 2.6660 188 188 135
-13.5000 1.0000 0.2080 162 114 125
16.3750 -21.5000 2.7330 170 231 112
0.3750 -24.5000 0.0370 167 151 102
1.8750 8.5000 1.5080 216 68 156
8.0625 -18.5000 1.0640 168 136 180
4.9375 12.5000 3.3550 118 196 226
-24.0625 21.5000 7.3110 67 129 215
17.5000 1.5000 2.8020 205 178 112
17.1875 -8.5000 3.4110 201 205 157
5.3750 -6.0000 1.1220 179 66 212
22.0625 -18.0000 4.2230 163 179 189
9.8125 21.5000 2.0910 236 120 99
16.6250 -14.0000 3.9150 149 187 172
9.7500 -16.0000 1.0810 191 57 179
21.8750 -26.5000 5.0270 94 214 177
4.6875 14.5000 2.0370 208 144 82
-22.7500 -28.0000 0.0350 181 135 49
1.7500 15.0000 1.9030 242 93 108
7.9375 -5.0000 1.1380 195 50 164
10.7500 -4.5000 4.5740 86 134 201
20.3125 -4.5000 3.2130 210 194 142
11.4375 6.0000 2.6740 189 175 124
-2.3750 -13.5000 0.0430 152 112 110
22.5000 3.0000 3.0810 177 171 137
15.2500 21.5000 2.2300 210 146 83
21.4375 21.0000 1.4140 216 82 112
-18.1250 21.0000 7.3670 65 132 221
13.9375 12.5000 2.3190 217 153 93
-20.8750 10.5000 2.2030 169 226 91
-23.0000 -24.0000 0.0420 182 113 54
-14.5625 -2.0000 0.0370 178 127 118
-20.1875 11.0000 1.5950 216 113 117
-4.5000 2.0000 1.0890 180 165 188
-12.5000 9.5000 2.1790 167 205 116
-16.4375 -27.5000 0.0320 176 137 69
7.5000 -22.5000 0.7350 161 168 150
20.9375 6.5000 2.8600 175 199 123
-16.3750 -20.0000 0.0360 193 141 34
-18.2500 4.0000 1.0830 171 163 206
11.6250 -4.5000 4.7370 84 132 188
1.7500 -1.0000 1.0720 162 102 202
16.3750 -9.5000 3.6870 179 205 178
2.0625 -0.5000 1.0680 160 100 202
-15.2500 -9.5000 0.0340 185 144 65
2.3125 6.5000 1.3340 211 44 174
12.2500 2.0000 2.9260 171 196 137
-6.0000 -15.5000 0.0400 176 160 50
15.0000 10.0000 2.4240 215 157 89
10.3125 -6.5000 2.3680 175 188 81
11.6875 -25.0000 1.0530 181 81 206
22.1875 21.5000 1.3990 201 87 114
7.9375 -17.5000 1.0730 175 107 195
-20.0625 2.0000 0.6410 176 160 151
10.9375 12.5000 2.2230 224 156 73
17.6875 12.5000 2.3850 208 165 71
-9.4375 4.0000 1.1130 170 83 233
7.5000 -6.5000 1.1150 188 48 176
-19.6875 7.5000 1.1980 203 67 220
-5.1250 11.5000 1.3840 218 56 205
12.3125 -7.5000 2.9770 147 207 149
-5.5000 16.5000 7.5950 65 114 206
9.6875 -11.5000 1.1290 194 73 175
-18.6875 20.5000 7.4380 62 134 223
-8.5000 7.5000 1.2440 200 69 238
10.1250 -3.5000 2.3640 189 178 74
7.6250 -17.0000 1.0710 175 110 201
19.9375 13.5000 3.5970 124 182 205
-22.1250 -7.5000 0.0420 187 126 78
-1.8750 -24.5000 0.0330 176 126 70
11.4375 16.0000 2.1620 230 146 75
20.5625 2.0000 2.8400 204 177 103
15.5625 -26.0000 1.0830 188 103 196
-22.3125 -10.0000 0.0360 186 131 65
-6.6875 6.5000 1.2070 193 75 231
11.7500 -10.0000 3.6370 118 193 209
0.8125 -24.0000 0.0380 166 150 101
0.1875 10.5000 1.5970 225 58 146
-16.5000 8.5000 1.2030 185 92 213
19.1875 3.0000 2.7500 214 169 98
9.6875 17.5000 2.1100 237 139 91
9.2500 19.5000 2.0740 241 125 84
10.0625 3.0000 2.6140 174 188 117
14.1250 9.5000 2.4190 216 159 89
-10.7500 5.5000 1.1590 172 95 223
2.7500 6.5000 1.3590 209 49 169
15.1875 -23.5000 1.0970 198 89 196
-0.4375 -24.5000 0.0430 173 124 67
-18.4375 16.5000 4.4720 94 164 254
18.0625 -17.0000 4.1710 133 185 188
4.9375 21.5000 2.2510 203 132 117
-19.2500 -16.0000 0.0400 189 136 47
11.6250 14.0000 2.2330 221 155 80
-22.5000 18.5000 7.2810 56 138 218
-1.3750 -17.5000 0.0340 178 113 90
23.5000 -0.5000 3.2860 184 158 143
21.3750 2.5000 3.0420 178 181 145
-4.5000 8.5000 1.3430 200 69 211
3.5625 -2.0000 1.1100 176 46 212
-18.1250 14.0000 5.4610 67 162 243
7.9375 11.5000 2.4850 176 178 110
-7.7500 -9.5000 0.0500 176 131 64
1.5625 8.0000 1.4350 220 51 165
20.2500 -20.0000 4.4830 134 181 192
-9.2500 -22.0000 0.0360 171 158 67
4.6875 20.5000 2.1920 217 142 102
-5.8125 2.5000 1.0610 180 123 210
20.6250 -12.0000 3.8120 189 177 183
-20.0625 -22.0000 0.0380 188 135 28
21.3125 -4.0000 3.1890 211 185 131
-19.3125 13.5000 3.5150 111 222 245
-7.4375 -8.5000 0.0510 180 123 69
-8.8750 19.0000 7.3110 60 139 227
23.0000 -25.0000 4.7270 109 201 177
-3.9375 -26.5000 0.0380 187 121 66
-4.3750 1.0000 0.0490 170 88 128
12.0625 -16.5000 1.1670 205 67 147
2.2500 -17.0000 0.0350 169 103 84
3.1875 19.0000 2.0360 233 117 90
17.8750 -8.0000 3.4200 200 205 158
4.6250 12.0000 2.0310 213 144 76
-2.3750 -23.5000 0.0380 172 124 70
-22.8750 14.0000 1.8780 218 175 67
11.1875 19.5000 2.1740 230 148 87
-19.2500 2.0000 0.0460 173 113 115
2.7500 -6.5000 1.0740 173 144 180
-26.4375 -21.0000 0.0390 186 136 72
20.0625 -24.5000 1.1250 197 165 143
-22.9375 -5.5000 0.0340 164 108 73
-15.9375 16.0000 4.5140 91 165 254
17.6875 -26.5000 1.0660 196 118 165
21.1875 12.0000 3.6760 125 169 189
-11.5625 5.5000 1.1630 178 78 229
18.1875 -22.0000 2.7120 172 241 108
-24.3125 19.0000 7.2620 55 138 222
-3.3125 -18.0000 0.0330 169 131 91
-10.7500 -5.0000 0.0390 172 120 92
-17.2500 20.5000 7.2260 59 122 235
-17.3125 20.5000 7.2880 59 121 234
-19.3750 2.5000 0.0330 178 106 110
-10.8125 7.0000 1.2050 191 62 237
5.1875 -8.0000 1.0870 175 85 192
-10.9375 3.0000 1.0840 181 143 202
-17.3125 4.0000 1.0890 175 162 204
2.3750 -21.5000 0.0330 168 117 93
0.8750 16.5000 1.8940 245 87 115
20.9375 -19.0000 4.2140 147 193 203
-14.3750 -6.0000 0.0460 161 118 96
15.3125 -5.0000 3.3680 191 177 147
-20.4375 21.0000 7.2450 55 122 230
3.6250 -15.5000 0.0370 160 108 117
6.7500 7.5000 2.3380 189 184 91
-5.4375 17.0000 3.0730 139 223 235
15.9375 -14.5000 4.8590 108 145 167
14.5625 -16.0000 3.1360 169 208 136
-3.1250 4.0000 1.1490 184 69 216
2.3125 -6.5000 1.0540 170 191 172
-25.8125 -8.5000 0.0290 180 124 103
-7.6250 -8.5000 0.0490 180 124 70
15.5000 -1.5000 2.9160 200 170 104
11.6250 3.5000 2.8150 179 188 143
17.4375 15.5000 2.4200 200 185 96
18.5000 -15.5000 4.1720 137 196 184
16.8750 -6.5000 3.2700 210 208 149
-5.5000 13.0000 1.5810 235 76 155
-3.8750 -15.0000 0.0330 165 147 65
-22.9375 -21.5000 0.0400 195 138 54
-14.5625 16.0000 1.7110 229 110 125
-2.5625 21.0000 5.7990 92 127 232
-9.1250 19.5000 7.4990 63 147 211
0.8125 -3.0000 0.1490 142 93 127
-3.3125 16.5000 1.7500 232 112 108
17.3125 -27.0000 1.0440 191 119 162
11.0625 -5.5000 2.8890 156 198 146
3.0625 11.0000 1.7690 230 95 104
6.7500 -13.0000 1.0810 181 68 200
22.3125 -21.0000 4.4540 143 171 193
19.5000 -19.0000 4.4090 139 184 201
8.3125 -10.5000 1.1390 198 59 173
10.5625 -10.5000 2.8070 153 219 152
10.7500 -26.5000 1.0440 171 91 196
-22.1875 15.0000 1.8170 216 151 91
-23.1875 -15.5000 0.0320 179 134 40
8.8125 14.0000 2.3240 200 177 94
-1.6250 7.0000 1.3140 198 56 201
-25.5000 -15.5000 0.0360 181 139 53
12.1250 12.5000 2.2980 216 157 85
19.1875 7.5000 2.5350 198 176 75
14.7500 -5.5000 3.3970 171 189 153
9.8750 -20.0000 1.1180 189 78 182
-9.3125 -24.0000 0.0470 190 132 77
-10.2500 -4.5000 0.0320 170 117 92
-22.4375 7.0000 1.1810 178 79 219
4.8750 20.5000 2.2220 214 144 105
-17.1875 3.0000 1.0590 175 177 189
12.9375 -12.0000 2.9770 173 227 138
17.1875 -26.0000 1.0710 198 114 172
-19.1250 14.5000 6.2920 70 135 209
-3.6250 1.0000 0.4610 175 98 167
2.0000 -2.0000 1.0580 162 105 194
4.8750 2.0000 1.1620 191 42 201
-9.1250 -5.5000 0.0400 170 130 81
-9.1250 -26.0000 0.0380 178 128 65
3.6250 -0.5000 1.1190 176 43 208
21.8125 7.5000 2.8760 173 193 120
15.5000 15.0000 2.2180 223 132 78
20.5625 21.5000 1.4070 212 82 113
-16.6875 18.0000 7.3180 58 128 228
18.3125 -21.5000 2.9580 164 241 132
18.1875 -26.0000 1.0680 197 120 161
0.4375 10.5000 1.6060 227 60 142
7.6250 21.5000 2.0370 234 106 104
-25.5625 6.5000 1.0850 175 95 224
-18.6250 5.0000 1.1350 182 122 201
-22.5625 21.5000 7.2940 65 149 214
-4.1875 3.0000 1.0880 181 99 221
22.2500 1.0000 3.2160 182 152 141
-1.8125 -23.5000 0.0380 173 123 70
-7.0625 10.5000 1.3980 208 76 181
3.5000 21.0000 2.1040 223 130 99
-8.6250 12.0000 3.1320 124 237 232
20.6250 -21.5000 4.6440 115 182 203
-11.8125 -18.5000 0.0330 166 157 51
9.4375 -4.0000 2.5010 179 199 106
-16.8750 -22.0000 0.0410 185 150 48
14.6250 -7.5000 3.5270 180 188 155
15.9375 -7.5000 3.5420 192 191 168
-13.8750 19.5000 7.2600 60 137 230
-23.0000 6.5000 1.1310 175 76 224
22.3750 14.0000 5.1040 105 123 155
-18.3125 -2.0000 0.0270 159 116 124
6.3125 -14.5000 1.0590 173 105 203
12.1250 -18.5000 1.1390 198 75 171
-19.6875 -18.5000 0.0370 200 146 41
-25.1250 18.5000 7.3190 63 133 221
-19.3750 18.5000 7.4500 50 128 232
21.0000 -27.5000 5.1060 95 207 171
15.6875 -17.0000 3.2590 174 212 128
4.4375 18.0000 2.0690 243 130 81
5.7500 -9.5000 1.0980 174 127 195
-16.0625 14.0000 4.4720 93 166 251
16.3125 11.0000 2.3970 207 149 75
13.9375 17.5000 2.1450 226 130 77
-13.6250 -9.0000 0.0490 174 138 70
-25.0000 17.0000 1.7070 234 118 129
-24.7500 1.5000 0.0330 160 97 121
-23.2500 -7.5000 0.0320 190 126 87
19.8125 -18.0000 4.1420 152 194 206
2.3125 -1.5000 1.0530 162 101 196
17.3750 -6.5000 3.2960 209 207 150
-17.5625 0.5000 0.0330 170 110 131
-20.5625 2.5000 0.0750 169 122 129
7.8750 2.5000 2.1770 183 186 79
3.0000 -8.0000 1.0540 163 181 177
-19.2500 3.5000 1.0720 175 142 193
15.0000 -12.0000 3.2930 179 215 134
-15.8125 3.5000 1.0570 173 143 192
-8.0000 21.0000 7.3280 65 131 221
-10.1875 11.5000 2.1390 179 215 103
18.0625 -21.5000 3.0060 162 244 141
6.5000 6.5000 2.2390 180 173 83
12.5625 20.0000 2.1110 236 133 75
-10.8750 8.0000 1.2540 194 68 229
11.1875 -20.5000 1.1290 200 76 167
13.9375 8.5000 2.4170 213 150 71
-23.5000 21.0000 7.4310 58 127 216
-16.0625 -24.0000 0.0400 183 158 40
20.6250 14.0000 3.5810 124 185 202
-16.6875 -20.5000 0.0430 189 162 50
-19.9375 -18.5000 0.0370 201 148 42
19.3750 -19.5000 4.4360 137 181 198
16.0000 -24.0000 1.1020 200 102 170
4.4375 0.5000 1.1310 189 30 203
-8.6875 -20.0000 0.0340 186 154 43
14.5625 -10.5000 3.2950 168 222 154
-15.1875 10.5000 1.7300 214 141 122
3.9375 -11.5000 1.0120 172 148 186
19.2500 21.5000 2.8420 144 213 158
21.0000 -14.0000 3.9210 181 174 178
4.1875 7.0000 1.4570 234 47 149
20.0625 -20.0000 4.4750 134 181 193
-12.3125 -6.5000 0.0280 188 140 86
-26.4375 17.5000 2.2970 170 215 144
-9.3750 -2.5000 0.0430 155 112 118
18.2500 12.5000 2.4950 198 172 91
7.8750 12.0000 2.7390 169 194 147
5.0625 -23.5000 0.0370 170 113 111
12.1875 -16.5000 2.6660 149 221 142
22.1250 -6.5000 3.3950 195 175 157
-16.4375 11.0000 1.4870 215 105 150
22.5000 -6.0000 3.3890 198 172 153
-16.8125 12.5000 2.5820 152 237 162
-10.3125 -8.5000 0.0380 192 140 70
-12.8125 2.0000 0.7350 165 179 155
-21.3750 16.0000 1.7970 222 141 109
-11.0000 12.0000 2.0670 195 204 84
-13.3750 9.5000 1.3140 209 88 177
-2.8125 21.0000 5.7640 92 128 233
-0.1875 -13.0000 0.0390 152 102 100
19.4375 -20.5000 4.5400 124 177 201
-10.7500 2.5000 1.0590 171 163 158
-1.4375 17.0000 1.6920 252 61 153
-7.2500 -3.5000 0.5120 164 210 124
-8.4375 4.5000 1.1240 183 70 254
21.3750 -2.5000 3.1420 196 174 143
3.8125 -3.5000 1.0620 172 61 227
-19.8125 9.0000 1.2050 202 73 212
1.0000 -18.0000 0.0310 149 107 96
0.3125 7.0000 1.3650 212 37 176
-17.6875 -8.5000 0.0290 166 128 57
-23.3125 -2.5000 0.0350 180 95 102
-2.3125 -8.5000 0.0330 158 127 90
-8.5000 9.5000 1.3820 204 73 184
10.1875 14.5000 2.1510 230 150 75
-7.5000 13.5000 2.7580 143 238 198
8.3125 -11.5000 1.1210 194 60 168
2.0000 16.0000 1.9190 244 97 103
-24.1250 7.0000 1.1450 176 73 228
-19.4375 17.0000 7.0800 54 132 224
10.9375 -7.0000 2.7930 154 213 147
-12.4375 -26.5000 0.0420 176 127 59
-1.4375 -19.0000 0.0420 171 123 101
6.9375 10.0000 2.4000 184 181 99
2.6875 6.5000 1.3390 209 46 173
-7.5000 -13.5000 0.0400 163 130 45
7.9375 -17.5000 1.0940 177 107 193
-10.7500 20.5000 7.2860 59 135 224
-20.4375 6.0000 1.1460 185 132 207
8.4375 -19.0000 1.0710 171 133 176
-7.6875 10.0000 1.4580 217 79 169
16.2500 10.0000 2.4450 205 156 79
7.2500 -6.0000 1.0950 185 52 188
3.9375 -10.0000 1.0370 167 142 207
13.2500 -16.5000 2.7300 184 206 102
22.5000 -1.5000 3.3000 177 167 155
-21.0625 14.5000 4.4730 81 185 254
-6.8750 4.0000 1.0840 181 75 243
21.0625 -27.5000 6.0100 84 189 156
4.1875 18.5000 2.1290 236 142 85
-5.8750 3.5000 1.0600 176 75 227
-0.5625 13.5000 1.6600 235 60 141
16.5625 -17.5000 3.4570 167 223 151
12.5000 -22.0000 1.1110 196 79 190
19.8125 -24.0000 4.8920 91 208 203
3.2500 0.5000 1.1210 179 58 192
-2.6875 -0.5000 0.0320 141 86 139
19.8750 -21.5000 4.6620 113 181 204
9.0000 -19.0000 1.0850 171 129 171
15.9375 -14.0000 4.8470 101 111 177
0.3125 4.5000 1.1740 179 47 226
12.3125 18.5000 2.1560 226 131 82
9.3125 -17.0000 1.1070 180 73 174
2.2500 13.0000 1.8120 240 95 103
14.7500 -18.0000 3.2240 134 211 188
14.3125 -25.0000 1.1010 199 76 212
-9.3125 1.0000 0.0310 152 109 117
-10.8750 20.0000 7.2930 55 137 227
18.5000 -19.0000 5.4770 101 121 167
-17.5000 18.0000 7.3060 58 130 233
11.0625 -26.5000 1.0670 174 90 196
-11.5625 -18.0000 0.0330 165 157 49
4.6875 -2.0000 1.1230 183 47 208
-3.7500 17.5000 1.8240 236 132 116
11.5625 -17.0000 1.1400 201 64 151
17.7500 5.0000 2.6490 209 166 103
5.6875 6.0000 1.8440 210 130 65
17.0000 -12.5000 3.9100 155 187 182
20.6250 -15.5000 4.0090 166 188 205
-18.2500 14.0000 4.5640 88 168 251
15.9375 19.5000 2.2990 206 167 85
-7.1875 16.5000 7.3020 58 126 220
-26.1250 14.5000 1.6830 216 110 115
10.0000 1.5000 2.5420 187 184 88
-3.6250 21.5000 7.3560 79 118 222
-10.4375 1.5000 0.0560 151 82 140
-2.3125 19.0000 1.9160 239 130 114
9.4375 -25.5000 1.0550 172 135 185
7.8750 1.5000 2.0440 201 176 60
15.1875 -21.0000 2.6200 170 214 109
18.5625 -17.0000 4.2580 150 184 208
19.1875 -13.5000 3.8440 182 175 185
-15.0625 4.5000 1.1120 178 109 215
-2.2500 -25.5000 0.0350 179 130 65
9.9375 9.0000 2.5080 191 178 112
5.5000 -4.0000 1.1120 180 63 211
-8.6875 7.5000 1.2270 198 68 243
7.5000 22.0000 2.0170 233 103 109
15.1250 4.0000 2.6770 215 174 107
3.3750 -0.5000 1.0590 177 68 187
21.3750 19.0000 1.3850 227 80 109
-1.1875 -14.0000 0.0370 156 103 104
9.3750 -2.0000 2.5520 168 201 120
-0.4375 11.5000 1.5930 229 61 162
-8.1250 12.5000 1.6280 235 109 139
-24.7500 -15.5000 0.0320 183 137 48
-14.7500 16.0000 5.5570 65 153 254
-24.8125 -3.5000 0.0370 169 116 92
-1.3125 -17.0000 0.0360 178 112 92
20.0000 -23.5000 5.8130 64 187 183
9.3125 17.0000 2.0990 231 137 79
20.7500 -23.5000 4.8500 113 181 194
5.5625 0.5000 1.1400 187 43 192
-5.5625 -2.5000 0.0310 153 112 117
-5.8750 -14.0000 0.0430 172 152 64
-25.9375 17.5000 3.8480 118 191 254
-8.3750 17.0000 7.3390 61 126 225
3.1250 22.0000 2.1330 215 131 106
8.6875 14.5000 2.3000 206 160 94
2.0000 13.0000 1.8030 241 93 104
-12.1250 -14.0000 0.0400 184 148 56
-16.0000 -23.5000 0.0370 182 161 40
-17.3750 9.0000 1.2230 193 83 210
4.8125 3.0000 1.1220 192 42 201
-15.8750 20.0000 7.2890 72 137 210
19.5000 -25.5000 1.0600 192 167 148
13.0625 10.5000 2.3550 216 151 87
22.7500 -6.0000 3.3810 198 170 150
13.0000 -21.5000 1.1210 198 81 188
16.1875 -10.0000 3.7140 175 204 179
-6.6250 -5.5000 0.0290 177 147 84
-15.8750 14.0000 4.4740 87 181 249
6.2500 -11.5000 1.1100 182 93 170
8.6250 13.5000 2.3620 198 184 98
7.2500 16.5000 2.2230 214 164 93
22.5000 -1.5000 3.2910 177 167 154
-0.5000 12.0000 1.6370 227 68 147
-4.5625 -23.0000 0.0360 171 126 65
17.2500 -8.0000 3.3670 204 210 155
15.3125 -2.5000 3.0360 195 172 119
10.1250 -11.5000 1.0990 196 70 173
-7.9375 -2.5000 0.0280 158 121 112
-19.7500 6.5000 1.1240 198 60 227
-22.1250 11.5000 3.5950 96 221 234
-26.0000 20.5000 7.2790 77 126 216
1.0000 20.5000 1.9570 235 103 96
-2.0625 -6.5000 0.0420 143 139 87
-9.1875 11.0000 1.4170 212 90 171
-0.9375 3.0000 1.1180 182 99 201
16.1875 -28.0000 0.3960 172 90 171
-18.9375 14.5000 5.3150 77 129 240
-0.8125 9.0000 1.4970 229 51 167
-9.3750 0.0000 0.0340 159 99 101
0.3125 15.5000 1.8410 250 73 124
10.3125 19.5000 2.0670 246 128 81
-7.8125 16.0000 7.3200 57 129 222
-10.6875 -10.5000 0.0540 165 145 60
4.3125 -7.5000 1.0800 174 89 200
-18.1875 13.5000 2.9280 134 241 216
3.6250 0.5000 1.1200 176 41 215
-2.1250 20.0000 1.9550 230 142 115
13.7500 7.5000 2.4430 214 157 72
-15.8125 12.0000 1.5250 210 103 140
11.0625 -10.0000 2.6960 158 216 132
18.8750 20.0000 2.6090 165 216 127
-4.6250 18.5000 7.4820 56 122 223
-7.6875 19.5000 7.3350 56 137 226
21.9375 21.5000 1.4250 205 87 112
5.2500 5.5000 1.5450 217 87 114
14.1875 -21.0000 2.5410 164 220 120
11.5000 -5.0000 2.7160 173 194 103
-20.2500 16.0000 4.4950 81 168 254
-5.2500 15.5000 1.6610 235 98 113
-5.5625 16.5000 4.1960 105 170 254
8.4375 -21.5000 1.0960 170 176 166
-23.8125 1.0000 0.0330 165 92 116
-22.7500 7.0000 1.1450 176 76 225
2.0000 16.0000 1.9050 247 92 105
5.6250 -13.0000 1.0750 185 126 177
-16.8125 10.0000 2.2660 173 220 111
20.5625 9.5000 2.7120 178 206 113
11.5625 -24.5000 1.0600 182 80 208
7.5000 -3.5000 1.1570 195 52 168
-2.6250 9.5000 1.4310 234 44 199
-20.8125 -11.0000 0.0380 179 134 63
2.5625 -14.5000 0.0390 179 116 85
-0.1875 -24.0000 0.0400 172 149 74
-3.6875 8.5000 1.3290 208 49 222
2.8750 7.5000 1.4680 216 63 157
18.2500 -27.5000 0.4010 176 136 164
-15.3750 4.5000 1.1200 176 110 214
23.4375 12.0000 2.6380 181 174 84
-2.2500 0.5000 0.0380 170 90 158
-2.5000 -24.5000 0.0400 174 130 70
18.3125 -18.5000 4.5090 116 163 200
19.6875 15.0000 3.5970 129 194 201
11.3125 21.5000 2.1250 221 118 98
-8.6875 18.5000 7.3270 60 139 226
4.0625 -19.5000 0.0390 157 133 89
-13.5625 16.0000 7.3650 52 123 221
9.1875 16.0000 2.1340 225 150 82
-10.0000 15.0000 1.7110 230 121 123
-10.8750 3.0000 1.0770 173 123 183
-13.4375 13.5000 6.2770 57 147 240
-25.7500 -27.0000 0.0410 169 135 60
-22.5000 15.0000 1.8140 218 150 91
-17.3125 -24.0000 0.0370 175 150 52
12.3125 13.5000 2.2650 218 153 84
19.1875 9.5000 2.6720 183 196 109
14.5625 -14.0000 4.3210 107 151 163
-26.3750 -24.5000 0.0360 181 142 59
-19.6250 5.5000 1.1450 186 107 208
-0.6250 20.5000 2.0200 222 141 111
20.2500 -14.5000 3.8790 182 176 178
-1.2500 -1.5000 0.0360 149 101 113
-7.6875 20.5000 7.3220 61 133 223
8.8750 19.5000 2.0760 243 128 83
8.0000 6.0000 2.5230 182 188 110
4.6250 -9.0000 1.0610 168 136 205
13.6875 -27.0000 1.0770 186 76 201
5.2500 17.0000 2.1240 221 152 79
15.5625 -14.5000 3.4870 164 193 151
7.5625 0.0000 1.6130 222 99 95
-1.9375 15.5000 1.7070 252 64 148
3.5000 -13.0000 0.0440 165 104 121
-22.7500 1.5000 0.0340 164 93 118
-15.6875 1.0000 0.0370 156 109 117
11.8125 9.5000 2.3000 210 159 68
-19.8750 13.5000 3.3540 115 233 242
-5.0000 -19.5000 0.0350 181 131 79
10.6250 -12.0000 1.1290 200 64 169
14.5000 2.0000 2.7080 211 175 90
-7.8750 -23.5000 0.0420 175 149 63
4.6250 -8.5000 1.0780 173 91 189
-0.5625 14.5000 1.7330 245 64 137
17.2500 -13.0000 3.9430 151 188 183
14.7500 -9.5000 4.4920 127 146 180
-23.6875 18.5000 7.3020 53 139 221
-9.1875 7.5000 1.2390 194 69 241
-16.9375 -20.5000 0.0420 193 146 35
11.0625 3.5000 2.8230 176 192 146
22.5625 -4.5000 3.2920 206 168 124
-19.5000 20.0000 7.8400 47 115 227
20.1250 14.5000 3.6370 125 176 199
5.8125 -6.0000 1.0680 172 68 215
7.3125 1.0000 1.6720 234 94 80
8.1250 19.5000 2.0460 249 124 81
20.3125 1.5000 2.8710 203 180 109
-4.8125 6.0000 1.2230 193 76 232
-2.3750 -14.5000 0.0390 147 103 114
23.1250 0.5000 3.2260 185 151 134
0.3750 -19.5000 0.0370 153 114 94
-11.0625 1.5000 0.0400 151 83 145
-12.5625 12.0000 1.6340 213 120 133
0.0625 18.5000 1.8770 246 85 105
10.0625 20.0000 2.1110 235 132 91
-26.0000 -23.5000 0.0310 182 142 60
22.6250 17.0000 1.3610 221 62 88
8.1875 12.0000 3.7500 127 155 201
-3.0625 -17.0000 0.0340 157 131 86
18.0625 -25.0000 1.0700 200 116 169
8.5625 12.5000 2.4140 196 186 100
13.6875 21.0000 2.0970 230 124 87
20.6250 -19.5000 4.2370 144 192 204
-25.1250 -16.5000 0.0410 172 144 51
20.3750 7.0000 2.8180 177 201 119
20.6250 -26.0000 5.9500 73 195 174
-7.3750 -16.5000 0.0350 174 134 56
21.0000 -21.5000 4.4580 125 185 205
18.4375 11.0000 2.5650 199 163 97
-8.1875 -27.5000 0.0340 171 126 51
10.7500 -26.0000 1.0730 176 89 202
-10.9375 6.5000 1.1520 185 62 240
22.0000 18.0000 1.3780 224 61 94
-8.3125 2.0000 0.9840 163 132 210
-0.3125 5.0000 1.1860 183 54 201
6.3750 -20.0000 0.2040 159 132 110
-2.2500 -21.0000 0.0300 158 140 83
4.6875 -10.0000 1.0770 174 137 202
-21.0000 -7.5000 0.0320 189 136 64
-19.3750 10.5000 2.2520 167 228 92
6.9375 -14.5000 1.0690 176 100 200
16.4375 -7.5000 3.5040 194 198 168
2.5625 10.5000 1.6640 229 77 123
-1.9375 3.5000 2.4540 147 227 162
-15.4375 -16.0000 0.0360 184 165 57
-24.1875 9.5000 1.1910 196 50 218
-15.1875 14.5000 1.7220 227 130 125
10.1875 -5.0000 3.9070 102 153 206
-1.5625 -21.5000 0.0360 162 132 83
13.0625 -23.5000 1.0940 200 75 208
-3.6875 2.0000 1.0820 178 164 181
-16.1250 18.5000 7.2700 57 128 229
8.1250 11.0000 3.0670 145 186 184
20.3125 -9.5000 3.5200 200 187 169
-25.0625 20.0000 7.3430 61 131 221
-18.5625 1.0000 0.0340 158 117 137
-1.9375 15.0000 1.6600 242 73 159
-8.5000 -10.5000 0.0400 180 134 55
6.1875 -24.0000 0.0380 166 80 111
-23.0000 8.0000 1.1810 178 75 227
4.0625 12.5000 1.9310 226 122 77
13.2500 -5.0000 3.2340 175 196 151
8.2500 -22.5000 1.0660 171 179 164
17.2500 -15.0000 4.0630 143 186 182
6.4375 -5.0000 1.1380 187 42 178
-12.5000 -24.5000 0.0340 202 132 54
1.2500 15.0000 1.8550 249 78 116
15.5625 5.0000 2.6250 214 168 98
14.6875 2.0000 2.6910 213 173 87
11.8750 4.0000 2.7710 183 187 137
21.6875 -16.5000 4.1270 158 185 194
-23.7500 19.0000 7.2920 52 138 223
14.3125 -16.0000 3.7670 126 192 193
11.8750 15.5000 2.2590 220 154 88
-15.0000 -5.5000 0.0120 154 120 100
-18.6250 3.5000 1.0450 161 171 200
-21.4375 -20.5000 0.0360 196 143 42
-11.8750 18.5000 7.2990 58 136 229
18.1875 -5.5000 3.2760 202 176 149
10.4375 -18.5000 1.1280 194 72 184
17.6875 20.5000 2.3370 191 177 81
13.0625 -5.0000 3.1160 185 196 136
-25.6250 15.0000 1.6940 219 110 110
19.9375 21.0000 1.4270 218 80 107
22.0625 -17.0000 4.1470 166 178 188
14.0625 -18.5000 2.7870 158 219 155
-26.2500 -8.0000 0.0430 180 127 106
-26.4375 14.5000 1.7420 216 127 107
2.8125 -8.0000 1.0320 173 193 161
-0.4375 -22.5000 0.0420 167 124 76
-21.1250 18.5000 7.2950 50 134 235
-11.5000 11.0000 1.4640 216 89 157
-1.4375 -26.5000 0.0340 179 128 60
7.7500 19.5000 2.1500 233 145 88
-20.5625 15.5000 4.4810 80 170 254
-6.0625 9.0000 1.3660 199 78 200
5.0625 19.5000 2.1580 230 147 86
-6.6875 -5.0000 0.0440 183 138 86
-14.1875 3.0000 1.0680 167 176 189
-1.2500 -22.5000 0.0390 168 126 79
-3.7500 10.5000 1.4440 225 54 179
20.8125 -4.0000 3.2310 209 192 142
3.8125 18.5000 2.0950 240 134 87
13.7500 5.0000 2.5380 225 167 91
9.0000 -7.0000 1.2210 200 61 152
6.9375 16.5000 2.1780 218 159 89
-11.0000 13.5000 5.2890 74 155 254
18.0625 1.0000 2.9010 200 180 123
-14.8125 8.5000 1.2340 192 89 207
0.2500 -20.5000 0.0370 155 114 100
21.3750 8.5000 3.6360 128 171 184
-20.1875 5.5000 1.1260 178 137 204
-6.1250 -21.0000 0.0410 180 147 51
-15.8125 -17.5000 0.0360 177 153 36
-14.1250 -16.0000 0.0400 190 157 54
-0.9375 -13.0000 0.0340 154 103 106
19.6250 -18.5000 4.3680 143 184 201
-13.9375 -18.0000 0.0300 184 150 55
-7.3125 20.5000 7.2950 61 132 222
10.1875 -0.5000 2.6740 173 202 121
0.1250 19.0000 1.8460 253 68 96
-21.5000 11.0000 3.6340 96 220 253
-5.1875 17.0000 5.9100 78 126 240
-22.5000 14.0000 1.9910 204 204 72
-12.6875 7.0000 1.1770 178 62 229
-13.7500 2.0000 0.0660 158 94 126
1.9375 16.0000 1.8950 248 89 106
-9.3125 -19.5000 0.0400 173 161 51
-9.9375 -17.0000 0.0360 185 123 28
-8.9375 -26.5000 0.0450 176 129 62
-18.0625 6.5000 1.1710 181 88 229
3.5000 -18.5000 0.0380 152 136 95
7.4375 -25.5000 0.0370 157 46 109
-14.1875 7.0000 1.1840 186 74 232
5.0000 12.0000 2.1620 199 167 86
-13.5000 6.0000 1.1570 180 84 217
-13.2500 20.0000 7.2870 62 134 227
-20.6250 -1.5000 0.0450 156 108 109
23.3125 -12.0000 3.8410 179 152 156
-7.1250 -3.0000 0.5830 164 229 107
-11.8125 11.0000 1.4270 211 85 166
-23.1250 18.0000 7.3120 56 138 218
1.1875 2.5000 1.1010 182 85 217
11.8750 17.0000 2.1680 226 141 80
-22.2500 5.0000 1.0890 184 134 190
17.0000 -8.5000 3.5460 190 196 168
0.5625 -1.0000 2.3330 152 245 121
-17.3125 4.0000 1.0990 176 161 203
22.5625 13.5000 1.5350 233 57 48
22.1250 -9.0000 3.5580 199 162 156
15.3750 -26.0000 1.0620 186 101 198
-25.0625 7.0000 1.1830 174 75 222
-25.0625 10.5000 1.2380 192 57 208
19.8125 13.5000 3.7630 123 168 204
-3.7500 -18.0000 0.0420 169 134 96
13.2500 3.0000 2.7700 197 172 123
12.4375 4.0000 2.7570 195 168 128
14.1250 -26.5000 1.0820 193 76 204
23.2500 -5.0000 15.9420 131 37 57
-16.2500 13.5000 5.3610 65 161 246
1.8750 -17.0000 0.0380 168 103 84
-3.6250 5.0000 1.1800 192 80 222
-13.1875 14.5000 5.2430 81 155 254
11.5000 -3.5000 5.5960 83 116 173
-0.1250 18.0000 1.8640 245 92 118
-8.3125 -9.0000 0.0530 181 135 67
18.1875 -1.5000 3.0160 189 180 127
-2.4375 21.5000 4.3750 123 149 244
23.2500 17.0000 1.3340 217 65 88
-18.1250 20.0000 7.3150 58 124 238
-9.3750 14.0000 3.1630 118 236 239
19.2500 -3.0000 3.1230 199 183 130
-11.6875 19.0000 7.2800 56 137 230
7.1250 20.5000 2.1810 221 139 103
0.3750 0.0000 2.9700 125 254 210
-9.5625 18.0000 7.2860 62 136 225
-22.3750 -0.5000 0.0340 168 122 102
18.8750 -20.5000 5.5740 103 144 153
-24.6250 8.0000 1.1800 175 75 227
0.4375 5.5000 1.2300 189 54 214
5.7500 3.5000 1.3360 204 61 150
-5.5625 5.0000 1.1320 185 75 238
-12.6875 -17.5000 0.0380 189 163 36
16.5625 -1.5000 3.0020 188 181 131
15.5000 3.5000 2.6830 211 157 102
13.8750 0.0000 3.0340 180 188 130
-22.6875 5.0000 1.0750 185 132 195
22.2500 -1.5000 3.1970 186 175 146
-17.0000 -9.0000 0.0390 181 150 55
16.1250 6.0000 2.5960 215 160 109
12.3750 21.0000 2.1000 230 122 82
-5.2500 -6.5000 0.0280 167 137 110
-2.4375 -25.0000 0.0310 177 130 66
2.8750 -14.5000 0.0340 178 116 84
-2.7500 10.0000 1.4410 234 45 200
-2.8125 6.0000 1.2120 182 66 219
14.1250 -20.5000 2.5490 178 207 115
1.9375 5.0000 1.2070 186 50 218
18.1875 -15.5000 4.1560 140 184 186
-15.1875 12.0000 1.4370 207 99 176
4.3125 -20.5000 0.0390 145 123 99
-3.5000 18.0000 1.8360 234 133 115
-11.5625 4.0000 1.1140 171 101 218
20.5625 21.5000 1.3850 210 81 116
12.6875 20.5000 2.1010 233 126 79
-19.4375 19.0000 7.8160 46 119 229
11.5000 -3.5000 3.9490 105 150 196
11.0000 7.5000 2.6230 192 188 130
1.6250 11.0000 1.6640 230 77 128
-23.0000 -10.5000 0.0440 189 134 69
0.6250 14.0000 1.8030 236 87 117
20.8750 -19.0000 4.2320 146 193 204
22.3750 3.5000 3.0540 177 169 135
-21.3750 19.0000 7.2910 50 132 236
21.0625 1.5000 2.8880 202 179 108
2.2500 0.5000 1.0770 181 84 206
-1.3750 1.5000 1.0640 173 131 204
-15.7500 1.0000 0.0350 157 110 118
5.5625 11.5000 2.2660 184 176 87
-19.2500 14.5000 3.0530 133 234 218
14.5000 15.5000 2.2240 227 146 78
-7.5000 8.5000 1.2810 200 78 226
-9.3750 9.5000 1.3790 206 77 184
-22.7500 17.0000 4.5300 91 169 254
2.1875 -21.5000 0.0370 169 119 94
-23.6250 -21.0000 0.0400 192 144 57
22.6250 -9.0000 3.6060 196 157 153
-21.3750 -21.5000 0.0330 184 147 34
22.3750 15.5000 2.1240 208 153 18
-25.5000 12.0000 1.4440 200 83 155
-9.1250 6.5000 1.1980 190 64 235
-17.3125 9.0000 1.2330 193 84 209
19.1250 18.0000 2.7260 169 217 133
-5.6250 5.0000 1.1460 186 76 236
-23.5000 16.5000 1.7170 237 103 102
8.3125 -12.5000 1.1340 190 66 187
7.6250 -23.5000 0.1190 174 64 121
-17.1875 -27.0000 0.0300 178 149 45
23.3750 -23.5000 4.6760 126 179 180
0.1250 -10.5000 0.0420 170 118 98
-15.0000 14.0000 1.7290 224 123 114
11.5625 -20.0000 1.1310 202 74 168
22.3750 12.0000 3.6150 132 168 173
-8.9375 -21.5000 0.0290 169 159 66
-1.0625 -17.5000 0.0240 168 124 97
19.8750 -19.5000 4.4740 135 182 197
21.8125 12.5000 3.6950 121 169 184
-17.8750 -27.0000 0.0320 176 125 30
15.6875 -7.0000 3.5000 192 191 141
-3.1875 -19.0000 0.0380 178 119 76
13.8125 -19.5000 2.8020 158 222 161
-1.3125 -9.0000 0.0360 166 121 107
-15.5625 10.0000 1.7550 209 139 119
-15.6875 -4.5000 0.0560 179 122 86
20.1875 19.0000 2.6830 166 232 128
-5.5625 -5.5000 0.0440 173 122 103
-18.5625 4.0000 1.0870 165 173 199
-2.2500 8.5000 1.3860 213 72 208
-12.6250 18.0000 7.2400 68 113 215
8.7500 21.5000 2.0650 236 116 102
-11.1875 -19.5000 0.0370 170 151 50
19.1875 15.0000 2.4760 196 193 97
19.0000 2.0000 2.8140 203 179 105
-8.3750 -26.5000 0.0170 187 131 62
3.0000 0.0000 1.0970 173 85 200
20.3125 -24.5000 5.8520 73 192 180
7.9375 -22.0000 1.0410 167 182 166
19.9375 4.5000 2.7030 201 186 108
-13.1875 4.0000 1.0910 181 119 203
-1.6250 11.0000 1.5380 237 64 176
23.3750 -15.5000 4.0760 183 147 167
16.3750 -9.0000 3.6740 182 194 166
9.8750 -3.0000 2.3390 195 189 72
-18.5625 15.5000 4.8160 86 149 254
15.5625 11.5000 2.3890 206 145 89
-15.6250 -15.5000 0.0330 195 162 60
5.7500 -7.0000 1.1160 176 81 195
-20.4375 4.0000 1.0710 176 140 204
23.5000 8.0000 3.6340 136 157 153
21.3125 -19.0000 4.1900 148 191 199
8.7500 2.5000 2.5060 169 190 101
-13.3125 17.0000 7.2920 54 120 222
15.3750 17.0000 2.1580 233 141 67
0.7500 2.5000 1.1400 182 82 200
18.6250 -1.0000 2.9670 194 173 116
-17.0625 8.5000 1.2100 181 94 224
0.9375 -1.0000 1.0140 154 106 203
-9.6875 -20.0000 0.0380 174 163 50
-9.5000 -22.0000 0.0410 179 136 48
1.6250 -3.5000 1.0550 163 138 196
18.3125 -12.0000 3.6620 183 174 157
-26.4375 0.5000 0.0330 156 80 141
-17.6250 9.5000 1.5190 221 104 145
21.7500 -5.0000 3.3230 205 183 138
2.9375 12.5000 1.8460 224 101 92
-18.7500 6.5000 1.0710 181 66 241
-18.8125 5.5000 1.1050 177 119 204
-5.9375 16.0000 4.6280 93 152 254
-20.3125 -13.0000 0.0400 190 145 63
13.8750 -21.0000 1.1350 201 83 182
-21.8750 21.0000 7.3010 59 147 214
-19.3750 12.0000 4.1900 87 169 242
-20.3750 6.5000 1.1640 200 62 226
13.4375 10.5000 2.3870 214 157 90
18.8125 -25.0000 1.0480 184 158 144
-21.5000 5.0000 1.0940 173 139 209
6.3125 -21.0000 0.0350 191 98 119
-14.1250 -2.0000 0.5280 170 203 117
-23.1875 16.5000 1.6910 238 95 106
14.0625 0.0000 3.0400 180 188 131
2.9375 -11.0000 0.0370 160 104 103
21.6875 -4.5000 3.2440 209 185 134
-23.6250 21.5000 7.2650 67 131 214
-10.7500 -22.5000 0.0350 184 138 57
22.0625 -7.5000 3.4600 186 184 159
-18.8750 -24.0000 0.0370 188 163 48
10.2500 -21.5000 1.1100 193 78 179
-24.2500 4.5000 1.0770 184 130 201
6.5625 -10.5000 1.0880 187 55 186
10.5625 6.5000 2.6780 187 187 135
-16.7500 5.5000 1.1410 179 150 204
12.8125 5.0000 2.5860 208 174 99
-24.7500 20.0000 7.3050 59 133 221
13.9375 -10.0000 3.6260 153 207 175
-20.4375 3.0000 0.7560 163 138 181
7.6875 13.0000 3.9960 119 146 211
-15.5625 20.5000 7.2640 75 135 210
20.8125 -1.0000 2.9920 200 189 137
-12.0000 18.0000 7.2940 60 120 222
-2.6250 5.0000 1.1770 178 54 211
18.3125 6.5000 2.5700 214 156 102
16.8750 10.5000 2.3670 212 151 64
3.5000 19.5000 2.0860 236 132 91
9.3125 -12.5000 1.1120 192 69 162
12.6875 -1.5000 3.1450 175 181 146
-0.0625 -26.0000 0.0430 170 133 92
-25.3125 16.0000 2.2080 172 217 131
6.3750 -19.0000 1.1020 163 150 179
13.9375 -4.0000 3.2990 171 200 161
-17.2500 3.5000 1.0770 174 164 200
3.6875 -3.0000 1.1000 174 61 226
15.7500 -19.5000 2.9080 170 206 120
-5.8125 -11.0000 0.0370 158 137 72
23.5000 -21.5000 4.5450 142 164 183
19.2500 -17.0000 4.2290 147 190 195
-21.8125 13.5000 3.5780 109 228 233
-13.3125 -23.0000 0.0390 183 160 33
12.3750 -0.5000 3.0590 157 194 137
-23.5625 12.0000 2.9470 125 244 189
7.3750 -24.5000 0.0390 161 40 120
-11.2500 -16.0000 0.0390 184 132 40
-10.2500 18.5000 7.8720 54 131 216
-24.6875 1.5000 0.0350 161 96 121
2.5000 11.0000 1.7350 225 94 117
-18.5625 15.5000 6.2420 64 127 234
7.1250 6.5000 2.4810 183 191 107
19.1875 7.5000 2.6150 191 180 86
2.8750 -3.5000 1.0680 164 110 197
8.6875 -0.5000 1.9810 199 171 67
-25.0625 16.0000 1.7110 228 98 113
20.2500 -22.5000 4.7500 108 185 200
10.7500 -14.5000 1.1140 202 63 165
-11.3750 21.0000 7.3180 62 133 222
-21.5625 20.0000 7.2750 58 150 214
-9.3125 15.5000 3.8020 114 196 254
13.8125 9.5000 2.4200 214 160 91
-10.3750 -14.5000 0.0400 189 148 50
5.6875 -20.0000 0.0360 160 124 87
22.1250 2.5000 3.1150 174 174 145
3.8750 -4.0000 1.1010 176 65 227
14.3750 -19.5000 2.6800 168 218 137
-24.8125 -22.5000 0.0330 195 148 55
7.1250 -16.5000 1.0680 174 112 208
-5.3750 1.0000 0.3870 171 98 173
-3.0625 13.0000 1.5490 226 44 162
12.5625 20.0000 2.1130 236 133 76
4.6250 -23.0000 0.0440 164 104 117
-18.4375 14.0000 1.6710 225 133 121
11.6250 3.0000 2.8750 181 177 136
-3.8750 15.0000 1.5750 236 59 159
3.8125 -8.5000 1.0280 167 125 187
15.1250 1.0000 2.7860 206 175 97
16.2500 14.0000 2.2380 216 150 64
-5.7500 5.5000 1.1590 186 73 238
13.7500 -19.5000 2.8030 158 222 161
13.1875 4.5000 2.5540 221 169 96
21.6250 13.5000 3.5880 123 182 192
18.8750 3.5000 2.7190 206 171 110
10.1250 -10.0000 2.8690 149 216 162
20.6250 6.0000 2.8590 182 191 120
-10.8750 20.5000 7.3180 58 135 223
10.8750 -5.0000 2.9140 153 201 154
23.0625 2.5000 3.1120 177 170 135
-19.0625 11.0000 3.6230 98 221 239
-7.0000 -21.5000 0.0410 172 142 60
18.6875 7.5000 2.5390 212 152 99
19.3750 -17.0000 4.1150 154 191 199
11.2500 -21.5000 1.0980 196 75 175
9.1250 -15.0000 1.1110 187 80 200
-16.3125 17.0000 7.2930 54 119 221
-17.3125 14.5000 5.1950 73 163 248
-5.8125 2.5000 1.0710 181 123 210
4.4375 -13.5000 0.1160 167 101 127
-19.5000 1.5000 0.0400 174 114 115
3.1875 1.0000 1.0920 178 56 194
23.5000 11.5000 2.5230 189 172 65
2.0625 -11.0000 0.0360 175 113 92
-7.2500 17.0000 7.3130 59 125 220
18.8750 17.0000 2.3860 200 194 76
-10.4375 19.5000 7.2970 55 138 226
7.1250 -4.0000 1.1620 196 48 170
-5.3125 -26.5000 0.0400 184 132 70
21.0625 -18.5000 4.2040 150 192 201
-10.1250 -8.0000 0.0210 193 137 70
8.3125 -7.5000 1.0990 192 51 168
-8.0625 19.0000 7.3370 56 139 227
13.4375 -7.5000 3.0090 202 194 120
-11.4375 -18.5000 0.0320 167 154 49
17.0000 -23.0000 2.5750 178 230 93
11.1250 -5.5000 2.9210 154 198 148
-15.1250 11.0000 1.7810 209 153 120
-6.9375 -8.5000 0.0400 169 125 67
-10.4375 -26.0000 0.0320 198 120 59
4.8750 -6.5000 1.1040 175 85 203
-7.1875 14.0000 3.0800 131 231 232
5.0625 21.0000 2.2250 210 139 109
-18.5625 6.5000 1.1530 185 72 233
-24.1875 -23.0000 0.0450 199 144 52
14.0000 12.0000 2.3830 210 153 104
-26.4375 17.5000 7.5280 63 131 224
14.9375 -22.0000 2.5600 165 222 118
9.3125 0.0000 2.6680 151 186 130
-5.0000 10.5000 1.3780 224 44 193
-2.5000 16.5000 1.7060 249 64 152
-19.8125 10.5000 2.2270 169 228 89
-20.9375 7.0000 1.1810 200 62 229
17.6875 -22.0000 2.7460 171 242 117
0.0625 8.5000 1.4700 219 53 157
2.7500 -15.5000 0.0390 163 102 84
12.8750 20.0000 2.1190 235 135 77
-19.3125 6.5000 1.1360 197 63 222
21.7500 3.0000 3.0120 180 176 137
11.8125 -18.5000 1.1340 199 74 175
-2.0000 -6.0000 0.0320 155 123 90
-13.6875 20.5000 7.2980 64 132 225
-5.1250 -22.0000 0.0370 168 134 69
0.7500 -7.5000 0.0360 152 108 100
-8.0625 -19.5000 0.0330 187 147 45
-8.4375 9.0000 1.3410 202 78 207
11.5625 1.0000 2.9650 163 203 147
-11.9375 9.0000 1.2570 194 78 226
2.2500 3.5000 1.0880 177 42 223
2.3750 11.5000 1.7730 231 85 112
17.3750 14.5000 2.4610 191 172 97
-18.1250 1.0000 0.0340 167 112 136
-13.1250 0.5000 0.0430 162 90 106
5.1875 0.0000 1.1460 188 49 199
-19.1875 6.0000 1.1610 187 102 208
-3.3125 19.5000 1.7140 248 105 130
6.8750 12.0000 4.1570 117 136 212
-16.1875 -8.0000 0.0330 166 120 58
-13.4375 -5.0000 0.0390 163 119 89
15.8125 0.0000 2.8090 208 164 102
7.6250 -5.5000 1.1330 192 48 165
0.3750 17.5000 1.8910 251 81 113
15.7500 2.5000 2.7740 203 182 108
-5.0625 21.5000 7.3260 73 113 222
-11.0000 9.5000 1.3980 217 79 165
-20.0625 -14.0000 0.0400 192 142 59
3.5625 19.5000 2.0710 238 129 90
-23.6875 12.0000 2.5970 148 240 142
-5.1250 18.5000 7.2800 58 127 228
-13.1875 -14.0000 0.0340 200 148 54
20.4375 11.0000 2.6530 182 200 106
1.5625 19.0000 1.9660 249 110 82
0.5000 -10.5000 0.0340 172 117 95
-17.8125 3.0000 0.5300 170 117 174
-15.8750 16.0000 1.7680 229 136 119
-3.0625 20.5000 6.8210 73 123 227
8.6875 -7.5000 1.1580 196 55 161
-17.6875 -20.5000 0.0370 185 139 32
-4.7500 22.0000 7.3370 78 111 219
-1.3125 7.0000 1.3130 198 56 200
18.0000 -27.0000 0.4940 178 142 168
-0.4375 19.5000 1.8840 245 112 108
-10.0000 -12.5000 0.0280 182 150 55
2.8750 -1.0000 1.1010 165 99 195
15.2500 -25.5000 1.0850 195 82 202
6.1250 -18.5000 1.0680 180 158 161
-10.5625 -27.5000 0.0330 190 127 51
-19.3125 5.5000 1.1250 184 109 208
-6.6875 -18.5000 0.0360 179 140 45
-11.1250 -3.5000 0.0340 166 124 100
12.9375 -25.0000 1.0710 192 68 224
18.5000 13.5000 2.5170 191 176 100
-21.9375 8.0000 1.1900 191 66 220
2.2500 -19.5000 0.0330 155 101 86
6.1875 7.5000 2.3050 169 194 99
-10.5625 3.5000 1.0520 171 96 214
-21.8125 -22.0000 0.0360 184 147 36
17.0000 11.0000 2.3500 213 148 62
-10.0000 -9.0000 0.0350 172 154 58
18.8750 -3.0000 3.1510 192 167 122
-5.8125 4.0000 1.1180 184 73 236
-0.6250 15.5000 1.8080 246 83 133
9.8125 15.5000 2.0850 232 131 77
-9.4375 -3.5000 0.0360 173 140 104
-3.0000 3.5000 1.1260 181 68 213
-16.0625 -16.5000 0.0410 178 146 45
6.1250 -18.5000 1.0310 179 158 162
0.2500 16.0000 1.8220 251 67 128
0.3750 -14.5000 0.0350 156 116 93
-11.1250 -15.5000 0.0400 179 133 44
13.9375 2.0000 2.6760 212 173 86
-2.2500 12.5000 1.5460 227 35 165
-20.3125 -4.5000 0.0410 177 106 97
-8.0625 9.0000 1.3140 195 73 191
-15.0625 -3.5000 0.0370 170 136 93
-21.5000 4.5000 1.0950 174 140 208
-12.2500 2.5000 0.8280 160 144 208
-21.7500 -6.0000 0.0400 179 117 82
19.2500 -22.0000 5.7060 86 172 170
-16.6875 -16.5000 0.0380 179 149 49
-19.9375 -7.0000 0.0460 189 130 64
0.8125 15.0000 1.8390 244 92 125
14.9375 17.0000 2.1550 229 133 72
-1.2500 10.5000 1.5600 238 72 165
-13.4375 3.0000 1.0580 176 150 186
-6.1250 13.5000 1.6210 229 107 139
-6.1250 14.0000 1.6510 226 113 134
17.2500 9.5000 2.4080 211 154 66
-24.4375 12.5000 1.5020 220 74 115
-15.8125 -23.0000 0.0380 175 156 38
15.0625 21.5000 2.2150 212 143 82
17.2500 -0.5000 2.9520 195 172 120
-15.5625 16.0000 7.5570 53 110 222
3.3125 20.0000 2.1070 230 138 92
22.6250 -5.0000 3.3110 203 163 136
8.8750 17.5000 2.0760 232 132 78
20.1250 -23.0000 4.7730 108 187 195
7.5000 -13.5000 1.0940 187 64 196
7.3750 3.5000 1.9920 214 153 53
10.7500 21.5000 2.1280 221 119 101
16.5000 2.5000 2.7530 202 170 109
-0.9375 3.0000 1.1100 181 99 201
20.3125 -10.0000 3.5630 197 188 171
20.1250 13.0000 3.6440 123 178 203
-22.7500 18.5000 7.3000 54 139 220
10.0000 -6.5000 3.8200 115 166 209
-13.3750 -10.0000 0.0600 180 136 66
9.8125 14.0000 2.1720 220 144 80
19.0625 19.5000 2.7450 156 226 152
-20.4375 -6.5000 0.0320 183 132 69
15.0625 -6.5000 3.4810 188 180 143
22.0625 -4.5000 3.2590 208 179 130
15.3750 -16.5000 3.1760 169 203 127
-24.0000 10.5000 1.2280 200 54 209
-10.0000 -22.5000 0.0350 183 133 53
22.5000 4.5000 2.9910 177 173 135
-1.7500 17.5000 1.7600 254 89 121
20.0625 5.0000 2.7560 197 189 118
14.7500 -9.5000 5.1390 116 130 174
-8.9375 16.5000 7.3180 65 129 225
17.5000 -8.5000 3.3960 202 205 154
10.6875 17.5000 2.1770 232 154 89
-7.0625 -4.5000 0.3940 173 194 114
-10.5625 -20.0000 0.0340 172 147 46
-24.3750 -1.0000 0.0350 170 89 118
-10.9375 -2.0000 0.0340 179 97 115
-11.5625 15.5000 1.7850 234 140 119
-0.4375 3.5000 1.1340 179 52 200
-18.7500 21.5000 7.2970 68 132 224
5.8125 6.0000 1.8500 209 131 64
0.5625 -9.0000 0.0360 161 100 111
5.6250 -27.0000 0.0300 159 85 93
5.0000 20.0000 2.1990 221 148 95
-12.8750 1.5000 0.0530 159 86 116
21.1250 -25.5000 4.9310 89 217 197
4.5000 -23.5000 0.0410 163 105 116
13.0000 -21.5000 1.1330 199 81 185
4.3750 -9.5000 1.0820 171 138 203
-25.1250 0.0000 0.0370 160 73 133
-20.0000 8.0000 1.1890 203 65 225
16.7500 -15.5000 3.9130 150 193 182
0.8750 6.5000 1.3660 214 39 174
-24.5625 10.5000 1.2230 195 55 210
-3.3750 -19.5000 0.0370 181 120 75
-10.6875 21.0000 7.3210 62 134 220
-6.6875 -23.5000 0.0410 176 143 62
-19.4375 -21.0000 0.0330 194 149 20
23.3125 -25.5000 4.7910 111 201 163
8.3750 14.0000 2.3540 196 182 99
-9.8750 2.0000 0.5440 167 141 158
-20.5000 10.0000 2.2130 173 225 94
-16.1875 17.5000 7.3100 64 121 219
-4.7500 -15.5000 0.0400 160 154 70
2.1250 -27.0000 0.0420 174 138 87
8.9375 -10.5000 1.1200 195 60 169
-9.4375 2.5000 1.0480 173 145 194
-15.5625 5.0000 1.1390 185 96 211
20.1250 -8.0000 3.4730 184 189 175
0.0625 7.0000 1.3550 198 53 178
12.1250 -8.0000 2.8810 151 209 141
-19.7500 -14.0000 0.0390 192 140 58
19.5625 10.5000 2.6310 187 196 103
-26.1250 17.5000 7.5800 62 132 223
18.3750 0.0000 2.9360 199 169 125
17.7500 -7.0000 3.3080 209 210 149
22.6875 -12.0000 3.8210 182 158 162
-16.4375 -18.5000 0.0410 190 146 39
-10.3125 6.0000 1.1580 178 78 232
14.5625 -11.0000 3.2810 168 220 150
-25.7500 6.0000 1.1220 178 99 219
10.3750 19.5000 2.1540 233 144 90
21.8125 -1.0000 3.0930 194 179 139
6.8750 22.0000 2.2340 211 135 111
22.0000 14.0000 3.2690 134 195 171
-1.6250 -24.5000 0.0440 176 127 70
21.1875 -25.5000 4.9410 89 217 197
2.0000 -3.5000 1.0660 165 136 195
15.0625 -24.5000 1.0990 195 82 208
-4.5000 18.5000 1.8960 240 155 111
13.2500 20.0000 2.1150 234 134 82
7.5000 15.5000 2.2500 212 170 90
8.5625 10.0000 2.5640 177 186 123
-9.8750 20.5000 7.3180 67 145 215
-20.3750 -2.0000 0.0360 159 103 105
-7.5000 5.0000 1.1450 187 74 245
-12.9375 -5.5000 0.0390 178 136 91
-15.1250 -10.5000 0.0450 177 146 70
-10.0000 2.5000 1.0460 173 125 178
-12.3750 16.5000 4.6070 89 178 254
-5.5000 15.5000 1.6560 234 98 115
-13.3125 3.0000 1.0220 173 152 188
7.8125 -1.5000 1.9050 214 159 65
8.0625 -23.5000 1.0400 167 183 156
-5.6250 -8.0000 0.0400 173 146 98
-23.4375 19.0000 7.2930 52 139 222
-22.8750 13.0000 3.5140 101 239 229
-17.9375 -1.5000 0.0350 160 116 124
-17.5000 20.0000 7.2980 55 124 238
-25.3125 -7.5000 0.0400 178 137 103
21.1875 14.0000 3.4940 126 189 195
14.7500 20.5000 2.0760 235 125 75
-25.1250 4.0000 0.7400 160 134 218
18.5000 9.5000 2.4820 197 157 70
4.5000 -12.5000 1.0640 180 131 180
22.1875 -27.0000 5.0240 102 207 162
20.3125 -13.0000 3.8600 183 179 188
-19.3750 5.5000 1.1540 186 107 206
-21.1875 15.5000 4.4940 80 168 254
8.1250 9.0000 2.3120 196 162 81
-21.8750 18.0000 7.3160 50 133 229
-22.3125 3.0000 0.0350 178 86 128
-11.2500 11.0000 1.4300 215 85 163
8.8125 -9.0000 1.1540 196 58 169
15.3125 -16.0000 3.1790 169 201 126
-2.5625 0.5000 0.4030 154 105 172
-21.6250 -9.0000 0.0370 181 132 60
-25.5625 -18.0000 0.0310 180 131 63
21.1250 7.5000 2.8300 176 198 118
-23.0625 -11.5000 0.0290 188 133 64
18.6875 -7.0000 3.3620 207 197 146
9.8125 12.5000 2.4140 196 165 105
-20.9375 -3.0000 0.1240 151 116 111
-19.6250 -20.5000 0.0320 195 151 23
6.2500 9.5000 2.1920 189 168 85
-15.7500 -1.5000 0.0350 164 113 109
19.0000 -7.5000 3.4350 190 183 171
7.5000 19.0000 2.1570 234 146 86
-19.7500 10.0000 2.2300 171 227 94
-16.0000 3.0000 1.0920 152 213 176
-17.6875 -5.5000 0.0460 183 132 87
-23.8750 9.5000 1.2190 201 50 213
2.3750 -7.0000 1.0150 172 189 173
1.9375 -20.0000 0.0270 157 102 84
-2.0625 8.0000 1.3630 203 61 196
-23.0000 17.0000 1.7650 232 120 97
8.5000 -11.5000 1.1430 190 61 175
-21.2500 3.0000 0.0800 158 77 145
5.3750 -24.5000 0.0320 168 112 94
-5.5625 10.5000 1.3620 218 45 197
2.0000 -18.5000 0.0370 151 103 92
-8.1250 13.5000 3.4460 119 217 254
-17.5000 -15.5000 0.0410 175 156 56
-18.2500 -27.5000 0.0310 175 127 26
12.4375 -11.0000 3.0470 161 212 143
10.5625 17.0000 2.1270 230 139 79
3.6250 4.5000 1.2160 194 41 197
3.0000 12.5000 1.8540 223 103 91
12.1250 9.5000 2.3080 209 157 69
1.9375 15.5000 1.9230 242 100 103
-12.8750 -6.0000 0.0390 179 134 89
-15.0000 -14.5000 0.0440 185 150 68
-16.3750 10.5000 1.4570 215 102 155
-5.5625 -26.0000 0.0310 185 131 71
-9.1875 20.5000 7.3100 68 144 213
-10.0000 11.0000 2.3800 156 238 131
10.9375 -23.5000 1.0710 195 66 176
18.5625 -17.0000 4.2800 149 183 207
19.1250 -22.0000 5.6920 86 172 171
-20.5000 15.5000 4.4500 81 171 254
3.3125 9.0000 1.6420 226 82 140
-14.9375 21.0000 7.2740 78 133 208
16.0000 -15.0000 3.5450 180 208 154
14.1250 4.0000 2.5510 228 171 91
-17.6875 17.5000 7.3080 54 130 229
9.7500 -4.5000 4.2210 95 137 209
7.7500 -19.0000 1.0720 169 138 179
15.9375 -9.0000 3.6580 184 192 164
11.3750 2.5000 2.8740 173 198 139
4.8125 -26.0000 0.0280 175 116 87
-25.4375 13.5000 3.8090 105 207 231
-11.4375 3.5000 1.0600 169 100 217
-2.5000 21.0000 7.5850 77 107 211
-6.6250 2.5000 1.0540 168 116 208
-17.6875 22.0000 7.2700 73 126 216
9.9375 -25.0000 1.0720 177 91 212
22.1250 1.0000 3.1420 187 150 130
-0.5625 -8.5000 0.0400 160 131 102
-16.1250 6.5000 1.1650 181 91 220
11.0000 7.0000 2.6480 191 189 132
14.4375 -14.0000 4.2850 108 154 168
-7.6875 5.5000 1.1550 186 76 244
10.6875 12.0000 2.2640 215 164 84
23.1875 -20.5000 4.4560 146 168 187
0.1250 -11.0000 0.0320 162 121 97
-5.6875 -27.5000 0.0370 173 134 52
1.3750 -5.0000 0.8220 152 136 182
3.0625 1.0000 1.1360 181 60 198
5.1875 -23.0000 0.0360 164 98 114
4.9375 -7.5000 1.0780 175 84 199
4.6250 -6.0000 1.0960 172 87 205
22.8125 -12.0000 3.8410 180 156 160
21.1875 -23.0000 4.7080 114 186 193
-21.0625 11.0000 4.0040 85 192 254
-18.0000 3.0000 0.9200 167 164 203
21.5000 -0.5000 2.9890 202 174 124
-5.8750 15.0000 1.6370 229 114 138
-25.3750 -11.0000 0.0410 179 146 76
13.3750 -3.0000 3.1970 172 191 151
-13.2500 17.0000 7.2520 55 120 221
13.3750 15.0000 2.2530 224 148 94
20.7500 18.5000 2.7930 160 238 145
12.0625 -8.5000 3.6930 133 170 196
22.8750 -18.0000 4.2760 164 174 182
-17.9375 18.5000 7.2620 57 130 239
1.4375 -2.5000 1.0470 159 110 191
1.0625 7.5000 1.4310 220 47 166
23.4375 -14.0000 3.9910 187 150 161
15.6875 -25.5000 1.1010 189 103 199
17.8750 2.0000 2.8190 202 177 115
22.7500 -27.5000 5.0220 111 200 146
9.1250 -25.5000 1.0470 178 190 134
3.3125 -3.5000 1.0830 167 103 198
0.1250 -1.5000 0.0470 154 78 127
-23.1250 -19.0000 0.0360 206 129 65
-26.5000 -26.5000 0.0330 167 136 62
21.1875 20.0000 1.3660 223 77 116
9.3750 -23.0000 1.0700 187 122 149
-10.1250 -18.5000 0.0350 169 144 42
-1.3750 8.0000 1.3890 208 63 187
-25.7500 13.5000 2.5500 144 229 163
21.4375 -22.0000 4.4760 124 186 202
15.4375 -21.0000 2.6400 169 213 110
-26.1875 -14.5000 0.0420 183 141 64
-4.2500 -7.0000 0.0280 170 131 106
20.2500 0.5000 2.9420 200 179 118
-8.6875 -22.5000 0.0350 174 154 67
5.7500 21.5000 2.2430 209 135 110
18.9375 -8.5000 3.4710 192 186 164
-4.5000 7.5000 1.2690 196 60 226
11.0000 19.0000 2.1480 237 146 83
12.5000 -10.0000 3.1010 147 210 155
-1.1875 9.5000 1.4700 239 54 182
2.7500 8.0000 1.5380 216 77 148
22.1250 8.5000 3.7170 129 162 173
-5.6250 -25.0000 0.0370 184 128 76
-3.6875 -22.5000 0.0380 169 123 64
14.6875 -19.5000 2.7000 166 217 138
12.7500 -8.0000 4.3920 116 144 185
-8.4375 13.0000 3.1810 125 233 241
-13.5000 13.5000 6.3200 56 147 240
-1.7500 -22.0000 0.0400 166 131 82
-12.5625 14.5000 4.7630 95 154 252
-11.6250 20.5000 7.2880 60 134 225
18.3750 -9.0000 3.4860 192 196 154
2.5625 22.0000 2.0940 217 124 103
14.6875 -14.5000 4.3350 107 148 158
-0.2500 -5.5000 0.0390 157 151 88
12.3750 -23.5000 1.1040 196 67 213
7.2500 -14.0000 1.0810 182 68 196
-6.5625 -20.0000 0.0440 180 160 49
8.1875 -8.5000 1.1310 193 53 159
8.1250 9.0000 3.2060 141 176 195
0.4375 -3.0000 0.0390 140 91 126
22.8750 -16.0000 4.1280 164 168 176
-11.4375 15.5000 4.4670 95 180 254
5.1250 -27.5000 0.0420 160 95 92
19.3125 11.5000 2.5840 187 185 107
-14.1250 17.5000 7.2690 57 136 224
-7.7500 12.5000 1.6750 231 120 125
16.1875 -10.0000 3.6720 178 208 176
7.1250 -8.0000 1.1210 189 47 171
1.9375 -24.0000 0.0330 170 138 94
-16.3750 2.5000 0.0480 174 85 148
-0.1250 -10.5000 0.0340 173 116 99
-14.5625 14.0000 1.7190 227 122 113
-15.6250 15.5000 5.4760 70 144 254
19.6250 -5.5000 3.3150 206 189 149
4.1250 21.5000 2.1770 211 134 111
15.2500 -27.0000 1.0780 185 102 188
21.3125 20.5000 1.3950 220 80 114
-2.8750 10.5000 1.4820 233 50 195
-3.6875 9.0000 1.3800 216 53 205
-23.8750 10.0000 1.2100 201 50 215
-5.3125 14.0000 1.6540 230 92 143
-18.7500 -13.5000 0.0380 189 139 53
14.5625 -10.5000 5.5360 105 124 174
2.1250 2.5000 1.1240 187 79 212
-13.2500 15.5000 5.1870 70 163 254
-15.3750 5.0000 1.1910 189 98 204
23.2500 0.5000 3.2730 182 153 141
7.8750 2.0000 2.4930 159 206 126
-22.6875 -3.5000 0.0350 160 110 79
-5.5625 -1.0000 0.0320 149 128 117
-2.3750 5.0000 1.1550 178 52 213
-5.8750 -20.0000 0.0400 170 137 66
-21.1250 -23.0000 0.0400 178 134 47
15.8750 -18.5000 4.4690 105 162 191
2.6875 16.0000 1.9840 231 117 98
-18.5000 14.5000 4.9340 77 156 254
11.1875 22.0000 2.1050 220 110 101
-16.8125 -13.0000 0.0270 189 144 35
-18.2500 16.0000 4.8520 84 155 254
-8.8750 -22.0000 0.0330 172 156 67
-21.2500 0.0000 0.7210 181 197 116
-20.2500 -21.0000 0.0340 184 138 30
9.0625 -17.5000 1.0990 170 91 199
14.1250 -11.5000 3.3450 163 217 154
12.3125 -6.0000 3.7990 119 144 176
-17.8750 8.5000 1.2060 191 83 212
-20.8750 4.5000 1.1040 178 140 206
-2.6250 -14.0000 0.0340 152 111 108
5.1875 -20.5000 0.0350 176 113 121
8.4375 11.5000 2.5160 183 176 110
-16.1875 9.0000 1.2270 187 92 208
10.0000 -20.5000 1.1290 192 79 181
2.0000 -16.5000 0.0420 168 102 85
11.0625 17.0000 2.1730 226 145 82
-13.8125 -27.5000 0.0290 182 132 56
-8.0000 0.5000 0.0330 156 109 125
22.3125 -1.5000 3.2720 179 171 155
-0.9375 -25.0000 0.0280 178 122 66
-6.0625 12.5000 1.6870 223 109 128
-15.4375 13.0000 1.6820 223 115 119
-19.1250 16.5000 6.7950 56 140 225
0.6875 -24.0000 0.0370 169 144 86
-16.5000 -25.5000 0.0370 181 142 47
10.9375 19.0000 2.1390 238 145 82
-0.6875 -20.0000 0.0360 172 118 92
10.2500 7.0000 2.6680 187 187 136
4.1250 -6.5000 1.0870 172 90 205
-21.9375 21.0000 7.2870 60 149 214
-17.6875 8.5000 1.2300 182 94 225
8.4375 11.0000 2.5470 175 184 119
11.2500 -8.0000 2.6680 162 211 126
-16.0000 3.0000 0.3030 175 124 143
14.5625 8.5000 2.4500 211 151 73
9.3750 -20.0000 1.1320 178 107 168
-16.6250 12.5000 2.0620 192 197 78
-18.1250 -21.5000 0.0380 177 160 53
17.0000 0.5000 2.8900 201 180 125
15.0625 16.0000 2.1930 229 141 73
-4.0625 13.5000 1.5230 234 66 167
-25.1875 9.0000 1.1920 187 71 227
4.8125 -18.5000 0.0340 156 129 93
5.1875 -26.5000 0.0350 174 114 84
19.5000 -6.5000 3.3650 197 189 162
17.5000 16.0000 2.4200 199 187 97
-22.9375 -25.5000 0.0430 188 112 53
13.0000 5.0000 2.5530 218 165 98
-25.9375 -17.5000 0.0390 176 137 69
8.5625 -28.0000 0.0470 156 87 115
-12.8125 14.5000 5.0770 86 155 252
-4.6250 -14.5000 0.0430 174 142 63
19.5000 -18.5000 4.3950 142 183 200
6.8125 -12.0000 1.0950 187 80 202
12.0625 7.0000 2.4440 209 171 91
10.1875 15.5000 2.1370 229 141 78
-16.6250 4.0000 1.0930 178 160 198
-12.4375 11.5000 1.3890 198 94 185
10.5000 -15.5000 1.1210 199 60 168
22.5625 -26.5000 4.8610 104 209 166
11.1250 -1.0000 4.2860 103 134 197
-16.3750 14.0000 1.7120 223 132 107
22.3125 14.0000 7.5930 80 79 119
-4.6250 12.5000 1.5100 236 63 168
-6.4375 10.0000 1.3530 198 76 185
15.0000 -11.0000 3.4370 162 213 155
22.6250 6.0000 3.2870 149 169 162
7.3750 11.5000 3.9290 125 150 210
-21.6875 11.5000 3.7820 93 210 245
-13.5000 10.5000 1.3510 211 91 177
-0.5000 -25.0000 0.0400 176 123 64
-23.6875 -8.5000 0.0360 190 130 86
-0.9375 18.0000 1.8250 254 93 112
-23.6875 -6.0000 0.0210 179 126 94
-23.0625 -8.5000 0.0300 191 127 80
17.3750 5.5000 2.6490 208 161 105
-2.9375 -7.5000 0.0470 141 145 90
11.0625 6.5000 2.6590 190 187 132
13.3125 -21.0000 1.1300 199 83 184
-5.6875 -3.0000 0.0380 157 113 115
17.8125 16.5000 2.4390 196 186 102
6.8125 -2.0000 1.0900 189 37 178
-13.5625 14.5000 6.0350 68 141 249
-20.8125 7.5000 1.1960 203 62 228
-5.0000 -12.0000 0.0370 166 142 73
-12.8750 12.0000 1.6570 214 125 129
18.1250 13.5000 2.5240 191 180 103
-16.7500 11.0000 1.5410 219 110 140
-3.8750 9.0000 1.3840 218 53 203
18.8125 -26.0000 1.0300 182 160 143
-15.0000 16.5000 7.3000 55 123 225
-15.6250 -23.0000 0.0440 174 156 37
-20.3125 7.0000 1.1730 202 61 227
8.4375 -20.0000 1.0750 171 136 171
-17.0625 -6.0000 0.0350 160 130 69
0.0625 14.5000 1.7750 241 73 130
5.0625 -12.5000 1.0310 180 127 183
23.3750 5.0000 5.1120 125 99 134
-21.3125 -14.0000 0.0370 188 150 62
-10.4375 3.0000 1.0780 172 123 183
-6.8750 -17.0000 0.0370 173 131 53
22.2500 9.5000 3.6980 130 159 172
-19.1875 -5.0000 0.0300 177 98 87
8.5000 0.5000 2.0970 194 178 63
-19.8125 11.5000 3.9950 91 182 249
19.1250 6.5000 2.5850 195 176 77
2.2500 -14.5000 0.0380 180 116 85
15.4375 12.0000 2.3540 209 143 85
22.3750 14.5000 6.2690 87 104 139
-9.3750 14.5000 1.7640 222 133 114
4.8125 -25.0000 0.0350 173 116 93
-6.0625 5.5000 1.1370 184 73 240
0.1250 3.5000 1.1520 171 50 196
-3.4375 -3.5000 0.0370 166 132 94
12.5000 -15.0000 2.6580 175 217 106
2.2500 16.0000 1.9290 242 100 102
-17.6875 19.5000 7.2920 54 126 240
8.3125 -14.5000 1.0980 185 78 211
14.3750 -8.5000 4.2250 130 155 178
15.1875 -11.0000 3.4560 162 210 153
21.7500 -28.0000 5.0700 104 202 156
-12.1250 -6.5000 0.0420 188 143 85
-12.3125 20.0000 7.2840 65 147 224
-22.6875 -21.0000 0.0370 192 138 51
-23.8750 -7.5000 0.0410 188 130 94
14.8125 -1.5000 3.0340 188 185 131
3.5625 -9.0000 1.0370 166 128 183
6.6250 -15.0000 1.0790 173 109 198
-0.5625 -16.0000 0.0330 176 105 90
-20.1250 14.5000 1.7040 222 130 106
0.1250 9.0000 1.4920 214 54 175
15.6250 -17.0000 3.2170 176 212 124
-23.9375 17.0000 1.7330 233 105 107
4.0625 -1.5000 1.1130 180 45 214
23.3125 5.5000 6.7940 107 94 104
5.3125 12.0000 3.1250 132 192 201
5.2500 -4.0000 1.1040 180 62 217
16.3125 -1.0000 2.9790 190 175 127
5.8125 -19.0000 0.0360 158 122 92
-4.5625 15.5000 1.7040 237 107 107
-19.8125 18.5000 7.2840 49 133 236
-16.5625 7.0000 1.1850 184 90 223
8.4375 3.5000 2.3140 188 191 82
-15.6250 3.5000 1.0600 175 140 191
19.8125 -20.0000 4.5120 132 179 192
-19.1875 10.0000 2.2210 171 223 92
19.8750 9.0000 2.6950 183 191 104
22.3125 -26.5000 4.9670 100 210 168
2.9375 10.5000 1.7320 224 93 115
-7.9375 15.0000 5.5470 80 153 245
-12.7500 10.5000 1.3680 208 95 171
7.3125 -22.0000 1.0170 160 191 164
-26.2500 11.0000 2.1320 167 194 116
-10.9375 20.0000 7.2870 55 137 228
-6.0000 8.5000 2.2200 167 226 141
2.7500 11.0000 1.7470 223 96 116
6.1250 -7.0000 1.0990 190 54 193
-3.0000 -8.5000 0.0450 152 145 87
-25.5000 -11.5000 0.0350 182 144 74
-11.7500 20.0000 7.2810 58 135 229
18.6250 -14.5000 4.0640 155 173 156
17.3125 15.0000 2.4250 199 180 96
-24.1250 21.5000 7.2930 68 129 215
15.5000 -10.0000 3.6650 166 209 163
15.1875 -26.5000 1.0720 186 101 195
-2.8125 7.0000 1.2990 188 61 211
10.1875 8.0000 2.5800 191 181 126
9.3750 -21.0000 1.0870 182 121 173
7.2500 9.5000 2.3920 186 180 97
0.0000 10.0000 1.5850 223 65 142
-20.2500 -13.0000 0.0300 190 142 63
0.2500 -26.0000 0.0360 171 131 91
-2.8750 12.5000 1.5180 223 40 166
3.8125 2.5000 1.1700 189 37 209
0.6250 -5.5000 0.0380 149 120 113
15.4375 11.0000 2.3910 211 151 71
-12.9375 14.0000 4.9380 81 164 250
-22.6875 -18.5000 0.0340 202 125 64
20.6875 -26.5000 6.0040 75 193 169
20.8125 -26.0000 5.9080 75 197 175
-8.2500 -3.5000 0.0350 171 150 100
-15.0000 11.0000 2.0810 179 208 118
-21.4375 -27.5000 0.0500 183 131 34
-13.5625 -11.0000 0.0600 184 136 62
0.5000 13.5000 1.7970 238 86 115
-16.8750 -22.5000 0.0360 187 149 46
15.4375 -1.5000 2.9050 200 172 105
-25.0625 6.0000 1.1430 181 99 213
-15.3125 11.0000 2.1090 184 207 96
15.3750 6.5000 2.5280 210 147 90
3.5625 -14.0000 0.0420 165 108 116
-25.1250 13.5000 3.6700 106 217 231
-20.8750 -5.0000 0.0480 178 112 94
20.8750 -2.0000 3.0320 196 190 143
-8.8750 15.0000 2.9820 135 239 229
0.0000 -19.0000 0.0360 167 117 92
-10.3750 20.0000 7.3020 56 137 225
-23.2500 18.5000 7.3130 53 139 221
22.0625 12.5000 3.6560 129 167 178
-12.5000 13.0000 1.6940 222 132 126
-17.8125 -13.0000 0.0280 184 150 42
22.7500 -15.0000 4.0180 183 152 172
-18.4375 18.5000 7.5090 58 126 235
19.6250 -12.0000 3.7450 191 184 178
7.0625 14.0000 3.9550 122 146 212
9.5000 -11.5000 1.1290 194 73 175
-23.6250 11.5000 2.2060 161 209 103
7.3125 17.0000 2.1680 220 157 89
-13.4375 -14.0000 0.0410 200 150 56
-16.5625 -10.0000 0.0500 188 148 49
4.6875 2.0000 1.1400 190 37 206
13.0000 -25.5000 1.1000 194 69 219
-13.1875 18.5000 7.2850 61 137 226
0.8750 4.5000 1.1700 181 46 226
-2.3750 3.5000 1.0970 175 53 212
-3.9375 7.5000 1.2770 196 62 224
4.3750 -22.0000 0.0360 163 103 121
13.5625 -23.0000 1.0940 198 79 192
19.4375 8.0000 2.7190 183 186 104
-24.5000 17.5000 7.5690 52 137 217
-19.6250 -24.0000 0.0350 190 134 33
20.7500 -15.5000 4.0080 166 187 204
21.6875 -17.5000 4.1970 162 181 192
21.0625 -15.5000 3.9940 168 187 203
-25.5000 14.5000 2.8020 134 241 195
-23.5000 7.5000 1.1330 175 73 233
-6.5625 15.0000 5.9810 81 127 227
14.2500 -22.5000 1.1060 202 80 189
8.0625 15.5000 2.2010 220 165 85
12.5625 -27.5000 1.0750 180 86 190
-23.7500 -27.0000 0.0420 180 120 56
-17.2500 12.0000 2.5690 151 232 153
19.6875 -7.0000 3.3900 193 192 169
-15.3125 15.5000 1.6970 228 112 121
-23.8125 21.0000 7.3810 60 129 217
0.6250 7.5000 1.3970 216 40 172
-12.3750 -18.5000 0.0360 193 163 32
-5.1250 17.0000 1.6680 233 99 119
6.9375 -3.0000 1.1110 191 50 181
10.3125 -23.5000 1.0740 197 94 187
-5.1250 -21.0000 0.0390 163 138 71
8.1875 -14.5000 1.0920 184 66 188
-7.8125 11.0000 1.4920 220 83 163
-17.0625 -2.5000 0.0310 164 108 116
14.6250 12.0000 2.3020 214 142 79
11.7500 -7.0000 2.9760 146 210 159
-19.0000 1.0000 0.0370 174 114 108
4.5625 -6.5000 1.0970 174 87 204
2.1250 -13.0000 0.0340 178 108 87
-17.8750 6.5000 1.1430 180 88 231
9.0000 -9.5000 1.1060 191 62 170
0.0625 -4.5000 0.0330 166 128 73
-5.5625 8.5000 2.9380 134 228 238
-11.5000 7.0000 1.1910 186 63 240
12.1250 -17.0000 1.1430 196 56 146
20.6875 -6.0000 3.3250 201 191 153
7.1875 -7.5000 1.0820 187 44 179
0.2500 -16.5000 0.0400 161 110 88
7.6875 -4.5000 1.1350 196 47 170
7.4375 -21.0000 1.0890 160 188 166
-21.7500 19.5000 7.2630 57 152 215
-0.6875 -22.0000 0.0390 166 124 79
5.0000 -17.5000 0.0500 170 103 104
-0.5000 9.5000 1.5270 234 70 165
-17.6875 -18.0000 0.0390 186 160 46
-11.5625 18.5000 7.2880 57 137 229
-23.7500 14.5000 1.7440 229 126 80
-16.6875 10.0000 2.2610 173 219 110
-18.8750 -27.0000 0.0360 177 129 29
0.1250 2.5000 1.1220 183 106 196
7.0625 19.0000 2.1440 233 141 88
10.7500 1.5000 2.5940 189 193 93
3.6250 -11.5000 1.0320 172 152 184
4.9375 -25.0000 0.0350 173 115 92
-4.5625 16.5000 1.6720 237 99 114
0.0625 0.5000 2.8410 139 242 194
7.6875 -9.5000 1.1640 196 60 177
-14.1250 2.0000 0.0800 157 99 130
-4.1875 18.0000 1.6910 250 104 127
15.8125 -4.5000 3.2180 190 183 145
13.1250 -7.0000 4.6100 112 148 174
-23.0625 15.0000 4.4810 87 177 247
13.8750 8.5000 2.4780 206 156 81
14.6250 -5.0000 3.3640 171 195 157
19.0000 2.0000 2.8160 202 179 105
16.3750 -20.5000 3.0080 171 223 138
-7.5625 -6.0000 0.0430 172 130 81
14.0625 -22.0000 1.1300 204 80 185
15.5625 6.0000 2.6070 208 148 91
-23.7500 19.5000 7.2830 53 137 223
14.2500 8.5000 2.4840 206 156 80
-7.0625 -9.5000 0.0460 174 126 62
22.3125 -15.5000 4.0410 180 152 176
10.5625 0.5000 2.5180 194 183 74
-5.6250 18.0000 7.3470 65 125 218
-15.7500 -19.0000 0.0370 191 141 33
5.8750 13.0000 4.0030 100 155 226
4.9375 -14.5000 1.0700 184 135 167
5.6875 10.0000 2.1430 193 177 79
23.0625 -11.5000 3.7890 184 159 155
11.1250 10.5000 2.2280 215 156 63
6.5000 2.0000 1.3920 211 60 135
-21.8750 18.5000 7.2430 47 136 234
-1.3750 -25.5000 0.0390 180 126 65
21.5625 -21.0000 4.3690 141 177 202
-17.4375 19.0000 7.2880 54 129 239
-15.7500 -6.5000 0.0330 177 132 80
22.5625 -16.5000 4.1060 163 174 179
18.5625 1.0000 2.8750 207 162 105
-18.3125 14.5000 4.8720 79 158 254
-21.3125 -23.0000 0.0400 178 135 48
7.6250 -18.0000 1.0600 165 141 181
17.5000 -22.5000 2.6840 173 241 108
7.3125 3.0000 1.7620 226 108 68
20.7500 -7.0000 3.4020 191 194 169
11.5625 13.5000 2.2240 224 156 77
18.3125 -13.0000 3.9080 157 184 176
-21.7500 13.0000 3.4930 103 232 231
6.1875 1.5000 1.2810 192 68 169
5.5625 13.5000 3.8800 104 163 231
-19.9375 8.0000 1.2170 205 67 220
-15.4375 -26.5000 0.0250 176 130 70
-24.3750 -25.0000 0.0310 181 123 60
11.3125 -25.5000 1.0790 182 83 205
19.8125 17.0000 2.5110 183 206 96
-13.2500 18.0000 7.3030 66 114 220
23.3125 4.5000 5.2050 127 95 129
3.5000 -18.5000 0.0410 152 136 95
4.7500 -23.5000 0.0360 163 102 114
18.9375 4.0000 2.7280 205 173 112
-12.8750 14.0000 4.9430 82 163 247
12.8750 -1.0000 3.0480 181 182 135
7.6250 -2.0000 1.7750 223 130 69
-22.0000 6.0000 1.1480 176 126 201
-9.8125 9.0000 1.3700 214 67 181
-5.0000 17.0000 1.6160 233 88 125
14.5625 -23.5000 1.1240 201 88 197
-6.3125 -1.0000 0.0510 154 118 109
-10.2500 9.0000 1.3410 215 63 186
0.4375 5.0000 1.1950 180 49 223
-16.4375 17.0000 7.2800 54 119 221
-14.7500 7.5000 1.1920 184 76 236
20.7500 8.0000 2.7900 178 197 113
7.4375 2.5000 1.9490 206 154 66
-7.6875 -24.0000 0.0420 184 129 70
-21.8125 19.0000 7.2710 46 135 235
20.2500 -11.0000 3.7050 187 176 173
19.4375 -16.0000 3.9410 167 194 207
-14.5000 -3.5000 0.4260 181 175 93
21.0625 -18.5000 4.2160 149 191 201
-10.7500 -7.0000 0.0400 189 138 83
14.4375 22.0000 2.0600 224 105 75
-19.7500 -11.0000 0.0390 182 128 60
-9.2500 -2.0000 0.0380 152 109 121
-19.3750 6.5000 1.1580 199 65 219
-2.8750 -23.0000 0.0360 160 127 66
-17.3125 -25.0000 0.0400 180 149 51
15.6875 -2.5000 2.9880 197 168 111
-13.1875 15.5000 4.4650 92 170 254
13.8125 -27.5000 1.0810 183 79 194
2.8750 6.5000 1.3710 210 51 168
8.7500 -21.5000 1.0540 167 173 162
18.3125 15.5000 2.4140 199 182 93
13.3125 13.5000 2.3200 214 152 100
22.8125 -18.0000 4.2260 166 176 182
-0.3125 11.0000 1.6220 227 90 147
2.4375 15.5000 1.9380 238 104 102
-10.1250 3.0000 1.0460 171 119 184
4.2500 -4.5000 1.0920 179 64 225
12.0625 -16.0000 2.7080 146 223 148
-3.8750 -1.0000 0.0360 149 121 109
7.5625 -17.0000 1.0830 176 110 200
13.0000 3.5000 2.8240 194 179 141
13.4375 -27.5000 1.0670 178 83 184
5.1875 8.0000 1.9640 207 152 76
3.1875 -12.5000 0.0300 182 101 91
-15.5625 12.5000 1.7040 216 125 104
3.9375 20.5000 2.1670 219 137 103
0.1250 2.5000 1.1050 182 106 197
-0.6250 -22.5000 0.0360 167 124 77
15.8125 -25.0000 1.0950 195 113 182
-6.2500 -16.5000 0.0290 160 134 62
-7.2500 -9.0000 0.0480 169 128 66
12.1250 -8.0000 3.5650 122 183 186
-12.9375 -25.5000 0.0350 190 126 55
15.1250 -27.0000 1.0790 185 103 188
-1.6875 16.0000 1.7360 254 70 143
0.8125 4.5000 1.1760 182 46 225
14.5000 -28.0000 1.0730 181 99 184
-17.9375 -22.5000 0.0300 183 156 48
15.1875 19.0000 2.1210 237 137 69
-7.0625 6.0000 1.1700 184 79 244
-1.7500 -1.0000 0.0370 147 107 118
-5.9375 -8.0000 0.0400 158 139 74
4.1875 -4.5000 1.0820 178 64 226
19.8750 -21.0000 4.5950 117 181 204
16.5625 13.5000 2.2150 221 151 54
0.0000 1.0000 2.6920 143 239 177
6.6250 -7.5000 1.0790 182 44 183
-23.1875 -20.0000 0.0320 207 130 60
18.1875 -14.5000 4.0970 151 174 160
-3.9375 -18.5000 0.0330 176 122 83
-16.2500 -8.5000 0.0310 159 143 57
-17.3125 7.5000 1.1970 185 89 228
-7.1250 16.5000 7.3060 58 126 220
1.4375 14.0000 1.8190 238 94 109
5.7500 -10.0000 1.0740 175 127 195
-5.6875 22.0000 7.3350 73 132 227
-14.3125 13.5000 1.7230 229 125 108
7.4375 15.5000 2.2460 212 169 90
-15.1250 3.5000 1.0590 176 134 190
12.4375 -3.0000 5.4660 106 107 157
-17.5000 -26.5000 0.0380 180 150 48
12.4375 18.0000 2.1680 226 134 78
-20.6875 17.5000 7.3170 46 134 222
1.8125 8.0000 1.4960 221 64 156
-24.6875 11.5000 1.9660 194 178 86
-2.8750 7.0000 1.2660 184 59 216
16.0625 -16.0000 3.4430 191 211 144
-10.0625 -4.0000 0.0340 167 116 92
17.5625 -18.5000 3.8830 141 203 196
7.5625 13.0000 4.0050 119 145 211
-20.5625 10.0000 1.9750 196 198 69
4.7500 -2.5000 1.1490 185 50 200
-14.3125 -18.0000 0.0350 182 153 57
15.0625 0.5000 2.7890 206 173 96
-23.6875 13.0000 3.5030 102 239 233
-22.7500 -9.5000 0.0310 184 133 70
-7.7500 11.5000 1.5470 219 95 154
-4.0000 9.5000 1.3710 220 47 190
19.7500 -12.0000 3.7650 190 185 179
17.4375 -3.5000 3.1270 198 190 132
14.6250 1.0000 2.7410 209 176 91
6.0625 -6.0000 1.1280 177 67 207
-12.1250 18.0000 7.2950 61 119 223
14.8750 -12.0000 3.3010 177 217 138
1.8750 -4.5000 1.0590 167 137 195
-4.8125 10.0000 1.3760 224 45 191
16.0625 19.0000 2.3020 209 169 84
-5.2500 -26.0000 0.0390 186 128 71
-19.3125 -13.5000 0.0400 191 139 58
-16.0625 -25.5000 0.0330 179 141 45
22.9375 -6.5000 3.4280 195 169 150
-5.8750 3.0000 1.0900 184 122 215
20.8125 -23.0000 4.7850 109 186 194
7.3750 15.5000 2.2290 214 168 88
-2.0625 1.5000 1.0340 168 133 209
23.5000 -1.0000 3.3390 181 155 146
-3.0625 17.5000 1.8060 244 102 129
-8.6875 8.5000 1.2970 198 73 212
-5.8125 -27.0000 0.0290 174 133 54
-3.6875 11.0000 1.4940 223 62 171
-13.6250 -7.5000 0.0270 183 121 89
3.2500 -6.5000 1.0640 170 139 179
-7.1875 -22.0000 0.0310 175 142 60
5.2500 -22.0000 0.0480 164 98 120
17.8750 -9.5000 3.4520 201 218 151
-14.7500 -19.5000 0.0370 187 154 58
-18.3750 -16.5000 0.0400 175 160 57
13.8750 -8.0000 4.0570 138 162 188
-9.2500 -21.0000 0.0350 184 167 53
-20.8750 -10.0000 0.0410 177 136 66
-15.5625 19.0000 7.2760 67 114 228
-21.1250 13.5000 3.3020 115 234 238
19.6875 -4.0000 3.1910 210 190 144
22.5625 15.0000 6.3340 88 102 137
7.9375 7.0000 2.6080 177 198 127
7.6250 -24.0000 0.0810 163 43 124
-1.9375 17.5000 1.7570 254 89 122
-4.9375 3.5000 1.0820 185 69 234
-16.3125 6.5000 1.1410 180 90 223
4.4375 -10.0000 1.0670 172 139 203
-21.3750 -27.5000 0.0500 183 131 34
19.0000 -26.0000 1.0440 182 160 139
17.8750 -11.5000 3.7090 179 195 169
10.1250 -8.0000 2.2990 186 187 70
4.5000 14.5000 2.0200 210 140 81
23.1250 2.0000 3.1530 175 165 133
11.9375 9.5000 2.3160 209 159 70
4.1250 18.0000 2.0840 241 132 83
23.3750 -10.0000 3.6630 198 144 138
17.4375 -1.0000 2.9410 195 177 118
1.1250 17.5000 1.8860 254 80 105
7.6250 -4.0000 1.1560 197 49 168
5.6250 4.0000 1.4300 213 71 132
0.0625 2.5000 1.1150 183 107 197
20.1250 -7.0000 3.3810 193 195 169
-10.9375 22.0000 7.3130 72 131 214
-1.8125 6.5000 1.2640 191 55 208
3.0000 -26.0000 0.0300 166 128 80
12.5000 -8.5000 3.3520 148 181 171
8.9375 15.0000 2.2700 208 154 91
-5.0625 15.0000 1.6470 232 95 115
-12.4375 -25.0000 0.0510 192 134 65
8.8750 -23.0000 1.0720 173 172 157
-18.5625 -0.5000 0.0320 165 123 121
22.1250 -5.5000 3.3260 201 172 146
-17.2500 0.5000 0.0400 171 108 130
-9.8125 -21.0000 0.0390 175 164 48
-20.5625 7.5000 1.1860 203 61 229
-10.1250 19.5000 7.3130 55 138 224
-1.8125 4.5000 1.1320 180 49 213
14.5000 -26.0000 1.1120 197 80 201
15.1250 6.5000 2.6010 202 160 91
-0.1250 20.0000 1.8730 249 94 106
2.9375 6.0000 1.3540 203 52 185
-6.8750 21.5000 7.3260 70 142 230
22.1875 -26.0000 4.9450 97 213 177
-16.4375 1.5000 0.0390 169 97 133
16.4375 14.0000 2.2570 214 154 65
-25.6875 -24.0000 0.0310 185 139 54
18.3750 6.0000 2.5930 212 147 95
-22.2500 7.5000 1.1930 177 79 220
7.1250 -16.0000 1.0650 174 112 211
-11.0000 18.0000 7.2690 59 137 225
14.2500 -16.0000 3.5380 139 205 180
-10.8125 3.0000 1.0470 172 120 183
9.3750 -8.5000 2.3410 162 186 95
6.1250 -7.0000 1.1250 192 55 189
-19.2500 18.5000 7.3250 52 130 232
4.7500 20.5000 2.2150 215 144 104
11.8125 -25.5000 1.0670 181 81 201
3.6250 -8.0000 1.0370 167 98 193
22.4375 7.5000 3.6900 126 162 185
2.3750 -8.0000 0.0400 162 90 104
19.0625 7.0000 2.5500 198 174 76
10.6875 -4.0000 4.6090 86 132 203
-3.1250 10.0000 1.4240 226 47 199
4.4375 -6.0000 1.0940 181 99 202
15.0625 20.5000 2.1720 223 140 85
-19.9375 -18.5000 0.0370 201 148 42
-25.4375 -19.5000 0.0460 196 143 72
21.2500 -11.0000 3.7220 188 176 164
-26.3125 -8.0000 0.0320 179 126 106
14.5000 1.5000 2.7130 211 176 89
18.6250 18.0000 2.4570 191 180 88
9.8125 14.5000 2.1850 225 153 84
19.3750 10.0000 2.6540 185 198 106
-16.1875 -3.5000 0.0280 175 118 96
3.5625 -0.5000 1.0970 175 41 210
15.5625 0.5000 2.8370 208 165 103
14.4375 20.5000 2.0850 235 127 76
-23.3125 15.5000 4.4680 88 180 254
-8.8125 -18.0000 0.0300 185 137 52
-0.8125 11.0000 1.5590 233 73 167
19.6875 -18.0000 4.2380 147 196 197
13.2500 -7.5000 4.3380 121 154 183
-14.1875 -22.5000 0.0340 182 167 43
-17.2500 21.5000 7.2840 69 117 225
19.6250 -19.0000 4.4060 139 184 201
3.6250 17.5000 2.0480 240 128 95
5.6250 9.0000 1.9670 207 144 67
-7.0625 20.0000 7.3020 59 134 222
-7.4375 8.5000 1.2790 199 78 226
-16.6875 -8.5000 0.0330 167 122 56
-14.1875 20.0000 7.2410 62 136 230
-2.8125 -13.5000 0.0390 150 114 110
12.9375 2.0000 2.9130 186 184 135
-19.6250 -6.0000 0.0360 173 128 75
-7.0000 -6.0000 0.0430 179 150 83
2.2500 -27.0000 0.0350 174 138 87
23.5000 6.0000 2.6130 197 165 57
-19.0000 10.5000 2.3450 160 229 109
7.7500 13.0000 2.6080 177 201 135
21.4375 16.5000 2.7860 167 221 135
-24.2500 -9.5000 0.0370 181 143 81
15.9375 -23.0000 1.1540 205 104 167
6.1875 17.0000 2.1720 222 158 82
6.4375 20.5000 2.1920 221 142 97
22.5625 2.0000 3.1300 174 168 138
-14.3750 -14.5000 0.0350 198 156 61
-25.7500 11.5000 2.1200 172 199 111
-15.0000 8.5000 1.2290 190 90 210
-21.8750 0.5000 0.0350 163 105 120
23.3750 3.5000 2.9700 185 165 115
-8.1875 15.0000 4.2480 99 180 254
-22.9375 14.0000 3.0960 121 254 207
-11.3125 12.5000 1.7470 228 147 112
13.1250 -0.5000 3.0700 176 187 132
14.3750 14.0000 2.2760 219 147 89
-24.0000 22.0000 7.3130 72 128 212
12.7500 8.0000 2.3880 217 164 71
11.0000 -26.0000 1.0660 177 87 201
-15.3750 1.0000 0.0370 155 107 116
-21.0000 0.5000 0.6300 175 166 147
-21.1875 11.5000 3.9030 90 205 244
-3.0000 -14.5000 0.0410 156 112 108
15.6250 -17.5000 3.2380 159 203 139
-20.5000 -4.0000 0.0310 175 105 99
20.0000 2.5000 2.7780 205 168 95
12.3750 -25.0000 1.0930 182 81 197
-22.0625 22.0000 7.2840 64 148 214
-18.3125 -18.5000 0.0390 199 175 48
23.0000 -18.5000 4.3020 163 172 179
5.0625 1.5000 1.1490 191 40 201
-3.5625 7.5000 1.2910 195 65 220
-6.5000 4.5000 1.0530 179 75 244
21.5000 2.0000 3.0730 185 173 130
-14.8750 1.5000 0.0380 157 98 122
13.0000 -26.0000 1.1060 184 79 196
8.6250 11.5000 2.4890 185 173 106
19.2500 -7.0000 3.3520 197 191 162
-23.8750 -1.5000 0.0410 174 89 114
-8.1875 -22.0000 0.0420 174 152 66
4.9375 -14.0000 1.0580 185 132 172
9.1875 1.0000 2.3660 176 174 84
21.4375 6.0000 2.8400 182 185 111
16.8750 -17.5000 3.5740 160 221 166
2.8750 -7.5000 1.0160 173 189 167
-11.5000 15.5000 4.4800 95 180 254
-18.0000 -21.0000 0.0310 183 142 32
-15.1875 5.0000 1.1080 176 107 218
-0.6875 14.0000 1.7140 234 73 135
-8.3125 15.5000 7.3130 61 131 221
6.9375 -1.0000 1.1530 194 40 172
-6.4375 1.5000 0.8040 155 130 192
-23.1250 3.5000 0.5470 171 117 198
-12.3125 -23.5000 0.0380 187 130 62
7.4375 -25.5000 0.0370 157 46 109
-10.6250 -19.5000 0.0350 172 146 46
-14.5625 -13.5000 0.0400 198 157 66
12.3750 -2.5000 3.3050 150 175 168
-8.3750 -9.0000 0.0340 181 134 64
17.8125 -1.0000 2.9970 191 181 127
-4.3750 1.0000 0.0550 170 88 129
11.1250 -14.5000 2.6470 158 220 134
-25.0625 -22.0000 0.0350 192 149 58
-16.5000 10.0000 2.2160 177 215 103
9.0625 11.0000 2.4840 180 175 106
22.7500 -5.0000 3.2980 204 161 132
-19.8750 -4.5000 0.0320 177 99 94
6.5000 -11.0000 1.0970 182 86 173
-10.8125 -1.5000 0.0340 176 92 117
-13.2500 -2.5000 0.0320 177 118 112
-1.6875 -3.0000 0.0240 162 124 76
-0.6250 -26.5000 0.0420 169 136 88
-4.1250 12.0000 1.4590 231 44 179
-10.8125 16.5000 7.3040 50 128 231
-5.8750 14.5000 1.6610 229 117 133
8.8750 -25.0000 1.0670 180 191 139
-9.9375 -12.0000 0.0400 169 148 55
2.6250 -3.0000 1.0750 162 110 198
-25.5625 5.0000 0.1160 161 87 141
8.6250 -18.0000 1.0820 168 132 176
-19.0000 6.5000 1.1230 184 70 237
1.5625 9.5000 1.6090 233 64 129
-3.5625 -23.5000 0.0220 169 119 66
-19.0625 17.5000 7.2820 63 130 232
-25.7500 -13.5000 0.0320 181 136 65
12.5625 -23.5000 1.1260 201 79 207
-19.3125 18.5000 7.3930 50 129 233
23.1875 3.0000 3.1120 176 171 135
22.0000 -21.0000 4.4740 140 171 195
-22.6875 11.5000 2.0390 189 209 68
6.6875 15.0000 2.3140 195 179 102
12.5000 -20.5000 1.1370 204 72 154
9.5000 -15.5000 1.1050 199 73 185
22.1875 -5.0000 3.3040 203 167 140
16.6250 12.0000 2.3340 216 151 69
-4.6250 -19.0000 0.0360 180 128 82
20.1875 -22.0000 4.6850 110 184 203
-17.3750 -11.0000 0.0450 193 152 46
8.5000 5.5000 2.5560 182 186 108
-9.1250 1.5000 0.0740 150 112 138
1.7500 -5.5000 1.0160 163 140 187
-8.1875 -23.0000 0.0310 175 151 65
22.4375 20.0000 1.3630 214 81 112
0.0000 1.0000 1.8040 195 166 74
19.3750 18.0000 2.7760 166 221 141
13.5000 -18.5000 2.9730 146 220 182
3.3750 -20.5000 0.0330 143 126 103
-9.1250 -6.5000 0.0410 189 138 82
18.6250 -1.5000 2.9970 191 176 121
-19.8750 3.0000 0.1470 184 108 128
18.0625 -21.5000 2.8560 168 241 126
-25.8750 19.5000 7.3500 69 129 219
-7.0000 5.0000 1.1340 185 75 244
-11.6250 -23.5000 0.0410 188 127 62
-16.2500 4.0000 1.0760 176 159 196
0.4375 9.5000 1.5350 220 54 150
-8.0000 -21.5000 0.0320 172 150 64
22.0625 11.0000 3.5110 132 171 172
20.4375 -25.5000 5.9210 71 195 178
19.2500 -0.5000 3.0080 196 178 136
-17.8125 -21.5000 0.0360 179 157 52
-3.5625 13.0000 1.5630 234 71 159
-3.8125 1.5000 1.0490 178 164 184
20.5000 -22.0000 4.6880 111 184 202
5.6250 7.0000 2.0760 193 178 70
22.3750 -26.0000 4.8900 100 212 174
-11.9375 17.0000 7.2880 56 123 230
-20.6250 5.0000 1.1420 180 139 203
22.0625 -4.5000 3.2560 208 179 130
-18.6875 -26.0000 0.0310 180 129 33
19.1250 17.0000 2.3080 196 185 63
4.0625 -14.0000 0.0370 167 104 117
-8.3125 15.5000 7.3370 61 130 221
-24.8125 2.0000 0.0350 159 99 124
-17.5000 18.5000 7.2890 55 130 237
-25.8125 4.0000 0.1170 153 114 168
23.0625 -2.5000 3.3710 187 160 150
23.3125 -10.5000 3.7150 191 157 138
8.6875 12.5000 2.4320 194 187 103
16.6875 0.0000 2.9120 199 173 116
22.3750 18.5000 1.3340 214 64 103
22.3750 -1.5000 3.2990 176 171 158
-0.3125 -7.0000 0.0340 142 132 80
20.6875 12.0000 3.6780 122 167 191
-11.8125 -11.5000 0.0360 168 151 60
18.6875 5.5000 2.6420 206 156 103
3.3125 19.0000 2.0470 243 124 89
-24.6250 15.5000 1.7450 229 113 100
-2.6875 2.5000 1.0860 178 103 212
8.2500 -23.5000 1.0430 187 158 174
21.3125 -9.5000 3.5750 198 181 161
22.7500 -26.0000 4.7720 106 209 170
21.0625 15.5000 2.7790 170 221 136
9.4375 -20.5000 1.1130 166 121 164
16.2500 -27.5000 0.5640 171 91 180
4.3750 16.5000 2.0780 229 146 79
9.6250 -26.5000 1.0630 170 137 175
10.0625 14.5000 2.1890 225 154 82
-5.4375 17.0000 2.2370 184 208 135
19.0000 -27.5000 0.0560 174 113 143
-18.2500 -17.0000 0.0300 176 159 54
3.1875 11.5000 1.8450 221 114 99
-8.0000 18.0000 7.3440 60 138 222
2.0625 -1.0000 1.0690 162 101 201
16.0625 -10.0000 3.7500 174 199 180
10.6875 -23.0000 1.1070 197 69 177
19.1875 6.0000 2.5790 199 169 92
-25.6250 14.0000 3.0530 120 235 209
-4.6875 -2.0000 0.0400 152 126 110
-1.0625 3.5000 1.1300 180 51 203
7.6250 -11.5000 1.1190 193 59 174
-9.4375 -19.0000 0.0370 169 140 37
10.4375 8.5000 2.5140 192 181 111
-16.3125 16.0000 4.6820 86 161 254
7.4375 -19.0000 1.0390 166 142 180
-7.6250 20.0000 7.3180 57 136 226
19.0000 17.0000 2.3960 199 196 77
19.2500 -21.0000 4.6590 117 175 192
0.7500 -13.5000 0.0370 172 123 90
-12.5625 -15.0000 0.0380 190 168 40
-21.3125 -8.0000 0.0350 190 140 60
6.5625 21.0000 2.2280 215 141 104
-12.2500 -7.0000 0.0400 184 143 89
-2.2500 20.0000 1.9280 234 134 116
-1.5625 1.5000 1.0860 174 132 203
8.8750 14.5000 2.3060 205 160 95
0.7500 20.5000 1.9750 232 109 98
23.3125 -3.0000 3.3930 187 158 147
6.9375 0.0000 1.2920 205 61 161
-23.1875 17.0000 5.3750 68 157 254
0.4375 -4.5000 0.0410 151 118 122
-16.5625 12.5000 2.1620 181 209 87
-14.9375 20.0000 7.2810 67 134 228
-3.3750 0.5000 0.3860 165 106 163
-8.4375 -8.0000 0.0380 179 130 72
-20.8125 7.0000 1.1630 200 60 231
-7.2500 -8.5000 0.0360 179 120 67
-19.3125 -16.0000 0.0310 189 136 48
-20.3750 12.5000 3.9010 91 203 247
10.5625 -5.0000 4.5020 87 135 200
15.1875 -9.0000 3.6610 172 192 150
2.1875 -12.0000 0.0370 173 123 80
-10.1875 6.5000 1.1450 186 62 237
11.0625 -21.5000 1.1180 197 76 174
12.1875 -13.5000 2.9910 137 221 174
-2.2500 -5.0000 0.0300 170 129 75
-11.2500 -19.5000 0.0350 170 151 50
12.9375 -16.0000 2.7460 183 204 104
7.5625 -18.5000 1.0760 167 140 181
22.7500 -6.5000 3.4310 195 170 153
-13.0000 14.5000 4.9090 88 155 254
-3.8125 -12.0000 0.0390 167 150 67
3.6250 14.5000 1.9720 233 124 93
-22.0625 17.0000 6.5660 50 163 231
-24.8750 7.5000 1.1320 171 72 232
-18.9375 -16.0000 0.0360 188 135 46
-16.0625 5.5000 1.1000 175 107 213
2.0000 16.5000 1.9010 247 88 106
2.6875 14.5000 1.9200 230 105 97
10.1250 13.5000 2.2850 211 162 90
8.8750 2.0000 2.4460 166 198 110
13.6875 -16.0000 2.9560 176 209 128
2.3125 12.0000 1.7720 231 84 112
-13.2500 0.0000 0.0490 174 115 112
3.3750 7.5000 1.4770 229 48 155
8.0625 -1.5000 1.9280 212 164 64
-15.9375 -18.0000 0.0460 181 152 37
-6.0625 20.0000 7.3190 60 146 229
7.1250 -11.0000 1.0720 190 56 181
-5.4375 11.0000 1.4120 222 49 188
20.0625 14.5000 3.6440 128 192 197
-16.3750 22.0000 7.2960 85 133 210
16.3750 10.0000 2.4390 206 157 77
19.3125 12.0000 2.5450 189 183 101
-26.0000 19.5000 7.2930 72 130 219
-23.9375 -16.5000 0.0390 179 136 45
14.5625 11.0000 2.3920 214 154 89
-17.7500 -4.0000 0.0270 178 123 97
-19.5625 -28.0000 0.0080 176 128 20
-0.1250 -17.5000 0.0350 166 123 91
22.9375 9.0000 3.6260 136 161 161
16.8125 11.0000 2.3580 211 148 65
-4.3750 14.5000 1.6190 228 84 151
7.5625 5.5000 2.4080 178 191 101
-2.6250 14.5000 1.5670 234 58 178
11.2500 -4.5000 2.7490 170 197 115
-20.5000 19.0000 7.2770 47 133 238
-17.7500 -18.5000 0.0350 188 159 45
-20.0000 16.0000 1.7140 233 126 117
-10.5000 9.0000 1.3150 214 61 190
-18.1250 10.0000 2.3060 167 221 123
6.6875 -5.0000 1.1190 185 40 177
-18.8750 14.5000 6.3300 72 132 207
-2.7500 10.5000 1.5030 233 54 190
-12.6250 4.0000 1.0800 171 130 210
7.4375 2.5000 1.8680 216 133 67
-11.1875 21.5000 7.2980 68 131 217
10.5000 10.0000 2.4400 197 172 94
14.4375 4.0000 2.6220 221 177 104
11.0625 3.0000 2.8570 174 186 146
19.3750 -16.5000 3.9950 162 193 205
-19.5625 10.5000 2.2310 168 228 89
19.7500 -24.5000 1.0940 195 164 147
-1.3125 -27.0000 0.0360 176 130 58
0.8750 12.0000 1.7100 227 89 127
16.8125 10.5000 2.3580 213 150 63
-20.8125 7.0000 1.1610 200 60 231
-23.9375 7.5000 1.1720 178 74 228
-4.9375 -11.0000 0.0360 162 130 70
-22.0625 -4.5000 0.0210 162 106 69
-5.2500 17.0000 3.3460 130 217 254
-15.6250 8.5000 1.2380 184 88 198
-15.8125 15.0000 5.3730 86 136 248
19.4375 -15.0000 3.9150 182 196 179
13.4375 12.5000 2.2730 221 146 90
-25.8750 -0.5000 0.0370 160 77 135
-1.3750 7.0000 1.3410 202 58 194
11.1250 -10.5000 3.1370 136 222 189
-8.2500 -4.5000 0.0380 179 148 94
11.4375 -11.5000 2.8070 154 214 145
-4.6250 18.0000 1.7960 245 131 118
6.1875 -7.0000 1.0710 187 53 197
9.5000 -13.5000 1.1120 194 64 180
1.1875 -2.0000 1.0570 159 110 196
16.1250 -6.5000 3.4260 200 193 159
7.6875 -20.0000 1.0480 167 142 174
19.3750 -24.0000 1.1050 206 131 157
6.5000 -4.0000 1.0900 187 46 181
15.0000 -15.0000 4.0900 120 162 188
10.5625 -24.5000 1.0870 183 85 215
5.5625 -13.0000 1.0350 183 124 180
-12.6250 -20.5000 0.0360 181 156 36
-3.4375 19.5000 1.6670 250 96 134
-12.3750 -15.5000 0.0350 196 150 49
-8.1250 -1.5000 0.0410 154 122 116
11.7500 19.0000 2.1440 236 143 80
-17.7500 -5.5000 0.0470 182 133 88
1.0000 -11.0000 0.0370 174 119 91
-25.8750 20.0000 7.3300 71 128 218
10.6250 -3.5000 3.4930 119 181 204
17.6875 -5.0000 3.1920 196 190 136
1.1250 -3.0000 1.0690 163 138 179
23.0000 -5.0000 16.0070 129 36 58
21.8125 6.0000 2.9120 175 184 121
-24.8125 12.5000 2.5470 150 235 137
0.0000 18.5000 1.9020 242 94 103
-14.8750 21.0000 7.2940 78 132 206
-11.7500 5.0000 1.1390 170 98 226
11.5625 11.0000 2.2490 211 154 67
-19.6875 16.5000 1.7810 227 141 108
-4.2500 3.0000 1.0820 181 99 222
-22.9375 0.0000 0.0330 169 117 106
19.9375 -3.5000 3.1890 209 189 143
23.0625 -8.0000 3.5230 197 158 149
9.4375 -5.0000 2.4900 156 187 121
14.5625 -27.0000 1.0580 187 81 194
3.0625 2.5000 1.1710 186 40 217
20.8125 -15.0000 3.9900 169 184 201
-11.8125 14.5000 5.7230 70 157 252
22.7500 -13.5000 3.9450 188 152 160
22.5000 -13.0000 3.8960 189 163 162
-13.4375 1.5000 0.6960 167 179 156
-14.3750 12.0000 1.4260 209 96 175
-19.1250 -16.5000 0.0390 190 136 46
-0.8750 -26.0000 0.0440 179 125 62
23.1875 19.0000 1.3440 209 66 100
5.8125 -22.0000 0.0380 163 93 117
-21.1875 13.0000 3.6360 102 216 248
12.9375 14.0000 2.2540 218 141 96
-23.2500 14.5000 2.9240 130 253 192
2.3750 -4.0000 1.0840 169 134 193
2.8750 0.0000 1.0830 172 86 201
10.0625 17.5000 2.1230 237 143 88
0.3125 17.5000 1.8320 254 69 119
-1.3125 -20.5000 0.0360 172 124 93
-9.4375 3.5000 1.0880 168 84 228
4.2500 4.5000 1.1810 196 40 197
1.0625 15.0000 1.8350 245 92 124
-14.6250 -20.5000 0.0380 179 154 56
6.6250 10.5000 2.3980 180 178 101
-20.6250 17.0000 2.7480 144 242 209
-8.5625 -27.5000 0.0360 171 128 54
-24.8125 17.5000 6.1580 64 156 236
-17.9375 11.0000 2.3010 163 222 118
17.6250 8.5000 2.4890 212 147 93
-11.8125 8.5000 1.2450 191 77 227
-21.5625 -20.5000 0.0320 195 144 43
9.0000 -19.5000 1.0630 171 130 170
-2.6875 -15.5000 0.0340 167 124 102
3.2500 -10.0000 0.0780 156 107 137
20.5000 20.0000 1.4050 228 76 110
-20.3125 -1.5000 0.0370 156 105 108
-3.9375 20.5000 7.3130 62 115 222
-5.7500 -21.0000 0.0290 169 133 58
-11.3750 18.5000 7.2800 56 138 229
-1.4375 20.5000 2.0080 220 153 115
22.5000 13.0000 2.6740 178 186 101
-2.0625 5.5000 1.1910 179 54 208
-13.5625 5.5000 1.1570 181 109 210
-23.3750 15.0000 5.4060 64 163 243
-24.3750 13.0000 3.5780 103 228 232
18.9375 13.5000 2.5030 192 189 91
14.1250 12.5000 2.3280 217 154 94
-3.6875 19.5000 7.5860 59 113 216
-23.8750 6.0000 1.1300 183 98 210
-13.6875 3.5000 1.0500 178 120 204
12.5000 3.5000 2.7800 194 167 129
-11.2500 14.5000 4.7160 92 171 254
6.0000 17.5000 2.2000 218 151 84
-15.7500 -22.5000 0.0330 185 146 40
-10.2500 12.0000 1.9820 198 198 93
8.5000 12.5000 2.4520 192 188 106
9.2500 -9.0000 1.1340 193 59 168
-18.6875 8.0000 1.2100 192 87 205
-0.0625 12.5000 1.6830 230 63 133
2.7500 -10.5000 0.0390 173 110 98
7.9375 -6.5000 1.1150 189 51 172
6.3750 13.5000 4.2250 101 141 212
-19.7500 -2.0000 0.0420 161 96 101
-26.2500 9.5000 1.2000 184 73 231
-10.2500 10.5000 1.4490 218 87 156
10.4375 -18.5000 1.1160 192 71 185
-24.8750 12.0000 1.9480 195 173 86
16.9375 -20.0000 4.0180 131 190 197
-4.1875 6.5000 1.2250 190 59 226
-16.7500 14.0000 1.7810 222 144 100
-9.1250 0.0000 0.0410 138 93 118
-3.7500 -6.5000 0.0430 165 130 106
-20.3125 -18.0000 0.0370 197 151 46
-21.1875 20.5000 7.2690 59 146 213
-11.1875 15.5000 7.6150 49 129 227
-13.6250 20.5000 7.2730 64 133 226
-25.3750 -25.0000 0.0320 175 131 62
-14.0000 13.5000 2.0190 203 203 94
6.0625 5.0000 1.7120 214 127 75
19.2500 0.5000 2.9230 205 168 122
-12.6875 -26.5000 0.0360 176 127 60
-1.4375 3.5000 1.1000 178 49 208
13.9375 -24.0000 1.0890 194 77 218
15.4375 -0.5000 2.8940 199 164 107
5.0000 15.0000 2.0940 222 150 73
11.3125 -14.5000 2.5760 162 220 118
22.5000 5.5000 2.9360 172 180 119
17.7500 1.5000 2.8380 202 179 117
16.1250 -11.0000 3.8170 170 191 176
12.8750 -12.5000 3.7290 116 201 197
21.9375 -27.5000 5.0460 102 205 160
-14.8750 15.0000 1.7120 229 128 125
12.8750 -4.5000 5.6750 111 96 146
13.4375 -4.5000 3.3380 167 197 165
21.1250 -27.5000 6.0330 86 189 154
22.6875 -12.5000 3.8690 178 153 162
20.0000 -27.5000 0.0520 181 120 129
18.0625 -8.0000 3.3820 204 205 152
9.8750 -14.0000 1.1030 191 54 179
8.6875 -10.5000 1.1130 196 58 173
-10.0625 11.5000 2.4410 152 229 140
20.1875 -24.0000 5.6220 77 197 183
17.1250 -24.0000 1.0930 199 114 175
-13.0625 -17.5000 0.0370 191 163 39
6.2500 1.5000 1.2260 189 60 179
20.8125 -17.5000 4.1140 163 186 201
18.1875 5.5000 2.6480 207 159 106
-1.0625 7.0000 1.3220 199 57 196
-22.5000 -9.5000 0.0370 183 132 67
23.3750 -7.5000 3.4780 205 190 165
-6.5625 15.0000 5.7860 84 126 232
-17.4375 4.0000 1.0680 174 162 205
-5.1875 1.0000 0.1510 171 90 142
4.8750 10.5000 1.9730 214 147 71
-14.4375 12.0000 1.4230 208 96 176
-24.4375 -0.5000 0.0370 162 70 128
13.3750 17.0000 2.2040 222 140 85
15.3125 -15.5000 3.1970 191 212 134
-1.6875 11.5000 1.5360 231 65 181
22.1875 -17.0000 4.1880 165 175 185
2.4375 -11.0000 0.0390 175 112 93
-9.0000 8.0000 1.2230 194 68 244
7.5000 21.0000 2.0500 238 115 97
5.6875 -12.0000 1.0900 181 109 190
-15.7500 12.5000 1.7810 212 140 96
9.1250 8.5000 2.5750 180 171 116
-5.1875 10.0000 1.3670 221 45 193
-11.7500 13.0000 1.7320 229 141 121
-12.8750 20.0000 7.2740 66 148 225
14.4375 3.5000 2.6560 217 177 108
22.5625 14.5000 1.3910 227 52 74
18.2500 -19.5000 3.5200 167 221 168
18.8125 20.5000 2.7150 154 216 144
-6.2500 -1.5000 0.0410 172 128 109
5.4375 -12.0000 1.0670 180 111 192
-23.0625 8.0000 1.1950 179 76 225
-11.2500 16.0000 7.2890 51 130 231
7.1875 14.5000 2.2930 201 182 93
14.0000 -24.0000 1.1010 195 78 217
1.2500 -11.0000 0.0410 175 118 92
-11.8750 -7.5000 0.0360 188 143 84
10.9375 2.5000 2.7990 176 198 132
18.1250 -26.5000 1.0490 181 158 144
-19.9375 11.5000 3.9720 87 193 248
12.3750 -17.5000 2.7350 149 206 144
-2.1875 -4.0000 0.0360 166 127 79
-8.5625 -21.5000 0.0330 171 156 66
2.5000 5.5000 1.2710 199 48 204
-9.3750 -10.0000 0.0390 182 154 51
2.5625 20.0000 2.0880 227 138 95
5.3750 -22.5000 0.0380 164 95 116
-4.1250 21.5000 7.3310 81 117 222
11.0625 16.0000 2.1660 229 147 76
4.6250 8.5000 1.8770 217 124 93
-2.8125 14.5000 1.6440 236 70 167
13.5000 5.5000 2.4970 224 156 84
16.3750 1.5000 2.8040 202 177 117
-18.1250 -18.0000 0.0350 187 169 51
-21.7500 -11.5000 0.0380 173 137 63
-23.0625 6.0000 1.1420 178 123 208
-3.5625 -11.0000 0.0440 163 124 64
18.8125 2.0000 2.8240 200 180 108
-23.7500 7.5000 1.1710 178 74 228
22.5000 -26.0000 4.7730 104 210 174
11.9375 -18.0000 1.0790 190 69 178
2.6875 -4.0000 1.0610 168 133 193
-17.4375 13.0000 2.3130 167 224 109
15.3750 15.0000 2.2120 224 132 78
-18.5625 14.0000 5.1060 66 174 236
8.9375 -7.0000 2.3560 158 211 113
22.6875 11.5000 1.9480 236 128 13
-17.5000 10.0000 2.2330 176 219 107
11.7500 -3.5000 5.3300 85 119 172
-24.5000 -3.0000 0.0360 171 114 92
-15.4375 -3.5000 0.0470 182 138 90
-12.2500 13.0000 5.4330 75 151 246
-25.0625 20.5000 7.3430 64 128 218
5.6875 -8.5000 1.0940 171 88 201
10.3125 -21.0000 1.1150 192 80 177
-19.3750 5.5000 1.1350 185 109 208
-20.0000 -22.5000 0.0400 189 135 27
18.3125 -11.0000 3.6080 188 199 157
-14.9375 -10.0000 0.0380 176 143 71
6.0625 -8.5000 1.1110 171 87 197
8.3750 4.0000 2.2050 197 185 67
22.8750 18.5000 1.3660 215 64 96
-4.1875 21.5000 7.3430 81 117 222
-4.2500 -22.0000 0.0370 169 127 67
11.3125 -26.5000 1.0540 174 87 193
-12.7500 15.0000 4.7910 93 153 254
-14.0625 -1.0000 0.5450 171 201 115
15.6250 -9.0000 3.6660 174 189 146
-17.1875 18.5000 7.3240 54 129 236
18.8125 21.5000 2.7320 150 209 146
-19.8125 12.5000 3.6070 104 218 242
6.0625 -13.0000 1.0800 184 125 176
-10.8750 -12.5000 0.0320 183 155 58
16.9375 -7.0000 3.2950 209 214 151
13.2500 -10.5000 3.0600 176 223 139
10.3125 -13.0000 1.1380 204 62 172
-17.9375 11.0000 2.2810 165 221 114
19.8125 -28.0000 0.0400 174 112 133
-23.4375 7.5000 1.1600 178 74 230
-26.3125 21.0000 7.2960 85 122 213
18.8750 -9.5000 3.4990 195 210 153
11.3750 -14.5000 2.6820 156 220 138
5.9375 2.0000 1.2660 192 67 174
8.1875 1.0000 1.8520 224 130 57
-23.4375 -13.0000 0.0330 200 132 52
-25.8125 -22.5000 0.0380 178 144 62
19.3125 -2.5000 3.1150 198 182 133
-1.3750 -27.5000 0.0340 173 130 56
18.6250 1.0000 2.9050 205 165 111
15.1250 -23.0000 1.1050 197 89 195
16.0625 -23.5000 1.1050 202 102 172
-22.6875 1.5000 0.0380 164 94 118
6.9375 10.0000 2.3540 188 178 91
12.9375 3.0000 2.8410 190 172 134
-20.4375 13.5000 3.3540 114 234 244
20.9375 -2.5000 3.1300 189 185 149
11.6875 20.5000 2.1340 229 131 89
20.5000 -16.0000 4.0480 162 191 206
10.9375 -22.0000 1.0940 197 71 177
20.6250 -4.0000 3.2730 206 194 149
-10.1875 7.5000 1.2470 195 66 228
-1.0000 17.0000 1.7580 249 72 144
-7.8125 20.5000 7.3330 61 133 223
22.5000 -25.5000 4.7420 104 208 182
7.5000 -22.0000 1.0840 166 188 166
12.6250 6.0000 2.4350 226 152 85
-10.5625 13.5000 1.6500 233 124 136
18.3750 10.0000 2.4790 206 158 78
-11.3125 5.0000 1.1360 172 97 225
16.0625 -15.0000 3.5350 181 208 153
-12.2500 20.5000 7.3030 67 145 223
-20.5000 -16.5000 0.0340 189 141 52
2.8750 12.0000 1.8280 224 99 105
-10.4375 21.5000 7.3300 75 143 214
-11.5000 -24.5000 0.0360 190 125 66
-24.1875 -7.0000 0.0400 184 131 99
-9.1875 4.5000 1.1270 177 71 254
-19.3750 17.5000 7.3080 62 131 236
20.7500 12.0000 3.6570 125 171 194
18.9375 -11.5000 3.6560 195 181 172
-16.5000 -21.0000 0.0330 179 148 48
19.3125 -10.0000 3.5740 194 181 174
16.5625 11.5000 2.3680 213 154 74
-16.2500 5.0000 1.0720 176 153 203
-12.0625 14.0000 5.2270 81 153 254
23.2500 5.0000 6.8980 109 93 100
13.3125 -18.5000 2.9830 145 219 185
4.9375 -7.0000 1.0710 174 83 202
-18.2500 8.0000 1.2150 181 92 230
21.2500 -18.0000 4.1100 164 186 198
0.0000 -16.0000 0.0410 171 106 82
2.8125 -16.5000 0.0430 167 103 84
-14.6875 16.5000 7.4850 53 117 223
-14.2500 -15.0000 0.0350 184 161 58
0.3750 -15.5000 0.0360 169 105 80
-1.8750 -1.5000 0.0380 149 105 114
11.4375 8.5000 2.4940 198 172 109
-21.5000 1.5000 0.0400 171 123 126
21.0000 2.0000 2.9300 198 178 115
-15.1250 -20.0000 0.0340 177 154 58
13.1875 19.0000 2.1840 230 148 85
1.0000 5.5000 1.2520 194 53 206
11.2500 18.5000 2.1680 234 149 84
3.8125 3.5000 1.1640 190 39 197
16.3750 -14.0000 4.0850 139 173 174
2.3750 -6.5000 1.0460 170 191 173
12.3125 -21.5000 1.1570 210 74 143
-24.0000 20.0000 7.3290 54 134 222
14.8750 -2.0000 3.1600 179 186 148
16.5000 -18.5000 4.7700 106 147 206
22.0000 -6.0000 3.3780 197 178 158
2.0625 -7.0000 0.0760 159 95 112
17.0625 -24.5000 1.0850 200 111 178
-21.1250 11.5000 3.9800 87 201 244
-6.5000 15.0000 3.9810 112 172 254
19.5625 -24.0000 1.0910 193 164 147
-3.5625 18.5000 1.8090 244 128 119
-26.2500 1.0000 0.0370 154 80 140
13.0625 -13.5000 3.7930 135 189 189
12.0625 4.0000 2.7660 184 185 135
15.0000 -7.0000 3.5450 182 182 152
5.9375 -5.5000 1.0940 171 66 212
17.1250 20.0000 2.3420 197 181 83
-24.3125 0.0000 0.0330 161 68 129
-6.0625 8.0000 1.2460 191 63 213
19.1875 -17.0000 4.2360 147 190 195
-8.9375 -23.0000 0.0390 178 132 77
13.8750 21.0000 2.0620 235 119 82
-20.5000 16.0000 1.9940 204 197 83
19.8125 21.0000 2.8200 152 219 145
16.6250 -28.0000 0.0590 173 86 148
-24.1250 0.5000 0.0360 163 93 116
-21.9375 3.5000 0.1180 149 102 145
-8.6875 -9.0000 0.0480 181 136 66
-20.0000 21.0000 7.2990 55 121 229
-19.6875 -14.5000 0.0370 184 159 51
15.0625 -0.5000 2.8300 205 165 100
15.5000 -5.0000 3.3800 190 176 147
-15.2500 10.0000 1.7420 214 143 120
-0.4375 21.0000 2.0350 218 142 113
7.3750 -12.0000 1.0980 183 66 194
-1.2500 6.0000 1.2850 199 54 197
16.8750 -27.5000 0.2020 172 86 158
-4.3125 0.5000 0.0300 169 89 123
-14.1875 -0.5000 0.0430 172 122 122
-0.5625 9.0000 1.4750 226 47 172
21.6875 -21.0000 4.4330 139 175 199
-25.0625 17.5000 3.6490 123 210 254
21.1250 -9.0000 3.5490 196 169 167
-19.7500 15.0000 1.7380 225 133 109
-12.8750 15.5000 7.5270 58 117 212
-19.4375 19.5000 7.7320 46 119 230
18.2500 4.0000 2.7290 199 177 116
7.0625 7.5000 2.3960 186 188 99
18.8125 -3.5000 3.1240 198 187 120
-23.0625 -8.5000 0.0350 191 128 81
19.3750 -21.0000 4.5740 121 177 195
-21.5000 -16.5000 0.0370 184 149 54
3.6250 -15.5000 0.0340 161 108 117
-19.5625 3.5000 1.0300 174 139 199
-12.0000 14.0000 5.1860 82 154 254
-19.0000 -19.0000 0.0370 202 143 35
-5.7500 -1.5000 0.0390 150 131 117
23.2500 16.5000 1.3540 217 64 84
16.1250 -12.5000 4.3890 129 153 191
6.6875 -4.5000 1.0910 187 45 181
15.6250 -10.5000 3.7710 151 187 159
-17.5000 14.5000 4.5260 92 168 254
13.5000 1.0000 2.9590 183 192 138
11.3750 -7.0000 2.8110 154 213 145
-1.8750 3.0000 1.1180 184 101 207
1.2500 -15.5000 0.0360 163 105 85
2.7500 10.0000 1.6470 229 74 124
-15.9375 18.0000 7.2880 67 121 219
-4.5000 -3.5000 0.0430 174 115 99
-0.1875 -11.0000 0.0370 162 123 101
14.6875 -2.0000 3.1340 180 188 145
13.0000 -4.0000 5.9620 108 91 147
16.9375 18.0000 2.3800 202 180 91
19.5000 2.0000 2.8100 205 172 100
18.3125 -25.0000 1.0750 198 120 162
3.6250 -10.0000 1.0330 165 146 206
12.6875 -13.5000 2.6700 180 219 108
13.7500 -25.5000 1.0860 197 71 217
18.6250 -3.0000 3.1160 194 168 119
9.6250 9.0000 2.5330 189 176 119
20.7500 -6.0000 3.3460 200 189 162
0.8750 16.0000 1.8510 252 76 118
-11.1875 -16.0000 0.0400 184 132 40
12.5000 21.5000 2.0750 230 115 85
-18.0000 6.0000 1.1610 188 113 221
-4.8750 -12.5000 0.0450 169 142 73
12.5000 21.5000 2.0970 228 118 87
15.2500 12.5000 2.3150 218 148 90
-6.3125 20.5000 7.3520 62 145 230
18.7500 -10.0000 3.5340 191 209 156
12.0000 0.5000 2.9720 163 197 141
-12.9375 3.0000 1.0520 175 151 184
9.2500 6.5000 2.7050 177 178 132
13.0000 -26.5000 1.0830 181 80 194
4.6250 8.5000 1.8420 221 115 97
9.0625 11.5000 2.4440 188 168 98
14.4375 -12.5000 3.1520 178 237 146
2.8750 12.5000 1.8310 234 99 101
-3.7500 3.0000 1.0960 181 100 217
8.8125 9.0000 2.5760 179 172 119
-26.0625 -18.0000 0.0360 178 133 67
14.4375 10.5000 2.4250 212 160 94
-12.4375 -5.0000 0.0290 166 131 93
0.5625 -22.0000 0.0400 171 135 98
7.0000 9.0000 2.1210 210 168 64
9.2500 14.0000 2.3600 204 171 98
-2.1875 11.5000 1.5380 224 56 174
4.3750 21.5000 2.2520 202 132 120
-1.2500 -13.0000 0.0430 154 105 107
11.3750 -15.0000 1.1360 200 66 156
19.2500 18.5000 2.6270 169 219 115
14.0625 -16.5000 3.2100 162 211 155
-16.3750 12.5000 2.5470 154 233 156
14.0000 -22.0000 1.1400 205 81 184
-1.4375 16.0000 1.7440 254 71 142
-22.6875 3.5000 0.5200 172 112 188
6.6875 16.5000 2.2210 211 160 97
19.3750 -18.5000 4.3790 143 183 201
21.3125 -9.0000 3.5170 199 170 164
-15.1875 16.0000 7.5840 57 116 220
-21.1875 -23.5000 0.0410 179 132 45
2.3125 -27.5000 0.0330 163 134 80
-24.2500 21.5000 7.3140 68 128 215
-6.6250 -5.0000 0.0360 183 136 86
-18.4375 -11.5000 0.0390 179 155 53
-11.0000 12.5000 1.6380 231 123 132
-24.3125 8.5000 1.2110 190 70 219
-23.1875 -12.5000 0.0360 195 132 55
12.1875 -24.0000 1.1070 199 66 213
-13.9375 -10.0000 0.0310 180 134 69
18.2500 -7.5000 3.3370 208 206 148
-5.9375 14.5000 1.6620 228 117 135
12.1250 -6.5000 4.9420 103 133 158
-7.1875 17.0000 7.3170 59 124 220
8.5000 -5.0000 1.5530 224 96 106
-7.8125 14.5000 3.5970 119 200 254
-25.7500 -17.0000 0.0400 174 140 69
-21.9375 -20.5000 0.0400 198 150 42
-23.1250 6.5000 1.1300 175 75 224
9.7500 9.0000 2.5770 186 180 126
-20.3125 -20.0000 0.0370 207 147 35
4.6875 21.5000 2.2550 202 132 119
19.0000 14.0000 2.4530 204 187 79
9.8125 -13.0000 1.1340 197 64 177
-13.0625 -19.5000 0.0360 190 144 49
0.0625 5.5000 1.2420 192 55 195
-24.7500 3.5000 0.0440 148 112 161
-0.0625 -27.0000 0.0350 167 132 85
-13.0625 -6.5000 0.0370 177 120 92
-5.3125 12.0000 1.4850 224 75 187
-14.3750 -17.5000 0.0310 180 138 56
18.7500 19.5000 2.7040 159 224 146
-11.0000 3.5000 1.0450 170 97 216
20.9375 -20.0000 4.3150 141 185 194
14.5625 9.5000 2.4950 207 162 104
10.9375 -13.5000 2.5390 164 224 119
-6.0625 -8.0000 0.0390 158 138 74
-6.0000 -14.0000 0.0440 162 155 47
11.1875 -8.0000 2.5750 167 208 110
-16.1250 -11.5000 0.0310 195 151 36
-6.3750 8.0000 1.2390 190 62 216
1.3750 8.0000 1.4710 221 57 160
-16.3750 19.5000 7.2750 55 125 233
-11.0000 15.5000 7.4100 50 130 229
-7.7500 10.5000 1.4770 219 81 166
17.1250 1.5000 2.8140 203 180 117
12.8125 -10.5000 2.9020 183 218 123
-7.0000 7.0000 1.2010 197 71 238
-24.8125 16.5000 2.5570 147 240 187
-7.1250 -0.5000 0.0470 153 122 114
2.5000 7.5000 1.4710 218 63 157
2.0625 5.5000 1.2770 189 57 205
21.5625 20.0000 1.3980 223 79 111
6.4375 -6.0000 1.1180 181 58 194
-14.8125 4.5000 1.1250 181 110 213
20.2500 0.0000 2.9480 202 179 124
17.3125 19.5000 2.3190 202 181 76
4.8125 20.5000 2.2460 211 146 109
-21.3750 18.5000 7.2850 51 134 235
16.6875 -27.0000 1.0660 181 109 177
12.1875 -12.0000 2.5870 169 208 108
5.0625 -19.0000 0.0380 158 127 91
-1.6250 0.0000 0.0330 144 75 143
-7.6250 -6.5000 0.0560 175 129 81
2.6875 8.0000 1.5520 217 80 146
1.8750 20.5000 2.0180 231 120 94
-3.3125 9.0000 1.3940 216 56 200
21.2500 -11.5000 3.7340 189 172 167
14.8750 -13.5000 3.1390 182 236 135
17.0000 20.5000 2.2890 199 168 77
-10.3750 0.5000 0.0300 152 80 133
-8.8750 -7.0000 0.0350 175 136 78
-19.2500 3.5000 1.0280 173 140 195
10.5625 -6.0000 2.6780 158 205 141
-17.6250 -6.0000 0.0450 168 127 78
4.6875 21.0000 2.2250 210 139 110
-15.3750 17.0000 7.3220 62 130 216
-24.7500 -22.5000 0.0290 194 147 56
20.5625 -11.5000 3.7070 190 174 166
-11.1250 -12.5000 0.0230 183 159 59
23.4375 -21.5000 4.5500 142 164 182
-3.6250 -12.5000 0.0420 166 133 68
-19.1875 15.5000 3.0110 134 242 223
14.3750 -25.5000 1.0930 198 76 211
13.8125 20.0000 2.1140 236 137 77
20.7500 -16.0000 4.0280 164 191 205
-16.3750 11.5000 1.6900 214 129 108
2.1250 -11.5000 0.0320 174 113 89
-5.6250 14.5000 1.6800 229 120 128
-26.1875 4.5000 1.0780 168 111 206
8.9375 -23.5000 1.0700 187 152 171
11.3125 -28.0000 0.9420 166 94 187
9.1875 4.5000 2.4950 177 194 104
13.0000 -18.5000 2.8190 155 216 167
22.4375 -0.5000 3.2510 183 163 150
-20.4375 -26.0000 0.0360 199 135 28
17.0000 -22.0000 2.7670 170 241 122
3.5625 -2.0000 1.1130 177 47 212
10.0000 -27.5000 0.1380 160 87 126
-12.8125 -20.0000 0.0330 181 155 39
-9.0000 6.0000 1.1860 191 70 240
-21.5625 -9.5000 0.0320 195 138 56
-2.8750 12.5000 1.5550 225 45 159
-17.9375 14.0000 4.4590 91 170 254
-6.2500 -8.0000 0.0350 159 138 73
-6.2500 -13.0000 0.0470 177 136 56
23.1250 -13.0000 3.8960 178 142 154
14.8125 -21.5000 2.5730 164 222 120
11.1875 12.5000 2.2540 221 160 77
15.3125 20.5000 2.2820 211 163 85
-12.6250 -7.0000 0.0330 179 117 85
-9.4375 -9.0000 0.0470 172 154 55
6.6875 9.0000 2.1090 208 164 68
-6.7500 -9.5000 0.0490 173 126 61
-3.3125 -21.0000 0.0400 176 141 63
22.8125 18.0000 1.3720 220 64 91
-13.3750 16.5000 7.2590 53 123 222
-20.6250 10.5000 2.2360 167 229 94
0.3125 -24.0000 0.0410 169 144 86
-18.0000 -12.0000 0.0420 180 155 46
-26.1875 -18.0000 0.0440 177 134 69
23.3750 2.0000 3.1850 174 164 134
-13.7500 -0.5000 0.5930 168 204 110
-11.8750 -22.5000 0.0370 180 147 59
22.2500 -13.5000 3.9040 186 167 167
-15.8750 14.5000 1.6780 231 116 125
0.0000 16.0000 1.8360 240 81 127
-15.1875 7.5000 1.2070 182 78 235
-13.6875 -14.5000 0.0350 200 151 56
5.7500 17.0000 2.1550 216 152 81
18.5000 -0.5000 2.9350 198 180 124
-16.0625 14.5000 5.2660 85 137 251
13.3750 -3.5000 3.2580 171 195 157
-9.8750 -16.5000 0.0330 182 119 32
10.2500 -3.5000 2.3750 188 179 76
5.3125 -20.0000 0.0400 160 125 87
5.6250 15.0000 2.0420 213 142 69
-25.3125 2.0000 0.0330 144 101 145
15.7500 -22.0000 2.5910 174 221 94
15.1875 -3.0000 3.1980 180 181 141
1.3750 -12.0000 0.0370 167 127 93
14.5625 21.5000 2.0870 223 116 72
5.2500 1.5000 1.1300 189 39 202
-9.9375 2.0000 0.5120 166 138 160
9.9375 17.0000 2.0630 234 127 79
19.7500 3.0000 2.7820 212 173 101
-3.4375 10.5000 1.4150 219 52 185
16.6250 16.0000 2.3740 205 178 92
22.0000 18.5000 1.3430 218 83 109
-2.8125 1.0000 0.6570 155 120 216
-1.6875 15.0000 1.6820 250 58 152
-3.8750 -24.5000 0.0310 183 112 72
9.0625 18.5000 2.0700 244 127 79
-3.5000 -1.0000 0.0300 147 120 107
-17.5000 20.5000 7.2860 59 121 234
-6.7500 21.0000 7.3380 66 144 230
-4.9375 20.5000 7.3160 62 117 227
-15.9375 10.0000 1.4300 210 101 159
-15.9375 -20.5000 0.0380 188 160 46
10.7500 -24.0000 1.0970 184 84 214
-1.7500 -18.5000 0.0430 167 126 104
-19.8125 7.0000 1.1790 203 64 222
-5.5000 8.0000 1.4540 210 90 187
-18.5000 -17.5000 0.0360 185 171 55
-7.9375 -12.0000 0.0340 157 136 47
5.3750 3.0000 1.2250 199 53 176
11.3125 18.0000 2.1600 234 144 83
-21.0000 -5.5000 0.0390 176 113 92
-23.9375 4.0000 0.9580 177 130 209
-25.1250 21.5000 7.5300 74 120 212
-8.0625 21.0000 7.2850 65 131 222
2.3750 11.0000 1.7600 225 101 114
-19.9375 -1.5000 0.0400 158 100 105
14.1875 14.5000 2.2290 221 137 87
-10.0625 13.0000 1.6580 229 128 127
9.1875 -13.0000 1.1160 188 65 183
23.0625 1.0000 3.2120 184 146 131
-23.3750 -7.5000 0.0390 189 128 90
-22.1875 17.5000 7.3220 53 125 222
1.1875 -3.5000 0.9340 153 136 192
2.8750 11.0000 1.7860 220 105 111
5.1250 -15.0000 2.4330 147 254 109
-11.5625 13.5000 5.2840 76 154 254
-9.5625 22.0000 7.5880 73 141 213
-6.7500 10.5000 1.3710 203 75 186
13.1250 10.0000 2.3460 220 153 81
5.0625 17.5000 2.1460 227 147 82
12.1875 -26.0000 1.1020 184 83 202
11.9375 -22.0000 1.1290 198 73 164
-22.1875 8.5000 1.2230 192 56 212
22.1250 18.0000 1.3800 223 61 93
-8.9375 15.0000 1.6700 224 122 136
4.7500 -10.0000 1.0140 169 134 207
10.0625 14.5000 2.1620 228 151 78
23.3750 17.5000 1.3790 221 66 85
-15.3750 5.5000 1.1400 181 92 226
-12.2500 0.0000 0.0310 151 87 153
-7.0625 -2.0000 0.6340 175 204 89
10.9375 -3.5000 2.4350 188 184 72
-10.3125 18.5000 7.4260 55 137 223
-18.7500 19.5000 7.2730 60 140 227
-18.8750 8.5000 1.2290 200 78 203
1.4375 21.5000 1.9930 222 105 105
-9.1875 19.0000 7.3350 63 138 225
17.2500 9.0000 2.4230 209 151 68
-18.0000 -27.0000 0.0380 176 126 30
10.6875 -3.0000 4.5510 96 125 199
11.8125 8.5000 2.3450 209 150 77
10.0000 1.5000 2.6700 179 196 116
20.8750 20.0000 1.3520 224 75 118
-6.6875 -15.0000 0.0390 166 156 47
2.3125 -20.0000 0.0350 157 101 83
-0.6250 -20.5000 0.0360 170 131 93
-11.3125 -10.5000 0.0440 163 152 62
4.0000 -20.5000 0.0290 144 124 99
-18.6250 -7.5000 0.0360 161 135 66
12.8125 -20.0000 1.0830 200 65 145
7.3125 -27.0000 0.0370 149 54 102
-22.5625 8.5000 1.2300 194 55 213
1.3125 -17.5000 0.0390 167 105 84
17.0000 -21.5000 3.0440 160 246 153
-13.8750 13.5000 2.0100 204 202 93
-18.5000 -1.5000 0.0310 158 118 126
11.0625 1.0000 2.7020 183 201 111
-16.5625 8.5000 1.2250 188 91 210
23.1250 -11.0000 3.7780 185 158 149
-5.2500 -8.0000 0.0380 174 144 98
7.7500 -26.5000 0.0440 154 50 104
-15.6875 -1.5000 0.0350 164 114 108
17.1250 -18.5000 4.7790 105 149 207
8.8750 8.0000 2.5580 180 188 121
8.4375 1.0000 2.1890 187 189 73
5.4375 5.0000 1.4450 216 70 133
15.9375 -12.0000 3.7550 173 197 160
15.5000 -26.0000 1.0810 187 103 196
-0.9375 22.0000 2.0460 208 137 122
-16.3750 0.0000 0.0370 172 131 117
-19.7500 -20.5000 0.0330 195 152 23
22.1875 8.0000 3.7240 128 160 170
-0.6875 14.5000 1.7340 245 64 137
-23.7500 -7.5000 0.0440 188 130 94
22.2500 -5.0000 3.2990 203 167 139
3.1250 -19.0000 0.0330 169 136 79
3.5000 9.0000 1.6510 228 83 136
20.6875 -26.5000 0.2200 195 124 135
3.5000 -14.5000 0.0360 165 97 129
-22.1250 -13.5000 0.0410 200 128 44
1.6250 -9.5000 0.0430 170 109 102
17.5625 -11.5000 3.8210 173 187 177
4.6250 5.0000 1.3120 209 49 170
7.9375 11.0000 3.1460 141 185 191
-13.1875 5.0000 1.1650 184 113 204
-3.5000 16.5000 1.7580 232 114 108
-20.8750 -12.0000 0.0360 177 128 65
-9.6875 1.0000 0.0340 149 79 128
17.0625 -12.5000 3.9270 154 186 183
-8.8750 -15.5000 0.0400 167 147 61
11.8125 -18.0000 1.1270 196 71 178
17.8750 -4.5000 3.1960 195 191 139
-23.3750 -9.0000 0.0410 183 137 77
10.2500 15.5000 2.1160 231 138 76
-11.1875 -26.5000 0.0300 196 127 57
-5.8125 13.0000 1.6420 230 90 144
12.6250 -4.5000 3.0980 183 194 136
0.1250 -26.5000 0.0390 170 131 89
1.1875 2.0000 1.0910 183 86 218
-6.0000 -28.0000 0.0340 174 138 50
18.6875 -19.0000 5.4160 101 122 170
-18.3125 1.5000 0.0360 165 109 140
-2.5625 18.5000 1.8740 243 115 117
-19.5000 -23.5000 0.0350 186 162 38
-10.8750 19.5000 7.2780 54 138 228
11.5000 -0.5000 4.2300 107 135 191
21.3750 -26.0000 4.9260 92 217 189
-13.4375 -23.5000 0.0370 190 149 47
-7.3750 11.0000 1.4970 220 85 162
-20.0000 10.0000 2.0540 189 209 72
16.8125 -22.0000 2.6820 173 235 109
-7.4375 10.5000 1.4970 221 84 161
9.2500 -8.0000 2.0990 184 178 67
3.0000 -5.5000 1.0510 167 125 193
-8.0625 5.5000 1.1750 187 75 243
-12.4375 0.5000 0.0360 154 85 123
15.7500 3.0000 2.7280 199 167 109
-22.0625 6.5000 1.1350 184 77 232
4.4375 -2.5000 1.1150 180 47 207
-11.1250 13.5000 4.4270 94 169 254
-9.2500 2.5000 1.0300 172 145 198
18.5000 11.5000 2.5310 198 159 86
23.2500 14.0000 2.2400 201 159 25
0.1250 18.0000 1.8500 252 73 119
-23.8125 2.0000 0.0310 163 94 122
18.8750 18.0000 2.6930 176 204 127
-23.5625 8.5000 1.1930 176 76 227
17.6250 -12.5000 3.8890 158 187 181
-4.1875 -21.0000 0.0360 165 132 69
20.9375 -9.0000 3.5430 196 171 169
-4.0625 20.5000 7.3490 62 114 221
-23.4375 15.0000 1.7950 228 137 85
19.8125 -9.0000 3.5430 187 193 164
-3.3750 15.0000 1.6080 234 64 155
-7.0000 1.5000 0.9830 165 133 198
19.6875 -1.5000 3.0120 196 188 145
12.5000 3.0000 2.8340 191 168 134
-14.5625 19.0000 7.2430 62 139 230
-1.6875 5.5000 1.2300 185 56 201
-7.5000 -11.5000 0.0560 180 129 49
16.1875 -5.5000 3.2310 207 193 134
12.9375 -6.5000 3.4970 155 182 158
16.1250 -3.5000 3.0410 194 186 126
-20.1250 9.5000 1.2410 194 70 196
-14.7500 -24.0000 0.0330 179 144 64
2.0000 14.0000 1.8690 233 109 103
19.8125 -11.0000 3.6590 190 176 173
-7.1875 -12.5000 0.0310 159 130 43
17.0625 11.5000 2.3540 209 142 67
-20.6250 -24.5000 0.0270 193 138 35
16.8125 17.5000 2.3730 207 181 103
1.8750 -1.0000 1.0640 161 102 202
-1.3125 -4.5000 0.0420 170 126 74
21.5625 9.5000 3.7240 126 157 182
18.1875 15.0000 2.4200 197 172 78
-6.8125 -3.5000 0.1510 184 171 93
-25.3125 -12.0000 0.0410 185 142 72
15.5625 8.0000 2.4800 216 159 73
12.2500 -17.0000 2.5610 156 197 124
-18.3125 19.5000 7.7190 56 119 231
9.0000 -14.5000 1.0740 183 78 209
-2.9375 1.0000 0.4860 165 107 171
-19.4375 21.5000 7.3150 69 132 224
-1.1875 3.5000 1.1160 180 50 206
-1.0625 2.5000 1.1220 176 129 201
9.3750 -3.0000 3.7350 112 170 213
-25.3750 11.0000 2.1620 167 202 112
-9.3750 14.0000 3.2230 116 233 243
-2.9375 1.0000 0.5120 165 108 173
-6.3125 10.0000 1.3440 197 76 187
4.0000 7.0000 1.4660 234 47 149
-4.5000 10.0000 1.3480 221 43 197
23.1250 -19.0000 4.3480 161 167 173
-4.8750 3.0000 1.1070 190 124 208
-13.4375 -25.0000 0.0390 190 129 58
17.4375 6.5000 2.6140 212 169 115
-19.3750 -8.5000 0.0480 181 145 60
11.8750 4.5000 2.7420 184 187 135
5.1875 -13.0000 1.0760 185 128 178
12.3750 6.5000 2.4860 204 154 91
-7.0625 -1.5000 0.6730 175 205 91
21.1250 1.5000 2.9760 196 179 120
14.8125 -22.5000 1.1420 204 84 178
-11.6875 6.5000 1.1440 181 63 241
-8.4375 12.5000 3.3230 120 226 245
-20.5000 0.0000 0.4590 184 162 127
-21.8125 14.5000 5.3860 61 149 248
-10.1250 11.0000 2.0460 188 218 88
14.3125 11.5000 2.3460 216 146 83
2.4375 -6.5000 0.1030 156 96 115
-12.6250 -5.0000 0.0360 166 133 94
16.8125 -14.0000 4.0050 144 181 175
13.4375 13.0000 2.3270 215 153 99
0.3750 9.5000 1.5700 221 62 141
5.1875 20.0000 2.2200 218 150 98
-13.1250 10.0000 2.0130 190 201 101
9.7500 18.5000 2.0920 242 132 87
-24.5625 6.0000 1.0980 179 97 215
-0.6875 13.5000 1.6970 236 70 135
-16.6875 19.5000 7.2860 54 125 234
-13.0000 15.5000 4.6530 86 166 254
-9.5000 5.0000 1.1500 185 74 221
-3.0625 20.5000 1.7270 243 108 143
5.0000 -23.0000 0.0340 164 99 115
-2.6250 2.5000 1.0790 177 103 213
-4.8125 1.5000 1.0400 177 166 193
3.8125 2.5000 1.1320 186 33 214
20.6250 19.0000 1.4650 237 78 95
0.3125 -5.5000 0.0380 148 122 113
4.6250 -12.5000 1.0480 179 131 181
5.6250 -28.0000 0.0360 159 87 89
12.6250 -7.5000 3.0150 164 195 140
13.2500 -1.5000 3.1210 177 188 147
8.9375 0.0000 2.2090 181 172 69
18.3125 -9.0000 3.4550 194 198 153
2.6875 -27.0000 0.0300 164 132 79
-24.3125 -24.5000 0.0370 180 126 59
14.1875 -9.0000 3.2650 171 212 149
-10.5625 -14.5000 0.0370 189 150 51
18.5000 3.0000 2.7960 203 164 108
9.3125 5.5000 2.6530 178 188 126
10.1875 10.5000 2.4560 193 169 99
-18.0625 -17.5000 0.0400 186 169 54
-16.8750 -24.0000 0.0320 175 147 50
6.0000 -2.0000 1.1240 181 55 197
-25.3125 -12.0000 0.0410 185 142 72
-25.8125 -14.0000 0.0300 183 138 62
5.6875 6.5000 1.9030 214 142 70
-20.1875 -24.5000 0.0380 193 136 35
15.0000 13.5000 2.2910 219 148 89
6.5000 -4.0000 1.1460 191 47 175
-14.7500 12.0000 1.4340 208 97 175
15.3125 -15.5000 3.2090 190 212 136
14.4375 14.5000 2.2570 218 140 90
1.5000 -13.0000 0.0360 176 115 88
-22.8750 -18.0000 0.0370 199 128 67
0.5625 5.5000 1.2530 192 54 209
19.1875 -22.5000 2.7450 173 252 116
-10.5000 15.0000 1.7370 233 133 119
14.2500 7.5000 2.4750 211 160 75
-10.2500 -21.5000 0.0420 180 140 56
11.6250 16.0000 2.1950 227 149 79
20.7500 -12.0000 3.7710 192 179 181
11.1875 11.5000 2.2550 208 150 72
-1.0625 1.5000 1.0720 174 131 201
20.0625 18.0000 2.7580 162 230 140
0.9375 3.0000 1.1280 184 78 200
-15.3750 7.0000 1.1890 185 80 234
-10.7500 18.0000 7.2940 58 137 224
10.0000 1.0000 2.4400 195 174 64
-20.3750 11.5000 2.3070 156 229 102
-1.2500 -11.5000 0.0410 175 125 103
17.5625 17.5000 2.4050 197 178 86
-21.1250 -24.0000 0.0320 181 130 41
-13.3125 -25.5000 0.0300 191 128 57
0.4375 14.5000 1.7680 245 76 135
4.1250 -14.0000 0.0440 167 102 118
20.0000 -3.0000 3.1560 199 190 137
15.8750 -24.0000 1.1160 203 97 168
-12.3125 16.5000 7.2730 64 126 211
16.5625 5.0000 2.6730 207 165 108
-1.4375 7.0000 1.3380 201 58 195
21.6250 -25.0000 4.9410 92 213 195
-18.6875 16.5000 5.3190 71 155 254
-17.0000 20.0000 7.2790 55 124 236
-20.8750 14.0000 3.3740 115 231 244
-22.8750 -8.0000 0.0430 191 128 81
-1.5000 7.5000 1.3640 205 60 192
9.3125 -15.5000 1.1080 198 74 187
-22.7500 13.5000 3.1960 115 252 214
-10.8125 -10.0000 0.0270 163 147 60
6.8750 -20.5000 1.0450 164 183 168
-23.2500 -11.0000 0.0370 189 134 68
-19.1250 19.5000 7.3820 50 126 232
-19.6875 9.0000 1.2390 204 74 205
12.1875 -11.0000 2.9660 146 215 156
13.8125 -28.0000 1.0780 177 85 177
20.8125 16.5000 2.7840 168 224 141
-22.5000 15.0000 4.4610 86 164 248
12.1250 16.5000 2.2040 223 144 83
6.2500 -5.0000 1.1450 187 44 180
16.3750 -14.5000 4.8510 108 147 168
-15.8750 21.5000 7.3030 80 134 210
12.1875 6.5000 2.5250 200 159 98
17.6875 18.0000 2.3620 203 180 84
13.2500 6.0000 2.4610 225 158 84
-7.3125 2.0000 1.0460 170 131 203
9.2500 19.5000 2.1020 238 131 85
-20.5000 1.0000 0.6120 178 160 148
21.7500 -2.5000 3.1170 198 171 137
-21.1875 -21.0000 0.0350 196 143 38
-19.4375 9.0000 1.1570 196 75 218
0.2500 9.5000 1.5420 222 56 150
-21.9375 13.5000 2.7840 137 249 168
13.7500 16.0000 2.2080 227 145 78
21.5625 4.5000 2.9970 177 190 151
-2.0000 -18.0000 0.0410 164 128 105
-12.0000 1.0000 0.0340 149 91 147
7.3750 -1.5000 1.4770 226 61 108
8.3125 -2.0000 1.7870 223 132 65
17.4375 -23.5000 1.0750 206 90 144
10.3125 4.0000 2.7290 179 192 133
-7.5625 -0.5000 0.0330 152 120 116
-16.3750 18.5000 7.2880 56 128 231
-14.5625 -11.0000 0.0430 182 140 65
12.6250 -13.0000 2.6900 169 229 124
-19.6875 -7.5000 0.0400 190 126 59
16.7500 -21.0000 2.9110 166 238 133
-13.9375 5.5000 1.1100 178 106 217
12.6875 16.5000 2.1980 229 145 72
6.7500 -19.0000 1.0600 164 147 180
-10.5000 13.0000 1.6510 232 126 129
1.4375 2.0000 1.0720 182 84 217
-24.1250 17.5000 7.4660 52 138 217
16.3125 -6.5000 3.4510 198 193 162
12.7500 -0.5000 3.1080 156 193 141
-20.0000 1.0000 0.0380 175 120 116
-14.3125 11.5000 1.8530 211 161 92
-9.9375 -27.0000 0.0430 175 137 61
20.4375 9.5000 2.6760 181 204 107
6.6875 14.0000 4.1150 106 144 210
-26.0625 -10.5000 0.0350 173 151 80
6.5000 -20.0000 1.1870 169 179 172
20.5000 -26.0000 5.9780 73 194 173
-1.1250 13.0000 1.6460 237 58 142
-23.8125 0.5000 0.0350 164 92 115
-4.3750 4.5000 1.0890 189 70 238
1.7500 -19.0000 0.0340 154 103 90
19.3125 13.0000 2.5320 192 193 92
-7.7500 -24.5000 0.0320 186 127 70
17.7500 13.0000 2.4710 199 175 89
17.9375 14.0000 2.3900 200 169 78
14.5625 -13.0000 4.5140 101 141 161
-18.5625 -27.0000 0.0410 177 129 30
19.0000 9.5000 2.6350 189 175 96
-18.8750 -9.0000 0.0330 180 143 56
12.2500 11.0000 2.3020 206 155 74
-9.0625 -15.0000 0.0430 168 131 56
-24.6250 8.5000 1.2010 189 70 221
3.1250 -3.5000 1.0540 165 104 198
6.5625 14.5000 3.6540 127 163 210
0.0000 8.0000 1.3980 220 40 168
-13.5000 4.0000 1.0920 181 118 204
7.5625 -1.5000 1.7370 225 119 73
-11.6250 9.5000 1.3510 210 76 175
-2.4375 -17.5000 0.0420 170 116 103
6.3125 -2.5000 1.1150 184 38 180
10.5625 -2.5000 4.6150 99 121 189
-25.0625 -27.5000 0.0410 172 131 57
-6.0625 -8.0000 0.0300 159 137 73
11.1250 -5.0000 2.7820 167 197 122
23.1875 9.5000 1.9680 230 121 8
17.8750 6.0000 2.5760 215 148 95
20.7500 -13.0000 3.8790 183 178 186
12.1875 19.5000 2.1190 236 134 81
-21.3125 21.0000 7.2940 59 145 213
-23.5000 2.5000 0.0310 161 97 124
22.1875 13.5000 1.6890 254 74 24
15.6875 -12.0000 3.5070 169 202 134
16.0000 13.5000 2.2770 213 154 69
1.5625 14.5000 1.8370 232 97 112
-25.6250 16.0000 2.7510 136 236 204
-19.2500 3.5000 1.0580 175 141 193
8.6875 -12.0000 1.1200 190 62 176
-15.5000 5.0000 1.1310 184 97 212
13.9375 5.5000 2.5440 222 162 93
8.2500 -13.5000 1.1170 190 64 191
-21.2500 -4.5000 0.0390 175 114 99
9.4375 -2.0000 2.5560 167 201 121
11.5000 18.5000 2.1270 240 141 78
-8.8750 -14.5000 0.0400 166 130 57
16.6875 -6.0000 3.2040 209 200 128
13.6875 22.0000 2.0650 226 110 90
-11.6250 -26.5000 0.0340 195 131 57
14.8750 5.0000 2.6080 221 170 102
-12.2500 -23.5000 0.0460 187 130 63
14.8750 -24.5000 1.1060 197 81 209
3.6250 -3.5000 1.0940 173 63 226
13.3125 -20.0000 2.6160 172 212 133
-19.5000 -14.0000 0.0360 191 138 56
13.1875 -7.0000 3.8860 150 165 188
-17.9375 18.0000 7.2820 55 130 233
4.1875 -16.0000 0.0330 167 103 113
-0.5625 10.5000 1.5860 233 81 155
-23.4375 -10.0000 0.0330 186 136 74
-0.3750 8.5000 1.4700 225 47 171
10.3750 4.5000 2.7780 177 194 145
20.3125 10.5000 2.6670 181 204 108
-10.4375 -20.0000 0.0350 172 146 44
4.3125 5.5000 1.3040 204 49 175
19.5625 20.5000 2.8180 153 225 147
-25.2500 -24.0000 0.0310 187 137 51
22.8750 -25.0000 4.7210 107 203 182
16.8125 -17.0000 3.5570 181 211 149
-0.5625 -10.0000 0.0380 173 115 103
-17.3125 19.5000 7.3060 54 126 239
-10.1250 15.5000 1.6870 237 124 124
-4.6875 12.0000 1.4610 229 56 178
15.8125 -27.5000 1.0480 182 105 182
-3.3750 21.5000 7.3330 78 118 222
1.7500 19.5000 1.9730 246 111 83
12.4375 -10.0000 3.4670 125 201 190
19.3750 -25.5000 1.0610 190 167 147
3.0000 17.0000 2.0040 234 119 95
6.6250 2.0000 1.3770 210 59 138
17.0625 -25.5000 1.4210 234 136 117
-16.0625 11.5000 1.5320 212 105 139
3.6250 8.5000 1.5820 227 75 146
-21.6875 21.5000 7.2610 61 146 214
-21.0625 21.0000 7.2310 61 144 212
-11.7500 6.0000 1.1780 179 77 232
19.7500 -5.5000 3.2880 208 190 146
15.3125 -9.5000 3.6740 166 205 165
8.5000 -3.0000 2.4280 162 196 108
-3.2500 -19.0000 0.0360 178 118 76
-0.8750 -18.5000 0.0420 167 121 99
20.3750 -18.0000 4.1100 154 196 205
-6.8750 19.0000 7.3400 58 136 221
4.8750 17.5000 2.1470 215 149 86
-14.0000 6.5000 1.1940 187 74 228
-18.1875 4.0000 1.0970 172 162 205
-18.7500 -9.5000 0.0330 187 142 56
-19.1875 9.5000 1.2270 189 76 190
7.4375 -11.0000 1.1110 193 57 178
-17.8750 5.5000 1.1190 184 116 217
16.9375 -7.0000 3.2950 209 214 151
-16.1250 -7.5000 0.0370 165 121 63
23.3125 -17.0000 4.1730 168 173 177
-5.0000 16.5000 1.6170 235 88 122
18.0000 5.5000 2.6130 212 153 100
-13.0000 5.5000 1.1440 180 88 214
-11.5000 19.0000 7.2720 55 138 230
-5.7500 13.5000 1.6230 229 86 148
4.3750 -24.5000 0.0400 169 121 97
21.3125 -19.0000 4.2790 145 187 197
-16.5000 -23.5000 0.0350 183 160 42
-20.4375 12.0000 4.3140 79 180 236
-24.6875 -22.0000 0.0310 194 147 57
13.6875 0.5000 3.0250 178 189 144
11.5625 12.0000 2.2550 215 144 69
-0.6875 16.0000 1.7400 251 69 144
-10.7500 -27.0000 0.0330 193 127 54
-1.8750 -18.0000 0.0370 165 126 104
0.1875 5.5000 1.2340 189 55 215
6.6250 3.0000 1.7270 221 103 80
-21.8750 -20.5000 0.0390 195 145 45
6.5000 -14.0000 1.0430 175 90 182
12.3750 -10.0000 3.1410 138 213 168
-16.9375 7.5000 4.8910 67 158 254
16.3750 10.0000 2.4430 206 157 77
-24.0625 -21.0000 0.0350 190 146 59
-11.0625 12.0000 2.6830 140 243 179
9.8125 -24.0000 1.0770 193 101 190
-15.3125 8.0000 1.1950 183 87 205
-3.8125 0.0000 0.0310 164 118 127
-25.1250 20.0000 7.3710 63 129 220
-20.5625 8.5000 1.1880 199 64 229
-12.4375 -4.0000 0.0530 166 125 90
-5.1875 -17.0000 0.0340 164 153 68
1.5625 2.5000 1.1180 186 82 216
-12.1875 4.0000 1.1080 167 104 220
20.6875 -24.0000 4.8210 95 208 208
-25.1250 6.5000 1.1240 177 96 220
7.0000 -18.5000 1.0490 163 145 182
17.1250 -8.5000 3.4150 200 205 157
11.2500 11.0000 2.2430 212 155 67
4.4375 13.5000 1.9790 221 136 74
0.1250 -16.0000 0.0350 160 110 89
-19.2500 7.0000 1.1710 200 67 218
21.4375 -0.5000 2.9780 203 175 124
11.1250 21.5000 2.1040 224 116 97
14.1875 -23.5000 1.0990 197 82 187
8.6875 -25.0000 1.0580 180 191 140
6.3125 10.5000 2.4000 178 189 101
19.4375 -11.0000 3.6250 192 174 171
8.1875 -11.5000 1.1000 193 59 171
-24.1250 1.0000 0.0330 164 93 117
-16.0000 15.0000 1.7500 228 133 119
7.1875 13.0000 4.2570 111 133 208
13.6875 -19.0000 2.8740 153 223 172
-23.3750 -27.5000 0.0350 179 117 52
-4.3750 15.0000 1.7010 234 105 109
13.8750 -3.0000 3.2110 172 192 152
-6.2500 -9.5000 0.0360 168 147 60
-20.5000 15.0000 4.4600 81 170 254
-1.6250 -11.0000 0.0380 176 126 105
10.7500 -4.0000 4.5070 88 134 203
7.3125 21.0000 2.1900 218 136 107
-25.1250 17.5000 7.5280 57 137 219
7.5000 -24.5000 0.0360 162 37 121
7.7500 5.5000 2.4630 175 194 109
-4.5625 -12.0000 0.0420 167 139 73
12.4375 13.5000 2.2990 214 156 89
-10.6875 17.5000 7.3780 57 137 233
-14.3750 14.0000 3.2370 119 239 252
5.3750 0.5000 1.1340 188 40 195
22.2500 2.0000 3.1490 179 165 133
-20.8125 10.5000 2.2440 166 228 97
17.4375 8.5000 2.4730 213 145 89
5.3750 2.5000 1.2030 189 56 189
-25.8750 7.5000 1.1550 179 72 223
12.2500 18.0000 2.1510 229 133 76
-22.8750 9.5000 1.2220 202 52 210
22.3750 -22.0000 4.5530 126 175 187
-23.1250 -3.0000 0.0330 158 116 83
10.8125 -4.5000 2.8830 157 201 148
12.6875 6.5000 2.4420 209 148 84
-21.8750 -19.0000 0.0340 218 142 50
14.7500 -18.5000 2.9890 145 217 171
-5.0000 7.5000 3.3140 112 226 254
-23.5000 20.5000 7.3210 56 133 219
21.8125 19.0000 1.3820 224 82 108
-20.8125 -17.5000 0.0370 191 127 51
0.1875 0.5000 2.8920 137 241 199
21.3750 2.5000 3.0390 179 181 144
11.7500 6.5000 2.6550 192 182 129
13.0625 21.5000 2.0580 231 112 85
11.8750 -13.0000 2.9940 136 223 182
-3.8750 6.0000 3.3060 116 221 254
-15.8125 -3.5000 0.0340 182 133 93
-3.6250 -16.0000 0.0410 162 143 64
-15.5625 16.5000 7.3380 61 130 216
15.9375 -24.5000 1.0920 195 113 182
-18.6250 -8.5000 0.0380 177 132 51
11.3125 10.0000 2.2880 211 162 68
-7.5000 14.5000 3.0320 141 231 236
-14.6250 -16.5000 0.0330 189 157 54
-7.0000 -12.5000 0.0380 159 130 43
20.5625 2.0000 2.8390 204 177 103
0.5625 -5.5000 0.0310 149 120 113
21.5000 -22.0000 4.4810 124 185 200
19.0625 7.5000 2.5340 198 174 76
11.0625 -20.5000 1.1210 199 76 169
5.2500 -19.5000 0.0330 159 126 88
5.8125 -14.0000 1.0820 185 131 169
20.9375 -26.5000 5.0380 89 216 185
11.1250 -24.5000 1.0570 181 81 211
-3.0625 15.5000 1.6330 238 61 150
-21.8125 17.5000 7.3860 51 131 226
17.5000 -12.5000 3.9430 154 183 184
-21.1250 -0.5000 0.5740 183 184 115
-22.1250 -7.0000 0.0390 185 125 79
9.5625 -14.0000 1.1260 193 56 180
5.6875 -22.5000 0.0390 164 95 116
5.5000 18.0000 2.1450 226 144 82
11.6250 -15.5000 2.6100 150 222 138
-10.9375 -12.5000 0.0420 183 158 59
-22.8125 -16.5000 0.0290 181 126 39
14.0000 -11.0000 3.1610 172 224 144
1.5000 19.0000 1.9370 253 100 81
19.9375 14.5000 3.6420 128 192 197
17.6875 -12.5000 3.9340 155 184 183
-2.0000 13.5000 1.6220 235 50 151
6.1875 18.5000 2.1840 218 138 94
22.1875 -3.0000 3.1720 195 169 138
7.6250 -17.0000 1.0720 175 110 201
-5.6875 -2.0000 0.0400 151 131 114
4.1875 7.5000 1.4840 236 48 147
-8.4375 7.5000 1.2240 199 68 243
13.0625 11.0000 2.3450 215 148 87
18.1875 -20.5000 3.1540 171 225 137
12.8750 -2.5000 4.3000 127 109 179
0.0625 -7.0000 0.0300 162 139 81
1.2500 6.5000 1.3640 216 40 173
11.3750 -8.5000 2.5470 169 204 102
22.5000 -23.5000 4.6280 126 176 189
-18.9375 13.5000 3.4830 113 220 239
9.6250 0.0000 2.8010 161 193 145
-22.8125 -3.0000 0.0380 165 111 91
-10.6875 11.5000 2.5310 145 241 158
8.5000 18.0000 2.1150 229 137 83
-0.7500 5.0000 1.1360 180 50 209
-20.1875 16.0000 5.5600 63 153 248
-4.1250 2.0000 1.0630 179 164 188
-4.5625 -15.0000 0.0410 159 154 69
-8.5000 -9.5000 0.0240 175 134 61
-10.1875 -23.0000 0.0320 183 132 53
-0.2500 19.0000 1.8690 248 105 108
22.8125 -15.0000 4.0090 183 152 172
19.8750 3.5000 2.7700 200 187 119
-21.5625 -14.5000 0.0350 183 142 62
17.8750 20.5000 2.3560 189 179 84
-7.5000 12.0000 1.6270 232 111 137
-18.9375 -10.0000 0.0370 178 124 57
-5.5000 -8.5000 0.0450 155 138 85
-16.6875 0.5000 0.0370 172 104 126
-3.1875 5.5000 1.1970 182 73 208
-17.9375 12.0000 3.1710 116 234 227
10.3125 0.0000 2.6990 172 198 124
17.7500 8.5000 2.4770 205 153 79
4.2500 -5.0000 1.0680 178 67 223
17.8750 -23.0000 2.5590 178 235 83
15.2500 -6.0000 3.4640 193 171 144
3.4375 -24.5000 0.0390 182 138 98
-3.5625 19.5000 7.1450 59 121 224
15.3125 -2.0000 2.9820 194 176 114
-20.5625 9.0000 1.2230 190 59 213
-14.6875 1.0000 0.0410 160 98 115
14.6875 19.0000 2.1120 240 139 68
-18.6875 -24.5000 0.0350 190 163 46
-11.0000 -12.0000 0.0340 180 158 59
-16.5625 -12.0000 0.0380 198 154 36
-5.5625 7.5000 1.2350 187 59 235
1.1250 -16.0000 0.0440 165 104 86
13.2500 -18.5000 2.9240 148 218 179
-20.6875 17.5000 7.3130 46 134 222
0.0625 -13.5000 0.0410 156 101 98
12.3750 -28.0000 1.0750 179 88 189
-20.5000 16.0000 4.4300 82 171 254
-23.1250 10.5000 2.1520 172 210 94
-1.0000 19.5000 1.8850 247 116 108
1.1875 -11.5000 0.0350 174 119 89
11.5625 -2.5000 4.7140 98 116 176
4.8125 -8.0000 1.0640 173 87 194
-0.4375 7.5000 1.3940 204 64 181
-10.5000 -2.5000 0.0390 178 94 107
-9.3125 -6.0000 0.0350 183 144 81
-26.1875 13.0000 2.4280 149 206 148
0.1250 -3.5000 0.0380 171 106 86
-11.8750 -8.0000 0.0480 189 148 80
5.2500 15.0000 2.0470 228 141 70
-20.0000 6.0000 1.1600 188 99 214
11.8750 -1.0000 4.5710 100 120 185
23.0000 -10.5000 3.6890 193 159 140
15.5000 -28.0000 0.0620 175 82 154
11.7500 -15.0000 2.9170 140 220 163
9.8750 7.5000 2.6410 186 182 135
13.9375 -17.5000 2.9930 174 205 132
13.1250 6.5000 2.4500 213 150 73
7.1250 -22.0000 1.0880 163 195 163
19.7500 13.0000 3.7970 122 164 202
-25.8125 21.0000 7.3800 77 123 214
7.8750 17.0000 2.1630 221 157 88
-24.0000 -20.0000 0.0350 204 136 65
-3.6250 19.5000 6.3150 69 134 239
6.7500 19.5000 2.1520 229 139 94
22.3750 17.0000 1.3670 222 62 89
-24.8125 12.5000 2.3990 161 231 117
-1.8125 -15.0000 0.0410 169 118 101
-13.9375 -11.0000 0.0360 184 134 63
18.0625 -15.0000 4.1270 146 177 164
-16.3125 -17.0000 0.0380 179 147 46
19.5000 17.0000 2.7310 170 216 138
-16.3750 13.0000 3.2260 119 234 242
-5.5625 -25.5000 0.0360 185 129 74
4.6875 0.0000 1.1260 181 42 205
20.8125 3.5000 2.9570 183 193 149
12.9375 -27.5000 1.0730 179 84 187
-7.3125 18.5000 7.3290 57 139 224
10.1250 -6.5000 4.6050 97 143 199
-21.0625 -24.0000 0.0350 187 144 40
3.5000 -2.0000 1.1080 176 46 213
-19.3125 21.5000 7.2800 70 132 224
-25.6250 11.5000 2.1320 172 202 110
21.1250 8.5000 2.7680 175 194 114
-26.0625 -10.5000 0.0320 173 151 80
-11.2500 2.5000 1.0520 169 165 160
4.8750 -13.0000 0.1600 166 98 132
-25.8125 16.0000 2.7870 137 227 202
11.1875 -17.0000 1.1350 201 62 155
9.0000 13.0000 2.3930 197 182 98
5.6875 -2.5000 1.1170 181 53 199
-16.8125 0.0000 0.0310 172 131 119
11.6250 -24.0000 1.0960 184 82 208
11.1875 -21.0000 1.1080 194 78 173
-7.9375 -18.5000 0.0390 182 148 49
14.5625 20.0000 2.1040 237 135 72
4.8125 3.0000 1.1610 196 45 193
-1.6875 -14.5000 0.0410 156 106 105
-7.0000 14.0000 1.6380 230 112 137
-13.4375 -18.0000 0.0330 185 148 51
11.9375 -27.0000 1.0750 179 87 195
-8.5000 20.5000 7.2970 63 134 224
-12.9375 -1.5000 0.0410 176 115 116
-13.9375 17.0000 7.2760 53 122 225
-13.9375 2.5000 0.7920 165 180 165
16.7500 -11.0000 3.7910 172 196 180
14.8125 -17.0000 3.3250 157 206 149
-23.9375 -17.5000 0.0380 183 130 56
23.4375 1.0000 3.2280 184 146 130
10.3125 -6.0000 2.5000 168 197 114
12.2500 20.0000 2.1340 232 134 77
-18.9375 21.0000 7.5540 63 131 222
2.4375 -2.0000 1.0640 163 104 192
17.5625 2.0000 2.7970 204 177 113
-4.5000 -28.0000 0.0210 165 131 60
-3.8125 -4.0000 0.0430 177 110 94
-17.1250 15.0000 4.4900 94 166 254
3.6250 -14.0000 0.0390 165 108 116
-25.8750 -2.5000 0.0360 166 113 111
16.5625 1.0000 2.8730 199 182 127
7.3750 13.5000 4.2020 114 135 211
-4.5625 12.0000 1.4380 227 54 182
11.1250 6.5000 2.6750 189 187 134
17.1250 19.0000 2.3400 204 184 81
-5.3125 -5.0000 0.0470 178 124 98
-19.5000 19.5000 7.4230 48 126 233
-22.4375 -5.5000 0.0310 181 126 76
2.1250 15.0000 1.8940 236 94 100
-19.3125 11.5000 3.9680 92 183 245
17.5625 -19.0000 4.2140 121 179 204
-22.5000 4.0000 0.0810 169 102 145
-8.4375 15.0000 5.4940 79 154 250
15.6875 -9.0000 3.6360 176 191 144
11.0000 8.0000 2.5650 195 183 122
-3.5625 -16.5000 0.0340 163 142 63
-24.8125 13.5000 3.5910 105 226 234
-22.4375 6.0000 1.1390 176 125 205
-3.3750 18.0000 1.8390 233 134 115
4.8125 14.5000 2.0290 209 143 79
8.1250 -22.5000 1.0520 170 179 164
-24.5000 1.0000 0.0400 163 95 119
-16.1875 4.0000 1.0880 177 159 195
-6.2500 -25.0000 0.0270 176 127 67
7.1250 2.5000 1.7430 225 106 78
17.7500 5.5000 2.6220 210 158 100
13.0625 -2.5000 3.1960 173 187 155
-13.7500 19.0000 7.2940 59 138 230
3.0625 -16.5000 0.0410 167 104 83
7.0625 -15.0000 1.0700 174 105 197
-12.3125 -5.5000 0.0480 166 133 91
16.5000 -23.0000 2.6010 176 227 99
-2.6250 13.5000 1.6230 230 50 156
8.8125 -12.0000 1.1230 190 63 175
8.6875 -3.0000 2.3630 167 194 97
11.5625 12.0000 2.2740 213 146 70
6.7500 -4.0000 1.1380 192 47 175
-25.1250 5.0000 1.0920 175 103 207
10.3750 5.0000 2.7670 177 191 144
-9.1875 15.5000 7.3290 65 123 218
-23.0000 4.5000 1.0830 187 132 195
-9.7500 -15.0000 0.0350 180 130 41
12.6875 17.5000 2.1950 230 146 90
9.3125 2.5000 2.7840 157 200 144
14.3750 -16.5000 3.1560 167 210 143
-20.4375 20.5000 7.2750 51 124 233
-16.6875 0.0000 0.0390 172 132 118
-15.3125 4.0000 1.0670 177 134 196
22.6250 -13.5000 3.9080 188 162 160
19.2500 -17.5000 4.3280 142 188 192
15.6250 -18.5000 4.4190 106 164 191
12.8125 -0.5000 3.0050 164 194 127
7.7500 9.0000 2.2490 202 166 73
-0.6875 8.5000 1.4530 225 44 174
-19.8125 -9.0000 0.0390 182 146 61
-21.5000 -3.5000 0.0300 155 105 100
-14.5625 16.0000 7.5830 53 117 221
2.3125 -6.0000 1.0550 170 145 187
1.1875 17.5000 1.9040 253 84 103
-21.5625 -27.0000 0.0420 184 131 37
14.9375 -2.5000 3.1980 178 182 146
-3.0000 -15.5000 0.0310 177 129 106
4.8125 -13.5000 4.1120 94 206 235
-16.2500 19.5000 7.2830 56 125 231
5.1875 1.5000 1.1360 189 40 201
8.1250 4.0000 2.2150 196 186 69
-12.3125 13.0000 1.7380 220 141 117
-13.5000 2.0000 0.7520 167 180 161
-17.9375 -19.0000 0.0410 190 158 44
9.6250 -26.0000 1.0580 171 135 180
-26.3750 5.0000 0.0800 159 89 146
-8.6250 21.5000 7.3350 74 136 210
21.4375 4.0000 2.9720 180 190 148
-24.3125 14.5000 1.7050 227 112 91
-3.3750 -0.5000 0.0340 162 120 123
-18.5000 21.5000 7.4970 66 129 220
12.1250 -3.5000 3.8410 126 158 187
-21.3125 22.0000 7.3040 62 143 213
11.3125 -27.5000 1.0380 165 92 180
5.0625 15.5000 2.0840 226 151 71
17.0000 -9.0000 3.6190 185 209 172
11.2500 13.5000 2.2240 223 157 77
-25.0625 -21.0000 0.0290 190 133 68
6.4375 14.0000 3.9750 109 151 211
4.3125 9.5000 1.6780 241 63 93
-24.1875 -11.5000 0.0260 185 139 68
22.9375 -27.0000 4.8320 112 203 150
14.3125 15.5000 2.2190 227 145 77
13.6250 -20.5000 1.1690 211 71 143
10.4375 14.5000 2.1660 229 153 75
-3.5000 -2.5000 0.0330 159 140 99
20.5625 -23.0000 4.7740 109 187 195
-12.3125 -9.0000 0.0390 176 135 84
6.1250 15.0000 2.1590 201 154 75
18.6875 21.0000 2.6380 158 208 131
-13.6875 -7.5000 0.0320 183 122 89
-6.1875 11.0000 1.3780 217 63 188
-6.6875 20.0000 7.3340 61 132 218
-6.2500 19.5000 7.3380 58 149 229
9.6875 -4.5000 4.2540 95 135 208
1.3125 3.0000 1.1300 186 76 198
8.1250 -26.0000 0.6410 180 158 133
3.6250 17.5000 2.0700 237 134 94
-0.2500 -10.5000 0.0370 173 116 99
12.5000 11.0000 2.2990 219 151 61
-25.8125 10.0000 1.2610 185 74 219
-17.5625 -8.5000 0.0410 166 128 59
-20.2500 -22.5000 0.0320 189 136 27
-13.6250 15.0000 3.4240 122 224 249
15.4375 10.0000 2.3980 217 151 83
21.0000 -1.0000 3.0200 198 188 139
-4.6875 18.5000 3.1470 140 234 254
16.5000 -23.0000 2.5300 180 224 86
-9.1875 -15.0000 0.0300 173 131 39
-2.6250 -20.5000 0.0420 164 135 82
15.2500 -16.0000 3.1590 169 203 128
-11.8125 13.5000 5.3430 76 153 253
0.5625 4.0000 1.1720 180 47 222
14.7500 22.0000 2.2140 210 138 86
-21.6875 8.5000 1.1910 182 57 219
17.4375 -2.5000 3.0430 186 182 131
16.4375 4.0000 2.7060 202 171 111
-24.5000 -24.5000 0.0410 180 126 59
-17.6875 21.0000 7.2470 63 120 232
-17.8750 -10.5000 0.0370 190 154 52
-21.3125 -25.5000 0.0340 195 142 36
-6.3750 -2.0000 0.0400 158 135 116
2.5000 -2.0000 1.0790 164 104 190
12.6875 -2.0000 4.4310 123 103 179
6.9375 6.0000 2.3650 184 189 94
-14.6250 -18.0000 0.0360 182 154 58
-19.5625 -27.0000 0.0360 178 133 28
4.9375 17.0000 2.1250 221 152 80
15.1875 0.0000 2.8270 204 164 101
22.3750 -10.0000 3.6700 194 169 147
22.1250 14.0000 6.6290 83 100 132
21.0625 4.0000 2.9510 183 195 148
11.6875 -4.0000 2.7470 172 193 106
-23.6250 -2.5000 0.0410 180 96 103
-18.6875 14.5000 5.0730 73 150 254
-9.2500 14.0000 1.7420 226 136 127
18.6250 10.5000 2.5910 198 166 100
-8.8750 -23.5000 0.0380 180 129 76
-12.2500 11.0000 1.4000 208 91 164
9.9375 1.5000 2.6620 180 195 114
-12.0625 11.5000 1.4070 202 94 180
9.6875 4.0000 2.5010 174 173 97
-18.8750 8.0000 1.2120 192 87 205
-21.8750 -3.5000 0.0330 176 106 75
9.3125 -2.0000 2.4380 175 197 102
1.8750 -8.5000 0.0380 160 95 100
-1.9375 5.0000 1.1690 181 52 210
10.9375 -4.5000 2.8140 164 199 131
10.4375 20.0000 2.1490 231 141 91
-5.5000 10.5000 1.3680 220 44 195
-1.9375 10.5000 1.5280 238 61 178
-21.3125 8.5000 1.2210 186 59 215
12.3750 -4.5000 2.8460 168 189 110
7.8125 -1.0000 1.4430 224 57 113
-5.0000 -24.5000 0.0360 183 121 76
-23.3750 12.5000 3.4260 103 240 227
19.3125 11.5000 2.5730 188 185 105
-1.8750 -10.0000 0.0320 173 124 106
-19.4375 -4.0000 0.0490 174 100 96
-7.0625 14.0000 2.7290 144 233 191
19.6250 -12.5000 3.7640 188 178 186
-19.6250 7.0000 1.1510 200 63 225
4.5625 12.0000 2.1250 203 160 85
-5.6875 10.0000 1.3500 217 45 197
14.7500 13.5000 2.3000 218 150 90
7.3125 -2.0000 1.8010 221 136 69
-0.6875 5.5000 1.2190 191 56 205
12.9375 5.5000 2.4870 222 160 89
-18.5625 -10.5000 0.0300 187 156 56
-26.5000 16.0000 2.7510 139 221 201
-22.8125 -24.5000 0.0340 183 110 53
-1.8750 1.0000 0.8770 159 125 221
9.1250 -20.5000 1.0980 165 123 165
8.1250 2.5000 2.3160 172 193 96
3.3750 9.5000 1.6830 232 70 104
10.9375 -6.5000 2.5890 162 203 115
1.6875 4.0000 1.1370 181 44 225
12.1875 -4.0000 4.1800 99 140 186
6.2500 21.5000 2.2330 211 136 108
8.4375 -11.0000 1.1110 195 58 172
1.4375 -7.0000 0.0380 156 100 107
-16.7500 2.5000 0.0650 164 99 141
-4.1875 7.0000 1.2610 194 61 224
-7.1250 13.5000 1.6070 235 105 144
-19.5625 -15.0000 0.0420 185 157 50
1.8750 21.5000 2.0090 221 108 105
1.6875 -5.0000 1.0710 167 141 190
-26.1875 9.5000 1.2110 185 74 229
9.4375 -11.0000 1.0920 189 53 155
-7.7500 -18.0000 0.0400 179 146 50
-23.2500 -9.5000 0.0390 185 136 74
5.1875 22.0000 2.2350 205 129 114
19.7500 11.5000 2.5420 190 186 97
15.1250 -17.0000 3.4200 152 201 148
-22.4375 -20.5000 0.0400 199 150 45
17.5000 -25.0000 1.0730 201 113 174
-6.1875 -27.0000 0.0300 175 135 55
20.7500 -21.5000 4.6440 115 181 202
22.6875 -22.0000 4.5780 127 173 183
-1.9375 13.0000 1.5960 233 44 155
-15.5625 -26.0000 0.0400 177 133 73
-22.4375 5.5000 1.1460 179 127 200
-18.6875 -20.5000 0.0310 181 145 37
12.8125 6.0000 2.4500 224 155 85
19.2500 -28.0000 0.0350 173 112 139
-17.6250 -7.0000 0.0300 164 130 66
1.8125 21.0000 2.0390 224 122 100
-16.6875 6.5000 1.1750 183 90 222
-11.7500 2.5000 1.0790 178 145 201
-23.5625 20.0000 7.2980 53 136 222
22.8750 -13.5000 3.9270 188 153 160
-25.1875 11.0000 2.1460 170 202 109
0.1250 7.5000 1.4010 213 40 174
19.8125 17.5000 2.7040 172 221 128
23.0000 10.0000 3.5590 138 157 157
15.4375 -23.0000 1.1150 193 89 175
14.4375 7.0000 2.5150 208 161 79
-26.2500 19.0000 7.2960 74 127 224
22.6875 -15.0000 4.0420 182 151 174
-12.3750 12.0000 1.5150 207 111 168
3.5625 9.0000 1.6370 228 81 138
14.6250 0.0000 2.7540 209 166 95
-8.5625 19.0000 7.3680 58 139 226
-16.5625 9.5000 2.0370 194 195 88
21.3125 -3.5000 3.1960 193 175 147
14.0000 3.5000 2.6260 220 176 105
-8.7500 9.0000 1.3120 199 74 212
-4.5000 5.0000 1.1320 190 74 234
-21.1875 13.5000 3.1520 121 240 226
20.2500 -18.5000 4.1630 150 196 208
-23.1875 9.0000 1.2380 201 53 206
4.3750 2.5000 1.1460 187 39 206
-13.3125 17.5000 7.2930 65 114 219
-22.6875 -16.0000 0.0450 181 127 39
-18.2500 -24.0000 0.0390 179 155 48
1.7500 -25.0000 0.0350 176 138 95
17.0625 2.0000 2.7870 203 178 114
10.7500 -16.5000 1.1340 202 59 162
-8.5000 0.0000 0.0440 140 95 115
-11.0625 5.5000 1.1320 170 95 226
16.3750 -23.5000 1.1170 205 101 166
4.3125 19.0000 2.1260 236 143 84
17.2500 -19.5000 4.5030 108 164 208
-18.3125 -14.0000 0.0340 176 145 44
14.3750 -25.5000 1.0890 198 75 211
-11.0625 18.5000 7.2900 55 138 228
-14.2500 -8.5000 0.0370 183 129 84
-1.8750 -15.5000 0.0370 171 116 100
7.2500 -19.5000 1.0590 166 144 178
23.1875 -24.5000 4.7120 123 188 177
7.3125 -22.0000 1.1190 167 192 164
-20.7500 14.0000 4.4940 78 175 254
11.0000 -27.5000 1.0620 166 95 184
18.8750 -25.0000 1.0830 185 158 139
9.8750 17.5000 2.1140 237 141 89
6.3750 9.5000 2.1210 196 162 74
-17.6250 17.5000 7.2970 54 131 229
11.1875 15.5000 2.1730 229 147 76
12.5625 2.5000 2.8520 180 179 130
-16.8750 20.0000 7.2830 55 124 235
-6.3125 -12.5000 0.0500 175 138 58
-0.0625 6.0000 1.2700 193 55 197
-23.1250 10.5000 2.1250 174 208 91
-11.1875 15.5000 7.5190 50 129 228
-25.2500 -7.5000 0.0450 180 138 102
10.1250 -5.5000 3.6220 111 171 202
4.6875 17.0000 2.1300 220 152 82
3.7500 8.5000 1.5930 228 76 142
-8.1250 4.5000 1.1100 183 70 254
-6.0000 16.0000 7.5920 70 116 202
-24.7500 15.5000 1.7480 227 114 102
-15.7500 -9.0000 0.0290 160 142 50
-4.6250 -22.5000 0.0300 170 128 67
20.3125 -22.0000 4.7080 110 184 202
23.4375 21.0000 1.3980 196 86 105
14.4375 5.0000 2.5610 225 169 95
18.8125 6.0000 2.5870 211 144 92
-2.6875 17.5000 1.8350 245 106 125
-16.5000 15.5000 5.3990 70 138 254
-13.5000 7.0000 1.1870 186 75 227
3.9375 -26.5000 0.0350 175 127 85
19.3750 -15.0000 3.9150 182 196 179
20.0625 16.5000 2.5410 184 212 101
4.8125 -1.5000 1.1280 184 47 208
-4.1250 -19.0000 0.0400 180 125 81
-23.6875 -19.5000 0.0380 206 133 66
13.6250 3.5000 2.6100 220 174 103
-1.1250 1.0000 0.9890 167 129 207
-18.6250 -13.0000 0.0290 178 156 48
15.1250 -3.5000 3.2610 176 182 146
-23.3750 0.5000 0.0330 165 91 114
22.7500 -15.5000 4.0530 182 150 172
18.2500 0.5000 2.9030 202 174 118
-16.6250 5.5000 1.1300 178 150 204
19.2500 17.5000 2.7150 171 217 132
10.5000 -14.0000 1.1520 205 64 165
22.6875 -23.5000 4.6340 126 176 188
-7.1875 -19.0000 0.0350 185 141 45
-8.1250 -11.0000 0.0230 181 130 49
-9.1875 16.0000 7.3270 67 131 223
12.5625 -16.0000 2.7390 169 222 120
-12.8750 -15.5000 0.0330 187 149 46
-13.3750 -21.0000 0.0310 175 162 46
1.1250 11.5000 1.7070 228 90 125
14.1875 2.0000 2.6730 214 173 85
-2.5000 20.0000 1.9260 233 133 118
-26.1875 1.5000 0.0400 141 100 143
8.9375 -17.0000 1.0810 177 100 193
-22.1250 -1.5000 0.0350 173 92 104
-20.4375 3.5000 1.0760 176 140 200
21.6875 21.0000 1.4090 215 82 113
-19.1875 -25.5000 0.0400 198 129 27
17.7500 -2.0000 3.0510 186 183 133
8.9375 17.0000 2.0990 227 144 84
7.8125 22.0000 2.0110 233 97 109
10.2500 -9.5000 2.7280 155 209 138
17.6875 12.0000 2.3520 211 155 64
-19.6250 13.0000 3.4120 112 229 240
-7.7500 8.0000 1.2740 203 73 229
19.3750 5.5000 2.6210 196 174 97
-3.8125 18.5000 7.5720 59 117 216
19.7500 8.5000 2.7160 181 191 108
-18.3750 7.0000 1.1620 179 89 233
-15.3125 18.0000 7.2990 61 133 229
1.2500 8.0000 1.4510 220 52 164
3.1250 4.5000 1.2110 205 42 199
10.0000 6.0000 2.7320 183 186 142
-11.3125 9.0000 1.3270 201 83 210
6.8125 -10.5000 1.0910 189 55 185
14.7500 -14.0000 3.2720 172 228 140
11.3750 9.0000 2.3350 209 150 78
-2.6250 11.0000 1.5120 233 56 189
-18.6875 5.0000 1.1010 179 123 203
11.0625 7.0000 2.6320 192 188 129
-19.4375 -21.0000 0.0360 194 149 21
12.6250 -5.5000 2.9980 182 189 117
2.4375 0.0000 1.0620 170 87 203
2.8125 -5.5000 1.0820 168 142 190
-6.5625 -18.5000 0.0420 179 141 45
19.8750 -15.5000 3.9680 168 190 206
12.4375 -27.0000 1.0680 180 85 193
0.8125 8.0000 1.4360 218 48 167
-21.0625 -17.0000 0.0360 187 145 52
11.6250 -26.0000 1.0790 179 85 197
8.1875 14.0000 2.3640 195 185 101
-5.8750 -10.5000 0.0430 156 139 74
22.8125 6.5000 3.6560 135 142 167
-17.4375 18.5000 7.3110 55 129 237
22.9375 -4.5000 3.2720 206 159 115
11.9375 -14.5000 2.9180 141 218 160
14.8125 8.5000 2.5190 209 152 85
-3.1875 3.5000 1.1060 180 68 216
-4.1875 1.5000 1.0530 179 165 187
-7.2500 -15.5000 0.0380 169 136 56
22.6875 -22.0000 4.5680 127 173 183
8.5000 16.5000 2.2000 219 161 89
-14.0000 1.0000 0.0860 161 98 118
-15.5625 0.0000 0.0370 169 130 112
-9.0625 1.5000 0.4450 136 121 194
-8.0625 -27.5000 0.0310 180 135 55
16.8750 -23.5000 1.1010 205 99 163
12.5625 -26.5000 1.0630 181 82 197
8.4375 9.0000 3.4260 132 167 204
22.6250 8.0000 3.6630 131 161 164
22.0000 5.0000 2.9600 180 183 138
-23.9375 -28.0000 0.0320 174 123 54
-16.0000 16.5000 4.5740 90 162 254
14.6250 12.5000 2.3100 219 151 89
0.2500 -2.0000 0.0440 151 85 118
18.4375 1.0000 2.8840 202 174 116
0.4375 1.0000 1.0650 173 95 212
9.6250 -27.5000 0.0370 161 83 119
2.5000 0.0000 1.0900 172 86 203
-17.3750 0.0000 0.0390 160 107 124
-1.5625 -15.5000 0.0370 172 114 99
13.1250 11.0000 2.3440 216 149 86
-17.8125 -18.5000 0.0390 188 159 45
1.3125 4.5000 1.1800 184 46 224
-25.8750 4.5000 1.0680 170 137 200
-13.8750 2.0000 0.0580 158 93 126
10.1250 -23.0000 1.0540 193 67 185
10.0625 -10.0000 1.1430 201 67 150
-2.6250 -13.0000 0.0430 150 115 112
10.8125 -4.5000 2.8780 158 200 147
-9.5625 -0.5000 0.0340 161 98 101
-24.3125 6.0000 1.1130 180 97 213
-23.8125 18.0000 7.3070 56 138 219
23.1875 12.5000 2.6530 179 170 88
12.8750 -2.5000 3.1860 161 181 150
12.4375 -16.5000 2.7520 144 219 149
21.3750 -17.0000 4.1450 156 187 191
5.1875 -14.5000 1.0660 184 134 167
-20.3750 7.5000 1.1620 201 60 232
10.9375 21.0000 2.1270 227 127 94
17.6250 20.0000 2.3710 193 186 87
-22.6875 14.5000 1.6120 230 98 120
-22.0625 7.0000 1.1250 171 77 221
-4.6875 6.0000 1.1660 183 56 228
10.3750 -11.0000 2.8560 150 216 160
13.6875 -23.5000 1.0910 202 75 205
-14.0000 21.5000 7.2740 75 129 219
-6.1875 15.5000 1.5950 230 99 125
18.3125 9.0000 2.4330 209 145 67
-19.0625 16.0000 2.9090 139 242 214
8.8750 -5.0000 2.9360 121 209 195
-21.1250 -0.5000 0.5850 183 186 114
9.0625 -19.0000 1.0810 171 129 172
21.1875 18.0000 1.4460 236 56 85
-11.9375 10.5000 1.4190 211 83 168
17.4375 17.0000 2.4200 197 182 101
-2.4375 -1.0000 0.0500 145 114 121
-13.3750 20.5000 7.2800 65 132 225
22.8750 -2.0000 3.3480 188 159 148
7.5625 18.5000 2.1640 233 147 86
15.6250 -14.5000 3.4730 165 193 150
-6.4375 -14.0000 0.0530 163 156 49
4.9375 14.5000 2.0400 207 145 78
-7.5625 15.5000 7.3190 58 129 219
-17.0625 -13.5000 0.0440 189 147 39
10.2500 -9.0000 2.2630 183 192 67
22.1875 -9.5000 3.5950 197 159 155
-16.2500 -10.5000 0.0260 191 139 42
-3.4375 -20.0000 0.0360 169 140 84
-11.8750 -27.5000 0.0380 174 127 52
20.6875 -4.5000 3.2710 207 195 148
14.6875 -7.0000 3.5280 180 185 156
-11.0625 6.5000 1.1850 188 62 238
-26.5000 -14.0000 0.0360 183 140 67
18.6875 -27.0000 0.3520 176 133 162
-2.4375 -5.5000 0.0330 155 125 95
-9.0000 2.0000 0.8330 152 134 209
-22.7500 7.0000 1.1040 172 74 229
-13.1875 1.0000 0.6360 167 177 147
12.8750 10.0000 2.3310 219 148 81
-4.3750 16.5000 1.6950 237 104 111
-22.6250 20.0000 7.2770 55 136 218
1.9375 0.0000 1.0880 171 88 207
18.5625 -15.0000 4.1620 148 173 160
-6.7500 -0.5000 0.6570 154 190 165
-9.9375 -12.5000 0.0430 182 150 56
-13.8750 21.0000 7.3220 68 130 223
10.5000 0.5000 2.8630 167 202 141
16.0000 -9.0000 3.6580 184 192 164
-19.1875 -13.0000 0.0370 190 140 57
-1.3125 -21.0000 0.0370 160 132 85
-5.5000 21.5000 7.3360 71 132 226
7.2500 10.0000 2.4000 185 182 98
18.6875 14.0000 2.4740 200 188 87
19.9375 -9.5000 3.5770 193 183 173
2.8125 -1.5000 1.1080 166 101 193
-16.5625 15.0000 2.5100 151 221 160
17.8125 2.5000 2.7790 203 171 109
9.2500 3.0000 2.7520 155 195 136
-4.6875 12.0000 1.4010 225 50 188
-15.8750 2.0000 0.0350 166 94 132
1.1875 -8.0000 0.0340 157 101 97
3.0625 -27.0000 0.0330 164 128 75
2.3125 -1.5000 1.0640 163 101 196
-18.9375 18.5000 7.3080 54 130 231
3.9375 9.0000 1.6260 230 80 136
1.8750 11.5000 1.7430 223 98 122
1.2500 15.5000 1.8680 251 82 113
-15.5625 5.0000 1.1250 183 96 213
0.5625 3.0000 1.1410 183 80 202
19.5000 -2.5000 3.1190 188 184 153
21.3125 5.0000 2.9460 181 191 143
0.3750 -27.0000 0.0440 168 132 86
-9.5625 -12.0000 0.0440 168 147 52
17.9375 -26.0000 1.0250 195 117 167
-22.9375 4.0000 1.0710 186 133 192
-12.3125 18.0000 7.2850 63 123 220
-6.6875 22.0000 7.3300 72 140 231
-7.8750 11.0000 1.5210 222 88 157
8.0625 5.0000 2.5160 174 201 116
11.1250 15.5000 2.1730 229 147 76
8.6250 -21.0000 1.1050 168 174 163
17.5000 -3.0000 3.0880 194 176 125
10.2500 5.0000 2.7850 176 191 147
-16.5625 13.0000 1.7300 224 137 97
-25.5000 -6.0000 0.0390 150 113 95
-18.4375 14.5000 4.9450 77 156 254
14.3750 11.0000 2.3930 214 155 89
6.6875 22.0000 2.2200 212 134 110
-9.6875 -5.0000 0.0340 169 131 85
16.2500 20.0000 2.2990 204 167 84
21.8750 -20.0000 4.3860 144 173 196
-13.1250 13.0000 1.6800 228 122 109
2.8750 15.0000 1.9320 228 106 96
1.6875 -15.0000 0.0360 162 104 85
-7.1875 -20.5000 0.0310 182 161 51
21.6875 -25.5000 4.9830 91 215 191
10.1250 -2.0000 3.7070 116 168 200
7.4375 -0.5000 1.4470 219 58 117
8.6250 -16.0000 1.1070 181 100 203
1.1875 6.0000 1.3290 202 58 192
12.8125 -9.5000 3.9870 122 166 181
-17.1250 -11.5000 0.0330 193 148 41
-11.0000 11.0000 1.6860 221 140 110
-1.7500 -16.0000 0.0360 175 115 98
-0.3125 -13.0000 0.0390 153 102 102
13.5625 0.0000 3.0290 180 187 129
20.0000 -19.5000 4.3550 139 186 202
-10.3125 11.5000 2.9390 129 238 209
20.6250 -13.0000 3.8490 184 180 188
8.0625 17.5000 2.1820 216 153 94
12.8750 20.0000 2.1320 234 137 78
-22.2500 -1.0000 0.0380 169 92 107
-11.3125 3.0000 1.0750 180 144 205
-14.3125 -24.5000 0.0340 184 138 63
21.6875 17.5000 2.6990 168 214 126
11.9375 4.5000 2.7420 185 184 134
-14.2500 21.5000 7.3120 75 128 219
-19.3125 2.0000 0.0360 172 113 115
-4.6875 -23.5000 0.0250 171 126 63
11.1875 -3.5000 4.1100 100 143 202
19.0000 -23.0000 2.7520 164 241 117
5.0625 17.0000 2.1690 215 158 82
8.6875 19.0000 2.0700 246 130 79
22.3125 14.5000 1.7620 240 88 15
-20.9375 -24.5000 0.0390 191 142 39
-6.3750 13.5000 1.6380 226 113 134
22.3125 -24.0000 4.6470 123 182 190
20.0000 -8.5000 3.4990 182 184 173
16.5000 -25.5000 1.5810 240 147 88
-17.7500 -26.5000 0.0410 179 154 49
-12.7500 9.0000 1.2580 197 79 219
21.0000 17.5000 2.7260 168 218 135
18.4375 -5.5000 3.2560 204 175 145
-7.0000 12.5000 2.0220 186 195 95
19.1875 -19.0000 4.3760 141 183 201
-8.3750 -12.5000 0.0340 157 138 50
-7.6875 21.5000 7.3270 71 128 216
9.3750 1.0000 2.4490 172 178 95
-12.1250 9.5000 1.4290 210 89 166
-20.6250 21.5000 7.2750 61 119 225
4.0625 -3.0000 1.1090 177 60 224
22.0625 -18.5000 4.2420 161 179 189
2.7500 17.0000 1.9900 228 111 100
12.4375 -26.0000 1.0960 184 82 201
20.5000 8.5000 2.7200 181 187 100
-21.2500 4.0000 1.0610 173 141 207
-21.7500 15.0000 5.1930 70 153 248
18.3125 -11.5000 3.6160 186 177 154
12.3750 -22.5000 1.1180 192 69 198
5.5000 2.0000 1.1930 190 54 190
11.4375 -24.5000 1.1090 187 81 209
17.6875 -13.5000 3.9800 148 185 181
-14.1875 16.0000 1.7060 230 110 123
-12.0625 -17.5000 0.0360 180 148 38
10.7500 -18.5000 1.1070 194 71 184
8.5000 8.5000 2.3880 192 167 89
19.4375 -4.0000 3.2110 209 189 147
9.8750 -24.0000 1.0810 193 101 189
7.2500 13.5000 4.0750 117 141 212
12.1250 -4.0000 4.9220 87 125 174
15.3750 -8.0000 3.6070 175 191 167
-6.0000 21.0000 7.3280 66 140 229
-24.5625 0.5000 0.0370 159 68 131
23.3125 -22.5000 4.6250 130 165 173
20.1875 -22.0000 4.6690 111 185 204
17.1250 1.5000 2.8390 201 183 122
5.1875 3.0000 1.1810 196 49 185
15.0000 -20.0000 2.6580 171 209 125
7.6250 -13.5000 1.0920 187 64 196
-3.0625 7.0000 1.2660 183 61 203
0.0000 17.0000 1.8450 252 78 131
-20.8750 -21.5000 0.0320 186 143 31
1.6250 14.0000 1.8580 235 106 105
9.3125 12.5000 2.4300 186 163 109
19.1250 -3.5000 3.1720 198 184 133
15.0000 -27.0000 1.0690 184 101 190
17.8125 -6.0000 3.2660 204 182 151
16.9375 21.0000 2.3300 192 168 87
-21.5625 9.5000 1.1940 188 56 213
-20.6250 2.0000 0.6910 174 170 152
17.3750 -13.5000 3.9660 149 187 181
16.0625 -5.0000 3.1920 194 185 139
-17.6875 -23.5000 0.0350 179 152 50
14.3750 15.0000 2.2500 223 145 83
15.4375 -14.0000 4.5090 106 127 184
-14.9375 15.5000 1.6850 226 105 130
-11.6250 15.0000 5.2640 77 164 254
10.3750 -24.0000 1.0810 181 86 217
3.3125 -4.5000 1.0580 172 68 230
13.9375 -9.5000 3.3890 163 214 162
4.1875 14.5000 1.9860 232 131 85
18.1875 -2.5000 3.0880 194 172 122
2.4375 -6.5000 1.0710 171 193 171
7.4375 -24.5000 0.0370 161 40 120
17.1875 14.5000 2.4340 194 170 93
-7.2500 -7.0000 0.0340 178 121 74
-1.7500 20.5000 1.9810 223 147 117
15.4375 16.0000 2.1710 230 135 72
-12.3750 14.5000 5.1850 81 161 254
21.4375 13.5000 3.6040 123 182 194
5.6875 18.5000 2.2010 225 151 86
1.3125 13.5000 1.8110 240 93 107
8.0000 10.0000 2.9610 150 192 180
1.9375 -25.0000 0.0350 176 137 94
0.1250 -3.5000 0.0390 171 106 86
-5.1250 -1.0000 0.0290 150 125 116
9.9375 18.0000 2.1120 238 140 88
14.2500 15.0000 2.2360 225 143 81
-24.9375 2.5000 0.0310 145 104 151
10.0625 -1.0000 2.3570 201 188 63
23.3750 -8.0000 3.5520 196 156 147
-23.3125 -17.0000 0.0320 181 129 42
0.7500 18.0000 1.8930 252 82 107
13.8125 -26.5000 1.0900 192 74 206
11.0000 -0.5000 2.5960 185 203 100
-6.1875 4.5000 1.0960 187 70 242
-26.3750 17.5000 3.2190 136 219 251
3.5625 -22.5000 0.0350 160 112 122
12.3750 21.0000 2.1130 229 124 83
-13.5000 -12.5000 0.0420 194 149 62
1.2500 2.5000 1.1080 183 85 217
17.7500 -27.5000 0.3890 176 136 167
-3.0625 11.0000 1.4760 230 49 174
1.9375 8.5000 1.5310 216 74 153
9.6875 -22.0000 1.0690 189 74 187
-13.5625 -8.0000 0.0370 185 124 84
20.3750 1.5000 2.9090 201 181 115
9.7500 6.5000 2.6990 178 177 131
-2.5000 21.0000 7.5510 76 108 212
5.3750 -1.0000 1.1260 182 52 205
3.5625 -1.5000 1.0910 175 45 217
-14.0000 19.0000 7.2690 60 138 230
0.3750 14.0000 1.7570 242 81 132
-8.5625 -25.5000 0.0450 188 136 69
4.9375 -1.0000 1.1430 185 50 205
-0.3125 22.0000 2.0740 209 143 119
-15.1875 16.0000 1.7120 224 109 130
-21.2500 14.0000 1.6590 226 120 111
0.4375 -11.5000 0.0330 170 125 103
7.2500 -23.5000 0.0350 170 60 125
13.5625 -13.0000 3.7590 137 195 188
7.3125 14.0000 3.9250 123 149 213
-17.4375 20.0000 7.3090 55 124 237
-21.5000 17.5000 7.3930 48 131 224
8.3125 -15.0000 1.1080 178 104 207
-14.0625 -17.0000 0.0340 193 151 48
3.0625 19.0000 2.0640 235 129 88
10.6250 -7.0000 2.7980 153 212 150
8.6875 -9.5000 1.1450 195 62 171
21.4375 4.0000 3.0040 177 190 153
15.4375 -28.0000 0.4910 171 90 181
-9.3750 10.0000 1.3940 207 78 183
2.8750 14.0000 1.8860 227 111 103
5.8750 -6.0000 1.1230 177 67 209
-3.4375 -21.5000 0.0330 165 128 64
-15.0625 9.0000 1.3250 198 94 196
-17.8125 17.0000 4.7560 86 157 254
8.6250 -17.0000 1.0900 179 101 196
-26.2500 3.5000 0.0380 150 110 162
15.7500 15.0000 2.2200 222 151 80
20.1875 -4.0000 3.2280 209 194 146
-26.3750 12.5000 2.0160 181 180 107
14.2500 -21.5000 2.5530 164 223 122
-7.1250 17.0000 7.3300 59 124 220
8.6875 -18.0000 1.0970 168 132 176
22.5000 -20.0000 4.4220 146 169 189
-13.8125 -10.5000 0.0360 182 133 66
1.5000 2.0000 1.0950 185 83 217
19.6250 5.5000 2.6070 197 174 93
4.1875 -24.5000 0.0320 169 122 98
5.8750 -12.0000 1.0790 180 108 191
10.2500 1.5000 2.4990 192 181 76
7.2500 6.0000 2.4490 177 194 110
-22.1875 -26.0000 0.0350 187 134 49
-2.5000 21.0000 1.8570 231 128 137
-13.3750 -6.5000 0.0350 177 122 95
9.6875 21.5000 2.0850 236 120 99
-24.4375 11.5000 2.1480 175 211 100
-20.0625 -27.5000 0.0370 191 134 20
-23.4375 -7.5000 0.0390 189 128 90
14.2500 12.5000 2.3240 217 153 93
-3.6250 15.0000 1.6100 236 64 154
10.8125 6.5000 2.6300 192 186 127
-4.3750 9.0000 1.3420 215 46 193
-9.6875 14.0000 3.2330 116 232 243
-12.6250 14.0000 4.4900 89 171 254
15.5000 -27.0000 1.0700 184 105 186
8.0625 -11.5000 1.1100 193 59 172
20.6875 -9.0000 3.5640 195 181 168
21.3125 21.5000 1.3950 208 84 116
21.9375 19.5000 1.3640 220 80 112
18.6875 -21.5000 3.0630 159 249 135
19.6250 -8.0000 3.5010 183 183 177
-15.8750 8.0000 1.2250 184 88 204
-20.1250 -18.0000 0.0430 197 151 45
21.8750 11.0000 3.4840 134 171 180
-8.0000 -28.0000 0.0360 170 128 48
-6.0625 -12.0000 0.0440 159 123 73
-19.1875 7.0000 1.1510 198 65 221
-20.0625 -7.0000 0.0420 188 129 64
10.6250 -8.0000 2.3930 179 196 82
7.6250 3.0000 1.8210 224 117 62
-0.3125 7.0000 1.3420 198 59 190
-10.1875 -16.5000 0.0390 184 122 34
-21.1875 8.5000 1.1970 185 57 217
19.0625 -1.0000 3.0050 191 191 140
10.1875 -20.5000 1.1140 192 78 181
-0.2500 13.5000 1.7080 232 72 133
-13.4375 10.0000 2.0940 182 214 107
-16.4375 9.0000 1.2200 186 92 210
21.5000 -8.0000 3.4720 184 186 163
4.5000 -2.5000 1.1200 181 48 205
14.4375 -6.5000 3.4160 188 184 144
13.1875 4.5000 2.5250 224 166 90
-24.6875 17.5000 1.7290 238 126 123
9.2500 -17.0000 1.0990 180 74 177
-12.5625 19.0000 7.2780 64 135 223
-21.1875 10.0000 1.2330 191 66 204
10.7500 -2.0000 4.7220 96 120 190
-5.0000 19.5000 7.3310 56 122 229
3.8750 -2.0000 1.0690 174 45 217
-5.4375 11.5000 1.4440 221 66 195
8.8125 8.0000 2.5870 178 189 125
2.5000 -3.0000 1.0530 161 110 199
-9.1875 -16.5000 0.0340 177 131 50
-6.1875 -4.0000 0.0390 187 139 107
-19.9375 7.5000 1.1910 204 64 224
-9.6250 -25.5000 0.0360 196 115 59
22.0625 -4.0000 3.2220 209 177 127
19.4375 7.0000 2.7210 184 188 100
-8.2500 18.0000 7.2900 61 138 223
-8.8125 4.5000 1.0920 178 70 254
-17.9375 16.0000 4.4930 92 167 254
21.1875 -17.5000 4.1330 164 184 197
6.1250 1.5000 1.2160 188 59 180
-2.3125 16.5000 1.7130 249 65 151
-16.2500 -19.5000 0.0370 193 141 35
0.8125 -25.0000 0.0500 172 148 102
-14.0625 -13.5000 0.0470 199 154 63
-15.0625 -24.0000 0.0340 180 156 33
-21.9375 2.0000 0.0370 179 117 132
19.8125 -1.0000 3.0360 195 188 147
-5.5000 9.5000 1.3500 216 45 195
18.9375 -8.5000 3.4710 192 186 164
9.1875 6.5000 2.7260 176 179 134
-18.1875 -11.5000 0.0370 180 154 50
-17.8750 -10.0000 0.0310 188 153 54
-13.5000 13.5000 4.6960 82 173 254
-19.7500 -4.0000 0.0520 175 102 99
12.3125 0.5000 2.9960 173 190 129
-22.2500 3.0000 0.0440 177 86 127
-20.4375 1.0000 0.0800 175 125 123
-23.8125 11.0000 2.1960 165 210 101
21.9375 22.0000 1.3710 197 87 118
18.6875 14.0000 2.4790 199 188 89
-12.1875 -15.5000 0.0360 195 151 49
-5.3125 3.0000 1.0840 185 122 212
-10.8125 -0.5000 0.0460 170 95 119
5.2500 -27.5000 0.0390 160 94 92
13.8750 0.5000 3.0060 180 190 142
19.8750 -13.5000 3.8660 182 178 187
-5.6250 -21.0000 0.0240 170 132 56
-7.6250 2.5000 1.0490 168 130 207
-5.1250 -7.0000 0.0380 170 140 107
-19.6875 -20.5000 0.0360 195 151 23
10.2500 -13.0000 1.1210 201 62 176
14.8750 -18.5000 3.1450 137 216 186
3.0000 7.0000 1.4400 213 60 159
19.8750 13.5000 3.6660 124 176 204
13.9375 0.0000 3.0420 180 188 132
-21.5000 10.0000 1.2540 191 66 201
15.3750 8.0000 2.5230 211 165 84
-8.2500 6.0000 1.1170 191 64 242
4.8125 -14.0000 4.0510 95 207 231
20.6250 -9.0000 3.5300 198 183 166
-9.4375 -26.5000 0.0410 177 130 63
8.6250 -27.5000 0.0380 156 87 116
-18.5625 10.5000 3.4430 110 227 244
-5.0000 15.0000 1.6800 232 103 111
-0.1250 0.0000 1.1220 173 144 181
2.1250 5.0000 1.2390 188 53 211
6.2500 -11.5000 1.0890 180 93 170
-11.1250 5.5000 1.1150 168 95 228
-8.5625 2.5000 1.0440 172 125 232
-12.5625 13.5000 4.5080 88 173 250
-14.8125 -6.5000 0.0330 173 137 100
-24.4375 10.5000 1.2650 201 56 202
10.8750 0.0000 2.6490 179 198 112
21.3750 20.5000 1.4170 221 80 111
-22.6875 5.0000 0.1420 166 104 155
17.1250 -2.5000 3.0330 186 181 130
6.6250 2.5000 1.5920 220 90 102
4.4375 -11.0000 1.0420 170 141 197
-4.4375 11.0000 1.4370 226 52 183
9.6875 -1.0000 2.5700 173 201 115
18.5000 -10.5000 3.5360 196 205 149
7.9375 -4.5000 1.1360 196 50 167
2.8750 10.5000 1.7060 227 87 118
-3.8125 -16.5000 0.0320 164 143 64
12.3125 7.5000 2.3790 213 160 79
8.6875 -8.5000 1.1410 193 55 174
1.5000 1.0000 1.0930 183 86 214
11.7500 17.5000 2.1720 227 138 77
-15.6250 16.5000 7.3510 61 130 216
21.6250 -4.5000 3.2640 208 186 136
19.2500 7.0000 2.5630 197 177 76
-2.4375 -16.0000 0.0330 172 120 100
-6.0000 -24.0000 0.0430 189 139 67
-20.2500 12.0000 4.2650 80 182 236
-2.8750 3.0000 1.0630 177 101 220
19.3750 -18.5000 4.3650 143 184 201
-10.8750 -8.5000 0.0330 191 142 72
21.7500 14.5000 1.9030 232 120 7
-21.3125 -20.0000 0.0330 195 143 43
16.1875 -18.5000 4.6690 109 151 203
-2.0000 -19.5000 0.0410 173 128 100
15.3750 -19.0000 2.9010 152 212 156
9.5000 6.0000 2.6230 188 183 129
1.5625 19.0000 1.9550 250 106 81
-10.5000 -20.5000 0.0340 175 170 53
8.4375 10.0000 3.2370 138 182 198
-23.1250 16.5000 5.8650 56 156 254
22.6250 18.5000 1.3780 217 63 95
0.6875 7.0000 1.3610 214 37 176
5.2500 6.0000 1.6110 227 75 95
19.0625 -16.0000 4.1900 151 186 197
-14.0625 6.0000 1.1790 184 75 224
14.2500 -12.0000 3.2560 171 233 155
-11.3125 14.5000 5.1070 80 165 254
-13.4375 2.0000 0.7920 166 182 163
11.6875 -20.5000 1.1460 200 77 158
-15.6250 5.5000 1.1670 184 96 209
-0.4375 -26.0000 0.0290 170 133 90
16.7500 -27.5000 1.0540 179 110 172
16.6875 -22.5000 2.5680 177 227 91
8.5625 -26.5000 0.0910 156 56 112
8.7500 -14.5000 1.0960 185 78 208
22.0625 11.5000 3.5980 130 170 177
-11.1875 -12.0000 0.0420 180 161 60
7.9375 -12.5000 1.0710 185 62 193
-23.1250 -25.5000 0.0340 187 112 54
-19.6250 5.0000 1.1120 180 139 200
-10.0000 -5.0000 0.0580 171 122 91
-9.8750 15.0000 1.6560 230 111 132
-4.1875 -23.5000 0.0370 170 123 70
12.4375 -2.0000 3.1480 164 185 150
13.3750 2.0000 2.8890 188 187 131
9.4375 10.5000 2.4990 188 175 111
-15.6250 12.0000 1.4480 205 97 154
-21.2500 -24.5000 0.0340 190 143 40
21.8750 -8.0000 3.5060 182 182 162
-13.5000 3.5000 1.0520 178 121 203
-4.6250 22.0000 7.3310 78 111 218
15.8125 -26.0000 1.0720 186 104 195
3.0000 11.0000 1.7860 229 99 103
11.3125 0.0000 2.6570 188 192 91
13.5625 5.5000 2.5000 224 156 85
8.8125 -15.5000 1.0960 178 101 204
-4.5000 -14.0000 0.0430 174 139 65
-16.3125 -16.5000 0.0320 179 147 47
-24.6250 11.0000 2.2210 160 205 110
9.5000 -3.5000 2.7290 154 200 148
13.3750 19.5000 2.1220 236 138 78
11.6250 -20.5000 1.1210 198 76 161
-23.0625 -10.5000 0.0400 188 133 69
-2.2500 5.5000 1.2010 185 62 213
-13.6250 16.0000 3.4590 121 228 254
-26.3750 12.0000 2.2000 165 204 124
-4.8750 13.5000 1.5180 235 66 167
-13.5000 4.5000 1.0700 180 113 212
15.0625 17.0000 2.2090 223 140 80
-24.3125 17.5000 5.5710 69 160 250
9.3125 2.0000 2.7310 162 204 138
11.6250 -8.0000 2.9010 150 213 154
-1.5000 0.0000 0.0380 164 106 140
17.0000 15.0000 2.4130 201 178 95
-2.0625 -25.5000 0.0340 180 129 65
12.8125 -8.0000 2.9060 168 194 126
5.0625 5.0000 1.3600 213 56 156
16.7500 -23.0000 2.5060 181 224 81
23.4375 -0.5000 3.3180 183 158 146
8.6875 -12.5000 1.1050 188 64 188
-22.2500 -13.5000 0.0300 200 126 43
21.6875 -23.5000 4.6170 122 175 201
-17.1875 20.0000 7.3050 55 124 237
10.0000 20.5000 2.1330 236 135 95
-23.8125 -26.0000 0.0390 185 118 58
14.7500 1.0000 2.7450 209 175 91
-10.5000 21.0000 7.2910 63 134 219
-4.0000 -13.0000 0.0400 171 135 68
13.6875 -7.0000 4.4690 116 152 180
22.5625 -9.0000 3.5830 198 158 153
3.3125 8.0000 1.5140 231 67 132
-17.2500 -11.0000 0.0360 193 148 44
14.0625 15.0000 2.2500 223 145 85
22.8125 19.5000 1.3910 214 83 104
-1.3750 -6.5000 0.0380 144 135 85
21.6875 -1.0000 3.0310 198 183 135
-22.3750 18.0000 7.2700 53 128 226
-26.1250 -21.0000 0.0340 186 135 71
21.6250 -25.0000 4.9480 92 213 195
13.0625 9.0000 2.3890 214 160 94
11.5000 17.5000 2.1680 227 138 77
5.1250 10.0000 1.9640 215 145 68
-17.1250 16.5000 4.4890 91 168 254
16.1250 11.0000 2.3740 208 146 73
13.6250 -9.0000 3.0710 172 210 141
9.5625 -21.5000 1.0980 186 118 173
20.9375 -6.5000 3.3880 193 191 163
15.6875 18.5000 2.2460 213 149 85
-6.5000 -24.0000 0.0310 190 136 68
13.8125 9.0000 2.4060 215 165 90
-13.4375 19.5000 7.2980 60 136 229
13.3125 -24.5000 1.0920 195 72 222
19.0625 -10.0000 3.5750 193 177 173
20.4375 -2.5000 3.1230 189 188 152
-14.0000 -10.5000 0.0440 182 136 67
14.4375 -10.0000 3.3660 165 220 160
-12.1250 -25.5000 0.0320 195 131 62
13.0000 14.0000 2.2820 215 143 100
19.2500 13.0000 2.5460 190 192 96
13.3125 -8.0000 4.6880 110 144 168
17.4375 -17.5000 3.7660 160 201 169
-15.1875 8.0000 1.2020 181 80 236
11.0000 -21.0000 1.1130 194 79 174
23.5000 -18.5000 4.3170 163 171 176
-26.2500 9.0000 1.1990 186 73 230
-10.0000 7.0000 1.2200 192 64 231
17.8125 5.5000 2.6390 208 160 103
18.5000 -8.5000 3.4610 194 194 153
23.3750 -10.5000 3.7330 189 156 139
2.3750 3.0000 1.1490 187 35 225
-17.6875 -25.0000 0.0350 180 150 51
15.3125 -12.0000 4.5380 132 124 154
-18.3125 15.5000 4.9770 82 145 254
-13.8125 -2.0000 0.3650 175 175 122
17.9375 6.0000 2.6400 208 157 107
-4.9375 14.5000 1.6580 232 116 129
-15.0625 -2.0000 0.0270 178 128 117
-23.0625 19.5000 7.2940 52 137 221
13.3750 -22.5000 1.1070 200 78 192
-18.8125 8.5000 1.2160 199 78 205
-2.9375 -22.0000 0.0400 160 140 79
9.3750 9.5000 2.5280 180 167 111
-7.5625 -4.5000 0.0610 181 147 94
9.9375 -21.0000 1.0970 189 78 182
11.1875 3.0000 2.8320 183 181 132
-0.8125 21.0000 2.0090 219 136 114
20.4375 -24.0000 4.8870 92 208 205
-3.8750 -25.5000 0.0350 189 116 69
12.2500 -1.5000 4.4300 105 123 179
23.4375 13.5000 1.3210 214 58 82
7.1250 14.0000 2.3860 188 188 105
3.7500 10.0000 1.7600 236 80 88
-2.1250 -16.0000 0.0430 173 120 99
-1.1875 -9.0000 0.0390 166 119 107
-15.6875 12.0000 1.6650 211 124 114
-24.9375 -12.0000 0.0400 186 141 70
3.1250 4.5000 1.1770 202 40 205
-11.2500 12.5000 1.8180 224 162 98
8.6250 16.0000 2.1580 225 159 82
1.5625 -2.0000 1.0210 159 106 195
18.9375 -20.5000 5.5150 90 158 164
6.0625 10.5000 2.2220 183 182 88
22.8125 6.0000 6.4440 106 98 117
10.6875 -11.5000 2.8760 149 214 161
-20.9375 -6.0000 0.0490 181 114 82
21.0625 -1.5000 3.0590 195 190 145
13.1875 14.5000 2.2710 223 150 98
-9.6875 -17.0000 0.0400 179 135 45
20.5625 -10.5000 3.6300 193 185 172
18.7500 5.0000 2.5760 215 162 79
11.0625 16.0000 2.1740 228 148 77
-14.1875 16.0000 2.7780 142 244 218
5.2500 3.5000 1.1850 195 47 179
-7.0000 14.0000 1.8510 209 157 98
15.4375 9.0000 2.4700 214 142 76
-0.0625 10.0000 1.5600 223 59 148
-14.0000 7.0000 1.1980 188 74 230
-19.8750 17.0000 5.3920 70 148 254
3.5000 1.5000 1.1350 188 30 212
-5.3750 17.0000 4.9680 89 142 254
18.0625 8.5000 2.4430 208 148 71
-2.3125 17.5000 1.7420 252 88 126
6.7500 -12.5000 1.1100 182 69 197
13.1250 -23.5000 1.1010 202 75 206
-3.4375 -12.0000 0.0500 166 150 66
5.4375 -21.5000 0.0460 162 98 122
23.2500 -5.5000 3.3310 203 164 136
-19.7500 15.0000 3.0650 131 241 226
19.7500 -21.5000 4.6240 115 182 205
-14.0625 -3.5000 0.3630 179 165 93
21.1250 1.0000 2.9500 199 178 115
8.0625 14.5000 2.3110 196 175 94
-20.8750 13.5000 3.4440 111 229 248
6.7500 6.5000 2.2850 196 180 80
18.3125 14.0000 2.4590 194 172 90
-2.8125 22.0000 2.3200 182 183 142
15.9375 -16.0000 3.4200 193 212 142
-18.9375 14.5000 6.1650 72 135 209
-6.3750 -15.5000 0.0330 176 159 50
16.3750 5.0000 2.6200 211 158 98
3.0000 2.0000 1.1500 200 37 206
-16.2500 11.5000 1.7240 213 137 103
12.0625 18.0000 2.1790 225 137 80
-26.3750 8.5000 1.1620 185 73 233
7.8750 13.0000 3.9010 122 152 212
12.0000 -3.0000 4.7110 107 122 181
17.8125 -14.5000 4.0660 151 176 162
1.3125 -12.5000 0.0350 170 123 92
6.1250 11.5000 2.3410 178 177 91
-20.8125 6.0000 1.1450 183 132 209
-20.7500 -27.0000 0.0400 193 140 26
-5.6875 22.0000 7.3130 73 132 228
10.8125 10.5000 2.4610 194 172 98
-22.8750 15.0000 4.4660 85 165 251
-19.4375 -6.5000 0.0350 183 127 64
0.1875 13.0000 1.7240 239 61 128
-23.3125 7.0000 1.1920 182 76 221
-18.4375 -2.5000 0.0420 160 100 138
-18.5625 9.5000 2.2190 165 212 110
-4.8125 11.0000 1.4080 225 48 188
-0.3125 -15.5000 0.0360 172 106 91
19.7500 -14.5000 3.9460 181 192 179
15.7500 -10.5000 3.7690 173 195 176
-0.1250 -16.0000 0.0380 175 105 87
7.2500 14.5000 3.7420 127 162 209
-25.7500 19.0000 7.5270 67 126 220
-12.0625 21.0000 7.3120 68 143 221
-0.9375 -22.5000 0.0350 168 125 79
23.2500 20.0000 1.3810 207 83 104
3.3750 13.5000 1.8960 226 111 86
-11.5000 13.0000 5.2400 74 155 251
-4.0625 21.0000 7.3650 66 112 219
-12.8750 5.5000 1.1450 179 88 212
-6.1875 2.5000 1.1000 177 127 201
3.3125 8.5000 1.6160 226 80 143
-2.0625 9.5000 1.4500 239 48 191
-13.2500 -9.5000 0.0440 176 135 67
5.7500 -4.5000 1.1210 181 64 207
19.2500 -12.5000 3.6920 190 178 183
16.7500 -13.5000 4.0080 145 183 182
16.3125 7.0000 2.5610 215 164 108
15.7500 -16.0000 3.3090 198 211 136
-23.4375 13.0000 3.4060 104 244 229
-25.6875 7.0000 1.1780 177 97 219
-17.9375 16.5000 5.9890 63 132 254
-3.2500 6.0000 1.1960 180 73 210
20.8750 0.5000 2.9550 200 178 116
15.4375 0.0000 2.8330 204 163 100
15.8750 10.5000 2.4470 209 160 80
-2.3125 -13.5000 0.0390 152 111 110
7.3125 0.5000 1.4590 224 63 113
0.6250 -1.5000 1.0620 156 114 199
9.5625 -18.0000 1.1100 183 96 172
11.2500 19.5000 2.1440 235 143 83
7.5000 11.5000 2.4630 176 178 108
21.1250 1.0000 2.9100 202 177 109
4.2500 2.5000 1.1370 186 36 209
-1.8750 13.0000 1.6250 236 52 148
12.3750 -4.5000 4.9040 88 125 170
-17.3125 10.5000 2.2770 169 223 113
8.6250 -14.0000 1.1170 188 65 186
-9.8750 13.5000 1.6960 228 133 125
-17.0000 0.0000 0.0360 172 133 121
8.4375 14.5000 2.3400 202 166 101
-17.8750 -27.5000 0.0370 174 126 28
22.8750 -20.0000 4.4320 147 168 187
-1.6250 17.5000 1.7550 244 72 148
-8.7500 -5.5000 0.0320 177 127 93
-17.1250 -6.5000 0.0340 162 130 69
4.3750 17.0000 2.0670 230 140 81
10.8750 -16.0000 1.1200 201 59 165
8.6875 -16.0000 1.1030 181 100 203
16.6250 3.5000 2.7100 200 172 111
-22.7500 4.0000 1.0660 186 133 191
6.6875 -17.0000 1.0590 171 143 180
-19.5000 14.0000 1.7560 220 140 91
-7.0625 2.0000 1.0500 170 132 199
-8.6875 -5.0000 0.0440 179 153 92
-6.1875 15.0000 1.6550 227 111 118
-10.0000 18.5000 7.8220 55 132 215
-14.8125 17.0000 7.3030 55 121 225
-11.5625 -16.5000 0.0440 186 138 39
11.8125 0.5000 2.9840 162 199 145
7.8750 13.0000 2.4700 188 196 114
-4.3750 18.0000 5.5410 84 138 253
-9.0625 -7.5000 0.0380 176 138 76
14.3125 -1.0000 3.0900 182 188 143
12.6250 -15.0000 2.6600 175 217 106
9.8125 -2.5000 2.1480 205 173 45
-7.1250 -15.5000 0.0390 169 136 56
-9.5625 16.5000 7.3060 55 128 223
2.1875 -20.5000 0.0360 162 130 95
4.2500 -6.0000 1.0900 180 101 203
-26.5000 5.0000 1.0930 171 108 212
-18.0625 14.0000 4.4930 90 170 253
-10.3750 -25.0000 0.0350 196 117 64
-5.0625 -6.0000 0.0450 175 118 101
-19.3125 -26.5000 0.0360 198 130 23
-11.0000 17.0000 7.2820 51 126 231
-9.0000 10.0000 1.3870 201 73 187
0.0000 1.5000 1.0690 172 130 193
3.8750 9.0000 1.6570 229 84 133
23.0000 -15.5000 4.0980 181 147 170
13.0000 14.5000 2.2730 222 148 101
16.5625 -15.0000 3.9200 151 190 176
14.3750 -8.5000 3.5130 179 188 150
-16.3125 -28.0000 0.0360 177 137 68
-9.6250 13.5000 3.4930 110 223 252
2.6250 -6.0000 1.0460 170 144 188
8.1250 13.5000 2.3900 194 189 103
14.9375 14.5000 2.2480 221 138 83
-7.6875 -8.0000 0.0480 180 124 72
15.1875 -2.5000 3.0450 188 176 121
19.1250 -6.0000 3.3150 209 187 146
-25.8750 -12.0000 0.0400 183 143 74
11.4375 -3.0000 5.5160 98 109 173
8.0625 -20.0000 1.0710 170 139 173
5.8125 -16.5000 1.0380 178 166 158
22.6875 -18.5000 4.2990 161 174 182
-0.4375 -11.0000 0.0410 175 120 100
10.8750 0.0000 2.6620 178 198 114
-16.6250 1.0000 0.0320 172 100 129
20.5625 -18.5000 4.1600 151 196 206
-7.6250 21.0000 7.3350 65 130 220
-4.0000 -23.0000 0.0380 171 122 64
21.0000 -18.0000 4.1340 154 193 200
-0.5625 -6.0000 0.0420 158 153 86
-22.0625 12.0000 3.7530 92 209 232
-12.9375 19.5000 7.3200 61 134 226
21.5000 18.0000 1.3770 226 59 96
6.9375 3.0000 1.6360 225 94 89
8.7500 12.0000 2.4460 188 169 100
-15.0625 5.5000 1.1390 183 91 225
6.7500 -3.5000 1.1190 191 51 180
-4.0000 -26.5000 0.0400 187 121 66
-8.1250 11.0000 1.4960 219 84 163
-4.7500 6.5000 3.3300 110 231 254
17.5625 19.0000 2.3610 201 187 84
14.9375 -6.5000 3.4600 189 181 141
9.9375 -9.5000 1.1490 199 69 149
-23.6875 -22.0000 0.0350 197 140 55
21.0000 -14.5000 3.9570 178 162 189
20.4375 -20.5000 4.4200 137 180 189
1.7500 -4.5000 1.0260 165 136 195
-23.2500 10.5000 2.1080 176 207 89
18.0625 -16.0000 4.1540 136 187 191
-16.3750 13.5000 1.6900 225 129 106
0.2500 -4.0000 0.0400 173 106 85
12.6250 -2.5000 4.2900 127 109 181
20.5000 16.5000 2.7290 172 223 134
-0.3125 1.5000 1.0590 173 130 198
16.0000 -11.0000 3.8150 162 185 175
3.8125 -0.5000 1.1110 177 41 208
7.6250 1.5000 1.9950 206 167 59
5.9375 19.0000 2.1580 229 143 83
-10.5625 -6.0000 0.0440 183 140 87
1.6875 -8.0000 0.0320 159 95 100
-5.5000 -24.0000 0.0410 179 127 78
3.6875 6.5000 1.3850 222 43 165
0.9375 10.0000 1.6220 232 66 131
-17.0000 21.5000 7.2930 69 117 224
15.3125 2.5000 2.7190 209 172 91
-10.6875 5.5000 1.1500 172 95 222
0.3125 21.0000 1.9550 231 118 110
7.7500 -11.0000 1.0990 194 57 177
-26.1875 -3.5000 0.0370 165 118 105
-11.8125 3.5000 1.0930 169 104 215
-9.5000 -10.5000 0.0360 162 137 50
3.3750 9.5000 1.6840 232 71 104
17.8750 18.5000 2.4020 197 190 92
7.1250 -5.5000 1.1400 192 47 167
-18.8125 -25.0000 0.0450 194 129 27
0.6250 14.0000 1.7840 237 81 119
-19.1250 11.0000 3.9030 89 199 246
-0.7500 20.0000 1.9200 238 127 109
22.8750 0.5000 3.2320 184 153 139
-24.1875 -8.5000 0.0440 186 119 100
17.1250 -17.0000 3.7150 165 206 169
-8.1875 -3.5000 0.0320 171 149 100
-18.7500 -2.5000 0.0330 162 100 139
12.4375 -5.0000 4.9110 106 117 163
12.7500 14.0000 2.2720 222 157 86
14.8125 -27.5000 1.0830 183 100 186
2.4375 9.0000 1.6090 225 78 138
-23.1250 -13.0000 0.0360 200 131 51
20.9375 4.0000 2.9850 179 195 155
4.8750 -18.0000 0.0400 154 129 95
-3.1875 8.5000 1.3560 209 54 212
-15.8125 -19.5000 0.0350 192 140 32
15.7500 -13.0000 4.5670 121 143 188
22.1250 -1.0000 3.1980 186 173 146
-8.2500 -6.0000 0.0320 179 122 88
22.8750 -3.0000 3.4190 186 159 155
15.3125 0.5000 2.7740 213 161 92
-25.5000 10.0000 1.2150 187 57 215
2.8750 -1.0000 1.0880 164 99 195
-25.8750 16.0000 2.8250 136 227 205
-12.3750 7.5000 1.1790 182 80 228
-5.6250 15.0000 1.6710 229 119 130
6.8125 -5.5000 1.1020 183 54 192
-12.7500 3.5000 1.0650 170 132 207
-16.9375 -7.0000 0.0160 164 125 64
-16.5000 20.0000 7.3010 56 123 231
3.6875 -8.0000 0.9770 164 96 193
16.5000 -4.5000 3.1280 198 195 136
19.7500 14.0000 3.6660 125 175 204
15.0000 -15.0000 4.1200 118 161 189
9.8125 6.0000 2.6940 185 185 138
1.3125 1.0000 1.0610 179 88 212
6.2500 -23.5000 0.0390 167 110 105
17.4375 20.0000 2.3460 196 183 83
-20.0000 10.0000 1.6630 219 126 104
7.5625 10.0000 2.5080 178 188 116
14.0000 0.0000 3.0300 180 187 130
-20.8750 15.0000 4.4700 82 184 254
-21.1250 0.5000 0.0430 172 126 122
6.8750 11.5000 3.6770 130 168 211
23.0625 15.5000 1.3360 215 56 86
10.7500 -4.0000 2.8940 157 199 148
12.9375 2.5000 2.8650 187 174 135
20.6875 -18.5000 4.1480 151 196 206
-7.7500 19.5000 7.3230 56 138 227
22.1250 -14.0000 3.9560 184 156 173
12.6250 -1.5000 3.1210 177 181 144
21.3750 -1.5000 3.0560 196 187 141
6.2500 -14.5000 1.0760 176 127 176
-8.3125 17.5000 7.2940 58 141 226
13.2500 -24.0000 1.0860 191 73 223
-10.1875 -24.5000 0.0360 191 115 66
7.6250 14.5000 2.3280 192 178 97
-12.0000 -11.0000 0.0400 161 155 62
3.4375 -7.0000 1.0940 170 100 200
-9.6250 19.0000 7.3190 59 138 218
-19.6250 -17.0000 0.0440 192 137 46
16.6875 18.5000 2.3520 205 179 88
-21.5000 5.5000 1.1490 181 134 208
6.4375 11.0000 2.3870 178 187 100
-2.6250 13.5000 1.6110 230 47 158
11.6250 12.0000 2.2250 218 141 67
6.0000 -24.5000 0.0370 165 111 90
-23.6875 6.5000 1.1510 177 75 223
-18.8750 -17.5000 0.0360 189 175 37
9.3750 -5.0000 2.5840 152 189 135
-24.0000 18.5000 7.3010 54 138 221
-19.8750 -10.0000 0.0260 180 125 62
-22.2500 10.5000 2.2040 165 211 103
-1.6875 -22.0000 0.0330 166 129 81
14.3125 -23.0000 1.1100 200 82 186
-23.1875 -0.5000 0.0360 167 85 115
-17.5625 -25.5000 0.0310 181 150 51
8.8125 -26.5000 0.9210 162 151 164
9.5625 -19.5000 1.1010 188 73 181
-5.4375 8.0000 1.2620 190 61 231
-4.5625 -20.5000 0.0410 182 130 72
4.9375 9.5000 1.7890 235 93 75
14.2500 11.5000 2.3900 210 149 93
-2.0625 17.5000 1.7440 254 87 123
12.5625 -20.5000 1.1530 205 73 152
-13.8125 -25.5000 0.0360 190 132 61
14.8750 16.5000 2.1840 228 140 73
4.4375 -16.5000 0.0450 169 104 112
-8.5000 -24.0000 0.0620 181 141 75
-9.8125 15.5000 7.5590 53 130 221
9.6875 -3.0000 3.6620 119 167 211
-17.3125 0.5000 0.0400 170 109 130
2.5625 22.0000 2.0720 219 120 101
-21.1250 -15.0000 0.0340 185 141 58
-24.5000 -23.5000 0.0420 189 133 48
-10.5000 20.0000 7.3080 56 137 225
-26.3125 -19.0000 0.0390 188 136 73
-21.8750 17.0000 4.4580 87 168 254
6.2500 -14.0000 1.0670 177 96 182
5.4375 19.0000 2.1700 230 149 83
-8.3750 1.5000 0.0510 155 105 139
-7.2500 7.5000 1.2260 199 72 237
-6.0000 11.0000 1.3950 219 64 186
-26.2500 20.0000 7.3170 76 127 217
2.8750 5.5000 1.2590 196 48 206
16.0625 -10.5000 3.7820 172 196 179
11.2500 -5.5000 3.0110 146 198 163
-9.0625 18.5000 7.3240 63 139 225
11.4375 -21.5000 1.1290 197 76 170
-10.8750 3.5000 1.0790 172 98 213
-9.6875 12.0000 1.8830 206 178 94
-23.6875 -28.0000 0.0450 176 121 52
-21.1875 -22.5000 0.0350 187 144 33
-5.7500 8.0000 1.7390 208 131 117
-23.6875 -17.0000 0.0330 180 131 43
-16.6250 11.0000 2.1370 180 209 94
11.3750 2.5000 2.8180 176 197 131
-13.3125 -24.5000 0.0400 187 129 56
6.0000 -19.0000 0.0700 158 123 96
-2.6250 21.0000 7.4370 75 111 216
10.1875 -23.5000 1.0810 197 95 189
23.1250 0.0000 3.2970 183 158 146
2.1250 11.0000 1.7050 228 88 121
-14.6875 16.5000 7.2620 53 124 226
-16.4375 20.5000 7.2350 60 121 229
20.9375 -11.0000 3.7300 187 177 167
-11.2500 -14.0000 0.0410 190 157 53
12.5625 8.5000 2.3460 217 156 65
-17.1875 13.0000 2.0410 195 197 76
-3.0000 22.0000 7.3350 80 116 222
-21.1250 10.0000 1.3450 202 72 184
-19.3125 -26.0000 0.0300 199 129 24
-3.6875 14.0000 1.5730 230 74 159
12.5625 13.0000 2.3280 207 144 92
8.6250 4.5000 2.5130 176 200 111
7.6875 -2.0000 1.8800 216 154 66
-15.3125 9.5000 1.7660 208 140 117
10.1875 -5.0000 2.6970 168 193 120
10.6875 -22.0000 1.1190 198 73 176
15.8125 -26.0000 1.0100 182 101 199
0.0000 11.0000 1.6140 233 79 146
21.3750 0.5000 2.9600 199 174 112
10.6875 9.0000 2.5560 189 184 118
-0.4375 15.0000 1.7650 243 71 134
-11.3125 -17.0000 0.0400 188 137 33
-2.3125 -11.5000 0.0360 164 115 109
-23.3125 9.5000 1.2310 203 51 210
8.8750 20.0000 2.0060 251 108 85
-16.2500 3.0000 0.7250 161 171 163
23.2500 -9.5000 3.6300 197 151 146
4.6250 0.0000 1.0830 178 37 209
-24.6875 19.0000 7.2760 57 137 222
11.7500 -7.5000 2.8610 152 213 146
-8.8125 10.5000 1.4230 207 76 180
-24.4375 -14.0000 0.0400 201 144 47
19.5625 -11.0000 3.6850 187 173 174
7.0000 -16.0000 1.0700 173 114 210
-8.9375 -27.5000 0.0320 172 129 55
-3.0625 2.5000 1.1110 181 120 187
8.1250 -7.5000 1.1050 192 50 169
3.3125 -8.0000 1.0460 162 176 178
-13.9375 -4.0000 0.0430 158 128 97
-21.7500 10.0000 1.2250 192 57 213
-0.6875 -11.0000 0.0370 175 120 101
10.3750 -8.0000 2.2280 194 183 57
3.4375 15.5000 1.9800 226 119 92
12.6875 -2.0000 3.1670 162 184 151
8.1875 1.0000 1.9840 208 163 55
18.6250 -6.5000 3.3540 194 196 153
-11.0625 14.0000 2.2430 177 224 115
-4.6250 18.0000 1.6580 251 98 131
-7.4375 9.5000 1.2820 195 72 196
9.5000 5.0000 2.5430 189 190 105
14.4375 7.0000 2.5620 203 166 88
4.1250 3.0000 1.1780 191 39 206
-25.1875 6.5000 1.1590 179 97 218
-23.6250 17.0000 1.7110 235 99 107
-4.6875 -18.0000 0.0290 172 129 86
1.0625 -25.0000 0.0400 173 146 100
22.1875 11.0000 3.2600 140 181 164
-22.6250 -5.0000 0.0380 165 107 72
-13.0000 -22.5000 0.0300 181 157 35
-4.5000 11.5000 1.4750 222 59 178
17.1875 -11.5000 3.8520 171 185 179
21.8125 3.0000 3.0750 175 176 145
-24.9375 4.0000 1.0880 179 133 196
8.5625 12.5000 2.4500 193 188 106
21.6250 7.0000 2.9130 171 199 132
-2.1250 6.5000 1.2760 190 57 208
8.3125 -21.5000 1.0860 169 176 166
-7.5000 16.5000 7.3010 57 127 221
16.4375 6.0000 2.6140 213 162 111
-4.0000 -15.0000 0.0430 159 149 67
19.3750 5.0000 2.6790 201 179 104
-8.8750 2.5000 1.0560 172 127 231
-25.6875 -12.0000 0.0400 184 142 73
3.8125 18.5000 2.0680 243 130 85
12.8125 -8.0000 2.9710 166 194 132
-14.1875 13.0000 1.6720 230 116 113
4.4375 -5.0000 1.0890 180 66 220
-22.1875 3.0000 0.0300 176 85 126
1.2500 21.0000 2.0210 224 120 101
3.8750 6.5000 1.4270 227 45 156
15.9375 -20.5000 2.8310 177 219 119
19.1875 3.5000 2.7260 205 171 110
23.2500 8.0000 7.5580 93 85 110
22.3750 16.0000 1.3280 220 65 94
-24.5000 -11.5000 0.0410 184 142 70
-16.4375 -22.5000 0.0410 187 148 45
-5.8125 2.5000 1.0770 182 123 210
7.3750 -6.0000 1.1030 187 52 185
-5.1250 16.0000 1.6650 236 99 113
-7.6250 -15.5000 0.0290 170 138 57
-4.1250 11.5000 1.4730 232 46 176
13.5000 -11.0000 3.1110 174 223 141
8.9375 21.5000 2.0410 240 112 100
20.5625 18.5000 2.7650 162 237 142
13.6875 15.5000 2.2080 227 143 80
-16.5625 5.0000 1.0820 177 154 206
17.3125 -8.5000 3.3860 202 206 154
8.8750 -26.5000 1.0450 166 152 168
9.6250 -7.0000 2.4160 172 189 96
17.0625 15.5000 2.4190 201 183 97
-21.5625 14.0000 1.6560 228 122 108
-8.5000 -25.0000 0.0320 188 131 70
-19.6875 12.0000 4.2280 86 167 243
-0.2500 -28.0000 0.0400 165 133 82
5.2500 -3.5000 1.1050 177 64 216
16.9375 18.5000 2.3370 206 180 82
-16.5000 14.5000 4.4570 97 153 254
7.8125 7.5000 2.5650 178 196 124
-3.5625 15.5000 1.6470 234 91 115
-3.4375 7.5000 1.3070 195 68 216
6.1875 -28.0000 0.0430 158 80 88
-6.5000 1.5000 0.7970 155 130 192
-4.3750 -18.5000 0.0480 174 131 86
-1.6875 3.5000 2.9300 123 228 235
-1.8125 -4.5000 0.0310 170 126 75
-11.5000 3.0000 1.0510 178 144 207
-0.6250 3.5000 1.1240 179 51 202
0.4375 9.5000 1.5420 221 56 148
-5.3125 -11.0000 0.0460 160 136 72
23.1250 5.5000 6.3320 109 97 114
17.5625 -27.0000 0.8300 184 114 166
17.9375 6.5000 2.5720 214 160 105
19.7500 -4.5000 3.2270 210 193 147
9.1875 -23.0000 1.0810 188 125 149
21.2500 3.5000 2.9760 180 189 149
-22.5625 -1.5000 0.0320 174 90 106
-22.8125 -24.5000 0.0330 183 110 52
13.1250 -18.5000 2.9030 150 218 176
-3.5000 -1.0000 0.0390 147 121 107
-11.8750 8.0000 1.2250 185 68 237
20.7500 15.0000 3.5870 118 192 195
20.5000 -17.5000 4.1190 156 191 194
12.3125 12.0000 2.3220 209 146 76
-6.8125 -6.0000 0.0530 179 150 84
11.8750 -27.0000 1.0530 177 89 196
-2.7500 18.0000 1.8460 241 109 128
13.0625 -12.5000 3.7720 138 189 189
-0.4375 -12.0000 0.0400 165 137 103
-13.5000 -16.0000 0.0310 192 150 49
5.5000 -25.0000 0.0440 171 112 90
5.9375 -9.5000 1.0940 188 83 185
-16.1250 15.0000 5.3620 83 137 252
18.8750 4.5000 2.6720 203 181 102
-7.4375 3.5000 1.0940 181 74 246
13.3750 -6.5000 3.1700 196 185 130
-4.1875 14.0000 1.5600 233 73 160
14.3125 -8.5000 3.4170 187 191 141
-14.8750 -16.5000 0.0370 188 159 54
6.0000 7.0000 2.1540 184 185 77
0.9375 6.0000 1.3150 200 57 196
1.4375 -9.5000 0.0360 170 109 100
6.4375 -2.5000 1.1190 184 38 179
11.4375 -21.0000 1.1080 194 78 171
15.6250 -5.5000 3.3900 191 174 144
-20.8750 -23.5000 0.0360 180 130 41
5.5625 -10.5000 1.0840 176 129 194
4.4375 -11.5000 1.0460 170 143 192
18.5625 1.5000 2.8570 202 171 113
9.5625 -5.0000 3.8250 106 163 223
7.3750 7.5000 2.4690 183 192 109
-4.8750 10.5000 1.4130 226 48 186
7.6875 20.5000 2.0520 241 119 92
-7.3750 12.5000 1.6070 237 106 142
16.6875 -24.0000 1.1050 198 114 178
-3.1875 7.5000 1.3020 193 68 216
-4.3750 -14.5000 0.0460 174 141 63
14.3125 10.0000 2.4050 217 159 87
-19.2500 -26.5000 0.0340 180 132 31
-20.3125 15.0000 5.4920 65 153 240
10.8750 13.0000 2.2240 223 158 75
-24.4375 17.0000 1.7620 228 115 106
18.3750 5.5000 2.6030 212 150 96
22.4375 11.5000 2.8670 166 188 124
17.1250 -18.0000 4.0070 134 191 198
22.3125 9.5000 3.6910 131 158 169
11.0000 -23.5000 1.1030 196 67 172
-19.1875 16.0000 3.1340 128 241 238
-10.1250 12.0000 2.3220 161 225 122
14.9375 15.5000 2.2360 225 145 80
15.4375 -18.5000 4.1690 112 177 190
-19.7500 21.5000 7.2820 71 131 223
-1.8125 17.0000 1.7270 250 67 149
-11.0000 8.0000 1.2350 192 67 233
-18.4375 -19.0000 0.0390 188 161 44
19.8125 9.5000 2.6800 182 202 110
14.4375 -22.5000 1.1300 204 81 183
-4.9375 6.0000 1.1940 192 73 235
-10.1250 -27.5000 0.0440 174 139 59
7.2500 -19.5000 1.0440 166 144 178
22.0000 -6.5000 3.3720 196 178 157
1.1250 12.5000 1.7560 242 78 114
-23.3750 -7.0000 0.0290 187 125 91
10.3750 -12.0000 2.6790 153 222 142
16.3750 11.5000 2.3800 212 154 78
7.5625 -13.5000 1.0820 186 64 197
-13.9375 0.0000 0.6730 163 214 107
12.1875 -26.5000 1.0910 183 84 199
-7.3750 5.5000 1.1510 185 77 244
-7.6250 -21.0000 0.0360 170 148 62
4.4375 -3.0000 1.1080 178 58 221
-0.2500 7.5000 1.4120 204 67 177
12.0000 -4.5000 2.7500 173 192 101
5.3125 5.0000 1.4360 216 68 135
15.5000 19.5000 2.2960 215 173 83
13.6250 -22.5000 1.1470 204 80 184
-6.6875 3.0000 1.0630 169 112 212
-18.8125 15.5000 5.3760 74 133 254
21.8125 -4.5000 3.2710 207 183 134
13.2500 -1.5000 3.0880 180 187 142
20.6250 -14.0000 3.9300 180 175 181
4.3750 -12.5000 1.0310 177 133 182
-11.7500 -10.5000 0.0310 161 155 62
23.2500 11.0000 2.4720 192 171 56
-1.9375 -7.5000 0.0320 144 136 83
12.0625 -24.5000 1.1070 185 81 203
17.1250 -1.5000 2.9900 190 183 128
-4.9375 -7.5000 0.0320 172 139 104
7.0000 -21.5000 1.1800 165 196 160
-16.5000 -9.5000 0.0370 184 145 51
14.8125 -7.5000 3.5670 178 185 157
4.4375 1.5000 1.1600 192 36 204
8.7500 3.0000 2.7680 154 198 143
22.1875 -20.5000 4.3800 146 173 195
-8.3125 -6.0000 0.0410 179 125 90
13.0625 -9.5000 3.5730 153 200 170
10.5000 16.0000 2.1180 233 140 73
-21.3750 19.5000 7.2850 50 130 235
-23.4375 -14.5000 0.0330 203 135 40
20.7500 1.0000 2.8570 205 178 104
-10.3125 11.0000 2.0910 184 223 91
10.8125 -6.5000 2.5700 162 201 113
-17.2500 2.5000 0.0380 164 97 143
-21.6875 21.5000 7.2870 61 146 214
-10.7500 -13.0000 0.0350 187 154 57
18.6250 -18.5000 4.3910 127 181 204
18.3750 21.0000 2.7630 149 211 151
20.0625 4.5000 2.6980 202 186 107
10.3125 -12.0000 1.0760 197 70 171
10.7500 -5.5000 2.9100 152 198 153
-5.4375 5.5000 1.1610 189 72 237
-11.4375 2.5000 1.0110 167 166 162
7.3750 21.5000 2.0540 232 113 104
-21.6250 -18.5000 0.0380 212 144 54
20.6875 -22.5000 4.7570 109 184 199
12.1250 -16.5000 2.5780 153 220 130
-6.2500 18.5000 7.3390 64 116 220
12.6250 17.5000 2.1360 237 136 83
-13.5625 21.5000 7.3170 74 128 217
12.0625 -10.5000 2.8000 154 217 137
-16.8125 -18.5000 0.0350 191 148 41
6.8125 -15.5000 1.0620 169 117 213
15.5000 12.5000 2.3500 205 141 81
6.0625 19.5000 2.1650 226 142 87
1.5000 -3.5000 1.0460 162 138 196
-19.8750 -1.0000 0.0330 155 100 106
-23.0000 2.0000 0.0350 164 94 121
9.0000 -22.5000 1.0760 174 170 159
-16.6250 -9.5000 0.0440 184 148 52
4.5000 -10.5000 1.0630 173 137 201
19.3750 12.5000 2.5540 190 191 95
-8.0000 -2.0000 0.0470 157 125 113
15.2500 -2.0000 2.9060 199 176 106
-17.7500 1.5000 0.0360 167 105 140
-5.3125 9.5000 1.3760 219 48 190
12.1875 -1.5000 3.1340 145 198 152
11.6875 -8.0000 2.8120 155 213 142
-7.2500 21.0000 7.2940 66 130 219
13.3750 -24.5000 1.0600 192 70 225
20.7500 -7.5000 3.4580 185 192 174
-4.9375 -22.5000 0.0380 170 131 68
8.5625 -22.5000 1.0770 173 174 163
19.1875 -10.5000 3.6260 190 176 175
15.5625 10.5000 2.4120 211 156 73
14.5000 -7.5000 3.5360 179 187 156
-22.6875 15.5000 4.4830 87 176 253
13.8125 -19.0000 2.9400 148 224 180
15.1875 1.0000 2.8080 203 176 102
-25.5000 12.5000 2.5310 145 216 155
13.5000 -8.0000 4.5340 113 149 173
9.2500 -26.0000 1.0550 170 142 177
-17.0000 16.5000 4.5010 90 167 254
22.0625 12.0000 3.6770 129 166 179
22.1250 -8.0000 3.5250 196 162 155
20.7500 -4.5000 3.2210 210 192 140
-3.6875 -13.0000 0.0430 169 134 66
21.5000 14.0000 3.4160 129 190 188
17.5000 -20.5000 3.2160 170 226 146
-9.6250 -9.5000 0.0170 180 157 52
-18.8125 -14.0000 0.0370 176 148 47
-15.7500 14.0000 5.5580 71 161 243
-5.7500 -19.5000 0.0420 177 141 79
12.5625 -0.5000 3.0630 158 194 136
-19.1250 -9.5000 0.0260 175 123 59
23.2500 -17.0000 4.2060 167 172 178
2.8750 -8.0000 1.0440 174 194 160
23.1250 -1.0000 3.3150 181 157 146
-14.6250 13.0000 1.6500 229 111 120
19.6250 -5.0000 3.2930 207 191 150
-7.0625 20.0000 7.3200 59 134 222
6.7500 -19.0000 1.0490 163 147 180
-7.0000 -19.5000 0.0350 186 141 43
-9.1875 5.0000 1.0960 180 73 229
-22.5000 17.0000 7.5420 42 129 219
22.4375 -21.5000 4.4860 141 170 191
-25.8125 -17.0000 0.0350 174 139 68
3.9375 22.0000 2.1840 209 134 113
10.9375 -15.0000 1.1360 200 64 161
-11.0625 13.5000 5.2580 75 155 254
-26.1875 10.5000 1.2380 179 71 197
-19.9375 16.0000 5.4660 64 152 251
-20.9375 -1.0000 0.3560 173 161 108
17.9375 -16.0000 4.1270 137 187 190
19.2500 12.0000 2.5740 186 183 107
-2.2500 -4.0000 0.0370 166 127 79
-25.3125 19.0000 7.3290 64 133 220
21.1250 17.0000 2.6940 173 218 125
7.0000 -18.5000 1.0710 164 146 182
6.3750 -0.5000 1.1330 195 52 176
9.8125 -17.0000 1.1070 180 71 169
-14.5000 6.5000 1.1680 185 74 232
-4.0000 -15.0000 0.0370 159 149 66
-15.1875 -18.0000 0.0330 179 140 56
12.0000 -19.0000 1.1480 202 74 171
14.6250 -14.0000 3.5300 153 215 160
7.6250 11.0000 3.1010 142 188 189
-7.1250 3.5000 1.0850 181 74 245
10.2500 -7.0000 3.9560 112 162 212
14.6875 6.0000 2.5830 209 153 91
0.4375 -0.5000 1.0670 163 121 209
20.0625 -17.0000 4.0280 160 194 203
-16.3125 0.5000 0.0350 172 103 124
-2.1875 -22.5000 0.0360 165 133 79
13.9375 -27.0000 1.0990 189 79 196
14.3125 8.5000 2.4140 215 149 69
5.7500 5.5000 1.6380 223 84 87
-1.6250 0.5000 0.0440 173 82 157
-9.5625 -26.5000 0.0450 177 133 64
-0.2500 -11.0000 0.0360 162 123 101
-5.5000 -12.0000 0.0390 161 117 72
11.3125 14.0000 2.2110 223 153 77
19.0000 5.0000 2.6550 204 177 97
-4.6875 -21.0000 0.0360 165 134 70
17.6875 -19.0000 3.7400 150 214 190
17.4375 6.5000 2.6340 210 172 119
3.8750 18.5000 2.0820 241 132 86
7.0625 -10.5000 1.0940 190 55 184
3.3750 10.0000 1.7370 234 73 95
-13.1250 2.5000 1.0440 175 154 182
5.1875 9.0000 2.0510 200 160 71
11.3125 20.5000 2.1420 228 133 90
22.7500 17.0000 1.3810 222 63 85
20.1250 17.0000 2.7000 173 219 132
4.2500 0.5000 1.1190 188 28 205
12.5625 9.5000 2.3710 203 150 88
11.7500 20.0000 2.1670 228 141 88
-20.8125 14.5000 1.7020 226 137 117
-12.8750 4.0000 1.0800 179 121 200
14.4375 20.5000 2.1020 233 131 78
13.3750 -13.5000 3.9340 125 181 191
5.0625 -14.5000 1.0240 183 133 169
-12.2500 -3.5000 0.0330 164 125 90
1.5000 3.5000 1.1380 180 45 221
-9.6875 -15.5000 0.0340 175 129 39
-25.7500 14.5000 1.6750 218 106 112
-13.8125 3.5000 1.0710 180 120 204
-20.7500 -24.5000 0.0460 191 142 40
9.3750 4.5000 2.4260 199 187 82
10.8125 13.0000 2.2000 226 155 71
8.3750 -18.0000 1.0910 168 134 177
-12.7500 17.0000 7.3180 64 125 213
-17.8125 1.5000 0.0340 167 105 140
-10.0000 2.5000 1.0590 173 126 178
-21.3125 10.0000 1.2700 193 67 199
-18.1250 17.5000 7.3320 56 131 230
11.3125 -16.5000 1.1400 204 62 156
4.0000 -9.5000 1.0310 165 141 209
19.9375 19.0000 2.6880 166 232 130
-24.4375 -21.0000 0.0370 193 134 66
-21.9375 -7.5000 0.0360 186 124 75
-22.9375 9.5000 1.2380 204 52 208
11.8750 -18.5000 1.1440 200 74 175
-23.5000 8.0000 1.2080 181 75 224
-20.2500 15.5000 1.7090 232 125 117
-23.6875 -22.5000 0.0350 199 139 54
-2.5000 -15.0000 0.0350 151 104 111
-24.8125 6.5000 1.1170 178 95 219
13.8125 -8.0000 4.8610 106 140 163
10.0625 -12.5000 1.1410 198 65 174
4.6875 -7.0000 1.0820 175 86 203
-1.1875 -15.0000 0.0400 171 113 99
14.2500 9.0000 2.4470 212 156 92
-21.0000 8.0000 1.1720 199 60 234
-19.8125 9.5000 1.2480 194 73 192
9.0000 -24.0000 1.0470 188 154 168
8.9375 -26.0000 1.0660 170 146 175
-22.8750 8.5000 1.2110 192 53 218
20.4375 -4.5000 3.2230 210 194 144
-18.9375 -6.0000 0.0410 172 127 71
13.4375 -6.5000 3.1640 196 185 129
6.9375 20.0000 2.1180 233 133 93
-6.5000 14.0000 1.6530 225 114 134
-19.0000 10.5000 3.3710 108 234 235
1.6250 -4.5000 1.0540 166 138 195
14.0000 12.5000 2.3530 214 156 99
23.0000 7.5000 3.6230 133 158 155
23.5000 6.0000 6.2110 110 97 116
-5.3125 18.0000 7.2890 64 125 219
-8.5625 3.5000 1.1010 177 73 251
5.6250 1.5000 1.1830 190 51 191
-15.5625 -1.0000 0.0420 182 130 111
-3.6250 20.5000 7.3390 71 116 221
20.5625 -14.0000 3.9040 181 176 181
-21.6250 -25.0000 0.0380 192 143 40
-16.3750 14.5000 2.4280 155 219 144
-5.3750 4.0000 1.1190 187 72 235
3.7500 21.0000 2.1470 219 137 104
-12.8750 4.5000 1.1020 179 117 204
-0.3125 8.0000 1.4170 206 67 178
12.0625 21.0000 2.1100 228 121 83
-14.3750 16.0000 2.7410 143 242 213
-13.8750 -26.0000 0.0430 190 133 62
-21.6250 7.5000 1.1910 197 63 232
10.2500 -14.5000 1.1260 202 68 182
11.7500 -11.0000 2.6340 163 212 113
7.8125 -16.0000 1.0980 179 105 208
-24.3125 7.5000 1.1870 178 74 225
7.5000 -1.0000 1.1910 199 42 162
-7.7500 5.5000 1.1490 185 75 247
-21.9375 -27.0000 0.0330 185 132 42
11.0000 21.0000 2.1470 224 130 96
12.1250 -25.0000 1.1200 185 81 199
22.5000 11.5000 2.1540 218 153 24
0.6875 12.5000 1.7100 241 60 127
14.8125 -5.5000 3.4400 168 187 156
21.6875 -3.0000 3.1350 197 174 139
10.1875 -3.5000 2.3240 191 177 70
9.2500 1.5000 2.5870 157 200 127
2.3125 -3.5000 1.0560 165 134 194
-0.7500 2.0000 1.1170 177 130 198
-19.1250 5.5000 1.1310 184 110 206
18.6250 -16.5000 4.2350 134 182 188
-2.0625 -1.5000 0.0360 149 107 115
-22.1875 14.5000 4.5350 84 162 245
-21.9375 -20.5000 0.0340 198 149 42
-4.8125 -9.5000 0.0320 155 136 72
-16.4375 14.0000 1.6600 224 124 113
21.6875 8.5000 3.6410 128 170 182
-25.1250 -6.5000 0.0250 152 112 91
21.0000 -12.5000 3.8650 186 177 184
-9.0625 8.5000 1.2590 195 70 219
19.1250 -20.5000 5.5390 89 158 164
6.1875 -18.0000 1.0400 178 158 163
14.5625 -3.5000 3.2540 177 196 151
15.9375 -17.5000 3.2880 178 220 127
20.5625 -23.5000 4.7950 114 180 198
13.6875 -15.0000 4.1480 105 164 207
23.1250 -19.0000 4.3710 160 167 172
-25.6875 5.5000 1.1110 177 101 214
15.0000 16.0000 2.2160 226 144 77
-5.7500 7.0000 1.2620 187 62 229
6.7500 4.0000 1.9360 215 141 56
-21.4375 2.5000 0.0360 160 80 140
7.2500 -22.5000 0.3080 171 115 143
8.3750 8.0000 2.5670 179 192 124
-22.2500 -0.5000 0.0320 167 123 101
6.3750 16.0000 2.2060 201 157 93
9.9375 -24.5000 1.0750 178 89 216
9.5000 -9.0000 1.1390 196 66 157
-17.5625 -5.0000 0.0270 184 126 89
-12.1875 -23.0000 0.0380 171 136 55
9.5625 1.5000 2.6880 175 193 122
-8.8125 3.5000 1.0670 173 73 254
-13.8125 1.5000 0.0540 160 92 121
12.8125 -4.0000 3.2370 172 193 155
6.6875 -24.0000 0.0370 168 76 112
-2.2500 21.0000 1.9000 227 135 134
16.3750 -14.5000 4.7620 112 150 172
-7.9375 -3.0000 0.0420 151 127 123
-20.6250 3.5000 1.0640 174 140 202
19.7500 -23.5000 4.8990 91 203 203
2.9375 -9.0000 0.1050 162 133 123
23.1250 -16.5000 4.1370 170 167 175
5.6250 12.0000 3.4360 123 176 215
-17.8125 6.5000 1.1100 178 88 234
-13.8125 -9.0000 0.0380 174 137 71
13.2500 -24.0000 1.0900 192 74 222
-3.0000 17.0000 1.7670 235 105 127
23.3750 -27.5000 4.8760 119 196 135
16.0000 -8.5000 3.6080 188 193 164
7.1250 16.0000 2.2550 210 170 93
14.3750 0.5000 2.7890 204 178 99
20.2500 11.5000 3.5630 134 166 199
-17.2500 8.0000 1.2320 186 91 223
7.3750 -13.5000 1.0990 186 66 196
7.3750 -6.5000 1.0970 185 46 179
-11.8750 8.5000 1.2550 192 78 226
-21.3750 17.0000 4.4950 86 160 254
21.8750 4.0000 3.0500 173 183 154
-3.3750 -21.5000 0.0390 165 128 65
-4.9375 21.5000 7.3250 73 113 222
0.8125 -12.0000 0.0330 170 124 98
1.5625 -1.5000 1.0330 159 103 201
13.6250 -22.5000 1.0830 199 77 195
-5.3750 17.0000 3.2040 134 220 246
-13.4375 14.0000 5.4880 69 153 251
-11.8750 11.0000 1.4250 211 85 167
-24.1875 -27.5000 0.0340 176 124 56
-9.0000 -21.5000 0.0320 169 159 66
11.3125 -16.5000 1.1260 203 61 157
-2.5625 -17.0000 0.0420 173 124 96
19.5000 0.0000 2.9760 200 178 130
5.2500 -6.5000 1.0830 173 82 203
4.1875 0.5000 1.1310 189 29 204
-25.5625 -15.0000 0.0290 182 139 56
-16.6875 18.0000 7.3060 58 128 228
-11.9375 -3.0000 0.0250 170 124 96
4.1875 4.0000 1.2180 198 42 188
20.5625 10.5000 3.4960 133 179 198
21.3125 -6.0000 3.3210 200 184 156
-0.8750 17.0000 1.8260 243 85 133
20.5000 12.5000 3.6820 122 173 198
7.5625 -10.0000 1.1100 194 56 181
-12.3750 8.0000 1.1550 180 80 229
13.7500 16.0000 2.2280 225 148 82
-1.2500 12.0000 1.5970 227 48 152
-1.1250 14.0000 1.6950 237 69 138
-20.9375 21.5000 7.2820 62 141 211
16.1250 19.5000 2.3350 202 174 90
7.5000 -24.0000 0.0560 163 39 124
23.1875 -16.0000 4.1030 180 146 165
9.8750 11.0000 2.4680 189 164 104
-15.7500 -12.5000 0.0450 199 156 47
-21.8125 3.5000 1.0490 172 139 186
22.0000 20.0000 1.3990 220 81 110
13.1250 -18.0000 2.8800 152 218 160
-7.7500 5.0000 1.1050 184 71 254
-24.6250 -24.0000 0.0340 189 134 46
17.2500 10.5000 2.3620 214 151 61
-14.0000 11.5000 1.4450 212 98 166
-21.0625 -19.5000 0.0330 206 152 39
15.8750 -7.0000 3.5070 192 191 143
-20.5000 -8.5000 0.0380 192 133 55
-17.0000 -27.5000 0.0310 175 147 43
-16.6250 17.0000 7.3160 53 119 222
-2.5000 12.0000 1.5620 225 60 172
-21.0625 -5.0000 0.0320 177 112 94
-20.1250 2.5000 0.5940 174 150 155
-23.1875 -14.0000 0.0380 204 133 43
19.1250 9.0000 2.6260 188 183 100
21.3125 -2.5000 3.1330 197 175 142
-20.8750 -4.0000 0.0410 175 110 101
-10.5000 -7.0000 0.0340 190 136 80
-20.5000 7.0000 1.1720 202 61 227
20.6875 -1.5000 3.0130 198 192 142
19.4375 16.0000 2.3050 202 190 56
3.6250 8.5000 1.5920 227 77 144
21.0625 9.5000 2.7160 176 205 111
-15.9375 20.5000 7.3110 75 135 210
22.9375 -23.5000 4.6430 126 177 185
20.0625 -11.5000 3.7080 188 171 169
-12.3125 5.0000 1.1520 176 83 214
-23.8125 10.0000 1.2110 201 50 215
23.3750 18.5000 1.3650 214 66 93
-15.9375 -7.0000 0.0510 163 122 66
20.1250 -16.5000 4.0470 161 194 206
-9.2500 -18.5000 0.0360 186 140 40
-16.9375 -22.0000 0.0400 185 151 49
-2.1250 -2.0000 0.0290 151 106 109
8.8125 -23.5000 1.0680 188 154 172
0.6875 -16.5000 0.0370 163 107 86
8.1875 21.0000 2.0700 236 119 96
17.3750 4.0000 2.7040 202 176 112
17.3125 -25.5000 1.0320 198 111 178
12.6875 -8.0000 2.9040 167 194 128
-12.3125 -9.5000 0.0350 182 156 60
15.1250 -24.5000 1.0810 193 83 207
-12.6875 13.0000 5.5160 68 151 235
12.8125 1.0000 2.9550 178 190 124
-9.6250 9.5000 1.3860 207 77 182
10.0625 -16.0000 1.1160 196 58 174
-14.2500 9.5000 1.5830 224 110 134
-6.7500 -20.0000 0.0370 185 141 40
9.8750 -4.0000 2.4480 184 182 86
-16.8125 22.0000 7.2700 86 132 210
-24.8125 4.5000 1.1120 183 131 197
-8.1250 -0.5000 0.0400 151 124 118
-25.6250 10.0000 1.2220 184 72 224
-16.6875 -15.5000 0.0350 176 151 51
16.5000 -27.0000 1.0710 182 109 177
8.9375 -25.5000 1.0430 179 191 134
9.8750 -3.5000 5.0170 87 117 193
-21.0625 14.5000 1.6770 226 133 123
-21.0000 18.5000 7.2830 49 134 236
-9.6875 18.0000 7.3130 62 136 225
-17.4375 -10.0000 0.0370 189 151 53
5.5000 -27.5000 0.0370 160 87 91
-10.1875 -18.0000 0.0320 167 145 40
-21.8125 20.5000 7.2760 59 149 214
-4.4375 6.0000 1.2070 185 70 212
22.8125 -10.5000 3.7330 191 161 141
22.1250 -22.5000 4.5100 125 181 190
-14.0625 17.5000 7.3180 56 118 222
14.5000 -9.0000 3.4110 184 205 142
-24.5625 20.5000 7.2980 61 131 219
-2.7500 14.0000 1.6310 235 78 158
-0.4375 8.0000 1.4380 208 70 173
-7.5625 15.0000 7.3490 62 128 214
9.1875 -24.5000 1.0510 188 146 165
-10.9375 -27.5000 0.0380 189 131 52
7.2500 -12.5000 1.0970 184 66 196
-6.0625 -4.5000 0.0330 174 127 103
-19.3750 13.0000 3.3890 113 229 237
10.7500 -28.0000 0.0840 159 92 140
6.5000 -16.5000 1.0190 167 121 209
-26.0000 7.5000 1.1510 179 72 224
9.6250 -19.5000 1.1130 189 74 181
14.1875 11.0000 2.3550 218 153 82
-6.6875 17.5000 7.3560 69 125 213
-21.1875 5.0000 1.1070 175 139 208
-9.5000 18.0000 7.3240 62 128 227
2.1250 5.5000 1.2940 190 59 201
13.1875 7.5000 2.4150 215 152 71
15.6875 16.5000 2.1820 233 148 68
17.9375 10.0000 2.4020 212 153 64
-13.3125 7.5000 1.1970 186 76 229
-12.2500 -1.0000 0.0310 171 106 129
5.3125 17.5000 2.1750 222 150 83
21.1250 -14.0000 3.9610 179 172 176
9.9375 16.5000 2.1340 228 140 82
-15.3750 11.0000 2.1190 183 208 97
23.3750 9.5000 2.0120 226 129 8
-8.0000 -4.0000 0.0350 177 146 97
-23.1875 -16.5000 0.0330 181 129 41
-2.0625 11.5000 1.5510 225 59 170
-1.1250 -13.5000 0.0390 155 104 106
-2.3750 15.0000 1.6460 239 70 164
16.0000 -24.0000 1.1060 200 102 170
6.0000 -1.0000 1.1190 179 56 201
-6.3125 -17.0000 0.0390 161 135 61
-15.0625 -26.0000 0.0470 183 144 69
-5.2500 -27.0000 0.0360 181 132 66
-1.0000 13.5000 1.6770 238 65 138
1.8750 -3.0000 1.0430 161 137 194
12.1250 -11.5000 2.6820 165 208 124
16.5000 18.5000 2.3160 209 174 80
9.6250 -14.0000 1.1070 191 55 181
-6.7500 4.0000 1.0930 182 75 243
-0.4375 -1.5000 0.0350 147 99 113
-1.4375 17.0000 1.7660 249 74 142
2.6250 -23.5000 0.0430 179 136 87
4.1875 15.5000 2.0360 233 139 79
-16.7500 -18.0000 0.0360 188 151 42
-0.7500 9.5000 1.5140 237 65 169
-21.2500 7.5000 1.1820 199 61 232
12.5625 -2.5000 4.4180 124 103 177
-3.1875 12.0000 1.5150 225 51 171
-17.8750 21.5000 7.3160 69 128 218
22.2500 12.5000 1.9730 236 130 13
-10.8750 6.0000 1.1750 185 63 232
-20.7500 14.0000 3.3380 116 232 242
0.2500 -12.5000 0.0400 168 141 94
13.5000 -6.5000 4.6310 113 147 172
22.0625 -27.0000 5.0390 99 208 165
-20.0625 -2.0000 0.0390 160 98 102
10.9375 5.5000 2.6970 182 182 131
6.2500 -23.5000 0.0370 167 109 104
-25.9375 -16.5000 0.0330 170 146 69
8.5000 -4.0000 2.0850 188 188 89
-11.2500 13.5000 4.5620 90 165 254
-18.0000 18.5000 7.3130 57 129 238
-24.2500 3.0000 0.0290 147 107 153
-16.6875 6.5000 1.1470 181 90 224
13.6875 -20.5000 2.5930 168 215 137
4.8125 -20.5000 0.0410 159 129 84
-24.7500 12.5000 1.6960 222 110 81
5.1250 -19.0000 0.0390 158 126 91
-25.0000 14.5000 2.8770 130 245 200
-9.7500 12.5000 1.6740 225 133 120
10.5625 -26.0000 1.0480 173 90 202
-10.5625 10.5000 1.4960 222 94 147
9.8125 -23.0000 1.0880 195 97 193
4.6875 -13.5000 3.5040 104 248 231
-13.2500 -13.5000 0.0340 200 147 57
11.9375 21.5000 2.1180 224 118 88
9.0000 -7.0000 2.1940 173 205 92
-18.7500 15.0000 6.3170 73 132 210
3.0000 -23.0000 0.0390 165 125 112
-15.4375 17.0000 7.3070 63 130 216
6.8750 -19.5000 1.0490 164 148 178
-3.0625 9.0000 1.4010 211 72 213
-25.0000 13.5000 3.5170 106 227 231
-21.0625 -9.0000 0.0320 183 128 57
22.8750 -23.0000 4.6100 128 172 185
-13.5000 -5.0000 0.0280 162 119 90
10.6250 15.5000 2.1440 230 143 75
-10.0000 20.5000 7.2910 61 135 219
11.8750 21.5000 2.0920 226 113 86
-18.0625 -27.5000 0.0400 175 126 28
15.1250 9.5000 2.4420 213 154 91
-16.4375 10.0000 2.1970 179 214 101
-5.6875 14.5000 1.6600 230 117 132
-1.7500 8.5000 1.3870 204 65 192
6.1250 -22.5000 0.0350 163 82 123
15.8750 -2.5000 2.9290 198 163 99
-9.3125 17.0000 7.2980 56 145 231
18.0625 9.0000 2.4120 211 144 64
18.1250 -23.5000 1.1070 209 115 159
-22.7500 12.0000 3.1950 110 241 218
6.6250 20.0000 2.1530 229 143 90
-19.9375 2.5000 0.6580 172 161 152
10.8750 16.5000 2.1580 229 145 78
-16.8750 9.5000 1.2120 190 88 199
-24.3125 4.0000 1.0870 184 131 196
6.7500 9.5000 2.2300 198 166 75
-24.3125 10.0000 1.2320 199 52 211
-18.9375 21.5000 7.3300 68 132 224
-19.5625 12.0000 4.0800 90 175 245
13.7500 9.5000 2.3380 224 153 75
16.1875 1.5000 2.8220 200 177 121
11.7500 -3.5000 2.9410 159 191 133
-6.8750 -11.0000 0.0390 178 124 49
17.5625 15.0000 2.3950 201 178 90
14.6875 4.5000 2.6130 221 175 103
-6.8750 14.5000 1.6840 231 112 126
10.3750 6.0000 2.7260 184 188 141
-20.1875 3.0000 0.7790 165 149 203
-22.0625 19.5000 7.2880 57 152 215
-20.8125 -10.5000 0.0450 178 136 66
10.1875 -22.5000 1.0700 194 69 185
13.2500 -8.0000 2.8970 202 193 109
11.3125 -26.5000 1.0560 174 87 193
-6.5000 -10.0000 0.0250 174 122 55
2.8750 -6.0000 1.0770 171 143 184
19.0000 1.5000 2.9010 200 170 115
-6.0625 -16.0000 0.0480 159 160 71
-20.3750 -8.0000 0.0300 192 132 58
1.0625 -18.5000 0.0360 150 108 95
8.1875 19.0000 2.0810 245 133 79
-23.4375 -18.5000 0.0360 201 130 70
-18.0000 16.5000 7.4950 52 120 221
11.6875 1.0000 2.9490 165 203 144
16.3750 -25.0000 1.1080 200 112 179
-7.3125 -0.5000 0.0350 153 120 115
14.0625 17.5000 2.1770 222 134 81
12.1250 -27.0000 1.0540 179 86 195
-7.6875 9.5000 1.3230 199 72 191
13.1875 -2.5000 3.2180 172 182 152
-15.1875 21.5000 7.2830 80 133 208
-5.3125 10.5000 1.3960 222 47 190
14.1875 19.5000 2.0940 241 135 70
-26.3750 10.0000 1.2290 182 75 226
0.1250 18.5000 1.8480 251 73 104
16.4375 -12.0000 3.8830 168 184 171
-1.3750 8.0000 1.3700 205 61 192
17.1875 8.0000 2.5280 213 159 102
-20.8750 22.0000 7.2980 64 138 210
9.1875 -24.5000 1.0450 187 146 165
8.7500 6.0000 2.7780 170 189 141
-14.1250 -9.5000 0.0370 176 138 72
-19.8125 1.5000 0.0400 174 117 117
6.9375 -13.0000 1.0560 181 66 201
0.8125 -8.5000 0.0380 160 100 114
-2.7500 -15.5000 0.0310 177 128 106
3.0625 8.5000 1.5560 221 70 144
20.5000 -2.0000 3.0700 193 191 148
23.3125 -6.0000 3.3850 200 167 143
-7.6875 -2.0000 0.0410 158 122 113
2.6250 -1.5000 1.0710 163 100 195
-8.1250 13.5000 3.3250 122 225 254
-2.1875 17.0000 1.7140 248 66 152
16.1250 -24.0000 1.1110 201 102 167
6.9375 -20.0000 1.0490 164 147 174
15.8750 -9.5000 3.6720 168 207 165
-0.6250 -8.5000 0.0380 160 131 102
10.6875 18.0000 2.1250 239 139 83
4.6250 0.0000 1.1320 181 43 204
-23.0000 -14.5000 0.0310 203 132 39
-9.6250 13.0000 1.6850 225 133 121
8.8750 20.5000 2.0880 239 128 95
0.2500 3.5000 1.1610 171 50 196
-19.0000 -3.5000 0.0360 174 107 120
11.3750 -19.0000 1.1400 202 73 177
20.0625 -8.0000 3.4550 186 189 174
-8.8125 11.5000 1.5350 221 107 166
-9.6875 6.0000 1.1890 180 77 226
-10.1875 10.5000 1.6070 223 121 121
1.1250 11.0000 1.6480 230 72 132
-7.4375 1.5000 0.5330 144 115 199
11.1875 -17.0000 1.1210 200 61 157
14.0000 20.0000 2.0740 241 129 72
-20.0000 8.0000 1.1660 201 63 229
-15.9375 16.0000 4.5810 89 162 254
5.8125 -1.0000 1.1190 180 54 203
-19.7500 16.5000 2.9840 136 247 231
11.5625 13.0000 2.2720 220 161 81
21.2500 -20.5000 4.3410 142 179 204
-22.6250 -6.5000 0.0460 182 128 86
-0.5625 -14.0000 0.0430 156 102 100
14.5000 -16.0000 3.2500 162 208 147
11.2500 16.5000 2.1720 228 147 78
-3.8125 13.0000 1.4900 232 61 174
-16.2500 -15.5000 0.0350 175 150 48
9.8750 -6.5000 2.2730 187 183 78
10.6875 15.5000 2.1400 231 143 75
13.1875 9.0000 2.4030 213 162 94
2.1875 -4.0000 1.0500 167 134 195
-11.8750 1.5000 0.0370 149 88 152
-15.1250 -18.5000 0.0340 182 156 59
6.0625 18.0000 2.1980 218 148 85
-11.0000 0.0000 0.0340 154 79 144
-8.0625 -25.0000 0.0280 189 127 68
-13.2500 14.0000 4.6430 86 172 254
-20.6250 18.5000 7.2700 48 134 237
12.0625 -4.5000 4.7780 86 130 180
-8.6250 -1.5000 0.0340 153 121 117
-19.8125 14.5000 2.9930 135 240 215
-0.5625 20.5000 1.9170 236 108 110
-14.7500 3.0000 1.0660 163 176 192
10.6875 -1.0000 4.3430 102 132 200
-7.5000 -4.5000 0.0570 182 144 94
0.0625 3.5000 1.1320 169 49 198
22.2500 -9.0000 3.5780 197 161 157
-16.1875 16.0000 4.5180 90 166 254
12.8750 13.0000 2.3130 214 148 102
-10.0625 11.0000 2.3020 162 235 119
-1.0625 12.0000 1.6280 231 66 151
18.3125 10.5000 2.5520 200 164 93
0.8750 -18.0000 0.0370 156 89 93
10.7500 -15.5000 1.1230 200 60 166
-6.1875 20.0000 7.3410 60 147 229
2.6250 -18.0000 0.0390 158 136 90
-20.3125 17.0000 7.3470 50 126 226
2.1250 -23.0000 0.0340 176 122 87
-6.3750 15.5000 6.9470 67 118 213
-6.5625 -3.0000 0.0590 179 145 100
-12.5000 15.0000 4.5000 102 163 254
18.0625 3.5000 2.7720 195 179 123
9.5625 7.0000 2.6660 180 178 129
20.4375 8.0000 2.7700 179 196 111
2.4375 -8.5000 0.5600 164 166 150
15.5000 -17.5000 3.1820 162 205 134
-13.0625 -17.5000 0.0340 191 162 39
-14.1250 -24.0000 0.0380 182 138 61
-1.3125 1.5000 1.0680 173 131 204
-19.5625 2.0000 0.0330 172 114 116
6.0625 -26.5000 0.0380 158 78 95
-16.0625 14.0000 5.4260 67 157 245
17.6250 18.5000 2.3810 200 188 88
-7.0000 20.5000 7.2890 63 131 220
-20.6875 2.0000 0.3960 182 130 153
-9.6875 -20.0000 0.0370 174 163 50
18.3125 14.0000 2.4880 191 175 97
4.6875 12.0000 2.0370 212 145 76
-26.2500 -6.5000 0.0390 150 115 97
12.3125 9.5000 2.3410 206 148 84
16.8750 -9.5000 3.7240 176 204 182
-6.8125 9.5000 1.3440 199 75 186
16.5625 13.5000 2.2610 216 156 61
-1.6875 -22.0000 0.0350 166 129 81
6.1250 20.5000 2.1910 220 141 97
6.2500 -6.0000 1.1160 175 68 206
7.1875 2.0000 1.6730 232 93 83
17.0000 10.0000 2.4160 210 156 69
22.2500 19.5000 1.3400 216 80 114
1.7500 -4.5000 1.0430 166 136 195
-6.2500 15.5000 4.3060 103 160 254
-16.8125 -5.0000 0.0350 185 122 88
1.3125 -5.0000 0.0500 155 115 117
-17.4375 7.0000 1.1980 185 88 226
21.6875 -7.5000 3.4400 187 189 164
4.9375 -10.5000 1.0820 176 134 197
15.4375 10.5000 2.3770 217 149 82
-7.6250 21.0000 7.3470 65 130 220
17.1875 -18.5000 4.8130 105 147 207
-23.8750 15.5000 1.7770 232 128 90
19.0625 19.0000 2.6300 167 218 117
-18.5625 15.5000 4.9410 83 145 254
19.1875 4.5000 2.6810 202 179 105
-12.1875 -25.5000 0.0320 195 131 62
8.8750 5.5000 2.6810 175 189 126
4.8125 -8.0000 1.0780 174 88 193
7.8750 -6.0000 1.1510 189 53 170
6.1250 -22.0000 0.0410 161 93 116
-17.9375 -10.5000 0.0410 189 156 54
-4.5625 4.0000 1.1380 192 73 229
-24.6875 -4.0000 0.0280 155 121 87
20.2500 -18.5000 4.1240 151 198 208
-4.1250 18.5000 1.6500 254 94 131
-11.6250 -13.5000 0.0340 189 161 56
-17.0625 -7.0000 0.0430 165 126 68
18.0625 -2.0000 3.0550 186 182 132
4.1875 16.0000 2.0280 236 136 79
-25.3125 4.0000 1.0690 175 150 205
-1.8125 10.5000 1.4970 239 55 185
1.9375 12.0000 1.7720 232 85 114
7.8750 -19.5000 1.0550 169 139 177
15.0000 17.0000 2.1160 233 127 67
19.1250 6.0000 2.6340 195 172 100
9.9375 9.5000 2.5190 191 172 111
-4.4375 15.5000 1.7000 238 105 108
14.6875 17.0000 2.1540 229 135 71
-20.9375 1.0000 0.0630 173 126 125
-10.4375 -25.5000 0.0350 198 119 62
4.8750 6.5000 1.6240 237 74 109
8.9375 9.5000 3.1960 142 176 188
22.9375 -21.0000 4.5180 142 167 187
23.1250 -3.5000 3.4430 186 154 150
14.0625 -12.5000 3.0060 187 239 136
-3.1250 10.5000 1.4800 220 61 171
15.7500 -20.0000 2.8760 170 204 115
10.6250 -24.0000 1.0510 178 84 216
-24.3750 -22.5000 0.0380 196 146 55
9.1875 -2.5000 2.2280 189 185 66
17.0625 -22.5000 2.6090 176 233 97
17.8750 -16.0000 4.1820 133 186 193
-9.7500 14.5000 1.6820 229 117 129
5.5000 -11.0000 1.0600 174 131 191
12.8125 7.5000 2.3900 216 146 71
-14.1250 17.0000 7.2780 53 122 225
-1.8125 14.0000 1.6580 236 59 146
13.0625 0.5000 2.9880 182 182 126
10.5000 21.0000 2.1250 227 126 96
6.8750 -8.0000 1.1200 186 46 174
14.6250 -13.5000 4.5330 100 140 159
-9.9375 10.0000 1.3760 213 79 169
-7.4375 17.5000 7.3300 67 127 221
2.9375 21.5000 2.0650 223 120 98
4.0625 -7.5000 1.0280 169 92 201
-10.3125 13.5000 1.6670 232 128 132
6.1250 7.0000 2.2100 180 174 83
11.7500 9.0000 2.3580 208 150 82
15.8125 -8.5000 3.5980 176 192 162
8.6875 -8.0000 1.1010 191 53 162
-18.8125 19.0000 7.3510 54 128 229
23.3750 12.0000 2.6470 180 174 85
-17.9375 -15.0000 0.0330 177 147 48
-12.4375 11.5000 1.4290 200 98 179
-4.6875 14.5000 1.6710 228 94 142
4.9375 -6.0000 1.0880 171 84 204
0.5000 5.0000 1.2140 183 50 220
-0.8125 -1.5000 0.0280 149 99 112
4.0625 16.5000 2.0310 236 133 83
16.6875 -10.0000 3.7680 173 201 185
22.7500 19.5000 1.3750 213 83 106
-25.9375 17.5000 5.4390 78 153 251
9.1250 -1.5000 2.5930 148 210 134
-20.2500 18.5000 7.3070 48 133 237
3.6250 21.0000 2.1700 217 140 106
15.2500 -8.5000 3.6170 176 192 147
10.0625 -7.5000 2.4010 176 193 89
20.1875 21.5000 1.4250 212 82 109
18.1250 18.0000 2.3970 196 175 81
2.6250 -27.5000 0.0410 163 133 78
-12.1250 -1.5000 0.0440 174 109 127
18.5000 19.0000 2.5130 184 198 112
6.5625 -19.0000 1.0210 161 148 180
-24.8125 21.5000 7.3030 72 127 214
13.5000 -13.5000 4.0420 118 174 189
6.7500 12.0000 4.0730 120 140 212
13.3750 -21.5000 1.1540 203 82 181
-21.6250 14.5000 5.3040 62 153 249
21.8125 5.0000 2.9270 183 185 133
19.3750 17.0000 2.5250 182 203 101
2.3125 4.0000 1.1470 181 46 220
15.0000 4.5000 2.6440 218 173 106
0.1875 1.5000 1.0820 174 94 215
4.4375 -1.0000 1.1310 183 46 211
-5.0000 -16.5000 0.0390 164 152 69
16.8125 -11.0000 3.8070 171 194 181
-25.5000 -7.0000 0.0330 176 134 104
6.9375 -23.0000 0.0440 184 72 124
-11.3750 -3.5000 0.0340 166 126 101
-11.3125 -13.5000 0.0360 189 160 56
-20.9375 16.5000 1.8030 224 143 108
11.4375 -27.0000 1.0780 171 91 186
-11.5000 9.0000 1.2680 196 78 221
-0.9375 21.5000 2.0480 209 139 120
-12.1875 5.0000 1.1130 173 83 217
-20.7500 -19.5000 0.0330 206 150 39
10.0000 11.5000 2.4210 196 170 111
6.2500 12.5000 4.2100 109 133 217
19.0625 -21.5000 5.6710 83 161 168
-20.5000 -5.0000 0.0290 178 105 92
20.3125 -5.5000 3.2950 208 192 145
-6.1875 5.5000 1.1760 189 75 232
13.6250 -9.0000 3.6880 154 181 178
17.1250 0.5000 2.8770 202 179 121
12.3750 16.5000 2.2220 226 148 75
-24.8125 -14.0000 0.0500 186 136 56
-1.1875 15.0000 1.7020 250 62 149
20.3125 -6.0000 3.3190 202 191 152
2.6875 -19.0000 0.0330 152 100 87
4.1875 -20.0000 0.0370 158 132 86
6.7500 -22.5000 0.0300 183 72 125
3.8125 -15.0000 0.0370 167 92 125
-22.9375 -7.5000 0.0390 190 127 86
-21.3125 15.0000 4.4840 82 181 254
13.8125 -18.0000 2.8590 152 217 164
12.3125 -19.0000 1.1140 197 73 168
1.5625 13.0000 1.8070 241 94 105
-21.4375 1.5000 0.0350 171 123 126
-8.8750 -13.5000 0.0310 158 138 51
-23.6250 -24.5000 0.0330 183 117 56
-22.3750 20.5000 7.2930 60 150 214
-7.3125 10.5000 1.5130 222 86 157
-25.7500 -1.0000 0.0360 162 79 131
22.5625 15.5000 1.3320 216 53 87
14.5000 -8.5000 3.5400 178 187 150
-9.2500 6.5000 1.1860 189 63 237
-9.1875 -13.0000 0.0410 155 142 55
-21.8125 20.0000 7.2790 57 151 214
-13.4375 14.5000 6.1930 67 139 246
-14.5625 -28.0000 0.0350 178 131 61
-24.7500 2.5000 0.0350 146 104 151
-14.1875 -12.0000 0.0370 191 153 66
2.8750 -0.5000 1.0880 173 87 199
-21.1250 -1.5000 0.2530 169 139 110
-6.3125 -26.0000 0.0340 177 134 62
-1.0000 12.5000 1.6570 234 62 140
5.0625 -10.5000 1.0710 175 134 199
-23.0000 13.0000 3.5150 101 240 231
-11.5625 -14.5000 0.0290 187 148 57
-0.6250 -5.0000 0.0350 171 127 71
1.1250 -10.0000 0.0360 172 113 96
19.0000 -21.0000 5.5990 85 157 171
-20.8125 -14.0000 0.0400 190 147 61
0.1250 2.0000 1.1190 185 109 195
1.3125 15.5000 1.8850 249 87 110
17.5625 17.0000 2.4210 196 183 100
0.3750 -10.0000 0.0350 169 115 98
5.9375 11.0000 2.2780 175 185 97
18.5625 11.0000 2.5720 197 182 100
20.6875 6.0000 2.8800 180 192 125
13.5000 -19.5000 2.8380 155 222 168
19.5625 17.5000 2.7990 164 222 144
-13.0625 18.0000 7.2720 67 114 218
-22.7500 -11.5000 0.0370 188 132 63
-12.1250 21.0000 7.3060 68 144 221
-7.5625 19.5000 7.3020 56 137 227
9.6875 -4.0000 2.3460 192 195 79
-1.2500 -4.5000 0.0450 170 126 74
-9.6250 -18.5000 0.0370 185 140 40
17.1250 -15.5000 3.9690 147 192 184
19.6875 -15.5000 3.9440 169 191 205
10.3750 3.5000 2.6930 181 187 124
2.4375 2.0000 1.1100 188 78 212
9.5000 -9.0000 1.1490 197 67 156
-22.4375 15.0000 4.4690 86 163 248
-3.0625 1.5000 1.0650 164 138 205
18.2500 20.0000 2.6720 168 209 142
-11.2500 13.0000 1.7040 232 137 122
-12.4375 -12.5000 0.0350 198 163 52
-7.8125 15.0000 2.8960 146 244 224
-19.4375 5.0000 1.1180 180 140 198
-7.8750 19.5000 7.3250 56 138 227
12.1875 17.5000 2.1780 225 137 78
-15.0625 10.5000 1.7080 217 137 123
-6.3125 -1.5000 0.0550 156 119 109
-6.3750 21.5000 7.3490 69 140 230
8.4375 3.0000 2.6970 158 199 135
18.4375 17.0000 2.4360 194 180 101
12.0000 3.5000 2.7790 183 183 134
10.4375 -17.5000 1.1090 188 71 186
4.5000 -13.5000 4.0380 96 211 234
-19.1875 17.0000 7.3820 54 124 220
11.3750 -2.5000 4.7270 98 117 179
-17.0625 3.0000 0.3450 178 128 149
-14.9375 -25.0000 0.0400 183 144 68
4.3125 -10.0000 1.0040 167 138 209
22.3750 12.5000 3.5890 133 170 173
-18.2500 22.0000 7.2970 70 129 221
-1.5625 -4.5000 0.0330 170 126 74
22.0625 0.0000 3.1840 187 163 143
-22.0000 21.5000 7.2810 62 148 214
3.6250 15.5000 2.0040 236 128 86
6.3125 11.5000 3.7360 129 160 212
16.3125 0.5000 2.8760 200 177 125
-4.1250 17.5000 1.7490 243 110 120
4.3750 13.0000 1.9820 222 137 73
4.7500 9.0000 1.7360 235 79 85
2.3750 -19.0000 0.0350 153 101 88
18.8125 13.5000 2.5290 197 194 100
-25.9375 -19.0000 0.0400 181 133 58
20.4375 -1.0000 3.0160 198 190 143
-23.2500 15.0000 4.4470 88 179 248
16.4375 -7.5000 3.5430 191 194 171
-7.4375 20.0000 7.3260 57 135 225
-7.0000 5.5000 1.1500 184 78 245
6.1875 5.5000 1.8620 212 131 63
6.0625 13.5000 4.0440 101 150 225
15.1250 -26.0000 1.0350 184 99 201
-12.5625 -8.5000 0.0380 175 130 82
-25.1250 5.0000 0.1140 162 85 138
7.0000 -27.0000 0.0350 154 67 89
8.3750 -17.5000 1.0680 168 93 203
-25.1875 15.0000 1.6850 221 106 107
-4.7500 1.5000 1.0680 179 167 190
21.1875 -14.0000 3.9410 180 172 176
17.6250 19.5000 2.3690 196 188 86
1.8750 13.0000 1.8330 239 102 102
-11.8125 5.5000 1.1290 176 78 229
0.9375 -28.0000 0.0420 167 133 81
-6.0000 -19.0000 0.0350 175 142 80
-10.9375 13.0000 4.5160 88 167 254
16.4375 15.5000 2.1630 228 151 64
11.6875 -24.0000 1.0970 184 82 208
-13.7500 -13.0000 0.0320 198 150 62
6.1875 -22.0000 0.0320 161 92 115
-3.0000 20.5000 5.0660 104 135 241
5.4375 4.5000 1.4200 215 66 137
6.1250 -6.0000 1.1180 175 68 206
4.1875 2.0000 1.1850 192 40 202
-2.7500 15.0000 1.6210 236 67 171
-12.9375 -22.0000 0.0410 180 159 38
-8.1875 -4.0000 0.0370 176 148 97
5.8750 -18.0000 1.0450 175 161 157
7.0000 -1.5000 1.1390 194 38 174
2.7500 3.0000 1.1510 185 36 223
1.6250 -1.5000 1.0530 161 104 201
-20.7500 1.0000 0.6980 174 175 148
12.2500 -5.0000 2.8500 166 192 115
-24.0000 11.0000 2.2240 162 210 106
-3.9375 13.0000 1.4990 234 62 171
-7.5000 10.5000 1.5090 222 86 158
-14.4375 -26.5000 0.0310 186 137 64
21.5625 -26.0000 4.9820 92 216 185
16.5625 -26.0000 1.5980 238 149 84
-7.5625 9.0000 1.2710 191 73 195
12.3125 -6.5000 4.6890 97 143 165
-9.1250 -22.0000 0.0350 171 158 67
-26.0625 5.0000 1.0620 170 107 211
-20.3750 6.5000 1.1590 200 62 226
-22.2500 12.5000 3.5260 101 232 218
-0.3750 7.5000 1.3990 205 65 180
15.4375 -27.5000 1.0730 184 104 183
-15.9375 -11.0000 0.0480 191 143 37
-18.8750 -5.0000 0.0350 165 118 78
1.6250 -5.5000 0.0590 155 115 115
-2.9375 -15.5000 0.0460 178 130 107
-4.6250 10.0000 1.3640 223 44 193
12.5625 -4.0000 4.9330 99 133 168
19.0625 19.5000 2.7260 158 225 149
-25.5000 -6.5000 0.0380 152 114 93
-22.5625 15.0000 4.4590 86 164 249
12.8750 -27.5000 1.0850 180 85 188
-21.1250 5.0000 1.1080 175 139 208
-5.5000 17.5000 7.3450 65 126 216
8.3125 -20.5000 1.0690 163 129 168
7.3125 8.0000 2.3820 188 187 97
22.8750 -23.0000 4.6230 127 172 185
-22.6250 4.5000 1.0890 187 133 192
8.9375 -21.0000 1.0780 166 128 166
-7.2500 -21.0000 0.0370 170 144 60
9.6250 -5.0000 3.4950 111 183 217
13.2500 -20.0000 2.6410 170 212 139
2.0000 9.5000 1.6370 232 72 124
4.2500 3.5000 1.1890 194 41 190
5.8750 20.0000 2.1510 226 139 89
-8.5000 -1.5000 0.0280 154 119 116
19.2500 5.0000 2.6540 202 174 99
22.1250 -20.5000 4.4060 145 172 194
-21.0625 6.5000 1.1910 200 64 224
13.1875 2.0000 2.9270 185 187 138
-22.1875 -16.0000 0.0400 179 126 36
19.7500 -12.0000 3.6980 195 188 175
8.0000 1.5000 2.4850 161 208 123
5.4375 -26.5000 0.0370 174 112 83
6.3750 -26.5000 0.0310 157 71 94
-11.8125 4.0000 1.1140 170 102 219
-11.7500 8.0000 1.2240 185 68 237
19.4375 -21.5000 5.6260 89 170 174
-18.1875 9.0000 1.2380 193 85 213
-25.7500 -7.5000 0.0320 176 136 103
-25.8750 15.0000 1.7300 218 122 106
-19.3125 10.5000 2.2830 164 229 97
-3.8750 -20.5000 0.0400 178 142 67
12.6875 -24.5000 1.1190 203 68 210
-22.0000 -0.5000 0.0350 173 109 120
-17.6250 4.5000 1.1050 176 159 207
-0.3750 -26.0000 0.0360 170 134 91
2.4375 19.0000 2.0300 241 125 83
20.7500 -10.5000 3.6480 192 184 171
20.8750 13.5000 3.6090 122 183 201
-7.5000 20.5000 7.3260 61 132 222
0.6250 -13.5000 0.0400 170 126 92
8.6875 -22.0000 1.0620 171 174 164
2.1875 12.5000 1.8590 235 108 99
-19.9375 -14.0000 0.0420 192 142 59
-21.7500 -3.0000 0.0470 149 109 110
-22.0000 -26.0000 0.0440 187 134 48
1.8750 -19.5000 0.0360 156 103 88
10.0000 -1.5000 3.3940 125 185 195
10.4375 8.5000 2.5490 190 183 118
1.1875 19.0000 1.9400 250 102 84
-8.3750 0.5000 0.0330 155 113 124
13.5625 13.0000 2.3220 216 154 97
12.5000 -15.0000 2.7250 169 218 115
16.3125 1.5000 2.8360 199 180 123
15.4375 18.0000 2.1660 225 134 74
-22.9375 -15.0000 0.0350 178 134 39
-5.0000 -15.0000 0.0290 158 157 68
22.8125 2.0000 3.1600 173 166 139
16.3125 2.0000 2.7970 201 176 117
-21.9375 -4.0000 0.0390 161 107 73
10.1875 -2.5000 4.5320 101 122 191
6.5000 -6.5000 1.0990 190 52 189
5.2500 21.5000 2.2300 206 130 111
10.5000 -2.0000 4.5610 99 123 193
16.1875 19.0000 2.2950 210 170 80
13.3125 10.0000 2.3760 217 157 85
-3.6875 -3.0000 0.0350 164 136 97
11.6250 -22.5000 1.1010 198 69 170
-9.9375 7.0000 1.1970 191 63 233
0.7500 20.5000 1.9390 236 97 97
17.0625 -21.0000 3.0500 160 241 149
20.0625 6.0000 2.7700 185 188 116
-9.3750 -13.5000 0.0390 165 135 54
-15.5625 10.5000 1.4470 221 99 149
10.0625 -3.0000 3.6110 120 173 208
7.2500 -15.5000 1.0990 175 112 211
18.1250 10.5000 2.3830 212 150 62
10.3125 -2.0000 4.2420 105 136 197
14.2500 13.5000 2.2720 222 149 87
-13.4375 17.5000 7.2870 65 114 219
-10.1250 8.0000 1.2510 194 68 227
-22.6875 -18.0000 0.0370 191 130 61
-8.0625 -19.5000 0.0280 187 147 45
-18.1250 10.0000 2.2230 175 216 111
12.5625 11.0000 2.2980 219 151 61
-3.0000 -6.0000 0.0390 152 130 99
-0.6875 -15.0000 0.0350 166 122 91
-4.7500 5.5000 1.1670 188 79 231
21.0000 3.5000 2.9310 185 191 142
-14.6250 4.0000 1.0860 179 114 211
-2.8750 21.0000 3.2020 134 203 248
18.0000 -18.0000 4.5440 127 159 188
-14.6875 14.0000 1.7250 227 124 112
8.0625 18.5000 2.1600 234 147 84
3.2500 12.0000 1.8740 221 105 95
9.8125 20.0000 2.1060 244 136 90
1.7500 1.0000 1.0590 180 85 210
15.1875 -10.5000 4.8350 119 133 173
20.0625 9.5000 2.7030 180 204 114
-11.8750 -13.5000 0.0340 188 163 56
9.8750 -22.0000 1.0800 191 73 185
-3.1875 2.5000 1.0620 178 121 192
-18.6875 15.0000 4.9630 77 153 254
-20.8125 -1.0000 0.1200 159 116 114
6.5625 -5.5000 1.1260 183 57 192
11.5000 -25.0000 1.0840 184 81 206
14.3125 22.0000 2.0630 223 105 75
4.5625 -0.5000 1.1240 179 48 210
-4.3750 15.5000 1.7270 237 111 105
-5.5625 -4.5000 0.0350 176 124 101
22.3125 -22.0000 4.5420 126 176 187
-13.4375 -12.0000 0.0360 188 153 56
22.7500 0.0000 3.2520 184 158 145
-16.0000 -8.0000 0.0150 164 119 55
-0.6250 20.0000 1.8600 246 105 112
-8.1875 -5.0000 0.0400 181 148 91
-9.8125 16.5000 7.3270 53 128 224
11.4375 -6.5000 2.9240 147 207 157
18.4375 -8.0000 3.4120 202 198 151
-2.8750 16.0000 1.6680 247 56 157
23.3125 6.0000 2.6350 195 167 62
14.6250 -17.5000 3.4430 143 199 173
19.7500 -27.5000 0.0390 174 111 134
-18.3125 3.5000 1.0680 162 173 197
-3.3125 16.0000 1.6900 234 99 111
17.6875 -22.5000 2.6370 175 239 100
-19.6250 -9.0000 0.0310 182 143 59
1.0625 6.0000 1.3090 200 57 197
-6.6250 15.5000 1.5810 233 106 127
-11.0625 -10.5000 0.0410 164 148 61
-7.0000 1.5000 0.6150 147 120 198
-13.1250 14.0000 5.1330 76 160 250
16.1250 21.5000 2.2880 202 157 86
4.7500 -20.0000 0.0410 159 128 86
10.7500 16.0000 2.1530 230 146 75
-21.3750 14.5000 5.1020 65 161 251
14.0625 3.5000 2.6080 221 175 102
-22.0000 1.5000 0.0360 162 96 115
-20.3125 -1.0000 0.0340 154 107 110
15.9375 -1.0000 2.9250 194 166 113
-19.8750 -10.0000 0.0340 179 127 62
2.3125 4.5000 1.1670 183 48 220
-12.0000 16.0000 4.4900 97 176 254
-15.0000 -27.5000 0.0360 177 131 65
-14.7500 -22.5000 0.0350 180 171 46
-0.0625 -14.0000 0.0390 158 97 95
-8.4375 4.5000 1.1300 184 70 253
15.6250 -6.5000 3.4830 192 188 141
5.7500 -10.0000 1.0930 176 127 194
-23.1875 16.0000 1.7030 238 102 101
-4.6875 2.5000 1.0650 176 162 192
15.7500 -9.5000 3.6620 168 207 165
-0.9375 0.5000 0.5620 164 102 198
17.1875 -23.5000 1.1100 208 90 143
2.1875 -13.0000 0.0390 178 108 87
3.9375 16.0000 2.0280 235 135 81
-10.8750 17.0000 7.3130 51 126 231
-20.1875 -8.0000 0.0380 192 131 57
11.0625 -25.5000 1.0740 181 85 207
8.5000 -3.0000 2.3410 169 194 93
21.0000 16.0000 2.7640 171 223 135
0.6875 18.0000 1.9190 247 89 108
14.7500 -21.0000 2.5770 163 219 120
16.8125 14.5000 2.2840 215 168 77
5.5625 -5.0000 1.0950 181 65 208
14.6250 12.5000 2.3140 218 152 90
6.0000 4.5000 1.6620 217 117 81
4.5000 -21.0000 0.0360 159 106 123
8.4375 9.0000 2.5990 177 175 125
2.1875 22.0000 2.0780 216 119 103
5.6250 20.0000 2.2180 218 147 97
1.8750 -11.5000 0.0390 174 116 90
-7.8125 13.0000 2.5560 147 238 160
16.0000 3.0000 2.7570 196 171 113
21.6875 -26.5000 5.0110 93 215 180
9.1250 9.0000 2.6040 177 170 122
8.0625 -5.5000 1.1330 193 51 162
14.8750 -10.0000 4.5220 123 146 181
-13.1875 -7.0000 0.0250 181 117 89
2.8125 -9.5000 0.5030 160 135 161
6.5625 18.5000 2.1620 229 139 92
21.2500 -2.5000 3.0710 194 184 141
-20.1250 16.0000 4.3840 84 173 254
4.3750 8.5000 1.7200 231 86 115
11.5000 0.5000 2.9010 169 200 135
22.5000 2.5000 3.1020 176 172 139
13.3750 8.0000 2.4110 214 152 71
-24.1875 9.0000 1.1960 190 68 224
-18.0000 -10.0000 0.0360 187 155 55
3.2500 9.0000 1.6170 225 79 147
3.3125 10.0000 1.6670 236 56 105
-3.3750 5.5000 3.3150 115 218 254
-3.5625 17.5000 1.8250 236 131 116
19.1875 -20.0000 4.5250 126 175 203
15.5625 2.5000 2.7510 207 181 103
-25.5000 18.5000 7.4420 63 131 222
-22.5000 -22.0000 0.0350 197 133 50
-14.8125 -19.0000 0.0320 186 153 58
10.5000 7.5000 2.6370 189 188 134
10.2500 14.0000 2.1720 222 146 76
11.3750 -1.0000 4.5760 98 122 191
15.6875 13.0000 2.2990 209 138 74
-20.1875 13.5000 3.4750 111 228 250
-23.6875 -21.0000 0.0330 191 143 57
9.9375 1.0000 2.5700 186 187 92
-14.3125 -0.5000 0.0440 172 123 122
-4.7500 -0.5000 0.0380 149 124 116
3.6250 8.5000 1.5980 227 77 143
-2.3125 14.0000 1.6470 231 55 152
-10.6250 13.5000 5.4030 72 153 251
-13.6875 11.0000 1.3960 213 93 171
7.5625 -22.5000 1.0650 166 189 164
8.5000 10.5000 2.6200 171 187 131
22.8750 5.5000 2.8080 182 175 95
4.4375 11.5000 1.9350 213 131 79
12.6250 -10.0000 3.5410 132 195 179
-1.6250 12.5000 1.6120 233 50 150
23.1250 20.5000 1.4150 203 85 104
-19.8750 -7.0000 0.0330 188 127 63
-19.2500 19.0000 7.4810 49 126 232
-14.6250 -9.5000 0.0410 174 142 74
-19.8750 11.0000 4.0120 85 193 253
16.2500 -11.0000 3.8030 170 192 176
16.1250 4.0000 2.6850 204 166 107
-9.5000 -10.0000 0.0310 182 154 50
-21.8750 4.5000 1.1030 183 133 202
18.0625 5.0000 2.6770 205 170 108
-18.6875 11.5000 3.8260 103 199 249
4.8750 -22.5000 0.0350 165 99 118
-6.7500 0.5000 0.0660 156 101 128
19.3125 -3.5000 3.1770 198 186 135
21.6875 10.0000 3.4840 133 175 181
3.5625 -1.0000 1.1210 177 46 214
-22.0625 10.5000 2.2040 164 209 103
-20.8750 8.5000 1.2070 187 58 214
11.8750 -24.5000 1.0740 183 80 206
-22.6875 6.5000 1.1610 176 79 218
-17.5625 -4.5000 0.0370 181 126 94
12.0000 0.0000 3.0310 160 193 139
-0.6875 -24.0000 0.0380 171 124 69
-14.2500 10.0000 1.5190 225 100 145
-3.5625 -16.5000 0.0370 163 142 64
-20.7500 14.5000 1.6870 227 135 120
13.1250 0.0000 3.0220 179 186 128
-2.3750 21.5000 7.5110 80 109 214
20.3125 -14.0000 3.8760 182 178 182
7.3125 11.5000 3.7360 129 165 210
-3.9375 2.0000 1.0610 178 163 187
-26.3750 6.0000 1.1270 177 101 222
-21.5000 13.0000 3.5350 106 220 244
19.2500 4.0000 2.7400 200 183 116
-16.3125 9.5000 1.5160 218 107 142
15.1875 -16.5000 3.1650 169 205 129
-15.4375 8.0000 1.1850 182 87 206
-8.9375 2.5000 1.0450 171 125 232
8.7500 -12.0000 1.1030 188 62 176
11.4375 -18.0000 1.1480 197 75 178
-15.1875 -24.0000 0.0420 179 157 35
-16.8750 10.5000 2.2630 171 221 110
-26.0625 18.5000 7.3360 69 130 224
0.1875 -25.5000 0.0350 171 131 94
-16.2500 16.0000 5.6460 66 132 254
17.3750 -25.0000 1.0670 200 111 176
17.5000 0.5000 2.9030 201 180 123
-25.4375 6.5000 1.1390 178 96 220
-14.4375 20.0000 7.2920 62 135 230
-22.8750 18.5000 7.2950 54 139 220
14.7500 -12.5000 4.4450 105 143 159
-12.0000 14.5000 6.2760 63 149 251
11.3125 0.0000 2.6980 185 194 97
10.2500 -22.0000 1.0830 194 72 183
6.8750 -10.5000 1.0880 188 55 186
19.6875 -10.5000 3.6290 190 179 176
-17.5625 17.5000 7.2620 55 131 229
22.1250 2.5000 3.1080 174 174 144
-16.8750 8.5000 1.2150 181 95 223
-11.6250 15.0000 4.5610 97 172 254
-15.4375 -5.0000 0.0240 162 121 93
4.5625 -3.5000 1.1020 177 63 222
-10.0625 -11.0000 0.0360 165 137 53
8.9375 -6.5000 2.1630 181 183 75
16.7500 11.5000 2.3580 215 153 70
16.2500 1.0000 2.8560 200 178 125
15.1250 2.0000 2.6810 215 168 81
-12.9375 19.0000 7.2910 61 136 226
-24.1250 17.5000 7.4510 52 139 216
-24.2500 20.0000 7.2770 55 135 222
-8.0000 17.0000 7.3270 59 126 224
5.6250 9.5000 2.0800 199 166 74
23.2500 4.0000 2.8970 188 158 105
20.1875 -7.5000 3.4140 189 194 173
12.6875 -4.0000 3.7950 126 169 181
0.8125 9.0000 1.5440 218 65 157
-25.1250 -22.0000 0.0350 191 150 58
11.1250 -4.0000 4.5120 88 134 198
-0.2500 -22.5000 0.0350 166 123 75
-25.6875 12.0000 1.4930 202 89 145
-14.7500 22.0000 7.2850 83 131 207
22.3125 18.5000 1.3680 217 63 98
-24.6875 1.5000 0.0320 161 96 121
-5.1875 -1.0000 0.0300 150 125 116
23.0625 21.0000 1.4260 202 87 106
-23.5625 -21.5000 0.0330 194 142 57
-8.7500 14.5000 3.0070 133 238 229
11.6875 9.5000 2.2910 211 160 67
-14.8750 3.0000 1.0720 163 177 191
13.1250 -8.5000 2.9460 176 208 133
-14.0625 -27.5000 0.0410 182 136 58
15.1875 -12.0000 3.4090 173 210 136
-10.6250 18.0000 7.3030 58 137 223
-12.0625 4.5000 1.1190 169 99 225
11.2500 12.0000 2.2280 223 151 74
12.6875 -18.5000 1.1500 211 71 157
6.3750 -3.0000 1.1480 189 54 183
9.0625 -13.5000 1.1250 189 65 184
19.4375 14.0000 2.4760 194 190 84
-22.2500 15.5000 5.0940 71 162 244
18.5625 -1.5000 3.0250 189 177 125
-2.6250 2.5000 1.0820 178 103 212
-20.3125 -11.5000 0.0350 180 131 60
0.5000 -11.5000 0.0380 170 125 101
0.3750 0.0000 1.0610 165 119 212
-17.8125 16.5000 5.3650 72 138 254
1.8750 -24.0000 0.0350 169 140 96
21.0000 -8.0000 3.5000 182 188 172
-7.5625 18.5000 7.3200 57 139 225
-6.0000 -24.5000 0.0470 191 139 66
8.6250 -1.5000 1.8310 219 140 63
4.2500 9.0000 1.6720 230 86 126
16.3125 16.5000 2.2790 213 165 81
-12.5000 5.5000 1.1440 173 80 217
-25.1250 4.0000 0.5600 163 127 205
23.4375 -23.0000 4.6480 128 174 179
19.7500 22.0000 1.4750 219 81 104
12.0625 -2.0000 4.6380 100 116 175
16.0625 -11.0000 3.8310 161 183 176
-0.1250 0.5000 1.1160 172 115 205
17.8125 -23.5000 1.0950 209 111 166
-23.6250 -13.5000 0.0410 202 136 50
-22.2500 10.0000 1.2360 201 57 206
3.0625 7.0000 1.4250 212 58 161
13.2500 7.0000 2.4170 216 150 70
-21.9375 -28.0000 0.0490 183 133 39
-23.7500 18.0000 7.3210 56 138 219
-5.0625 15.0000 1.6770 232 102 112
20.0000 12.0000 3.8660 133 164 197
22.1250 -13.0000 3.9110 187 167 168
-25.3125 7.0000 1.1550 176 95 221
-17.9375 6.0000 1.1460 187 113 221
-4.4375 19.5000 7.3180 56 121 227
-14.0000 -1.0000 0.5950 169 208 113
-20.1250 20.5000 7.2610 51 124 233
3.6250 15.0000 1.9740 233 123 95
6.6250 -15.5000 1.0670 177 137 171
-11.5000 14.0000 5.2310 78 155 254
17.5000 -8.5000 3.3950 202 205 154
12.1250 -10.0000 3.4510 125 204 194
-10.1875 -5.0000 0.0380 172 119 89
-26.0000 -22.5000 0.0370 178 144 63
8.3125 -15.0000 1.0570 174 104 210
-25.6250 18.0000 7.5290 60 133 222
7.4375 11.5000 2.4420 185 190 109
8.7500 -26.0000 1.0600 177 198 126
16.5000 -11.0000 3.8070 171 194 180
20.6875 17.0000 2.7270 171 221 134
19.3750 -7.0000 3.3920 193 190 169
4.5000 15.5000 2.0590 230 146 74
-17.9375 10.0000 2.3340 165 223 126
5.2500 5.0000 1.4170 216 64 141
22.3125 14.0000 4.2930 120 138 175
-25.3125 17.0000 3.6130 124 207 254
-2.9375 -18.0000 0.0410 182 123 99
-17.3125 15.5000 5.2090 73 144 254
10.6250 11.5000 2.3460 206 169 95
-2.5625 -26.5000 0.0360 169 121 58
20.9375 -13.5000 3.9070 182 177 183
21.5625 20.0000 1.3740 222 79 114
-5.1875 19.0000 7.3340 57 125 229
20.3125 -9.5000 3.5760 194 184 171
-7.0625 -26.5000 0.0470 188 128 54
-18.9375 1.0000 0.0370 174 114 108
-1.4375 13.0000 1.6350 237 55 145
21.9375 13.0000 3.5930 124 177 184
9.5000 -6.0000 2.3300 180 185 91
6.6250 2.0000 1.4740 219 66 120
-20.8750 2.5000 0.7500 168 178 152
-17.8125 15.0000 5.2050 69 148 254
1.6250 -1.0000 1.0630 161 103 203
-9.1875 15.5000 3.7250 115 201 254
14.1250 -4.0000 3.3010 172 200 160
13.7500 5.5000 2.5470 221 162 94
14.1250 -16.5000 3.1720 165 211 148
-4.5625 18.5000 1.6610 254 97 130
-3.4375 11.0000 1.4810 220 61 173
0.8125 -0.5000 1.0410 153 108 204
-19.8125 16.5000 1.7110 232 125 121
-4.5000 19.5000 7.3350 56 121 227
14.5625 -9.0000 3.4270 183 204 143
23.1250 10.5000 1.8790 236 109 13
-3.5625 4.5000 1.1710 192 78 222
10.6250 -14.5000 1.0880 200 62 171
13.9375 17.0000 2.1870 226 140 78
8.2500 17.0000 2.1930 218 160 91
6.9375 12.5000 4.2760 110 132 205
13.8125 5.0000 2.5460 224 168 93
10.1250 -27.0000 1.0540 168 130 173
12.6875 -9.0000 3.9880 144 162 184
-10.3125 18.0000 7.3010 59 137 222
-6.6250 3.0000 1.0770 169 111 212
10.3125 -7.0000 2.3430 180 191 76
-4.2500 0.5000 0.0420 169 88 123
12.1250 -6.5000 3.5940 123 157 180
3.1875 -10.0000 0.0790 156 107 138
-11.0625 -10.0000 0.0380 162 150 62
22.4375 8.5000 3.6330 132 165 169
14.3125 -24.5000 1.1000 197 78 214
4.0625 21.0000 2.1770 215 140 108
2.8125 7.5000 1.4550 216 61 159
-21.9375 7.5000 1.1850 175 79 220
-18.1875 -17.0000 0.0320 176 159 54
13.2500 -20.0000 1.1900 214 70 132
12.8750 -7.0000 3.0430 196 186 124
3.8750 -17.0000 0.0370 167 114 102
-0.6875 19.0000 1.8630 251 105 108
-16.9375 -26.0000 0.0380 182 146 49
1.7500 3.0000 1.1540 189 36 227
8.4375 -26.0000 1.1280 178 205 124
14.5625 7.0000 2.5170 209 161 78
-14.6250 20.0000 7.2730 63 135 229
-20.6250 17.0000 7.5510 49 121 224
5.6875 20.0000 2.1800 223 144 92
3.8125 2.0000 1.1490 188 33 210
-22.1875 -9.5000 0.0390 195 138 60
23.3750 -19.5000 4.4000 150 166 180
-24.8125 8.0000 1.1750 173 75 228
-11.1875 -5.0000 0.0480 171 124 94
-23.8750 -23.5000 0.0400 191 127 45
-1.2500 -18.5000 0.0340 168 121 102
4.5625 -8.5000 1.0680 172 91 189
-26.1875 -22.0000 0.0360 193 138 65
-19.5625 3.5000 1.0670 176 141 196
8.6250 4.0000 2.4480 180 198 100
22.6875 -15.5000 4.0440 181 151 174
-16.5625 18.0000 7.2840 58 128 229
16.2500 -15.5000 3.5740 184 206 152
-9.9375 12.5000 1.6880 227 136 117
-22.5625 9.5000 1.1970 199 52 213
-12.1250 -12.0000 0.0340 170 154 58
-1.1250 -16.5000 0.0350 178 109 93
15.9375 12.0000 2.3180 217 147 72
-24.3125 15.5000 1.7380 231 111 99
-24.1875 17.5000 5.6390 67 159 250
-19.0625 9.5000 1.2630 191 80 201
-2.8750 -17.5000 0.0340 169 116 104
-22.8750 12.5000 3.4690 102 239 224
-16.3750 -27.5000 0.0360 176 137 69
-20.8125 -8.0000 0.0360 192 136 59
11.1250 12.0000 2.2210 224 151 73
-10.6250 -13.5000 0.0340 188 151 55
8.5625 -22.5000 1.0570 172 174 162
16.6875 -23.0000 1.0870 207 87 154
10.6250 -6.0000 2.5120 168 199 114
1.6250 16.5000 1.8900 249 86 109
-15.2500 -24.5000 0.0320 179 146 67
-17.4375 -21.0000 0.0360 178 154 52
-23.5625 16.0000 1.7190 237 106 99
-21.3125 14.5000 1.6490 225 129 130
19.2500 -4.5000 3.2490 208 188 149
-23.6250 -10.5000 0.0400 188 138 73
3.6250 9.0000 1.6870 227 88 130
23.3750 11.0000 2.4050 195 166 47
22.5625 1.0000 3.2050 184 148 135
-17.6250 -17.5000 0.0390 187 168 52
5.0000 -7.0000 1.0850 175 83 202
3.5625 -9.0000 1.0560 167 128 183
-10.8125 8.0000 1.2130 190 65 236
4.5625 -14.5000 4.0760 95 205 226
-15.4375 8.5000 1.2510 190 93 210
23.3125 11.5000 2.6300 182 176 82
2.4375 -26.5000 0.0350 176 136 88
-2.6875 5.5000 1.1450 180 61 222
-20.9375 17.0000 4.4840 85 162 254
14.5000 16.5000 2.1970 227 143 75
5.3125 18.5000 2.1800 229 150 83
16.5000 -24.0000 1.0740 196 112 181
18.8125 4.5000 2.6680 203 181 101
4.6250 2.5000 1.1920 190 48 198
-14.3750 13.0000 1.6680 230 115 115
20.1875 -8.0000 3.4980 182 187 177
-3.8750 0.0000 0.0440 164 118 128
-22.0000 3.0000 0.0330 175 85 125
8.8125 -1.5000 2.4410 160 212 113
-11.8750 -4.0000 0.0440 167 129 100
18.0625 14.0000 2.4750 193 176 95
11.9375 -24.0000 1.1050 199 65 216
-1.2500 20.5000 1.9660 226 142 114
-9.5000 9.0000 1.3260 208 65 189
-19.2500 -9.0000 0.0480 181 145 58
19.2500 -12.5000 3.7430 188 176 184
-13.8125 16.0000 7.0910 52 131 227
-15.2500 -27.0000 0.0390 176 131 68
20.3125 15.5000 2.1820 219 178 22
2.9375 12.5000 1.8370 225 98 92
15.6250 -21.5000 2.6220 173 222 100
-2.1875 10.0000 1.4890 239 53 185
-15.1875 13.0000 1.6770 225 114 119
-17.4375 7.5000 1.1800 183 89 230
-5.4375 -18.5000 0.0280 173 136 84
20.2500 -1.5000 3.0590 194 191 150
-15.6875 -25.5000 0.0390 176 134 74
4.4375 3.0000 1.1940 192 42 201
-11.1250 11.5000 2.2730 162 230 119
17.0000 19.5000 2.3170 203 179 79
11.7500 -26.5000 1.0460 173 86 189
-22.0000 -26.5000 0.0390 187 134 45
6.8750 11.5000 2.3980 186 186 105
-22.8750 15.5000 4.4570 88 178 254
-16.5000 -10.5000 0.0450 191 145 44
-12.5625 19.0000 7.2760 64 135 223
12.3125 -6.0000 3.7720 119 145 176
19.7500 19.0000 2.6270 169 225 116
9.0625 -24.0000 1.0610 189 155 167
11.2500 10.0000 2.2590 213 160 65
11.3750 -27.5000 1.0450 166 92 181
3.7500 21.5000 2.1750 213 136 110
-26.1875 4.0000 0.4500 161 128 189
7.8125 -20.5000 1.0710 168 142 171
-20.8750 18.0000 7.3140 52 133 233
-10.8125 3.5000 1.0600 171 97 214
-23.3125 -16.5000 0.0360 181 131 42
13.6875 13.5000 2.3030 217 151 96
-5.8125 0.5000 0.0390 145 99 132
-16.3125 14.5000 1.7300 231 130 121
-8.1250 9.5000 1.3980 207 74 181
17.0000 -24.5000 1.1040 201 113 177
6.7500 -3.0000 1.1390 192 52 180
-2.3750 -6.0000 0.0350 154 126 93
21.7500 8.5000 3.7080 127 165 179
-0.0625 20.5000 1.8920 242 99 109
9.0000 -5.0000 2.5450 147 207 142
14.3125 -15.5000 4.0040 111 173 202
-17.8750 9.0000 1.2420 193 84 211
-16.5000 -14.5000 0.0340 180 163 44
4.1250 -0.5000 1.0940 175 46 216
17.3750 19.5000 2.3550 198 186 84
-18.1250 4.5000 1.1260 175 159 206
-15.3125 12.5000 1.6140 218 109 117
-11.5625 -24.5000 0.0410 190 127 67
14.0625 8.0000 2.4690 210 159 76
-10.5625 -4.0000 0.0400 169 120 96
-14.0625 9.0000 1.2330 201 83 187
-0.3750 18.5000 1.8170 254 90 112
23.1875 17.0000 1.3710 220 65 84
-0.1875 21.5000 2.0590 213 143 116
-12.7500 -20.0000 0.0320 181 155 39
7.3750 -18.0000 1.0350 163 142 182
8.8750 15.5000 2.2100 219 161 87
22.5625 17.0000 1.3760 222 62 86
-6.6250 -3.0000 0.1060 180 159 97
-23.3750 -27.0000 0.0470 182 117 54
14.5000 3.0000 2.6130 225 167 80
20.5625 -24.0000 4.8420 94 208 207
16.0625 -3.0000 3.0390 194 183 127
12.5625 -6.5000 3.7660 125 171 185
-18.8125 10.5000 3.2870 113 234 239
15.3125 -13.5000 4.6740 100 128 142
22.9375 7.5000 3.6420 133 157 155
-0.7500 -21.5000 0.0300 162 125 81
11.4375 4.5000 2.7750 181 192 143
2.4375 14.5000 1.8790 236 92 100
-22.6875 11.0000 2.2500 160 216 107
-4.4375 18.5000 5.5440 81 139 254
-26.0000 13.5000 2.4630 151 226 152
-26.0625 11.0000 2.1600 165 198 117
0.7500 15.5000 1.8490 252 76 119
-3.9375 17.0000 1.7460 233 114 110
23.2500 -7.5000 3.4850 197 154 141
-2.6875 -1.5000 0.0340 146 113 116
16.6875 1.5000 2.8370 200 181 123
10.1875 -17.5000 1.0910 186 70 189
21.5625 -11.5000 3.7410 189 170 164
-10.5000 4.0000 1.0840 173 96 215
-7.3125 -3.5000 0.5150 164 211 127
-2.8125 1.5000 1.0640 165 137 206
-4.6875 -14.0000 0.0470 175 141 65
21.8125 -15.0000 4.0260 178 156 183
-0.1875 -21.5000 0.0390 176 129 91
7.8125 16.5000 2.1960 219 163 88
-5.4375 -26.5000 0.0350 184 131 70
14.9375 12.0000 2.3290 211 142 82
16.0000 5.0000 2.6210 210 154 99
-13.0625 4.5000 1.1160 181 116 205
-11.5625 -25.0000 0.0490 194 129 66
-9.6875 -1.5000 0.0400 172 89 107
22.9375 5.5000 7.0960 103 93 105
23.1875 -1.0000 3.3110 182 157 146
4.3125 -4.0000 1.1090 180 63 223
-12.8750 11.0000 1.3680 205 96 173
-10.1250 -15.0000 0.0410 181 133 42
9.8125 -15.0000 1.0980 197 69 188
22.5625 -24.5000 4.6830 122 186 184
-11.3125 19.0000 7.2830 55 138 230
7.1875 -26.0000 0.0330 153 50 105
22.8750 7.0000 3.6900 134 139 165
-13.6250 -16.5000 0.0330 193 150 48
18.5000 -10.0000 3.5240 198 206 149
23.1250 13.5000 1.3590 218 57 77
14.6250 1.5000 2.6940 213 174 85
17.2500 21.0000 2.3230 191 169 84
-15.8125 16.0000 4.4920 92 164 254
12.5625 14.0000 2.2640 222 156 85
10.1250 7.5000 2.5970 191 184 127
20.0625 19.5000 2.6650 165 228 125
9.2500 13.5000 2.3760 196 178 100
15.7500 -6.0000 3.4420 198 179 147
19.2500 5.5000 2.6120 197 172 97
5.9375 19.5000 2.1850 223 144 89
-15.4375 7.0000 1.1830 185 80 235
-18.4375 22.0000 7.2940 70 130 222
-16.6875 12.0000 2.5560 151 231 162
1.1250 17.5000 1.9030 253 84 103
3.8125 5.5000 1.2980 203 49 194
11.7500 19.0000 2.1770 231 148 84
-8.3750 -11.5000 0.0500 161 128 52
19.8125 15.0000 3.6060 129 194 201
23.3125 -1.5000 3.3250 187 178 150
-2.5625 6.0000 1.2140 184 65 217
23.1250 -18.0000 4.2910 164 173 179
6.0625 3.5000 1.4670 220 69 116
-11.3125 14.5000 1.7710 232 150 124
-25.7500 21.5000 7.3450 83 122 211
8.3750 -24.0000 1.0470 179 188 148
5.6250 3.0000 1.2510 200 56 170
-24.3125 12.0000 2.8870 129 226 190
-12.5000 19.5000 7.2880 65 148 225
-4.8125 -23.0000 0.0370 171 128 66
-7.3750 -13.0000 0.0390 162 130 45
0.3125 0.0000 2.9460 126 254 208
13.7500 -10.5000 3.3730 161 221 164
-25.6250 -16.5000 0.0330 169 145 53
22.3750 -19.5000 4.3640 144 175 178
-0.6250 15.0000 1.7410 245 65 138
-19.3750 15.0000 1.7740 219 138 99
0.0625 2.0000 1.0780 182 111 199
-3.8125 3.0000 1.0850 181 100 218
-20.0625 16.0000 5.4660 64 152 251
11.8125 -11.5000 2.5840 169 207 110
-5.5000 18.0000 7.3280 64 125 218
-13.1875 16.0000 6.8140 55 136 229
17.1875 -18.5000 4.7260 106 151 207
15.8125 2.0000 2.7760 205 184 107
6.2500 7.5000 2.2920 170 194 97
-2.2500 21.5000 3.4880 132 187 247
13.1250 5.5000 2.5120 219 163 92
11.5000 -17.5000 1.1020 190 67 182
4.9375 -23.0000 0.0340 164 99 115
13.6250 -21.5000 1.1210 201 81 187
17.5000 12.5000 2.3730 210 164 69
11.3750 -12.0000 2.7100 154 220 149
-22.6875 13.5000 3.2550 112 249 216
-0.5625 -23.5000 0.0350 169 139 77
4.3125 -11.0000 1.0640 172 142 195
9.6875 -24.0000 1.0880 190 143 161
-26.3125 -8.0000 0.0330 179 126 106
-23.9375 2.5000 0.0290 160 98 125
6.0000 -25.5000 0.0390 170 109 85
13.6875 -11.0000 3.1140 174 223 142
-0.5000 15.5000 1.7810 246 76 138
22.8125 -1.5000 3.3160 176 163 152
6.4375 16.5000 2.1850 221 164 80
-10.5625 13.0000 4.5470 87 166 254
21.5625 17.0000 2.6750 173 215 118
-23.6875 4.0000 1.0750 186 131 196
18.1875 12.5000 2.5150 196 173 96
23.3750 -9.0000 3.5990 198 154 147
-21.4375 17.5000 7.3090 49 134 225
-3.8125 19.5000 2.1720 203 198 117
3.9375 -10.0000 1.0520 169 142 205
16.2500 13.0000 2.2760 216 154 65
-8.0625 16.5000 7.3290 58 128 224
14.3125 -20.0000 2.6090 174 212 124
-25.3125 2.5000 0.0340 145 103 153
11.2500 -26.0000 1.0850 179 86 200
6.0000 2.5000 1.2830 199 63 162
-14.9375 5.5000 1.1550 184 92 225
7.6250 -26.0000 0.0370 155 48 106
22.6250 -26.0000 4.7600 104 210 174
13.1875 19.5000 2.1110 237 135 78
22.8125 15.5000 1.3440 216 54 85
-7.2500 -3.0000 0.5780 165 229 107
-8.1250 -15.0000 0.0390 166 144 59
4.6875 13.5000 2.0120 217 144 73
13.1250 15.0000 2.2590 223 147 97
12.0625 -4.0000 2.8590 166 192 118
11.8750 13.5000 2.2570 220 158 82
22.0000 8.5000 3.6740 129 165 176
-21.2500 8.0000 1.1500 196 59 239
-9.8750 -2.5000 0.0330 167 107 117
-9.3750 14.5000 1.6760 227 116 130
-26.0625 7.0000 1.1430 175 95 224
-0.2500 -11.5000 0.0380 166 134 103
14.0000 -0.5000 3.0580 184 183 136
19.6875 -12.5000 3.7760 187 177 187
-24.2500 5.5000 1.1310 182 99 208
-3.1875 -6.0000 0.0410 165 128 100
-12.5000 -23.0000 0.0390 171 139 56
9.0000 -22.5000 1.0730 173 170 159
18.9375 -28.0000 0.0350 174 112 141
-18.7500 20.5000 7.4450 62 134 224
9.8750 -19.0000 1.1110 190 72 183
18.7500 -17.0000 4.2890 149 184 206
-9.6250 -7.5000 0.0350 190 135 72
10.1250 -8.0000 2.2330 192 183 60
-23.0625 15.0000 4.4750 87 178 247
-10.5000 -11.0000 0.0400 165 140 55
-18.8750 5.5000 1.1230 179 119 203
5.0625 -17.5000 0.0420 170 103 103
2.5625 18.5000 2.0020 245 115 81
20.0000 19.5000 2.6100 168 223 112
7.9375 -14.5000 1.0860 184 66 189
13.0000 -4.0000 3.4960 158 186 174
5.2500 8.0000 1.9920 203 159 76
6.6875 -14.0000 1.0550 175 91 181
-21.3125 -2.0000 0.3430 172 160 104
0.5000 -23.5000 0.0380 168 143 89
-7.3750 -27.5000 0.0330 181 131 51
17.9375 13.5000 2.4580 197 175 89
17.0625 8.5000 2.4780 213 146 91
7.0625 -15.0000 1.0750 175 105 197
23.2500 -10.5000 3.7560 187 156 140
6.1250 18.5000 2.1640 221 136 91
1.1875 8.5000 1.4720 216 58 162
17.1875 9.0000 2.4420 207 153 71
15.1250 -10.0000 3.6160 159 202 163
-23.3750 21.5000 7.2760 66 131 214
-0.8125 6.0000 1.2520 194 54 202
14.7500 5.0000 2.6130 220 171 103
16.2500 -6.0000 3.4040 199 185 145
6.0625 12.5000 4.2010 109 133 219
-5.2500 -18.0000 0.0350 170 138 87
8.8125 -5.0000 2.9770 119 208 199
-19.0625 19.0000 7.3440 52 128 231
-23.8750 -11.0000 0.0450 188 140 72
13.5625 -2.5000 3.1730 175 185 149
16.5000 10.5000 2.3940 209 152 70
12.6875 -24.0000 1.1000 200 68 212
14.8125 -10.5000 5.3570 108 126 174
-23.7500 4.0000 0.1060 168 110 160
-11.4375 10.5000 1.4490 218 86 159
7.1875 -15.5000 1.0810 173 112 213
-2.7500 -4.0000 0.0410 163 130 83
-20.5625 -4.0000 0.0330 175 107 100
-24.0000 -14.5000 0.0400 189 131 47
-10.3125 -5.0000 0.0420 172 120 91
-14.7500 3.5000 1.0630 176 117 208
10.3750 -11.0000 1.2040 207 66 137
9.4375 -11.5000 1.1330 191 55 152
-5.1250 0.0000 0.0410 147 98 124
-11.4375 15.0000 5.2420 77 165 254
-18.1875 2.5000 0.0370 161 94 124
-13.0625 6.5000 1.1750 183 77 223
15.6250 -23.0000 2.5080 165 217 98
13.4375 -14.5000 4.1490 110 166 201
-24.6250 15.5000 1.7780 227 126 96
-13.3125 5.5000 1.0990 177 109 214
13.0000 -11.5000 3.1400 165 224 154
-9.8750 9.0000 1.2510 206 59 201
13.8750 -17.5000 2.9250 177 204 126
20.0000 0.5000 2.8860 203 176 109
-4.1875 5.0000 1.1560 192 76 229
12.8125 -9.0000 3.6870 151 179 180
-7.5000 0.0000 0.0300 169 136 122
-17.7500 -15.0000 0.0370 178 147 47
-6.1250 17.5000 7.3240 72 124 209
-6.0000 -16.5000 0.0420 161 159 70
8.5625 1.5000 2.4480 166 202 112
-3.1250 12.5000 1.5520 226 46 162
-17.6250 -21.5000 0.0400 180 156 52
-7.1875 -13.5000 0.0410 163 129 44
18.1250 12.5000 2.4880 198 171 90
-1.3750 -11.5000 0.0370 175 126 103
-4.3125 5.0000 1.1860 194 79 226
-15.8750 -9.0000 0.0320 160 142 51
5.8750 20.5000 2.1970 218 140 97
-1.0000 -2.5000 0.0350 152 99 104
3.8750 0.5000 1.1210 187 27 206
21.2500 12.0000 3.7270 124 165 189
5.7500 4.0000 1.4080 211 68 136
-9.6875 18.0000 7.3040 62 136 225
16.7500 -2.5000 3.0250 186 180 130
7.3750 -0.5000 1.3190 208 49 141
12.4375 -2.5000 3.2400 155 179 160
-4.8125 -2.5000 0.0380 152 128 108
3.1250 2.5000 1.1860 202 40 199
-20.5625 1.5000 0.1040 174 125 130
15.6250 6.0000 2.5960 209 147 89
-11.1875 13.0000 4.6350 85 164 254
-6.0000 1.5000 0.5500 162 117 200
-3.8125 9.5000 1.3940 220 49 185
-26.3750 -27.5000 0.0310 162 138 59
5.7500 -6.0000 1.1060 176 67 211
-4.3750 5.0000 1.1760 194 78 227
-12.6875 -22.0000 0.0350 178 157 35
5.5000 -13.5000 1.0540 185 127 176
12.2500 -13.5000 2.8620 146 224 158
0.4375 6.0000 1.2730 194 55 207
-16.7500 -5.0000 0.0490 184 125 89
-6.5000 19.0000 7.2970 61 135 217
14.3125 -14.5000 4.3030 108 151 163
-2.1875 -28.0000 0.0540 163 125 49
13.0000 4.0000 2.6150 216 173 108
2.5625 3.0000 1.1380 185 35 226
5.8125 21.0000 2.2480 210 140 106
3.2500 -7.5000 1.0530 162 176 183
-5.3750 17.0000 6.6430 70 121 228
-21.2500 3.0000 0.0430 157 76 142
-11.2500 6.5000 1.1910 187 62 237
-14.4375 -21.0000 0.0320 173 170 52
-12.1875 18.0000 7.2900 61 120 223
-15.7500 -8.5000 0.0370 158 144 55
0.6875 17.0000 1.8380 249 70 125
18.1875 0.0000 2.9440 198 171 128
7.9375 -10.0000 1.1150 195 57 178
7.1250 16.5000 2.1750 219 160 88
-1.3750 1.5000 1.0700 173 132 204
-12.6875 -19.0000 0.0330 187 143 46
-6.6875 18.5000 7.2950 61 137 218
-23.1875 10.5000 1.2720 206 56 201
20.3750 -27.5000 0.0460 183 118 126
0.6250 10.0000 1.5940 229 58 139
-20.6250 2.0000 0.7170 173 174 151
-2.0000 -18.5000 0.0330 167 125 104
19.5000 -23.0000 2.5350 186 246 81
-11.1250 12.5000 1.7420 229 147 111
16.0625 -20.0000 4.1690 117 173 202
0.3125 -5.0000 0.0400 153 120 117
19.1250 -20.5000 5.5860 88 158 162
20.8125 14.0000 3.5990 123 183 200
13.3750 -8.5000 4.8500 114 148 174
-26.3125 -27.5000 0.0500 163 140 59
-8.5625 -25.5000 0.0470 188 136 70
7.2500 3.5000 1.9900 212 153 55
-17.5000 -3.0000 0.0180 161 96 126
-17.6875 0.5000 0.0400 170 111 131
-15.0625 -20.0000 0.0330 185 156 57
-25.9375 1.0000 0.0340 155 78 138
-0.4375 13.0000 1.6650 233 63 138
9.1875 -7.0000 2.1810 174 201 91
-20.3125 -14.0000 0.0310 191 144 60
22.5000 -10.5000 3.7310 190 164 145
8.3125 -0.5000 1.9760 200 171 68
9.7500 -17.5000 1.1040 184 72 193
23.4375 -28.0000 4.8570 123 192 128
-10.3750 -9.0000 0.0300 171 155 60
-17.4375 -7.5000 0.0370 166 128 65
-2.3750 21.5000 7.5650 80 108 213
5.4375 16.0000 2.1060 224 154 72
-2.5625 16.0000 1.6580 249 54 157
-15.3750 -11.5000 0.0400 182 146 68
19.6250 -10.5000 3.6150 191 180 175
2.9375 -25.5000 0.0360 166 129 84
17.5000 -10.0000 3.5340 191 217 165
7.1875 1.5000 1.6900 233 96 80
-9.8750 -26.0000 0.0450 179 133 67
12.0625 10.5000 2.2730 210 157 68
20.3125 8.5000 2.7500 179 189 107
-7.0625 7.0000 1.2240 198 73 234
-21.3125 -0.5000 0.0440 161 116 124
7.5625 7.5000 2.5550 178 196 123
-5.5000 -3.5000 0.0520 172 127 105
-16.6250 6.0000 1.1490 179 102 216
16.6875 16.5000 2.4060 201 179 100
-15.0000 19.5000 7.2860 65 136 229
-26.3125 -24.5000 0.0400 181 143 59
-18.1250 17.0000 7.3920 55 120 223
-0.4375 -6.5000 0.0380 156 152 85
22.4375 15.0000 2.5300 182 185 71
-11.8125 -13.5000 0.0380 188 163 56
-16.0625 8.5000 1.2050 184 93 211
11.6875 -0.5000 2.8990 162 203 133
-26.5000 17.5000 2.3730 165 219 158
-22.6875 -6.5000 0.0410 182 127 85
-18.3125 9.0000 1.2210 191 84 216
12.5625 -7.0000 4.5430 100 149 169
15.6250 17.0000 2.1360 235 139 65
-10.8125 -25.0000 0.0370 196 121 65
13.0000 19.5000 2.1510 231 140 85
-20.8750 16.0000 2.1450 188 216 94
22.8125 21.0000 1.3770 201 85 111
14.5625 20.0000 2.0940 238 133 71
-14.0625 -18.0000 0.0320 184 150 55
11.9375 -8.0000 2.8680 152 211 143
-14.8750 -3.5000 0.0390 153 135 102
12.6250 -3.5000 3.1660 154 190 155
1.9375 20.0000 2.0320 235 127 89
10.7500 6.0000 2.7180 185 189 140
10.2500 -22.0000 1.1170 196 74 179
-2.0000 21.5000 1.9000 222 134 136
-5.8125 -4.5000 0.0370 175 126 102
-21.7500 10.0000 2.1930 159 199 112
-8.8125 -3.5000 0.0280 152 125 122
-24.1250 12.0000 3.3920 110 221 226
-18.8750 0.5000 0.0300 158 120 135
7.1250 21.0000 2.1870 218 135 108
-16.4375 -26.5000 0.0450 179 142 46
22.7500 13.0000 2.6820 178 172 95
18.1250 17.0000 2.4070 197 180 96
-8.4375 -27.0000 0.0370 173 125 55
-11.7500 -21.0000 0.0340 170 143 49
-12.1875 -11.5000 0.0310 167 153 61
-22.7500 -22.5000 0.0340 199 132 51
-25.9375 17.5000 7.5840 61 133 222
10.5625 11.5000 2.4380 196 173 112
-23.1250 -5.0000 0.0510 165 109 77
-12.5000 6.5000 1.1620 177 61 228
17.5000 -5.0000 3.1670 198 191 133
-4.8750 -3.5000 0.0520 174 121 102
5.6875 -4.5000 1.1030 181 63 211
9.5625 -17.5000 1.0980 182 73 196
-13.5000 4.0000 1.0970 182 119 204
-9.6250 -11.5000 0.0450 167 146 52
4.8125 1.5000 1.1150 189 33 208
-25.9375 1.0000 0.0370 155 79 139
-9.1875 -7.0000 0.0300 193 135 77
-19.8750 -19.5000 0.0370 206 143 37
21.0625 -11.0000 3.6960 190 178 166
-7.5625 10.0000 1.4570 217 79 169
-8.8125 -24.5000 0.0370 183 135 74
15.1250 -3.5000 3.2780 175 182 147
8.4375 -9.0000 1.1020 191 55 179
2.6250 -2.0000 1.0790 164 104 190
-19.5625 -19.0000 0.0340 204 143 38
-18.3125 -25.0000 0.0400 176 157 52
-7.9375 -1.0000 0.0490 153 124 117
14.3750 -3.5000 3.2750 175 197 155
11.9375 -0.5000 3.0740 156 191 143
-25.3125 11.5000 2.0840 177 197 104
-14.2500 7.0000 1.1830 186 74 232
-17.9375 19.0000 7.2800 56 129 240
-11.2500 2.0000 0.5060 169 141 171
-9.7500 3.0000 1.0470 170 120 184
9.7500 7.5000 2.6380 186 182 134
-13.5000 18.0000 7.2690 66 116 222
6.8750 5.0000 2.4240 173 193 109
14.9375 -21.0000 2.5600 173 214 104
-10.6875 6.5000 1.1490 186 61 239
14.3750 -19.5000 2.8010 159 221 155
11.1875 -10.5000 3.1480 135 221 190
23.3750 7.5000 7.4600 97 84 104
11.3125 -0.5000 4.1070 109 143 194
-14.0625 -12.0000 0.0370 191 152 66
2.8125 -2.5000 1.0990 159 107 196
2.6250 3.5000 1.1890 182 51 210
-2.1875 1.0000 0.6140 160 114 214
-21.0000 -10.0000 0.0320 176 137 66
14.8125 19.5000 2.0890 240 133 68
14.6250 7.5000 2.5260 207 163 82
9.7500 9.5000 2.4540 194 166 101
-20.0000 19.5000 7.3090 47 129 237
21.5625 15.5000 2.6750 177 214 114
22.8125 -21.5000 4.4470 144 169 190
14.8125 1.0000 2.7670 207 177 95
-26.5000 8.0000 1.1450 182 72 230
-18.4375 19.0000 7.3240 58 128 239
-9.2500 -14.0000 0.0370 165 132 50
-18.0625 11.0000 2.7670 137 237 193
2.1250 -8.0000 0.0380 161 91 103
4.1250 10.0000 1.7490 239 79 84
0.7500 6.0000 1.2840 197 55 203
-1.5000 16.0000 1.7430 254 71 142
20.8750 11.5000 3.6500 125 170 193
-24.8125 0.5000 0.0350 158 69 132
14.4375 -6.0000 3.3970 189 180 139
16.5000 -7.0000 3.4960 194 197 169
-3.8125 -1.0000 0.0380 149 121 109
14.6250 12.0000 2.3280 212 144 83
4.2500 11.5000 1.9980 210 148 81
3.5625 -13.0000 0.0390 165 104 120
-22.4375 21.5000 7.2880 64 149 214
-23.3750 15.0000 1.7400 231 118 91
-25.6250 -19.0000 0.0370 193 142 73
0.6250 -16.5000 0.0390 163 107 86
11.3125 19.0000 2.1600 235 147 82
5.3750 -10.5000 1.0960 177 131 194
-5.6250 -21.5000 0.0340 164 138 70
14.3750 5.0000 2.5860 222 171 100
18.8125 -5.0000 3.2570 208 182 150
2.5625 13.0000 1.8270 236 99 101
20.1250 -22.5000 4.6650 111 187 202
-13.3125 -24.0000 0.0410 184 130 55
-20.0000 -24.0000 0.0320 190 136 34
12.5625 8.5000 2.3710 215 158 70
-12.7500 -25.5000 0.0330 190 125 53
13.8750 -8.5000 3.3380 188 192 139
22.2500 -19.5000 4.3290 144 178 183
-20.6875 -17.0000 0.0350 189 142 50
6.1875 -3.0000 1.1480 177 62 194
13.2500 4.0000 2.5690 222 171 98
8.5625 7.0000 2.6410 176 195 129
-16.3750 -5.5000 0.0340 185 121 83
4.5625 9.5000 1.7950 236 93 78
-5.3750 -4.0000 0.0320 174 122 102
15.2500 14.5000 2.2650 219 140 85
-21.8125 21.5000 7.2960 61 147 214
-1.3750 -8.5000 0.0450 146 134 77
9.1250 -3.0000 2.1360 186 178 61
10.0000 3.0000 2.8040 166 199 145
11.7500 -11.5000 2.6580 165 210 126
4.7500 14.5000 2.0450 207 146 81
0.9375 1.0000 1.0550 176 91 212
-7.1875 -8.5000 0.0400 179 121 67
-11.5000 3.5000 1.0820 170 101 215
8.3125 11.0000 3.2980 136 176 199
-3.5000 17.5000 1.7940 238 120 116
-21.5625 -1.5000 0.6240 166 203 112
-13.5000 17.0000 7.3030 54 120 221
-7.3125 -15.0000 0.0340 167 139 56
-10.8125 16.0000 7.3060 50 130 230
-16.0625 8.5000 1.2230 186 93 208
-3.0625 20.5000 3.3050 131 203 254
-22.5625 14.0000 3.2230 115 248 213
19.5000 -26.5000 1.0480 185 171 140
-4.1250 21.0000 7.3290 66 113 221
6.8750 -6.5000 1.1100 183 54 189
5.0000 -4.5000 1.1100 182 63 217
11.6875 1.0000 2.9470 165 203 144
21.0000 -27.5000 0.0530 185 115 121
-11.1875 -26.5000 0.0500 195 131 58
-6.7500 5.5000 1.1690 184 79 240
-4.2500 -26.5000 0.0350 188 121 67
21.1875 16.0000 2.7720 170 222 134
-9.8750 -9.5000 0.0460 161 145 56
-13.7500 18.5000 7.2810 60 138 228
-10.7500 17.5000 7.2990 54 123 229
16.5625 12.0000 2.2780 222 145 59
-3.6250 5.5000 3.3480 114 219 254
-4.2500 8.5000 1.3330 198 68 213
-26.5000 17.5000 3.3850 131 213 254
-15.6250 -17.5000 0.0390 177 153 35
18.8750 -26.5000 1.0270 181 160 141
-9.5000 -8.5000 0.0190 176 143 63
20.5625 17.5000 2.8160 163 221 149
-17.7500 -12.0000 0.0380 180 153 44
-5.1875 -20.0000 0.0340 181 132 75
-22.9375 8.5000 1.1810 174 76 228
-17.6875 -1.0000 0.0300 161 114 122
15.6250 13.0000 2.2760 211 135 71
-21.9375 4.5000 1.0920 184 136 186
12.0625 -5.0000 2.9130 160 195 131
3.6875 6.0000 1.3910 209 60 184
5.9375 -7.5000 1.1220 175 82 190
-10.6875 -18.5000 0.0350 169 147 45
9.1250 0.5000 2.2110 189 165 60
-16.6250 -14.0000 0.0430 189 146 36
-16.1875 8.0000 1.1960 181 93 222
10.0625 4.0000 2.6590 182 186 119
-22.1875 -1.0000 0.0330 169 91 107
-10.6875 11.5000 2.8780 129 247 202
21.6875 10.0000 3.6010 130 167 184
12.7500 -15.5000 2.7550 169 221 118
-7.0625 13.5000 1.6160 233 108 141
22.3750 -18.0000 4.2390 164 177 185
-16.2500 11.0000 1.4160 209 101 164
17.1250 -27.5000 1.0050 186 119 161
23.3125 -20.5000 4.5050 144 167 185
1.6875 4.5000 1.1850 185 47 222
-17.0000 13.5000 1.6640 227 123 109
10.1875 -15.0000 1.1290 202 70 180
-7.0625 13.0000 2.1340 174 212 105
20.6875 -12.5000 3.8300 187 179 186
-20.1250 -23.5000 0.0320 187 136 25
10.4375 -20.0000 1.1060 196 74 176
-2.8750 -9.0000 0.0380 162 128 87
18.3750 -14.5000 4.0690 154 174 158
-17.0625 4.0000 1.0470 174 161 205
17.6250 16.5000 2.4110 199 185 97
-24.1250 -0.5000 0.0350 167 87 119
-6.3125 -24.5000 0.0470 192 138 67
13.0625 -10.0000 3.7690 145 192 179
-1.5000 -26.0000 0.0440 180 128 63
17.8750 7.5000 2.5410 213 160 103
-11.9375 20.5000 7.2910 67 144 222
4.0625 -17.5000 0.0410 163 124 94
-9.3125 -8.5000 0.0490 176 145 65
-18.0625 -27.0000 0.0380 176 126 30
10.2500 -27.5000 0.0640 160 85 121
-10.6250 -0.5000 0.0290 169 90 118
-9.0000 14.5000 2.0210 200 190 99
12.1875 -1.0000 4.3820 106 125 181
-6.8125 -7.0000 0.0420 177 121 73
6.3750 -0.5000 1.1500 197 53 173
-8.0000 10.0000 1.4480 215 77 171
11.8750 -9.5000 3.7200 117 183 208
-13.0625 -24.0000 0.0340 191 144 44
21.3125 4.5000 2.9500 182 192 144
9.5000 -13.0000 1.1170 194 64 180
-7.1875 2.0000 1.0260 168 132 201
-26.2500 16.5000 2.7850 146 230 212
-15.3750 5.5000 1.1080 180 92 227
23.0000 6.0000 2.6940 190 170 76
-25.6250 22.0000 7.3400 85 121 210
-24.5000 2.5000 0.0340 146 104 150
11.3125 19.0000 2.1740 233 150 84
22.4375 19.0000 1.3840 218 84 104
-20.5000 21.0000 7.2700 55 122 230
-17.4375 -18.5000 0.0390 189 155 44
-21.0000 6.5000 1.1400 195 60 233
-6.7500 8.0000 1.2930 200 81 221
6.5000 8.5000 2.2180 199 177 78
20.0625 -23.5000 4.8110 95 206 204
17.1875 -0.5000 2.8720 202 166 103
5.9375 10.0000 2.1890 187 178 84
6.8750 -19.5000 1.0360 163 147 178
23.5000 -6.5000 3.4530 195 167 147
7.1875 14.0000 2.3960 187 189 106
-8.3750 8.5000 1.2940 199 74 212
-4.3750 -5.5000 0.0380 180 113 92
-14.1875 13.0000 1.6770 230 118 112
20.1250 -24.5000 5.8470 73 192 179
17.5625 -26.5000 1.0290 194 116 168
-3.1875 -20.0000 0.0340 169 139 84
0.7500 16.0000 1.8680 250 81 117
7.5625 -4.0000 1.1510 197 49 169
21.5625 -21.5000 4.4490 127 182 200
-2.2500 -12.5000 0.0390 150 113 112
-18.5625 9.0000 1.1810 189 84 221
18.1250 0.5000 2.8900 203 173 115
-7.7500 13.5000 3.4210 120 220 254
21.8125 21.5000 1.3970 205 85 115
3.4375 15.5000 1.9840 226 120 92
18.8750 -22.0000 2.7590 170 239 109
14.2500 13.5000 2.2980 219 151 91
-6.3750 -28.0000 0.0380 174 140 51
-19.1250 2.0000 0.0360 172 112 114
9.1250 20.5000 2.0450 247 119 94
18.8125 16.0000 2.4250 191 176 90
0.8125 11.5000 1.6910 226 86 132
13.2500 -6.0000 3.1490 182 198 134
-3.8750 6.0000 3.3200 115 221 254
-10.8125 16.5000 7.2920 50 128 231
-17.4375 -22.5000 0.0350 186 152 48
-10.0625 -2.0000 0.0170 175 86 107
-23.1875 16.0000 6.3560 46 157 241
10.6875 -26.0000 1.1010 178 91 203
-1.3750 11.5000 1.5800 230 76 168
-16.1875 15.0000 4.5030 97 149 254
-13.6250 13.5000 6.3650 55 148 240
-18.0000 16.0000 4.6030 89 163 254
-19.9375 19.5000 7.3010 47 129 237
13.1250 5.0000 2.5060 224 161 86
16.8750 -11.5000 3.8260 171 188 177
17.1875 -3.0000 3.0680 202 186 122
-19.1250 -7.0000 0.0380 187 126 60
1.5625 -11.5000 0.0360 174 117 89
-0.1875 11.5000 1.6580 224 77 140
7.1875 20.5000 2.1200 230 130 98
-17.5625 8.0000 1.1890 182 91 231
10.0000 -26.0000 1.0430 169 97 201
17.0625 -13.5000 4.0140 145 183 182
-5.6250 6.0000 1.1950 189 75 237
9.9375 20.0000 2.0950 238 129 90
21.6250 -2.0000 3.0880 193 183 142
-1.4375 19.5000 1.9270 240 132 108
-0.6250 3.5000 1.1430 180 52 200
20.1250 2.5000 2.8060 204 170 99
6.1250 -2.0000 1.1270 184 39 184
-15.0000 15.0000 1.7130 228 128 127
-11.1250 19.5000 7.2810 55 138 230
23.3750 -18.0000 4.2860 164 172 178
8.8125 -7.5000 1.1330 194 55 161
12.4375 -13.5000 2.7030 156 223 133
-14.3750 -4.5000 0.0330 159 128 96
-16.2500 16.5000 4.5820 89 163 254
-8.1875 8.0000 1.2430 200 70 238
-7.0625 5.5000 1.1700 185 79 241
-8.1250 -3.5000 0.0290 171 148 100
6.0000 -5.0000 1.1390 181 67 200
-25.1875 -27.5000 0.0330 170 132 57
15.6875 -15.0000 3.4350 175 207 154
2.1875 -24.0000 0.0440 170 137 94
-21.3750 -14.0000 0.0320 188 149 62
23.1250 11.5000 2.5580 187 174 71
-20.3125 8.0000 1.1800 202 62 229
-3.1875 -9.5000 0.0270 171 145 67
-19.3750 11.0000 3.9400 88 197 249
9.5625 -20.5000 1.1200 188 80 183
20.8125 -27.5000 5.0760 95 208 173
10.3750 8.0000 2.5630 193 182 123
11.6875 -18.0000 1.1490 197 75 176
-17.5625 -3.0000 0.0340 159 101 129
21.3750 -7.0000 3.4500 187 189 167
15.0625 -15.5000 3.9700 114 171 191
11.3125 22.0000 2.1130 220 110 93
12.6250 10.0000 2.4010 200 153 96
-13.0000 -11.5000 0.0420 184 152 55
-0.5625 14.0000 1.7270 234 77 133
-21.5625 -17.5000 0.0370 188 131 54
3.3125 17.0000 2.0120 234 122 94
6.8750 14.0000 4.2200 114 132 209
9.6250 -23.5000 1.0630 193 100 196
13.2500 -2.0000 3.1620 175 186 150
-13.9375 14.0000 3.1180 124 244 241
13.9375 16.0000 2.2210 226 147 79
-14.3125 -2.5000 0.4300 172 190 121
2.0625 18.5000 1.9790 248 111 80
7.7500 -17.0000 1.0650 176 108 201
22.4375 8.0000 3.6750 130 161 167
-14.4375 -21.0000 0.0330 173 170 52
-9.9375 -8.5000 0.0280 174 155 58
20.5000 -19.0000 4.1790 148 196 207
3.1250 -3.0000 1.0850 172 63 229
16.4375 -19.5000 4.3710 113 167 206
-1.4375 13.5000 1.6380 237 55 146
-20.1875 -18.5000 0.0360 201 148 43
-15.6250 0.0000 0.0340 169 130 112
2.0000 9.0000 1.5560 226 67 144
-13.8750 21.0000 7.2680 68 131 223
-25.5000 -9.5000 0.0290 180 126 96
-13.0625 4.0000 1.0570 178 120 204
14.9375 -8.0000 3.5990 176 183 154
21.6875 4.5000 2.9780 179 190 148
-6.3750 -13.5000 0.0400 161 128 40
10.7500 1.5000 2.5640 191 190 86
19.6250 21.5000 2.8880 143 212 161
-13.6875 18.5000 7.2780 60 138 228
11.6250 -19.0000 1.1280 201 72 176
14.8750 -16.0000 3.0670 174 207 124
4.5625 -25.0000 0.0340 173 118 93
-26.5000 15.0000 1.6600 214 104 126
22.8125 8.0000 3.6690 132 159 161
4.0625 -24.5000 0.0400 169 125 98
4.6875 -0.5000 1.1030 177 48 213
-4.3750 18.0000 7.5610 61 120 216
16.1250 -9.5000 3.6970 178 203 178
2.7500 -16.0000 0.0400 166 103 84
14.1250 -9.5000 3.2300 171 219 149
-7.0625 14.5000 3.1820 133 225 244
12.8750 -11.5000 3.1460 164 222 155
5.0000 5.0000 1.3660 213 56 154
3.3750 -11.0000 0.0640 158 100 112
10.5625 5.5000 2.7530 178 185 141
18.3125 21.5000 2.6410 156 202 133
-0.1250 14.0000 1.7310 242 73 136
-25.3750 9.0000 1.1920 187 71 228
14.3750 -21.5000 2.5530 164 223 120
20.0000 -6.5000 3.3720 195 191 164
-24.3125 3.0000 0.0360 147 107 154
-11.1250 8.5000 1.2330 188 70 232
-2.2500 -1.5000 0.0350 148 109 115
11.0625 -4.5000 4.6250 85 133 198
-20.4375 -17.5000 0.0390 189 141 49
10.8750 12.5000 2.2060 225 154 71
-16.6875 -1.5000 0.0390 165 111 116
13.4375 -24.0000 1.0990 193 75 221
8.0000 0.5000 2.0020 204 166 58
0.9375 0.5000 1.0790 176 92 211
-10.8750 13.5000 4.4570 92 168 254
2.4375 8.0000 1.5200 219 72 151
9.5625 2.5000 2.8280 155 201 150
-5.0000 17.5000 2.1620 208 206 106
-9.3125 6.0000 1.1470 176 79 229
-2.6875 12.0000 1.5370 223 56 180
18.0000 -20.5000 3.2320 169 224 146
6.6250 12.0000 4.0010 122 143 213
-2.3125 21.5000 1.8810 224 132 138
1.1250 -1.5000 1.0300 157 106 201
13.6875 5.5000 2.5020 224 156 85
12.3750 -6.5000 3.7440 124 171 186
-11.3125 7.5000 1.2240 189 65 237
1.0625 11.0000 1.6450 229 71 134
-0.1250 4.5000 1.1590 180 52 202
10.3750 -12.5000 1.1510 202 64 170
-5.5000 20.0000 7.3090 60 121 230
-13.3750 -17.5000 0.0310 191 162 42
-9.6875 1.5000 0.4170 160 127 149
-6.2500 20.5000 7.3290 63 144 230
-25.3125 8.0000 1.1840 184 72 221
-9.4375 -6.0000 0.0470 182 146 82
-1.1250 -9.5000 0.0370 170 118 106
10.6250 8.0000 2.5900 192 184 127
7.1875 11.5000 3.6400 131 173 210
4.1250 -7.0000 1.0720 172 90 203
-9.8750 0.0000 0.0270 161 98 104
-7.4375 -12.5000 0.0330 159 131 44
3.1250 20.0000 2.0780 233 132 89
-11.6875 -8.0000 0.0600 190 148 80
3.1875 -25.0000 0.0380 165 127 84
1.3125 -16.0000 0.0360 166 103 85
11.8125 -23.5000 1.1140 199 65 217
-1.3125 5.0000 1.1950 186 53 204
2.0000 8.0000 1.5040 221 67 154
8.8125 -25.5000 1.0590 179 193 135
11.1250 -16.0000 1.1170 202 60 161
-1.1250 17.0000 1.7820 248 77 139
3.9375 6.0000 1.3350 208 53 190
-19.7500 20.0000 7.3240 48 126 235
16.9375 -24.5000 1.0930 200 112 178
21.0000 -2.0000 3.0760 193 189 146
0.6875 1.5000 1.0680 176 91 216
11.0000 -4.0000 4.3950 90 136 203
5.6875 -3.5000 1.1170 177 65 211
10.5000 -19.0000 1.1160 197 71 182
20.8750 6.5000 2.8620 175 201 125
11.3750 -1.5000 4.6660 97 120 188
3.3750 19.5000 2.0570 238 125 92
15.8750 5.0000 2.6880 208 173 108
-19.3750 4.5000 1.0770 178 140 200
-23.3750 -21.0000 0.0330 192 142 56
-8.7500 -4.0000 0.0460 173 155 97
-11.7500 8.5000 1.2390 191 77 228
16.8125 14.0000 2.2220 219 152 56
16.3750 -20.0000 3.1860 182 214 142
9.3750 18.5000 2.0770 232 127 85
6.6875 -11.0000 1.0840 181 85 172
19.9375 18.0000 2.7180 165 228 133
9.8125 -27.0000 1.0530 168 137 170
-21.2500 4.0000 1.0510 172 140 207
6.4375 16.5000 2.2100 218 167 81
21.5625 -14.5000 3.9910 179 158 183
15.1250 -21.5000 2.5790 163 219 118
-17.5000 5.0000 1.0580 173 159 212
-12.8125 10.5000 1.9580 193 190 100
12.6250 2.0000 2.8880 176 186 135
-11.5625 20.0000 7.2820 57 136 229
7.7500 -4.0000 1.1250 195 49 171
15.8750 1.5000 2.7850 202 170 113
4.6250 6.5000 1.5500 237 60 124
12.5000 -25.0000 1.1060 192 70 221
17.3750 -20.0000 4.1630 123 180 199
15.3750 4.0000 2.6470 219 169 101
21.0000 -18.0000 4.1660 153 192 199
-14.9375 0.0000 0.0380 160 100 125
21.9375 -9.0000 3.5940 195 161 159
-9.9375 -2.0000 0.0440 176 92 106
5.6875 11.5000 2.2940 182 178 91
-19.6250 3.5000 1.0410 174 140 198
10.1875 -19.5000 1.1190 196 73 180
1.5625 -20.5000 0.0290 159 106 85
-5.5000 -11.0000 0.0240 160 131 70
-1.0000 6.0000 1.2140 189 54 210
-7.0625 16.5000 7.3440 58 125 218
4.9375 -4.5000 1.1210 183 63 216
3.1250 -2.0000 1.1220 164 82 195
3.1875 -14.0000 0.0350 173 94 83
16.0000 3.5000 2.7010 207 159 104
-10.4375 -10.5000 0.0400 164 142 57
-14.5625 18.5000 7.2480 63 139 228
23.1250 8.0000 3.6070 135 160 156
-6.4375 13.0000 2.0270 185 191 99
17.0000 -1.5000 2.9680 191 181 124
19.1250 -23.0000 2.7460 169 254 119
-18.3125 -9.5000 0.0400 186 144 56
-23.6875 -4.0000 0.0450 162 114 83
-9.6875 8.0000 1.2430 191 70 225
20.5625 22.0000 1.4070 207 84 114
8.5000 -25.5000 0.4920 176 123 127
-1.3750 17.5000 1.7400 245 69 150
-0.1875 6.5000 1.3120 192 48 183
3.8125 -25.0000 0.0380 172 127 94
-1.3750 -16.0000 0.0450 176 112 96
-21.8750 -0.5000 0.0330 173 111 120
13.5625 -25.0000 1.0970 197 71 219
-2.8750 1.5000 1.0510 164 137 207
7.6250 -7.5000 1.1330 193 48 171
23.3750 -28.0000 4.8440 123 192 129
9.4375 -8.5000 1.1400 192 52 141
-21.5000 -18.0000 0.0350 192 129 49
-24.8125 -5.0000 0.0320 155 116 86
12.6875 -2.5000 3.1650 162 182 149
18.0000 -4.0000 3.1450 199 190 131
16.0625 -27.0000 1.0440 182 105 184
20.1875 2.0000 2.8380 204 176 104
-11.6875 -18.0000 0.0380 165 157 49
-21.6250 14.0000 1.6860 227 129 104
9.4375 -2.0000 2.4490 174 197 104
-12.9375 -19.0000 0.0350 189 144 49
10.8750 4.0000 2.8160 176 195 148
-0.5000 7.0000 1.3340 197 58 191
-8.0000 13.0000 2.7770 141 241 198
-16.8125 17.5000 7.3020 62 124 225
0.6250 -20.5000 0.0360 157 112 97
-21.0000 20.0000 7.2850 49 128 235
0.2500 -9.5000 0.0430 173 111 93
1.6250 0.5000 1.0560 177 88 208
11.5625 -1.0000 4.6110 98 120 187
14.3125 1.0000 2.7630 206 179 97
-23.0000 -18.5000 0.0370 202 128 67
16.6875 -0.5000 2.8810 200 164 105
0.7500 -6.5000 0.0370 148 114 109
18.0625 3.0000 2.7320 208 168 102
13.8750 -22.0000 1.1300 204 80 186
21.0625 20.0000 1.4030 227 77 111
14.3125 -17.5000 3.1740 164 205 143
-0.4375 -8.0000 0.0380 144 130 75
-9.6250 14.5000 1.7200 226 124 122
-8.1250 -10.0000 0.0390 178 133 59
-13.1250 15.0000 4.9500 86 154 254
7.4375 -3.5000 3.6680 100 182 244
2.3750 -2.5000 1.0530 162 106 187
8.4375 17.5000 2.1850 221 145 90
23.3750 -26.5000 4.7860 114 203 150
-21.3750 -1.5000 0.5630 169 197 110
23.0000 13.5000 2.5620 180 181 73
17.0000 17.0000 2.3900 200 178 97
4.9375 7.0000 1.5780 239 65 118
-21.6875 -18.5000 0.0410 212 144 54
12.9375 7.5000 2.3980 216 148 70
16.0000 7.5000 2.5700 211 161 113
12.1875 11.0000 2.2800 208 153 71
22.6875 -17.0000 4.1830 167 174 182
17.7500 -2.5000 3.0940 183 181 135
0.1250 -6.0000 0.0340 147 123 109
20.3125 13.0000 3.6510 122 178 202
15.1875 -17.5000 3.3490 151 201 155
20.8750 21.5000 1.3710 209 81 118
14.7500 -10.0000 4.8630 117 136 178
2.9375 2.5000 1.1700 186 40 217
-13.6875 18.0000 7.2750 64 137 224
-4.3125 -1.0000 0.0410 150 123 113
-9.9375 2.0000 1.0270 172 163 152
18.1250 -8.0000 3.4240 200 200 155
4.3750 14.0000 1.9800 219 134 77
-18.9375 -0.5000 0.0320 164 116 97
-0.8750 -8.5000 0.0350 145 130 74
12.6875 14.5000 2.2670 221 145 105
-21.0625 -5.5000 0.0470 176 114 92
0.3125 14.5000 1.7610 245 74 136
10.7500 -14.0000 1.1410 206 64 164
12.8750 -5.5000 3.0530 178 187 124
-12.1250 6.0000 1.1640 176 79 233
10.1250 9.0000 2.5460 189 181 118
15.3750 -0.5000 2.8300 205 162 97
2.4375 -22.0000 0.0360 172 118 91
18.3125 -20.0000 5.5930 102 141 157
-16.5625 -19.5000 0.0370 194 143 37
-6.8750 -15.5000 0.0510 167 136 55
17.9375 -12.5000 3.9620 155 180 183
-9.1875 -1.0000 0.0500 177 120 103
2.6250 -21.0000 0.0370 163 129 94
-20.1250 16.0000 4.5330 80 167 254
6.0625 8.0000 2.3150 167 195 104
-3.4375 13.5000 1.5340 229 68 166
11.0625 13.0000 2.2220 224 158 74
21.6250 -19.5000 4.3050 143 185 192
-15.8125 -13.0000 0.0340 187 142 31
-1.6875 -3.5000 0.0350 165 125 77
16.7500 4.5000 2.6860 205 170 109
-6.4375 15.5000 7.4390 65 112 203
22.7500 -17.5000 4.2040 167 175 182
-12.9375 4.0000 1.1190 182 121 199
-19.1250 8.0000 1.2250 201 73 213
18.6250 6.5000 2.6090 201 154 90
7.6875 -26.0000 0.0430 155 49 106
6.9375 -0.5000 1.2300 201 59 168
-23.5000 9.0000 1.1820 196 50 216
19.5000 -10.0000 3.6090 191 181 176
20.0000 21.0000 1.4320 219 80 106
-9.3125 -27.0000 0.0520 174 134 60
16.2500 19.5000 2.3080 205 171 84
-12.0625 7.5000 1.1820 180 66 242
7.9375 6.5000 2.6250 176 196 128
-22.6875 -12.5000 0.0360 195 128 52
-1.7500 1.5000 1.0880 173 133 203
9.8125 7.5000 2.6390 186 182 134
-22.0625 -18.5000 0.0420 213 143 56
17.3750 -19.0000 4.7340 104 152 209
-10.5000 15.0000 4.5610 93 177 254
16.9375 -25.5000 1.6270 241 153 72
14.3125 -20.5000 2.5720 177 207 117
-19.9375 17.5000 7.3100 60 132 241
-6.8750 6.0000 1.1790 184 80 241
-1.6250 3.5000 1.1290 180 51 205
-22.5625 3.5000 0.3890 173 106 173
-3.6250 13.5000 1.5170 231 66 169
-11.5625 -21.5000 0.0370 177 151 62
19.7500 -7.0000 3.4190 190 191 173
-7.1875 -1.5000 0.0470 157 120 114
2.7500 3.5000 1.1540 184 43 208
-18.2500 -7.5000 0.0390 163 134 65
10.0000 -6.0000 2.1620 199 175 61
10.5000 -8.5000 2.4170 177 195 86
-10.2500 -9.0000 0.0350 171 154 59
21.8750 -25.5000 4.9680 92 214 189
-8.6875 -27.5000 0.0350 171 128 54
15.6250 10.5000 2.4170 211 156 74
2.5000 11.0000 1.7660 223 101 113
-5.7500 -5.5000 0.0380 172 123 103
17.7500 -27.0000 1.0490 191 122 157
-19.1250 -5.5000 0.0480 171 126 76
19.3125 -17.5000 4.3080 144 190 193
-11.6250 2.0000 0.3350 160 122 169
14.7500 -10.0000 3.4890 162 213 164
-22.3125 3.0000 0.0330 177 85 128
0.1875 -4.0000 0.0410 173 106 85
-24.1875 19.5000 7.2820 54 136 223
15.7500 -11.5000 3.6960 165 195 164
7.8125 14.0000 2.3820 191 188 104
2.4375 10.5000 1.7240 228 93 116
-25.5625 14.0000 3.0980 118 235 213
-25.4375 -17.0000 0.0340 176 138 66
2.9375 7.0000 1.4380 213 60 159
17.8750 -14.5000 4.0810 150 176 163
-24.3750 -20.0000 0.0360 202 139 67
21.9375 6.0000 2.9050 175 182 118
12.6250 -12.0000 2.8620 159 223 140
4.2500 14.5000 1.9700 234 126 85
8.3750 12.5000 2.4500 192 189 107
-12.4375 4.5000 1.0850 173 85 217
-6.8125 8.0000 1.2520 197 77 230
9.5625 -5.5000 3.8480 105 160 219
-4.9375 18.0000 7.4740 61 123 220
4.1250 -3.0000 1.0960 177 58 224
5.5000 3.5000 1.3090 203 57 157
-21.3125 -25.0000 0.0420 193 143 39
-21.6875 12.0000 4.0050 87 197 246
-0.3125 -27.5000 0.0370 165 133 83
21.0625 -7.5000 3.4470 186 192 172
7.4375 17.0000 2.1320 224 153 86
7.3125 -21.5000 1.0660 161 190 166
-2.8750 -3.0000 0.0360 148 113 103
18.1875 -9.0000 3.4720 194 200 155
16.0000 -19.5000 4.4410 112 161 204
22.2500 -21.0000 4.4640 142 171 194
9.8125 4.5000 2.5710 186 179 106
7.0000 4.0000 2.0250 208 159 57
1.0625 12.5000 1.7420 242 73 118
0.5000 9.0000 1.5150 217 58 165
-15.1875 -9.5000 0.0230 185 142 65
3.3750 -23.0000 0.0380 164 120 110
-17.4375 -13.0000 0.0350 186 149 40
6.8125 13.5000 4.2960 111 131 209
20.2500 -26.5000 0.1470 193 122 134
-24.6875 -8.0000 0.0350 185 134 95
19.1875 -2.0000 3.0350 193 182 146
-25.3125 18.5000 7.2920 65 133 221
6.8750 -1.0000 1.1380 191 40 176
0.7500 18.5000 1.9060 252 90 88
17.1250 10.0000 2.4240 210 157 70
-24.0625 18.5000 7.2720 54 139 221
-19.6875 12.0000 4.0330 91 178 246
-8.3750 15.0000 3.1450 128 238 242
-23.1250 -19.0000 0.0370 206 129 65
19.4375 -9.5000 3.5370 196 181 171
-25.0625 16.0000 2.6910 140 245 199
0.8125 18.0000 1.8800 253 79 108
7.0625 -7.5000 1.1300 189 46 176
18.7500 -10.5000 3.5470 200 186 171
14.1250 20.5000 2.0750 237 126 76
20.7500 -27.0000 0.0310 190 114 124
9.0625 -9.5000 1.1010 191 62 170
12.6250 8.5000 2.3310 218 155 62
-4.8125 -25.5000 0.0330 188 122 73
10.5000 -23.0000 1.1160 198 69 176
-10.6875 15.5000 7.5920 49 130 226
15.5625 -9.0000 3.6540 174 190 145
-24.1875 9.5000 1.2060 197 50 216
-16.6250 7.5000 1.2150 186 91 222
-7.8750 21.0000 7.3360 65 131 221
-3.7500 8.0000 1.3210 198 67 215
-7.8750 2.5000 1.0750 170 130 207
16.3750 6.0000 2.6140 213 162 111
13.2500 -11.0000 3.1720 169 220 148
6.5000 19.5000 2.1370 230 135 95
-5.6875 -10.5000 0.0360 157 137 73
8.3125 11.5000 2.5020 184 175 108
-6.3750 9.0000 2.5270 151 234 163
22.0625 17.5000 1.3720 225 60 93
12.1875 -23.5000 1.0720 194 66 219
7.5625 13.5000 4.0040 120 145 213
11.0625 -17.5000 1.1030 196 61 157
13.9375 -24.5000 1.1000 197 75 217
-9.3125 18.0000 7.3000 63 128 228
-22.6875 22.0000 7.2970 67 149 214
20.4375 -2.5000 3.1120 190 188 151
-20.0625 11.0000 3.9040 88 202 254
-6.5625 9.5000 2.3570 166 236 139
23.1875 5.5000 6.6150 107 96 108
19.0625 -15.0000 3.9190 180 194 178
5.2500 -5.0000 1.1140 183 65 211
19.0625 -17.0000 4.2660 151 184 206
-21.4375 14.5000 1.7060 223 138 121
-18.6250 16.5000 5.4080 71 155 254
-19.8125 -23.5000 0.0310 186 164 41
16.0625 18.5000 2.3310 207 170 89
11.3750 -2.0000 4.7300 96 118 183
-10.3750 16.0000 7.3020 51 131 228
-23.6250 4.5000 1.0720 186 130 200
7.1250 -0.5000 1.2850 203 47 149
-5.0000 -26.0000 0.0350 187 126 71
21.7500 12.0000 3.6780 128 167 181
-20.6875 -2.0000 0.0600 160 106 107
-21.5000 -18.0000 0.0390 192 130 50
9.5000 21.0000 2.0890 239 125 96
19.7500 -11.5000 3.6280 194 173 166
4.7500 -16.5000 0.0430 171 97 114
-15.6250 -26.0000 0.0410 177 133 73
-9.0625 -20.0000 0.0340 173 157 48
17.3750 -15.0000 4.1040 141 184 183
-3.5625 -5.5000 0.0420 168 126 102
13.2500 -6.5000 3.0840 198 184 123
15.1250 5.5000 2.6200 208 153 94
6.4375 -17.0000 1.0570 171 146 181
7.4375 -14.5000 1.0770 181 68 192
-17.0000 6.0000 1.1500 180 90 221
-11.1250 -2.5000 0.0360 180 101 114
-9.2500 10.0000 1.3910 206 78 184
-25.8750 9.0000 1.1960 186 72 228
12.4375 19.5000 2.1330 235 138 74
14.2500 -27.0000 1.0800 188 79 196
12.8125 5.0000 2.5130 218 166 83
14.5000 12.5000 2.3000 220 150 87
17.8125 -10.0000 3.5220 193 216 161
-10.6250 15.5000 7.4980 50 130 227
7.9375 -18.0000 1.0660 166 137 180
-21.8125 3.0000 0.0410 156 76 143
-15.1250 3.5000 1.0550 176 134 190
-11.8750 -6.0000 0.0470 176 125 93
21.8125 -26.5000 5.0210 94 214 177
-15.6875 -4.0000 0.0340 186 134 87
18.6875 4.0000 2.6770 204 168 104
-23.0000 17.5000 6.6010 56 147 240
-17.6250 -25.0000 0.0380 180 150 52
-6.9375 -3.5000 0.3840 167 197 114
19.4375 7.5000 2.7230 183 188 103
-23.6250 -11.0000 0.0430 189 138 70
-6.1250 3.0000 1.0590 168 113 207
-7.3750 -11.0000 0.0410 181 127 51
-12.1875 -3.0000 0.0250 170 125 97
0.4375 18.5000 1.9220 247 95 93
9.1250 2.0000 2.6350 153 199 134
17.5000 -19.5000 4.2070 121 179 203
-20.5625 -12.5000 0.0370 187 146 66
22.0000 16.5000 1.3160 222 64 102
-22.3125 -23.5000 0.0320 187 136 50
8.1250 -16.0000 1.1070 181 102 206
-14.5625 10.5000 1.4590 220 93 160
8.5625 0.5000 2.1620 188 184 70
23.0000 -13.0000 3.8820 179 144 156
-12.1250 9.0000 1.2620 193 79 227
12.8750 -16.0000 2.7120 183 202 101
9.1875 17.5000 2.0760 232 130 78
13.6250 -13.0000 3.8170 134 190 190
-14.7500 -19.5000 0.0280 187 153 58
21.0625 -5.5000 3.3150 207 190 143
14.1250 -2.0000 3.1490 178 189 149
21.3750 -17.0000 4.1320 157 187 192
0.3125 7.0000 1.3230 208 32 182
10.6875 -16.0000 1.1330 201 59 166
-21.5000 15.0000 5.1230 65 160 254
16.0625 4.0000 2.6970 202 165 109
9.0625 6.0000 2.7360 172 187 133
7.6875 14.5000 2.3060 194 176 93
-20.4375 -16.0000 0.0390 188 142 54
-25.9375 -0.5000 0.0360 160 77 136
-10.0625 -8.5000 0.0360 174 156 59
-22.4375 -15.5000 0.0380 178 129 36
20.0625 -4.0000 3.1970 210 192 144
-9.1875 5.0000 1.1310 184 73 224
11.7500 -27.5000 1.0270 175 90 193
-15.8750 -26.0000 0.0340 177 134 73
-19.8750 18.0000 7.2670 52 133 233
-16.2500 -2.5000 0.0350 165 110 111
0.0000 7.5000 1.4180 222 43 163
-0.8750 -21.5000 0.0370 163 126 82
3.5625 6.0000 1.2760 201 48 203
-22.0625 -14.5000 0.0330 190 149 33
-16.8750 5.0000 1.1240 180 153 204
10.6250 -26.5000 1.0540 171 93 197
-11.1250 -22.0000 0.0430 182 144 60
-16.8125 8.5000 1.2070 180 95 224
-11.2500 4.5000 1.1110 173 96 223
-17.0000 -20.0000 0.0340 194 145 37
12.3750 -14.0000 2.7930 170 219 126
-12.6875 13.5000 4.4580 89 174 251
-13.7500 -3.5000 0.0740 158 130 98
7.0000 -5.0000 1.1260 191 45 172
-9.7500 -5.0000 0.0230 171 115 86
-21.7500 19.5000 7.3060 57 151 215
-24.4375 -4.0000 0.0500 158 120 87
-20.6875 -16.0000 0.0360 187 144 54
-18.1250 -5.0000 0.0230 182 129 89
-20.8125 0.5000 0.4010 183 136 146
8.7500 -19.5000 1.0820 172 131 171
-25.9375 20.5000 7.3070 77 125 216
19.6875 -3.0000 3.1570 198 187 136
-22.6250 15.5000 4.4850 87 176 252
12.4375 -20.0000 1.1480 205 69 145
-15.1250 16.0000 1.6870 224 103 132
2.0625 -12.5000 0.0380 173 115 91
10.3125 -3.0000 2.1750 208 180 37
-12.5625 0.0000 0.0340 173 111 108
12.8750 -7.0000 4.3200 124 151 182
15.7500 -3.5000 3.0460 192 189 120
1.2500 -14.5000 0.0430 176 113 83
-17.8750 3.5000 1.0680 171 164 203
19.8125 2.5000 2.8200 203 169 102
-15.2500 11.0000 2.1060 175 209 123
15.1875 -14.5000 3.6580 152 187 162
1.0625 18.0000 1.9030 252 84 104
-12.3750 2.0000 0.0610 151 102 142
-4.3750 -25.5000 0.0390 189 119 72
-6.5000 10.0000 1.3370 196 76 188
0.6250 3.0000 1.1390 183 80 202
16.8750 -25.0000 1.2460 214 122 157
-8.3750 12.0000 2.3230 162 236 127
13.5625 -7.0000 3.2290 194 191 137
-17.3750 -8.0000 0.0400 167 127 61
-22.5625 -10.5000 0.0460 188 131 65
19.8750 1.5000 2.8400 204 176 105
-10.6250 12.0000 2.8490 130 245 200
-22.3125 -11.5000 0.0400 186 137 57
-2.9375 4.5000 1.1210 182 64 211
-17.1875 18.0000 7.2250 58 131 233
-24.1875 4.0000 1.0710 184 131 198
-14.5625 16.0000 5.5410 64 154 254
6.6250 22.0000 2.1860 215 131 107
19.7500 -1.5000 3.0540 193 189 150
-23.4375 3.5000 0.7220 169 123 214
-24.6250 -5.5000 0.0460 150 112 93
-14.4375 19.5000 7.2470 61 137 231
-3.8750 -9.5000 0.0370 157 129 68
-21.6250 5.0000 1.1200 184 132 202
9.5625 -3.0000 2.3120 196 186 70
15.2500 -13.5000 4.6460 99 130 146
-9.5000 15.5000 1.6740 231 111 128
-11.2500 5.5000 1.1270 169 95 227
-15.7500 -3.5000 0.0430 181 135 92
11.6250 10.5000 2.2850 210 160 69
-10.2500 2.5000 1.0600 172 162 155
13.3125 17.0000 2.1840 224 138 82
-10.8750 -27.0000 0.0410 193 128 54
7.4375 -19.0000 1.0630 167 142 180
22.0000 -10.5000 3.6630 194 175 154
20.4375 3.0000 2.7720 201 178 111
-19.3125 10.0000 1.6580 217 125 105
20.5000 -2.5000 3.1220 189 187 151
-7.1250 -18.5000 0.0370 181 142 48
13.2500 2.0000 2.8830 188 185 130
-5.5625 14.5000 1.6490 230 115 134
-7.2500 0.0000 0.0440 168 136 122
-6.6250 2.0000 1.0460 168 133 194
17.0625 -12.0000 3.8980 157 184 180
-5.1875 0.0000 0.0310 147 97 123
21.4375 -10.5000 3.6470 194 181 163
-4.0000 -19.5000 0.0370 183 123 78
-1.5625 -4.5000 0.0370 170 126 74
-24.4375 -13.5000 0.0350 200 141 52
-25.3750 15.5000 1.6770 217 101 118
-20.5625 5.5000 1.0780 174 137 209
21.6875 5.5000 2.9740 170 190 138
-1.3125 11.0000 1.5870 235 77 161
19.7500 -4.0000 3.1550 212 190 140
13.1250 -24.5000 1.1020 194 72 221
8.2500 16.0000 2.1800 222 163 83
0.9375 -0.5000 1.0310 153 105 204
13.5000 15.5000 2.2100 227 143 80
15.5625 -22.0000 2.6050 163 216 120
17.3750 -19.5000 4.6980 104 153 209
-12.5625 11.0000 1.3750 205 89 169
-0.6250 4.0000 1.1610 183 52 201
-22.9375 17.0000 4.9930 76 161 254
23.0625 12.0000 2.6330 182 176 85
9.7500 17.0000 2.1030 232 138 80
-14.3125 20.0000 7.2510 62 136 230
14.3750 -1.0000 3.0600 185 187 138
9.0625 -16.0000 1.0900 179 99 201
-16.6250 6.5000 1.1770 183 90 221
12.6250 12.0000 2.2750 225 143 91
18.3125 -17.0000 4.2660 137 173 187
16.1875 -4.5000 3.0790 202 193 130
18.0625 -27.0000 1.0770 180 157 138
-10.4375 13.0000 1.6750 231 132 124
-19.3750 -20.0000 0.0350 205 141 32
18.3750 -12.5000 3.7100 176 190 160
-7.8750 10.0000 1.4570 217 78 169
4.3125 3.5000 1.1630 193 41 191
21.5625 16.0000 2.7680 170 219 130
17.3750 -18.5000 4.8130 105 147 207
2.1250 -6.0000 1.0570 171 146 188
-25.6875 18.5000 7.5600 63 128 223
-15.0625 -0.5000 0.0380 163 103 123
-0.5625 14.0000 1.6760 234 63 141
-18.5000 8.5000 1.2160 190 85 215
-24.2500 -13.0000 0.0300 198 138 54
10.1250 -7.0000 2.3440 180 190 78
1.7500 11.5000 1.7500 222 100 121
-2.5625 21.0000 5.1110 105 133 238
-9.7500 1.5000 0.0380 149 80 134
-15.3125 -25.0000 0.0400 180 147 69
0.6250 -2.5000 0.0810 140 90 128
-10.5625 9.5000 1.3880 216 78 167
6.1875 14.0000 3.7280 114 166 211
-10.3750 14.0000 1.6830 231 130 132
11.0625 -4.5000 2.8340 163 199 135
3.6250 4.5000 1.1960 192 41 199
-15.1250 -25.5000 0.0400 182 144 69
-21.6250 9.0000 1.2320 186 59 217
-9.5000 1.5000 0.0460 148 80 130
-19.4375 -16.0000 0.0370 189 136 48
-23.5000 -11.0000 0.0300 188 135 69
16.8750 13.0000 2.2500 220 155 55
11.6875 -3.0000 4.1450 115 141 199
-11.0000 14.5000 4.8690 89 158 254
10.1250 15.5000 2.1270 230 140 77
9.6250 6.5000 2.6940 178 178 130
15.4375 4.0000 2.6830 214 172 106
21.1875 -12.0000 3.8140 181 167 173
-25.6250 16.5000 1.7020 228 115 134
12.6250 -0.5000 3.0690 158 194 137
-23.1250 6.5000 1.1480 177 76 222
-20.5000 12.5000 4.0230 87 196 247
7.3125 5.5000 2.4350 175 192 107
8.5000 -10.0000 1.1270 196 59 173
-6.3750 -9.0000 0.0350 166 124 63
10.4375 8.0000 2.6090 190 184 131
2.2500 8.5000 1.5890 225 76 140
-6.5625 3.5000 1.0930 180 78 237
-7.3750 -22.5000 0.0420 176 144 62
15.1250 -27.5000 1.0740 184 103 184
21.5000 -23.5000 4.6710 121 176 198
3.0000 -24.0000 0.0380 180 138 101
-5.7500 -14.5000 0.0400 166 156 58
-24.1250 21.0000 7.3020 62 131 218
-9.9375 -17.5000 0.0350 184 147 41
-8.8125 -8.0000 0.0490 178 137 73
-12.9375 3.0000 1.0610 176 151 183
-25.8125 2.5000 0.0370 145 102 154
13.6875 20.5000 2.1240 230 133 85
-16.6875 8.0000 1.2020 183 92 224
-11.8750 14.0000 2.0450 199 198 105
-11.8125 12.5000 1.7170 227 138 121
-2.6250 17.5000 1.8220 246 104 125
13.5625 -18.0000 2.9410 147 216 175
18.8750 -28.0000 0.0440 174 113 143
12.4375 4.0000 2.7900 194 168 133
-11.8750 15.5000 4.4880 96 178 254
-3.8125 -18.0000 0.0380 169 133 95
-25.3125 11.5000 2.1440 171 205 110
2.3750 -17.5000 0.0420 160 135 93
-24.6875 -11.5000 0.0380 184 142 71
12.5625 -5.0000 4.8590 107 120 162
10.0625 -23.5000 1.0800 196 97 191
3.4375 9.5000 1.6780 232 69 105
-10.9375 -25.5000 0.0360 197 123 63
-12.6250 16.5000 7.3140 64 126 211
-13.8750 18.5000 7.2860 60 138 228
12.8750 -23.0000 1.1260 191 71 193
-0.3750 -5.5000 0.0410 158 151 87
-10.8750 -16.0000 0.0350 183 126 39
-5.6875 1.5000 1.0500 174 166 196
-5.6875 -6.5000 0.0430 166 142 109
-4.7500 -13.0000 0.0310 171 141 70
0.0625 -26.5000 0.0380 169 132 89
-5.8125 -11.5000 0.0310 157 117 75
5.0625 -4.0000 1.0920 180 62 220
-13.2500 15.0000 6.2500 68 138 244
-25.1875 13.5000 3.6520 106 218 231
18.2500 -15.5000 4.1350 141 185 185
-9.5000 12.5000 1.6630 228 127 125
-4.2500 17.0000 1.7190 234 109 112
-22.6875 7.0000 1.1700 178 78 221
-24.2500 10.0000 1.2430 202 52 209
-10.5000 19.5000 7.3020 55 138 226
-5.6250 -27.0000 0.0390 174 132 54
12.6250 7.5000 2.4010 217 167 73
-2.8125 -25.0000 0.0380 176 132 67
-14.8125 9.0000 1.3700 203 97 188
-15.0625 -14.5000 0.0300 185 149 68
-8.2500 -18.5000 0.0350 182 150 49
-6.2500 -25.5000 0.0400 177 130 66
20.5000 -4.0000 3.1950 211 192 140
-0.0625 18.0000 1.8520 249 74 107
-23.5000 -15.5000 0.0360 179 136 41
-21.6875 -6.0000 0.0370 179 115 82
10.6875 14.0000 2.1450 227 144 70
15.5000 -24.0000 1.0830 200 94 175
8.9375 11.5000 2.4800 186 170 103
10.4375 -13.0000 1.1250 203 61 174
0.5000 -21.5000 0.0370 167 133 100
-6.0625 19.0000 7.3280 63 126 228
-16.7500 -4.0000 0.0240 181 118 94
8.1875 20.5000 2.0320 245 114 90
2.6875 -4.5000 1.1050 171 135 190
7.9375 15.5000 2.2430 215 168 90
11.7500 21.5000 2.0760 227 111 85
21.1250 -3.0000 3.1640 195 177 146
-17.1875 4.5000 1.1250 180 156 204
19.2500 -13.0000 3.7690 186 178 186
-1.1875 3.0000 0.9900 176 106 209
14.8125 8.0000 2.5040 208 159 79
6.6250 -14.0000 1.1050 179 92 180
5.2500 12.5000 3.4580 115 191 226
0.5625 11.0000 1.6510 226 73 136
-4.5000 -6.5000 0.0440 166 134 109
-20.5625 -2.0000 0.0430 159 106 107
0.6250 19.0000 1.8890 252 84 90
10.8750 -11.5000 2.7880 154 213 147
10.5625 -12.0000 2.5790 157 214 134
17.0625 4.0000 2.6950 204 173 110
-2.7500 -24.5000 0.0410 187 135 64
19.2500 -26.5000 1.0150 181 162 138
-3.4375 16.5000 1.7970 230 124 106
10.2500 -23.5000 1.1130 199 96 186
3.3750 -6.0000 1.0930 177 108 206
4.1250 18.5000 2.0840 242 135 82
18.6875 3.0000 2.7740 205 164 104
-5.4375 14.5000 1.6630 230 117 130
9.3125 -14.5000 1.1040 190 56 180
-22.2500 13.0000 3.3530 108 241 215
-20.1875 15.0000 5.5250 64 153 239
-6.3125 14.0000 1.6400 226 111 136
18.5000 -6.0000 3.2910 204 177 144
5.3750 -7.0000 1.0650 173 81 200
-20.0625 11.0000 2.3220 160 233 103
22.0000 13.0000 3.6460 123 173 184
-20.3750 11.5000 3.9450 88 195 251
8.8125 14.5000 2.3280 203 162 99
23.0000 0.5000 3.2670 182 153 142
16.0000 -8.0000 3.5900 178 192 164
12.6875 5.5000 2.5220 213 162 87
-8.2500 -4.5000 0.0330 179 147 94
1.3125 -3.5000 0.7620 149 134 181
-21.1875 -18.0000 0.0380 193 129 49
-1.0000 13.0000 1.6390 236 56 143
-22.9375 18.5000 7.3180 53 138 220
-20.9375 -22.5000 0.0400 188 143 32
-24.1250 12.0000 1.6340 215 107 102
-11.2500 20.5000 7.3080 59 135 225
12.8125 -3.5000 3.2340 148 190 163
22.4375 15.0000 2.5550 181 187 76
12.3750 -4.5000 4.8160 89 127 172
11.1875 -21.5000 1.1130 196 76 173
11.0000 17.5000 2.1660 223 139 86
6.5000 -8.5000 1.1310 188 63 194
4.3125 -4.5000 1.0750 179 63 225
-22.8125 -26.0000 0.0330 188 110 50
-23.1875 16.5000 4.9030 77 166 254
-25.3125 -19.0000 0.0300 195 140 72
10.5000 14.0000 2.1680 225 147 73
1.1250 -13.0000 0.0390 173 121 90
13.6250 11.5000 2.3480 219 157 93
-17.9375 -14.5000 0.0330 176 147 51
4.4375 4.0000 1.1850 196 41 191
12.2500 -21.5000 1.1370 195 78 161
23.0000 3.5000 3.0440 178 167 128
-11.0000 -24.0000 0.0380 187 122 68
15.8125 -19.5000 4.2450 112 167 208
-12.3750 6.0000 1.1500 175 79 233
11.3125 -11.0000 3.0720 140 220 180
-19.4375 12.5000 3.9980 89 195 239
6.0625 -10.0000 1.0830 175 126 193
1.1875 0.0000 1.0730 169 112 212
12.8125 -18.0000 2.8800 153 216 162
-14.8125 -27.0000 0.0360 177 130 65
-21.0625 20.5000 7.2610 53 124 232
18.3125 15.5000 2.4490 196 184 99
-16.3750 -16.5000 0.0320 179 147 47
4.6875 -13.5000 3.9190 99 219 234
1.5625 11.5000 1.7210 224 92 126
-7.5625 15.0000 4.7970 87 163 253
-20.9375 11.5000 4.0670 84 199 242
-17.3750 -13.5000 0.0320 188 148 40
-14.1250 18.0000 7.3070 64 137 224
-22.1250 14.0000 2.9300 131 250 184
7.8750 9.0000 3.3700 129 170 202
4.0000 21.5000 2.1600 213 133 109
6.5625 8.0000 2.3180 188 179 93
-5.3750 -23.0000 0.0310 169 133 66
-25.2500 -19.5000 0.0330 197 141 71
13.1250 -8.0000 2.8990 202 193 109
-5.4375 -9.0000 0.0420 154 136 80
18.6875 1.5000 2.8360 204 170 109
9.9375 12.0000 2.4290 194 170 114
12.1875 -14.5000 2.7730 151 218 138
1.9375 -15.0000 0.0400 162 103 85
-25.3750 8.5000 1.1710 185 71 228
-6.2500 -17.5000 0.0310 161 133 58
-15.0000 2.0000 0.0400 155 100 128
19.1875 -9.5000 3.5480 191 207 156
9.0000 13.5000 2.3900 195 182 102
-24.0000 14.0000 3.1510 117 250 216
12.3750 12.5000 2.2850 214 141 83
-4.1250 -25.5000 0.0380 189 118 72
6.0625 8.0000 2.2810 170 193 99
15.6250 1.5000 2.8340 199 176 107
12.5000 -23.0000 1.1210 191 69 195
4.3750 -15.0000 0.0360 161 99 123
18.8125 -21.5000 2.9240 165 251 123
15.8750 -12.0000 3.7350 173 198 158
-6.5625 17.0000 7.3060 62 123 215
-24.1875 -17.5000 0.0330 182 131 57
-20.0625 -20.5000 0.0360 205 144 32
-3.6250 3.0000 1.0790 180 101 218
4.0000 6.5000 1.3870 226 43 161
7.5625 4.0000 2.2840 188 192 82
16.0000 20.0000 2.2930 213 171 82
6.8750 -7.5000 1.1210 187 45 178
-10.0000 -6.0000 0.0300 185 143 85
-1.3750 18.0000 1.7930 254 86 115
9.1875 21.5000 2.0950 234 122 100
-25.0625 8.5000 1.1900 187 71 224
14.9375 -27.0000 1.0610 184 100 190
15.7500 3.0000 2.7300 199 167 109
-3.4375 5.5000 1.3200 191 72 194
-13.2500 -20.0000 0.0310 190 145 49
-17.1250 7.5000 1.2020 185 89 227
-10.4375 -10.0000 0.0420 163 144 59
-19.3750 17.5000 7.2490 62 132 237
23.4375 1.5000 3.2050 180 188 148
2.1250 9.0000 1.5650 226 69 143
5.8750 -10.0000 1.1010 176 127 193
18.7500 9.0000 2.5180 202 152 81
8.2500 12.0000 2.4760 190 186 108
-17.1875 -10.5000 0.0400 191 150 49
8.5000 -15.5000 1.0900 178 101 206
8.3750 -19.0000 1.0670 171 133 176
19.7500 2.0000 2.8130 205 173 101
-1.3750 19.0000 1.8390 254 101 111
22.9375 5.0000 2.8420 182 171 96
4.2500 -26.5000 0.0460 175 126 85
15.4375 -12.5000 4.5080 117 155 162
-22.8125 11.5000 2.3960 158 233 105
-23.5000 -2.0000 0.0340 178 92 105
5.5000 -27.5000 0.0370 160 87 91
3.4375 3.0000 1.1390 185 35 219
-16.0625 -3.5000 0.0320 175 130 88
11.1250 -21.5000 1.1280 197 76 171
-8.3125 12.0000 1.7030 224 140 121
-21.3125 -26.5000 0.0360 186 130 38
14.1875 18.0000 2.1330 237 138 71
5.5000 -5.0000 1.1250 182 66 206
-0.0625 21.5000 2.0230 217 135 114
0.5000 16.5000 1.8740 247 80 119
1.2500 -12.0000 0.0330 166 129 93
7.5625 8.5000 2.3590 188 180 97
11.6875 -1.5000 4.6900 97 118 185
16.3750 11.0000 2.3880 208 148 73
-17.7500 8.5000 1.1930 190 83 214
-9.8750 21.0000 7.3150 69 144 215
-25.5625 19.5000 7.5590 64 125 220
7.6875 -18.5000 1.0730 167 140 181
15.1875 19.0000 2.1040 239 134 67
16.2500 20.5000 2.3180 205 169 88
-14.1250 15.0000 3.2660 125 230 248
-22.5000 -15.0000 0.0390 191 149 33
-2.9375 -8.5000 0.0350 152 142 87
11.7500 -3.0000 5.6390 100 106 165
-16.7500 10.0000 2.2210 177 218 104
13.8750 -13.5000 4.1380 113 167 185
8.8125 2.0000 2.5040 161 201 119
-7.0000 9.0000 1.2640 196 66 215
19.3125 11.5000 2.5790 187 185 106
10.0000 18.0000 2.1010 239 138 87
-25.0625 -1.5000 0.0360 170 93 118
-22.0625 20.5000 7.3060 59 149 214
10.2500 -23.5000 1.0780 197 95 189
-5.9375 -27.5000 0.0280 174 136 52
-3.8750 0.5000 0.0350 169 89 121
17.3125 18.5000 2.3380 205 182 80
-5.1875 -8.0000 0.0250 174 142 98
7.5625 -19.0000 1.0580 168 140 180
19.2500 -7.0000 3.3660 196 190 164
8.6250 -19.0000 1.0930 172 132 174
-24.0625 19.0000 7.2900 53 138 223
21.5625 11.5000 3.6110 128 171 183
11.1250 -9.5000 2.8100 152 216 145
-6.3125 8.5000 1.2890 196 71 208
16.4375 -18.0000 4.6740 100 150 189
10.0000 -17.0000 1.0920 192 58 170
9.5625 0.5000 2.6340 163 185 121
0.0625 17.5000 1.8520 246 87 120
-11.1250 -8.5000 0.0380 190 145 74
12.6250 -1.5000 3.1250 177 181 144
6.7500 -18.0000 1.0570 176 139 178
5.5000 11.0000 2.1800 186 181 84
12.1250 -22.0000 1.1320 197 74 162
-22.6250 -26.5000 0.0370 186 111 48
11.1250 20.0000 2.1280 235 137 84
-5.8125 -10.5000 0.0330 156 137 73
9.5625 -14.0000 1.1230 192 56 180
-25.2500 3.5000 0.0620 149 111 163
16.7500 -5.5000 3.2270 192 186 139
19.9375 -19.5000 4.4650 135 183 198
-14.7500 13.5000 1.6720 228 112 119
-7.9375 12.5000 2.3430 156 231 129
15.4375 5.0000 2.6520 217 166 104
-21.8750 -4.0000 0.0500 179 108 74
-3.9375 -23.5000 0.0480 170 124 71
-10.7500 -14.0000 0.0350 190 152 53
5.6875 -11.0000 1.0790 176 131 189
2.5625 10.0000 1.5860 230 59 133
-12.4375 17.0000 7.3030 65 124 211
17.5625 3.0000 2.7580 204 172 111
17.5625 21.5000 2.1970 198 150 64
5.0000 4.5000 1.3440 212 54 158
-5.4375 -10.0000 0.0360 156 137 73
-5.5625 -12.0000 0.0380 160 119 72
-15.2500 12.5000 1.8120 217 149 100
-23.3750 -1.0000 0.0350 172 86 114
14.0000 -25.5000 1.0820 197 72 216
-20.1875 21.0000 7.2720 55 122 230
10.3125 -13.5000 1.1280 204 62 173
-7.0625 8.5000 1.2540 196 68 216
11.2500 3.5000 2.8270 177 191 146
-2.5625 -19.0000 0.0340 169 128 102
2.9375 -16.5000 0.0360 167 103 82
-10.5000 -24.5000 0.0450 191 119 67
-1.4375 17.0000 1.7740 248 76 141
-11.8125 19.0000 7.2830 57 137 230
5.7500 1.5000 1.1660 188 50 191
19.7500 18.0000 2.8130 158 231 149
-5.3125 -27.5000 0.0160 173 131 51
10.0000 -7.5000 3.9900 111 159 212
4.6250 -14.5000 1.2630 193 143 152
-15.6250 9.0000 1.2450 186 93 204
-4.7500 -24.5000 0.0330 184 119 76
-2.1875 -20.0000 0.0350 173 129 96
-11.1250 15.5000 4.4720 95 181 254
19.6250 -10.0000 3.6120 191 181 176
7.6250 14.0000 2.4020 189 190 107
7.3125 3.5000 2.1820 195 181 71
-14.1250 -14.5000 0.0330 199 154 60
13.5625 -23.5000 1.1260 205 77 201
-11.3750 6.0000 1.1670 180 76 231
-12.8750 18.5000 7.2860 64 135 223
-0.1250 -18.0000 0.0340 167 125 91
6.1250 9.5000 2.0750 199 158 71
9.5625 6.5000 2.6880 178 178 130
7.8750 7.5000 2.5760 177 196 126
1.7500 3.0000 1.1420 188 35 229
12.3750 -23.0000 1.1100 191 68 197
1.9375 -0.5000 1.0710 160 100 202
-1.4375 18.5000 1.7970 254 88 114
18.8750 -0.5000 2.9380 198 181 125
-3.8750 22.0000 7.3140 81 119 223
10.3125 20.5000 2.1390 228 133 95
-13.0000 -1.5000 0.0380 176 115 115
12.5625 1.5000 2.9220 173 189 139
4.2500 20.0000 2.1380 229 140 93
21.3125 0.5000 2.9450 200 174 110
17.9375 -26.0000 1.0490 196 118 165
-3.1250 -27.5000 0.0600 166 128 57
3.8750 -24.0000 0.0410 165 128 100
-6.5625 1.5000 0.8330 157 131 195
19.5625 -14.0000 3.8810 181 176 182
15.3125 -6.0000 3.4570 194 170 142
-25.3125 -26.5000 0.0330 174 131 61
18.3750 -18.0000 4.3700 133 168 187
21.1875 21.5000 1.3920 209 83 116
10.4375 6.0000 2.7200 184 188 140
-23.0000 -26.5000 0.0270 186 111 51
-0.7500 1.0000 1.0660 172 133 196
2.6250 2.5000 1.1470 187 37 222
4.0625 16.0000 2.0520 232 141 81
-9.0000 -3.5000 0.0520 150 132 123
9.5625 -4.5000 3.9050 105 150 209
-20.9375 14.0000 3.2890 117 234 238
-13.1250 -23.5000 0.0400 190 149 46
1.3750 17.0000 1.9200 242 93 108
-10.7500 12.5000 1.7090 230 140 115
12.2500 -12.5000 2.8360 158 224 143
-7.0000 2.5000 1.0580 168 114 212
-26.3125 -4.5000 0.0380 165 120 104
16.0000 6.0000 2.6090 214 159 111
9.5000 -23.5000 1.0640 193 100 196
9.9375 -15.5000 1.1180 194 60 175
-15.6250 3.0000 1.0630 152 211 174
9.3750 -16.5000 1.0990 180 70 180
3.6875 20.5000 2.1330 223 138 99
7.5000 1.5000 1.7920 230 116 65
-5.9375 9.5000 1.3730 208 63 181
-9.7500 -16.0000 0.0370 179 118 36
-2.8125 6.5000 1.2740 183 61 198
1.9375 14.5000 1.8920 235 96 101
14.5625 -17.0000 3.2410 161 207 147
5.0000 -8.5000 1.0800 173 88 188
-20.4375 0.0000 0.4650 184 163 126
6.8750 -5.5000 1.1470 186 58 188
1.0625 -0.5000 1.0540 155 107 205
-25.1250 -2.0000 0.0350 166 109 109
-15.3125 13.5000 1.6990 223 117 119
7.9375 -26.0000 0.0340 157 46 107
-16.8125 -7.5000 0.0390 166 123 65
18.0000 -2.5000 3.1180 182 180 137
14.5000 -9.0000 5.4790 114 120 157
11.8125 -26.5000 1.0680 175 86 190
0.8125 4.5000 1.1920 183 47 223
14.5625 -17.0000 3.4060 149 205 161
-22.1250 20.0000 7.2980 57 151 215
-15.0000 -4.0000 0.0260 154 132 99
-19.6250 13.0000 3.4110 112 229 240
-26.1250 -19.5000 0.0360 185 135 78
-5.3125 17.0000 1.5720 229 82 134
-13.0000 7.0000 1.1890 184 77 225
-18.1250 0.5000 0.0370 157 109 133
19.0625 2.5000 2.8070 211 167 105
-9.1875 1.5000 0.3600 138 117 181
20.6875 1.0000 2.8780 204 179 108
-15.6250 -24.5000 0.0370 189 161 36
11.1250 -17.5000 1.0910 195 61 156
7.6250 21.0000 2.0120 243 106 97
12.5000 3.0000 2.8290 192 168 133
-24.2500 6.5000 1.1450 175 74 224
5.1250 14.0000 2.0590 208 153 73
-11.5000 -11.0000 0.0390 163 150 60
1.3750 6.5000 1.3380 214 39 176
-24.6250 -20.5000 0.0380 191 132 70
17.3125 -6.0000 3.2240 214 204 142
-9.1875 9.0000 1.2840 196 72 218
15.1250 -4.5000 3.3250 176 194 150
-7.9375 9.5000 1.4050 208 74 179
-8.3125 3.0000 1.0310 172 119 236
-0.1875 -9.0000 0.0400 163 127 99
12.9375 -14.5000 2.9110 188 222 125
-0.3750 17.0000 1.8170 241 81 136
23.3125 16.5000 1.3280 214 65 85
-19.3125 -6.0000 0.0400 173 128 74
2.6875 6.0000 1.2990 201 47 199
-24.5625 21.0000 7.3000 65 130 218
-23.9375 -21.0000 0.0400 190 147 59
10.8125 -1.0000 4.5150 98 125 197
-22.0000 21.5000 7.2920 62 148 214
-1.1875 14.5000 1.6790 248 50 146
-8.5625 18.0000 7.2940 58 140 228
-21.2500 -15.5000 0.0350 181 152 57
1.5625 -21.5000 0.0340 169 123 96
-24.5000 -6.0000 0.0380 153 111 89
6.1250 -19.5000 0.0750 156 130 101
13.8125 -27.0000 1.0850 187 77 199
7.0000 -16.5000 1.0340 171 115 209
-21.5000 17.0000 6.9280 56 136 230
-1.7500 -8.5000 0.0370 145 136 77
18.1875 -19.5000 3.4050 175 222 157
-13.1875 10.0000 2.1140 179 216 108
-8.6875 21.0000 7.3200 72 138 210
-18.4375 -21.5000 0.0380 195 138 16
20.8750 -13.5000 3.8990 182 178 185
-17.1875 -17.5000 0.0370 178 153 49
15.8750 -26.0000 1.1040 189 105 193
-3.8750 19.0000 6.9650 59 128 229
17.2500 -8.5000 3.4600 197 202 161
-20.8750 17.0000 4.4910 85 163 254
-3.5625 9.0000 1.3850 216 54 203
-12.2500 3.0000 1.0760 178 144 208
11.5625 -19.5000 1.1090 200 72 174
-24.8750 13.0000 3.7030 103 216 231
16.6250 -1.0000 2.9620 192 175 123
18.3125 -23.0000 2.5820 168 232 91
5.5625 12.5000 3.7910 105 169 225
11.5625 0.0000 2.9000 170 197 125
-19.0000 13.5000 1.7680 217 142 87
-11.1250 13.5000 5.3200 74 154 254
4.9375 -1.0000 1.1270 183 49 208
9.0000 3.0000 2.6370 162 193 119
-19.7500 -27.5000 0.0460 176 134 28
14.5000 -14.5000 4.3600 106 146 157
7.1875 -0.5000 1.2350 198 45 158
-13.0000 9.5000 2.1770 172 218 115
-11.5000 -8.5000 0.0350 190 145 74
21.5625 13.5000 3.5400 124 185 191
19.1875 -9.0000 3.5210 188 190 164
3.8125 -2.0000 1.1250 179 46 210
21.1875 7.5000 2.8380 176 199 119
-7.0000 -15.5000 0.0370 168 136 55
5.4375 -21.0000 0.0390 160 98 122
21.7500 -9.0000 3.5440 198 166 161
14.0625 -19.5000 2.7620 161 221 153
16.8125 17.0000 2.3550 204 173 92
-22.7500 -18.5000 0.0420 202 128 66
12.6250 -18.5000 1.1530 212 71 157
12.9375 -4.5000 5.5820 111 98 146
19.8125 2.5000 2.8140 203 169 101
-25.3125 13.0000 3.5740 106 215 226
-11.1250 -13.5000 0.0380 189 158 56
-25.7500 -24.5000 0.0340 184 140 54
-11.3750 -14.5000 0.0400 187 147 57
-25.6250 19.0000 7.5590 64 126 221
8.8750 -10.0000 1.1250 196 60 171
18.8750 -27.0000 0.3810 176 134 161
-6.1250 19.0000 7.3260 63 116 222
10.5625 -3.5000 2.2900 194 177 60
-22.3750 1.5000 0.0270 163 94 116
19.7500 15.5000 3.6990 114 188 208
2.9375 -7.5000 1.0600 173 192 163
14.6250 -10.5000 3.2740 169 222 152
-11.9375 -11.5000 0.0390 167 152 61
-18.0625 -25.0000 0.0380 178 154 52
-18.0000 -26.0000 0.0300 180 155 50
-20.1250 10.0000 2.2420 170 228 97
7.0625 11.5000 4.0670 120 141 210
-23.8125 -18.5000 0.0340 200 133 72
4.7500 16.5000 2.1020 226 151 77
-3.2500 22.0000 7.3390 80 117 222
11.0000 -22.0000 1.1140 198 72 174
-16.5000 7.0000 1.1940 184 90 221
2.3125 10.0000 1.6600 231 78 122
-18.0625 -19.0000 0.0360 190 157 44
15.2500 13.5000 2.2720 221 145 86
11.8750 18.5000 2.1600 234 145 82
15.8750 -6.5000 3.4770 193 189 142
7.3125 21.5000 2.0660 231 115 104
-17.5625 14.0000 1.6660 225 121 113
0.1875 -17.5000 0.0360 156 93 99
19.0625 18.0000 2.7290 169 215 134
-1.0000 10.5000 1.5550 237 72 165
14.9375 -13.0000 4.6790 98 131 151
20.3125 15.5000 3.4260 123 209 201
13.8750 0.0000 3.0030 182 187 125
-6.7500 9.0000 1.3240 201 69 201
5.4375 6.5000 1.7860 227 114 81
-15.3125 -13.5000 0.0400 194 160 67
1.8750 -4.0000 1.0420 165 136 196
-25.0000 6.0000 1.1310 180 98 214
11.0000 -26.0000 1.0630 176 87 201
22.4375 4.5000 2.9820 178 176 136
-23.6875 -9.0000 0.0440 182 139 78
-11.3125 -23.0000 0.0330 182 141 56
-15.8750 19.0000 7.2680 58 126 227
-13.8750 -19.0000 0.0340 189 148 55
5.3750 8.0000 1.9790 204 155 74
20.5000 11.0000 3.4900 133 177 197
0.3125 19.5000 1.9100 245 91 94
17.0000 -8.0000 3.4380 199 206 162
-15.6250 8.0000 1.1910 182 87 207
2.0625 -20.5000 0.0380 163 131 96
-2.7500 -22.0000 0.0380 161 139 80
14.1875 -19.5000 2.7900 159 221 155
4.5625 6.0000 1.3940 214 61 172
8.2500 12.5000 3.8220 125 154 208
-17.0000 16.5000 4.4850 90 168 254
8.8750 15.5000 2.2570 214 164 93
9.1875 -6.0000 2.4680 156 195 112
22.5625 -3.0000 3.2180 193 165 139
10.2500 -19.5000 1.1390 198 73 179
8.8750 3.0000 2.8280 150 199 152
-25.3125 17.5000 1.7830 231 139 123
2.1250 -2.0000 1.0130 160 103 192
-2.5000 -0.5000 0.0440 141 85 140
-16.4375 9.5000 2.1260 185 206 94
2.6250 19.0000 2.0260 241 123 83
21.1875 6.0000 2.8550 181 187 115
16.6250 21.5000 2.3240 196 161 90
22.6875 6.5000 3.4990 140 153 168
20.6250 17.0000 2.7580 169 221 139
-9.0625 -14.0000 0.0370 165 131 49
19.1250 -20.5000 4.6120 120 175 199
13.6875 -24.0000 1.0690 192 74 223
-20.1875 7.0000 1.1820 203 63 224
7.6250 2.0000 2.2380 179 193 86
-20.3125 2.5000 0.0790 170 121 128
-1.8125 -23.5000 0.0440 173 124 71
-5.3125 -3.0000 0.0310 157 111 113
0.8125 20.0000 1.9670 238 110 92
-7.3750 15.0000 7.5420 61 124 210
18.7500 8.5000 2.4860 202 173 78
-5.1250 1.0000 0.0370 168 90 131
-17.2500 -14.5000 0.0330 187 148 37
18.7500 8.0000 2.4860 205 177 77
10.6875 7.5000 2.5790 194 186 123
-16.3125 4.5000 1.0950 178 155 202
-25.6875 -22.0000 0.0360 188 152 59
3.8125 -11.0000 1.0770 170 148 193
12.3750 -19.5000 1.1540 202 76 164
-19.5625 -0.5000 0.0370 153 104 107
-2.7500 13.5000 1.5580 224 38 169
7.2500 6.5000 2.4080 188 188 95
11.3125 -22.5000 1.1320 200 71 169
-23.8125 7.5000 1.1810 179 74 227
-10.1250 -4.0000 0.0310 168 116 93
-22.3125 14.0000 1.6670 223 111 88
9.3750 9.0000 2.6150 177 170 122
22.8125 -0.5000 3.2750 183 160 148
21.6250 19.0000 1.3820 225 81 109
-7.8125 8.5000 1.2760 200 75 228
-25.4375 19.0000 7.3930 64 131 220
-7.3750 -18.5000 0.0320 182 142 48
9.9375 0.5000 2.7710 172 196 131
-6.1250 -6.5000 0.0430 185 132 87
18.7500 -24.0000 1.1020 200 124 152
10.6875 -28.0000 0.1450 159 90 124
-4.3750 -3.0000 0.0440 166 139 101
15.5000 1.0000 2.8120 209 166 102
-20.0000 3.5000 1.0670 176 140 199
19.3750 -7.0000 3.3780 195 191 167
9.8750 11.5000 2.4360 194 170 115
17.1875 14.0000 2.4450 196 174 91
13.6875 -22.0000 1.1330 203 80 187
-7.2500 16.5000 7.3120 58 126 220
7.8750 -2.0000 1.9440 211 168 65
14.3750 -16.0000 3.1060 170 209 136
-7.1250 -2.0000 0.1650 160 152 109
-2.2500 -24.0000 0.0330 171 128 71
-20.4375 19.5000 7.2990 46 130 238
1.0625 -15.0000 0.0320 160 107 86
21.6250 8.5000 3.7470 125 164 183
-13.7500 13.0000 1.8830 218 170 87
-23.3750 -23.5000 0.0380 199 136 49
15.5000 12.0000 2.3200 211 139 79
6.9375 1.5000 1.4920 226 66 112
-25.3750 -22.5000 0.0360 191 151 56
-14.5000 15.5000 1.7030 229 110 123
-11.8125 13.0000 1.7140 230 137 124
-16.2500 -4.5000 0.0380 182 120 89
12.4375 -8.5000 3.7580 135 157 193
18.0000 16.5000 2.4100 198 184 96
0.3750 9.0000 1.4870 215 52 174
19.4375 -14.5000 3.8960 184 192 179
-4.5625 18.0000 7.5500 60 120 218
-6.2500 19.5000 7.3060 58 150 229
-19.6875 19.0000 7.8640 45 118 229
-13.1250 4.5000 1.0930 181 115 209
5.5000 -15.0000 1.0480 178 135 173
-18.5000 20.0000 7.8840 58 129 216
-4.0000 7.5000 1.3050 198 65 219
-5.3125 3.5000 1.0750 183 69 236
5.0000 17.5000 2.1360 229 146 81
20.3750 7.5000 2.7950 178 200 115
2.4375 17.0000 1.9730 232 108 100
-17.5000 -12.0000 0.0360 181 152 40
0.3125 11.5000 1.6370 223 72 150
9.9375 15.0000 2.1450 229 147 77
-15.1250 -26.5000 0.0280 176 129 69
9.6875 -21.0000 1.0890 184 119 173
-7.7500 9.5000 1.3930 207 74 181
1.4375 18.5000 1.9450 251 103 82
4.0625 -5.0000 1.0840 178 68 223
22.6875 -24.0000 4.6780 123 183 186
21.3750 -28.0000 6.0370 91 187 147
19.6250 -1.5000 3.0540 193 188 150
-10.6250 12.0000 2.6330 143 243 169
20.5625 21.5000 1.4000 211 82 114
17.3750 -16.5000 3.8170 157 202 180
20.4375 11.5000 3.4740 135 173 195
-13.6250 -11.0000 0.0460 184 134 62
-1.0000 15.0000 1.7420 246 66 139
8.0000 12.5000 3.9260 122 148 208
21.5625 16.5000 2.7060 173 218 122
-6.6250 -3.5000 0.0620 181 146 97
-25.3750 10.0000 1.2340 189 57 211
-14.9375 16.5000 5.6650 65 148 254
-25.7500 -8.0000 0.0410 180 126 106
-19.4375 -24.5000 0.0400 193 131 31
15.0625 10.5000 2.4070 214 155 89
20.2500 -14.0000 3.9140 180 176 182
-21.6875 -17.0000 0.0360 173 129 53
13.1875 2.0000 2.9190 185 187 136
-11.1875 17.0000 7.3090 51 125 231
12.1875 4.5000 2.7530 184 182 134
13.1250 -23.5000 1.0900 201 75 208
-2.8750 -19.5000 0.0370 171 131 100
22.8125 10.5000 3.4050 138 167 156
8.3750 18.5000 2.1040 242 137 80
-1.7500 11.0000 1.5460 236 65 175
-1.2500 -14.5000 0.0390 157 104 103
5.3750 -17.0000 0.9800 177 167 160
18.6250 -13.5000 3.8460 161 188 167
-1.0625 8.5000 1.4590 228 44 173
3.8125 -22.0000 0.0390 160 111 123
-24.6875 12.5000 2.5440 150 237 137
-22.4375 -26.0000 0.0460 187 111 48
9.8750 -22.0000 1.0860 191 74 185
8.4375 -15.5000 1.0690 177 102 209
4.3125 1.0000 1.1470 191 33 204
8.1250 -0.5000 1.8000 216 130 71
12.6875 -22.0000 1.1210 197 79 188
-5.3750 -19.0000 0.0390 177 137 82
-21.3750 -13.0000 0.0390 187 150 65
-22.6875 1.0000 0.0320 164 93 113
10.8750 -17.5000 1.1270 197 62 157
-22.7500 13.0000 3.4390 103 242 227
-5.1875 20.0000 7.3510 58 120 229
-22.8125 -22.0000 0.0390 198 134 52
22.3125 -24.0000 4.6350 123 182 191
10.0625 11.0000 2.4490 191 165 99
-4.9375 13.0000 1.5220 236 65 166
-5.6875 -10.0000 0.0240 155 136 73
19.9375 -18.5000 4.1820 149 195 208
10.2500 -12.0000 1.1270 198 73 168
-23.3125 -15.0000 0.0380 178 137 41
22.6250 17.5000 1.3740 222 63 90
18.5000 9.0000 2.4560 207 146 71
17.2500 14.0000 2.4070 200 171 84
-18.0625 22.0000 7.2740 71 128 220
7.0000 -17.0000 1.0370 170 118 202
1.6875 4.0000 1.1870 185 47 219
0.1250 5.5000 1.2690 192 56 208
-21.5000 21.5000 7.2740 61 145 213
12.6250 -27.5000 1.0900 180 86 189
-15.6250 7.0000 1.1740 184 81 236
-22.6250 -5.5000 0.0340 164 107 70
5.0000 18.5000 2.1380 235 146 80
16.5000 -22.0000 2.6040 175 229 95
4.4375 5.5000 1.2830 203 48 179
15.6250 -27.0000 1.0770 185 105 185
3.5000 21.0000 2.0900 225 128 97
-18.2500 7.5000 1.1700 180 90 235
-22.6250 21.0000 7.2760 63 150 214
-14.3750 6.0000 1.1480 185 91 226
22.0625 15.0000 2.6270 177 194 92
-7.1875 -27.0000 0.0320 184 128 52
-26.3125 -14.5000 0.0300 183 140 65
1.0625 -17.0000 0.0400 166 105 85
-23.7500 -3.5000 0.0510 159 120 86
21.5000 19.5000 1.3850 224 79 111
-6.6250 7.0000 1.2060 194 74 234
-10.3125 -7.5000 0.0490 192 139 78
-23.3125 4.0000 1.0780 187 132 194
-19.8125 -27.0000 0.0360 195 132 21
18.6250 10.0000 2.5440 202 163 90
-16.6875 2.5000 0.0690 163 99 140
9.0000 -22.0000 1.0600 171 170 160
5.9375 -12.0000 1.0820 179 107 190
-16.9375 5.5000 1.1320 178 151 206
10.6875 21.0000 2.1510 223 130 98
-21.9375 -8.5000 0.0280 181 152 59
20.1875 21.0000 1.4110 218 79 110
-14.3125 -10.0000 0.0290 179 137 70
-7.3125 11.5000 1.5500 219 96 154
-0.5000 8.0000 1.4330 207 69 174
17.6875 -8.0000 3.3960 202 208 157
-7.1875 -22.5000 0.0340 176 142 60
-5.8750 14.0000 1.6320 226 88 148
-18.6875 3.5000 1.0810 163 173 196
16.3750 -1.0000 2.9460 193 172 119
7.8125 -0.5000 1.6420 223 93 87
10.2500 15.0000 2.1470 230 149 76
22.9375 -23.5000 4.6030 127 177 187
18.5625 17.5000 2.4420 193 180 87
-3.6250 19.5000 1.6900 251 100 131
10.9375 -13.0000 2.8420 146 226 174
0.3750 -6.0000 0.0320 148 121 108
-14.3125 -9.5000 0.0320 175 138 73
-10.6250 -15.0000 0.0380 174 126 45
-4.3125 -20.5000 0.0310 183 125 71
-8.8750 -12.5000 0.0320 155 140 52
12.1250 -8.5000 3.8550 131 157 195
12.6250 18.5000 2.1660 225 132 82
19.9375 -15.5000 3.9610 168 191 206
17.7500 -11.5000 3.7750 175 190 173
-20.9375 14.0000 3.6570 105 214 253
19.4375 18.5000 2.7650 160 231 145
20.3125 -2.0000 3.0900 191 191 152
-3.6875 -0.5000 0.0360 162 120 124
19.9375 14.5000 3.6340 128 193 197
4.3125 -14.5000 0.0400 166 102 117
-2.7500 -9.0000 0.0270 162 125 86
-7.3125 -16.5000 0.0350 174 134 56
-2.0000 2.5000 1.0900 171 132 207
-26.5000 -11.5000 0.0410 179 147 81
-18.4375 -22.5000 0.0410 181 160 49
-6.8125 21.5000 7.3270 70 142 230
21.8125 -19.0000 4.2620 147 185 192
11.9375 1.5000 2.9250 169 201 138
-3.1250 -24.0000 0.0380 184 133 67
5.8750 -27.0000 0.0260 159 81 92
7.8750 9.5000 3.3340 131 177 206
7.7500 -10.5000 1.1250 196 57 178
6.8125 -26.0000 0.0380 156 67 95
8.4375 5.5000 2.5610 171 195 121
13.7500 13.5000 2.3080 217 152 95
-8.9375 1.5000 0.0620 152 111 137
-2.5000 -4.0000 0.0330 165 128 80
5.6250 -1.5000 1.1330 183 53 202
21.2500 -6.5000 3.3680 195 191 159
-12.0625 -14.0000 0.0410 190 164 53
13.6875 -21.0000 1.1420 201 84 181
6.0000 10.0000 2.1950 187 179 85
10.9375 -22.0000 1.1210 199 72 173
-26.1875 8.0000 1.1830 184 73 224
-20.5625 11.5000 4.2670 79 177 249
16.0625 -23.0000 1.1010 202 100 172
-24.0625 4.5000 1.0970 187 130 199
-1.7500 3.5000 1.1290 180 51 206
-18.3750 20.5000 7.3670 63 134 223
7.4375 10.5000 2.6460 165 192 139
-14.3750 0.5000 0.0360 161 97 110
6.4375 -10.0000 1.0940 191 81 183
-11.5000 -16.5000 0.0330 186 134 37
-22.1875 3.5000 0.0800 149 103 143
13.3750 -15.0000 4.3070 104 154 199
11.8750 -24.0000 1.1030 184 82 205
-19.0625 -2.5000 0.0340 170 107 127
-21.3750 8.0000 1.2040 199 63 229
-20.3125 -14.0000 0.0370 191 144 60
-20.6875 8.0000 1.1960 203 63 227
-3.7500 -15.5000 0.0370 160 146 65
20.8750 -26.5000 5.9640 76 195 170
-13.3750 4.5000 1.1120 182 114 208
3.8750 11.5000 1.8560 226 102 87
13.8750 -11.5000 3.2930 164 218 153
3.9375 11.5000 1.8590 227 104 85
8.0625 3.5000 2.0300 213 161 51
7.7500 22.0000 1.9870 236 93 109
20.3125 14.5000 3.6640 124 175 199
0.6250 9.5000 1.5810 228 56 140
4.8750 13.5000 3.7830 107 171 242
-1.6250 -15.0000 0.0380 169 116 101
-2.8750 14.0000 1.6100 234 74 160
3.6250 -7.0000 1.0540 168 96 203
13.0625 -8.0000 4.5190 115 148 171
-13.8750 18.5000 7.2660 60 138 228
-12.3750 15.5000 4.4660 102 163 254
-9.8750 -18.0000 0.0400 182 147 37
19.4375 19.5000 2.6860 163 226 130
-5.5625 4.5000 1.1300 186 73 237
-1.8125 16.5000 1.6960 253 62 151
-23.9375 19.5000 7.2900 53 137 223
-2.7500 21.5000 7.3570 78 114 220
-21.8750 14.0000 1.7300 224 138 97
-0.2500 -7.5000 0.0400 142 132 78
-18.9375 13.0000 3.4860 111 220 236
7.4375 4.5000 2.2420 190 188 77
7.8125 -9.0000 1.0920 188 58 180
10.9375 1.5000 2.6540 186 198 104
18.6875 -5.5000 3.2950 203 180 154
15.3125 11.5000 2.3830 207 145 88
6.6250 18.0000 2.1670 228 148 96
4.2500 6.0000 1.3560 210 55 184
1.1250 5.5000 1.2370 185 52 215
20.3125 17.5000 2.5940 177 208 112
0.1875 16.5000 1.8200 254 73 134
-21.4375 11.5000 3.7250 94 216 244
0.8125 -17.5000 0.0370 159 88 95
-8.9375 -24.5000 0.0370 182 136 75
0.5000 20.5000 1.9210 240 106 107
19.7500 18.5000 2.7760 160 235 146
-5.6875 16.5000 1.6040 231 87 127
7.1875 -10.5000 1.1190 193 56 182
-0.2500 7.5000 1.3580 199 61 188
-5.7500 -19.5000 0.0350 178 139 78
12.3750 6.0000 2.4740 206 155 80
10.8125 -19.0000 1.1270 199 72 181
-5.0625 18.0000 7.3800 61 125 222
15.1875 5.5000 2.6080 209 152 92
0.0000 -9.5000 0.0360 173 109 94
7.8125 -25.5000 0.0330 160 42 111
17.5000 0.5000 2.9140 200 180 125
2.2500 -3.0000 1.0800 162 111 199
-8.2500 8.5000 1.2830 200 74 228
-2.0625 19.5000 1.9370 236 137 112
2.5000 3.5000 1.1360 179 46 216
-4.1875 12.5000 1.5210 235 64 166
-21.3125 -4.5000 0.0340 175 115 98
-10.6250 -3.0000 0.0430 172 116 122
1.1875 -23.5000 0.0420 168 141 88
7.1250 9.0000 2.1610 208 174 66
18.6250 -20.5000 5.6020 101 144 155
-15.5000 -16.5000 0.0320 185 163 55
10.0000 5.0000 2.7410 177 188 138
-7.7500 10.0000 1.4460 215 77 171
10.0000 -0.5000 2.8430 159 196 147
3.3125 -16.5000 0.0400 165 115 107
-0.9375 -14.0000 0.0390 156 102 103
-0.8750 -0.5000 0.0300 144 104 121
22.5000 14.5000 6.9500 82 92 128
-22.0000 6.0000 1.1300 175 127 203
19.8750 4.5000 2.6630 204 182 100
14.6250 -11.0000 3.2740 168 221 150
17.1250 -27.5000 0.9590 184 118 162
2.0625 17.5000 1.9030 249 97 98
1.6250 18.0000 1.9180 253 91 82
5.0000 -25.5000 0.0440 175 116 90
15.6250 -3.0000 3.0080 190 174 112
19.8125 -24.0000 5.9000 74 187 173
-10.0000 21.5000 7.3390 73 143 215
7.2500 17.0000 2.1840 217 158 92
-12.5625 6.5000 1.1750 178 62 227
12.8125 -18.0000 2.8250 155 215 155
5.0625 2.5000 1.1410 187 44 202
-1.3125 -19.5000 0.0330 173 121 99
-25.8750 20.5000 7.3000 74 126 217
5.7500 7.0000 2.0630 194 174 69
19.7500 14.0000 3.6760 125 174 203
1.2500 -12.5000 0.0360 169 126 92
11.3750 -16.5000 1.1490 204 63 154
20.6875 -0.5000 2.9810 201 183 134
-4.3750 -15.5000 0.0430 161 150 69
-12.2500 1.5000 0.0420 147 92 155
4.6875 -22.5000 0.0400 164 102 119
19.1250 -9.0000 3.5030 189 191 163
23.1875 -17.5000 4.2530 165 173 179
15.0625 19.5000 2.1140 236 137 71
20.3125 16.5000 2.7060 174 222 132
-15.4375 18.0000 7.2880 61 133 229
6.8125 21.0000 2.2210 216 141 104
8.7500 -9.0000 1.1340 194 57 172
-17.5625 -21.5000 0.0300 180 155 51
23.1250 -20.0000 4.4050 148 169 187
1.5625 4.0000 1.1640 183 46 222
-12.7500 -24.0000 0.0280 191 143 41
-2.8125 11.5000 1.5220 222 55 183
-13.3125 17.5000 7.2880 65 114 219
-12.9375 22.0000 7.3420 73 143 220
-17.3750 16.5000 4.4730 91 168 254
19.5625 -26.5000 0.2370 188 131 142
14.7500 15.0000 2.2400 222 137 83
-4.0000 5.5000 1.1610 182 71 215
4.5000 11.5000 1.9870 206 146 78
0.5000 -25.0000 0.0440 171 149 102
-21.0625 -14.5000 0.0400 185 140 61
1.6250 -27.0000 0.0280 173 141 90
-25.3750 10.0000 1.2490 190 58 209
20.1875 13.5000 3.6600 123 178 204
-24.1875 18.0000 7.2930 55 139 217
3.3750 13.0000 1.8930 227 111 84
-14.1250 -18.5000 0.0300 185 150 56
12.7500 -2.5000 4.1300 131 119 184
10.8125 16.0000 2.1820 227 149 79
-4.3750 -9.0000 0.0360 154 137 71
7.2500 18.5000 2.1720 230 146 88
12.8750 21.0000 2.0750 233 119 81
2.4375 5.0000 1.2010 184 52 217
15.2500 9.0000 2.4680 214 144 76
6.3750 -9.5000 1.0980 190 81 182
-4.7500 -17.0000 0.0410 164 150 68
6.2500 16.0000 2.1860 211 159 78
22.6250 -17.0000 4.1560 168 175 182
-24.5000 -14.0000 0.0360 202 143 47
-17.6875 -15.5000 0.0300 174 156 56
12.3750 -25.5000 1.1030 186 80 206
-8.4375 21.0000 7.3300 66 131 221
10.6875 -14.0000 1.1090 203 62 171
-0.9375 21.5000 2.0500 209 139 120
18.2500 20.0000 2.7390 163 212 151
15.0625 -26.0000 1.0750 193 82 200
-5.3125 -13.0000 0.0290 170 146 69
-13.7500 22.0000 7.3170 80 127 214
6.5625 -22.0000 0.0380 180 74 126
-5.2500 18.0000 7.3280 62 126 223
2.8750 17.5000 2.0050 234 122 88
-3.5000 12.5000 1.5200 229 65 168
7.1875 -26.5000 0.0510 151 54 105
3.7500 19.0000 2.0930 239 135 87
-6.6250 -16.5000 0.0330 172 132 52
10.6875 1.5000 2.5150 193 184 76
-8.6875 3.5000 1.0770 175 73 254
-3.6875 15.5000 1.6400 234 89 116
11.0000 -3.5000 2.4290 188 183 71
-10.6250 8.0000 1.2390 193 67 231
0.2500 0.0000 2.0040 178 216 73
15.9375 -9.5000 3.7000 167 206 166
-16.6250 15.5000 2.4940 158 225 157
3.7500 15.0000 2.0090 228 134 92
12.3750 -15.5000 2.7760 163 220 126
14.3750 -1.0000 3.0940 182 188 144
-1.7500 0.0000 0.0410 143 77 145
-20.6250 -20.0000 0.0360 207 149 35
-2.3750 -1.0000 0.0310 145 113 119
-15.5000 -5.0000 0.0240 162 121 93
5.3125 -21.0000 0.0390 160 98 122
19.3125 19.5000 2.7520 159 230 143
8.9375 -5.5000 2.1940 177 183 79
4.9375 -2.5000 1.0840 178 48 207
-24.8125 17.0000 1.7160 235 120 126
-18.5000 -17.0000 0.0370 180 169 51
-12.0625 11.0000 1.4230 209 85 168
-14.3750 1.5000 0.0390 159 95 121
-3.9375 7.5000 1.2930 197 63 221
4.1875 -20.0000 0.0420 158 132 86
11.8125 17.0000 2.2010 223 145 84
18.8125 -23.0000 2.7790 163 241 121
10.3750 6.5000 2.6440 190 185 130
-11.6250 17.5000 7.2790 60 120 219
-5.0625 -17.0000 0.0350 164 152 68
22.8750 -7.5000 3.4910 186 170 146
-0.2500 10.0000 1.5800 231 82 152
7.6875 -26.5000 0.0410 153 50 104
12.5000 15.5000 2.2070 220 138 85
12.2500 -22.0000 1.0910 195 71 166
13.7500 13.5000 2.3100 217 152 96
-23.5000 19.0000 7.3300 51 137 222
-15.3750 19.5000 7.2830 72 138 209
1.0625 -1.0000 1.0590 157 108 203
7.6250 16.0000 2.1870 220 165 84
-10.0625 -17.0000 0.0280 185 122 27
19.5625 -8.0000 3.4810 185 185 175
-3.1875 16.5000 1.6870 239 90 128
-8.4375 2.5000 1.0630 167 131 210
-16.4375 -4.0000 0.0320 180 119 93
-3.3750 3.0000 1.1070 181 100 212
4.5000 15.5000 2.0440 233 142 74
13.2500 2.0000 2.8760 189 185 129
16.4375 11.0000 2.3490 211 145 67
20.8125 -21.5000 4.4900 123 185 206
-3.6250 -24.5000 0.0390 183 113 71
-3.1875 3.0000 1.0910 180 101 213
-21.1875 20.5000 7.2670 59 146 213
12.5000 17.0000 2.2050 226 144 74
-16.7500 -10.5000 0.0350 192 145 46
9.5000 12.0000 2.4410 192 168 118
10.1875 -6.5000 2.2240 188 178 61
-14.8125 -18.0000 0.0410 181 140 55
3.1250 17.0000 1.9840 238 113 96
11.2500 -27.5000 1.0380 165 93 182
-9.8125 11.5000 1.9490 200 192 93
23.0625 19.5000 1.3800 211 83 104
19.4375 6.0000 2.5780 198 170 90
2.8125 17.0000 1.9720 231 106 101
19.6250 3.0000 2.7950 211 172 104
17.4375 3.0000 2.7800 202 173 116
-0.2500 18.5000 1.8450 250 74 109
-9.6875 1.0000 0.0360 149 79 128
14.6250 -16.0000 3.1080 171 208 132
-13.6875 10.5000 1.3450 212 89 179
9.6875 15.0000 2.1540 226 146 83
-4.3125 -15.5000 0.0260 161 150 67
15.7500 1.0000 2.7890 211 164 98
21.8125 -5.5000 3.3410 200 177 153
-19.9375 -2.0000 0.0350 160 98 102
19.1875 -16.0000 4.0410 160 190 202
-24.3125 5.5000 1.1360 182 99 208
-5.1250 -11.5000 0.0330 161 131 69
4.3750 -3.5000 1.0780 174 63 226
-25.7500 -10.5000 0.0340 177 150 77
2.6875 -25.0000 0.0380 175 133 90
-5.5000 -7.0000 0.0310 170 140 106
6.6250 -7.0000 1.1210 184 46 181
12.0000 2.5000 2.8980 180 174 133
-18.6250 12.0000 3.9480 101 192 250
21.0000 18.5000 2.6220 170 227 110
7.2500 -3.0000 1.1550 195 51 174
-10.6250 15.5000 4.9610 82 173 254
-22.0000 -2.0000 0.0410 156 103 92
6.5000 12.5000 4.1850 111 134 214
12.2500 3.5000 2.7990 193 168 132
-25.8125 -7.5000 0.0320 176 136 103
23.1875 -2.0000 3.3490 188 158 144
15.5625 11.5000 2.3660 208 143 85
-23.1875 6.0000 1.1620 179 121 206
12.7500 -2.0000 4.1270 131 119 186
9.5000 -12.0000 1.1120 193 73 175
21.6875 17.0000 1.3670 228 62 97
6.0625 22.0000 2.2280 210 133 111
-17.5625 -11.5000 0.0340 192 151 44
-16.0000 10.5000 1.3990 207 99 166
7.3750 -11.5000 1.1060 191 59 175
-8.9375 8.5000 1.2780 196 72 216
9.9375 7.0000 2.6640 186 185 135
-13.9375 -10.0000 0.0370 180 135 69
15.0625 -13.0000 4.6910 98 130 151
-5.0625 17.5000 6.1170 76 143 240
-22.8125 -7.0000 0.0290 187 124 85
13.4375 -9.5000 3.8990 143 183 180
-0.1250 17.0000 1.8480 251 79 130
-8.0625 7.5000 1.2180 200 68 243
-17.0625 18.5000 7.2760 54 129 236
16.7500 -20.5000 3.2540 161 226 166
-22.9375 -2.5000 0.0360 180 94 100
-10.8750 10.0000 1.4250 219 82 161
6.2500 -8.0000 1.1010 176 63 169
-23.3750 -4.0000 0.0370 162 113 81
-11.1250 2.5000 1.0420 169 165 161
19.1250 -5.5000 3.2830 213 184 146
4.5000 3.5000 1.1740 194 42 188
-22.1250 15.5000 5.2360 68 159 243
-22.1250 9.0000 1.2200 191 55 213
3.2500 2.5000 1.1700 201 38 202
6.5000 -1.5000 1.1470 192 39 175
11.6250 15.0000 2.1840 223 138 82
10.6250 -6.5000 2.7940 152 207 148
17.9375 -25.0000 1.0610 199 115 169
17.4375 -13.5000 4.0010 147 184 182
14.0625 13.0000 2.3160 218 154 93
18.4375 -27.0000 1.0710 179 159 134
-10.3750 -20.5000 0.0400 175 170 53
-9.7500 -24.5000 0.0340 190 113 65
6.8125 -26.5000 0.0400 156 68 93
12.8750 -23.0000 1.1180 191 70 195
-10.1875 -15.0000 0.0390 181 133 42
-16.2500 -1.5000 0.0360 165 111 112
-11.4375 11.0000 1.5740 221 111 134
-7.8125 17.5000 7.3280 62 124 223
17.2500 -27.5000 0.4850 178 111 157
21.5000 -6.5000 3.4150 194 181 164
17.6250 9.5000 2.4290 210 156 69
-14.1250 6.0000 1.1010 184 89 227
-4.0000 -1.5000 0.0380 150 122 109
-4.9375 -20.5000 0.0340 173 131 60
-19.1875 -5.5000 0.0520 171 126 76
12.3750 -23.0000 1.0830 189 66 200
9.8750 -13.5000 1.1510 198 64 174
16.3125 4.0000 2.7000 202 170 110
0.2500 6.5000 1.3320 195 50 179
4.5000 2.5000 1.1780 189 45 200
17.6250 -27.5000 0.0630 181 106 131
-1.4375 -20.5000 0.0330 172 123 93
-21.0000 15.0000 1.7780 221 148 108
3.0625 20.0000 2.0880 231 134 90
13.2500 -6.5000 3.1480 196 183 129
9.5000 6.5000 2.7010 178 178 131
-4.0625 19.0000 4.8340 100 146 254
-16.5625 6.5000 1.1680 182 90 222
1.0000 21.5000 1.9910 223 121 113
16.5000 6.5000 2.5330 218 160 101
1.3750 19.0000 1.9620 249 109 83
-14.6875 7.0000 1.2040 187 75 232
11.1875 -12.5000 2.8450 147 224 171
-5.9375 11.0000 1.3950 219 64 186
-4.2500 -2.5000 0.0410 151 125 106
-20.3750 -4.5000 0.0380 177 106 97
-20.8750 19.5000 7.2840 47 130 237
3.6875 1.0000 1.1120 186 26 211
-13.4375 -26.0000 0.0400 190 129 58
11.2500 -22.0000 1.1240 199 72 172
-6.0625 14.0000 1.6420 227 111 136
14.6250 15.5000 2.2220 227 145 77
-15.0000 4.0000 1.0910 177 114 211
14.8125 -20.0000 2.6710 170 212 129
-11.3750 15.0000 5.2040 77 165 254
0.6875 7.0000 1.3770 215 39 174
-0.8750 11.5000 1.6000 231 62 160
-2.6250 9.5000 1.4170 233 42 202
-15.6875 14.0000 1.6700 227 126 124
8.8750 -10.0000 1.1140 195 59 172
8.1250 -6.0000 1.1410 193 57 173
4.9375 -27.5000 0.0410 170 118 80
21.1250 -5.0000 3.2960 207 190 142
-2.9375 13.5000 1.5620 235 65 165
5.6875 -14.5000 1.0670 177 130 178
2.6250 -26.0000 0.0400 176 134 88
-18.8125 6.0000 1.1590 185 104 205
10.8750 11.5000 2.2350 208 148 71
-6.6875 18.0000 7.3270 70 126 216
-6.1250 16.0000 1.8320 218 144 106
15.5000 1.0000 2.7650 213 163 94
15.5625 7.0000 2.5810 207 152 103
-13.9375 12.5000 1.5380 222 99 145
-26.3125 2.5000 0.0310 145 102 156
10.9375 14.5000 2.1970 219 147 80
8.6250 21.5000 2.0630 235 115 102
18.1875 -13.0000 3.9370 155 184 179
16.0000 0.5000 2.8550 206 165 106
-9.1875 -2.5000 0.0370 153 111 117
7.3750 -23.0000 0.0800 184 72 124
-23.3125 12.5000 3.3810 104 242 225
-2.5625 -24.0000 0.0220 174 122 65
18.8750 -19.5000 4.5120 127 167 210
-20.3125 10.0000 2.2070 173 225 93
-17.3125 -26.0000 0.0370 181 149 49
9.6250 -8.0000 2.4290 157 190 104
22.8125 11.0000 1.9450 234 126 13
14.3125 -8.5000 5.2540 106 130 147
-14.5000 17.0000 7.3060 53 121 225
18.7500 10.5000 2.6030 195 188 106
7.9375 -11.5000 1.1230 194 60 171
-14.5625 8.5000 1.2300 192 88 206
15.5000 -12.5000 4.5610 116 154 161
13.1875 -11.5000 3.1970 163 225 159
-17.3750 -5.5000 0.0210 185 125 85
21.3125 -8.0000 3.4800 184 187 166
-2.1875 4.0000 2.8770 125 232 230
14.0625 -2.0000 3.1920 175 189 155
-1.2500 11.0000 1.5230 236 63 178
-5.4375 16.5000 1.5600 230 79 134
-5.9375 3.5000 1.1150 180 80 226
-19.7500 -0.5000 0.0340 152 106 109
13.0625 21.5000 2.0530 232 111 85
-0.1250 5.0000 1.1710 180 54 201
-0.8750 19.5000 1.8720 248 110 109
7.3750 -3.0000 1.1390 195 51 174
22.5625 -24.5000 4.7010 121 187 183
-21.3125 -13.0000 0.0380 187 150 65
-23.0000 -7.5000 0.0370 190 126 86
8.3125 -9.5000 1.1150 193 60 175
12.6875 11.5000 2.3720 213 154 106
-16.5000 14.0000 1.7990 220 147 99
-9.8750 18.0000 7.2900 61 136 227
-22.2500 21.0000 7.2410 61 151 214
-19.4375 -10.5000 0.0340 181 125 59
-0.8125 -7.5000 0.0310 144 130 79
-25.4375 -23.5000 0.0380 185 140 55
16.0625 -20.0000 3.0750 163 206 137
21.8125 -10.5000 3.6830 191 176 158
-6.6250 14.0000 1.5970 228 105 146
12.0625 -8.0000 4.2210 107 151 190
17.1250 -6.0000 3.2480 212 203 145
-14.7500 16.0000 2.7610 141 239 216
-9.0000 10.0000 1.4010 202 73 184
-22.9375 -8.0000 0.0280 191 125 82
-16.8750 6.5000 1.1590 182 89 224
-24.4375 13.0000 3.4240 105 235 230
-17.0625 10.0000 2.2710 172 221 112
-3.8750 15.5000 1.7340 236 110 106
18.5000 -2.0000 3.0880 195 175 130
11.6250 15.5000 2.1630 230 144 75
5.1250 15.5000 2.0920 225 152 71
-24.8125 11.5000 2.2070 168 213 111
-19.2500 0.5000 0.0310 174 116 107
16.8750 4.5000 2.6820 206 169 109
23.3125 4.0000 5.3280 130 94 126
13.3125 -8.0000 4.5980 112 147 171
8.3125 3.5000 2.2130 195 184 69
-10.6250 -17.0000 0.0320 187 127 30
-1.6875 -2.0000 0.0320 152 101 108
-23.4375 0.5000 0.0330 165 91 114
-4.5000 16.5000 1.6780 237 100 113
-9.5000 15.5000 7.5700 62 120 216
-13.1875 2.5000 1.0370 174 154 183
0.6250 9.5000 1.5600 228 51 144
13.5000 -9.5000 3.8760 144 185 180
11.2500 -9.0000 3.5110 122 196 205
-11.4375 -11.0000 0.0490 164 151 61
17.5625 4.0000 2.6510 209 168 101
-10.1875 11.5000 2.1470 178 216 104
14.5625 15.5000 2.2290 226 146 78
-17.7500 17.0000 5.5020 71 134 254
8.7500 18.5000 2.0710 245 128 79
21.4375 -1.5000 3.0460 196 187 140
-7.6875 15.0000 2.7980 151 242 211
9.5625 1.5000 2.6730 176 192 119
-2.2500 14.5000 1.6580 240 73 161
10.8750 -19.5000 1.1180 199 72 179
-25.0625 12.5000 2.5970 142 220 160
-24.0000 -4.0000 0.0250 159 117 84
-20.8125 -4.0000 0.0560 175 113 103
10.8750 20.5000 2.1350 229 133 92
2.0000 18.0000 1.9340 252 95 80
-9.8750 7.5000 1.2190 191 66 230
12.6250 -8.0000 4.4990 112 143 185
20.5625 -15.0000 3.9900 168 185 202
12.9375 4.0000 2.7510 202 180 131
-18.9375 4.5000 1.0980 178 142 195
16.4375 0.0000 2.9180 198 173 117
-11.7500 -13.0000 0.0340 186 163 58
21.4375 -23.5000 4.7390 118 178 196
3.6250 1.0000 1.1100 186 26 211
-21.1875 -3.0000 0.4390 156 170 103
22.8750 12.5000 2.6660 179 175 92
18.8125 8.5000 2.5270 198 176 86
11.6875 -22.5000 1.1240 199 71 168
-18.6250 14.0000 4.6050 76 183 243
-11.3125 -6.0000 0.0480 177 125 91
3.5625 -3.0000 1.1210 176 62 224
-9.5625 18.0000 7.3010 62 136 225
-13.6250 0.0000 0.1890 172 143 124
14.8750 -17.5000 3.4120 146 200 167
-10.3125 15.5000 7.5590 50 130 225
-3.3125 -3.0000 0.0440 164 136 96
-17.4375 12.5000 2.2890 168 222 102
20.8125 7.5000 2.7850 179 198 111
4.5000 -3.5000 1.0940 176 63 223
14.8750 -5.5000 3.3900 172 189 152
15.0625 -1.0000 2.8770 202 175 106
19.5000 10.5000 2.6390 186 196 104
12.7500 -17.0000 2.7720 151 202 143
0.1875 -21.5000 0.0330 176 126 89
-1.1250 -10.5000 0.0340 175 120 105
19.7500 12.5000 2.5630 190 195 95
5.9375 21.5000 2.1940 214 132 105
-24.6250 -17.5000 0.0390 181 133 60
4.6875 -16.0000 0.0370 169 97 116
-3.9375 11.5000 1.4750 231 47 176
16.5000 12.0000 2.3280 217 150 68
-26.0000 17.5000 2.4290 162 225 167
-17.5625 -17.0000 0.0410 178 156 53
9.9375 -15.5000 1.0990 193 59 177
0.2500 18.0000 1.8810 249 79 116
-14.7500 -26.0000 0.0370 184 141 67
8.8125 9.5000 3.3320 135 172 197
-3.9375 -16.5000 0.0390 164 144 66
8.3750 2.5000 2.3850 167 194 105
-19.1250 -1.5000 0.0340 158 93 99
-11.6875 13.5000 5.2590 77 155 254
17.7500 -16.5000 4.1390 135 188 191
-12.6875 -22.5000 0.0390 170 142 59
-6.3125 21.5000 7.3110 69 141 231
-12.0625 4.0000 1.1160 169 103 219
8.0625 0.0000 2.0190 199 160 61
4.0000 -19.5000 0.0340 157 133 88
7.1875 -2.5000 1.1460 195 38 165
-16.2500 2.5000 0.4330 174 139 145
-8.3125 7.0000 1.2250 199 67 241
4.0000 -1.0000 1.0930 177 45 217
1.8125 -24.0000 0.0390 169 140 96
-17.2500 17.5000 7.2770 56 119 225
-10.9375 10.5000 1.4570 220 87 156
14.8750 -22.0000 2.5680 165 223 121
12.0625 -9.5000 3.7590 116 179 206
12.8750 -22.5000 1.1350 199 80 187
-0.5000 -4.5000 0.0450 168 127 74
-10.0000 11.5000 1.8640 209 176 96
5.5000 -6.5000 1.0960 173 81 200
20.3125 -4.0000 3.2350 208 194 146
23.1875 -16.0000 4.0710 181 147 165
2.0000 20.5000 2.0280 230 122 94
23.1875 15.5000 1.3360 214 57 85
20.4375 -0.5000 3.0120 198 183 139
-19.7500 5.0000 1.1120 180 139 202
-23.2500 -27.0000 0.0300 182 114 51
-25.6250 -25.5000 0.0360 175 132 63
16.3125 2.0000 2.8230 199 178 122
-1.5000 14.0000 1.6710 237 62 143
-21.6250 -12.0000 0.0410 174 131 67
17.3750 -21.5000 3.0110 162 245 147
-14.1875 -25.5000 0.0340 188 135 64
15.3750 -6.5000 3.4480 194 189 137
-5.2500 22.0000 7.3400 75 128 224
-22.0000 -9.0000 0.0450 181 153 59
-14.3750 16.0000 5.5990 62 153 254
8.5000 -4.5000 2.7630 132 213 179
-5.1875 11.5000 1.4070 219 60 201
12.8750 -5.0000 3.0640 177 189 128
18.6875 -24.5000 1.0630 197 122 158
-11.4375 8.0000 1.2030 186 66 239
21.1875 -17.5000 4.1240 164 185 197
3.3125 2.0000 1.1590 202 38 203
-16.3125 11.0000 1.4120 210 99 165
-26.5000 -18.0000 0.0380 177 134 70
-9.1250 -27.5000 0.0390 173 131 56
-1.3750 -9.5000 0.0390 170 120 107
-4.1875 6.5000 3.3290 110 232 254
-24.6250 17.5000 7.5510 53 137 218
9.6250 -9.5000 1.1620 204 69 148
-18.1875 19.0000 7.3320 57 128 239
-1.0000 3.0000 1.1060 181 100 202
-15.2500 17.5000 7.3060 60 134 227
20.0625 -8.0000 3.4600 185 189 175
16.6875 -25.5000 1.7000 236 158 55
6.9375 16.5000 2.2130 214 162 93
2.4375 -9.5000 0.0330 171 107 104
18.3750 -18.0000 5.3550 113 119 163
18.6250 4.0000 2.7260 199 173 113
-11.9375 -0.5000 0.0330 154 87 150
-21.3750 20.0000 7.2900 51 127 234
-7.0000 15.5000 7.3240 59 127 214
19.9375 -4.0000 3.2290 209 193 147
-7.0625 18.0000 7.3220 69 127 220
15.5625 1.5000 2.8180 201 175 104
15.5625 4.0000 2.6950 210 158 106
21.1875 11.0000 3.4080 135 181 186
4.3125 2.0000 1.1430 190 35 207
-14.4375 -1.0000 0.0370 176 124 121
-17.5000 -10.0000 0.0270 189 149 52
-5.1250 16.5000 1.6350 235 92 120
14.8125 15.0000 2.2310 223 136 81
-21.7500 -1.5000 0.0310 149 118 115
-19.4375 -10.0000 0.0360 179 125 60
6.9375 -25.0000 0.0300 155 47 111
-18.3125 13.0000 2.5460 151 231 152
7.8125 -19.0000 1.0260 167 138 180
6.3125 9.0000 2.0360 213 150 68
-24.3750 16.5000 2.6410 144 248 198
19.0625 12.5000 2.5680 182 174 100
-14.2500 -13.5000 0.0440 199 155 64
11.0625 -27.5000 1.0430 165 94 183
14.6250 13.0000 2.3210 218 154 92
-11.3125 2.0000 0.0560 150 86 155
6.1250 3.5000 1.4430 218 64 119
14.6875 8.5000 2.4560 211 152 74
13.0625 14.0000 2.2530 218 140 96
-3.8750 5.5000 1.2000 185 71 209
-25.0625 -14.0000 0.0300 185 135 56
-14.3125 6.0000 1.1480 185 91 226
-10.2500 2.0000 1.0750 174 163 152
17.1250 18.5000 2.3480 204 183 83
-26.1875 6.5000 1.1280 176 96 225
-9.1875 9.5000 1.3810 205 78 184
-20.9375 -14.5000 0.0400 185 140 61
14.0000 -8.0000 3.5710 170 187 163
3.3125 -3.0000 1.0840 172 62 228
-21.6250 15.0000 5.2120 64 155 253
12.8125 -2.0000 3.1730 162 183 150
0.5625 15.0000 1.8550 242 95 125
-26.0625 -5.5000 0.0440 146 116 101
-13.5000 13.5000 4.6040 84 175 254
1.7500 2.0000 1.0990 186 81 216
9.8125 -5.5000 3.5820 120 183 215
-17.6250 -17.0000 0.0330 178 155 52
-12.8125 -11.5000 0.0340 184 151 53
11.4375 -23.5000 1.1140 200 64 221
17.4375 5.5000 2.6540 207 162 106
6.3750 16.0000 2.2130 200 157 94
-25.2500 13.0000 3.6620 105 214 228
-13.0625 15.0000 4.8370 90 153 254
-25.0625 -0.5000 0.0400 161 73 131
-16.1250 14.0000 5.3720 67 159 246
-24.1250 -7.5000 0.0370 186 131 96
0.7500 -17.5000 0.0320 158 87 95
-0.5000 -19.5000 0.0320 171 116 93
-9.0625 -15.5000 0.0350 175 131 38
17.6875 14.0000 2.4720 194 177 96
-20.3750 -6.5000 0.0310 183 132 69
7.2500 -9.5000 1.0930 188 55 185
16.1875 -18.0000 4.6790 100 149 188
16.0625 13.0000 2.2740 216 153 66
-19.2500 -13.0000 0.0360 190 139 57
-22.9375 -17.5000 0.0280 180 126 39
21.8750 2.0000 3.1180 181 171 134
-26.2500 16.0000 2.7550 139 223 200
-2.7500 8.0000 1.3710 212 69 196
-21.4375 17.0000 4.4910 87 160 254
-25.7500 -9.0000 0.0350 180 126 99
21.2500 2.0000 3.0380 188 177 129
6.4375 2.0000 1.3510 217 70 140
-0.5625 2.0000 1.0640 173 129 201
10.1250 -26.0000 1.0430 170 95 201
1.4375 21.5000 2.0160 219 111 107
17.9375 -16.5000 4.1860 133 186 192
13.9375 11.5000 2.3590 213 147 87
-26.5000 6.0000 1.1400 178 101 220
-16.8125 15.0000 2.4590 160 220 149
11.0000 -16.0000 1.1370 203 60 161
8.6250 -19.5000 1.0830 172 133 173
-0.5000 3.0000 1.1420 182 98 196
2.0625 13.0000 1.8350 239 102 101
11.1250 7.5000 2.5920 194 186 125
10.5625 -22.5000 1.0920 197 70 180
-21.0625 0.0000 0.0780 162 118 127
2.3125 14.0000 1.8810 230 111 103
-14.5000 9.0000 1.3180 201 93 193
-10.7500 -14.5000 0.0370 189 152 51
19.8750 1.0000 2.8920 202 177 113
8.8750 -16.5000 1.1070 181 99 199
16.5000 13.5000 2.2640 216 156 62
10.1250 -18.0000 1.1080 187 73 184
13.6250 -10.0000 3.8850 142 187 183
-19.6875 7.0000 1.1760 202 65 221
18.5625 -0.5000 2.9640 195 182 130
19.8750 17.0000 2.7160 171 217 136
-19.8750 5.0000 1.1250 181 139 201
-25.1250 -23.5000 0.0340 186 138 53
16.9375 -3.0000 3.0880 190 188 134
22.6875 -24.0000 4.6300 124 182 189
15.0000 17.0000 2.1780 226 136 75
-14.5000 -24.0000 0.0330 181 140 62
22.7500 -24.0000 4.6410 124 183 186
2.6875 -1.0000 1.0790 163 99 197
15.1875 -22.5000 1.1570 203 86 172
-13.3750 -15.5000 0.0300 188 152 51
13.8125 15.0000 2.2340 224 143 83
18.0625 17.0000 2.4310 195 182 101
6.1875 19.5000 2.1790 227 148 87
-20.0625 -2.5000 0.0400 162 98 101
23.0000 -16.5000 4.1250 170 168 176
18.0000 19.5000 2.3740 195 188 86
-9.6875 11.5000 2.1780 173 216 106
3.4375 -24.0000 0.0320 179 137 101
10.7500 -16.5000 1.1400 202 60 162
11.5000 6.5000 2.6460 192 184 128
10.0625 12.5000 2.4310 195 167 107
-0.9375 -8.5000 0.0430 145 132 75
-9.6250 2.0000 0.9870 171 164 150
-5.9375 -17.0000 0.0360 161 133 60
3.7500 15.0000 1.9930 230 130 92
21.4375 -2.0000 3.1020 192 185 145
-22.3750 5.5000 1.1240 178 128 203
13.7500 -1.0000 3.0680 182 188 140
-10.6875 -12.0000 0.0510 180 156 59
0.4375 10.0000 1.5970 228 59 140
16.3125 3.0000 2.7160 200 170 106
23.3125 -12.5000 3.9220 172 145 156
-5.9375 -9.5000 0.0350 167 147 60
5.5000 -3.0000 1.1200 177 59 202
17.9375 -13.0000 3.9870 151 182 182
-4.3125 15.0000 1.6760 234 99 111
11.0000 -6.5000 2.6990 157 206 132
6.8750 -5.0000 1.1140 189 45 175
-16.0000 5.5000 1.1610 180 104 207
2.6250 12.5000 1.8190 236 97 102
21.8125 16.5000 2.7030 173 215 120
-21.6875 -23.0000 0.0350 183 132 39
-21.4375 15.5000 5.2210 70 153 254
14.6875 18.0000 2.1260 238 136 69
13.1875 -7.5000 3.0120 200 192 121
-23.3750 -22.5000 0.0370 199 137 53
22.9375 13.5000 2.6120 177 184 81
-20.5000 4.5000 1.0970 179 140 205
4.6250 22.0000 2.2450 201 125 121
14.3125 11.5000 2.3550 215 146 85
19.0000 -2.5000 3.0760 196 175 126
22.2500 18.0000 1.3830 223 61 92
14.3750 -17.5000 3.2310 161 205 148
4.9375 20.5000 2.2210 214 144 104
22.6250 6.0000 3.4350 143 157 167
-6.1250 -23.5000 0.0360 176 142 59
-13.8750 11.5000 1.4150 210 96 171
-24.1250 13.5000 3.4500 105 238 234
-13.7500 19.0000 7.2730 59 138 230
-11.0000 10.0000 1.4520 221 85 156
-13.4375 10.0000 1.4590 220 96 152
18.1250 12.0000 2.5070 198 159 84
11.1875 -19.5000 1.1250 201 72 177
8.9375 9.5000 3.1860 142 177 187
7.8750 2.5000 2.2690 175 192 92
-25.3125 -16.5000 0.0340 170 145 52
5.8125 -1.0000 1.1240 180 55 202
11.0000 -25.0000 1.0810 183 83 211
14.3750 -17.0000 3.1840 164 208 146
-16.0000 -26.0000 0.0360 177 136 73
13.9375 18.5000 2.1560 235 146 74
-9.8750 -4.0000 0.0450 166 118 92
-19.1250 14.0000 1.7300 220 135 96
18.9375 13.0000 2.5180 192 188 92
-20.2500 4.5000 1.0890 179 139 205
-3.1875 -12.0000 0.0340 164 148 64
7.5625 19.0000 2.1590 233 147 86
19.4375 -1.0000 3.0090 196 184 144
14.0625 -27.5000 1.0710 183 79 193
20.3750 -12.5000 3.7900 188 181 187
14.8125 3.5000 2.6810 214 177 109
21.0000 -15.5000 3.9970 167 187 203
13.1875 0.0000 3.0030 181 186 125
16.1250 -26.0000 1.4480 230 137 116
22.4375 -1.0000 3.2880 180 163 153
-3.4375 -14.5000 0.0460 162 147 65
-16.6875 11.5000 1.7730 212 147 95
7.6875 8.0000 2.4600 183 190 109
-1.8125 -9.0000 0.0350 166 125 108
19.5625 1.5000 2.8720 202 176 111
19.6875 19.0000 2.6630 167 227 125
5.5625 -3.5000 1.1180 177 65 211
-4.2500 -5.5000 0.0300 179 110 91
8.2500 -10.5000 1.0710 193 55 178
-7.1250 -12.0000 0.0330 175 140 47
-23.8750 11.0000 2.2310 161 212 106
7.9375 -7.5000 1.1170 193 49 169
-10.5000 21.0000 7.3430 62 133 218
-24.4375 19.0000 7.2930 55 137 222
-5.6250 -8.5000 0.0440 154 137 86
-4.3125 16.0000 1.7060 238 106 108
19.7500 -23.5000 1.0800 211 127 161
-4.4375 -24.0000 0.0190 181 114 74
4.5000 -19.0000 0.0390 157 130 90
11.5625 -11.5000 2.7210 158 212 129
16.2500 4.0000 2.7010 202 168 110
-19.7500 17.0000 7.5490 50 121 222
23.5000 9.5000 1.8840 236 103 9
10.8125 17.0000 2.1420 229 141 79
-6.0625 3.0000 1.0830 182 122 216
10.1250 21.0000 2.1030 237 125 96
15.2500 -15.0000 4.0030 126 165 180
13.0000 20.5000 2.1040 233 128 81
-16.1250 -24.0000 0.0390 174 145 47
-13.2500 20.5000 7.2810 65 132 223
4.8125 -24.5000 0.0380 169 117 97
14.0625 -12.5000 3.0390 184 239 140
12.3750 -1.5000 4.2870 109 129 177
16.3125 -1.5000 2.9430 192 174 118
-8.0000 15.0000 2.8660 147 244 222
-1.4375 2.5000 1.1110 174 130 204
17.9375 2.5000 2.7730 204 169 107
-11.7500 20.0000 7.2750 58 135 229
22.8750 18.5000 1.3780 217 64 94
-25.8125 -12.5000 0.0400 185 142 71
22.1875 12.5000 3.6060 131 170 175
-6.8750 17.0000 7.3210 61 123 217
-11.3125 -7.0000 0.0430 187 141 86
0.8750 8.5000 1.4910 217 52 166
-1.8750 -17.0000 0.0350 177 115 94
-23.1875 8.5000 1.1890 175 76 227
-25.7500 20.5000 7.3570 74 125 216
-22.3750 -25.5000 0.0350 187 108 48
8.0625 20.5000 2.0330 244 114 91
-21.5000 17.5000 7.2550 49 136 225
6.0625 6.0000 1.9710 196 156 60
-19.0000 -8.0000 0.0400 177 134 55
8.2500 -2.5000 2.0810 195 192 70
10.2500 0.5000 2.8620 165 199 144
4.5000 6.5000 1.4390 232 48 146
-0.6875 9.5000 1.5230 236 68 167
-7.8125 20.5000 7.3350 61 133 223
17.4375 14.5000 2.4220 195 169 90
-10.5625 20.0000 7.3120 55 137 226
13.9375 21.5000 2.0650 229 114 88
18.2500 16.5000 2.4460 195 185 102
3.1875 -22.5000 0.0390 163 122 114
-13.6250 -13.5000 0.0370 200 150 60
19.2500 -2.5000 3.1070 198 180 131
3.7500 -9.5000 1.0610 166 144 206
-6.2500 0.5000 0.0640 160 109 118
1.9375 -14.5000 0.0330 179 105 80
-17.9375 3.0000 1.0700 173 175 195
-13.4375 -2.5000 0.0380 178 120 113
1.9375 -5.0000 1.0500 167 138 190
-26.4375 1.5000 0.0360 173 67 161
13.5000 2.0000 2.9040 187 190 134
-21.3125 -2.5000 0.3090 153 148 106
-0.6875 -2.5000 0.0350 151 98 105
10.1250 12.0000 2.4320 195 171 114
-26.2500 -8.5000 0.0410 180 128 103
-24.0000 -2.0000 0.0500 177 95 110
11.3750 20.0000 2.1250 235 136 83
-5.4375 18.5000 7.3330 59 127 227
6.5625 17.0000 2.2190 217 164 85
14.9375 0.5000 2.7880 206 173 95
5.3750 -28.0000 0.0300 159 89 90
-4.5625 -2.5000 0.0390 152 127 108
-0.6250 7.5000 1.3640 202 61 189
-20.7500 12.0000 4.2000 80 194 240
14.8125 20.5000 2.0820 235 126 76
17.0625 -12.0000 3.8960 157 184 179
-20.5000 -8.0000 0.0540 193 134 58
-13.6875 -19.5000 0.0340 190 147 53
22.6250 -11.0000 3.7590 187 162 152
18.8125 0.5000 2.8650 208 160 100
7.3125 -23.5000 0.0370 171 58 125
-16.6875 14.5000 1.8060 226 150 112
1.2500 18.0000 1.9110 252 90 85
-12.0625 16.0000 7.5600 53 126 228
17.5000 -8.0000 3.3700 204 209 154
15.6250 -19.0000 4.1520 107 154 198
17.7500 3.5000 2.7200 200 176 114
-18.5000 10.0000 2.2780 169 218 121
4.2500 8.0000 1.6780 236 77 118
-2.6875 6.5000 1.2330 182 58 216
19.5625 -21.0000 4.5970 118 180 204
-24.2500 22.0000 7.2720 73 129 213
-13.4375 7.5000 1.1770 185 76 231
-4.3125 5.5000 1.1620 189 79 230
9.0000 -1.0000 2.3190 167 206 94
-10.4375 13.0000 5.6180 67 152 243
-3.5625 4.5000 1.1580 192 77 224
19.6875 4.5000 2.7250 200 186 114
20.8750 0.5000 2.9720 198 178 119
15.3125 18.0000 2.1260 230 129 69
2.8750 -17.0000 0.0350 164 125 95
14.0625 -5.5000 3.3980 168 191 159
18.5000 -24.0000 1.1060 199 123 153
17.6250 -22.5000 2.5640 178 235 86
-10.6250 16.0000 7.3380 50 130 229
-1.0625 -15.0000 0.0350 170 110 97
4.7500 -12.0000 1.0400 177 130 182
-10.5000 20.5000 7.3070 59 135 222
10.4375 -23.0000 1.0770 195 68 182
-13.3125 -20.5000 0.0350 183 161 42
-4.7500 6.5000 1.2480 191 60 225
3.6250 5.5000 1.2710 200 48 200
-0.1250 17.5000 1.8260 249 81 124
7.1250 10.0000 2.3920 186 182 97
5.5625 8.5000 2.0900 196 166 69
-8.3750 -14.0000 0.0410 161 137 49
-15.6250 -12.5000 0.0400 199 155 48
-19.0625 7.5000 1.2080 200 72 214
16.2500 -14.0000 3.9240 148 184 169
-14.4375 15.0000 1.7240 226 116 122
20.9375 10.5000 3.3790 135 187 188
-9.8125 21.0000 7.3260 69 144 215
-5.6250 8.5000 1.3330 199 73 203
-12.9375 -27.0000 0.0380 175 130 59
0.3125 -9.0000 0.0390 160 101 112
19.6875 -5.0000 3.2580 209 191 147
-14.6250 11.5000 2.2370 172 225 119
9.4375 7.0000 2.6510 180 178 128
7.3125 -10.0000 1.0980 192 55 183
-22.0625 7.5000 1.1780 175 79 220
-24.1250 -26.0000 0.0390 183 121 59
10.5000 -3.5000 2.3140 193 178 63
-9.4375 5.5000 1.1420 183 73 222
1.0000 -20.5000 0.0400 158 111 95
16.3125 -26.5000 1.0880 195 117 172
14.6250 -27.5000 1.0750 182 99 187
19.6250 2.5000 2.7680 213 171 98
15.0000 4.0000 2.6430 219 173 103
16.2500 -5.5000 3.2800 204 191 139
-12.0000 12.0000 1.5520 212 118 156
15.6250 0.0000 2.8260 204 160 98
0.1875 -6.0000 0.0380 147 123 109
12.8125 0.5000 3.0250 172 189 130
14.2500 -12.0000 3.1900 175 234 151
1.8750 10.0000 1.6080 234 64 130
3.1250 -1.5000 1.0680 179 72 189
4.7500 13.0000 2.0070 218 144 69
-25.0000 2.5000 0.0330 145 104 152
-0.9375 -17.0000 0.0370 179 109 89
15.2500 17.0000 2.1990 223 137 79
3.2500 18.0000 2.0430 231 115 91
4.9375 2.0000 1.1880 192 48 195
11.5625 8.0000 2.5710 195 181 121
-25.6250 -14.5000 0.0430 184 139 60
-6.3125 16.5000 7.3430 62 122 212
18.8125 10.5000 2.6070 195 189 107
7.8750 -12.5000 1.0850 186 63 194
-24.8125 16.5000 1.7260 229 101 112
15.0625 12.5000 2.3530 214 153 96
-10.3125 -6.5000 0.0340 186 137 84
-18.8750 -1.0000 0.0340 168 119 118
19.6875 4.0000 2.7140 202 184 110
-2.6875 -10.0000 0.0400 170 134 107
16.6875 11.5000 2.3520 215 152 71
-14.7500 -28.0000 0.0380 178 132 63
23.1250 1.5000 3.1810 173 159 132
18.9375 -17.0000 4.2640 151 185 206
-3.4375 15.5000 1.6360 232 88 117
-11.8125 3.0000 1.0780 179 144 207
-15.5625 -27.5000 0.0320 177 132 68
-17.2500 -13.0000 0.0380 187 148 39
1.5625 -7.0000 0.0330 157 97 107
6.3750 -16.0000 1.0630 168 122 209
-5.0000 9.0000 1.3350 204 71 199
-5.3125 -17.5000 0.0480 166 146 69
-13.1875 -3.0000 0.0360 165 138 98
5.5000 -4.0000 1.1100 180 63 212
1.1875 6.5000 1.3190 212 36 179
-12.0625 -26.5000 0.0300 175 124 57
-4.9375 20.0000 7.3130 58 121 229
17.5000 -18.5000 4.6240 109 158 206
20.3750 -4.5000 3.2620 208 195 148
14.6250 -13.5000 3.1040 183 237 135
21.5625 -14.0000 3.9630 180 169 172
-8.3750 19.5000 7.3490 57 138 227
13.6875 -25.5000 1.0900 196 70 217
-24.0625 12.0000 1.5010 211 85 133
-24.9375 -17.5000 0.0340 179 134 62
-11.2500 -1.5000 0.0430 177 98 120
-19.6250 1.5000 0.0380 174 115 116
-4.1250 -20.5000 0.0460 178 145 70
-21.8750 -23.0000 0.0320 184 132 41
-21.9375 11.0000 2.1510 179 228 78
-22.5000 -19.0000 0.0390 205 125 59
10.6250 -25.0000 1.0870 182 86 212
-14.6875 7.0000 1.1860 185 75 234
7.9375 -14.0000 1.1060 187 65 191
19.1875 -20.5000 4.5650 122 175 200
-11.6250 3.5000 1.0830 169 102 215
5.1875 -11.0000 1.0830 176 134 191
-5.7500 14.0000 1.6550 226 93 144
17.5625 10.0000 2.4050 212 155 65
-19.8125 -10.5000 0.0400 181 127 62
11.6875 -20.5000 1.1450 200 77 158
16.3750 12.5000 2.3010 215 156 65
16.3750 -20.5000 2.9310 174 222 129
-10.0000 -2.5000 0.0360 176 92 103
15.5000 2.5000 2.7430 208 180 101
-3.9375 6.5000 1.2180 189 60 226
-22.1875 10.0000 1.2800 203 59 199
-20.7500 16.0000 4.4680 81 169 254
21.8125 -24.5000 4.8510 98 207 198
15.7500 -7.0000 3.5120 192 191 143
-21.4375 15.5000 4.9940 72 155 254
5.6250 -3.5000 1.1140 177 65 211
21.0000 -4.0000 3.2140 210 190 138
-21.1250 -19.5000 0.0360 205 153 40
14.3125 7.0000 2.4840 212 159 73
14.0000 -20.5000 2.5590 177 207 118
8.1250 17.0000 2.2020 217 160 92
15.5625 15.0000 2.2330 221 134 80
-12.5000 9.5000 1.5730 216 105 140
5.4375 9.5000 2.0050 208 153 70
-2.0000 14.5000 1.6840 242 78 155
14.3750 -6.0000 3.4260 188 179 142
-22.1875 5.5000 1.0670 176 130 207
-6.0000 7.5000 1.2260 183 60 237
8.1250 0.0000 1.9830 203 153 58
0.4375 3.0000 1.1230 181 81 203
5.9375 17.5000 2.1680 222 147 82
-9.5000 6.5000 1.1990 190 64 235
19.5000 -1.0000 3.0260 195 186 146
-13.3125 -9.0000 0.0060 179 137 75
-20.9375 -1.5000 0.4830 174 186 106
-13.0625 -13.0000 0.0420 197 148 57
16.6250 -16.5000 3.5780 181 212 154
8.4375 6.5000 2.7250 170 196 140
14.8750 6.5000 2.5820 203 162 89
-14.3750 -15.5000 0.0360 185 161 57
-3.8125 18.0000 1.7990 239 123 117
-6.6875 -1.5000 0.6370 175 203 88
21.3750 17.0000 2.7300 170 218 128
-16.8750 6.0000 1.1450 180 102 217
21.0000 -4.5000 3.2470 209 192 141
21.1875 -18.5000 4.1900 151 192 200
11.7500 -23.5000 1.1000 197 65 219
7.6250 1.0000 1.6760 235 95 78
-11.4375 -13.0000 0.0390 187 160 58
8.5625 -19.0000 1.1020 173 132 174
18.8125 14.5000 2.4670 192 174 85
15.0000 -3.5000 3.2770 177 193 148
-22.6875 21.0000 7.3080 62 149 213
17.5000 -15.5000 4.1110 139 187 187
-3.2500 -14.5000 0.0370 161 146 63
2.4375 -19.5000 0.0320 154 100 85
-20.3125 14.0000 1.6950 228 128 102
-17.0625 14.5000 4.5600 92 167 254
-11.6875 14.0000 5.1980 80 155 254
-5.3750 18.0000 7.3130 64 125 218
19.4375 -5.5000 3.2290 217 186 141
-18.1875 11.5000 3.3100 110 231 234
22.1875 14.0000 3.1400 141 199 159
22.3750 8.0000 3.6740 130 161 167
13.1250 9.5000 2.3990 214 156 89
-17.9375 11.0000 2.1100 181 208 92
5.0000 -13.5000 1.0420 184 129 178
-5.6875 9.0000 1.2950 197 69 212
-19.5625 2.5000 0.3120 179 120 143
-20.1250 18.5000 7.2870 48 133 237
-23.5625 11.0000 2.2250 162 213 104
-16.4375 10.5000 2.2350 173 217 107
22.0000 -25.0000 4.7240 100 209 197
-11.7500 2.0000 0.0730 149 91 159
16.2500 -2.5000 3.0270 194 178 127
-13.6875 -2.0000 0.1060 178 129 122
-16.6875 -10.0000 0.0300 189 143 47
-24.4375 12.5000 2.3760 164 234 112
-8.2500 12.5000 2.8120 139 240 200
20.5625 16.5000 2.7400 171 223 136
-26.1875 -16.5000 0.0330 169 146 70
17.6875 1.0000 2.9070 199 184 128
-12.0000 2.5000 1.0350 174 145 205
20.3125 19.5000 2.2160 199 194 37
17.8125 16.0000 2.4170 199 186 96
9.2500 21.5000 2.0790 236 119 100
22.1250 15.0000 2.6820 172 195 100
-12.4375 7.5000 1.2000 183 80 226
16.3750 -2.5000 2.9520 190 173 116
16.8125 -25.5000 1.6490 239 154 67
21.8125 -9.5000 3.5990 195 162 160
16.3750 -11.5000 3.8400 171 190 173
19.6250 -14.0000 3.8450 183 178 183
13.0625 -5.0000 3.1640 181 196 142
-3.9375 13.0000 1.5310 236 66 165
21.3125 18.0000 2.1920 203 176 34
-4.9375 -12.0000 0.0330 166 142 73
-18.0625 -11.0000 0.0340 191 154 49
-6.4375 11.0000 1.3600 214 62 190
14.0000 0.5000 2.9690 183 190 136
-6.7500 -15.5000 0.0450 167 136 54
-14.4375 -8.0000 0.0190 182 127 86
16.1875 -22.5000 2.5740 176 224 93
-13.8125 22.0000 7.2780 80 128 215
18.8125 1.5000 2.8520 198 181 111
-18.3125 21.5000 7.3120 68 131 222
13.1875 -8.0000 4.5720 113 147 171
-9.5625 15.5000 7.3380 65 123 220
-23.0625 5.0000 1.1200 188 131 193
11.0625 -18.0000 1.1300 194 73 181
17.3750 -20.0000 3.5260 164 219 172
11.7500 -18.0000 1.1310 197 71 177
-8.6250 -3.5000 0.0380 169 153 99
10.8125 -24.5000 1.0750 182 83 214
22.3125 -12.0000 3.8120 183 160 163
0.0625 -2.5000 0.0310 154 86 113
18.5000 -25.0000 1.0550 196 120 160
3.3125 -6.0000 1.0590 175 108 209
21.1250 19.5000 1.4050 228 78 109
15.7500 -22.5000 2.5560 163 222 100
-21.5000 -7.0000 0.0320 185 138 67
20.8125 14.0000 3.6340 123 181 200
21.8125 -19.5000 4.2880 144 184 190
22.3125 -9.0000 3.5950 196 159 155
15.2500 -8.0000 3.6020 177 181 151
-8.4375 7.5000 1.2510 201 69 236
16.7500 -28.0000 0.0530 172 86 147
16.0000 -21.0000 2.7310 177 218 111
8.0625 -4.5000 1.1710 199 52 163
19.5625 17.5000 2.7920 165 222 143
-11.3125 13.5000 2.1300 190 215 102
-24.6250 17.5000 7.3150 57 141 216
-7.5625 3.5000 1.0870 181 73 248
-3.1250 20.5000 4.4600 119 149 248
-13.2500 3.5000 1.0700 179 122 200
-8.3125 10.5000 1.4600 215 78 171
21.0625 4.5000 2.9380 183 197 146
18.7500 -15.5000 4.1540 141 197 184
10.3750 12.5000 2.2440 219 158 78
16.4375 -22.0000 2.6410 174 229 102
-23.8125 -15.0000 0.0330 177 141 42
21.5625 16.0000 2.7860 169 219 132
-19.0625 -16.0000 0.0330 188 135 46
14.1250 5.0000 2.5570 225 169 95
20.9375 13.0000 3.6530 121 178 198
-2.0000 -8.5000 0.0410 145 139 78
6.0625 20.5000 2.1630 223 137 95
9.2500 -20.0000 1.0920 173 109 168
5.9375 -8.0000 1.0950 175 64 170
-10.2500 -12.0000 0.0300 169 148 56
-14.0625 -14.5000 0.0410 199 154 59
-9.9375 4.0000 1.0880 173 96 213
-9.9375 18.5000 7.6770 55 134 217
5.6875 11.0000 2.1780 186 181 83
-12.0000 -18.0000 0.0420 179 149 36
-3.8750 -27.0000 0.0400 169 128 61
-6.6875 -6.0000 0.0430 178 148 81
-21.9375 -22.5000 0.0370 196 131 47
14.1250 2.5000 2.6690 213 169 87
-11.1250 -20.5000 0.0330 170 139 49
3.8750 2.5000 1.1090 185 31 216
-3.7500 15.0000 1.5920 236 61 156
7.0625 -22.5000 0.0400 184 71 124
23.2500 -4.0000 3.5080 185 146 147
-16.6250 3.0000 1.0000 153 208 181
11.8750 -3.5000 3.2940 131 189 179
2.3125 3.0000 1.1250 185 34 228
-8.3750 18.0000 7.3000 58 140 227
5.6250 12.0000 2.2550 186 175 87
-12.6250 0.5000 0.0350 155 87 123
19.0000 -2.5000 3.0840 195 175 127
11.8750 6.5000 2.6700 190 183 131
3.7500 11.0000 1.7930 231 87 86
-6.1875 -6.0000 0.0410 177 147 79
22.7500 16.0000 1.3490 212 56 85
15.4375 -3.0000 3.0140 190 176 114
-1.6250 -0.5000 0.0340 144 108 123
-9.0625 21.5000 7.3620 73 139 212
14.9375 -13.5000 4.7830 95 127 148
4.1875 -9.0000 1.0610 169 124 184
-12.7500 9.5000 2.1760 172 216 115
21.9375 2.0000 3.1230 181 168 132
1.5000 12.0000 1.7150 240 68 120
-2.9375 6.0000 1.2090 181 68 221
18.3750 -18.5000 5.4710 101 121 169
17.5625 6.5000 2.5650 216 162 105
-3.8750 -18.0000 0.0320 170 132 94
7.7500 12.0000 3.9300 121 145 201
-8.3125 -11.5000 0.0410 161 127 51
11.5000 17.5000 2.1670 228 138 77
10.9375 4.0000 2.7990 178 194 145
-10.1875 -6.5000 0.0540 186 139 84
16.1875 2.0000 2.7820 201 173 114
-8.3125 -14.5000 0.0330 167 127 54
16.7500 3.5000 2.7270 199 176 114
2.9375 -6.0000 1.0700 170 142 184
7.6250 5.0000 2.3230 185 192 87
-14.5625 8.5000 1.2260 192 88 207
-7.2500 -3.5000 0.1710 174 167 100
-20.4375 -26.5000 0.0390 198 136 27
-13.8750 5.5000 1.1000 177 107 217
-19.0625 12.0000 4.1330 90 171 238
-2.4375 21.0000 7.6070 77 107 211
15.1875 -24.0000 1.1110 200 91 193
5.0625 20.0000 2.2330 217 152 100
-15.6250 -3.0000 0.0360 173 131 89
9.5000 13.0000 2.3980 197 164 106
-10.1875 10.5000 1.4060 215 82 165
7.0000 8.5000 2.1410 208 172 66
21.1875 14.0000 3.4540 127 191 194
18.1875 -10.0000 3.5740 190 209 162
-10.7500 21.5000 7.3160 68 132 216
13.2500 4.0000 2.5740 221 171 99
-7.8750 5.0000 1.1390 187 72 249
8.7500 -21.5000 1.0860 170 172 163
6.0000 3.0000 1.3220 202 66 155
18.0000 7.0000 2.5200 218 156 96
-23.6250 -8.5000 0.0560 190 135 88
7.6250 3.5000 2.0010 214 155 52
11.7500 17.5000 2.1570 229 136 76
21.7500 -1.0000 3.0200 199 180 132
-8.5000 -23.0000 0.0320 174 152 65
-8.3125 21.5000 7.3430 75 134 209
-2.7500 1.5000 1.0460 164 137 207
-1.1875 -22.0000 0.0360 167 126 81
-21.0625 18.0000 7.2750 46 135 226
-5.7500 -8.5000 0.0400 154 136 86
-16.7500 12.5000 2.5540 153 235 156
0.1250 -17.0000 0.0410 163 90 90
9.5000 21.0000 2.0710 242 121 96
4.0625 -27.0000 0.0400 164 119 66
17.8750 1.5000 2.8310 203 179 116
-25.0000 7.0000 1.1510 172 74 226
1.3750 17.0000 1.8760 249 80 113
18.3750 -14.0000 4.0410 147 177 171
3.3125 11.0000 1.7800 230 98 101
17.1250 -7.5000 3.3270 207 214 153
1.1250 -5.5000 0.0340 156 117 112
20.5000 10.0000 2.7060 178 207 113
12.1875 -26.0000 1.0970 184 83 202
9.9375 -19.0000 1.1260 193 72 183
10.4375 -2.0000 4.6960 96 120 193
9.6875 -15.0000 1.1390 198 73 186
-2.9375 11.0000 1.4860 231 51 172
-13.0625 19.5000 7.2650 61 135 226
17.6250 -26.0000 1.0540 197 115 170
-20.1875 16.5000 1.7720 229 137 110
11.1250 18.5000 2.1430 238 145 81
-26.5000 -4.5000 0.0350 165 120 104
-12.6250 17.5000 7.2570 68 112 212
-7.0000 16.5000 7.3240 58 125 218
-1.6250 5.0000 1.1870 184 52 206
21.1250 15.0000 1.9840 226 140 8
8.6250 20.5000 2.0640 239 120 91
-17.6250 -11.5000 0.0390 192 153 44
21.3750 12.0000 3.7070 125 166 186
-24.4375 13.5000 3.5430 104 232 235
17.5625 18.5000 2.3660 202 186 85
15.8125 -22.0000 2.5570 175 219 89
-19.0000 5.0000 1.1120 178 141 195
10.5625 -7.5000 2.4240 176 199 88
-11.3125 -20.5000 0.0440 170 141 50
-8.8750 -6.5000 0.0460 171 140 83
22.3750 13.0000 1.8450 249 99 5
-19.3750 13.5000 3.2960 118 232 235
-21.5625 -3.0000 0.5010 156 180 104
0.9375 12.0000 1.6980 228 87 129
6.0000 11.0000 2.2860 175 186 98
-5.0625 10.0000 1.3080 217 40 205
-9.3750 20.0000 7.3020 65 147 214
5.8750 -12.5000 1.0730 182 124 178
-12.3125 10.5000 1.3900 209 89 165
21.6875 -20.0000 4.3430 144 176 199
10.1250 14.5000 2.1690 228 153 77
-11.9375 -9.5000 0.0500 157 162 67
14.8750 17.5000 2.1460 230 133 71
13.6875 -4.5000 3.3320 168 198 164
-2.0000 14.5000 1.6720 242 75 157
20.1250 -24.0000 5.0590 87 208 198
11.1250 -14.5000 1.1850 209 70 149
14.7500 -5.0000 3.3810 171 193 156
12.1250 -25.0000 1.0910 183 81 200
6.4375 6.5000 2.1380 189 168 71
4.8125 -1.5000 1.1120 182 47 211
-26.0000 18.0000 7.5360 63 131 224
12.6875 -1.5000 3.1530 175 181 147
13.9375 -6.5000 3.4420 183 183 150
-10.2500 21.5000 7.3230 74 143 214
4.6875 -6.5000 1.0880 173 86 205
0.8125 2.5000 1.1360 182 82 200
-24.5625 -16.5000 0.0350 176 141 48
15.4375 -27.5000 1.0520 182 103 184
23.3750 5.5000 6.4450 109 96 109
-20.5000 7.0000 1.1500 200 59 231
1.1250 17.5000 1.8970 254 82 104
-19.9375 8.5000 1.1870 199 67 225
22.4375 -8.0000 3.4820 199 162 152
6.4375 -14.0000 1.0710 177 93 182
13.4375 -15.0000 3.8460 128 191 190
-3.1250 -9.0000 0.0420 171 141 76
21.6250 16.5000 2.7290 171 218 126
-2.2500 -23.0000 0.0380 166 132 77
19.0000 3.5000 2.7290 205 171 111
7.0000 10.5000 2.4780 176 185 112
-21.1250 8.5000 1.2210 187 59 215
17.5625 -27.0000 0.9130 186 116 165
-22.1250 -22.0000 0.0360 196 132 48
4.8125 13.0000 3.3680 118 198 231
-11.2500 4.5000 1.1170 173 97 223
-26.0000 12.5000 1.5980 203 102 126
-4.8125 -26.5000 0.0340 187 126 69
-2.2500 8.0000 1.3650 202 62 197
-23.5625 19.0000 7.2950 52 139 222
1.1250 -9.0000 0.0380 164 96 110
9.0625 -7.5000 2.0230 193 185 81
-21.3125 -19.5000 0.0390 204 155 41
14.3750 6.5000 2.5390 206 161 82
-21.0000 9.0000 1.2250 189 58 215
-21.9375 19.5000 7.2920 57 152 215
8.8125 16.5000 2.1940 219 159 89
2.1875 -14.5000 0.0320 181 115 84
20.9375 -24.5000 4.8520 93 210 206
6.0625 8.5000 2.0340 200 156 65
-16.8750 9.5000 1.4550 216 100 155
-19.3750 -25.0000 0.0380 197 129 29
-1.2500 17.0000 1.7630 249 73 143
7.1875 2.0000 1.8310 223 125 67
10.6250 16.5000 2.1630 227 146 80
16.8125 5.0000 2.6520 209 164 104
19.8750 21.0000 2.7900 153 218 141
4.0625 12.0000 1.9180 220 121 83
21.1250 -16.5000 4.1110 158 188 199
11.7500 22.0000 2.0950 224 112 90
2.1875 -19.5000 0.0440 156 103 87
-4.4375 9.0000 1.3360 214 46 194
0.7500 20.0000 1.9690 238 111 93
-24.6875 -20.5000 0.0250 191 130 69
22.1875 12.0000 3.6810 130 165 176
17.0000 -20.0000 4.0660 128 186 198
-10.8125 21.0000 7.3670 61 133 220
-23.1250 16.0000 4.4880 88 178 254
-3.7500 10.5000 1.4210 223 51 184
12.9375 11.5000 2.3280 220 153 94
19.7500 17.5000 2.4270 191 203 76
8.9375 9.5000 2.6030 174 181 126
-2.6250 21.0000 1.8260 234 123 139
-14.3125 15.0000 1.7140 226 114 122
-5.4375 -24.0000 0.0340 179 126 77
-24.3750 14.0000 3.3580 109 240 230
-23.1875 -4.5000 0.0360 164 110 78
9.1875 19.0000 2.0710 243 126 81
5.7500 -3.5000 1.1510 180 61 195
19.7500 -20.0000 4.4990 133 180 192
-3.0000 -13.0000 0.0460 179 130 99
-6.5000 9.5000 2.6090 146 222 189
-20.6250 -22.5000 0.0340 188 140 30
13.6250 -5.5000 3.3760 167 191 159
8.8750 18.0000 2.0590 234 129 78
-15.5000 22.0000 7.2880 82 134 209
-21.0000 16.0000 4.4830 81 168 254
-2.6250 5.5000 1.2020 183 64 216
1.3750 -10.5000 0.0360 174 114 95
9.6875 5.5000 2.5950 190 184 125
-0.8750 -7.5000 0.0390 144 131 80
-10.6250 -25.5000 0.0310 198 119 62
-9.8125 -21.5000 0.0390 179 139 52
-9.8125 -11.0000 0.0360 164 136 51
6.6875 7.5000 2.3560 186 183 95
-16.3125 -11.0000 0.0320 193 141 38
20.0000 -12.5000 3.7880 187 179 187
-10.5625 10.5000 1.6000 225 118 124
15.0000 17.5000 2.1720 227 136 74
10.1250 1.0000 2.4890 193 180 72
17.8125 13.5000 2.4750 195 178 94
-22.3125 17.5000 5.0150 91 147 247
11.3125 -26.5000 1.0790 176 88 194
5.0625 15.5000 2.0990 224 154 72
11.9375 6.0000 2.6880 189 172 123
-8.7500 -27.0000 0.0370 173 127 57
-14.1875 -17.0000 0.0340 192 152 49
21.0000 5.5000 2.8580 182 189 116
2.6875 1.5000 1.1300 189 78 210
-13.3125 -1.5000 0.0370 177 117 117
-17.1875 2.0000 0.0340 167 98 140
15.8750 11.0000 2.3950 212 151 70
-21.3125 3.0000 0.0350 157 76 142
19.8750 -11.0000 3.6820 188 174 174
-23.8750 4.5000 1.0930 187 130 199
18.7500 -19.0000 4.4260 126 181 202
-1.5000 4.0000 1.1090 180 48 210
-22.9375 -27.5000 0.0430 181 116 49
7.3125 -20.0000 1.0660 167 144 174
2.1875 19.0000 1.9900 247 115 80
-0.1875 -10.0000 0.0390 172 115 100
10.1250 -10.0000 2.6100 161 209 122
23.5000 -15.0000 4.0540 184 148 167
12.5625 -15.5000 2.7640 166 221 122
-18.3750 13.0000 3.4190 112 223 248
12.4375 2.5000 2.8520 180 179 130
8.3125 8.0000 2.5070 183 190 114
-25.5625 -5.0000 0.0350 145 116 100
-5.3750 -27.5000 0.0330 173 133 51
-23.0000 -25.0000 0.0400 187 111 54
1.1875 -18.5000 0.0340 151 106 94
-20.7500 10.5000 2.2060 169 226 92
20.0000 20.0000 2.6630 163 224 123
20.4375 -0.5000 2.9600 202 183 132
5.3125 22.0000 2.2240 207 130 112
13.5625 -17.0000 2.8640 179 206 120
-11.8750 -16.5000 0.0340 185 138 39
21.8125 -6.0000 3.3580 198 180 158
3.6875 21.5000 2.1810 212 138 110
8.8125 -1.0000 2.0010 200 177 64
4.3750 7.5000 1.5530 240 57 133
-21.6875 -23.5000 0.0400 178 134 49
-18.5625 7.5000 1.2200 193 87 203
-5.8750 10.5000 1.4030 219 49 189
-0.4375 3.0000 1.1220 181 98 197
20.8125 -5.0000 3.2670 209 192 142
-12.6250 4.5000 1.0600 176 117 205
14.7500 -25.5000 1.0670 195 78 209
-4.0000 -16.0000 0.0320 163 145 66
-18.8750 13.5000 2.9500 132 252 206
16.3750 -2.0000 2.9210 193 172 112
4.6875 9.5000 1.7500 239 81 82
-15.8750 17.0000 7.3000 62 130 218
-20.6250 -24.0000 0.0460 188 142 40
-24.3750 -2.0000 0.0310 176 94 110
-6.0000 2.0000 1.0430 174 130 198
-9.6250 5.0000 1.1570 173 96 213
6.6250 -21.0000 0.0600 172 71 130
19.2500 10.0000 2.6380 186 194 103
18.9375 -17.0000 4.2560 151 185 206
-11.4375 -6.0000 0.0330 177 122 90
-5.1875 12.5000 1.4910 233 61 173
6.5000 0.5000 1.2400 191 50 153
-11.0625 18.0000 7.2790 58 137 225
18.5625 13.5000 2.5020 192 175 97
17.0625 6.0000 2.5950 215 165 108
-9.2500 -11.0000 0.0340 166 133 49
7.8125 -4.5000 1.1460 197 49 167
-11.3750 -13.5000 0.0350 189 159 56
7.7500 -23.0000 1.0600 167 186 161
7.8125 -5.0000 1.1090 193 47 169
-0.5000 -23.5000 0.0340 169 140 76
1.6250 12.5000 1.7350 244 73 115
-9.3750 1.5000 0.0270 147 79 129
3.1250 -9.0000 0.5590 160 139 159
11.1875 -20.0000 1.1050 199 73 173
8.1875 20.5000 2.0360 244 115 90
-8.4375 -23.5000 0.0350 181 127 74
-13.1250 12.5000 1.6830 226 124 107
3.0625 -5.0000 1.0460 167 121 197
-13.1875 -0.5000 0.0370 171 113 118
14.1875 11.0000 2.3750 216 154 86
20.8750 16.5000 2.7630 170 224 138
-24.1250 -27.0000 0.0280 178 122 57
8.3125 -20.0000 1.0580 170 136 171
-6.3750 6.0000 1.1830 182 81 238
-13.9375 3.5000 1.0770 180 119 205
-7.8750 22.0000 7.3190 77 127 214
11.1875 7.5000 2.5980 194 187 126
7.1250 -1.0000 1.1820 197 41 166
16.0000 -18.0000 4.5770 104 152 186
-1.3750 -3.0000 0.0370 162 125 76
-3.6250 -12.0000 0.0430 166 150 67
19.3750 -22.0000 5.6880 86 172 173
17.9375 -24.0000 0.9840 193 113 174
12.2500 -23.0000 1.1220 196 67 211
-13.3125 19.0000 7.2290 60 138 229
3.2500 15.0000 1.9310 232 102 94
1.3125 -3.5000 0.4680 144 128 160
16.0625 -19.0000 4.4790 112 159 205
-18.3125 5.0000 1.1510 175 157 206
-5.6875 -26.5000 0.0390 176 130 58
21.1875 5.0000 2.9440 182 194 144
-12.6875 4.0000 1.0940 172 130 209
4.4375 -8.0000 1.0740 173 91 194
8.5625 9.0000 2.3490 194 163 84
18.1875 -25.5000 1.0530 198 117 166
-6.0625 3.5000 1.0830 177 77 227
9.2500 18.5000 2.0700 233 126 86
20.0000 -11.0000 3.7200 185 174 175
19.0000 -3.0000 3.0770 201 180 123
9.8125 -19.5000 1.1070 191 73 181
-19.5625 5.5000 1.1680 188 105 206
2.8125 -3.5000 1.0630 163 110 197
-14.2500 -16.0000 0.0360 190 156 54
9.0625 10.5000 2.5020 180 179 110
22.1250 -24.0000 4.6550 122 182 192
10.3750 11.0000 2.4050 195 165 91
-2.3750 -8.5000 0.0390 158 129 90
-1.0000 -25.0000 0.0310 178 123 66
-10.2500 15.5000 7.2090 54 132 226
9.3750 -11.0000 1.1210 191 54 155
-15.1875 19.5000 7.2530 67 136 228
-17.7500 14.0000 4.4990 90 170 254
15.7500 -25.0000 1.0840 194 113 183
-4.6250 -26.5000 0.0330 187 124 68
15.6250 -5.0000 3.3590 192 177 145
-26.0000 -7.0000 0.0370 154 118 91
3.2500 15.5000 1.9720 228 116 94
-15.0625 -21.5000 0.0350 174 173 52
9.7500 19.0000 2.1070 240 135 89
1.6875 1.0000 1.0810 182 86 213
7.8750 -5.0000 1.1360 195 49 166
13.0625 -4.0000 3.2450 172 195 156
-12.6250 -19.5000 0.0350 188 143 45
3.0625 2.0000 1.1260 198 34 210
18.3125 8.5000 2.4880 205 152 78
-18.5625 10.0000 2.2850 158 216 119
12.1250 -12.0000 2.5750 170 207 106
1.4375 12.0000 1.7430 239 75 117
-8.3125 13.5000 3.3780 121 221 254
13.0625 9.5000 2.3790 216 153 87
15.1250 20.0000 2.1530 228 140 78
-6.1250 7.5000 1.2320 190 62 216
-1.0625 10.0000 1.5210 239 65 170
-1.8750 18.5000 1.8590 251 108 111
18.1875 -21.5000 3.0840 158 244 148
-6.5000 -23.0000 0.0380 168 145 67
-6.3125 15.5000 5.3120 84 130 246
22.5625 -23.5000 4.6210 126 176 189
-17.3125 7.5000 1.1810 183 89 230
13.5625 -26.0000 1.1120 196 73 210
-18.3750 13.5000 1.6730 219 120 111
4.0000 13.0000 1.9250 228 121 76
6.2500 3.0000 1.2870 198 63 161
7.6875 13.0000 3.4500 132 187 210
5.3125 1.5000 1.1580 190 45 196
-7.8125 22.0000 7.3190 77 127 214
-13.6875 -16.5000 0.0360 193 150 48
14.8125 22.0000 2.2460 207 143 91
13.8125 -4.5000 3.3310 169 199 164
21.5000 -22.5000 4.5360 121 186 198
-2.6250 -5.0000 0.0360 168 132 78
-18.8125 4.0000 0.1640 160 93 130
4.6875 -2.0000 1.1560 187 48 203
11.3125 16.5000 2.1840 227 147 80
-6.8750 -26.5000 0.0380 177 139 61
-10.8750 -19.5000 0.0350 171 148 47
-7.0000 17.0000 7.3110 60 124 219
16.1250 20.5000 2.3200 205 169 88
-15.5000 20.0000 7.2840 73 137 209
-1.9375 -6.0000 0.0430 155 125 90
13.7500 2.5000 2.7310 205 173 101
-19.2500 11.0000 3.5660 99 227 241
23.1250 -4.5000 3.3600 191 174 146
4.9375 -18.5000 0.0370 156 127 94
18.5625 -27.5000 0.3830 175 135 161
-26.1250 -16.5000 0.0380 170 147 70
-8.4375 15.0000 7.5410 60 123 212
-5.8125 18.5000 7.3270 62 127 227
-0.8125 -14.5000 0.0330 164 124 94
17.7500 -0.5000 2.9750 194 173 122
12.2500 6.0000 2.6600 191 168 116
18.9375 -4.5000 3.2150 209 184 145
-18.8750 4.0000 0.2040 161 95 133
-11.4375 -24.0000 0.0440 186 126 68
-14.2500 15.5000 1.7050 230 111 122
-16.6250 -5.0000 0.0520 184 124 88
-9.1875 -18.0000 0.0330 183 140 40
-3.2500 -5.0000 0.0280 156 121 88
-4.6250 -22.0000 0.0440 169 130 69
-2.0000 3.5000 2.9490 122 229 237
-2.8750 11.5000 1.4900 221 51 189
23.1250 -25.5000 4.7720 109 203 168
17.0000 -2.0000 3.0440 185 184 136
8.0625 -22.5000 1.0540 168 182 165
20.3125 10.0000 2.6670 182 205 106
-23.8750 2.5000 0.0310 161 98 125
-13.1875 11.0000 1.3560 208 93 177
-12.8750 -25.5000 0.0360 190 125 53
-7.0000 20.0000 7.3160 59 134 222
-8.9375 14.5000 3.1040 129 235 237
-25.4375 -17.5000 0.0290 178 134 65
4.8750 18.5000 2.1350 236 145 81
17.6875 21.0000 2.1960 203 157 58
18.0625 -2.0000 3.0030 189 181 125
3.5625 -7.0000 1.0400 167 96 203
-3.6875 -11.5000 0.0380 167 148 66
-25.0000 -24.5000 0.0340 176 131 60
19.6250 -20.0000 4.4540 135 180 194
-22.6875 -4.5000 0.0260 164 107 74
0.3125 22.0000 2.0300 215 133 115
10.3750 -11.0000 2.7870 153 215 150
-20.2500 -7.5000 0.0320 190 130 61
-6.0625 -22.5000 0.0260 167 137 68
-26.0625 -21.5000 0.0410 187 137 68
13.1250 -4.0000 5.7800 109 93 147
8.6875 -18.0000 1.0770 167 132 176
-0.0625 3.0000 1.1250 180 98 194
-16.0000 17.0000 7.2590 57 118 219
7.9375 22.0000 2.0090 234 97 108
15.8750 1.0000 2.8470 206 168 108
-21.4375 -22.0000 0.0340 186 146 34
21.1875 13.0000 3.6230 122 180 195
-24.5000 18.0000 7.3270 56 138 218
-13.7500 3.5000 1.0880 181 120 203
-17.3750 -8.0000 0.0380 167 127 61
-24.1250 -12.5000 0.0370 192 140 59
-20.4375 20.0000 7.3000 48 127 236
-17.8750 20.0000 7.3060 56 124 238
11.9375 0.5000 2.9930 161 197 144
-3.6875 -27.5000 0.0380 166 127 58
-11.9375 21.5000 7.2880 70 142 219
-15.5000 16.0000 4.4760 91 169 254
-13.2500 -19.0000 0.0360 189 145 51
13.9375 -18.5000 2.7740 159 219 153
-4.2500 6.5000 1.2380 191 60 224
8.1250 -24.0000 0.9580 179 181 149
-5.9375 8.0000 1.3200 198 70 198
-10.5625 9.0000 1.3370 216 62 186
-7.9375 11.0000 1.5320 222 90 154
-16.9375 7.0000 1.1690 183 88 227
19.0625 -20.0000 5.4180 90 136 179
-16.5000 3.5000 1.0950 177 163 192
-2.5625 21.0000 2.2480 192 184 131
-17.1875 -8.5000 0.0290 167 125 57
12.9375 -28.0000 1.0690 179 86 185
-8.6875 -20.0000 0.0300 187 153 43
-7.8750 21.5000 7.3160 71 128 217
18.3750 -6.5000 3.3240 202 178 146
15.3750 16.5000 2.1560 229 132 71
17.8750 -14.5000 4.0400 152 178 161
-10.1875 18.0000 7.3040 59 137 232
-5.5625 5.0000 1.1450 186 76 236
-16.9375 13.0000 1.8830 214 165 80
-25.4375 20.0000 7.5700 62 123 220
19.8125 10.5000 2.6260 187 197 101
13.1250 10.0000 2.3870 215 156 89
-16.0625 -12.0000 0.0300 197 150 32
-20.5625 -3.0000 0.0380 154 101 100
-7.1250 -22.5000 0.0340 176 142 60
13.8750 -6.5000 3.4480 181 183 153
16.7500 1.5000 2.8400 200 182 123
-22.6875 -11.5000 0.0360 187 137 58
-19.5625 12.5000 3.9870 89 197 241
-9.3125 6.5000 1.1810 188 63 238
-11.4375 21.0000 7.3030 63 133 222
23.5000 21.0000 1.4220 197 87 103
17.6250 -15.5000 4.1150 139 186 187
-2.1250 1.5000 1.0750 170 135 205
15.4375 -27.5000 1.0390 181 103 185
-8.5000 6.5000 1.1820 196 65 246
-19.2500 0.0000 0.0370 164 119 101
18.6875 20.0000 2.7040 157 220 145
6.0625 15.0000 2.1390 203 152 74
-14.2500 20.5000 7.2600 65 133 227
-26.0000 -7.5000 0.0310 177 123 110
-24.5625 17.5000 7.5480 53 137 218
14.6250 -26.0000 1.0690 194 77 205
5.2500 3.0000 1.1700 195 48 187
8.4375 10.0000 3.1290 143 186 191
-6.8125 -0.5000 0.6820 155 191 166
-3.2500 1.5000 1.0410 176 162 178
-11.8125 10.0000 1.4090 213 81 167
-17.5000 21.0000 7.2960 63 119 231
-9.4375 3.5000 1.0830 168 83 228
15.4375 21.0000 2.3110 205 162 92
-22.6875 -8.5000 0.0440 183 154 65
-14.8125 -5.0000 0.0480 161 131 94
23.4375 7.0000 3.6050 139 144 158
-19.5000 -9.5000 0.0390 175 126 61
9.7500 -25.0000 1.0670 175 93 212
-16.4375 16.0000 1.7430 235 133 121
4.5000 5.0000 1.2720 205 46 178
11.5625 -3.5000 4.1520 100 141 196
-18.4375 16.5000 7.5730 55 119 219
7.3125 -8.5000 1.1160 189 49 167
-4.5000 -13.0000 0.0320 171 137 69
-8.2500 18.0000 7.3120 61 138 223
17.6250 11.0000 2.3390 214 147 57
15.3750 -28.0000 0.6730 171 92 186
23.2500 19.0000 1.3770 212 66 95
-4.5625 3.0000 1.0730 183 70 226
22.0625 14.0000 6.4790 83 103 137
-10.7500 -6.5000 0.0410 185 139 87
8.6875 19.5000 2.0360 249 120 81
10.4375 4.0000 2.7860 176 194 144
23.1250 -5.0000 15.9600 131 37 57
-0.1875 22.0000 2.0720 210 143 118
-23.6250 -0.5000 0.0340 167 85 117
7.1875 12.5000 4.2880 110 132 205
10.0625 -12.0000 1.1010 195 72 172
15.1875 16.0000 2.1840 229 138 72
2.0000 15.0000 1.8860 244 88 109
-20.9375 17.0000 7.5170 51 122 225
-8.8750 15.0000 7.5790 63 122 213
11.8750 -18.0000 1.1390 198 71 177
22.1875 -13.5000 3.9060 186 167 167
21.6250 3.5000 3.0530 176 175 145
7.2500 -15.0000 1.0730 175 104 197
-11.9375 -24.0000 0.0330 191 127 58
-24.4375 -25.0000 0.0360 182 124 60
-8.5000 2.5000 1.0680 167 131 209
14.0625 -7.0000 3.4610 181 188 155
1.3125 20.0000 1.9470 244 102 87
14.5625 15.0000 2.2320 225 142 80
6.0625 -18.5000 0.1600 159 113 132
-24.2500 7.0000 1.1590 177 74 226
-24.3750 8.5000 1.2340 191 71 215
-20.6875 12.5000 3.8490 93 205 247
-9.1875 20.0000 7.3570 65 146 213
-18.9375 -26.5000 0.0640 178 133 36
21.3750 -25.0000 4.9200 91 214 198
-21.5000 -13.5000 0.0350 188 149 64
17.5000 13.5000 2.4200 201 173 82
9.0000 -7.0000 2.2880 165 209 103
-10.5625 10.0000 1.4490 221 85 156
5.6250 6.5000 2.0280 198 169 68
-6.8750 19.5000 7.3040 58 135 221
4.5625 -6.0000 1.0630 169 87 206
-21.9375 7.0000 1.1700 174 80 217
-11.1250 11.0000 1.5180 220 99 145
7.1875 5.0000 2.3880 178 194 100
-3.6250 19.5000 1.6440 252 92 136
6.5625 9.0000 2.1210 207 166 69
8.6875 -23.5000 1.0580 187 155 173
2.0000 17.0000 1.9110 244 90 106
3.6250 16.0000 1.9890 239 123 87
0.0000 11.0000 1.6230 232 81 145
21.6875 -11.5000 3.7220 191 170 164
-16.0625 5.5000 1.1520 179 104 208
-22.8750 15.0000 4.4440 86 165 251
-21.6250 15.5000 5.2220 68 151 254
-23.5625 -1.5000 0.0360 174 88 112
-20.6250 12.0000 4.3020 79 180 237
-23.2500 -21.5000 0.0400 195 140 55
-5.9375 -5.0000 0.0390 169 121 90
8.6250 4.5000 2.5010 176 200 109
-16.1250 -25.0000 0.0340 179 142 46
20.8750 19.0000 2.3680 188 207 56
-22.8750 21.5000 7.2870 67 150 213
17.9375 -4.0000 3.1930 195 189 138
-11.9375 10.5000 1.4130 210 83 169
9.8750 0.0000 2.9710 150 196 163
14.9375 2.5000 2.6630 218 170 83
21.6875 -2.0000 3.1190 191 183 145
4.9375 21.0000 2.2560 207 141 113
4.5625 11.5000 2.0470 199 159 81
9.8125 -20.5000 1.0940 188 78 183
14.6875 -10.5000 5.4350 106 126 175
-15.9375 -24.5000 0.0390 176 144 46
4.9375 -25.5000 0.0410 175 116 90
-11.0625 -18.0000 0.0310 167 152 46
15.1875 -14.5000 3.5660 158 192 159
-6.3125 -5.5000 0.0610 171 130 89
-16.7500 11.5000 1.8320 205 157 91
20.0000 -8.0000 3.4570 186 189 174
-7.1250 -11.0000 0.0400 180 125 50
-3.4375 4.5000 1.1630 191 78 221
21.2500 -20.0000 4.3030 142 185 193
-9.3750 15.5000 1.6700 231 111 128
9.6250 4.5000 2.5160 189 175 97
-17.0000 7.0000 1.1870 185 89 225
-25.7500 17.0000 2.1110 191 202 112
15.1250 -15.5000 3.2220 166 199 130
-12.1875 3.0000 1.0600 177 144 210
-25.1250 -21.0000 0.0280 190 133 68
-21.5625 -22.5000 0.0350 186 145 35
-20.9375 -10.5000 0.0390 177 136 66
-8.8750 8.5000 1.3150 198 75 211
-8.6875 6.0000 1.1100 188 65 244
0.5000 -26.5000 0.0370 170 129 89
1.7500 4.5000 1.1750 184 47 223
2.3125 -2.5000 1.0830 164 107 187
-2.1250 -13.0000 0.0410 152 112 111
5.7500 4.0000 1.4120 211 69 135
1.0625 19.0000 1.9010 254 88 86
-7.9375 1.0000 0.0340 157 106 131
-6.0000 12.5000 1.7310 219 119 118
22.4375 17.5000 1.3510 221 62 94
17.5625 17.0000 2.4210 196 183 100
1.0000 11.5000 1.6830 227 84 132
-16.0000 9.5000 1.2470 191 92 189
-9.9375 13.0000 1.6720 229 131 124
5.3125 -12.0000 1.0660 179 111 193
-11.5625 15.0000 4.5000 99 174 254
17.1250 11.0000 2.3500 213 148 61
13.5625 -17.5000 2.7980 157 217 146
22.9375 -27.5000 4.8580 115 199 144
-9.1875 3.5000 1.0990 169 83 229
-11.6250 19.0000 7.2990 56 137 230
9.4375 5.5000 2.5890 184 187 115
7.0000 10.5000 2.4440 178 184 106
-12.0000 -26.5000 0.0340 175 124 57
11.7500 -7.0000 2.9480 147 211 156
19.0000 17.5000 2.3660 196 191 72
-5.0625 13.5000 1.6320 235 87 145
-0.7500 10.0000 1.5260 238 67 168
12.7500 -12.5000 2.7770 165 227 130
14.7500 -6.0000 3.4370 193 175 146
-22.9375 17.0000 4.4640 93 172 254
10.8125 -11.0000 3.0690 139 220 186
-25.2500 -1.5000 0.0330 170 94 119
7.3750 2.5000 1.9120 211 144 66
-7.1250 10.5000 1.4540 216 79 170
-15.9375 -0.5000 0.0310 171 131 113
15.8125 13.5000 2.2540 224 158 71
-17.6250 -9.0000 0.0320 178 144 67
1.0625 -0.5000 1.0500 155 106 205
-18.1250 -13.5000 0.0480 182 156 47
7.5625 12.0000 2.6420 175 194 135
15.0000 -22.5000 2.5420 167 220 118
-0.4375 -8.0000 0.0380 144 130 75
8.2500 17.5000 2.1480 225 142 85
18.5625 -19.0000 5.4940 101 120 167
-8.3750 12.0000 1.6940 224 139 124
-3.1250 10.5000 1.4800 220 61 171
16.0000 -11.5000 3.8290 170 190 170
0.0000 6.5000 1.3340 195 51 179
-25.8750 -26.5000 0.0340 172 133 61
-6.0000 -21.0000 0.0340 180 146 49
-10.8750 -9.5000 0.0350 161 152 62
18.2500 18.5000 2.3570 202 183 80
10.3750 -2.5000 4.9160 94 118 186
8.6250 -19.5000 1.0930 173 133 173
-9.1250 -23.5000 0.0410 179 131 77
12.8750 6.5000 2.4530 208 147 83
-22.1250 15.0000 5.2060 73 146 238
17.0000 2.0000 2.7800 204 177 112
-25.3125 -5.5000 0.0590 148 116 98
-12.8750 0.0000 0.0350 173 111 109
6.1250 17.0000 2.1870 220 160 82
15.5625 -23.5000 1.0790 195 90 194
-17.1875 11.0000 1.9120 204 173 83
11.3125 -13.0000 2.8520 146 226 170
4.5000 -12.5000 1.0610 180 131 180
1.0000 14.5000 1.7880 247 82 127
7.6875 8.0000 2.4840 181 191 113
16.2500 4.5000 2.6990 203 166 111
17.5000 -17.5000 3.8350 154 197 174
-1.0625 -16.0000 0.0350 177 108 93
7.3125 -10.5000 1.1060 193 55 182
-7.5625 -7.5000 0.0300 180 122 73
10.8750 -11.5000 3.0410 140 217 181
21.5000 1.0000 3.1260 183 175 137
-7.9375 13.0000 3.0540 130 238 231
15.8750 15.5000 2.2490 211 145 77
6.3750 -23.0000 0.0360 165 80 122
14.1250 -8.5000 3.3050 193 193 135
6.8750 -13.5000 1.0860 181 69 200
-17.1875 8.0000 1.1890 183 91 229
18.3750 4.0000 2.6870 203 171 107
13.7500 -23.5000 1.1140 204 77 202
11.6250 -11.0000 2.8900 149 219 156
19.6875 8.0000 2.7220 183 188 104
-13.0000 -5.0000 0.0350 162 117 87
20.5625 20.0000 2.7650 160 231 142
5.9375 16.0000 2.1850 211 161 78
-2.6250 15.5000 1.5780 247 39 166
0.5625 -24.0000 0.0410 169 144 86
-9.6250 9.5000 1.3810 206 77 183
10.3750 18.5000 2.1070 242 138 82
-20.6875 -19.0000 0.0350 204 149 41
12.1250 -13.0000 3.0430 134 220 180
-3.2500 3.5000 1.1060 180 68 216
-23.5625 11.5000 2.2170 160 210 104
20.6250 7.5000 2.8230 176 201 120
-7.8125 -8.5000 0.0410 180 124 69
9.4375 -20.0000 1.1020 175 106 168
-26.0625 -26.0000 0.0390 172 134 63
-18.1875 10.0000 2.2770 170 219 119
-18.0000 -5.0000 0.0420 182 132 90
12.8750 16.0000 2.1770 227 135 84
-10.8125 15.5000 2.6390 154 242 188
10.5000 -27.0000 1.0630 167 96 190
-19.2500 4.0000 1.0810 177 142 195
19.0000 -8.5000 3.4920 192 185 165
-0.4375 -18.0000 0.0330 168 125 93
-16.3750 -23.5000 0.0370 183 160 43
10.1250 5.5000 2.7160 183 188 139
-24.0000 -19.0000 0.0370 203 135 70
1.5625 1.0000 1.0910 183 86 214
23.5000 -1.0000 3.3360 181 155 146
-25.4375 15.5000 2.6090 144 235 181
2.6250 10.0000 1.6880 229 85 118
14.1250 -23.0000 1.1140 201 81 187
7.1250 12.0000 4.1350 118 138 211
19.8750 -1.0000 3.0170 196 188 145
-18.1250 7.0000 1.1640 180 89 233
-16.3125 4.5000 1.0830 177 156 202
-13.8750 4.5000 1.1080 182 112 211
0.4375 -14.0000 0.0360 159 93 91
23.1875 -21.5000 4.4850 144 167 186
-3.8125 -8.0000 0.0450 171 137 97
-20.7500 9.5000 1.2420 193 66 199
9.8750 -21.0000 1.1180 189 80 182
-12.1875 5.5000 1.1200 174 79 231
5.2500 -26.0000 0.0360 175 113 86
8.6250 6.5000 2.6830 174 194 133
-0.2500 -3.5000 0.0350 170 104 85
3.0000 -22.0000 0.0350 170 116 87
18.7500 7.5000 2.4760 207 178 74
-4.0625 15.5000 1.6970 237 102 108
-1.9375 5.0000 1.1450 179 51 213
1.4375 -3.5000 1.0490 161 139 196
-26.0625 21.5000 7.2990 86 122 211
4.5000 20.0000 2.1660 226 145 93
-17.4375 15.0000 5.2270 75 143 254
22.0625 10.5000 3.4240 135 175 175
-4.6875 1.0000 0.0830 171 88 133
-0.8750 -5.0000 0.0380 171 127 71
7.5000 6.5000 2.4750 185 192 105
12.0625 5.5000 2.7260 186 175 131
0.5625 -13.0000 0.0370 168 129 93
-21.7500 2.5000 0.0370 175 118 134
3.1875 -5.0000 1.0830 170 118 196
-8.5625 1.0000 0.0370 155 112 128
-19.3750 -15.0000 0.0370 185 156 49
-16.0000 -7.5000 0.0440 164 120 63
19.1875 16.5000 2.3420 196 191 67
-17.8125 12.0000 2.8360 134 239 192
-12.4375 7.5000 1.2090 184 80 225
7.8125 15.5000 2.2380 215 168 89
-14.0000 8.0000 1.2200 188 77 231
-3.6250 4.0000 1.1230 189 74 224
-13.4375 19.5000 7.3450 59 135 229
11.6250 -1.5000 4.6710 97 119 185
-0.3750 10.5000 1.5550 232 74 164
-15.1875 2.5000 0.6270 162 158 168
10.8125 -15.0000 1.1230 198 62 165
21.7500 -5.0000 3.2720 209 181 132
21.3750 17.0000 1.4100 234 60 89
10.3125 -19.0000 1.1180 196 72 183
2.3125 -4.5000 1.0500 168 134 193
17.1250 6.5000 2.5550 217 163 104
-6.8125 0.5000 0.7670 152 131 192
-17.9375 -5.5000 0.0540 166 129 85
-21.0625 20.5000 7.2680 53 124 232
-0.5000 -19.5000 0.0330 171 116 93
-8.3750 -24.0000 0.0370 181 134 74
19.5000 1.0000 2.8900 202 176 112
21.6875 -24.5000 4.8550 96 208 200
14.2500 11.5000 2.3950 210 150 94
13.6250 4.5000 2.5390 225 169 92
-16.6250 -15.5000 0.0430 176 152 52
-3.8125 13.5000 1.5760 234 74 156
-5.0625 6.0000 1.2140 192 75 233
13.2500 17.5000 2.1860 233 148 83
-18.5625 2.5000 0.0360 176 95 102
-12.8750 2.0000 0.5190 164 160 142
-5.7500 -25.5000 0.0380 184 131 74
1.8750 -5.5000 1.0710 167 142 186
-20.3750 -16.0000 0.0320 187 142 53
21.6875 -7.0000 3.4450 187 188 165
16.4375 -9.5000 3.7230 177 202 181
14.6250 -14.5000 4.3830 106 145 156
19.1250 5.0000 2.6470 202 173 97
-23.1250 -10.0000 0.0410 187 135 72
12.1250 -26.5000 1.0770 182 84 199
4.6875 -17.0000 0.0390 170 105 104
-17.6250 15.0000 5.2370 75 142 254
3.3125 -12.0000 0.0340 156 97 128
19.1250 -11.0000 3.5920 194 173 169
-11.4375 15.5000 7.5630 50 128 228
-24.5625 -15.5000 0.0440 175 146 47
-2.6250 -27.0000 0.0430 166 123 55
6.1250 17.0000 2.2000 218 162 83
-25.6250 13.0000 3.7540 105 204 225
18.5000 -3.0000 3.1200 194 168 120
-18.6250 20.0000 7.3380 61 138 225
-25.8125 -2.0000 0.0390 165 110 115
0.6875 12.5000 1.6810 242 51 132
-12.5000 14.0000 1.7980 227 154 117
-13.2500 -22.0000 0.0370 181 160 40
-24.0000 -9.0000 0.0470 187 121 95
-24.1875 15.0000 1.7280 227 118 88
11.6250 -19.0000 1.1000 198 71 177
-24.4375 4.0000 0.5710 166 125 209
-17.5625 -10.5000 0.0430 190 154 52
2.1875 17.0000 1.9380 239 97 103
-15.8125 3.5000 1.0720 174 143 192
-18.6250 -15.5000 0.0350 188 159 46
18.0625 -24.5000 1.0960 200 117 166
-5.3750 17.0000 7.3650 66 115 211
-6.1250 -1.5000 0.0430 172 129 109
-4.8750 0.5000 0.0320 169 89 125
15.0000 -23.0000 1.1220 199 85 179
-23.0625 16.0000 4.4690 88 177 254
2.3750 1.5000 1.1220 189 79 212
-2.1250 -23.5000 0.0440 172 124 71
23.3750 -20.0000 4.4080 148 169 186
-17.1875 -14.5000 0.0550 186 151 39
-24.0000 -25.0000 0.0330 184 120 59
5.0000 -7.0000 1.0950 176 84 201
12.2500 -17.0000 1.1060 193 53 147
-2.6250 -5.5000 0.0260 155 125 97
-22.4375 21.5000 7.2950 64 149 214
-9.3750 18.5000 7.3080 60 129 231
0.0625 -8.5000 0.0380 150 123 75
3.4375 20.5000 2.1520 221 142 101
-3.2500 20.0000 1.6670 249 98 145
14.8125 16.0000 2.2090 228 144 75
20.4375 -5.0000 3.3060 206 195 149
20.3125 15.5000 3.2960 128 215 197
13.1875 -26.5000 1.0940 181 80 192
-23.0000 17.5000 7.3270 49 128 228
-19.1875 -20.5000 0.0400 194 150 22
9.1250 -10.0000 1.1180 193 61 168
13.8125 -7.5000 3.2490 194 194 138
-0.5000 5.0000 1.1750 182 53 202
6.8750 -3.0000 1.1560 193 52 178
5.2500 -24.0000 0.0390 165 115 97
-4.0625 12.0000 1.5180 232 50 170
-26.5000 -10.0000 0.0400 176 132 89
-17.3750 -11.0000 0.0390 193 151 46
-1.8750 -22.5000 0.0440 167 130 80
1.3125 21.0000 2.0120 226 116 99
-7.7500 -1.0000 0.0370 154 120 116
22.3750 6.5000 3.6790 133 141 171
16.8125 -26.0000 1.4590 234 139 109
-14.4375 21.5000 7.3400 76 128 219
-10.5000 13.0000 3.2260 115 245 240
-5.8125 18.0000 7.3060 66 125 220
7.3750 -20.0000 1.0610 167 144 174
12.5000 -9.5000 3.6970 129 182 181
-25.1875 -27.5000 0.0340 170 132 57
20.5625 -21.5000 4.6720 114 181 203
-19.0000 12.0000 4.0480 92 176 239
9.3750 -8.0000 2.2590 168 184 84
-0.7500 6.0000 1.2330 191 54 206
-1.0625 7.5000 1.3730 206 61 188
-15.1875 4.5000 1.1270 178 110 213
-11.1875 12.0000 2.1750 182 218 94
-6.3750 1.0000 0.7520 159 159 205
-7.8125 12.5000 1.6150 237 107 141
14.6250 -15.5000 4.0590 107 169 201
8.5000 19.5000 2.0480 248 123 82
23.3125 -7.5000 3.4800 204 190 165
-9.5625 -3.5000 0.0370 173 139 105
-8.5625 15.0000 7.3690 63 127 216
-2.2500 -6.0000 0.0360 155 125 92
19.0625 -16.0000 4.1450 153 187 198
-14.6250 16.5000 7.3420 53 122 225
-20.3750 -14.5000 0.0310 190 144 58
0.3125 -12.0000 0.0380 169 125 101
-19.3125 -14.5000 0.0350 183 158 50
-19.5625 6.5000 1.1310 198 62 225
-11.0000 5.5000 1.1410 170 95 225
-6.3125 -23.5000 0.0360 176 142 60
-24.3750 -9.0000 0.0450 185 123 97
-7.3125 11.0000 1.5370 223 92 153
-11.5000 -4.0000 0.0370 169 125 99
2.5625 -0.5000 1.0890 173 87 201
-17.1875 -18.5000 0.0320 190 152 43
-10.3750 -6.5000 0.0330 186 137 84
-15.4375 2.0000 0.0350 179 98 127
-10.1875 7.5000 1.2070 191 64 234
-16.1875 7.5000 1.2150 184 92 219
8.3750 -3.5000 2.2810 167 201 114
19.0000 -20.0000 5.2160 96 148 186
-8.0625 -26.0000 0.0410 190 132 63
-1.1250 2.5000 2.9020 131 248 211
15.9375 -14.0000 4.4160 111 135 179
11.1250 -1.5000 4.6130 97 121 191
-13.5625 10.0000 2.2010 172 225 118
14.2500 18.5000 2.1220 240 140 69
15.7500 -23.0000 1.1150 193 90 170
-1.9375 -23.0000 0.0390 167 131 77
16.8750 15.0000 2.3320 208 170 83
10.6250 15.0000 2.1860 224 145 81
-2.8750 -16.5000 0.0360 171 124 98
-4.8125 20.0000 7.3250 57 120 229
13.5000 -15.5000 3.0260 173 206 132
2.5000 -14.5000 0.0370 179 116 85
-17.0000 1.5000 0.0370 169 99 137
-20.5000 -23.0000 0.0340 188 138 27
-5.7500 -7.5000 0.0460 172 146 102
-5.6875 10.5000 1.3410 216 43 201
-21.7500 4.0000 1.0910 176 140 186
-6.3125 11.5000 1.4450 225 61 171
10.1875 1.0000 2.4390 197 175 61
-4.5000 -5.0000 0.0430 181 113 94
-5.0000 12.0000 1.4210 222 61 200
-6.3750 11.5000 1.5110 226 73 159
5.5625 0.5000 1.1590 188 45 190
14.9375 8.5000 2.4510 216 144 71
12.4375 6.5000 2.4500 208 150 86
-2.5000 13.0000 1.5690 229 39 163
0.7500 -26.0000 0.0390 174 147 98
23.3125 13.5000 2.5640 179 179 72
15.1875 9.0000 2.4800 213 145 78
-26.2500 4.5000 0.0860 159 91 141
7.1875 -12.0000 1.0990 190 79 198
-20.1250 17.0000 7.5800 49 121 223
-6.4375 -3.0000 0.0320 178 136 100
-18.1875 1.5000 0.0370 166 108 140
-14.8750 5.0000 1.1190 179 107 217
-5.0625 21.5000 7.3270 73 113 222
-3.4375 10.5000 1.4650 222 58 175
-10.8125 20.0000 7.2990 55 137 227
22.1250 16.5000 2.6460 175 208 108
-25.4375 14.5000 1.7920 222 139 90
21.9375 -17.5000 4.2460 162 177 188
-6.0000 -22.0000 0.0360 165 139 70
22.1250 21.0000 1.3940 208 84 113
2.5000 -3.0000 1.1010 164 109 196
6.8125 18.0000 2.1930 225 154 96
-21.0625 1.5000 0.0400 172 122 125
12.0625 10.0000 2.3360 207 162 73
-23.5000 -4.5000 0.0260 163 111 79
5.7500 -2.5000 1.1100 174 59 204
23.0000 17.5000 1.3360 218 65 93
6.6875 -26.5000 0.0410 156 70 94
0.1250 12.0000 1.6520 223 75 149
-24.5625 -3.0000 0.0310 170 114 94
13.1250 8.5000 2.4060 214 163 92
3.5625 20.5000 2.1460 222 140 101
5.3750 12.0000 2.2310 188 174 85
8.9375 -18.0000 1.0980 171 94 194
14.0000 4.0000 2.5940 223 175 101
8.8125 -28.0000 0.0370 157 85 115
22.8750 -3.5000 3.3580 188 159 148
-18.5000 11.0000 3.5390 109 221 242
-15.5625 -12.5000 0.0360 199 154 48
-2.6250 1.5000 1.0300 164 135 209
5.2500 -0.5000 1.1400 181 53 204
16.3125 -14.0000 4.8130 112 136 185
-12.0000 7.5000 1.2390 185 68 235
23.0625 -24.0000 4.6820 124 184 182
-16.6875 16.0000 6.9890 54 126 228
10.8125 1.5000 2.6360 186 197 102
16.6875 12.0000 2.2850 221 146 60
-18.3125 20.0000 7.8210 58 130 217
14.8750 18.0000 2.1750 225 137 76
11.3750 13.0000 2.1970 228 154 70
-20.6875 13.0000 3.0890 123 245 218
17.4375 4.5000 2.6450 210 167 102
-25.0000 -15.5000 0.0360 183 138 49
-8.1875 17.5000 7.3160 57 140 225
4.3125 13.0000 1.9590 224 131 72
-19.1875 -14.5000 0.0360 183 158 49
4.8750 1.5000 1.1260 190 35 206
5.3750 11.0000 2.1820 186 182 85
-13.0000 20.5000 7.2940 68 146 224
-23.8750 4.5000 0.0580 165 111 159
10.6250 -10.0000 2.8890 148 220 164
21.3750 14.5000 3.5660 125 183 193
-19.3750 -10.5000 0.0330 181 125 59
18.8125 20.0000 2.6630 160 219 138
3.7500 -4.0000 1.0720 174 65 230
-16.1875 -5.0000 0.0490 184 122 86
11.3750 -14.0000 2.6750 157 224 139
-19.1250 -26.0000 0.0340 198 129 23
16.5625 7.5000 2.5270 215 160 102
-24.7500 4.0000 0.4830 166 123 198
-1.6875 6.5000 1.2360 189 53 210
6.5625 -18.0000 1.0680 176 139 177
10.3750 -5.5000 2.7410 165 193 126
14.1875 -4.0000 3.2880 173 200 159
-10.6875 6.0000 1.1600 179 78 232
12.5625 12.0000 2.2930 222 145 94
-24.8125 0.0000 0.0350 161 70 131
-3.3750 21.5000 7.3370 78 118 222
-17.9375 8.0000 1.2460 185 92 225
-21.5000 -13.5000 0.0340 188 149 64
13.8750 -20.5000 2.6300 166 216 141
21.3125 -2.0000 3.0960 192 185 144
13.5000 -4.0000 5.4450 112 100 147
-4.9375 -9.0000 0.0400 152 143 74
15.1250 -12.5000 4.5550 104 135 149
-9.1875 -19.0000 0.0390 183 158 47
-11.3125 -12.0000 0.0390 171 150 56
-9.6875 -9.0000 0.0450 172 154 56
-3.2500 2.5000 1.0990 180 120 188
-18.7500 21.0000 7.5670 63 131 221
-24.9375 -25.5000 0.0360 179 128 61
5.6875 15.0000 2.1090 207 151 74
0.5000 17.0000 1.8490 248 73 123
-3.7500 19.5000 1.9580 230 163 114
-16.5625 -12.5000 0.0390 185 145 35
-15.8125 -13.0000 0.0390 187 142 31
-22.1875 -4.0000 0.0410 161 107 74
-6.3750 15.5000 3.4950 121 219 254
-24.6875 12.0000 1.5430 211 91 126
-19.0000 10.0000 2.2450 169 222 96
11.5625 1.5000 2.8890 171 204 137
13.3750 -20.5000 2.6860 162 215 152
-15.3750 16.0000 5.4350 71 154 254
-23.8125 -5.5000 0.0360 162 110 79
18.9375 -5.0000 3.2220 212 182 144
-17.6250 14.5000 1.7900 224 146 107
22.7500 20.5000 1.3780 206 84 110
-7.9375 -1.0000 0.0380 154 121 117
21.5000 13.5000 3.5570 124 184 192
15.7500 -26.5000 1.0920 187 106 189
-14.5000 19.0000 7.2870 61 138 230
6.9375 4.5000 2.1660 195 179 70
19.5625 -6.0000 3.3290 207 190 147
8.8750 10.0000 3.9610 123 135 211
-8.5625 5.5000 1.1840 192 69 236
23.1250 17.5000 1.3400 218 66 91
3.8125 -6.5000 1.0470 167 94 206
-12.6875 -28.0000 0.0390 175 130 54
20.6875 21.0000 1.3950 218 79 114
-0.9375 12.5000 1.6350 233 56 144
-17.9375 -13.5000 0.0380 183 153 44
14.6250 8.5000 2.4790 208 154 78
-24.3125 3.0000 0.0340 147 107 154
7.6250 12.0000 4.0520 117 138 200
1.7500 -11.5000 0.0380 174 116 90
9.8750 13.0000 2.4000 198 166 105
9.4375 -3.0000 3.8580 110 162 214
-8.2500 3.5000 1.1090 180 73 249
-20.2500 -24.5000 0.0370 193 136 35
22.6875 15.0000 5.7740 96 111 148
10.5625 20.5000 2.1360 229 133 93
12.6875 8.5000 2.3930 213 160 75
22.9375 -24.5000 4.7060 122 187 179
3.3750 -20.5000 0.0360 143 126 103
-22.3125 -26.5000 0.0340 187 135 50
-10.5000 21.5000 7.3090 75 143 214
-15.5625 -4.0000 0.0320 186 134 87
12.3125 4.5000 2.7710 183 180 136
17.1875 0.0000 2.8980 200 163 108
11.1250 0.0000 2.6320 189 192 89
3.8750 18.0000 2.0680 238 132 93
-1.3125 16.0000 1.7640 253 75 139
7.5000 -20.5000 1.0520 166 144 172
4.3750 -13.0000 4.0500 96 211 234
2.0625 5.0000 1.2280 188 52 214
0.4375 -21.0000 0.0400 159 116 97
-25.6250 15.5000 1.8120 214 139 101
-18.3125 13.5000 1.6580 219 118 113
-23.2500 -14.0000 0.0370 204 133 43
7.5000 0.5000 1.6550 232 91 82
-15.9375 4.0000 1.1070 178 159 192
-10.9375 -10.0000 0.0460 163 151 62
9.9375 19.0000 2.0920 243 133 85
-10.1875 -16.5000 0.0370 184 122 34
22.5000 -21.5000 4.4710 142 169 190
-6.5625 17.5000 7.3090 70 126 214
-16.8750 -15.5000 0.0370 176 152 52
12.9375 16.0000 2.2460 220 145 92
14.5625 8.0000 2.5060 208 160 80
21.3125 8.0000 2.8060 177 193 111
-20.3125 -13.0000 0.0350 190 144 63
-22.0000 11.0000 2.2060 174 232 84
-17.8750 3.0000 0.5120 170 115 172
6.5000 21.0000 2.2360 214 142 105
-7.5000 -14.5000 0.0420 163 131 42
20.8125 -6.5000 3.3650 196 192 161
16.6250 -10.5000 3.7630 172 201 183
-14.8750 10.0000 1.8530 208 169 109
-9.7500 14.0000 3.1710 122 236 236
-17.1875 10.0000 2.2780 172 222 113
-11.3125 0.5000 0.0330 151 87 141
23.2500 20.5000 1.4070 203 85 104
-9.1875 3.5000 1.0880 168 82 229
-14.6250 -24.5000 0.0370 182 141 65
2.0625 21.0000 2.0440 224 123 100
15.0000 -24.5000 1.0960 195 82 208
-4.0625 -12.5000 0.0500 168 136 71
15.8750 14.0000 2.2040 228 149 66
3.2500 12.5000 1.8450 224 100 89
16.1250 14.5000 2.1570 230 147 66
15.3750 -24.5000 1.1110 194 86 201
10.6250 -20.5000 1.0850 192 76 181
-20.0000 13.0000 3.6370 104 219 249
-21.1875 10.5000 2.2460 165 226 102
-5.7500 11.0000 1.4200 218 51 188
-19.6875 16.5000 7.5390 49 123 220
-3.4375 9.5000 1.4120 225 46 199
-19.3125 -23.0000 0.0340 188 130 22
4.6250 -2.0000 1.1400 185 47 205
7.6250 11.5000 3.6440 127 156 207
-26.4375 16.0000 2.8130 137 221 206
-13.3750 14.5000 6.2460 66 139 245
7.4375 -19.5000 1.0400 167 142 178
15.5000 5.5000 2.6460 211 165 102
-17.9375 -25.0000 0.0280 178 153 51
12.3750 11.5000 2.3260 209 147 74
-10.7500 -0.5000 0.0380 170 93 119
0.0000 15.0000 1.7700 243 68 133
10.6875 1.5000 2.5840 188 192 92
3.1250 8.5000 1.5940 227 82 127
10.9375 -0.5000 3.3000 131 191 182
-8.1250 9.5000 1.3860 205 73 183
-19.3125 -19.0000 0.0340 203 143 37
-1.6250 -13.0000 0.0370 153 107 109
3.8750 13.0000 1.9260 226 121 79
-14.6875 -8.0000 0.0520 180 134 91
0.1250 6.0000 1.2310 189 54 217
12.8125 -4.0000 3.2440 171 193 155
2.0625 20.0000 2.0310 235 127 89
-16.3750 14.0000 1.7400 222 137 104
16.8125 6.0000 2.5850 216 164 106
-22.0625 -22.5000 0.0340 196 130 47
-6.7500 15.0000 6.2470 77 130 224
-24.0000 17.5000 5.5330 68 161 251
18.4375 -16.5000 4.2180 134 183 190
-10.1250 22.0000 7.3680 77 143 214
-23.0625 -9.5000 0.0410 185 135 72
-8.3125 10.5000 1.4590 215 78 171
-21.6875 8.0000 1.1870 192 66 219
11.7500 11.0000 2.2680 210 155 70
-24.1250 -2.5000 0.0460 178 99 106
-6.5625 15.0000 3.4270 126 213 251
12.4375 -12.0000 2.6260 167 208 113
19.0000 19.5000 2.7410 157 226 151
17.6250 17.0000 2.3770 200 179 92
-19.0625 13.5000 3.1930 122 232 223
-16.8125 -14.5000 0.0370 188 146 35
-2.3125 2.5000 1.0850 179 103 211
1.1250 3.5000 1.1420 179 45 222
20.0000 -20.0000 4.5220 132 180 191
16.3750 -17.5000 4.3640 111 167 189
-9.8750 5.0000 1.1090 171 95 217
-4.7500 8.5000 1.2810 193 62 226
-5.0625 17.5000 4.3600 115 165 254
-21.8125 -4.5000 0.0400 173 119 98
6.4375 -18.0000 1.0330 178 158 163
10.1250 0.5000 2.7700 173 198 129
17.3125 -8.0000 3.3800 203 209 156
15.1250 -10.5000 3.4530 164 212 156
-19.1250 8.5000 1.1950 199 76 210
-20.8125 21.0000 7.2710 55 122 229
-12.5000 6.0000 1.1600 175 79 233
-15.0000 17.0000 7.3150 56 121 225
2.6250 16.0000 1.9880 230 119 98
10.5000 16.0000 2.1820 226 149 80
20.6875 -1.5000 3.0660 194 191 149
-13.0625 7.5000 1.2010 184 78 226
16.1250 19.0000 2.3200 207 173 85
-1.6875 19.5000 1.9330 239 135 109
6.6875 14.5000 2.3040 197 180 99
-13.1875 4.0000 1.0700 180 119 205
-22.1875 -14.0000 0.0330 202 128 39
-2.1875 11.5000 1.5450 225 57 173
-17.1250 11.5000 2.4940 147 228 152
14.6250 -5.0000 3.3410 173 195 155
-9.5000 11.0000 1.4850 217 97 156
-14.9375 -21.0000 0.0320 178 155 55
-23.0625 -14.0000 0.0410 204 132 43
18.8750 -6.5000 3.3520 195 196 154
-11.3750 0.0000 0.0350 153 83 147
-0.1875 5.5000 1.2080 188 57 206
11.9375 -6.5000 3.6130 122 175 191
-13.2500 -12.5000 0.0370 194 148 60
18.0000 -1.0000 2.9600 194 177 119
9.6250 -16.5000 1.1260 193 60 174
13.5625 19.5000 2.1330 235 141 77
-11.0625 15.5000 7.5720 49 129 228
-2.9375 7.5000 1.3050 203 61 215
21.1250 -10.5000 3.6600 192 182 167
-6.2500 19.0000 7.3310 63 116 222
1.7500 9.5000 1.6170 233 67 127
-24.8125 19.5000 7.3350 58 133 222
17.5000 1.5000 2.8410 202 181 120
-5.1250 21.0000 7.3560 67 115 225
23.3125 -3.5000 3.4670 185 153 150
11.8125 -1.0000 4.4720 102 123 187
5.2500 19.0000 2.1200 237 143 79
11.0625 -12.5000 2.8320 147 224 171
3.9375 -3.5000 1.0760 173 64 228
-6.3750 5.5000 1.1300 180 79 242
9.5625 15.5000 2.1410 221 142 85
-25.9375 -27.5000 0.0360 165 137 58
12.9375 -25.5000 1.0650 191 68 222
16.5625 -19.5000 4.4020 112 166 207
-13.3125 21.0000 7.2410 69 131 222
12.3125 -12.5000 2.7130 167 224 127
21.5625 -18.0000 4.1780 163 183 194
17.3750 -20.5000 3.2790 179 215 145
12.0625 -17.5000 1.1310 194 70 176
-14.4375 -23.5000 0.0340 180 156 32
7.9375 9.0000 3.0850 143 181 185
-17.5625 -2.0000 0.0420 162 114 122
-19.0000 8.0000 1.1970 198 72 216
22.5000 -20.5000 4.4130 146 171 191
-4.1875 16.0000 1.7200 238 109 106
3.3750 -5.5000 1.0720 169 120 192
7.1250 -0.5000 1.2550 200 46 154
-18.6250 8.0000 1.1960 191 87 207
17.2500 20.5000 2.3290 194 175 83
-15.7500 15.5000 4.5090 93 169 254
9.6250 19.0000 2.0710 243 126 88
16.8125 -6.0000 3.2370 207 199 132
-7.1875 -20.5000 0.0320 182 161 51
10.3125 -3.0000 4.2820 103 134 204
16.3750 -8.0000 3.5630 189 193 170
13.2500 -16.0000 2.8480 180 207 117
8.1875 -20.0000 1.0650 170 138 172
-1.8750 4.0000 1.1390 181 50 208
-11.0000 18.5000 7.2850 55 138 228
-8.7500 3.0000 1.0580 172 123 236
-6.8750 10.0000 1.3490 201 75 187
-26.0000 16.5000 2.8640 143 231 218
-20.0000 17.0000 5.6740 66 150 250
21.5000 -16.0000 4.0510 164 185 197
-22.7500 6.5000 1.1090 172 76 225
17.0625 17.5000 2.3510 209 181 96
16.3750 5.5000 2.6640 209 164 116
7.8750 -14.0000 1.0930 186 65 193
21.1875 4.5000 2.9580 181 195 148
19.5625 -22.5000 5.6970 85 174 174
4.0000 -0.5000 1.1100 175 47 214
1.5000 -21.5000 0.0390 169 125 97
15.6875 16.0000 2.1890 218 138 71
14.9375 -18.5000 3.1750 136 213 186
-17.0000 8.5000 1.2270 182 94 222
-20.3750 2.0000 0.6770 174 167 152
-6.2500 -5.5000 0.0350 169 122 88
16.5625 -4.0000 3.0910 201 195 132
-0.8125 12.0000 1.6090 231 61 157
5.4375 -16.0000 1.0520 179 165 161
-6.1875 -17.5000 0.0430 161 134 59
-7.3750 -27.5000 0.0380 181 131 51
22.5000 14.0000 1.5610 237 58 43
5.3125 -13.5000 1.0610 185 128 176
1.6875 -14.0000 0.0390 179 110 83
-24.6250 -3.5000 0.0380 170 116 90
3.6875 -4.0000 1.0800 174 66 229
21.3750 13.0000 3.6300 122 179 193
5.5625 5.5000 1.6400 224 84 87
10.8125 -17.0000 1.1330 200 61 159
-19.1875 -1.5000 0.0360 158 93 99
-23.6875 -2.5000 0.0480 180 97 103
18.5625 -10.0000 3.5410 196 206 151
-15.0000 3.5000 1.0720 175 118 207
0.1875 18.0000 1.8700 250 77 117
8.5000 20.0000 2.0220 249 114 84
0.6875 -11.0000 0.0320 173 120 93
-14.6250 2.5000 0.8770 163 185 168
-7.1250 16.5000 7.3230 58 126 220
16.7500 -24.0000 1.1030 199 114 177
-14.2500 19.5000 7.2920 60 137 231
-16.0000 10.5000 1.3560 203 97 174
-2.5000 -19.5000 0.0380 172 130 100
-22.1250 10.5000 2.2210 163 212 105
-16.5625 16.5000 7.3140 52 121 222
20.4375 19.5000 2.1830 203 191 33
-16.0625 3.0000 0.9890 153 206 177
8.6250 -18.0000 1.1110 169 132 175
17.2500 -2.0000 3.0080 187 183 129
-7.3750 5.0000 1.1740 190 75 241
-16.6250 4.5000 1.0960 178 156 203
-23.8125 6.0000 1.1320 183 98 210
19.8750 7.0000 2.7660 181 195 109
-22.7500 4.0000 1.0660 186 133 191
-4.3125 17.0000 1.7160 235 109 112
-6.3125 4.5000 1.1410 183 79 235
13.3125 -21.5000 1.1160 200 81 188
9.5625 -24.5000 1.0520 188 143 164
-23.0000 7.0000 1.1510 177 75 225
9.1250 -20.0000 1.0970 174 110 168
-6.6250 -18.0000 0.0350 167 150 52
17.8750 11.5000 2.3820 207 149 60
-22.6875 19.5000 7.2570 54 138 219
21.1875 0.5000 2.9140 202 175 108
-20.1875 -20.0000 0.0340 207 145 34
-13.2500 16.5000 7.2830 54 121 221
5.5000 -1.5000 1.1360 184 53 201
2.9375 20.5000 2.0780 228 128 92
-4.3125 19.0000 7.4120 55 122 225
-5.2500 7.5000 1.3380 199 68 215
1.3750 11.5000 1.7320 222 96 125
13.6875 -10.5000 3.3290 163 221 162
16.8750 -23.5000 1.0780 204 97 165
17.7500 -13.5000 3.9700 150 185 180
-0.5000 15.5000 1.7870 246 78 137
-4.1875 -1.0000 0.0440 150 123 112
8.1250 5.5000 2.5100 173 195 115
-15.0000 -22.0000 0.0330 178 172 49
23.0000 10.5000 1.9650 230 127 13
-21.6250 -5.0000 0.0450 171 111 90
0.2500 13.0000 1.6700 240 46 138
9.8750 -7.5000 2.3590 179 189 84
13.0000 -26.5000 1.0810 181 80 194
12.1875 -27.5000 1.0750 179 87 192
23.4375 -5.5000 3.4810 200 165 147
6.1875 -0.5000 1.1320 194 52 178
19.6250 -16.5000 3.9900 163 194 206
-20.8750 15.0000 1.9390 205 178 90
15.0000 7.5000 2.5340 207 161 82
-25.6250 11.0000 2.1530 167 200 113
-15.2500 -21.0000 0.0430 177 157 56
23.0625 -23.5000 4.6330 126 177 185
-3.4375 -8.0000 0.0420 170 135 94
-20.8125 -16.0000 0.0400 186 146 55
14.2500 13.5000 2.2930 219 151 91
-3.3125 1.0000 1.0740 178 168 172
6.1875 -18.5000 1.0720 180 158 161
-26.3750 17.5000 4.0740 112 176 254
10.8750 -9.0000 2.5510 162 203 109
15.0000 -10.0000 3.6100 158 205 166
-20.7500 -11.5000 0.0350 179 134 61
-3.8125 3.0000 1.1230 183 99 212
10.8125 -5.5000 2.9120 152 198 153
-13.7500 21.0000 7.2710 68 131 223
-3.9375 -9.0000 0.0420 173 146 80
-13.0625 21.5000 7.3190 72 144 221
-4.4375 -27.0000 0.0000 184 121 63
21.1875 11.5000 3.6730 125 168 188
20.0000 -7.5000 3.4530 186 191 177
0.9375 -13.5000 0.0350 174 120 89
-5.0000 19.5000 7.3070 56 123 230
13.3750 21.5000 2.0720 229 114 87
7.3125 12.0000 4.0720 121 141 211
-2.7500 10.0000 1.4690 234 49 194
15.1875 -20.5000 2.6880 168 211 116
22.2500 -20.5000 4.3830 145 173 195
12.1875 -16.0000 2.6100 151 221 133
12.4375 -27.0000 1.0610 179 85 194
17.0000 0.5000 2.9030 199 181 127
-6.8125 -19.0000 0.0360 184 140 44
11.5625 -8.5000 3.7740 115 172 195
7.3750 -10.0000 1.1190 194 56 182
-9.0625 5.5000 1.1550 187 69 241
22.2500 14.0000 5.0290 105 125 158
5.8125 15.0000 2.1250 205 152 74
7.5625 8.0000 2.4480 184 190 107
-21.9375 -6.5000 0.0500 198 130 79
-17.3750 2.5000 0.1040 163 109 142
20.0625 -24.5000 5.8710 72 191 177
5.8750 18.0000 2.1760 221 147 84
-22.4375 12.0000 3.5560 96 226 235
-6.1875 20.5000 7.3310 63 144 230
15.8750 3.0000 2.7520 197 170 113
-10.4375 -14.0000 0.0450 189 149 52
11.9375 -14.5000 2.9400 140 218 163
19.4375 -19.0000 4.4010 139 183 201
17.1250 6.5000 2.5700 215 164 107
-8.6250 15.0000 7.5950 61 122 212
1.4375 -26.0000 0.0410 176 143 96
-4.5625 8.0000 1.3020 198 63 221
-20.8125 -17.5000 0.0370 191 127 51
-21.0625 14.5000 4.4970 80 184 254
-18.8125 -15.0000 0.0380 185 159 48
10.3125 9.0000 2.4610 195 177 100
-14.3125 7.5000 1.1980 186 75 234
-24.6250 21.0000 7.3210 64 129 217
-0.1250 -26.5000 0.0440 169 134 89
-13.0000 12.0000 1.4340 204 93 173
6.4375 -18.0000 1.0470 178 158 162
5.0000 17.5000 2.1470 227 147 82
-7.6875 15.0000 7.5790 60 124 211
0.2500 -27.5000 0.0390 166 132 84
7.0625 -27.0000 0.0390 154 68 90
-18.2500 6.5000 1.1630 180 89 230
1.1875 16.5000 1.9110 244 92 109
-15.5000 -25.5000 0.0340 176 132 73
17.3750 -19.0000 4.7810 104 149 209
-6.1875 0.0000 0.0640 164 135 117
0.5000 13.5000 1.7540 241 72 121
18.0625 4.5000 2.6790 205 172 108
13.1250 11.0000 2.3430 216 149 85
-21.3125 17.0000 7.1500 54 131 228
-19.0000 6.0000 1.1540 186 104 207
18.5000 -9.5000 3.5040 194 210 154
-0.8125 2.5000 1.0860 173 129 203
7.4375 16.0000 2.2210 215 168 89
14.3125 -8.0000 3.5150 179 190 153
-2.4375 21.5000 1.8310 228 123 140
-0.2500 3.5000 1.1190 169 49 200
18.9375 20.0000 2.6430 162 219 133
20.1875 16.5000 2.5200 185 211 95
4.5625 20.5000 2.1850 218 141 101
18.0625 -11.0000 3.5410 192 208 156
5.8750 14.0000 3.8940 105 159 227
-16.7500 19.0000 7.2820 54 128 236
21.9375 -8.0000 3.5240 195 164 157
-0.7500 21.0000 2.0420 215 143 115
17.3125 13.0000 2.3290 213 163 64
-9.1875 -24.0000 0.0330 191 129 76
14.7500 16.0000 2.2290 225 147 79
2.5000 2.0000 1.1260 189 78 210
18.7500 0.5000 2.8930 206 163 106
20.2500 14.0000 3.6700 123 177 203
11.5625 -14.5000 2.6480 158 220 126
-24.3125 -7.5000 0.0360 185 132 98
-18.9375 5.5000 1.0790 179 115 207
21.7500 14.0000 1.8340 238 102 10
12.3125 4.5000 2.7830 182 180 138
-0.8125 0.5000 0.0350 174 74 152
18.5625 -20.0000 5.5500 87 127 178
16.1250 11.5000 2.3570 214 151 76
-15.5625 14.5000 1.7000 229 121 122
16.9375 -17.0000 3.6730 169 207 164
-14.3750 16.5000 7.3930 52 120 224
-18.7500 -23.5000 0.0350 185 160 33
20.6250 -22.0000 4.6830 112 184 202
20.6250 0.5000 2.9240 201 178 113
18.7500 13.5000 2.4670 204 189 83
-8.8125 -9.5000 0.0410 173 139 62
-5.7500 16.5000 1.5800 228 83 133
-24.5000 17.5000 1.7230 239 125 122
7.0625 -4.5000 1.1550 195 47 171
-25.5000 -0.5000 0.0370 161 75 133
9.0000 17.5000 2.1040 229 135 80
19.1875 16.5000 2.3360 196 190 66
14.9375 9.0000 2.4830 213 146 79
-14.0625 -6.0000 0.0420 174 131 100
16.5000 13.0000 2.2870 216 158 63
12.0000 -3.5000 3.2620 145 185 169
17.8125 -21.5000 2.9600 164 244 138
-0.0625 -12.0000 0.0330 166 141 96
17.5000 15.0000 2.4400 198 182 99
-17.0625 17.0000 7.3200 52 120 224
13.4375 -1.5000 3.1180 178 189 147
16.5625 -0.5000 2.9040 198 165 110
7.1250 -4.0000 1.1580 196 48 170
-11.0625 -9.0000 0.0390 159 156 64
-12.2500 9.0000 1.3570 202 88 208
-8.8125 -17.5000 0.0390 183 137 56
-8.4375 -6.5000 0.0360 173 134 81
0.7500 3.0000 1.1080 182 79 201
9.0625 16.0000 2.1720 222 157 84
18.0000 11.0000 2.3810 211 149 63
4.2500 -15.5000 0.0320 164 101 119
-10.1250 6.5000 1.1760 189 62 235
3.2500 13.0000 1.8860 219 113 88
-5.1250 -27.0000 0.0220 181 130 66
-1.9375 16.5000 1.6830 253 59 153
-14.1250 9.5000 1.5390 224 103 141
5.3750 -17.0000 0.0840 171 97 116
-21.3125 -3.0000 0.0730 150 111 110
14.0625 3.0000 2.6580 208 173 104
6.1250 5.0000 1.7790 221 119 65
11.6250 14.5000 2.2160 220 141 85
-20.5000 10.5000 3.6250 96 228 254
6.5000 4.5000 2.0450 204 160 62
-12.7500 5.0000 1.1080 178 115 206
7.0000 -15.5000 1.0390 169 115 215
11.0000 0.0000 2.6540 179 200 108
16.0000 -27.0000 1.0830 184 107 182
-17.8750 19.0000 7.2690 55 129 240
-19.1250 16.0000 3.0520 132 243 230
-16.5000 17.5000 7.3120 63 122 221
-20.6875 -9.0000 0.0380 173 137 66
-8.5625 11.5000 1.4810 218 96 181
-8.5625 9.5000 1.3880 203 73 184
-26.0000 11.0000 2.0910 171 191 111
1.0625 -2.0000 1.0500 158 111 196
7.0625 16.5000 2.2040 215 162 92
-5.1875 -25.0000 0.0400 185 125 76
-4.6250 0.5000 0.0400 169 89 125
-24.6875 -1.5000 0.0360 172 91 116
11.6250 17.0000 2.1680 227 142 80
8.6250 -2.5000 2.0500 198 184 66
5.7500 -16.0000 1.0500 178 165 160
10.0000 13.0000 2.3620 203 166 98
-12.2500 18.5000 7.2960 60 124 223
19.7500 6.5000 2.7740 181 193 109
19.0625 -20.5000 4.6080 120 174 199
-5.2500 17.0000 1.5980 232 85 129
14.2500 20.0000 2.1120 236 137 74
21.0625 -8.5000 3.4940 182 185 168
13.1250 1.0000 2.9300 185 188 133
-9.3125 -22.5000 0.0460 172 133 70
-25.3750 13.0000 3.6910 105 210 226
-3.3125 20.0000 7.6000 69 113 213
16.2500 -4.5000 3.1210 198 192 135
1.1250 22.0000 1.9890 220 117 115
-2.9375 6.5000 1.2730 183 62 199
18.4375 2.5000 2.7910 203 166 106
-4.0000 8.0000 1.2860 196 63 223
19.0000 -13.5000 3.8290 183 174 185
7.5000 12.0000 4.0810 116 137 200
-4.6875 -21.5000 0.0350 167 132 69
-11.5625 14.5000 4.4560 101 175 254
-10.1250 16.5000 7.3250 51 128 228
-12.5000 8.5000 1.2440 186 81 217
-12.4375 11.0000 1.3880 207 90 167
17.6875 -20.0000 3.4560 169 220 165
1.3125 -10.0000 0.0370 173 112 97
17.5000 9.5000 2.4640 207 160 75
-8.8125 17.5000 7.2940 59 140 227
12.8125 15.0000 2.2630 221 144 103
7.8125 -21.0000 1.0590 161 183 167
-14.3125 11.0000 1.6560 220 127 127
-23.1875 16.5000 4.4780 90 175 254
-1.8750 1.0000 0.0860 173 86 160
21.6250 5.0000 2.9620 180 189 144
10.2500 -20.0000 1.0660 190 73 177
1.5625 10.5000 1.6820 232 83 123
-9.1250 -21.0000 0.0330 184 166 53
-4.6250 22.0000 7.3270 78 111 218
5.0625 -8.0000 1.0770 174 86 193
-14.3750 9.5000 1.6580 222 126 124
-19.7500 9.0000 1.1910 200 73 214
-20.6875 20.5000 7.2780 51 124 233
5.4375 -11.0000 1.0390 173 132 194
18.1875 18.0000 2.3970 196 175 81
-8.3750 10.5000 1.4680 216 79 169
23.3125 7.0000 3.6050 139 144 158
12.5625 18.0000 2.1640 224 131 81
12.0000 21.0000 2.1190 227 122 83
9.0000 -13.5000 1.1330 190 66 184
-20.5625 6.0000 1.1460 184 132 208
12.5000 -3.5000 3.1260 158 190 150
3.7500 -20.5000 0.0340 144 125 101
17.8750 -1.5000 2.9710 192 181 123
-17.8125 19.0000 7.2150 55 130 241
-16.5625 18.5000 7.2850 55 128 233
-24.6250 -12.0000 0.0360 187 140 68
14.3750 -14.5000 4.4360 104 143 157
-19.3125 -21.0000 0.0360 194 149 21
19.0000 -9.5000 3.5190 193 209 155
15.6875 4.5000 2.6620 216 166 103
4.4375 8.5000 1.6840 232 78 120
19.8125 -14.0000 3.8900 181 177 182
-6.5625 11.5000 1.4920 228 69 162
-10.6250 -10.0000 0.0330 163 146 59
8.6875 -1.0000 2.0130 199 181 65
4.0000 -7.0000 1.0820 172 93 203
19.5625 -5.5000 3.2670 209 188 144
-8.6875 15.5000 7.4410 62 128 220
21.7500 -22.5000 4.5560 122 184 195
-14.0625 -25.5000 0.0400 189 134 63
21.0625 -3.5000 3.1450 212 185 131
-3.3125 20.5000 7.3200 71 116 221
-20.3750 19.0000 7.2920 46 132 238
-9.8125 12.0000 1.6840 221 135 116
16.1250 -21.5000 2.6700 171 226 102
10.1875 -24.0000 1.0870 180 87 217
-5.3125 16.0000 1.6250 234 90 120
-9.8750 18.5000 7.7920 56 133 213
17.8125 -21.0000 3.0390 161 239 144
9.1875 4.0000 2.3250 187 187 81
-2.4375 4.5000 1.1600 179 52 211
15.0000 -12.5000 4.5840 102 135 153
7.3750 -25.5000 0.0330 157 45 109
5.0000 -14.5000 3.9630 98 209 228
-9.6875 -21.0000 0.0490 174 163 47
-0.7500 -5.5000 0.0350 171 128 70
-19.0000 9.0000 1.1960 197 77 209
-2.5000 10.5000 1.4890 237 52 190
22.6875 -3.5000 3.2980 189 162 145
-14.5000 11.5000 1.8180 213 155 94
4.4375 -1.0000 1.1140 181 46 213
-19.0625 15.5000 2.9580 136 241 216
-15.7500 -21.0000 0.0350 186 171 56
-22.1875 17.0000 4.5220 92 165 254
18.1875 -27.5000 0.3400 175 132 163
-0.0625 8.5000 1.4350 218 46 163
4.5000 -20.0000 0.0380 159 130 86
-7.9375 3.0000 1.0800 176 126 232
10.7500 8.5000 2.5600 192 177 123
-20.0625 20.5000 7.2940 52 124 232
13.3125 14.0000 2.2800 217 146 96
-16.7500 8.0000 1.1940 183 91 226
-12.0625 16.5000 7.3200 54 125 230
-3.0625 -18.5000 0.0380 185 122 98
6.6250 -17.0000 1.0140 169 143 183
5.7500 5.5000 1.8080 213 121 66
-11.9375 14.5000 6.2400 64 149 251
0.8750 -26.5000 0.0350 173 147 97
-13.2500 -24.0000 0.0330 184 128 52
-13.0625 3.5000 1.0460 177 123 200
7.3750 14.0000 2.3630 191 187 100
-9.5000 9.0000 1.3690 211 68 182
-7.8125 15.5000 7.3420 59 129 219
11.5000 7.5000 2.5990 194 184 124
23.0000 -0.5000 3.3260 181 159 151
0.9375 21.0000 1.9990 226 114 102
15.5625 -18.0000 4.5500 103 159 191
1.3125 11.5000 1.7500 221 100 123
16.8125 -27.5000 0.6640 171 93 177
15.3750 -1.0000 2.8770 203 169 102
18.1875 -0.5000 2.9470 198 172 127
19.2500 4.0000 2.7280 201 182 113
15.1250 -21.0000 2.6010 171 214 107
-8.4375 2.5000 1.0480 166 131 210
16.0625 2.5000 2.7970 193 175 119
1.2500 16.5000 1.8850 249 84 112
17.8750 -16.5000 4.1640 133 187 192
-0.1875 14.0000 1.7430 242 76 134
-8.6250 10.5000 1.4340 210 76 177
-16.2500 6.5000 1.1600 180 91 220
-11.0000 20.0000 7.2910 55 137 228
0.8125 14.5000 1.7700 247 78 131
-13.4375 6.0000 1.1700 181 84 216
-14.0625 6.5000 1.1980 187 74 228
-8.3125 2.0000 0.0930 153 103 147
21.3125 -7.5000 3.4480 187 190 167
18.6875 12.5000 2.5250 187 171 94
-18.5625 12.0000 3.7960 104 200 250
9.6875 13.0000 2.3970 197 164 106
0.1250 -11.0000 0.0350 162 121 97
15.0000 -5.0000 3.4020 171 191 155
-6.6875 3.0000 1.0490 168 112 212
-26.3750 15.5000 1.7000 211 112 126
-2.4375 -11.0000 0.0370 173 134 105
-18.2500 0.5000 0.0380 157 109 133
-7.0000 18.5000 7.3340 58 138 221
3.9375 17.5000 2.0790 236 138 90
-26.2500 -23.0000 0.0460 180 145 63
-15.5625 2.5000 0.0330 175 96 132
9.0000 5.5000 2.6570 177 187 121
3.3750 -24.5000 0.0390 182 138 98
10.6250 16.5000 2.1460 229 143 78
3.4375 -9.5000 1.0440 172 172 165
16.1875 -14.5000 4.8440 108 146 169
22.1250 14.0000 3.9080 123 155 183
10.2500 19.0000 2.0950 243 135 83
-18.1250 -11.0000 0.0410 190 157 51
-6.6250 -4.5000 0.0420 182 137 90
-6.9375 -6.5000 0.0400 174 124 76
22.5000 19.0000 1.3710 215 84 104
-9.3750 15.5000 7.5470 62 120 216
-12.0625 13.5000 5.4000 77 152 252
1.3750 6.5000 1.3480 215 40 174
22.6250 12.0000 2.7680 173 184 110
-25.6250 6.0000 1.1080 177 98 219
-19.6250 17.0000 7.4860 51 122 221
17.3125 -3.0000 3.1170 199 185 128
1.3125 12.5000 1.7440 244 75 115
-19.8750 -22.5000 0.0420 189 134 26
-3.1875 10.0000 1.4190 225 46 200
0.0625 10.5000 1.5710 236 69 152
6.7500 -15.0000 1.0810 174 107 197
8.9375 5.5000 2.6340 178 186 117
-26.0000 3.5000 0.0390 149 110 162
12.4375 22.0000 2.1100 225 118 90
8.9375 -1.5000 2.2520 175 204 84
19.3750 21.5000 1.5240 226 83 95
-13.1250 9.0000 1.2640 200 78 219
-3.7500 18.0000 1.7960 239 122 117
13.2500 -27.0000 1.0820 180 82 188
-24.6250 18.0000 7.3160 57 138 218
-5.3750 -5.0000 0.0430 178 123 98
-0.7500 -18.0000 0.0350 165 120 100
-15.0000 -2.5000 0.0310 168 138 102
10.5000 -27.0000 1.0350 165 95 188
10.8750 -21.5000 1.1010 195 76 177
-7.5000 -1.0000 0.0400 155 119 115
3.5000 4.5000 1.1970 192 41 199
-11.1875 18.0000 7.2950 59 136 225
-26.1250 -23.5000 0.0330 182 143 61
-4.8750 7.5000 1.2840 196 61 225
2.6875 -10.5000 0.0330 174 109 97
16.3125 -14.0000 3.9300 148 185 171
-9.5625 -18.5000 0.0390 185 140 41
-7.6250 -17.5000 0.0410 175 136 55
3.0625 -9.5000 1.0580 172 174 163
7.0625 -7.0000 1.1460 190 47 176
4.9375 -10.5000 1.0590 174 134 200
-7.2500 21.5000 7.3030 72 143 229
-4.5000 7.5000 1.2820 197 61 224
2.7500 10.0000 1.6980 227 87 117
1.6875 -21.5000 0.0330 169 123 96
-7.6250 19.0000 7.3190 56 139 226
2.1250 -18.0000 0.0270 149 101 93
15.6250 -27.0000 1.0710 184 105 186
0.8750 -26.5000 0.0410 173 148 97
-6.3750 17.0000 7.3080 67 132 215
-15.0625 18.5000 7.2680 66 138 227
-6.6250 6.0000 1.1680 183 80 241
-13.6875 -24.0000 0.0330 184 131 56
-4.5000 7.5000 1.2860 197 62 223
-15.6250 11.0000 1.4530 219 100 149
-14.9375 1.0000 0.0290 159 100 115
-18.5000 4.5000 1.1140 172 160 207
-14.0000 -26.0000 0.0390 189 134 63
-12.7500 11.5000 1.3860 201 92 178
-11.9375 -24.5000 0.0310 189 128 65
-26.0000 -5.0000 0.0370 144 117 102
-8.6875 18.0000 7.3130 58 140 228
-14.0000 15.5000 7.5560 54 119 219
-26.3125 11.0000 2.0600 173 184 112
-19.0000 -22.5000 0.0370 187 129 22
8.0625 -14.5000 1.1030 185 67 188
-20.6875 -27.0000 0.0420 194 138 25
21.9375 16.0000 2.7200 173 212 119
-15.1875 15.0000 1.6970 227 125 130
2.6875 -7.0000 1.0500 173 191 169
-17.5000 -14.0000 0.0380 187 149 39
1.6250 -9.5000 0.0370 170 109 101
9.3125 -22.5000 1.1050 191 117 154
8.1250 -7.0000 1.1270 193 51 168
-25.6875 11.0000 2.1510 167 200 113
-3.8750 2.0000 1.0750 179 164 184
17.3125 12.5000 2.3060 216 158 59
-6.2500 22.0000 7.3100 72 138 231
-4.8125 -12.5000 0.0410 169 141 73
-26.1250 19.5000 7.2840 75 129 218
0.6250 -11.0000 0.0400 173 120 93
0.0000 18.5000 1.8630 248 80 105
18.6250 -21.0000 3.1050 158 242 139
-19.0625 21.0000 7.5390 63 131 222
5.3750 19.0000 2.1900 227 151 86
3.0000 3.5000 1.1530 184 43 207
-5.4375 18.0000 7.3380 64 125 217
17.5625 -19.0000 4.3240 116 173 206
-18.8125 5.0000 1.1180 180 122 202
-13.6875 19.0000 7.2730 59 138 229
12.4375 -23.5000 1.0960 195 67 214
8.0625 -3.5000 3.8830 98 171 241
-14.8750 16.0000 1.6850 228 104 129
5.6875 0.5000 1.1720 189 47 188
16.3750 -13.0000 4.8180 113 138 194
19.7500 -17.5000 4.1170 154 199 199
-14.8750 -12.5000 0.0340 192 156 68
12.6250 -26.0000 1.0500 181 80 200
-18.3125 17.5000 7.2890 57 131 232
-23.2500 -6.5000 0.0440 183 128 92
-24.3750 9.5000 1.2250 198 52 212
6.5000 13.0000 4.2740 111 131 207
10.3125 12.5000 2.3690 204 167 96
16.0625 21.5000 2.3090 201 159 91
22.2500 12.0000 3.6510 130 167 176
4.1875 10.5000 1.7990 235 91 80
15.3125 -24.0000 1.1150 202 96 173
-4.1250 19.0000 3.3170 135 227 254
-22.3125 21.5000 7.2300 65 151 214
13.5000 -22.0000 1.1310 203 80 187
-4.6875 12.0000 1.4910 231 60 172
21.6250 -26.5000 4.9910 93 215 180
-12.9375 -1.5000 0.0340 176 114 115
7.2500 -14.5000 1.0310 175 99 201
0.8750 6.5000 1.3490 212 37 176
13.5000 -23.5000 1.1070 203 76 204
-19.1250 -16.5000 0.0360 190 135 45
10.7500 -18.5000 1.1170 195 71 183
15.6875 19.0000 2.2350 223 150 85
20.6875 -7.5000 3.3930 191 195 170
-14.1875 -14.5000 0.0370 198 155 60
-13.0000 2.5000 1.0190 173 156 182
2.5625 5.5000 1.2830 200 48 202
-8.8125 3.0000 1.0790 173 126 235
16.6875 8.0000 2.5100 214 155 99
8.8125 -8.5000 1.1420 193 56 172
21.4375 -3.5000 3.1390 196 175 139
1.6875 -20.5000 0.0370 159 108 85
16.4375 19.5000 2.2990 206 171 80
-0.9375 2.0000 2.7500 140 254 192
-24.4375 0.5000 0.0340 163 94 117
11.3125 17.0000 2.2010 223 147 84
-25.9375 -9.5000 0.0420 179 129 95
22.8750 5.5000 6.3280 108 98 118
-7.2500 14.0000 2.3600 156 225 139
11.6250 4.0000 2.7310 185 188 131
-6.3750 15.0000 7.5800 71 113 198
9.3125 18.0000 2.0280 237 116 82
0.4375 -25.0000 0.0360 170 150 101
6.8125 -0.5000 1.2230 199 59 172
0.8125 21.5000 1.9940 222 124 113
16.3750 -1.0000 2.9540 192 173 121
9.5625 -23.5000 1.0810 194 100 194
-2.8750 -13.0000 0.0390 149 115 112
11.5000 17.5000 2.1790 226 139 79
19.2500 5.5000 2.6480 195 174 102
1.5625 12.5000 1.7480 244 77 113
-13.2500 19.5000 7.3400 60 134 228
6.2500 -25.0000 0.0380 167 109 86
16.3125 16.5000 2.2110 221 157 72
-12.3125 -12.5000 0.0320 198 163 52
7.4375 22.0000 2.0210 234 106 108
2.6875 0.5000 1.0990 183 82 204
13.8750 -20.5000 2.5870 169 215 135
18.1875 16.0000 2.4290 198 185 97
-3.7500 -14.0000 0.0390 173 135 62
4.4375 -3.0000 1.1020 178 58 222
9.5000 10.0000 2.5170 189 169 113
7.8750 -18.0000 1.0710 166 139 181
-10.5000 2.5000 1.0500 172 162 157
-25.1875 -16.5000 0.0390 172 144 51
-13.1875 0.0000 0.0410 175 114 111
7.6875 -13.0000 1.0870 186 64 196
-16.8125 4.5000 1.0960 178 156 204
-20.6250 17.0000 5.3730 70 149 254
-4.0625 -3.0000 0.0380 166 137 99
-11.5625 6.5000 1.1960 185 63 237
3.9375 -18.0000 0.0390 162 124 89
-18.8750 -11.5000 0.0370 185 146 49
-4.3750 -20.0000 0.0380 183 127 75
10.0000 11.5000 2.4450 194 171 115
-18.3750 13.0000 2.3630 160 222 120
3.7500 -10.5000 1.0670 169 146 200
6.7500 -25.5000 0.0290 152 51 109
21.1250 18.5000 2.7730 161 236 139
18.6875 -5.5000 3.2450 208 180 148
-5.6875 -27.5000 0.0280 173 133 51
0.8125 11.0000 1.6570 227 75 134
5.0000 21.5000 2.2430 204 131 116
14.0000 5.0000 2.5650 223 170 97
6.1875 3.0000 1.3030 199 65 158
-23.1875 16.5000 4.6670 84 170 254
-10.1250 20.0000 7.3460 56 137 223
-18.8125 -2.0000 0.0200 161 97 140
12.3125 -22.0000 1.0870 194 72 164
7.0625 22.0000 2.1660 217 128 106
-19.2500 13.0000 3.5920 107 217 241
4.8750 -2.5000 1.1170 181 48 205
19.3125 19.0000 2.6670 166 226 126
19.9375 5.5000 2.7620 194 185 117
-16.0000 -11.0000 0.0270 192 138 36
-9.2500 16.0000 7.3140 67 131 223
3.2500 -1.0000 1.0900 180 71 190
-0.4375 0.5000 0.1650 166 102 139
-17.8125 -16.5000 0.0350 177 156 55
18.8125 -18.0000 4.3320 132 184 205
6.0625 -16.0000 1.0240 176 164 161
2.3750 -27.5000 0.0400 163 135 80
14.7500 -2.0000 3.1710 178 186 149
10.3750 2.0000 2.5660 187 187 91
11.3750 12.5000 2.2030 228 153 71
-8.1875 12.0000 1.6380 227 129 138
-20.8125 -21.0000 0.0340 184 144 32
-19.3125 -3.5000 0.0330 171 98 97
5.6875 -17.0000 0.9460 176 166 161
22.0625 14.5000 2.0920 215 151 11
-12.0625 -26.5000 0.0390 175 125 57
21.8125 -1.5000 3.0660 195 182 138
20.7500 -14.5000 3.9760 178 171 174
19.4375 -23.0000 5.7920 65 184 182
-8.3750 -10.5000 0.0460 180 135 56
-0.6250 -2.0000 0.0380 150 98 109
-10.0625 -14.5000 0.0390 180 136 45
12.6250 -10.5000 2.8370 171 211 116
-5.2500 8.5000 1.3300 201 71 200
-5.3125 -0.5000 0.0400 148 127 118
22.2500 10.5000 3.3980 137 174 170
21.8750 -22.0000 4.4840 125 183 198
-17.6250 14.0000 1.6770 225 123 112
-4.1875 -25.5000 0.0310 189 117 71
-22.1875 5.0000 1.1340 186 134 186
4.7500 -5.5000 1.0860 180 67 214
11.9375 2.5000 2.8570 183 175 126
-8.7500 -11.0000 0.0440 179 136 52
0.1250 -9.0000 0.0340 160 102 113
1.2500 17.5000 1.9210 251 89 102
16.5625 -4.5000 3.1210 199 195 135
22.0000 14.0000 1.7860 240 92 14
-8.8125 7.5000 1.2090 195 67 247
14.3125 -8.5000 3.5420 176 187 153
-15.6875 11.0000 2.0280 190 195 91
8.5625 -21.0000 1.1160 169 174 163
-0.5000 19.5000 1.8490 249 101 110
-17.1875 -7.5000 0.0500 166 127 67
5.1250 -5.0000 1.1110 182 65 211
19.4375 -22.5000 2.6760 177 252 107
-17.9375 16.5000 4.5030 92 165 254
9.8125 -26.5000 1.0530 170 134 176
-10.6875 -8.0000 0.0400 193 140 74
-13.8750 7.0000 1.1920 187 74 230
18.2500 -13.0000 3.8410 161 190 174
5.8125 8.5000 2.2360 181 180 82
18.9375 7.0000 2.5510 198 174 76
13.5000 -9.5000 3.8790 144 185 180
-25.9375 18.5000 7.4470 67 129 224
-16.6250 3.0000 0.1170 175 96 152
5.6875 -13.0000 1.0740 185 126 177
6.1250 -15.5000 1.0670 177 141 169
10.0000 -12.5000 1.1260 197 64 176
16.1875 0.0000 2.8840 202 170 112
-11.7500 -18.0000 0.0380 180 148 34
14.7500 -12.0000 3.3410 175 215 140
-2.1250 -19.0000 0.0350 170 127 102
3.4375 -21.5000 0.0420 169 132 89
-19.6250 -0.5000 0.0410 153 104 108
-20.8750 5.0000 1.1200 178 139 206
-12.9375 14.0000 4.9430 81 164 249
16.3125 -4.5000 3.1400 197 193 137
8.3125 21.5000 2.0390 237 109 104
17.0000 -10.5000 3.7760 173 201 186
18.0625 -17.5000 4.2370 135 176 192
13.5000 16.5000 2.2150 224 145 83
19.8125 22.0000 2.5690 162 195 113
-10.5000 -9.5000 0.0300 161 148 59
5.5000 -12.0000 1.0760 180 109 191
-11.3750 -10.5000 0.0310 162 151 61
-12.5625 -5.5000 0.0500 167 135 91
-8.7500 -11.0000 0.0340 179 135 51
20.4375 13.0000 3.6340 122 179 202
-3.1875 -15.0000 0.0290 175 130 108
19.6875 17.0000 2.6700 174 214 128
17.1250 -18.5000 4.8100 105 147 207
-1.5000 5.0000 1.1730 183 51 207
-14.0000 2.0000 0.0660 158 95 127
-2.3750 21.5000 6.3670 85 121 223
-15.2500 20.5000 7.3140 75 135 208
17.0625 4.5000 2.6760 207 170 108
-24.1250 15.0000 1.7250 227 117 88
-19.0625 6.5000 1.1600 186 73 233
-13.7500 -21.0000 0.0400 175 166 49
-16.4375 13.0000 3.1010 125 238 233
15.8125 3.5000 2.6930 209 158 103
16.5625 -6.0000 3.2180 208 199 130
3.0000 21.5000 2.1330 217 132 104
-1.0000 -8.0000 0.0310 145 130 77
-5.8125 11.0000 1.3980 217 49 192
22.5000 -12.5000 3.8480 180 154 162
-19.0625 4.5000 1.1140 179 142 194
2.1875 2.5000 1.1460 189 80 211
-8.2500 -24.5000 0.0510 185 135 72
16.8750 -16.0000 3.8370 155 199 181
-20.7500 11.0000 3.8180 90 209 254
-6.8125 -13.0000 0.0310 161 127 41
-10.0000 18.5000 7.8640 55 132 214
2.8125 -12.5000 0.0340 174 109 88
3.9375 19.0000 2.0990 239 137 85
10.1250 0.0000 2.6920 172 196 125
18.2500 1.5000 2.8540 202 176 117
-6.0625 -11.5000 0.0260 156 117 75
14.8750 -6.0000 3.4080 195 177 143
-9.6250 10.0000 1.3710 210 80 170
-12.1250 8.5000 1.2400 189 78 231
-3.6250 13.0000 1.5280 233 66 166
3.7500 1.5000 1.1230 188 28 212
15.1875 -14.0000 4.5400 102 133 144
8.3125 10.5000 2.6680 168 189 139
-12.9375 -3.0000 0.0320 165 137 97
-7.0000 8.5000 1.2740 198 68 212
-2.1875 -8.0000 0.0330 145 138 81
-1.5000 6.5000 1.2960 195 56 200
-22.3750 19.0000 7.2830 55 138 218
-25.3750 19.5000 7.5240 62 126 221
14.6875 16.5000 2.2020 226 143 76
22.3750 9.0000 3.6150 133 165 169
9.3750 -26.0000 1.0440 170 138 178
4.1875 -22.0000 0.0360 162 106 122
-1.7500 -15.0000 0.0360 169 117 101
8.6250 -23.5000 1.0670 188 155 172
-23.0625 14.0000 2.9500 128 254 194
14.7500 8.5000 2.4560 216 146 73
-1.8125 1.0000 1.0590 169 135 201
0.7500 6.0000 1.2940 198 56 201
-15.0000 -11.0000 0.0470 180 144 66
22.5625 -18.5000 4.3030 161 174 182
-16.0000 -5.5000 0.0380 170 140 77
-23.2500 -10.5000 0.0380 188 134 70
-5.8125 9.5000 1.2970 207 44 206
20.5000 -9.5000 3.5660 196 185 170
13.9375 -23.0000 1.1000 200 80 190
-20.0000 16.0000 1.6930 234 121 121
19.7500 -12.5000 3.7650 188 179 187
6.8125 -19.5000 1.0530 164 148 178
-1.1250 -12.0000 0.0430 152 108 110
8.6875 7.0000 2.6160 178 195 126
8.2500 13.5000 2.4090 193 190 106
17.4375 -7.0000 3.3030 209 213 151
-19.3125 -28.0000 0.0310 175 129 24
16.5625 -20.0000 4.1600 123 179 200
-2.0000 -8.5000 0.0350 145 137 78
17.4375 9.0000 2.4600 206 155 74
-13.6250 -4.5000 0.0260 160 122 94
-16.8750 -17.0000 0.0330 179 149 48
5.5000 -6.5000 1.0870 172 81 200
-20.9375 -28.0000 0.0380 181 129 28
-13.7500 -15.5000 0.0350 188 156 54
-17.1250 4.0000 1.1070 177 161 201
-6.5000 -13.0000 0.0300 159 127 39
-2.1250 4.5000 1.1530 180 51 211
4.0625 -6.0000 1.0610 178 102 206
15.6250 -22.0000 2.5940 163 216 118
-18.8750 4.0000 1.0770 164 172 201
20.3750 -13.0000 3.8680 183 179 188
15.9375 13.0000 2.2610 217 151 65
10.9375 0.5000 2.5980 190 191 88
-11.8750 14.5000 5.3120 77 162 254
1.5000 11.0000 1.6650 230 78 128
-20.1875 3.5000 0.9260 168 134 209
1.0625 -26.0000 0.0350 175 146 97
-11.6875 16.0000 7.4370 51 128 230
14.9375 -11.0000 3.3950 164 214 153
7.3750 19.0000 2.1580 233 146 87
20.8750 -9.0000 3.5350 196 172 171
-14.6875 5.5000 1.1150 176 105 219
9.8750 -27.5000 0.4530 159 109 144
20.1250 -24.5000 5.8780 72 191 178
19.1250 14.5000 2.4880 196 195 99
2.1875 20.0000 2.0340 234 127 89
-25.2500 9.0000 1.2050 188 71 225
14.6875 5.5000 2.5910 220 165 100
10.3750 -7.5000 2.2610 190 187 62
5.8750 -8.0000 1.0830 173 83 188
4.2500 6.5000 1.4500 232 48 148
5.2500 20.5000 2.2250 213 144 104
-7.0625 -16.5000 0.0360 173 133 55
7.4375 4.0000 2.2120 193 186 73
-8.0625 -18.0000 0.0350 179 147 50
17.3750 -9.0000 3.4100 204 218 148
-16.6250 16.0000 1.8040 233 145 110
16.1250 3.0000 2.7540 196 172 113
-13.6875 -11.0000 0.0380 184 133 61
0.4375 -7.0000 0.0350 147 117 102
15.9375 -11.0000 3.7970 162 187 174
14.2500 17.0000 2.1810 226 139 76
10.5000 -4.0000 2.4390 188 187 75
9.9375 -5.5000 2.2780 185 180 80
-5.1875 -4.0000 0.0380 175 121 101
21.6250 4.5000 2.9600 181 190 144
-4.6250 3.5000 1.1110 189 71 229
5.9375 -22.5000 0.0330 163 93 114
-25.5000 18.0000 7.4010 61 135 221
8.6875 -16.0000 1.0890 180 100 205
22.3125 17.5000 1.3770 223 62 90
17.6250 4.5000 2.6540 209 168 103
-18.5000 -4.5000 0.0330 178 129 95
0.5000 3.5000 1.1270 175 45 224
-13.5625 13.5000 1.9390 212 184 91
3.1875 5.5000 1.2400 205 44 194
4.3125 -2.0000 1.1320 183 47 207
19.6875 -23.5000 1.1210 212 129 158
-12.6875 10.5000 1.3480 204 95 174
-8.7500 -25.0000 0.0420 186 136 72
4.5625 -20.0000 0.0400 159 130 86
4.4375 -23.0000 0.0330 163 103 118
-0.4375 11.0000 1.5950 229 83 156
-12.6875 17.5000 7.2820 68 111 212
-1.3750 -5.0000 0.0350 172 127 72
20.5000 -4.5000 3.2660 208 195 147
-5.9375 7.5000 1.2240 183 60 237
21.5625 -5.0000 3.2640 209 184 133
8.7500 -23.0000 1.0740 173 172 157
-10.5625 2.0000 0.4470 166 132 164
-12.2500 0.0000 0.0330 151 88 153
-20.4375 4.5000 1.0910 178 139 206
-24.3750 15.5000 1.7490 231 116 98
12.3750 -6.5000 4.8320 96 140 161
-26.3750 -16.0000 0.0370 182 146 70
-20.5000 11.0000 2.0960 178 218 74
18.1250 -3.5000 3.1350 193 171 124
18.3750 -6.5000 3.3260 202 178 146
2.6250 -11.5000 0.0320 171 122 82
7.1250 -21.0000 1.0510 156 190 165
17.1250 1.5000 2.7980 205 179 114
-10.6250 2.5000 1.0330 171 163 158
4.0000 9.5000 1.7120 239 69 92
-18.7500 15.0000 3.0190 135 229 213
-7.6250 21.0000 7.3310 65 130 220
11.3125 1.0000 2.8810 170 204 136
-26.3125 -26.0000 0.0390 169 136 64
-2.0000 -6.0000 0.0500 155 126 90
-3.0000 -16.0000 0.0340 180 128 104
1.0000 11.0000 1.6490 229 72 134
7.0000 11.5000 4.0790 120 140 210
21.6250 2.0000 3.0580 187 173 128
-20.8750 0.0000 0.6130 184 185 117
-19.9375 7.5000 1.1650 202 62 228
-21.9375 -4.0000 0.0330 160 107 72
-15.2500 1.0000 0.0320 158 102 116
-8.0000 -10.0000 0.0390 179 131 59
17.3750 14.0000 2.4570 195 176 93
-0.8125 2.5000 1.0350 170 128 207
-17.0625 -8.5000 0.0210 167 123 55
-19.7500 -24.5000 0.0400 193 133 33
20.8750 -2.0000 3.0730 193 190 147
19.2500 -18.0000 4.3240 143 190 193
7.5625 17.5000 2.1910 228 160 89
7.0625 -24.0000 0.0400 157 45 122
-2.2500 -25.0000 0.0400 178 130 67
0.3750 -10.0000 0.0380 169 115 98
-13.9375 19.5000 7.3040 59 136 231
2.0625 14.0000 1.8380 236 100 105
-2.6250 4.0000 1.1270 176 53 212
13.1875 -22.0000 1.1530 203 80 183
-2.0625 21.0000 1.9270 226 130 124
3.1250 8.5000 1.5740 227 77 128
-4.2500 -16.0000 0.0430 163 147 68
-13.5625 0.0000 0.5980 166 196 127
0.0000 19.5000 1.8910 250 101 103
14.8750 -3.5000 3.2810 176 195 151
19.3125 -25.0000 1.0780 192 165 147
12.0625 8.0000 2.3720 212 162 79
-10.8750 14.5000 4.8420 90 159 254
22.6250 -8.5000 3.6100 193 157 155
-17.1875 15.0000 5.1630 76 145 254
1.2500 -1.0000 1.0590 158 106 204
-17.3750 16.5000 7.5750 50 119 219
-14.7500 -25.0000 0.0370 184 141 67
-19.3125 16.5000 3.0040 135 244 230
4.8125 -13.0000 1.0540 183 129 180
6.3125 18.0000 2.1840 217 137 91
6.3750 1.0000 1.1890 187 48 164
3.6875 2.0000 1.1420 187 32 212
-22.9375 -13.5000 0.0380 202 131 47
14.2500 1.5000 2.7320 208 179 95
19.6875 8.0000 2.7100 183 187 101
7.1250 -26.5000 0.0470 151 54 104
-11.5625 18.0000 7.2780 58 121 221
-16.4375 17.0000 7.2600 55 120 222
21.3750 11.5000 3.5160 129 179 185
-5.6250 -0.5000 0.0420 147 104 122
-14.1250 -11.0000 0.0420 183 137 64
18.0625 18.0000 2.3860 198 175 80
7.8750 -19.5000 1.0730 170 139 177
-11.5000 -6.5000 0.0420 183 141 90
-2.1875 13.0000 1.5800 231 41 159
4.4375 18.0000 2.1140 237 138 83
6.4375 -19.0000 1.0590 161 149 179
-23.8125 -10.5000 0.0370 187 139 74
-13.0625 -21.0000 0.0410 183 159 37
15.8125 15.0000 2.1960 225 148 77
2.6250 5.0000 1.2220 185 54 212
5.3750 -18.0000 0.0460 155 124 97
-19.7500 9.5000 1.2410 193 73 193
16.0000 -19.5000 4.1760 123 175 203
-19.8125 13.0000 3.4210 111 230 242
18.4375 -7.5000 3.4010 203 199 153
-22.5000 1.5000 0.0310 163 94 116
-0.3125 5.5000 1.2480 194 57 200
11.3750 -11.5000 2.8660 151 215 154
-21.5000 -19.0000 0.0430 202 155 44
3.3125 -23.0000 0.0370 164 120 110
-24.6250 5.5000 1.1070 180 98 210
12.3125 11.0000 2.3140 216 152 63
17.6875 -12.0000 3.8750 161 184 179
-14.5625 13.5000 2.5340 152 241 175
1.8125 18.5000 1.9780 248 112 81
-10.8125 -19.0000 0.0320 171 148 47
-3.3750 17.0000 1.7720 233 108 126
12.5000 -2.5000 4.3360 126 107 179
3.0625 6.5000 1.3880 215 42 176
21.5625 -23.0000 4.5570 124 171 201
11.3750 -25.0000 1.0870 184 81 208
20.0000 15.0000 3.6220 116 190 201
-17.6250 10.5000 2.2800 168 223 114
4.1250 -1.0000 1.1210 181 46 213
5.1875 -7.5000 1.1020 177 83 197
-8.2500 12.5000 1.9930 189 195 93
-14.3750 17.0000 7.2750 53 122 225
7.2500 -11.5000 1.1260 191 77 197
6.5000 -13.0000 1.0520 178 69 203
-22.1250 5.0000 1.1370 186 134 186
10.5000 2.0000 2.5890 187 190 94
-0.5625 3.0000 1.0730 179 101 201
2.1875 -1.0000 1.0810 163 100 200
-1.4375 -25.0000 0.0410 179 126 67
23.2500 -2.0000 3.3540 188 157 145
7.5000 -13.0000 1.0880 186 64 196
-3.1250 -22.5000 0.0350 159 131 69
-18.6250 -23.0000 0.0390 172 157 53
-8.3125 8.0000 1.2760 202 72 231
3.6250 13.0000 1.8980 228 113 82
-21.1875 -26.5000 0.0400 185 129 37
-25.2500 5.5000 1.1120 178 100 212
7.1250 -9.5000 1.1190 190 57 183
5.8125 4.0000 1.4320 212 72 131
-3.1250 -15.0000 0.0450 176 132 108
23.1875 10.0000 1.9480 229 114 10
-18.1250 19.0000 7.2670 57 129 240
-16.5000 2.5000 0.4640 173 142 146
-16.4375 10.5000 2.2140 175 216 103
15.1250 10.0000 2.4710 209 157 99
1.2500 19.5000 1.9430 247 102 86
14.5625 -17.0000 3.2770 159 207 150
-12.3125 17.0000 7.2790 65 125 212
-0.1250 17.0000 1.8520 250 80 129
10.7500 -6.0000 2.7670 152 202 142
12.1250 8.5000 2.3470 209 148 78
19.5625 -22.0000 5.6970 85 173 174
22.4375 -5.0000 3.2830 204 164 134
-20.1250 2.0000 0.0620 173 120 124
19.7500 -24.0000 5.9510 74 186 172
8.5000 13.5000 2.3470 199 183 95
-23.6250 8.5000 1.2010 177 76 226
22.9375 4.0000 2.9780 182 162 118
-15.5625 -9.5000 0.0260 186 144 65
21.2500 -7.5000 3.4700 185 190 171
-20.1875 -12.0000 0.0370 186 145 65
-3.6875 15.0000 1.6140 236 65 153
22.4375 16.0000 1.3580 223 64 90
-21.2500 0.0000 0.6780 182 193 117
-9.3750 -20.0000 0.0400 174 161 50
4.3125 20.0000 2.1520 227 143 93
10.8750 22.0000 2.1020 220 110 103
20.2500 20.0000 1.3790 225 75 113
-15.1875 15.0000 1.7070 227 127 129
-9.6875 12.5000 1.6780 227 131 122
5.9375 5.0000 1.7750 211 140 69
-26.1250 3.5000 0.4090 163 126 185
18.5625 16.0000 2.3980 200 180 91
-9.2500 14.5000 3.1380 129 232 240
-24.3125 -14.5000 0.0330 188 133 49
-2.1875 -5.5000 0.0370 170 131 74
22.4375 0.0000 3.2210 185 160 144
-19.8750 8.5000 1.1670 197 67 226
12.0625 -20.5000 1.1120 196 77 159
-14.5625 -15.0000 0.0430 182 165 60
3.5625 -17.5000 0.0430 162 126 96
9.8750 -18.5000 1.1300 188 72 185
-1.5000 -24.5000 0.0340 176 125 70
-13.8750 19.5000 7.2810 59 137 230
19.5625 4.5000 2.6790 203 182 104
-6.5625 12.5000 1.9960 189 187 97
-25.5000 3.5000 0.0340 148 111 161
15.8125 -15.0000 3.4280 178 208 152
4.3750 6.0000 1.3790 213 58 178
-15.3750 -27.5000 0.0360 177 132 67
6.5000 10.0000 2.2900 191 171 84
0.1250 -17.0000 0.0330 163 88 90
-2.1250 -1.0000 0.0340 146 111 118
3.2500 -9.5000 1.0520 172 173 164
-10.4375 18.0000 7.3250 59 137 221
10.0000 15.5000 2.1260 229 139 78
12.0000 -4.5000 2.7910 170 193 108
-14.3125 20.0000 7.3030 62 135 230
-12.3125 19.0000 7.2720 59 124 226
-12.7500 -11.5000 0.0290 184 150 53
-21.1875 16.5000 1.8380 219 152 104
21.1250 -25.5000 4.9210 90 217 197
4.5625 4.5000 1.2350 202 44 184
-12.5625 1.0000 0.0350 154 86 126
-22.1250 -10.5000 0.0380 186 129 62
-13.6250 11.0000 1.3840 212 93 174
-16.6250 -12.0000 0.0380 198 154 36
5.0625 -6.5000 1.1190 176 84 202
20.9375 -25.0000 4.9250 89 215 202
-11.3750 6.5000 1.1880 185 63 238
-3.2500 20.0000 5.3040 96 134 242
5.2500 -23.0000 0.0400 164 99 114
0.4375 13.5000 1.7320 240 63 126
-19.4375 6.0000 1.1290 185 104 212
14.8750 1.5000 2.7260 210 176 91
21.6250 -2.5000 3.1270 197 173 140
21.9375 2.0000 3.1300 180 168 133
-3.2500 -3.5000 0.0380 164 127 84
-15.9375 13.5000 1.6980 222 131 106
0.5625 -1.5000 1.0910 158 116 198
12.2500 10.0000 2.3230 208 160 72
8.5625 19.0000 2.0560 248 126 79
-18.7500 21.0000 7.5880 63 131 221
11.1250 -24.0000 1.0890 184 82 212
-1.1875 2.5000 2.7430 139 249 192
-14.1875 -8.0000 0.0240 183 126 86
9.7500 -17.0000 1.1000 180 70 169
18.2500 13.5000 2.4780 195 176 93
-14.5625 10.5000 1.9190 201 184 106
-8.3125 8.5000 1.2930 198 74 212
10.0000 -18.5000 1.1020 187 70 186
-4.8125 17.0000 1.6250 234 90 123
10.3750 -22.0000 1.0860 195 72 182
11.3750 8.0000 2.6080 192 184 128
4.6250 -11.5000 1.0600 172 141 190
-15.3125 -19.5000 0.0370 184 156 59
2.1875 12.0000 1.7570 233 80 115
-23.8125 20.0000 7.3220 53 134 222
20.0000 -26.0000 1.0460 191 170 145
16.0625 -24.0000 1.0880 199 101 172
18.0000 0.5000 2.9170 200 177 122
-13.8750 1.5000 0.7270 167 182 159
16.3125 -7.5000 3.5470 191 194 172
-4.0000 5.5000 3.3050 114 223 254
-22.3125 -28.0000 0.0780 183 139 46
-26.2500 2.0000 0.0340 142 99 149
-9.1875 5.0000 1.0860 179 73 230
2.4375 13.0000 1.8670 234 110 99
18.6875 1.5000 2.8530 202 171 112
-22.1875 7.0000 1.1740 176 79 218
-10.0625 2.0000 0.9870 172 164 153
23.5000 17.0000 1.3550 218 66 85
19.5625 13.0000 2.5530 190 196 96
-1.2500 11.5000 1.5680 230 74 171
-21.0000 -20.0000 0.0400 206 153 36
18.5000 -23.0000 2.6960 165 239 113
4.0625 17.5000 2.0390 243 128 91
-6.5625 -16.0000 0.0350 170 133 53
23.1875 6.0000 2.6670 192 169 69
12.8750 3.0000 2.8090 194 169 130
4.3125 -16.5000 0.0340 170 103 110
10.6875 6.5000 2.6580 189 186 132
8.5000 13.5000 2.3830 196 185 101
19.8750 20.5000 1.5130 227 82 91
14.9375 17.0000 2.1480 229 132 71
2.3125 -27.0000 0.0520 164 137 82
-11.4375 10.5000 1.3980 214 80 169
-17.1250 -7.0000 0.0380 165 128 67
1.4375 22.0000 2.0310 215 125 117
15.1875 -10.5000 5.4140 111 122 168
-15.2500 4.5000 1.1220 178 110 214
4.3750 17.5000 2.0870 236 143 85
-23.0625 -19.5000 0.0340 208 128 61
-17.2500 12.5000 2.7570 143 243 190
-5.8125 16.0000 1.5550 227 79 134
-25.8125 -15.5000 0.0380 179 140 56
-4.5000 -20.5000 0.0340 183 126 71
15.5625 11.0000 2.3850 213 150 69
-4.6875 2.5000 1.0460 175 161 194
-2.5000 11.5000 1.5190 223 53 180
13.6250 -17.5000 2.7970 157 217 146
0.0000 15.5000 1.7700 245 68 134
-10.6875 -9.0000 0.0470 159 154 62
-9.8750 12.0000 2.2780 163 221 116
7.4375 -13.0000 1.1040 187 65 196
-10.8750 0.0000 0.0350 163 101 110
-10.6250 4.5000 1.1370 176 96 218
-19.0000 -24.5000 0.0390 192 130 29
-7.5000 15.0000 3.0720 136 243 237
18.7500 -23.5000 1.1110 207 120 153
-15.4375 -22.5000 0.0350 173 156 38
-18.4375 18.5000 7.8410 57 120 227
21.1250 3.0000 3.0280 179 181 146
8.5625 17.5000 2.1670 223 143 87
-24.1250 -23.0000 0.0340 198 143 52
-20.2500 3.0000 0.8360 164 152 203
-3.5625 -15.0000 0.0340 164 147 64
-3.5625 -6.0000 0.0340 166 126 103
10.6875 9.5000 2.5030 193 174 106
3.8750 -16.0000 0.0410 165 109 112
2.8125 -0.5000 1.0910 173 86 199
23.0625 4.5000 5.1350 126 98 134
-6.6250 11.0000 1.3970 204 78 182
4.3125 -14.5000 0.0420 166 102 117
15.3125 -17.0000 3.3490 166 211 139
4.9375 -18.5000 0.0360 156 127 93
11.2500 8.0000 2.6100 192 185 129
3.6875 10.0000 1.7210 237 69 94
20.4375 -0.5000 2.9970 199 183 137
17.6250 -24.5000 1.0640 199 113 175
1.8125 16.0000 1.9010 248 91 106
-2.9375 -2.5000 0.0370 150 115 90
3.4375 -26.0000 0.0380 167 125 77
-0.2500 7.0000 1.3870 201 64 180
20.8750 -21.5000 4.4770 123 185 206
5.6250 -17.0000 1.0090 177 167 156
17.0625 21.5000 2.3090 190 157 87
16.1250 0.0000 2.8850 202 170 112
-0.5000 -28.0000 0.0380 165 134 82
-8.6250 2.0000 1.0540 167 133 208
-8.0000 21.5000 7.2740 72 129 218
7.2500 -17.0000 1.0660 173 115 201
6.1250 -8.0000 1.1220 177 64 169
12.1875 -18.5000 1.1310 197 75 171
-5.3750 2.5000 1.0570 182 123 208
-0.6875 4.5000 1.1470 181 51 206
10.8750 -14.5000 1.1280 203 64 163
21.7500 2.0000 3.1060 182 171 132
-1.1250 -18.5000 0.0400 168 122 102
-10.5625 14.5000 1.7610 225 143 124
-6.3750 -4.0000 0.0370 179 136 92
-18.2500 15.0000 5.3010 68 143 254
-12.6875 -9.0000 0.0480 178 140 74
-10.0625 20.0000 7.3040 58 137 222
9.0625 -4.0000 2.3710 160 203 120
-1.9375 0.5000 0.0340 171 87 158
13.8125 -6.0000 3.3830 166 192 152
0.0625 4.5000 1.1650 188 51 209
0.9375 7.0000 1.3480 215 36 177
5.0625 21.0000 2.2620 206 142 114
13.5625 -26.0000 1.0670 192 70 214
-7.3750 -9.5000 0.0440 175 128 63
5.1875 -4.0000 1.0890 179 62 218
15.6875 -26.5000 1.0520 184 103 193
9.9375 14.0000 2.2130 216 151 84
-17.2500 22.0000 7.2940 74 116 221
-3.5000 5.5000 3.2650 117 220 252
16.8125 21.5000 2.3130 195 160 87
1.2500 -10.0000 0.0370 172 113 97
22.9375 -5.0000 3.3130 204 160 132
20.8750 19.0000 2.7080 165 235 131
-6.8750 -4.5000 0.2550 179 173 100
-17.0000 19.0000 7.2790 53 128 237
23.3750 1.0000 3.2150 184 145 128
2.3125 18.0000 1.9630 240 112 90
-19.0625 -19.5000 0.0360 203 141 33
-12.4375 -9.0000 0.0440 176 136 85
-10.0000 -0.5000 0.0340 162 97 104
-22.0625 12.0000 3.5160 97 225 231
-8.4375 12.5000 1.7530 220 138 105
-0.6250 7.5000 1.3920 205 64 182
-4.8125 16.0000 1.6880 238 103 110
-14.0625 5.0000 1.1310 182 109 213
3.6250 4.0000 1.1910 192 40 198
12.7500 -4.0000 5.7170 111 95 147
5.1875 -15.0000 4.0550 104 211 222
12.9375 -12.0000 3.2340 157 224 165
22.0000 -6.5000 3.4180 194 177 161
-6.1250 20.0000 7.3300 60 147 229
-24.0625 -2.5000 0.0270 179 96 103
-25.8125 2.5000 0.0370 145 102 154
-17.2500 -14.0000 0.0370 188 148 38
17.2500 -26.0000 1.0870 199 115 171
-6.8125 -1.5000 0.2750 165 170 102
10.2500 -9.5000 1.1280 200 68 150
-13.5000 5.5000 1.1530 180 110 209
0.0625 10.0000 1.5830 223 65 143
8.6875 17.0000 2.1490 223 154 86
-2.1250 9.0000 1.4330 219 76 198
11.6250 -2.0000 4.7290 97 117 180
-19.5625 12.5000 3.8630 94 203 242
2.8750 21.5000 2.1060 219 127 101
2.0000 -9.5000 0.0380 171 107 103
9.5625 -1.0000 2.5600 174 201 113
-6.2500 15.5000 1.7130 227 121 113
-26.5000 -25.5000 0.0350 169 136 65
-13.0000 -23.0000 0.0370 188 150 44
15.9375 -20.5000 2.8010 178 218 116
-25.0000 8.5000 1.1890 187 71 224
-4.0625 19.0000 1.7580 251 117 122
-19.3750 0.5000 0.0350 175 117 109
12.3750 -7.0000 3.1340 140 200 163
18.6250 -12.5000 3.7170 180 196 176
2.3125 -8.0000 0.0620 161 91 106
17.5625 11.5000 2.3240 212 140 58
9.9375 17.5000 2.1120 238 141 87
-11.8125 2.5000 1.0610 177 145 202
18.2500 1.5000 2.8550 201 176 117
-17.5000 -19.5000 0.0290 193 148 40
15.3125 -24.5000 1.1140 194 87 201
-4.3750 10.0000 1.3890 225 46 188
1.8125 -17.5000 0.0410 167 104 84
-6.2500 11.5000 1.4540 220 72 179
0.2500 -15.0000 0.0390 168 106 84
-21.5625 -19.0000 0.0340 202 154 44
22.8125 -9.5000 3.6370 195 153 149
22.3750 -2.0000 3.2790 190 162 146
-8.0625 -6.5000 0.0420 174 131 80
-7.5625 -27.0000 0.0450 184 132 55
10.1250 -23.0000 1.0980 195 69 181
-7.7500 7.0000 1.2200 200 69 239
-20.0625 22.0000 7.2860 75 129 222
12.1875 -23.0000 1.1250 196 67 211
19.4375 -2.0000 3.0870 190 185 153
12.1250 -17.0000 2.6500 154 198 133
-17.8750 14.5000 4.5380 93 170 254
-7.3750 -26.5000 0.0210 188 125 56
-0.4375 -23.0000 0.0320 168 140 77
-5.6875 4.5000 1.1440 188 75 235
8.4375 21.5000 2.0450 236 111 104
7.0000 -21.0000 1.0400 162 188 164
-6.6250 -17.0000 0.0460 164 151 56
12.8750 21.0000 2.0840 233 121 82
-0.5625 17.0000 1.7940 244 77 139
16.3125 10.5000 2.3960 209 151 72
-18.0000 15.5000 5.0050 80 150 254
16.3750 -4.5000 3.1060 200 194 133
-14.8125 9.5000 1.7390 216 143 117
6.4375 -10.5000 1.0800 185 56 188
-3.6250 17.5000 1.7990 238 123 116
-12.8125 19.5000 7.2930 63 134 225
4.2500 5.0000 1.2620 202 44 184
-1.6875 13.0000 1.6240 236 52 148
-11.8125 9.0000 1.2610 195 78 224
13.5000 -12.0000 3.2190 159 228 161
-21.7500 9.5000 1.2020 190 56 214
16.3125 19.0000 2.3220 207 175 84
13.3750 -10.0000 3.9530 139 181 184
-1.1250 -14.0000 0.0440 156 104 104
17.3125 4.0000 2.6810 205 173 107
16.2500 17.5000 2.3400 211 173 101
-9.8125 -23.0000 0.0290 179 134 64
-21.7500 4.0000 1.0780 175 140 187
16.3125 -21.0000 2.7860 176 220 115
-5.8750 -9.5000 0.0450 167 149 60
-11.5000 17.0000 7.2850 52 125 231
1.2500 -26.5000 0.0420 175 145 96
10.8750 -20.5000 1.1120 197 76 170
6.7500 2.5000 1.6450 223 95 91
-16.3125 14.5000 4.4350 97 154 254
-6.0000 -6.5000 0.0360 185 130 86
3.1875 -1.0000 1.1210 182 72 190
-13.5625 13.0000 5.4130 66 156 247
-3.0625 4.0000 1.1220 182 66 218
3.6875 -20.5000 0.0410 143 126 102
16.8125 -21.0000 2.9570 164 239 139
19.3750 -5.0000 3.2750 208 189 148
-13.5625 -16.0000 0.0420 191 153 51
23.3750 -1.5000 3.3490 186 176 151
-17.8125 0.5000 0.0300 169 111 132
12.3750 -4.5000 2.9690 159 192 131
-4.6875 -0.5000 0.0340 149 122 115
22.3125 8.0000 3.7590 128 157 168
10.0000 17.0000 2.0890 231 131 81
-7.5625 -1.5000 0.0340 156 118 115
16.9375 -3.5000 3.1000 200 191 130
2.5625 1.0000 1.1060 185 80 207
16.8750 -26.0000 1.3530 224 131 130
-19.1875 20.5000 7.2740 63 135 226
21.1875 -8.5000 3.5330 194 170 167
-2.2500 4.5000 1.1840 183 52 207
6.2500 -17.0000 1.0400 170 149 182
-4.4375 -1.5000 0.0410 151 124 111
-11.5000 -23.0000 0.0280 182 141 56
-2.2500 4.0000 1.1610 181 52 206
-12.6250 18.5000 7.2900 60 123 225
0.8750 -0.5000 1.0410 153 108 204
4.1250 11.5000 1.8960 223 116 81
-6.1875 14.0000 1.6420 226 111 136
21.4375 7.5000 2.8430 175 197 118
21.8125 -13.5000 3.9330 183 170 174
-18.5000 5.5000 1.1190 182 117 217
19.0000 9.0000 2.6240 189 181 101
-11.6250 -26.5000 0.0510 194 134 58
-19.5625 4.5000 1.0990 179 140 200
-11.7500 20.0000 7.2710 58 135 229
13.2500 -15.5000 3.1970 161 206 156
-21.0625 -9.0000 0.0350 183 128 57
-15.8750 14.0000 4.4470 87 182 249
-3.6250 2.5000 1.0640 179 105 216
-18.2500 -20.0000 0.0370 182 144 36
-4.5625 13.0000 1.4900 236 60 173
7.4375 -5.5000 1.1530 193 48 164
0.8125 -13.0000 0.0330 170 126 92
-24.0625 17.5000 2.8000 145 252 223
-9.0625 -18.5000 0.0340 185 139 40
-4.1875 -23.0000 0.0400 171 124 65
-11.3750 11.5000 2.0590 193 217 80
-5.6250 -4.0000 0.0340 174 124 103
-13.6875 -4.0000 0.0480 160 125 95
3.8125 0.0000 1.1180 178 41 210
17.8750 -1.5000 3.0030 189 183 128
8.4375 2.5000 2.6280 151 203 140
0.7500 16.0000 1.8640 251 79 117
22.2500 4.0000 2.9950 178 178 140
-18.1875 -6.0000 0.0100 168 123 75
-18.6250 17.5000 7.3130 58 131 232
14.8125 2.0000 2.7150 211 174 90
-5.5000 11.0000 1.3990 221 47 191
-10.8125 9.5000 1.3920 216 78 166
18.8750 -3.0000 3.1170 194 166 117
-15.5000 19.5000 7.2640 72 138 209
0.3125 3.5000 1.1530 170 49 196
-2.1875 4.5000 1.1290 178 50 214
9.1250 2.0000 2.6620 152 200 137
1.0625 3.5000 1.1420 178 45 222
21.0000 -8.5000 3.5130 181 184 169
15.1250 11.5000 2.2960 214 139 75
22.1250 -23.0000 4.5510 127 171 195
-2.8125 20.0000 1.8190 243 121 134
0.8750 -8.0000 0.0370 153 106 95
-24.5000 -10.0000 0.0330 183 143 79
2.3125 16.0000 1.9250 242 98 102
-2.3125 8.0000 1.3460 198 61 202
-21.0000 22.0000 7.3170 63 140 211
-2.0000 7.0000 1.3060 196 57 204
12.3750 7.5000 2.4060 210 162 85
-1.7500 -9.5000 0.0350 169 124 108
17.6250 -19.0000 4.5480 108 162 208
13.5625 9.5000 2.4190 214 159 91
-0.6875 5.5000 1.2230 191 56 205
2.5625 -2.5000 1.0740 158 109 199
9.2500 -14.0000 1.1040 190 56 184
-10.3750 14.0000 5.5140 73 152 249
23.3750 6.0000 3.5270 142 149 163
-19.5000 6.0000 1.1380 185 103 212
21.4375 20.0000 1.3640 222 78 116
-23.4375 -19.5000 0.0430 207 132 65
-6.6250 -6.5000 0.0450 179 147 79
-7.0000 17.0000 7.3320 60 124 218
17.0625 20.5000 2.3100 197 171 81
5.9375 12.0000 3.5990 121 163 213
-14.2500 7.0000 1.1910 187 74 232
20.6250 -21.5000 4.6190 116 182 204
-3.5625 20.0000 1.6810 249 99 135
14.3125 -8.5000 3.3950 189 192 139
9.7500 13.0000 2.4020 197 167 106
17.4375 -1.5000 3.0200 188 185 133
-25.1875 9.5000 1.1670 184 69 231
-8.3750 -20.5000 0.0320 173 148 46
9.1250 0.5000 2.3100 181 171 75
-0.1875 7.5000 1.4160 205 67 176
5.2500 10.0000 2.0860 200 171 75
-15.0000 -12.0000 0.0580 186 149 64
4.0000 -15.5000 0.0370 163 104 119
8.0625 -16.5000 1.0710 178 104 207
9.5000 16.5000 2.1080 232 141 78
6.5000 12.5000 4.1310 112 136 214
-21.8750 16.5000 4.4700 85 170 254
10.6250 4.5000 2.7180 181 192 133
-23.3750 -17.0000 0.0380 181 129 42
-3.5625 -9.5000 0.0350 157 128 66
11.3750 -20.0000 1.1350 202 74 170
2.9375 5.0000 1.2340 205 44 196
14.5625 7.5000 2.4530 215 157 69
20.4375 -19.0000 4.1970 147 195 207
-15.7500 1.0000 0.0360 157 111 118
2.1875 11.0000 1.7120 228 90 120
-13.5000 15.0000 3.4690 118 215 254
14.0000 17.5000 2.1510 225 130 77
18.3125 13.5000 2.4720 195 174 91
7.8125 -21.0000 1.0780 162 183 167
22.1875 13.5000 3.2270 139 192 170
-3.5625 7.5000 1.2860 194 64 221
20.5000 -22.0000 4.6310 114 186 203
11.8125 -17.5000 1.1340 195 69 178
-0.3750 12.0000 1.6300 228 66 150
-20.5000 9.0000 1.1910 186 66 200
3.4375 -18.0000 0.0330 160 127 92
-22.8750 7.0000 1.1520 177 76 224
1.1875 10.5000 1.6620 231 77 127
-6.0000 7.0000 1.2230 183 60 234
9.8125 -11.0000 1.1320 197 67 149
-13.1875 17.0000 7.3230 55 118 220
-18.3125 0.5000 0.0360 158 118 133
-9.8750 20.5000 7.3350 67 145 214
-10.1875 6.5000 1.2110 191 63 231
-0.5000 17.5000 1.8210 250 80 126
-17.0625 4.5000 1.1170 180 156 204
16.6250 5.5000 2.6140 214 163 109
4.2500 -3.5000 1.0840 174 64 226
-10.5625 -12.5000 0.0270 183 153 58
-8.8750 -25.0000 0.0370 186 135 72
20.6875 -19.5000 4.2690 143 191 203
-20.7500 14.5000 4.5410 79 183 254
-4.9375 9.0000 1.3430 204 72 198
-15.3125 -19.5000 0.0400 184 157 59
15.0000 -2.0000 3.0820 186 184 134
15.7500 8.5000 2.4920 212 148 94
-9.8750 -8.0000 0.0310 192 136 68
-19.3750 1.0000 0.0360 175 116 111
-18.6875 -19.0000 0.0390 187 163 45
-18.2500 -16.5000 0.0410 175 159 57
-13.6875 -17.0000 0.0340 194 149 46
-14.0625 5.5000 1.1420 180 107 214
1.0000 -4.0000 0.0450 150 115 124
-16.7500 4.5000 1.0970 178 156 204
18.0000 19.0000 2.3810 198 188 87
-13.9375 11.5000 1.4580 213 99 163
16.3125 -20.0000 4.1130 126 181 199
12.6250 -16.5000 2.9440 146 205 165
-25.9375 6.5000 1.1380 177 96 223
-7.5625 16.5000 7.3150 57 127 222
4.3750 12.5000 1.9680 223 133 73
-12.8125 21.5000 7.3120 71 144 221
-2.1250 -3.5000 0.0400 163 127 80
23.2500 14.0000 1.3260 218 57 83
-8.6875 -7.5000 0.0440 178 134 76
-18.7500 -1.5000 0.0370 157 92 97
1.9375 -11.0000 0.0400 175 113 92
3.9375 5.0000 1.2540 200 43 188
21.1250 13.5000 3.6170 122 182 197
-21.6250 -4.0000 0.0360 172 117 101
-22.5625 14.5000 5.4970 67 143 237
-3.1250 3.0000 1.1050 180 101 211
17.0625 -2.5000 3.0650 184 182 135
-18.5000 14.0000 4.9130 70 177 239
-6.1875 17.0000 7.2720 67 132 215
11.5625 19.0000 2.1650 234 147 83
19.4375 -20.5000 4.5420 124 177 201
15.1250 -25.0000 1.1120 197 84 202
13.3750 -10.5000 3.7400 146 198 179
-2.8125 -17.5000 0.0350 169 117 104
13.0625 -0.5000 3.0390 178 186 128
10.5000 -23.5000 1.0650 197 93 186
-0.8750 5.0000 1.2000 186 54 201
0.6875 -19.5000 0.0350 154 112 93
1.8750 -10.5000 0.0400 175 112 96
12.8125 14.0000 2.2630 223 156 85
15.8125 2.5000 2.7090 212 178 94
10.8750 18.5000 2.1410 238 145 83
21.8125 21.0000 1.3850 212 82 115
17.5000 6.5000 2.5380 218 159 99
3.8750 -7.0000 1.0570 169 94 203
9.0625 21.0000 2.0690 240 121 97
-9.4375 10.5000 1.4110 212 87 172
-12.8125 -13.0000 0.0310 197 146 54
-1.1875 20.0000 1.9460 234 138 109
20.8125 -22.5000 4.7590 109 184 198
12.6250 8.0000 2.3340 221 159 61
-25.8125 12.0000 2.0480 180 189 104
-11.8125 -19.5000 0.0330 168 155 52
20.3750 -24.0000 4.8880 92 208 205
-17.3750 8.5000 1.2200 181 94 225
19.3750 20.5000 2.7600 152 220 149
19.2500 4.5000 2.6900 201 180 107
10.3750 12.0000 2.3080 209 166 92
-12.3125 -10.5000 0.0400 167 142 61
-1.1250 -22.0000 0.0340 167 126 81
-9.6250 1.0000 0.0330 149 79 128
-20.1875 3.0000 0.2260 188 112 139
-10.0625 -7.5000 0.0290 191 135 74
12.7500 14.0000 2.2840 220 158 88
10.3125 3.0000 2.6760 173 194 125
0.1875 -20.5000 0.0410 155 115 100
-6.3750 21.5000 7.3340 69 140 231
-0.5000 20.0000 1.9030 239 119 109
0.5000 -17.0000 0.0420 163 108 86
-23.3125 -21.5000 0.0360 195 141 56
-4.8125 -18.0000 0.0340 171 133 87
17.6875 -1.0000 2.9620 194 179 122
-13.9375 -7.0000 0.0140 180 122 93
-8.4375 -27.5000 0.0450 171 128 53
-0.3750 -27.5000 0.0520 165 135 84
-18.3125 3.0000 0.4600 169 112 171
7.9375 12.5000 3.9700 120 145 208
17.1250 1.5000 2.8280 202 182 120
18.4375 -16.0000 4.1670 138 184 188
13.3125 14.0000 2.2970 215 147 99
21.7500 10.0000 3.5070 133 172 179
-16.6875 6.0000 1.1530 180 102 215
7.5000 7.0000 2.5570 179 196 120
15.4375 20.5000 2.2880 210 163 86
-4.6875 19.0000 7.3360 55 124 227
-17.6250 13.5000 2.0980 187 204 86
17.0000 16.0000 2.4170 201 184 98
-3.3750 19.5000 1.7240 248 107 129
-11.3125 -26.5000 0.0530 195 133 58
12.8750 19.5000 2.1260 233 134 84
-7.1250 9.5000 1.3160 198 73 191
6.4375 6.5000 2.1060 191 165 68
13.5000 -8.5000 5.2240 103 132 148
2.1875 3.0000 1.1020 184 32 232
-18.3125 -5.5000 0.0470 166 129 86
20.3125 -25.0000 5.9220 71 193 179
-0.1250 7.0000 1.3740 200 63 183
4.8750 -13.0000 1.0400 183 129 181
22.3125 6.5000 3.5750 136 148 171
19.1875 -3.5000 3.1680 198 184 133
20.6875 -16.5000 4.0700 160 192 204
0.5625 7.0000 1.3710 214 38 175
-17.7500 11.0000 3.1550 119 235 237
4.1875 -10.0000 1.0520 170 140 205
-3.0000 8.0000 1.3360 207 64 206
-17.0625 16.0000 5.2170 72 144 254
10.4375 18.5000 2.1330 238 143 85
-22.6250 -17.0000 0.0400 181 124 38
20.0000 -14.0000 3.9090 180 176 182
-21.9375 -16.5000 0.0410 179 124 35
-8.5000 11.0000 1.4770 215 81 168
-23.8125 13.5000 3.5170 103 238 237
2.7500 2.5000 1.1070 184 35 226
13.3125 -9.0000 5.2830 109 141 166
16.6875 20.5000 2.2900 200 165 81
13.0000 -4.5000 3.2250 174 197 153
9.8750 14.5000 2.1440 229 147 78
12.3750 -3.0000 3.1450 157 184 146
16.8750 -19.5000 4.6070 106 157 209
-14.2500 21.0000 7.2890 69 131 224
10.5000 -23.5000 1.0660 197 93 186
13.2500 3.0000 2.7320 200 171 118
4.4375 0.0000 1.1350 181 43 205
-18.3750 -17.0000 0.0320 180 168 51
-14.5000 5.5000 1.0940 176 105 220
-19.4375 8.0000 1.1980 201 69 219
-1.8125 -6.5000 0.0350 143 137 86
22.3750 -25.0000 4.7500 102 206 189
2.6875 -4.5000 1.0600 169 133 192
-8.5000 16.0000 7.3030 60 130 224
-11.6875 -27.0000 0.0370 174 125 53
4.6250 17.5000 2.1100 221 143 86
-8.7500 21.0000 7.3780 70 140 211
-9.5625 17.5000 7.3320 61 136 223
-26.0000 10.5000 1.2460 180 70 195
12.0625 11.5000 2.2300 218 141 65
11.1250 6.5000 2.6560 191 186 131
-10.3125 22.0000 7.3140 78 143 214
-3.1250 14.0000 1.5980 233 73 160
-0.9375 11.5000 1.6250 231 68 152
-15.5000 17.5000 7.2720 60 134 227
-24.5625 4.0000 1.0210 178 133 203
12.0000 15.0000 2.2280 219 139 88
-16.1250 -3.0000 0.0460 175 132 93
21.3125 13.5000 3.5620 123 185 194
0.6250 -24.5000 0.0350 168 150 101
11.1875 -24.0000 1.0840 183 82 212
10.5625 9.5000 2.4930 194 174 104
4.7500 18.5000 2.1500 234 147 82
5.5000 -21.5000 0.0420 162 96 121
9.0625 -25.5000 1.0460 179 191 134
7.4375 7.0000 2.4760 184 193 107
-3.4375 -27.0000 0.0390 168 126 59
12.4375 13.0000 2.3000 215 157 87
20.2500 -9.0000 3.5270 197 182 168
-17.8750 12.5000 2.2910 167 221 103
4.1875 -3.0000 1.0930 176 58 224
-23.6875 17.5000 5.5840 67 161 251
7.4375 -6.5000 1.0970 185 46 179
2.4375 -20.5000 0.0410 162 131 94
0.5625 -25.0000 0.0360 171 148 101
7.8125 -3.5000 1.2110 200 56 159
13.1250 6.0000 2.4390 227 156 80
-8.0000 17.0000 7.2950 59 127 225
-6.4375 -23.5000 0.0360 176 142 60
-1.1250 7.0000 1.3030 197 55 201
-18.9375 17.0000 7.3200 55 145 228
-24.6250 21.5000 7.2960 71 128 214
-20.8750 -12.5000 0.0290 186 146 66
16.8750 -12.5000 3.9180 154 186 182
-17.7500 12.0000 2.8400 134 239 192
6.0625 -4.5000 1.1390 181 66 203
-17.7500 16.5000 7.3830 52 121 224
-5.2500 -27.0000 0.0320 181 132 66
-10.3125 -11.5000 0.0320 165 140 54
20.1875 -24.5000 4.9550 87 212 203
8.6875 4.5000 2.4990 177 200 108
-10.7500 6.0000 1.1680 185 63 233
-6.8125 12.0000 1.7680 208 149 116
20.1250 3.5000 2.7360 202 185 110
8.1250 -4.5000 1.2180 204 56 155
-15.5625 21.5000 7.2610 80 134 210
8.5625 12.0000 2.4800 186 172 105
15.0625 -10.0000 3.5510 160 208 164
17.9375 -20.5000 3.3510 165 221 160
12.0625 -8.5000 3.8780 129 155 199
-17.3750 14.5000 5.2230 72 162 248
18.2500 20.5000 2.7230 153 212 147
-4.5625 2.5000 1.0790 176 163 191
-16.6250 16.5000 4.5210 90 166 254
-16.1250 -6.5000 0.0320 160 124 66
-23.0000 18.5000 7.2970 53 139 220
-16.9375 -4.0000 0.0510 179 124 97
19.9375 7.5000 2.7900 178 198 116
-13.3750 -16.0000 0.0390 192 151 49
-11.8750 21.5000 7.3010 70 141 218
2.4375 21.5000 2.0810 219 122 100
10.7500 14.5000 2.2010 218 147 81
-19.8750 -21.0000 0.0450 184 135 30
4.2500 11.0000 1.9140 220 126 78
4.6875 -13.0000 4.1080 94 207 235
-16.9375 10.5000 2.2470 172 221 107
9.4375 11.5000 2.4370 188 165 95
-21.0000 -11.5000 0.0390 174 130 68
7.4375 14.5000 2.3310 197 185 99
17.6875 -23.0000 2.5740 177 235 88
13.4375 20.5000 2.0610 237 121 81
20.8750 12.5000 3.6830 121 173 196
15.3125 -22.5000 1.1320 200 86 174
12.8125 -2.0000 3.1460 165 184 147
1.8125 12.0000 1.7620 238 82 112
18.3750 -18.0000 4.4130 132 166 186
-8.0000 12.5000 2.7700 141 240 194
2.3750 2.5000 1.1400 187 36 224
-7.8125 17.0000 7.2960 59 126 224
-21.9375 18.5000 7.2820 47 134 234
16.6250 -9.5000 3.7110 177 204 181
-23.5625 -3.0000 0.0330 175 111 86
-10.7500 14.0000 4.6970 89 162 254
-22.0625 -20.0000 0.0320 197 135 42
-14.1250 13.5000 2.9530 130 250 226
-8.6250 7.0000 1.1870 196 65 248
-10.8750 13.0000 1.7050 232 138 119
21.5000 7.0000 2.8770 174 196 123
5.1875 -14.0000 1.0550 185 131 172
-7.9375 15.0000 5.5310 80 154 245
4.8125 11.5000 2.0680 196 164 80
22.1250 15.5000 2.6880 171 192 103
-3.6250 19.0000 7.5430 59 116 216
-5.9375 19.5000 7.3260 59 149 228
19.0625 10.5000 2.6090 188 187 99
5.8125 -26.0000 0.0360 172 109 83
-15.3750 -11.5000 0.0260 183 142 69
21.0625 20.0000 1.3740 225 76 115
-20.7500 17.5000 7.2790 46 136 223
-23.6250 7.0000 1.1470 177 74 227
2.3750 8.5000 1.5320 224 65 147
-19.6250 5.5000 1.1370 185 107 209
-15.4375 18.0000 7.3320 61 132 229
-26.1250 19.5000 7.3050 75 129 218
-7.0000 5.0000 1.1570 187 76 240
-22.3125 -17.5000 0.0310 188 132 60
23.4375 7.0000 6.4420 111 95 113
4.0000 4.0000 1.1940 195 40 194
-1.8750 -6.5000 0.0360 143 137 86
6.6875 -22.5000 0.0420 181 75 126
-6.1250 1.5000 1.0440 174 131 198
-23.5625 11.5000 2.1890 163 208 100
-20.9375 17.5000 7.3160 47 134 223
-21.1875 -2.5000 0.4390 155 168 104
14.6250 -8.0000 3.5050 181 190 150
-14.9375 -23.0000 0.0380 178 159 39
-12.1875 13.5000 1.8400 220 160 113
-26.0000 -2.5000 0.0340 166 113 113
18.0000 -9.5000 3.4930 198 214 153
21.3750 -27.5000 5.0430 98 207 168
-5.8750 18.5000 7.3490 62 127 227
-13.8750 -22.0000 0.0330 181 164 44
10.8750 -21.5000 1.1050 195 76 177
5.9375 -16.5000 1.0670 178 166 154
10.3125 -4.0000 2.7350 168 194 124
5.2500 -6.0000 1.1120 178 66 215
-12.8750 -8.0000 0.0350 184 122 78
-5.5000 11.0000 1.3480 218 43 200
-14.1875 21.0000 7.2840 69 131 224
13.7500 4.0000 2.6030 221 176 103
7.2500 -12.0000 1.1010 190 79 198
4.5000 18.5000 2.1420 235 146 83
13.4375 19.5000 2.1320 235 140 79
7.5000 20.5000 2.1310 230 134 96
4.0000 18.0000 2.0470 241 128 91
-25.3125 -10.5000 0.0450 180 150 78
-4.6875 10.0000 1.3860 225 46 189
14.4375 1.5000 2.7370 208 179 95
8.3125 -7.0000 1.1340 193 53 166
-4.7500 16.5000 1.6730 237 100 114
-1.0625 18.0000 1.7810 254 82 116
-16.9375 17.5000 7.2730 56 119 224
11.7500 1.0000 2.9290 167 202 139
-7.4375 -4.5000 0.2000 179 171 99
-14.0625 2.0000 0.8060 166 184 165
11.0625 6.0000 2.6660 189 180 130
8.4375 -24.5000 1.0470 180 189 146
-9.2500 14.5000 1.8980 211 162 105
15.7500 21.5000 2.2830 204 156 88
-3.4375 -16.0000 0.0410 161 143 63
9.7500 21.5000 2.0960 235 121 99
22.1875 9.0000 3.6290 132 166 173
22.5000 -26.0000 4.7470 104 210 174
0.3750 8.0000 1.4030 213 41 173
-13.1875 21.0000 7.2790 71 146 222
-8.0625 -5.0000 0.0450 182 147 91
-8.6250 -4.5000 0.0360 177 151 95
-16.3750 -5.5000 0.0400 184 122 84
2.1250 14.5000 1.8710 238 89 102
23.1250 -22.5000 4.6020 130 164 176
17.4375 7.5000 2.5520 213 164 106
-19.6250 6.5000 1.1420 198 63 223
-24.3125 -2.0000 0.0370 176 95 110
13.6875 15.0000 2.2350 227 147 89
7.6250 -15.5000 1.0760 175 108 213
-16.1250 -2.0000 0.0310 165 109 111
20.1250 -10.0000 3.6140 192 185 175
20.1250 -21.5000 4.6160 115 183 205
8.5625 -23.5000 1.0320 187 154 174
-19.7500 -17.5000 0.0350 192 176 44
19.8750 1.0000 2.8880 202 177 112
14.1250 3.0000 2.6170 225 169 83
-6.1875 -14.0000 0.0260 163 155 46
18.1875 -19.0000 3.6670 157 217 180
20.1875 -4.0000 3.2150 210 193 145
-19.7500 11.0000 3.9470 87 198 253
15.0625 -24.0000 1.0750 192 82 210
-25.0000 -6.0000 0.0300 151 111 92
8.3750 2.5000 2.5670 155 201 132
13.2500 -7.0000 3.1360 196 189 131
19.1875 20.0000 2.7750 153 225 154
18.0000 16.5000 2.4270 197 185 99
-25.2500 -10.5000 0.0340 180 148 78
-4.8125 12.5000 1.5220 236 64 166
-19.8125 4.5000 1.0550 177 139 205
16.0625 -7.0000 3.5150 194 191 165
11.5000 -10.5000 2.6180 163 215 113
7.8125 15.0000 2.2480 212 165 90
-8.2500 2.0000 1.0510 169 132 207
-3.5625 -24.5000 0.0340 183 112 71
18.6250 -13.0000 3.7880 168 189 166
2.0000 -5.5000 0.9680 161 137 186
6.6875 -0.5000 1.1790 195 58 181
-9.4375 18.5000 7.3130 60 129 231
5.5625 8.5000 2.0880 196 165 69
8.5625 8.0000 2.4390 188 186 102
15.4375 14.5000 2.2670 218 140 85
22.0625 0.5000 3.1730 186 157 139
-7.3750 1.5000 0.0990 156 98 143
6.4375 -2.0000 1.0940 182 37 185
20.6250 -26.5000 6.0520 75 192 168
7.3125 14.0000 3.6230 129 172 212
8.2500 -12.0000 1.1340 188 67 187
12.0000 10.0000 2.3040 209 160 69
11.9375 -14.0000 2.9140 141 220 166
-24.1875 8.5000 1.1850 188 69 223
11.2500 10.5000 2.2390 213 157 65
-14.1875 -16.5000 0.0370 191 155 52
-7.7500 7.0000 1.2160 200 68 240
-8.2500 15.5000 7.3040 60 131 221
15.6875 -4.5000 3.3020 179 189 142
2.4375 18.0000 1.9910 237 119 89
6.1250 -11.0000 1.0740 180 91 175
-8.7500 15.0000 3.1250 130 236 241
14.5000 -19.5000 2.6440 171 216 129
-17.5625 8.0000 1.2030 183 91 229
-7.0000 3.0000 1.0870 170 109 215
7.9375 12.0000 3.7930 125 153 202
-17.3125 -12.5000 0.0340 183 150 40
0.6875 15.5000 1.8450 251 74 121
18.4375 -5.5000 3.2580 204 175 145
-3.5625 15.5000 1.6330 233 88 117
-21.0625 -4.0000 0.0330 174 111 101
23.1875 14.0000 1.3340 218 57 82
-14.4375 -2.5000 0.5390 168 206 116
21.3750 9.5000 3.6210 130 165 184
-14.0000 -14.0000 0.0340 200 152 60
18.8750 2.5000 2.8050 201 177 106
8.1875 5.0000 2.5100 175 201 114
-7.9375 -20.0000 0.0390 187 149 43
16.3750 -12.0000 3.8800 168 184 171
-0.4375 18.5000 1.8090 254 88 112
20.3125 -12.5000 3.8030 187 180 187
22.2500 9.0000 3.6280 132 166 173
-21.3750 5.0000 1.0990 174 139 209
0.1875 -5.0000 0.0360 158 138 90
-2.3125 -10.5000 0.0360 173 132 106
-1.9375 -11.5000 0.0450 173 132 105
10.8125 3.5000 2.8230 175 193 147
10.8750 1.0000 2.5580 192 189 82
-3.6875 -21.0000 0.0320 176 141 64
-7.6250 13.5000 3.0820 130 235 236
4.8125 -11.0000 1.0550 173 137 195
17.8750 -7.5000 3.3090 209 212 148
0.4375 1.0000 1.0600 172 95 212
14.8750 11.0000 2.3930 214 153 88
-12.0625 4.5000 1.1060 168 99 226
-20.5000 17.0000 4.4950 84 164 254
4.1875 -23.5000 0.0390 159 113 106
-2.6875 -6.0000 0.0450 153 129 95
3.6250 -1.5000 1.0910 175 45 217
20.3750 4.0000 2.7850 198 191 120
0.2500 13.0000 1.7090 239 57 130
19.6250 16.0000 2.2580 208 186 44
3.0625 3.0000 1.1680 185 38 220
-25.8750 13.0000 2.5500 143 210 158
20.9375 -5.0000 3.2820 208 192 142
22.0625 -14.5000 3.9860 181 156 179
8.2500 6.0000 2.5600 182 187 111
4.2500 -13.0000 1.7280 217 195 89
-16.2500 13.5000 5.5200 63 159 245
16.8750 -19.0000 4.8260 103 146 209
8.0000 -10.0000 1.1260 196 57 178
-10.8750 8.5000 1.2590 192 72 226
-2.7500 -12.0000 0.0400 162 118 107
-6.5625 15.0000 4.8510 91 132 254
-8.0000 -22.5000 0.0360 175 149 65
13.8125 1.0000 2.9280 186 192 133
-5.5625 -16.0000 0.0310 161 157 69
-16.4375 -1.0000 0.0410 164 113 115
20.9375 -13.0000 3.8720 184 178 185
3.3750 19.5000 2.0930 234 131 94
9.1250 -19.5000 1.0740 171 129 168
-10.7500 13.0000 1.7110 232 139 118
-6.7500 16.0000 7.2870 59 127 215
18.6250 -25.5000 1.0630 196 121 159
-12.3125 9.0000 1.2630 193 80 228
21.6875 -23.0000 4.5940 123 171 200
-13.4375 -21.0000 0.0350 175 163 46
16.0000 15.5000 2.1850 224 150 70
-6.8125 3.5000 1.1140 182 77 237
3.0625 -1.5000 1.0910 164 100 191
7.8125 -20.5000 1.0580 167 142 171
-25.4375 -21.0000 0.0370 189 135 69
4.8750 -12.5000 1.0760 182 130 179
20.4375 21.0000 1.4010 218 79 112
-20.0000 -13.0000 0.0320 191 142 62
-11.3125 19.5000 7.2970 55 137 230
-20.3750 16.0000 4.4650 81 169 254
16.2500 -12.0000 3.8570 169 187 169
19.1875 -21.5000 5.6890 88 169 169
13.6250 -23.0000 1.0990 199 79 191
3.8750 -4.5000 1.0890 177 66 227
19.9375 -9.5000 3.5810 193 183 173
-2.5625 21.0000 6.7780 77 119 224
22.8125 -11.5000 3.8320 180 158 156
19.6875 -18.0000 4.1460 152 200 200
-10.8750 -24.5000 0.0380 191 120 67
22.6875 21.5000 1.3980 197 88 112
14.8125 -15.5000 3.8680 123 180 188
18.3125 8.0000 2.4940 214 147 91
15.0000 4.5000 2.6530 217 174 107
-9.8125 -23.0000 0.0350 178 135 65
-3.5625 -3.5000 0.0400 167 133 95
16.5625 -15.5000 3.8400 156 196 178
11.0000 -24.5000 1.0940 185 83 213
18.7500 8.5000 2.4850 202 173 78
16.6875 9.0000 2.4440 215 146 79
-24.5625 15.5000 2.8970 130 250 220
18.7500 8.5000 2.5500 196 177 91
21.8125 -18.0000 4.1840 163 182 192
23.1250 -1.5000 3.3330 186 177 152
-4.1250 19.0000 7.3520 56 122 224
12.6875 -24.5000 1.0930 201 67 214
-1.2500 -7.5000 0.0360 145 132 81
19.6250 -19.0000 4.4360 138 183 200
-26.4375 16.0000 2.9370 131 221 217
-16.9375 17.0000 7.2920 53 120 225
-12.2500 10.5000 1.4090 208 83 171
-12.0000 19.0000 7.2850 58 136 230
17.1875 -26.0000 1.0960 200 116 170
5.4375 -7.0000 1.0870 175 81 199
-21.6875 -16.0000 0.0360 182 152 55
17.1875 -24.5000 1.0910 201 112 176
-16.7500 -24.5000 0.0330 178 146 50
-23.5625 -13.5000 0.0330 202 135 49
1.9375 -5.0000 1.0500 167 138 190
18.8750 -13.0000 3.7770 176 196 180
5.6875 -5.5000 1.0990 173 65 215
15.3750 10.5000 2.3860 216 149 84
8.5625 22.0000 2.0450 235 110 105
-22.0000 4.5000 1.1000 184 136 185
-11.3750 6.5000 1.1890 186 62 238
-11.2500 -27.5000 0.0390 189 133 52
-26.2500 7.5000 1.1620 180 73 223
0.0000 -17.5000 0.0360 166 123 90
12.8125 2.0000 2.8570 191 178 124
7.6875 15.0000 2.2610 210 166 91
10.9375 4.0000 2.7970 178 194 145
-4.4375 -2.0000 0.0360 152 124 109
-24.5625 14.5000 3.2010 114 245 226
-17.5000 18.0000 7.2680 58 130 233
-5.5000 -20.0000 0.0330 180 134 74
19.6875 13.5000 3.6040 125 179 205
-22.7500 -17.5000 0.0330 188 133 63
-0.8750 14.0000 1.6870 236 66 139
9.3750 -23.5000 1.0230 185 150 172
-8.4375 5.5000 1.1720 193 67 237
20.8125 4.5000 2.8880 188 196 137
12.9375 -7.5000 4.6720 110 145 170
0.8750 17.5000 1.8810 254 79 109
-18.7500 20.0000 7.6290 58 134 222
-14.7500 11.5000 1.8750 208 164 95
16.8125 2.0000 2.8190 200 180 120
-1.1250 11.5000 1.5850 229 78 166
13.2500 -7.5000 2.9120 203 193 110
12.0000 8.5000 2.3520 208 149 79
-9.5625 -20.5000 0.0380 174 166 46
15.5000 2.0000 2.7750 205 185 107
6.0625 6.5000 2.1010 190 166 72
-6.5000 8.5000 1.3350 200 74 198
14.6875 -6.5000 3.4710 185 182 147
19.6250 1.5000 2.8760 202 176 111
13.3125 4.0000 2.5780 222 173 99
-3.8750 4.0000 1.1070 189 72 228
9.5000 -10.5000 1.1210 195 68 154
5.8125 -27.5000 0.0270 159 82 90
20.9375 -21.5000 4.4180 127 185 207
4.6250 18.5000 2.1330 236 145 82
14.3750 19.5000 2.1140 238 139 71
-20.9375 16.0000 4.4690 82 168 254
-25.9375 22.0000 7.3110 90 120 209
8.3125 -16.0000 1.0860 179 101 206
-24.5000 9.0000 1.2060 190 69 223
21.8750 5.5000 2.8840 178 183 114
22.7500 12.5000 2.6750 179 175 94
5.3750 4.0000 1.3300 208 56 156
14.7500 0.5000 2.7830 206 175 96
19.6250 -2.0000 3.0740 191 187 151
20.9375 -10.0000 3.6150 194 185 169
18.9375 7.5000 2.5030 200 172 72
6.8125 19.0000 2.1630 229 142 92
7.6250 19.5000 2.1320 235 141 87
6.5625 -20.5000 0.4410 163 145 157
-9.5625 0.0000 0.0340 160 99 103
-3.5000 -14.5000 0.0320 161 147 64
-0.9375 -19.0000 0.0360 171 119 99
20.0625 -13.0000 3.8630 183 178 189
-4.5625 -4.5000 0.0400 179 114 97
-22.9375 17.0000 6.3670 49 152 243
8.1875 9.0000 3.2200 140 175 196
-15.8750 14.5000 1.7060 230 123 122
22.5625 -13.0000 3.8840 190 163 162
8.3125 15.5000 2.2070 219 163 86
-14.0000 6.0000 1.1740 184 75 225
-15.3125 2.5000 0.0490 175 100 133
13.5000 9.0000 2.4050 214 164 91
-10.9375 20.0000 7.3200 55 137 227
1.4375 17.5000 1.9210 252 88 100
-11.7500 -25.5000 0.0330 196 129 62
22.8750 5.5000 6.4800 106 97 115
-16.3125 8.0000 1.2220 184 93 220
5.1250 1.5000 1.1510 190 42 199
7.0000 -11.5000 1.0940 188 75 201
-24.0625 -4.5000 0.0300 160 114 83
2.2500 -15.5000 0.0380 165 102 85
21.0625 -1.5000 3.0110 199 190 139
6.5000 -3.0000 1.1470 191 53 181
-6.6250 0.5000 0.6960 155 187 172
-4.9375 -13.5000 0.0330 172 143 68
16.1250 -3.0000 3.0180 195 184 125
-12.0000 12.0000 1.7360 216 154 116
-4.6250 6.5000 1.2070 189 57 229
-19.8750 8.0000 1.1870 202 66 224
7.6875 -14.5000 1.0800 182 67 191
-11.7500 11.0000 1.4060 209 83 170
2.5000 2.0000 1.1460 190 78 210
15.6875 -21.5000 2.5800 175 221 95
16.1875 10.5000 2.3990 208 150 75
-12.3750 2.0000 0.0380 149 100 141
-15.9375 21.0000 7.2710 77 134 210
-13.3125 5.5000 1.1670 181 110 208
-14.0625 -26.5000 0.0290 188 134 61
-3.1250 20.5000 7.1730 71 118 224
-7.4375 16.0000 7.3290 57 128 219
6.5000 15.5000 2.2270 198 159 94
-10.0000 14.5000 5.4470 85 154 242
16.7500 21.5000 2.2750 199 156 82
-19.0000 14.5000 1.8060 215 146 93
-18.3125 -27.5000 0.0310 175 127 26
-15.4375 1.0000 0.0330 155 106 116
-5.5625 -28.0000 0.0370 173 136 49
11.6250 -2.0000 4.7290 97 117 180
9.1875 -16.0000 1.1020 179 98 198
-6.8750 11.0000 1.4940 216 86 163
4.9375 -4.5000 1.1040 182 63 218
2.8125 -18.0000 0.0300 157 136 88
16.6875 7.0000 2.5460 216 163 105
10.8125 -24.0000 1.0650 180 83 215
-14.4375 13.0000 1.7380 228 131 103
7.0000 4.5000 2.2270 189 185 78
-14.0000 4.5000 1.1150 183 111 212
1.8125 7.0000 1.4210 221 50 164
-0.6250 -6.5000 0.0390 142 134 83
16.9375 -27.5000 1.0370 187 120 160
19.4375 9.0000 2.6870 184 187 106
6.6875 -10.5000 1.1240 189 57 185
-8.0000 -27.0000 0.0310 184 133 57
7.5625 11.5000 3.6810 127 153 208
-13.8750 3.0000 1.0450 175 150 188
0.0000 -5.5000 0.0330 159 140 86
21.3750 -23.0000 4.6130 122 171 201
-18.5000 -10.0000 0.0340 185 157 57
7.6875 9.0000 3.3350 133 192 202
-17.8750 16.5000 4.4810 92 167 254
-24.5000 21.0000 7.3150 63 130 218
19.5000 6.0000 2.5730 198 171 88
-9.3125 -10.0000 0.0390 182 154 51
4.0000 3.0000 1.1740 190 38 209
17.8750 12.5000 2.5270 195 176 100
-20.3750 -3.0000 0.0350 170 108 104
17.3125 -9.5000 3.5460 190 216 166
-20.6875 -14.5000 0.0420 190 146 59
-3.4375 13.0000 1.5670 232 72 159
-22.3125 4.5000 1.1010 186 134 189
-17.7500 -22.0000 0.0350 183 156 50
-19.8750 -8.0000 0.0360 191 127 55
10.0000 -8.5000 2.3540 173 193 85
5.5000 -26.5000 0.0370 173 111 82
9.0625 18.5000 2.0900 242 131 80
6.8750 1.0000 1.4400 219 61 122
6.9375 -27.5000 0.0400 154 70 88
-8.3750 -5.5000 0.0400 180 150 89
0.7500 12.5000 1.6830 243 53 130
13.5000 -1.0000 3.1070 179 188 146
11.6875 -16.0000 1.1130 202 62 157
19.5625 -3.0000 3.1060 201 186 129
19.6250 -6.0000 3.3270 207 190 147
-8.0000 11.5000 1.5350 218 93 156
-8.6875 -17.5000 0.0340 184 135 56
5.3125 14.0000 3.7970 107 168 233
4.1875 7.0000 1.4830 236 49 144
-11.8750 20.0000 7.2980 58 135 228
14.4375 -9.5000 3.3510 167 215 157
4.3125 -15.5000 0.0420 164 99 122
19.1875 2.5000 2.7770 213 168 100
8.9375 9.0000 2.5780 179 171 118
-19.3125 -17.5000 0.0330 191 175 41
16.0000 -16.5000 3.3430 196 214 137
8.5625 -21.0000 1.0700 165 175 163
12.3125 -1.5000 4.4410 106 121 175
5.1250 -4.0000 1.0970 180 62 217
-6.3125 17.5000 7.3560 70 124 211
-12.9375 13.0000 1.7090 226 128 104
4.5000 -10.5000 1.0550 172 137 201
11.5000 -14.0000 2.7980 149 223 156
-24.7500 -21.5000 0.0350 189 150 60
1.4375 -14.0000 0.0320 178 112 83
-19.7500 2.5000 0.0480 170 116 121
-23.3750 6.5000 1.1750 179 77 220
21.7500 -17.0000 4.1740 164 178 190
-9.1250 21.5000 7.3330 73 141 214
15.8125 2.5000 2.7780 203 182 108
21.3750 4.5000 2.9040 186 190 134
-0.5625 -22.5000 0.0330 167 123 77
12.6250 15.5000 2.2300 217 140 88
13.8750 7.0000 2.4470 215 156 70
7.8750 9.0000 2.4000 188 176 97
-22.9375 2.0000 0.0330 164 94 121
4.1875 20.0000 2.1450 228 141 94
-2.3125 13.5000 1.5920 231 43 160
20.2500 20.0000 2.5160 172 212 90
6.8750 -14.0000 1.0750 179 71 197
12.0625 -6.0000 3.8250 115 145 184
11.0000 8.0000 2.5780 194 184 124
0.1875 19.0000 1.8400 253 66 97
-6.5625 15.5000 7.4060 61 124 209
9.5000 7.5000 2.6560 184 180 137
10.3750 -1.5000 4.4870 99 126 199
-9.5000 17.5000 7.2840 62 136 221
14.5625 17.0000 2.1640 228 136 73
-2.8750 -25.0000 0.0370 176 132 67
-12.4375 -7.5000 0.0310 174 126 90
16.3750 18.0000 2.3550 208 176 103
-2.6875 3.5000 1.1160 175 54 210
12.5000 -7.5000 2.9020 167 196 128
-13.6250 -25.5000 0.0410 191 131 60
16.1875 -7.5000 3.5420 191 193 170
7.0625 -12.0000 1.0870 188 79 201
13.7500 -12.0000 3.1630 175 235 153
5.7500 -20.5000 0.0360 175 109 120
16.0000 -5.0000 3.2700 187 180 147
-13.9375 -4.0000 0.2630 176 150 93
6.0000 1.0000 1.1480 186 48 190
14.7500 -1.0000 2.9150 198 179 112
-24.3750 18.0000 7.3090 56 138 218
-2.3750 21.5000 3.7900 132 173 247
15.8125 -22.5000 2.5650 163 222 101
19.8125 -19.0000 4.4280 138 184 200
10.8125 2.0000 2.6800 183 198 112
-9.8750 -1.5000 0.0460 173 90 108
-13.8750 8.0000 1.2160 187 77 230
7.0625 22.0000 2.2120 213 133 109
-10.8125 3.0000 1.0370 172 118 183
-22.6250 14.5000 1.6370 229 103 116
-7.7500 19.0000 7.3280 56 139 227
7.3750 -15.5000 1.0570 173 110 214
-8.4375 11.0000 1.4790 216 82 167
-2.1875 -0.5000 0.0430 142 114 125
22.3125 -14.0000 3.9670 184 155 171
1.6250 5.5000 1.2800 190 56 206
-25.8125 -2.0000 0.0370 165 110 115
-2.0625 -28.0000 0.0330 163 123 47
-2.7500 13.0000 1.5830 227 42 163
-12.1875 2.0000 0.4770 164 143 174
-22.3750 6.5000 1.1520 175 79 218
12.1875 -1.0000 4.2970 108 130 182
-24.5000 12.0000 2.3590 156 222 128
16.3125 10.0000 2.4200 208 155 74
-24.8750 -7.5000 0.0320 182 133 100
17.1875 -10.0000 3.7360 175 205 184
15.5625 -18.0000 4.2980 109 170 190
7.0000 17.5000 2.1770 228 155 91
13.3125 -25.5000 1.0930 196 70 218
-1.8750 8.5000 1.4040 206 66 188
-21.7500 4.0000 1.0620 174 139 189
-22.5000 -4.0000 0.0590 162 108 77
-7.1875 19.0000 7.3300 56 138 224
-6.2500 20.0000 7.3520 60 147 229
-5.7500 -25.0000 0.0350 183 129 76
0.5625 -19.0000 0.0390 152 112 94
-0.8125 10.0000 1.5440 237 71 164
23.3125 -8.0000 3.5360 197 157 147
22.8125 5.0000 2.8640 180 173 101
-12.6250 -1.0000 0.0290 177 96 130
-15.2500 -14.0000 0.0400 181 146 71
5.0625 19.5000 2.1890 225 150 90
20.6875 -15.5000 4.0490 164 186 204
5.6250 -15.5000 1.0390 176 165 164
-7.1250 8.0000 1.2560 200 75 231
-25.3125 17.0000 1.7360 231 125 129
4.6875 1.0000 1.1150 190 30 207
23.3750 -5.0000 15.9130 132 38 56
-17.3125 16.5000 7.4560 50 120 222
-15.3750 6.5000 1.1700 184 80 233
-6.5000 -2.0000 0.4990 180 192 103
-22.5625 -13.5000 0.0410 202 129 46
-17.8125 9.0000 1.2350 193 84 211
20.1250 -23.0000 4.7730 108 187 195
5.9375 16.0000 2.1640 214 158 76
-10.3750 15.0000 4.4660 95 179 254
15.2500 2.5000 2.7170 210 173 93
-20.5000 -23.5000 0.0350 187 138 26
3.3750 -8.0000 1.0360 161 174 178
-6.1875 22.0000 7.3250 72 138 230
6.9375 3.0000 1.6830 225 98 82
12.8750 -11.5000 2.9940 173 224 139
5.9375 8.5000 2.1310 191 169 70
3.6875 21.0000 2.1450 219 137 103
-23.0000 22.0000 7.2610 71 150 213
0.8750 19.5000 1.9610 242 109 90
-7.8125 15.0000 7.4390 61 127 214
1.6875 5.5000 1.2400 186 53 214
-12.1250 -3.0000 0.0320 170 125 98
-17.2500 4.5000 1.0550 174 159 210
1.8750 -8.5000 0.0370 160 94 99
12.1875 -3.5000 3.1880 152 185 156
8.2500 19.0000 2.0610 248 129 79
4.5625 -5.0000 1.0960 181 66 218
20.3750 9.5000 2.6900 180 205 110
14.1875 2.5000 2.6920 210 171 91
-12.5625 15.5000 6.9300 53 129 236
-6.5625 -6.5000 0.0270 179 145 77
5.1250 4.0000 1.2730 204 50 168
17.3750 17.5000 2.3920 197 174 98
-17.4375 12.0000 2.9930 128 238 216
4.1250 -2.5000 1.0940 177 46 210
2.7500 -26.0000 0.0350 166 131 83
-12.7500 -26.5000 0.0350 176 129 61
-9.8750 13.0000 1.6660 227 130 125
-10.2500 -1.5000 0.0390 175 90 112
-5.1875 17.0000 4.0810 109 176 254
-1.6875 22.0000 1.9430 213 127 133
22.5625 7.0000 3.6800 133 140 167
-11.4375 7.0000 1.2150 188 63 237
-18.2500 -0.5000 0.0380 160 107 125
-0.1875 -4.5000 0.0360 167 127 73
0.5625 -25.0000 0.0370 171 149 101
-7.4375 13.5000 3.5850 116 208 254
12.1250 -14.0000 3.0830 144 219 176
18.0625 -2.5000 3.0650 185 179 130
-22.0625 -11.0000 0.0370 173 138 66
-16.9375 6.0000 1.1430 180 90 221
19.0625 -20.0000 5.1420 99 152 189
14.9375 -12.0000 3.3130 178 214 136
19.2500 12.0000 4.8620 101 119 194
-13.1875 -9.5000 0.0230 176 131 66
12.7500 8.5000 2.3370 220 157 84
-1.3750 10.0000 1.5110 241 61 175
-13.9375 -9.0000 0.0390 174 138 72
16.8125 20.0000 2.3490 197 179 89
-26.3125 -1.0000 0.0330 161 80 135
7.6875 -5.0000 1.1310 194 47 168
-17.1250 4.5000 1.1080 178 157 206
6.5625 12.5000 4.2700 109 131 214
10.1250 20.0000 2.1190 235 135 90
3.1875 -17.5000 0.0380 163 123 91
16.3125 0.5000 2.8550 202 175 121
18.5625 11.0000 2.5760 196 183 101
20.2500 -3.0000 3.1510 210 184 136
1.3125 -20.5000 0.0280 159 107 86
-17.8750 8.0000 1.1990 182 91 230
-13.2500 6.0000 1.1400 178 85 217
-0.7500 11.0000 1.5720 233 76 163
-13.7500 15.0000 3.3480 124 228 249
0.5000 14.0000 1.7180 240 59 130
-22.5625 -12.0000 0.0430 190 136 57
4.0625 19.5000 2.1350 231 141 91
-1.2500 2.0000 1.0980 176 130 202
20.3125 -18.5000 4.1730 150 195 207
7.0000 -11.5000 1.1170 190 77 199
16.3125 -22.5000 2.5780 177 226 93
-21.2500 15.0000 4.5040 81 182 254
-4.1250 20.5000 7.3450 62 115 223
-19.1875 -9.0000 0.0390 181 144 58
-7.3125 8.0000 1.2480 200 73 234
20.3125 -3.0000 3.1710 210 185 137
-14.5625 -2.5000 0.0440 178 129 117
23.1250 -26.5000 4.8020 111 205 155
17.9375 18.5000 2.3780 200 186 86
7.5000 13.5000 4.1780 115 136 212
-3.7500 -4.5000 0.0240 178 106 92
-9.8125 8.0000 1.2500 193 70 225
-22.3750 8.0000 1.1900 177 78 223
8.2500 21.5000 1.9830 241 94 103
1.8750 -14.0000 0.0380 179 108 82
-9.3125 -21.5000 0.0310 186 165 52
4.3125 16.5000 2.0720 230 144 79
-3.1250 6.5000 1.2280 179 62 206
-14.3750 0.5000 0.0350 161 97 110
-8.3750 -2.5000 0.0440 156 126 112
21.0625 19.0000 1.3800 229 78 110
-7.5000 -27.0000 0.0310 184 129 53
-15.8750 15.0000 5.3720 86 136 248
-25.1875 17.0000 1.7160 233 120 130
-22.1250 7.5000 1.1860 177 78 221
14.7500 -1.0000 2.8820 201 177 108
-25.0625 -17.5000 0.0340 179 134 62
8.8750 -25.5000 1.0650 179 194 134
12.1875 10.5000 2.2970 208 157 71
-20.6250 -3.0000 0.0340 154 101 100
7.2500 8.5000 2.3350 192 187 90
-20.0000 3.0000 0.7980 165 149 202
0.6250 -15.0000 0.0340 157 112 87
-18.0000 7.0000 1.1590 181 88 233
14.5000 3.0000 2.6630 219 172 90
-24.6250 -6.5000 0.0380 154 113 88
-18.8125 -20.5000 0.0360 192 149 20
-1.4375 -23.0000 0.0380 169 127 77
-13.8750 18.0000 7.2840 64 137 224
9.0000 -24.5000 1.0640 179 187 145
-6.3125 11.0000 1.3970 218 65 185
16.1875 13.5000 2.2610 215 154 65
3.9375 4.5000 1.1700 193 39 200
1.6250 7.0000 1.4100 221 47 166
-0.6250 19.5000 1.8750 247 110 109
19.0000 5.0000 2.6380 206 174 93
-4.6875 14.5000 1.6720 228 94 142
16.1875 -8.5000 3.6330 186 192 166
-7.5625 4.0000 1.0800 182 71 252
18.6875 -6.5000 3.3040 198 196 150
21.9375 -0.5000 3.1770 189 165 142
-7.0625 4.5000 1.0910 183 73 248
-15.5000 15.0000 5.4460 72 151 254
-17.2500 -24.0000 0.0340 175 149 52
13.0625 13.0000 2.3150 215 149 101
0.8750 18.0000 1.9320 247 93 105
5.7500 20.5000 2.2380 213 143 102
19.0000 -2.5000 3.0870 195 175 127
-24.2500 10.5000 2.1440 172 203 98
-4.0625 7.0000 1.2410 192 60 226
-9.3125 9.0000 1.3400 209 66 186
5.9375 -2.0000 1.1180 180 54 198
-5.7500 9.5000 1.3060 208 44 204
-18.8750 -3.0000 0.0470 171 111 124
20.6250 2.5000 2.8130 203 170 99
22.2500 10.0000 3.6290 130 159 173
15.4375 13.0000 2.2770 221 144 85
15.6875 -13.0000 4.8400 98 122 138
-1.5625 15.0000 1.6930 250 60 150
-11.1250 7.5000 1.2110 189 64 238
-6.3750 9.0000 1.3730 203 73 189
-14.5625 -8.0000 0.0380 180 132 89
-19.8125 9.0000 1.2100 202 73 211
-5.9375 -24.0000 0.0300 189 137 67
-12.4375 -20.0000 0.0380 172 154 59
-1.7500 18.5000 1.8500 252 105 112
-1.7500 -5.0000 0.0370 171 128 73
6.2500 -4.0000 1.1090 199 51 185
-3.0000 -7.5000 0.0300 141 141 89
5.8125 -25.5000 0.0300 171 108 87
-17.8125 4.0000 1.0750 172 162 206
12.8750 -8.5000 3.1580 165 204 150
11.5000 -21.5000 1.1260 197 76 168
18.4375 -20.0000 3.4250 165 214 164
-4.3125 10.0000 1.3760 224 45 191
-24.4375 2.0000 0.1400 162 111 139
-10.8125 10.5000 1.4740 221 90 152
-11.5000 -22.0000 0.0340 181 145 60
13.9375 -20.0000 2.6680 169 215 137
15.1250 0.0000 2.8460 202 165 104
-3.3750 -22.5000 0.0410 168 123 63
16.3125 -16.5000 3.4970 187 214 146
-22.6250 16.5000 4.4520 92 172 254
-11.2500 -22.0000 0.0360 181 143 60
-1.1875 -12.5000 0.0360 153 106 108
-2.5000 -7.0000 0.0390 143 140 87
14.0000 19.5000 2.1210 237 140 73
21.1875 -17.0000 4.1110 158 189 194
19.4375 -10.5000 3.6300 190 177 176
-11.0625 20.5000 7.3010 58 135 224
-25.0625 17.5000 3.6250 124 211 254
22.5625 12.0000 3.6070 134 167 171
-15.9375 -27.5000 0.0350 177 134 69
-3.3125 -14.0000 0.0330 156 115 110
-26.1250 3.5000 0.0580 151 110 163
22.9375 12.5000 2.6590 179 172 90
-14.1875 20.5000 7.2920 65 132 227
-25.0625 19.5000 7.3390 60 132 221
19.1250 3.0000 2.7660 213 169 101
5.5625 2.5000 1.2350 199 56 172
10.4375 -24.5000 1.0610 179 86 216
-3.5000 5.5000 3.3190 115 218 254
-23.6250 3.0000 0.0330 147 106 152
-25.8750 -1.5000 0.0360 166 96 122
12.6250 -1.0000 3.0590 158 197 137
-24.0625 15.5000 1.7540 233 119 94
22.7500 10.0000 3.5620 136 158 159
-25.1875 4.0000 1.0450 175 135 200
-16.3125 -25.0000 0.0330 180 143 48
11.0625 12.5000 2.2210 225 156 73
-5.4375 -25.5000 0.0380 186 128 74
17.2500 2.5000 2.7990 200 175 115
18.1250 -18.0000 5.4050 112 118 164
-8.8750 7.5000 1.1980 195 66 249
-7.1250 -21.5000 0.0350 172 143 61
19.1250 5.0000 2.6980 200 179 108
9.1875 20.5000 2.0710 244 125 94
14.1875 -0.5000 3.0630 184 183 137
17.3125 14.5000 2.4510 192 171 95
-12.2500 16.0000 7.3140 56 126 229
4.1250 -8.0000 1.0910 174 94 193
-25.6875 19.0000 7.5290 64 127 220
12.7500 -23.5000 1.1150 201 77 207
10.0625 -27.0000 1.0710 169 134 172
-2.0625 13.0000 1.5780 232 41 158
10.0000 6.5000 2.6970 184 184 138
-12.1875 6.0000 1.1640 176 79 233
10.1875 -12.0000 1.1380 198 74 167
14.6875 -7.0000 3.5080 182 186 153
20.1875 20.0000 2.7000 162 228 131
19.0625 -9.0000 3.4880 190 190 163
15.3125 -10.5000 5.0250 119 127 168
12.8125 6.5000 2.4500 208 147 83
8.6250 -18.5000 1.0910 170 132 176
-6.9375 -3.0000 0.5020 169 224 101
-8.3125 13.0000 2.8470 138 241 208
8.5625 1.0000 2.2280 184 190 78
-0.3750 -8.0000 0.0430 144 131 76
-1.0625 5.5000 1.1930 182 55 204
7.7500 -25.5000 0.0440 160 44 112
23.1875 9.5000 3.6570 137 156 157
-3.3125 12.5000 1.5370 230 67 165
-4.9375 -16.5000 0.0300 164 152 68
-24.2500 11.0000 2.1800 166 206 101
20.6875 5.5000 2.8920 186 192 136
-23.2500 20.0000 7.2880 53 136 221
6.6250 -12.0000 1.1020 186 81 204
7.1875 7.0000 2.4730 183 192 108
18.0000 11.0000 2.3720 212 148 61
1.3125 15.5000 1.8730 251 84 111
7.0000 16.0000 2.2480 210 168 93
-21.4375 4.0000 1.0680 172 141 206
11.2500 13.0000 2.2170 226 157 73
16.8125 19.0000 2.3290 206 180 82
-11.6875 11.0000 1.4450 214 87 162
18.2500 -12.5000 3.7790 169 189 170
8.5625 -1.0000 1.8000 220 131 66
3.9375 -0.5000 1.1070 175 47 215
5.5000 10.0000 2.0860 199 169 73
6.3750 21.0000 2.2000 218 138 101
-18.8750 8.5000 1.1980 197 78 208
-22.2500 12.5000 3.5910 100 229 220
7.1250 -2.0000 1.1620 197 38 166
-18.3125 19.0000 7.3080 58 128 239
-12.8750 -27.0000 0.0360 175 129 58
-3.2500 3.5000 1.1000 180 67 217
-11.4375 -9.5000 0.0320 159 157 64
-5.6250 -5.0000 0.0370 177 124 98
16.3125 11.5000 2.3360 217 150 70
-9.2500 3.5000 1.0650 167 82 229
-14.4375 -13.5000 0.0410 198 156 65
17.2500 -18.5000 4.7470 106 150 207
0.5625 18.5000 1.9010 251 88 90
-3.7500 15.5000 1.6550 235 93 113
-11.0625 9.5000 1.3640 214 76 172
17.8125 -23.0000 2.5940 176 237 90
1.5000 0.0000 1.0650 157 102 204
-9.4375 -18.0000 0.0340 183 140 41
-18.1250 20.0000 7.7340 56 117 229
17.6875 -23.5000 2.4930 172 232 84
23.5000 18.0000 1.3830 220 66 87
-14.4375 -19.5000 0.0330 188 152 57
17.2500 -1.5000 3.0060 188 184 131
4.6250 -14.0000 4.0440 95 209 230
-5.1875 11.0000 1.4130 223 48 188
-25.8750 4.5000 1.0890 171 137 198
7.0000 -9.0000 1.0810 190 60 191
15.1875 -22.0000 2.5470 166 220 115
-6.4375 11.0000 1.3960 218 65 185
9.6875 -5.0000 2.3330 166 180 98
-13.7500 -18.5000 0.0330 186 149 54
-0.1250 13.0000 1.7020 231 72 132
17.1250 -12.5000 3.9360 154 185 184
-25.0000 -16.0000 0.0410 173 145 50
19.8750 -3.0000 3.1580 198 188 137
-8.2500 -11.5000 0.0350 180 131 47
6.8750 -22.0000 0.0620 181 74 126
2.7500 4.5000 1.1900 182 52 214
12.3750 -9.0000 3.8810 130 157 194
-10.5625 11.5000 2.2900 161 233 119
18.1250 0.0000 2.9310 200 170 125
22.5625 -23.5000 4.6170 126 176 189
-20.3125 19.0000 7.3070 46 132 238
-4.5625 -27.5000 0.0380 180 129 63
-14.8750 -8.0000 0.0370 179 133 90
-4.1250 15.5000 1.7210 237 109 106
-17.6250 9.5000 2.0720 191 202 92
-0.5000 11.0000 1.5910 229 82 157
5.7500 1.5000 1.1650 188 50 191
-6.0625 11.5000 1.4130 215 63 203
-5.3125 5.5000 1.1690 189 73 236
21.3125 18.0000 2.7620 165 217 138
6.5625 -2.0000 1.1270 190 38 174
-3.3750 3.0000 1.0700 179 101 217
-16.7500 9.0000 1.2420 190 91 208
-24.2500 4.5000 0.0750 165 112 162
3.2500 -25.0000 0.0370 165 127 84
-23.8125 -11.5000 0.0480 188 141 70
18.5625 16.0000 2.4350 197 183 97
-22.6250 6.0000 1.1350 177 125 207
14.1250 -3.0000 3.1940 180 194 144
3.2500 -6.0000 1.0540 174 110 210
-1.0000 5.5000 1.1760 180 54 206
10.5625 -10.0000 2.8180 152 218 153
-9.3125 18.5000 7.2810 61 130 232
6.9375 -8.0000 1.0940 186 45 175
16.5625 -6.0000 3.1850 211 201 127
21.6875 -25.0000 4.9160 92 213 196
-10.0625 19.5000 7.2890 57 138 223
-21.8125 -18.0000 0.0380 210 144 57
-6.8750 3.0000 1.0800 170 110 214
-11.5625 -22.0000 0.0360 180 147 60
19.1875 3.5000 2.6990 206 170 106
-8.2500 21.0000 7.3240 65 131 222
-21.2500 18.5000 7.2850 50 134 235
9.5000 2.5000 2.8660 152 202 156
5.4375 -4.0000 1.1140 181 63 213
7.8125 -14.0000 1.1110 187 66 192
-13.3125 -11.0000 0.0440 184 133 60
-7.8750 3.0000 1.0600 176 123 232
1.8125 -15.5000 0.0370 164 103 85
-4.5000 18.0000 4.0430 123 169 254
14.4375 20.5000 2.0710 237 125 75
-6.1250 12.0000 1.7070 212 132 126
-15.6875 4.5000 1.1070 183 98 213
-1.0000 -25.5000 0.0520 180 126 65
19.5000 -6.5000 3.3500 198 190 160
-5.7500 21.0000 7.3130 66 139 229
-21.8750 11.0000 2.2180 174 233 85
-6.5625 14.0000 1.6440 226 114 135
21.6250 8.0000 3.7230 123 168 200
-14.2500 10.0000 1.7720 217 154 109
7.2500 4.5000 2.0800 205 169 58
-3.1875 14.0000 1.5720 233 68 163
10.0000 -9.5000 2.2520 183 190 75
-17.1250 14.5000 4.8240 83 166 251
16.6250 -15.0000 3.8620 155 194 175
18.8125 -19.0000 4.3770 127 183 203
-17.6250 -14.0000 0.0410 186 151 41
-6.9375 -24.0000 0.0350 184 123 66
-13.2500 15.0000 5.0020 85 154 254
-20.2500 -14.5000 0.0420 191 144 58
12.4375 -0.5000 3.0710 156 194 138
20.5000 -5.5000 3.3410 205 193 149
-25.8750 5.0000 1.0900 173 106 209
13.5625 10.0000 2.3800 217 158 85
20.6875 -12.5000 3.8220 187 179 186
-6.1250 16.0000 7.5250 63 109 202
2.8125 18.5000 2.0030 244 113 82
-23.7500 -24.0000 0.0300 180 120 56
6.0000 -8.5000 1.1120 171 87 197
-21.1250 17.0000 1.8170 220 144 111
7.6875 15.5000 2.2390 214 169 89
-7.2500 6.0000 1.1840 186 78 242
4.9375 10.5000 1.9910 211 153 69
-6.6250 4.5000 1.1440 185 78 237
-17.3125 21.5000 7.3080 69 117 226
-4.6875 -1.0000 0.0400 150 124 113
12.7500 -4.5000 3.1020 184 197 137
13.8750 -26.0000 1.1260 198 74 207
-16.4375 -25.0000 0.0390 180 143 48
-12.6875 16.0000 5.0510 75 161 254
6.7500 -16.5000 1.0380 169 118 209
4.1875 17.5000 2.1030 233 145 87
-26.1250 9.0000 1.1870 186 73 231
-16.5000 -19.0000 0.0350 193 143 37
5.7500 -18.5000 0.0420 156 122 96
12.1875 10.5000 2.3030 208 157 72
10.5000 -6.5000 4.6140 96 144 198
-21.6250 -11.5000 0.0320 172 131 70
-20.6250 13.5000 3.1470 122 243 227
22.8125 -22.0000 4.5530 129 171 180
4.3125 10.0000 1.7710 238 85 80
9.9375 22.0000 2.0850 234 116 100
-17.5625 3.5000 1.0680 172 164 202
22.9375 21.5000 1.4150 194 89 109
23.0625 -23.5000 4.6350 126 177 185
20.6875 -25.5000 5.6050 75 205 184
8.1250 11.5000 2.5550 171 179 121
12.0625 -0.5000 4.1300 124 117 197
-21.5625 -13.0000 0.0380 186 150 65
-22.5000 -21.5000 0.0360 194 135 50
-14.3750 -3.0000 0.4760 188 186 86
17.3125 -2.5000 3.0400 186 182 130
12.7500 -3.0000 4.4760 126 134 173
-20.6250 0.0000 0.1030 164 119 126
6.3750 12.5000 4.1230 112 137 216
-15.5000 -22.0000 0.0360 176 174 50
-22.5625 19.5000 7.3010 54 136 219
-2.5000 7.5000 1.3500 199 61 201
-4.6250 1.5000 1.0130 176 164 194
-15.4375 -22.5000 0.0370 173 156 38
11.5000 12.0000 2.2650 214 145 70
9.1250 -25.0000 1.0180 179 185 139
-23.8750 -25.5000 0.0520 186 119 59
13.8125 -23.5000 1.0790 202 74 206
18.0000 -11.0000 3.5780 188 206 160
-7.1875 -10.0000 0.0370 178 126 58
-24.5625 4.0000 1.0760 182 132 197
13.1250 -19.0000 2.8010 157 220 165
-15.1250 16.5000 3.2680 124 228 254
5.1875 -2.0000 1.1230 183 50 204
14.9375 -15.5000 3.2600 164 201 137
2.1875 13.5000 1.8450 236 103 102
-11.5000 8.5000 1.2330 191 75 226
18.3125 -23.5000 2.5180 170 234 78
-7.3125 -19.0000 0.0390 185 143 46
0.0000 20.0000 1.8940 247 101 105
6.4375 -13.5000 1.0640 177 89 188
-19.3125 12.5000 3.9010 93 200 240
2.0000 -20.0000 0.0350 158 103 85
-8.5625 20.5000 7.3280 64 133 224
23.2500 7.0000 3.5510 140 148 160
12.0625 -11.0000 2.8870 150 216 150
4.3125 -16.0000 0.0390 168 100 115
23.5000 8.0000 3.6370 136 157 153
-21.5000 5.0000 0.2580 156 89 151
6.1875 -13.5000 1.0580 183 126 174
16.8750 13.5000 2.2750 215 158 62
-2.8750 -4.0000 0.0440 163 131 84
-18.1250 5.5000 1.1750 187 115 216
-1.5625 14.5000 1.6680 232 61 149
-24.6250 17.5000 3.8400 118 202 254
-3.0625 -1.5000 0.0330 144 117 117
-1.1250 20.0000 1.9530 233 140 109
14.2500 -17.0000 2.9870 175 209 128
-21.3750 14.5000 4.5810 78 179 254
-14.6250 -1.5000 0.0380 177 126 120
-12.8750 13.5000 1.7230 225 129 106
9.1250 1.5000 2.5880 157 200 127
23.3750 -12.0000 3.8520 178 152 156
-0.3750 -23.0000 0.0300 168 140 77
6.0625 2.0000 1.2560 191 65 176
11.8125 20.5000 2.1050 232 126 86
21.0000 -8.5000 3.5280 180 183 170
-4.9375 8.5000 1.2980 194 64 223
-8.1250 -20.5000 0.0300 173 146 45
17.6250 10.5000 2.3790 213 152 62
-1.0000 9.5000 1.5180 239 65 169
-21.4375 -0.5000 0.0340 160 115 123
-2.5000 6.0000 1.2460 187 66 212
-1.1250 7.0000 1.3310 200 57 195
12.4375 -12.5000 2.6610 169 223 122
7.3750 -25.0000 0.0390 159 44 113
0.9375 -23.5000 0.0370 168 142 88
-13.6250 -0.5000 0.5760 168 202 109
-10.3750 18.5000 7.2930 56 139 225
3.1250 12.0000 1.8120 226 89 99
-9.9375 -5.0000 0.0330 172 117 88
1.1250 16.0000 1.8630 253 80 114
4.8125 -9.0000 1.0850 171 135 202
-18.0000 13.0000 2.8310 139 244 201
-22.6875 17.5000 7.2960 51 128 226
-8.9375 -14.0000 0.0400 165 131 50
-13.4375 14.5000 5.3400 78 154 254
20.1875 -0.5000 3.0670 194 183 147
-1.0625 -12.5000 0.0390 153 105 108
-20.1875 15.5000 5.4980 63 153 247
-13.4375 -9.0000 0.0450 179 141 79
18.5000 1.5000 2.8320 204 169 109
-12.9375 -8.5000 0.0350 179 139 78
-26.0625 17.5000 2.3380 168 220 149
15.8125 -2.0000 2.9300 198 164 102
15.7500 -16.0000 3.3200 197 211 136
-15.2500 0.0000 0.0320 160 100 125
1.1250 7.5000 1.4390 222 50 165
14.6875 -25.0000 1.1110 199 79 209
7.0625 12.0000 4.1650 117 136 211
7.2500 5.0000 2.3260 182 191 90
-3.3125 21.5000 7.3600 78 117 222
-18.1250 13.5000 1.6840 221 123 108
-3.6250 -2.0000 0.0330 149 121 105
-17.3750 15.5000 5.2240 73 144 254
-17.1875 15.5000 5.2270 73 144 254
-10.1875 -7.0000 0.0430 190 137 80
-23.6250 17.0000 2.7840 138 251 215
21.6250 -3.0000 3.1390 196 174 140
-4.1250 6.0000 3.3070 115 223 254
-12.6875 -12.5000 0.0350 198 162 52
-18.8750 7.5000 1.1700 196 70 217
10.6875 -7.5000 2.6590 161 210 130
-5.2500 11.5000 1.4360 221 64 196
-0.3125 -3.5000 0.0370 156 125 92
-5.1250 -4.5000 0.0480 178 122 100
20.5000 -2.5000 3.1070 191 187 150
17.4375 -15.0000 4.1050 141 184 183
1.1250 17.5000 1.8820 254 79 105
-4.2500 19.0000 7.4120 56 121 223
-12.2500 13.0000 5.5640 74 150 244
11.3125 9.5000 2.3510 206 165 75
-9.1250 4.5000 1.1070 176 71 254
-6.6250 1.0000 0.0630 156 98 131
14.0000 -8.5000 4.1470 133 158 182
-26.0625 -27.5000 0.0360 165 137 58
-13.6250 -1.5000 0.0680 177 123 121
5.1250 13.0000 3.6280 110 183 232
-17.0000 -26.0000 0.0350 182 146 49
-20.7500 -20.5000 0.0380 197 140 39
-6.3750 18.0000 7.3210 71 126 214
-15.8750 -21.5000 0.0310 188 171 55
22.4375 -25.5000 4.7500 102 209 185
-18.1250 -16.5000 0.0410 175 159 57
-18.5625 8.5000 1.2270 190 86 215
-15.5000 20.5000 7.2780 75 135 209
4.9375 9.5000 1.7860 236 92 75
12.2500 -13.5000 2.6860 157 225 133
11.9375 -26.5000 1.0580 180 85 200
-12.0000 -6.0000 0.0460 176 125 94
16.0000 -2.0000 2.9650 188 171 119
-23.3125 7.0000 1.1810 180 76 223
16.0625 8.5000 2.4730 214 147 88
8.8125 -20.0000 1.0930 172 134 168
21.6875 -26.0000 4.9640 92 216 186
-23.6875 -15.5000 0.0360 179 137 42
13.7500 22.0000 2.0600 226 108 90
16.5000 0.0000 2.8910 202 173 112
21.3750 8.5000 2.7970 173 194 117
-20.1875 9.0000 1.1980 187 68 198
10.3125 -11.5000 1.1320 201 66 142
1.6250 -11.0000 0.0350 175 115 91
14.5625 8.5000 2.4950 206 155 81
13.2500 -1.0000 3.1240 178 186 147
-6.6875 -15.5000 0.0460 166 136 53
-2.7500 12.5000 1.5490 224 44 160
15.5000 -11.5000 3.6220 168 200 161
-18.5000 10.0000 2.2930 168 218 123
22.7500 -18.0000 4.2560 165 175 182
8.0000 -14.5000 1.1090 185 67 188
8.4375 -10.0000 1.1370 197 59 174
3.0000 -17.5000 0.0320 158 135 90
4.2500 -23.5000 0.0400 159 114 106
0.0625 3.5000 1.1440 170 50 198
-13.8125 20.0000 7.2900 61 135 229
21.8750 -18.5000 4.2270 151 185 191
1.9375 5.0000 1.2270 188 52 214
-15.0625 21.5000 7.2880 80 132 208
9.9375 -11.0000 1.1340 199 66 147
6.1875 19.5000 2.1640 229 146 86
-14.0625 15.0000 3.3910 122 226 250
-4.2500 -4.5000 0.0330 179 110 95
7.8750 -12.5000 1.1130 188 65 193
-7.5625 -25.5000 0.0750 190 135 65
7.0625 2.5000 1.7940 220 113 71
8.0625 -20.5000 1.0780 169 141 170
-13.6250 16.0000 6.1960 57 144 249
-11.7500 -7.5000 0.0480 188 145 85
10.7500 -11.5000 2.8110 153 214 151
-2.7500 14.0000 1.5740 233 67 165
8.3125 -27.5000 0.0520 155 88 116
-17.1250 -25.0000 0.0380 180 147 51
13.0000 -1.0000 3.0740 180 184 139
12.5000 -1.5000 4.2900 137 113 185
10.0625 -17.5000 1.1090 186 72 190
-5.4375 -1.0000 0.0340 150 127 117
-3.0625 19.0000 1.8860 229 127 116
-16.7500 5.0000 1.1160 179 154 205
-10.3750 19.5000 7.3240 55 138 226
20.5000 -6.0000 3.3080 203 191 150
-18.0625 -17.5000 0.0400 186 169 54
-2.0000 -7.5000 0.0400 145 138 84
-16.0625 4.5000 1.0690 176 155 200
17.9375 6.5000 2.5950 212 163 109
-22.6875 -6.0000 0.0380 182 125 78
21.8750 11.0000 3.5270 133 168 181
3.2500 2.0000 1.1100 198 33 211
15.5000 -17.0000 3.2400 175 212 126
0.3125 -10.5000 0.0400 171 118 97
-4.0000 -3.0000 0.0310 165 136 99
-1.3125 12.0000 1.6130 228 52 150
21.4375 -14.5000 3.9530 179 161 185
13.9375 -23.5000 1.0930 197 81 189
7.4375 -2.0000 1.6590 228 100 81
12.0000 20.5000 2.1350 228 128 82
9.9375 -15.0000 1.1030 199 68 185
9.3750 -11.0000 1.1830 196 57 153
-14.8750 -26.5000 0.0390 183 141 67
-25.0625 -25.5000 0.0340 179 128 61
-3.8750 19.5000 1.6330 254 90 136
-16.0000 -1.5000 0.0210 164 108 109
0.2500 -11.5000 0.0320 169 126 104
16.5625 15.5000 2.2030 223 158 67
-11.0625 -11.5000 0.0370 164 146 57
14.6875 4.5000 2.6280 220 176 106
14.5000 -4.0000 3.2700 176 199 154
16.3125 -16.0000 3.6010 180 210 156
19.4375 12.0000 2.5730 186 184 106
10.2500 -14.0000 1.0980 199 61 176
12.0625 -7.5000 2.9580 147 211 154
11.6250 7.0000 2.6370 193 186 129
-15.8125 21.0000 7.2730 77 135 210
-8.4375 5.5000 1.1110 188 64 242
-15.9375 -25.5000 0.0350 179 141 45
-3.2500 -26.5000 0.0360 170 123 61
9.4375 -25.5000 1.0650 172 135 186
18.3750 3.0000 2.8000 202 166 110
-10.4375 3.0000 1.0800 172 123 183
10.4375 -24.0000 1.1020 183 86 216
-14.8125 18.5000 7.2620 65 138 228
22.1875 0.0000 3.1950 187 161 142
2.1250 16.5000 1.9090 245 91 104
17.2500 -19.0000 4.8080 103 147 209
0.3125 11.5000 1.6500 224 75 146
11.5000 15.0000 2.2130 220 140 86
4.0000 19.5000 2.1200 233 139 90
-6.7500 21.5000 7.3370 70 142 230
8.5625 -6.5000 1.1410 191 56 164
7.0625 -7.5000 1.1260 189 46 176
2.5625 -4.5000 1.0630 169 133 192
-9.0625 2.0000 1.0310 163 134 207
-19.8750 -11.5000 0.0320 182 127 58
16.6875 -12.5000 3.9100 154 186 180
10.0625 19.5000 2.1220 236 137 90
9.2500 -2.5000 2.0910 197 176 52
-23.6250 -15.0000 0.0390 177 139 42
-23.8750 -23.0000 0.0350 199 140 52
-13.5625 6.5000 1.1820 186 75 227
21.8750 3.0000 3.0420 178 176 141
18.8125 -26.5000 1.0660 181 160 135
11.6250 -27.0000 1.0640 170 90 184
1.9375 15.5000 1.9130 244 96 104
-3.6250 -8.5000 0.0400 170 144 83
-2.5000 18.0000 1.8430 244 107 124
20.3125 -23.0000 4.7860 108 187 195
-17.4375 14.0000 4.6940 83 169 253
17.5000 -5.0000 3.1930 196 190 137
-25.0000 15.5000 1.7170 220 112 105
-0.1250 2.0000 1.1050 175 130 194
12.6875 6.0000 2.4690 221 156 91
-21.5000 3.0000 0.0370 157 76 142
6.6250 21.5000 2.2050 215 135 106
15.0000 -8.5000 3.6100 175 194 149
-22.4375 9.0000 1.2280 192 54 213
-1.6875 -18.0000 0.0400 165 125 104
11.0000 -27.5000 1.0360 164 94 183
-13.1250 -26.0000 0.0370 190 128 56
-24.5000 -16.5000 0.0390 177 139 47
15.9375 18.5000 2.3040 210 167 84
21.5625 -7.5000 3.4660 185 188 166
-8.7500 -22.0000 0.0420 172 156 67
20.4375 -21.5000 4.6630 113 182 204
21.9375 8.0000 3.7270 124 164 193
-13.0000 -28.0000 0.0370 175 131 57
-4.1250 -4.0000 0.0390 177 111 97
-11.5625 14.0000 4.4630 96 166 254
-5.3125 12.5000 1.4980 232 62 172
-11.3125 -19.5000 0.0420 170 153 51
-12.6875 -16.5000 0.0340 192 147 40
-16.3125 13.5000 1.6560 225 123 110
11.4375 -21.0000 1.1050 194 78 172
18.0000 0.0000 2.9330 200 171 127
-11.6250 -19.0000 0.0330 168 154 51
2.5000 -4.0000 1.0550 167 133 193
0.5000 2.5000 1.1030 179 84 201
16.3125 -12.5000 3.9300 152 184 180
21.8125 -5.5000 3.2870 203 175 144
-21.7500 19.5000 7.2750 57 152 215
22.6250 3.5000 3.0620 177 168 134
11.3750 -23.5000 1.1050 199 64 222
-10.2500 -17.0000 0.0360 186 124 29
13.6875 -8.5000 3.8430 149 167 179
-7.0625 1.5000 1.0110 167 133 198
1.6250 -12.0000 0.0370 168 124 92
14.6875 13.5000 2.2880 220 150 89
2.9375 14.5000 1.9230 228 105 95
5.3125 -10.5000 1.0980 177 131 194
13.8125 -12.0000 3.2450 170 233 159
-0.7500 16.5000 1.7890 248 78 137
0.3125 8.0000 1.4330 215 46 169
-1.1250 -6.0000 0.0410 160 154 86
-10.1875 19.5000 7.3090 55 138 224
-1.1875 -18.0000 0.0300 165 120 102
0.4375 12.0000 1.6810 225 82 139
22.6250 20.5000 1.3660 207 83 112
6.8750 6.0000 2.3290 186 186 88
-25.0625 -27.5000 0.0410 172 131 57
-2.9375 -7.0000 0.0310 158 146 89
-7.0625 8.5000 1.2920 199 69 208
15.5625 -18.0000 3.1310 159 213 152
15.5625 -13.0000 4.9100 97 120 138
-22.5625 20.5000 7.2720 59 133 215
3.0625 6.0000 1.3260 201 50 192
20.1250 -13.0000 3.8570 183 179 189
-20.2500 15.0000 4.5000 80 168 254
20.5000 -9.0000 3.5030 201 183 165
6.3750 -8.5000 1.0970 175 62 163
-5.6875 -22.0000 0.0370 167 137 69
7.3125 16.0000 2.2380 213 169 91
18.1250 -9.5000 3.4300 205 214 142
-2.8125 -3.0000 0.0340 148 113 102
-20.6875 17.0000 6.0750 62 152 244
14.3125 -26.0000 1.1140 198 78 203
-16.1875 14.5000 4.4260 98 153 254
23.1875 14.5000 1.3080 217 57 88
-20.3750 -10.0000 0.0420 178 133 65
-7.6875 8.0000 1.2000 198 69 244
5.7500 0.0000 1.1320 185 53 197
-10.4375 14.0000 4.5670 92 164 254
0.0625 -16.0000 0.0400 171 105 82
2.8125 18.0000 1.9880 236 117 88
8.3125 -22.0000 1.0570 170 177 165
17.6250 12.5000 2.4230 205 168 78
16.5000 13.0000 2.2680 218 156 60
-6.0000 15.5000 7.5440 64 109 199
-2.8125 -9.5000 0.0470 171 147 68
-23.7500 -18.0000 0.0350 197 134 73
-18.5000 -23.0000 0.0310 172 155 52
-22.3750 20.5000 7.2710 60 151 214
-0.1250 -12.5000 0.0370 167 141 97
-14.3750 -23.5000 0.0350 180 156 32
-20.6875 2.0000 0.0770 172 123 128
12.5000 -2.0000 4.2910 127 109 183
21.1875 -10.0000 3.6100 195 184 166
13.9375 16.5000 2.1970 227 143 77
-24.5625 8.5000 1.1940 188 70 222
16.4375 16.0000 2.2740 215 166 78
-7.0625 -23.5000 0.0310 177 142 65
-10.5000 -0.5000 0.0380 169 91 116
-13.3750 -1.0000 0.0320 175 116 118
-16.4375 8.0000 1.1720 180 92 226
-17.7500 -15.0000 0.0390 178 147 48
-5.7500 19.5000 7.3240 61 124 230
12.5000 6.5000 2.4720 206 151 88
-4.6250 16.5000 1.6630 237 97 115
19.9375 7.5000 2.7480 182 195 106
17.6875 -2.0000 3.0820 183 185 139
0.1250 -27.0000 0.0390 167 131 86
17.3750 -9.5000 3.5120 194 218 162
-13.9375 16.5000 7.2730 52 124 225
-6.1250 -21.5000 0.0400 182 145 49
9.1875 -26.0000 1.0360 169 141 176
4.6875 9.5000 1.7610 238 84 81
-17.1875 20.5000 7.3000 59 121 233
-2.1250 10.0000 1.4720 239 50 189
-7.4375 13.0000 2.0230 187 199 94
-7.3750 -22.0000 0.0320 175 144 61
-4.3125 8.0000 1.3230 200 66 216
14.3125 4.5000 2.5890 223 174 100
0.3750 15.0000 1.8370 242 90 129
-1.7500 5.5000 1.1730 179 53 210
4.1250 3.5000 1.1550 191 39 195
-23.6875 13.0000 3.3640 105 245 228
23.3750 9.5000 3.6330 138 157 155
3.1875 9.5000 1.6330 232 60 112
-2.8125 4.5000 2.9040 124 228 234
6.6875 -1.5000 1.1290 190 39 177
10.0625 21.0000 2.1220 235 130 97
-11.8750 -26.0000 0.0320 196 130 59
-5.8125 16.5000 6.4570 74 124 229
-0.1875 -22.0000 0.0340 164 123 76
-6.0625 21.5000 7.3370 69 138 230
-23.6250 1.5000 0.0370 164 93 120
-13.1250 -15.5000 0.0320 188 151 50
-11.1250 10.5000 1.4260 217 83 163
3.5000 2.0000 1.1550 188 33 210
-23.1875 12.0000 2.8410 132 246 175
-3.3125 -4.5000 0.0310 177 107 90
-3.5000 -8.0000 0.0270 170 131 94
-2.3750 3.0000 1.0920 180 101 214
-22.1250 5.5000 1.1060 177 129 204
-22.8125 9.0000 1.2180 192 53 217
-24.7500 21.0000 7.3070 66 129 217
-5.0625 21.0000 7.3310 66 115 225
9.5000 -1.0000 2.5570 174 201 112
9.2500 8.5000 2.6220 177 173 124
-11.7500 3.5000 1.0710 167 103 217
-6.1875 -24.5000 0.0370 192 137 66
-8.4375 15.0000 6.9360 66 138 223
1.1875 13.0000 1.7530 244 76 114
10.2500 -3.0000 2.2210 205 184 46
-18.8750 2.5000 0.0310 176 94 103
-25.0000 15.5000 1.7050 220 108 108
-0.2500 11.0000 1.5990 233 75 150
3.4375 15.0000 1.9960 229 128 97
10.6875 12.0000 2.2290 219 160 79
-15.5000 -4.5000 0.0330 155 133 97
7.0000 -8.0000 1.0910 186 45 175
-16.1250 -23.0000 0.0360 187 147 41
6.6250 -21.0000 0.7630 162 175 159
-2.9375 19.0000 1.8830 229 126 116
18.5625 -6.5000 3.3640 194 195 154
-22.8125 -12.5000 0.0410 195 130 53
4.5000 -13.5000 0.1450 167 101 130
5.8750 10.5000 2.2310 182 185 90
-8.5625 -16.5000 0.0380 173 145 58
15.6875 6.0000 2.6230 207 149 94
20.7500 -27.0000 6.0080 80 191 162
16.2500 -26.5000 1.1760 193 112 178
22.6250 6.5000 3.6010 136 145 169
10.6875 21.0000 2.1120 229 124 95
-11.3750 -28.0000 0.0350 173 127 48
3.5000 19.0000 2.0820 240 131 89
-5.6250 -9.5000 0.0370 152 143 75
-25.8125 -11.5000 0.0380 181 145 77
-0.0625 8.0000 1.4140 221 42 165
1.4375 11.5000 1.7080 224 89 128
-10.9375 -7.0000 0.0430 189 139 84
-2.0000 -2.5000 0.0390 152 104 106
22.3750 14.5000 7.5730 79 79 123
16.5625 -21.0000 2.8730 166 236 129
23.1875 -4.0000 3.4490 187 148 143
22.0625 -19.5000 4.3250 144 181 186
-22.6250 17.5000 4.4840 101 152 254
1.8750 9.0000 1.5930 228 61 130
-9.8750 -1.0000 0.0470 171 90 110
0.6250 -25.5000 0.0430 172 149 101
-24.5625 5.0000 1.1150 183 129 199
-2.1250 -7.0000 0.0370 143 139 86
22.8125 15.0000 1.3330 220 54 85
6.0000 -6.0000 1.0850 173 68 211
11.4375 6.0000 2.6840 189 176 126
2.5625 -7.5000 0.9640 172 185 171
-2.6250 -2.0000 0.0300 149 110 110
7.8750 -8.5000 1.1130 190 50 164
-10.3125 -3.0000 0.0350 171 113 120
-13.3750 -22.5000 0.0310 182 160 38
-5.2500 6.0000 1.1820 190 72 237
16.9375 -8.5000 3.6180 184 191 173
9.7500 -7.0000 4.0670 111 154 211
3.6875 -6.0000 1.0600 176 106 208
3.1875 5.0000 1.2290 206 44 196
0.1875 -7.5000 0.0380 147 117 99
-5.9375 -20.0000 0.0340 171 137 60
-17.0000 -7.0000 0.0540 165 127 69
21.3125 -18.0000 4.1790 162 183 195
15.8750 -21.5000 2.6130 174 222 99
4.0625 8.0000 1.5720 237 57 135
16.7500 -16.0000 3.7260 167 206 172
-13.3125 13.5000 1.7950 225 145 97
20.1250 -20.0000 4.5260 132 180 191
-15.5000 -15.5000 0.0350 195 162 60
2.4375 11.0000 1.7360 226 95 117
-2.4375 5.0000 1.1510 177 52 214
-17.6250 14.5000 5.1720 69 151 254
-6.2500 -1.0000 0.0590 171 132 110
-10.3125 -23.5000 0.0470 180 138 68
19.5625 -2.0000 3.1040 189 187 155
17.8125 6.0000 2.6140 211 154 103
-4.0000 -21.5000 0.0320 167 130 67
10.5000 15.5000 2.1300 232 141 74
-2.5000 9.5000 1.4280 236 44 198
-20.6875 13.0000 2.9590 128 248 204
2.5000 -20.5000 0.0340 161 130 93
-1.2500 9.5000 1.4550 239 51 186
1.8750 17.5000 1.9570 241 113 93
11.8750 0.0000 3.0200 160 194 140
1.8125 -8.0000 0.0370 160 94 102
-9.0625 9.5000 1.4010 206 79 181
-4.7500 10.5000 1.4070 226 47 187
-13.8125 -26.5000 0.0360 188 133 60
-16.2500 21.5000 7.3060 81 134 210
2.2500 -7.5000 0.0610 161 92 109
23.2500 13.5000 2.5540 180 180 71
-13.5625 20.0000 7.3060 61 135 229
-8.7500 20.5000 7.3280 69 142 212
-13.6875 13.0000 4.5730 81 176 254
23.2500 -5.0000 3.4230 202 163 142
13.5000 -2.5000 3.2100 173 185 153
19.6875 -22.5000 5.5540 89 173 179
-18.3125 -11.0000 0.0380 183 144 47
-21.3125 4.5000 1.0820 173 140 209
-10.0625 21.0000 7.3030 70 144 215
22.6250 -25.0000 4.7200 105 205 186
-16.0625 22.0000 7.3070 83 134 210
-25.1875 -21.5000 0.0290 190 134 65
-8.2500 -20.5000 0.0430 173 147 47
-7.5625 12.0000 1.5870 234 102 145
20.9375 -14.5000 3.9440 178 163 189
18.8750 -14.0000 3.8750 175 189 174
-12.6875 2.0000 0.1110 155 108 144
19.0000 -26.5000 1.0480 181 161 136
-5.8750 17.0000 7.2830 70 116 211
5.3125 20.0000 2.2150 219 148 96
-26.3750 18.0000 7.3670 67 131 225
-11.5000 16.5000 7.2700 51 127 232
10.8125 -1.0000 3.5720 119 179 198
-2.6250 -22.0000 0.0360 162 138 80
-5.1250 16.0000 1.6180 235 89 120
22.6250 -18.0000 4.2610 164 176 183
21.9375 11.5000 3.5770 131 171 177
8.1250 7.5000 2.5720 179 195 124
-19.0625 11.5000 3.9860 93 180 240
-24.1250 21.0000 7.3150 62 130 218
-22.8125 16.0000 4.4780 88 176 254
-15.9375 15.0000 5.4160 84 136 250
-26.0625 -9.0000 0.0310 179 126 99
17.2500 6.5000 2.5660 216 164 106
-5.5625 16.5000 7.1680 66 119 215
23.1250 -21.0000 4.5090 143 166 186
21.8750 14.5000 2.5730 182 193 83
6.5625 -23.5000 0.0330 166 66 125
-13.4375 -13.0000 0.0350 198 148 60
15.1875 -1.0000 2.8740 203 172 104
13.8750 9.0000 2.4100 215 165 91
15.9375 -27.0000 1.0610 183 106 183
-17.3125 15.0000 5.2240 75 143 254
-17.6250 8.0000 1.1670 180 90 233
18.6250 -23.0000 2.6600 166 238 109
21.6875 -21.0000 4.4300 139 175 199
-10.7500 15.0000 1.7230 235 130 123
14.9375 0.0000 2.8480 202 167 106
6.6250 0.0000 1.2060 197 59 179
13.1875 -23.0000 1.1110 198 79 189
19.9375 -20.5000 4.5460 123 179 200
23.1875 -5.5000 3.3730 202 165 141
10.7500 -19.0000 1.1020 196 71 182
-17.3125 2.0000 0.0380 167 100 141
-1.9375 16.0000 1.6290 254 48 158
11.7500 10.5000 2.3150 207 161 73
-13.9375 -6.5000 0.0460 177 129 100
15.0000 -21.5000 2.5530 165 220 116
8.8750 6.5000 2.6890 173 193 132
5.2500 5.5000 1.4930 215 77 126
-7.5000 1.0000 0.0350 158 101 132
12.3750 -17.5000 1.1360 195 72 172
-2.8750 -21.5000 0.0360 175 147 68
-5.5000 -0.5000 0.0420 148 127 118
17.1875 9.5000 2.4470 208 158 73
-22.3750 10.0000 1.2250 201 55 209
5.3750 -6.0000 1.1000 177 66 215
1.4375 -16.5000 0.0340 167 103 84
-11.0625 13.5000 1.7020 233 134 126
16.0000 -27.0000 1.0330 181 105 185
7.6875 13.0000 2.5490 181 200 127
-15.3125 19.0000 7.2740 69 137 227
16.0625 -25.0000 1.1590 201 116 174
-4.8125 22.0000 7.3260 78 111 219
-6.0000 18.5000 7.3000 64 117 219
10.3750 6.5000 2.6990 185 186 139
-9.1875 17.0000 7.3050 57 145 229
-5.3125 4.5000 1.1230 187 72 238
11.1250 7.0000 2.6520 191 188 132
13.5625 -9.0000 3.8310 151 172 181
10.0000 9.0000 2.5210 190 179 115
10.3125 16.0000 2.1400 230 143 77
-24.5000 12.0000 1.4320 206 78 151
11.5000 -5.0000 3.5750 114 177 194
-13.4375 -18.5000 0.0310 187 146 52
-2.1875 15.5000 1.6690 251 56 154
21.3125 -5.5000 3.3140 202 181 152
1.6875 -2.0000 1.0630 162 107 196
9.1250 21.0000 2.1220 234 131 98
22.8125 6.0000 2.7940 182 175 94
-2.8125 -10.0000 0.0420 169 136 107
-1.8125 -4.0000 0.0290 168 125 76
12.0000 -17.5000 1.1180 193 69 177
10.4375 4.0000 2.7290 179 192 133
5.9375 -21.0000 0.0350 177 105 118
-12.9375 -23.0000 0.0340 188 150 44
22.5625 -3.5000 3.2520 191 163 141
-25.8125 15.5000 1.6700 214 101 125
-23.1250 7.0000 1.1120 174 73 230
22.4375 -6.5000 3.4090 195 173 156
8.8125 -19.5000 1.0750 172 131 172
11.1875 -23.0000 1.1230 199 69 170
17.6875 -11.0000 3.6490 180 205 171
14.0625 1.0000 2.8590 193 188 120
-2.1250 21.0000 1.9570 221 146 132
5.8750 18.0000 2.1650 223 145 83
16.6875 -19.0000 4.6400 106 154 208
10.1250 -24.5000 1.0510 177 87 215
12.1250 -13.5000 2.8690 146 224 159
5.5000 17.0000 2.1660 215 155 82
18.3125 -13.0000 3.8330 163 189 172
16.7500 -28.0000 0.4140 171 91 166
-6.0000 0.0000 0.0340 144 103 127
-16.4375 -20.0000 0.0300 193 141 34
-5.8125 5.5000 1.1520 186 73 239
-24.3125 5.5000 1.1110 181 98 209
6.5625 -17.5000 1.0450 174 139 186
-12.1250 19.5000 7.2430 60 136 230
1.8750 19.0000 1.9700 249 110 81
1.8750 3.5000 1.1450 181 45 220
6.8125 -14.5000 1.0860 176 101 200
12.0625 14.0000 2.2310 221 151 81
8.6875 10.5000 2.5620 176 185 122
-16.8125 -15.5000 0.0300 176 152 52
7.3125 5.0000 2.3240 184 192 89
4.3125 7.0000 1.4850 237 50 141
-17.7500 -13.5000 0.0430 185 152 43
-15.9375 9.0000 1.2040 183 93 212
-15.1250 12.5000 1.4720 210 91 166
7.3125 -21.5000 1.0580 160 190 166
-21.5625 3.5000 0.7650 160 124 196
-15.6250 -13.5000 0.0380 180 147 74
12.9375 21.0000 2.1100 230 125 84
10.5000 2.5000 2.6460 182 189 108
6.3125 -25.5000 0.0340 156 70 99
-2.2500 3.5000 1.1640 181 54 202
6.1250 -18.0000 1.0650 178 158 162
19.6875 11.0000 2.5870 189 189 94
-25.9375 2.5000 0.0350 145 102 155
4.0000 13.0000 1.9360 226 124 77
-1.8125 -20.0000 0.0290 173 124 96
-8.7500 7.0000 1.2030 196 66 246
6.0625 -6.5000 1.1100 189 54 193
20.2500 -2.5000 3.1280 188 187 154
-22.5625 -9.0000 0.0400 183 153 63
-16.6875 8.0000 1.1850 182 92 226
-4.3125 14.5000 1.5890 228 79 157
-11.8125 -13.0000 0.0360 186 163 58
-22.5000 4.0000 1.0740 185 135 187
-19.0000 12.0000 4.0370 92 176 240
13.5000 19.0000 2.1710 233 149 79
4.3125 2.0000 1.1760 192 40 202
5.9375 16.5000 2.1750 213 156 80
8.0000 22.0000 2.0140 233 98 108
2.1875 6.5000 1.3400 212 43 174
18.6875 -7.5000 3.3940 204 197 150
21.2500 -6.0000 3.3590 198 186 162
-3.2500 16.0000 1.6630 232 93 114
10.3125 22.0000 2.1030 230 117 101
13.6250 -26.5000 1.1010 192 74 207
-18.8750 -21.0000 0.0370 193 140 18
11.1875 4.5000 2.8030 178 194 148
-8.1875 -13.0000 0.0420 160 136 49
-6.0625 -13.5000 0.0390 170 152 67
-17.8125 7.0000 1.1830 183 88 229
20.1250 7.0000 2.7810 180 198 111
8.9375 -4.0000 2.4810 151 206 136
10.3750 4.5000 2.7740 177 194 144
1.1250 -22.5000 0.0360 175 129 94
13.6875 13.0000 2.3210 216 154 97
13.8750 -2.0000 3.1630 176 189 151
9.3750 16.5000 2.1020 232 140 77
-0.2500 12.0000 1.6300 226 66 150
5.2500 12.5000 3.4270 116 193 225
4.5000 11.0000 1.9430 216 137 73
15.2500 -9.5000 3.6450 160 196 163
0.3125 -26.0000 0.0310 171 129 91
16.7500 12.0000 2.3600 214 154 72
-1.3125 5.0000 1.1550 182 50 210
17.7500 12.5000 2.4510 202 170 83
2.8750 16.5000 2.0000 227 117 98
-20.2500 17.0000 4.4930 84 164 254
-11.9375 -15.0000 0.0340 188 148 56
12.2500 10.0000 2.2930 210 157 68
20.8750 -3.0000 3.1680 195 180 149
-11.7500 -27.0000 0.0370 174 125 54
6.7500 5.0000 2.4200 173 193 108
15.8125 -1.5000 2.9340 192 166 114
-7.3125 6.5000 1.1910 197 69 240
-23.8750 20.5000 7.3410 57 132 219
-12.1250 -24.5000 0.0290 202 131 52
8.1875 6.0000 2.5800 181 188 115
-5.3750 19.5000 7.3030 58 124 231
-3.0000 11.0000 1.4750 230 49 174
-13.0000 -21.0000 0.0390 183 159 37
-21.3750 17.5000 7.3470 48 133 225
10.7500 -3.0000 2.3210 202 193 53
-11.6875 20.5000 7.2680 60 134 225
23.0625 -26.0000 4.7650 108 207 165
-25.6875 7.0000 1.1470 175 95 222
14.2500 -21.0000 2.5710 162 221 124
8.8750 19.0000 2.0520 248 124 79
1.3750 14.0000 1.7970 239 88 112
-8.5625 7.0000 1.2210 198 67 242
7.3125 -14.5000 1.0540 179 68 193
-5.0625 20.5000 7.3490 62 117 227
15.5000 15.0000 2.2220 222 133 79
-2.1250 17.0000 1.7400 247 71 148
-22.8750 -2.5000 0.0420 179 95 99
1.2500 -24.5000 0.0460 171 145 100
-11.1250 -23.0000 0.0300 183 139 56
17.9375 17.0000 2.4180 196 182 99
2.3750 1.5000 1.1330 190 79 212
10.3125 19.0000 2.1420 237 145 86
-20.8125 -19.0000 0.0310 204 150 41
23.0000 3.5000 3.0710 177 167 132
19.5625 1.0000 2.8760 203 175 110
10.3125 -10.0000 2.8850 148 218 164
-4.1875 -0.5000 0.0380 148 121 114
-3.3125 8.0000 1.3270 196 70 213
13.0625 4.0000 2.6800 210 177 119
-10.4375 12.5000 2.5190 152 244 150
19.8750 -26.5000 1.0340 186 171 142
-2.0625 15.0000 1.6540 242 72 160
0.6250 0.5000 1.0540 171 95 209
0.9375 -16.0000 0.0380 164 105 85
17.9375 -22.5000 2.6080 176 238 92
4.6875 6.0000 1.3560 212 56 180
-11.7500 13.0000 5.4940 72 152 247
-9.1875 -23.5000 0.0320 179 129 76
-6.8125 2.5000 1.0660 169 114 210
-18.2500 3.0000 0.5720 168 122 180
15.0625 13.0000 2.2860 221 148 86
-3.5000 20.0000 7.4810 68 115 216
-20.1250 21.5000 7.2660 61 119 225
10.1250 -17.0000 1.0990 194 58 168
5.8125 -8.5000 1.1110 172 87 198
-5.6875 -9.0000 0.0360 154 134 80
10.0000 -11.0000 1.1530 200 66 146
-10.5000 -7.0000 0.0440 190 137 81
-23.0000 16.5000 1.7280 236 109 99
-16.2500 10.0000 2.1470 182 208 96
22.1250 17.5000 1.3710 224 61 92
-2.6875 14.5000 1.5920 235 62 174
-20.1250 -7.0000 0.0330 188 130 64
9.6250 -23.0000 1.0850 189 120 148
14.8750 13.0000 2.3010 220 151 88
-21.5625 -8.0000 0.0530 183 133 60
16.1250 2.5000 2.7860 194 175 117
11.7500 -18.0000 1.1300 197 71 177
14.6250 9.5000 2.4310 215 159 90
-18.3750 1.5000 0.0320 165 109 140
-19.6250 12.5000 4.1110 85 190 240
3.0625 3.0000 1.1650 185 38 220
-19.6875 -22.0000 0.0410 188 132 26
-16.8125 14.0000 4.9300 76 167 251
20.4375 -26.0000 1.0690 193 172 141
7.0000 -11.5000 1.1000 189 76 200
10.7500 13.5000 2.1940 225 154 73
21.4375 14.5000 3.5020 126 187 191
17.0625 20.0000 2.3150 200 177 79
9.6250 2.0000 2.7750 159 205 144
-11.6875 3.0000 1.0570 178 144 207
1.1875 -3.5000 0.0930 144 116 132
14.5625 15.0000 2.2060 228 139 76
-21.0625 13.0000 3.1770 118 241 226
13.6250 5.5000 2.5320 221 160 92
22.2500 -11.5000 3.8020 183 164 160
13.7500 -5.0000 3.3420 169 196 160
15.3125 -19.5000 2.9650 148 212 165
-22.1875 12.5000 3.4700 103 235 216
-18.3125 14.0000 4.5060 80 185 244
19.4375 -4.0000 3.1820 211 188 144
15.4375 11.0000 2.4070 210 153 74
2.8125 -15.5000 0.0400 163 102 84
20.1250 -27.0000 0.0390 187 118 129
-26.4375 -3.5000 0.0400 165 119 107
-8.8750 -5.0000 0.0570 178 157 93
-4.6875 -10.0000 0.0350 160 130 70
15.7500 -23.5000 1.1190 202 104 173
4.1875 20.0000 2.1310 229 140 92
5.8750 16.0000 2.1970 210 164 78
22.7500 16.0000 1.3420 211 56 86
5.4375 -17.0000 1.1290 181 168 146
0.8125 16.0000 1.8790 248 84 115
-12.5000 1.5000 0.0370 150 101 136
1.6250 6.0000 1.2850 204 39 181
-8.1250 -24.0000 0.0410 182 134 73
17.9375 15.0000 2.4500 195 176 86
-6.2500 15.5000 1.5830 230 97 127
-3.5625 19.5000 1.9660 228 163 115
-2.5625 -16.0000 0.0310 170 122 100
1.2500 13.5000 1.8000 241 89 110
-7.7500 -11.0000 0.0310 181 128 50
-25.0625 16.0000 1.7140 228 99 112
14.3125 15.5000 2.2290 226 147 79
-6.3125 -2.0000 0.0340 158 134 115
-14.7500 7.5000 1.2110 186 77 234
8.1875 16.5000 2.1850 221 162 87
16.6250 12.5000 2.3230 213 159 67
-2.2500 4.0000 1.1750 182 53 204
-6.5625 15.0000 6.5720 76 127 217
-9.6250 8.5000 1.2750 207 61 198
14.3750 -4.0000 3.2920 174 200 158
-0.8125 -22.5000 0.0290 168 124 77
21.4375 -7.5000 3.4890 183 188 170
7.1250 12.5000 4.2530 111 133 205
17.3750 2.0000 2.7900 204 177 113
-10.2500 -12.0000 0.0350 169 149 56
16.7500 -20.0000 3.3600 174 219 159
-9.1250 15.5000 7.5820 61 120 214
7.8125 -2.5000 1.8680 216 150 65
-24.8750 -15.5000 0.0360 184 137 48
5.1875 18.0000 2.1650 230 146 83
-17.7500 7.0000 1.1630 182 88 232
5.5625 -19.0000 0.0390 158 123 92
-22.3750 20.0000 7.3030 56 134 217
-20.8750 21.5000 7.2870 63 139 210
-12.8750 -18.5000 0.0400 186 146 47
-6.5625 17.0000 7.3480 62 122 214
1.4375 5.5000 1.2540 187 54 212
5.8125 12.0000 2.3640 178 182 98
23.2500 0.0000 3.2830 184 158 144
-23.2500 15.5000 5.6820 58 160 249
7.6250 -11.5000 1.1370 194 60 173
-4.3750 17.0000 1.7080 235 107 113
4.9375 8.0000 1.7850 229 106 94
5.5625 -5.5000 1.0860 172 65 216
-1.3750 -19.0000 0.0270 171 119 100
0.3125 6.0000 1.2660 193 55 209
1.4375 -1.0000 1.0830 161 105 203
10.3125 -20.5000 1.1210 194 79 180
-3.7500 -19.0000 0.0410 180 122 80
22.8125 -4.0000 3.2440 191 157 133
15.9375 -12.0000 4.8040 124 122 174
-4.4375 12.0000 1.4740 229 58 175
21.7500 -7.5000 3.4600 186 186 162
-11.8750 -15.0000 0.0320 189 147 55
-18.9375 18.0000 7.2840 65 130 234
-10.6875 -6.5000 0.0520 186 140 86
20.0625 -5.0000 3.2900 207 194 149
0.5625 -0.5000 2.9170 126 254 202
10.1875 3.0000 2.7300 170 197 134
-10.2500 16.5000 7.3170 51 129 228
16.9375 -28.0000 0.0380 171 87 145
23.3125 -18.0000 4.2890 164 172 178
-18.6875 14.0000 1.7680 220 149 103
-0.9375 -6.0000 0.0400 160 153 86
9.0625 16.5000 2.0990 229 147 81
-13.1250 8.0000 1.2050 185 79 228
1.1875 3.0000 1.1290 185 77 199
18.3750 -23.5000 2.5810 166 236 90
12.2500 -27.0000 1.0720 180 86 194
18.0625 -23.0000 2.6030 176 238 90
-9.8750 2.0000 1.0320 172 163 151
-4.8750 3.0000 1.0940 189 123 208
-2.0000 19.5000 1.9460 235 140 111
14.4375 -4.0000 3.3040 173 200 159
11.3750 19.0000 2.1460 237 145 81
-14.9375 4.0000 1.0840 177 114 211
18.5625 -18.5000 4.3780 128 181 204
9.0625 -8.5000 1.1590 194 57 168
-23.8750 1.5000 0.0310 164 93 119
-11.6875 -2.0000 0.0290 179 103 120
-17.3750 -4.0000 0.0370 179 123 97
-23.4375 8.0000 1.1930 180 75 226
-3.6875 -18.5000 0.0370 175 120 82
-15.7500 5.5000 1.1520 178 105 207
-3.8125 16.5000 1.7250 235 108 109
-23.4375 -14.5000 0.0410 203 136 41
-18.9375 -8.5000 0.0340 180 143 58
-20.7500 5.5000 1.1490 178 137 204
-20.9375 16.0000 4.4520 82 169 254
4.3125 -22.5000 0.0360 164 103 120
-14.3750 10.0000 1.8770 207 175 105
-8.0000 15.0000 7.5920 61 125 212
16.2500 2.5000 2.7360 199 172 109
14.0625 -15.0000 4.1900 102 162 205
-25.0000 -9.5000 0.0360 182 126 95
9.7500 -1.5000 2.6200 178 203 119
13.6250 15.5000 2.2020 228 142 79
-5.9375 6.5000 1.1990 189 68 242
-6.3125 18.5000 7.2820 65 117 222
-20.8750 15.5000 4.4670 80 170 254
-22.3125 -5.0000 0.0370 164 107 70
-25.4375 16.5000 2.3560 156 223 160
4.9375 -0.5000 1.1400 181 52 206
5.1875 -10.0000 1.1080 178 132 196
23.3125 -9.0000 3.6290 195 153 147
12.9375 -14.0000 2.8130 196 229 114
-17.4375 -3.5000 0.0690 173 129 103
14.5000 -20.5000 2.5580 174 212 105
4.9375 -9.5000 1.0930 174 133 200
22.2500 -6.0000 3.3750 198 176 155
-22.2500 21.0000 7.3240 60 148 214
-10.6875 -25.0000 0.0350 196 119 65
-4.3750 -10.0000 0.0480 160 131 71
9.2500 4.5000 2.4200 181 191 93
-0.3125 4.0000 1.1540 181 52 200
-18.1875 6.0000 1.1530 186 113 221
20.9375 2.5000 2.9620 193 173 118
-15.9375 7.5000 1.1900 181 93 221
-13.8125 6.0000 1.1570 181 84 220
15.8750 -5.5000 3.3900 191 173 143
-2.9375 2.5000 1.0820 180 120 190
-20.7500 2.5000 0.1220 170 125 135
-19.1250 -26.0000 0.0410 198 129 25
-7.1875 6.0000 1.1820 186 78 243
10.3750 -21.0000 1.1120 191 80 177
-10.2500 21.5000 7.3540 74 143 214
-21.9375 15.0000 1.7960 217 145 94
16.8125 -4.5000 3.1510 196 195 138
-4.9375 2.5000 1.0910 176 163 193
3.1875 17.5000 2.0250 242 119 101
-14.6250 -8.0000 0.0190 180 129 87
-5.8750 17.0000 7.3310 70 116 210
15.5625 -9.5000 3.6740 167 206 165
-8.0625 3.0000 1.0480 174 122 234
-14.0000 10.5000 1.3370 212 87 182
-20.0625 2.5000 0.6130 174 153 153
20.1250 -4.5000 3.2470 209 195 147
-1.3750 22.0000 2.0310 204 143 132
-1.0000 -23.5000 0.0370 170 139 79
6.1250 20.0000 2.2020 222 148 93
2.8125 10.5000 1.7260 226 92 116
8.5625 1.0000 2.2410 183 191 80
-3.0625 17.0000 1.8030 233 113 125
-6.6875 8.5000 1.2740 195 70 212
-13.9375 -19.0000 0.0310 189 149 56
19.3125 -22.5000 2.7330 174 254 115
-0.6875 -13.5000 0.0460 154 103 102
-2.0000 2.0000 1.0470 169 132 210
-15.2500 7.0000 1.1860 182 77 235
21.8750 9.0000 3.7070 127 164 180
10.0625 6.5000 2.6850 185 183 136
17.3750 16.5000 2.3480 205 179 86
-21.4375 -27.5000 0.0420 183 130 33
16.1875 14.0000 2.2210 217 148 62
8.0000 -15.0000 1.0530 173 106 213
-12.7500 20.0000 7.2990 65 148 225
-20.0625 0.5000 0.0340 175 121 113
21.3750 -27.5000 5.0120 99 208 168
9.5625 -18.0000 1.1050 183 96 172
-20.8750 -17.0000 0.0250 188 142 51
23.1250 -7.0000 3.4390 192 164 144
18.0625 1.5000 2.8540 201 179 119
9.6250 -12.5000 1.1190 193 70 160
5.8750 14.0000 4.0370 102 150 228
-23.4375 15.0000 6.0440 53 160 237
11.4375 -16.0000 1.1180 202 61 159
-10.1250 -6.5000 0.0260 186 135 82
14.0625 16.0000 2.2090 228 146 77
-12.8125 2.5000 1.0090 171 157 181
15.7500 -24.5000 1.1010 203 96 171
6.8125 -6.5000 1.1050 182 54 190
-13.1875 -23.0000 0.0390 183 159 32
-26.4375 -3.0000 0.0310 165 118 110
-25.8125 15.0000 1.6760 217 106 116
6.1250 -15.5000 1.0300 176 141 172
5.9375 -8.0000 1.1070 176 65 170
-2.1250 6.0000 1.2240 187 64 213
7.1250 10.5000 2.4730 177 186 110
-10.6250 20.0000 7.3240 55 137 226
-9.6875 18.0000 7.3240 62 136 224
7.8750 16.5000 2.2060 218 164 89
-14.5625 13.5000 1.7230 228 124 109
-26.0000 10.5000 1.2220 179 69 198
15.1250 -18.0000 3.1770 159 208 143
-4.0625 1.5000 1.0330 178 164 187
-10.0625 6.0000 1.1730 180 77 229
-22.6875 2.5000 0.0320 178 88 128
-17.1250 5.0000 1.1160 178 155 207
1.5000 9.0000 1.5400 227 48 139
-18.4375 4.0000 1.0860 170 163 206
-2.3750 16.5000 1.6580 250 55 158
-24.7500 10.5000 1.2240 193 56 210
-18.3750 3.5000 1.0620 162 172 197
-21.1250 14.5000 4.5150 80 182 254
-3.0625 20.5000 3.8230 131 177 254
18.0000 5.0000 2.6690 206 168 107
9.2500 -10.0000 1.1100 193 61 168
21.2500 17.5000 2.7320 167 218 134
8.2500 -2.5000 2.0940 193 194 71
5.1250 7.0000 1.7130 235 94 94
-22.0000 17.0000 4.4690 86 168 254
-7.3750 12.5000 1.6050 237 105 142
-18.8125 15.0000 6.0300 75 134 213
14.8750 -26.5000 1.0530 190 80 199
-10.2500 -6.0000 0.0380 185 144 87
-16.9375 9.0000 1.2100 187 89 197
-5.1875 19.5000 7.3160 57 123 230
20.0000 -19.0000 4.3210 142 188 204
-24.5625 -17.5000 0.0360 181 132 59
-3.3125 6.5000 1.2560 182 64 204
12.2500 -0.5000 3.0710 157 190 139
-22.5625 10.0000 1.2530 204 55 206
-6.5625 19.5000 7.3310 60 134 219
-20.6250 9.5000 1.2330 193 67 200
-24.7500 7.0000 1.1680 175 74 224
-8.8125 1.5000 0.0370 154 110 136
-10.2500 15.0000 5.4770 84 154 244
12.0000 5.5000 2.7200 187 175 130
-11.6875 2.5000 1.0360 175 145 203
-4.0625 19.0000 6.9830 58 129 230
1.8750 20.5000 2.0300 229 124 95
-18.0000 -7.0000 0.0370 162 134 67
-21.0625 0.5000 0.0750 173 128 124
11.1875 5.5000 2.7390 181 183 139
-5.5625 6.5000 1.2230 185 59 230
3.1250 10.5000 1.7340 234 86 105
-26.5000 7.0000 1.1380 174 95 227
-11.6250 17.0000 7.2760 53 124 231
-2.3125 -17.0000 0.0410 174 122 95
2.7500 -9.5000 0.0350 154 106 136
-8.0000 -11.5000 0.0350 181 130 47
0.5000 16.5000 1.8920 244 85 117
-8.3125 6.5000 1.2200 198 68 239
-21.5000 10.0000 1.2530 191 66 202
-22.8750 4.5000 0.0820 167 106 152
-15.7500 -12.0000 0.0390 196 152 32
12.1250 14.5000 2.2720 215 143 93
6.3125 12.5000 4.1600 111 136 216
10.6875 -12.5000 1.1710 205 65 165
8.7500 19.0000 2.0540 247 125 79
13.1875 -25.0000 1.1030 196 70 220
4.8125 16.5000 2.1040 225 152 77
15.5000 -6.5000 3.4900 192 187 141
-21.8125 -10.5000 0.0320 169 137 67
-18.6875 8.0000 1.2000 191 87 206
-24.8750 -9.0000 0.0360 183 123 98
-24.3750 21.5000 7.3320 69 127 214
-11.1875 14.0000 4.4820 95 167 254
-16.4375 19.0000 7.2380 55 128 233
-25.6250 4.0000 1.0490 173 150 207
-2.1250 19.0000 1.9160 240 130 112
-10.0000 8.0000 1.2520 194 69 226
18.3125 -23.0000 2.5860 167 232 91
-11.3750 -24.5000 0.0120 191 120 64
-20.5625 21.0000 7.2680 55 122 230
-5.6875 -8.5000 0.0270 155 134 85
-24.4375 16.0000 2.6430 144 251 193
-14.6250 16.0000 5.4910 64 156 254
11.5000 -11.5000 2.7040 159 212 126
-18.5000 -14.0000 0.0440 176 146 44
-24.4375 -6.0000 0.0410 153 111 89
9.6250 3.0000 2.8040 165 196 146
3.3750 7.0000 1.4820 229 49 151
16.0625 20.5000 2.3100 207 168 87
-24.9375 12.5000 2.6600 139 220 166
9.8125 10.0000 2.5010 191 170 109
0.2500 0.5000 1.0630 167 109 203
19.0625 0.0000 2.9200 203 171 122
-12.1875 -24.5000 0.0340 202 132 53
-25.9375 14.0000 2.4300 155 228 150
-15.7500 -13.5000 0.0400 188 143 31
-11.7500 -28.0000 0.0400 174 128 50
-18.0625 1.5000 0.0330 166 106 140
-14.5000 -24.0000 0.0380 181 140 63
20.6875 -6.5000 3.3680 195 193 162
-18.6250 -23.0000 0.0380 172 157 53
12.0000 -1.0000 4.4850 103 122 183
-19.8125 0.0000 0.0330 163 124 105
-10.9375 -2.0000 0.0300 179 96 115
12.7500 -7.5000 4.8520 107 140 162
14.6250 3.5000 2.6580 217 177 107
-6.6875 -2.0000 0.2530 165 166 100
-25.4375 12.0000 1.5020 204 89 142
7.6250 20.5000 2.0870 236 126 93
-2.7500 -26.5000 0.0270 169 121 58
7.8125 -18.0000 1.0570 165 139 181
5.6875 6.5000 1.9400 209 150 68
6.3125 5.0000 1.8360 218 128 61
10.5625 -16.0000 1.1150 200 58 168
14.6250 -25.0000 1.0760 196 76 213
19.5000 -23.0000 5.7390 85 175 169
3.3125 19.0000 2.0850 238 130 91
16.5000 -18.0000 4.7430 108 148 203
21.0625 6.0000 2.8360 183 188 113
2.0000 -12.5000 0.0360 173 115 91
-22.3750 -23.5000 0.0360 187 136 50
4.0000 6.5000 1.3890 226 43 161
10.0000 15.0000 2.0980 234 140 73
5.6250 -9.0000 1.1210 176 89 195
-24.2500 -0.5000 0.0360 167 87 120
-14.3750 10.5000 1.8920 205 179 105
21.1875 -16.0000 4.0380 164 189 202
-2.0625 5.5000 1.2140 182 55 205
6.8125 20.0000 2.1350 230 134 96
-18.5625 -14.0000 0.0410 176 147 45
-15.1875 10.5000 1.4750 217 95 160
-17.1250 12.0000 2.8060 139 238 193
-6.6875 11.5000 1.5120 228 73 159
16.1250 -24.5000 1.0850 196 112 182
12.7500 2.5000 2.8680 187 172 136
20.8750 -11.5000 3.7330 189 173 164
-16.6875 14.0000 1.7900 221 146 99
-0.1250 -22.5000 0.0400 166 123 75
-5.3750 -10.5000 0.0510 158 138 74
-26.1875 5.0000 1.1220 174 107 209
12.8125 -6.5000 3.1650 167 192 142
-3.9375 -5.5000 0.0330 179 109 90
17.8750 16.0000 2.4030 201 185 93
18.5625 -1.0000 2.9550 195 172 113
8.5625 -25.0000 1.0610 180 192 140
-0.9375 -21.0000 0.0330 160 128 84
-0.1250 -13.5000 0.0410 153 102 99
3.6250 -8.5000 1.0550 168 128 187
-18.1250 -2.5000 0.0400 155 107 139
-8.3750 15.5000 2.8900 146 248 230
6.5625 -14.0000 1.0740 177 91 181
-16.4375 -6.0000 0.0260 173 140 75
-21.1250 5.0000 1.1200 176 139 207
21.0625 -27.0000 5.0780 92 211 177
9.0000 -2.5000 2.0990 189 178 59
-14.0000 11.5000 1.3770 208 93 179
-22.3750 5.0000 1.1100 186 133 190
8.6875 20.5000 2.0330 244 112 90
13.3125 8.0000 2.3950 216 150 69
22.4375 -9.5000 3.6330 194 155 153
17.3125 -25.0000 1.1000 202 113 173
14.1250 -5.5000 3.3950 169 191 158
10.0000 -1.0000 2.2830 206 182 49
-4.6250 -24.5000 0.0320 184 117 75
-2.4375 21.0000 1.8940 228 135 135
12.9375 -23.0000 1.1160 201 77 206
22.6875 -3.0000 3.3150 189 164 149
22.2500 13.0000 1.7400 254 82 14
13.9375 -20.0000 2.6490 170 215 134
-18.5625 21.0000 7.6040 63 130 220
7.6250 0.0000 1.8260 217 136 67
-12.7500 6.5000 1.1660 178 62 227
-22.0000 -6.0000 0.0360 180 126 72
-3.8125 5.5000 3.3080 115 222 254
-21.6250 7.5000 1.1810 196 62 234
2.7500 -6.5000 1.0610 172 143 181
9.6250 -22.5000 1.1060 191 115 153
-25.8125 14.5000 1.8490 217 151 92
-4.0625 -10.0000 0.0450 161 128 68
-23.1250 -8.5000 0.0340 191 128 83
-6.8750 -2.0000 0.5890 175 201 87
19.3750 -0.5000 2.9520 200 177 127
-18.6250 -6.5000 0.0410 173 139 63
-23.0000 6.0000 1.1550 178 122 206
15.6875 -24.0000 1.1110 202 96 171
-6.4375 6.5000 1.1860 189 67 246
-6.7500 0.5000 0.0560 157 101 127
0.6875 -23.0000 0.0310 166 142 91
-7.2500 8.5000 1.2860 200 68 210
-8.2500 -27.0000 0.0340 183 135 58
17.6875 -26.0000 1.0650 198 116 169
2.6250 3.5000 1.1600 180 48 213
-24.8125 7.0000 1.1460 173 73 227
16.6875 -3.0000 3.0660 192 187 132
8.7500 -16.0000 1.1220 182 99 200
3.3125 4.0000 1.1720 185 44 206
16.0000 21.5000 2.3000 202 158 89
1.0625 5.5000 1.2230 191 52 212
18.7500 12.0000 4.8060 114 100 193
2.5000 21.5000 2.0770 220 122 99
21.5000 18.0000 1.3950 228 59 93
10.7500 16.0000 2.1500 231 145 75
20.8125 1.5000 2.8870 202 180 109
-15.5000 20.0000 7.2700 73 137 209
22.6875 -8.0000 3.5130 197 160 151
-16.3125 -0.5000 0.0350 161 115 114
3.3750 -12.5000 0.0350 182 100 93
-26.0625 10.0000 1.2350 183 74 224
4.5625 -5.5000 1.0820 179 68 216
-3.4375 17.0000 1.7980 232 114 125
22.8750 -24.5000 4.6650 123 186 183
15.1250 13.5000 2.2540 223 143 83
-11.6875 4.5000 1.1130 171 98 224
-13.2500 20.5000 7.2670 65 132 223
22.1250 -7.0000 3.4320 190 182 154
14.7500 12.5000 2.3450 215 154 95
-25.6875 -1.5000 0.0310 168 95 121
-20.1250 -22.0000 0.0360 188 137 29
-17.0000 7.0000 4.8830 68 158 254
-2.8125 18.0000 1.8750 238 116 128
18.5000 -22.5000 2.5750 177 234 83
3.3750 -25.5000 0.0320 172 131 90
7.5000 -12.0000 1.0580 181 64 195
-13.0625 -16.0000 0.0360 191 149 46
23.0625 -28.0000 4.8590 118 195 137
11.8125 -4.0000 4.9910 84 126 179
-4.0000 5.0000 1.1500 191 76 229
-10.8125 -14.5000 0.0300 189 152 51
22.6875 -21.0000 4.4630 143 170 191
9.1875 -20.0000 1.0730 172 109 168
12.0625 -13.5000 2.8820 144 225 164
-6.8125 11.0000 1.4800 215 84 166
23.2500 -11.5000 3.8110 181 157 154
1.3750 13.5000 1.8060 241 92 108
-22.5000 17.0000 4.4790 93 168 254
-16.5000 2.0000 0.0320 167 94 137
-8.8125 17.5000 7.3260 59 140 226
-24.9375 18.0000 7.3310 59 137 219
-12.8125 11.0000 1.3710 206 96 173
20.1250 15.5000 3.5290 119 202 205
-25.3125 6.0000 1.1090 178 98 218
21.7500 -7.0000 3.4110 191 188 159
-6.0625 20.5000 7.3310 63 143 229
16.3750 3.0000 2.7030 202 168 103
10.5000 -7.0000 2.7590 155 212 145
19.0000 -17.0000 4.2870 150 184 205
-22.5625 14.5000 4.5460 83 163 248
-16.3125 -12.5000 0.0410 185 144 34
3.3750 6.5000 1.4210 217 45 167
-22.0625 17.5000 7.5550 53 117 216
21.0625 7.0000 2.8560 175 201 124
-2.0000 9.5000 1.4570 239 49 189
9.1875 -10.5000 1.1190 194 61 167
4.1875 -6.0000 1.0750 179 100 204
-16.3750 21.0000 7.2850 78 133 210
6.4375 -1.5000 1.1310 189 39 178
-25.5625 -6.5000 0.0390 151 114 94
17.5625 -7.0000 3.3290 207 211 152
7.0625 7.5000 2.4660 180 190 110
7.0000 -13.0000 1.0510 181 66 201
15.1250 15.0000 2.2170 224 133 78
8.4375 -10.5000 1.1060 195 57 175
-18.6875 9.5000 1.1950 183 78 209
-12.1250 -21.0000 0.0330 186 169 58
-24.8750 -11.0000 0.0440 181 145 74
-20.7500 -21.5000 0.0420 186 144 32
-12.8750 21.5000 7.3150 71 144 221
-4.3750 21.0000 7.3190 65 114 223
-25.2500 -12.5000 0.0310 187 140 66
5.2500 -11.5000 1.0610 174 135 189
4.6875 5.0000 1.2920 207 47 174
-20.6875 -21.0000 0.0320 184 142 31
-12.9375 9.5000 2.1830 172 219 116
-20.1875 16.5000 7.6500 47 121 221
20.5000 -0.5000 3.0030 199 183 137
6.1875 -1.0000 1.1280 197 51 180
-21.5625 17.5000 7.2730 50 135 226
-16.0625 13.5000 1.6880 222 129 107
12.4375 -10.0000 3.5280 123 197 193
-1.1250 -8.5000 0.0360 145 132 76
19.4375 21.0000 2.8590 145 218 160
-18.7500 -19.0000 0.0400 200 143 35
23.0625 12.0000 2.6010 184 175 80
21.3750 13.5000 3.5550 124 185 194
7.5000 -6.0000 1.1240 186 50 174
-21.2500 14.5000 1.7030 224 137 119
4.2500 -26.0000 0.0260 175 123 87
-17.5625 -23.0000 0.0300 186 153 45
14.9375 6.5000 2.5530 206 158 82
-8.5625 1.5000 0.0420 155 107 137
14.2500 4.5000 2.5580 226 171 94
-13.1250 18.0000 7.2680 66 115 220
12.6250 -16.0000 2.8060 162 223 131
-25.0000 4.0000 1.0690 178 134 198
-1.3750 -15.0000 0.0400 170 114 100
-5.8125 16.5000 4.5320 96 156 254
23.0625 10.0000 3.5400 138 158 157
-5.1875 -12.5000 0.0330 168 144 72
-3.8125 -9.0000 0.0390 173 144 79
1.1875 20.5000 2.0130 229 121 96
-24.8125 7.5000 1.1570 173 74 229
-2.2500 21.0000 1.9460 223 144 132
-10.6250 -11.0000 0.0470 165 143 57
-7.9375 7.0000 1.2050 199 67 243
-10.1875 -3.0000 0.0470 171 116 118
-11.1250 4.5000 1.1340 174 97 221
-25.0625 11.0000 2.1020 175 199 102
11.3750 -0.5000 3.6250 119 173 192
19.0000 -21.0000 5.6380 84 157 169
-18.4375 15.0000 4.8970 78 156 254
-0.9375 -27.0000 0.0380 175 127 57
-15.5625 6.0000 1.1510 175 102 210
0.2500 -0.5000 0.9170 156 122 199
11.3125 2.0000 2.9030 170 204 142
-0.8125 -25.0000 0.0340 178 122 66
9.6250 20.0000 2.1050 243 136 90
-9.2500 11.0000 1.4520 215 93 164
-11.3125 18.5000 7.2480 56 138 229
-14.1250 18.5000 7.2700 61 139 229
13.9375 -12.0000 3.2710 169 232 158
-4.8125 18.0000 4.3750 114 158 254
-23.5625 -15.5000 0.0370 179 137 42
0.3750 -6.5000 0.0380 163 138 87
6.6250 18.5000 2.1770 227 141 94
-26.3750 -13.5000 0.0360 180 139 69
-17.0625 6.0000 1.1750 182 90 218
-23.3750 2.0000 0.0310 164 94 121
14.8125 -22.5000 1.1410 204 84 178
-16.3750 -7.5000 0.0250 165 121 62
-13.5000 -12.0000 0.0300 188 152 55
-9.1250 18.5000 7.2860 60 130 231
3.7500 -13.5000 0.0380 167 104 119
-20.7500 -1.5000 0.2470 170 135 109
-19.1875 7.0000 1.1710 200 67 218
1.0000 -14.5000 0.0370 160 110 88
-10.8750 15.0000 1.7360 235 133 121
-19.5000 11.0000 3.7960 92 210 248
11.0000 -12.5000 2.7650 151 223 162
9.0000 9.0000 2.5580 180 170 115
-15.8125 -21.5000 0.0400 188 172 55
-19.0000 -14.5000 0.0350 182 157 48
-0.2500 9.0000 1.4850 224 49 170
-0.6250 -23.0000 0.0350 168 124 74
13.7500 0.0000 3.0330 180 188 130
-10.8750 16.0000 7.3130 50 130 230
18.0000 -17.5000 4.2800 134 174 192
19.6250 -3.0000 3.1110 200 186 130
11.5625 -3.5000 5.3680 84 119 175
16.8125 -7.5000 3.4770 196 202 168
-12.1875 -9.5000 0.0410 182 158 59
-7.4375 -13.5000 0.0440 163 131 45
17.8125 4.0000 2.7310 199 179 118
-23.6875 14.5000 3.0240 124 252 203
-13.9375 10.0000 1.4280 221 91 160
-14.6875 -19.0000 0.0310 186 152 58
-14.5000 10.0000 1.8180 213 163 107
13.4375 0.0000 2.9810 183 186 122
-7.7500 19.5000 7.3030 56 138 227
-10.8125 -26.5000 0.0330 197 125 57
-7.3125 -21.0000 0.0420 170 146 62
-24.1250 -18.0000 0.0360 184 129 55
20.5000 -13.0000 3.8590 184 180 187
-2.6875 -10.0000 0.0370 170 134 107
-6.5625 10.0000 1.3480 199 75 187
-15.8125 2.5000 0.0580 172 86 146
-13.5000 9.0000 1.2890 205 78 212
20.2500 -25.0000 5.9090 71 193 178
-9.8125 20.0000 7.3700 58 136 219
-16.6250 -8.5000 0.0350 167 122 56
-11.3125 21.0000 7.2760 63 133 222
-12.6875 5.0000 1.1360 175 82 216
20.1875 -23.5000 4.8340 94 206 204
4.7500 -13.5000 4.0680 95 208 235
17.6875 -8.5000 3.3870 202 205 153
-3.1250 18.5000 1.8770 230 126 117
20.5000 11.0000 3.2910 137 192 187
-25.8125 21.0000 7.3310 77 124 215
-7.4375 12.5000 1.9750 192 189 91
-2.3750 21.5000 7.4920 80 109 214
-20.3750 14.5000 4.4890 81 172 253
-16.0000 12.5000 1.7250 218 137 98
-7.7500 1.5000 0.0960 156 100 144
17.6250 3.5000 2.7430 198 179 118
19.5625 -12.5000 3.7660 187 178 186
-4.3125 12.5000 1.4740 234 58 176
9.3125 12.0000 2.4240 189 164 95
-0.8750 3.5000 1.1510 182 52 200
7.1875 -4.5000 1.1430 195 46 172
-15.3750 -8.5000 0.0400 164 129 78
10.4375 17.0000 2.1140 230 136 79
17.3125 -23.5000 2.3300 194 221 46
-7.1250 18.5000 7.2940 58 139 223
13.6250 21.0000 2.1170 228 128 88
-8.4375 -21.0000 0.0330 169 156 65
19.7500 -11.5000 3.7150 187 169 170
-22.5000 -26.0000 0.0400 187 110 47
23.3750 -2.5000 3.3980 187 158 148
14.4375 -20.5000 2.5800 176 207 118
-12.1875 -26.0000 0.0280 177 124 59
-18.5000 13.0000 2.7180 143 238 182
17.6250 12.5000 2.3810 209 165 70
0.5625 7.0000 1.3810 215 39 173
-25.1875 6.5000 1.1200 177 95 221
4.3125 -12.5000 1.0150 176 132 183
-14.1875 18.5000 7.2650 61 139 229
-10.8125 19.5000 7.3020 54 138 228
-23.3750 8.5000 1.1670 173 75 231
-6.7500 19.0000 7.3130 58 137 221
-13.5000 18.0000 7.2870 66 115 222
-9.8125 -12.0000 0.0350 168 147 53
-13.9375 -20.5000 0.0360 188 152 53
5.8125 -15.5000 1.0350 175 165 163
1.9375 4.0000 1.1260 181 44 224
-19.6875 -3.5000 0.0470 171 101 100
2.6250 1.0000 1.1290 187 80 207
-5.6875 19.0000 7.3070 59 126 229
-0.3750 18.0000 1.8450 247 87 121
13.8750 16.0000 2.2210 226 147 80
8.6875 -2.5000 2.2970 173 206 92
19.0000 2.0000 2.8420 199 180 110
5.5625 4.5000 1.4640 216 75 126
1.1875 -25.5000 0.0390 175 144 98
-2.5000 -18.0000 0.0380 172 113 102
-11.3125 22.0000 7.3310 73 138 214
-1.8750 -1.0000 0.0380 147 107 118
14.5000 3.0000 2.6500 221 170 87
8.8750 -13.0000 1.1150 189 64 187
16.5000 0.0000 2.9030 200 173 114
7.0625 6.5000 2.4520 184 189 104
5.2500 9.0000 1.8180 226 105 83
-8.2500 -27.0000 0.0370 183 135 58
-23.0000 7.0000 1.1520 177 75 225
0.5000 2.5000 1.1610 182 83 200
22.2500 -9.5000 3.6390 193 156 156
11.8125 14.0000 2.2310 221 153 80
17.6875 -12.0000 3.9330 157 181 182
19.7500 -1.0000 3.0390 195 188 148
-14.5000 6.0000 1.1650 186 91 226
-20.8750 -2.5000 0.3360 174 156 101
12.7500 -22.0000 1.1480 200 80 184
11.0625 14.0000 2.1950 223 152 75
-17.1250 -1.0000 0.0270 163 111 119
11.1250 5.0000 2.7460 181 190 139
6.8125 21.0000 2.1990 219 139 102
-20.8125 -10.0000 0.0350 177 135 66
8.5625 -5.5000 1.2360 200 61 146
-12.1250 -14.5000 0.0300 187 150 59
22.5625 0.0000 3.2090 187 159 140
9.8125 -7.0000 3.8850 114 164 211
8.9375 -8.0000 1.1230 192 56 156
-6.8125 -25.5000 0.0280 190 120 58
0.0000 -24.5000 0.0290 174 148 72
22.8750 -9.0000 3.5610 200 158 151
-1.6250 20.0000 1.9460 234 139 111
7.3750 20.0000 2.1380 232 139 92
7.2500 4.5000 2.1440 199 177 66
-2.6875 18.0000 1.8230 245 103 126
21.9375 11.5000 3.5950 130 170 177
13.1875 -25.5000 1.1040 195 70 218
-7.4375 8.5000 1.2480 197 75 233
15.9375 2.0000 2.7990 200 173 117
22.5625 -26.0000 4.7580 104 210 174
-5.0000 -23.5000 0.0420 181 129 70
5.3750 -18.5000 0.0330 157 124 94
1.0000 0.5000 1.0740 175 92 210
21.8125 10.5000 3.4570 134 175 179
4.8125 -12.5000 1.0430 180 129 182
-11.7500 -10.0000 0.0360 160 157 64
20.6250 -17.5000 4.0670 159 192 196
-12.8750 12.5000 1.6800 222 124 108
-9.1250 -12.5000 0.0350 172 147 50
-18.7500 15.0000 5.2810 80 127 241
-18.5000 -8.0000 0.0510 177 132 54
7.1250 18.5000 2.1470 234 142 86
-22.6875 16.0000 4.4580 89 175 254
-13.5000 -13.5000 0.0300 200 148 58
0.5625 -0.5000 1.0760 164 120 209
13.1875 -10.0000 3.9230 140 182 184
-15.5000 16.5000 7.3460 62 130 215
8.0625 12.0000 3.8220 124 151 202
-17.6250 22.0000 7.3060 73 126 216
-21.1250 9.5000 1.2370 190 65 202
10.3750 -20.0000 1.1200 197 75 175
8.0625 14.0000 2.3330 197 183 95
6.8750 10.0000 2.3380 188 176 90
0.5000 19.5000 1.9530 242 107 92
16.0625 -14.0000 4.6510 105 120 181
12.2500 -9.0000 3.9880 127 151 198
-9.5000 9.0000 1.3370 209 65 187
14.8125 -15.5000 3.7290 132 189 179
-24.4375 -7.0000 0.0300 183 129 99
3.3750 7.0000 1.4330 226 45 160
22.3125 13.0000 3.5490 126 175 176
-8.8750 18.0000 7.2870 59 140 228
-6.5625 10.0000 1.3600 200 76 185
-20.1250 -8.0000 0.0400 192 131 57
-19.8750 -17.5000 0.0390 192 176 44
-16.9375 3.0000 1.0800 152 214 182
19.8125 -16.5000 4.0220 161 194 206
-25.8125 -22.5000 0.0330 179 143 62
20.0000 8.5000 2.7080 182 185 101
-9.1250 3.0000 1.0520 170 122 236
-18.8750 -19.5000 0.0360 188 138 29
6.3125 19.0000 2.1770 225 140 97
-2.9375 14.5000 1.6050 233 64 175
-19.7500 -26.0000 0.0380 199 131 26
-3.3125 -8.0000 0.0430 170 135 95
2.4375 7.5000 1.4010 217 50 167
12.5625 -19.0000 1.1410 208 70 146
-23.5000 19.5000 7.2530 52 139 222
-15.7500 -11.5000 0.0410 193 153 35
16.1875 19.5000 2.2950 207 169 82
17.2500 18.0000 2.3870 200 182 91
-6.5625 -17.5000 0.0430 165 151 55
10.9375 -9.5000 2.7890 153 215 144
1.3750 -15.0000 0.0350 162 105 85
18.7500 -26.0000 1.0460 182 160 141
-2.0000 11.0000 1.5320 236 61 180
-12.6250 10.0000 2.0840 180 207 107
9.4375 -6.0000 2.5850 147 196 131
5.9375 -14.0000 1.0460 176 98 183
16.8750 -15.5000 3.9400 148 192 183
-2.6875 -7.5000 0.0290 142 139 86
4.3750 7.0000 1.4840 236 50 142
3.0000 1.5000 1.1530 189 78 205
16.6250 6.5000 2.5920 214 166 113
-25.0625 -8.0000 0.0300 182 119 105
-16.0000 -4.0000 0.0470 179 121 91
17.5000 17.0000 2.3780 200 179 93
15.5000 16.5000 2.1800 233 148 68
6.6250 -20.0000 0.9880 157 170 167
15.2500 -18.0000 3.1350 162 209 139
23.2500 15.0000 1.3350 218 56 84
-5.0000 4.5000 1.1280 190 72 236
-3.3750 -17.0000 0.0370 156 135 87
-8.2500 12.0000 1.6310 228 127 140
-6.6875 16.5000 7.3260 61 124 214
-22.2500 21.0000 7.2980 61 149 214
-7.6250 15.5000 3.0290 138 250 240
-16.6875 14.0000 5.3510 66 161 248
-18.3750 -6.5000 0.0360 173 138 61
1.5625 -9.0000 0.0340 168 107 102
23.0000 -7.5000 3.4550 198 156 141
-22.1875 8.0000 1.1960 176 79 221
19.5625 6.0000 2.5890 197 172 90
-16.3750 15.5000 4.4850 92 167 254
6.1250 20.5000 2.1980 219 142 98
-3.6875 18.5000 1.7710 246 119 121
3.1250 18.5000 2.0390 232 116 90
19.5000 0.0000 2.9430 202 176 125
-25.7500 -2.5000 0.0360 166 113 111
-17.4375 -25.0000 0.0360 180 149 51
-21.1250 -8.5000 0.0380 182 130 61
-4.5625 9.0000 1.3180 212 44 197
-5.4375 12.5000 1.4760 231 59 176
17.4375 -24.5000 1.0860 201 113 175
12.0000 -13.5000 2.8750 145 225 163
7.8750 12.0000 3.0420 148 192 184
18.0625 -14.0000 4.0180 147 181 173
10.5625 -7.5000 2.3690 180 195 78
-18.6875 -18.5000 0.0320 199 173 48
-21.5000 -8.0000 0.0430 190 141 61
0.8125 2.5000 1.1110 181 82 200
13.5000 14.0000 2.2750 218 146 94
-20.3125 14.5000 1.7700 217 143 95
0.3125 5.5000 1.2320 189 54 214
1.9375 -13.0000 0.0330 178 110 87
-12.3125 -22.0000 0.0300 175 153 61
21.2500 -17.0000 4.1370 156 189 194
-5.9375 14.0000 1.6480 226 113 135
7.8750 -6.5000 1.1310 190 50 172
-23.8125 12.0000 3.5340 107 219 228
-5.6875 3.0000 1.0900 185 122 214
-14.9375 14.0000 1.7240 224 122 115
5.1875 -10.0000 1.0750 175 131 199
21.3750 7.0000 2.8340 177 197 116
9.4375 21.5000 2.0840 236 120 100
20.4375 -16.0000 3.9540 168 195 209
0.8750 -3.0000 1.1420 165 145 175
-14.5000 18.0000 7.2890 65 137 224
19.6875 -22.0000 5.6550 86 173 176
22.3125 -13.5000 3.9430 185 163 164
22.3750 14.0000 3.4020 132 185 174
22.0000 -5.0000 3.2420 205 167 133
11.3125 15.0000 2.1980 225 145 80
19.9375 11.0000 2.5980 188 193 96
20.1250 -6.5000 3.3760 195 192 164
-5.0000 -17.5000 0.0510 163 153 69
-10.8750 -13.5000 0.0390 189 153 56
10.0000 -20.0000 1.1000 192 75 176
-6.4375 -19.0000 0.0410 181 141 42
10.3750 -1.0000 4.4340 100 128 200
-13.6875 -3.5000 0.0510 156 128 98
-25.1875 -20.5000 0.0350 189 133 71
-5.3125 13.5000 1.5600 233 74 159
-10.0000 -18.5000 0.0410 168 143 41
-2.1875 15.5000 1.6640 251 55 154
16.9375 -5.5000 3.1780 197 189 134
-22.1250 8.0000 1.1890 176 78 222
15.0625 -17.5000 3.4710 143 197 169
-7.3125 5.0000 1.1150 185 73 250
-18.1875 -18.5000 0.0340 186 162 46
9.3750 -8.0000 2.4570 155 191 110
-16.1875 -20.0000 0.0330 193 140 33
14.1875 -18.0000 3.0180 143 217 178
17.0625 -16.5000 3.7400 164 206 174
23.3750 14.5000 1.3250 218 57 84
0.5000 21.0000 1.9620 231 119 110
-21.3750 16.0000 5.1940 71 152 254
-11.8125 -24.5000 0.0340 190 127 66
0.4375 -21.0000 0.0510 159 119 98
14.7500 19.0000 2.0830 243 132 65
-16.0000 18.0000 7.2680 67 122 220
12.4375 -5.5000 3.0110 179 190 122
16.6875 12.0000 2.3410 215 151 70
19.0625 -27.5000 0.0470 174 113 142
-13.1250 7.0000 1.1770 184 76 227
-14.8750 -17.5000 0.0420 179 141 58
-18.3125 18.5000 7.3930 59 128 237
-10.8125 -23.5000 0.0370 182 136 55
-25.7500 20.0000 7.4330 69 126 219
-9.6250 3.5000 1.0910 168 85 227
21.8750 9.0000 3.7060 127 164 180
22.5000 16.0000 2.6270 177 200 99
-13.4375 -6.5000 0.0320 177 121 95
-7.8750 1.0000 0.0350 158 104 131
-0.1250 -21.0000 0.0400 170 131 89
5.1875 20.5000 2.2610 209 147 109
17.4375 -3.5000 3.1270 198 190 132
22.3750 6.5000 3.6470 134 143 171
8.0000 -6.0000 1.1270 187 53 170
21.4375 -24.5000 4.8970 94 209 201
-23.5625 12.0000 2.8860 129 244 182
-16.7500 -15.5000 0.0350 176 152 52
-23.6250 6.5000 1.0680 170 71 231
17.6250 7.0000 2.5540 215 163 104
-14.4375 -2.0000 0.0730 179 130 121
-10.5625 7.5000 1.2290 193 65 233
18.8750 11.0000 2.5800 196 184 101
-14.3125 10.0000 1.5180 224 99 146
-1.4375 -1.0000 0.0450 147 104 118
13.0000 19.5000 2.0560 243 123 76
21.7500 4.0000 2.9940 178 185 147
10.0625 -5.5000 3.7690 117 172 217
-15.8125 -16.5000 0.0380 177 146 43
10.5625 -11.5000 2.7170 157 211 137
5.7500 -22.5000 0.0340 163 93 114
-6.1875 20.5000 7.3340 63 144 230
-9.3125 -10.5000 0.0450 162 137 50
5.9375 -19.0000 0.0400 158 122 93
10.8750 20.0000 2.1150 237 135 85
16.7500 1.0000 2.8370 203 180 120
17.4375 -18.5000 4.5080 111 164 206
16.9375 -9.0000 3.6520 182 207 174
-5.9375 -26.0000 0.0350 177 131 62
8.8750 5.5000 2.6270 178 187 118
-0.2500 2.0000 1.0980 174 130 195
-5.3750 8.5000 1.3290 200 72 202
9.3125 -27.5000 0.0450 161 83 120
18.1250 -24.5000 0.9740 194 113 172
-14.6875 -10.0000 0.0300 178 138 70
18.3125 -26.5000 1.0340 180 159 144
-24.2500 5.0000 1.0840 184 129 202
-24.5625 15.5000 1.7380 230 111 101
-21.9375 8.0000 1.1970 192 66 219
-22.0625 12.0000 3.5460 96 223 231
-10.0625 -14.5000 0.0380 180 135 45
19.0625 12.0000 4.6740 107 122 199
13.2500 8.0000 2.4280 212 152 75
-22.8125 -23.5000 0.0330 188 137 52
-19.3750 -7.0000 0.0480 188 127 61
-16.0625 10.5000 1.3970 207 99 166
-6.6250 -21.5000 0.0330 171 140 56
15.5000 -22.0000 2.5780 164 216 116
18.3750 -0.5000 2.8970 203 167 116
16.6250 14.0000 2.2740 213 156 66
-18.0625 -1.0000 0.0370 159 119 125
-9.1875 3.5000 1.0240 166 80 229
-26.1875 7.5000 1.1910 181 73 219
-5.0000 12.5000 1.4130 229 52 188
0.1250 -4.5000 0.0350 150 119 122
6.8125 19.0000 2.1350 233 138 89
-13.7500 -6.0000 0.0220 174 127 97
-8.8125 3.0000 1.0390 171 121 236
-4.6875 4.5000 1.1180 191 72 236
-19.8125 -2.5000 0.0490 163 97 99
16.6875 19.5000 2.3240 203 176 84
17.1875 3.0000 2.7390 199 175 109
-5.3750 20.5000 7.3060 64 118 228
15.5625 -25.0000 1.0970 193 86 198
6.8125 15.5000 2.2500 208 167 93
-18.6875 4.5000 1.0950 170 161 208
-3.8125 14.0000 1.5670 231 74 159
-19.1875 17.0000 7.3450 54 125 220
-6.3125 16.0000 7.4580 61 122 208
-18.0000 -6.5000 0.0290 160 136 69
11.3125 -27.5000 1.0550 166 92 181
3.3750 21.5000 2.1120 219 129 102
-14.6250 10.5000 1.4950 222 97 153
-18.8750 -4.0000 0.0400 190 111 106
5.7500 -26.5000 0.0400 159 82 96
12.7500 13.5000 2.2710 217 143 98
-8.1250 -22.5000 0.0310 175 151 65
-5.1250 -0.5000 0.0360 148 125 118
5.9375 -20.0000 0.0420 158 131 93
-12.3125 -4.0000 0.0360 165 124 88
21.1875 7.5000 2.7990 178 197 111
-1.8750 7.0000 1.3240 199 57 200
-13.5625 9.5000 1.3770 215 89 166
9.8750 8.5000 2.5480 189 180 121
15.5625 -7.0000 3.4880 193 192 141
13.8125 10.0000 2.3990 216 160 88
16.8125 -7.5000 3.4000 202 209 160
22.1875 16.0000 2.7500 170 210 121
-18.6875 -12.5000 0.0340 189 162 41
-0.3125 -0.5000 0.0340 161 100 134
-15.1250 -22.5000 0.0380 179 173 47
22.1875 -16.0000 4.1070 162 177 187
-0.3750 4.0000 1.1440 180 51 202
13.6875 12.5000 2.3370 215 154 98
23.0625 -3.0000 3.3990 186 159 151
12.1250 21.0000 2.1300 227 125 85
6.2500 -13.0000 1.0640 182 124 176
-23.3125 15.0000 5.9080 55 160 240
13.0000 -7.0000 3.0870 196 188 127
13.6875 -12.5000 3.7540 139 194 187
23.1250 4.0000 3.0000 181 162 120
-16.1875 18.5000 7.2590 57 128 230
-24.6875 12.0000 2.2720 163 219 118
4.8750 1.5000 1.1460 191 38 203
13.8750 8.0000 2.4710 209 159 78
-16.5625 -26.0000 0.0400 181 143 47
3.5625 -11.0000 1.0350 165 149 196
9.8125 -24.0000 1.0640 192 102 191
2.5000 -5.5000 1.0540 167 143 193
11.3125 -2.0000 4.7420 96 118 183
8.7500 -22.0000 1.0920 173 172 163
14.6875 18.0000 2.1530 235 140 72
-1.7500 -12.0000 0.0390 151 111 112
12.1875 18.5000 2.1670 232 143 83
-18.4375 -27.0000 0.0380 177 128 29
-24.7500 -0.5000 0.0330 162 71 129
-8.0000 -3.0000 0.0360 151 126 123
-16.4375 9.5000 1.4500 214 101 155
-13.5000 -18.0000 0.0350 185 148 51
-20.1250 15.5000 5.4570 64 153 248
-8.6250 15.5000 2.8880 146 246 230
-19.6875 19.5000 7.5010 47 124 234
-22.4375 10.5000 1.7880 203 151 84
-5.2500 3.0000 1.0760 186 122 211
-6.9375 15.0000 3.8370 113 187 254
6.3125 -13.5000 1.0750 178 89 187
12.2500 -16.0000 2.6900 147 222 143
-25.3125 18.5000 7.2970 65 133 221
-23.0625 11.5000 2.1590 166 209 95
-23.9375 0.0000 0.0320 162 66 127
-18.0000 16.0000 4.5200 91 166 254
-24.1250 8.0000 1.1820 177 74 228
17.8125 10.5000 2.3840 212 152 63
21.6875 -12.5000 3.8690 188 174 177
-21.5000 15.0000 5.2090 64 156 253
-7.9375 3.5000 1.1150 182 73 247
-24.0000 17.5000 7.5750 50 137 217
-1.0625 19.5000 1.8190 254 94 113
-23.9375 5.5000 1.0820 180 97 210
-10.3125 -23.0000 0.0330 183 133 54
12.6250 -18.5000 2.5650 158 217 133
17.8750 -9.0000 3.4550 195 205 157
20.6250 15.0000 3.4990 121 199 196
-24.7500 16.0000 2.6670 142 247 196
4.8125 -7.5000 1.0910 176 86 199
-15.8750 17.5000 7.2970 66 120 214
21.8750 3.0000 3.0410 178 176 141
-16.6875 6.5000 1.1670 182 90 222
11.0625 -7.5000 2.5950 165 209 117
13.7500 2.0000 2.7270 206 177 98
-9.8125 15.5000 4.9920 82 171 253
-6.8750 -4.5000 0.3430 175 186 107
-17.2500 -1.0000 0.0290 163 111 119
22.0625 -1.0000 3.1010 194 177 138
11.6250 10.0000 2.2950 210 161 68
-25.9375 -20.0000 0.0240 187 133 75
13.3750 5.5000 2.4900 222 162 87
-14.8750 19.0000 7.2760 63 138 229
9.1875 6.0000 2.6660 176 184 122
5.1875 -6.5000 1.1180 176 83 201
13.5625 3.0000 2.6300 209 170 102
-1.8125 19.5000 1.9200 240 131 111
21.4375 9.0000 3.7380 125 165 186
-12.9375 16.5000 7.2460 55 122 219
8.5625 4.5000 2.4960 177 200 108
17.6875 10.5000 2.3680 213 151 60
9.8750 4.5000 2.6260 183 182 116
-5.7500 4.5000 1.1240 184 74 238
21.9375 -20.5000 4.4240 143 172 195
4.8125 8.5000 2.1000 186 174 90
18.3750 -21.5000 3.1420 155 243 153
-16.0000 12.5000 1.8470 212 157 87
3.5625 19.5000 2.0710 238 129 90
-20.0000 12.0000 4.2450 81 182 234
-15.8125 -20.0000 0.0350 176 154 51
2.4375 8.5000 1.5650 224 71 143
0.6250 -11.0000 0.0360 173 120 93
9.7500 -8.5000 2.3900 170 194 93
9.7500 11.0000 2.4440 190 163 100
-9.1250 16.5000 7.3300 56 146 228
13.3750 -5.5000 3.2570 176 193 148
2.7500 14.5000 1.9110 230 102 97
13.5625 21.5000 2.0980 226 118 89
6.3125 -20.0000 0.0410 158 127 94
-0.1250 1.0000 1.0460 170 131 192
-21.1250 6.0000 1.1230 180 132 213
16.3750 8.0000 2.4760 216 149 91
-20.8750 7.5000 1.1570 200 59 235
-5.1875 -0.5000 0.0420 148 126 118
3.5000 -19.5000 0.0360 155 135 89
4.7500 1.5000 1.1480 191 38 203
20.0625 20.5000 1.4200 222 78 107
5.8125 -13.5000 1.0320 183 125 177
-8.0000 -17.5000 0.0270 175 139 54
6.1875 -9.5000 1.0890 189 81 184
10.6875 8.5000 2.5510 192 176 122
-1.0625 15.5000 1.7110 253 64 147
-15.8750 10.0000 1.4140 207 101 161
16.0000 20.5000 2.2850 209 165 83
-5.1250 -2.0000 0.0390 152 129 112
18.0000 -8.5000 3.4140 198 204 155
-24.5625 16.5000 2.5290 150 242 182
